Algorithm,Best Fitness,Best Found At Evaluation,Best Solution ID,Candidate Type,Crossover Hamming Parent 1,Crossover Hamming Parent 2,Dataset,Evaluation,Experiment Name,Final Percentage,Fitness,Generation,Improved Best,Initial Percentage,Model,Mutation Applied,Mutation Hamming Distance,Mutation Swaps,Offspring Number,Parent 1 Fitness,Parent 1 ID,Parent 1 Index,Parent 2 Fitness,Parent 2 ID,Parent 2 Index,Parent Hamming Distance,Population Slot,Requested Keep Percentage,Run ID,Search Seed,Selected Instances,Solution ID,Split Seed,Target Metric,Training Seed,accuracy,best_epoch,best_validation_loss,candidate_duration_seconds,epochs_trained,evaluation_loss,evaluation_split,f1,precision,recall,training_seed
GEN,0.4481,1,1,initial,,,TINYIMAGENET,1,main_b1000_tinyimagenet_alexnet_GEN_kp75_seed456,0.75,0.4481,0,True,0.75,alexnet,False,0,0,,,,,,,,,1,0.75,TINYIMAGENET_alexnet_GEN_accuracy_kp7500_seed456,456,60000,1,42,accuracy,100456,0.4481,1,2.891966571187973,42.46812552958727,10,2.891966571187973,valid,0.44658723022268615,0.5067036738090632,0.4481,100456
GEN,0.4481,1,1,initial,,,TINYIMAGENET,2,main_b1000_tinyimagenet_alexnet_GEN_kp75_seed456,0.75,0.4413,0,False,0.75,alexnet,False,0,0,,,,,,,,,2,0.75,TINYIMAGENET_alexnet_GEN_accuracy_kp7500_seed456,456,60000,2,42,accuracy,100456,0.4413,1,2.9114024291038514,41.47396521270275,10,2.9114024291038514,valid,0.4402500480735445,0.5061266148814607,0.4413,100456
GEN,0.45295,3,3,initial,,,TINYIMAGENET,3,main_b1000_tinyimagenet_alexnet_GEN_kp75_seed456,0.75,0.45295,0,True,0.75,alexnet,False,0,0,,,,,,,,,3,0.75,TINYIMAGENET_alexnet_GEN_accuracy_kp7500_seed456,456,60000,3,42,accuracy,100456,0.45295,1,2.8612814266204833,41.406389623880386,10,2.8612814266204833,valid,0.45336030017366014,0.5140559528472538,0.45295,100456
GEN,0.45295,3,3,initial,,,TINYIMAGENET,4,main_b1000_tinyimagenet_alexnet_GEN_kp75_seed456,0.75,0.44855,0,False,0.75,alexnet,False,0,0,,,,,,,,,4,0.75,TINYIMAGENET_alexnet_GEN_accuracy_kp7500_seed456,456,60000,4,42,accuracy,100456,0.44855,1,2.8868472548723223,41.450603649020195,10,2.8868472548723223,valid,0.44942466349370347,0.5128027245013531,0.4485499999999999,100456
GEN,0.45295,3,3,initial,,,TINYIMAGENET,5,main_b1000_tinyimagenet_alexnet_GEN_kp75_seed456,0.75,0.44835,0,False,0.75,alexnet,False,0,0,,,,,,,,,5,0.75,TINYIMAGENET_alexnet_GEN_accuracy_kp7500_seed456,456,60000,5,42,accuracy,100456,0.44835,1,2.865702645468712,41.06421883404255,10,2.865702645468712,valid,0.4473407695399929,0.49647677754478164,0.44835,100456
GEN,0.45295,3,3,initial,,,TINYIMAGENET,6,main_b1000_tinyimagenet_alexnet_GEN_kp75_seed456,0.75,0.45165,0,False,0.75,alexnet,False,0,0,,,,,,,,,6,0.75,TINYIMAGENET_alexnet_GEN_accuracy_kp7500_seed456,456,60000,6,42,accuracy,100456,0.45165,1,2.9003148829460144,41.109799548983574,10,2.9003148829460144,valid,0.4459386217709802,0.5072387772268631,0.45165000000000005,100456
GEN,0.45295,3,3,initial,,,TINYIMAGENET,7,main_b1000_tinyimagenet_alexnet_GEN_kp75_seed456,0.75,0.44485,0,False,0.75,alexnet,False,0,0,,,,,,,,,7,0.75,TINYIMAGENET_alexnet_GEN_accuracy_kp7500_seed456,456,60000,7,42,accuracy,100456,0.44485,1,2.9260443279743193,41.31206142157316,10,2.9260443279743193,valid,0.4435547188795801,0.5102214973545992,0.44484999999999997,100456
GEN,0.45295,3,3,initial,,,TINYIMAGENET,8,main_b1000_tinyimagenet_alexnet_GEN_kp75_seed456,0.75,0.44845,0,False,0.75,alexnet,False,0,0,,,,,,,,,8,0.75,TINYIMAGENET_alexnet_GEN_accuracy_kp7500_seed456,456,60000,8,42,accuracy,100456,0.44845,1,2.9235790986299515,41.413623191416264,10,2.9235790986299515,valid,0.44552941450235456,0.5087198504974806,0.44845,100456
GEN,0.45295,3,3,initial,,,TINYIMAGENET,9,main_b1000_tinyimagenet_alexnet_GEN_kp75_seed456,0.75,0.4425,0,False,0.75,alexnet,False,0,0,,,,,,,,,9,0.75,TINYIMAGENET_alexnet_GEN_accuracy_kp7500_seed456,456,60000,9,42,accuracy,100456,0.4425,1,2.9040034779548645,41.047218747437,10,2.9040034779548645,valid,0.4414812985810936,0.5092253305121843,0.4425,100456
GEN,0.4537,10,10,initial,,,TINYIMAGENET,10,main_b1000_tinyimagenet_alexnet_GEN_kp75_seed456,0.75,0.4537,0,True,0.75,alexnet,False,0,0,,,,,,,,,10,0.75,TINYIMAGENET_alexnet_GEN_accuracy_kp7500_seed456,456,60000,10,42,accuracy,100456,0.4537,1,2.8422735043287277,41.119938269257545,10,2.8422735043287277,valid,0.44998417809462404,0.5047203515842751,0.45370000000000005,100456
GEN,0.4537,10,10,offspring,15116,14978,TINYIMAGENET,11,main_b1000_tinyimagenet_alexnet_GEN_kp75_seed456,0.75,0.4461,1,False,0.75,alexnet,False,0,0,1,0.44855,4,4,0.4537,10,10,30094,2,0.75,TINYIMAGENET_alexnet_GEN_accuracy_kp7500_seed456,456,60000,11,42,accuracy,100456,0.4461,1,2.8822025748729705,41.29672411084175,10,2.8822025748729705,valid,0.4473175917415834,0.506536285657472,0.4461,100456
GEN,0.4537,10,10,offspring,14978,15116,TINYIMAGENET,12,main_b1000_tinyimagenet_alexnet_GEN_kp75_seed456,0.75,0.4463,1,False,0.75,alexnet,True,6000,3000,2,0.44855,4,4,0.4537,10,10,30094,3,0.75,TINYIMAGENET_alexnet_GEN_accuracy_kp7500_seed456,456,60000,12,42,accuracy,100456,0.4463,1,2.877338383102417,41.21899077296257,10,2.877338383102417,valid,0.4421261730068193,0.5049754533168337,0.4463,100456
GEN,0.4537,10,10,offspring,15130,14814,TINYIMAGENET,13,main_b1000_tinyimagenet_alexnet_GEN_kp75_seed456,0.75,0.44495,1,False,0.75,alexnet,False,0,0,1,0.45295,3,3,0.44835,5,5,29944,4,0.75,TINYIMAGENET_alexnet_GEN_accuracy_kp7500_seed456,456,60000,13,42,accuracy,100456,0.44495,1,2.9056790895223616,41.14477679133415,10,2.9056790895223616,valid,0.44385234756396535,0.5080349765464612,0.44495000000000007,100456
GEN,0.4537,10,10,offspring,14814,15130,TINYIMAGENET,14,main_b1000_tinyimagenet_alexnet_GEN_kp75_seed456,0.75,0.4486,1,False,0.75,alexnet,False,0,0,2,0.45295,3,3,0.44835,5,5,29944,5,0.75,TINYIMAGENET_alexnet_GEN_accuracy_kp7500_seed456,456,60000,14,42,accuracy,100456,0.4486,1,2.91307245554924,41.424144975841045,10,2.91307245554924,valid,0.4467221532546283,0.507247779088956,0.4486,100456
GEN,0.4537,10,10,offspring,14950,15108,TINYIMAGENET,15,main_b1000_tinyimagenet_alexnet_GEN_kp75_seed456,0.75,0.4489,1,False,0.75,alexnet,True,6000,3000,1,0.45295,3,3,0.45165,6,6,30058,6,0.75,TINYIMAGENET_alexnet_GEN_accuracy_kp7500_seed456,456,60000,15,42,accuracy,100456,0.4489,1,2.9142714816570283,41.23470268398523,10,2.9142714816570283,valid,0.4481919736865197,0.5133813897715612,0.4489,100456
GEN,0.4537,10,10,offspring,15108,14950,TINYIMAGENET,16,main_b1000_tinyimagenet_alexnet_GEN_kp75_seed456,0.75,0.4521,1,False,0.75,alexnet,False,0,0,2,0.45295,3,3,0.45165,6,6,30058,7,0.75,TINYIMAGENET_alexnet_GEN_accuracy_kp7500_seed456,456,60000,16,42,accuracy,100456,0.4521,1,2.8958998414993284,41.00014182925224,10,2.8958998414993284,valid,0.4462968543451193,0.5006917963493933,0.4521,100456
GEN,0.4537,10,10,offspring,14978,15066,TINYIMAGENET,17,main_b1000_tinyimagenet_alexnet_GEN_kp75_seed456,0.75,0.4469,1,False,0.75,alexnet,False,0,0,1,0.45295,3,3,0.44855,4,4,30044,8,0.75,TINYIMAGENET_alexnet_GEN_accuracy_kp7500_seed456,456,60000,17,42,accuracy,100456,0.4469,1,2.9124136773586273,41.03146754950285,10,2.9124136773586273,valid,0.44549487000919585,0.5149048346916922,0.44689999999999996,100456
GEN,0.4537,10,10,offspring,15066,14978,TINYIMAGENET,18,main_b1000_tinyimagenet_alexnet_GEN_kp75_seed456,0.75,0.44835,1,False,0.75,alexnet,False,0,0,2,0.45295,3,3,0.44855,4,4,30044,9,0.75,TINYIMAGENET_alexnet_GEN_accuracy_kp7500_seed456,456,60000,18,42,accuracy,100456,0.44835,1,2.8807609190940857,41.261050172150135,10,2.8807609190940857,valid,0.44693435263178743,0.504654059758941,0.4483499999999999,100456
GEN,0.4537,10,10,offspring,14940,14970,TINYIMAGENET,19,main_b1000_tinyimagenet_alexnet_GEN_kp75_seed456,0.75,0.44945,1,False,0.75,alexnet,False,0,0,1,0.45165,6,6,0.4537,10,10,29910,10,0.75,TINYIMAGENET_alexnet_GEN_accuracy_kp7500_seed456,456,60000,19,42,accuracy,100456,0.44945,1,2.8784543955445288,41.30063319206238,10,2.8784543955445288,valid,0.44458874196064085,0.5123491701021514,0.44945,100456
GEN,0.4537,10,10,offspring,11904,12112,TINYIMAGENET,20,main_b1000_tinyimagenet_alexnet_GEN_kp75_seed456,0.75,0.45225,2,False,0.75,alexnet,False,0,0,1,0.44835,18,9,0.4489,15,6,24016,2,0.75,TINYIMAGENET_alexnet_GEN_accuracy_kp7500_seed456,456,60000,20,42,accuracy,100456,0.45225,1,2.877894296693802,41.13787493109703,10,2.877894296693802,valid,0.452261399138511,0.5064258856196191,0.45225000000000004,100456
GEN,0.4537,10,10,offspring,12112,11904,TINYIMAGENET,21,main_b1000_tinyimagenet_alexnet_GEN_kp75_seed456,0.75,0.4482,2,False,0.75,alexnet,False,0,0,2,0.44835,18,9,0.4489,15,6,24016,3,0.75,TINYIMAGENET_alexnet_GEN_accuracy_kp7500_seed456,456,60000,21,42,accuracy,100456,0.4482,1,2.8802917675495148,41.21390914916992,10,2.8802917675495148,valid,0.44600914994856455,0.5117073717823797,0.4482,100456
GEN,0.4537,10,10,offspring,14994,14826,TINYIMAGENET,22,main_b1000_tinyimagenet_alexnet_GEN_kp75_seed456,0.75,0.44845,2,False,0.75,alexnet,False,0,0,1,0.4537,10,1,0.4486,14,5,29820,4,0.75,TINYIMAGENET_alexnet_GEN_accuracy_kp7500_seed456,456,60000,22,42,accuracy,100456,0.44845,1,2.873850595855713,41.39507956057787,10,2.873850595855713,valid,0.4442158554677937,0.506140540711404,0.44845,100456
GEN,0.4537,10,10,offspring,14826,14994,TINYIMAGENET,23,main_b1000_tinyimagenet_alexnet_GEN_kp75_seed456,0.75,0.44215,2,False,0.75,alexnet,False,0,0,2,0.4537,10,1,0.4486,14,5,29820,5,0.75,TINYIMAGENET_alexnet_GEN_accuracy_kp7500_seed456,456,60000,23,42,accuracy,100456,0.44215,1,2.9039162962436675,41.42518091201782,10,2.9039162962436675,valid,0.44110121972880767,0.5081926677266341,0.44215000000000004,100456
GEN,0.4537,10,10,offspring,11276,11132,TINYIMAGENET,24,main_b1000_tinyimagenet_alexnet_GEN_kp75_seed456,0.75,0.4426,2,False,0.75,alexnet,False,0,0,1,0.4521,16,7,0.44945,19,10,22408,6,0.75,TINYIMAGENET_alexnet_GEN_accuracy_kp7500_seed456,456,60000,24,42,accuracy,100456,0.4426,1,2.941565075588226,41.14529310166836,10,2.941565075588226,valid,0.44143507062702925,0.507075770042558,0.44260000000000005,100456
GEN,0.4537,10,10,offspring,11132,11276,TINYIMAGENET,25,main_b1000_tinyimagenet_alexnet_GEN_kp75_seed456,0.75,0.45115,2,False,0.75,alexnet,False,0,0,2,0.4521,16,7,0.44945,19,10,22408,7,0.75,TINYIMAGENET_alexnet_GEN_accuracy_kp7500_seed456,456,60000,25,42,accuracy,100456,0.45115,1,2.85174180393219,41.23456887900829,10,2.85174180393219,valid,0.45140238718287234,0.5153613992596072,0.45115,100456
GEN,0.4537,10,10,offspring,11222,11186,TINYIMAGENET,26,main_b1000_tinyimagenet_alexnet_GEN_kp75_seed456,0.75,0.44635,2,False,0.75,alexnet,False,0,0,1,0.44945,19,10,0.4521,16,7,22408,8,0.75,TINYIMAGENET_alexnet_GEN_accuracy_kp7500_seed456,456,60000,26,42,accuracy,100456,0.44635,1,2.9002960206985473,41.37744775414467,10,2.9002960206985473,valid,0.4469651949442145,0.509755278106595,0.44635,100456
GEN,0.4537,10,10,offspring,11186,11222,TINYIMAGENET,27,main_b1000_tinyimagenet_alexnet_GEN_kp75_seed456,0.75,0.4482,2,False,0.75,alexnet,True,6000,3000,2,0.44945,19,10,0.4521,16,7,22408,9,0.75,TINYIMAGENET_alexnet_GEN_accuracy_kp7500_seed456,456,60000,27,42,accuracy,100456,0.4482,1,2.878784117269516,41.48746460676193,10,2.878784117269516,valid,0.4462295728527128,0.5062853170243603,0.4482,100456
GEN,0.4537,10,10,offspring,15114,14858,TINYIMAGENET,28,main_b1000_tinyimagenet_alexnet_GEN_kp75_seed456,0.75,0.44085,2,False,0.75,alexnet,False,0,0,1,0.44835,18,9,0.44945,19,10,29972,10,0.75,TINYIMAGENET_alexnet_GEN_accuracy_kp7500_seed456,456,60000,28,42,accuracy,100456,0.44085,1,2.950484403061867,41.14856690168381,10,2.950484403061867,valid,0.4390197092166666,0.5079505419062982,0.44085,100456
GEN,0.4537,10,10,offspring,11368,11204,TINYIMAGENET,29,main_b1000_tinyimagenet_alexnet_GEN_kp75_seed456,0.75,0.4451,3,False,0.75,alexnet,False,0,0,1,0.4537,10,1,0.45115,25,7,22572,2,0.75,TINYIMAGENET_alexnet_GEN_accuracy_kp7500_seed456,456,60000,29,42,accuracy,100456,0.4451,1,2.8920323912620542,41.21606091409922,10,2.8920323912620542,valid,0.44333883826214654,0.5058248849117036,0.44510000000000005,100456
GEN,0.4537,10,10,offspring,11204,11368,TINYIMAGENET,30,main_b1000_tinyimagenet_alexnet_GEN_kp75_seed456,0.75,0.44505,3,False,0.75,alexnet,False,0,0,2,0.4537,10,1,0.45115,25,7,22572,3,0.75,TINYIMAGENET_alexnet_GEN_accuracy_kp7500_seed456,456,60000,30,42,accuracy,100456,0.44505,1,2.915545104789734,41.50143434852362,10,2.915545104789734,valid,0.4461090879854992,0.5175964693740025,0.44504999999999995,100456
GEN,0.4537,10,10,offspring,15010,15054,TINYIMAGENET,31,main_b1000_tinyimagenet_alexnet_GEN_kp75_seed456,0.75,0.4438,3,False,0.75,alexnet,False,0,0,1,0.4537,10,1,0.45225,20,2,30064,4,0.75,TINYIMAGENET_alexnet_GEN_accuracy_kp7500_seed456,456,60000,31,42,accuracy,100456,0.4438,1,2.918855718922615,41.418755665421486,10,2.918855718922615,valid,0.44833275462681016,0.5167469849318244,0.4438000000000001,100456
GEN,0.4537,10,10,offspring,15054,15010,TINYIMAGENET,32,main_b1000_tinyimagenet_alexnet_GEN_kp75_seed456,0.75,0.44215,3,False,0.75,alexnet,False,0,0,2,0.4537,10,1,0.45225,20,2,30064,5,0.75,TINYIMAGENET_alexnet_GEN_accuracy_kp7500_seed456,456,60000,32,42,accuracy,100456,0.44215,1,2.953671692752838,41.18749285489321,10,2.953671692752838,valid,0.4392679088869955,0.5071220601254162,0.44215000000000004,100456
GEN,0.4537,10,10,offspring,15188,14876,TINYIMAGENET,33,main_b1000_tinyimagenet_alexnet_GEN_kp75_seed456,0.75,0.44835,3,False,0.75,alexnet,False,0,0,1,0.4537,10,1,0.45225,20,2,30064,6,0.75,TINYIMAGENET_alexnet_GEN_accuracy_kp7500_seed456,456,60000,33,42,accuracy,100456,0.44835,1,2.851554591369629,41.21461758762598,10,2.851554591369629,valid,0.45016425782965563,0.5133153822741965,0.4483499999999999,100456
GEN,0.4537,10,10,offspring,14876,15188,TINYIMAGENET,34,main_b1000_tinyimagenet_alexnet_GEN_kp75_seed456,0.75,0.4506,3,False,0.75,alexnet,False,0,0,2,0.4537,10,1,0.45225,20,2,30064,7,0.75,TINYIMAGENET_alexnet_GEN_accuracy_kp7500_seed456,456,60000,34,42,accuracy,100456,0.4506,1,2.857468435168266,41.491887621581554,10,2.857468435168266,valid,0.44864963721297435,0.5006603090000682,0.4506,100456
GEN,0.4537,10,10,offspring,13298,13392,TINYIMAGENET,35,main_b1000_tinyimagenet_alexnet_GEN_kp75_seed456,0.75,0.44225,3,False,0.75,alexnet,False,0,0,1,0.44635,26,8,0.4482,21,3,26690,8,0.75,TINYIMAGENET_alexnet_GEN_accuracy_kp7500_seed456,456,60000,35,42,accuracy,100456,0.44225,1,2.9715048739433287,41.40121904015541,10,2.9715048739433287,valid,0.44314012626699134,0.5074538940336711,0.44225000000000003,100456
GEN,0.4537,10,10,offspring,13392,13298,TINYIMAGENET,36,main_b1000_tinyimagenet_alexnet_GEN_kp75_seed456,0.75,0.44295,3,False,0.75,alexnet,False,0,0,2,0.44635,26,8,0.4482,21,3,26690,9,0.75,TINYIMAGENET_alexnet_GEN_accuracy_kp7500_seed456,456,60000,36,42,accuracy,100456,0.44295,1,2.926003990793228,41.159262880682945,10,2.926003990793228,valid,0.4398838747217823,0.49697555612154687,0.44295,100456
GEN,0.4537,10,10,offspring,13306,13240,TINYIMAGENET,37,main_b1000_tinyimagenet_alexnet_GEN_kp75_seed456,0.75,0.447,3,False,0.75,alexnet,False,0,0,1,0.44845,22,4,0.45225,20,2,26546,10,0.75,TINYIMAGENET_alexnet_GEN_accuracy_kp7500_seed456,456,60000,37,42,accuracy,100456,0.447,1,2.9317315487384796,41.27737505733967,10,2.9317315487384796,valid,0.44307979681618703,0.5164993601537737,0.447,100456
GEN,0.4537,10,10,offspring,11362,11258,TINYIMAGENET,38,main_b1000_tinyimagenet_alexnet_GEN_kp75_seed456,0.75,0.45185,4,False,0.75,alexnet,False,0,0,1,0.4537,10,1,0.447,37,10,22620,2,0.75,TINYIMAGENET_alexnet_GEN_accuracy_kp7500_seed456,456,60000,38,42,accuracy,100456,0.45185,1,2.858416562700272,41.364653423428535,10,2.858416562700272,valid,0.4523842513841126,0.505348391575444,0.45185000000000003,100456
GEN,0.4537,10,10,offspring,11258,11362,TINYIMAGENET,39,main_b1000_tinyimagenet_alexnet_GEN_kp75_seed456,0.75,0.4509,4,False,0.75,alexnet,False,0,0,2,0.4537,10,1,0.447,37,10,22620,3,0.75,TINYIMAGENET_alexnet_GEN_accuracy_kp7500_seed456,456,60000,39,42,accuracy,100456,0.4509,1,2.8609028574943545,41.126563996076584,10,2.8609028574943545,valid,0.44856136649162237,0.5030328120788843,0.4509,100456
GEN,0.4537,10,10,offspring,11370,11202,TINYIMAGENET,40,main_b1000_tinyimagenet_alexnet_GEN_kp75_seed456,0.75,0.45365,4,False,0.75,alexnet,False,0,0,1,0.4451,29,2,0.44505,30,3,22572,4,0.75,TINYIMAGENET_alexnet_GEN_accuracy_kp7500_seed456,456,60000,40,42,accuracy,100456,0.45365,1,2.863300409400463,41.17758610844612,10,2.863300409400463,valid,0.45230542574146193,0.5123350138273358,0.4536500000000001,100456
GEN,0.4537,10,10,offspring,11202,11370,TINYIMAGENET,41,main_b1000_tinyimagenet_alexnet_GEN_kp75_seed456,0.75,0.44075,4,False,0.75,alexnet,False,0,0,2,0.4451,29,2,0.44505,30,3,22572,5,0.75,TINYIMAGENET_alexnet_GEN_accuracy_kp7500_seed456,456,60000,41,42,accuracy,100456,0.44075,1,2.9509155102729796,41.47626291960478,10,2.9509155102729796,valid,0.4434324885953598,0.5139682111568855,0.44075000000000003,100456
GEN,0.4537,10,10,offspring,7498,7690,TINYIMAGENET,42,main_b1000_tinyimagenet_alexnet_GEN_kp75_seed456,0.75,0.44675,4,False,0.75,alexnet,False,0,0,1,0.4537,10,1,0.44835,33,6,15188,6,0.75,TINYIMAGENET_alexnet_GEN_accuracy_kp7500_seed456,456,60000,42,42,accuracy,100456,0.44675,1,2.886641644048691,41.429742738604546,10,2.886641644048691,valid,0.44405844415030904,0.5056010039993644,0.44675,100456
GEN,0.4537,10,10,offspring,7690,7498,TINYIMAGENET,43,main_b1000_tinyimagenet_alexnet_GEN_kp75_seed456,0.75,0.45105,4,False,0.75,alexnet,False,0,0,2,0.4537,10,1,0.44835,33,6,15188,7,0.75,TINYIMAGENET_alexnet_GEN_accuracy_kp7500_seed456,456,60000,43,42,accuracy,100456,0.45105,1,2.8664600395441053,41.1422151401639,10,2.8664600395441053,valid,0.4505276493890021,0.5096462311188809,0.45105000000000006,100456
GEN,0.4537,10,10,offspring,11316,11304,TINYIMAGENET,44,main_b1000_tinyimagenet_alexnet_GEN_kp75_seed456,0.75,0.4438,4,False,0.75,alexnet,False,0,0,1,0.447,37,10,0.4537,10,1,22620,8,0.75,TINYIMAGENET_alexnet_GEN_accuracy_kp7500_seed456,456,60000,44,42,accuracy,100456,0.4438,1,2.9316265143871307,41.253965735435486,10,2.9316265143871307,valid,0.44118387817615073,0.5009811893329288,0.44380000000000003,100456
GEN,0.4537,10,10,offspring,11304,11316,TINYIMAGENET,45,main_b1000_tinyimagenet_alexnet_GEN_kp75_seed456,0.75,0.45175,4,False,0.75,alexnet,False,0,0,2,0.447,37,10,0.4537,10,1,22620,9,0.75,TINYIMAGENET_alexnet_GEN_accuracy_kp7500_seed456,456,60000,45,42,accuracy,100456,0.45175,1,2.8957243227958678,41.5751081854105,10,2.8957243227958678,valid,0.4505282620750469,0.5126441756420468,0.45175000000000004,100456
GEN,0.4537,10,10,offspring,9086,8946,TINYIMAGENET,46,main_b1000_tinyimagenet_alexnet_GEN_kp75_seed456,0.75,0.4486,4,False,0.75,alexnet,False,0,0,1,0.447,37,10,0.4506,34,7,18032,10,0.75,TINYIMAGENET_alexnet_GEN_accuracy_kp7500_seed456,456,60000,46,42,accuracy,100456,0.4486,1,2.890474609589577,41.51346959173679,10,2.890474609589577,valid,0.44345381437470427,0.4990138767166484,0.4486,100456
GEN,0.4537,10,10,offspring,8762,8844,TINYIMAGENET,47,main_b1000_tinyimagenet_alexnet_GEN_kp75_seed456,0.75,0.451,5,False,0.75,alexnet,False,0,0,1,0.45365,40,4,0.4509,39,3,17606,2,0.75,TINYIMAGENET_alexnet_GEN_accuracy_kp7500_seed456,456,60000,47,42,accuracy,100456,0.451,1,2.816794468951225,41.29019782692194,10,2.816794468951225,valid,0.4508328355485334,0.5060172480567747,0.451,100456
GEN,0.4537,10,10,offspring,8844,8762,TINYIMAGENET,48,main_b1000_tinyimagenet_alexnet_GEN_kp75_seed456,0.75,0.4487,5,False,0.75,alexnet,False,0,0,2,0.45365,40,4,0.4509,39,3,17606,3,0.75,TINYIMAGENET_alexnet_GEN_accuracy_kp7500_seed456,456,60000,48,42,accuracy,100456,0.4487,1,2.845401939201355,41.919733703136444,10,2.845401939201355,valid,0.4479310197795259,0.5035984355634292,0.4487,100456
GEN,0.4537,10,10,offspring,7792,7938,TINYIMAGENET,49,main_b1000_tinyimagenet_alexnet_GEN_kp75_seed456,0.75,0.44875,5,False,0.75,alexnet,False,0,0,1,0.45365,40,4,0.45105,43,7,15730,4,0.75,TINYIMAGENET_alexnet_GEN_accuracy_kp7500_seed456,456,60000,49,42,accuracy,100456,0.44875,1,2.8719758525848387,41.843899093568325,10,2.8719758525848387,valid,0.4488594807088002,0.5159473705548446,0.44875,100456
GEN,0.4561,50,50,offspring,7938,7792,TINYIMAGENET,50,main_b1000_tinyimagenet_alexnet_GEN_kp75_seed456,0.75,0.4561,5,True,0.75,alexnet,False,0,0,2,0.45365,40,4,0.45105,43,7,15730,5,0.75,TINYIMAGENET_alexnet_GEN_accuracy_kp7500_seed456,456,60000,50,42,accuracy,100456,0.4561,1,2.816750499820709,41.511004500091076,10,2.816750499820709,valid,0.4559375553763671,0.5076789806936294,0.4561,100456
GEN,0.4587,51,51,offspring,5658,5658,TINYIMAGENET,51,main_b1000_tinyimagenet_alexnet_GEN_kp75_seed456,0.75,0.4587,5,True,0.75,alexnet,False,0,0,1,0.45175,45,9,0.4537,10,1,11316,6,0.75,TINYIMAGENET_alexnet_GEN_accuracy_kp7500_seed456,456,60000,51,42,accuracy,100456,0.4587,1,2.8299379301786423,41.48965663462877,10,2.8299379301786423,valid,0.4554264324943375,0.5038679569551154,0.4587,100456
GEN,0.4587,51,51,offspring,5658,5658,TINYIMAGENET,52,main_b1000_tinyimagenet_alexnet_GEN_kp75_seed456,0.75,0.4516,5,False,0.75,alexnet,False,0,0,2,0.45175,45,9,0.4537,10,1,11316,7,0.75,TINYIMAGENET_alexnet_GEN_accuracy_kp7500_seed456,456,60000,52,42,accuracy,100456,0.4516,1,2.840133603978157,41.65357401967049,10,2.840133603978157,valid,0.44798580090654627,0.5034554481127074,0.45159999999999995,100456
GEN,0.4587,51,51,offspring,5604,5682,TINYIMAGENET,53,main_b1000_tinyimagenet_alexnet_GEN_kp75_seed456,0.75,0.45095,5,False,0.75,alexnet,False,0,0,1,0.45365,40,4,0.4537,10,1,11286,8,0.75,TINYIMAGENET_alexnet_GEN_accuracy_kp7500_seed456,456,60000,53,42,accuracy,100456,0.45095,1,2.8377382361412047,41.612864173948765,10,2.8377382361412047,valid,0.4491814537045676,0.5012232937801757,0.45094999999999996,100456
GEN,0.4587,51,51,offspring,5682,5604,TINYIMAGENET,54,main_b1000_tinyimagenet_alexnet_GEN_kp75_seed456,0.75,0.45475,5,False,0.75,alexnet,False,0,0,2,0.45365,40,4,0.4537,10,1,11286,9,0.75,TINYIMAGENET_alexnet_GEN_accuracy_kp7500_seed456,456,60000,54,42,accuracy,100456,0.45475,1,2.847895937013626,41.39760409295559,10,2.847895937013626,valid,0.45481430897851477,0.512244173176225,0.45474999999999993,100456
GEN,0.4587,51,51,offspring,5678,5684,TINYIMAGENET,55,main_b1000_tinyimagenet_alexnet_GEN_kp75_seed456,0.75,0.4479,5,False,0.75,alexnet,False,0,0,1,0.45185,38,2,0.4537,10,1,11362,10,0.75,TINYIMAGENET_alexnet_GEN_accuracy_kp7500_seed456,456,60000,55,42,accuracy,100456,0.4479,1,2.8808480245113373,41.47327968478203,10,2.8808480245113373,valid,0.44658616626567865,0.5103499260718372,0.44789999999999996,100456
GEN,0.4587,51,51,offspring,4366,4304,TINYIMAGENET,56,main_b1000_tinyimagenet_alexnet_GEN_kp75_seed456,0.75,0.4467,6,False,0.75,alexnet,False,0,0,1,0.45095,53,8,0.4561,50,5,8670,2,0.75,TINYIMAGENET_alexnet_GEN_accuracy_kp7500_seed456,456,60000,56,42,accuracy,100456,0.4467,1,2.9047341567993166,41.722396813333035,10,2.9047341567993166,valid,0.44895795314501113,0.5197695436834171,0.44670000000000004,100456
GEN,0.4587,51,51,offspring,4304,4366,TINYIMAGENET,57,main_b1000_tinyimagenet_alexnet_GEN_kp75_seed456,0.75,0.45105,6,False,0.75,alexnet,True,6000,3000,2,0.45095,53,8,0.4561,50,5,8670,3,0.75,TINYIMAGENET_alexnet_GEN_accuracy_kp7500_seed456,456,60000,57,42,accuracy,100456,0.45105,1,2.844038609600067,41.665076836943626,10,2.844038609600067,valid,0.4487629783512124,0.498988627262313,0.45105000000000006,100456
GEN,0.4587,51,51,offspring,6318,6370,TINYIMAGENET,58,main_b1000_tinyimagenet_alexnet_GEN_kp75_seed456,0.75,0.4504,6,False,0.75,alexnet,False,0,0,1,0.4587,51,6,0.4561,50,5,12688,4,0.75,TINYIMAGENET_alexnet_GEN_accuracy_kp7500_seed456,456,60000,58,42,accuracy,100456,0.4504,1,2.880745664548874,41.286362163722515,10,2.880745664548874,valid,0.452200291734019,0.5165392740619628,0.4504000000000001,100456
GEN,0.4587,51,51,offspring,6370,6318,TINYIMAGENET,59,main_b1000_tinyimagenet_alexnet_GEN_kp75_seed456,0.75,0.4526,6,False,0.75,alexnet,False,0,0,2,0.4587,51,6,0.4561,50,5,12688,5,0.75,TINYIMAGENET_alexnet_GEN_accuracy_kp7500_seed456,456,60000,59,42,accuracy,100456,0.4526,1,2.866798521518707,41.57693034410477,10,2.866798521518707,valid,0.45008246636922566,0.5033150306633902,0.45260000000000006,100456
GEN,0.4587,51,51,offspring,6314,6374,TINYIMAGENET,60,main_b1000_tinyimagenet_alexnet_GEN_kp75_seed456,0.75,0.4498,6,False,0.75,alexnet,False,0,0,1,0.4561,50,5,0.4587,51,6,12688,6,0.75,TINYIMAGENET_alexnet_GEN_accuracy_kp7500_seed456,456,60000,60,42,accuracy,100456,0.4498,1,2.850205171251297,41.71630489081144,10,2.850205171251297,valid,0.4514331118731839,0.5105114758326557,0.4498,100456
GEN,0.4587,51,51,offspring,6374,6314,TINYIMAGENET,61,main_b1000_tinyimagenet_alexnet_GEN_kp75_seed456,0.75,0.43985,6,False,0.75,alexnet,False,0,0,2,0.4561,50,5,0.4587,51,6,12688,7,0.75,TINYIMAGENET_alexnet_GEN_accuracy_kp7500_seed456,456,60000,61,42,accuracy,100456,0.43985,1,2.9423882181406023,41.47103797644377,10,2.9423882181406023,valid,0.4387270840105603,0.5070863258966579,0.43985,100456
GEN,0.4587,51,51,offspring,4750,4716,TINYIMAGENET,62,main_b1000_tinyimagenet_alexnet_GEN_kp75_seed456,0.75,0.45145,6,False,0.75,alexnet,False,0,0,1,0.4561,50,5,0.4537,10,1,9466,8,0.75,TINYIMAGENET_alexnet_GEN_accuracy_kp7500_seed456,456,60000,62,42,accuracy,100456,0.45145,1,2.817627083158493,41.435518980026245,10,2.817627083158493,valid,0.4498502668004876,0.49904697606576803,0.45144999999999996,100456
GEN,0.4587,51,51,offspring,4716,4750,TINYIMAGENET,63,main_b1000_tinyimagenet_alexnet_GEN_kp75_seed456,0.75,0.4497,6,False,0.75,alexnet,False,0,0,2,0.4561,50,5,0.4537,10,1,9466,9,0.75,TINYIMAGENET_alexnet_GEN_accuracy_kp7500_seed456,456,60000,63,42,accuracy,100456,0.4497,1,2.88202806661129,41.64105875790119,10,2.88202806661129,valid,0.45156196341863547,0.5121170546041582,0.4497,100456
GEN,0.4587,51,51,offspring,5174,4910,TINYIMAGENET,64,main_b1000_tinyimagenet_alexnet_GEN_kp75_seed456,0.75,0.4493,6,False,0.75,alexnet,False,0,0,1,0.45475,54,9,0.4587,51,6,10084,10,0.75,TINYIMAGENET_alexnet_GEN_accuracy_kp7500_seed456,456,60000,64,42,accuracy,100456,0.4493,1,2.8922334108352663,41.70457009226084,10,2.8922334108352663,valid,0.4477253499350593,0.5113879935194258,0.4493,100456
GEN,0.4587,51,51,offspring,3158,3212,TINYIMAGENET,65,main_b1000_tinyimagenet_alexnet_GEN_kp75_seed456,0.75,0.4462,7,False,0.75,alexnet,False,0,0,1,0.4587,51,1,0.4526,59,5,6370,2,0.75,TINYIMAGENET_alexnet_GEN_accuracy_kp7500_seed456,456,60000,65,42,accuracy,100456,0.4462,1,2.9028410679101944,41.37058302760124,10,2.9028410679101944,valid,0.4452680811810595,0.5107471352388576,0.4462,100456
GEN,0.4587,51,51,offspring,3212,3158,TINYIMAGENET,66,main_b1000_tinyimagenet_alexnet_GEN_kp75_seed456,0.75,0.4523,7,False,0.75,alexnet,False,0,0,2,0.4587,51,1,0.4526,59,5,6370,3,0.75,TINYIMAGENET_alexnet_GEN_accuracy_kp7500_seed456,456,60000,66,42,accuracy,100456,0.4523,1,2.854515573334694,41.55116179585457,10,2.854515573334694,valid,0.4496943280696844,0.5004576560326492,0.45230000000000004,100456
GEN,0.4587,51,51,offspring,3510,3448,TINYIMAGENET,67,main_b1000_tinyimagenet_alexnet_GEN_kp75_seed456,0.75,0.45385,7,False,0.75,alexnet,False,0,0,1,0.4497,63,9,0.4526,59,5,6958,4,0.75,TINYIMAGENET_alexnet_GEN_accuracy_kp7500_seed456,456,60000,67,42,accuracy,100456,0.45385,1,2.867418234372139,41.69210584461689,10,2.867418234372139,valid,0.4516334741344108,0.5113936843003636,0.45385,100456
GEN,0.4587,51,51,offspring,3448,3510,TINYIMAGENET,68,main_b1000_tinyimagenet_alexnet_GEN_kp75_seed456,0.75,0.4461,7,False,0.75,alexnet,False,0,0,2,0.4497,63,9,0.4526,59,5,6958,5,0.75,TINYIMAGENET_alexnet_GEN_accuracy_kp7500_seed456,456,60000,68,42,accuracy,100456,0.4461,1,2.8809603574275973,41.7173640653491,10,2.8809603574275973,valid,0.4474544474620111,0.5096902005977718,0.4461,100456
GEN,0.4587,51,51,offspring,3178,3140,TINYIMAGENET,69,main_b1000_tinyimagenet_alexnet_GEN_kp75_seed456,0.75,0.44785,7,False,0.75,alexnet,False,0,0,1,0.4504,58,4,0.4587,51,1,6318,6,0.75,TINYIMAGENET_alexnet_GEN_accuracy_kp7500_seed456,456,60000,69,42,accuracy,100456,0.44785,1,2.88856888461113,41.54576274007559,10,2.88856888461113,valid,0.4453162157407992,0.504319590817138,0.44784999999999997,100456
GEN,0.4587,51,51,offspring,3140,3178,TINYIMAGENET,70,main_b1000_tinyimagenet_alexnet_GEN_kp75_seed456,0.75,0.4519,7,False,0.75,alexnet,False,0,0,2,0.4504,58,4,0.4587,51,1,6318,7,0.75,TINYIMAGENET_alexnet_GEN_accuracy_kp7500_seed456,456,60000,70,42,accuracy,100456,0.4519,1,2.8449126905441284,41.492286786437035,10,2.8449126905441284,valid,0.45052365626419183,0.5055429067393794,0.45189999999999997,100456
GEN,0.4587,51,51,offspring,4548,4632,TINYIMAGENET,71,main_b1000_tinyimagenet_alexnet_GEN_kp75_seed456,0.75,0.44215,7,False,0.75,alexnet,True,6000,3000,1,0.4587,51,1,0.4497,63,9,9180,8,0.75,TINYIMAGENET_alexnet_GEN_accuracy_kp7500_seed456,456,60000,71,42,accuracy,100456,0.44215,1,2.96108087990284,41.74339536577463,10,2.96108087990284,valid,0.43952199715019036,0.5126689140197638,0.44215000000000004,100456
GEN,0.4587,51,51,offspring,4632,4548,TINYIMAGENET,72,main_b1000_tinyimagenet_alexnet_GEN_kp75_seed456,0.75,0.4533,7,False,0.75,alexnet,False,0,0,2,0.4587,51,1,0.4497,63,9,9180,9,0.75,TINYIMAGENET_alexnet_GEN_accuracy_kp7500_seed456,456,60000,72,42,accuracy,100456,0.4533,1,2.855933206963539,41.70167511701584,10,2.855933206963539,valid,0.45302427748134266,0.5134596098818097,0.45330000000000004,100456
GEN,0.4587,51,51,offspring,3188,3182,TINYIMAGENET,73,main_b1000_tinyimagenet_alexnet_GEN_kp75_seed456,0.75,0.44205,7,False,0.75,alexnet,False,0,0,1,0.4587,51,1,0.4526,59,5,6370,10,0.75,TINYIMAGENET_alexnet_GEN_accuracy_kp7500_seed456,456,60000,73,42,accuracy,100456,0.44205,1,2.8934512840986253,41.44703188538551,10,2.8934512840986253,valid,0.43941041892482346,0.49937844209593796,0.44205000000000005,100456
GEN,0.4587,51,51,offspring,4432,4286,TINYIMAGENET,74,main_b1000_tinyimagenet_alexnet_GEN_kp75_seed456,0.75,0.4457,8,False,0.75,alexnet,False,0,0,1,0.45385,67,4,0.44785,69,6,8718,2,0.75,TINYIMAGENET_alexnet_GEN_accuracy_kp7500_seed456,456,60000,74,42,accuracy,100456,0.4457,1,2.9084315296173098,41.80625222623348,10,2.9084315296173098,valid,0.44158335917739777,0.505078487586137,0.4457,100456
GEN,0.4587,51,51,offspring,4286,4432,TINYIMAGENET,75,main_b1000_tinyimagenet_alexnet_GEN_kp75_seed456,0.75,0.446,8,False,0.75,alexnet,False,0,0,2,0.45385,67,4,0.44785,69,6,8718,3,0.75,TINYIMAGENET_alexnet_GEN_accuracy_kp7500_seed456,456,60000,75,42,accuracy,100456,0.446,1,2.8679774562358857,41.83214382827282,10,2.8679774562358857,valid,0.44615650163040516,0.503787282222142,0.44600000000000006,100456
GEN,0.4587,51,51,offspring,2286,2346,TINYIMAGENET,76,main_b1000_tinyimagenet_alexnet_GEN_kp75_seed456,0.75,0.4512,8,False,0.75,alexnet,False,0,0,1,0.4587,51,1,0.4533,72,9,4632,4,0.75,TINYIMAGENET_alexnet_GEN_accuracy_kp7500_seed456,456,60000,76,42,accuracy,100456,0.4512,1,2.877785209274292,41.520851492881775,10,2.877785209274292,valid,0.44714478995603035,0.5005954234743277,0.4512,100456
GEN,0.4587,51,51,offspring,2346,2286,TINYIMAGENET,77,main_b1000_tinyimagenet_alexnet_GEN_kp75_seed456,0.75,0.4577,8,False,0.75,alexnet,False,0,0,2,0.4587,51,1,0.4533,72,9,4632,5,0.75,TINYIMAGENET_alexnet_GEN_accuracy_kp7500_seed456,456,60000,77,42,accuracy,100456,0.4577,1,2.822550531458855,41.560509867966175,10,2.822550531458855,valid,0.45307771512308453,0.5078443199677686,0.45769999999999994,100456
GEN,0.4587,51,51,offspring,2788,2812,TINYIMAGENET,78,main_b1000_tinyimagenet_alexnet_GEN_kp75_seed456,0.75,0.4529,8,False,0.75,alexnet,False,0,0,1,0.4533,72,9,0.4523,66,3,5600,6,0.75,TINYIMAGENET_alexnet_GEN_accuracy_kp7500_seed456,456,60000,78,42,accuracy,100456,0.4529,1,2.880209686756134,41.763799250125885,10,2.880209686756134,valid,0.4509442144114004,0.5128227917547842,0.45289999999999997,100456
GEN,0.4587,51,51,offspring,2812,2788,TINYIMAGENET,79,main_b1000_tinyimagenet_alexnet_GEN_kp75_seed456,0.75,0.44445,8,False,0.75,alexnet,True,6000,3000,2,0.4533,72,9,0.4523,66,3,5600,7,0.75,TINYIMAGENET_alexnet_GEN_accuracy_kp7500_seed456,456,60000,79,42,accuracy,100456,0.44445,1,2.918730053806305,41.87376254051924,10,2.918730053806305,valid,0.4453445125179762,0.5127287418282114,0.44445000000000007,100456
GEN,0.4587,51,51,offspring,2772,2840,TINYIMAGENET,80,main_b1000_tinyimagenet_alexnet_GEN_kp75_seed456,0.75,0.44675,8,False,0.75,alexnet,False,0,0,1,0.4533,72,9,0.45385,67,4,5612,8,0.75,TINYIMAGENET_alexnet_GEN_accuracy_kp7500_seed456,456,60000,80,42,accuracy,100456,0.44675,1,2.9178264157533644,41.66803142428398,10,2.9178264157533644,valid,0.44482683433063586,0.508184700826246,0.44675,100456
GEN,0.4587,51,51,offspring,2840,2772,TINYIMAGENET,81,main_b1000_tinyimagenet_alexnet_GEN_kp75_seed456,0.75,0.4491,8,False,0.75,alexnet,False,0,0,2,0.4533,72,9,0.45385,67,4,5612,9,0.75,TINYIMAGENET_alexnet_GEN_accuracy_kp7500_seed456,456,60000,81,42,accuracy,100456,0.4491,1,2.87843479449749,41.570553824305534,10,2.87843479449749,valid,0.4456372238120294,0.5031385872827068,0.44909999999999994,100456
GEN,0.4587,51,51,offspring,2794,2888,TINYIMAGENET,82,main_b1000_tinyimagenet_alexnet_GEN_kp75_seed456,0.75,0.44675,8,False,0.75,alexnet,False,0,0,1,0.4519,70,7,0.4533,72,9,5682,10,0.75,TINYIMAGENET_alexnet_GEN_accuracy_kp7500_seed456,456,60000,82,42,accuracy,100456,0.44675,1,2.8820874945282937,41.79633738845587,10,2.8820874945282937,valid,0.4453145775515132,0.508120880193992,0.44675,100456
GEN,0.4587,51,51,offspring,1958,1962,TINYIMAGENET,83,main_b1000_tinyimagenet_alexnet_GEN_kp75_seed456,0.75,0.4434,9,False,0.75,alexnet,False,0,0,1,0.4529,78,6,0.4587,51,1,3920,2,0.75,TINYIMAGENET_alexnet_GEN_accuracy_kp7500_seed456,456,60000,83,42,accuracy,100456,0.4434,1,2.8970728190422057,41.58841861784458,10,2.8970728190422057,valid,0.4417976044242902,0.5042198830079355,0.4434,100456
GEN,0.4587,51,51,offspring,1962,1958,TINYIMAGENET,84,main_b1000_tinyimagenet_alexnet_GEN_kp75_seed456,0.75,0.4428,9,False,0.75,alexnet,False,0,0,2,0.4529,78,6,0.4587,51,1,3920,3,0.75,TINYIMAGENET_alexnet_GEN_accuracy_kp7500_seed456,456,60000,84,42,accuracy,100456,0.4428,1,2.939252929019928,41.38953127712011,10,2.939252929019928,valid,0.4421369639026917,0.5138414591196802,0.4428,100456
GEN,0.4587,51,51,offspring,2280,2352,TINYIMAGENET,85,main_b1000_tinyimagenet_alexnet_GEN_kp75_seed456,0.75,0.45315,9,False,0.75,alexnet,False,0,0,1,0.4512,76,4,0.4577,77,5,4632,4,0.75,TINYIMAGENET_alexnet_GEN_accuracy_kp7500_seed456,456,60000,85,42,accuracy,100456,0.45315,1,2.8387692417144774,41.60695018619299,10,2.8387692417144774,valid,0.4552866806415283,0.5093335104714646,0.45315,100456
GEN,0.4587,51,51,offspring,2352,2280,TINYIMAGENET,86,main_b1000_tinyimagenet_alexnet_GEN_kp75_seed456,0.75,0.4444,9,False,0.75,alexnet,False,0,0,2,0.4512,76,4,0.4577,77,5,4632,5,0.75,TINYIMAGENET_alexnet_GEN_accuracy_kp7500_seed456,456,60000,86,42,accuracy,100456,0.4444,1,2.936644330406189,41.694388411939144,10,2.936644330406189,valid,0.4449792402052652,0.5133311450975282,0.44439999999999996,100456
GEN,0.4587,51,51,offspring,1960,1960,TINYIMAGENET,87,main_b1000_tinyimagenet_alexnet_GEN_kp75_seed456,0.75,0.4489,9,False,0.75,alexnet,False,0,0,1,0.4587,51,1,0.4529,78,6,3920,6,0.75,TINYIMAGENET_alexnet_GEN_accuracy_kp7500_seed456,456,60000,87,42,accuracy,100456,0.4489,1,2.888146434092522,41.495758309960365,10,2.888146434092522,valid,0.44679987154124423,0.5059389338476281,0.4489,100456
GEN,0.4587,51,51,offspring,1960,1960,TINYIMAGENET,88,main_b1000_tinyimagenet_alexnet_GEN_kp75_seed456,0.75,0.44705,9,False,0.75,alexnet,False,0,0,2,0.4587,51,1,0.4529,78,6,3920,7,0.75,TINYIMAGENET_alexnet_GEN_accuracy_kp7500_seed456,456,60000,88,42,accuracy,100456,0.44705,1,2.8843791361093523,41.412231504917145,10,2.8843791361093523,valid,0.4441398100248329,0.5065662915496393,0.44705,100456
GEN,0.4587,51,51,offspring,1162,1124,TINYIMAGENET,89,main_b1000_tinyimagenet_alexnet_GEN_kp75_seed456,0.75,0.44895,9,False,0.75,alexnet,False,0,0,1,0.4512,76,4,0.4587,51,1,2286,8,0.75,TINYIMAGENET_alexnet_GEN_accuracy_kp7500_seed456,456,60000,89,42,accuracy,100456,0.44895,1,2.8564166139125824,41.68982741236687,10,2.8564166139125824,valid,0.447001970282064,0.5027453953537419,0.44895,100456
GEN,0.4587,51,51,offspring,1124,1162,TINYIMAGENET,90,main_b1000_tinyimagenet_alexnet_GEN_kp75_seed456,0.75,0.4457,9,False,0.75,alexnet,True,6000,3000,2,0.4512,76,4,0.4587,51,1,2286,9,0.75,TINYIMAGENET_alexnet_GEN_accuracy_kp7500_seed456,456,60000,90,42,accuracy,100456,0.4457,1,2.909635504722595,41.76601554453373,10,2.909635504722595,valid,0.4493560257201174,0.5154659772331688,0.4457000000000001,100456
GEN,0.4587,51,51,offspring,1164,1122,TINYIMAGENET,91,main_b1000_tinyimagenet_alexnet_GEN_kp75_seed456,0.75,0.4522,9,False,0.75,alexnet,False,0,0,1,0.4512,76,4,0.4587,51,1,2286,10,0.75,TINYIMAGENET_alexnet_GEN_accuracy_kp7500_seed456,456,60000,91,42,accuracy,100456,0.4522,1,2.8550700326919554,41.434795536100864,10,2.8550700326919554,valid,0.45083018092804394,0.5005860763822365,0.4522,100456
GEN,0.4587,51,51,offspring,562,560,TINYIMAGENET,92,main_b1000_tinyimagenet_alexnet_GEN_kp75_seed456,0.75,0.44385,10,False,0.75,alexnet,False,0,0,1,0.4522,91,10,0.4587,51,1,1122,2,0.75,TINYIMAGENET_alexnet_GEN_accuracy_kp7500_seed456,456,60000,92,42,accuracy,100456,0.44385,1,2.9041203298568727,41.58268304169178,10,2.9041203298568727,valid,0.4424586012519683,0.5045626329817523,0.4438500000000001,100456
GEN,0.4587,51,51,offspring,560,562,TINYIMAGENET,93,main_b1000_tinyimagenet_alexnet_GEN_kp75_seed456,0.75,0.4504,10,False,0.75,alexnet,False,0,0,2,0.4522,91,10,0.4587,51,1,1122,3,0.75,TINYIMAGENET_alexnet_GEN_accuracy_kp7500_seed456,456,60000,93,42,accuracy,100456,0.4504,1,2.859994680261612,41.640551917254925,10,2.859994680261612,valid,0.4494198267884005,0.5045458452031294,0.4504000000000001,100456
GEN,0.4587,51,51,offspring,1120,1158,TINYIMAGENET,94,main_b1000_tinyimagenet_alexnet_GEN_kp75_seed456,0.75,0.45065,10,False,0.75,alexnet,False,0,0,1,0.45315,85,4,0.44895,89,8,2278,4,0.75,TINYIMAGENET_alexnet_GEN_accuracy_kp7500_seed456,456,60000,94,42,accuracy,100456,0.45065,1,2.8480308901309965,41.617651127278805,10,2.8480308901309965,valid,0.45202985304127424,0.5110185626342346,0.45065000000000005,100456
GEN,0.4587,51,51,offspring,1158,1120,TINYIMAGENET,95,main_b1000_tinyimagenet_alexnet_GEN_kp75_seed456,0.75,0.4543,10,False,0.75,alexnet,False,0,0,2,0.45315,85,4,0.44895,89,8,2278,5,0.75,TINYIMAGENET_alexnet_GEN_accuracy_kp7500_seed456,456,60000,95,42,accuracy,100456,0.4543,1,2.8587770120382308,41.51549990475178,10,2.8587770120382308,valid,0.450733277932263,0.5081193222089668,0.4543000000000001,100456
GEN,0.4587,51,51,offspring,1400,1374,TINYIMAGENET,96,main_b1000_tinyimagenet_alexnet_GEN_kp75_seed456,0.75,0.4485,10,False,0.75,alexnet,False,0,0,1,0.4489,87,6,0.45315,85,4,2774,6,0.75,TINYIMAGENET_alexnet_GEN_accuracy_kp7500_seed456,456,60000,96,42,accuracy,100456,0.4485,1,2.861925663805008,41.671098440885544,10,2.861925663805008,valid,0.4470247419430187,0.5038033402646092,0.44849999999999995,100456
GEN,0.4587,51,51,offspring,1374,1400,TINYIMAGENET,97,main_b1000_tinyimagenet_alexnet_GEN_kp75_seed456,0.75,0.44715,10,False,0.75,alexnet,False,0,0,2,0.4489,87,6,0.45315,85,4,2774,7,0.75,TINYIMAGENET_alexnet_GEN_accuracy_kp7500_seed456,456,60000,97,42,accuracy,100456,0.44715,1,2.8648587600231172,41.684637293219566,10,2.8648587600231172,valid,0.4462997082447698,0.5087859848045144,0.44715000000000005,100456
GEN,0.4587,51,51,offspring,3872,3940,TINYIMAGENET,98,main_b1000_tinyimagenet_alexnet_GEN_kp75_seed456,0.75,0.4474,10,False,0.75,alexnet,False,0,0,1,0.4457,90,9,0.44895,89,8,7812,8,0.75,TINYIMAGENET_alexnet_GEN_accuracy_kp7500_seed456,456,60000,98,42,accuracy,100456,0.4474,1,2.9085635271549224,41.544748187065125,10,2.9085635271549224,valid,0.44435018290500883,0.5060538535587064,0.4474,100456
GEN,0.4587,51,51,offspring,3940,3872,TINYIMAGENET,99,main_b1000_tinyimagenet_alexnet_GEN_kp75_seed456,0.75,0.44605,10,False,0.75,alexnet,False,0,0,2,0.4457,90,9,0.44895,89,8,7812,9,0.75,TINYIMAGENET_alexnet_GEN_accuracy_kp7500_seed456,456,60000,99,42,accuracy,100456,0.44605,1,2.9092079473495485,41.57130232453346,10,2.9092079473495485,valid,0.4454328775294751,0.5149073369976039,0.44605000000000006,100456
GEN,0.4587,51,51,offspring,966,994,TINYIMAGENET,100,main_b1000_tinyimagenet_alexnet_GEN_kp75_seed456,0.75,0.451,10,False,0.75,alexnet,False,0,0,1,0.4489,87,6,0.4587,51,1,1960,10,0.75,TINYIMAGENET_alexnet_GEN_accuracy_kp7500_seed456,456,60000,100,42,accuracy,100456,0.451,1,2.8735362407207488,41.5974033921957,10,2.8735362407207488,valid,0.45251338701546684,0.5090876946288206,0.451,100456
GEN,0.4587,51,51,offspring,846,910,TINYIMAGENET,101,main_b1000_tinyimagenet_alexnet_GEN_kp75_seed456,0.75,0.44465,11,False,0.75,alexnet,False,0,0,1,0.4543,95,5,0.4587,51,1,1756,2,0.75,TINYIMAGENET_alexnet_GEN_accuracy_kp7500_seed456,456,60000,101,42,accuracy,100456,0.44465,1,2.918586459684372,41.656779296696186,10,2.918586459684372,valid,0.44323424356984814,0.502881002814429,0.44465000000000005,100456
GEN,0.4587,51,51,offspring,910,846,TINYIMAGENET,102,main_b1000_tinyimagenet_alexnet_GEN_kp75_seed456,0.75,0.45025,11,False,0.75,alexnet,False,0,0,2,0.4543,95,5,0.4587,51,1,1756,3,0.75,TINYIMAGENET_alexnet_GEN_accuracy_kp7500_seed456,456,60000,102,42,accuracy,100456,0.45025,1,2.8383604313850403,41.451972521841526,10,2.8383604313850403,valid,0.44673143103578394,0.5003086501110175,0.45025,100456
GEN,0.4587,51,51,offspring,900,856,TINYIMAGENET,103,main_b1000_tinyimagenet_alexnet_GEN_kp75_seed456,0.75,0.4507,11,False,0.75,alexnet,False,0,0,1,0.4543,95,5,0.4587,51,1,1756,4,0.75,TINYIMAGENET_alexnet_GEN_accuracy_kp7500_seed456,456,60000,103,42,accuracy,100456,0.4507,1,2.8711052634239196,41.66348771005869,10,2.8711052634239196,valid,0.4489701280493933,0.5078692012075674,0.4507,100456
GEN,0.4587,51,51,offspring,856,900,TINYIMAGENET,104,main_b1000_tinyimagenet_alexnet_GEN_kp75_seed456,0.75,0.44605,11,False,0.75,alexnet,False,0,0,2,0.4543,95,5,0.4587,51,1,1756,5,0.75,TINYIMAGENET_alexnet_GEN_accuracy_kp7500_seed456,456,60000,104,42,accuracy,100456,0.44605,1,2.8899426163673403,41.87347652763128,10,2.8899426163673403,valid,0.44517338530833683,0.5069289753185242,0.44604999999999995,100456
GEN,0.4587,51,51,offspring,488,506,TINYIMAGENET,105,main_b1000_tinyimagenet_alexnet_GEN_kp75_seed456,0.75,0.44375,11,False,0.75,alexnet,False,0,0,1,0.4587,51,1,0.451,100,10,994,6,0.75,TINYIMAGENET_alexnet_GEN_accuracy_kp7500_seed456,456,60000,105,42,accuracy,100456,0.44375,1,2.9129437998771666,41.5782466083765,10,2.9129437998771666,valid,0.44291281776347025,0.5077904336643363,0.44375,100456
GEN,0.4587,51,51,offspring,506,488,TINYIMAGENET,106,main_b1000_tinyimagenet_alexnet_GEN_kp75_seed456,0.75,0.45205,11,False,0.75,alexnet,False,0,0,2,0.4587,51,1,0.451,100,10,994,7,0.75,TINYIMAGENET_alexnet_GEN_accuracy_kp7500_seed456,456,60000,106,42,accuracy,100456,0.45205,1,2.8605420369148256,41.586492009460926,10,2.8605420369148256,valid,0.45047236523092077,0.5088108594458497,0.45205,100456
GEN,0.4587,51,51,offspring,1110,1042,TINYIMAGENET,107,main_b1000_tinyimagenet_alexnet_GEN_kp75_seed456,0.75,0.45235,11,False,0.75,alexnet,False,0,0,1,0.4485,96,6,0.4587,51,1,2152,8,0.75,TINYIMAGENET_alexnet_GEN_accuracy_kp7500_seed456,456,60000,107,42,accuracy,100456,0.45235,1,2.8486225648880006,41.71537573635578,10,2.8486225648880006,valid,0.447216333901449,0.5001007779545273,0.45235,100456
GEN,0.4587,51,51,offspring,1042,1110,TINYIMAGENET,108,main_b1000_tinyimagenet_alexnet_GEN_kp75_seed456,0.75,0.448,11,False,0.75,alexnet,False,0,0,2,0.4485,96,6,0.4587,51,1,2152,9,0.75,TINYIMAGENET_alexnet_GEN_accuracy_kp7500_seed456,456,60000,108,42,accuracy,100456,0.448,1,2.904279992055893,41.81898567825556,10,2.904279992055893,valid,0.44512693325892144,0.5071858856253535,0.44799999999999995,100456
GEN,0.4587,51,51,offspring,864,842,TINYIMAGENET,109,main_b1000_tinyimagenet_alexnet_GEN_kp75_seed456,0.75,0.44205,11,False,0.75,alexnet,False,0,0,1,0.45065,94,4,0.4587,51,1,1706,10,0.75,TINYIMAGENET_alexnet_GEN_accuracy_kp7500_seed456,456,60000,109,42,accuracy,100456,0.44205,1,2.905818150138855,41.57079663127661,10,2.905818150138855,valid,0.44112815617296364,0.5055201671845869,0.44205,100456
GEN,0.4587,51,51,offspring,610,594,TINYIMAGENET,110,main_b1000_tinyimagenet_alexnet_GEN_kp75_seed456,0.75,0.4512,12,False,0.75,alexnet,False,0,0,1,0.45235,107,8,0.45205,106,7,1204,2,0.75,TINYIMAGENET_alexnet_GEN_accuracy_kp7500_seed456,456,60000,110,42,accuracy,100456,0.4512,1,2.8626569779872892,41.631095729768276,10,2.8626569779872892,valid,0.45002348004364534,0.5119720649595798,0.4512,100456
GEN,0.4587,51,51,offspring,594,610,TINYIMAGENET,111,main_b1000_tinyimagenet_alexnet_GEN_kp75_seed456,0.75,0.4491,12,False,0.75,alexnet,False,0,0,2,0.45235,107,8,0.45205,106,7,1204,3,0.75,TINYIMAGENET_alexnet_GEN_accuracy_kp7500_seed456,456,60000,111,42,accuracy,100456,0.4491,1,2.888072964644432,41.72216646373272,10,2.888072964644432,valid,0.44560574986285334,0.50379545745499,0.44909999999999994,100456
GEN,0.4587,51,51,offspring,632,640,TINYIMAGENET,112,main_b1000_tinyimagenet_alexnet_GEN_kp75_seed456,0.75,0.4547,12,False,0.75,alexnet,False,0,0,1,0.44605,104,5,0.45205,106,7,1272,4,0.75,TINYIMAGENET_alexnet_GEN_accuracy_kp7500_seed456,456,60000,112,42,accuracy,100456,0.4547,1,2.834329275512695,41.68378318846226,10,2.834329275512695,valid,0.45657884627808437,0.5076556491101762,0.4547,100456
GEN,0.4587,51,51,offspring,640,632,TINYIMAGENET,113,main_b1000_tinyimagenet_alexnet_GEN_kp75_seed456,0.75,0.44495,12,False,0.75,alexnet,False,0,0,2,0.44605,104,5,0.45205,106,7,1272,5,0.75,TINYIMAGENET_alexnet_GEN_accuracy_kp7500_seed456,456,60000,113,42,accuracy,100456,0.44495,1,2.9305442717671393,41.4936640933156,10,2.9305442717671393,valid,0.44128770673917794,0.5027362350708738,0.44494999999999996,100456
GEN,0.4587,51,51,offspring,506,536,TINYIMAGENET,114,main_b1000_tinyimagenet_alexnet_GEN_kp75_seed456,0.75,0.4485,12,False,0.75,alexnet,False,0,0,1,0.4587,51,1,0.45235,107,8,1042,6,0.75,TINYIMAGENET_alexnet_GEN_accuracy_kp7500_seed456,456,60000,114,42,accuracy,100456,0.4485,1,2.8762590822696685,41.64829407632351,10,2.8762590822696685,valid,0.45126571160579154,0.5142129401156074,0.4485,100456
GEN,0.4587,51,51,offspring,536,506,TINYIMAGENET,115,main_b1000_tinyimagenet_alexnet_GEN_kp75_seed456,0.75,0.4447,12,False,0.75,alexnet,False,0,0,2,0.4587,51,1,0.45235,107,8,1042,7,0.75,TINYIMAGENET_alexnet_GEN_accuracy_kp7500_seed456,456,60000,115,42,accuracy,100456,0.4447,1,2.895159672164917,41.880879163742065,10,2.895159672164917,valid,0.4434282477825981,0.5018033855065481,0.4447,100456
GEN,0.4587,51,51,offspring,746,698,TINYIMAGENET,116,main_b1000_tinyimagenet_alexnet_GEN_kp75_seed456,0.75,0.4484,12,False,0.75,alexnet,True,6000,3000,1,0.4507,103,4,0.448,108,9,1444,8,0.75,TINYIMAGENET_alexnet_GEN_accuracy_kp7500_seed456,456,60000,116,42,accuracy,100456,0.4484,1,2.8892799743652344,41.61915251612663,10,2.8892799743652344,valid,0.4481792243086262,0.5089101618565884,0.4484,100456
GEN,0.4587,51,51,offspring,698,746,TINYIMAGENET,117,main_b1000_tinyimagenet_alexnet_GEN_kp75_seed456,0.75,0.4493,12,False,0.75,alexnet,False,0,0,2,0.4507,103,4,0.448,108,9,1444,9,0.75,TINYIMAGENET_alexnet_GEN_accuracy_kp7500_seed456,456,60000,117,42,accuracy,100456,0.4493,1,2.8687727501153946,41.65496742725372,10,2.8687727501153946,valid,0.44690738719320683,0.4992160655898874,0.4493,100456
GEN,0.4587,51,51,offspring,726,666,TINYIMAGENET,118,main_b1000_tinyimagenet_alexnet_GEN_kp75_seed456,0.75,0.4483,12,False,0.75,alexnet,False,0,0,1,0.45025,102,3,0.45235,107,8,1392,10,0.75,TINYIMAGENET_alexnet_GEN_accuracy_kp7500_seed456,456,60000,118,42,accuracy,100456,0.4483,1,2.8646935821056365,41.7549172192812,10,2.8646935821056365,valid,0.4446895625712408,0.49602299480766343,0.44830000000000003,100456
GEN,0.4587,51,51,offspring,508,480,TINYIMAGENET,119,main_b1000_tinyimagenet_alexnet_GEN_kp75_seed456,0.75,0.4486,13,False,0.75,alexnet,False,0,0,1,0.4587,51,1,0.4493,117,9,988,2,0.75,TINYIMAGENET_alexnet_GEN_accuracy_kp7500_seed456,456,60000,119,42,accuracy,100456,0.4486,1,2.859392008161545,41.84295689314604,10,2.859392008161545,valid,0.4494076137960583,0.5066202787257776,0.4486,100456
GEN,0.4587,51,51,offspring,480,508,TINYIMAGENET,120,main_b1000_tinyimagenet_alexnet_GEN_kp75_seed456,0.75,0.446,13,False,0.75,alexnet,False,0,0,2,0.4587,51,1,0.4493,117,9,988,3,0.75,TINYIMAGENET_alexnet_GEN_accuracy_kp7500_seed456,456,60000,120,42,accuracy,100456,0.446,1,2.9062242760658266,41.49680528789759,10,2.9062242760658266,valid,0.44517162456616094,0.5070437144534599,0.446,100456
GEN,0.4587,51,51,offspring,816,678,TINYIMAGENET,121,main_b1000_tinyimagenet_alexnet_GEN_kp75_seed456,0.75,0.45715,13,False,0.75,alexnet,False,0,0,1,0.4493,117,9,0.4512,110,2,1494,4,0.75,TINYIMAGENET_alexnet_GEN_accuracy_kp7500_seed456,456,60000,121,42,accuracy,100456,0.45715,1,2.8417414655923845,41.71058292686939,10,2.8417414655923845,valid,0.45584814495138515,0.5049402369926811,0.45714999999999995,100456
GEN,0.4587,51,51,offspring,678,816,TINYIMAGENET,122,main_b1000_tinyimagenet_alexnet_GEN_kp75_seed456,0.75,0.4505,13,False,0.75,alexnet,False,0,0,2,0.4493,117,9,0.4512,110,2,1494,5,0.75,TINYIMAGENET_alexnet_GEN_accuracy_kp7500_seed456,456,60000,122,42,accuracy,100456,0.4505,1,2.895892675161362,41.85972385853529,10,2.895892675161362,valid,0.4486778710110218,0.5124081550231574,0.45049999999999996,100456
GEN,0.4587,51,51,offspring,342,354,TINYIMAGENET,123,main_b1000_tinyimagenet_alexnet_GEN_kp75_seed456,0.75,0.4507,13,False,0.75,alexnet,False,0,0,1,0.4547,112,4,0.4587,51,1,696,6,0.75,TINYIMAGENET_alexnet_GEN_accuracy_kp7500_seed456,456,60000,123,42,accuracy,100456,0.4507,1,2.898008002758026,41.745008401572704,10,2.898008002758026,valid,0.45095333876495475,0.5086397173523458,0.4507,100456
GEN,0.4587,51,51,offspring,354,342,TINYIMAGENET,124,main_b1000_tinyimagenet_alexnet_GEN_kp75_seed456,0.75,0.4527,13,False,0.75,alexnet,False,0,0,2,0.4547,112,4,0.4587,51,1,696,7,0.75,TINYIMAGENET_alexnet_GEN_accuracy_kp7500_seed456,456,60000,124,42,accuracy,100456,0.4527,1,2.8638298457622526,41.529680632054806,10,2.8638298457622526,valid,0.4514818825631487,0.512242820667747,0.45270000000000005,100456
GEN,0.4587,51,51,offspring,348,348,TINYIMAGENET,125,main_b1000_tinyimagenet_alexnet_GEN_kp75_seed456,0.75,0.4458,13,False,0.75,alexnet,False,0,0,1,0.4587,51,1,0.4547,112,4,696,8,0.75,TINYIMAGENET_alexnet_GEN_accuracy_kp7500_seed456,456,60000,125,42,accuracy,100456,0.4458,1,2.914037296628952,41.77022781968117,10,2.914037296628952,valid,0.4458922479889546,0.5062038765367415,0.4458,100456
GEN,0.4587,51,51,offspring,348,348,TINYIMAGENET,126,main_b1000_tinyimagenet_alexnet_GEN_kp75_seed456,0.75,0.4487,13,False,0.75,alexnet,False,0,0,2,0.4587,51,1,0.4547,112,4,696,9,0.75,TINYIMAGENET_alexnet_GEN_accuracy_kp7500_seed456,456,60000,126,42,accuracy,100456,0.4487,1,2.8962419303894045,41.88945573568344,10,2.8962419303894045,valid,0.4467380501707919,0.509186668647031,0.44870000000000004,100456
GEN,0.4587,51,51,offspring,474,514,TINYIMAGENET,127,main_b1000_tinyimagenet_alexnet_GEN_kp75_seed456,0.75,0.4477,13,False,0.75,alexnet,False,0,0,1,0.4587,51,1,0.4493,117,9,988,10,0.75,TINYIMAGENET_alexnet_GEN_accuracy_kp7500_seed456,456,60000,127,42,accuracy,100456,0.4477,1,2.883006032037735,42.30362959951162,10,2.883006032037735,valid,0.4466613054711543,0.5049577110298639,0.44770000000000004,100456
GEN,0.4587,51,51,offspring,170,178,TINYIMAGENET,128,main_b1000_tinyimagenet_alexnet_GEN_kp75_seed456,0.75,0.449,14,False,0.75,alexnet,True,6000,3000,1,0.4487,126,9,0.4587,51,1,348,2,0.75,TINYIMAGENET_alexnet_GEN_accuracy_kp7500_seed456,456,60000,128,42,accuracy,100456,0.449,1,2.9213744315624237,41.688288010656834,10,2.9213744315624237,valid,0.4470593044302892,0.5026113066981153,0.449,100456
GEN,0.4587,51,51,offspring,178,170,TINYIMAGENET,129,main_b1000_tinyimagenet_alexnet_GEN_kp75_seed456,0.75,0.4456,14,False,0.75,alexnet,False,0,0,2,0.4487,126,9,0.4587,51,1,348,3,0.75,TINYIMAGENET_alexnet_GEN_accuracy_kp7500_seed456,456,60000,129,42,accuracy,100456,0.4456,1,2.88574332485199,41.936958871781826,10,2.88574332485199,valid,0.4467607533814389,0.509724878170403,0.4456,100456
GEN,0.4587,51,51,offspring,522,512,TINYIMAGENET,130,main_b1000_tinyimagenet_alexnet_GEN_kp75_seed456,0.75,0.45285,14,False,0.75,alexnet,False,0,0,1,0.4505,122,5,0.4487,126,9,1034,4,0.75,TINYIMAGENET_alexnet_GEN_accuracy_kp7500_seed456,456,60000,130,42,accuracy,100456,0.45285,1,2.8601221162080765,41.84355993568897,10,2.8601221162080765,valid,0.4479135958815475,0.5002602940784242,0.45285,100456
GEN,0.4587,51,51,offspring,512,522,TINYIMAGENET,131,main_b1000_tinyimagenet_alexnet_GEN_kp75_seed456,0.75,0.4511,14,False,0.75,alexnet,False,0,0,2,0.4505,122,5,0.4487,126,9,1034,5,0.75,TINYIMAGENET_alexnet_GEN_accuracy_kp7500_seed456,456,60000,131,42,accuracy,100456,0.4511,1,2.8690863656520844,41.533949077129364,10,2.8690863656520844,valid,0.45126904630098813,0.5125856959135863,0.4511,100456
GEN,0.4587,51,51,offspring,408,426,TINYIMAGENET,132,main_b1000_tinyimagenet_alexnet_GEN_kp75_seed456,0.75,0.44075,14,False,0.75,alexnet,False,0,0,1,0.45715,121,4,0.4477,127,10,834,6,0.75,TINYIMAGENET_alexnet_GEN_accuracy_kp7500_seed456,456,60000,132,42,accuracy,100456,0.44075,1,2.9487628992557524,41.895219065248966,10,2.9487628992557524,valid,0.4379956902837307,0.5052774690245776,0.44075,100456
GEN,0.4587,51,51,offspring,426,408,TINYIMAGENET,133,main_b1000_tinyimagenet_alexnet_GEN_kp75_seed456,0.75,0.4498,14,False,0.75,alexnet,False,0,0,2,0.45715,121,4,0.4477,127,10,834,7,0.75,TINYIMAGENET_alexnet_GEN_accuracy_kp7500_seed456,456,60000,133,42,accuracy,100456,0.4498,1,2.8427144849300383,41.90997004508972,10,2.8427144849300383,valid,0.4486885625235945,0.4985629432854138,0.44980000000000003,100456
GEN,0.4587,51,51,offspring,172,170,TINYIMAGENET,134,main_b1000_tinyimagenet_alexnet_GEN_kp75_seed456,0.75,0.448,14,False,0.75,alexnet,False,0,0,1,0.4587,51,1,0.4527,124,7,342,8,0.75,TINYIMAGENET_alexnet_GEN_accuracy_kp7500_seed456,456,60000,134,42,accuracy,100456,0.448,1,2.8912084640264513,41.69033087044954,10,2.8912084640264513,valid,0.4469253839750945,0.5118947328191655,0.44799999999999995,100456
GEN,0.4587,51,51,offspring,170,172,TINYIMAGENET,135,main_b1000_tinyimagenet_alexnet_GEN_kp75_seed456,0.75,0.4471,14,False,0.75,alexnet,False,0,0,2,0.4587,51,1,0.4527,124,7,342,9,0.75,TINYIMAGENET_alexnet_GEN_accuracy_kp7500_seed456,456,60000,135,42,accuracy,100456,0.4471,1,2.8785669950962065,41.67772455513477,10,2.8785669950962065,valid,0.44988468202142656,0.5173889268718673,0.4471,100456
GEN,0.4587,51,51,offspring,530,516,TINYIMAGENET,136,main_b1000_tinyimagenet_alexnet_GEN_kp75_seed456,0.75,0.44715,14,False,0.75,alexnet,False,0,0,1,0.4507,123,6,0.45715,121,4,1046,10,0.75,TINYIMAGENET_alexnet_GEN_accuracy_kp7500_seed456,456,60000,136,42,accuracy,100456,0.44715,1,2.8991509378910063,41.791873037815094,10,2.8991509378910063,valid,0.4428808616701096,0.5031127167788599,0.44714999999999994,100456
GEN,0.4587,51,51,offspring,302,316,TINYIMAGENET,137,main_b1000_tinyimagenet_alexnet_GEN_kp75_seed456,0.75,0.45405,15,False,0.75,alexnet,False,0,0,1,0.4587,51,1,0.45285,130,4,618,2,0.75,TINYIMAGENET_alexnet_GEN_accuracy_kp7500_seed456,456,60000,137,42,accuracy,100456,0.45405,1,2.836313862657547,41.93427988141775,10,2.836313862657547,valid,0.4527067061356494,0.506636543331756,0.45405,100456
GEN,0.4587,51,51,offspring,316,302,TINYIMAGENET,138,main_b1000_tinyimagenet_alexnet_GEN_kp75_seed456,0.75,0.4457,15,False,0.75,alexnet,True,6000,3000,2,0.4587,51,1,0.45285,130,4,618,3,0.75,TINYIMAGENET_alexnet_GEN_accuracy_kp7500_seed456,456,60000,138,42,accuracy,100456,0.4457,1,2.8949894644975664,41.57081277668476,10,2.8949894644975664,valid,0.4450800265626627,0.5096673034191261,0.4457,100456
GEN,0.4587,51,51,offspring,462,502,TINYIMAGENET,139,main_b1000_tinyimagenet_alexnet_GEN_kp75_seed456,0.75,0.4574,15,False,0.75,alexnet,False,0,0,1,0.4511,131,5,0.44715,136,10,964,4,0.75,TINYIMAGENET_alexnet_GEN_accuracy_kp7500_seed456,456,60000,139,42,accuracy,100456,0.4574,1,2.815726931762695,41.90210867673159,10,2.815726931762695,valid,0.45260969121004097,0.5010246272340718,0.45740000000000003,100456
GEN,0.4587,51,51,offspring,502,462,TINYIMAGENET,140,main_b1000_tinyimagenet_alexnet_GEN_kp75_seed456,0.75,0.44965,15,False,0.75,alexnet,False,0,0,2,0.4511,131,5,0.44715,136,10,964,5,0.75,TINYIMAGENET_alexnet_GEN_accuracy_kp7500_seed456,456,60000,140,42,accuracy,100456,0.44965,1,2.908057212114334,41.89646968990564,10,2.908057212114334,valid,0.44543450859215766,0.5072339281428904,0.44965000000000005,100456
GEN,0.4587,51,51,offspring,3118,3082,TINYIMAGENET,141,main_b1000_tinyimagenet_alexnet_GEN_kp75_seed456,0.75,0.44835,15,False,0.75,alexnet,False,0,0,1,0.449,128,2,0.448,134,8,6200,6,0.75,TINYIMAGENET_alexnet_GEN_accuracy_kp7500_seed456,456,60000,141,42,accuracy,100456,0.44835,1,2.8974846539497374,41.88972691446543,10,2.8974846539497374,valid,0.4479208338305557,0.5136320149799775,0.4483500000000001,100456
GEN,0.4587,51,51,offspring,3082,3118,TINYIMAGENET,142,main_b1000_tinyimagenet_alexnet_GEN_kp75_seed456,0.75,0.45135,15,False,0.75,alexnet,False,0,0,2,0.449,128,2,0.448,134,8,6200,7,0.75,TINYIMAGENET_alexnet_GEN_accuracy_kp7500_seed456,456,60000,142,42,accuracy,100456,0.45135,1,2.84690656914711,41.67944226413965,10,2.84690656914711,valid,0.44959654573813873,0.4993345438375759,0.45135000000000003,100456
GEN,0.4587,51,51,offspring,96,76,TINYIMAGENET,143,main_b1000_tinyimagenet_alexnet_GEN_kp75_seed456,0.75,0.4522,15,False,0.75,alexnet,False,0,0,1,0.4587,51,1,0.448,134,8,172,8,0.75,TINYIMAGENET_alexnet_GEN_accuracy_kp7500_seed456,456,60000,143,42,accuracy,100456,0.4522,1,2.901571429133415,41.911452911794186,10,2.901571429133415,valid,0.45127119166455715,0.5182786249753704,0.4522,100456
GEN,0.4587,51,51,offspring,76,96,TINYIMAGENET,144,main_b1000_tinyimagenet_alexnet_GEN_kp75_seed456,0.75,0.45555,15,False,0.75,alexnet,False,0,0,2,0.4587,51,1,0.448,134,8,172,9,0.75,TINYIMAGENET_alexnet_GEN_accuracy_kp7500_seed456,456,60000,144,42,accuracy,100456,0.45555,1,2.830789546251297,41.95229159295559,10,2.830789546251297,valid,0.4547316211023009,0.5092476405348033,0.4555499999999999,100456
GEN,0.4587,51,51,offspring,314,302,TINYIMAGENET,145,main_b1000_tinyimagenet_alexnet_GEN_kp75_seed456,0.75,0.44895,15,False,0.75,alexnet,False,0,0,1,0.4587,51,1,0.44715,136,10,616,10,0.75,TINYIMAGENET_alexnet_GEN_accuracy_kp7500_seed456,456,60000,145,42,accuracy,100456,0.44895,1,2.887591009616852,41.82638269662857,10,2.887591009616852,valid,0.4489561007469031,0.5100735112266928,0.44895,100456
GEN,0.4587,51,51,offspring,36,40,TINYIMAGENET,146,main_b1000_tinyimagenet_alexnet_GEN_kp75_seed456,0.75,0.449,16,False,0.75,alexnet,False,0,0,1,0.4587,51,1,0.45555,144,9,76,2,0.75,TINYIMAGENET_alexnet_GEN_accuracy_kp7500_seed456,456,60000,146,42,accuracy,100456,0.449,1,2.864294240617752,41.74455014616251,10,2.864294240617752,valid,0.4467679739906081,0.5024167055995825,0.449,100456
GEN,0.4587,51,51,offspring,40,36,TINYIMAGENET,147,main_b1000_tinyimagenet_alexnet_GEN_kp75_seed456,0.75,0.4542,16,False,0.75,alexnet,False,0,0,2,0.4587,51,1,0.45555,144,9,76,3,0.75,TINYIMAGENET_alexnet_GEN_accuracy_kp7500_seed456,456,60000,147,42,accuracy,100456,0.4542,1,2.805560094833374,41.820212841033936,10,2.805560094833374,valid,0.4546260989839013,0.5035065688879797,0.4542,100456
GEN,0.4587,51,51,offspring,296,300,TINYIMAGENET,148,main_b1000_tinyimagenet_alexnet_GEN_kp75_seed456,0.75,0.4503,16,False,0.75,alexnet,False,0,0,1,0.4574,139,4,0.4587,51,1,596,4,0.75,TINYIMAGENET_alexnet_GEN_accuracy_kp7500_seed456,456,60000,148,42,accuracy,100456,0.4503,1,2.871247765827179,42.01830527186394,10,2.871247765827179,valid,0.44971484575462023,0.5031590844220089,0.45030000000000003,100456
GEN,0.4587,51,51,offspring,300,296,TINYIMAGENET,149,main_b1000_tinyimagenet_alexnet_GEN_kp75_seed456,0.75,0.45055,16,False,0.75,alexnet,False,0,0,2,0.4574,139,4,0.4587,51,1,596,5,0.75,TINYIMAGENET_alexnet_GEN_accuracy_kp7500_seed456,456,60000,149,42,accuracy,100456,0.45055,1,2.8637183382749556,41.47306777536869,10,2.8637183382749556,valid,0.44809664888849754,0.5004429213221782,0.45055,100456
GEN,0.4587,51,51,offspring,86,86,TINYIMAGENET,150,main_b1000_tinyimagenet_alexnet_GEN_kp75_seed456,0.75,0.45205,16,False,0.75,alexnet,False,0,0,1,0.45555,144,9,0.4522,143,8,172,6,0.75,TINYIMAGENET_alexnet_GEN_accuracy_kp7500_seed456,456,60000,150,42,accuracy,100456,0.45205,1,2.8403074771404264,41.83216189593077,10,2.8403074771404264,valid,0.45076754287940946,0.5076919752178825,0.45205,100456
GEN,0.4587,51,51,offspring,86,86,TINYIMAGENET,151,main_b1000_tinyimagenet_alexnet_GEN_kp75_seed456,0.75,0.4456,16,False,0.75,alexnet,False,0,0,2,0.45555,144,9,0.4522,143,8,172,7,0.75,TINYIMAGENET_alexnet_GEN_accuracy_kp7500_seed456,456,60000,151,42,accuracy,100456,0.4456,1,2.9083122946977618,42.207482263445854,10,2.9083122946977618,valid,0.44590012410927504,0.5096881222456101,0.4456,100456
GEN,0.4587,51,51,offspring,316,326,TINYIMAGENET,152,main_b1000_tinyimagenet_alexnet_GEN_kp75_seed456,0.75,0.4464,16,False,0.75,alexnet,True,6000,3000,1,0.45555,144,9,0.4574,139,4,642,8,0.75,TINYIMAGENET_alexnet_GEN_accuracy_kp7500_seed456,456,60000,152,42,accuracy,100456,0.4464,1,2.9235106322288513,41.88710277527571,10,2.9235106322288513,valid,0.44470444016686805,0.5123537972430258,0.4464,100456
GEN,0.4587,51,51,offspring,326,316,TINYIMAGENET,153,main_b1000_tinyimagenet_alexnet_GEN_kp75_seed456,0.75,0.4548,16,False,0.75,alexnet,True,6000,3000,2,0.45555,144,9,0.4574,139,4,642,9,0.75,TINYIMAGENET_alexnet_GEN_accuracy_kp7500_seed456,456,60000,153,42,accuracy,100456,0.4548,1,2.846881721019745,41.96223198622465,10,2.846881721019745,valid,0.45283853691929465,0.5105342131182434,0.45480000000000004,100456
GEN,0.4587,51,51,offspring,152,150,TINYIMAGENET,154,main_b1000_tinyimagenet_alexnet_GEN_kp75_seed456,0.75,0.45145,16,False,0.75,alexnet,False,0,0,1,0.45405,137,2,0.4587,51,1,302,10,0.75,TINYIMAGENET_alexnet_GEN_accuracy_kp7500_seed456,456,60000,154,42,accuracy,100456,0.45145,1,2.858299531078339,42.05047765374184,10,2.858299531078339,valid,0.45120616943498953,0.5094794351347128,0.45144999999999996,100456
GEN,0.4587,51,51,offspring,3140,3126,TINYIMAGENET,155,main_b1000_tinyimagenet_alexnet_GEN_kp75_seed456,0.75,0.44205,17,False,0.75,alexnet,False,0,0,1,0.4548,153,9,0.4542,147,3,6266,2,0.75,TINYIMAGENET_alexnet_GEN_accuracy_kp7500_seed456,456,60000,155,42,accuracy,100456,0.44205,1,2.9347795278072355,42.11396311223507,10,2.9347795278072355,valid,0.4402190173419829,0.5036851474251823,0.44205,100456
GEN,0.4587,51,51,offspring,3126,3140,TINYIMAGENET,156,main_b1000_tinyimagenet_alexnet_GEN_kp75_seed456,0.75,0.4511,17,False,0.75,alexnet,False,0,0,2,0.4548,153,9,0.4542,147,3,6266,3,0.75,TINYIMAGENET_alexnet_GEN_accuracy_kp7500_seed456,456,60000,156,42,accuracy,100456,0.4511,1,2.8478348093032837,41.83636012673378,10,2.8478348093032837,valid,0.44883408846760986,0.49865390959539124,0.4511,100456
GEN,0.4587,51,51,offspring,3022,3266,TINYIMAGENET,157,main_b1000_tinyimagenet_alexnet_GEN_kp75_seed456,0.75,0.4462,17,False,0.75,alexnet,False,0,0,1,0.45205,150,6,0.4548,153,9,6288,4,0.75,TINYIMAGENET_alexnet_GEN_accuracy_kp7500_seed456,456,60000,157,42,accuracy,100456,0.4462,1,2.893872980415821,42.11281402409077,10,2.893872980415821,valid,0.44619700820223246,0.5092240159704928,0.44620000000000004,100456
GEN,0.4587,51,51,offspring,3266,3022,TINYIMAGENET,158,main_b1000_tinyimagenet_alexnet_GEN_kp75_seed456,0.75,0.45235,17,False,0.75,alexnet,False,0,0,2,0.45205,150,6,0.4548,153,9,6288,5,0.75,TINYIMAGENET_alexnet_GEN_accuracy_kp7500_seed456,456,60000,158,42,accuracy,100456,0.45235,1,2.863055642914772,42.26362581551075,10,2.863055642914772,valid,0.45371029343631153,0.5115055360153893,0.45235,100456
GEN,0.4587,51,51,offspring,3128,3160,TINYIMAGENET,159,main_b1000_tinyimagenet_alexnet_GEN_kp75_seed456,0.75,0.4478,17,False,0.75,alexnet,False,0,0,1,0.45205,150,6,0.4548,153,9,6288,6,0.75,TINYIMAGENET_alexnet_GEN_accuracy_kp7500_seed456,456,60000,159,42,accuracy,100456,0.4478,1,2.872121428060532,42.007922418415546,10,2.872121428060532,valid,0.4477455100541622,0.5085809034544516,0.44780000000000003,100456
GEN,0.4587,51,51,offspring,3160,3128,TINYIMAGENET,160,main_b1000_tinyimagenet_alexnet_GEN_kp75_seed456,0.75,0.4446,17,False,0.75,alexnet,False,0,0,2,0.45205,150,6,0.4548,153,9,6288,7,0.75,TINYIMAGENET_alexnet_GEN_accuracy_kp7500_seed456,456,60000,160,42,accuracy,100456,0.4446,1,2.9173724008083344,41.8076356947422,10,2.9173724008083344,valid,0.4419713970803336,0.5176264267710371,0.4446,100456
GEN,0.4587,51,51,offspring,36,46,TINYIMAGENET,161,main_b1000_tinyimagenet_alexnet_GEN_kp75_seed456,0.75,0.45385,17,False,0.75,alexnet,False,0,0,1,0.4587,51,1,0.45205,150,6,82,8,0.75,TINYIMAGENET_alexnet_GEN_accuracy_kp7500_seed456,456,60000,161,42,accuracy,100456,0.45385,1,2.8348471861839295,42.19549882411957,10,2.8348471861839295,valid,0.452180180782279,0.5036920583033616,0.45385,100456
GEN,0.4587,51,51,offspring,46,36,TINYIMAGENET,162,main_b1000_tinyimagenet_alexnet_GEN_kp75_seed456,0.75,0.45635,17,False,0.75,alexnet,False,0,0,2,0.4587,51,1,0.45205,150,6,82,9,0.75,TINYIMAGENET_alexnet_GEN_accuracy_kp7500_seed456,456,60000,162,42,accuracy,100456,0.45635,1,2.838373337554932,42.17718715965748,10,2.838373337554932,valid,0.45314746919634147,0.5075693831231823,0.45635000000000003,100456
GEN,0.4587,51,51,offspring,176,178,TINYIMAGENET,163,main_b1000_tinyimagenet_alexnet_GEN_kp75_seed456,0.75,0.44925,17,False,0.75,alexnet,False,0,0,1,0.45055,149,5,0.45205,150,6,354,10,0.75,TINYIMAGENET_alexnet_GEN_accuracy_kp7500_seed456,456,60000,163,42,accuracy,100456,0.44925,1,2.8812658681869507,42.00171686708927,10,2.8812658681869507,valid,0.44731872222291796,0.5083034984808014,0.44925,100456
GEN,0.4587,51,51,offspring,44,38,TINYIMAGENET,164,main_b1000_tinyimagenet_alexnet_GEN_kp75_seed456,0.75,0.45155,18,False,0.75,alexnet,False,0,0,1,0.45635,162,9,0.45385,161,8,82,2,0.75,TINYIMAGENET_alexnet_GEN_accuracy_kp7500_seed456,456,60000,164,42,accuracy,100456,0.45155,1,2.867469943523407,41.76733410358429,10,2.867469943523407,valid,0.4512724164931896,0.5079683902397147,0.45155,100456
GEN,0.4587,51,51,offspring,38,44,TINYIMAGENET,165,main_b1000_tinyimagenet_alexnet_GEN_kp75_seed456,0.75,0.44715,18,False,0.75,alexnet,False,0,0,2,0.45635,162,9,0.45385,161,8,82,3,0.75,TINYIMAGENET_alexnet_GEN_accuracy_kp7500_seed456,456,60000,165,42,accuracy,100456,0.44715,1,2.897412087726593,42.17767760902643,10,2.897412087726593,valid,0.44358450087660223,0.5048857787101053,0.44715000000000005,100456
GEN,0.4587,51,51,offspring,52,30,TINYIMAGENET,166,main_b1000_tinyimagenet_alexnet_GEN_kp75_seed456,0.75,0.4425,18,False,0.75,alexnet,False,0,0,1,0.45635,162,9,0.45385,161,8,82,4,0.75,TINYIMAGENET_alexnet_GEN_accuracy_kp7500_seed456,456,60000,166,42,accuracy,100456,0.4425,1,2.8927876418352128,42.13943972438574,10,2.8927876418352128,valid,0.44038817592361823,0.5020551846313288,0.4425,100456
GEN,0.4587,51,51,offspring,30,52,TINYIMAGENET,167,main_b1000_tinyimagenet_alexnet_GEN_kp75_seed456,0.75,0.4542,18,False,0.75,alexnet,False,0,0,2,0.45635,162,9,0.45385,161,8,82,5,0.75,TINYIMAGENET_alexnet_GEN_accuracy_kp7500_seed456,456,60000,167,42,accuracy,100456,0.4542,1,2.868008713722229,41.73080263286829,10,2.868008713722229,valid,0.45174098873570884,0.505043219599075,0.4542,100456
GEN,0.4587,51,51,offspring,18,28,TINYIMAGENET,168,main_b1000_tinyimagenet_alexnet_GEN_kp75_seed456,0.75,0.45735,18,False,0.75,alexnet,False,0,0,1,0.45635,162,9,0.4587,51,1,46,6,0.75,TINYIMAGENET_alexnet_GEN_accuracy_kp7500_seed456,456,60000,168,42,accuracy,100456,0.45735,1,2.845578000283241,41.92610418796539,10,2.845578000283241,valid,0.45424996345560403,0.5105879425874039,0.45735,100456
GEN,0.4587,51,51,offspring,28,18,TINYIMAGENET,169,main_b1000_tinyimagenet_alexnet_GEN_kp75_seed456,0.75,0.44845,18,False,0.75,alexnet,False,0,0,2,0.45635,162,9,0.4587,51,1,46,7,0.75,TINYIMAGENET_alexnet_GEN_accuracy_kp7500_seed456,456,60000,169,42,accuracy,100456,0.44845,1,2.875775786089897,42.23987849801779,10,2.875775786089897,valid,0.4487416183049081,0.5097056512796949,0.44845,100456
GEN,0.4587,51,51,offspring,20,26,TINYIMAGENET,170,main_b1000_tinyimagenet_alexnet_GEN_kp75_seed456,0.75,0.4541,18,False,0.75,alexnet,False,0,0,1,0.45635,162,9,0.4587,51,1,46,8,0.75,TINYIMAGENET_alexnet_GEN_accuracy_kp7500_seed456,456,60000,170,42,accuracy,100456,0.4541,1,2.836570907354355,42.064271710813046,10,2.836570907354355,valid,0.4507464350343092,0.4987857002084746,0.45409999999999995,100456
GEN,0.4587,51,51,offspring,26,20,TINYIMAGENET,171,main_b1000_tinyimagenet_alexnet_GEN_kp75_seed456,0.75,0.4507,18,False,0.75,alexnet,False,0,0,2,0.45635,162,9,0.4587,51,1,46,9,0.75,TINYIMAGENET_alexnet_GEN_accuracy_kp7500_seed456,456,60000,171,42,accuracy,100456,0.4507,1,2.8921151543617247,41.8460461422801,10,2.8921151543617247,valid,0.44876550657744574,0.5155157368294351,0.4507,100456
GEN,0.4587,51,51,offspring,1628,1600,TINYIMAGENET,172,main_b1000_tinyimagenet_alexnet_GEN_kp75_seed456,0.75,0.45365,18,False,0.75,alexnet,True,6000,3000,1,0.4511,156,3,0.44925,163,10,3228,10,0.75,TINYIMAGENET_alexnet_GEN_accuracy_kp7500_seed456,456,60000,172,42,accuracy,100456,0.45365,1,2.857440905761719,42.11266806721687,10,2.857440905761719,valid,0.45395799687916494,0.5101027164500163,0.45365,100456
GEN,0.4587,51,51,offspring,22,16,TINYIMAGENET,173,main_b1000_tinyimagenet_alexnet_GEN_kp75_seed456,0.75,0.4513,19,False,0.75,alexnet,False,0,0,1,0.4542,167,5,0.4587,51,1,38,2,0.75,TINYIMAGENET_alexnet_GEN_accuracy_kp7500_seed456,456,60000,173,42,accuracy,100456,0.4513,1,2.898942854833603,42.136077754199505,10,2.898942854833603,valid,0.4509590699007131,0.5084399597529845,0.45130000000000003,100456
GEN,0.4587,51,51,offspring,16,22,TINYIMAGENET,174,main_b1000_tinyimagenet_alexnet_GEN_kp75_seed456,0.75,0.4544,19,False,0.75,alexnet,False,0,0,2,0.4542,167,5,0.4587,51,1,38,3,0.75,TINYIMAGENET_alexnet_GEN_accuracy_kp7500_seed456,456,60000,174,42,accuracy,100456,0.4544,1,2.840199893641472,41.84360434859991,10,2.840199893641472,valid,0.4535901278167513,0.5070362677030213,0.45439999999999997,100456
GEN,0.4587,51,51,offspring,3630,3702,TINYIMAGENET,175,main_b1000_tinyimagenet_alexnet_GEN_kp75_seed456,0.75,0.4507,19,False,0.75,alexnet,False,0,0,1,0.4587,51,1,0.45365,172,10,7332,4,0.75,TINYIMAGENET_alexnet_GEN_accuracy_kp7500_seed456,456,60000,175,42,accuracy,100456,0.4507,1,2.8392645990371705,41.979025952517986,10,2.8392645990371705,valid,0.44848182655107166,0.49953773791990935,0.4507,100456
GEN,0.4587,51,51,offspring,3702,3630,TINYIMAGENET,176,main_b1000_tinyimagenet_alexnet_GEN_kp75_seed456,0.75,0.4479,19,False,0.75,alexnet,False,0,0,2,0.4587,51,1,0.45365,172,10,7332,5,0.75,TINYIMAGENET_alexnet_GEN_accuracy_kp7500_seed456,456,60000,176,42,accuracy,100456,0.4479,1,2.906094129180908,42.15682718902826,10,2.906094129180908,valid,0.44583190792835553,0.5072730680681058,0.44789999999999996,100456
GEN,0.4587,51,51,offspring,16,22,TINYIMAGENET,177,main_b1000_tinyimagenet_alexnet_GEN_kp75_seed456,0.75,0.4536,19,False,0.75,alexnet,False,0,0,1,0.4542,167,5,0.4587,51,1,38,6,0.75,TINYIMAGENET_alexnet_GEN_accuracy_kp7500_seed456,456,60000,177,42,accuracy,100456,0.4536,1,2.8396011710882187,42.13459822535515,10,2.8396011710882187,valid,0.4538369692707878,0.5096803151025268,0.4536,100456
GEN,0.4587,51,51,offspring,22,16,TINYIMAGENET,178,main_b1000_tinyimagenet_alexnet_GEN_kp75_seed456,0.75,0.44785,19,False,0.75,alexnet,False,0,0,2,0.4542,167,5,0.4587,51,1,38,7,0.75,TINYIMAGENET_alexnet_GEN_accuracy_kp7500_seed456,456,60000,178,42,accuracy,100456,0.44785,1,2.8985414383888246,41.88748938590288,10,2.8985414383888246,valid,0.4454902456284014,0.5072517623777051,0.44784999999999997,100456
GEN,0.4587,51,51,offspring,12,20,TINYIMAGENET,179,main_b1000_tinyimagenet_alexnet_GEN_kp75_seed456,0.75,0.4517,19,False,0.75,alexnet,False,0,0,1,0.4542,167,5,0.4541,170,8,32,8,0.75,TINYIMAGENET_alexnet_GEN_accuracy_kp7500_seed456,456,60000,179,42,accuracy,100456,0.4517,1,2.8641429646968843,42.17908226698637,10,2.8641429646968843,valid,0.44662211590210077,0.49865584502483995,0.4517,100456
GEN,0.4587,51,51,offspring,20,12,TINYIMAGENET,180,main_b1000_tinyimagenet_alexnet_GEN_kp75_seed456,0.75,0.458,19,False,0.75,alexnet,False,0,0,2,0.4542,167,5,0.4541,170,8,32,9,0.75,TINYIMAGENET_alexnet_GEN_accuracy_kp7500_seed456,456,60000,180,42,accuracy,100456,0.458,1,2.8080275237441064,42.351574152708054,10,2.8080275237441064,valid,0.45547185240618043,0.5006534147049867,0.45799999999999996,100456
GEN,0.4587,51,51,offspring,14,24,TINYIMAGENET,181,main_b1000_tinyimagenet_alexnet_GEN_kp75_seed456,0.75,0.45455,19,False,0.75,alexnet,False,0,0,1,0.4542,167,5,0.4587,51,1,38,10,0.75,TINYIMAGENET_alexnet_GEN_accuracy_kp7500_seed456,456,60000,181,42,accuracy,100456,0.45455,1,2.8417697996139526,42.12383063137531,10,2.8417697996139526,valid,0.4512900971664516,0.5022277488094042,0.45455,100456
GEN,0.4587,51,51,offspring,10,6,TINYIMAGENET,182,main_b1000_tinyimagenet_alexnet_GEN_kp75_seed456,0.75,0.4548,20,False,0.75,alexnet,False,0,0,1,0.458,180,9,0.45455,181,10,16,2,0.75,TINYIMAGENET_alexnet_GEN_accuracy_kp7500_seed456,456,60000,182,42,accuracy,100456,0.4548,1,2.8435325318574907,41.94473871588707,10,2.8435325318574907,valid,0.4532025771082223,0.5118449783894437,0.45480000000000004,100456
GEN,0.4587,51,51,offspring,6,10,TINYIMAGENET,183,main_b1000_tinyimagenet_alexnet_GEN_kp75_seed456,0.75,0.44605,20,False,0.75,alexnet,True,6000,3000,2,0.458,180,9,0.45455,181,10,16,3,0.75,TINYIMAGENET_alexnet_GEN_accuracy_kp7500_seed456,456,60000,183,42,accuracy,100456,0.44605,1,2.902341586780548,42.31641447544098,10,2.902341586780548,valid,0.4431525860434189,0.5111109307021622,0.44605000000000006,100456
GEN,0.45925,184,184,offspring,12,6,TINYIMAGENET,184,main_b1000_tinyimagenet_alexnet_GEN_kp75_seed456,0.75,0.45925,20,True,0.75,alexnet,False,0,0,1,0.45455,181,10,0.4544,174,3,18,4,0.75,TINYIMAGENET_alexnet_GEN_accuracy_kp7500_seed456,456,60000,184,42,accuracy,100456,0.45925,1,2.8173866584539415,42.2725406140089,10,2.8173866584539415,valid,0.45815908415947354,0.5131430883729324,0.45925,100456
GEN,0.45925,184,184,offspring,6,12,TINYIMAGENET,185,main_b1000_tinyimagenet_alexnet_GEN_kp75_seed456,0.75,0.45475,20,False,0.75,alexnet,False,0,0,2,0.45455,181,10,0.4544,174,3,18,5,0.75,TINYIMAGENET_alexnet_GEN_accuracy_kp7500_seed456,456,60000,185,42,accuracy,100456,0.45475,1,2.82457066655159,41.887231558561325,10,2.82457066655159,valid,0.4523935091637803,0.5019236004367152,0.45474999999999993,100456
GEN,0.45925,184,184,offspring,12,12,TINYIMAGENET,186,main_b1000_tinyimagenet_alexnet_GEN_kp75_seed456,0.75,0.45505,20,False,0.75,alexnet,False,0,0,1,0.4587,51,1,0.45455,181,10,24,6,0.75,TINYIMAGENET_alexnet_GEN_accuracy_kp7500_seed456,456,60000,186,42,accuracy,100456,0.45505,1,2.8339116618156432,42.23024721443653,10,2.8339116618156432,valid,0.4538794893965059,0.5102610653307635,0.45504999999999995,100456
GEN,0.45925,184,184,offspring,12,12,TINYIMAGENET,187,main_b1000_tinyimagenet_alexnet_GEN_kp75_seed456,0.75,0.4564,20,False,0.75,alexnet,False,0,0,2,0.4587,51,1,0.45455,181,10,24,7,0.75,TINYIMAGENET_alexnet_GEN_accuracy_kp7500_seed456,456,60000,187,42,accuracy,100456,0.4564,1,2.82023541200161,42.210317708551884,10,2.82023541200161,valid,0.4535760115363716,0.5069125881909434,0.45640000000000003,100456
GEN,0.45925,184,184,offspring,20,18,TINYIMAGENET,188,main_b1000_tinyimagenet_alexnet_GEN_kp75_seed456,0.75,0.45315,20,False,0.75,alexnet,False,0,0,1,0.4513,173,2,0.4544,174,3,38,8,0.75,TINYIMAGENET_alexnet_GEN_accuracy_kp7500_seed456,456,60000,188,42,accuracy,100456,0.45315,1,2.876875051355362,42.12398550659418,10,2.876875051355362,valid,0.4516495474218998,0.5072848236733175,0.45315,100456
GEN,0.45925,184,184,offspring,18,20,TINYIMAGENET,189,main_b1000_tinyimagenet_alexnet_GEN_kp75_seed456,0.75,0.4513,20,False,0.75,alexnet,False,0,0,2,0.4513,173,2,0.4544,174,3,38,9,0.75,TINYIMAGENET_alexnet_GEN_accuracy_kp7500_seed456,456,60000,189,42,accuracy,100456,0.4513,1,2.873355614209175,41.87499478459358,10,2.873355614209175,valid,0.449355780003429,0.509631892775269,0.4513,100456
GEN,0.45925,184,184,offspring,12,10,TINYIMAGENET,190,main_b1000_tinyimagenet_alexnet_GEN_kp75_seed456,0.75,0.45225,20,False,0.75,alexnet,False,0,0,1,0.4544,174,3,0.4587,51,1,22,10,0.75,TINYIMAGENET_alexnet_GEN_accuracy_kp7500_seed456,456,60000,190,42,accuracy,100456,0.45225,1,2.8777054462194442,42.27552133798599,10,2.8777054462194442,valid,0.44863072613926597,0.5101732249679961,0.45225000000000004,100456
GEN,0.45925,184,184,offspring,12,12,TINYIMAGENET,191,main_b1000_tinyimagenet_alexnet_GEN_kp75_seed456,0.75,0.4532,21,False,0.75,alexnet,False,0,0,1,0.4548,182,2,0.4587,51,1,24,2,0.75,TINYIMAGENET_alexnet_GEN_accuracy_kp7500_seed456,456,60000,191,42,accuracy,100456,0.4532,1,2.8420346821546554,42.27638018876314,10,2.8420346821546554,valid,0.4509164830241224,0.5052563380675656,0.4532,100456
GEN,0.45925,184,184,offspring,12,12,TINYIMAGENET,192,main_b1000_tinyimagenet_alexnet_GEN_kp75_seed456,0.75,0.4532,21,False,0.75,alexnet,False,0,0,2,0.4548,182,2,0.4587,51,1,24,3,0.75,TINYIMAGENET_alexnet_GEN_accuracy_kp7500_seed456,456,60000,192,42,accuracy,100456,0.4532,1,2.8755278183937074,41.82529924064875,10,2.8755278183937074,valid,0.44974162919387095,0.5026162954822943,0.45319999999999994,100456
GEN,0.45925,184,184,offspring,8,10,TINYIMAGENET,193,main_b1000_tinyimagenet_alexnet_GEN_kp75_seed456,0.75,0.4492,21,False,0.75,alexnet,True,6000,3000,1,0.45925,184,4,0.45505,186,6,18,4,0.75,TINYIMAGENET_alexnet_GEN_accuracy_kp7500_seed456,456,60000,193,42,accuracy,100456,0.4492,1,2.8970209292173386,42.240546092391014,10,2.8970209292173386,valid,0.4469232239372534,0.5115298101986321,0.44920000000000004,100456
GEN,0.45925,184,184,offspring,10,8,TINYIMAGENET,194,main_b1000_tinyimagenet_alexnet_GEN_kp75_seed456,0.75,0.4572,21,False,0.75,alexnet,False,0,0,2,0.45925,184,4,0.45505,186,6,18,5,0.75,TINYIMAGENET_alexnet_GEN_accuracy_kp7500_seed456,456,60000,194,42,accuracy,100456,0.4572,1,2.826304014825821,42.31429376453161,10,2.826304014825821,valid,0.45560881822663346,0.5091099745010329,0.4572,100456
GEN,0.45925,184,184,offspring,6,12,TINYIMAGENET,195,main_b1000_tinyimagenet_alexnet_GEN_kp75_seed456,0.75,0.4481,21,False,0.75,alexnet,False,0,0,1,0.4564,187,7,0.45925,184,4,18,6,0.75,TINYIMAGENET_alexnet_GEN_accuracy_kp7500_seed456,456,60000,195,42,accuracy,100456,0.4481,1,2.894307942342758,42.07636250555515,10,2.894307942342758,valid,0.4445054111973142,0.5010794053502297,0.44809999999999994,100456
GEN,0.45925,184,184,offspring,12,6,TINYIMAGENET,196,main_b1000_tinyimagenet_alexnet_GEN_kp75_seed456,0.75,0.45265,21,False,0.75,alexnet,False,0,0,2,0.4564,187,7,0.45925,184,4,18,7,0.75,TINYIMAGENET_alexnet_GEN_accuracy_kp7500_seed456,456,60000,196,42,accuracy,100456,0.45265,1,2.848995024573803,42.2625598013401,10,2.848995024573803,valid,0.4504192939322145,0.5047786492224605,0.45265,100456
GEN,0.45925,184,184,offspring,14,12,TINYIMAGENET,197,main_b1000_tinyimagenet_alexnet_GEN_kp75_seed456,0.75,0.4544,21,False,0.75,alexnet,False,0,0,1,0.45225,190,10,0.4548,182,2,26,8,0.75,TINYIMAGENET_alexnet_GEN_accuracy_kp7500_seed456,456,60000,197,42,accuracy,100456,0.4544,1,2.8530685812473298,42.151907339692116,10,2.8530685812473298,valid,0.4511917671877932,0.509299588354893,0.45439999999999997,100456
GEN,0.45925,184,184,offspring,12,14,TINYIMAGENET,198,main_b1000_tinyimagenet_alexnet_GEN_kp75_seed456,0.75,0.44875,21,False,0.75,alexnet,False,0,0,2,0.45225,190,10,0.4548,182,2,26,9,0.75,TINYIMAGENET_alexnet_GEN_accuracy_kp7500_seed456,456,60000,198,42,accuracy,100456,0.44875,1,2.8930487124443056,42.136388935148716,10,2.8930487124443056,valid,0.4471554699077502,0.507637664726146,0.44875,100456
GEN,0.45925,184,184,offspring,14,10,TINYIMAGENET,199,main_b1000_tinyimagenet_alexnet_GEN_kp75_seed456,0.75,0.45165,21,False,0.75,alexnet,False,0,0,1,0.45505,186,6,0.4564,187,7,24,10,0.75,TINYIMAGENET_alexnet_GEN_accuracy_kp7500_seed456,456,60000,199,42,accuracy,100456,0.45165,1,2.8429421665906904,41.80787029117346,10,2.8429421665906904,valid,0.4492724864592684,0.5031984930680489,0.45165000000000005,100456
GEN,0.45925,184,184,offspring,8,12,TINYIMAGENET,200,main_b1000_tinyimagenet_alexnet_GEN_kp75_seed456,0.75,0.4518,22,False,0.75,alexnet,False,0,0,1,0.4544,197,8,0.4532,192,3,20,2,0.75,TINYIMAGENET_alexnet_GEN_accuracy_kp7500_seed456,456,60000,200,42,accuracy,100456,0.4518,1,2.860998702836037,42.19070824980736,10,2.860998702836037,valid,0.4498796242177925,0.510198402586302,0.4518,100456
GEN,0.45925,184,184,offspring,12,8,TINYIMAGENET,201,main_b1000_tinyimagenet_alexnet_GEN_kp75_seed456,0.75,0.45475,22,False,0.75,alexnet,False,0,0,2,0.4544,197,8,0.4532,192,3,20,3,0.75,TINYIMAGENET_alexnet_GEN_accuracy_kp7500_seed456,456,60000,201,42,accuracy,100456,0.45475,1,2.8275013785362244,41.96547343581915,10,2.8275013785362244,valid,0.4522564200427662,0.5013564322537117,0.45475,100456
GEN,0.45925,184,184,offspring,6,8,TINYIMAGENET,202,main_b1000_tinyimagenet_alexnet_GEN_kp75_seed456,0.75,0.4544,22,False,0.75,alexnet,False,0,0,1,0.4572,194,5,0.4532,192,3,14,4,0.75,TINYIMAGENET_alexnet_GEN_accuracy_kp7500_seed456,456,60000,202,42,accuracy,100456,0.4544,1,2.8547000752210616,42.004393465816975,10,2.8547000752210616,valid,0.45086006524682193,0.5003096027770759,0.45439999999999997,100456
GEN,0.45925,184,184,offspring,8,6,TINYIMAGENET,203,main_b1000_tinyimagenet_alexnet_GEN_kp75_seed456,0.75,0.45635,22,False,0.75,alexnet,False,0,0,2,0.4572,194,5,0.4532,192,3,14,5,0.75,TINYIMAGENET_alexnet_GEN_accuracy_kp7500_seed456,456,60000,203,42,accuracy,100456,0.45635,1,2.823620658159256,41.787027806043625,10,2.823620658159256,valid,0.4555255036071372,0.5101707342394605,0.45635,100456
GEN,0.45925,184,184,offspring,6,8,TINYIMAGENET,204,main_b1000_tinyimagenet_alexnet_GEN_kp75_seed456,0.75,0.45545,22,False,0.75,alexnet,True,6000,3000,1,0.4572,194,5,0.4532,192,3,14,6,0.75,TINYIMAGENET_alexnet_GEN_accuracy_kp7500_seed456,456,60000,204,42,accuracy,100456,0.45545,1,2.8276974183559416,42.11289768666029,10,2.8276974183559416,valid,0.45323637436736036,0.507511163460334,0.45545,100456
GEN,0.45925,184,184,offspring,8,6,TINYIMAGENET,205,main_b1000_tinyimagenet_alexnet_GEN_kp75_seed456,0.75,0.4535,22,False,0.75,alexnet,False,0,0,2,0.4572,194,5,0.4532,192,3,14,7,0.75,TINYIMAGENET_alexnet_GEN_accuracy_kp7500_seed456,456,60000,205,42,accuracy,100456,0.4535,1,2.8843532424926757,42.092441871762276,10,2.8843532424926757,valid,0.45083430401893637,0.5088734679686336,0.45349999999999996,100456
GEN,0.45925,184,184,offspring,10,6,TINYIMAGENET,206,main_b1000_tinyimagenet_alexnet_GEN_kp75_seed456,0.75,0.4455,22,False,0.75,alexnet,False,0,0,1,0.4544,197,8,0.45925,184,1,16,8,0.75,TINYIMAGENET_alexnet_GEN_accuracy_kp7500_seed456,456,60000,206,42,accuracy,100456,0.4455,1,2.9204449990987777,42.099513463675976,10,2.9204449990987777,valid,0.44406286093236985,0.5104351053695758,0.44549999999999995,100456
GEN,0.45925,184,184,offspring,6,10,TINYIMAGENET,207,main_b1000_tinyimagenet_alexnet_GEN_kp75_seed456,0.75,0.45165,22,False,0.75,alexnet,False,0,0,2,0.4544,197,8,0.45925,184,1,16,9,0.75,TINYIMAGENET_alexnet_GEN_accuracy_kp7500_seed456,456,60000,207,42,accuracy,100456,0.45165,1,2.89012828001976,41.869633667171,10,2.89012828001976,valid,0.4511807983630267,0.5101604433964698,0.45165,100456
GEN,0.45925,184,184,offspring,10,12,TINYIMAGENET,208,main_b1000_tinyimagenet_alexnet_GEN_kp75_seed456,0.75,0.4559,22,False,0.75,alexnet,False,0,0,1,0.4572,194,5,0.4532,191,2,22,10,0.75,TINYIMAGENET_alexnet_GEN_accuracy_kp7500_seed456,456,60000,208,42,accuracy,100456,0.4559,1,2.8128982598781587,42.06699848920107,10,2.8128982598781587,valid,0.454122169731193,0.5067159326781264,0.4559,100456
GEN,0.45925,184,184,offspring,4,8,TINYIMAGENET,209,main_b1000_tinyimagenet_alexnet_GEN_kp75_seed456,0.75,0.4589,23,False,0.75,alexnet,False,0,0,1,0.45925,184,1,0.4544,202,4,12,2,0.75,TINYIMAGENET_alexnet_GEN_accuracy_kp7500_seed456,456,60000,209,42,accuracy,100456,0.4589,1,2.816098899269104,42.095315508544445,10,2.816098899269104,valid,0.4584494398142999,0.5131738854408701,0.45890000000000003,100456
GEN,0.45925,184,184,offspring,8,4,TINYIMAGENET,210,main_b1000_tinyimagenet_alexnet_GEN_kp75_seed456,0.75,0.4523,23,False,0.75,alexnet,False,0,0,2,0.45925,184,1,0.4544,202,4,12,3,0.75,TINYIMAGENET_alexnet_GEN_accuracy_kp7500_seed456,456,60000,210,42,accuracy,100456,0.4523,1,2.8506106785058973,41.70336765050888,10,2.8506106785058973,valid,0.44998727834581687,0.504559984236781,0.45230000000000004,100456
GEN,0.45925,184,184,offspring,3014,2994,TINYIMAGENET,211,main_b1000_tinyimagenet_alexnet_GEN_kp75_seed456,0.75,0.45545,23,False,0.75,alexnet,False,0,0,1,0.45925,184,1,0.45545,204,6,6008,4,0.75,TINYIMAGENET_alexnet_GEN_accuracy_kp7500_seed456,456,60000,211,42,accuracy,100456,0.45545,1,2.8276506294727324,42.155828796327114,10,2.8276506294727324,valid,0.4529850386334607,0.49828180558631985,0.45545,100456
GEN,0.46295,212,212,offspring,2994,3014,TINYIMAGENET,212,main_b1000_tinyimagenet_alexnet_GEN_kp75_seed456,0.75,0.46295,23,True,0.75,alexnet,False,0,0,2,0.45925,184,1,0.45545,204,6,6008,5,0.75,TINYIMAGENET_alexnet_GEN_accuracy_kp7500_seed456,456,60000,212,42,accuracy,100456,0.46295,1,2.7895631519794466,42.058725483715534,10,2.7895631519794466,valid,0.4618127812402594,0.5110276859497579,0.46295000000000003,100456
GEN,0.46295,212,212,offspring,3048,2960,TINYIMAGENET,213,main_b1000_tinyimagenet_alexnet_GEN_kp75_seed456,0.75,0.44545,23,False,0.75,alexnet,False,0,0,1,0.45925,184,1,0.45545,204,6,6008,6,0.75,TINYIMAGENET_alexnet_GEN_accuracy_kp7500_seed456,456,60000,213,42,accuracy,100456,0.44545,1,2.881321457386017,42.29363264888525,10,2.881321457386017,valid,0.4454738314589244,0.5105571599835845,0.44545,100456
GEN,0.46295,212,212,offspring,2960,3048,TINYIMAGENET,214,main_b1000_tinyimagenet_alexnet_GEN_kp75_seed456,0.75,0.4517,23,False,0.75,alexnet,True,6000,3000,2,0.45925,184,1,0.45545,204,6,6008,7,0.75,TINYIMAGENET_alexnet_GEN_accuracy_kp7500_seed456,456,60000,214,42,accuracy,100456,0.4517,1,2.866834773039818,41.789764545857906,10,2.866834773039818,valid,0.4523998761081047,0.5103596273436307,0.4517,100456
GEN,0.46295,212,212,offspring,2924,3084,TINYIMAGENET,215,main_b1000_tinyimagenet_alexnet_GEN_kp75_seed456,0.75,0.4458,23,False,0.75,alexnet,False,0,0,1,0.45925,184,1,0.45545,204,6,6008,8,0.75,TINYIMAGENET_alexnet_GEN_accuracy_kp7500_seed456,456,60000,215,42,accuracy,100456,0.4458,1,2.8999871443748475,42.300290293991566,10,2.8999871443748475,valid,0.4451463398359261,0.506177477513134,0.4458,100456
GEN,0.46295,212,212,offspring,3084,2924,TINYIMAGENET,216,main_b1000_tinyimagenet_alexnet_GEN_kp75_seed456,0.75,0.4542,23,False,0.75,alexnet,False,0,0,2,0.45925,184,1,0.45545,204,6,6008,9,0.75,TINYIMAGENET_alexnet_GEN_accuracy_kp7500_seed456,456,60000,216,42,accuracy,100456,0.4542,1,2.79917080783844,42.20978908240795,10,2.79917080783844,valid,0.4543790372858926,0.5101754755579908,0.4542,100456
GEN,0.46295,212,212,offspring,6,10,TINYIMAGENET,217,main_b1000_tinyimagenet_alexnet_GEN_kp75_seed456,0.75,0.4574,23,False,0.75,alexnet,False,0,0,1,0.45635,203,5,0.45925,184,1,16,10,0.75,TINYIMAGENET_alexnet_GEN_accuracy_kp7500_seed456,456,60000,217,42,accuracy,100456,0.4574,1,2.830481963968277,41.95227675139904,10,2.830481963968277,valid,0.45601586789014786,0.511696258435631,0.45740000000000003,100456
GEN,0.46295,212,212,offspring,1528,1466,TINYIMAGENET,218,main_b1000_tinyimagenet_alexnet_GEN_kp75_seed456,0.75,0.44835,24,False,0.75,alexnet,False,0,0,1,0.46295,212,5,0.45925,184,1,2994,2,0.75,TINYIMAGENET_alexnet_GEN_accuracy_kp7500_seed456,456,60000,218,42,accuracy,100456,0.44835,1,2.9012332552433016,41.831319257617,10,2.9012332552433016,valid,0.45041696651322793,0.5154155030297608,0.4483499999999999,100456
GEN,0.46295,212,212,offspring,1466,1528,TINYIMAGENET,219,main_b1000_tinyimagenet_alexnet_GEN_kp75_seed456,0.75,0.45395,24,False,0.75,alexnet,False,0,0,2,0.46295,212,5,0.45925,184,1,2994,3,0.75,TINYIMAGENET_alexnet_GEN_accuracy_kp7500_seed456,456,60000,219,42,accuracy,100456,0.45395,1,2.820670403289795,42.20304869860411,10,2.820670403289795,valid,0.4538946272759559,0.5034163366108478,0.45394999999999996,100456
GEN,0.46295,212,212,offspring,1486,1508,TINYIMAGENET,220,main_b1000_tinyimagenet_alexnet_GEN_kp75_seed456,0.75,0.4463,24,False,0.75,alexnet,False,0,0,1,0.46295,212,5,0.4589,209,2,2994,4,0.75,TINYIMAGENET_alexnet_GEN_accuracy_kp7500_seed456,456,60000,220,42,accuracy,100456,0.4463,1,2.9084041241168976,42.20155841112137,10,2.9084041241168976,valid,0.44558634714087697,0.518557632400168,0.4463000000000001,100456
GEN,0.46295,212,212,offspring,1508,1486,TINYIMAGENET,221,main_b1000_tinyimagenet_alexnet_GEN_kp75_seed456,0.75,0.4482,24,False,0.75,alexnet,False,0,0,2,0.46295,212,5,0.4589,209,2,2994,5,0.75,TINYIMAGENET_alexnet_GEN_accuracy_kp7500_seed456,456,60000,221,42,accuracy,100456,0.4482,1,2.8743247724056245,41.917952463030815,10,2.8743247724056245,valid,0.4478027220322284,0.5093499772944445,0.4482000000000001,100456
GEN,0.46295,212,212,offspring,1432,1566,TINYIMAGENET,222,main_b1000_tinyimagenet_alexnet_GEN_kp75_seed456,0.75,0.4424,24,False,0.75,alexnet,False,0,0,1,0.4574,217,10,0.46295,212,5,2998,6,0.75,TINYIMAGENET_alexnet_GEN_accuracy_kp7500_seed456,456,60000,222,42,accuracy,100456,0.4424,1,2.888238474726677,42.17100117355585,10,2.888238474726677,valid,0.44407285790519846,0.5080703907009262,0.44239999999999996,100456
GEN,0.46295,212,212,offspring,1566,1432,TINYIMAGENET,223,main_b1000_tinyimagenet_alexnet_GEN_kp75_seed456,0.75,0.44665,24,False,0.75,alexnet,False,0,0,2,0.4574,217,10,0.46295,212,5,2998,7,0.75,TINYIMAGENET_alexnet_GEN_accuracy_kp7500_seed456,456,60000,223,42,accuracy,100456,0.44665,1,2.9123346996307373,42.03127197176218,10,2.9123346996307373,valid,0.44467778951232,0.5096869862708892,0.44665000000000005,100456
GEN,0.46295,212,212,offspring,1488,1506,TINYIMAGENET,224,main_b1000_tinyimagenet_alexnet_GEN_kp75_seed456,0.75,0.4438,24,False,0.75,alexnet,False,0,0,1,0.46295,212,5,0.4589,209,2,2994,8,0.75,TINYIMAGENET_alexnet_GEN_accuracy_kp7500_seed456,456,60000,224,42,accuracy,100456,0.4438,1,2.9346522502422334,42.036475114524364,10,2.9346522502422334,valid,0.4428585588880624,0.5094349396139848,0.4438,100456
GEN,0.46295,212,212,offspring,1506,1488,TINYIMAGENET,225,main_b1000_tinyimagenet_alexnet_GEN_kp75_seed456,0.75,0.45375,24,False,0.75,alexnet,True,6000,3000,2,0.46295,212,5,0.4589,209,2,2994,9,0.75,TINYIMAGENET_alexnet_GEN_accuracy_kp7500_seed456,456,60000,225,42,accuracy,100456,0.45375,1,2.844587099456787,41.846082128584385,10,2.844587099456787,valid,0.45413725165970165,0.5105077618317734,0.45375,100456
GEN,0.46295,212,212,offspring,1490,1442,TINYIMAGENET,226,main_b1000_tinyimagenet_alexnet_GEN_kp75_seed456,0.75,0.45185,24,False,0.75,alexnet,False,0,0,1,0.46295,212,5,0.4542,216,9,2932,10,0.75,TINYIMAGENET_alexnet_GEN_accuracy_kp7500_seed456,456,60000,226,42,accuracy,100456,0.45185,1,2.848161967229843,42.047680497169495,10,2.848161967229843,valid,0.4487239204473354,0.49915316073619265,0.45185000000000003,100456
GEN,0.46295,212,212,offspring,734,732,TINYIMAGENET,227,main_b1000_tinyimagenet_alexnet_GEN_kp75_seed456,0.75,0.45215,25,False,0.75,alexnet,False,0,0,1,0.46295,212,1,0.45395,219,3,1466,2,0.75,TINYIMAGENET_alexnet_GEN_accuracy_kp7500_seed456,456,60000,227,42,accuracy,100456,0.45215,1,2.8735201784133912,42.11502066254616,10,2.8735201784133912,valid,0.4509940788855142,0.5082167082105785,0.45215000000000005,100456
GEN,0.46295,212,212,offspring,732,734,TINYIMAGENET,228,main_b1000_tinyimagenet_alexnet_GEN_kp75_seed456,0.75,0.4467,25,False,0.75,alexnet,False,0,0,2,0.46295,212,1,0.45395,219,3,1466,3,0.75,TINYIMAGENET_alexnet_GEN_accuracy_kp7500_seed456,456,60000,228,42,accuracy,100456,0.4467,1,2.9119683141708372,41.895442456007004,10,2.9119683141708372,valid,0.4490964796049437,0.5116499806325582,0.44670000000000004,100456
GEN,0.46295,212,212,offspring,1122,1102,TINYIMAGENET,229,main_b1000_tinyimagenet_alexnet_GEN_kp75_seed456,0.75,0.4478,25,False,0.75,alexnet,False,0,0,1,0.45185,226,10,0.45395,219,3,2224,4,0.75,TINYIMAGENET_alexnet_GEN_accuracy_kp7500_seed456,456,60000,229,42,accuracy,100456,0.4478,1,2.9028531822681427,41.94563003629446,10,2.9028531822681427,valid,0.44412660878064975,0.5030731657976837,0.44780000000000003,100456
GEN,0.46295,212,212,offspring,1102,1122,TINYIMAGENET,230,main_b1000_tinyimagenet_alexnet_GEN_kp75_seed456,0.75,0.45185,25,False,0.75,alexnet,False,0,0,2,0.45185,226,10,0.45395,219,3,2224,5,0.75,TINYIMAGENET_alexnet_GEN_accuracy_kp7500_seed456,456,60000,230,42,accuracy,100456,0.45185,1,2.8964647759437563,42.0943176522851,10,2.8964647759437563,valid,0.4507074824962903,0.5145255299787769,0.45185000000000003,100456
GEN,0.46295,212,212,offspring,1150,1060,TINYIMAGENET,231,main_b1000_tinyimagenet_alexnet_GEN_kp75_seed456,0.75,0.44055,25,False,0.75,alexnet,False,0,0,1,0.44665,223,7,0.45185,226,10,2210,6,0.75,TINYIMAGENET_alexnet_GEN_accuracy_kp7500_seed456,456,60000,231,42,accuracy,100456,0.44055,1,2.939847421717644,42.11776765435934,10,2.939847421717644,valid,0.43879633823995007,0.5126540378176219,0.44055,100456
GEN,0.46295,212,212,offspring,1060,1150,TINYIMAGENET,232,main_b1000_tinyimagenet_alexnet_GEN_kp75_seed456,0.75,0.44615,25,False,0.75,alexnet,False,0,0,2,0.44665,223,7,0.45185,226,10,2210,7,0.75,TINYIMAGENET_alexnet_GEN_accuracy_kp7500_seed456,456,60000,232,42,accuracy,100456,0.44615,1,2.89793728146553,41.74855230003595,10,2.89793728146553,valid,0.44499025155114963,0.505373681744215,0.44614999999999994,100456
GEN,0.46295,212,212,offspring,790,700,TINYIMAGENET,233,main_b1000_tinyimagenet_alexnet_GEN_kp75_seed456,0.75,0.44755,25,False,0.75,alexnet,True,6000,3000,1,0.45185,226,10,0.46295,212,1,1490,8,0.75,TINYIMAGENET_alexnet_GEN_accuracy_kp7500_seed456,456,60000,233,42,accuracy,100456,0.44755,1,2.9060598445415495,42.13072012364864,10,2.9060598445415495,valid,0.44702953453284744,0.5116822520176014,0.44755,100456
GEN,0.46295,212,212,offspring,700,790,TINYIMAGENET,234,main_b1000_tinyimagenet_alexnet_GEN_kp75_seed456,0.75,0.4446,25,False,0.75,alexnet,False,0,0,2,0.45185,226,10,0.46295,212,1,1490,9,0.75,TINYIMAGENET_alexnet_GEN_accuracy_kp7500_seed456,456,60000,234,42,accuracy,100456,0.4446,1,2.931398538017273,42.01343597471714,10,2.931398538017273,valid,0.44328747541829133,0.5110742167007186,0.4446,100456
GEN,0.46295,212,212,offspring,3498,3730,TINYIMAGENET,235,main_b1000_tinyimagenet_alexnet_GEN_kp75_seed456,0.75,0.45035,25,False,0.75,alexnet,False,0,0,1,0.44665,223,7,0.45375,225,9,7228,10,0.75,TINYIMAGENET_alexnet_GEN_accuracy_kp7500_seed456,456,60000,235,42,accuracy,100456,0.45035,1,2.8801808052539823,42.07937629520893,10,2.8801808052539823,valid,0.4465195304257712,0.5068926898344028,0.45035000000000003,100456
GEN,0.46295,212,212,offspring,648,636,TINYIMAGENET,236,main_b1000_tinyimagenet_alexnet_GEN_kp75_seed456,0.75,0.4446,26,False,0.75,alexnet,True,6000,3000,1,0.4478,229,4,0.45215,227,2,1284,2,0.75,TINYIMAGENET_alexnet_GEN_accuracy_kp7500_seed456,456,60000,236,42,accuracy,100456,0.4446,1,2.9273791006565095,41.82784407585859,10,2.9273791006565095,valid,0.4465808181466283,0.5177768579679519,0.4446000000000001,100456
GEN,0.46295,212,212,offspring,636,648,TINYIMAGENET,237,main_b1000_tinyimagenet_alexnet_GEN_kp75_seed456,0.75,0.44605,26,False,0.75,alexnet,False,0,0,2,0.4478,229,4,0.45215,227,2,1284,3,0.75,TINYIMAGENET_alexnet_GEN_accuracy_kp7500_seed456,456,60000,237,42,accuracy,100456,0.44605,1,2.905498606491089,42.134932816028595,10,2.905498606491089,valid,0.4450927722024512,0.5127838932306119,0.44604999999999995,100456
GEN,0.46295,212,212,offspring,2102,2106,TINYIMAGENET,238,main_b1000_tinyimagenet_alexnet_GEN_kp75_seed456,0.75,0.45465,26,False,0.75,alexnet,False,0,0,1,0.46295,212,1,0.45035,235,10,4208,4,0.75,TINYIMAGENET_alexnet_GEN_accuracy_kp7500_seed456,456,60000,238,42,accuracy,100456,0.45465,1,2.8468020168542862,42.217383965849876,10,2.8468020168542862,valid,0.45197255012541826,0.5056044408253593,0.45465000000000005,100456
GEN,0.46295,212,212,offspring,2106,2102,TINYIMAGENET,239,main_b1000_tinyimagenet_alexnet_GEN_kp75_seed456,0.75,0.4486,26,False,0.75,alexnet,False,0,0,2,0.46295,212,1,0.45035,235,10,4208,5,0.75,TINYIMAGENET_alexnet_GEN_accuracy_kp7500_seed456,456,60000,239,42,accuracy,100456,0.4486,1,2.8682890140295028,42.005950942635536,10,2.8682890140295028,valid,0.4463022789299966,0.5062921181082102,0.4486,100456
GEN,0.46295,212,212,offspring,636,648,TINYIMAGENET,240,main_b1000_tinyimagenet_alexnet_GEN_kp75_seed456,0.75,0.44595,26,False,0.75,alexnet,False,0,0,1,0.4478,229,4,0.45215,227,2,1284,6,0.75,TINYIMAGENET_alexnet_GEN_accuracy_kp7500_seed456,456,60000,240,42,accuracy,100456,0.44595,1,2.902566823333502,42.05165656656027,10,2.902566823333502,valid,0.4450145707531118,0.5118513407177211,0.44595,100456
GEN,0.46295,212,212,offspring,648,636,TINYIMAGENET,241,main_b1000_tinyimagenet_alexnet_GEN_kp75_seed456,0.75,0.4457,26,False,0.75,alexnet,False,0,0,2,0.4478,229,4,0.45215,227,2,1284,7,0.75,TINYIMAGENET_alexnet_GEN_accuracy_kp7500_seed456,456,60000,241,42,accuracy,100456,0.4457,1,2.8982813975334167,42.17856604605913,10,2.8982813975334167,valid,0.4436774584288565,0.5020857777443405,0.4457,100456
GEN,0.46295,212,212,offspring,740,738,TINYIMAGENET,242,main_b1000_tinyimagenet_alexnet_GEN_kp75_seed456,0.75,0.45215,26,False,0.75,alexnet,False,0,0,1,0.45185,230,5,0.46295,212,1,1478,8,0.75,TINYIMAGENET_alexnet_GEN_accuracy_kp7500_seed456,456,60000,242,42,accuracy,100456,0.45215,1,2.857848660182953,42.20852252840996,10,2.857848660182953,valid,0.45022752335007155,0.5063497181604772,0.45215000000000005,100456
GEN,0.46295,212,212,offspring,738,740,TINYIMAGENET,243,main_b1000_tinyimagenet_alexnet_GEN_kp75_seed456,0.75,0.4514,26,False,0.75,alexnet,False,0,0,2,0.45185,230,5,0.46295,212,1,1478,9,0.75,TINYIMAGENET_alexnet_GEN_accuracy_kp7500_seed456,456,60000,243,42,accuracy,100456,0.4514,1,2.8886245228767393,41.71834843605757,10,2.8886245228767393,valid,0.450118986387472,0.505621122541599,0.4514,100456
GEN,0.46295,212,212,offspring,620,694,TINYIMAGENET,244,main_b1000_tinyimagenet_alexnet_GEN_kp75_seed456,0.75,0.45065,26,False,0.75,alexnet,False,0,0,1,0.45185,230,5,0.45215,227,2,1314,10,0.75,TINYIMAGENET_alexnet_GEN_accuracy_kp7500_seed456,456,60000,244,42,accuracy,100456,0.45065,1,2.84416283621788,42.16052371263504,10,2.84416283621788,valid,0.4514078639569459,0.5077766519906061,0.45065,100456
GEN,0.46295,212,212,offspring,1234,1298,TINYIMAGENET,245,main_b1000_tinyimagenet_alexnet_GEN_kp75_seed456,0.75,0.44715,27,False,0.75,alexnet,False,0,0,1,0.4514,243,9,0.45465,238,4,2532,2,0.75,TINYIMAGENET_alexnet_GEN_accuracy_kp7500_seed456,456,60000,245,42,accuracy,100456,0.44715,1,2.882150473546982,42.06615773588419,10,2.882150473546982,valid,0.4451796400057802,0.5035049557413648,0.44715000000000005,100456
GEN,0.46295,212,212,offspring,1298,1234,TINYIMAGENET,246,main_b1000_tinyimagenet_alexnet_GEN_kp75_seed456,0.75,0.4571,27,False,0.75,alexnet,False,0,0,2,0.4514,243,9,0.45465,238,4,2532,3,0.75,TINYIMAGENET_alexnet_GEN_accuracy_kp7500_seed456,456,60000,246,42,accuracy,100456,0.4571,1,2.828364644002914,42.07958356291056,10,2.828364644002914,valid,0.4546964761489288,0.5110374355795381,0.45710000000000006,100456
GEN,0.46295,212,212,offspring,1088,1014,TINYIMAGENET,247,main_b1000_tinyimagenet_alexnet_GEN_kp75_seed456,0.75,0.45285,27,False,0.75,alexnet,False,0,0,1,0.46295,212,1,0.45465,238,4,2102,4,0.75,TINYIMAGENET_alexnet_GEN_accuracy_kp7500_seed456,456,60000,247,42,accuracy,100456,0.45285,1,2.8604200870990755,42.02428677678108,10,2.8604200870990755,valid,0.4554949376480985,0.515041334002073,0.45285,100456
GEN,0.46295,212,212,offspring,1014,1088,TINYIMAGENET,248,main_b1000_tinyimagenet_alexnet_GEN_kp75_seed456,0.75,0.46045,27,False,0.75,alexnet,False,0,0,2,0.46295,212,1,0.45465,238,4,2102,5,0.75,TINYIMAGENET_alexnet_GEN_accuracy_kp7500_seed456,456,60000,248,42,accuracy,100456,0.46045,1,2.7813686430215836,42.17303867638111,10,2.7813686430215836,valid,0.4559934011130284,0.5022688642103135,0.46045,100456
GEN,0.46295,212,212,offspring,376,364,TINYIMAGENET,249,main_b1000_tinyimagenet_alexnet_GEN_kp75_seed456,0.75,0.44715,27,False,0.75,alexnet,False,0,0,1,0.46295,212,1,0.4514,243,9,740,6,0.75,TINYIMAGENET_alexnet_GEN_accuracy_kp7500_seed456,456,60000,249,42,accuracy,100456,0.44715,1,2.9048404979228972,42.226091623306274,10,2.9048404979228972,valid,0.44606018752448134,0.5028820587816663,0.44715000000000005,100456
GEN,0.46295,212,212,offspring,364,376,TINYIMAGENET,250,main_b1000_tinyimagenet_alexnet_GEN_kp75_seed456,0.75,0.44935,27,False,0.75,alexnet,False,0,0,2,0.46295,212,1,0.4514,243,9,740,7,0.75,TINYIMAGENET_alexnet_GEN_accuracy_kp7500_seed456,456,60000,250,42,accuracy,100456,0.44935,1,2.8796110677242277,41.97686393558979,10,2.8796110677242277,valid,0.44764338403445303,0.5119875940345561,0.44935,100456
GEN,0.46295,212,212,offspring,1380,1364,TINYIMAGENET,251,main_b1000_tinyimagenet_alexnet_GEN_kp75_seed456,0.75,0.4541,27,False,0.75,alexnet,False,0,0,1,0.45465,238,4,0.44605,237,3,2744,8,0.75,TINYIMAGENET_alexnet_GEN_accuracy_kp7500_seed456,456,60000,251,42,accuracy,100456,0.4541,1,2.8454761680841445,42.01572344452143,10,2.8454761680841445,valid,0.45026562734135955,0.5018028699487895,0.45409999999999995,100456
GEN,0.46295,212,212,offspring,1364,1380,TINYIMAGENET,252,main_b1000_tinyimagenet_alexnet_GEN_kp75_seed456,0.75,0.44895,27,False,0.75,alexnet,False,0,0,2,0.45465,238,4,0.44605,237,3,2744,9,0.75,TINYIMAGENET_alexnet_GEN_accuracy_kp7500_seed456,456,60000,252,42,accuracy,100456,0.44895,1,2.90486568543911,42.22436973452568,10,2.90486568543911,valid,0.44718795889758584,0.5121636955991938,0.44894999999999996,100456
GEN,0.46295,212,212,offspring,1270,1262,TINYIMAGENET,253,main_b1000_tinyimagenet_alexnet_GEN_kp75_seed456,0.75,0.44605,27,False,0.75,alexnet,False,0,0,1,0.45465,238,4,0.4514,243,9,2532,10,0.75,TINYIMAGENET_alexnet_GEN_accuracy_kp7500_seed456,456,60000,253,42,accuracy,100456,0.44605,1,2.8961604694366456,42.204395696520805,10,2.8961604694366456,valid,0.4424380120924106,0.5061321040914665,0.44604999999999995,100456
GEN,0.46295,212,212,offspring,854,854,TINYIMAGENET,254,main_b1000_tinyimagenet_alexnet_GEN_kp75_seed456,0.75,0.44675,28,False,0.75,alexnet,False,0,0,1,0.4571,246,3,0.4541,251,8,1708,2,0.75,TINYIMAGENET_alexnet_GEN_accuracy_kp7500_seed456,456,60000,254,42,accuracy,100456,0.44675,1,2.8923195362091065,41.72981461137533,10,2.8923195362091065,valid,0.44854082304100645,0.5091246126908423,0.44675,100456
GEN,0.46295,212,212,offspring,854,854,TINYIMAGENET,255,main_b1000_tinyimagenet_alexnet_GEN_kp75_seed456,0.75,0.45515,28,False,0.75,alexnet,False,0,0,2,0.4571,246,3,0.4541,251,8,1708,3,0.75,TINYIMAGENET_alexnet_GEN_accuracy_kp7500_seed456,456,60000,255,42,accuracy,100456,0.45515,1,2.8257156297445296,42.19400878250599,10,2.8257156297445296,valid,0.45449950299214675,0.507074388914336,0.45515,100456
GEN,0.46295,212,212,offspring,850,858,TINYIMAGENET,256,main_b1000_tinyimagenet_alexnet_GEN_kp75_seed456,0.75,0.4519,28,False,0.75,alexnet,False,0,0,1,0.4571,246,3,0.4541,251,8,1708,4,0.75,TINYIMAGENET_alexnet_GEN_accuracy_kp7500_seed456,456,60000,256,42,accuracy,100456,0.4519,1,2.8325463119506837,42.214172162115574,10,2.8325463119506837,valid,0.44994897382387544,0.5050416171576059,0.45189999999999997,100456
GEN,0.46295,212,212,offspring,858,850,TINYIMAGENET,257,main_b1000_tinyimagenet_alexnet_GEN_kp75_seed456,0.75,0.45725,28,False,0.75,alexnet,False,0,0,2,0.4571,246,3,0.4541,251,8,1708,5,0.75,TINYIMAGENET_alexnet_GEN_accuracy_kp7500_seed456,456,60000,257,42,accuracy,100456,0.45725,1,2.8337032050848006,42.20262253284454,10,2.8337032050848006,valid,0.4544403536442339,0.5035033568893827,0.45725,100456
GEN,0.46295,212,212,offspring,704,752,TINYIMAGENET,258,main_b1000_tinyimagenet_alexnet_GEN_kp75_seed456,0.75,0.4448,28,False,0.75,alexnet,False,0,0,1,0.46295,212,1,0.4571,246,3,1456,6,0.75,TINYIMAGENET_alexnet_GEN_accuracy_kp7500_seed456,456,60000,258,42,accuracy,100456,0.4448,1,2.902103839349747,41.90040793269873,10,2.902103839349747,valid,0.44538651430884896,0.5145785818575629,0.44480000000000003,100456
GEN,0.46295,212,212,offspring,752,704,TINYIMAGENET,259,main_b1000_tinyimagenet_alexnet_GEN_kp75_seed456,0.75,0.4484,28,False,0.75,alexnet,False,0,0,2,0.46295,212,1,0.4571,246,3,1456,7,0.75,TINYIMAGENET_alexnet_GEN_accuracy_kp7500_seed456,456,60000,259,42,accuracy,100456,0.4484,1,2.879968624997139,42.151278272271156,10,2.879968624997139,valid,0.44723009960938126,0.509410025232265,0.44839999999999997,100456
GEN,0.46295,212,212,offspring,722,726,TINYIMAGENET,260,main_b1000_tinyimagenet_alexnet_GEN_kp75_seed456,0.75,0.4504,28,False,0.75,alexnet,False,0,0,1,0.4541,251,8,0.46045,248,5,1448,8,0.75,TINYIMAGENET_alexnet_GEN_accuracy_kp7500_seed456,456,60000,260,42,accuracy,100456,0.4504,1,2.854635244464874,42.29179108142853,10,2.854635244464874,valid,0.44855425593169784,0.5034230215418221,0.4504000000000001,100456
GEN,0.46295,212,212,offspring,726,722,TINYIMAGENET,261,main_b1000_tinyimagenet_alexnet_GEN_kp75_seed456,0.75,0.4503,28,False,0.75,alexnet,False,0,0,2,0.4541,251,8,0.46045,248,5,1448,9,0.75,TINYIMAGENET_alexnet_GEN_accuracy_kp7500_seed456,456,60000,261,42,accuracy,100456,0.4503,1,2.863254425764084,41.9223011508584,10,2.863254425764084,valid,0.4530783734171637,0.5112337830931394,0.4503000000000001,100456
GEN,0.46295,212,212,offspring,532,556,TINYIMAGENET,262,main_b1000_tinyimagenet_alexnet_GEN_kp75_seed456,0.75,0.44535,28,False,0.75,alexnet,False,0,0,1,0.46295,212,1,0.45285,247,4,1088,10,0.75,TINYIMAGENET_alexnet_GEN_accuracy_kp7500_seed456,456,60000,262,42,accuracy,100456,0.44535,1,2.8737668817520143,42.16970797628164,10,2.8737668817520143,valid,0.44518552983824705,0.5055131846462534,0.44534999999999997,100456
GEN,0.46295,212,212,offspring,840,868,TINYIMAGENET,263,main_b1000_tinyimagenet_alexnet_GEN_kp75_seed456,0.75,0.4468,29,False,0.75,alexnet,False,0,0,1,0.4519,256,4,0.45725,257,5,1708,2,0.75,TINYIMAGENET_alexnet_GEN_accuracy_kp7500_seed456,456,60000,263,42,accuracy,100456,0.4468,1,2.8904932909011842,42.12365226447582,10,2.8904932909011842,valid,0.4476042265186911,0.5083912159275509,0.4468000000000001,100456
GEN,0.46295,212,212,offspring,868,840,TINYIMAGENET,264,main_b1000_tinyimagenet_alexnet_GEN_kp75_seed456,0.75,0.4488,29,False,0.75,alexnet,False,0,0,2,0.4519,256,4,0.45725,257,5,1708,3,0.75,TINYIMAGENET_alexnet_GEN_accuracy_kp7500_seed456,456,60000,264,42,accuracy,100456,0.4488,1,2.8557190534353256,42.2408906146884,10,2.8557190534353256,valid,0.4472863217310885,0.5010040928851487,0.4488,100456
GEN,0.46295,212,212,offspring,424,436,TINYIMAGENET,265,main_b1000_tinyimagenet_alexnet_GEN_kp75_seed456,0.75,0.4521,29,False,0.75,alexnet,False,0,0,1,0.45725,257,5,0.45515,255,3,860,4,0.75,TINYIMAGENET_alexnet_GEN_accuracy_kp7500_seed456,456,60000,265,42,accuracy,100456,0.4521,1,2.864978822994232,41.850526601076126,10,2.864978822994232,valid,0.4511811776743179,0.5103402766761265,0.4521,100456
GEN,0.46295,212,212,offspring,436,424,TINYIMAGENET,266,main_b1000_tinyimagenet_alexnet_GEN_kp75_seed456,0.75,0.44465,29,False,0.75,alexnet,False,0,0,2,0.45725,257,5,0.45515,255,3,860,5,0.75,TINYIMAGENET_alexnet_GEN_accuracy_kp7500_seed456,456,60000,266,42,accuracy,100456,0.44465,1,2.94290597987175,42.276168160140514,10,2.94290597987175,valid,0.4424154635010843,0.5120503183761338,0.44465000000000005,100456
GEN,0.46295,212,212,offspring,758,776,TINYIMAGENET,267,main_b1000_tinyimagenet_alexnet_GEN_kp75_seed456,0.75,0.44605,29,False,0.75,alexnet,False,0,0,1,0.46295,212,1,0.45725,257,5,1534,6,0.75,TINYIMAGENET_alexnet_GEN_accuracy_kp7500_seed456,456,60000,267,42,accuracy,100456,0.44605,1,2.908005316543579,42.18407990783453,10,2.908005316543579,valid,0.44453764139761065,0.507637315408075,0.44605000000000006,100456
GEN,0.46295,212,212,offspring,776,758,TINYIMAGENET,268,main_b1000_tinyimagenet_alexnet_GEN_kp75_seed456,0.75,0.4549,29,False,0.75,alexnet,False,0,0,2,0.46295,212,1,0.45725,257,5,1534,7,0.75,TINYIMAGENET_alexnet_GEN_accuracy_kp7500_seed456,456,60000,268,42,accuracy,100456,0.4549,1,2.8273206847190857,42.264105685055256,10,2.8273206847190857,valid,0.45083883113200174,0.5029732573490354,0.45489999999999997,100456
GEN,0.46295,212,212,offspring,782,752,TINYIMAGENET,269,main_b1000_tinyimagenet_alexnet_GEN_kp75_seed456,0.75,0.44305,29,False,0.75,alexnet,False,0,0,1,0.46295,212,1,0.45725,257,5,1534,8,0.75,TINYIMAGENET_alexnet_GEN_accuracy_kp7500_seed456,456,60000,269,42,accuracy,100456,0.44305,1,2.9321890738010405,41.99059368669987,10,2.9321890738010405,valid,0.44141737714344986,0.5115346128987973,0.44305000000000005,100456
GEN,0.46295,212,212,offspring,752,782,TINYIMAGENET,270,main_b1000_tinyimagenet_alexnet_GEN_kp75_seed456,0.75,0.44455,29,False,0.75,alexnet,False,0,0,2,0.46295,212,1,0.45725,257,5,1534,9,0.75,TINYIMAGENET_alexnet_GEN_accuracy_kp7500_seed456,456,60000,270,42,accuracy,100456,0.44455,1,2.8758137438774107,42.20028508454561,10,2.8758137438774107,valid,0.4473652731761936,0.5114223365111221,0.44455,100456
GEN,0.46295,212,212,offspring,736,762,TINYIMAGENET,271,main_b1000_tinyimagenet_alexnet_GEN_kp75_seed456,0.75,0.446,29,False,0.75,alexnet,True,6000,3000,1,0.4519,256,4,0.46295,212,1,1498,10,0.75,TINYIMAGENET_alexnet_GEN_accuracy_kp7500_seed456,456,60000,271,42,accuracy,100456,0.446,1,2.904563566637039,42.55943860113621,10,2.904563566637039,valid,0.44264647080482417,0.5066736275303809,0.446,100456
GEN,0.46295,212,212,offspring,742,762,TINYIMAGENET,272,main_b1000_tinyimagenet_alexnet_GEN_kp75_seed456,0.75,0.4505,30,False,0.75,alexnet,False,0,0,1,0.46295,212,1,0.4468,263,2,1504,2,0.75,TINYIMAGENET_alexnet_GEN_accuracy_kp7500_seed456,456,60000,272,42,accuracy,100456,0.4505,1,2.8713538962841034,41.94710464030504,10,2.8713538962841034,valid,0.44985000434526623,0.508618584264122,0.45049999999999996,100456
GEN,0.46295,212,212,offspring,762,742,TINYIMAGENET,273,main_b1000_tinyimagenet_alexnet_GEN_kp75_seed456,0.75,0.45435,30,False,0.75,alexnet,False,0,0,2,0.46295,212,1,0.4468,263,2,1504,3,0.75,TINYIMAGENET_alexnet_GEN_accuracy_kp7500_seed456,456,60000,273,42,accuracy,100456,0.45435,1,2.810892627334595,42.0615838766098,10,2.810892627334595,valid,0.453280069197266,0.504238370982658,0.45435000000000003,100456
GEN,0.46295,212,212,offspring,3272,3326,TINYIMAGENET,274,main_b1000_tinyimagenet_alexnet_GEN_kp75_seed456,0.75,0.44765,30,False,0.75,alexnet,False,0,0,1,0.46295,212,1,0.446,271,10,6598,4,0.75,TINYIMAGENET_alexnet_GEN_accuracy_kp7500_seed456,456,60000,274,42,accuracy,100456,0.44765,1,2.9087973244190217,42.22730119526386,10,2.9087973244190217,valid,0.4470978571939054,0.5194229570673076,0.44765,100456
GEN,0.46295,212,212,offspring,3326,3272,TINYIMAGENET,275,main_b1000_tinyimagenet_alexnet_GEN_kp75_seed456,0.75,0.4518,30,False,0.75,alexnet,False,0,0,2,0.46295,212,1,0.446,271,10,6598,5,0.75,TINYIMAGENET_alexnet_GEN_accuracy_kp7500_seed456,456,60000,275,42,accuracy,100456,0.4518,1,2.88029813079834,42.530182868242264,10,2.88029813079834,valid,0.45028811650458644,0.5127493436484055,0.4518,100456
GEN,0.46295,212,212,offspring,3418,3496,TINYIMAGENET,276,main_b1000_tinyimagenet_alexnet_GEN_kp75_seed456,0.75,0.44675,30,False,0.75,alexnet,False,0,0,1,0.44605,267,6,0.446,271,10,6914,6,0.75,TINYIMAGENET_alexnet_GEN_accuracy_kp7500_seed456,456,60000,276,42,accuracy,100456,0.44675,1,2.8440837104320527,41.790001928806305,10,2.8440837104320527,valid,0.44577122843875516,0.4959952698867604,0.44675,100456
GEN,0.46295,212,212,offspring,3496,3418,TINYIMAGENET,277,main_b1000_tinyimagenet_alexnet_GEN_kp75_seed456,0.75,0.43785,30,False,0.75,alexnet,False,0,0,2,0.44605,267,6,0.446,271,10,6914,7,0.75,TINYIMAGENET_alexnet_GEN_accuracy_kp7500_seed456,456,60000,277,42,accuracy,100456,0.43785,1,2.940403102302551,42.299940682947636,10,2.940403102302551,valid,0.44067131370114754,0.5103126692600278,0.43784999999999996,100456
GEN,0.46295,212,212,offspring,774,730,TINYIMAGENET,278,main_b1000_tinyimagenet_alexnet_GEN_kp75_seed456,0.75,0.4412,30,False,0.75,alexnet,False,0,0,1,0.46295,212,1,0.4468,263,2,1504,8,0.75,TINYIMAGENET_alexnet_GEN_accuracy_kp7500_seed456,456,60000,278,42,accuracy,100456,0.4412,1,2.927899380493164,42.2762062177062,10,2.927899380493164,valid,0.43968357342577474,0.5023955808660433,0.44120000000000004,100456
GEN,0.46295,212,212,offspring,730,774,TINYIMAGENET,279,main_b1000_tinyimagenet_alexnet_GEN_kp75_seed456,0.75,0.448,30,False,0.75,alexnet,False,0,0,2,0.46295,212,1,0.4468,263,2,1504,9,0.75,TINYIMAGENET_alexnet_GEN_accuracy_kp7500_seed456,456,60000,279,42,accuracy,100456,0.448,1,2.8817911801338196,42.40229135751724,10,2.8817911801338196,valid,0.4485402263058181,0.5054332378996945,0.44799999999999995,100456
GEN,0.46295,212,212,offspring,446,422,TINYIMAGENET,280,main_b1000_tinyimagenet_alexnet_GEN_kp75_seed456,0.75,0.44875,30,False,0.75,alexnet,False,0,0,1,0.4521,265,4,0.4468,263,2,868,10,0.75,TINYIMAGENET_alexnet_GEN_accuracy_kp7500_seed456,456,60000,280,42,accuracy,100456,0.44875,1,2.8949019356012347,42.017695009708405,10,2.8949019356012347,valid,0.4466156900532816,0.5043635264708395,0.44875,100456
GEN,0.46295,212,212,offspring,1658,1668,TINYIMAGENET,281,main_b1000_tinyimagenet_alexnet_GEN_kp75_seed456,0.75,0.4475,31,False,0.75,alexnet,False,0,0,1,0.46295,212,1,0.4518,275,5,3326,2,0.75,TINYIMAGENET_alexnet_GEN_accuracy_kp7500_seed456,456,60000,281,42,accuracy,100456,0.4475,1,2.881764322900772,42.16453741490841,10,2.881764322900772,valid,0.44531792781708335,0.5020110131004727,0.4475,100456
GEN,0.46295,212,212,offspring,1668,1658,TINYIMAGENET,282,main_b1000_tinyimagenet_alexnet_GEN_kp75_seed456,0.75,0.4504,31,False,0.75,alexnet,False,0,0,2,0.46295,212,1,0.4518,275,5,3326,3,0.75,TINYIMAGENET_alexnet_GEN_accuracy_kp7500_seed456,456,60000,282,42,accuracy,100456,0.4504,1,2.844270394039154,42.34737250208855,10,2.844270394039154,valid,0.45184047657691023,0.5111899821646331,0.45039999999999997,100456
GEN,0.46295,212,212,offspring,352,382,TINYIMAGENET,283,main_b1000_tinyimagenet_alexnet_GEN_kp75_seed456,0.75,0.4464,31,False,0.75,alexnet,False,0,0,1,0.448,279,9,0.45435,273,3,734,4,0.75,TINYIMAGENET_alexnet_GEN_accuracy_kp7500_seed456,456,60000,283,42,accuracy,100456,0.4464,1,2.896064151954651,42.00899352878332,10,2.896064151954651,valid,0.44685342486760954,0.5092824481273088,0.4464,100456
GEN,0.46295,212,212,offspring,382,352,TINYIMAGENET,284,main_b1000_tinyimagenet_alexnet_GEN_kp75_seed456,0.75,0.45055,31,False,0.75,alexnet,False,0,0,2,0.448,279,9,0.45435,273,3,734,5,0.75,TINYIMAGENET_alexnet_GEN_accuracy_kp7500_seed456,456,60000,284,42,accuracy,100456,0.45055,1,2.8624967447280882,42.17339976876974,10,2.8624967447280882,valid,0.4487961208450381,0.5077067239161073,0.45055,100456
GEN,0.46295,212,212,offspring,1916,1826,TINYIMAGENET,285,main_b1000_tinyimagenet_alexnet_GEN_kp75_seed456,0.75,0.45505,31,False,0.75,alexnet,False,0,0,1,0.44765,274,4,0.4505,272,2,3742,6,0.75,TINYIMAGENET_alexnet_GEN_accuracy_kp7500_seed456,456,60000,285,42,accuracy,100456,0.45505,1,2.859826225757599,42.28900232166052,10,2.859826225757599,valid,0.4541367382571105,0.51179278046025,0.45504999999999995,100456
GEN,0.46295,212,212,offspring,1826,1916,TINYIMAGENET,286,main_b1000_tinyimagenet_alexnet_GEN_kp75_seed456,0.75,0.453,31,False,0.75,alexnet,False,0,0,2,0.44765,274,4,0.4505,272,2,3742,7,0.75,TINYIMAGENET_alexnet_GEN_accuracy_kp7500_seed456,456,60000,286,42,accuracy,100456,0.453,1,2.8626408747673033,42.5858720690012,10,2.8626408747673033,valid,0.4497184815814774,0.507169657133069,0.45299999999999996,100456
GEN,0.46295,212,212,offspring,1658,1668,TINYIMAGENET,287,main_b1000_tinyimagenet_alexnet_GEN_kp75_seed456,0.75,0.4538,31,False,0.75,alexnet,False,0,0,1,0.46295,212,1,0.4518,275,5,3326,8,0.75,TINYIMAGENET_alexnet_GEN_accuracy_kp7500_seed456,456,60000,287,42,accuracy,100456,0.4538,1,2.8342851838469505,41.81549471616745,10,2.8342851838469505,valid,0.45081341049718904,0.5044139889321037,0.45380000000000004,100456
GEN,0.46295,212,212,offspring,1668,1658,TINYIMAGENET,288,main_b1000_tinyimagenet_alexnet_GEN_kp75_seed456,0.75,0.4545,31,False,0.75,alexnet,False,0,0,2,0.46295,212,1,0.4518,275,5,3326,9,0.75,TINYIMAGENET_alexnet_GEN_accuracy_kp7500_seed456,456,60000,288,42,accuracy,100456,0.4545,1,2.846017412853241,42.27345363050699,10,2.846017412853241,valid,0.45259639519917455,0.5150389618719917,0.4545,100456
GEN,0.46295,212,212,offspring,1842,1904,TINYIMAGENET,289,main_b1000_tinyimagenet_alexnet_GEN_kp75_seed456,0.75,0.44235,31,False,0.75,alexnet,False,0,0,1,0.4505,272,2,0.4518,275,5,3746,10,0.75,TINYIMAGENET_alexnet_GEN_accuracy_kp7500_seed456,456,60000,289,42,accuracy,100456,0.44235,1,2.9169923674583433,42.36658414453268,10,2.9169923674583433,valid,0.4410405612117536,0.5084745171654476,0.44235,100456
GEN,0.46295,212,212,offspring,370,390,TINYIMAGENET,290,main_b1000_tinyimagenet_alexnet_GEN_kp75_seed456,0.75,0.4558,32,False,0.75,alexnet,False,0,0,1,0.46295,212,1,0.45055,284,5,760,2,0.75,TINYIMAGENET_alexnet_GEN_accuracy_kp7500_seed456,456,60000,290,42,accuracy,100456,0.4558,1,2.8132302476406097,42.1694056764245,10,2.8132302476406097,valid,0.45372537552747394,0.5031656880665692,0.4558,100456
GEN,0.46295,212,212,offspring,390,370,TINYIMAGENET,291,main_b1000_tinyimagenet_alexnet_GEN_kp75_seed456,0.75,0.44575,32,False,0.75,alexnet,False,0,0,2,0.46295,212,1,0.45055,284,5,760,3,0.75,TINYIMAGENET_alexnet_GEN_accuracy_kp7500_seed456,456,60000,291,42,accuracy,100456,0.44575,1,2.888632455539703,41.96543788164854,10,2.888632455539703,valid,0.4458628261837632,0.5089210664834927,0.44575000000000004,100456
GEN,0.46295,212,212,offspring,1808,1762,TINYIMAGENET,292,main_b1000_tinyimagenet_alexnet_GEN_kp75_seed456,0.75,0.44735,32,False,0.75,alexnet,False,0,0,1,0.4545,288,9,0.45505,285,6,3570,4,0.75,TINYIMAGENET_alexnet_GEN_accuracy_kp7500_seed456,456,60000,292,42,accuracy,100456,0.44735,1,2.874913020944595,42.31006556749344,10,2.874913020944595,valid,0.44645606093616197,0.5060700868232182,0.44734999999999997,100456
GEN,0.46295,212,212,offspring,1762,1808,TINYIMAGENET,293,main_b1000_tinyimagenet_alexnet_GEN_kp75_seed456,0.75,0.4471,32,False,0.75,alexnet,False,0,0,2,0.4545,288,9,0.45505,285,6,3570,5,0.75,TINYIMAGENET_alexnet_GEN_accuracy_kp7500_seed456,456,60000,293,42,accuracy,100456,0.4471,1,2.8837971514225007,42.372779324650764,10,2.8837971514225007,valid,0.4460443018943285,0.5008495199011831,0.4471,100456
GEN,0.46295,212,212,offspring,1126,1144,TINYIMAGENET,294,main_b1000_tinyimagenet_alexnet_GEN_kp75_seed456,0.75,0.4563,32,False,0.75,alexnet,False,0,0,1,0.4545,288,9,0.45055,284,5,2270,6,0.75,TINYIMAGENET_alexnet_GEN_accuracy_kp7500_seed456,456,60000,294,42,accuracy,100456,0.4563,1,2.8352304973602296,42.03977715969086,10,2.8352304973602296,valid,0.45602040376683944,0.5087406151598117,0.45629999999999993,100456
GEN,0.46295,212,212,offspring,1144,1126,TINYIMAGENET,295,main_b1000_tinyimagenet_alexnet_GEN_kp75_seed456,0.75,0.4464,32,False,0.75,alexnet,False,0,0,2,0.4545,288,9,0.45055,284,5,2270,7,0.75,TINYIMAGENET_alexnet_GEN_accuracy_kp7500_seed456,456,60000,295,42,accuracy,100456,0.4464,1,2.8664476961135863,42.228222884237766,10,2.8664476961135863,valid,0.4452323291706273,0.4970710513736291,0.4464,100456
GEN,0.46295,212,212,offspring,816,836,TINYIMAGENET,296,main_b1000_tinyimagenet_alexnet_GEN_kp75_seed456,0.75,0.45075,32,False,0.75,alexnet,False,0,0,1,0.4504,282,3,0.4545,288,9,1652,8,0.75,TINYIMAGENET_alexnet_GEN_accuracy_kp7500_seed456,456,60000,296,42,accuracy,100456,0.45075,1,2.862896157717705,42.26743423938751,10,2.862896157717705,valid,0.4467739551446412,0.506923720126428,0.45075,100456
GEN,0.46295,212,212,offspring,836,816,TINYIMAGENET,297,main_b1000_tinyimagenet_alexnet_GEN_kp75_seed456,0.75,0.44475,32,False,0.75,alexnet,False,0,0,2,0.4504,282,3,0.4545,288,9,1652,9,0.75,TINYIMAGENET_alexnet_GEN_accuracy_kp7500_seed456,456,60000,297,42,accuracy,100456,0.44475,1,2.925309963846207,42.392626002430916,10,2.925309963846207,valid,0.444953782123386,0.5104219020975117,0.4447500000000001,100456
GEN,0.46295,212,212,offspring,844,824,TINYIMAGENET,298,main_b1000_tinyimagenet_alexnet_GEN_kp75_seed456,0.75,0.4481,32,False,0.75,alexnet,False,0,0,1,0.4504,282,3,0.46295,212,1,1668,10,0.75,TINYIMAGENET_alexnet_GEN_accuracy_kp7500_seed456,456,60000,298,42,accuracy,100456,0.4481,1,2.908714689707756,42.01195114850998,10,2.908714689707756,valid,0.44759201417804284,0.5098464267793015,0.4481,100456
GEN,0.46295,212,212,offspring,570,632,TINYIMAGENET,299,main_b1000_tinyimagenet_alexnet_GEN_kp75_seed456,0.75,0.4506,33,False,0.75,alexnet,False,0,0,1,0.4563,294,6,0.4558,290,2,1202,2,0.75,TINYIMAGENET_alexnet_GEN_accuracy_kp7500_seed456,456,60000,299,42,accuracy,100456,0.4506,1,2.8633766365528106,42.329741291701794,10,2.8633766365528106,valid,0.44922234514424636,0.5062543724289706,0.4506,100456
GEN,0.46295,212,212,offspring,632,570,TINYIMAGENET,300,main_b1000_tinyimagenet_alexnet_GEN_kp75_seed456,0.75,0.43995,33,False,0.75,alexnet,True,6000,3000,2,0.4563,294,6,0.4558,290,2,1202,3,0.75,TINYIMAGENET_alexnet_GEN_accuracy_kp7500_seed456,456,60000,300,42,accuracy,100456,0.43995,1,2.9552838492631914,42.45920166373253,10,2.9552838492631914,valid,0.4377889825964886,0.5097815367761804,0.43994999999999995,100456
GEN,0.46295,212,212,offspring,554,594,TINYIMAGENET,301,main_b1000_tinyimagenet_alexnet_GEN_kp75_seed456,0.75,0.45005,33,False,0.75,alexnet,False,0,0,1,0.4558,290,2,0.4481,298,10,1148,4,0.75,TINYIMAGENET_alexnet_GEN_accuracy_kp7500_seed456,456,60000,301,42,accuracy,100456,0.45005,1,2.8796918330907824,42.2187095284462,10,2.8796918330907824,valid,0.4484958240256537,0.5086661021049441,0.45004999999999995,100456
GEN,0.46295,212,212,offspring,594,554,TINYIMAGENET,302,main_b1000_tinyimagenet_alexnet_GEN_kp75_seed456,0.75,0.44555,33,False,0.75,alexnet,True,6000,3000,2,0.4558,290,2,0.4481,298,10,1148,5,0.75,TINYIMAGENET_alexnet_GEN_accuracy_kp7500_seed456,456,60000,302,42,accuracy,100456,0.44555,1,2.9187872780442237,42.138562738895416,10,2.9187872780442237,valid,0.4449224071724477,0.5101721013989925,0.44555000000000006,100456
GEN,0.46295,212,212,offspring,1076,1028,TINYIMAGENET,303,main_b1000_tinyimagenet_alexnet_GEN_kp75_seed456,0.75,0.4547,33,False,0.75,alexnet,False,0,0,1,0.4558,290,2,0.44735,292,4,2104,6,0.75,TINYIMAGENET_alexnet_GEN_accuracy_kp7500_seed456,456,60000,303,42,accuracy,100456,0.4547,1,2.8102313760757447,42.37324691563845,10,2.8102313760757447,valid,0.45325905144308365,0.5067136498338773,0.4547,100456
GEN,0.46295,212,212,offspring,1028,1076,TINYIMAGENET,304,main_b1000_tinyimagenet_alexnet_GEN_kp75_seed456,0.75,0.4453,33,False,0.75,alexnet,False,0,0,2,0.4558,290,2,0.44735,292,4,2104,7,0.75,TINYIMAGENET_alexnet_GEN_accuracy_kp7500_seed456,456,60000,304,42,accuracy,100456,0.4453,1,2.8965069816589355,42.52309476584196,10,2.8965069816589355,valid,0.4471000922168393,0.5090338100071595,0.44530000000000003,100456
GEN,0.46295,212,212,offspring,182,188,TINYIMAGENET,305,main_b1000_tinyimagenet_alexnet_GEN_kp75_seed456,0.75,0.45295,33,False,0.75,alexnet,False,0,0,1,0.46295,212,1,0.4558,290,2,370,8,0.75,TINYIMAGENET_alexnet_GEN_accuracy_kp7500_seed456,456,60000,305,42,accuracy,100456,0.45295,1,2.8620039994955064,41.903419852256775,10,2.8620039994955064,valid,0.45450907035258753,0.507315805211949,0.45295,100456
GEN,0.46295,212,212,offspring,188,182,TINYIMAGENET,306,main_b1000_tinyimagenet_alexnet_GEN_kp75_seed456,0.75,0.45475,33,False,0.75,alexnet,False,0,0,2,0.46295,212,1,0.4558,290,2,370,9,0.75,TINYIMAGENET_alexnet_GEN_accuracy_kp7500_seed456,456,60000,306,42,accuracy,100456,0.45475,1,2.8621666565418242,42.37306508421898,10,2.8621666565418242,valid,0.45406412195171497,0.5063191176679048,0.45475,100456
GEN,0.46295,212,212,offspring,994,996,TINYIMAGENET,307,main_b1000_tinyimagenet_alexnet_GEN_kp75_seed456,0.75,0.44935,33,False,0.75,alexnet,False,0,0,1,0.45075,296,8,0.4558,290,2,1990,10,0.75,TINYIMAGENET_alexnet_GEN_accuracy_kp7500_seed456,456,60000,307,42,accuracy,100456,0.44935,1,2.8878648237943647,42.3275705948472,10,2.8878648237943647,valid,0.4490724089836732,0.5097447382469005,0.44935,100456
GEN,0.46295,212,212,offspring,3586,3572,TINYIMAGENET,308,main_b1000_tinyimagenet_alexnet_GEN_kp75_seed456,0.75,0.45,34,False,0.75,alexnet,False,0,0,1,0.44555,302,5,0.4547,303,6,7158,2,0.75,TINYIMAGENET_alexnet_GEN_accuracy_kp7500_seed456,456,60000,308,42,accuracy,100456,0.45,1,2.8544014292001725,42.34845229238272,10,2.8544014292001725,valid,0.45155933716202384,0.5112748485896763,0.45,100456
GEN,0.46295,212,212,offspring,3572,3586,TINYIMAGENET,309,main_b1000_tinyimagenet_alexnet_GEN_kp75_seed456,0.75,0.44225,34,False,0.75,alexnet,False,0,0,2,0.44555,302,5,0.4547,303,6,7158,3,0.75,TINYIMAGENET_alexnet_GEN_accuracy_kp7500_seed456,456,60000,309,42,accuracy,100456,0.44225,1,2.9600653658151628,42.12735376507044,10,2.9600653658151628,valid,0.4438605852218646,0.5157415741055043,0.44225000000000003,100456
GEN,0.46295,212,212,offspring,562,562,TINYIMAGENET,310,main_b1000_tinyimagenet_alexnet_GEN_kp75_seed456,0.75,0.44775,34,False,0.75,alexnet,False,0,0,1,0.45475,306,9,0.4547,303,6,1124,4,0.75,TINYIMAGENET_alexnet_GEN_accuracy_kp7500_seed456,456,60000,310,42,accuracy,100456,0.44775,1,2.869951615333557,42.3614562228322,10,2.869951615333557,valid,0.44776117534272475,0.5090191225411173,0.44775000000000004,100456
GEN,0.46295,212,212,offspring,562,562,TINYIMAGENET,311,main_b1000_tinyimagenet_alexnet_GEN_kp75_seed456,0.75,0.44815,34,False,0.75,alexnet,False,0,0,2,0.45475,306,9,0.4547,303,6,1124,5,0.75,TINYIMAGENET_alexnet_GEN_accuracy_kp7500_seed456,456,60000,311,42,accuracy,100456,0.44815,1,2.8852005146980284,42.593546107411385,10,2.8852005146980284,valid,0.44780320872606055,0.5043417167011629,0.44815,100456
GEN,0.46295,212,212,offspring,676,686,TINYIMAGENET,312,main_b1000_tinyimagenet_alexnet_GEN_kp75_seed456,0.75,0.45425,34,False,0.75,alexnet,False,0,0,1,0.45005,301,4,0.4547,303,6,1362,6,0.75,TINYIMAGENET_alexnet_GEN_accuracy_kp7500_seed456,456,60000,312,42,accuracy,100456,0.45425,1,2.882766193366051,42.2277989462018,10,2.882766193366051,valid,0.4538164621843807,0.5106041884988024,0.45425000000000004,100456
GEN,0.46295,212,212,offspring,686,676,TINYIMAGENET,313,main_b1000_tinyimagenet_alexnet_GEN_kp75_seed456,0.75,0.44855,34,False,0.75,alexnet,False,0,0,2,0.45005,301,4,0.4547,303,6,1362,7,0.75,TINYIMAGENET_alexnet_GEN_accuracy_kp7500_seed456,456,60000,313,42,accuracy,100456,0.44855,1,2.870518740415573,42.33954668790102,10,2.870518740415573,valid,0.4450934539124355,0.5146743987412051,0.44855000000000006,100456
GEN,0.46295,212,212,offspring,94,94,TINYIMAGENET,314,main_b1000_tinyimagenet_alexnet_GEN_kp75_seed456,0.75,0.4435,34,False,0.75,alexnet,False,0,0,1,0.45475,306,9,0.46295,212,1,188,8,0.75,TINYIMAGENET_alexnet_GEN_accuracy_kp7500_seed456,456,60000,314,42,accuracy,100456,0.4435,1,2.9293624683737756,42.53309554606676,10,2.9293624683737756,valid,0.4486447924106935,0.5196246288638797,0.4435,100456
GEN,0.46295,212,212,offspring,94,94,TINYIMAGENET,315,main_b1000_tinyimagenet_alexnet_GEN_kp75_seed456,0.75,0.4486,34,False,0.75,alexnet,False,0,0,2,0.45475,306,9,0.46295,212,1,188,9,0.75,TINYIMAGENET_alexnet_GEN_accuracy_kp7500_seed456,456,60000,315,42,accuracy,100456,0.4486,1,2.880469119977951,42.41381495445967,10,2.880469119977951,valid,0.4499761746670245,0.5094293679122734,0.4486,100456
GEN,0.46295,212,212,offspring,554,592,TINYIMAGENET,316,main_b1000_tinyimagenet_alexnet_GEN_kp75_seed456,0.75,0.4407,34,False,0.75,alexnet,False,0,0,1,0.46295,212,1,0.4547,303,6,1146,10,0.75,TINYIMAGENET_alexnet_GEN_accuracy_kp7500_seed456,456,60000,316,42,accuracy,100456,0.4407,1,2.901297263622284,42.158156014978886,10,2.901297263622284,valid,0.4441958601960767,0.5111764937501505,0.4407,100456
GEN,0.46295,212,212,offspring,1848,1842,TINYIMAGENET,317,main_b1000_tinyimagenet_alexnet_GEN_kp75_seed456,0.75,0.4502,35,False,0.75,alexnet,True,6000,3000,1,0.45,308,2,0.44775,310,4,3690,2,0.75,TINYIMAGENET_alexnet_GEN_accuracy_kp7500_seed456,456,60000,317,42,accuracy,100456,0.4502,1,2.8500164061546327,42.38738538324833,10,2.8500164061546327,valid,0.4501987891605229,0.5032319766115144,0.45020000000000004,100456
GEN,0.46295,212,212,offspring,1842,1848,TINYIMAGENET,318,main_b1000_tinyimagenet_alexnet_GEN_kp75_seed456,0.75,0.45265,35,False,0.75,alexnet,False,0,0,2,0.45,308,2,0.44775,310,4,3690,3,0.75,TINYIMAGENET_alexnet_GEN_accuracy_kp7500_seed456,456,60000,318,42,accuracy,100456,0.45265,1,2.883342026758194,42.400252394378185,10,2.883342026758194,valid,0.4560832555427429,0.5169707712294137,0.45265,100456
GEN,0.46295,212,212,offspring,1896,1972,TINYIMAGENET,319,main_b1000_tinyimagenet_alexnet_GEN_kp75_seed456,0.75,0.45395,35,False,0.75,alexnet,False,0,0,1,0.45425,312,6,0.45,308,2,3868,4,0.75,TINYIMAGENET_alexnet_GEN_accuracy_kp7500_seed456,456,60000,319,42,accuracy,100456,0.45395,1,2.855525968456268,42.385287776589394,10,2.855525968456268,valid,0.4525622661413762,0.5110373091157142,0.45394999999999996,100456
GEN,0.46295,212,212,offspring,1972,1896,TINYIMAGENET,320,main_b1000_tinyimagenet_alexnet_GEN_kp75_seed456,0.75,0.4426,35,False,0.75,alexnet,False,0,0,2,0.45425,312,6,0.45,308,2,3868,5,0.75,TINYIMAGENET_alexnet_GEN_accuracy_kp7500_seed456,456,60000,320,42,accuracy,100456,0.4426,1,2.9084432113409044,42.28679750114679,10,2.9084432113409044,valid,0.44654982356541423,0.514097940369884,0.44260000000000005,100456
GEN,0.46295,212,212,offspring,640,722,TINYIMAGENET,321,main_b1000_tinyimagenet_alexnet_GEN_kp75_seed456,0.75,0.44365,35,False,0.75,alexnet,False,0,0,1,0.44855,313,7,0.45425,312,6,1362,6,0.75,TINYIMAGENET_alexnet_GEN_accuracy_kp7500_seed456,456,60000,321,42,accuracy,100456,0.44365,1,2.895346238517761,42.30607108026743,10,2.895346238517761,valid,0.44230598178895136,0.5049041954953877,0.44364999999999993,100456
GEN,0.46295,212,212,offspring,722,640,TINYIMAGENET,322,main_b1000_tinyimagenet_alexnet_GEN_kp75_seed456,0.75,0.4425,35,False,0.75,alexnet,False,0,0,2,0.44855,313,7,0.45425,312,6,1362,7,0.75,TINYIMAGENET_alexnet_GEN_accuracy_kp7500_seed456,456,60000,322,42,accuracy,100456,0.4425,1,2.9278106870412826,42.506240017712116,10,2.9278106870412826,valid,0.44124135001907666,0.5029837602474498,0.4425,100456
GEN,0.46295,212,212,offspring,426,440,TINYIMAGENET,323,main_b1000_tinyimagenet_alexnet_GEN_kp75_seed456,0.75,0.4517,35,False,0.75,alexnet,False,0,0,1,0.46295,212,1,0.45425,312,6,866,8,0.75,TINYIMAGENET_alexnet_GEN_accuracy_kp7500_seed456,456,60000,323,42,accuracy,100456,0.4517,1,2.8457767251729966,42.07201740890741,10,2.8457767251729966,valid,0.4534332506505592,0.5083061869599651,0.4517,100456
GEN,0.46295,212,212,offspring,440,426,TINYIMAGENET,324,main_b1000_tinyimagenet_alexnet_GEN_kp75_seed456,0.75,0.44905,35,False,0.75,alexnet,False,0,0,2,0.46295,212,1,0.45425,312,6,866,9,0.75,TINYIMAGENET_alexnet_GEN_accuracy_kp7500_seed456,456,60000,324,42,accuracy,100456,0.44905,1,2.8828204040527345,42.29269461333752,10,2.8828204040527345,valid,0.4491620601962222,0.5058662291636742,0.44905,100456
GEN,0.46295,212,212,offspring,1920,1932,TINYIMAGENET,325,main_b1000_tinyimagenet_alexnet_GEN_kp75_seed456,0.75,0.4523,35,False,0.75,alexnet,False,0,0,1,0.44855,313,7,0.45,308,2,3852,10,0.75,TINYIMAGENET_alexnet_GEN_accuracy_kp7500_seed456,456,60000,325,42,accuracy,100456,0.4523,1,2.8415495069503782,42.79159366339445,10,2.8415495069503782,valid,0.45098882135517343,0.5105029134061142,0.4523,100456
GEN,0.46295,212,212,offspring,1126,1168,TINYIMAGENET,326,main_b1000_tinyimagenet_alexnet_GEN_kp75_seed456,0.75,0.4511,36,False,0.75,alexnet,False,0,0,1,0.45395,319,4,0.46295,212,1,2294,2,0.75,TINYIMAGENET_alexnet_GEN_accuracy_kp7500_seed456,456,60000,326,42,accuracy,100456,0.4511,1,2.8466506272792818,42.21071203798056,10,2.8466506272792818,valid,0.4512637915802343,0.5048348081387072,0.4511,100456
GEN,0.46295,212,212,offspring,1168,1126,TINYIMAGENET,327,main_b1000_tinyimagenet_alexnet_GEN_kp75_seed456,0.75,0.4536,36,False,0.75,alexnet,False,0,0,2,0.45395,319,4,0.46295,212,1,2294,3,0.75,TINYIMAGENET_alexnet_GEN_accuracy_kp7500_seed456,456,60000,327,42,accuracy,100456,0.4536,1,2.8217076154232026,53.77920192480087,10,2.8217076154232026,valid,0.45344345281790943,0.5092808961752833,0.4536,100456
GEN,0.46295,212,212,offspring,1120,1118,TINYIMAGENET,328,main_b1000_tinyimagenet_alexnet_GEN_kp75_seed456,0.75,0.4468,36,False,0.75,alexnet,False,0,0,1,0.46295,212,1,0.45265,318,3,2238,4,0.75,TINYIMAGENET_alexnet_GEN_accuracy_kp7500_seed456,456,60000,328,42,accuracy,100456,0.4468,1,2.8841601453781127,42.26672255247831,10,2.8841601453781127,valid,0.44611238392996067,0.5099561580087913,0.4468,100456
GEN,0.46295,212,212,offspring,1118,1120,TINYIMAGENET,329,main_b1000_tinyimagenet_alexnet_GEN_kp75_seed456,0.75,0.43945,36,False,0.75,alexnet,True,6000,3000,2,0.46295,212,1,0.45265,318,3,2238,5,0.75,TINYIMAGENET_alexnet_GEN_accuracy_kp7500_seed456,456,60000,329,42,accuracy,100456,0.43945,1,2.9336772081375124,42.7447574287653,10,2.9336772081375124,valid,0.4379665465623613,0.5042632738507495,0.43945,100456
GEN,0.46295,212,212,offspring,3848,3962,TINYIMAGENET,330,main_b1000_tinyimagenet_alexnet_GEN_kp75_seed456,0.75,0.44575,36,False,0.75,alexnet,False,0,0,1,0.46295,212,1,0.4502,317,2,7810,6,0.75,TINYIMAGENET_alexnet_GEN_accuracy_kp7500_seed456,456,60000,330,42,accuracy,100456,0.44575,1,2.9304774915218355,42.07054601609707,10,2.9304774915218355,valid,0.4440900841762786,0.515783108918154,0.44575000000000004,100456
GEN,0.46295,212,212,offspring,3962,3848,TINYIMAGENET,331,main_b1000_tinyimagenet_alexnet_GEN_kp75_seed456,0.75,0.44185,36,False,0.75,alexnet,False,0,0,2,0.46295,212,1,0.4502,317,2,7810,7,0.75,TINYIMAGENET_alexnet_GEN_accuracy_kp7500_seed456,456,60000,331,42,accuracy,100456,0.44185,1,2.970724888420105,42.47234317660332,10,2.970724888420105,valid,0.44229347327609764,0.5122923499739336,0.44185,100456
GEN,0.46295,212,212,offspring,1132,1156,TINYIMAGENET,332,main_b1000_tinyimagenet_alexnet_GEN_kp75_seed456,0.75,0.4471,36,False,0.75,alexnet,False,0,0,1,0.45395,319,4,0.4523,325,10,2288,8,0.75,TINYIMAGENET_alexnet_GEN_accuracy_kp7500_seed456,456,60000,332,42,accuracy,100456,0.4471,1,2.893178837323189,42.25580050051212,10,2.893178837323189,valid,0.4463626080633425,0.5102493325810075,0.4471,100456
GEN,0.46295,212,212,offspring,1156,1132,TINYIMAGENET,333,main_b1000_tinyimagenet_alexnet_GEN_kp75_seed456,0.75,0.44525,36,False,0.75,alexnet,False,0,0,2,0.45395,319,4,0.4523,325,10,2288,9,0.75,TINYIMAGENET_alexnet_GEN_accuracy_kp7500_seed456,456,60000,333,42,accuracy,100456,0.44525,1,2.901775591135025,42.445101730525494,10,2.901775591135025,valid,0.44585190748367526,0.5080453345262319,0.44525,100456
GEN,0.46295,212,212,offspring,1000,1098,TINYIMAGENET,334,main_b1000_tinyimagenet_alexnet_GEN_kp75_seed456,0.75,0.44915,36,False,0.75,alexnet,False,0,0,1,0.45265,318,3,0.4523,325,10,2098,10,0.75,TINYIMAGENET_alexnet_GEN_accuracy_kp7500_seed456,456,60000,334,42,accuracy,100456,0.44915,1,2.8644396492242814,41.966866970062256,10,2.8644396492242814,valid,0.449974842748923,0.5083791386334864,0.44915000000000005,100456
GEN,0.46295,212,212,offspring,556,570,TINYIMAGENET,335,main_b1000_tinyimagenet_alexnet_GEN_kp75_seed456,0.75,0.4446,37,False,0.75,alexnet,False,0,0,1,0.46295,212,1,0.4536,327,3,1126,2,0.75,TINYIMAGENET_alexnet_GEN_accuracy_kp7500_seed456,456,60000,335,42,accuracy,100456,0.4446,1,2.896894472312927,42.25734996050596,10,2.896894472312927,valid,0.44150906364629877,0.5030517055230816,0.4446000000000001,100456
GEN,0.46295,212,212,offspring,570,556,TINYIMAGENET,336,main_b1000_tinyimagenet_alexnet_GEN_kp75_seed456,0.75,0.459,37,False,0.75,alexnet,False,0,0,2,0.46295,212,1,0.4536,327,3,1126,3,0.75,TINYIMAGENET_alexnet_GEN_accuracy_kp7500_seed456,456,60000,336,42,accuracy,100456,0.459,1,2.812816943120956,42.56708134710789,10,2.812816943120956,valid,0.45769231348652667,0.5111682284320769,0.45899999999999996,100456
GEN,0.46295,212,212,offspring,578,590,TINYIMAGENET,337,main_b1000_tinyimagenet_alexnet_GEN_kp75_seed456,0.75,0.4429,37,False,0.75,alexnet,True,6000,3000,1,0.4511,326,2,0.46295,212,1,1168,4,0.75,TINYIMAGENET_alexnet_GEN_accuracy_kp7500_seed456,456,60000,337,42,accuracy,100456,0.4429,1,2.9190859822750093,42.28923635929823,10,2.9190859822750093,valid,0.4471673388728948,0.514803367830169,0.4429,100456
GEN,0.46295,212,212,offspring,590,578,TINYIMAGENET,338,main_b1000_tinyimagenet_alexnet_GEN_kp75_seed456,0.75,0.44025,37,False,0.75,alexnet,True,6000,3000,2,0.4511,326,2,0.46295,212,1,1168,5,0.75,TINYIMAGENET_alexnet_GEN_accuracy_kp7500_seed456,456,60000,338,42,accuracy,100456,0.44025,1,2.972250442075729,42.17507842928171,10,2.972250442075729,valid,0.4403579671936473,0.5093707577310235,0.44025000000000003,100456
GEN,0.46295,212,212,offspring,818,918,TINYIMAGENET,339,main_b1000_tinyimagenet_alexnet_GEN_kp75_seed456,0.75,0.4519,37,False,0.75,alexnet,False,0,0,1,0.4511,326,2,0.4471,332,8,1736,6,0.75,TINYIMAGENET_alexnet_GEN_accuracy_kp7500_seed456,456,60000,339,42,accuracy,100456,0.4519,1,2.87160909409523,42.483904264867306,10,2.87160909409523,valid,0.4507901797100399,0.5065752739803218,0.45189999999999997,100456
GEN,0.46295,212,212,offspring,918,818,TINYIMAGENET,340,main_b1000_tinyimagenet_alexnet_GEN_kp75_seed456,0.75,0.4486,37,False,0.75,alexnet,False,0,0,2,0.4511,326,2,0.4471,332,8,1736,7,0.75,TINYIMAGENET_alexnet_GEN_accuracy_kp7500_seed456,456,60000,340,42,accuracy,100456,0.4486,1,2.8575661162376402,42.528153248131275,10,2.8575661162376402,valid,0.4465961894024575,0.504902260226559,0.4486,100456
GEN,0.46295,212,212,offspring,1094,1110,TINYIMAGENET,341,main_b1000_tinyimagenet_alexnet_GEN_kp75_seed456,0.75,0.4525,37,False,0.75,alexnet,False,0,0,1,0.44915,334,10,0.4536,327,3,2204,8,0.75,TINYIMAGENET_alexnet_GEN_accuracy_kp7500_seed456,456,60000,341,42,accuracy,100456,0.4525,1,2.8437927641868592,41.97990656644106,10,2.8437927641868592,valid,0.4520165845903783,0.5108027265316937,0.4525,100456
GEN,0.46295,212,212,offspring,1110,1094,TINYIMAGENET,342,main_b1000_tinyimagenet_alexnet_GEN_kp75_seed456,0.75,0.44815,37,False,0.75,alexnet,False,0,0,2,0.44915,334,10,0.4536,327,3,2204,9,0.75,TINYIMAGENET_alexnet_GEN_accuracy_kp7500_seed456,456,60000,342,42,accuracy,100456,0.44815,1,2.8745938744068145,42.28531139343977,10,2.8745938744068145,valid,0.44652505113946134,0.5109357713076805,0.44815,100456
GEN,0.46295,212,212,offspring,1118,1100,TINYIMAGENET,343,main_b1000_tinyimagenet_alexnet_GEN_kp75_seed456,0.75,0.443,37,False,0.75,alexnet,False,0,0,1,0.44525,333,9,0.4468,328,4,2218,10,0.75,TINYIMAGENET_alexnet_GEN_accuracy_kp7500_seed456,456,60000,343,42,accuracy,100456,0.443,1,2.905729209136963,42.36690915375948,10,2.905729209136963,valid,0.44375513049592963,0.5121557686044891,0.44299999999999995,100456
GEN,0.46295,212,212,offspring,1124,1080,TINYIMAGENET,344,main_b1000_tinyimagenet_alexnet_GEN_kp75_seed456,0.75,0.45005,38,False,0.75,alexnet,False,0,0,1,0.4525,341,8,0.44815,342,9,2204,2,0.75,TINYIMAGENET_alexnet_GEN_accuracy_kp7500_seed456,456,60000,344,42,accuracy,100456,0.45005,1,2.869778774356842,42.67852057516575,10,2.869778774356842,valid,0.4501954636786714,0.5117756068138464,0.45004999999999995,100456
GEN,0.46295,212,212,offspring,1080,1124,TINYIMAGENET,345,main_b1000_tinyimagenet_alexnet_GEN_kp75_seed456,0.75,0.4419,38,False,0.75,alexnet,False,0,0,2,0.4525,341,8,0.44815,342,9,2204,3,0.75,TINYIMAGENET_alexnet_GEN_accuracy_kp7500_seed456,456,60000,345,42,accuracy,100456,0.4419,1,2.9325076905965806,41.986670166254044,10,2.9325076905965806,valid,0.43911775304020545,0.5095260675848609,0.44189999999999996,100456
GEN,0.46295,212,212,offspring,978,926,TINYIMAGENET,346,main_b1000_tinyimagenet_alexnet_GEN_kp75_seed456,0.75,0.44345,38,False,0.75,alexnet,False,0,0,1,0.4486,340,7,0.459,336,3,1904,4,0.75,TINYIMAGENET_alexnet_GEN_accuracy_kp7500_seed456,456,60000,346,42,accuracy,100456,0.44345,1,2.905519259595871,42.362382888793945,10,2.905519259595871,valid,0.441679052463661,0.5043711874055186,0.44345,100456
GEN,0.46295,212,212,offspring,926,978,TINYIMAGENET,347,main_b1000_tinyimagenet_alexnet_GEN_kp75_seed456,0.75,0.45165,38,False,0.75,alexnet,False,0,0,2,0.4486,340,7,0.459,336,3,1904,5,0.75,TINYIMAGENET_alexnet_GEN_accuracy_kp7500_seed456,456,60000,347,42,accuracy,100456,0.45165,1,2.839432583189011,42.44705044478178,10,2.839432583189011,valid,0.4517537906190644,0.5049213788587664,0.45165000000000005,100456
GEN,0.46295,212,212,offspring,876,850,TINYIMAGENET,348,main_b1000_tinyimagenet_alexnet_GEN_kp75_seed456,0.75,0.44845,38,False,0.75,alexnet,False,0,0,1,0.46295,212,1,0.4519,339,6,1726,6,0.75,TINYIMAGENET_alexnet_GEN_accuracy_kp7500_seed456,456,60000,348,42,accuracy,100456,0.44845,1,2.9110432471156122,42.313024304807186,10,2.9110432471156122,valid,0.44719900456097705,0.5103266332561036,0.44845,100456
GEN,0.46295,212,212,offspring,850,876,TINYIMAGENET,349,main_b1000_tinyimagenet_alexnet_GEN_kp75_seed456,0.75,0.4546,38,False,0.75,alexnet,False,0,0,2,0.46295,212,1,0.4519,339,6,1726,7,0.75,TINYIMAGENET_alexnet_GEN_accuracy_kp7500_seed456,456,60000,349,42,accuracy,100456,0.4546,1,2.8522479591846466,42.14329043775797,10,2.8522479591846466,valid,0.45490080226710705,0.514647860111197,0.45460000000000006,100456
GEN,0.46295,212,212,offspring,870,866,TINYIMAGENET,350,main_b1000_tinyimagenet_alexnet_GEN_kp75_seed456,0.75,0.45225,38,False,0.75,alexnet,False,0,0,1,0.4486,340,7,0.4519,339,6,1736,8,0.75,TINYIMAGENET_alexnet_GEN_accuracy_kp7500_seed456,456,60000,350,42,accuracy,100456,0.45225,1,2.8466515412569047,42.35269307345152,10,2.8466515412569047,valid,0.4504623819989256,0.5047213179639617,0.45225000000000004,100456
GEN,0.46295,212,212,offspring,866,870,TINYIMAGENET,351,main_b1000_tinyimagenet_alexnet_GEN_kp75_seed456,0.75,0.45105,38,False,0.75,alexnet,False,0,0,2,0.4486,340,7,0.4519,339,6,1736,9,0.75,TINYIMAGENET_alexnet_GEN_accuracy_kp7500_seed456,456,60000,351,42,accuracy,100456,0.45105,1,2.9034401196956634,42.45903147011995,10,2.9034401196956634,valid,0.449211442650373,0.5120119770077087,0.45105000000000006,100456
GEN,0.46295,212,212,offspring,590,536,TINYIMAGENET,352,main_b1000_tinyimagenet_alexnet_GEN_kp75_seed456,0.75,0.45315,38,False,0.75,alexnet,False,0,0,1,0.459,336,3,0.4446,335,2,1126,10,0.75,TINYIMAGENET_alexnet_GEN_accuracy_kp7500_seed456,456,60000,352,42,accuracy,100456,0.45315,1,2.8389968521595,42.06243163347244,10,2.8389968521595,valid,0.4494758950613968,0.5001739790848935,0.45315,100456
GEN,0.46295,212,212,offspring,942,920,TINYIMAGENET,353,main_b1000_tinyimagenet_alexnet_GEN_kp75_seed456,0.75,0.45325,39,False,0.75,alexnet,False,0,0,1,0.45315,352,10,0.45225,350,8,1862,2,0.75,TINYIMAGENET_alexnet_GEN_accuracy_kp7500_seed456,456,60000,353,42,accuracy,100456,0.45325,1,2.8228910289287565,42.310530215501785,10,2.8228910289287565,valid,0.452240371858197,0.5038538189503545,0.45325000000000004,100456
GEN,0.46295,212,212,offspring,920,942,TINYIMAGENET,354,main_b1000_tinyimagenet_alexnet_GEN_kp75_seed456,0.75,0.44035,39,False,0.75,alexnet,False,0,0,2,0.45315,352,10,0.45225,350,8,1862,3,0.75,TINYIMAGENET_alexnet_GEN_accuracy_kp7500_seed456,456,60000,354,42,accuracy,100456,0.44035,1,2.899158772611618,42.429457508027554,10,2.899158772611618,valid,0.4436459057714963,0.5067500244924339,0.44034999999999996,100456
GEN,0.46295,212,212,offspring,946,944,TINYIMAGENET,355,main_b1000_tinyimagenet_alexnet_GEN_kp75_seed456,0.75,0.45315,39,False,0.75,alexnet,False,0,0,1,0.45105,351,9,0.45315,352,10,1890,4,0.75,TINYIMAGENET_alexnet_GEN_accuracy_kp7500_seed456,456,60000,355,42,accuracy,100456,0.45315,1,2.86862466173172,42.33689916878939,10,2.86862466173172,valid,0.45247604923789697,0.5075503321600013,0.45315,100456
GEN,0.46295,212,212,offspring,944,946,TINYIMAGENET,356,main_b1000_tinyimagenet_alexnet_GEN_kp75_seed456,0.75,0.43935,39,False,0.75,alexnet,False,0,0,2,0.45105,351,9,0.45315,352,10,1890,5,0.75,TINYIMAGENET_alexnet_GEN_accuracy_kp7500_seed456,456,60000,356,42,accuracy,100456,0.43935,1,2.941540380704403,42.14167758822441,10,2.941540380704403,valid,0.43949420019029345,0.510410285087581,0.43935,100456
GEN,0.46295,212,212,offspring,738,756,TINYIMAGENET,357,main_b1000_tinyimagenet_alexnet_GEN_kp75_seed456,0.75,0.4482,39,False,0.75,alexnet,False,0,0,1,0.4546,349,7,0.45165,347,5,1494,6,0.75,TINYIMAGENET_alexnet_GEN_accuracy_kp7500_seed456,456,60000,357,42,accuracy,100456,0.4482,1,2.882982663488388,42.322240956127644,10,2.882982663488388,valid,0.44696309990841493,0.5092364921138715,0.4482,100456
GEN,0.46295,212,212,offspring,756,738,TINYIMAGENET,358,main_b1000_tinyimagenet_alexnet_GEN_kp75_seed456,0.75,0.44965,39,False,0.75,alexnet,True,6000,3000,2,0.4546,349,7,0.45165,347,5,1494,7,0.75,TINYIMAGENET_alexnet_GEN_accuracy_kp7500_seed456,456,60000,358,42,accuracy,100456,0.44965,1,2.8834621729135512,42.59384982287884,10,2.8834621729135512,valid,0.4467260311811292,0.5022927494016115,0.44965000000000005,100456
GEN,0.46295,212,212,offspring,604,592,TINYIMAGENET,359,main_b1000_tinyimagenet_alexnet_GEN_kp75_seed456,0.75,0.44975,39,False,0.75,alexnet,False,0,0,1,0.45315,352,10,0.4546,349,7,1196,8,0.75,TINYIMAGENET_alexnet_GEN_accuracy_kp7500_seed456,456,60000,359,42,accuracy,100456,0.44975,1,2.8519288599967956,42.23471273481846,10,2.8519288599967956,valid,0.4494009361866874,0.5014450182122253,0.4497499999999999,100456
GEN,0.46295,212,212,offspring,592,604,TINYIMAGENET,360,main_b1000_tinyimagenet_alexnet_GEN_kp75_seed456,0.75,0.45035,39,False,0.75,alexnet,False,0,0,2,0.45315,352,10,0.4546,349,7,1196,9,0.75,TINYIMAGENET_alexnet_GEN_accuracy_kp7500_seed456,456,60000,360,42,accuracy,100456,0.45035,1,2.8677798506736756,42.19928691536188,10,2.8677798506736756,valid,0.4506690430099981,0.5101238357078745,0.45035,100456
GEN,0.46295,212,212,offspring,860,866,TINYIMAGENET,361,main_b1000_tinyimagenet_alexnet_GEN_kp75_seed456,0.75,0.44395,39,False,0.75,alexnet,False,0,0,1,0.45005,344,2,0.46295,212,1,1726,10,0.75,TINYIMAGENET_alexnet_GEN_accuracy_kp7500_seed456,456,60000,361,42,accuracy,100456,0.44395,1,2.931646970117092,42.414183899760246,10,2.931646970117092,valid,0.44208778474518595,0.5149930762493777,0.44394999999999996,100456
GEN,0.46295,212,212,offspring,580,596,TINYIMAGENET,362,main_b1000_tinyimagenet_alexnet_GEN_kp75_seed456,0.75,0.44745,40,False,0.75,alexnet,False,0,0,1,0.45315,355,4,0.46295,212,1,1176,2,0.75,TINYIMAGENET_alexnet_GEN_accuracy_kp7500_seed456,456,60000,362,42,accuracy,100456,0.44745,1,2.9132127208709715,42.69100292772055,10,2.9132127208709715,valid,0.44560840011094727,0.5064860605814787,0.44744999999999996,100456
GEN,0.46295,212,212,offspring,596,580,TINYIMAGENET,363,main_b1000_tinyimagenet_alexnet_GEN_kp75_seed456,0.75,0.4507,40,False,0.75,alexnet,False,0,0,2,0.45315,355,4,0.46295,212,1,1176,3,0.75,TINYIMAGENET_alexnet_GEN_accuracy_kp7500_seed456,456,60000,363,42,accuracy,100456,0.4507,1,2.851364493703842,41.92719204723835,10,2.851364493703842,valid,0.45318789160797945,0.5120040289069672,0.4507,100456
GEN,0.46295,212,212,offspring,538,558,TINYIMAGENET,364,main_b1000_tinyimagenet_alexnet_GEN_kp75_seed456,0.75,0.4533,40,False,0.75,alexnet,False,0,0,1,0.45315,355,4,0.45035,360,9,1096,4,0.75,TINYIMAGENET_alexnet_GEN_accuracy_kp7500_seed456,456,60000,364,42,accuracy,100456,0.4533,1,2.848596859931946,42.34887510538101,10,2.848596859931946,valid,0.4533339580762943,0.5123924919287268,0.4533,100456
GEN,0.46295,212,212,offspring,558,538,TINYIMAGENET,365,main_b1000_tinyimagenet_alexnet_GEN_kp75_seed456,0.75,0.4498,40,False,0.75,alexnet,True,6000,3000,2,0.45315,355,4,0.45035,360,9,1096,5,0.75,TINYIMAGENET_alexnet_GEN_accuracy_kp7500_seed456,456,60000,365,42,accuracy,100456,0.4498,1,2.8963868156433104,42.46769189089537,10,2.8963868156433104,valid,0.4481864999212178,0.5123397782154455,0.44980000000000003,100456
GEN,0.46295,212,212,offspring,734,714,TINYIMAGENET,366,main_b1000_tinyimagenet_alexnet_GEN_kp75_seed456,0.75,0.44455,40,False,0.75,alexnet,False,0,0,1,0.45325,353,2,0.44395,361,10,1448,6,0.75,TINYIMAGENET_alexnet_GEN_accuracy_kp7500_seed456,456,60000,366,42,accuracy,100456,0.44455,1,2.9144079788684847,42.47801182419062,10,2.9144079788684847,valid,0.4440698985326687,0.508784479148614,0.44455,100456
GEN,0.46295,212,212,offspring,714,734,TINYIMAGENET,367,main_b1000_tinyimagenet_alexnet_GEN_kp75_seed456,0.75,0.4501,40,False,0.75,alexnet,False,0,0,2,0.45325,353,2,0.44395,361,10,1448,7,0.75,TINYIMAGENET_alexnet_GEN_accuracy_kp7500_seed456,456,60000,367,42,accuracy,100456,0.4501,1,2.8802280814647676,42.116363383829594,10,2.8802280814647676,valid,0.45095873302844547,0.5121242757421267,0.4501,100456
GEN,0.46295,212,212,offspring,604,572,TINYIMAGENET,368,main_b1000_tinyimagenet_alexnet_GEN_kp75_seed456,0.75,0.44615,40,False,0.75,alexnet,False,0,0,1,0.46295,212,1,0.45315,355,4,1176,8,0.75,TINYIMAGENET_alexnet_GEN_accuracy_kp7500_seed456,456,60000,368,42,accuracy,100456,0.44615,1,2.930537538790703,42.34597932547331,10,2.930537538790703,valid,0.4460471467169992,0.5116126462875042,0.44614999999999994,100456
GEN,0.46295,212,212,offspring,572,604,TINYIMAGENET,369,main_b1000_tinyimagenet_alexnet_GEN_kp75_seed456,0.75,0.4519,40,False,0.75,alexnet,False,0,0,2,0.46295,212,1,0.45315,355,4,1176,9,0.75,TINYIMAGENET_alexnet_GEN_accuracy_kp7500_seed456,456,60000,369,42,accuracy,100456,0.4519,1,2.85115536775589,42.553431525826454,10,2.85115536775589,valid,0.45335630936646176,0.5114770372529523,0.45189999999999997,100456
GEN,0.46295,212,212,offspring,720,728,TINYIMAGENET,370,main_b1000_tinyimagenet_alexnet_GEN_kp75_seed456,0.75,0.45375,40,False,0.75,alexnet,True,6000,3000,1,0.45325,353,2,0.44395,361,10,1448,10,0.75,TINYIMAGENET_alexnet_GEN_accuracy_kp7500_seed456,456,60000,370,42,accuracy,100456,0.45375,1,2.8631505596160887,42.05773338675499,10,2.8631505596160887,valid,0.45149080535447456,0.5106792261966236,0.45375,100456
GEN,0.46295,212,212,offspring,3396,3634,TINYIMAGENET,371,main_b1000_tinyimagenet_alexnet_GEN_kp75_seed456,0.75,0.45605,41,False,0.75,alexnet,False,0,0,1,0.4533,364,4,0.45375,370,10,7030,2,0.75,TINYIMAGENET_alexnet_GEN_accuracy_kp7500_seed456,456,60000,371,42,accuracy,100456,0.45605,1,2.8375937502980233,42.28189740329981,10,2.8375937502980233,valid,0.4584247236076504,0.5150569581848372,0.45604999999999996,100456
GEN,0.46295,212,212,offspring,3634,3396,TINYIMAGENET,372,main_b1000_tinyimagenet_alexnet_GEN_kp75_seed456,0.75,0.452,41,False,0.75,alexnet,False,0,0,2,0.4533,364,4,0.45375,370,10,7030,3,0.75,TINYIMAGENET_alexnet_GEN_accuracy_kp7500_seed456,456,60000,372,42,accuracy,100456,0.452,1,2.8438044318675995,42.46274297684431,10,2.8438044318675995,valid,0.45207168638519674,0.506364389102718,0.45199999999999996,100456
GEN,0.46295,212,212,offspring,506,430,TINYIMAGENET,373,main_b1000_tinyimagenet_alexnet_GEN_kp75_seed456,0.75,0.4474,41,False,0.75,alexnet,True,6000,3000,1,0.46295,212,1,0.4533,364,4,936,4,0.75,TINYIMAGENET_alexnet_GEN_accuracy_kp7500_seed456,456,60000,373,42,accuracy,100456,0.4474,1,2.8822123749732973,42.48375283181667,10,2.8822123749732973,valid,0.4456637472641535,0.5043002885511348,0.44739999999999996,100456
GEN,0.46295,212,212,offspring,430,506,TINYIMAGENET,374,main_b1000_tinyimagenet_alexnet_GEN_kp75_seed456,0.75,0.4558,41,False,0.75,alexnet,False,0,0,2,0.46295,212,1,0.4533,364,4,936,5,0.75,TINYIMAGENET_alexnet_GEN_accuracy_kp7500_seed456,456,60000,374,42,accuracy,100456,0.4558,1,2.848382582139969,42.01578979939222,10,2.848382582139969,valid,0.45354528590258875,0.5115493422900748,0.4558,100456
GEN,0.46295,212,212,offspring,3364,3448,TINYIMAGENET,375,main_b1000_tinyimagenet_alexnet_GEN_kp75_seed456,0.75,0.44625,41,False,0.75,alexnet,False,0,0,1,0.46295,212,1,0.45375,370,10,6812,6,0.75,TINYIMAGENET_alexnet_GEN_accuracy_kp7500_seed456,456,60000,375,42,accuracy,100456,0.44625,1,2.8815513527154923,42.336814910173416,10,2.8815513527154923,valid,0.4445097693880811,0.5043032432540097,0.44625,100456
GEN,0.46295,212,212,offspring,3448,3364,TINYIMAGENET,376,main_b1000_tinyimagenet_alexnet_GEN_kp75_seed456,0.75,0.45165,41,False,0.75,alexnet,False,0,0,2,0.46295,212,1,0.45375,370,10,6812,7,0.75,TINYIMAGENET_alexnet_GEN_accuracy_kp7500_seed456,456,60000,376,42,accuracy,100456,0.45165,1,2.8722005753159525,42.459634110331535,10,2.8722005753159525,valid,0.4509156229408363,0.5078263295615729,0.45165,100456
GEN,0.46295,212,212,offspring,302,278,TINYIMAGENET,377,main_b1000_tinyimagenet_alexnet_GEN_kp75_seed456,0.75,0.44885,41,False,0.75,alexnet,True,6000,3000,1,0.4507,363,3,0.46295,212,1,580,8,0.75,TINYIMAGENET_alexnet_GEN_accuracy_kp7500_seed456,456,60000,377,42,accuracy,100456,0.44885,1,2.8725036396980284,42.38223987817764,10,2.8725036396980284,valid,0.4472771935679523,0.5112795168571048,0.44885,100456
GEN,0.46295,212,212,offspring,278,302,TINYIMAGENET,378,main_b1000_tinyimagenet_alexnet_GEN_kp75_seed456,0.75,0.4577,41,False,0.75,alexnet,False,0,0,2,0.4507,363,3,0.46295,212,1,580,9,0.75,TINYIMAGENET_alexnet_GEN_accuracy_kp7500_seed456,456,60000,378,42,accuracy,100456,0.4577,1,2.8103573209285737,42.144534543156624,10,2.8103573209285737,valid,0.45635590054755526,0.505701693881557,0.45769999999999994,100456
GEN,0.46295,212,212,offspring,266,306,TINYIMAGENET,379,main_b1000_tinyimagenet_alexnet_GEN_kp75_seed456,0.75,0.4512,41,False,0.75,alexnet,True,6000,3000,1,0.4519,369,9,0.46295,212,1,572,10,0.75,TINYIMAGENET_alexnet_GEN_accuracy_kp7500_seed456,456,60000,379,42,accuracy,100456,0.4512,1,2.8471261477470398,42.36081240326166,10,2.8471261477470398,valid,0.45173227046471703,0.5084536874223248,0.4512,100456
GEN,0.46295,212,212,offspring,280,268,TINYIMAGENET,380,main_b1000_tinyimagenet_alexnet_GEN_kp75_seed456,0.75,0.4523,42,False,0.75,alexnet,True,6000,3000,1,0.4558,374,5,0.4577,378,9,548,2,0.75,TINYIMAGENET_alexnet_GEN_accuracy_kp7500_seed456,456,60000,380,42,accuracy,100456,0.4523,1,2.8749820423603056,42.43105711042881,10,2.8749820423603056,valid,0.4534485004693524,0.5103696626263405,0.4523,100456
GEN,0.46295,212,212,offspring,268,280,TINYIMAGENET,381,main_b1000_tinyimagenet_alexnet_GEN_kp75_seed456,0.75,0.44935,42,False,0.75,alexnet,False,0,0,2,0.4558,374,5,0.4577,378,9,548,3,0.75,TINYIMAGENET_alexnet_GEN_accuracy_kp7500_seed456,456,60000,381,42,accuracy,100456,0.44935,1,2.8718735285282135,42.110949993133545,10,2.8718735285282135,valid,0.44960487788891385,0.5081097650817493,0.44935,100456
GEN,0.46295,212,212,offspring,160,142,TINYIMAGENET,382,main_b1000_tinyimagenet_alexnet_GEN_kp75_seed456,0.75,0.45035,42,False,0.75,alexnet,False,0,0,1,0.4577,378,9,0.46295,212,1,302,4,0.75,TINYIMAGENET_alexnet_GEN_accuracy_kp7500_seed456,456,60000,382,42,accuracy,100456,0.45035,1,2.8774489708423614,42.33682082593441,10,2.8774489708423614,valid,0.4474525813424661,0.5022925770866538,0.45035000000000003,100456
GEN,0.46295,212,212,offspring,142,160,TINYIMAGENET,383,main_b1000_tinyimagenet_alexnet_GEN_kp75_seed456,0.75,0.4475,42,False,0.75,alexnet,False,0,0,2,0.4577,378,9,0.46295,212,1,302,5,0.75,TINYIMAGENET_alexnet_GEN_accuracy_kp7500_seed456,456,60000,383,42,accuracy,100456,0.4475,1,2.8558385541439057,42.37597328424454,10,2.8558385541439057,valid,0.4458820088088119,0.5031048887963719,0.4475,100456
GEN,0.46295,212,212,offspring,1894,1862,TINYIMAGENET,384,main_b1000_tinyimagenet_alexnet_GEN_kp75_seed456,0.75,0.4499,42,False,0.75,alexnet,False,0,0,1,0.46295,212,1,0.45605,371,2,3756,6,0.75,TINYIMAGENET_alexnet_GEN_accuracy_kp7500_seed456,456,60000,384,42,accuracy,100456,0.4499,1,2.846862851524353,42.559689313173294,10,2.846862851524353,valid,0.4476815360949899,0.4996614600974842,0.4499,100456
GEN,0.46295,212,212,offspring,1862,1894,TINYIMAGENET,385,main_b1000_tinyimagenet_alexnet_GEN_kp75_seed456,0.75,0.45435,42,False,0.75,alexnet,False,0,0,2,0.46295,212,1,0.45605,371,2,3756,7,0.75,TINYIMAGENET_alexnet_GEN_accuracy_kp7500_seed456,456,60000,385,42,accuracy,100456,0.45435,1,2.860204029941559,41.92058800160885,10,2.860204029941559,valid,0.4525114445200633,0.5139321107410925,0.45435000000000003,100456
GEN,0.46295,212,212,offspring,150,152,TINYIMAGENET,386,main_b1000_tinyimagenet_alexnet_GEN_kp75_seed456,0.75,0.453,42,False,0.75,alexnet,False,0,0,1,0.4577,378,9,0.46295,212,1,302,8,0.75,TINYIMAGENET_alexnet_GEN_accuracy_kp7500_seed456,456,60000,386,42,accuracy,100456,0.453,1,2.842230812215805,42.30897148698568,10,2.842230812215805,valid,0.451143846414597,0.5091032091701385,0.45300000000000007,100456
GEN,0.46295,212,212,offspring,152,150,TINYIMAGENET,387,main_b1000_tinyimagenet_alexnet_GEN_kp75_seed456,0.75,0.45265,42,False,0.75,alexnet,False,0,0,2,0.4577,378,9,0.46295,212,1,302,9,0.75,TINYIMAGENET_alexnet_GEN_accuracy_kp7500_seed456,456,60000,387,42,accuracy,100456,0.45265,1,2.8731611930847167,42.47139576077461,10,2.8731611930847167,valid,0.45197599494462054,0.5106455175617503,0.45265,100456
GEN,0.46295,212,212,offspring,1836,1920,TINYIMAGENET,388,main_b1000_tinyimagenet_alexnet_GEN_kp75_seed456,0.75,0.453,42,False,0.75,alexnet,False,0,0,1,0.45605,371,2,0.46295,212,1,3756,10,0.75,TINYIMAGENET_alexnet_GEN_accuracy_kp7500_seed456,456,60000,388,42,accuracy,100456,0.453,1,2.8293122582912447,42.34807340800762,10,2.8293122582912447,valid,0.45102353657797406,0.49675324602844967,0.45299999999999996,100456
GEN,0.46295,212,212,offspring,84,68,TINYIMAGENET,389,main_b1000_tinyimagenet_alexnet_GEN_kp75_seed456,0.75,0.45045,43,False,0.75,alexnet,False,0,0,1,0.46295,212,1,0.453,386,8,152,2,0.75,TINYIMAGENET_alexnet_GEN_accuracy_kp7500_seed456,456,60000,389,42,accuracy,100456,0.45045,1,2.8748491535663603,42.107108280062675,10,2.8748491535663603,valid,0.4493522952048065,0.5038055314845391,0.45045,100456
GEN,0.46295,212,212,offspring,68,84,TINYIMAGENET,390,main_b1000_tinyimagenet_alexnet_GEN_kp75_seed456,0.75,0.44985,43,False,0.75,alexnet,True,6000,3000,2,0.46295,212,1,0.453,386,8,152,3,0.75,TINYIMAGENET_alexnet_GEN_accuracy_kp7500_seed456,456,60000,390,42,accuracy,100456,0.44985,1,2.861920202255249,42.30145660787821,10,2.861920202255249,valid,0.4500189471063934,0.5112217791679133,0.44984999999999997,100456
GEN,0.46295,212,212,offspring,944,918,TINYIMAGENET,391,main_b1000_tinyimagenet_alexnet_GEN_kp75_seed456,0.75,0.44295,43,False,0.75,alexnet,False,0,0,1,0.46295,212,1,0.45435,385,7,1862,4,0.75,TINYIMAGENET_alexnet_GEN_accuracy_kp7500_seed456,456,60000,391,42,accuracy,100456,0.44295,1,2.9156294082164766,42.75784162431955,10,2.9156294082164766,valid,0.4394508640108101,0.501144041855934,0.44295,100456
GEN,0.46295,212,212,offspring,918,944,TINYIMAGENET,392,main_b1000_tinyimagenet_alexnet_GEN_kp75_seed456,0.75,0.45815,43,False,0.75,alexnet,False,0,0,2,0.46295,212,1,0.45435,385,7,1862,5,0.75,TINYIMAGENET_alexnet_GEN_accuracy_kp7500_seed456,456,60000,392,42,accuracy,100456,0.45815,1,2.808300271463394,42.13654859364033,10,2.808300271463394,valid,0.4578395030749733,0.5077205666163194,0.45815000000000006,100456
GEN,0.46295,212,212,offspring,942,992,TINYIMAGENET,393,main_b1000_tinyimagenet_alexnet_GEN_kp75_seed456,0.75,0.4492,43,False,0.75,alexnet,False,0,0,1,0.45435,385,7,0.45265,387,9,1934,6,0.75,TINYIMAGENET_alexnet_GEN_accuracy_kp7500_seed456,456,60000,393,42,accuracy,100456,0.4492,1,2.8433926760673525,42.32447912544012,10,2.8433926760673525,valid,0.4488623796860528,0.5083105603901488,0.44920000000000004,100456
GEN,0.46295,212,212,offspring,992,942,TINYIMAGENET,394,main_b1000_tinyimagenet_alexnet_GEN_kp75_seed456,0.75,0.44305,43,False,0.75,alexnet,False,0,0,2,0.45435,385,7,0.45265,387,9,1934,7,0.75,TINYIMAGENET_alexnet_GEN_accuracy_kp7500_seed456,456,60000,394,42,accuracy,100456,0.44305,1,2.9355786542892455,42.513320460915565,10,2.9355786542892455,valid,0.4437718106037892,0.5164793807278167,0.44305,100456
GEN,0.46295,212,212,offspring,978,968,TINYIMAGENET,395,main_b1000_tinyimagenet_alexnet_GEN_kp75_seed456,0.75,0.44945,43,False,0.75,alexnet,False,0,0,1,0.453,386,8,0.45435,385,7,1946,8,0.75,TINYIMAGENET_alexnet_GEN_accuracy_kp7500_seed456,456,60000,395,42,accuracy,100456,0.44945,1,2.8659431449413297,42.55105682462454,10,2.8659431449413297,valid,0.45191271660600174,0.5046327824133673,0.44945,100456
GEN,0.46295,212,212,offspring,968,978,TINYIMAGENET,396,main_b1000_tinyimagenet_alexnet_GEN_kp75_seed456,0.75,0.452,43,False,0.75,alexnet,False,0,0,2,0.453,386,8,0.45435,385,7,1946,9,0.75,TINYIMAGENET_alexnet_GEN_accuracy_kp7500_seed456,456,60000,396,42,accuracy,100456,0.452,1,2.8632323147416114,42.07887903600931,10,2.8632323147416114,valid,0.4485066574310329,0.5031792926262851,0.452,100456
GEN,0.46295,212,212,offspring,956,978,TINYIMAGENET,397,main_b1000_tinyimagenet_alexnet_GEN_kp75_seed456,0.75,0.45,43,False,0.75,alexnet,False,0,0,1,0.45435,385,7,0.45265,387,9,1934,10,0.75,TINYIMAGENET_alexnet_GEN_accuracy_kp7500_seed456,456,60000,397,42,accuracy,100456,0.45,1,2.8430072087287903,42.46713125705719,10,2.8430072087287903,valid,0.4482252468645065,0.5013609306350117,0.45,100456
GEN,0.46295,212,212,offspring,450,468,TINYIMAGENET,398,main_b1000_tinyimagenet_alexnet_GEN_kp75_seed456,0.75,0.4441,44,False,0.75,alexnet,False,0,0,1,0.45815,392,5,0.46295,212,1,918,2,0.75,TINYIMAGENET_alexnet_GEN_accuracy_kp7500_seed456,456,60000,398,42,accuracy,100456,0.4441,1,2.9214227157354355,42.48808439821005,10,2.9214227157354355,valid,0.44511616619131217,0.5121364181376162,0.44410000000000005,100456
GEN,0.46295,212,212,offspring,468,450,TINYIMAGENET,399,main_b1000_tinyimagenet_alexnet_GEN_kp75_seed456,0.75,0.43805,44,False,0.75,alexnet,False,0,0,2,0.45815,392,5,0.46295,212,1,918,3,0.75,TINYIMAGENET_alexnet_GEN_accuracy_kp7500_seed456,456,60000,399,42,accuracy,100456,0.43805,1,2.9605215598106382,42.26029194891453,10,2.9605215598106382,valid,0.43628627286081284,0.509658018517925,0.43805,100456
GEN,0.46295,212,212,offspring,3398,3392,TINYIMAGENET,400,main_b1000_tinyimagenet_alexnet_GEN_kp75_seed456,0.75,0.4462,44,False,0.75,alexnet,False,0,0,1,0.45815,392,5,0.44985,390,3,6790,4,0.75,TINYIMAGENET_alexnet_GEN_accuracy_kp7500_seed456,456,60000,400,42,accuracy,100456,0.4462,1,2.928446367120743,42.09047122299671,10,2.928446367120743,valid,0.44461088789537145,0.5084989915591595,0.44620000000000004,100456
GEN,0.46295,212,212,offspring,3392,3398,TINYIMAGENET,401,main_b1000_tinyimagenet_alexnet_GEN_kp75_seed456,0.75,0.45205,44,False,0.75,alexnet,False,0,0,2,0.45815,392,5,0.44985,390,3,6790,5,0.75,TINYIMAGENET_alexnet_GEN_accuracy_kp7500_seed456,456,60000,401,42,accuracy,100456,0.45205,1,2.8464522973299027,42.35525569319725,10,2.8464522973299027,valid,0.44963470807135336,0.5044686741710683,0.45205,100456
GEN,0.46295,212,212,offspring,462,456,TINYIMAGENET,402,main_b1000_tinyimagenet_alexnet_GEN_kp75_seed456,0.75,0.4516,44,False,0.75,alexnet,False,0,0,1,0.46295,212,1,0.45815,392,5,918,6,0.75,TINYIMAGENET_alexnet_GEN_accuracy_kp7500_seed456,456,60000,402,42,accuracy,100456,0.4516,1,2.852867542076111,42.58111486583948,10,2.852867542076111,valid,0.4526169939857805,0.5116056702838127,0.45159999999999995,100456
GEN,0.46295,212,212,offspring,456,462,TINYIMAGENET,403,main_b1000_tinyimagenet_alexnet_GEN_kp75_seed456,0.75,0.4425,44,False,0.75,alexnet,False,0,0,2,0.46295,212,1,0.45815,392,5,918,7,0.75,TINYIMAGENET_alexnet_GEN_accuracy_kp7500_seed456,456,60000,403,42,accuracy,100456,0.4425,1,2.904582099568844,41.99830435216427,10,2.904582099568844,valid,0.44327006914673917,0.5029395494017715,0.4425,100456
GEN,0.46295,212,212,offspring,516,498,TINYIMAGENET,404,main_b1000_tinyimagenet_alexnet_GEN_kp75_seed456,0.75,0.44005,44,False,0.75,alexnet,False,0,0,1,0.45,397,10,0.46295,212,1,1014,8,0.75,TINYIMAGENET_alexnet_GEN_accuracy_kp7500_seed456,456,60000,404,42,accuracy,100456,0.44005,1,2.934011133623123,42.30856553465128,10,2.934011133623123,valid,0.4414090656319476,0.5148977971968676,0.44005000000000005,100456
GEN,0.46295,212,212,offspring,498,516,TINYIMAGENET,405,main_b1000_tinyimagenet_alexnet_GEN_kp75_seed456,0.75,0.4558,44,False,0.75,alexnet,False,0,0,2,0.45,397,10,0.46295,212,1,1014,9,0.75,TINYIMAGENET_alexnet_GEN_accuracy_kp7500_seed456,456,60000,405,42,accuracy,100456,0.4558,1,2.837146292281151,42.492597579956055,10,2.837146292281151,valid,0.4556068203186239,0.5035635109336845,0.4558,100456
GEN,0.46295,212,212,offspring,490,512,TINYIMAGENET,406,main_b1000_tinyimagenet_alexnet_GEN_kp75_seed456,0.75,0.44455,44,False,0.75,alexnet,False,0,0,1,0.46295,212,1,0.452,396,9,1002,10,0.75,TINYIMAGENET_alexnet_GEN_accuracy_kp7500_seed456,456,60000,406,42,accuracy,100456,0.44455,1,2.903781861281395,42.22238302230835,10,2.903781861281395,valid,0.4443678623212472,0.5062617457522783,0.44455,100456
GEN,0.46295,212,212,offspring,254,262,TINYIMAGENET,407,main_b1000_tinyimagenet_alexnet_GEN_kp75_seed456,0.75,0.4471,45,False,0.75,alexnet,False,0,0,1,0.4558,405,9,0.46295,212,1,516,2,0.75,TINYIMAGENET_alexnet_GEN_accuracy_kp7500_seed456,456,60000,407,42,accuracy,100456,0.4471,1,2.9084677073955536,42.03873051702976,10,2.9084677073955536,valid,0.44888524126288276,0.5055361245483053,0.44709999999999994,100456
GEN,0.46295,212,212,offspring,262,254,TINYIMAGENET,408,main_b1000_tinyimagenet_alexnet_GEN_kp75_seed456,0.75,0.44615,45,False,0.75,alexnet,False,0,0,2,0.4558,405,9,0.46295,212,1,516,3,0.75,TINYIMAGENET_alexnet_GEN_accuracy_kp7500_seed456,456,60000,408,42,accuracy,100456,0.44615,1,2.8934972232341765,42.354295149445534,10,2.8934972232341765,valid,0.44450378532021206,0.5081596027455229,0.44615000000000005,100456
GEN,0.46295,212,212,offspring,1850,1842,TINYIMAGENET,409,main_b1000_tinyimagenet_alexnet_GEN_kp75_seed456,0.75,0.4487,45,False,0.75,alexnet,False,0,0,1,0.45205,401,5,0.4558,405,9,3692,4,0.75,TINYIMAGENET_alexnet_GEN_accuracy_kp7500_seed456,456,60000,409,42,accuracy,100456,0.4487,1,2.878886219215393,42.49501361697912,10,2.878886219215393,valid,0.450040005543372,0.5074574459513507,0.44870000000000004,100456
GEN,0.46295,212,212,offspring,1842,1850,TINYIMAGENET,410,main_b1000_tinyimagenet_alexnet_GEN_kp75_seed456,0.75,0.44815,45,False,0.75,alexnet,False,0,0,2,0.45205,401,5,0.4558,405,9,3692,5,0.75,TINYIMAGENET_alexnet_GEN_accuracy_kp7500_seed456,456,60000,410,42,accuracy,100456,0.44815,1,2.886081988096237,42.00107045471668,10,2.886081988096237,valid,0.44619653721234676,0.506746731365752,0.44815000000000005,100456
GEN,0.46295,212,212,offspring,1910,1838,TINYIMAGENET,411,main_b1000_tinyimagenet_alexnet_GEN_kp75_seed456,0.75,0.45265,45,False,0.75,alexnet,False,0,0,1,0.4462,400,4,0.4558,405,9,3748,6,0.75,TINYIMAGENET_alexnet_GEN_accuracy_kp7500_seed456,456,60000,411,42,accuracy,100456,0.45265,1,2.855132734298706,42.32195445895195,10,2.855132734298706,valid,0.4506223874622599,0.5047699215288585,0.45265,100456
GEN,0.46295,212,212,offspring,1838,1910,TINYIMAGENET,412,main_b1000_tinyimagenet_alexnet_GEN_kp75_seed456,0.75,0.4515,45,False,0.75,alexnet,False,0,0,2,0.4462,400,4,0.4558,405,9,3748,7,0.75,TINYIMAGENET_alexnet_GEN_accuracy_kp7500_seed456,456,60000,412,42,accuracy,100456,0.4515,1,2.8780400339603425,42.453650429844856,10,2.8780400339603425,valid,0.4485322789875255,0.5094828007595287,0.45150000000000007,100456
GEN,0.46295,212,212,offspring,348,364,TINYIMAGENET,413,main_b1000_tinyimagenet_alexnet_GEN_kp75_seed456,0.75,0.456,45,False,0.75,alexnet,True,6000,3000,1,0.44455,406,10,0.4516,402,6,712,8,0.75,TINYIMAGENET_alexnet_GEN_accuracy_kp7500_seed456,456,60000,413,42,accuracy,100456,0.456,1,2.8460314408779146,42.310670368373394,10,2.8460314408779146,valid,0.4526712547040279,0.506513656619354,0.456,100456
GEN,0.46295,212,212,offspring,364,348,TINYIMAGENET,414,main_b1000_tinyimagenet_alexnet_GEN_kp75_seed456,0.75,0.44845,45,False,0.75,alexnet,False,0,0,2,0.44455,406,10,0.4516,402,6,712,9,0.75,TINYIMAGENET_alexnet_GEN_accuracy_kp7500_seed456,456,60000,414,42,accuracy,100456,0.44845,1,2.8823124015808106,42.13312792032957,10,2.8823124015808106,valid,0.44949441872045454,0.5120560124049023,0.44845,100456
GEN,0.46295,212,212,offspring,1718,1704,TINYIMAGENET,415,main_b1000_tinyimagenet_alexnet_GEN_kp75_seed456,0.75,0.4512,45,False,0.75,alexnet,False,0,0,1,0.45205,401,5,0.4516,402,6,3422,10,0.75,TINYIMAGENET_alexnet_GEN_accuracy_kp7500_seed456,456,60000,415,42,accuracy,100456,0.4512,1,2.8704002272844313,42.53980029374361,10,2.8704002272844313,valid,0.45066904905442995,0.5077681033746412,0.4512,100456
GEN,0.46295,212,212,offspring,3130,3242,TINYIMAGENET,416,main_b1000_tinyimagenet_alexnet_GEN_kp75_seed456,0.75,0.4462,46,False,0.75,alexnet,True,6000,3000,1,0.46295,212,1,0.456,413,8,6372,2,0.75,TINYIMAGENET_alexnet_GEN_accuracy_kp7500_seed456,456,60000,416,42,accuracy,100456,0.4462,1,2.89573167719841,42.646772019565105,10,2.89573167719841,valid,0.4451416190842231,0.5069926947647722,0.4462,100456
GEN,0.46295,212,212,offspring,3242,3130,TINYIMAGENET,417,main_b1000_tinyimagenet_alexnet_GEN_kp75_seed456,0.75,0.4478,46,False,0.75,alexnet,False,0,0,2,0.46295,212,1,0.456,413,8,6372,3,0.75,TINYIMAGENET_alexnet_GEN_accuracy_kp7500_seed456,456,60000,417,42,accuracy,100456,0.4478,1,2.887758153128624,41.99364575743675,10,2.887758153128624,valid,0.44949770630968655,0.5153259624815774,0.44780000000000003,100456
GEN,0.46295,212,212,offspring,3226,3338,TINYIMAGENET,418,main_b1000_tinyimagenet_alexnet_GEN_kp75_seed456,0.75,0.4512,46,False,0.75,alexnet,False,0,0,1,0.44845,414,9,0.456,413,8,6564,4,0.75,TINYIMAGENET_alexnet_GEN_accuracy_kp7500_seed456,456,60000,418,42,accuracy,100456,0.4512,1,2.842084526824951,42.329637952148914,10,2.842084526824951,valid,0.44726904623743563,0.5039652521352734,0.45120000000000005,100456
GEN,0.46295,212,212,offspring,3338,3226,TINYIMAGENET,419,main_b1000_tinyimagenet_alexnet_GEN_kp75_seed456,0.75,0.44835,46,False,0.75,alexnet,False,0,0,2,0.44845,414,9,0.456,413,8,6564,5,0.75,TINYIMAGENET_alexnet_GEN_accuracy_kp7500_seed456,456,60000,419,42,accuracy,100456,0.44835,1,2.876266836619377,42.49144373834133,10,2.876266836619377,valid,0.44833232297265463,0.5076766588256558,0.44835,100456
GEN,0.46295,212,212,offspring,3764,3788,TINYIMAGENET,420,main_b1000_tinyimagenet_alexnet_GEN_kp75_seed456,0.75,0.4537,46,False,0.75,alexnet,False,0,0,1,0.456,413,8,0.4512,415,10,7552,6,0.75,TINYIMAGENET_alexnet_GEN_accuracy_kp7500_seed456,456,60000,420,42,accuracy,100456,0.4537,1,2.866914020848274,42.39343733340502,10,2.866914020848274,valid,0.4521293764446247,0.513929507610812,0.4537,100456
GEN,0.46295,212,212,offspring,3788,3764,TINYIMAGENET,421,main_b1000_tinyimagenet_alexnet_GEN_kp75_seed456,0.75,0.45315,46,False,0.75,alexnet,False,0,0,2,0.456,413,8,0.4512,415,10,7552,7,0.75,TINYIMAGENET_alexnet_GEN_accuracy_kp7500_seed456,456,60000,421,42,accuracy,100456,0.45315,1,2.8497611357688903,42.11776212602854,10,2.8497611357688903,valid,0.452722751208237,0.5078470727691234,0.45315,100456
GEN,0.46295,212,212,offspring,1886,1862,TINYIMAGENET,422,main_b1000_tinyimagenet_alexnet_GEN_kp75_seed456,0.75,0.45015,46,False,0.75,alexnet,False,0,0,1,0.45265,411,6,0.4515,412,7,3748,8,0.75,TINYIMAGENET_alexnet_GEN_accuracy_kp7500_seed456,456,60000,422,42,accuracy,100456,0.45015,1,2.8881046147823333,42.51161888241768,10,2.8881046147823333,valid,0.44639301649512125,0.5036379111574253,0.45015,100456
GEN,0.46295,212,212,offspring,1862,1886,TINYIMAGENET,423,main_b1000_tinyimagenet_alexnet_GEN_kp75_seed456,0.75,0.45035,46,False,0.75,alexnet,False,0,0,2,0.45265,411,6,0.4515,412,7,3748,9,0.75,TINYIMAGENET_alexnet_GEN_accuracy_kp7500_seed456,456,60000,423,42,accuracy,100456,0.45035,1,2.863503174161911,42.83229420334101,10,2.863503174161911,valid,0.4492053852060305,0.5070939217654048,0.45035,100456
GEN,0.46295,212,212,offspring,1764,1848,TINYIMAGENET,424,main_b1000_tinyimagenet_alexnet_GEN_kp75_seed456,0.75,0.44745,46,False,0.75,alexnet,False,0,0,1,0.4512,415,10,0.45265,411,6,3612,10,0.75,TINYIMAGENET_alexnet_GEN_accuracy_kp7500_seed456,456,60000,424,42,accuracy,100456,0.44745,1,2.870934333610535,42.162935227155685,10,2.870934333610535,valid,0.44664087525320406,0.5044452196258838,0.44744999999999996,100456
GEN,0.46295,212,212,offspring,2042,2082,TINYIMAGENET,425,main_b1000_tinyimagenet_alexnet_GEN_kp75_seed456,0.75,0.4492,47,False,0.75,alexnet,False,0,0,1,0.46295,212,1,0.45315,421,7,4124,2,0.75,TINYIMAGENET_alexnet_GEN_accuracy_kp7500_seed456,456,60000,425,42,accuracy,100456,0.4492,1,2.905375531101227,42.29720211774111,10,2.905375531101227,valid,0.4473927194399232,0.512559424610439,0.44920000000000004,100456
GEN,0.46295,212,212,offspring,2082,2042,TINYIMAGENET,426,main_b1000_tinyimagenet_alexnet_GEN_kp75_seed456,0.75,0.45055,47,False,0.75,alexnet,False,0,0,2,0.46295,212,1,0.45315,421,7,4124,3,0.75,TINYIMAGENET_alexnet_GEN_accuracy_kp7500_seed456,456,60000,426,42,accuracy,100456,0.45055,1,2.845007875061035,42.68053186684847,10,2.845007875061035,valid,0.45027779319163364,0.5095574097298671,0.45054999999999995,100456
GEN,0.46295,212,212,offspring,2834,2914,TINYIMAGENET,427,main_b1000_tinyimagenet_alexnet_GEN_kp75_seed456,0.75,0.4484,47,False,0.75,alexnet,False,0,0,1,0.4537,420,6,0.45015,422,8,5748,4,0.75,TINYIMAGENET_alexnet_GEN_accuracy_kp7500_seed456,456,60000,427,42,accuracy,100456,0.4484,1,2.897878721046448,42.38397214561701,10,2.897878721046448,valid,0.44717558971682797,0.5101405743113523,0.4484,100456
GEN,0.46295,212,212,offspring,2914,2834,TINYIMAGENET,428,main_b1000_tinyimagenet_alexnet_GEN_kp75_seed456,0.75,0.45215,47,False,0.75,alexnet,False,0,0,2,0.4537,420,6,0.45015,422,8,5748,5,0.75,TINYIMAGENET_alexnet_GEN_accuracy_kp7500_seed456,456,60000,428,42,accuracy,100456,0.45215,1,2.86058423063755,42.16367629170418,10,2.86058423063755,valid,0.45219054492806876,0.5049999327509619,0.45215000000000005,100456
GEN,0.46295,212,212,offspring,2888,2852,TINYIMAGENET,429,main_b1000_tinyimagenet_alexnet_GEN_kp75_seed456,0.75,0.44285,47,False,0.75,alexnet,False,0,0,1,0.45035,423,9,0.4537,420,6,5740,6,0.75,TINYIMAGENET_alexnet_GEN_accuracy_kp7500_seed456,456,60000,429,42,accuracy,100456,0.44285,1,2.9429065268039705,42.73311761021614,10,2.9429065268039705,valid,0.44187908228858325,0.5083065600712968,0.44284999999999997,100456
GEN,0.46295,212,212,offspring,2852,2888,TINYIMAGENET,430,main_b1000_tinyimagenet_alexnet_GEN_kp75_seed456,0.75,0.4506,47,False,0.75,alexnet,False,0,0,2,0.45035,423,9,0.4537,420,6,5740,7,0.75,TINYIMAGENET_alexnet_GEN_accuracy_kp7500_seed456,456,60000,430,42,accuracy,100456,0.4506,1,2.8789171899795534,42.76681314408779,10,2.8789171899795534,valid,0.45060075731348886,0.5099910552529286,0.4506,100456
GEN,0.46295,212,212,offspring,2044,2136,TINYIMAGENET,431,main_b1000_tinyimagenet_alexnet_GEN_kp75_seed456,0.75,0.44385,47,False,0.75,alexnet,False,0,0,1,0.46295,212,1,0.4537,420,6,4180,8,0.75,TINYIMAGENET_alexnet_GEN_accuracy_kp7500_seed456,456,60000,431,42,accuracy,100456,0.44385,1,2.9224029579162596,42.00119587779045,10,2.9224029579162596,valid,0.44463879798799744,0.5091425218295302,0.4438500000000001,100456
GEN,0.46295,212,212,offspring,2136,2044,TINYIMAGENET,432,main_b1000_tinyimagenet_alexnet_GEN_kp75_seed456,0.75,0.4424,47,False,0.75,alexnet,False,0,0,2,0.46295,212,1,0.4537,420,6,4180,9,0.75,TINYIMAGENET_alexnet_GEN_accuracy_kp7500_seed456,456,60000,432,42,accuracy,100456,0.4424,1,2.8979819961071014,42.33121532946825,10,2.8979819961071014,valid,0.4420653850401202,0.5046507371880247,0.44239999999999996,100456
GEN,0.46295,212,212,offspring,1668,1682,TINYIMAGENET,433,main_b1000_tinyimagenet_alexnet_GEN_kp75_seed456,0.75,0.44295,47,False,0.75,alexnet,False,0,0,1,0.4512,418,4,0.46295,212,1,3350,10,0.75,TINYIMAGENET_alexnet_GEN_accuracy_kp7500_seed456,456,60000,433,42,accuracy,100456,0.44295,1,2.9456494930744173,42.4731323197484,10,2.9456494930744173,valid,0.44195688708288844,0.51928809194909,0.44294999999999995,100456
GEN,0.46295,212,212,offspring,1540,1596,TINYIMAGENET,434,main_b1000_tinyimagenet_alexnet_GEN_kp75_seed456,0.75,0.4435,48,False,0.75,alexnet,True,6000,3000,1,0.4506,430,7,0.46295,212,1,3136,2,0.75,TINYIMAGENET_alexnet_GEN_accuracy_kp7500_seed456,456,60000,434,42,accuracy,100456,0.4435,1,2.89805699467659,42.595190584659576,10,2.89805699467659,valid,0.4390559632175546,0.50085634638916,0.4435,100456
GEN,0.46295,212,212,offspring,1596,1540,TINYIMAGENET,435,main_b1000_tinyimagenet_alexnet_GEN_kp75_seed456,0.75,0.45295,48,False,0.75,alexnet,False,0,0,2,0.4506,430,7,0.46295,212,1,3136,3,0.75,TINYIMAGENET_alexnet_GEN_accuracy_kp7500_seed456,456,60000,435,42,accuracy,100456,0.45295,1,2.821386196184158,42.06991960853338,10,2.821386196184158,valid,0.45581378252781635,0.5099172036710791,0.45295,100456
GEN,0.46295,212,212,offspring,1554,1582,TINYIMAGENET,436,main_b1000_tinyimagenet_alexnet_GEN_kp75_seed456,0.75,0.44805,48,False,0.75,alexnet,False,0,0,1,0.4506,430,7,0.46295,212,1,3136,4,0.75,TINYIMAGENET_alexnet_GEN_accuracy_kp7500_seed456,456,60000,436,42,accuracy,100456,0.44805,1,2.8890996445417403,42.64316737651825,10,2.8890996445417403,valid,0.4473283223665513,0.5079504308691706,0.44805,100456
GEN,0.46295,212,212,offspring,1582,1554,TINYIMAGENET,437,main_b1000_tinyimagenet_alexnet_GEN_kp75_seed456,0.75,0.45125,48,False,0.75,alexnet,True,6000,3000,2,0.4506,430,7,0.46295,212,1,3136,5,0.75,TINYIMAGENET_alexnet_GEN_accuracy_kp7500_seed456,456,60000,437,42,accuracy,100456,0.45125,1,2.8564695897102355,42.46242744475603,10,2.8564695897102355,valid,0.449271837159457,0.505219536151992,0.45125,100456
GEN,0.46295,212,212,offspring,1562,1574,TINYIMAGENET,438,main_b1000_tinyimagenet_alexnet_GEN_kp75_seed456,0.75,0.4537,48,False,0.75,alexnet,False,0,0,1,0.4506,430,7,0.46295,212,1,3136,6,0.75,TINYIMAGENET_alexnet_GEN_accuracy_kp7500_seed456,456,60000,438,42,accuracy,100456,0.4537,1,2.837987856912613,42.18812224268913,10,2.837987856912613,valid,0.45282978831840837,0.5070290894575489,0.45370000000000005,100456
GEN,0.46295,212,212,offspring,1574,1562,TINYIMAGENET,439,main_b1000_tinyimagenet_alexnet_GEN_kp75_seed456,0.75,0.4505,48,False,0.75,alexnet,False,0,0,2,0.4506,430,7,0.46295,212,1,3136,7,0.75,TINYIMAGENET_alexnet_GEN_accuracy_kp7500_seed456,456,60000,439,42,accuracy,100456,0.4505,1,2.8518063950061796,42.29075372219086,10,2.8518063950061796,valid,0.4516559155930444,0.5090128196423325,0.45049999999999996,100456
GEN,0.46295,212,212,offspring,2478,2416,TINYIMAGENET,440,main_b1000_tinyimagenet_alexnet_GEN_kp75_seed456,0.75,0.44515,48,False,0.75,alexnet,False,0,0,1,0.45055,426,3,0.45215,428,5,4894,8,0.75,TINYIMAGENET_alexnet_GEN_accuracy_kp7500_seed456,456,60000,440,42,accuracy,100456,0.44515,1,2.915889033508301,42.41980242729187,10,2.915889033508301,valid,0.44203957007250877,0.5073563170064516,0.44515,100456
GEN,0.46295,212,212,offspring,2416,2478,TINYIMAGENET,441,main_b1000_tinyimagenet_alexnet_GEN_kp75_seed456,0.75,0.44245,48,False,0.75,alexnet,False,0,0,2,0.45055,426,3,0.45215,428,5,4894,9,0.75,TINYIMAGENET_alexnet_GEN_accuracy_kp7500_seed456,456,60000,441,42,accuracy,100456,0.44245,1,2.954991100358963,42.57414022833109,10,2.954991100358963,valid,0.4404374979240832,0.5114999275763936,0.44244999999999995,100456
GEN,0.46295,212,212,offspring,1892,1932,TINYIMAGENET,442,main_b1000_tinyimagenet_alexnet_GEN_kp75_seed456,0.75,0.4482,48,False,0.75,alexnet,False,0,0,1,0.45215,428,5,0.4506,430,7,3824,10,0.75,TINYIMAGENET_alexnet_GEN_accuracy_kp7500_seed456,456,60000,442,42,accuracy,100456,0.4482,1,2.888139556145668,41.92631646245718,10,2.888139556145668,valid,0.4507038059364574,0.5126199853009595,0.4482,100456
GEN,0.46295,212,212,offspring,814,760,TINYIMAGENET,443,main_b1000_tinyimagenet_alexnet_GEN_kp75_seed456,0.75,0.4444,49,False,0.75,alexnet,False,0,0,1,0.4537,438,6,0.46295,212,1,1574,2,0.75,TINYIMAGENET_alexnet_GEN_accuracy_kp7500_seed456,456,60000,443,42,accuracy,100456,0.4444,1,2.8949247636795046,42.33968663960695,10,2.8949247636795046,valid,0.44314722548089563,0.5099698825018084,0.4444000000000001,100456
GEN,0.46295,212,212,offspring,760,814,TINYIMAGENET,444,main_b1000_tinyimagenet_alexnet_GEN_kp75_seed456,0.75,0.4544,49,False,0.75,alexnet,False,0,0,2,0.4537,438,6,0.46295,212,1,1574,3,0.75,TINYIMAGENET_alexnet_GEN_accuracy_kp7500_seed456,456,60000,444,42,accuracy,100456,0.4544,1,2.826004439210892,42.40371174365282,10,2.826004439210892,valid,0.454141900673511,0.5107531905307097,0.45439999999999997,100456
GEN,0.46295,212,212,offspring,818,756,TINYIMAGENET,445,main_b1000_tinyimagenet_alexnet_GEN_kp75_seed456,0.75,0.4425,49,False,0.75,alexnet,False,0,0,1,0.46295,212,1,0.4537,438,6,1574,4,0.75,TINYIMAGENET_alexnet_GEN_accuracy_kp7500_seed456,456,60000,445,42,accuracy,100456,0.4425,1,2.932906985014677,42.352325581014156,10,2.932906985014677,valid,0.4449277288287694,0.5171612409193377,0.4425,100456
GEN,0.46295,212,212,offspring,756,818,TINYIMAGENET,446,main_b1000_tinyimagenet_alexnet_GEN_kp75_seed456,0.75,0.448,49,False,0.75,alexnet,False,0,0,2,0.46295,212,1,0.4537,438,6,1574,5,0.75,TINYIMAGENET_alexnet_GEN_accuracy_kp7500_seed456,456,60000,446,42,accuracy,100456,0.448,1,2.860137944173813,42.20018108189106,10,2.860137944173813,valid,0.4469366111554127,0.511180882118668,0.44800000000000006,100456
GEN,0.46295,212,212,offspring,776,798,TINYIMAGENET,447,main_b1000_tinyimagenet_alexnet_GEN_kp75_seed456,0.75,0.4486,49,False,0.75,alexnet,False,0,0,1,0.4537,438,6,0.46295,212,1,1574,6,0.75,TINYIMAGENET_alexnet_GEN_accuracy_kp7500_seed456,456,60000,447,42,accuracy,100456,0.4486,1,2.9261464215278625,42.41848786920309,10,2.9261464215278625,valid,0.44579355439871604,0.5146559132531723,0.4486,100456
GEN,0.46295,212,212,offspring,798,776,TINYIMAGENET,448,main_b1000_tinyimagenet_alexnet_GEN_kp75_seed456,0.75,0.43925,49,False,0.75,alexnet,True,6000,3000,2,0.4537,438,6,0.46295,212,1,1574,7,0.75,TINYIMAGENET_alexnet_GEN_accuracy_kp7500_seed456,456,60000,448,42,accuracy,100456,0.43925,1,2.926096786546707,42.64253755658865,10,2.926096786546707,valid,0.4381195646372462,0.5090128719639211,0.43925,100456
GEN,0.46295,212,212,offspring,1628,1508,TINYIMAGENET,449,main_b1000_tinyimagenet_alexnet_GEN_kp75_seed456,0.75,0.45305,49,False,0.75,alexnet,False,0,0,1,0.4537,438,6,0.4505,439,7,3136,8,0.75,TINYIMAGENET_alexnet_GEN_accuracy_kp7500_seed456,456,60000,449,42,accuracy,100456,0.45305,1,2.873129058909416,42.091373056173325,10,2.873129058909416,valid,0.4509172243881636,0.5096484637995095,0.45305000000000006,100456
GEN,0.46295,212,212,offspring,1508,1628,TINYIMAGENET,450,main_b1000_tinyimagenet_alexnet_GEN_kp75_seed456,0.75,0.4509,49,False,0.75,alexnet,False,0,0,2,0.4537,438,6,0.4505,439,7,3136,9,0.75,TINYIMAGENET_alexnet_GEN_accuracy_kp7500_seed456,456,60000,450,42,accuracy,100456,0.4509,1,2.8721528200149535,43.289109602570534,10,2.8721528200149535,valid,0.44939252565489574,0.5067461536741252,0.4509,100456
GEN,0.46295,212,212,offspring,808,784,TINYIMAGENET,451,main_b1000_tinyimagenet_alexnet_GEN_kp75_seed456,0.75,0.454,49,False,0.75,alexnet,False,0,0,1,0.44805,436,4,0.4537,438,6,1592,10,0.75,TINYIMAGENET_alexnet_GEN_accuracy_kp7500_seed456,456,60000,451,42,accuracy,100456,0.454,1,2.8410041808128357,42.40908785909414,10,2.8410041808128357,valid,0.45206349402183155,0.5058937625765305,0.45400000000000007,100456
GEN,0.46295,212,212,offspring,774,804,TINYIMAGENET,452,main_b1000_tinyimagenet_alexnet_GEN_kp75_seed456,0.75,0.4477,50,False,0.75,alexnet,False,0,0,1,0.45305,449,8,0.4486,447,6,1578,2,0.75,TINYIMAGENET_alexnet_GEN_accuracy_kp7500_seed456,456,60000,452,42,accuracy,100456,0.4477,1,2.882483900332451,42.477887347340584,10,2.882483900332451,valid,0.44735503129033893,0.5093989279513603,0.4477,100456
GEN,0.46295,212,212,offspring,804,774,TINYIMAGENET,453,main_b1000_tinyimagenet_alexnet_GEN_kp75_seed456,0.75,0.4446,50,False,0.75,alexnet,False,0,0,2,0.45305,449,8,0.4486,447,6,1578,3,0.75,TINYIMAGENET_alexnet_GEN_accuracy_kp7500_seed456,456,60000,453,42,accuracy,100456,0.4446,1,2.9072744012355805,41.99666737020016,10,2.9072744012355805,valid,0.44227054585557013,0.5068717412194544,0.4446,100456
GEN,0.46295,212,212,offspring,828,748,TINYIMAGENET,454,main_b1000_tinyimagenet_alexnet_GEN_kp75_seed456,0.75,0.4511,50,False,0.75,alexnet,False,0,0,1,0.46295,212,1,0.454,451,10,1576,4,0.75,TINYIMAGENET_alexnet_GEN_accuracy_kp7500_seed456,456,60000,454,42,accuracy,100456,0.4511,1,2.872838259267807,42.44203995168209,10,2.872838259267807,valid,0.4495396875840623,0.5090844170562143,0.4511,100456
GEN,0.46295,212,212,offspring,748,828,TINYIMAGENET,455,main_b1000_tinyimagenet_alexnet_GEN_kp75_seed456,0.75,0.4521,50,False,0.75,alexnet,True,6000,3000,2,0.46295,212,1,0.454,451,10,1576,5,0.75,TINYIMAGENET_alexnet_GEN_accuracy_kp7500_seed456,456,60000,455,42,accuracy,100456,0.4521,1,2.869927302694321,42.558678060770035,10,2.869927302694321,valid,0.45091628659115507,0.5096707626277531,0.4521,100456
GEN,0.46295,212,212,offspring,782,832,TINYIMAGENET,456,main_b1000_tinyimagenet_alexnet_GEN_kp75_seed456,0.75,0.4387,50,False,0.75,alexnet,False,0,0,1,0.454,451,10,0.45305,449,8,1614,6,0.75,TINYIMAGENET_alexnet_GEN_accuracy_kp7500_seed456,456,60000,456,42,accuracy,100456,0.4387,1,2.945822455787659,42.344675064086914,10,2.945822455787659,valid,0.4417394162083219,0.5176046330401961,0.43870000000000003,100456
GEN,0.46295,212,212,offspring,832,782,TINYIMAGENET,457,main_b1000_tinyimagenet_alexnet_GEN_kp75_seed456,0.75,0.4476,50,False,0.75,alexnet,False,0,0,2,0.454,451,10,0.45305,449,8,1614,7,0.75,TINYIMAGENET_alexnet_GEN_accuracy_kp7500_seed456,456,60000,457,42,accuracy,100456,0.4476,1,2.8930439969301225,42.14117716997862,10,2.8930439969301225,valid,0.4479269280840347,0.5137124911391113,0.44760000000000005,100456
GEN,0.46295,212,212,offspring,794,782,TINYIMAGENET,458,main_b1000_tinyimagenet_alexnet_GEN_kp75_seed456,0.75,0.45325,50,False,0.75,alexnet,False,0,0,1,0.454,451,10,0.46295,212,1,1576,8,0.75,TINYIMAGENET_alexnet_GEN_accuracy_kp7500_seed456,456,60000,458,42,accuracy,100456,0.45325,1,2.852849528503418,42.420340307056904,10,2.852849528503418,valid,0.4531901659474207,0.5074623781802763,0.45325000000000004,100456
GEN,0.46295,212,212,offspring,782,794,TINYIMAGENET,459,main_b1000_tinyimagenet_alexnet_GEN_kp75_seed456,0.75,0.44565,50,False,0.75,alexnet,False,0,0,2,0.454,451,10,0.46295,212,1,1576,9,0.75,TINYIMAGENET_alexnet_GEN_accuracy_kp7500_seed456,456,60000,459,42,accuracy,100456,0.44565,1,2.8959232157707215,42.63107729703188,10,2.8959232157707215,valid,0.4498851398145882,0.517060727841623,0.44565000000000005,100456
GEN,0.46295,212,212,offspring,570,570,TINYIMAGENET,460,main_b1000_tinyimagenet_alexnet_GEN_kp75_seed456,0.75,0.4474,50,False,0.75,alexnet,False,0,0,1,0.454,451,10,0.4544,444,3,1140,10,0.75,TINYIMAGENET_alexnet_GEN_accuracy_kp7500_seed456,456,60000,460,42,accuracy,100456,0.4474,1,2.8825963122844698,41.89805778861046,10,2.8825963122844698,valid,0.4471967182315389,0.511950900764131,0.4474,100456
GEN,0.46295,212,212,offspring,3318,3302,TINYIMAGENET,461,main_b1000_tinyimagenet_alexnet_GEN_kp75_seed456,0.75,0.45515,51,False,0.75,alexnet,False,0,0,1,0.45325,458,8,0.4521,455,5,6620,2,0.75,TINYIMAGENET_alexnet_GEN_accuracy_kp7500_seed456,456,60000,461,42,accuracy,100456,0.45515,1,2.8265800668239596,42.41859820485115,10,2.8265800668239596,valid,0.45390615249667055,0.5044065558822015,0.45515,100456
GEN,0.46295,212,212,offspring,3302,3318,TINYIMAGENET,462,main_b1000_tinyimagenet_alexnet_GEN_kp75_seed456,0.75,0.45545,51,False,0.75,alexnet,False,0,0,2,0.45325,458,8,0.4521,455,5,6620,3,0.75,TINYIMAGENET_alexnet_GEN_accuracy_kp7500_seed456,456,60000,462,42,accuracy,100456,0.45545,1,2.8628442974090578,42.67178205400705,10,2.8628442974090578,valid,0.45278622601756024,0.5103605294374769,0.45545,100456
GEN,0.46295,212,212,offspring,394,388,TINYIMAGENET,463,main_b1000_tinyimagenet_alexnet_GEN_kp75_seed456,0.75,0.45265,51,False,0.75,alexnet,False,0,0,1,0.46295,212,1,0.45325,458,8,782,4,0.75,TINYIMAGENET_alexnet_GEN_accuracy_kp7500_seed456,456,60000,463,42,accuracy,100456,0.45265,1,2.870445222711563,42.44299867004156,10,2.870445222711563,valid,0.4500551370134426,0.510394140421981,0.45265,100456
GEN,0.46295,212,212,offspring,388,394,TINYIMAGENET,464,main_b1000_tinyimagenet_alexnet_GEN_kp75_seed456,0.75,0.44615,51,False,0.75,alexnet,False,0,0,2,0.46295,212,1,0.45325,458,8,782,5,0.75,TINYIMAGENET_alexnet_GEN_accuracy_kp7500_seed456,456,60000,464,42,accuracy,100456,0.44615,1,2.895801575088501,42.023236237466335,10,2.895801575088501,valid,0.4458809131667282,0.5060280356900003,0.44614999999999994,100456
GEN,0.46295,212,212,offspring,3282,3330,TINYIMAGENET,465,main_b1000_tinyimagenet_alexnet_GEN_kp75_seed456,0.75,0.4568,51,False,0.75,alexnet,False,0,0,1,0.46295,212,1,0.4521,455,5,6612,6,0.75,TINYIMAGENET_alexnet_GEN_accuracy_kp7500_seed456,456,60000,465,42,accuracy,100456,0.4568,1,2.834676343488693,42.41009672731161,10,2.834676343488693,valid,0.4576211179000687,0.5116959539980489,0.4568,100456
GEN,0.46295,212,212,offspring,3330,3282,TINYIMAGENET,466,main_b1000_tinyimagenet_alexnet_GEN_kp75_seed456,0.75,0.4528,51,False,0.75,alexnet,False,0,0,2,0.46295,212,1,0.4521,455,5,6612,7,0.75,TINYIMAGENET_alexnet_GEN_accuracy_kp7500_seed456,456,60000,466,42,accuracy,100456,0.4528,1,2.8658161246299745,42.629586078226566,10,2.8658161246299745,valid,0.45113098797368534,0.5112544899359349,0.4527999999999999,100456
GEN,0.46295,212,212,offspring,582,592,TINYIMAGENET,467,main_b1000_tinyimagenet_alexnet_GEN_kp75_seed456,0.75,0.4536,51,False,0.75,alexnet,True,6000,3000,1,0.46295,212,1,0.4477,452,2,1174,8,0.75,TINYIMAGENET_alexnet_GEN_accuracy_kp7500_seed456,456,60000,467,42,accuracy,100456,0.4536,1,2.8597911596298218,42.252261862158775,10,2.8597911596298218,valid,0.45042531043538275,0.5012961628479424,0.4536,100456
GEN,0.46295,212,212,offspring,592,582,TINYIMAGENET,468,main_b1000_tinyimagenet_alexnet_GEN_kp75_seed456,0.75,0.4502,51,False,0.75,alexnet,False,0,0,2,0.46295,212,1,0.4477,452,2,1174,9,0.75,TINYIMAGENET_alexnet_GEN_accuracy_kp7500_seed456,456,60000,468,42,accuracy,100456,0.4502,1,2.8476228323459627,42.46591502428055,10,2.8476228323459627,valid,0.45065110047080403,0.5047219205407345,0.4502000000000001,100456
GEN,0.46295,212,212,offspring,3340,3272,TINYIMAGENET,469,main_b1000_tinyimagenet_alexnet_GEN_kp75_seed456,0.75,0.44065,51,False,0.75,alexnet,True,6000,3000,1,0.4521,455,5,0.46295,212,1,6612,10,0.75,TINYIMAGENET_alexnet_GEN_accuracy_kp7500_seed456,456,60000,469,42,accuracy,100456,0.44065,1,2.9503076009750364,42.606924802064896,10,2.9503076009750364,valid,0.44147454204355235,0.5105205804207001,0.44065,100456
GEN,0.46295,212,212,offspring,3318,3294,TINYIMAGENET,470,main_b1000_tinyimagenet_alexnet_GEN_kp75_seed456,0.75,0.449,52,False,0.75,alexnet,False,0,0,1,0.4528,466,7,0.4568,465,6,6612,2,0.75,TINYIMAGENET_alexnet_GEN_accuracy_kp7500_seed456,456,60000,470,42,accuracy,100456,0.449,1,2.8662586650371553,42.575974963605404,10,2.8662586650371553,valid,0.4494206212911461,0.5082755845765027,0.449,100456
GEN,0.46295,212,212,offspring,3294,3318,TINYIMAGENET,471,main_b1000_tinyimagenet_alexnet_GEN_kp75_seed456,0.75,0.45245,52,False,0.75,alexnet,False,0,0,2,0.4528,466,7,0.4568,465,6,6612,3,0.75,TINYIMAGENET_alexnet_GEN_accuracy_kp7500_seed456,456,60000,471,42,accuracy,100456,0.45245,1,2.8485839975833893,42.001993134617805,10,2.8485839975833893,valid,0.4492827644115347,0.5022018290024646,0.45245,100456
GEN,0.46295,212,212,offspring,1640,1642,TINYIMAGENET,472,main_b1000_tinyimagenet_alexnet_GEN_kp75_seed456,0.75,0.4494,52,False,0.75,alexnet,False,0,0,1,0.4568,465,6,0.46295,212,1,3282,4,0.75,TINYIMAGENET_alexnet_GEN_accuracy_kp7500_seed456,456,60000,472,42,accuracy,100456,0.4494,1,2.868418064451218,42.42841953039169,10,2.868418064451218,valid,0.44928244114605237,0.5074141108388226,0.44939999999999997,100456
GEN,0.46295,212,212,offspring,1642,1640,TINYIMAGENET,473,main_b1000_tinyimagenet_alexnet_GEN_kp75_seed456,0.75,0.4543,52,False,0.75,alexnet,False,0,0,2,0.4568,465,6,0.46295,212,1,3282,5,0.75,TINYIMAGENET_alexnet_GEN_accuracy_kp7500_seed456,456,60000,473,42,accuracy,100456,0.4543,1,2.8366023230433464,42.58636508136988,10,2.8366023230433464,valid,0.4542124905848033,0.513805411427687,0.4543,100456
GEN,0.46295,212,212,offspring,1776,1754,TINYIMAGENET,474,main_b1000_tinyimagenet_alexnet_GEN_kp75_seed456,0.75,0.453,52,False,0.75,alexnet,False,0,0,1,0.45545,462,3,0.4568,465,6,3530,6,0.75,TINYIMAGENET_alexnet_GEN_accuracy_kp7500_seed456,456,60000,474,42,accuracy,100456,0.453,1,2.8571107194423675,42.30650692433119,10,2.8571107194423675,valid,0.4541402716909627,0.5176037690304959,0.45299999999999996,100456
GEN,0.46295,212,212,offspring,1754,1776,TINYIMAGENET,475,main_b1000_tinyimagenet_alexnet_GEN_kp75_seed456,0.75,0.4451,52,False,0.75,alexnet,False,0,0,2,0.45545,462,3,0.4568,465,6,3530,7,0.75,TINYIMAGENET_alexnet_GEN_accuracy_kp7500_seed456,456,60000,475,42,accuracy,100456,0.4451,1,2.8912649666786194,42.23173373192549,10,2.8912649666786194,valid,0.44647638777088444,0.5118008483699069,0.4451,100456
GEN,0.46295,212,212,offspring,4458,4484,TINYIMAGENET,476,main_b1000_tinyimagenet_alexnet_GEN_kp75_seed456,0.75,0.4557,52,False,0.75,alexnet,False,0,0,1,0.4536,467,8,0.4568,465,6,8942,8,0.75,TINYIMAGENET_alexnet_GEN_accuracy_kp7500_seed456,456,60000,476,42,accuracy,100456,0.4557,1,2.8553146255970003,42.49547392129898,10,2.8553146255970003,valid,0.4545889725018077,0.5120555653544426,0.4557,100456
GEN,0.46295,212,212,offspring,4484,4458,TINYIMAGENET,477,main_b1000_tinyimagenet_alexnet_GEN_kp75_seed456,0.75,0.4444,52,False,0.75,alexnet,False,0,0,2,0.4536,467,8,0.4568,465,6,8942,9,0.75,TINYIMAGENET_alexnet_GEN_accuracy_kp7500_seed456,456,60000,477,42,accuracy,100456,0.4444,1,2.900144328403473,42.68615762144327,10,2.900144328403473,valid,0.4443855770258156,0.5072911797354748,0.44439999999999996,100456
GEN,0.46295,212,212,offspring,1890,1812,TINYIMAGENET,478,main_b1000_tinyimagenet_alexnet_GEN_kp75_seed456,0.75,0.4513,52,False,0.75,alexnet,False,0,0,1,0.46295,212,1,0.45545,462,3,3702,10,0.75,TINYIMAGENET_alexnet_GEN_accuracy_kp7500_seed456,456,60000,478,42,accuracy,100456,0.4513,1,2.8429132836818694,41.95945154130459,10,2.8429132836818694,valid,0.4486726882592512,0.5039349910075446,0.45130000000000003,100456
GEN,0.46295,212,212,offspring,2330,2304,TINYIMAGENET,479,main_b1000_tinyimagenet_alexnet_GEN_kp75_seed456,0.75,0.45205,53,False,0.75,alexnet,False,0,0,1,0.4557,476,8,0.4543,473,5,4634,2,0.75,TINYIMAGENET_alexnet_GEN_accuracy_kp7500_seed456,456,60000,479,42,accuracy,100456,0.45205,1,2.839117805147171,42.46910823136568,10,2.839117805147171,valid,0.44768928287948273,0.5016658682752984,0.45205,100456
GEN,0.46295,212,212,offspring,2304,2330,TINYIMAGENET,480,main_b1000_tinyimagenet_alexnet_GEN_kp75_seed456,0.75,0.44945,53,False,0.75,alexnet,False,0,0,2,0.4557,476,8,0.4543,473,5,4634,3,0.75,TINYIMAGENET_alexnet_GEN_accuracy_kp7500_seed456,456,60000,480,42,accuracy,100456,0.44945,1,2.9099531503677367,42.60149495303631,10,2.9099531503677367,valid,0.4473798199194238,0.5109404982716919,0.44945,100456
GEN,0.46295,212,212,offspring,2264,2370,TINYIMAGENET,481,main_b1000_tinyimagenet_alexnet_GEN_kp75_seed456,0.75,0.451,53,False,0.75,alexnet,False,0,0,1,0.4543,473,5,0.4557,476,8,4634,4,0.75,TINYIMAGENET_alexnet_GEN_accuracy_kp7500_seed456,456,60000,481,42,accuracy,100456,0.451,1,2.861705497121811,42.387441001832485,10,2.861705497121811,valid,0.4512571767660439,0.5099255309940808,0.451,100456
GEN,0.46295,212,212,offspring,2370,2264,TINYIMAGENET,482,main_b1000_tinyimagenet_alexnet_GEN_kp75_seed456,0.75,0.4477,53,False,0.75,alexnet,False,0,0,2,0.4543,473,5,0.4557,476,8,4634,5,0.75,TINYIMAGENET_alexnet_GEN_accuracy_kp7500_seed456,456,60000,482,42,accuracy,100456,0.4477,1,2.8987105530261994,42.20291543006897,10,2.8987105530261994,valid,0.4501260537717276,0.5143365364615586,0.4477,100456
GEN,0.46295,212,212,offspring,1656,1730,TINYIMAGENET,483,main_b1000_tinyimagenet_alexnet_GEN_kp75_seed456,0.75,0.43875,53,False,0.75,alexnet,False,0,0,1,0.46295,212,1,0.45245,471,3,3386,6,0.75,TINYIMAGENET_alexnet_GEN_accuracy_kp7500_seed456,456,60000,483,42,accuracy,100456,0.43875,1,2.9677234690666197,42.573451079428196,10,2.9677234690666197,valid,0.4432490383202031,0.5239403891691741,0.43875,100456
GEN,0.46295,212,212,offspring,1730,1656,TINYIMAGENET,484,main_b1000_tinyimagenet_alexnet_GEN_kp75_seed456,0.75,0.44635,53,False,0.75,alexnet,False,0,0,2,0.46295,212,1,0.45245,471,3,3386,7,0.75,TINYIMAGENET_alexnet_GEN_accuracy_kp7500_seed456,456,60000,484,42,accuracy,100456,0.44635,1,2.898953276014328,42.64514382183552,10,2.898953276014328,valid,0.4451813692272776,0.5104814990694423,0.44635,100456
GEN,0.46295,212,212,offspring,3028,3130,TINYIMAGENET,485,main_b1000_tinyimagenet_alexnet_GEN_kp75_seed456,0.75,0.45165,53,False,0.75,alexnet,False,0,0,1,0.45245,471,3,0.4557,476,8,6158,8,0.75,TINYIMAGENET_alexnet_GEN_accuracy_kp7500_seed456,456,60000,485,42,accuracy,100456,0.45165,1,2.821051906633377,41.93588715791702,10,2.821051906633377,valid,0.45121119208877825,0.5051339871883864,0.45165000000000005,100456
GEN,0.46295,212,212,offspring,3130,3028,TINYIMAGENET,486,main_b1000_tinyimagenet_alexnet_GEN_kp75_seed456,0.75,0.4445,53,False,0.75,alexnet,False,0,0,2,0.45245,471,3,0.4557,476,8,6158,9,0.75,TINYIMAGENET_alexnet_GEN_accuracy_kp7500_seed456,456,60000,486,42,accuracy,100456,0.4445,1,2.899154147338867,42.432388328015804,10,2.899154147338867,valid,0.4438799068055199,0.5056391663999567,0.4445,100456
GEN,0.46295,212,212,offspring,1728,1740,TINYIMAGENET,487,main_b1000_tinyimagenet_alexnet_GEN_kp75_seed456,0.75,0.4547,53,False,0.75,alexnet,False,0,0,1,0.46295,212,1,0.453,474,6,3468,10,0.75,TINYIMAGENET_alexnet_GEN_accuracy_kp7500_seed456,456,60000,487,42,accuracy,100456,0.4547,1,2.848759928691387,42.64500221610069,10,2.848759928691387,valid,0.45176523574735383,0.5044907446915867,0.4547,100456
GEN,0.46295,212,212,offspring,2164,2078,TINYIMAGENET,488,main_b1000_tinyimagenet_alexnet_GEN_kp75_seed456,0.75,0.4532,54,False,0.75,alexnet,False,0,0,1,0.45165,485,8,0.4547,487,10,4242,2,0.75,TINYIMAGENET_alexnet_GEN_accuracy_kp7500_seed456,456,60000,488,42,accuracy,100456,0.4532,1,2.9010156237363813,42.51170229911804,10,2.9010156237363813,valid,0.4489587170513588,0.5070724609458075,0.4532,100456
GEN,0.46295,212,212,offspring,2078,2164,TINYIMAGENET,489,main_b1000_tinyimagenet_alexnet_GEN_kp75_seed456,0.75,0.458,54,False,0.75,alexnet,True,6000,3000,2,0.45165,485,8,0.4547,487,10,4242,3,0.75,TINYIMAGENET_alexnet_GEN_accuracy_kp7500_seed456,456,60000,489,42,accuracy,100456,0.458,1,2.8350427329063415,42.19302632659674,10,2.8350427329063415,valid,0.45698870898687555,0.5084655291470295,0.458,100456
GEN,0.46295,212,212,offspring,888,840,TINYIMAGENET,490,main_b1000_tinyimagenet_alexnet_GEN_kp75_seed456,0.75,0.45335,54,False,0.75,alexnet,False,0,0,1,0.4547,487,10,0.46295,212,1,1728,4,0.75,TINYIMAGENET_alexnet_GEN_accuracy_kp7500_seed456,456,60000,490,42,accuracy,100456,0.45335,1,2.8281068098545075,42.531420171260834,10,2.8281068098545075,valid,0.45354600002170614,0.5098293657558461,0.4533499999999999,100456
GEN,0.46295,212,212,offspring,840,888,TINYIMAGENET,491,main_b1000_tinyimagenet_alexnet_GEN_kp75_seed456,0.75,0.44585,54,False,0.75,alexnet,False,0,0,2,0.4547,487,10,0.46295,212,1,1728,5,0.75,TINYIMAGENET_alexnet_GEN_accuracy_kp7500_seed456,456,60000,491,42,accuracy,100456,0.44585,1,2.8781491711616516,42.68221540004015,10,2.8781491711616516,valid,0.44800827918736486,0.5086227193917536,0.4458500000000001,100456
GEN,0.46295,212,212,offspring,844,884,TINYIMAGENET,492,main_b1000_tinyimagenet_alexnet_GEN_kp75_seed456,0.75,0.44575,54,False,0.75,alexnet,False,0,0,1,0.4547,487,10,0.46295,212,1,1728,6,0.75,TINYIMAGENET_alexnet_GEN_accuracy_kp7500_seed456,456,60000,492,42,accuracy,100456,0.44575,1,2.886411067390442,42.320934385061264,10,2.886411067390442,valid,0.4455900988450988,0.5043238298357025,0.44575000000000004,100456
GEN,0.46295,212,212,offspring,884,844,TINYIMAGENET,493,main_b1000_tinyimagenet_alexnet_GEN_kp75_seed456,0.75,0.44725,54,False,0.75,alexnet,False,0,0,2,0.4547,487,10,0.46295,212,1,1728,7,0.75,TINYIMAGENET_alexnet_GEN_accuracy_kp7500_seed456,456,60000,493,42,accuracy,100456,0.44725,1,2.9005913059711457,42.41938973963261,10,2.9005913059711457,valid,0.44735258561831126,0.5144328421516178,0.44725000000000004,100456
GEN,0.46295,212,212,offspring,1822,1756,TINYIMAGENET,494,main_b1000_tinyimagenet_alexnet_GEN_kp75_seed456,0.75,0.44845,54,False,0.75,alexnet,False,0,0,1,0.45165,485,8,0.451,481,4,3578,8,0.75,TINYIMAGENET_alexnet_GEN_accuracy_kp7500_seed456,456,60000,494,42,accuracy,100456,0.44845,1,2.8864921877861023,42.47933214902878,10,2.8864921877861023,valid,0.44532770392748033,0.5000949237635732,0.44845,100456
GEN,0.46295,212,212,offspring,1756,1822,TINYIMAGENET,495,main_b1000_tinyimagenet_alexnet_GEN_kp75_seed456,0.75,0.4454,54,False,0.75,alexnet,False,0,0,2,0.45165,485,8,0.451,481,4,3578,9,0.75,TINYIMAGENET_alexnet_GEN_accuracy_kp7500_seed456,456,60000,495,42,accuracy,100456,0.4454,1,2.881316396522522,42.76443599164486,10,2.881316396522522,valid,0.4487892358989567,0.5116976728811052,0.4454000000000001,100456
GEN,0.46295,212,212,offspring,1838,1814,TINYIMAGENET,496,main_b1000_tinyimagenet_alexnet_GEN_kp75_seed456,0.75,0.43915,54,False,0.75,alexnet,False,0,0,1,0.451,481,4,0.4547,487,10,3652,10,0.75,TINYIMAGENET_alexnet_GEN_accuracy_kp7500_seed456,456,60000,496,42,accuracy,100456,0.43915,1,2.9851134719848633,42.02739830315113,10,2.9851134719848633,valid,0.43949056509093026,0.5104158209731806,0.43915,100456
GEN,0.46295,212,212,offspring,1462,1434,TINYIMAGENET,497,main_b1000_tinyimagenet_alexnet_GEN_kp75_seed456,0.75,0.44585,55,False,0.75,alexnet,False,0,0,1,0.44845,494,8,0.4532,488,2,2896,2,0.75,TINYIMAGENET_alexnet_GEN_accuracy_kp7500_seed456,456,60000,497,42,accuracy,100456,0.44585,1,2.901498010778427,42.4957023113966,10,2.901498010778427,valid,0.44465893081386126,0.5037438592465447,0.4458500000000001,100456
GEN,0.46295,212,212,offspring,1434,1462,TINYIMAGENET,498,main_b1000_tinyimagenet_alexnet_GEN_kp75_seed456,0.75,0.4529,55,False,0.75,alexnet,False,0,0,2,0.44845,494,8,0.4532,488,2,2896,3,0.75,TINYIMAGENET_alexnet_GEN_accuracy_kp7500_seed456,456,60000,498,42,accuracy,100456,0.4529,1,2.8660947332382203,42.56513875722885,10,2.8660947332382203,valid,0.44926769159993607,0.503657965634875,0.4529000000000001,100456
GEN,0.46295,212,212,offspring,1828,1816,TINYIMAGENET,499,main_b1000_tinyimagenet_alexnet_GEN_kp75_seed456,0.75,0.44955,55,False,0.75,alexnet,False,0,0,1,0.44845,494,8,0.46295,212,1,3644,4,0.75,TINYIMAGENET_alexnet_GEN_accuracy_kp7500_seed456,456,60000,499,42,accuracy,100456,0.44955,1,2.879045241212845,42.26706155389547,10,2.879045241212845,valid,0.44928567669241376,0.5091714038308244,0.44955,100456
GEN,0.46295,212,212,offspring,1816,1828,TINYIMAGENET,500,main_b1000_tinyimagenet_alexnet_GEN_kp75_seed456,0.75,0.4465,55,False,0.75,alexnet,False,0,0,2,0.44845,494,8,0.46295,212,1,3644,5,0.75,TINYIMAGENET_alexnet_GEN_accuracy_kp7500_seed456,456,60000,500,42,accuracy,100456,0.4465,1,2.8780789650678633,42.26762283593416,10,2.8780789650678633,valid,0.4473849828335969,0.5088292894786184,0.4465,100456
GEN,0.46295,212,212,offspring,4052,4062,TINYIMAGENET,501,main_b1000_tinyimagenet_alexnet_GEN_kp75_seed456,0.75,0.4527,55,False,0.75,alexnet,False,0,0,1,0.45335,490,4,0.458,489,3,8114,6,0.75,TINYIMAGENET_alexnet_GEN_accuracy_kp7500_seed456,456,60000,501,42,accuracy,100456,0.4527,1,2.873956056022644,42.48957338184118,10,2.873956056022644,valid,0.44915117636651813,0.5033704422186338,0.45270000000000005,100456
GEN,0.46295,212,212,offspring,4062,4052,TINYIMAGENET,502,main_b1000_tinyimagenet_alexnet_GEN_kp75_seed456,0.75,0.45015,55,False,0.75,alexnet,False,0,0,2,0.45335,490,4,0.458,489,3,8114,7,0.75,TINYIMAGENET_alexnet_GEN_accuracy_kp7500_seed456,456,60000,502,42,accuracy,100456,0.45015,1,2.868987482070923,42.599717535078526,10,2.868987482070923,valid,0.44764941563277216,0.5042319705282006,0.45015,100456
GEN,0.46295,212,212,offspring,1244,1218,TINYIMAGENET,503,main_b1000_tinyimagenet_alexnet_GEN_kp75_seed456,0.75,0.4533,55,False,0.75,alexnet,False,0,0,1,0.4532,488,2,0.45335,490,4,2462,8,0.75,TINYIMAGENET_alexnet_GEN_accuracy_kp7500_seed456,456,60000,503,42,accuracy,100456,0.4533,1,2.853135920035839,42.097068913280964,10,2.853135920035839,valid,0.45474918106265994,0.511877287091227,0.45330000000000004,100456
GEN,0.46295,212,212,offspring,1218,1244,TINYIMAGENET,504,main_b1000_tinyimagenet_alexnet_GEN_kp75_seed456,0.75,0.4458,55,False,0.75,alexnet,False,0,0,2,0.4532,488,2,0.45335,490,4,2462,9,0.75,TINYIMAGENET_alexnet_GEN_accuracy_kp7500_seed456,456,60000,504,42,accuracy,100456,0.4458,1,2.9055846111774444,42.43829367309809,10,2.9055846111774444,valid,0.44472353897514066,0.5064201563886968,0.4458,100456
GEN,0.46295,212,212,offspring,4148,3966,TINYIMAGENET,505,main_b1000_tinyimagenet_alexnet_GEN_kp75_seed456,0.75,0.43745,55,False,0.75,alexnet,True,6000,3000,1,0.458,489,3,0.45335,490,4,8114,10,0.75,TINYIMAGENET_alexnet_GEN_accuracy_kp7500_seed456,456,60000,505,42,accuracy,100456,0.43745,1,2.948615134859085,42.78471486270428,10,2.948615134859085,valid,0.4400376286167813,0.5078205480534485,0.43744999999999995,100456
GEN,0.46295,212,212,offspring,910,906,TINYIMAGENET,506,main_b1000_tinyimagenet_alexnet_GEN_kp75_seed456,0.75,0.45105,56,False,0.75,alexnet,False,0,0,1,0.46295,212,1,0.44955,499,4,1816,2,0.75,TINYIMAGENET_alexnet_GEN_accuracy_kp7500_seed456,456,60000,506,42,accuracy,100456,0.45105,1,2.857864067912102,42.58046103268862,10,2.857864067912102,valid,0.45174160448883727,0.5058987061390221,0.45105000000000006,100456
GEN,0.46295,212,212,offspring,906,910,TINYIMAGENET,507,main_b1000_tinyimagenet_alexnet_GEN_kp75_seed456,0.75,0.45075,56,False,0.75,alexnet,False,0,0,2,0.46295,212,1,0.44955,499,4,1816,3,0.75,TINYIMAGENET_alexnet_GEN_accuracy_kp7500_seed456,456,60000,507,42,accuracy,100456,0.45075,1,2.857227110004425,42.120274379849434,10,2.857227110004425,valid,0.45116039117571716,0.5090654425313812,0.45075,100456
GEN,0.46295,212,212,offspring,1152,1198,TINYIMAGENET,508,main_b1000_tinyimagenet_alexnet_GEN_kp75_seed456,0.75,0.4544,56,False,0.75,alexnet,False,0,0,1,0.44955,499,4,0.4529,498,3,2350,4,0.75,TINYIMAGENET_alexnet_GEN_accuracy_kp7500_seed456,456,60000,508,42,accuracy,100456,0.4544,1,2.8398204124450683,58.60996391624212,10,2.8398204124450683,valid,0.45399298939480176,0.5120281517004246,0.4544,100456
GEN,0.46295,212,212,offspring,1198,1152,TINYIMAGENET,509,main_b1000_tinyimagenet_alexnet_GEN_kp75_seed456,0.75,0.44755,56,False,0.75,alexnet,False,0,0,2,0.44955,499,4,0.4529,498,3,2350,5,0.75,TINYIMAGENET_alexnet_GEN_accuracy_kp7500_seed456,456,60000,509,42,accuracy,100456,0.44755,1,2.8758522740364074,42.61756324023008,10,2.8758522740364074,valid,0.4447176720278192,0.5020604087522702,0.44754999999999995,100456
GEN,0.46295,212,212,offspring,2248,2378,TINYIMAGENET,510,main_b1000_tinyimagenet_alexnet_GEN_kp75_seed456,0.75,0.4546,56,False,0.75,alexnet,False,0,0,1,0.46295,212,1,0.45015,502,7,4626,6,0.75,TINYIMAGENET_alexnet_GEN_accuracy_kp7500_seed456,456,60000,510,42,accuracy,100456,0.4546,1,2.8306453371047975,42.07041125744581,10,2.8306453371047975,valid,0.452784105916023,0.5027615488890136,0.4546,100456
GEN,0.46295,212,212,offspring,2378,2248,TINYIMAGENET,511,main_b1000_tinyimagenet_alexnet_GEN_kp75_seed456,0.75,0.45365,56,False,0.75,alexnet,False,0,0,2,0.46295,212,1,0.45015,502,7,4626,7,0.75,TINYIMAGENET_alexnet_GEN_accuracy_kp7500_seed456,456,60000,511,42,accuracy,100456,0.45365,1,2.836856314945221,42.41265392303467,10,2.836856314945221,valid,0.45441171030060235,0.5071642836778117,0.45365,100456
GEN,0.46295,212,212,offspring,2638,2714,TINYIMAGENET,512,main_b1000_tinyimagenet_alexnet_GEN_kp75_seed456,0.75,0.4487,56,False,0.75,alexnet,False,0,0,1,0.44955,499,4,0.4527,501,6,5352,8,0.75,TINYIMAGENET_alexnet_GEN_accuracy_kp7500_seed456,456,60000,512,42,accuracy,100456,0.4487,1,2.8972229259490967,42.69198926538229,10,2.8972229259490967,valid,0.4460612319021986,0.5078331386265633,0.4487,100456
GEN,0.46295,212,212,offspring,2714,2638,TINYIMAGENET,513,main_b1000_tinyimagenet_alexnet_GEN_kp75_seed456,0.75,0.4486,56,False,0.75,alexnet,True,6000,3000,2,0.44955,499,4,0.4527,501,6,5352,9,0.75,TINYIMAGENET_alexnet_GEN_accuracy_kp7500_seed456,456,60000,513,42,accuracy,100456,0.4486,1,2.9042183807134627,42.73222427815199,10,2.9042183807134627,valid,0.44749362721150887,0.5176450508020574,0.4486,100456
GEN,0.46295,212,212,offspring,1652,1588,TINYIMAGENET,514,main_b1000_tinyimagenet_alexnet_GEN_kp75_seed456,0.75,0.4518,56,False,0.75,alexnet,True,6000,3000,1,0.46295,212,1,0.4529,498,3,3240,10,0.75,TINYIMAGENET_alexnet_GEN_accuracy_kp7500_seed456,456,60000,514,42,accuracy,100456,0.4518,1,2.8564259454250336,42.37403427809477,10,2.8564259454250336,valid,0.4473165419467853,0.5051003253670164,0.4518000000000001,100456
GEN,0.46295,212,212,offspring,1268,1218,TINYIMAGENET,515,main_b1000_tinyimagenet_alexnet_GEN_kp75_seed456,0.75,0.45,57,False,0.75,alexnet,False,0,0,1,0.46295,212,1,0.4544,508,4,2486,2,0.75,TINYIMAGENET_alexnet_GEN_accuracy_kp7500_seed456,456,60000,515,42,accuracy,100456,0.45,1,2.8783941252946854,42.63613857328892,10,2.8783941252946854,valid,0.44966828278868876,0.5049733026014548,0.45,100456
GEN,0.46295,212,212,offspring,1218,1268,TINYIMAGENET,516,main_b1000_tinyimagenet_alexnet_GEN_kp75_seed456,0.75,0.4445,57,False,0.75,alexnet,False,0,0,2,0.46295,212,1,0.4544,508,4,2486,3,0.75,TINYIMAGENET_alexnet_GEN_accuracy_kp7500_seed456,456,60000,516,42,accuracy,100456,0.4445,1,2.9354810222387315,42.68788983672857,10,2.9354810222387315,valid,0.4417088984543504,0.5086799792047522,0.4445,100456
GEN,0.46295,212,212,offspring,4404,4342,TINYIMAGENET,517,main_b1000_tinyimagenet_alexnet_GEN_kp75_seed456,0.75,0.44545,57,False,0.75,alexnet,False,0,0,1,0.4518,514,10,0.4546,510,6,8746,4,0.75,TINYIMAGENET_alexnet_GEN_accuracy_kp7500_seed456,456,60000,517,42,accuracy,100456,0.44545,1,2.860735962677002,42.231405563652515,10,2.860735962677002,valid,0.4448975406528702,0.5067675655314157,0.44545,100456
GEN,0.46295,212,212,offspring,4342,4404,TINYIMAGENET,518,main_b1000_tinyimagenet_alexnet_GEN_kp75_seed456,0.75,0.4482,57,False,0.75,alexnet,False,0,0,2,0.4518,514,10,0.4546,510,6,8746,5,0.75,TINYIMAGENET_alexnet_GEN_accuracy_kp7500_seed456,456,60000,518,42,accuracy,100456,0.4482,1,2.8510033385753633,42.57467474043369,10,2.8510033385753633,valid,0.44967792025003805,0.5121939839650812,0.4482000000000001,100456
GEN,0.46295,212,212,offspring,4364,4382,TINYIMAGENET,519,main_b1000_tinyimagenet_alexnet_GEN_kp75_seed456,0.75,0.44825,57,False,0.75,alexnet,False,0,0,1,0.4518,514,10,0.4546,510,6,8746,6,0.75,TINYIMAGENET_alexnet_GEN_accuracy_kp7500_seed456,456,60000,519,42,accuracy,100456,0.44825,1,2.8747849977493285,42.62544037401676,10,2.8747849977493285,valid,0.4490260902513619,0.508308177411372,0.44825000000000004,100456
GEN,0.46295,212,212,offspring,4382,4364,TINYIMAGENET,520,main_b1000_tinyimagenet_alexnet_GEN_kp75_seed456,0.75,0.4484,57,False,0.75,alexnet,False,0,0,2,0.4518,514,10,0.4546,510,6,8746,7,0.75,TINYIMAGENET_alexnet_GEN_accuracy_kp7500_seed456,456,60000,520,42,accuracy,100456,0.4484,1,2.8999940075397492,42.8070709630847,10,2.8999940075397492,valid,0.4501682045883799,0.5106664683063842,0.44839999999999997,100456
GEN,0.46295,212,212,offspring,2136,2004,TINYIMAGENET,521,main_b1000_tinyimagenet_alexnet_GEN_kp75_seed456,0.75,0.4472,57,False,0.75,alexnet,False,0,0,1,0.4544,508,4,0.45365,511,7,4140,8,0.75,TINYIMAGENET_alexnet_GEN_accuracy_kp7500_seed456,456,60000,521,42,accuracy,100456,0.4472,1,2.8919759467124937,42.17965815216303,10,2.8919759467124937,valid,0.4496896561179984,0.5145991291960785,0.4472,100456
GEN,0.46295,212,212,offspring,2004,2136,TINYIMAGENET,522,main_b1000_tinyimagenet_alexnet_GEN_kp75_seed456,0.75,0.4502,57,False,0.75,alexnet,False,0,0,2,0.4544,508,4,0.45365,511,7,4140,9,0.75,TINYIMAGENET_alexnet_GEN_accuracy_kp7500_seed456,456,60000,522,42,accuracy,100456,0.4502,1,2.9106873354911804,42.87747085094452,10,2.9106873354911804,valid,0.4455052316984838,0.5048597943102664,0.45019999999999993,100456
GEN,0.46295,212,212,offspring,1102,1146,TINYIMAGENET,523,main_b1000_tinyimagenet_alexnet_GEN_kp75_seed456,0.75,0.4589,57,False,0.75,alexnet,False,0,0,1,0.46295,212,1,0.4546,510,6,2248,10,0.75,TINYIMAGENET_alexnet_GEN_accuracy_kp7500_seed456,456,60000,523,42,accuracy,100456,0.4589,1,2.848684922528267,42.56556820869446,10,2.848684922528267,valid,0.45695457362299813,0.5113595046604537,0.45890000000000003,100456
GEN,0.46295,212,212,offspring,2592,2634,TINYIMAGENET,524,main_b1000_tinyimagenet_alexnet_GEN_kp75_seed456,0.75,0.45645,58,False,0.75,alexnet,False,0,0,1,0.45,515,2,0.44825,519,6,5226,2,0.75,TINYIMAGENET_alexnet_GEN_accuracy_kp7500_seed456,456,60000,524,42,accuracy,100456,0.45645,1,2.8275885010719297,42.51299575716257,10,2.8275885010719297,valid,0.4576847437587297,0.5103403633321828,0.45645,100456
GEN,0.46295,212,212,offspring,2634,2592,TINYIMAGENET,525,main_b1000_tinyimagenet_alexnet_GEN_kp75_seed456,0.75,0.45035,58,False,0.75,alexnet,False,0,0,2,0.45,515,2,0.44825,519,6,5226,3,0.75,TINYIMAGENET_alexnet_GEN_accuracy_kp7500_seed456,456,60000,525,42,accuracy,100456,0.45035,1,2.8703235778570173,42.38819079101086,10,2.8703235778570173,valid,0.44993198341262697,0.5117110518325567,0.45035,100456
GEN,0.46295,212,212,offspring,540,562,TINYIMAGENET,526,main_b1000_tinyimagenet_alexnet_GEN_kp75_seed456,0.75,0.44905,58,False,0.75,alexnet,False,0,0,1,0.46295,212,1,0.4589,523,10,1102,4,0.75,TINYIMAGENET_alexnet_GEN_accuracy_kp7500_seed456,456,60000,526,42,accuracy,100456,0.44905,1,2.866859221124649,42.57394804805517,10,2.866859221124649,valid,0.44914026154005576,0.5048942506250685,0.44905,100456
GEN,0.46295,212,212,offspring,562,540,TINYIMAGENET,527,main_b1000_tinyimagenet_alexnet_GEN_kp75_seed456,0.75,0.44745,58,False,0.75,alexnet,False,0,0,2,0.46295,212,1,0.4589,523,10,1102,5,0.75,TINYIMAGENET_alexnet_GEN_accuracy_kp7500_seed456,456,60000,527,42,accuracy,100456,0.44745,1,2.899618265104294,42.72042880952358,10,2.899618265104294,valid,0.44338842208603724,0.5074821834313107,0.44745000000000007,100456
GEN,0.46295,212,212,offspring,626,642,TINYIMAGENET,528,main_b1000_tinyimagenet_alexnet_GEN_kp75_seed456,0.75,0.4525,58,False,0.75,alexnet,False,0,0,1,0.46295,212,1,0.45,515,2,1268,6,0.75,TINYIMAGENET_alexnet_GEN_accuracy_kp7500_seed456,456,60000,528,42,accuracy,100456,0.4525,1,2.853831404209137,42.126487247645855,10,2.853831404209137,valid,0.4511865721466289,0.5089775625158466,0.4525,100456
GEN,0.46295,212,212,offspring,642,626,TINYIMAGENET,529,main_b1000_tinyimagenet_alexnet_GEN_kp75_seed456,0.75,0.45205,58,False,0.75,alexnet,False,0,0,2,0.46295,212,1,0.45,515,2,1268,7,0.75,TINYIMAGENET_alexnet_GEN_accuracy_kp7500_seed456,456,60000,529,42,accuracy,100456,0.45205,1,2.8627461147785187,42.5459463596344,10,2.8627461147785187,valid,0.45460650686232745,0.5176780354801845,0.45205,100456
GEN,0.46295,212,212,offspring,1120,1066,TINYIMAGENET,530,main_b1000_tinyimagenet_alexnet_GEN_kp75_seed456,0.75,0.4518,58,False,0.75,alexnet,False,0,0,1,0.4589,523,10,0.45,515,2,2186,8,0.75,TINYIMAGENET_alexnet_GEN_accuracy_kp7500_seed456,456,60000,530,42,accuracy,100456,0.4518,1,2.845331220293045,42.58102633059025,10,2.845331220293045,valid,0.45006737412875464,0.5049990760040387,0.4518,100456
GEN,0.46295,212,212,offspring,1066,1120,TINYIMAGENET,531,main_b1000_tinyimagenet_alexnet_GEN_kp75_seed456,0.75,0.45225,58,False,0.75,alexnet,False,0,0,2,0.4589,523,10,0.45,515,2,2186,9,0.75,TINYIMAGENET_alexnet_GEN_accuracy_kp7500_seed456,456,60000,531,42,accuracy,100456,0.45225,1,2.8808801898002625,42.579796224832535,10,2.8808801898002625,valid,0.4546445898717552,0.5171369012579152,0.45225000000000004,100456
GEN,0.46295,212,212,offspring,526,576,TINYIMAGENET,532,main_b1000_tinyimagenet_alexnet_GEN_kp75_seed456,0.75,0.4538,58,False,0.75,alexnet,False,0,0,1,0.4589,523,10,0.46295,212,1,1102,10,0.75,TINYIMAGENET_alexnet_GEN_accuracy_kp7500_seed456,456,60000,532,42,accuracy,100456,0.4538,1,2.9196641288280487,42.3536481410265,10,2.9196641288280487,valid,0.45289337784644645,0.5219606794910757,0.4538,100456
GEN,0.46295,212,212,offspring,1510,1440,TINYIMAGENET,533,main_b1000_tinyimagenet_alexnet_GEN_kp75_seed456,0.75,0.44,59,False,0.75,alexnet,False,0,0,1,0.45645,524,2,0.46295,212,1,2950,2,0.75,TINYIMAGENET_alexnet_GEN_accuracy_kp7500_seed456,456,60000,533,42,accuracy,100456,0.44,1,2.917517521381378,42.61893045157194,10,2.917517521381378,valid,0.4419906091077791,0.5129445745433542,0.44,100456
GEN,0.46295,212,212,offspring,1440,1510,TINYIMAGENET,534,main_b1000_tinyimagenet_alexnet_GEN_kp75_seed456,0.75,0.4524,59,False,0.75,alexnet,False,0,0,2,0.45645,524,2,0.46295,212,1,2950,3,0.75,TINYIMAGENET_alexnet_GEN_accuracy_kp7500_seed456,456,60000,534,42,accuracy,100456,0.4524,1,2.913477233028412,42.724087946116924,10,2.913477233028412,valid,0.44826558467783867,0.5106017816159995,0.4524,100456
GEN,0.46295,212,212,offspring,1476,1474,TINYIMAGENET,535,main_b1000_tinyimagenet_alexnet_GEN_kp75_seed456,0.75,0.4512,59,False,0.75,alexnet,False,0,0,1,0.46295,212,1,0.45645,524,2,2950,4,0.75,TINYIMAGENET_alexnet_GEN_accuracy_kp7500_seed456,456,60000,535,42,accuracy,100456,0.4512,1,2.877620486497879,42.156867161393166,10,2.877620486497879,valid,0.44735071774320084,0.5019515939728553,0.4512,100456
GEN,0.46295,212,212,offspring,1474,1476,TINYIMAGENET,536,main_b1000_tinyimagenet_alexnet_GEN_kp75_seed456,0.75,0.44415,59,False,0.75,alexnet,False,0,0,2,0.46295,212,1,0.45645,524,2,2950,5,0.75,TINYIMAGENET_alexnet_GEN_accuracy_kp7500_seed456,456,60000,536,42,accuracy,100456,0.44415,1,2.9469186611175537,42.58680851012468,10,2.9469186611175537,valid,0.44470454683072475,0.5121331399029877,0.44415,100456
GEN,0.46295,212,212,offspring,584,566,TINYIMAGENET,537,main_b1000_tinyimagenet_alexnet_GEN_kp75_seed456,0.75,0.45365,59,False,0.75,alexnet,False,0,0,1,0.4538,532,10,0.4518,530,8,1150,6,0.75,TINYIMAGENET_alexnet_GEN_accuracy_kp7500_seed456,456,60000,537,42,accuracy,100456,0.45365,1,2.8243958641529083,42.60414586216211,10,2.8243958641529083,valid,0.4474429327141278,0.4964076959180737,0.4536500000000001,100456
GEN,0.46295,212,212,offspring,566,584,TINYIMAGENET,538,main_b1000_tinyimagenet_alexnet_GEN_kp75_seed456,0.75,0.44615,59,False,0.75,alexnet,False,0,0,2,0.4538,532,10,0.4518,530,8,1150,7,0.75,TINYIMAGENET_alexnet_GEN_accuracy_kp7500_seed456,456,60000,538,42,accuracy,100456,0.44615,1,2.894446663212776,42.662750758230686,10,2.894446663212776,valid,0.44342362818680753,0.5103524341696047,0.44615000000000005,100456
GEN,0.46295,212,212,offspring,578,584,TINYIMAGENET,539,main_b1000_tinyimagenet_alexnet_GEN_kp75_seed456,0.75,0.45825,59,False,0.75,alexnet,False,0,0,1,0.45205,529,7,0.45225,531,9,1162,8,0.75,TINYIMAGENET_alexnet_GEN_accuracy_kp7500_seed456,456,60000,539,42,accuracy,100456,0.45825,1,2.8159647453308105,44.05270639061928,10,2.8159647453308105,valid,0.45725048769123106,0.5052755032549577,0.45825000000000005,100456
GEN,0.46295,212,212,offspring,584,578,TINYIMAGENET,540,main_b1000_tinyimagenet_alexnet_GEN_kp75_seed456,0.75,0.44785,59,False,0.75,alexnet,False,0,0,2,0.45205,529,7,0.45225,531,9,1162,9,0.75,TINYIMAGENET_alexnet_GEN_accuracy_kp7500_seed456,456,60000,540,42,accuracy,100456,0.44785,1,2.9045493951797487,42.555259957909584,10,2.9045493951797487,valid,0.4491646653705915,0.508480031777847,0.44784999999999997,100456
GEN,0.46295,212,212,offspring,316,310,TINYIMAGENET,541,main_b1000_tinyimagenet_alexnet_GEN_kp75_seed456,0.75,0.4472,59,False,0.75,alexnet,False,0,0,1,0.46295,212,1,0.4525,528,6,626,10,0.75,TINYIMAGENET_alexnet_GEN_accuracy_kp7500_seed456,456,60000,541,42,accuracy,100456,0.4472,1,2.884253158259392,42.75793479382992,10,2.884253158259392,valid,0.44618744304806085,0.5076670448851172,0.4472,100456
GEN,0.46295,212,212,offspring,450,428,TINYIMAGENET,542,main_b1000_tinyimagenet_alexnet_GEN_kp75_seed456,0.75,0.44765,60,False,0.75,alexnet,False,0,0,1,0.46295,212,1,0.45365,537,6,878,2,0.75,TINYIMAGENET_alexnet_GEN_accuracy_kp7500_seed456,456,60000,542,42,accuracy,100456,0.44765,1,2.8783606531381607,42.444709591567516,10,2.8783606531381607,valid,0.4463462824375216,0.5044923083619262,0.44765,100456
GEN,0.46295,212,212,offspring,428,450,TINYIMAGENET,543,main_b1000_tinyimagenet_alexnet_GEN_kp75_seed456,0.75,0.44365,60,False,0.75,alexnet,False,0,0,2,0.46295,212,1,0.45365,537,6,878,3,0.75,TINYIMAGENET_alexnet_GEN_accuracy_kp7500_seed456,456,60000,543,42,accuracy,100456,0.44365,1,2.8791523390054703,42.23969294130802,10,2.8791523390054703,valid,0.44464284504103424,0.5096328930130336,0.44364999999999993,100456
GEN,0.46295,212,212,offspring,428,450,TINYIMAGENET,544,main_b1000_tinyimagenet_alexnet_GEN_kp75_seed456,0.75,0.44725,60,False,0.75,alexnet,False,0,0,1,0.45365,537,6,0.46295,212,1,878,4,0.75,TINYIMAGENET_alexnet_GEN_accuracy_kp7500_seed456,456,60000,544,42,accuracy,100456,0.44725,1,2.8795963503360746,42.68293993920088,10,2.8795963503360746,valid,0.445993373203185,0.5035151556419835,0.44725000000000004,100456
GEN,0.46295,212,212,offspring,450,428,TINYIMAGENET,545,main_b1000_tinyimagenet_alexnet_GEN_kp75_seed456,0.75,0.44815,60,False,0.75,alexnet,False,0,0,2,0.45365,537,6,0.46295,212,1,878,5,0.75,TINYIMAGENET_alexnet_GEN_accuracy_kp7500_seed456,456,60000,545,42,accuracy,100456,0.44815,1,2.8628452475070953,42.7939098328352,10,2.8628452475070953,valid,0.4448939237133915,0.5027034354375189,0.44815,100456
GEN,0.46295,212,212,offspring,946,992,TINYIMAGENET,546,main_b1000_tinyimagenet_alexnet_GEN_kp75_seed456,0.75,0.4416,60,False,0.75,alexnet,False,0,0,1,0.45365,537,6,0.4524,534,3,1938,6,0.75,TINYIMAGENET_alexnet_GEN_accuracy_kp7500_seed456,456,60000,546,42,accuracy,100456,0.4416,1,2.945782845425606,42.07348359376192,10,2.945782845425606,valid,0.44134892035096596,0.5168667870169154,0.44160000000000005,100456
GEN,0.46295,212,212,offspring,992,946,TINYIMAGENET,547,main_b1000_tinyimagenet_alexnet_GEN_kp75_seed456,0.75,0.45205,60,False,0.75,alexnet,True,6000,3000,2,0.45365,537,6,0.4524,534,3,1938,7,0.75,TINYIMAGENET_alexnet_GEN_accuracy_kp7500_seed456,456,60000,547,42,accuracy,100456,0.45205,1,2.88937129137516,42.63252208381891,10,2.88937129137516,valid,0.4509709920282309,0.5120584698601275,0.45205,100456
GEN,0.46295,212,212,offspring,434,444,TINYIMAGENET,548,main_b1000_tinyimagenet_alexnet_GEN_kp75_seed456,0.75,0.4446,60,False,0.75,alexnet,False,0,0,1,0.45365,537,6,0.46295,212,1,878,8,0.75,TINYIMAGENET_alexnet_GEN_accuracy_kp7500_seed456,456,60000,548,42,accuracy,100456,0.4446,1,2.873774983072281,42.64487763494253,10,2.873774983072281,valid,0.4445775069143705,0.5047907177736703,0.4446,100456
GEN,0.46295,212,212,offspring,444,434,TINYIMAGENET,549,main_b1000_tinyimagenet_alexnet_GEN_kp75_seed456,0.75,0.45495,60,False,0.75,alexnet,False,0,0,2,0.45365,537,6,0.46295,212,1,878,9,0.75,TINYIMAGENET_alexnet_GEN_accuracy_kp7500_seed456,456,60000,549,42,accuracy,100456,0.45495,1,2.8490411192417144,42.57669661939144,10,2.8490411192417144,valid,0.45428534463800685,0.5098989897106609,0.45495,100456
GEN,0.46295,212,212,offspring,466,472,TINYIMAGENET,550,main_b1000_tinyimagenet_alexnet_GEN_kp75_seed456,0.75,0.453,60,False,0.75,alexnet,False,0,0,1,0.46295,212,1,0.44785,540,9,938,10,0.75,TINYIMAGENET_alexnet_GEN_accuracy_kp7500_seed456,456,60000,550,42,accuracy,100456,0.453,1,2.8397053674578667,42.328195326030254,10,2.8397053674578667,valid,0.45022680303365337,0.5021057776389172,0.45299999999999996,100456
GEN,0.46295,212,212,offspring,218,210,TINYIMAGENET,551,main_b1000_tinyimagenet_alexnet_GEN_kp75_seed456,0.75,0.4515,61,False,0.75,alexnet,False,0,0,1,0.44815,545,5,0.46295,212,1,428,2,0.75,TINYIMAGENET_alexnet_GEN_accuracy_kp7500_seed456,456,60000,551,42,accuracy,100456,0.4515,1,2.833914605665207,42.4505879431963,10,2.833914605665207,valid,0.4548467557973129,0.5101085144671966,0.45150000000000007,100456
GEN,0.46295,212,212,offspring,210,218,TINYIMAGENET,552,main_b1000_tinyimagenet_alexnet_GEN_kp75_seed456,0.75,0.4475,61,False,0.75,alexnet,False,0,0,2,0.44815,545,5,0.46295,212,1,428,3,0.75,TINYIMAGENET_alexnet_GEN_accuracy_kp7500_seed456,456,60000,552,42,accuracy,100456,0.4475,1,2.88138257021904,42.692601047456264,10,2.88138257021904,valid,0.4451108542671615,0.5069915172368805,0.4475,100456
GEN,0.46295,212,212,offspring,442,436,TINYIMAGENET,553,main_b1000_tinyimagenet_alexnet_GEN_kp75_seed456,0.75,0.4473,61,False,0.75,alexnet,False,0,0,1,0.45495,549,9,0.4446,548,8,878,4,0.75,TINYIMAGENET_alexnet_GEN_accuracy_kp7500_seed456,456,60000,553,42,accuracy,100456,0.4473,1,2.8956107731342318,42.175104193389416,10,2.8956107731342318,valid,0.4465619944963332,0.5070746850298269,0.4473,100456
GEN,0.46295,212,212,offspring,436,442,TINYIMAGENET,554,main_b1000_tinyimagenet_alexnet_GEN_kp75_seed456,0.75,0.45115,61,False,0.75,alexnet,False,0,0,2,0.45495,549,9,0.4446,548,8,878,5,0.75,TINYIMAGENET_alexnet_GEN_accuracy_kp7500_seed456,456,60000,554,42,accuracy,100456,0.45115,1,2.8611660979032516,42.59815068542957,10,2.8611660979032516,valid,0.4509377564931749,0.5068773555981746,0.45115,100456
GEN,0.46295,212,212,offspring,230,236,TINYIMAGENET,555,main_b1000_tinyimagenet_alexnet_GEN_kp75_seed456,0.75,0.44955,61,False,0.75,alexnet,False,0,0,1,0.46295,212,1,0.453,550,10,466,6,0.75,TINYIMAGENET_alexnet_GEN_accuracy_kp7500_seed456,456,60000,555,42,accuracy,100456,0.44955,1,2.868624524140358,42.612880513072014,10,2.868624524140358,valid,0.4478591856841196,0.5060237601850314,0.44955,100456
GEN,0.46295,212,212,offspring,236,230,TINYIMAGENET,556,main_b1000_tinyimagenet_alexnet_GEN_kp75_seed456,0.75,0.4479,61,False,0.75,alexnet,False,0,0,2,0.46295,212,1,0.453,550,10,466,7,0.75,TINYIMAGENET_alexnet_GEN_accuracy_kp7500_seed456,456,60000,556,42,accuracy,100456,0.4479,1,2.910514867377281,42.62127494066954,10,2.910514867377281,valid,0.44649597537983027,0.5102535602171482,0.44789999999999996,100456
GEN,0.46295,212,212,offspring,3502,3646,TINYIMAGENET,557,main_b1000_tinyimagenet_alexnet_GEN_kp75_seed456,0.75,0.44815,61,False,0.75,alexnet,False,0,0,1,0.45205,547,7,0.453,550,10,7148,8,0.75,TINYIMAGENET_alexnet_GEN_accuracy_kp7500_seed456,456,60000,557,42,accuracy,100456,0.44815,1,2.9171294764876365,42.3263336494565,10,2.9171294764876365,valid,0.44729871229554236,0.5065178069177886,0.44815000000000005,100456
GEN,0.46295,212,212,offspring,3646,3502,TINYIMAGENET,558,main_b1000_tinyimagenet_alexnet_GEN_kp75_seed456,0.75,0.4454,61,False,0.75,alexnet,False,0,0,2,0.45205,547,7,0.453,550,10,7148,9,0.75,TINYIMAGENET_alexnet_GEN_accuracy_kp7500_seed456,456,60000,558,42,accuracy,100456,0.4454,1,2.901962648487091,42.59628497809172,10,2.901962648487091,valid,0.4431883064424622,0.5030566757650271,0.4454000000000001,100456
GEN,0.46295,212,212,offspring,216,212,TINYIMAGENET,559,main_b1000_tinyimagenet_alexnet_GEN_kp75_seed456,0.75,0.4474,61,False,0.75,alexnet,False,0,0,1,0.46295,212,1,0.44815,545,5,428,10,0.75,TINYIMAGENET_alexnet_GEN_accuracy_kp7500_seed456,456,60000,559,42,accuracy,100456,0.4474,1,2.884000681114197,42.715246737003326,10,2.884000681114197,valid,0.4498914569819096,0.5123855388283085,0.44739999999999996,100456
GEN,0.46295,212,212,offspring,1968,1988,TINYIMAGENET,560,main_b1000_tinyimagenet_alexnet_GEN_kp75_seed456,0.75,0.446,62,False,0.75,alexnet,False,0,0,1,0.44815,557,8,0.45115,554,5,3956,2,0.75,TINYIMAGENET_alexnet_GEN_accuracy_kp7500_seed456,456,60000,560,42,accuracy,100456,0.446,1,2.9381664856672285,42.255359157919884,10,2.9381664856672285,valid,0.4443236365988521,0.5140436805031996,0.446,100456
GEN,0.46295,212,212,offspring,1988,1968,TINYIMAGENET,561,main_b1000_tinyimagenet_alexnet_GEN_kp75_seed456,0.75,0.4526,62,False,0.75,alexnet,False,0,0,2,0.44815,557,8,0.45115,554,5,3956,3,0.75,TINYIMAGENET_alexnet_GEN_accuracy_kp7500_seed456,456,60000,561,42,accuracy,100456,0.4526,1,2.846547621679306,42.598337568342686,10,2.846547621679306,valid,0.45108070957682217,0.5055530998405479,0.45260000000000006,100456
GEN,0.46295,212,212,offspring,1928,1896,TINYIMAGENET,562,main_b1000_tinyimagenet_alexnet_GEN_kp75_seed456,0.75,0.45235,62,False,0.75,alexnet,False,0,0,1,0.46295,212,1,0.44815,557,8,3824,4,0.75,TINYIMAGENET_alexnet_GEN_accuracy_kp7500_seed456,456,60000,562,42,accuracy,100456,0.45235,1,2.860689905452728,42.72456496953964,10,2.860689905452728,valid,0.45221469463842007,0.5085975956558209,0.45235,100456
GEN,0.46295,212,212,offspring,1896,1928,TINYIMAGENET,563,main_b1000_tinyimagenet_alexnet_GEN_kp75_seed456,0.75,0.4506,62,False,0.75,alexnet,False,0,0,2,0.46295,212,1,0.44815,557,8,3824,5,0.75,TINYIMAGENET_alexnet_GEN_accuracy_kp7500_seed456,456,60000,563,42,accuracy,100456,0.4506,1,2.8509115870475767,42.548665061593056,10,2.8509115870475767,valid,0.45005340195145765,0.5020583668205706,0.4506,100456
GEN,0.46295,212,212,offspring,112,106,TINYIMAGENET,564,main_b1000_tinyimagenet_alexnet_GEN_kp75_seed456,0.75,0.4511,62,False,0.75,alexnet,False,0,0,1,0.4475,552,3,0.46295,212,1,218,6,0.75,TINYIMAGENET_alexnet_GEN_accuracy_kp7500_seed456,456,60000,564,42,accuracy,100456,0.4511,1,2.831010024189949,42.200947016477585,10,2.831010024189949,valid,0.4512774700761289,0.5114840357148297,0.4511,100456
GEN,0.46295,212,212,offspring,106,112,TINYIMAGENET,565,main_b1000_tinyimagenet_alexnet_GEN_kp75_seed456,0.75,0.4567,62,False,0.75,alexnet,False,0,0,2,0.4475,552,3,0.46295,212,1,218,7,0.75,TINYIMAGENET_alexnet_GEN_accuracy_kp7500_seed456,456,60000,565,42,accuracy,100456,0.4567,1,2.8061135677337647,42.590957060456276,10,2.8061135677337647,valid,0.45280242500283935,0.5000463342317334,0.4567,100456
GEN,0.46295,212,212,offspring,112,106,TINYIMAGENET,566,main_b1000_tinyimagenet_alexnet_GEN_kp75_seed456,0.75,0.4469,62,False,0.75,alexnet,False,0,0,1,0.46295,212,1,0.4475,552,3,218,8,0.75,TINYIMAGENET_alexnet_GEN_accuracy_kp7500_seed456,456,60000,566,42,accuracy,100456,0.4469,1,2.9097843735694884,42.770193696022034,10,2.9097843735694884,valid,0.4474534821703174,0.5138916815476204,0.44689999999999996,100456
GEN,0.46295,212,212,offspring,106,112,TINYIMAGENET,567,main_b1000_tinyimagenet_alexnet_GEN_kp75_seed456,0.75,0.4545,62,False,0.75,alexnet,False,0,0,2,0.46295,212,1,0.4475,552,3,218,9,0.75,TINYIMAGENET_alexnet_GEN_accuracy_kp7500_seed456,456,60000,567,42,accuracy,100456,0.4545,1,2.840409894108772,42.25030615180731,10,2.840409894108772,valid,0.45415168041836607,0.5099230882778903,0.4545,100456
GEN,0.46295,212,212,offspring,348,300,TINYIMAGENET,568,main_b1000_tinyimagenet_alexnet_GEN_kp75_seed456,0.75,0.4477,62,False,0.75,alexnet,False,0,0,1,0.44955,555,6,0.45115,554,5,648,10,0.75,TINYIMAGENET_alexnet_GEN_accuracy_kp7500_seed456,456,60000,568,42,accuracy,100456,0.4477,1,2.89484813079834,42.446955524384975,10,2.89484813079834,valid,0.44615181422290634,0.5114051498185747,0.4477,100456
GEN,0.46295,212,212,offspring,52,60,TINYIMAGENET,569,main_b1000_tinyimagenet_alexnet_GEN_kp75_seed456,0.75,0.44625,63,False,0.75,alexnet,False,0,0,1,0.46295,212,1,0.4567,565,7,112,2,0.75,TINYIMAGENET_alexnet_GEN_accuracy_kp7500_seed456,456,60000,569,42,accuracy,100456,0.44625,1,2.871137940597534,42.72942405194044,10,2.871137940597534,valid,0.4454400503832825,0.5033440603119073,0.44625,100456
GEN,0.46295,212,212,offspring,60,52,TINYIMAGENET,570,main_b1000_tinyimagenet_alexnet_GEN_kp75_seed456,0.75,0.4559,63,False,0.75,alexnet,False,0,0,2,0.46295,212,1,0.4567,565,7,112,3,0.75,TINYIMAGENET_alexnet_GEN_accuracy_kp7500_seed456,456,60000,570,42,accuracy,100456,0.4559,1,2.8348015566349027,42.7553496286273,10,2.8348015566349027,valid,0.45428603889719116,0.5099121217119329,0.4559,100456
GEN,0.46295,212,212,offspring,1092,1050,TINYIMAGENET,571,main_b1000_tinyimagenet_alexnet_GEN_kp75_seed456,0.75,0.4538,63,False,0.75,alexnet,False,0,0,1,0.4526,561,3,0.46295,212,1,2142,4,0.75,TINYIMAGENET_alexnet_GEN_accuracy_kp7500_seed456,456,60000,571,42,accuracy,100456,0.4538,1,2.8445577705562113,42.13895229995251,10,2.8445577705562113,valid,0.4522753980606354,0.5112017272710919,0.4538,100456
GEN,0.46295,212,212,offspring,1050,1092,TINYIMAGENET,572,main_b1000_tinyimagenet_alexnet_GEN_kp75_seed456,0.75,0.44525,63,False,0.75,alexnet,False,0,0,2,0.4526,561,3,0.46295,212,1,2142,5,0.75,TINYIMAGENET_alexnet_GEN_accuracy_kp7500_seed456,456,60000,572,42,accuracy,100456,0.44525,1,2.9048253071308134,42.59989396482706,10,2.9048253071308134,valid,0.4456438595621071,0.5103507463475436,0.44525,100456
GEN,0.46295,212,212,offspring,44,62,TINYIMAGENET,573,main_b1000_tinyimagenet_alexnet_GEN_kp75_seed456,0.75,0.44755,63,False,0.75,alexnet,False,0,0,1,0.4545,567,9,0.46295,212,1,106,6,0.75,TINYIMAGENET_alexnet_GEN_accuracy_kp7500_seed456,456,60000,573,42,accuracy,100456,0.44755,1,2.9037048496246336,42.79089239239693,10,2.9037048496246336,valid,0.4486023283791155,0.5100810973619878,0.44754999999999995,100456
GEN,0.46295,212,212,offspring,62,44,TINYIMAGENET,574,main_b1000_tinyimagenet_alexnet_GEN_kp75_seed456,0.75,0.45025,63,False,0.75,alexnet,False,0,0,2,0.4545,567,9,0.46295,212,1,106,7,0.75,TINYIMAGENET_alexnet_GEN_accuracy_kp7500_seed456,456,60000,574,42,accuracy,100456,0.45025,1,2.866730451321602,42.251127637922764,10,2.866730451321602,valid,0.44906890393281207,0.5086495756052325,0.45025,100456
GEN,0.46295,212,212,offspring,1080,1076,TINYIMAGENET,575,main_b1000_tinyimagenet_alexnet_GEN_kp75_seed456,0.75,0.4577,63,False,0.75,alexnet,False,0,0,1,0.4511,564,6,0.4526,561,3,2156,8,0.75,TINYIMAGENET_alexnet_GEN_accuracy_kp7500_seed456,456,60000,575,42,accuracy,100456,0.4577,1,2.8236594371557238,42.45861055701971,10,2.8236594371557238,valid,0.45501689292414726,0.5115861040242826,0.45770000000000005,100456
GEN,0.46295,212,212,offspring,1076,1080,TINYIMAGENET,576,main_b1000_tinyimagenet_alexnet_GEN_kp75_seed456,0.75,0.4434,63,False,0.75,alexnet,False,0,0,2,0.4511,564,6,0.4526,561,3,2156,9,0.75,TINYIMAGENET_alexnet_GEN_accuracy_kp7500_seed456,456,60000,576,42,accuracy,100456,0.4434,1,2.9401477418661117,42.79249723255634,10,2.9401477418661117,valid,0.4426110391333533,0.5102709863900281,0.4434,100456
GEN,0.46295,212,212,offspring,946,982,TINYIMAGENET,577,main_b1000_tinyimagenet_alexnet_GEN_kp75_seed456,0.75,0.4498,63,False,0.75,alexnet,False,0,0,1,0.46295,212,1,0.45235,562,4,1928,10,0.75,TINYIMAGENET_alexnet_GEN_accuracy_kp7500_seed456,456,60000,577,42,accuracy,100456,0.4498,1,2.8700630510807037,42.693881921470165,10,2.8700630510807037,valid,0.4491701621431256,0.5087152889232873,0.44980000000000003,100456
GEN,0.46295,212,212,offspring,540,510,TINYIMAGENET,578,main_b1000_tinyimagenet_alexnet_GEN_kp75_seed456,0.75,0.454,64,False,0.75,alexnet,False,0,0,1,0.4538,571,4,0.46295,212,1,1050,2,0.75,TINYIMAGENET_alexnet_GEN_accuracy_kp7500_seed456,456,60000,578,42,accuracy,100456,0.454,1,2.862547345304489,42.14908067882061,10,2.862547345304489,valid,0.4548347984312416,0.5125069028335251,0.45399999999999996,100456
GEN,0.46295,212,212,offspring,510,540,TINYIMAGENET,579,main_b1000_tinyimagenet_alexnet_GEN_kp75_seed456,0.75,0.4527,64,False,0.75,alexnet,False,0,0,2,0.4538,571,4,0.46295,212,1,1050,3,0.75,TINYIMAGENET_alexnet_GEN_accuracy_kp7500_seed456,456,60000,579,42,accuracy,100456,0.4527,1,2.915761983203888,42.57423149049282,10,2.915761983203888,valid,0.4514532795593734,0.5133578965614176,0.45269999999999994,100456
GEN,0.46295,212,212,offspring,522,578,TINYIMAGENET,580,main_b1000_tinyimagenet_alexnet_GEN_kp75_seed456,0.75,0.4563,64,False,0.75,alexnet,False,0,0,1,0.4577,575,8,0.4538,571,4,1100,4,0.75,TINYIMAGENET_alexnet_GEN_accuracy_kp7500_seed456,456,60000,580,42,accuracy,100456,0.4563,1,2.8227049870967864,42.84570812433958,10,2.8227049870967864,valid,0.45347752687390736,0.5054179794354307,0.45630000000000004,100456
GEN,0.46295,212,212,offspring,578,522,TINYIMAGENET,581,main_b1000_tinyimagenet_alexnet_GEN_kp75_seed456,0.75,0.4548,64,False,0.75,alexnet,False,0,0,2,0.4577,575,8,0.4538,571,4,1100,5,0.75,TINYIMAGENET_alexnet_GEN_accuracy_kp7500_seed456,456,60000,581,42,accuracy,100456,0.4548,1,2.8745212760925294,42.36133390665054,10,2.8745212760925294,valid,0.45119388713870756,0.5093416685347748,0.45480000000000004,100456
GEN,0.46295,212,212,offspring,564,572,TINYIMAGENET,582,main_b1000_tinyimagenet_alexnet_GEN_kp75_seed456,0.75,0.44545,64,False,0.75,alexnet,True,6000,3000,1,0.4577,575,8,0.46295,212,1,1136,6,0.75,TINYIMAGENET_alexnet_GEN_accuracy_kp7500_seed456,456,60000,582,42,accuracy,100456,0.44545,1,2.9027587738990785,42.71180424839258,10,2.9027587738990785,valid,0.4435700772234219,0.5069006435266595,0.44545,100456
GEN,0.46295,212,212,offspring,572,564,TINYIMAGENET,583,main_b1000_tinyimagenet_alexnet_GEN_kp75_seed456,0.75,0.4493,64,False,0.75,alexnet,False,0,0,2,0.4577,575,8,0.46295,212,1,1136,7,0.75,TINYIMAGENET_alexnet_GEN_accuracy_kp7500_seed456,456,60000,583,42,accuracy,100456,0.4493,1,2.880014453911781,42.62573695927858,10,2.880014453911781,valid,0.44745507898230086,0.5108833005363236,0.4493,100456
GEN,0.46295,212,212,offspring,536,602,TINYIMAGENET,584,main_b1000_tinyimagenet_alexnet_GEN_kp75_seed456,0.75,0.44885,64,False,0.75,alexnet,False,0,0,1,0.4577,575,8,0.45025,574,7,1138,8,0.75,TINYIMAGENET_alexnet_GEN_accuracy_kp7500_seed456,456,60000,584,42,accuracy,100456,0.44885,1,2.8537004213452337,42.75563198328018,10,2.8537004213452337,valid,0.44764933453707956,0.5066092741933507,0.44885,100456
GEN,0.46295,212,212,offspring,602,536,TINYIMAGENET,585,main_b1000_tinyimagenet_alexnet_GEN_kp75_seed456,0.75,0.45165,64,False,0.75,alexnet,False,0,0,2,0.4577,575,8,0.45025,574,7,1138,9,0.75,TINYIMAGENET_alexnet_GEN_accuracy_kp7500_seed456,456,60000,585,42,accuracy,100456,0.45165,1,2.853617191243172,42.1215670183301,10,2.853617191243172,valid,0.44959429860064054,0.5093116445425605,0.45164999999999994,100456
GEN,0.46295,212,212,offspring,36,24,TINYIMAGENET,586,main_b1000_tinyimagenet_alexnet_GEN_kp75_seed456,0.75,0.4542,64,False,0.75,alexnet,False,0,0,1,0.4559,570,3,0.46295,212,1,60,10,0.75,TINYIMAGENET_alexnet_GEN_accuracy_kp7500_seed456,456,60000,586,42,accuracy,100456,0.4542,1,2.8503155805587768,42.66490209847689,10,2.8503155805587768,valid,0.45306637815281386,0.504770294591902,0.4542,100456
GEN,0.46295,212,212,offspring,528,578,TINYIMAGENET,587,main_b1000_tinyimagenet_alexnet_GEN_kp75_seed456,0.75,0.44775,65,False,0.75,alexnet,False,0,0,1,0.46295,212,1,0.4563,580,4,1106,2,0.75,TINYIMAGENET_alexnet_GEN_accuracy_kp7500_seed456,456,60000,587,42,accuracy,100456,0.44775,1,2.909105569124222,42.69876317679882,10,2.909105569124222,valid,0.44639686991077127,0.5103757995496467,0.44775,100456
GEN,0.46295,212,212,offspring,578,528,TINYIMAGENET,588,main_b1000_tinyimagenet_alexnet_GEN_kp75_seed456,0.75,0.44335,65,False,0.75,alexnet,False,0,0,2,0.46295,212,1,0.4563,580,4,1106,3,0.75,TINYIMAGENET_alexnet_GEN_accuracy_kp7500_seed456,456,60000,588,42,accuracy,100456,0.44335,1,2.9310351214885713,42.62772561609745,10,2.9310351214885713,valid,0.4438853141380675,0.5151391104460469,0.4433499999999999,100456
GEN,0.46295,212,212,offspring,248,262,TINYIMAGENET,589,main_b1000_tinyimagenet_alexnet_GEN_kp75_seed456,0.75,0.45105,65,False,0.75,alexnet,False,0,0,1,0.454,578,2,0.46295,212,1,510,4,0.75,TINYIMAGENET_alexnet_GEN_accuracy_kp7500_seed456,456,60000,589,42,accuracy,100456,0.45105,1,2.8914349285125733,42.262281499803066,10,2.8914349285125733,valid,0.45051751521611977,0.511807992813575,0.45105000000000006,100456
GEN,0.46295,212,212,offspring,262,248,TINYIMAGENET,590,main_b1000_tinyimagenet_alexnet_GEN_kp75_seed456,0.75,0.4544,65,False,0.75,alexnet,False,0,0,2,0.454,578,2,0.46295,212,1,510,5,0.75,TINYIMAGENET_alexnet_GEN_accuracy_kp7500_seed456,456,60000,590,42,accuracy,100456,0.4544,1,2.852486446237564,42.594988860189915,10,2.852486446237564,valid,0.45554383822529343,0.5088249236453383,0.45439999999999997,100456
GEN,0.46295,212,212,offspring,578,550,TINYIMAGENET,591,main_b1000_tinyimagenet_alexnet_GEN_kp75_seed456,0.75,0.4518,65,False,0.75,alexnet,False,0,0,1,0.4542,586,10,0.4563,580,4,1128,6,0.75,TINYIMAGENET_alexnet_GEN_accuracy_kp7500_seed456,456,60000,591,42,accuracy,100456,0.4518,1,2.8808957350730897,42.6960536763072,10,2.8808957350730897,valid,0.45150522614235583,0.5091948900913394,0.4518,100456
GEN,0.46295,212,212,offspring,550,578,TINYIMAGENET,592,main_b1000_tinyimagenet_alexnet_GEN_kp75_seed456,0.75,0.43965,65,False,0.75,alexnet,False,0,0,2,0.4542,586,10,0.4563,580,4,1128,7,0.75,TINYIMAGENET_alexnet_GEN_accuracy_kp7500_seed456,456,60000,592,42,accuracy,100456,0.43965,1,2.9283266011238096,42.156197026371956,10,2.9283266011238096,valid,0.43996057840354214,0.5073411563886097,0.43965000000000004,100456
GEN,0.46295,212,212,offspring,588,540,TINYIMAGENET,593,main_b1000_tinyimagenet_alexnet_GEN_kp75_seed456,0.75,0.44925,65,False,0.75,alexnet,False,0,0,1,0.4563,580,4,0.4542,586,10,1128,8,0.75,TINYIMAGENET_alexnet_GEN_accuracy_kp7500_seed456,456,60000,593,42,accuracy,100456,0.44925,1,2.9062156736016274,42.62699192017317,10,2.9062156736016274,valid,0.44892851843496034,0.5112652500926798,0.44925000000000004,100456
GEN,0.46295,212,212,offspring,540,588,TINYIMAGENET,594,main_b1000_tinyimagenet_alexnet_GEN_kp75_seed456,0.75,0.4483,65,False,0.75,alexnet,False,0,0,2,0.4563,580,4,0.4542,586,10,1128,9,0.75,TINYIMAGENET_alexnet_GEN_accuracy_kp7500_seed456,456,60000,594,42,accuracy,100456,0.4483,1,2.895356886148453,42.71611072868109,10,2.895356886148453,valid,0.4478138481210791,0.5123946580696102,0.4483,100456
GEN,0.46295,212,212,offspring,14,10,TINYIMAGENET,595,main_b1000_tinyimagenet_alexnet_GEN_kp75_seed456,0.75,0.45415,65,False,0.75,alexnet,False,0,0,1,0.4542,586,10,0.46295,212,1,24,10,0.75,TINYIMAGENET_alexnet_GEN_accuracy_kp7500_seed456,456,60000,595,42,accuracy,100456,0.45415,1,2.8428301827430724,42.81539783626795,10,2.8428301827430724,valid,0.45263130768128407,0.5041386652723124,0.45415000000000005,100456
GEN,0.46295,212,212,offspring,124,124,TINYIMAGENET,596,main_b1000_tinyimagenet_alexnet_GEN_kp75_seed456,0.75,0.44525,66,False,0.75,alexnet,False,0,0,1,0.46295,212,1,0.4544,590,5,248,2,0.75,TINYIMAGENET_alexnet_GEN_accuracy_kp7500_seed456,456,60000,596,42,accuracy,100456,0.44525,1,2.8926829938173295,42.13780561089516,10,2.8926829938173295,valid,0.44439925372183936,0.5070593138303812,0.44525,100456
GEN,0.46295,212,212,offspring,124,124,TINYIMAGENET,597,main_b1000_tinyimagenet_alexnet_GEN_kp75_seed456,0.75,0.4454,66,False,0.75,alexnet,False,0,0,2,0.46295,212,1,0.4544,590,5,248,3,0.75,TINYIMAGENET_alexnet_GEN_accuracy_kp7500_seed456,456,60000,597,42,accuracy,100456,0.4454,1,2.922681984806061,53.93264044076204,10,2.922681984806061,valid,0.4450234938434704,0.5092862208282644,0.4454,100456
GEN,0.46295,212,212,offspring,122,140,TINYIMAGENET,598,main_b1000_tinyimagenet_alexnet_GEN_kp75_seed456,0.75,0.4435,66,False,0.75,alexnet,False,0,0,1,0.46295,212,1,0.45105,589,4,262,4,0.75,TINYIMAGENET_alexnet_GEN_accuracy_kp7500_seed456,456,60000,598,42,accuracy,100456,0.4435,1,2.910819755268097,42.83356288075447,10,2.910819755268097,valid,0.443790547027872,0.5055362393248464,0.4435,100456
GEN,0.46295,212,212,offspring,140,122,TINYIMAGENET,599,main_b1000_tinyimagenet_alexnet_GEN_kp75_seed456,0.75,0.45195,66,False,0.75,alexnet,False,0,0,2,0.46295,212,1,0.45105,589,4,262,5,0.75,TINYIMAGENET_alexnet_GEN_accuracy_kp7500_seed456,456,60000,599,42,accuracy,100456,0.45195,1,2.8609167830944062,42.30741951614618,10,2.8609167830944062,valid,0.4497770475563652,0.5055693125310681,0.45195,100456
GEN,0.46295,212,212,offspring,266,244,TINYIMAGENET,600,main_b1000_tinyimagenet_alexnet_GEN_kp75_seed456,0.75,0.4483,66,False,0.75,alexnet,True,6000,3000,1,0.45105,589,4,0.4544,590,5,510,6,0.75,TINYIMAGENET_alexnet_GEN_accuracy_kp7500_seed456,456,60000,600,42,accuracy,100456,0.4483,1,2.8955054695606233,42.47101793438196,10,2.8955054695606233,valid,0.44661310213881533,0.5098656408498285,0.4483,100456
GEN,0.46295,212,212,offspring,244,266,TINYIMAGENET,601,main_b1000_tinyimagenet_alexnet_GEN_kp75_seed456,0.75,0.45135,66,False,0.75,alexnet,False,0,0,2,0.45105,589,4,0.4544,590,5,510,7,0.75,TINYIMAGENET_alexnet_GEN_accuracy_kp7500_seed456,456,60000,601,42,accuracy,100456,0.45135,1,2.8848039489269257,42.71078846603632,10,2.8848039489269257,valid,0.4510966870525749,0.5131286169518864,0.45135000000000003,100456
GEN,0.46295,212,212,offspring,306,292,TINYIMAGENET,602,main_b1000_tinyimagenet_alexnet_GEN_kp75_seed456,0.75,0.4575,66,False,0.75,alexnet,False,0,0,1,0.4544,590,5,0.44925,593,8,598,8,0.75,TINYIMAGENET_alexnet_GEN_accuracy_kp7500_seed456,456,60000,602,42,accuracy,100456,0.4575,1,2.8285048288345336,42.779141418635845,10,2.8285048288345336,valid,0.4579064148291099,0.515470989874699,0.4575,100456
GEN,0.46295,212,212,offspring,292,306,TINYIMAGENET,603,main_b1000_tinyimagenet_alexnet_GEN_kp75_seed456,0.75,0.4527,66,False,0.75,alexnet,False,0,0,2,0.4544,590,5,0.44925,593,8,598,9,0.75,TINYIMAGENET_alexnet_GEN_accuracy_kp7500_seed456,456,60000,603,42,accuracy,100456,0.4527,1,2.8485729983091352,42.15092300623655,10,2.8485729983091352,valid,0.4488463859162877,0.4990016720682727,0.45270000000000005,100456
GEN,0.46295,212,212,offspring,142,120,TINYIMAGENET,604,main_b1000_tinyimagenet_alexnet_GEN_kp75_seed456,0.75,0.44735,66,False,0.75,alexnet,True,6000,3000,1,0.45105,589,4,0.46295,212,1,262,10,0.75,TINYIMAGENET_alexnet_GEN_accuracy_kp7500_seed456,456,60000,604,42,accuracy,100456,0.44735,1,2.937613272047043,42.64739213138819,10,2.937613272047043,valid,0.4453727623174203,0.5104711880441041,0.44734999999999997,100456
GEN,0.46295,212,212,offspring,186,222,TINYIMAGENET,605,main_b1000_tinyimagenet_alexnet_GEN_kp75_seed456,0.75,0.45335,67,False,0.75,alexnet,False,0,0,1,0.4527,603,9,0.46295,212,1,408,2,0.75,TINYIMAGENET_alexnet_GEN_accuracy_kp7500_seed456,456,60000,605,42,accuracy,100456,0.45335,1,2.876502675151825,42.71217557787895,10,2.876502675151825,valid,0.4525896418182373,0.5160503061641699,0.4533499999999999,100456
GEN,0.46295,212,212,offspring,222,186,TINYIMAGENET,606,main_b1000_tinyimagenet_alexnet_GEN_kp75_seed456,0.75,0.44765,67,False,0.75,alexnet,False,0,0,2,0.4527,603,9,0.46295,212,1,408,3,0.75,TINYIMAGENET_alexnet_GEN_accuracy_kp7500_seed456,456,60000,606,42,accuracy,100456,0.44765,1,2.885227362155914,42.45324893295765,10,2.885227362155914,valid,0.44670200479018723,0.503838483578798,0.44765,100456
GEN,0.46295,212,212,offspring,194,198,TINYIMAGENET,607,main_b1000_tinyimagenet_alexnet_GEN_kp75_seed456,0.75,0.4509,67,False,0.75,alexnet,False,0,0,1,0.4575,602,8,0.46295,212,1,392,4,0.75,TINYIMAGENET_alexnet_GEN_accuracy_kp7500_seed456,456,60000,607,42,accuracy,100456,0.4509,1,2.860545822620392,42.727138072252274,10,2.860545822620392,valid,0.45050682725797175,0.5125368933144797,0.4509,100456
GEN,0.46295,212,212,offspring,198,194,TINYIMAGENET,608,main_b1000_tinyimagenet_alexnet_GEN_kp75_seed456,0.75,0.4494,67,False,0.75,alexnet,True,6000,3000,2,0.4575,602,8,0.46295,212,1,392,5,0.75,TINYIMAGENET_alexnet_GEN_accuracy_kp7500_seed456,456,60000,608,42,accuracy,100456,0.4494,1,2.8865078019618986,42.75473163276911,10,2.8865078019618986,valid,0.4501977258554547,0.5103191101080905,0.44939999999999997,100456
GEN,0.46295,212,212,offspring,212,196,TINYIMAGENET,609,main_b1000_tinyimagenet_alexnet_GEN_kp75_seed456,0.75,0.4518,67,False,0.75,alexnet,False,0,0,1,0.46295,212,1,0.4527,603,9,408,6,0.75,TINYIMAGENET_alexnet_GEN_accuracy_kp7500_seed456,456,60000,609,42,accuracy,100456,0.4518,1,2.892376481771469,42.76675359159708,10,2.892376481771469,valid,0.44878645717008814,0.514126809752552,0.4518,100456
GEN,0.46295,212,212,offspring,196,212,TINYIMAGENET,610,main_b1000_tinyimagenet_alexnet_GEN_kp75_seed456,0.75,0.4498,67,False,0.75,alexnet,False,0,0,2,0.46295,212,1,0.4527,603,9,408,7,0.75,TINYIMAGENET_alexnet_GEN_accuracy_kp7500_seed456,456,60000,610,42,accuracy,100456,0.4498,1,2.8655597194194793,42.229182690382004,10,2.8655597194194793,valid,0.4482127530336007,0.5048112106112632,0.44980000000000003,100456
GEN,0.46295,212,212,offspring,130,116,TINYIMAGENET,611,main_b1000_tinyimagenet_alexnet_GEN_kp75_seed456,0.75,0.4567,67,False,0.75,alexnet,True,6000,3000,1,0.45135,601,7,0.46295,212,1,246,8,0.75,TINYIMAGENET_alexnet_GEN_accuracy_kp7500_seed456,456,60000,611,42,accuracy,100456,0.4567,1,2.819915799856186,42.60412398725748,10,2.819915799856186,valid,0.4573550281033568,0.5100994095203734,0.4567,100456
GEN,0.46295,212,212,offspring,116,130,TINYIMAGENET,612,main_b1000_tinyimagenet_alexnet_GEN_kp75_seed456,0.75,0.4476,67,False,0.75,alexnet,False,0,0,2,0.45135,601,7,0.46295,212,1,246,9,0.75,TINYIMAGENET_alexnet_GEN_accuracy_kp7500_seed456,456,60000,612,42,accuracy,100456,0.4476,1,2.8471531022548677,42.76642007380724,10,2.8471531022548677,valid,0.44633557036303345,0.5007986526582368,0.44760000000000005,100456
GEN,0.46295,212,212,offspring,202,190,TINYIMAGENET,613,main_b1000_tinyimagenet_alexnet_GEN_kp75_seed456,0.75,0.44655,67,False,0.75,alexnet,False,0,0,1,0.46295,212,1,0.4575,602,8,392,10,0.75,TINYIMAGENET_alexnet_GEN_accuracy_kp7500_seed456,456,60000,613,42,accuracy,100456,0.44655,1,2.9346403103351593,42.71581303328276,10,2.9346403103351593,valid,0.445363307439968,0.5095154718809544,0.44655,100456
GEN,0.46295,212,212,offspring,96,90,TINYIMAGENET,614,main_b1000_tinyimagenet_alexnet_GEN_kp75_seed456,0.75,0.45035,68,False,0.75,alexnet,False,0,0,1,0.4518,609,6,0.45335,605,2,186,2,0.75,TINYIMAGENET_alexnet_GEN_accuracy_kp7500_seed456,456,60000,614,42,accuracy,100456,0.45035,1,2.8545941257953644,42.30529388040304,10,2.8545941257953644,valid,0.4512159667784345,0.5105232084584749,0.45035,100456
GEN,0.46295,212,212,offspring,90,96,TINYIMAGENET,615,main_b1000_tinyimagenet_alexnet_GEN_kp75_seed456,0.75,0.4469,68,False,0.75,alexnet,False,0,0,2,0.4518,609,6,0.45335,605,2,186,3,0.75,TINYIMAGENET_alexnet_GEN_accuracy_kp7500_seed456,456,60000,615,42,accuracy,100456,0.4469,1,2.880321365308762,42.67973966151476,10,2.880321365308762,valid,0.447380293930497,0.5112935946200902,0.44689999999999996,100456
GEN,0.46295,212,212,offspring,184,186,TINYIMAGENET,616,main_b1000_tinyimagenet_alexnet_GEN_kp75_seed456,0.75,0.451,68,False,0.75,alexnet,False,0,0,1,0.45335,605,2,0.4509,607,4,370,4,0.75,TINYIMAGENET_alexnet_GEN_accuracy_kp7500_seed456,456,60000,616,42,accuracy,100456,0.451,1,2.869498193836212,42.74763175845146,10,2.869498193836212,valid,0.45167866041559845,0.5105655367573139,0.451,100456
GEN,0.46295,212,212,offspring,186,184,TINYIMAGENET,617,main_b1000_tinyimagenet_alexnet_GEN_kp75_seed456,0.75,0.4404,68,False,0.75,alexnet,False,0,0,2,0.45335,605,2,0.4509,607,4,370,5,0.75,TINYIMAGENET_alexnet_GEN_accuracy_kp7500_seed456,456,60000,617,42,accuracy,100456,0.4404,1,2.936558695554733,42.23833764344454,10,2.936558695554733,valid,0.4404632338655186,0.511223697293312,0.4404,100456
GEN,0.46295,212,212,offspring,2978,3110,TINYIMAGENET,618,main_b1000_tinyimagenet_alexnet_GEN_kp75_seed456,0.75,0.4528,68,False,0.75,alexnet,False,0,0,1,0.4567,611,8,0.46295,212,1,6088,6,0.75,TINYIMAGENET_alexnet_GEN_accuracy_kp7500_seed456,456,60000,618,42,accuracy,100456,0.4528,1,2.876828656101227,42.659464322030544,10,2.876828656101227,valid,0.44768782008236585,0.503077334899711,0.45280000000000004,100456
GEN,0.46295,212,212,offspring,3110,2978,TINYIMAGENET,619,main_b1000_tinyimagenet_alexnet_GEN_kp75_seed456,0.75,0.44875,68,False,0.75,alexnet,False,0,0,2,0.4567,611,8,0.46295,212,1,6088,7,0.75,TINYIMAGENET_alexnet_GEN_accuracy_kp7500_seed456,456,60000,619,42,accuracy,100456,0.44875,1,2.9140062868595122,42.61143550276756,10,2.9140062868595122,valid,0.4514226039880841,0.5187004587850077,0.44875,100456
GEN,0.46295,212,212,offspring,100,122,TINYIMAGENET,620,main_b1000_tinyimagenet_alexnet_GEN_kp75_seed456,0.75,0.4455,68,False,0.75,alexnet,False,0,0,1,0.46295,212,1,0.45335,605,2,222,8,0.75,TINYIMAGENET_alexnet_GEN_accuracy_kp7500_seed456,456,60000,620,42,accuracy,100456,0.4455,1,2.893929034614563,42.804960660636425,10,2.893929034614563,valid,0.4425681947663422,0.5043520299505702,0.44549999999999995,100456
GEN,0.46295,212,212,offspring,122,100,TINYIMAGENET,621,main_b1000_tinyimagenet_alexnet_GEN_kp75_seed456,0.75,0.4489,68,False,0.75,alexnet,False,0,0,2,0.46295,212,1,0.45335,605,2,222,9,0.75,TINYIMAGENET_alexnet_GEN_accuracy_kp7500_seed456,456,60000,621,42,accuracy,100456,0.4489,1,2.8828692680478096,42.09762304276228,10,2.8828692680478096,valid,0.44654879143280723,0.5062370945058652,0.4489,100456
GEN,0.46295,212,212,offspring,180,190,TINYIMAGENET,622,main_b1000_tinyimagenet_alexnet_GEN_kp75_seed456,0.75,0.44705,68,False,0.75,alexnet,False,0,0,1,0.4509,607,4,0.45335,605,2,370,10,0.75,TINYIMAGENET_alexnet_GEN_accuracy_kp7500_seed456,456,60000,622,42,accuracy,100456,0.44705,1,2.9013971856594085,42.66863598674536,10,2.9013971856594085,valid,0.4478686117019881,0.5108528082034293,0.44705,100456
GEN,0.46295,212,212,offspring,1554,1556,TINYIMAGENET,623,main_b1000_tinyimagenet_alexnet_GEN_kp75_seed456,0.75,0.4515,69,False,0.75,alexnet,False,0,0,1,0.4528,618,6,0.46295,212,1,3110,2,0.75,TINYIMAGENET_alexnet_GEN_accuracy_kp7500_seed456,456,60000,623,42,accuracy,100456,0.4515,1,2.8390744318962096,42.728791646659374,10,2.8390744318962096,valid,0.4508999458767912,0.5066125202362858,0.45150000000000007,100456
GEN,0.46295,212,212,offspring,1556,1554,TINYIMAGENET,624,main_b1000_tinyimagenet_alexnet_GEN_kp75_seed456,0.75,0.45445,69,False,0.75,alexnet,False,0,0,2,0.4528,618,6,0.46295,212,1,3110,3,0.75,TINYIMAGENET_alexnet_GEN_accuracy_kp7500_seed456,456,60000,624,42,accuracy,100456,0.45445,1,2.834269928979874,42.24113317579031,10,2.834269928979874,valid,0.45607385862147637,0.5135332095621257,0.4544500000000001,100456
GEN,0.46295,212,212,offspring,1600,1608,TINYIMAGENET,625,main_b1000_tinyimagenet_alexnet_GEN_kp75_seed456,0.75,0.4552,69,False,0.75,alexnet,False,0,0,1,0.4489,621,9,0.4528,618,6,3208,4,0.75,TINYIMAGENET_alexnet_GEN_accuracy_kp7500_seed456,456,60000,625,42,accuracy,100456,0.4552,1,2.8539538569927214,42.50625332444906,10,2.8539538569927214,valid,0.4541616787882267,0.5122469821081357,0.45519999999999994,100456
GEN,0.46295,212,212,offspring,1608,1600,TINYIMAGENET,626,main_b1000_tinyimagenet_alexnet_GEN_kp75_seed456,0.75,0.44505,69,False,0.75,alexnet,True,6000,3000,2,0.4489,621,9,0.4528,618,6,3208,5,0.75,TINYIMAGENET_alexnet_GEN_accuracy_kp7500_seed456,456,60000,626,42,accuracy,100456,0.44505,1,2.9024251778781416,42.73813708126545,10,2.9024251778781416,valid,0.4414150089439455,0.5054957339464761,0.44504999999999995,100456
GEN,0.46295,212,212,offspring,1628,1580,TINYIMAGENET,627,main_b1000_tinyimagenet_alexnet_GEN_kp75_seed456,0.75,0.4414,69,False,0.75,alexnet,True,6000,3000,1,0.4489,621,9,0.4528,618,6,3208,6,0.75,TINYIMAGENET_alexnet_GEN_accuracy_kp7500_seed456,456,60000,627,42,accuracy,100456,0.4414,1,2.9181838685512544,42.855220191180706,10,2.9181838685512544,valid,0.4428406893021875,0.5081548686034245,0.4414,100456
GEN,0.46295,212,212,offspring,1580,1628,TINYIMAGENET,628,main_b1000_tinyimagenet_alexnet_GEN_kp75_seed456,0.75,0.44145,69,False,0.75,alexnet,False,0,0,2,0.4489,621,9,0.4528,618,6,3208,7,0.75,TINYIMAGENET_alexnet_GEN_accuracy_kp7500_seed456,456,60000,628,42,accuracy,100456,0.44145,1,2.922428241443634,42.0991824939847,10,2.922428241443634,valid,0.44461878851322795,0.5098122648866386,0.44145,100456
GEN,0.46295,212,212,offspring,2976,3112,TINYIMAGENET,629,main_b1000_tinyimagenet_alexnet_GEN_kp75_seed456,0.75,0.4483,69,False,0.75,alexnet,False,0,0,1,0.4528,618,6,0.44875,619,7,6088,8,0.75,TINYIMAGENET_alexnet_GEN_accuracy_kp7500_seed456,456,60000,629,42,accuracy,100456,0.4483,1,2.86369714012146,42.69253708422184,10,2.86369714012146,valid,0.4487452089338634,0.5133227638735056,0.4483,100456
GEN,0.46295,212,212,offspring,3112,2976,TINYIMAGENET,630,main_b1000_tinyimagenet_alexnet_GEN_kp75_seed456,0.75,0.45595,69,False,0.75,alexnet,False,0,0,2,0.4528,618,6,0.44875,619,7,6088,9,0.75,TINYIMAGENET_alexnet_GEN_accuracy_kp7500_seed456,456,60000,630,42,accuracy,100456,0.45595,1,2.839152496290207,42.751725509762764,10,2.839152496290207,valid,0.45792121041456263,0.513806661761225,0.45594999999999997,100456
GEN,0.46295,212,212,offspring,102,118,TINYIMAGENET,631,main_b1000_tinyimagenet_alexnet_GEN_kp75_seed456,0.75,0.454,69,False,0.75,alexnet,False,0,0,1,0.44705,622,10,0.46295,212,1,220,10,0.75,TINYIMAGENET_alexnet_GEN_accuracy_kp7500_seed456,456,60000,631,42,accuracy,100456,0.454,1,2.8351917656898498,42.29558102786541,10,2.8351917656898498,valid,0.45550358451665734,0.5070224624380755,0.45400000000000007,100456
GEN,0.46295,212,212,offspring,1504,1602,TINYIMAGENET,632,main_b1000_tinyimagenet_alexnet_GEN_kp75_seed456,0.75,0.44895,70,False,0.75,alexnet,False,0,0,1,0.45595,630,9,0.4515,623,2,3106,2,0.75,TINYIMAGENET_alexnet_GEN_accuracy_kp7500_seed456,456,60000,632,42,accuracy,100456,0.44895,1,2.842594274234772,42.78243547677994,10,2.842594274234772,valid,0.4473264235173267,0.49886391792847573,0.44895,100456
GEN,0.46295,212,212,offspring,1602,1504,TINYIMAGENET,633,main_b1000_tinyimagenet_alexnet_GEN_kp75_seed456,0.75,0.45095,70,False,0.75,alexnet,False,0,0,2,0.45595,630,9,0.4515,623,2,3106,3,0.75,TINYIMAGENET_alexnet_GEN_accuracy_kp7500_seed456,456,60000,633,42,accuracy,100456,0.45095,1,2.8733725334405897,42.74765815585852,10,2.8733725334405897,valid,0.4484431748441666,0.5054089982914487,0.45094999999999996,100456
GEN,0.46295,212,212,offspring,1548,1558,TINYIMAGENET,634,main_b1000_tinyimagenet_alexnet_GEN_kp75_seed456,0.75,0.4507,70,False,0.75,alexnet,False,0,0,1,0.45595,630,9,0.4515,623,2,3106,4,0.75,TINYIMAGENET_alexnet_GEN_accuracy_kp7500_seed456,456,60000,634,42,accuracy,100456,0.4507,1,2.878680998325348,42.81950152665377,10,2.878680998325348,valid,0.4476423725859657,0.5018523810556279,0.45069999999999993,100456
GEN,0.46295,212,212,offspring,1558,1548,TINYIMAGENET,635,main_b1000_tinyimagenet_alexnet_GEN_kp75_seed456,0.75,0.4455,70,False,0.75,alexnet,False,0,0,2,0.45595,630,9,0.4515,623,2,3106,5,0.75,TINYIMAGENET_alexnet_GEN_accuracy_kp7500_seed456,456,60000,635,42,accuracy,100456,0.4455,1,2.8943233360767366,42.32931160926819,10,2.8943233360767366,valid,0.4430987102187541,0.5026994913608558,0.44549999999999995,100456
GEN,0.46295,212,212,offspring,44,74,TINYIMAGENET,636,main_b1000_tinyimagenet_alexnet_GEN_kp75_seed456,0.75,0.4428,70,False,0.75,alexnet,False,0,0,1,0.46295,212,1,0.454,631,10,118,6,0.75,TINYIMAGENET_alexnet_GEN_accuracy_kp7500_seed456,456,60000,636,42,accuracy,100456,0.4428,1,2.9406617433071136,42.68943803757429,10,2.9406617433071136,valid,0.4440113223115897,0.5116856664500881,0.4428,100456
GEN,0.46295,212,212,offspring,74,44,TINYIMAGENET,637,main_b1000_tinyimagenet_alexnet_GEN_kp75_seed456,0.75,0.45735,70,False,0.75,alexnet,False,0,0,2,0.46295,212,1,0.454,631,10,118,7,0.75,TINYIMAGENET_alexnet_GEN_accuracy_kp7500_seed456,456,60000,637,42,accuracy,100456,0.45735,1,2.8228845076084137,42.761657260358334,10,2.8228845076084137,valid,0.4584299289039987,0.5116945178996082,0.45735,100456
GEN,0.46295,212,212,offspring,764,790,TINYIMAGENET,638,main_b1000_tinyimagenet_alexnet_GEN_kp75_seed456,0.75,0.4558,70,False,0.75,alexnet,False,0,0,1,0.45445,624,3,0.46295,212,1,1554,8,0.75,TINYIMAGENET_alexnet_GEN_accuracy_kp7500_seed456,456,60000,638,42,accuracy,100456,0.4558,1,2.8652275370597837,42.56953927874565,10,2.8652275370597837,valid,0.4542655057578213,0.5153383826813919,0.4558,100456
GEN,0.46295,212,212,offspring,790,764,TINYIMAGENET,639,main_b1000_tinyimagenet_alexnet_GEN_kp75_seed456,0.75,0.44595,70,False,0.75,alexnet,True,6000,3000,2,0.45445,624,3,0.46295,212,1,1554,9,0.75,TINYIMAGENET_alexnet_GEN_accuracy_kp7500_seed456,456,60000,639,42,accuracy,100456,0.44595,1,2.927474566745758,42.448438100516796,10,2.927474566745758,valid,0.4440613961948183,0.5095974457045793,0.44595,100456
GEN,0.46295,212,212,offspring,820,808,TINYIMAGENET,640,main_b1000_tinyimagenet_alexnet_GEN_kp75_seed456,0.75,0.45155,70,False,0.75,alexnet,False,0,0,1,0.46295,212,1,0.4552,625,4,1628,10,0.75,TINYIMAGENET_alexnet_GEN_accuracy_kp7500_seed456,456,60000,640,42,accuracy,100456,0.45155,1,2.8295276096582413,42.6492700651288,10,2.8295276096582413,valid,0.45042725602056244,0.5035285152449241,0.45155,100456
GEN,0.46295,212,212,offspring,1182,1146,TINYIMAGENET,641,main_b1000_tinyimagenet_alexnet_GEN_kp75_seed456,0.75,0.44445,71,False,0.75,alexnet,False,0,0,1,0.4507,634,4,0.46295,212,1,2328,2,0.75,TINYIMAGENET_alexnet_GEN_accuracy_kp7500_seed456,456,60000,641,42,accuracy,100456,0.44445,1,2.9221065301418303,42.8618004322052,10,2.9221065301418303,valid,0.44234410738836205,0.5111671467117042,0.44445,100456
GEN,0.46295,212,212,offspring,1146,1182,TINYIMAGENET,642,main_b1000_tinyimagenet_alexnet_GEN_kp75_seed456,0.75,0.4405,71,False,0.75,alexnet,False,0,0,2,0.4507,634,4,0.46295,212,1,2328,3,0.75,TINYIMAGENET_alexnet_GEN_accuracy_kp7500_seed456,456,60000,642,42,accuracy,100456,0.4405,1,2.927807898902893,42.14971178025007,10,2.927807898902893,valid,0.4447898869215278,0.5133518825758222,0.44049999999999995,100456
GEN,0.46295,212,212,offspring,36,38,TINYIMAGENET,643,main_b1000_tinyimagenet_alexnet_GEN_kp75_seed456,0.75,0.4495,71,False,0.75,alexnet,False,0,0,1,0.45735,637,7,0.46295,212,1,74,4,0.75,TINYIMAGENET_alexnet_GEN_accuracy_kp7500_seed456,456,60000,643,42,accuracy,100456,0.4495,1,2.8357069093704226,42.62975241243839,10,2.8357069093704226,valid,0.45117187404460607,0.5055087623263455,0.4495,100456
GEN,0.46295,212,212,offspring,38,36,TINYIMAGENET,644,main_b1000_tinyimagenet_alexnet_GEN_kp75_seed456,0.75,0.4525,71,False,0.75,alexnet,False,0,0,2,0.45735,637,7,0.46295,212,1,74,5,0.75,TINYIMAGENET_alexnet_GEN_accuracy_kp7500_seed456,456,60000,644,42,accuracy,100456,0.4525,1,2.8231033243894577,42.70261547714472,10,2.8231033243894577,valid,0.45048598118677674,0.4969967168254455,0.4525,100456
GEN,0.46295,212,212,offspring,36,38,TINYIMAGENET,645,main_b1000_tinyimagenet_alexnet_GEN_kp75_seed456,0.75,0.45035,71,False,0.75,alexnet,True,6000,3000,1,0.46295,212,1,0.45735,637,7,74,6,0.75,TINYIMAGENET_alexnet_GEN_accuracy_kp7500_seed456,456,60000,645,42,accuracy,100456,0.45035,1,2.8868413252830507,42.757203072309494,10,2.8868413252830507,valid,0.44487847783778506,0.5110893785756329,0.45035,100456
GEN,0.46295,212,212,offspring,38,36,TINYIMAGENET,646,main_b1000_tinyimagenet_alexnet_GEN_kp75_seed456,0.75,0.4538,71,False,0.75,alexnet,False,0,0,2,0.46295,212,1,0.45735,637,7,74,7,0.75,TINYIMAGENET_alexnet_GEN_accuracy_kp7500_seed456,456,60000,646,42,accuracy,100456,0.4538,1,2.8636106434345243,42.15464451164007,10,2.8636106434345243,valid,0.45456524766521506,0.5141365943556954,0.4538,100456
GEN,0.46295,212,212,offspring,424,396,TINYIMAGENET,647,main_b1000_tinyimagenet_alexnet_GEN_kp75_seed456,0.75,0.4464,71,False,0.75,alexnet,False,0,0,1,0.45155,640,10,0.46295,212,1,820,8,0.75,TINYIMAGENET_alexnet_GEN_accuracy_kp7500_seed456,456,60000,647,42,accuracy,100456,0.4464,1,2.8649004900455477,43.08344163745642,10,2.8649004900455477,valid,0.4475918039521716,0.5082676284721481,0.4464,100456
GEN,0.46295,212,212,offspring,396,424,TINYIMAGENET,648,main_b1000_tinyimagenet_alexnet_GEN_kp75_seed456,0.75,0.44775,71,False,0.75,alexnet,False,0,0,2,0.45155,640,10,0.46295,212,1,820,9,0.75,TINYIMAGENET_alexnet_GEN_accuracy_kp7500_seed456,456,60000,648,42,accuracy,100456,0.44775,1,2.8708266745567323,42.69327799975872,10,2.8708266745567323,valid,0.4467861083920502,0.5079703371194593,0.44775000000000004,100456
GEN,0.46295,212,212,offspring,1364,1356,TINYIMAGENET,649,main_b1000_tinyimagenet_alexnet_GEN_kp75_seed456,0.75,0.4502,71,False,0.75,alexnet,False,0,0,1,0.4558,638,8,0.44895,632,2,2720,10,0.75,TINYIMAGENET_alexnet_GEN_accuracy_kp7500_seed456,456,60000,649,42,accuracy,100456,0.4502,1,2.8760682871341707,42.30098756402731,10,2.8760682871341707,valid,0.44832984833068695,0.5002536401809189,0.45020000000000004,100456
GEN,0.46295,212,212,offspring,2984,3048,TINYIMAGENET,650,main_b1000_tinyimagenet_alexnet_GEN_kp75_seed456,0.75,0.4452,72,False,0.75,alexnet,False,0,0,1,0.46295,212,1,0.45035,645,6,6032,2,0.75,TINYIMAGENET_alexnet_GEN_accuracy_kp7500_seed456,456,60000,650,42,accuracy,100456,0.4452,1,2.880906790792942,42.718628741800785,10,2.880906790792942,valid,0.44493703833806836,0.5030233708351723,0.44520000000000004,100456
GEN,0.46295,212,212,offspring,3048,2984,TINYIMAGENET,651,main_b1000_tinyimagenet_alexnet_GEN_kp75_seed456,0.75,0.45335,72,False,0.75,alexnet,False,0,0,2,0.46295,212,1,0.45035,645,6,6032,3,0.75,TINYIMAGENET_alexnet_GEN_accuracy_kp7500_seed456,456,60000,651,42,accuracy,100456,0.45335,1,2.8542033149719237,42.667835272848606,10,2.8542033149719237,valid,0.4506088575738981,0.5051841479918757,0.45335000000000003,100456
GEN,0.46295,212,212,offspring,2982,3086,TINYIMAGENET,652,main_b1000_tinyimagenet_alexnet_GEN_kp75_seed456,0.75,0.44715,72,False,0.75,alexnet,False,0,0,1,0.45035,645,6,0.4538,646,7,6068,4,0.75,TINYIMAGENET_alexnet_GEN_accuracy_kp7500_seed456,456,60000,652,42,accuracy,100456,0.44715,1,2.908320101737976,42.81793633848429,10,2.908320101737976,valid,0.4484888800187585,0.5096135135844198,0.44714999999999994,100456
GEN,0.46295,212,212,offspring,3086,2982,TINYIMAGENET,653,main_b1000_tinyimagenet_alexnet_GEN_kp75_seed456,0.75,0.4509,72,False,0.75,alexnet,False,0,0,2,0.45035,645,6,0.4538,646,7,6068,5,0.75,TINYIMAGENET_alexnet_GEN_accuracy_kp7500_seed456,456,60000,653,42,accuracy,100456,0.4509,1,2.8493796532154083,42.14914355427027,10,2.8493796532154083,valid,0.4505261702467033,0.5096634209744615,0.4509,100456
GEN,0.46295,212,212,offspring,16,22,TINYIMAGENET,654,main_b1000_tinyimagenet_alexnet_GEN_kp75_seed456,0.75,0.4518,72,False,0.75,alexnet,False,0,0,1,0.4538,646,7,0.46295,212,1,38,6,0.75,TINYIMAGENET_alexnet_GEN_accuracy_kp7500_seed456,456,60000,654,42,accuracy,100456,0.4518,1,2.8279778671026228,42.549393862485886,10,2.8279778671026228,valid,0.45034225158950875,0.500507574859734,0.4518,100456
GEN,0.46295,212,212,offspring,22,16,TINYIMAGENET,655,main_b1000_tinyimagenet_alexnet_GEN_kp75_seed456,0.75,0.45085,72,False,0.75,alexnet,False,0,0,2,0.4538,646,7,0.46295,212,1,38,7,0.75,TINYIMAGENET_alexnet_GEN_accuracy_kp7500_seed456,456,60000,655,42,accuracy,100456,0.45085,1,2.869892943263054,42.62463902682066,10,2.869892943263054,valid,0.45023728018312215,0.5119609318304829,0.45085000000000003,100456
GEN,0.46295,212,212,offspring,16,20,TINYIMAGENET,656,main_b1000_tinyimagenet_alexnet_GEN_kp75_seed456,0.75,0.4571,72,False,0.75,alexnet,False,0,0,1,0.46295,212,1,0.4525,644,5,36,8,0.75,TINYIMAGENET_alexnet_GEN_accuracy_kp7500_seed456,456,60000,656,42,accuracy,100456,0.4571,1,2.814815823864937,42.54396054148674,10,2.814815823864937,valid,0.4556116265556227,0.5042833729875528,0.45709999999999995,100456
GEN,0.46295,212,212,offspring,20,16,TINYIMAGENET,657,main_b1000_tinyimagenet_alexnet_GEN_kp75_seed456,0.75,0.4555,72,False,0.75,alexnet,False,0,0,2,0.46295,212,1,0.4525,644,5,36,9,0.75,TINYIMAGENET_alexnet_GEN_accuracy_kp7500_seed456,456,60000,657,42,accuracy,100456,0.4555,1,2.851817200624943,42.90558973699808,10,2.851817200624943,valid,0.45254582180922925,0.5072916190846272,0.4555,100456
GEN,0.46295,212,212,offspring,16,20,TINYIMAGENET,658,main_b1000_tinyimagenet_alexnet_GEN_kp75_seed456,0.75,0.45235,72,False,0.75,alexnet,False,0,0,1,0.4525,644,5,0.46295,212,1,36,10,0.75,TINYIMAGENET_alexnet_GEN_accuracy_kp7500_seed456,456,60000,658,42,accuracy,100456,0.45235,1,2.8357052922964097,42.91452553123236,10,2.8357052922964097,valid,0.4508081013927465,0.5034739739304197,0.45235,100456
GEN,0.46295,212,212,offspring,1512,1546,TINYIMAGENET,659,main_b1000_tinyimagenet_alexnet_GEN_kp75_seed456,0.75,0.4523,73,False,0.75,alexnet,False,0,0,1,0.4571,656,8,0.45335,651,3,3058,2,0.75,TINYIMAGENET_alexnet_GEN_accuracy_kp7500_seed456,456,60000,659,42,accuracy,100456,0.4523,1,2.8801644696235655,42.95724779367447,10,2.8801644696235655,valid,0.4526634842791654,0.5129586628824363,0.45230000000000004,100456
GEN,0.46295,212,212,offspring,1546,1512,TINYIMAGENET,660,main_b1000_tinyimagenet_alexnet_GEN_kp75_seed456,0.75,0.4491,73,False,0.75,alexnet,True,6000,3000,2,0.4571,656,8,0.45335,651,3,3058,3,0.75,TINYIMAGENET_alexnet_GEN_accuracy_kp7500_seed456,456,60000,660,42,accuracy,100456,0.4491,1,2.866159063386917,42.578197941184044,10,2.866159063386917,valid,0.4475193519431207,0.5109707677386349,0.44909999999999994,100456
GEN,0.46295,212,212,offspring,12,4,TINYIMAGENET,661,main_b1000_tinyimagenet_alexnet_GEN_kp75_seed456,0.75,0.45715,73,False,0.75,alexnet,False,0,0,1,0.46295,212,1,0.4571,656,8,16,4,0.75,TINYIMAGENET_alexnet_GEN_accuracy_kp7500_seed456,456,60000,661,42,accuracy,100456,0.45715,1,2.823198564851284,42.70315236598253,10,2.823198564851284,valid,0.45426701856039053,0.503021211849703,0.45715000000000006,100456
GEN,0.46295,212,212,offspring,4,12,TINYIMAGENET,662,main_b1000_tinyimagenet_alexnet_GEN_kp75_seed456,0.75,0.4597,73,False,0.75,alexnet,False,0,0,2,0.46295,212,1,0.4571,656,8,16,5,0.75,TINYIMAGENET_alexnet_GEN_accuracy_kp7500_seed456,456,60000,662,42,accuracy,100456,0.4597,1,2.8210826886177065,42.871354795992374,10,2.8210826886177065,valid,0.4583435057755765,0.5128537932022824,0.4597,100456
GEN,0.46295,212,212,offspring,1498,1570,TINYIMAGENET,663,main_b1000_tinyimagenet_alexnet_GEN_kp75_seed456,0.75,0.4486,73,False,0.75,alexnet,False,0,0,1,0.4509,653,5,0.45335,651,3,3068,6,0.75,TINYIMAGENET_alexnet_GEN_accuracy_kp7500_seed456,456,60000,663,42,accuracy,100456,0.4486,1,2.9110440789699554,42.85366340726614,10,2.9110440789699554,valid,0.4487181002395209,0.5104449350927348,0.4486,100456
GEN,0.46295,212,212,offspring,1570,1498,TINYIMAGENET,664,main_b1000_tinyimagenet_alexnet_GEN_kp75_seed456,0.75,0.4453,73,False,0.75,alexnet,False,0,0,2,0.4509,653,5,0.45335,651,3,3068,7,0.75,TINYIMAGENET_alexnet_GEN_accuracy_kp7500_seed456,456,60000,664,42,accuracy,100456,0.4453,1,2.925493881177902,42.31498744338751,10,2.925493881177902,valid,0.4430041990243517,0.5066169182667928,0.4452999999999999,100456
GEN,0.46295,212,212,offspring,6,14,TINYIMAGENET,665,main_b1000_tinyimagenet_alexnet_GEN_kp75_seed456,0.75,0.44995,73,False,0.75,alexnet,False,0,0,1,0.46295,212,1,0.4555,657,9,20,8,0.75,TINYIMAGENET_alexnet_GEN_accuracy_kp7500_seed456,456,60000,665,42,accuracy,100456,0.44995,1,2.8950363819122313,42.765913128852844,10,2.8950363819122313,valid,0.4504653210958013,0.5124085865623526,0.44995000000000007,100456
GEN,0.46295,212,212,offspring,14,6,TINYIMAGENET,666,main_b1000_tinyimagenet_alexnet_GEN_kp75_seed456,0.75,0.45695,73,False,0.75,alexnet,False,0,0,2,0.46295,212,1,0.4555,657,9,20,9,0.75,TINYIMAGENET_alexnet_GEN_accuracy_kp7500_seed456,456,60000,666,42,accuracy,100456,0.45695,1,2.8473939601659777,42.75209592282772,10,2.8473939601659777,valid,0.4524281633710565,0.506981133954895,0.45695,100456
GEN,0.46295,212,212,offspring,8,8,TINYIMAGENET,667,main_b1000_tinyimagenet_alexnet_GEN_kp75_seed456,0.75,0.45965,73,False,0.75,alexnet,False,0,0,1,0.4571,656,8,0.46295,212,1,16,10,0.75,TINYIMAGENET_alexnet_GEN_accuracy_kp7500_seed456,456,60000,667,42,accuracy,100456,0.45965,1,2.811176033115387,42.40835849940777,10,2.811176033115387,valid,0.4567493813721405,0.5098682062225399,0.45965000000000006,100456
GEN,0.46295,212,212,offspring,4,4,TINYIMAGENET,668,main_b1000_tinyimagenet_alexnet_GEN_kp75_seed456,0.75,0.45785,74,False,0.75,alexnet,False,0,0,1,0.45965,667,10,0.46295,212,1,8,2,0.75,TINYIMAGENET_alexnet_GEN_accuracy_kp7500_seed456,456,60000,668,42,accuracy,100456,0.45785,1,2.8408744039058687,43.62328290194273,10,2.8408744039058687,valid,0.4566101624125372,0.5135429260747999,0.45785,100456
GEN,0.46295,212,212,offspring,4,4,TINYIMAGENET,669,main_b1000_tinyimagenet_alexnet_GEN_kp75_seed456,0.75,0.45775,74,False,0.75,alexnet,False,0,0,2,0.45965,667,10,0.46295,212,1,8,3,0.75,TINYIMAGENET_alexnet_GEN_accuracy_kp7500_seed456,456,60000,669,42,accuracy,100456,0.45775,1,2.8049119533777236,42.782275535166264,10,2.8049119533777236,valid,0.45576142293403665,0.5095967006913972,0.45775,100456
GEN,0.46295,212,212,offspring,0,4,TINYIMAGENET,670,main_b1000_tinyimagenet_alexnet_GEN_kp75_seed456,0.75,0.4464,74,False,0.75,alexnet,True,6000,3000,1,0.46295,212,1,0.4597,662,5,4,4,0.75,TINYIMAGENET_alexnet_GEN_accuracy_kp7500_seed456,456,60000,670,42,accuracy,100456,0.4464,1,2.916918999814987,42.830244310200214,10,2.916918999814987,valid,0.4463415641271436,0.5133009221680243,0.4464,100456
GEN,0.46295,212,212,offspring,4,0,TINYIMAGENET,671,main_b1000_tinyimagenet_alexnet_GEN_kp75_seed456,0.75,0.4597,74,False,0.75,alexnet,False,0,0,2,0.46295,212,1,0.4597,662,5,4,5,0.75,TINYIMAGENET_alexnet_GEN_accuracy_kp7500_seed456,456,60000,671,42,accuracy,100456,0.4597,1,2.8210826886177065,42.303251549601555,10,2.8210826886177065,valid,0.4583435057755765,0.5128537932022824,0.4597,100456
GEN,0.46295,212,212,offspring,10,8,TINYIMAGENET,672,main_b1000_tinyimagenet_alexnet_GEN_kp75_seed456,0.75,0.4576,74,False,0.75,alexnet,False,0,0,1,0.4597,662,5,0.45695,666,9,18,6,0.75,TINYIMAGENET_alexnet_GEN_accuracy_kp7500_seed456,456,60000,672,42,accuracy,100456,0.4576,1,2.850164934837818,42.61367054283619,10,2.850164934837818,valid,0.45405591274973295,0.5105608505257133,0.45760000000000006,100456
GEN,0.46295,212,212,offspring,8,10,TINYIMAGENET,673,main_b1000_tinyimagenet_alexnet_GEN_kp75_seed456,0.75,0.45705,74,False,0.75,alexnet,False,0,0,2,0.4597,662,5,0.45695,666,9,18,7,0.75,TINYIMAGENET_alexnet_GEN_accuracy_kp7500_seed456,456,60000,673,42,accuracy,100456,0.45705,1,2.802159195971489,42.617370672523975,10,2.802159195971489,valid,0.4532349478584948,0.5082038807864635,0.45704999999999996,100456
GEN,0.46295,212,212,offspring,2,2,TINYIMAGENET,674,main_b1000_tinyimagenet_alexnet_GEN_kp75_seed456,0.75,0.4606,74,False,0.75,alexnet,False,0,0,1,0.4597,662,5,0.46295,212,1,4,8,0.75,TINYIMAGENET_alexnet_GEN_accuracy_kp7500_seed456,456,60000,674,42,accuracy,100456,0.4606,1,2.807238037252426,42.368432871997356,10,2.807238037252426,valid,0.45899885311327965,0.5102984287292663,0.4606,100456
GEN,0.464,675,675,offspring,2,2,TINYIMAGENET,675,main_b1000_tinyimagenet_alexnet_GEN_kp75_seed456,0.75,0.464,74,True,0.75,alexnet,False,0,0,2,0.4597,662,5,0.46295,212,1,4,9,0.75,TINYIMAGENET_alexnet_GEN_accuracy_kp7500_seed456,456,60000,675,42,accuracy,100456,0.464,1,2.782362473630905,42.58255700021982,10,2.782362473630905,valid,0.4622711296178562,0.5106282652386235,0.4640000000000001,100456
GEN,0.464,675,675,offspring,804,712,TINYIMAGENET,676,main_b1000_tinyimagenet_alexnet_GEN_kp75_seed456,0.75,0.4488,74,False,0.75,alexnet,False,0,0,1,0.4523,659,2,0.45965,667,10,1516,10,0.75,TINYIMAGENET_alexnet_GEN_accuracy_kp7500_seed456,456,60000,676,42,accuracy,100456,0.4488,1,2.861368000173569,42.920137748122215,10,2.861368000173569,valid,0.44830207639858327,0.5089422078680699,0.4488,100456
GEN,0.464,675,675,offspring,2,4,TINYIMAGENET,677,main_b1000_tinyimagenet_alexnet_GEN_kp75_seed456,0.75,0.46145,75,False,0.75,alexnet,False,0,0,1,0.45775,669,3,0.4606,674,8,6,2,0.75,TINYIMAGENET_alexnet_GEN_accuracy_kp7500_seed456,456,60000,677,42,accuracy,100456,0.46145,1,2.826377805995941,42.753439500927925,10,2.826377805995941,valid,0.4591088408811012,0.5129429356798706,0.46144999999999997,100456
GEN,0.464,675,675,offspring,4,2,TINYIMAGENET,678,main_b1000_tinyimagenet_alexnet_GEN_kp75_seed456,0.75,0.45105,75,False,0.75,alexnet,False,0,0,2,0.45775,669,3,0.4606,674,8,6,3,0.75,TINYIMAGENET_alexnet_GEN_accuracy_kp7500_seed456,456,60000,678,42,accuracy,100456,0.45105,1,2.8430054453372957,42.31221333146095,10,2.8430054453372957,valid,0.45038626283507827,0.5081491286357958,0.45104999999999995,100456
GEN,0.464,675,675,offspring,2,2,TINYIMAGENET,679,main_b1000_tinyimagenet_alexnet_GEN_kp75_seed456,0.75,0.4606,75,False,0.75,alexnet,False,0,0,1,0.46295,212,1,0.45785,668,2,4,4,0.75,TINYIMAGENET_alexnet_GEN_accuracy_kp7500_seed456,456,60000,679,42,accuracy,100456,0.4606,1,2.807238037252426,42.716174475848675,10,2.807238037252426,valid,0.45899885311327965,0.5102984287292663,0.4606,100456
GEN,0.464,675,675,offspring,2,2,TINYIMAGENET,680,main_b1000_tinyimagenet_alexnet_GEN_kp75_seed456,0.75,0.458,75,False,0.75,alexnet,False,0,0,2,0.46295,212,1,0.45785,668,2,4,5,0.75,TINYIMAGENET_alexnet_GEN_accuracy_kp7500_seed456,456,60000,680,42,accuracy,100456,0.458,1,2.8167028973579407,42.83472663164139,10,2.8167028973579407,valid,0.45656600858565327,0.5138349610030408,0.45799999999999996,100456
GEN,0.464,675,675,offspring,2,0,TINYIMAGENET,681,main_b1000_tinyimagenet_alexnet_GEN_kp75_seed456,0.75,0.4606,75,False,0.75,alexnet,False,0,0,1,0.46295,212,1,0.4606,674,8,2,6,0.75,TINYIMAGENET_alexnet_GEN_accuracy_kp7500_seed456,456,60000,681,42,accuracy,100456,0.4606,1,2.807238037252426,44.00695849210024,10,2.807238037252426,valid,0.45899885311327965,0.5102984287292663,0.4606,100456
GEN,0.464,675,675,offspring,0,2,TINYIMAGENET,682,main_b1000_tinyimagenet_alexnet_GEN_kp75_seed456,0.75,0.46295,75,False,0.75,alexnet,False,0,0,2,0.46295,212,1,0.4606,674,8,2,7,0.75,TINYIMAGENET_alexnet_GEN_accuracy_kp7500_seed456,456,60000,682,42,accuracy,100456,0.46295,1,2.7895631519794466,42.47666845470667,10,2.7895631519794466,valid,0.4618127812402594,0.5110276859497579,0.46295000000000003,100456
GEN,0.464,675,675,offspring,0,2,TINYIMAGENET,683,main_b1000_tinyimagenet_alexnet_GEN_kp75_seed456,0.75,0.464,75,False,0.75,alexnet,False,0,0,1,0.464,675,9,0.4597,671,5,2,8,0.75,TINYIMAGENET_alexnet_GEN_accuracy_kp7500_seed456,456,60000,683,42,accuracy,100456,0.464,1,2.782362473630905,42.73737223446369,10,2.782362473630905,valid,0.4622711296178562,0.5106282652386235,0.4640000000000001,100456
GEN,0.464,675,675,offspring,2,0,TINYIMAGENET,684,main_b1000_tinyimagenet_alexnet_GEN_kp75_seed456,0.75,0.4597,75,False,0.75,alexnet,False,0,0,2,0.464,675,9,0.4597,671,5,2,9,0.75,TINYIMAGENET_alexnet_GEN_accuracy_kp7500_seed456,456,60000,684,42,accuracy,100456,0.4597,1,2.8210826886177065,42.768943548202515,10,2.8210826886177065,valid,0.4583435057755765,0.5128537932022824,0.4597,100456
GEN,0.464,675,675,offspring,2,2,TINYIMAGENET,685,main_b1000_tinyimagenet_alexnet_GEN_kp75_seed456,0.75,0.4538,75,False,0.75,alexnet,False,0,0,1,0.45785,668,2,0.46295,212,1,4,10,0.75,TINYIMAGENET_alexnet_GEN_accuracy_kp7500_seed456,456,60000,685,42,accuracy,100456,0.4538,1,2.860689362025261,42.121270410716534,10,2.860689362025261,valid,0.4521364511372052,0.5107567016097491,0.4538,100456
GEN,0.464,675,675,offspring,2,2,TINYIMAGENET,686,main_b1000_tinyimagenet_alexnet_GEN_kp75_seed456,0.75,0.4625,76,False,0.75,alexnet,False,0,0,1,0.464,683,8,0.4606,681,6,4,2,0.75,TINYIMAGENET_alexnet_GEN_accuracy_kp7500_seed456,456,60000,686,42,accuracy,100456,0.4625,1,2.8015823062419893,42.60901828855276,10,2.8015823062419893,valid,0.46140495250383123,0.5138434390982052,0.4625,100456
GEN,0.464,675,675,offspring,2,2,TINYIMAGENET,687,main_b1000_tinyimagenet_alexnet_GEN_kp75_seed456,0.75,0.46095,76,False,0.75,alexnet,False,0,0,2,0.464,683,8,0.4606,681,6,4,3,0.75,TINYIMAGENET_alexnet_GEN_accuracy_kp7500_seed456,456,60000,687,42,accuracy,100456,0.46095,1,2.813441707086563,42.697974637150764,10,2.813441707086563,valid,0.4574319611719861,0.5088951025674643,0.46094999999999997,100456
GEN,0.464,675,675,offspring,2,2,TINYIMAGENET,688,main_b1000_tinyimagenet_alexnet_GEN_kp75_seed456,0.75,0.46295,76,False,0.75,alexnet,False,0,0,1,0.46145,677,2,0.464,675,1,4,4,0.75,TINYIMAGENET_alexnet_GEN_accuracy_kp7500_seed456,456,60000,688,42,accuracy,100456,0.46295,1,2.7895631519794466,42.584401451051235,10,2.7895631519794466,valid,0.4618127812402594,0.5110276859497579,0.46295000000000003,100456
GEN,0.464,675,675,offspring,2,2,TINYIMAGENET,689,main_b1000_tinyimagenet_alexnet_GEN_kp75_seed456,0.75,0.4609,76,False,0.75,alexnet,False,0,0,2,0.46145,677,2,0.464,675,1,4,5,0.75,TINYIMAGENET_alexnet_GEN_accuracy_kp7500_seed456,456,60000,689,42,accuracy,100456,0.4609,1,2.8256794267654417,42.506797298789024,10,2.8256794267654417,valid,0.4581040820654387,0.5115764309725319,0.46090000000000003,100456
GEN,0.464,675,675,offspring,2,0,TINYIMAGENET,690,main_b1000_tinyimagenet_alexnet_GEN_kp75_seed456,0.75,0.46295,76,False,0.75,alexnet,False,0,0,1,0.464,675,1,0.46295,682,7,2,6,0.75,TINYIMAGENET_alexnet_GEN_accuracy_kp7500_seed456,456,60000,690,42,accuracy,100456,0.46295,1,2.7895631519794466,42.67182508856058,10,2.7895631519794466,valid,0.4618127812402594,0.5110276859497579,0.46295000000000003,100456
GEN,0.464,675,675,offspring,0,2,TINYIMAGENET,691,main_b1000_tinyimagenet_alexnet_GEN_kp75_seed456,0.75,0.464,76,False,0.75,alexnet,False,0,0,2,0.464,675,1,0.46295,682,7,2,7,0.75,TINYIMAGENET_alexnet_GEN_accuracy_kp7500_seed456,456,60000,691,42,accuracy,100456,0.464,1,2.782362473630905,42.777944415807724,10,2.782362473630905,valid,0.4622711296178562,0.5106282652386235,0.4640000000000001,100456
GEN,0.464,675,675,offspring,0,0,TINYIMAGENET,692,main_b1000_tinyimagenet_alexnet_GEN_kp75_seed456,0.75,0.464,76,False,0.75,alexnet,False,0,0,1,0.464,675,1,0.464,683,8,0,8,0.75,TINYIMAGENET_alexnet_GEN_accuracy_kp7500_seed456,456,60000,692,42,accuracy,100456,0.464,1,2.782362473630905,42.267932415008545,10,2.782362473630905,valid,0.4622711296178562,0.5106282652386235,0.4640000000000001,100456
GEN,0.464,675,675,offspring,0,0,TINYIMAGENET,693,main_b1000_tinyimagenet_alexnet_GEN_kp75_seed456,0.75,0.45005,76,False,0.75,alexnet,True,6000,3000,2,0.464,675,1,0.464,683,8,0,9,0.75,TINYIMAGENET_alexnet_GEN_accuracy_kp7500_seed456,456,60000,693,42,accuracy,100456,0.45005,1,2.875038062262535,42.69154231250286,10,2.875038062262535,valid,0.451572929097165,0.5107803291954797,0.45005,100456
GEN,0.464,675,675,offspring,0,2,TINYIMAGENET,694,main_b1000_tinyimagenet_alexnet_GEN_kp75_seed456,0.75,0.46295,76,False,0.75,alexnet,False,0,0,1,0.46295,682,7,0.464,683,8,2,10,0.75,TINYIMAGENET_alexnet_GEN_accuracy_kp7500_seed456,456,60000,694,42,accuracy,100456,0.46295,1,2.7895631519794466,42.76884866505861,10,2.7895631519794466,valid,0.4618127812402594,0.5110276859497579,0.46295000000000003,100456
GEN,0.464,675,675,offspring,2,0,TINYIMAGENET,695,main_b1000_tinyimagenet_alexnet_GEN_kp75_seed456,0.75,0.464,77,False,0.75,alexnet,False,0,0,1,0.46295,688,4,0.464,691,7,2,2,0.75,TINYIMAGENET_alexnet_GEN_accuracy_kp7500_seed456,456,60000,695,42,accuracy,100456,0.464,1,2.782362473630905,42.6068804115057,10,2.782362473630905,valid,0.4622711296178562,0.5106282652386235,0.4640000000000001,100456
GEN,0.464,675,675,offspring,0,2,TINYIMAGENET,696,main_b1000_tinyimagenet_alexnet_GEN_kp75_seed456,0.75,0.46295,77,False,0.75,alexnet,False,0,0,2,0.46295,688,4,0.464,691,7,2,3,0.75,TINYIMAGENET_alexnet_GEN_accuracy_kp7500_seed456,456,60000,696,42,accuracy,100456,0.46295,1,2.7895631519794466,42.33392373472452,10,2.7895631519794466,valid,0.4618127812402594,0.5110276859497579,0.46295000000000003,100456
GEN,0.464,675,675,offspring,0,2,TINYIMAGENET,697,main_b1000_tinyimagenet_alexnet_GEN_kp75_seed456,0.75,0.46295,77,False,0.75,alexnet,False,0,0,1,0.46295,690,6,0.464,675,1,2,4,0.75,TINYIMAGENET_alexnet_GEN_accuracy_kp7500_seed456,456,60000,697,42,accuracy,100456,0.46295,1,2.7895631519794466,42.60406005382538,10,2.7895631519794466,valid,0.4618127812402594,0.5110276859497579,0.46295000000000003,100456
GEN,0.464,675,675,offspring,2,0,TINYIMAGENET,698,main_b1000_tinyimagenet_alexnet_GEN_kp75_seed456,0.75,0.464,77,False,0.75,alexnet,False,0,0,2,0.46295,690,6,0.464,675,1,2,5,0.75,TINYIMAGENET_alexnet_GEN_accuracy_kp7500_seed456,456,60000,698,42,accuracy,100456,0.464,1,2.782362473630905,42.78933897614479,10,2.782362473630905,valid,0.4622711296178562,0.5106282652386235,0.4640000000000001,100456
GEN,0.464,675,675,offspring,0,0,TINYIMAGENET,699,main_b1000_tinyimagenet_alexnet_GEN_kp75_seed456,0.75,0.464,77,False,0.75,alexnet,False,0,0,1,0.464,675,1,0.464,692,8,0,6,0.75,TINYIMAGENET_alexnet_GEN_accuracy_kp7500_seed456,456,60000,699,42,accuracy,100456,0.464,1,2.782362473630905,42.318679481744766,10,2.782362473630905,valid,0.4622711296178562,0.5106282652386235,0.4640000000000001,100456
GEN,0.464,675,675,offspring,0,0,TINYIMAGENET,700,main_b1000_tinyimagenet_alexnet_GEN_kp75_seed456,0.75,0.464,77,False,0.75,alexnet,False,0,0,2,0.464,675,1,0.464,692,8,0,7,0.75,TINYIMAGENET_alexnet_GEN_accuracy_kp7500_seed456,456,60000,700,42,accuracy,100456,0.464,1,2.782362473630905,42.66432425379753,10,2.782362473630905,valid,0.4622711296178562,0.5106282652386235,0.4640000000000001,100456
GEN,0.464,675,675,offspring,0,2,TINYIMAGENET,701,main_b1000_tinyimagenet_alexnet_GEN_kp75_seed456,0.75,0.4625,77,False,0.75,alexnet,False,0,0,1,0.4625,686,2,0.46295,688,4,2,8,0.75,TINYIMAGENET_alexnet_GEN_accuracy_kp7500_seed456,456,60000,701,42,accuracy,100456,0.4625,1,2.8015823062419893,42.680501371622086,10,2.8015823062419893,valid,0.46140495250383123,0.5138434390982052,0.4625,100456
GEN,0.464,675,675,offspring,2,0,TINYIMAGENET,702,main_b1000_tinyimagenet_alexnet_GEN_kp75_seed456,0.75,0.46275,77,False,0.75,alexnet,True,6000,3000,2,0.4625,686,2,0.46295,688,4,2,9,0.75,TINYIMAGENET_alexnet_GEN_accuracy_kp7500_seed456,456,60000,702,42,accuracy,100456,0.46275,1,2.826872921323776,42.90432769060135,10,2.826872921323776,valid,0.4590136741100882,0.507439548725853,0.46275,100456
GEN,0.464,675,675,offspring,0,0,TINYIMAGENET,703,main_b1000_tinyimagenet_alexnet_GEN_kp75_seed456,0.75,0.464,77,False,0.75,alexnet,False,0,0,1,0.464,675,1,0.464,691,7,0,10,0.75,TINYIMAGENET_alexnet_GEN_accuracy_kp7500_seed456,456,60000,703,42,accuracy,100456,0.464,1,2.782362473630905,42.29676492512226,10,2.782362473630905,valid,0.4622711296178562,0.5106282652386235,0.4640000000000001,100456
GEN,0.464,675,675,offspring,0,0,TINYIMAGENET,704,main_b1000_tinyimagenet_alexnet_GEN_kp75_seed456,0.75,0.464,78,False,0.75,alexnet,False,0,0,1,0.464,703,10,0.464,675,1,0,2,0.75,TINYIMAGENET_alexnet_GEN_accuracy_kp7500_seed456,456,60000,704,42,accuracy,100456,0.464,1,2.782362473630905,42.57096820324659,10,2.782362473630905,valid,0.4622711296178562,0.5106282652386235,0.4640000000000001,100456
GEN,0.464,675,675,offspring,0,0,TINYIMAGENET,705,main_b1000_tinyimagenet_alexnet_GEN_kp75_seed456,0.75,0.464,78,False,0.75,alexnet,False,0,0,2,0.464,703,10,0.464,675,1,0,3,0.75,TINYIMAGENET_alexnet_GEN_accuracy_kp7500_seed456,456,60000,705,42,accuracy,100456,0.464,1,2.782362473630905,42.74275419861078,10,2.782362473630905,valid,0.4622711296178562,0.5106282652386235,0.4640000000000001,100456
GEN,0.464,675,675,offspring,0,0,TINYIMAGENET,706,main_b1000_tinyimagenet_alexnet_GEN_kp75_seed456,0.75,0.4463,78,False,0.75,alexnet,True,6000,3000,1,0.464,700,7,0.464,695,2,0,4,0.75,TINYIMAGENET_alexnet_GEN_accuracy_kp7500_seed456,456,60000,706,42,accuracy,100456,0.4463,1,2.8536485689997675,42.38415040075779,10,2.8536485689997675,valid,0.4444419074665666,0.5027041205599397,0.4463,100456
GEN,0.464,675,675,offspring,0,0,TINYIMAGENET,707,main_b1000_tinyimagenet_alexnet_GEN_kp75_seed456,0.75,0.464,78,False,0.75,alexnet,False,0,0,2,0.464,700,7,0.464,695,2,0,5,0.75,TINYIMAGENET_alexnet_GEN_accuracy_kp7500_seed456,456,60000,707,42,accuracy,100456,0.464,1,2.782362473630905,42.54915474355221,10,2.782362473630905,valid,0.4622711296178562,0.5106282652386235,0.4640000000000001,100456
GEN,0.464,675,675,offspring,0,0,TINYIMAGENET,708,main_b1000_tinyimagenet_alexnet_GEN_kp75_seed456,0.75,0.464,78,False,0.75,alexnet,False,0,0,1,0.464,700,7,0.464,675,1,0,6,0.75,TINYIMAGENET_alexnet_GEN_accuracy_kp7500_seed456,456,60000,708,42,accuracy,100456,0.464,1,2.782362473630905,42.57030562311411,10,2.782362473630905,valid,0.4622711296178562,0.5106282652386235,0.4640000000000001,100456
GEN,0.464,675,675,offspring,0,0,TINYIMAGENET,709,main_b1000_tinyimagenet_alexnet_GEN_kp75_seed456,0.75,0.464,78,False,0.75,alexnet,False,0,0,2,0.464,700,7,0.464,675,1,0,7,0.75,TINYIMAGENET_alexnet_GEN_accuracy_kp7500_seed456,456,60000,709,42,accuracy,100456,0.464,1,2.782362473630905,42.78948736190796,10,2.782362473630905,valid,0.4622711296178562,0.5106282652386235,0.4640000000000001,100456
GEN,0.464,675,675,offspring,2,0,TINYIMAGENET,710,main_b1000_tinyimagenet_alexnet_GEN_kp75_seed456,0.75,0.464,78,False,0.75,alexnet,False,0,0,1,0.46295,697,4,0.464,700,7,2,8,0.75,TINYIMAGENET_alexnet_GEN_accuracy_kp7500_seed456,456,60000,710,42,accuracy,100456,0.464,1,2.782362473630905,42.19221690297127,10,2.782362473630905,valid,0.4622711296178562,0.5106282652386235,0.4640000000000001,100456
GEN,0.464,675,675,offspring,0,2,TINYIMAGENET,711,main_b1000_tinyimagenet_alexnet_GEN_kp75_seed456,0.75,0.46295,78,False,0.75,alexnet,False,0,0,2,0.46295,697,4,0.464,700,7,2,9,0.75,TINYIMAGENET_alexnet_GEN_accuracy_kp7500_seed456,456,60000,711,42,accuracy,100456,0.46295,1,2.7895631519794466,42.65050381422043,10,2.7895631519794466,valid,0.4618127812402594,0.5110276859497579,0.46295000000000003,100456
GEN,0.464,675,675,offspring,0,0,TINYIMAGENET,712,main_b1000_tinyimagenet_alexnet_GEN_kp75_seed456,0.75,0.464,78,False,0.75,alexnet,False,0,0,1,0.464,699,6,0.464,698,5,0,10,0.75,TINYIMAGENET_alexnet_GEN_accuracy_kp7500_seed456,456,60000,712,42,accuracy,100456,0.464,1,2.782362473630905,42.73175121098757,10,2.782362473630905,valid,0.4622711296178562,0.5106282652386235,0.4640000000000001,100456
GEN,0.464,675,675,offspring,0,0,TINYIMAGENET,713,main_b1000_tinyimagenet_alexnet_GEN_kp75_seed456,0.75,0.4469,79,False,0.75,alexnet,True,6000,3000,1,0.464,704,2,0.464,705,3,0,2,0.75,TINYIMAGENET_alexnet_GEN_accuracy_kp7500_seed456,456,60000,713,42,accuracy,100456,0.4469,1,2.9176792800426483,42.49683357030153,10,2.9176792800426483,valid,0.4452592968761793,0.5130523589854937,0.44689999999999996,100456
GEN,0.464,675,675,offspring,0,0,TINYIMAGENET,714,main_b1000_tinyimagenet_alexnet_GEN_kp75_seed456,0.75,0.4466,79,False,0.75,alexnet,True,6000,3000,2,0.464,704,2,0.464,705,3,0,3,0.75,TINYIMAGENET_alexnet_GEN_accuracy_kp7500_seed456,456,60000,714,42,accuracy,100456,0.4466,1,2.862535684108734,42.49121085554361,10,2.862535684108734,valid,0.44494992710272496,0.5059117983644292,0.44659999999999994,100456
GEN,0.464,675,675,offspring,0,0,TINYIMAGENET,715,main_b1000_tinyimagenet_alexnet_GEN_kp75_seed456,0.75,0.4469,79,False,0.75,alexnet,True,6000,3000,1,0.464,710,8,0.464,705,3,0,4,0.75,TINYIMAGENET_alexnet_GEN_accuracy_kp7500_seed456,456,60000,715,42,accuracy,100456,0.4469,1,2.9377979724407197,42.67291755974293,10,2.9377979724407197,valid,0.44185642218906673,0.5102602363011662,0.44689999999999996,100456
GEN,0.464,675,675,offspring,0,0,TINYIMAGENET,716,main_b1000_tinyimagenet_alexnet_GEN_kp75_seed456,0.75,0.464,79,False,0.75,alexnet,False,0,0,2,0.464,710,8,0.464,705,3,0,5,0.75,TINYIMAGENET_alexnet_GEN_accuracy_kp7500_seed456,456,60000,716,42,accuracy,100456,0.464,1,2.782362473630905,42.8135906457901,10,2.782362473630905,valid,0.4622711296178562,0.5106282652386235,0.4640000000000001,100456
GEN,0.464,675,675,offspring,0,0,TINYIMAGENET,717,main_b1000_tinyimagenet_alexnet_GEN_kp75_seed456,0.75,0.464,79,False,0.75,alexnet,False,0,0,1,0.464,707,5,0.464,708,6,0,6,0.75,TINYIMAGENET_alexnet_GEN_accuracy_kp7500_seed456,456,60000,717,42,accuracy,100456,0.464,1,2.782362473630905,42.25093934684992,10,2.782362473630905,valid,0.4622711296178562,0.5106282652386235,0.4640000000000001,100456
GEN,0.464,675,675,offspring,0,0,TINYIMAGENET,718,main_b1000_tinyimagenet_alexnet_GEN_kp75_seed456,0.75,0.464,79,False,0.75,alexnet,False,0,0,2,0.464,707,5,0.464,708,6,0,7,0.75,TINYIMAGENET_alexnet_GEN_accuracy_kp7500_seed456,456,60000,718,42,accuracy,100456,0.464,1,2.782362473630905,42.65168575942516,10,2.782362473630905,valid,0.4622711296178562,0.5106282652386235,0.4640000000000001,100456
GEN,0.464,675,675,offspring,0,0,TINYIMAGENET,719,main_b1000_tinyimagenet_alexnet_GEN_kp75_seed456,0.75,0.464,79,False,0.75,alexnet,False,0,0,1,0.464,712,10,0.464,704,2,0,8,0.75,TINYIMAGENET_alexnet_GEN_accuracy_kp7500_seed456,456,60000,719,42,accuracy,100456,0.464,1,2.782362473630905,42.76565480232239,10,2.782362473630905,valid,0.4622711296178562,0.5106282652386235,0.4640000000000001,100456
GEN,0.464,675,675,offspring,0,0,TINYIMAGENET,720,main_b1000_tinyimagenet_alexnet_GEN_kp75_seed456,0.75,0.464,79,False,0.75,alexnet,False,0,0,2,0.464,712,10,0.464,704,2,0,9,0.75,TINYIMAGENET_alexnet_GEN_accuracy_kp7500_seed456,456,60000,720,42,accuracy,100456,0.464,1,2.782362473630905,42.60887314379215,10,2.782362473630905,valid,0.4622711296178562,0.5106282652386235,0.4640000000000001,100456
GEN,0.464,675,675,offspring,0,0,TINYIMAGENET,721,main_b1000_tinyimagenet_alexnet_GEN_kp75_seed456,0.75,0.464,79,False,0.75,alexnet,False,0,0,1,0.464,675,1,0.464,708,6,0,10,0.75,TINYIMAGENET_alexnet_GEN_accuracy_kp7500_seed456,456,60000,721,42,accuracy,100456,0.464,1,2.782362473630905,42.37335290759802,10,2.782362473630905,valid,0.4622711296178562,0.5106282652386235,0.4640000000000001,100456
GEN,0.464,675,675,offspring,0,0,TINYIMAGENET,722,main_b1000_tinyimagenet_alexnet_GEN_kp75_seed456,0.75,0.464,80,False,0.75,alexnet,False,0,0,1,0.464,721,10,0.464,719,8,0,2,0.75,TINYIMAGENET_alexnet_GEN_accuracy_kp7500_seed456,456,60000,722,42,accuracy,100456,0.464,1,2.782362473630905,42.64825859665871,10,2.782362473630905,valid,0.4622711296178562,0.5106282652386235,0.4640000000000001,100456
GEN,0.464,675,675,offspring,0,0,TINYIMAGENET,723,main_b1000_tinyimagenet_alexnet_GEN_kp75_seed456,0.75,0.464,80,False,0.75,alexnet,False,0,0,2,0.464,721,10,0.464,719,8,0,3,0.75,TINYIMAGENET_alexnet_GEN_accuracy_kp7500_seed456,456,60000,723,42,accuracy,100456,0.464,1,2.782362473630905,42.87118311971426,10,2.782362473630905,valid,0.4622711296178562,0.5106282652386235,0.4640000000000001,100456
GEN,0.464,675,675,offspring,0,0,TINYIMAGENET,724,main_b1000_tinyimagenet_alexnet_GEN_kp75_seed456,0.75,0.4535,80,False,0.75,alexnet,True,6000,3000,1,0.464,716,5,0.464,721,10,0,4,0.75,TINYIMAGENET_alexnet_GEN_accuracy_kp7500_seed456,456,60000,724,42,accuracy,100456,0.4535,1,2.8461909646034242,42.29893206804991,10,2.8461909646034242,valid,0.453854389266081,0.5042682722885029,0.45349999999999996,100456
GEN,0.464,675,675,offspring,0,0,TINYIMAGENET,725,main_b1000_tinyimagenet_alexnet_GEN_kp75_seed456,0.75,0.4466,80,False,0.75,alexnet,True,6000,3000,2,0.464,716,5,0.464,721,10,0,5,0.75,TINYIMAGENET_alexnet_GEN_accuracy_kp7500_seed456,456,60000,725,42,accuracy,100456,0.4466,1,2.9037149405956266,42.54537349194288,10,2.9037149405956266,valid,0.44396657398543937,0.5066459060235853,0.44659999999999994,100456
GEN,0.464,675,675,offspring,0,0,TINYIMAGENET,726,main_b1000_tinyimagenet_alexnet_GEN_kp75_seed456,0.75,0.464,80,False,0.75,alexnet,False,0,0,1,0.464,720,9,0.464,675,1,0,6,0.75,TINYIMAGENET_alexnet_GEN_accuracy_kp7500_seed456,456,60000,726,42,accuracy,100456,0.464,1,2.782362473630905,42.734114937484264,10,2.782362473630905,valid,0.4622711296178562,0.5106282652386235,0.4640000000000001,100456
GEN,0.464,675,675,offspring,0,0,TINYIMAGENET,727,main_b1000_tinyimagenet_alexnet_GEN_kp75_seed456,0.75,0.464,80,False,0.75,alexnet,False,0,0,2,0.464,720,9,0.464,675,1,0,7,0.75,TINYIMAGENET_alexnet_GEN_accuracy_kp7500_seed456,456,60000,727,42,accuracy,100456,0.464,1,2.782362473630905,42.77316262573004,10,2.782362473630905,valid,0.4622711296178562,0.5106282652386235,0.4640000000000001,100456
GEN,0.464,675,675,offspring,0,0,TINYIMAGENET,728,main_b1000_tinyimagenet_alexnet_GEN_kp75_seed456,0.75,0.464,80,False,0.75,alexnet,False,0,0,1,0.464,718,7,0.464,719,8,0,8,0.75,TINYIMAGENET_alexnet_GEN_accuracy_kp7500_seed456,456,60000,728,42,accuracy,100456,0.464,1,2.782362473630905,42.197790898382664,10,2.782362473630905,valid,0.4622711296178562,0.5106282652386235,0.4640000000000001,100456
GEN,0.464,675,675,offspring,0,0,TINYIMAGENET,729,main_b1000_tinyimagenet_alexnet_GEN_kp75_seed456,0.75,0.4474,80,False,0.75,alexnet,True,6000,3000,2,0.464,718,7,0.464,719,8,0,9,0.75,TINYIMAGENET_alexnet_GEN_accuracy_kp7500_seed456,456,60000,729,42,accuracy,100456,0.4474,1,2.878162597846985,42.69761149585247,10,2.878162597846985,valid,0.44369617710681636,0.5078952556931704,0.4474,100456
GEN,0.464,675,675,offspring,0,0,TINYIMAGENET,730,main_b1000_tinyimagenet_alexnet_GEN_kp75_seed456,0.75,0.44365,80,False,0.75,alexnet,True,6000,3000,1,0.464,720,9,0.464,718,7,0,10,0.75,TINYIMAGENET_alexnet_GEN_accuracy_kp7500_seed456,456,60000,730,42,accuracy,100456,0.44365,1,2.9129745378017424,42.78529652953148,10,2.9129745378017424,valid,0.44399069713543143,0.5166750078570369,0.44365000000000004,100456
GEN,0.464,675,675,offspring,0,0,TINYIMAGENET,731,main_b1000_tinyimagenet_alexnet_GEN_kp75_seed456,0.75,0.464,81,False,0.75,alexnet,False,0,0,1,0.464,728,8,0.464,726,6,0,2,0.75,TINYIMAGENET_alexnet_GEN_accuracy_kp7500_seed456,456,60000,731,42,accuracy,100456,0.464,1,2.782362473630905,42.41218727827072,10,2.782362473630905,valid,0.4622711296178562,0.5106282652386235,0.4640000000000001,100456
GEN,0.464,675,675,offspring,0,0,TINYIMAGENET,732,main_b1000_tinyimagenet_alexnet_GEN_kp75_seed456,0.75,0.464,81,False,0.75,alexnet,False,0,0,2,0.464,728,8,0.464,726,6,0,3,0.75,TINYIMAGENET_alexnet_GEN_accuracy_kp7500_seed456,456,60000,732,42,accuracy,100456,0.464,1,2.782362473630905,42.478494465351105,10,2.782362473630905,valid,0.4622711296178562,0.5106282652386235,0.4640000000000001,100456
GEN,0.464,675,675,offspring,0,0,TINYIMAGENET,733,main_b1000_tinyimagenet_alexnet_GEN_kp75_seed456,0.75,0.44585,81,False,0.75,alexnet,True,6000,3000,1,0.464,726,6,0.464,675,1,0,4,0.75,TINYIMAGENET_alexnet_GEN_accuracy_kp7500_seed456,456,60000,733,42,accuracy,100456,0.44585,1,2.9481865834236145,42.670446053147316,10,2.9481865834236145,valid,0.44490566384684443,0.5173802754361089,0.44585,100456
GEN,0.464,675,675,offspring,0,0,TINYIMAGENET,734,main_b1000_tinyimagenet_alexnet_GEN_kp75_seed456,0.75,0.464,81,False,0.75,alexnet,False,0,0,2,0.464,726,6,0.464,675,1,0,5,0.75,TINYIMAGENET_alexnet_GEN_accuracy_kp7500_seed456,456,60000,734,42,accuracy,100456,0.464,1,2.782362473630905,42.89225207269192,10,2.782362473630905,valid,0.4622711296178562,0.5106282652386235,0.4640000000000001,100456
GEN,0.464,675,675,offspring,0,0,TINYIMAGENET,735,main_b1000_tinyimagenet_alexnet_GEN_kp75_seed456,0.75,0.4485,81,False,0.75,alexnet,True,6000,3000,1,0.464,726,6,0.464,728,8,0,6,0.75,TINYIMAGENET_alexnet_GEN_accuracy_kp7500_seed456,456,60000,735,42,accuracy,100456,0.4485,1,2.9107043823838232,42.20685460418463,10,2.9107043823838232,valid,0.4474409860337858,0.5159071652900835,0.4485,100456
GEN,0.464,675,675,offspring,0,0,TINYIMAGENET,736,main_b1000_tinyimagenet_alexnet_GEN_kp75_seed456,0.75,0.464,81,False,0.75,alexnet,False,0,0,2,0.464,726,6,0.464,728,8,0,7,0.75,TINYIMAGENET_alexnet_GEN_accuracy_kp7500_seed456,456,60000,736,42,accuracy,100456,0.464,1,2.782362473630905,42.696402080357075,10,2.782362473630905,valid,0.4622711296178562,0.5106282652386235,0.4640000000000001,100456
GEN,0.464,675,675,offspring,0,0,TINYIMAGENET,737,main_b1000_tinyimagenet_alexnet_GEN_kp75_seed456,0.75,0.464,81,False,0.75,alexnet,False,0,0,1,0.464,675,1,0.464,722,2,0,8,0.75,TINYIMAGENET_alexnet_GEN_accuracy_kp7500_seed456,456,60000,737,42,accuracy,100456,0.464,1,2.782362473630905,42.68297643214464,10,2.782362473630905,valid,0.4622711296178562,0.5106282652386235,0.4640000000000001,100456
GEN,0.464,675,675,offspring,0,0,TINYIMAGENET,738,main_b1000_tinyimagenet_alexnet_GEN_kp75_seed456,0.75,0.4485,81,False,0.75,alexnet,True,6000,3000,2,0.464,675,1,0.464,722,2,0,9,0.75,TINYIMAGENET_alexnet_GEN_accuracy_kp7500_seed456,456,60000,738,42,accuracy,100456,0.4485,1,2.8817508851766584,42.568995997309685,10,2.8817508851766584,valid,0.4439255075397851,0.503333770675771,0.4485,100456
GEN,0.464,675,675,offspring,2998,3002,TINYIMAGENET,739,main_b1000_tinyimagenet_alexnet_GEN_kp75_seed456,0.75,0.44605,81,False,0.75,alexnet,False,0,0,1,0.464,728,8,0.4474,729,9,6000,10,0.75,TINYIMAGENET_alexnet_GEN_accuracy_kp7500_seed456,456,60000,739,42,accuracy,100456,0.44605,1,2.9125205328464507,42.44615574926138,10,2.9125205328464507,valid,0.4472008371383924,0.5156741958180415,0.44605000000000006,100456
GEN,0.464,675,675,offspring,0,0,TINYIMAGENET,740,main_b1000_tinyimagenet_alexnet_GEN_kp75_seed456,0.75,0.464,82,False,0.75,alexnet,False,0,0,1,0.464,736,7,0.464,731,2,0,2,0.75,TINYIMAGENET_alexnet_GEN_accuracy_kp7500_seed456,456,60000,740,42,accuracy,100456,0.464,1,2.782362473630905,42.70936770737171,10,2.782362473630905,valid,0.4622711296178562,0.5106282652386235,0.4640000000000001,100456
GEN,0.464,675,675,offspring,0,0,TINYIMAGENET,741,main_b1000_tinyimagenet_alexnet_GEN_kp75_seed456,0.75,0.464,82,False,0.75,alexnet,False,0,0,2,0.464,736,7,0.464,731,2,0,3,0.75,TINYIMAGENET_alexnet_GEN_accuracy_kp7500_seed456,456,60000,741,42,accuracy,100456,0.464,1,2.782362473630905,42.84954049438238,10,2.782362473630905,valid,0.4622711296178562,0.5106282652386235,0.4640000000000001,100456
GEN,0.464,675,675,offspring,2998,3002,TINYIMAGENET,742,main_b1000_tinyimagenet_alexnet_GEN_kp75_seed456,0.75,0.45115,82,False,0.75,alexnet,False,0,0,1,0.4485,735,6,0.464,675,1,6000,4,0.75,TINYIMAGENET_alexnet_GEN_accuracy_kp7500_seed456,456,60000,742,42,accuracy,100456,0.45115,1,2.8305695481777193,42.304736234247684,10,2.8305695481777193,valid,0.4500796506215445,0.5093938401642996,0.4511500000000001,100456
GEN,0.464,675,675,offspring,3002,2998,TINYIMAGENET,743,main_b1000_tinyimagenet_alexnet_GEN_kp75_seed456,0.75,0.45325,82,False,0.75,alexnet,False,0,0,2,0.4485,735,6,0.464,675,1,6000,5,0.75,TINYIMAGENET_alexnet_GEN_accuracy_kp7500_seed456,456,60000,743,42,accuracy,100456,0.45325,1,2.8375464492321014,42.609446316957474,10,2.8375464492321014,valid,0.4509611290680739,0.5048264341716543,0.45325000000000004,100456
GEN,0.464,675,675,offspring,0,0,TINYIMAGENET,744,main_b1000_tinyimagenet_alexnet_GEN_kp75_seed456,0.75,0.464,82,False,0.75,alexnet,False,0,0,1,0.464,731,2,0.464,734,5,0,6,0.75,TINYIMAGENET_alexnet_GEN_accuracy_kp7500_seed456,456,60000,744,42,accuracy,100456,0.464,1,2.782362473630905,42.76025760918856,10,2.782362473630905,valid,0.4622711296178562,0.5106282652386235,0.4640000000000001,100456
GEN,0.464,675,675,offspring,0,0,TINYIMAGENET,745,main_b1000_tinyimagenet_alexnet_GEN_kp75_seed456,0.75,0.464,82,False,0.75,alexnet,False,0,0,2,0.464,731,2,0.464,734,5,0,7,0.75,TINYIMAGENET_alexnet_GEN_accuracy_kp7500_seed456,456,60000,745,42,accuracy,100456,0.464,1,2.782362473630905,42.715384133160114,10,2.782362473630905,valid,0.4622711296178562,0.5106282652386235,0.4640000000000001,100456
GEN,0.464,675,675,offspring,0,0,TINYIMAGENET,746,main_b1000_tinyimagenet_alexnet_GEN_kp75_seed456,0.75,0.464,82,False,0.75,alexnet,False,0,0,1,0.464,737,8,0.464,732,3,0,8,0.75,TINYIMAGENET_alexnet_GEN_accuracy_kp7500_seed456,456,60000,746,42,accuracy,100456,0.464,1,2.782362473630905,42.25580637156963,10,2.782362473630905,valid,0.4622711296178562,0.5106282652386235,0.4640000000000001,100456
GEN,0.464,675,675,offspring,0,0,TINYIMAGENET,747,main_b1000_tinyimagenet_alexnet_GEN_kp75_seed456,0.75,0.464,82,False,0.75,alexnet,False,0,0,2,0.464,737,8,0.464,732,3,0,9,0.75,TINYIMAGENET_alexnet_GEN_accuracy_kp7500_seed456,456,60000,747,42,accuracy,100456,0.464,1,2.782362473630905,42.81958679109812,10,2.782362473630905,valid,0.4622711296178562,0.5106282652386235,0.4640000000000001,100456
GEN,0.464,675,675,offspring,0,0,TINYIMAGENET,748,main_b1000_tinyimagenet_alexnet_GEN_kp75_seed456,0.75,0.464,82,False,0.75,alexnet,False,0,0,1,0.464,734,5,0.464,736,7,0,10,0.75,TINYIMAGENET_alexnet_GEN_accuracy_kp7500_seed456,456,60000,748,42,accuracy,100456,0.464,1,2.782362473630905,42.867019437253475,10,2.782362473630905,valid,0.4622711296178562,0.5106282652386235,0.4640000000000001,100456
GEN,0.464,675,675,offspring,0,0,TINYIMAGENET,749,main_b1000_tinyimagenet_alexnet_GEN_kp75_seed456,0.75,0.464,83,False,0.75,alexnet,False,0,0,1,0.464,740,2,0.464,745,7,0,2,0.75,TINYIMAGENET_alexnet_GEN_accuracy_kp7500_seed456,456,60000,749,42,accuracy,100456,0.464,1,2.782362473630905,42.42258446663618,10,2.782362473630905,valid,0.4622711296178562,0.5106282652386235,0.4640000000000001,100456
GEN,0.464,675,675,offspring,0,0,TINYIMAGENET,750,main_b1000_tinyimagenet_alexnet_GEN_kp75_seed456,0.75,0.464,83,False,0.75,alexnet,False,0,0,2,0.464,740,2,0.464,745,7,0,3,0.75,TINYIMAGENET_alexnet_GEN_accuracy_kp7500_seed456,456,60000,750,42,accuracy,100456,0.464,1,2.782362473630905,42.64788620173931,10,2.782362473630905,valid,0.4622711296178562,0.5106282652386235,0.4640000000000001,100456
GEN,0.464,675,675,offspring,0,0,TINYIMAGENET,751,main_b1000_tinyimagenet_alexnet_GEN_kp75_seed456,0.75,0.4478,83,False,0.75,alexnet,True,6000,3000,1,0.464,741,3,0.464,747,9,0,4,0.75,TINYIMAGENET_alexnet_GEN_accuracy_kp7500_seed456,456,60000,751,42,accuracy,100456,0.4478,1,2.843930127096176,42.81812795251608,10,2.843930127096176,valid,0.4470598960133287,0.5008386411891818,0.44780000000000003,100456
GEN,0.464,675,675,offspring,0,0,TINYIMAGENET,752,main_b1000_tinyimagenet_alexnet_GEN_kp75_seed456,0.75,0.464,83,False,0.75,alexnet,False,0,0,2,0.464,741,3,0.464,747,9,0,5,0.75,TINYIMAGENET_alexnet_GEN_accuracy_kp7500_seed456,456,60000,752,42,accuracy,100456,0.464,1,2.782362473630905,42.86822897940874,10,2.782362473630905,valid,0.4622711296178562,0.5106282652386235,0.4640000000000001,100456
GEN,0.464,675,675,offspring,0,0,TINYIMAGENET,753,main_b1000_tinyimagenet_alexnet_GEN_kp75_seed456,0.75,0.464,83,False,0.75,alexnet,False,0,0,1,0.464,740,2,0.464,675,1,0,6,0.75,TINYIMAGENET_alexnet_GEN_accuracy_kp7500_seed456,456,60000,753,42,accuracy,100456,0.464,1,2.782362473630905,42.246766708791256,10,2.782362473630905,valid,0.4622711296178562,0.5106282652386235,0.4640000000000001,100456
GEN,0.464,675,675,offspring,0,0,TINYIMAGENET,754,main_b1000_tinyimagenet_alexnet_GEN_kp75_seed456,0.75,0.464,83,False,0.75,alexnet,False,0,0,2,0.464,740,2,0.464,675,1,0,7,0.75,TINYIMAGENET_alexnet_GEN_accuracy_kp7500_seed456,456,60000,754,42,accuracy,100456,0.464,1,2.782362473630905,42.67758692800999,10,2.782362473630905,valid,0.4622711296178562,0.5106282652386235,0.4640000000000001,100456
GEN,0.464,675,675,offspring,0,0,TINYIMAGENET,755,main_b1000_tinyimagenet_alexnet_GEN_kp75_seed456,0.75,0.464,83,False,0.75,alexnet,False,0,0,1,0.464,746,8,0.464,748,10,0,8,0.75,TINYIMAGENET_alexnet_GEN_accuracy_kp7500_seed456,456,60000,755,42,accuracy,100456,0.464,1,2.782362473630905,42.91129494458437,10,2.782362473630905,valid,0.4622711296178562,0.5106282652386235,0.4640000000000001,100456
GEN,0.464,675,675,offspring,0,0,TINYIMAGENET,756,main_b1000_tinyimagenet_alexnet_GEN_kp75_seed456,0.75,0.4558,83,False,0.75,alexnet,True,6000,3000,2,0.464,746,8,0.464,748,10,0,9,0.75,TINYIMAGENET_alexnet_GEN_accuracy_kp7500_seed456,456,60000,756,42,accuracy,100456,0.4558,1,2.8424784870386124,42.600884191691875,10,2.8424784870386124,valid,0.4536324752889398,0.5071055455092254,0.4558,100456
GEN,0.464,675,675,offspring,0,0,TINYIMAGENET,757,main_b1000_tinyimagenet_alexnet_GEN_kp75_seed456,0.75,0.464,83,False,0.75,alexnet,False,0,0,1,0.464,745,7,0.464,675,1,0,10,0.75,TINYIMAGENET_alexnet_GEN_accuracy_kp7500_seed456,456,60000,757,42,accuracy,100456,0.464,1,2.782362473630905,42.44105254113674,10,2.782362473630905,valid,0.4622711296178562,0.5106282652386235,0.4640000000000001,100456
GEN,0.464,675,675,offspring,0,0,TINYIMAGENET,758,main_b1000_tinyimagenet_alexnet_GEN_kp75_seed456,0.75,0.464,84,False,0.75,alexnet,False,0,0,1,0.464,755,8,0.464,752,5,0,2,0.75,TINYIMAGENET_alexnet_GEN_accuracy_kp7500_seed456,456,60000,758,42,accuracy,100456,0.464,1,2.782362473630905,42.722763389348984,10,2.782362473630905,valid,0.4622711296178562,0.5106282652386235,0.4640000000000001,100456
GEN,0.464,675,675,offspring,0,0,TINYIMAGENET,759,main_b1000_tinyimagenet_alexnet_GEN_kp75_seed456,0.75,0.464,84,False,0.75,alexnet,False,0,0,2,0.464,755,8,0.464,752,5,0,3,0.75,TINYIMAGENET_alexnet_GEN_accuracy_kp7500_seed456,456,60000,759,42,accuracy,100456,0.464,1,2.782362473630905,42.94462772458792,10,2.782362473630905,valid,0.4622711296178562,0.5106282652386235,0.4640000000000001,100456
GEN,0.464,675,675,offspring,0,0,TINYIMAGENET,760,main_b1000_tinyimagenet_alexnet_GEN_kp75_seed456,0.75,0.464,84,False,0.75,alexnet,False,0,0,1,0.464,750,3,0.464,754,7,0,4,0.75,TINYIMAGENET_alexnet_GEN_accuracy_kp7500_seed456,456,60000,760,42,accuracy,100456,0.464,1,2.782362473630905,42.22053322196007,10,2.782362473630905,valid,0.4622711296178562,0.5106282652386235,0.4640000000000001,100456
GEN,0.464,675,675,offspring,0,0,TINYIMAGENET,761,main_b1000_tinyimagenet_alexnet_GEN_kp75_seed456,0.75,0.464,84,False,0.75,alexnet,False,0,0,2,0.464,750,3,0.464,754,7,0,5,0.75,TINYIMAGENET_alexnet_GEN_accuracy_kp7500_seed456,456,60000,761,42,accuracy,100456,0.464,1,2.782362473630905,42.89123810082674,10,2.782362473630905,valid,0.4622711296178562,0.5106282652386235,0.4640000000000001,100456
GEN,0.464,675,675,offspring,0,0,TINYIMAGENET,762,main_b1000_tinyimagenet_alexnet_GEN_kp75_seed456,0.75,0.464,84,False,0.75,alexnet,False,0,0,1,0.464,754,7,0.464,755,8,0,6,0.75,TINYIMAGENET_alexnet_GEN_accuracy_kp7500_seed456,456,60000,762,42,accuracy,100456,0.464,1,2.782362473630905,42.809504210948944,10,2.782362473630905,valid,0.4622711296178562,0.5106282652386235,0.4640000000000001,100456
GEN,0.464,675,675,offspring,0,0,TINYIMAGENET,763,main_b1000_tinyimagenet_alexnet_GEN_kp75_seed456,0.75,0.464,84,False,0.75,alexnet,False,0,0,2,0.464,754,7,0.464,755,8,0,7,0.75,TINYIMAGENET_alexnet_GEN_accuracy_kp7500_seed456,456,60000,763,42,accuracy,100456,0.464,1,2.782362473630905,42.580084294080734,10,2.782362473630905,valid,0.4622711296178562,0.5106282652386235,0.4640000000000001,100456
GEN,0.464,675,675,offspring,0,0,TINYIMAGENET,764,main_b1000_tinyimagenet_alexnet_GEN_kp75_seed456,0.75,0.464,84,False,0.75,alexnet,False,0,0,1,0.464,750,3,0.464,675,1,0,8,0.75,TINYIMAGENET_alexnet_GEN_accuracy_kp7500_seed456,456,60000,764,42,accuracy,100456,0.464,1,2.782362473630905,42.50320328772068,10,2.782362473630905,valid,0.4622711296178562,0.5106282652386235,0.4640000000000001,100456
GEN,0.464,675,675,offspring,0,0,TINYIMAGENET,765,main_b1000_tinyimagenet_alexnet_GEN_kp75_seed456,0.75,0.464,84,False,0.75,alexnet,False,0,0,2,0.464,750,3,0.464,675,1,0,9,0.75,TINYIMAGENET_alexnet_GEN_accuracy_kp7500_seed456,456,60000,765,42,accuracy,100456,0.464,1,2.782362473630905,42.776182264089584,10,2.782362473630905,valid,0.4622711296178562,0.5106282652386235,0.4640000000000001,100456
GEN,0.464,675,675,offspring,0,0,TINYIMAGENET,766,main_b1000_tinyimagenet_alexnet_GEN_kp75_seed456,0.75,0.464,84,False,0.75,alexnet,False,0,0,1,0.464,750,3,0.464,757,10,0,10,0.75,TINYIMAGENET_alexnet_GEN_accuracy_kp7500_seed456,456,60000,766,42,accuracy,100456,0.464,1,2.782362473630905,42.9075511097908,10,2.782362473630905,valid,0.4622711296178562,0.5106282652386235,0.4640000000000001,100456
GEN,0.464,675,675,offspring,0,0,TINYIMAGENET,767,main_b1000_tinyimagenet_alexnet_GEN_kp75_seed456,0.75,0.464,85,False,0.75,alexnet,False,0,0,1,0.464,760,4,0.464,764,8,0,2,0.75,TINYIMAGENET_alexnet_GEN_accuracy_kp7500_seed456,456,60000,767,42,accuracy,100456,0.464,1,2.782362473630905,42.31197012960911,10,2.782362473630905,valid,0.4622711296178562,0.5106282652386235,0.4640000000000001,100456
GEN,0.464,675,675,offspring,0,0,TINYIMAGENET,768,main_b1000_tinyimagenet_alexnet_GEN_kp75_seed456,0.75,0.464,85,False,0.75,alexnet,False,0,0,2,0.464,760,4,0.464,764,8,0,3,0.75,TINYIMAGENET_alexnet_GEN_accuracy_kp7500_seed456,456,60000,768,42,accuracy,100456,0.464,1,2.782362473630905,42.72433353960514,10,2.782362473630905,valid,0.4622711296178562,0.5106282652386235,0.4640000000000001,100456
GEN,0.464,675,675,offspring,0,0,TINYIMAGENET,769,main_b1000_tinyimagenet_alexnet_GEN_kp75_seed456,0.75,0.464,85,False,0.75,alexnet,False,0,0,1,0.464,761,5,0.464,758,2,0,4,0.75,TINYIMAGENET_alexnet_GEN_accuracy_kp7500_seed456,456,60000,769,42,accuracy,100456,0.464,1,2.782362473630905,42.901716493070126,10,2.782362473630905,valid,0.4622711296178562,0.5106282652386235,0.4640000000000001,100456
GEN,0.464,675,675,offspring,0,0,TINYIMAGENET,770,main_b1000_tinyimagenet_alexnet_GEN_kp75_seed456,0.75,0.464,85,False,0.75,alexnet,False,0,0,2,0.464,761,5,0.464,758,2,0,5,0.75,TINYIMAGENET_alexnet_GEN_accuracy_kp7500_seed456,456,60000,770,42,accuracy,100456,0.464,1,2.782362473630905,42.951605312526226,10,2.782362473630905,valid,0.4622711296178562,0.5106282652386235,0.4640000000000001,100456
GEN,0.464,675,675,offspring,0,0,TINYIMAGENET,771,main_b1000_tinyimagenet_alexnet_GEN_kp75_seed456,0.75,0.464,85,False,0.75,alexnet,False,0,0,1,0.464,760,4,0.464,763,7,0,6,0.75,TINYIMAGENET_alexnet_GEN_accuracy_kp7500_seed456,456,60000,771,42,accuracy,100456,0.464,1,2.782362473630905,42.27289882302284,10,2.782362473630905,valid,0.4622711296178562,0.5106282652386235,0.4640000000000001,100456
GEN,0.464,675,675,offspring,0,0,TINYIMAGENET,772,main_b1000_tinyimagenet_alexnet_GEN_kp75_seed456,0.75,0.464,85,False,0.75,alexnet,False,0,0,2,0.464,760,4,0.464,763,7,0,7,0.75,TINYIMAGENET_alexnet_GEN_accuracy_kp7500_seed456,456,60000,772,42,accuracy,100456,0.464,1,2.782362473630905,42.71345057338476,10,2.782362473630905,valid,0.4622711296178562,0.5106282652386235,0.4640000000000001,100456
GEN,0.464,675,675,offspring,0,0,TINYIMAGENET,773,main_b1000_tinyimagenet_alexnet_GEN_kp75_seed456,0.75,0.464,85,False,0.75,alexnet,False,0,0,1,0.464,759,3,0.464,760,4,0,8,0.75,TINYIMAGENET_alexnet_GEN_accuracy_kp7500_seed456,456,60000,773,42,accuracy,100456,0.464,1,2.782362473630905,42.93227595835924,10,2.782362473630905,valid,0.4622711296178562,0.5106282652386235,0.4640000000000001,100456
GEN,0.464,675,675,offspring,0,0,TINYIMAGENET,774,main_b1000_tinyimagenet_alexnet_GEN_kp75_seed456,0.75,0.464,85,False,0.75,alexnet,False,0,0,2,0.464,759,3,0.464,760,4,0,9,0.75,TINYIMAGENET_alexnet_GEN_accuracy_kp7500_seed456,456,60000,774,42,accuracy,100456,0.464,1,2.782362473630905,42.537303045392036,10,2.782362473630905,valid,0.4622711296178562,0.5106282652386235,0.4640000000000001,100456
GEN,0.464,675,675,offspring,0,0,TINYIMAGENET,775,main_b1000_tinyimagenet_alexnet_GEN_kp75_seed456,0.75,0.464,85,False,0.75,alexnet,False,0,0,1,0.464,759,3,0.464,761,5,0,10,0.75,TINYIMAGENET_alexnet_GEN_accuracy_kp7500_seed456,456,60000,775,42,accuracy,100456,0.464,1,2.782362473630905,42.58126025646925,10,2.782362473630905,valid,0.4622711296178562,0.5106282652386235,0.4640000000000001,100456
GEN,0.464,675,675,offspring,0,0,TINYIMAGENET,776,main_b1000_tinyimagenet_alexnet_GEN_kp75_seed456,0.75,0.4523,86,False,0.75,alexnet,True,6000,3000,1,0.464,675,1,0.464,769,4,0,2,0.75,TINYIMAGENET_alexnet_GEN_accuracy_kp7500_seed456,456,60000,776,42,accuracy,100456,0.4523,1,2.877549388599396,42.79614942520857,10,2.877549388599396,valid,0.4526396856072089,0.5089490723522911,0.4523,100456
GEN,0.464,675,675,offspring,0,0,TINYIMAGENET,777,main_b1000_tinyimagenet_alexnet_GEN_kp75_seed456,0.75,0.464,86,False,0.75,alexnet,False,0,0,2,0.464,675,1,0.464,769,4,0,3,0.75,TINYIMAGENET_alexnet_GEN_accuracy_kp7500_seed456,456,60000,777,42,accuracy,100456,0.464,1,2.782362473630905,42.93063548207283,10,2.782362473630905,valid,0.4622711296178562,0.5106282652386235,0.4640000000000001,100456
GEN,0.464,675,675,offspring,0,0,TINYIMAGENET,778,main_b1000_tinyimagenet_alexnet_GEN_kp75_seed456,0.75,0.464,86,False,0.75,alexnet,False,0,0,1,0.464,772,7,0.464,767,2,0,4,0.75,TINYIMAGENET_alexnet_GEN_accuracy_kp7500_seed456,456,60000,778,42,accuracy,100456,0.464,1,2.782362473630905,42.252204433083534,10,2.782362473630905,valid,0.4622711296178562,0.5106282652386235,0.4640000000000001,100456
GEN,0.464,675,675,offspring,0,0,TINYIMAGENET,779,main_b1000_tinyimagenet_alexnet_GEN_kp75_seed456,0.75,0.464,86,False,0.75,alexnet,False,0,0,2,0.464,772,7,0.464,767,2,0,5,0.75,TINYIMAGENET_alexnet_GEN_accuracy_kp7500_seed456,456,60000,779,42,accuracy,100456,0.464,1,2.782362473630905,42.75273248553276,10,2.782362473630905,valid,0.4622711296178562,0.5106282652386235,0.4640000000000001,100456
GEN,0.464,675,675,offspring,0,0,TINYIMAGENET,780,main_b1000_tinyimagenet_alexnet_GEN_kp75_seed456,0.75,0.464,86,False,0.75,alexnet,False,0,0,1,0.464,770,5,0.464,773,8,0,6,0.75,TINYIMAGENET_alexnet_GEN_accuracy_kp7500_seed456,456,60000,780,42,accuracy,100456,0.464,1,2.782362473630905,42.87477118521929,10,2.782362473630905,valid,0.4622711296178562,0.5106282652386235,0.4640000000000001,100456
GEN,0.464,675,675,offspring,0,0,TINYIMAGENET,781,main_b1000_tinyimagenet_alexnet_GEN_kp75_seed456,0.75,0.464,86,False,0.75,alexnet,False,0,0,2,0.464,770,5,0.464,773,8,0,7,0.75,TINYIMAGENET_alexnet_GEN_accuracy_kp7500_seed456,456,60000,781,42,accuracy,100456,0.464,1,2.782362473630905,42.7858462780714,10,2.782362473630905,valid,0.4622711296178562,0.5106282652386235,0.4640000000000001,100456
GEN,0.464,675,675,offspring,0,0,TINYIMAGENET,782,main_b1000_tinyimagenet_alexnet_GEN_kp75_seed456,0.75,0.464,86,False,0.75,alexnet,False,0,0,1,0.464,770,5,0.464,767,2,0,8,0.75,TINYIMAGENET_alexnet_GEN_accuracy_kp7500_seed456,456,60000,782,42,accuracy,100456,0.464,1,2.782362473630905,42.26709648966789,10,2.782362473630905,valid,0.4622711296178562,0.5106282652386235,0.4640000000000001,100456
GEN,0.464,675,675,offspring,0,0,TINYIMAGENET,783,main_b1000_tinyimagenet_alexnet_GEN_kp75_seed456,0.75,0.464,86,False,0.75,alexnet,False,0,0,2,0.464,770,5,0.464,767,2,0,9,0.75,TINYIMAGENET_alexnet_GEN_accuracy_kp7500_seed456,456,60000,783,42,accuracy,100456,0.464,1,2.782362473630905,42.78061644732952,10,2.782362473630905,valid,0.4622711296178562,0.5106282652386235,0.4640000000000001,100456
GEN,0.464,675,675,offspring,0,0,TINYIMAGENET,784,main_b1000_tinyimagenet_alexnet_GEN_kp75_seed456,0.75,0.464,86,False,0.75,alexnet,False,0,0,1,0.464,773,8,0.464,768,3,0,10,0.75,TINYIMAGENET_alexnet_GEN_accuracy_kp7500_seed456,456,60000,784,42,accuracy,100456,0.464,1,2.782362473630905,42.85592544078827,10,2.782362473630905,valid,0.4622711296178562,0.5106282652386235,0.4640000000000001,100456
GEN,0.464,675,675,offspring,0,0,TINYIMAGENET,785,main_b1000_tinyimagenet_alexnet_GEN_kp75_seed456,0.75,0.464,87,False,0.75,alexnet,False,0,0,1,0.464,782,8,0.464,779,5,0,2,0.75,TINYIMAGENET_alexnet_GEN_accuracy_kp7500_seed456,456,60000,785,42,accuracy,100456,0.464,1,2.782362473630905,42.72612876445055,10,2.782362473630905,valid,0.4622711296178562,0.5106282652386235,0.4640000000000001,100456
GEN,0.464,675,675,offspring,0,0,TINYIMAGENET,786,main_b1000_tinyimagenet_alexnet_GEN_kp75_seed456,0.75,0.464,87,False,0.75,alexnet,False,0,0,2,0.464,782,8,0.464,779,5,0,3,0.75,TINYIMAGENET_alexnet_GEN_accuracy_kp7500_seed456,456,60000,786,42,accuracy,100456,0.464,1,2.782362473630905,42.53718797117472,10,2.782362473630905,valid,0.4622711296178562,0.5106282652386235,0.4640000000000001,100456
GEN,0.464,675,675,offspring,0,0,TINYIMAGENET,787,main_b1000_tinyimagenet_alexnet_GEN_kp75_seed456,0.75,0.464,87,False,0.75,alexnet,False,0,0,1,0.464,783,9,0.464,781,7,0,4,0.75,TINYIMAGENET_alexnet_GEN_accuracy_kp7500_seed456,456,60000,787,42,accuracy,100456,0.464,1,2.782362473630905,42.83964569866657,10,2.782362473630905,valid,0.4622711296178562,0.5106282652386235,0.4640000000000001,100456
GEN,0.464,675,675,offspring,0,0,TINYIMAGENET,788,main_b1000_tinyimagenet_alexnet_GEN_kp75_seed456,0.75,0.464,87,False,0.75,alexnet,False,0,0,2,0.464,783,9,0.464,781,7,0,5,0.75,TINYIMAGENET_alexnet_GEN_accuracy_kp7500_seed456,456,60000,788,42,accuracy,100456,0.464,1,2.782362473630905,42.87316868454218,10,2.782362473630905,valid,0.4622711296178562,0.5106282652386235,0.4640000000000001,100456
GEN,0.464,675,675,offspring,0,0,TINYIMAGENET,789,main_b1000_tinyimagenet_alexnet_GEN_kp75_seed456,0.75,0.464,87,False,0.75,alexnet,False,0,0,1,0.464,783,9,0.464,779,5,0,6,0.75,TINYIMAGENET_alexnet_GEN_accuracy_kp7500_seed456,456,60000,789,42,accuracy,100456,0.464,1,2.782362473630905,42.221938885748386,10,2.782362473630905,valid,0.4622711296178562,0.5106282652386235,0.4640000000000001,100456
GEN,0.464,675,675,offspring,0,0,TINYIMAGENET,790,main_b1000_tinyimagenet_alexnet_GEN_kp75_seed456,0.75,0.4462,87,False,0.75,alexnet,True,6000,3000,2,0.464,783,9,0.464,779,5,0,7,0.75,TINYIMAGENET_alexnet_GEN_accuracy_kp7500_seed456,456,60000,790,42,accuracy,100456,0.4462,1,2.9003912461996078,42.89013762772083,10,2.9003912461996078,valid,0.4447911459791999,0.5144016413502024,0.44620000000000004,100456
GEN,0.464,675,675,offspring,0,0,TINYIMAGENET,791,main_b1000_tinyimagenet_alexnet_GEN_kp75_seed456,0.75,0.464,87,False,0.75,alexnet,False,0,0,1,0.464,782,8,0.464,781,7,0,8,0.75,TINYIMAGENET_alexnet_GEN_accuracy_kp7500_seed456,456,60000,791,42,accuracy,100456,0.464,1,2.782362473630905,42.868365459144115,10,2.782362473630905,valid,0.4622711296178562,0.5106282652386235,0.4640000000000001,100456
GEN,0.464,675,675,offspring,0,0,TINYIMAGENET,792,main_b1000_tinyimagenet_alexnet_GEN_kp75_seed456,0.75,0.464,87,False,0.75,alexnet,False,0,0,2,0.464,782,8,0.464,781,7,0,9,0.75,TINYIMAGENET_alexnet_GEN_accuracy_kp7500_seed456,456,60000,792,42,accuracy,100456,0.464,1,2.782362473630905,42.75129319727421,10,2.782362473630905,valid,0.4622711296178562,0.5106282652386235,0.4640000000000001,100456
GEN,0.464,675,675,offspring,0,0,TINYIMAGENET,793,main_b1000_tinyimagenet_alexnet_GEN_kp75_seed456,0.75,0.464,87,False,0.75,alexnet,False,0,0,1,0.464,781,7,0.464,778,4,0,10,0.75,TINYIMAGENET_alexnet_GEN_accuracy_kp7500_seed456,456,60000,793,42,accuracy,100456,0.464,1,2.782362473630905,42.238112695515156,10,2.782362473630905,valid,0.4622711296178562,0.5106282652386235,0.4640000000000001,100456
GEN,0.464,675,675,offspring,0,0,TINYIMAGENET,794,main_b1000_tinyimagenet_alexnet_GEN_kp75_seed456,0.75,0.464,88,False,0.75,alexnet,False,0,0,1,0.464,787,4,0.464,791,8,0,2,0.75,TINYIMAGENET_alexnet_GEN_accuracy_kp7500_seed456,456,60000,794,42,accuracy,100456,0.464,1,2.782362473630905,42.7779636234045,10,2.782362473630905,valid,0.4622711296178562,0.5106282652386235,0.4640000000000001,100456
GEN,0.464,675,675,offspring,0,0,TINYIMAGENET,795,main_b1000_tinyimagenet_alexnet_GEN_kp75_seed456,0.75,0.464,88,False,0.75,alexnet,False,0,0,2,0.464,787,4,0.464,791,8,0,3,0.75,TINYIMAGENET_alexnet_GEN_accuracy_kp7500_seed456,456,60000,795,42,accuracy,100456,0.464,1,2.782362473630905,42.93006481230259,10,2.782362473630905,valid,0.4622711296178562,0.5106282652386235,0.4640000000000001,100456
GEN,0.464,675,675,offspring,0,0,TINYIMAGENET,796,main_b1000_tinyimagenet_alexnet_GEN_kp75_seed456,0.75,0.464,88,False,0.75,alexnet,False,0,0,1,0.464,785,2,0.464,675,1,0,4,0.75,TINYIMAGENET_alexnet_GEN_accuracy_kp7500_seed456,456,60000,796,42,accuracy,100456,0.464,1,2.782362473630905,42.26521682739258,10,2.782362473630905,valid,0.4622711296178562,0.5106282652386235,0.4640000000000001,100456
GEN,0.464,675,675,offspring,0,0,TINYIMAGENET,797,main_b1000_tinyimagenet_alexnet_GEN_kp75_seed456,0.75,0.464,88,False,0.75,alexnet,False,0,0,2,0.464,785,2,0.464,675,1,0,5,0.75,TINYIMAGENET_alexnet_GEN_accuracy_kp7500_seed456,456,60000,797,42,accuracy,100456,0.464,1,2.782362473630905,42.68420946598053,10,2.782362473630905,valid,0.4622711296178562,0.5106282652386235,0.4640000000000001,100456
GEN,0.464,675,675,offspring,0,0,TINYIMAGENET,798,main_b1000_tinyimagenet_alexnet_GEN_kp75_seed456,0.75,0.464,88,False,0.75,alexnet,False,0,0,1,0.464,675,1,0.464,788,5,0,6,0.75,TINYIMAGENET_alexnet_GEN_accuracy_kp7500_seed456,456,60000,798,42,accuracy,100456,0.464,1,2.782362473630905,43.45204485952854,10,2.782362473630905,valid,0.4622711296178562,0.5106282652386235,0.4640000000000001,100456
GEN,0.464,675,675,offspring,0,0,TINYIMAGENET,799,main_b1000_tinyimagenet_alexnet_GEN_kp75_seed456,0.75,0.464,88,False,0.75,alexnet,False,0,0,2,0.464,675,1,0.464,788,5,0,7,0.75,TINYIMAGENET_alexnet_GEN_accuracy_kp7500_seed456,456,60000,799,42,accuracy,100456,0.464,1,2.782362473630905,42.615650199353695,10,2.782362473630905,valid,0.4622711296178562,0.5106282652386235,0.4640000000000001,100456
GEN,0.464,675,675,offspring,0,0,TINYIMAGENET,800,main_b1000_tinyimagenet_alexnet_GEN_kp75_seed456,0.75,0.464,88,False,0.75,alexnet,False,0,0,1,0.464,788,5,0.464,675,1,0,8,0.75,TINYIMAGENET_alexnet_GEN_accuracy_kp7500_seed456,456,60000,800,42,accuracy,100456,0.464,1,2.782362473630905,42.2908528521657,10,2.782362473630905,valid,0.4622711296178562,0.5106282652386235,0.4640000000000001,100456
GEN,0.464,675,675,offspring,0,0,TINYIMAGENET,801,main_b1000_tinyimagenet_alexnet_GEN_kp75_seed456,0.75,0.464,88,False,0.75,alexnet,False,0,0,2,0.464,788,5,0.464,675,1,0,9,0.75,TINYIMAGENET_alexnet_GEN_accuracy_kp7500_seed456,456,60000,801,42,accuracy,100456,0.464,1,2.782362473630905,42.83076958358288,10,2.782362473630905,valid,0.4622711296178562,0.5106282652386235,0.4640000000000001,100456
GEN,0.464,675,675,offspring,0,0,TINYIMAGENET,802,main_b1000_tinyimagenet_alexnet_GEN_kp75_seed456,0.75,0.464,88,False,0.75,alexnet,False,0,0,1,0.464,787,4,0.464,786,3,0,10,0.75,TINYIMAGENET_alexnet_GEN_accuracy_kp7500_seed456,456,60000,802,42,accuracy,100456,0.464,1,2.782362473630905,42.83149520307779,10,2.782362473630905,valid,0.4622711296178562,0.5106282652386235,0.4640000000000001,100456
GEN,0.464,675,675,offspring,0,0,TINYIMAGENET,803,main_b1000_tinyimagenet_alexnet_GEN_kp75_seed456,0.75,0.464,89,False,0.75,alexnet,False,0,0,1,0.464,796,4,0.464,800,8,0,2,0.75,TINYIMAGENET_alexnet_GEN_accuracy_kp7500_seed456,456,60000,803,42,accuracy,100456,0.464,1,2.782362473630905,42.580437526106834,10,2.782362473630905,valid,0.4622711296178562,0.5106282652386235,0.4640000000000001,100456
GEN,0.464,675,675,offspring,0,0,TINYIMAGENET,804,main_b1000_tinyimagenet_alexnet_GEN_kp75_seed456,0.75,0.464,89,False,0.75,alexnet,False,0,0,2,0.464,796,4,0.464,800,8,0,3,0.75,TINYIMAGENET_alexnet_GEN_accuracy_kp7500_seed456,456,60000,804,42,accuracy,100456,0.464,1,2.782362473630905,42.49627999216318,10,2.782362473630905,valid,0.4622711296178562,0.5106282652386235,0.4640000000000001,100456
GEN,0.464,675,675,offspring,0,0,TINYIMAGENET,805,main_b1000_tinyimagenet_alexnet_GEN_kp75_seed456,0.75,0.464,89,False,0.75,alexnet,False,0,0,1,0.464,802,10,0.464,801,9,0,4,0.75,TINYIMAGENET_alexnet_GEN_accuracy_kp7500_seed456,456,60000,805,42,accuracy,100456,0.464,1,2.782362473630905,42.805431582033634,10,2.782362473630905,valid,0.4622711296178562,0.5106282652386235,0.4640000000000001,100456
GEN,0.464,675,675,offspring,0,0,TINYIMAGENET,806,main_b1000_tinyimagenet_alexnet_GEN_kp75_seed456,0.75,0.464,89,False,0.75,alexnet,False,0,0,2,0.464,802,10,0.464,801,9,0,5,0.75,TINYIMAGENET_alexnet_GEN_accuracy_kp7500_seed456,456,60000,806,42,accuracy,100456,0.464,1,2.782362473630905,42.91089116036892,10,2.782362473630905,valid,0.4622711296178562,0.5106282652386235,0.4640000000000001,100456
GEN,0.464,675,675,offspring,0,0,TINYIMAGENET,807,main_b1000_tinyimagenet_alexnet_GEN_kp75_seed456,0.75,0.464,89,False,0.75,alexnet,False,0,0,1,0.464,802,10,0.464,799,7,0,6,0.75,TINYIMAGENET_alexnet_GEN_accuracy_kp7500_seed456,456,60000,807,42,accuracy,100456,0.464,1,2.782362473630905,43.597060702741146,10,2.782362473630905,valid,0.4622711296178562,0.5106282652386235,0.4640000000000001,100456
GEN,0.464,675,675,offspring,0,0,TINYIMAGENET,808,main_b1000_tinyimagenet_alexnet_GEN_kp75_seed456,0.75,0.464,89,False,0.75,alexnet,False,0,0,2,0.464,802,10,0.464,799,7,0,7,0.75,TINYIMAGENET_alexnet_GEN_accuracy_kp7500_seed456,456,60000,808,42,accuracy,100456,0.464,1,2.782362473630905,42.744186624884605,10,2.782362473630905,valid,0.4622711296178562,0.5106282652386235,0.4640000000000001,100456
GEN,0.464,675,675,offspring,0,0,TINYIMAGENET,809,main_b1000_tinyimagenet_alexnet_GEN_kp75_seed456,0.75,0.464,89,False,0.75,alexnet,False,0,0,1,0.464,802,10,0.464,794,2,0,8,0.75,TINYIMAGENET_alexnet_GEN_accuracy_kp7500_seed456,456,60000,809,42,accuracy,100456,0.464,1,2.782362473630905,42.88575967401266,10,2.782362473630905,valid,0.4622711296178562,0.5106282652386235,0.4640000000000001,100456
GEN,0.464,675,675,offspring,0,0,TINYIMAGENET,810,main_b1000_tinyimagenet_alexnet_GEN_kp75_seed456,0.75,0.464,89,False,0.75,alexnet,False,0,0,2,0.464,802,10,0.464,794,2,0,9,0.75,TINYIMAGENET_alexnet_GEN_accuracy_kp7500_seed456,456,60000,810,42,accuracy,100456,0.464,1,2.782362473630905,43.18413578718901,10,2.782362473630905,valid,0.4622711296178562,0.5106282652386235,0.4640000000000001,100456
GEN,0.464,675,675,offspring,0,0,TINYIMAGENET,811,main_b1000_tinyimagenet_alexnet_GEN_kp75_seed456,0.75,0.464,89,False,0.75,alexnet,False,0,0,1,0.464,675,1,0.464,799,7,0,10,0.75,TINYIMAGENET_alexnet_GEN_accuracy_kp7500_seed456,456,60000,811,42,accuracy,100456,0.464,1,2.782362473630905,42.203457459807396,10,2.782362473630905,valid,0.4622711296178562,0.5106282652386235,0.4640000000000001,100456
GEN,0.464,675,675,offspring,0,0,TINYIMAGENET,812,main_b1000_tinyimagenet_alexnet_GEN_kp75_seed456,0.75,0.464,90,False,0.75,alexnet,False,0,0,1,0.464,804,3,0.464,807,6,0,2,0.75,TINYIMAGENET_alexnet_GEN_accuracy_kp7500_seed456,456,60000,812,42,accuracy,100456,0.464,1,2.782362473630905,42.87009223550558,10,2.782362473630905,valid,0.4622711296178562,0.5106282652386235,0.4640000000000001,100456
GEN,0.464,675,675,offspring,0,0,TINYIMAGENET,813,main_b1000_tinyimagenet_alexnet_GEN_kp75_seed456,0.75,0.4477,90,False,0.75,alexnet,True,6000,3000,2,0.464,804,3,0.464,807,6,0,3,0.75,TINYIMAGENET_alexnet_GEN_accuracy_kp7500_seed456,456,60000,813,42,accuracy,100456,0.4477,1,2.8590353178024293,42.86861065030098,10,2.8590353178024293,valid,0.44544139440634,0.5056289898900194,0.4477,100456
GEN,0.464,675,675,offspring,0,0,TINYIMAGENET,814,main_b1000_tinyimagenet_alexnet_GEN_kp75_seed456,0.75,0.464,90,False,0.75,alexnet,False,0,0,1,0.464,811,10,0.464,809,8,0,4,0.75,TINYIMAGENET_alexnet_GEN_accuracy_kp7500_seed456,456,60000,814,42,accuracy,100456,0.464,1,2.782362473630905,42.613469153642654,10,2.782362473630905,valid,0.4622711296178562,0.5106282652386235,0.4640000000000001,100456
GEN,0.464,675,675,offspring,0,0,TINYIMAGENET,815,main_b1000_tinyimagenet_alexnet_GEN_kp75_seed456,0.75,0.464,90,False,0.75,alexnet,False,0,0,2,0.464,811,10,0.464,809,8,0,5,0.75,TINYIMAGENET_alexnet_GEN_accuracy_kp7500_seed456,456,60000,815,42,accuracy,100456,0.464,1,2.782362473630905,42.452336236834526,10,2.782362473630905,valid,0.4622711296178562,0.5106282652386235,0.4640000000000001,100456
GEN,0.464,675,675,offspring,0,0,TINYIMAGENET,816,main_b1000_tinyimagenet_alexnet_GEN_kp75_seed456,0.75,0.464,90,False,0.75,alexnet,False,0,0,1,0.464,810,9,0.464,805,4,0,6,0.75,TINYIMAGENET_alexnet_GEN_accuracy_kp7500_seed456,456,60000,816,42,accuracy,100456,0.464,1,2.782362473630905,42.802120573818684,10,2.782362473630905,valid,0.4622711296178562,0.5106282652386235,0.4640000000000001,100456
GEN,0.464,675,675,offspring,0,0,TINYIMAGENET,817,main_b1000_tinyimagenet_alexnet_GEN_kp75_seed456,0.75,0.464,90,False,0.75,alexnet,False,0,0,2,0.464,810,9,0.464,805,4,0,7,0.75,TINYIMAGENET_alexnet_GEN_accuracy_kp7500_seed456,456,60000,817,42,accuracy,100456,0.464,1,2.782362473630905,42.87196183949709,10,2.782362473630905,valid,0.4622711296178562,0.5106282652386235,0.4640000000000001,100456
GEN,0.464,675,675,offspring,0,0,TINYIMAGENET,818,main_b1000_tinyimagenet_alexnet_GEN_kp75_seed456,0.75,0.464,90,False,0.75,alexnet,False,0,0,1,0.464,806,5,0.464,675,1,0,8,0.75,TINYIMAGENET_alexnet_GEN_accuracy_kp7500_seed456,456,60000,818,42,accuracy,100456,0.464,1,2.782362473630905,42.408842481672764,10,2.782362473630905,valid,0.4622711296178562,0.5106282652386235,0.4640000000000001,100456
GEN,0.464,675,675,offspring,0,0,TINYIMAGENET,819,main_b1000_tinyimagenet_alexnet_GEN_kp75_seed456,0.75,0.464,90,False,0.75,alexnet,False,0,0,2,0.464,806,5,0.464,675,1,0,9,0.75,TINYIMAGENET_alexnet_GEN_accuracy_kp7500_seed456,456,60000,819,42,accuracy,100456,0.464,1,2.782362473630905,42.819594480097294,10,2.782362473630905,valid,0.4622711296178562,0.5106282652386235,0.4640000000000001,100456
GEN,0.464,675,675,offspring,0,0,TINYIMAGENET,820,main_b1000_tinyimagenet_alexnet_GEN_kp75_seed456,0.75,0.4478,90,False,0.75,alexnet,True,6000,3000,1,0.464,807,6,0.464,805,4,0,10,0.75,TINYIMAGENET_alexnet_GEN_accuracy_kp7500_seed456,456,60000,820,42,accuracy,100456,0.4478,1,2.904624978017807,42.9007890149951,10,2.904624978017807,valid,0.4458059186287396,0.5044850359061299,0.44780000000000003,100456
GEN,0.464,675,675,offspring,0,0,TINYIMAGENET,821,main_b1000_tinyimagenet_alexnet_GEN_kp75_seed456,0.75,0.449,91,False,0.75,alexnet,True,6000,3000,1,0.464,675,1,0.464,819,9,0,2,0.75,TINYIMAGENET_alexnet_GEN_accuracy_kp7500_seed456,456,60000,821,42,accuracy,100456,0.449,1,2.8662788441181184,42.870056197047234,10,2.8662788441181184,valid,0.4480162500505761,0.5059688470750919,0.44900000000000007,100456
GEN,0.464,675,675,offspring,0,0,TINYIMAGENET,822,main_b1000_tinyimagenet_alexnet_GEN_kp75_seed456,0.75,0.464,91,False,0.75,alexnet,False,0,0,2,0.464,675,1,0.464,819,9,0,3,0.75,TINYIMAGENET_alexnet_GEN_accuracy_kp7500_seed456,456,60000,822,42,accuracy,100456,0.464,1,2.782362473630905,42.23862582445145,10,2.782362473630905,valid,0.4622711296178562,0.5106282652386235,0.4640000000000001,100456
GEN,0.464,675,675,offspring,0,0,TINYIMAGENET,823,main_b1000_tinyimagenet_alexnet_GEN_kp75_seed456,0.75,0.464,91,False,0.75,alexnet,False,0,0,1,0.464,815,5,0.464,817,7,0,4,0.75,TINYIMAGENET_alexnet_GEN_accuracy_kp7500_seed456,456,60000,823,42,accuracy,100456,0.464,1,2.782362473630905,42.86722729355097,10,2.782362473630905,valid,0.4622711296178562,0.5106282652386235,0.4640000000000001,100456
GEN,0.464,675,675,offspring,0,0,TINYIMAGENET,824,main_b1000_tinyimagenet_alexnet_GEN_kp75_seed456,0.75,0.464,91,False,0.75,alexnet,False,0,0,2,0.464,815,5,0.464,817,7,0,5,0.75,TINYIMAGENET_alexnet_GEN_accuracy_kp7500_seed456,456,60000,824,42,accuracy,100456,0.464,1,2.782362473630905,42.86535333096981,10,2.782362473630905,valid,0.4622711296178562,0.5106282652386235,0.4640000000000001,100456
GEN,0.464,675,675,offspring,0,0,TINYIMAGENET,825,main_b1000_tinyimagenet_alexnet_GEN_kp75_seed456,0.75,0.464,91,False,0.75,alexnet,False,0,0,1,0.464,675,1,0.464,814,4,0,6,0.75,TINYIMAGENET_alexnet_GEN_accuracy_kp7500_seed456,456,60000,825,42,accuracy,100456,0.464,1,2.782362473630905,42.57536268234253,10,2.782362473630905,valid,0.4622711296178562,0.5106282652386235,0.4640000000000001,100456
GEN,0.464,675,675,offspring,0,0,TINYIMAGENET,826,main_b1000_tinyimagenet_alexnet_GEN_kp75_seed456,0.75,0.464,91,False,0.75,alexnet,False,0,0,2,0.464,675,1,0.464,814,4,0,7,0.75,TINYIMAGENET_alexnet_GEN_accuracy_kp7500_seed456,456,60000,826,42,accuracy,100456,0.464,1,2.782362473630905,42.543919295072556,10,2.782362473630905,valid,0.4622711296178562,0.5106282652386235,0.4640000000000001,100456
GEN,0.464,675,675,offspring,0,0,TINYIMAGENET,827,main_b1000_tinyimagenet_alexnet_GEN_kp75_seed456,0.75,0.464,91,False,0.75,alexnet,False,0,0,1,0.464,815,5,0.464,816,6,0,8,0.75,TINYIMAGENET_alexnet_GEN_accuracy_kp7500_seed456,456,60000,827,42,accuracy,100456,0.464,1,2.782362473630905,42.81727120280266,10,2.782362473630905,valid,0.4622711296178562,0.5106282652386235,0.4640000000000001,100456
GEN,0.464,675,675,offspring,0,0,TINYIMAGENET,828,main_b1000_tinyimagenet_alexnet_GEN_kp75_seed456,0.75,0.464,91,False,0.75,alexnet,False,0,0,2,0.464,815,5,0.464,816,6,0,9,0.75,TINYIMAGENET_alexnet_GEN_accuracy_kp7500_seed456,456,60000,828,42,accuracy,100456,0.464,1,2.782362473630905,42.84959119558334,10,2.782362473630905,valid,0.4622711296178562,0.5106282652386235,0.4640000000000001,100456
GEN,0.464,675,675,offspring,0,0,TINYIMAGENET,829,main_b1000_tinyimagenet_alexnet_GEN_kp75_seed456,0.75,0.44235,91,False,0.75,alexnet,True,6000,3000,1,0.464,817,7,0.464,815,5,0,10,0.75,TINYIMAGENET_alexnet_GEN_accuracy_kp7500_seed456,456,60000,829,42,accuracy,100456,0.44235,1,2.9762653832912447,42.22229792177677,10,2.9762653832912447,valid,0.43865313748806345,0.5113704368491685,0.44235,100456
GEN,0.464,675,675,offspring,0,0,TINYIMAGENET,830,main_b1000_tinyimagenet_alexnet_GEN_kp75_seed456,0.75,0.464,92,False,0.75,alexnet,False,0,0,1,0.464,823,4,0.464,826,7,0,2,0.75,TINYIMAGENET_alexnet_GEN_accuracy_kp7500_seed456,456,60000,830,42,accuracy,100456,0.464,1,2.782362473630905,42.82422908395529,10,2.782362473630905,valid,0.4622711296178562,0.5106282652386235,0.4640000000000001,100456
GEN,0.464,675,675,offspring,0,0,TINYIMAGENET,831,main_b1000_tinyimagenet_alexnet_GEN_kp75_seed456,0.75,0.464,92,False,0.75,alexnet,False,0,0,2,0.464,823,4,0.464,826,7,0,3,0.75,TINYIMAGENET_alexnet_GEN_accuracy_kp7500_seed456,456,60000,831,42,accuracy,100456,0.464,1,2.782362473630905,42.873339496552944,10,2.782362473630905,valid,0.4622711296178562,0.5106282652386235,0.4640000000000001,100456
GEN,0.464,675,675,offspring,0,0,TINYIMAGENET,832,main_b1000_tinyimagenet_alexnet_GEN_kp75_seed456,0.75,0.464,92,False,0.75,alexnet,False,0,0,1,0.464,675,1,0.464,826,7,0,4,0.75,TINYIMAGENET_alexnet_GEN_accuracy_kp7500_seed456,456,60000,832,42,accuracy,100456,0.464,1,2.782362473630905,42.502943344414234,10,2.782362473630905,valid,0.4622711296178562,0.5106282652386235,0.4640000000000001,100456
GEN,0.464,675,675,offspring,0,0,TINYIMAGENET,833,main_b1000_tinyimagenet_alexnet_GEN_kp75_seed456,0.75,0.464,92,False,0.75,alexnet,False,0,0,2,0.464,675,1,0.464,826,7,0,5,0.75,TINYIMAGENET_alexnet_GEN_accuracy_kp7500_seed456,456,60000,833,42,accuracy,100456,0.464,1,2.782362473630905,42.520353719592094,10,2.782362473630905,valid,0.4622711296178562,0.5106282652386235,0.4640000000000001,100456
GEN,0.464,675,675,offspring,0,0,TINYIMAGENET,834,main_b1000_tinyimagenet_alexnet_GEN_kp75_seed456,0.75,0.464,92,False,0.75,alexnet,False,0,0,1,0.464,828,9,0.464,826,7,0,6,0.75,TINYIMAGENET_alexnet_GEN_accuracy_kp7500_seed456,456,60000,834,42,accuracy,100456,0.464,1,2.782362473630905,42.90045711398125,10,2.782362473630905,valid,0.4622711296178562,0.5106282652386235,0.4640000000000001,100456
GEN,0.464,675,675,offspring,0,0,TINYIMAGENET,835,main_b1000_tinyimagenet_alexnet_GEN_kp75_seed456,0.75,0.464,92,False,0.75,alexnet,False,0,0,2,0.464,828,9,0.464,826,7,0,7,0.75,TINYIMAGENET_alexnet_GEN_accuracy_kp7500_seed456,456,60000,835,42,accuracy,100456,0.464,1,2.782362473630905,42.88495445251465,10,2.782362473630905,valid,0.4622711296178562,0.5106282652386235,0.4640000000000001,100456
GEN,0.464,675,675,offspring,0,0,TINYIMAGENET,836,main_b1000_tinyimagenet_alexnet_GEN_kp75_seed456,0.75,0.464,92,False,0.75,alexnet,False,0,0,1,0.464,675,1,0.464,822,3,0,8,0.75,TINYIMAGENET_alexnet_GEN_accuracy_kp7500_seed456,456,60000,836,42,accuracy,100456,0.464,1,2.782362473630905,42.629561476409435,10,2.782362473630905,valid,0.4622711296178562,0.5106282652386235,0.4640000000000001,100456
GEN,0.464,675,675,offspring,0,0,TINYIMAGENET,837,main_b1000_tinyimagenet_alexnet_GEN_kp75_seed456,0.75,0.464,92,False,0.75,alexnet,False,0,0,2,0.464,675,1,0.464,822,3,0,9,0.75,TINYIMAGENET_alexnet_GEN_accuracy_kp7500_seed456,456,60000,837,42,accuracy,100456,0.464,1,2.782362473630905,42.684206150472164,10,2.782362473630905,valid,0.4622711296178562,0.5106282652386235,0.4640000000000001,100456
GEN,0.464,675,675,offspring,0,0,TINYIMAGENET,838,main_b1000_tinyimagenet_alexnet_GEN_kp75_seed456,0.75,0.464,92,False,0.75,alexnet,False,0,0,1,0.464,826,7,0.464,824,5,0,10,0.75,TINYIMAGENET_alexnet_GEN_accuracy_kp7500_seed456,456,60000,838,42,accuracy,100456,0.464,1,2.782362473630905,42.97803048789501,10,2.782362473630905,valid,0.4622711296178562,0.5106282652386235,0.4640000000000001,100456
GEN,0.464,675,675,offspring,0,0,TINYIMAGENET,839,main_b1000_tinyimagenet_alexnet_GEN_kp75_seed456,0.75,0.464,93,False,0.75,alexnet,False,0,0,1,0.464,834,6,0.464,830,2,0,2,0.75,TINYIMAGENET_alexnet_GEN_accuracy_kp7500_seed456,456,60000,839,42,accuracy,100456,0.464,1,2.782362473630905,42.90296123176813,10,2.782362473630905,valid,0.4622711296178562,0.5106282652386235,0.4640000000000001,100456
GEN,0.464,675,675,offspring,0,0,TINYIMAGENET,840,main_b1000_tinyimagenet_alexnet_GEN_kp75_seed456,0.75,0.464,93,False,0.75,alexnet,False,0,0,2,0.464,834,6,0.464,830,2,0,3,0.75,TINYIMAGENET_alexnet_GEN_accuracy_kp7500_seed456,456,60000,840,42,accuracy,100456,0.464,1,2.782362473630905,42.296403884887695,10,2.782362473630905,valid,0.4622711296178562,0.5106282652386235,0.4640000000000001,100456
GEN,0.464,675,675,offspring,0,0,TINYIMAGENET,841,main_b1000_tinyimagenet_alexnet_GEN_kp75_seed456,0.75,0.464,93,False,0.75,alexnet,False,0,0,1,0.464,675,1,0.464,833,5,0,4,0.75,TINYIMAGENET_alexnet_GEN_accuracy_kp7500_seed456,456,60000,841,42,accuracy,100456,0.464,1,2.782362473630905,42.76628661155701,10,2.782362473630905,valid,0.4622711296178562,0.5106282652386235,0.4640000000000001,100456
GEN,0.464,675,675,offspring,0,0,TINYIMAGENET,842,main_b1000_tinyimagenet_alexnet_GEN_kp75_seed456,0.75,0.464,93,False,0.75,alexnet,False,0,0,2,0.464,675,1,0.464,833,5,0,5,0.75,TINYIMAGENET_alexnet_GEN_accuracy_kp7500_seed456,456,60000,842,42,accuracy,100456,0.464,1,2.782362473630905,42.92511701583862,10,2.782362473630905,valid,0.4622711296178562,0.5106282652386235,0.4640000000000001,100456
GEN,0.464,675,675,offspring,0,0,TINYIMAGENET,843,main_b1000_tinyimagenet_alexnet_GEN_kp75_seed456,0.75,0.464,93,False,0.75,alexnet,False,0,0,1,0.464,837,9,0.464,836,8,0,6,0.75,TINYIMAGENET_alexnet_GEN_accuracy_kp7500_seed456,456,60000,843,42,accuracy,100456,0.464,1,2.782362473630905,42.91146972775459,10,2.782362473630905,valid,0.4622711296178562,0.5106282652386235,0.4640000000000001,100456
GEN,0.464,675,675,offspring,0,0,TINYIMAGENET,844,main_b1000_tinyimagenet_alexnet_GEN_kp75_seed456,0.75,0.464,93,False,0.75,alexnet,False,0,0,2,0.464,837,9,0.464,836,8,0,7,0.75,TINYIMAGENET_alexnet_GEN_accuracy_kp7500_seed456,456,60000,844,42,accuracy,100456,0.464,1,2.782362473630905,42.300528436899185,10,2.782362473630905,valid,0.4622711296178562,0.5106282652386235,0.4640000000000001,100456
GEN,0.464,675,675,offspring,0,0,TINYIMAGENET,845,main_b1000_tinyimagenet_alexnet_GEN_kp75_seed456,0.75,0.464,93,False,0.75,alexnet,False,0,0,1,0.464,836,8,0.464,830,2,0,8,0.75,TINYIMAGENET_alexnet_GEN_accuracy_kp7500_seed456,456,60000,845,42,accuracy,100456,0.464,1,2.782362473630905,42.84318886697292,10,2.782362473630905,valid,0.4622711296178562,0.5106282652386235,0.4640000000000001,100456
GEN,0.464,675,675,offspring,0,0,TINYIMAGENET,846,main_b1000_tinyimagenet_alexnet_GEN_kp75_seed456,0.75,0.464,93,False,0.75,alexnet,False,0,0,2,0.464,836,8,0.464,830,2,0,9,0.75,TINYIMAGENET_alexnet_GEN_accuracy_kp7500_seed456,456,60000,846,42,accuracy,100456,0.464,1,2.782362473630905,42.90202187746763,10,2.782362473630905,valid,0.4622711296178562,0.5106282652386235,0.4640000000000001,100456
GEN,0.464,675,675,offspring,0,0,TINYIMAGENET,847,main_b1000_tinyimagenet_alexnet_GEN_kp75_seed456,0.75,0.464,93,False,0.75,alexnet,False,0,0,1,0.464,838,10,0.464,833,5,0,10,0.75,TINYIMAGENET_alexnet_GEN_accuracy_kp7500_seed456,456,60000,847,42,accuracy,100456,0.464,1,2.782362473630905,42.701974496245384,10,2.782362473630905,valid,0.4622711296178562,0.5106282652386235,0.4640000000000001,100456
GEN,0.464,675,675,offspring,0,0,TINYIMAGENET,848,main_b1000_tinyimagenet_alexnet_GEN_kp75_seed456,0.75,0.464,94,False,0.75,alexnet,False,0,0,1,0.464,675,1,0.464,840,3,0,2,0.75,TINYIMAGENET_alexnet_GEN_accuracy_kp7500_seed456,456,60000,848,42,accuracy,100456,0.464,1,2.782362473630905,42.467783473432064,10,2.782362473630905,valid,0.4622711296178562,0.5106282652386235,0.4640000000000001,100456
GEN,0.464,675,675,offspring,0,0,TINYIMAGENET,849,main_b1000_tinyimagenet_alexnet_GEN_kp75_seed456,0.75,0.464,94,False,0.75,alexnet,False,0,0,2,0.464,675,1,0.464,840,3,0,3,0.75,TINYIMAGENET_alexnet_GEN_accuracy_kp7500_seed456,456,60000,849,42,accuracy,100456,0.464,1,2.782362473630905,42.84112694859505,10,2.782362473630905,valid,0.4622711296178562,0.5106282652386235,0.4640000000000001,100456
GEN,0.464,675,675,offspring,0,0,TINYIMAGENET,850,main_b1000_tinyimagenet_alexnet_GEN_kp75_seed456,0.75,0.464,94,False,0.75,alexnet,False,0,0,1,0.464,675,1,0.464,846,9,0,4,0.75,TINYIMAGENET_alexnet_GEN_accuracy_kp7500_seed456,456,60000,850,42,accuracy,100456,0.464,1,2.782362473630905,42.96626877784729,10,2.782362473630905,valid,0.4622711296178562,0.5106282652386235,0.4640000000000001,100456
GEN,0.464,675,675,offspring,0,0,TINYIMAGENET,851,main_b1000_tinyimagenet_alexnet_GEN_kp75_seed456,0.75,0.464,94,False,0.75,alexnet,False,0,0,2,0.464,675,1,0.464,846,9,0,5,0.75,TINYIMAGENET_alexnet_GEN_accuracy_kp7500_seed456,456,60000,851,42,accuracy,100456,0.464,1,2.782362473630905,42.27034432440996,10,2.782362473630905,valid,0.4622711296178562,0.5106282652386235,0.4640000000000001,100456
GEN,0.464,675,675,offspring,0,0,TINYIMAGENET,852,main_b1000_tinyimagenet_alexnet_GEN_kp75_seed456,0.75,0.464,94,False,0.75,alexnet,False,0,0,1,0.464,844,7,0.464,847,10,0,6,0.75,TINYIMAGENET_alexnet_GEN_accuracy_kp7500_seed456,456,60000,852,42,accuracy,100456,0.464,1,2.782362473630905,42.8951051235199,10,2.782362473630905,valid,0.4622711296178562,0.5106282652386235,0.4640000000000001,100456
GEN,0.464,675,675,offspring,0,0,TINYIMAGENET,853,main_b1000_tinyimagenet_alexnet_GEN_kp75_seed456,0.75,0.464,94,False,0.75,alexnet,False,0,0,2,0.464,844,7,0.464,847,10,0,7,0.75,TINYIMAGENET_alexnet_GEN_accuracy_kp7500_seed456,456,60000,853,42,accuracy,100456,0.464,1,2.782362473630905,42.99011591821909,10,2.782362473630905,valid,0.4622711296178562,0.5106282652386235,0.4640000000000001,100456
GEN,0.464,675,675,offspring,0,0,TINYIMAGENET,854,main_b1000_tinyimagenet_alexnet_GEN_kp75_seed456,0.75,0.464,94,False,0.75,alexnet,False,0,0,1,0.464,843,6,0.464,845,8,0,8,0.75,TINYIMAGENET_alexnet_GEN_accuracy_kp7500_seed456,456,60000,854,42,accuracy,100456,0.464,1,2.782362473630905,42.84021283686161,10,2.782362473630905,valid,0.4622711296178562,0.5106282652386235,0.4640000000000001,100456
GEN,0.464,675,675,offspring,0,0,TINYIMAGENET,855,main_b1000_tinyimagenet_alexnet_GEN_kp75_seed456,0.75,0.464,94,False,0.75,alexnet,False,0,0,2,0.464,843,6,0.464,845,8,0,9,0.75,TINYIMAGENET_alexnet_GEN_accuracy_kp7500_seed456,456,60000,855,42,accuracy,100456,0.464,1,2.782362473630905,42.48673304915428,10,2.782362473630905,valid,0.4622711296178562,0.5106282652386235,0.4640000000000001,100456
GEN,0.464,675,675,offspring,0,0,TINYIMAGENET,856,main_b1000_tinyimagenet_alexnet_GEN_kp75_seed456,0.75,0.464,94,False,0.75,alexnet,False,0,0,1,0.464,846,9,0.464,843,6,0,10,0.75,TINYIMAGENET_alexnet_GEN_accuracy_kp7500_seed456,456,60000,856,42,accuracy,100456,0.464,1,2.782362473630905,42.86583849787712,10,2.782362473630905,valid,0.4622711296178562,0.5106282652386235,0.4640000000000001,100456
GEN,0.464,675,675,offspring,0,0,TINYIMAGENET,857,main_b1000_tinyimagenet_alexnet_GEN_kp75_seed456,0.75,0.464,95,False,0.75,alexnet,False,0,0,1,0.464,851,5,0.464,675,1,0,2,0.75,TINYIMAGENET_alexnet_GEN_accuracy_kp7500_seed456,456,60000,857,42,accuracy,100456,0.464,1,2.782362473630905,42.957781471312046,10,2.782362473630905,valid,0.4622711296178562,0.5106282652386235,0.4640000000000001,100456
GEN,0.464,675,675,offspring,0,0,TINYIMAGENET,858,main_b1000_tinyimagenet_alexnet_GEN_kp75_seed456,0.75,0.464,95,False,0.75,alexnet,False,0,0,2,0.464,851,5,0.464,675,1,0,3,0.75,TINYIMAGENET_alexnet_GEN_accuracy_kp7500_seed456,456,60000,858,42,accuracy,100456,0.464,1,2.782362473630905,42.495508670806885,10,2.782362473630905,valid,0.4622711296178562,0.5106282652386235,0.4640000000000001,100456
GEN,0.464,675,675,offspring,0,0,TINYIMAGENET,859,main_b1000_tinyimagenet_alexnet_GEN_kp75_seed456,0.75,0.464,95,False,0.75,alexnet,False,0,0,1,0.464,854,8,0.464,853,7,0,4,0.75,TINYIMAGENET_alexnet_GEN_accuracy_kp7500_seed456,456,60000,859,42,accuracy,100456,0.464,1,2.782362473630905,42.669017657637596,10,2.782362473630905,valid,0.4622711296178562,0.5106282652386235,0.4640000000000001,100456
GEN,0.464,675,675,offspring,0,0,TINYIMAGENET,860,main_b1000_tinyimagenet_alexnet_GEN_kp75_seed456,0.75,0.464,95,False,0.75,alexnet,False,0,0,2,0.464,854,8,0.464,853,7,0,5,0.75,TINYIMAGENET_alexnet_GEN_accuracy_kp7500_seed456,456,60000,860,42,accuracy,100456,0.464,1,2.782362473630905,42.89321859180927,10,2.782362473630905,valid,0.4622711296178562,0.5106282652386235,0.4640000000000001,100456
GEN,0.464,675,675,offspring,0,0,TINYIMAGENET,861,main_b1000_tinyimagenet_alexnet_GEN_kp75_seed456,0.75,0.464,95,False,0.75,alexnet,False,0,0,1,0.464,855,9,0.464,852,6,0,6,0.75,TINYIMAGENET_alexnet_GEN_accuracy_kp7500_seed456,456,60000,861,42,accuracy,100456,0.464,1,2.782362473630905,42.98695703595877,10,2.782362473630905,valid,0.4622711296178562,0.5106282652386235,0.4640000000000001,100456
GEN,0.464,675,675,offspring,0,0,TINYIMAGENET,862,main_b1000_tinyimagenet_alexnet_GEN_kp75_seed456,0.75,0.464,95,False,0.75,alexnet,False,0,0,2,0.464,855,9,0.464,852,6,0,7,0.75,TINYIMAGENET_alexnet_GEN_accuracy_kp7500_seed456,456,60000,862,42,accuracy,100456,0.464,1,2.782362473630905,42.34569654613733,10,2.782362473630905,valid,0.4622711296178562,0.5106282652386235,0.4640000000000001,100456
GEN,0.464,675,675,offspring,0,0,TINYIMAGENET,863,main_b1000_tinyimagenet_alexnet_GEN_kp75_seed456,0.75,0.464,95,False,0.75,alexnet,False,0,0,1,0.464,854,8,0.464,851,5,0,8,0.75,TINYIMAGENET_alexnet_GEN_accuracy_kp7500_seed456,456,60000,863,42,accuracy,100456,0.464,1,2.782362473630905,42.91815499216318,10,2.782362473630905,valid,0.4622711296178562,0.5106282652386235,0.4640000000000001,100456
GEN,0.464,675,675,offspring,0,0,TINYIMAGENET,864,main_b1000_tinyimagenet_alexnet_GEN_kp75_seed456,0.75,0.464,95,False,0.75,alexnet,False,0,0,2,0.464,854,8,0.464,851,5,0,9,0.75,TINYIMAGENET_alexnet_GEN_accuracy_kp7500_seed456,456,60000,864,42,accuracy,100456,0.464,1,2.782362473630905,42.974311612546444,10,2.782362473630905,valid,0.4622711296178562,0.5106282652386235,0.4640000000000001,100456
GEN,0.464,675,675,offspring,0,0,TINYIMAGENET,865,main_b1000_tinyimagenet_alexnet_GEN_kp75_seed456,0.75,0.4492,95,False,0.75,alexnet,True,6000,3000,1,0.464,850,4,0.464,675,1,0,10,0.75,TINYIMAGENET_alexnet_GEN_accuracy_kp7500_seed456,456,60000,865,42,accuracy,100456,0.4492,1,2.8865648588776587,42.93916731327772,10,2.8865648588776587,valid,0.4475222831735002,0.5124688945934699,0.44920000000000004,100456
GEN,0.464,675,675,offspring,0,0,TINYIMAGENET,866,main_b1000_tinyimagenet_alexnet_GEN_kp75_seed456,0.75,0.464,96,False,0.75,alexnet,False,0,0,1,0.464,858,3,0.464,861,6,0,2,0.75,TINYIMAGENET_alexnet_GEN_accuracy_kp7500_seed456,456,60000,866,42,accuracy,100456,0.464,1,2.782362473630905,42.35667662322521,10,2.782362473630905,valid,0.4622711296178562,0.5106282652386235,0.4640000000000001,100456
GEN,0.464,675,675,offspring,0,0,TINYIMAGENET,867,main_b1000_tinyimagenet_alexnet_GEN_kp75_seed456,0.75,0.464,96,False,0.75,alexnet,False,0,0,2,0.464,858,3,0.464,861,6,0,3,0.75,TINYIMAGENET_alexnet_GEN_accuracy_kp7500_seed456,456,60000,867,42,accuracy,100456,0.464,1,2.782362473630905,42.99719866365194,10,2.782362473630905,valid,0.4622711296178562,0.5106282652386235,0.4640000000000001,100456
GEN,0.464,675,675,offspring,0,0,TINYIMAGENET,868,main_b1000_tinyimagenet_alexnet_GEN_kp75_seed456,0.75,0.464,96,False,0.75,alexnet,False,0,0,1,0.464,864,9,0.464,859,4,0,4,0.75,TINYIMAGENET_alexnet_GEN_accuracy_kp7500_seed456,456,60000,868,42,accuracy,100456,0.464,1,2.782362473630905,42.98797254264355,10,2.782362473630905,valid,0.4622711296178562,0.5106282652386235,0.4640000000000001,100456
GEN,0.464,675,675,offspring,0,0,TINYIMAGENET,869,main_b1000_tinyimagenet_alexnet_GEN_kp75_seed456,0.75,0.464,96,False,0.75,alexnet,False,0,0,2,0.464,864,9,0.464,859,4,0,5,0.75,TINYIMAGENET_alexnet_GEN_accuracy_kp7500_seed456,456,60000,869,42,accuracy,100456,0.464,1,2.782362473630905,42.59563187509775,10,2.782362473630905,valid,0.4622711296178562,0.5106282652386235,0.4640000000000001,100456
GEN,0.464,675,675,offspring,0,0,TINYIMAGENET,870,main_b1000_tinyimagenet_alexnet_GEN_kp75_seed456,0.75,0.464,96,False,0.75,alexnet,False,0,0,1,0.464,863,8,0.464,675,1,0,6,0.75,TINYIMAGENET_alexnet_GEN_accuracy_kp7500_seed456,456,60000,870,42,accuracy,100456,0.464,1,2.782362473630905,42.68100403994322,10,2.782362473630905,valid,0.4622711296178562,0.5106282652386235,0.4640000000000001,100456
GEN,0.464,675,675,offspring,0,0,TINYIMAGENET,871,main_b1000_tinyimagenet_alexnet_GEN_kp75_seed456,0.75,0.464,96,False,0.75,alexnet,False,0,0,2,0.464,863,8,0.464,675,1,0,7,0.75,TINYIMAGENET_alexnet_GEN_accuracy_kp7500_seed456,456,60000,871,42,accuracy,100456,0.464,1,2.782362473630905,42.96952399611473,10,2.782362473630905,valid,0.4622711296178562,0.5106282652386235,0.4640000000000001,100456
GEN,0.464,675,675,offspring,0,0,TINYIMAGENET,872,main_b1000_tinyimagenet_alexnet_GEN_kp75_seed456,0.75,0.464,96,False,0.75,alexnet,False,0,0,1,0.464,857,2,0.464,862,7,0,8,0.75,TINYIMAGENET_alexnet_GEN_accuracy_kp7500_seed456,456,60000,872,42,accuracy,100456,0.464,1,2.782362473630905,43.03420438617468,10,2.782362473630905,valid,0.4622711296178562,0.5106282652386235,0.4640000000000001,100456
GEN,0.464,675,675,offspring,0,0,TINYIMAGENET,873,main_b1000_tinyimagenet_alexnet_GEN_kp75_seed456,0.75,0.464,96,False,0.75,alexnet,False,0,0,2,0.464,857,2,0.464,862,7,0,9,0.75,TINYIMAGENET_alexnet_GEN_accuracy_kp7500_seed456,456,60000,873,42,accuracy,100456,0.464,1,2.782362473630905,42.38901053369045,10,2.782362473630905,valid,0.4622711296178562,0.5106282652386235,0.4640000000000001,100456
GEN,0.464,675,675,offspring,0,0,TINYIMAGENET,874,main_b1000_tinyimagenet_alexnet_GEN_kp75_seed456,0.75,0.464,96,False,0.75,alexnet,False,0,0,1,0.464,857,2,0.464,858,3,0,10,0.75,TINYIMAGENET_alexnet_GEN_accuracy_kp7500_seed456,456,60000,874,42,accuracy,100456,0.464,1,2.782362473630905,42.87813809514046,10,2.782362473630905,valid,0.4622711296178562,0.5106282652386235,0.4640000000000001,100456
GEN,0.464,675,675,offspring,0,0,TINYIMAGENET,875,main_b1000_tinyimagenet_alexnet_GEN_kp75_seed456,0.75,0.464,97,False,0.75,alexnet,False,0,0,1,0.464,874,10,0.464,869,5,0,2,0.75,TINYIMAGENET_alexnet_GEN_accuracy_kp7500_seed456,456,60000,875,42,accuracy,100456,0.464,1,2.782362473630905,42.885919496417046,10,2.782362473630905,valid,0.4622711296178562,0.5106282652386235,0.4640000000000001,100456
GEN,0.464,675,675,offspring,0,0,TINYIMAGENET,876,main_b1000_tinyimagenet_alexnet_GEN_kp75_seed456,0.75,0.464,97,False,0.75,alexnet,False,0,0,2,0.464,874,10,0.464,869,5,0,3,0.75,TINYIMAGENET_alexnet_GEN_accuracy_kp7500_seed456,456,60000,876,42,accuracy,100456,0.464,1,2.782362473630905,42.84864201396704,10,2.782362473630905,valid,0.4622711296178562,0.5106282652386235,0.4640000000000001,100456
GEN,0.464,675,675,offspring,0,0,TINYIMAGENET,877,main_b1000_tinyimagenet_alexnet_GEN_kp75_seed456,0.75,0.464,97,False,0.75,alexnet,False,0,0,1,0.464,868,4,0.464,873,9,0,4,0.75,TINYIMAGENET_alexnet_GEN_accuracy_kp7500_seed456,456,60000,877,42,accuracy,100456,0.464,1,2.782362473630905,42.42806242406368,10,2.782362473630905,valid,0.4622711296178562,0.5106282652386235,0.4640000000000001,100456
GEN,0.464,675,675,offspring,0,0,TINYIMAGENET,878,main_b1000_tinyimagenet_alexnet_GEN_kp75_seed456,0.75,0.464,97,False,0.75,alexnet,False,0,0,2,0.464,868,4,0.464,873,9,0,5,0.75,TINYIMAGENET_alexnet_GEN_accuracy_kp7500_seed456,456,60000,878,42,accuracy,100456,0.464,1,2.782362473630905,42.893686048686504,10,2.782362473630905,valid,0.4622711296178562,0.5106282652386235,0.4640000000000001,100456
GEN,0.464,675,675,offspring,0,0,TINYIMAGENET,879,main_b1000_tinyimagenet_alexnet_GEN_kp75_seed456,0.75,0.464,97,False,0.75,alexnet,False,0,0,1,0.464,868,4,0.464,867,3,0,6,0.75,TINYIMAGENET_alexnet_GEN_accuracy_kp7500_seed456,456,60000,879,42,accuracy,100456,0.464,1,2.782362473630905,42.981148049235344,10,2.782362473630905,valid,0.4622711296178562,0.5106282652386235,0.4640000000000001,100456
GEN,0.464,675,675,offspring,0,0,TINYIMAGENET,880,main_b1000_tinyimagenet_alexnet_GEN_kp75_seed456,0.75,0.464,97,False,0.75,alexnet,False,0,0,2,0.464,868,4,0.464,867,3,0,7,0.75,TINYIMAGENET_alexnet_GEN_accuracy_kp7500_seed456,456,60000,880,42,accuracy,100456,0.464,1,2.782362473630905,42.293093986809254,10,2.782362473630905,valid,0.4622711296178562,0.5106282652386235,0.4640000000000001,100456
GEN,0.464,675,675,offspring,0,0,TINYIMAGENET,881,main_b1000_tinyimagenet_alexnet_GEN_kp75_seed456,0.75,0.464,97,False,0.75,alexnet,False,0,0,1,0.464,873,9,0.464,675,1,0,8,0.75,TINYIMAGENET_alexnet_GEN_accuracy_kp7500_seed456,456,60000,881,42,accuracy,100456,0.464,1,2.782362473630905,42.95670835673809,10,2.782362473630905,valid,0.4622711296178562,0.5106282652386235,0.4640000000000001,100456
GEN,0.464,675,675,offspring,0,0,TINYIMAGENET,882,main_b1000_tinyimagenet_alexnet_GEN_kp75_seed456,0.75,0.464,97,False,0.75,alexnet,False,0,0,2,0.464,873,9,0.464,675,1,0,9,0.75,TINYIMAGENET_alexnet_GEN_accuracy_kp7500_seed456,456,60000,882,42,accuracy,100456,0.464,1,2.782362473630905,42.98668737709522,10,2.782362473630905,valid,0.4622711296178562,0.5106282652386235,0.4640000000000001,100456
GEN,0.464,675,675,offspring,0,0,TINYIMAGENET,883,main_b1000_tinyimagenet_alexnet_GEN_kp75_seed456,0.75,0.464,97,False,0.75,alexnet,False,0,0,1,0.464,867,3,0.464,675,1,0,10,0.75,TINYIMAGENET_alexnet_GEN_accuracy_kp7500_seed456,456,60000,883,42,accuracy,100456,0.464,1,2.782362473630905,42.90897932648659,10,2.782362473630905,valid,0.4622711296178562,0.5106282652386235,0.4640000000000001,100456
GEN,0.464,675,675,offspring,0,0,TINYIMAGENET,884,main_b1000_tinyimagenet_alexnet_GEN_kp75_seed456,0.75,0.464,98,False,0.75,alexnet,False,0,0,1,0.464,883,10,0.464,876,3,0,2,0.75,TINYIMAGENET_alexnet_GEN_accuracy_kp7500_seed456,456,60000,884,42,accuracy,100456,0.464,1,2.782362473630905,42.28647005558014,10,2.782362473630905,valid,0.4622711296178562,0.5106282652386235,0.4640000000000001,100456
GEN,0.464,675,675,offspring,0,0,TINYIMAGENET,885,main_b1000_tinyimagenet_alexnet_GEN_kp75_seed456,0.75,0.464,98,False,0.75,alexnet,False,0,0,2,0.464,883,10,0.464,876,3,0,3,0.75,TINYIMAGENET_alexnet_GEN_accuracy_kp7500_seed456,456,60000,885,42,accuracy,100456,0.464,1,2.782362473630905,42.96757157146931,10,2.782362473630905,valid,0.4622711296178562,0.5106282652386235,0.4640000000000001,100456
GEN,0.464,675,675,offspring,0,0,TINYIMAGENET,886,main_b1000_tinyimagenet_alexnet_GEN_kp75_seed456,0.75,0.464,98,False,0.75,alexnet,False,0,0,1,0.464,883,10,0.464,879,6,0,4,0.75,TINYIMAGENET_alexnet_GEN_accuracy_kp7500_seed456,456,60000,886,42,accuracy,100456,0.464,1,2.782362473630905,42.973403185606,10,2.782362473630905,valid,0.4622711296178562,0.5106282652386235,0.4640000000000001,100456
GEN,0.464,675,675,offspring,0,0,TINYIMAGENET,887,main_b1000_tinyimagenet_alexnet_GEN_kp75_seed456,0.75,0.464,98,False,0.75,alexnet,False,0,0,2,0.464,883,10,0.464,879,6,0,5,0.75,TINYIMAGENET_alexnet_GEN_accuracy_kp7500_seed456,456,60000,887,42,accuracy,100456,0.464,1,2.782362473630905,42.64961351454258,10,2.782362473630905,valid,0.4622711296178562,0.5106282652386235,0.4640000000000001,100456
GEN,0.464,675,675,offspring,0,0,TINYIMAGENET,888,main_b1000_tinyimagenet_alexnet_GEN_kp75_seed456,0.75,0.4479,98,False,0.75,alexnet,True,6000,3000,1,0.464,881,8,0.464,883,10,0,6,0.75,TINYIMAGENET_alexnet_GEN_accuracy_kp7500_seed456,456,60000,888,42,accuracy,100456,0.4479,1,2.883077667140961,42.63657569140196,10,2.883077667140961,valid,0.4485727284533776,0.5036521825641797,0.44789999999999996,100456
GEN,0.464,675,675,offspring,0,0,TINYIMAGENET,889,main_b1000_tinyimagenet_alexnet_GEN_kp75_seed456,0.75,0.464,98,False,0.75,alexnet,False,0,0,2,0.464,881,8,0.464,883,10,0,7,0.75,TINYIMAGENET_alexnet_GEN_accuracy_kp7500_seed456,456,60000,889,42,accuracy,100456,0.464,1,2.782362473630905,42.95165218412876,10,2.782362473630905,valid,0.4622711296178562,0.5106282652386235,0.4640000000000001,100456
GEN,0.464,675,675,offspring,0,0,TINYIMAGENET,890,main_b1000_tinyimagenet_alexnet_GEN_kp75_seed456,0.75,0.464,98,False,0.75,alexnet,False,0,0,1,0.464,881,8,0.464,875,2,0,8,0.75,TINYIMAGENET_alexnet_GEN_accuracy_kp7500_seed456,456,60000,890,42,accuracy,100456,0.464,1,2.782362473630905,43.05839433521032,10,2.782362473630905,valid,0.4622711296178562,0.5106282652386235,0.4640000000000001,100456
GEN,0.464,675,675,offspring,0,0,TINYIMAGENET,891,main_b1000_tinyimagenet_alexnet_GEN_kp75_seed456,0.75,0.464,98,False,0.75,alexnet,False,0,0,2,0.464,881,8,0.464,875,2,0,9,0.75,TINYIMAGENET_alexnet_GEN_accuracy_kp7500_seed456,456,60000,891,42,accuracy,100456,0.464,1,2.782362473630905,42.36149709671736,10,2.782362473630905,valid,0.4622711296178562,0.5106282652386235,0.4640000000000001,100456
GEN,0.464,675,675,offspring,0,0,TINYIMAGENET,892,main_b1000_tinyimagenet_alexnet_GEN_kp75_seed456,0.75,0.464,98,False,0.75,alexnet,False,0,0,1,0.464,882,9,0.464,879,6,0,10,0.75,TINYIMAGENET_alexnet_GEN_accuracy_kp7500_seed456,456,60000,892,42,accuracy,100456,0.464,1,2.782362473630905,42.991689234972,10,2.782362473630905,valid,0.4622711296178562,0.5106282652386235,0.4640000000000001,100456
GEN,0.464,675,675,offspring,0,0,TINYIMAGENET,893,main_b1000_tinyimagenet_alexnet_GEN_kp75_seed456,0.75,0.464,99,False,0.75,alexnet,False,0,0,1,0.464,886,4,0.464,891,9,0,2,0.75,TINYIMAGENET_alexnet_GEN_accuracy_kp7500_seed456,456,60000,893,42,accuracy,100456,0.464,1,2.782362473630905,42.958161763846874,10,2.782362473630905,valid,0.4622711296178562,0.5106282652386235,0.4640000000000001,100456
GEN,0.464,675,675,offspring,0,0,TINYIMAGENET,894,main_b1000_tinyimagenet_alexnet_GEN_kp75_seed456,0.75,0.464,99,False,0.75,alexnet,False,0,0,2,0.464,886,4,0.464,891,9,0,3,0.75,TINYIMAGENET_alexnet_GEN_accuracy_kp7500_seed456,456,60000,894,42,accuracy,100456,0.464,1,2.782362473630905,42.79627975076437,10,2.782362473630905,valid,0.4622711296178562,0.5106282652386235,0.4640000000000001,100456
GEN,0.464,675,675,offspring,0,0,TINYIMAGENET,895,main_b1000_tinyimagenet_alexnet_GEN_kp75_seed456,0.75,0.464,99,False,0.75,alexnet,False,0,0,1,0.464,889,7,0.464,886,4,0,4,0.75,TINYIMAGENET_alexnet_GEN_accuracy_kp7500_seed456,456,60000,895,42,accuracy,100456,0.464,1,2.782362473630905,42.42339686304331,10,2.782362473630905,valid,0.4622711296178562,0.5106282652386235,0.4640000000000001,100456
GEN,0.464,675,675,offspring,0,0,TINYIMAGENET,896,main_b1000_tinyimagenet_alexnet_GEN_kp75_seed456,0.75,0.464,99,False,0.75,alexnet,False,0,0,2,0.464,889,7,0.464,886,4,0,5,0.75,TINYIMAGENET_alexnet_GEN_accuracy_kp7500_seed456,456,60000,896,42,accuracy,100456,0.464,1,2.782362473630905,43.12333630025387,10,2.782362473630905,valid,0.4622711296178562,0.5106282652386235,0.4640000000000001,100456
GEN,0.464,675,675,offspring,0,0,TINYIMAGENET,897,main_b1000_tinyimagenet_alexnet_GEN_kp75_seed456,0.75,0.464,99,False,0.75,alexnet,False,0,0,1,0.464,891,9,0.464,886,4,0,6,0.75,TINYIMAGENET_alexnet_GEN_accuracy_kp7500_seed456,456,60000,897,42,accuracy,100456,0.464,1,2.782362473630905,42.96451077610254,10,2.782362473630905,valid,0.4622711296178562,0.5106282652386235,0.4640000000000001,100456
GEN,0.464,675,675,offspring,0,0,TINYIMAGENET,898,main_b1000_tinyimagenet_alexnet_GEN_kp75_seed456,0.75,0.464,99,False,0.75,alexnet,False,0,0,2,0.464,891,9,0.464,886,4,0,7,0.75,TINYIMAGENET_alexnet_GEN_accuracy_kp7500_seed456,456,60000,898,42,accuracy,100456,0.464,1,2.782362473630905,42.72067230194807,10,2.782362473630905,valid,0.4622711296178562,0.5106282652386235,0.4640000000000001,100456
GEN,0.464,675,675,offspring,0,0,TINYIMAGENET,899,main_b1000_tinyimagenet_alexnet_GEN_kp75_seed456,0.75,0.464,99,False,0.75,alexnet,False,0,0,1,0.464,885,3,0.464,889,7,0,8,0.75,TINYIMAGENET_alexnet_GEN_accuracy_kp7500_seed456,456,60000,899,42,accuracy,100456,0.464,1,2.782362473630905,42.699555799365044,10,2.782362473630905,valid,0.4622711296178562,0.5106282652386235,0.4640000000000001,100456
GEN,0.464,675,675,offspring,0,0,TINYIMAGENET,900,main_b1000_tinyimagenet_alexnet_GEN_kp75_seed456,0.75,0.464,99,False,0.75,alexnet,False,0,0,2,0.464,885,3,0.464,889,7,0,9,0.75,TINYIMAGENET_alexnet_GEN_accuracy_kp7500_seed456,456,60000,900,42,accuracy,100456,0.464,1,2.782362473630905,43.0960940271616,10,2.782362473630905,valid,0.4622711296178562,0.5106282652386235,0.4640000000000001,100456
GEN,0.464,675,675,offspring,0,0,TINYIMAGENET,901,main_b1000_tinyimagenet_alexnet_GEN_kp75_seed456,0.75,0.464,99,False,0.75,alexnet,False,0,0,1,0.464,885,3,0.464,884,2,0,10,0.75,TINYIMAGENET_alexnet_GEN_accuracy_kp7500_seed456,456,60000,901,42,accuracy,100456,0.464,1,2.782362473630905,42.98069279640913,10,2.782362473630905,valid,0.4622711296178562,0.5106282652386235,0.4640000000000001,100456
GEN,0.464,675,675,offspring,0,0,TINYIMAGENET,902,main_b1000_tinyimagenet_alexnet_GEN_kp75_seed456,0.75,0.464,100,False,0.75,alexnet,False,0,0,1,0.464,901,10,0.464,896,5,0,2,0.75,TINYIMAGENET_alexnet_GEN_accuracy_kp7500_seed456,456,60000,902,42,accuracy,100456,0.464,1,2.782362473630905,42.39130486547947,10,2.782362473630905,valid,0.4622711296178562,0.5106282652386235,0.4640000000000001,100456
GEN,0.464,675,675,offspring,0,0,TINYIMAGENET,903,main_b1000_tinyimagenet_alexnet_GEN_kp75_seed456,0.75,0.464,100,False,0.75,alexnet,False,0,0,2,0.464,901,10,0.464,896,5,0,3,0.75,TINYIMAGENET_alexnet_GEN_accuracy_kp7500_seed456,456,60000,903,42,accuracy,100456,0.464,1,2.782362473630905,43.00019980967045,10,2.782362473630905,valid,0.4622711296178562,0.5106282652386235,0.4640000000000001,100456
GEN,0.464,675,675,offspring,0,0,TINYIMAGENET,904,main_b1000_tinyimagenet_alexnet_GEN_kp75_seed456,0.75,0.45275,100,False,0.75,alexnet,True,6000,3000,1,0.464,900,9,0.464,675,1,0,4,0.75,TINYIMAGENET_alexnet_GEN_accuracy_kp7500_seed456,456,60000,904,42,accuracy,100456,0.45275,1,2.835033445358276,42.94879048317671,10,2.835033445358276,valid,0.4490372262944712,0.5063400189916945,0.45275000000000004,100456
GEN,0.464,675,675,offspring,0,0,TINYIMAGENET,905,main_b1000_tinyimagenet_alexnet_GEN_kp75_seed456,0.75,0.464,100,False,0.75,alexnet,False,0,0,2,0.464,900,9,0.464,675,1,0,5,0.75,TINYIMAGENET_alexnet_GEN_accuracy_kp7500_seed456,456,60000,905,42,accuracy,100456,0.464,1,2.782362473630905,48.61569217592478,10,2.782362473630905,valid,0.4622711296178562,0.5106282652386235,0.4640000000000001,100456
GEN,0.464,675,675,offspring,0,0,TINYIMAGENET,906,main_b1000_tinyimagenet_alexnet_GEN_kp75_seed456,0.75,0.4479,100,False,0.75,alexnet,True,6000,3000,1,0.464,898,7,0.464,895,4,0,6,0.75,TINYIMAGENET_alexnet_GEN_accuracy_kp7500_seed456,456,60000,906,42,accuracy,100456,0.4479,1,2.897842100250721,42.42653649300337,10,2.897842100250721,valid,0.44547475482999116,0.5060550413392692,0.44789999999999996,100456
GEN,0.464,675,675,offspring,0,0,TINYIMAGENET,907,main_b1000_tinyimagenet_alexnet_GEN_kp75_seed456,0.75,0.464,100,False,0.75,alexnet,False,0,0,2,0.464,898,7,0.464,895,4,0,7,0.75,TINYIMAGENET_alexnet_GEN_accuracy_kp7500_seed456,456,60000,907,42,accuracy,100456,0.464,1,2.782362473630905,42.960616528987885,10,2.782362473630905,valid,0.4622711296178562,0.5106282652386235,0.4640000000000001,100456
GEN,0.464,675,675,offspring,0,0,TINYIMAGENET,908,main_b1000_tinyimagenet_alexnet_GEN_kp75_seed456,0.75,0.464,100,False,0.75,alexnet,False,0,0,1,0.464,897,6,0.464,896,5,0,8,0.75,TINYIMAGENET_alexnet_GEN_accuracy_kp7500_seed456,456,60000,908,42,accuracy,100456,0.464,1,2.782362473630905,43.04024912416935,10,2.782362473630905,valid,0.4622711296178562,0.5106282652386235,0.4640000000000001,100456
GEN,0.464,675,675,offspring,0,0,TINYIMAGENET,909,main_b1000_tinyimagenet_alexnet_GEN_kp75_seed456,0.75,0.464,100,False,0.75,alexnet,False,0,0,2,0.464,897,6,0.464,896,5,0,9,0.75,TINYIMAGENET_alexnet_GEN_accuracy_kp7500_seed456,456,60000,909,42,accuracy,100456,0.464,1,2.782362473630905,42.95836170762777,10,2.782362473630905,valid,0.4622711296178562,0.5106282652386235,0.4640000000000001,100456
GEN,0.464,675,675,offspring,0,0,TINYIMAGENET,910,main_b1000_tinyimagenet_alexnet_GEN_kp75_seed456,0.75,0.464,100,False,0.75,alexnet,False,0,0,1,0.464,898,7,0.464,899,8,0,10,0.75,TINYIMAGENET_alexnet_GEN_accuracy_kp7500_seed456,456,60000,910,42,accuracy,100456,0.464,1,2.782362473630905,42.49264122545719,10,2.782362473630905,valid,0.4622711296178562,0.5106282652386235,0.4640000000000001,100456
GEN,0.464,675,675,offspring,0,0,TINYIMAGENET,911,main_b1000_tinyimagenet_alexnet_GEN_kp75_seed456,0.75,0.464,101,False,0.75,alexnet,False,0,0,1,0.464,910,10,0.464,905,5,0,2,0.75,TINYIMAGENET_alexnet_GEN_accuracy_kp7500_seed456,456,60000,911,42,accuracy,100456,0.464,1,2.782362473630905,43.014224238693714,10,2.782362473630905,valid,0.4622711296178562,0.5106282652386235,0.4640000000000001,100456
GEN,0.464,675,675,offspring,0,0,TINYIMAGENET,912,main_b1000_tinyimagenet_alexnet_GEN_kp75_seed456,0.75,0.464,101,False,0.75,alexnet,False,0,0,2,0.464,910,10,0.464,905,5,0,3,0.75,TINYIMAGENET_alexnet_GEN_accuracy_kp7500_seed456,456,60000,912,42,accuracy,100456,0.464,1,2.782362473630905,43.10363882035017,10,2.782362473630905,valid,0.4622711296178562,0.5106282652386235,0.4640000000000001,100456
GEN,0.464,675,675,offspring,0,0,TINYIMAGENET,913,main_b1000_tinyimagenet_alexnet_GEN_kp75_seed456,0.75,0.464,101,False,0.75,alexnet,False,0,0,1,0.464,902,2,0.464,908,8,0,4,0.75,TINYIMAGENET_alexnet_GEN_accuracy_kp7500_seed456,456,60000,913,42,accuracy,100456,0.464,1,2.782362473630905,42.59727397561073,10,2.782362473630905,valid,0.4622711296178562,0.5106282652386235,0.4640000000000001,100456
GEN,0.464,675,675,offspring,0,0,TINYIMAGENET,914,main_b1000_tinyimagenet_alexnet_GEN_kp75_seed456,0.75,0.464,101,False,0.75,alexnet,False,0,0,2,0.464,902,2,0.464,908,8,0,5,0.75,TINYIMAGENET_alexnet_GEN_accuracy_kp7500_seed456,456,60000,914,42,accuracy,100456,0.464,1,2.782362473630905,42.78861138224602,10,2.782362473630905,valid,0.4622711296178562,0.5106282652386235,0.4640000000000001,100456
GEN,0.464,675,675,offspring,0,0,TINYIMAGENET,915,main_b1000_tinyimagenet_alexnet_GEN_kp75_seed456,0.75,0.464,101,False,0.75,alexnet,False,0,0,1,0.464,910,10,0.464,675,1,0,6,0.75,TINYIMAGENET_alexnet_GEN_accuracy_kp7500_seed456,456,60000,915,42,accuracy,100456,0.464,1,2.782362473630905,43.00617678463459,10,2.782362473630905,valid,0.4622711296178562,0.5106282652386235,0.4640000000000001,100456
GEN,0.464,675,675,offspring,0,0,TINYIMAGENET,916,main_b1000_tinyimagenet_alexnet_GEN_kp75_seed456,0.75,0.464,101,False,0.75,alexnet,False,0,0,2,0.464,910,10,0.464,675,1,0,7,0.75,TINYIMAGENET_alexnet_GEN_accuracy_kp7500_seed456,456,60000,916,42,accuracy,100456,0.464,1,2.782362473630905,43.27262780815363,10,2.782362473630905,valid,0.4622711296178562,0.5106282652386235,0.4640000000000001,100456
GEN,0.464,675,675,offspring,0,0,TINYIMAGENET,917,main_b1000_tinyimagenet_alexnet_GEN_kp75_seed456,0.75,0.464,101,False,0.75,alexnet,False,0,0,1,0.464,902,2,0.464,910,10,0,8,0.75,TINYIMAGENET_alexnet_GEN_accuracy_kp7500_seed456,456,60000,917,42,accuracy,100456,0.464,1,2.782362473630905,42.38733311742544,10,2.782362473630905,valid,0.4622711296178562,0.5106282652386235,0.4640000000000001,100456
GEN,0.464,675,675,offspring,0,0,TINYIMAGENET,918,main_b1000_tinyimagenet_alexnet_GEN_kp75_seed456,0.75,0.464,101,False,0.75,alexnet,False,0,0,2,0.464,902,2,0.464,910,10,0,9,0.75,TINYIMAGENET_alexnet_GEN_accuracy_kp7500_seed456,456,60000,918,42,accuracy,100456,0.464,1,2.782362473630905,42.97205479443073,10,2.782362473630905,valid,0.4622711296178562,0.5106282652386235,0.4640000000000001,100456
GEN,0.464,675,675,offspring,0,0,TINYIMAGENET,919,main_b1000_tinyimagenet_alexnet_GEN_kp75_seed456,0.75,0.464,101,False,0.75,alexnet,False,0,0,1,0.464,907,7,0.464,675,1,0,10,0.75,TINYIMAGENET_alexnet_GEN_accuracy_kp7500_seed456,456,60000,919,42,accuracy,100456,0.464,1,2.782362473630905,43.05532193183899,10,2.782362473630905,valid,0.4622711296178562,0.5106282652386235,0.4640000000000001,100456
GEN,0.464,675,675,offspring,0,0,TINYIMAGENET,920,main_b1000_tinyimagenet_alexnet_GEN_kp75_seed456,0.75,0.464,102,False,0.75,alexnet,False,0,0,1,0.464,917,8,0.464,912,3,0,2,0.75,TINYIMAGENET_alexnet_GEN_accuracy_kp7500_seed456,456,60000,920,42,accuracy,100456,0.464,1,2.782362473630905,43.066044725477695,10,2.782362473630905,valid,0.4622711296178562,0.5106282652386235,0.4640000000000001,100456
GEN,0.464,675,675,offspring,0,0,TINYIMAGENET,921,main_b1000_tinyimagenet_alexnet_GEN_kp75_seed456,0.75,0.4467,102,False,0.75,alexnet,True,6000,3000,2,0.464,917,8,0.464,912,3,0,3,0.75,TINYIMAGENET_alexnet_GEN_accuracy_kp7500_seed456,456,60000,921,42,accuracy,100456,0.4467,1,2.904779404258728,42.409844890236855,10,2.904779404258728,valid,0.44903345060350036,0.5128108540845085,0.44670000000000004,100456
GEN,0.464,675,675,offspring,0,0,TINYIMAGENET,922,main_b1000_tinyimagenet_alexnet_GEN_kp75_seed456,0.75,0.464,102,False,0.75,alexnet,False,0,0,1,0.464,911,2,0.464,915,6,0,4,0.75,TINYIMAGENET_alexnet_GEN_accuracy_kp7500_seed456,456,60000,922,42,accuracy,100456,0.464,1,2.782362473630905,42.97147919982672,10,2.782362473630905,valid,0.4622711296178562,0.5106282652386235,0.4640000000000001,100456
GEN,0.464,675,675,offspring,0,0,TINYIMAGENET,923,main_b1000_tinyimagenet_alexnet_GEN_kp75_seed456,0.75,0.44365,102,False,0.75,alexnet,True,6000,3000,2,0.464,911,2,0.464,915,6,0,5,0.75,TINYIMAGENET_alexnet_GEN_accuracy_kp7500_seed456,456,60000,923,42,accuracy,100456,0.44365,1,2.9193477129936216,42.97734137624502,10,2.9193477129936216,valid,0.44313541200440354,0.5164818799995808,0.44365000000000004,100456
GEN,0.464,675,675,offspring,0,0,TINYIMAGENET,924,main_b1000_tinyimagenet_alexnet_GEN_kp75_seed456,0.75,0.464,102,False,0.75,alexnet,False,0,0,1,0.464,915,6,0.464,675,1,0,6,0.75,TINYIMAGENET_alexnet_GEN_accuracy_kp7500_seed456,456,60000,924,42,accuracy,100456,0.464,1,2.782362473630905,42.95906387269497,10,2.782362473630905,valid,0.4622711296178562,0.5106282652386235,0.4640000000000001,100456
GEN,0.464,675,675,offspring,0,0,TINYIMAGENET,925,main_b1000_tinyimagenet_alexnet_GEN_kp75_seed456,0.75,0.464,102,False,0.75,alexnet,False,0,0,2,0.464,915,6,0.464,675,1,0,7,0.75,TINYIMAGENET_alexnet_GEN_accuracy_kp7500_seed456,456,60000,925,42,accuracy,100456,0.464,1,2.782362473630905,42.39941123127937,10,2.782362473630905,valid,0.4622711296178562,0.5106282652386235,0.4640000000000001,100456
GEN,0.464,675,675,offspring,0,0,TINYIMAGENET,926,main_b1000_tinyimagenet_alexnet_GEN_kp75_seed456,0.75,0.464,102,False,0.75,alexnet,False,0,0,1,0.464,675,1,0.464,916,7,0,8,0.75,TINYIMAGENET_alexnet_GEN_accuracy_kp7500_seed456,456,60000,926,42,accuracy,100456,0.464,1,2.782362473630905,43.096428483724594,10,2.782362473630905,valid,0.4622711296178562,0.5106282652386235,0.4640000000000001,100456
GEN,0.464,675,675,offspring,0,0,TINYIMAGENET,927,main_b1000_tinyimagenet_alexnet_GEN_kp75_seed456,0.75,0.464,102,False,0.75,alexnet,False,0,0,2,0.464,675,1,0.464,916,7,0,9,0.75,TINYIMAGENET_alexnet_GEN_accuracy_kp7500_seed456,456,60000,927,42,accuracy,100456,0.464,1,2.782362473630905,43.01285994052887,10,2.782362473630905,valid,0.4622711296178562,0.5106282652386235,0.4640000000000001,100456
GEN,0.464,675,675,offspring,0,0,TINYIMAGENET,928,main_b1000_tinyimagenet_alexnet_GEN_kp75_seed456,0.75,0.464,102,False,0.75,alexnet,False,0,0,1,0.464,918,9,0.464,914,5,0,10,0.75,TINYIMAGENET_alexnet_GEN_accuracy_kp7500_seed456,456,60000,928,42,accuracy,100456,0.464,1,2.782362473630905,42.59116069227457,10,2.782362473630905,valid,0.4622711296178562,0.5106282652386235,0.4640000000000001,100456
GEN,0.464,675,675,offspring,0,0,TINYIMAGENET,929,main_b1000_tinyimagenet_alexnet_GEN_kp75_seed456,0.75,0.464,103,False,0.75,alexnet,False,0,0,1,0.464,675,1,0.464,926,8,0,2,0.75,TINYIMAGENET_alexnet_GEN_accuracy_kp7500_seed456,456,60000,929,42,accuracy,100456,0.464,1,2.782362473630905,42.8062077909708,10,2.782362473630905,valid,0.4622711296178562,0.5106282652386235,0.4640000000000001,100456
GEN,0.464,675,675,offspring,0,0,TINYIMAGENET,930,main_b1000_tinyimagenet_alexnet_GEN_kp75_seed456,0.75,0.464,103,False,0.75,alexnet,False,0,0,2,0.464,675,1,0.464,926,8,0,3,0.75,TINYIMAGENET_alexnet_GEN_accuracy_kp7500_seed456,456,60000,930,42,accuracy,100456,0.464,1,2.782362473630905,42.97262170910835,10,2.782362473630905,valid,0.4622711296178562,0.5106282652386235,0.4640000000000001,100456
GEN,0.464,675,675,offspring,0,0,TINYIMAGENET,931,main_b1000_tinyimagenet_alexnet_GEN_kp75_seed456,0.75,0.464,103,False,0.75,alexnet,False,0,0,1,0.464,926,8,0.464,925,7,0,4,0.75,TINYIMAGENET_alexnet_GEN_accuracy_kp7500_seed456,456,60000,931,42,accuracy,100456,0.464,1,2.782362473630905,42.9468364790082,10,2.782362473630905,valid,0.4622711296178562,0.5106282652386235,0.4640000000000001,100456
GEN,0.464,675,675,offspring,0,0,TINYIMAGENET,932,main_b1000_tinyimagenet_alexnet_GEN_kp75_seed456,0.75,0.464,103,False,0.75,alexnet,False,0,0,2,0.464,926,8,0.464,925,7,0,5,0.75,TINYIMAGENET_alexnet_GEN_accuracy_kp7500_seed456,456,60000,932,42,accuracy,100456,0.464,1,2.782362473630905,42.55787258595228,10,2.782362473630905,valid,0.4622711296178562,0.5106282652386235,0.4640000000000001,100456
GEN,0.464,675,675,offspring,0,0,TINYIMAGENET,933,main_b1000_tinyimagenet_alexnet_GEN_kp75_seed456,0.75,0.464,103,False,0.75,alexnet,False,0,0,1,0.464,926,8,0.464,920,2,0,6,0.75,TINYIMAGENET_alexnet_GEN_accuracy_kp7500_seed456,456,60000,933,42,accuracy,100456,0.464,1,2.782362473630905,42.985755413770676,10,2.782362473630905,valid,0.4622711296178562,0.5106282652386235,0.4640000000000001,100456
GEN,0.464,675,675,offspring,0,0,TINYIMAGENET,934,main_b1000_tinyimagenet_alexnet_GEN_kp75_seed456,0.75,0.464,103,False,0.75,alexnet,False,0,0,2,0.464,926,8,0.464,920,2,0,7,0.75,TINYIMAGENET_alexnet_GEN_accuracy_kp7500_seed456,456,60000,934,42,accuracy,100456,0.464,1,2.782362473630905,43.35646632313728,10,2.782362473630905,valid,0.4622711296178562,0.5106282652386235,0.4640000000000001,100456
GEN,0.464,675,675,offspring,0,0,TINYIMAGENET,935,main_b1000_tinyimagenet_alexnet_GEN_kp75_seed456,0.75,0.44175,103,False,0.75,alexnet,True,6000,3000,1,0.464,675,1,0.464,926,8,0,8,0.75,TINYIMAGENET_alexnet_GEN_accuracy_kp7500_seed456,456,60000,935,42,accuracy,100456,0.44175,1,2.9186442194938658,43.01355845481157,10,2.9186442194938658,valid,0.4405708055029591,0.5105938760953701,0.44175000000000003,100456
GEN,0.464,675,675,offspring,0,0,TINYIMAGENET,936,main_b1000_tinyimagenet_alexnet_GEN_kp75_seed456,0.75,0.464,103,False,0.75,alexnet,False,0,0,2,0.464,675,1,0.464,926,8,0,9,0.75,TINYIMAGENET_alexnet_GEN_accuracy_kp7500_seed456,456,60000,936,42,accuracy,100456,0.464,1,2.782362473630905,42.35883225500584,10,2.782362473630905,valid,0.4622711296178562,0.5106282652386235,0.4640000000000001,100456
GEN,0.464,675,675,offspring,0,0,TINYIMAGENET,937,main_b1000_tinyimagenet_alexnet_GEN_kp75_seed456,0.75,0.464,103,False,0.75,alexnet,False,0,0,1,0.464,926,8,0.464,924,6,0,10,0.75,TINYIMAGENET_alexnet_GEN_accuracy_kp7500_seed456,456,60000,937,42,accuracy,100456,0.464,1,2.782362473630905,42.899004213511944,10,2.782362473630905,valid,0.4622711296178562,0.5106282652386235,0.4640000000000001,100456
GEN,0.464,675,675,offspring,0,0,TINYIMAGENET,938,main_b1000_tinyimagenet_alexnet_GEN_kp75_seed456,0.75,0.464,104,False,0.75,alexnet,False,0,0,1,0.464,932,5,0.464,934,7,0,2,0.75,TINYIMAGENET_alexnet_GEN_accuracy_kp7500_seed456,456,60000,938,42,accuracy,100456,0.464,1,2.782362473630905,43.04245989769697,10,2.782362473630905,valid,0.4622711296178562,0.5106282652386235,0.4640000000000001,100456
GEN,0.464,675,675,offspring,0,0,TINYIMAGENET,939,main_b1000_tinyimagenet_alexnet_GEN_kp75_seed456,0.75,0.464,104,False,0.75,alexnet,False,0,0,2,0.464,932,5,0.464,934,7,0,3,0.75,TINYIMAGENET_alexnet_GEN_accuracy_kp7500_seed456,456,60000,939,42,accuracy,100456,0.464,1,2.782362473630905,42.84089957922697,10,2.782362473630905,valid,0.4622711296178562,0.5106282652386235,0.4640000000000001,100456
GEN,0.464,675,675,offspring,0,0,TINYIMAGENET,940,main_b1000_tinyimagenet_alexnet_GEN_kp75_seed456,0.75,0.464,104,False,0.75,alexnet,False,0,0,1,0.464,933,6,0.464,936,9,0,4,0.75,TINYIMAGENET_alexnet_GEN_accuracy_kp7500_seed456,456,60000,940,42,accuracy,100456,0.464,1,2.782362473630905,42.505026534199715,10,2.782362473630905,valid,0.4622711296178562,0.5106282652386235,0.4640000000000001,100456
GEN,0.464,675,675,offspring,0,0,TINYIMAGENET,941,main_b1000_tinyimagenet_alexnet_GEN_kp75_seed456,0.75,0.464,104,False,0.75,alexnet,False,0,0,2,0.464,933,6,0.464,936,9,0,5,0.75,TINYIMAGENET_alexnet_GEN_accuracy_kp7500_seed456,456,60000,941,42,accuracy,100456,0.464,1,2.782362473630905,42.95568932592869,10,2.782362473630905,valid,0.4622711296178562,0.5106282652386235,0.4640000000000001,100456
GEN,0.464,675,675,offspring,0,0,TINYIMAGENET,942,main_b1000_tinyimagenet_alexnet_GEN_kp75_seed456,0.75,0.464,104,False,0.75,alexnet,False,0,0,1,0.464,937,10,0.464,932,5,0,6,0.75,TINYIMAGENET_alexnet_GEN_accuracy_kp7500_seed456,456,60000,942,42,accuracy,100456,0.464,1,2.782362473630905,43.1560415327549,10,2.782362473630905,valid,0.4622711296178562,0.5106282652386235,0.4640000000000001,100456
GEN,0.464,675,675,offspring,0,0,TINYIMAGENET,943,main_b1000_tinyimagenet_alexnet_GEN_kp75_seed456,0.75,0.464,104,False,0.75,alexnet,False,0,0,2,0.464,937,10,0.464,932,5,0,7,0.75,TINYIMAGENET_alexnet_GEN_accuracy_kp7500_seed456,456,60000,943,42,accuracy,100456,0.464,1,2.782362473630905,42.4842421784997,10,2.782362473630905,valid,0.4622711296178562,0.5106282652386235,0.4640000000000001,100456
GEN,0.464,675,675,offspring,0,0,TINYIMAGENET,944,main_b1000_tinyimagenet_alexnet_GEN_kp75_seed456,0.75,0.464,104,False,0.75,alexnet,False,0,0,1,0.464,932,5,0.464,934,7,0,8,0.75,TINYIMAGENET_alexnet_GEN_accuracy_kp7500_seed456,456,60000,944,42,accuracy,100456,0.464,1,2.782362473630905,42.87731686234474,10,2.782362473630905,valid,0.4622711296178562,0.5106282652386235,0.4640000000000001,100456
GEN,0.464,675,675,offspring,0,0,TINYIMAGENET,945,main_b1000_tinyimagenet_alexnet_GEN_kp75_seed456,0.75,0.464,104,False,0.75,alexnet,False,0,0,2,0.464,932,5,0.464,934,7,0,9,0.75,TINYIMAGENET_alexnet_GEN_accuracy_kp7500_seed456,456,60000,945,42,accuracy,100456,0.464,1,2.782362473630905,43.002108700573444,10,2.782362473630905,valid,0.4622711296178562,0.5106282652386235,0.4640000000000001,100456
GEN,0.464,675,675,offspring,0,0,TINYIMAGENET,946,main_b1000_tinyimagenet_alexnet_GEN_kp75_seed456,0.75,0.464,104,False,0.75,alexnet,False,0,0,1,0.464,933,6,0.464,930,3,0,10,0.75,TINYIMAGENET_alexnet_GEN_accuracy_kp7500_seed456,456,60000,946,42,accuracy,100456,0.464,1,2.782362473630905,42.93559229373932,10,2.782362473630905,valid,0.4622711296178562,0.5106282652386235,0.4640000000000001,100456
GEN,0.464,675,675,offspring,0,0,TINYIMAGENET,947,main_b1000_tinyimagenet_alexnet_GEN_kp75_seed456,0.75,0.464,105,False,0.75,alexnet,False,0,0,1,0.464,941,5,0.464,942,6,0,2,0.75,TINYIMAGENET_alexnet_GEN_accuracy_kp7500_seed456,456,60000,947,42,accuracy,100456,0.464,1,2.782362473630905,42.437452517449856,10,2.782362473630905,valid,0.4622711296178562,0.5106282652386235,0.4640000000000001,100456
GEN,0.464,675,675,offspring,0,0,TINYIMAGENET,948,main_b1000_tinyimagenet_alexnet_GEN_kp75_seed456,0.75,0.464,105,False,0.75,alexnet,False,0,0,2,0.464,941,5,0.464,942,6,0,3,0.75,TINYIMAGENET_alexnet_GEN_accuracy_kp7500_seed456,456,60000,948,42,accuracy,100456,0.464,1,2.782362473630905,42.926633320748806,10,2.782362473630905,valid,0.4622711296178562,0.5106282652386235,0.4640000000000001,100456
GEN,0.464,675,675,offspring,0,0,TINYIMAGENET,949,main_b1000_tinyimagenet_alexnet_GEN_kp75_seed456,0.75,0.464,105,False,0.75,alexnet,False,0,0,1,0.464,942,6,0.464,675,1,0,4,0.75,TINYIMAGENET_alexnet_GEN_accuracy_kp7500_seed456,456,60000,949,42,accuracy,100456,0.464,1,2.782362473630905,42.96243207901716,10,2.782362473630905,valid,0.4622711296178562,0.5106282652386235,0.4640000000000001,100456
GEN,0.464,675,675,offspring,0,0,TINYIMAGENET,950,main_b1000_tinyimagenet_alexnet_GEN_kp75_seed456,0.75,0.4496,105,False,0.75,alexnet,True,6000,3000,2,0.464,942,6,0.464,675,1,0,5,0.75,TINYIMAGENET_alexnet_GEN_accuracy_kp7500_seed456,456,60000,950,42,accuracy,100456,0.4496,1,2.8711897761821747,42.87392337620258,10,2.8711897761821747,valid,0.4492494584413202,0.5094714929638039,0.4496,100456
GEN,0.464,675,675,offspring,0,0,TINYIMAGENET,951,main_b1000_tinyimagenet_alexnet_GEN_kp75_seed456,0.75,0.464,105,False,0.75,alexnet,False,0,0,1,0.464,945,9,0.464,944,8,0,6,0.75,TINYIMAGENET_alexnet_GEN_accuracy_kp7500_seed456,456,60000,951,42,accuracy,100456,0.464,1,2.782362473630905,42.45094679296017,10,2.782362473630905,valid,0.4622711296178562,0.5106282652386235,0.4640000000000001,100456
GEN,0.464,675,675,offspring,0,0,TINYIMAGENET,952,main_b1000_tinyimagenet_alexnet_GEN_kp75_seed456,0.75,0.464,105,False,0.75,alexnet,False,0,0,2,0.464,945,9,0.464,944,8,0,7,0.75,TINYIMAGENET_alexnet_GEN_accuracy_kp7500_seed456,456,60000,952,42,accuracy,100456,0.464,1,2.782362473630905,42.93788231909275,10,2.782362473630905,valid,0.4622711296178562,0.5106282652386235,0.4640000000000001,100456
GEN,0.464,675,675,offspring,0,0,TINYIMAGENET,953,main_b1000_tinyimagenet_alexnet_GEN_kp75_seed456,0.75,0.464,105,False,0.75,alexnet,False,0,0,1,0.464,675,1,0.464,945,9,0,8,0.75,TINYIMAGENET_alexnet_GEN_accuracy_kp7500_seed456,456,60000,953,42,accuracy,100456,0.464,1,2.782362473630905,42.98647593706846,10,2.782362473630905,valid,0.4622711296178562,0.5106282652386235,0.4640000000000001,100456
GEN,0.464,675,675,offspring,0,0,TINYIMAGENET,954,main_b1000_tinyimagenet_alexnet_GEN_kp75_seed456,0.75,0.464,105,False,0.75,alexnet,False,0,0,2,0.464,675,1,0.464,945,9,0,9,0.75,TINYIMAGENET_alexnet_GEN_accuracy_kp7500_seed456,456,60000,954,42,accuracy,100456,0.464,1,2.782362473630905,42.60437347739935,10,2.782362473630905,valid,0.4622711296178562,0.5106282652386235,0.4640000000000001,100456
GEN,0.464,675,675,offspring,0,0,TINYIMAGENET,955,main_b1000_tinyimagenet_alexnet_GEN_kp75_seed456,0.75,0.464,105,False,0.75,alexnet,False,0,0,1,0.464,675,1,0.464,945,9,0,10,0.75,TINYIMAGENET_alexnet_GEN_accuracy_kp7500_seed456,456,60000,955,42,accuracy,100456,0.464,1,2.782362473630905,42.81582770496607,10,2.782362473630905,valid,0.4622711296178562,0.5106282652386235,0.4640000000000001,100456
GEN,0.464,675,675,offspring,0,0,TINYIMAGENET,956,main_b1000_tinyimagenet_alexnet_GEN_kp75_seed456,0.75,0.464,106,False,0.75,alexnet,False,0,0,1,0.464,948,3,0.464,953,8,0,2,0.75,TINYIMAGENET_alexnet_GEN_accuracy_kp7500_seed456,456,60000,956,42,accuracy,100456,0.464,1,2.782362473630905,42.93938294053078,10,2.782362473630905,valid,0.4622711296178562,0.5106282652386235,0.4640000000000001,100456
GEN,0.464,675,675,offspring,0,0,TINYIMAGENET,957,main_b1000_tinyimagenet_alexnet_GEN_kp75_seed456,0.75,0.464,106,False,0.75,alexnet,False,0,0,2,0.464,948,3,0.464,953,8,0,3,0.75,TINYIMAGENET_alexnet_GEN_accuracy_kp7500_seed456,456,60000,957,42,accuracy,100456,0.464,1,2.782362473630905,42.90561378747225,10,2.782362473630905,valid,0.4622711296178562,0.5106282652386235,0.4640000000000001,100456
GEN,0.464,675,675,offspring,0,0,TINYIMAGENET,958,main_b1000_tinyimagenet_alexnet_GEN_kp75_seed456,0.75,0.464,106,False,0.75,alexnet,False,0,0,1,0.464,955,10,0.464,949,4,0,4,0.75,TINYIMAGENET_alexnet_GEN_accuracy_kp7500_seed456,456,60000,958,42,accuracy,100456,0.464,1,2.782362473630905,42.383521899580956,10,2.782362473630905,valid,0.4622711296178562,0.5106282652386235,0.4640000000000001,100456
GEN,0.464,675,675,offspring,0,0,TINYIMAGENET,959,main_b1000_tinyimagenet_alexnet_GEN_kp75_seed456,0.75,0.464,106,False,0.75,alexnet,False,0,0,2,0.464,955,10,0.464,949,4,0,5,0.75,TINYIMAGENET_alexnet_GEN_accuracy_kp7500_seed456,456,60000,959,42,accuracy,100456,0.464,1,2.782362473630905,42.90320164710283,10,2.782362473630905,valid,0.4622711296178562,0.5106282652386235,0.4640000000000001,100456
GEN,0.464,675,675,offspring,0,0,TINYIMAGENET,960,main_b1000_tinyimagenet_alexnet_GEN_kp75_seed456,0.75,0.464,106,False,0.75,alexnet,False,0,0,1,0.464,954,9,0.464,952,7,0,6,0.75,TINYIMAGENET_alexnet_GEN_accuracy_kp7500_seed456,456,60000,960,42,accuracy,100456,0.464,1,2.782362473630905,43.065931744873524,10,2.782362473630905,valid,0.4622711296178562,0.5106282652386235,0.4640000000000001,100456
GEN,0.464,675,675,offspring,0,0,TINYIMAGENET,961,main_b1000_tinyimagenet_alexnet_GEN_kp75_seed456,0.75,0.464,106,False,0.75,alexnet,False,0,0,2,0.464,954,9,0.464,952,7,0,7,0.75,TINYIMAGENET_alexnet_GEN_accuracy_kp7500_seed456,456,60000,961,42,accuracy,100456,0.464,1,2.782362473630905,42.96055340766907,10,2.782362473630905,valid,0.4622711296178562,0.5106282652386235,0.4640000000000001,100456
GEN,0.464,675,675,offspring,0,0,TINYIMAGENET,962,main_b1000_tinyimagenet_alexnet_GEN_kp75_seed456,0.75,0.4435,106,False,0.75,alexnet,True,6000,3000,1,0.464,951,6,0.464,953,8,0,8,0.75,TINYIMAGENET_alexnet_GEN_accuracy_kp7500_seed456,456,60000,962,42,accuracy,100456,0.4435,1,2.9267361050128935,42.278018333017826,10,2.9267361050128935,valid,0.43989881257111113,0.5021337920407816,0.4435,100456
GEN,0.464,675,675,offspring,0,0,TINYIMAGENET,963,main_b1000_tinyimagenet_alexnet_GEN_kp75_seed456,0.75,0.464,106,False,0.75,alexnet,False,0,0,2,0.464,951,6,0.464,953,8,0,9,0.75,TINYIMAGENET_alexnet_GEN_accuracy_kp7500_seed456,456,60000,963,42,accuracy,100456,0.464,1,2.782362473630905,42.8991477265954,10,2.782362473630905,valid,0.4622711296178562,0.5106282652386235,0.4640000000000001,100456
GEN,0.464,675,675,offspring,0,0,TINYIMAGENET,964,main_b1000_tinyimagenet_alexnet_GEN_kp75_seed456,0.75,0.464,106,False,0.75,alexnet,False,0,0,1,0.464,675,1,0.464,947,2,0,10,0.75,TINYIMAGENET_alexnet_GEN_accuracy_kp7500_seed456,456,60000,964,42,accuracy,100456,0.464,1,2.782362473630905,43.478706791996956,10,2.782362473630905,valid,0.4622711296178562,0.5106282652386235,0.4640000000000001,100456
GEN,0.464,675,675,offspring,0,0,TINYIMAGENET,965,main_b1000_tinyimagenet_alexnet_GEN_kp75_seed456,0.75,0.464,107,False,0.75,alexnet,False,0,0,1,0.464,963,9,0.464,675,1,0,2,0.75,TINYIMAGENET_alexnet_GEN_accuracy_kp7500_seed456,456,60000,965,42,accuracy,100456,0.464,1,2.782362473630905,42.89892174303532,10,2.782362473630905,valid,0.4622711296178562,0.5106282652386235,0.4640000000000001,100456
GEN,0.464,675,675,offspring,0,0,TINYIMAGENET,966,main_b1000_tinyimagenet_alexnet_GEN_kp75_seed456,0.75,0.464,107,False,0.75,alexnet,False,0,0,2,0.464,963,9,0.464,675,1,0,3,0.75,TINYIMAGENET_alexnet_GEN_accuracy_kp7500_seed456,456,60000,966,42,accuracy,100456,0.464,1,2.782362473630905,42.43813079595566,10,2.782362473630905,valid,0.4622711296178562,0.5106282652386235,0.4640000000000001,100456
GEN,0.464,675,675,offspring,0,0,TINYIMAGENET,967,main_b1000_tinyimagenet_alexnet_GEN_kp75_seed456,0.75,0.464,107,False,0.75,alexnet,False,0,0,1,0.464,958,4,0.464,961,7,0,4,0.75,TINYIMAGENET_alexnet_GEN_accuracy_kp7500_seed456,456,60000,967,42,accuracy,100456,0.464,1,2.782362473630905,43.271274983882904,10,2.782362473630905,valid,0.4622711296178562,0.5106282652386235,0.4640000000000001,100456
GEN,0.464,675,675,offspring,0,0,TINYIMAGENET,968,main_b1000_tinyimagenet_alexnet_GEN_kp75_seed456,0.75,0.464,107,False,0.75,alexnet,False,0,0,2,0.464,958,4,0.464,961,7,0,5,0.75,TINYIMAGENET_alexnet_GEN_accuracy_kp7500_seed456,456,60000,968,42,accuracy,100456,0.464,1,2.782362473630905,42.934086203575134,10,2.782362473630905,valid,0.4622711296178562,0.5106282652386235,0.4640000000000001,100456
GEN,0.464,675,675,offspring,0,0,TINYIMAGENET,969,main_b1000_tinyimagenet_alexnet_GEN_kp75_seed456,0.75,0.464,107,False,0.75,alexnet,False,0,0,1,0.464,957,3,0.464,963,9,0,6,0.75,TINYIMAGENET_alexnet_GEN_accuracy_kp7500_seed456,456,60000,969,42,accuracy,100456,0.464,1,2.782362473630905,42.733848452568054,10,2.782362473630905,valid,0.4622711296178562,0.5106282652386235,0.4640000000000001,100456
GEN,0.464,675,675,offspring,0,0,TINYIMAGENET,970,main_b1000_tinyimagenet_alexnet_GEN_kp75_seed456,0.75,0.464,107,False,0.75,alexnet,False,0,0,2,0.464,957,3,0.464,963,9,0,7,0.75,TINYIMAGENET_alexnet_GEN_accuracy_kp7500_seed456,456,60000,970,42,accuracy,100456,0.464,1,2.782362473630905,42.58564579486847,10,2.782362473630905,valid,0.4622711296178562,0.5106282652386235,0.4640000000000001,100456
GEN,0.464,675,675,offspring,0,0,TINYIMAGENET,971,main_b1000_tinyimagenet_alexnet_GEN_kp75_seed456,0.75,0.464,107,False,0.75,alexnet,False,0,0,1,0.464,959,5,0.464,675,1,0,8,0.75,TINYIMAGENET_alexnet_GEN_accuracy_kp7500_seed456,456,60000,971,42,accuracy,100456,0.464,1,2.782362473630905,42.899964071810246,10,2.782362473630905,valid,0.4622711296178562,0.5106282652386235,0.4640000000000001,100456
GEN,0.464,675,675,offspring,0,0,TINYIMAGENET,972,main_b1000_tinyimagenet_alexnet_GEN_kp75_seed456,0.75,0.464,107,False,0.75,alexnet,False,0,0,2,0.464,959,5,0.464,675,1,0,9,0.75,TINYIMAGENET_alexnet_GEN_accuracy_kp7500_seed456,456,60000,972,42,accuracy,100456,0.464,1,2.782362473630905,42.94047975540161,10,2.782362473630905,valid,0.4622711296178562,0.5106282652386235,0.4640000000000001,100456
GEN,0.464,675,675,offspring,0,0,TINYIMAGENET,973,main_b1000_tinyimagenet_alexnet_GEN_kp75_seed456,0.75,0.464,107,False,0.75,alexnet,False,0,0,1,0.464,959,5,0.464,675,1,0,10,0.75,TINYIMAGENET_alexnet_GEN_accuracy_kp7500_seed456,456,60000,973,42,accuracy,100456,0.464,1,2.782362473630905,42.40670617669821,10,2.782362473630905,valid,0.4622711296178562,0.5106282652386235,0.4640000000000001,100456
GEN,0.464,675,675,offspring,0,0,TINYIMAGENET,974,main_b1000_tinyimagenet_alexnet_GEN_kp75_seed456,0.75,0.464,108,False,0.75,alexnet,False,0,0,1,0.464,973,10,0.464,966,3,0,2,0.75,TINYIMAGENET_alexnet_GEN_accuracy_kp7500_seed456,456,60000,974,42,accuracy,100456,0.464,1,2.782362473630905,42.848722003400326,10,2.782362473630905,valid,0.4622711296178562,0.5106282652386235,0.4640000000000001,100456
GEN,0.464,675,675,offspring,0,0,TINYIMAGENET,975,main_b1000_tinyimagenet_alexnet_GEN_kp75_seed456,0.75,0.464,108,False,0.75,alexnet,False,0,0,2,0.464,973,10,0.464,966,3,0,3,0.75,TINYIMAGENET_alexnet_GEN_accuracy_kp7500_seed456,456,60000,975,42,accuracy,100456,0.464,1,2.782362473630905,42.8762101829052,10,2.782362473630905,valid,0.4622711296178562,0.5106282652386235,0.4640000000000001,100456
GEN,0.464,675,675,offspring,0,0,TINYIMAGENET,976,main_b1000_tinyimagenet_alexnet_GEN_kp75_seed456,0.75,0.464,108,False,0.75,alexnet,False,0,0,1,0.464,967,4,0.464,968,5,0,4,0.75,TINYIMAGENET_alexnet_GEN_accuracy_kp7500_seed456,456,60000,976,42,accuracy,100456,0.464,1,2.782362473630905,43.62737414240837,10,2.782362473630905,valid,0.4622711296178562,0.5106282652386235,0.4640000000000001,100456
GEN,0.464,675,675,offspring,0,0,TINYIMAGENET,977,main_b1000_tinyimagenet_alexnet_GEN_kp75_seed456,0.75,0.464,108,False,0.75,alexnet,False,0,0,2,0.464,967,4,0.464,968,5,0,5,0.75,TINYIMAGENET_alexnet_GEN_accuracy_kp7500_seed456,456,60000,977,42,accuracy,100456,0.464,1,2.782362473630905,42.29925683885813,10,2.782362473630905,valid,0.4622711296178562,0.5106282652386235,0.4640000000000001,100456
GEN,0.464,675,675,offspring,0,0,TINYIMAGENET,978,main_b1000_tinyimagenet_alexnet_GEN_kp75_seed456,0.75,0.464,108,False,0.75,alexnet,False,0,0,1,0.464,966,3,0.464,967,4,0,6,0.75,TINYIMAGENET_alexnet_GEN_accuracy_kp7500_seed456,456,60000,978,42,accuracy,100456,0.464,1,2.782362473630905,42.968574322760105,10,2.782362473630905,valid,0.4622711296178562,0.5106282652386235,0.4640000000000001,100456
GEN,0.464,675,675,offspring,0,0,TINYIMAGENET,979,main_b1000_tinyimagenet_alexnet_GEN_kp75_seed456,0.75,0.464,108,False,0.75,alexnet,False,0,0,2,0.464,966,3,0.464,967,4,0,7,0.75,TINYIMAGENET_alexnet_GEN_accuracy_kp7500_seed456,456,60000,979,42,accuracy,100456,0.464,1,2.782362473630905,43.020563296973705,10,2.782362473630905,valid,0.4622711296178562,0.5106282652386235,0.4640000000000001,100456
GEN,0.464,675,675,offspring,0,0,TINYIMAGENET,980,main_b1000_tinyimagenet_alexnet_GEN_kp75_seed456,0.75,0.464,108,False,0.75,alexnet,False,0,0,1,0.464,967,4,0.464,965,2,0,8,0.75,TINYIMAGENET_alexnet_GEN_accuracy_kp7500_seed456,456,60000,980,42,accuracy,100456,0.464,1,2.782362473630905,42.960088796913624,10,2.782362473630905,valid,0.4622711296178562,0.5106282652386235,0.4640000000000001,100456
GEN,0.464,675,675,offspring,0,0,TINYIMAGENET,981,main_b1000_tinyimagenet_alexnet_GEN_kp75_seed456,0.75,0.464,108,False,0.75,alexnet,False,0,0,2,0.464,967,4,0.464,965,2,0,9,0.75,TINYIMAGENET_alexnet_GEN_accuracy_kp7500_seed456,456,60000,981,42,accuracy,100456,0.464,1,2.782362473630905,42.32278797030449,10,2.782362473630905,valid,0.4622711296178562,0.5106282652386235,0.4640000000000001,100456
GEN,0.464,675,675,offspring,0,0,TINYIMAGENET,982,main_b1000_tinyimagenet_alexnet_GEN_kp75_seed456,0.75,0.464,108,False,0.75,alexnet,False,0,0,1,0.464,966,3,0.464,972,9,0,10,0.75,TINYIMAGENET_alexnet_GEN_accuracy_kp7500_seed456,456,60000,982,42,accuracy,100456,0.464,1,2.782362473630905,43.00102023035288,10,2.782362473630905,valid,0.4622711296178562,0.5106282652386235,0.4640000000000001,100456
GEN,0.464,675,675,offspring,0,0,TINYIMAGENET,983,main_b1000_tinyimagenet_alexnet_GEN_kp75_seed456,0.75,0.464,109,False,0.75,alexnet,False,0,0,1,0.464,977,5,0.464,675,1,0,2,0.75,TINYIMAGENET_alexnet_GEN_accuracy_kp7500_seed456,456,60000,983,42,accuracy,100456,0.464,1,2.782362473630905,42.966555796563625,10,2.782362473630905,valid,0.4622711296178562,0.5106282652386235,0.4640000000000001,100456
GEN,0.464,675,675,offspring,0,0,TINYIMAGENET,984,main_b1000_tinyimagenet_alexnet_GEN_kp75_seed456,0.75,0.464,109,False,0.75,alexnet,False,0,0,2,0.464,977,5,0.464,675,1,0,3,0.75,TINYIMAGENET_alexnet_GEN_accuracy_kp7500_seed456,456,60000,984,42,accuracy,100456,0.464,1,2.782362473630905,42.73218535631895,10,2.782362473630905,valid,0.4622711296178562,0.5106282652386235,0.4640000000000001,100456
GEN,0.464,675,675,offspring,0,0,TINYIMAGENET,985,main_b1000_tinyimagenet_alexnet_GEN_kp75_seed456,0.75,0.464,109,False,0.75,alexnet,False,0,0,1,0.464,675,1,0.464,977,5,0,4,0.75,TINYIMAGENET_alexnet_GEN_accuracy_kp7500_seed456,456,60000,985,42,accuracy,100456,0.464,1,2.782362473630905,42.621344432234764,10,2.782362473630905,valid,0.4622711296178562,0.5106282652386235,0.4640000000000001,100456
GEN,0.464,675,675,offspring,0,0,TINYIMAGENET,986,main_b1000_tinyimagenet_alexnet_GEN_kp75_seed456,0.75,0.464,109,False,0.75,alexnet,False,0,0,2,0.464,675,1,0.464,977,5,0,5,0.75,TINYIMAGENET_alexnet_GEN_accuracy_kp7500_seed456,456,60000,986,42,accuracy,100456,0.464,1,2.782362473630905,42.98848418146372,10,2.782362473630905,valid,0.4622711296178562,0.5106282652386235,0.4640000000000001,100456
GEN,0.464,675,675,offspring,0,0,TINYIMAGENET,987,main_b1000_tinyimagenet_alexnet_GEN_kp75_seed456,0.75,0.464,109,False,0.75,alexnet,False,0,0,1,0.464,975,3,0.464,976,4,0,6,0.75,TINYIMAGENET_alexnet_GEN_accuracy_kp7500_seed456,456,60000,987,42,accuracy,100456,0.464,1,2.782362473630905,42.97626896947622,10,2.782362473630905,valid,0.4622711296178562,0.5106282652386235,0.4640000000000001,100456
GEN,0.464,675,675,offspring,0,0,TINYIMAGENET,988,main_b1000_tinyimagenet_alexnet_GEN_kp75_seed456,0.75,0.464,109,False,0.75,alexnet,False,0,0,2,0.464,975,3,0.464,976,4,0,7,0.75,TINYIMAGENET_alexnet_GEN_accuracy_kp7500_seed456,456,60000,988,42,accuracy,100456,0.464,1,2.782362473630905,42.76600927859545,10,2.782362473630905,valid,0.4622711296178562,0.5106282652386235,0.4640000000000001,100456
GEN,0.464,675,675,offspring,0,0,TINYIMAGENET,989,main_b1000_tinyimagenet_alexnet_GEN_kp75_seed456,0.75,0.464,109,False,0.75,alexnet,False,0,0,1,0.464,675,1,0.464,979,7,0,8,0.75,TINYIMAGENET_alexnet_GEN_accuracy_kp7500_seed456,456,60000,989,42,accuracy,100456,0.464,1,2.782362473630905,42.66678024083376,10,2.782362473630905,valid,0.4622711296178562,0.5106282652386235,0.4640000000000001,100456
GEN,0.464,675,675,offspring,0,0,TINYIMAGENET,990,main_b1000_tinyimagenet_alexnet_GEN_kp75_seed456,0.75,0.464,109,False,0.75,alexnet,False,0,0,2,0.464,675,1,0.464,979,7,0,9,0.75,TINYIMAGENET_alexnet_GEN_accuracy_kp7500_seed456,456,60000,990,42,accuracy,100456,0.464,1,2.782362473630905,43.07117450237274,10,2.782362473630905,valid,0.4622711296178562,0.5106282652386235,0.4640000000000001,100456
GEN,0.464,675,675,offspring,0,0,TINYIMAGENET,991,main_b1000_tinyimagenet_alexnet_GEN_kp75_seed456,0.75,0.464,109,False,0.75,alexnet,False,0,0,1,0.464,976,4,0.464,982,10,0,10,0.75,TINYIMAGENET_alexnet_GEN_accuracy_kp7500_seed456,456,60000,991,42,accuracy,100456,0.464,1,2.782362473630905,42.96006063371897,10,2.782362473630905,valid,0.4622711296178562,0.5106282652386235,0.4640000000000001,100456
GEN,0.464,675,675,offspring,0,0,TINYIMAGENET,992,main_b1000_tinyimagenet_alexnet_GEN_kp75_seed456,0.75,0.464,110,False,0.75,alexnet,False,0,0,1,0.464,989,8,0.464,987,6,0,2,0.75,TINYIMAGENET_alexnet_GEN_accuracy_kp7500_seed456,456,60000,992,42,accuracy,100456,0.464,1,2.782362473630905,42.30494174361229,10,2.782362473630905,valid,0.4622711296178562,0.5106282652386235,0.4640000000000001,100456
GEN,0.464,675,675,offspring,0,0,TINYIMAGENET,993,main_b1000_tinyimagenet_alexnet_GEN_kp75_seed456,0.75,0.464,110,False,0.75,alexnet,False,0,0,2,0.464,989,8,0.464,987,6,0,3,0.75,TINYIMAGENET_alexnet_GEN_accuracy_kp7500_seed456,456,60000,993,42,accuracy,100456,0.464,1,2.782362473630905,42.91346501559019,10,2.782362473630905,valid,0.4622711296178562,0.5106282652386235,0.4640000000000001,100456
GEN,0.464,675,675,offspring,0,0,TINYIMAGENET,994,main_b1000_tinyimagenet_alexnet_GEN_kp75_seed456,0.75,0.464,110,False,0.75,alexnet,False,0,0,1,0.464,985,4,0.464,986,5,0,4,0.75,TINYIMAGENET_alexnet_GEN_accuracy_kp7500_seed456,456,60000,994,42,accuracy,100456,0.464,1,2.782362473630905,43.03824467211962,10,2.782362473630905,valid,0.4622711296178562,0.5106282652386235,0.4640000000000001,100456
GEN,0.464,675,675,offspring,0,0,TINYIMAGENET,995,main_b1000_tinyimagenet_alexnet_GEN_kp75_seed456,0.75,0.464,110,False,0.75,alexnet,False,0,0,2,0.464,985,4,0.464,986,5,0,5,0.75,TINYIMAGENET_alexnet_GEN_accuracy_kp7500_seed456,456,60000,995,42,accuracy,100456,0.464,1,2.782362473630905,43.01754495501518,10,2.782362473630905,valid,0.4622711296178562,0.5106282652386235,0.4640000000000001,100456
GEN,0.464,675,675,offspring,0,0,TINYIMAGENET,996,main_b1000_tinyimagenet_alexnet_GEN_kp75_seed456,0.75,0.464,110,False,0.75,alexnet,False,0,0,1,0.464,988,7,0.464,989,8,0,6,0.75,TINYIMAGENET_alexnet_GEN_accuracy_kp7500_seed456,456,60000,996,42,accuracy,100456,0.464,1,2.782362473630905,42.33542375266552,10,2.782362473630905,valid,0.4622711296178562,0.5106282652386235,0.4640000000000001,100456
GEN,0.464,675,675,offspring,0,0,TINYIMAGENET,997,main_b1000_tinyimagenet_alexnet_GEN_kp75_seed456,0.75,0.464,110,False,0.75,alexnet,False,0,0,2,0.464,988,7,0.464,989,8,0,7,0.75,TINYIMAGENET_alexnet_GEN_accuracy_kp7500_seed456,456,60000,997,42,accuracy,100456,0.464,1,2.782362473630905,42.940424770116806,10,2.782362473630905,valid,0.4622711296178562,0.5106282652386235,0.4640000000000001,100456
GEN,0.464,675,675,offspring,0,0,TINYIMAGENET,998,main_b1000_tinyimagenet_alexnet_GEN_kp75_seed456,0.75,0.464,110,False,0.75,alexnet,False,0,0,1,0.464,987,6,0.464,989,8,0,8,0.75,TINYIMAGENET_alexnet_GEN_accuracy_kp7500_seed456,456,60000,998,42,accuracy,100456,0.464,1,2.782362473630905,42.956262066960335,10,2.782362473630905,valid,0.4622711296178562,0.5106282652386235,0.4640000000000001,100456
GEN,0.464,675,675,offspring,0,0,TINYIMAGENET,999,main_b1000_tinyimagenet_alexnet_GEN_kp75_seed456,0.75,0.44395,110,False,0.75,alexnet,True,6000,3000,2,0.464,987,6,0.464,989,8,0,9,0.75,TINYIMAGENET_alexnet_GEN_accuracy_kp7500_seed456,456,60000,999,42,accuracy,100456,0.44395,1,2.8937400122642516,42.79368104040623,10,2.8937400122642516,valid,0.44554642635794084,0.5103988291672166,0.44394999999999996,100456
GEN,0.464,675,675,offspring,0,0,TINYIMAGENET,1000,main_b1000_tinyimagenet_alexnet_GEN_kp75_seed456,0.75,0.45045,110,False,0.75,alexnet,True,6000,3000,1,0.464,989,8,0.464,985,4,0,10,0.75,TINYIMAGENET_alexnet_GEN_accuracy_kp7500_seed456,456,60000,1000,42,accuracy,100456,0.45045,1,2.9061862916588783,42.49829391390085,10,2.9061862916588783,valid,0.44371514444357557,0.5041233729894139,0.45045,100456
