Algorithm,Best Fitness,Best Found At Evaluation,Best Solution ID,Candidate Type,Crossover Hamming Parent 1,Crossover Hamming Parent 2,Dataset,Evaluation,Experiment Name,Final Percentage,Fitness,Generation,Improved Best,Initial Percentage,Model,Mutation Applied,Mutation Hamming Distance,Mutation Swaps,Offspring Number,Parent 1 Fitness,Parent 1 ID,Parent 1 Index,Parent 2 Fitness,Parent 2 ID,Parent 2 Index,Parent Hamming Distance,Population Slot,Requested Keep Percentage,Run ID,Search Seed,Selected Instances,Solution ID,Split Seed,Target Metric,Training Seed,accuracy,best_epoch,best_validation_loss,candidate_duration_seconds,epochs_trained,evaluation_loss,evaluation_split,f1,precision,recall,training_seed
GEN,0.42985,1,1,initial,,,TINYIMAGENET,1,main_b1000_tinyimagenet_alexnet_GEN_kp50_seed123,0.5,0.42985,0,True,0.5,alexnet,False,0,0,,,,,,,,,1,0.5,TINYIMAGENET_alexnet_GEN_accuracy_kp5000_seed123,123,40000,1,42,accuracy,100123,0.42985,1,2.9095044998168946,31.22235094755888,10,2.9095044998168946,valid,0.4319612104595238,0.5028634213421641,0.42985,100123
GEN,0.43885,2,2,initial,,,TINYIMAGENET,2,main_b1000_tinyimagenet_alexnet_GEN_kp50_seed123,0.5,0.43885,0,True,0.5,alexnet,False,0,0,,,,,,,,,2,0.5,TINYIMAGENET_alexnet_GEN_accuracy_kp5000_seed123,123,40000,2,42,accuracy,100123,0.43885,1,2.8556144466876985,29.826235756278038,10,2.8556144466876985,valid,0.4382256437481573,0.49636509640354604,0.43884999999999996,100123
GEN,0.43885,2,2,initial,,,TINYIMAGENET,3,main_b1000_tinyimagenet_alexnet_GEN_kp50_seed123,0.5,0.43825,0,False,0.5,alexnet,False,0,0,,,,,,,,,3,0.5,TINYIMAGENET_alexnet_GEN_accuracy_kp5000_seed123,123,40000,3,42,accuracy,100123,0.43825,1,2.8460154227495194,30.071698680520058,10,2.8460154227495194,valid,0.43716467227618294,0.4925529213390773,0.43825000000000003,100123
GEN,0.43885,2,2,initial,,,TINYIMAGENET,4,main_b1000_tinyimagenet_alexnet_GEN_kp50_seed123,0.5,0.43425,0,False,0.5,alexnet,False,0,0,,,,,,,,,4,0.5,TINYIMAGENET_alexnet_GEN_accuracy_kp5000_seed123,123,40000,4,42,accuracy,100123,0.43425,1,2.884832398176193,29.831314012408257,10,2.884832398176193,valid,0.43433777648213806,0.4977954447896189,0.43424999999999997,100123
GEN,0.43885,2,2,initial,,,TINYIMAGENET,5,main_b1000_tinyimagenet_alexnet_GEN_kp50_seed123,0.5,0.434,0,False,0.5,alexnet,False,0,0,,,,,,,,,5,0.5,TINYIMAGENET_alexnet_GEN_accuracy_kp5000_seed123,123,40000,5,42,accuracy,100123,0.434,1,2.91242025411129,29.838229186832905,10,2.91242025411129,valid,0.4359450307568723,0.5014685061237946,0.434,100123
GEN,0.43885,2,2,initial,,,TINYIMAGENET,6,main_b1000_tinyimagenet_alexnet_GEN_kp50_seed123,0.5,0.4298,0,False,0.5,alexnet,False,0,0,,,,,,,,,6,0.5,TINYIMAGENET_alexnet_GEN_accuracy_kp5000_seed123,123,40000,6,42,accuracy,100123,0.4298,1,2.961139769220352,29.497914783656597,10,2.961139769220352,valid,0.4302154456052078,0.5029275486681413,0.4298,100123
GEN,0.43885,2,2,initial,,,TINYIMAGENET,7,main_b1000_tinyimagenet_alexnet_GEN_kp50_seed123,0.5,0.43415,0,False,0.5,alexnet,False,0,0,,,,,,,,,7,0.5,TINYIMAGENET_alexnet_GEN_accuracy_kp5000_seed123,123,40000,7,42,accuracy,100123,0.43415,1,2.8986059827804564,29.6120315939188,10,2.8986059827804564,valid,0.4353882759072842,0.5036762013290818,0.43415,100123
GEN,0.43885,2,2,initial,,,TINYIMAGENET,8,main_b1000_tinyimagenet_alexnet_GEN_kp50_seed123,0.5,0.43255,0,False,0.5,alexnet,False,0,0,,,,,,,,,8,0.5,TINYIMAGENET_alexnet_GEN_accuracy_kp5000_seed123,123,40000,8,42,accuracy,100123,0.43255,1,2.874230225086212,29.484753489494324,10,2.874230225086212,valid,0.4321459549363085,0.4991049428092178,0.43255000000000005,100123
GEN,0.43885,2,2,initial,,,TINYIMAGENET,9,main_b1000_tinyimagenet_alexnet_GEN_kp50_seed123,0.5,0.4258,0,False,0.5,alexnet,False,0,0,,,,,,,,,9,0.5,TINYIMAGENET_alexnet_GEN_accuracy_kp5000_seed123,123,40000,9,42,accuracy,100123,0.4258,1,2.964956659412384,29.705606669187546,10,2.964956659412384,valid,0.4272263215498785,0.5146281685309629,0.42579999999999996,100123
GEN,0.43885,2,2,initial,,,TINYIMAGENET,10,main_b1000_tinyimagenet_alexnet_GEN_kp50_seed123,0.5,0.4195,0,False,0.5,alexnet,False,0,0,,,,,,,,,10,0.5,TINYIMAGENET_alexnet_GEN_accuracy_kp5000_seed123,123,40000,10,42,accuracy,100123,0.4195,1,3.0143944829940796,29.610434241592884,10,3.0143944829940796,valid,0.42049694599762577,0.5078840858877466,0.41950000000000004,100123
GEN,0.43885,2,2,offspring,19968,19922,TINYIMAGENET,11,main_b1000_tinyimagenet_alexnet_GEN_kp50_seed123,0.5,0.43725,1,False,0.5,alexnet,False,0,0,1,0.434,5,5,0.43415,7,7,39890,2,0.5,TINYIMAGENET_alexnet_GEN_accuracy_kp5000_seed123,123,40000,11,42,accuracy,100123,0.43725,1,2.8724746438503264,29.550031639635563,10,2.8724746438503264,valid,0.435740997675139,0.4944352527027236,0.4372500000000001,100123
GEN,0.43885,2,2,offspring,19922,19968,TINYIMAGENET,12,main_b1000_tinyimagenet_alexnet_GEN_kp50_seed123,0.5,0.437,1,False,0.5,alexnet,False,0,0,2,0.434,5,5,0.43415,7,7,39890,3,0.5,TINYIMAGENET_alexnet_GEN_accuracy_kp5000_seed123,123,40000,12,42,accuracy,100123,0.437,1,2.8390099588871003,29.782397210597992,10,2.8390099588871003,valid,0.43291207678945226,0.49297441980843737,0.43700000000000006,100123
GEN,0.43885,2,2,offspring,20066,20086,TINYIMAGENET,13,main_b1000_tinyimagenet_alexnet_GEN_kp50_seed123,0.5,0.4289,1,False,0.5,alexnet,False,0,0,1,0.43425,4,4,0.43885,2,2,40152,4,0.5,TINYIMAGENET_alexnet_GEN_accuracy_kp5000_seed123,123,40000,13,42,accuracy,100123,0.4289,1,2.9537660385608673,29.50809568911791,10,2.9537660385608673,valid,0.4332627711151145,0.5139728020943705,0.4289,100123
GEN,0.43885,2,2,offspring,20086,20066,TINYIMAGENET,14,main_b1000_tinyimagenet_alexnet_GEN_kp50_seed123,0.5,0.4275,1,False,0.5,alexnet,True,4000,2000,2,0.43425,4,4,0.43885,2,2,40152,5,0.5,TINYIMAGENET_alexnet_GEN_accuracy_kp5000_seed123,123,40000,14,42,accuracy,100123,0.4275,1,2.9593653408050535,29.702804997563362,10,2.9593653408050535,valid,0.42768349013748036,0.5038453453811448,0.4275,100123
GEN,0.43885,2,2,offspring,19740,20082,TINYIMAGENET,15,main_b1000_tinyimagenet_alexnet_GEN_kp50_seed123,0.5,0.4269,1,False,0.5,alexnet,False,0,0,1,0.43425,4,4,0.43415,7,7,39822,6,0.5,TINYIMAGENET_alexnet_GEN_accuracy_kp5000_seed123,123,40000,15,42,accuracy,100123,0.4269,1,2.951659878253937,29.516356110572815,10,2.951659878253937,valid,0.430035514131213,0.5118971651382317,0.4269,100123
GEN,0.43885,2,2,offspring,20082,19740,TINYIMAGENET,16,main_b1000_tinyimagenet_alexnet_GEN_kp50_seed123,0.5,0.4329,1,False,0.5,alexnet,False,0,0,2,0.43425,4,4,0.43415,7,7,39822,7,0.5,TINYIMAGENET_alexnet_GEN_accuracy_kp5000_seed123,123,40000,16,42,accuracy,100123,0.4329,1,2.938102829527855,29.728932909667492,10,2.938102829527855,valid,0.4361363688926565,0.5070910659452521,0.43290000000000006,100123
GEN,0.43885,2,2,offspring,19958,20002,TINYIMAGENET,17,main_b1000_tinyimagenet_alexnet_GEN_kp50_seed123,0.5,0.4325,1,False,0.5,alexnet,True,4000,2000,1,0.43825,3,3,0.43425,4,4,39960,8,0.5,TINYIMAGENET_alexnet_GEN_accuracy_kp5000_seed123,123,40000,17,42,accuracy,100123,0.4325,1,2.897625327682495,29.46893149614334,10,2.897625327682495,valid,0.43466353600718577,0.5046808900360625,0.4325,100123
GEN,0.43885,2,2,offspring,20002,19958,TINYIMAGENET,18,main_b1000_tinyimagenet_alexnet_GEN_kp50_seed123,0.5,0.43505,1,False,0.5,alexnet,False,0,0,2,0.43825,3,3,0.43425,4,4,39960,9,0.5,TINYIMAGENET_alexnet_GEN_accuracy_kp5000_seed123,123,40000,18,42,accuracy,100123,0.43505,1,2.8865166399478914,29.76972557604313,10,2.8865166399478914,valid,0.434851162919031,0.49709081422189505,0.43504999999999994,100123
GEN,0.43885,2,2,offspring,20014,19818,TINYIMAGENET,19,main_b1000_tinyimagenet_alexnet_GEN_kp50_seed123,0.5,0.43185,1,False,0.5,alexnet,False,0,0,1,0.43415,7,7,0.43825,3,3,39832,10,0.5,TINYIMAGENET_alexnet_GEN_accuracy_kp5000_seed123,123,40000,19,42,accuracy,100123,0.43185,1,2.885480331707001,29.502161979675293,10,2.885480331707001,valid,0.4322349260414323,0.5002514220848415,0.43185,100123
GEN,0.43885,2,2,offspring,20022,20150,TINYIMAGENET,20,main_b1000_tinyimagenet_alexnet_GEN_kp50_seed123,0.5,0.4293,2,False,0.5,alexnet,False,0,0,1,0.43885,2,1,0.4325,17,8,40172,2,0.5,TINYIMAGENET_alexnet_GEN_accuracy_kp5000_seed123,123,40000,20,42,accuracy,100123,0.4293,1,2.921680512905121,29.833818159997463,10,2.921680512905121,valid,0.4323097772007266,0.504748338290296,0.4293,100123
GEN,0.43885,2,2,offspring,20150,20022,TINYIMAGENET,21,main_b1000_tinyimagenet_alexnet_GEN_kp50_seed123,0.5,0.43135,2,False,0.5,alexnet,False,0,0,2,0.43885,2,1,0.4325,17,8,40172,3,0.5,TINYIMAGENET_alexnet_GEN_accuracy_kp5000_seed123,123,40000,21,42,accuracy,100123,0.43135,1,2.9284986112117766,29.4806050285697,10,2.9284986112117766,valid,0.43387172312422545,0.5084434276383099,0.43134999999999996,100123
GEN,0.43885,2,2,offspring,20194,20066,TINYIMAGENET,22,main_b1000_tinyimagenet_alexnet_GEN_kp50_seed123,0.5,0.4314,2,False,0.5,alexnet,False,0,0,1,0.43505,18,9,0.43885,2,1,40260,4,0.5,TINYIMAGENET_alexnet_GEN_accuracy_kp5000_seed123,123,40000,22,42,accuracy,100123,0.4314,1,2.9349112486839295,29.783432975411415,10,2.9349112486839295,valid,0.4330294155672459,0.5056281609483319,0.4314,100123
GEN,0.43885,2,2,offspring,20066,20194,TINYIMAGENET,23,main_b1000_tinyimagenet_alexnet_GEN_kp50_seed123,0.5,0.4335,2,False,0.5,alexnet,False,0,0,2,0.43505,18,9,0.43885,2,1,40260,5,0.5,TINYIMAGENET_alexnet_GEN_accuracy_kp5000_seed123,123,40000,23,42,accuracy,100123,0.4335,1,2.951382177209854,29.571778014302254,10,2.951382177209854,valid,0.43226373042391975,0.5066419271976318,0.4335,100123
GEN,0.43885,2,2,offspring,20032,20228,TINYIMAGENET,24,main_b1000_tinyimagenet_alexnet_GEN_kp50_seed123,0.5,0.43375,2,False,0.5,alexnet,False,0,0,1,0.43885,2,1,0.43505,18,9,40260,6,0.5,TINYIMAGENET_alexnet_GEN_accuracy_kp5000_seed123,123,40000,24,42,accuracy,100123,0.43375,1,2.9049732060432434,29.655371375381947,10,2.9049732060432434,valid,0.4357390248884917,0.5060270821696041,0.43375,100123
GEN,0.43885,2,2,offspring,20228,20032,TINYIMAGENET,25,main_b1000_tinyimagenet_alexnet_GEN_kp50_seed123,0.5,0.43355,2,False,0.5,alexnet,False,0,0,2,0.43885,2,1,0.43505,18,9,40260,7,0.5,TINYIMAGENET_alexnet_GEN_accuracy_kp5000_seed123,123,40000,25,42,accuracy,100123,0.43355,1,2.9028846995830535,29.533035531640053,10,2.9028846995830535,valid,0.43529880347935146,0.5000766899676614,0.43355000000000005,100123
GEN,0.43885,2,2,offspring,20100,19908,TINYIMAGENET,26,main_b1000_tinyimagenet_alexnet_GEN_kp50_seed123,0.5,0.4238,2,False,0.5,alexnet,False,0,0,1,0.43725,11,2,0.43885,2,1,40008,8,0.5,TINYIMAGENET_alexnet_GEN_accuracy_kp5000_seed123,123,40000,26,42,accuracy,100123,0.4238,1,2.9792742034912107,29.817448779940605,10,2.9792742034912107,valid,0.4264278088871396,0.5086462569618442,0.42379999999999995,100123
GEN,0.43885,2,2,offspring,19908,20100,TINYIMAGENET,27,main_b1000_tinyimagenet_alexnet_GEN_kp50_seed123,0.5,0.43345,2,False,0.5,alexnet,False,0,0,2,0.43725,11,2,0.43885,2,1,40008,9,0.5,TINYIMAGENET_alexnet_GEN_accuracy_kp5000_seed123,123,40000,27,42,accuracy,100123,0.43345,1,2.9202667986392976,29.693445324897766,10,2.9202667986392976,valid,0.43448495992250996,0.5041199679734092,0.43345,100123
GEN,0.43885,2,2,offspring,19930,20078,TINYIMAGENET,28,main_b1000_tinyimagenet_alexnet_GEN_kp50_seed123,0.5,0.43125,2,False,0.5,alexnet,False,0,0,1,0.43725,11,2,0.43885,2,1,40008,10,0.5,TINYIMAGENET_alexnet_GEN_accuracy_kp5000_seed123,123,40000,28,42,accuracy,100123,0.43125,1,2.9076158721923826,29.717908285558224,10,2.9076158721923826,valid,0.4331739448514111,0.4958509522006751,0.43125,100123
GEN,0.43885,2,2,offspring,15098,15054,TINYIMAGENET,29,main_b1000_tinyimagenet_alexnet_GEN_kp50_seed123,0.5,0.4348,3,False,0.5,alexnet,False,0,0,1,0.43355,25,7,0.43345,27,9,30152,2,0.5,TINYIMAGENET_alexnet_GEN_accuracy_kp5000_seed123,123,40000,29,42,accuracy,100123,0.4348,1,2.9121881741046907,29.709040500223637,10,2.9121881741046907,valid,0.43541591978267485,0.5022977971540071,0.4348,100123
GEN,0.43885,2,2,offspring,15054,15098,TINYIMAGENET,30,main_b1000_tinyimagenet_alexnet_GEN_kp50_seed123,0.5,0.42625,3,False,0.5,alexnet,False,0,0,2,0.43355,25,7,0.43345,27,9,30152,3,0.5,TINYIMAGENET_alexnet_GEN_accuracy_kp5000_seed123,123,40000,30,42,accuracy,100123,0.42625,1,2.9270297516822814,29.551306523382664,10,2.9270297516822814,valid,0.42787893307140534,0.49516864727356025,0.42625,100123
GEN,0.43885,2,2,offspring,15024,15118,TINYIMAGENET,31,main_b1000_tinyimagenet_alexnet_GEN_kp50_seed123,0.5,0.435,3,False,0.5,alexnet,False,0,0,1,0.4335,23,5,0.43135,21,3,30142,4,0.5,TINYIMAGENET_alexnet_GEN_accuracy_kp5000_seed123,123,40000,31,42,accuracy,100123,0.435,1,2.899511661911011,29.849557176232338,10,2.899511661911011,valid,0.43659724317412824,0.4974005107094868,0.435,100123
GEN,0.43885,2,2,offspring,15118,15024,TINYIMAGENET,32,main_b1000_tinyimagenet_alexnet_GEN_kp50_seed123,0.5,0.43345,3,False,0.5,alexnet,False,0,0,2,0.4335,23,5,0.43135,21,3,30142,5,0.5,TINYIMAGENET_alexnet_GEN_accuracy_kp5000_seed123,123,40000,32,42,accuracy,100123,0.43345,1,2.9184967625141143,29.669968217611313,10,2.9184967625141143,valid,0.4316700104590504,0.4901334060068004,0.43345,100123
GEN,0.43885,2,2,offspring,15080,15072,TINYIMAGENET,33,main_b1000_tinyimagenet_alexnet_GEN_kp50_seed123,0.5,0.43525,3,False,0.5,alexnet,True,4000,2000,1,0.43345,27,9,0.43355,25,7,30152,6,0.5,TINYIMAGENET_alexnet_GEN_accuracy_kp5000_seed123,123,40000,33,42,accuracy,100123,0.43525,1,2.8916906466007233,29.72247300297022,10,2.8916906466007233,valid,0.43497670325455573,0.49787463283486505,0.4352500000000001,100123
GEN,0.43885,2,2,offspring,15072,15080,TINYIMAGENET,34,main_b1000_tinyimagenet_alexnet_GEN_kp50_seed123,0.5,0.43475,3,False,0.5,alexnet,True,4000,2000,2,0.43345,27,9,0.43355,25,7,30152,7,0.5,TINYIMAGENET_alexnet_GEN_accuracy_kp5000_seed123,123,40000,34,42,accuracy,100123,0.43475,1,2.9069984456062317,29.634361788630486,10,2.9069984456062317,valid,0.4361280106917296,0.5039319117267731,0.43475,100123
GEN,0.43885,2,2,offspring,14964,15188,TINYIMAGENET,35,main_b1000_tinyimagenet_alexnet_GEN_kp50_seed123,0.5,0.42675,3,False,0.5,alexnet,False,0,0,1,0.43355,25,7,0.43345,27,9,30152,8,0.5,TINYIMAGENET_alexnet_GEN_accuracy_kp5000_seed123,123,40000,35,42,accuracy,100123,0.42675,1,2.898060258245468,29.643036291003227,10,2.898060258245468,valid,0.43085906156031917,0.5000952068907223,0.42675,100123
GEN,0.43885,2,2,offspring,15188,14964,TINYIMAGENET,36,main_b1000_tinyimagenet_alexnet_GEN_kp50_seed123,0.5,0.42485,3,False,0.5,alexnet,False,0,0,2,0.43355,25,7,0.43345,27,9,30152,9,0.5,TINYIMAGENET_alexnet_GEN_accuracy_kp5000_seed123,123,40000,36,42,accuracy,100123,0.42485,1,2.988715805339813,29.760880693793297,10,2.988715805339813,valid,0.4221592211820747,0.5032975373224846,0.42485,100123
GEN,0.43885,2,2,offspring,10166,9934,TINYIMAGENET,37,main_b1000_tinyimagenet_alexnet_GEN_kp50_seed123,0.5,0.4321,3,False,0.5,alexnet,False,0,0,1,0.43885,2,1,0.43345,27,9,20100,10,0.5,TINYIMAGENET_alexnet_GEN_accuracy_kp5000_seed123,123,40000,37,42,accuracy,100123,0.4321,1,2.9411156480789185,29.642961978912354,10,2.9411156480789185,valid,0.4302729041284111,0.49735308144270945,0.4321,100123
GEN,0.43885,2,2,offspring,10978,11172,TINYIMAGENET,38,main_b1000_tinyimagenet_alexnet_GEN_kp50_seed123,0.5,0.4299,4,False,0.5,alexnet,False,0,0,1,0.43885,2,1,0.43525,33,6,22150,2,0.5,TINYIMAGENET_alexnet_GEN_accuracy_kp5000_seed123,123,40000,38,42,accuracy,100123,0.4299,1,2.932880163383484,29.901154205203056,10,2.932880163383484,valid,0.4325710634638996,0.5051911693049189,0.42989999999999995,100123
GEN,0.43885,2,2,offspring,11172,10978,TINYIMAGENET,39,main_b1000_tinyimagenet_alexnet_GEN_kp50_seed123,0.5,0.4317,4,False,0.5,alexnet,True,4000,2000,2,0.43885,2,1,0.43525,33,6,22150,3,0.5,TINYIMAGENET_alexnet_GEN_accuracy_kp5000_seed123,123,40000,39,42,accuracy,100123,0.4317,1,2.9191120602607725,29.33031328767538,10,2.9191120602607725,valid,0.4324173965535313,0.4998409548931496,0.43170000000000003,100123
GEN,0.43885,2,2,offspring,11212,11086,TINYIMAGENET,40,main_b1000_tinyimagenet_alexnet_GEN_kp50_seed123,0.5,0.4358,4,False,0.5,alexnet,False,0,0,1,0.43885,2,1,0.43475,34,7,22298,4,0.5,TINYIMAGENET_alexnet_GEN_accuracy_kp5000_seed123,123,40000,40,42,accuracy,100123,0.4358,1,2.9040234317779543,29.71357898414135,10,2.9040234317779543,valid,0.4347924584480978,0.5014255291693237,0.4358000000000001,100123
GEN,0.43885,2,2,offspring,11086,11212,TINYIMAGENET,41,main_b1000_tinyimagenet_alexnet_GEN_kp50_seed123,0.5,0.42605,4,False,0.5,alexnet,True,4000,2000,2,0.43885,2,1,0.43475,34,7,22298,5,0.5,TINYIMAGENET_alexnet_GEN_accuracy_kp5000_seed123,123,40000,41,42,accuracy,100123,0.42605,1,2.9554018171310426,29.43193230032921,10,2.9554018171310426,valid,0.43022762911742374,0.5074474429344348,0.42605000000000004,100123
GEN,0.43885,2,2,offspring,10968,11182,TINYIMAGENET,42,main_b1000_tinyimagenet_alexnet_GEN_kp50_seed123,0.5,0.4332,4,False,0.5,alexnet,False,0,0,1,0.43525,33,6,0.43885,2,1,22150,6,0.5,TINYIMAGENET_alexnet_GEN_accuracy_kp5000_seed123,123,40000,42,42,accuracy,100123,0.4332,1,2.9112718126296997,29.726886250078678,10,2.9112718126296997,valid,0.4308910556854424,0.4983811794311591,0.4332000000000001,100123
GEN,0.43885,2,2,offspring,11182,10968,TINYIMAGENET,43,main_b1000_tinyimagenet_alexnet_GEN_kp50_seed123,0.5,0.42935,4,False,0.5,alexnet,True,4000,2000,2,0.43525,33,6,0.43885,2,1,22150,7,0.5,TINYIMAGENET_alexnet_GEN_accuracy_kp5000_seed123,123,40000,43,42,accuracy,100123,0.42935,1,2.908913719749451,29.61153034120798,10,2.908913719749451,valid,0.4313310939098533,0.5027654563776389,0.42935,100123
GEN,0.44255,44,44,offspring,11070,11228,TINYIMAGENET,44,main_b1000_tinyimagenet_alexnet_GEN_kp50_seed123,0.5,0.44255,4,True,0.5,alexnet,True,4000,2000,1,0.43475,34,7,0.43885,2,1,22298,8,0.5,TINYIMAGENET_alexnet_GEN_accuracy_kp5000_seed123,123,40000,44,42,accuracy,100123,0.44255,1,2.8331343472480772,29.644622080028057,10,2.8331343472480772,valid,0.4428654717009236,0.4992567092009891,0.44254999999999994,100123
GEN,0.44255,44,44,offspring,11228,11070,TINYIMAGENET,45,main_b1000_tinyimagenet_alexnet_GEN_kp50_seed123,0.5,0.4314,4,False,0.5,alexnet,False,0,0,2,0.43475,34,7,0.43885,2,1,22298,9,0.5,TINYIMAGENET_alexnet_GEN_accuracy_kp5000_seed123,123,40000,45,42,accuracy,100123,0.4314,1,2.868441201257706,29.549934707581997,10,2.868441201257706,valid,0.4349830449018994,0.49949885996100135,0.4314,100123
GEN,0.44255,44,44,offspring,8782,8856,TINYIMAGENET,46,main_b1000_tinyimagenet_alexnet_GEN_kp50_seed123,0.5,0.42645,4,False,0.5,alexnet,False,0,0,1,0.43525,33,6,0.42675,35,8,17638,10,0.5,TINYIMAGENET_alexnet_GEN_accuracy_kp5000_seed123,123,40000,46,42,accuracy,100123,0.42645,1,2.986821135187149,29.626615040004253,10,2.986821135187149,valid,0.4255058568738051,0.5026022356761468,0.42644999999999994,100123
GEN,0.44255,44,44,offspring,5672,5540,TINYIMAGENET,47,main_b1000_tinyimagenet_alexnet_GEN_kp50_seed123,0.5,0.4279,5,False,0.5,alexnet,False,0,0,1,0.4358,40,4,0.43885,2,1,11212,2,0.5,TINYIMAGENET_alexnet_GEN_accuracy_kp5000_seed123,123,40000,47,42,accuracy,100123,0.4279,1,2.958480666732788,29.644100695848465,10,2.958480666732788,valid,0.4232441017794659,0.501346522608872,0.4279,100123
GEN,0.44255,44,44,offspring,5540,5672,TINYIMAGENET,48,main_b1000_tinyimagenet_alexnet_GEN_kp50_seed123,0.5,0.43725,5,False,0.5,alexnet,False,0,0,2,0.4358,40,4,0.43885,2,1,11212,3,0.5,TINYIMAGENET_alexnet_GEN_accuracy_kp5000_seed123,123,40000,48,42,accuracy,100123,0.43725,1,2.8557522619247435,29.543463602662086,10,2.8557522619247435,valid,0.43709568930360154,0.49828525220248443,0.43725,100123
GEN,0.44255,44,44,offspring,5576,5634,TINYIMAGENET,49,main_b1000_tinyimagenet_alexnet_GEN_kp50_seed123,0.5,0.4354,5,False,0.5,alexnet,True,4000,2000,1,0.4314,45,9,0.4358,40,4,11210,4,0.5,TINYIMAGENET_alexnet_GEN_accuracy_kp5000_seed123,123,40000,49,42,accuracy,100123,0.4354,1,2.8893645456314085,29.583900928497314,10,2.8893645456314085,valid,0.4345114990686105,0.5020181718472949,0.4353999999999999,100123
GEN,0.44255,44,44,offspring,5634,5576,TINYIMAGENET,50,main_b1000_tinyimagenet_alexnet_GEN_kp50_seed123,0.5,0.43175,5,False,0.5,alexnet,True,4000,2000,2,0.4314,45,9,0.4358,40,4,11210,5,0.5,TINYIMAGENET_alexnet_GEN_accuracy_kp5000_seed123,123,40000,50,42,accuracy,100123,0.43175,1,2.9299625559806826,29.360311023890972,10,2.9299625559806826,valid,0.4305074183402096,0.5082503563908011,0.43174999999999997,100123
GEN,0.44255,44,44,offspring,5480,5590,TINYIMAGENET,51,main_b1000_tinyimagenet_alexnet_GEN_kp50_seed123,0.5,0.42955,5,False,0.5,alexnet,False,0,0,1,0.4314,45,9,0.43885,2,1,11070,6,0.5,TINYIMAGENET_alexnet_GEN_accuracy_kp5000_seed123,123,40000,51,42,accuracy,100123,0.42955,1,2.942069975614548,29.83440299332142,10,2.942069975614548,valid,0.4286785304070007,0.5042616824431053,0.42955,100123
GEN,0.44255,44,44,offspring,5590,5480,TINYIMAGENET,52,main_b1000_tinyimagenet_alexnet_GEN_kp50_seed123,0.5,0.4237,5,False,0.5,alexnet,False,0,0,2,0.4314,45,9,0.43885,2,1,11070,7,0.5,TINYIMAGENET_alexnet_GEN_accuracy_kp5000_seed123,123,40000,52,42,accuracy,100123,0.4237,1,2.9513700186252594,29.625202849507332,10,2.9513700186252594,valid,0.4260209552580051,0.5060742387922554,0.4237,100123
GEN,0.44255,44,44,offspring,7008,7098,TINYIMAGENET,53,main_b1000_tinyimagenet_alexnet_GEN_kp50_seed123,0.5,0.4315,5,False,0.5,alexnet,True,4000,2000,1,0.44255,44,8,0.43885,2,1,14106,8,0.5,TINYIMAGENET_alexnet_GEN_accuracy_kp5000_seed123,123,40000,53,42,accuracy,100123,0.4315,1,2.8980235252380373,30.068280592560768,10,2.8980235252380373,valid,0.4352956323154089,0.504900394891424,0.4315,100123
GEN,0.44255,44,44,offspring,7098,7008,TINYIMAGENET,54,main_b1000_tinyimagenet_alexnet_GEN_kp50_seed123,0.5,0.4265,5,False,0.5,alexnet,False,0,0,2,0.44255,44,8,0.43885,2,1,14106,9,0.5,TINYIMAGENET_alexnet_GEN_accuracy_kp5000_seed123,123,40000,54,42,accuracy,100123,0.4265,1,2.9710580233573913,29.555858753621578,10,2.9710580233573913,valid,0.4303086648637229,0.5088327715576141,0.42650000000000005,100123
GEN,0.44255,44,44,offspring,10708,10492,TINYIMAGENET,55,main_b1000_tinyimagenet_alexnet_GEN_kp50_seed123,0.5,0.4263,5,False,0.5,alexnet,False,0,0,1,0.4317,39,3,0.4314,45,9,21200,10,0.5,TINYIMAGENET_alexnet_GEN_accuracy_kp5000_seed123,123,40000,55,42,accuracy,100123,0.4263,1,2.931151528739929,29.77506772428751,10,2.931151528739929,valid,0.42407248571300826,0.49576747339717486,0.42629999999999996,100123
GEN,0.44255,44,44,offspring,8284,8428,TINYIMAGENET,56,main_b1000_tinyimagenet_alexnet_GEN_kp50_seed123,0.5,0.4371,6,False,0.5,alexnet,False,0,0,1,0.4354,49,4,0.43175,50,5,16712,2,0.5,TINYIMAGENET_alexnet_GEN_accuracy_kp5000_seed123,123,40000,56,42,accuracy,100123,0.4371,1,2.8791948820114137,29.50468134135008,10,2.8791948820114137,valid,0.43908993896386234,0.5008779107420083,0.4371,100123
GEN,0.44255,44,44,offspring,8428,8284,TINYIMAGENET,57,main_b1000_tinyimagenet_alexnet_GEN_kp50_seed123,0.5,0.43405,6,False,0.5,alexnet,False,0,0,2,0.4354,49,4,0.43175,50,5,16712,3,0.5,TINYIMAGENET_alexnet_GEN_accuracy_kp5000_seed123,123,40000,57,42,accuracy,100123,0.43405,1,2.9105264768600465,29.721068248152733,10,2.9105264768600465,valid,0.4337961987966976,0.5045391960563883,0.43405,100123
GEN,0.44255,44,44,offspring,4188,4258,TINYIMAGENET,58,main_b1000_tinyimagenet_alexnet_GEN_kp50_seed123,0.5,0.43525,6,False,0.5,alexnet,False,0,0,1,0.43725,48,3,0.42955,51,6,8446,4,0.5,TINYIMAGENET_alexnet_GEN_accuracy_kp5000_seed123,123,40000,58,42,accuracy,100123,0.43525,1,2.918906716442108,29.594881489872932,10,2.918906716442108,valid,0.436567781955949,0.5095733172753838,0.43524999999999997,100123
GEN,0.44255,44,44,offspring,4258,4188,TINYIMAGENET,59,main_b1000_tinyimagenet_alexnet_GEN_kp50_seed123,0.5,0.43545,6,False,0.5,alexnet,False,0,0,2,0.43725,48,3,0.42955,51,6,8446,5,0.5,TINYIMAGENET_alexnet_GEN_accuracy_kp5000_seed123,123,40000,59,42,accuracy,100123,0.43545,1,2.893007281303406,29.544870018959045,10,2.893007281303406,valid,0.4324533218533784,0.501374499826688,0.43545,100123
GEN,0.44255,44,44,offspring,8270,8442,TINYIMAGENET,60,main_b1000_tinyimagenet_alexnet_GEN_kp50_seed123,0.5,0.42955,6,False,0.5,alexnet,False,0,0,1,0.43175,50,5,0.4354,49,4,16712,6,0.5,TINYIMAGENET_alexnet_GEN_accuracy_kp5000_seed123,123,40000,60,42,accuracy,100123,0.42955,1,2.896578338623047,29.763438567519188,10,2.896578338623047,valid,0.4313449780618558,0.4977107883363263,0.42955,100123
GEN,0.44255,44,44,offspring,8442,8270,TINYIMAGENET,61,main_b1000_tinyimagenet_alexnet_GEN_kp50_seed123,0.5,0.4298,6,False,0.5,alexnet,False,0,0,2,0.43175,50,5,0.4354,49,4,16712,7,0.5,TINYIMAGENET_alexnet_GEN_accuracy_kp5000_seed123,123,40000,61,42,accuracy,100123,0.4298,1,2.953200370502472,29.57045192271471,10,2.953200370502472,valid,0.4321083058395977,0.5021324392955673,0.42979999999999996,100123
GEN,0.44255,44,44,offspring,5196,5140,TINYIMAGENET,62,main_b1000_tinyimagenet_alexnet_GEN_kp50_seed123,0.5,0.4324,6,False,0.5,alexnet,False,0,0,1,0.4315,53,8,0.44255,44,1,10336,8,0.5,TINYIMAGENET_alexnet_GEN_accuracy_kp5000_seed123,123,40000,62,42,accuracy,100123,0.4324,1,2.9113763761997222,29.741517513990402,10,2.9113763761997222,valid,0.43456891289681165,0.4998274144861281,0.43239999999999995,100123
GEN,0.44255,44,44,offspring,5140,5196,TINYIMAGENET,63,main_b1000_tinyimagenet_alexnet_GEN_kp50_seed123,0.5,0.4271,6,False,0.5,alexnet,False,0,0,2,0.4315,53,8,0.44255,44,1,10336,9,0.5,TINYIMAGENET_alexnet_GEN_accuracy_kp5000_seed123,123,40000,63,42,accuracy,100123,0.4271,1,2.978146189212799,29.593999207019806,10,2.978146189212799,valid,0.430093138279749,0.5083773525217117,0.4271000000000001,100123
GEN,0.44255,44,44,offspring,10662,10494,TINYIMAGENET,64,main_b1000_tinyimagenet_alexnet_GEN_kp50_seed123,0.5,0.4332,6,False,0.5,alexnet,False,0,0,1,0.4354,49,4,0.44255,44,1,21156,10,0.5,TINYIMAGENET_alexnet_GEN_accuracy_kp5000_seed123,123,40000,64,42,accuracy,100123,0.4332,1,2.8938940563201903,29.58378315716982,10,2.8938940563201903,valid,0.43688058011664765,0.5014378756645936,0.43320000000000003,100123
GEN,0.44255,44,44,offspring,5840,5688,TINYIMAGENET,65,main_b1000_tinyimagenet_alexnet_GEN_kp50_seed123,0.5,0.42855,7,False,0.5,alexnet,False,0,0,1,0.43545,59,5,0.43405,57,3,11528,2,0.5,TINYIMAGENET_alexnet_GEN_accuracy_kp5000_seed123,123,40000,65,42,accuracy,100123,0.42855,1,2.945950663423538,29.626485489308834,10,2.945950663423538,valid,0.42791109396692223,0.5027368499526905,0.42855000000000004,100123
GEN,0.44255,44,44,offspring,5688,5840,TINYIMAGENET,66,main_b1000_tinyimagenet_alexnet_GEN_kp50_seed123,0.5,0.4337,7,False,0.5,alexnet,False,0,0,2,0.43545,59,5,0.43405,57,3,11528,3,0.5,TINYIMAGENET_alexnet_GEN_accuracy_kp5000_seed123,123,40000,66,42,accuracy,100123,0.4337,1,2.9148720143318174,29.47533130645752,10,2.9148720143318174,valid,0.4345286150760586,0.502228157999623,0.43370000000000003,100123
GEN,0.44255,44,44,offspring,5296,5198,TINYIMAGENET,67,main_b1000_tinyimagenet_alexnet_GEN_kp50_seed123,0.5,0.4289,7,False,0.5,alexnet,False,0,0,1,0.44255,44,1,0.4332,64,10,10494,4,0.5,TINYIMAGENET_alexnet_GEN_accuracy_kp5000_seed123,123,40000,67,42,accuracy,100123,0.4289,1,2.9173266366481783,29.852352887392044,10,2.9173266366481783,valid,0.43413064573177124,0.50530639287392,0.4289,100123
GEN,0.44255,44,44,offspring,5198,5296,TINYIMAGENET,68,main_b1000_tinyimagenet_alexnet_GEN_kp50_seed123,0.5,0.43155,7,False,0.5,alexnet,True,4000,2000,2,0.44255,44,1,0.4332,64,10,10494,5,0.5,TINYIMAGENET_alexnet_GEN_accuracy_kp5000_seed123,123,40000,68,42,accuracy,100123,0.43155,1,2.93586335375309,29.48580302298069,10,2.93586335375309,valid,0.43259922519454336,0.5094297569981561,0.43155,100123
GEN,0.44255,44,44,offspring,5716,5720,TINYIMAGENET,69,main_b1000_tinyimagenet_alexnet_GEN_kp50_seed123,0.5,0.433,7,False,0.5,alexnet,False,0,0,1,0.43525,58,4,0.43405,57,3,11436,6,0.5,TINYIMAGENET_alexnet_GEN_accuracy_kp5000_seed123,123,40000,69,42,accuracy,100123,0.433,1,2.916979968357086,29.84819135814905,10,2.916979968357086,valid,0.4311545155529807,0.49989723776028727,0.43300000000000005,100123
GEN,0.44255,44,44,offspring,5720,5716,TINYIMAGENET,70,main_b1000_tinyimagenet_alexnet_GEN_kp50_seed123,0.5,0.4338,7,False,0.5,alexnet,False,0,0,2,0.43525,58,4,0.43405,57,3,11436,7,0.5,TINYIMAGENET_alexnet_GEN_accuracy_kp5000_seed123,123,40000,70,42,accuracy,100123,0.4338,1,2.917031661558151,29.71887308359146,10,2.917031661558151,valid,0.4381410143366186,0.5064238092526336,0.4338,100123
GEN,0.44255,44,44,offspring,5734,5702,TINYIMAGENET,71,main_b1000_tinyimagenet_alexnet_GEN_kp50_seed123,0.5,0.424,7,False,0.5,alexnet,False,0,0,1,0.43405,57,3,0.43525,58,4,11436,8,0.5,TINYIMAGENET_alexnet_GEN_accuracy_kp5000_seed123,123,40000,71,42,accuracy,100123,0.424,1,2.991033391237259,29.601409547030926,10,2.991033391237259,valid,0.4259440272437859,0.5096423065485489,0.424,100123
GEN,0.44255,44,44,offspring,5702,5734,TINYIMAGENET,72,main_b1000_tinyimagenet_alexnet_GEN_kp50_seed123,0.5,0.4344,7,False,0.5,alexnet,False,0,0,2,0.43405,57,3,0.43525,58,4,11436,9,0.5,TINYIMAGENET_alexnet_GEN_accuracy_kp5000_seed123,123,40000,72,42,accuracy,100123,0.4344,1,2.8919792812347414,29.94643071293831,10,2.8919792812347414,valid,0.43428283815690677,0.49858026210382067,0.43440000000000006,100123
GEN,0.44255,44,44,offspring,8358,8128,TINYIMAGENET,73,main_b1000_tinyimagenet_alexnet_GEN_kp50_seed123,0.5,0.43285,7,False,0.5,alexnet,False,0,0,1,0.44255,44,1,0.43545,59,5,16486,10,0.5,TINYIMAGENET_alexnet_GEN_accuracy_kp5000_seed123,123,40000,73,42,accuracy,100123,0.43285,1,2.903306509256363,29.860034063458443,10,2.903306509256363,valid,0.4385967846000471,0.5048285828813733,0.43284999999999996,100123
GEN,0.44255,44,44,offspring,9364,9450,TINYIMAGENET,74,main_b1000_tinyimagenet_alexnet_GEN_kp50_seed123,0.5,0.4313,8,False,0.5,alexnet,False,0,0,1,0.44255,44,1,0.4344,72,9,18814,2,0.5,TINYIMAGENET_alexnet_GEN_accuracy_kp5000_seed123,123,40000,74,42,accuracy,100123,0.4313,1,2.9006096706390383,29.90399421751499,10,2.9006096706390383,valid,0.43564767852905645,0.5043337652533522,0.43129999999999996,100123
GEN,0.44255,44,44,offspring,9450,9364,TINYIMAGENET,75,main_b1000_tinyimagenet_alexnet_GEN_kp50_seed123,0.5,0.433,8,False,0.5,alexnet,False,0,0,2,0.44255,44,1,0.4344,72,9,18814,3,0.5,TINYIMAGENET_alexnet_GEN_accuracy_kp5000_seed123,123,40000,75,42,accuracy,100123,0.433,1,2.8885523678779603,29.86518631130457,10,2.8885523678779603,valid,0.43265166707865177,0.5017651113601619,0.433,100123
GEN,0.44305,76,76,offspring,3914,3978,TINYIMAGENET,76,main_b1000_tinyimagenet_alexnet_GEN_kp50_seed123,0.5,0.44305,8,True,0.5,alexnet,False,0,0,1,0.4337,66,3,0.4344,72,9,7892,4,0.5,TINYIMAGENET_alexnet_GEN_accuracy_kp5000_seed123,123,40000,76,42,accuracy,100123,0.44305,1,2.831847993707657,29.732074186205864,10,2.831847993707657,valid,0.44382926113752247,0.49280895203292724,0.44305,100123
GEN,0.44305,76,76,offspring,3978,3914,TINYIMAGENET,77,main_b1000_tinyimagenet_alexnet_GEN_kp50_seed123,0.5,0.43465,8,False,0.5,alexnet,False,0,0,2,0.4337,66,3,0.4344,72,9,7892,5,0.5,TINYIMAGENET_alexnet_GEN_accuracy_kp5000_seed123,123,40000,77,42,accuracy,100123,0.43465,1,2.885086967277527,29.961912252008915,10,2.885086967277527,valid,0.43340130865074344,0.4965357866365315,0.43465000000000004,100123
GEN,0.44305,76,76,offspring,2808,2888,TINYIMAGENET,78,main_b1000_tinyimagenet_alexnet_GEN_kp50_seed123,0.5,0.43405,8,False,0.5,alexnet,False,0,0,1,0.4338,70,7,0.4344,72,9,5696,6,0.5,TINYIMAGENET_alexnet_GEN_accuracy_kp5000_seed123,123,40000,78,42,accuracy,100123,0.43405,1,2.924832400941849,29.805871345102787,10,2.924832400941849,valid,0.4362876562018758,0.5092508273379871,0.43405,100123
GEN,0.44305,76,76,offspring,2888,2808,TINYIMAGENET,79,main_b1000_tinyimagenet_alexnet_GEN_kp50_seed123,0.5,0.428,8,False,0.5,alexnet,False,0,0,2,0.4338,70,7,0.4344,72,9,5696,7,0.5,TINYIMAGENET_alexnet_GEN_accuracy_kp5000_seed123,123,40000,79,42,accuracy,100123,0.428,1,2.984814012169838,29.882964000105858,10,2.984814012169838,valid,0.4243255084466768,0.5005648806010082,0.42800000000000005,100123
GEN,0.44305,76,76,offspring,9318,9376,TINYIMAGENET,80,main_b1000_tinyimagenet_alexnet_GEN_kp50_seed123,0.5,0.4304,8,False,0.5,alexnet,False,0,0,1,0.4337,66,3,0.44255,44,1,18694,8,0.5,TINYIMAGENET_alexnet_GEN_accuracy_kp5000_seed123,123,40000,80,42,accuracy,100123,0.4304,1,2.9515997215270997,29.80026414245367,10,2.9515997215270997,valid,0.43037792015091697,0.5089748098166686,0.43040000000000006,100123
GEN,0.44305,76,76,offspring,9376,9318,TINYIMAGENET,81,main_b1000_tinyimagenet_alexnet_GEN_kp50_seed123,0.5,0.43835,8,False,0.5,alexnet,True,4000,2000,2,0.4337,66,3,0.44255,44,1,18694,9,0.5,TINYIMAGENET_alexnet_GEN_accuracy_kp5000_seed123,123,40000,81,42,accuracy,100123,0.43835,1,2.895594838953018,29.900944270193577,10,2.895594838953018,valid,0.4400848963603585,0.5061613774424808,0.4383500000000001,100123
GEN,0.44305,76,76,offspring,9456,9438,TINYIMAGENET,82,main_b1000_tinyimagenet_alexnet_GEN_kp50_seed123,0.5,0.43865,8,False,0.5,alexnet,False,0,0,1,0.43155,68,5,0.4344,72,9,18894,10,0.5,TINYIMAGENET_alexnet_GEN_accuracy_kp5000_seed123,123,40000,82,42,accuracy,100123,0.43865,1,2.861748394918442,29.852335549890995,10,2.861748394918442,valid,0.44092032236196843,0.5051934502965155,0.43865000000000004,100123
GEN,0.44305,76,76,offspring,9338,9362,TINYIMAGENET,83,main_b1000_tinyimagenet_alexnet_GEN_kp50_seed123,0.5,0.4301,9,False,0.5,alexnet,False,0,0,1,0.44255,44,1,0.44305,76,4,18700,2,0.5,TINYIMAGENET_alexnet_GEN_accuracy_kp5000_seed123,123,40000,83,42,accuracy,100123,0.4301,1,2.929217100095749,29.67213636636734,10,2.929217100095749,valid,0.4313149579508432,0.49677788952297897,0.43010000000000004,100123
GEN,0.44305,76,76,offspring,9362,9338,TINYIMAGENET,84,main_b1000_tinyimagenet_alexnet_GEN_kp50_seed123,0.5,0.4363,9,False,0.5,alexnet,False,0,0,2,0.44255,44,1,0.44305,76,4,18700,3,0.5,TINYIMAGENET_alexnet_GEN_accuracy_kp5000_seed123,123,40000,84,42,accuracy,100123,0.4363,1,2.8969750812530517,30.065903186798096,10,2.8969750812530517,valid,0.43757248626501505,0.5020887977501431,0.4363,100123
GEN,0.44305,76,76,offspring,5414,5428,TINYIMAGENET,85,main_b1000_tinyimagenet_alexnet_GEN_kp50_seed123,0.5,0.4366,9,False,0.5,alexnet,False,0,0,1,0.43405,78,6,0.43865,82,10,10842,4,0.5,TINYIMAGENET_alexnet_GEN_accuracy_kp5000_seed123,123,40000,85,42,accuracy,100123,0.4366,1,2.8617666374206543,29.89695455878973,10,2.8617666374206543,valid,0.4368912562009116,0.5021797054576197,0.4366,100123
GEN,0.44305,76,76,offspring,5428,5414,TINYIMAGENET,86,main_b1000_tinyimagenet_alexnet_GEN_kp50_seed123,0.5,0.4395,9,False,0.5,alexnet,False,0,0,2,0.43405,78,6,0.43865,82,10,10842,5,0.5,TINYIMAGENET_alexnet_GEN_accuracy_kp5000_seed123,123,40000,86,42,accuracy,100123,0.4395,1,2.835762752819061,29.946789726614952,10,2.835762752819061,valid,0.44035852882063264,0.5004325726248449,0.4395,100123
GEN,0.44305,76,76,offspring,2614,2724,TINYIMAGENET,87,main_b1000_tinyimagenet_alexnet_GEN_kp50_seed123,0.5,0.42365,9,False,0.5,alexnet,False,0,0,1,0.43465,77,5,0.43405,78,6,5338,6,0.5,TINYIMAGENET_alexnet_GEN_accuracy_kp5000_seed123,123,40000,87,42,accuracy,100123,0.42365,1,2.9689908242225647,30.131208792328835,10,2.9689908242225647,valid,0.42864539499642995,0.5117710405059852,0.42365,100123
GEN,0.44305,76,76,offspring,2724,2614,TINYIMAGENET,88,main_b1000_tinyimagenet_alexnet_GEN_kp50_seed123,0.5,0.43265,9,False,0.5,alexnet,False,0,0,2,0.43465,77,5,0.43405,78,6,5338,7,0.5,TINYIMAGENET_alexnet_GEN_accuracy_kp5000_seed123,123,40000,88,42,accuracy,100123,0.43265,1,2.9049665254592894,29.760912127792835,10,2.9049665254592894,valid,0.4330591012457427,0.49904053296211504,0.4326499999999999,100123
GEN,0.44305,76,76,offspring,5630,5676,TINYIMAGENET,89,main_b1000_tinyimagenet_alexnet_GEN_kp50_seed123,0.5,0.43415,9,False,0.5,alexnet,False,0,0,1,0.43865,82,10,0.43465,77,5,11306,8,0.5,TINYIMAGENET_alexnet_GEN_accuracy_kp5000_seed123,123,40000,89,42,accuracy,100123,0.43415,1,2.9130965109825135,30.085491724312305,10,2.9130965109825135,valid,0.4330820573266173,0.49358536301586375,0.43415,100123
GEN,0.44305,76,76,offspring,5676,5630,TINYIMAGENET,90,main_b1000_tinyimagenet_alexnet_GEN_kp50_seed123,0.5,0.4323,9,False,0.5,alexnet,False,0,0,2,0.43865,82,10,0.43465,77,5,11306,9,0.5,TINYIMAGENET_alexnet_GEN_accuracy_kp5000_seed123,123,40000,90,42,accuracy,100123,0.4323,1,2.9088719890117645,29.775808937847614,10,2.9088719890117645,valid,0.4368308843435188,0.5092263039680189,0.4323,100123
GEN,0.44305,76,76,offspring,9548,9260,TINYIMAGENET,91,main_b1000_tinyimagenet_alexnet_GEN_kp50_seed123,0.5,0.4279,9,False,0.5,alexnet,False,0,0,1,0.43465,77,5,0.44255,44,1,18808,10,0.5,TINYIMAGENET_alexnet_GEN_accuracy_kp5000_seed123,123,40000,91,42,accuracy,100123,0.4279,1,2.963475948667526,30.272689513862133,10,2.963475948667526,valid,0.43178434846810776,0.5057713040389465,0.42790000000000006,100123
GEN,0.44305,76,76,offspring,4874,4720,TINYIMAGENET,92,main_b1000_tinyimagenet_alexnet_GEN_kp50_seed123,0.5,0.435,10,False,0.5,alexnet,False,0,0,1,0.43415,89,8,0.44305,76,1,9594,2,0.5,TINYIMAGENET_alexnet_GEN_accuracy_kp5000_seed123,123,40000,92,42,accuracy,100123,0.435,1,2.9037478173971176,29.67597248405218,10,2.9037478173971176,valid,0.43877596386163803,0.5122878826303255,0.435,100123
GEN,0.44305,76,76,offspring,4720,4874,TINYIMAGENET,93,main_b1000_tinyimagenet_alexnet_GEN_kp50_seed123,0.5,0.4323,10,False,0.5,alexnet,False,0,0,2,0.43415,89,8,0.44305,76,1,9594,3,0.5,TINYIMAGENET_alexnet_GEN_accuracy_kp5000_seed123,123,40000,93,42,accuracy,100123,0.4323,1,2.8912275179862976,29.966933891177177,10,2.8912275179862976,valid,0.434954700779576,0.50593011928102,0.4323,100123
GEN,0.44305,76,76,offspring,4240,4150,TINYIMAGENET,94,main_b1000_tinyimagenet_alexnet_GEN_kp50_seed123,0.5,0.43125,10,False,0.5,alexnet,False,0,0,1,0.4395,86,5,0.44305,76,1,8390,4,0.5,TINYIMAGENET_alexnet_GEN_accuracy_kp5000_seed123,123,40000,94,42,accuracy,100123,0.43125,1,2.9050218874454496,29.77160755544901,10,2.9050218874454496,valid,0.43252614242597565,0.5008595221501885,0.43125,100123
GEN,0.44305,76,76,offspring,4150,4240,TINYIMAGENET,95,main_b1000_tinyimagenet_alexnet_GEN_kp50_seed123,0.5,0.4305,10,False,0.5,alexnet,False,0,0,2,0.4395,86,5,0.44305,76,1,8390,5,0.5,TINYIMAGENET_alexnet_GEN_accuracy_kp5000_seed123,123,40000,95,42,accuracy,100123,0.4305,1,2.9299169335842135,29.787075832486153,10,2.9299169335842135,valid,0.4317750180829536,0.5056008496206934,0.4305,100123
GEN,0.44305,76,76,offspring,4246,4150,TINYIMAGENET,96,main_b1000_tinyimagenet_alexnet_GEN_kp50_seed123,0.5,0.43805,10,False,0.5,alexnet,False,0,0,1,0.4366,85,4,0.44305,76,1,8396,6,0.5,TINYIMAGENET_alexnet_GEN_accuracy_kp5000_seed123,123,40000,96,42,accuracy,100123,0.43805,1,2.869603462934494,29.806787960231304,10,2.869603462934494,valid,0.4394208777817195,0.5038603921494383,0.43805,100123
GEN,0.44305,76,76,offspring,4150,4246,TINYIMAGENET,97,main_b1000_tinyimagenet_alexnet_GEN_kp50_seed123,0.5,0.43695,10,False,0.5,alexnet,False,0,0,2,0.4366,85,4,0.44305,76,1,8396,7,0.5,TINYIMAGENET_alexnet_GEN_accuracy_kp5000_seed123,123,40000,97,42,accuracy,100123,0.43695,1,2.8712952770233153,29.876723922789097,10,2.8712952770233153,valid,0.43576214283277837,0.4989283471034575,0.43695000000000006,100123
GEN,0.44305,76,76,offspring,3398,3440,TINYIMAGENET,98,main_b1000_tinyimagenet_alexnet_GEN_kp50_seed123,0.5,0.4283,10,False,0.5,alexnet,False,0,0,1,0.43415,89,8,0.4395,86,5,6838,8,0.5,TINYIMAGENET_alexnet_GEN_accuracy_kp5000_seed123,123,40000,98,42,accuracy,100123,0.4283,1,2.9043749561786654,29.856369607150555,10,2.9043749561786654,valid,0.42902859396937876,0.4949046649142955,0.42829999999999996,100123
GEN,0.44305,76,76,offspring,3440,3398,TINYIMAGENET,99,main_b1000_tinyimagenet_alexnet_GEN_kp50_seed123,0.5,0.43795,10,False,0.5,alexnet,False,0,0,2,0.43415,89,8,0.4395,86,5,6838,9,0.5,TINYIMAGENET_alexnet_GEN_accuracy_kp5000_seed123,123,40000,99,42,accuracy,100123,0.43795,1,2.8713538376808168,29.84083491563797,10,2.8713538376808168,valid,0.44203319473734054,0.5091005910881776,0.43795,100123
GEN,0.44305,76,76,offspring,4244,4146,TINYIMAGENET,100,main_b1000_tinyimagenet_alexnet_GEN_kp50_seed123,0.5,0.43005,10,False,0.5,alexnet,False,0,0,1,0.4395,86,5,0.44305,76,1,8390,10,0.5,TINYIMAGENET_alexnet_GEN_accuracy_kp5000_seed123,123,40000,100,42,accuracy,100123,0.43005,1,2.9462610389232635,29.893169596791267,10,2.9462610389232635,valid,0.4316467881364682,0.5084660635537288,0.43005000000000004,100123
GEN,0.44305,76,76,offspring,2036,2114,TINYIMAGENET,101,main_b1000_tinyimagenet_alexnet_GEN_kp50_seed123,0.5,0.4318,11,False,0.5,alexnet,False,0,0,1,0.43125,94,4,0.44305,76,1,4150,2,0.5,TINYIMAGENET_alexnet_GEN_accuracy_kp5000_seed123,123,40000,101,42,accuracy,100123,0.4318,1,2.9134827835559847,29.708704940974712,10,2.9134827835559847,valid,0.4338229138892869,0.5016597287394454,0.4318000000000001,100123
GEN,0.44305,76,76,offspring,2114,2036,TINYIMAGENET,102,main_b1000_tinyimagenet_alexnet_GEN_kp50_seed123,0.5,0.4405,11,False,0.5,alexnet,False,0,0,2,0.43125,94,4,0.44305,76,1,4150,3,0.5,TINYIMAGENET_alexnet_GEN_accuracy_kp5000_seed123,123,40000,102,42,accuracy,100123,0.4405,1,2.9053469020843505,29.92489644140005,10,2.9053469020843505,valid,0.44036991233236544,0.5049987940292262,0.44049999999999995,100123
GEN,0.44305,76,76,offspring,2426,2448,TINYIMAGENET,103,main_b1000_tinyimagenet_alexnet_GEN_kp50_seed123,0.5,0.43465,11,False,0.5,alexnet,False,0,0,1,0.4323,93,3,0.44305,76,1,4874,4,0.5,TINYIMAGENET_alexnet_GEN_accuracy_kp5000_seed123,123,40000,103,42,accuracy,100123,0.43465,1,2.8682982191085817,29.8223679587245,10,2.8682982191085817,valid,0.4338450414058243,0.49689723489976395,0.43465000000000004,100123
GEN,0.44305,76,76,offspring,2448,2426,TINYIMAGENET,104,main_b1000_tinyimagenet_alexnet_GEN_kp50_seed123,0.5,0.43985,11,False,0.5,alexnet,False,0,0,2,0.4323,93,3,0.44305,76,1,4874,5,0.5,TINYIMAGENET_alexnet_GEN_accuracy_kp5000_seed123,123,40000,104,42,accuracy,100123,0.43985,1,2.8660563881874084,29.956319890916348,10,2.8660563881874084,valid,0.43903360364504657,0.4978306440117328,0.43985,100123
GEN,0.44305,76,76,offspring,3436,3450,TINYIMAGENET,105,main_b1000_tinyimagenet_alexnet_GEN_kp50_seed123,0.5,0.4326,11,False,0.5,alexnet,False,0,0,1,0.43125,94,4,0.43695,97,7,6886,6,0.5,TINYIMAGENET_alexnet_GEN_accuracy_kp5000_seed123,123,40000,105,42,accuracy,100123,0.4326,1,2.9125725728034975,29.798769548535347,10,2.9125725728034975,valid,0.436898705463247,0.507691303023326,0.4326,100123
GEN,0.44305,76,76,offspring,3450,3436,TINYIMAGENET,106,main_b1000_tinyimagenet_alexnet_GEN_kp50_seed123,0.5,0.42005,11,False,0.5,alexnet,False,0,0,2,0.43125,94,4,0.43695,97,7,6886,7,0.5,TINYIMAGENET_alexnet_GEN_accuracy_kp5000_seed123,123,40000,106,42,accuracy,100123,0.42005,1,2.9920148163318636,30.030113846063614,10,2.9920148163318636,valid,0.42432789695646084,0.5095497755726534,0.42005,100123
GEN,0.44305,76,76,offspring,4182,4214,TINYIMAGENET,107,main_b1000_tinyimagenet_alexnet_GEN_kp50_seed123,0.5,0.4316,11,False,0.5,alexnet,False,0,0,1,0.43805,96,6,0.43695,97,7,8396,8,0.5,TINYIMAGENET_alexnet_GEN_accuracy_kp5000_seed123,123,40000,107,42,accuracy,100123,0.4316,1,2.931289349937439,29.70064017176628,10,2.931289349937439,valid,0.4301992865960908,0.4966444608570114,0.4316,100123
GEN,0.44305,76,76,offspring,4214,4182,TINYIMAGENET,108,main_b1000_tinyimagenet_alexnet_GEN_kp50_seed123,0.5,0.432,11,False,0.5,alexnet,False,0,0,2,0.43805,96,6,0.43695,97,7,8396,9,0.5,TINYIMAGENET_alexnet_GEN_accuracy_kp5000_seed123,123,40000,108,42,accuracy,100123,0.432,1,2.9365797968387604,29.993512079119682,10,2.9365797968387604,valid,0.4312632577330298,0.49746020615085046,0.43200000000000005,100123
GEN,0.44305,76,76,offspring,4494,4452,TINYIMAGENET,109,main_b1000_tinyimagenet_alexnet_GEN_kp50_seed123,0.5,0.4345,11,False,0.5,alexnet,False,0,0,1,0.44305,76,1,0.43795,99,9,8946,10,0.5,TINYIMAGENET_alexnet_GEN_accuracy_kp5000_seed123,123,40000,109,42,accuracy,100123,0.4345,1,2.8924755970954896,29.883463382720947,10,2.8924755970954896,valid,0.4349412920005065,0.5003304244127166,0.43450000000000005,100123
GEN,0.44305,76,76,offspring,2500,2484,TINYIMAGENET,110,main_b1000_tinyimagenet_alexnet_GEN_kp50_seed123,0.5,0.4376,12,False,0.5,alexnet,False,0,0,1,0.4345,109,10,0.43985,104,5,4984,2,0.5,TINYIMAGENET_alexnet_GEN_accuracy_kp5000_seed123,123,40000,110,42,accuracy,100123,0.4376,1,2.899235556983948,29.815818965435028,10,2.899235556983948,valid,0.4391288860671363,0.5045173686811075,0.43760000000000004,100123
GEN,0.44305,76,76,offspring,2484,2500,TINYIMAGENET,111,main_b1000_tinyimagenet_alexnet_GEN_kp50_seed123,0.5,0.43405,12,False,0.5,alexnet,False,0,0,2,0.4345,109,10,0.43985,104,5,4984,3,0.5,TINYIMAGENET_alexnet_GEN_accuracy_kp5000_seed123,123,40000,111,42,accuracy,100123,0.43405,1,2.910721479129791,29.89467716217041,10,2.910721479129791,valid,0.4316927355315759,0.49870170597464236,0.43405,100123
GEN,0.44305,76,76,offspring,1240,1208,TINYIMAGENET,112,main_b1000_tinyimagenet_alexnet_GEN_kp50_seed123,0.5,0.4331,12,False,0.5,alexnet,False,0,0,1,0.43465,103,4,0.44305,76,1,2448,4,0.5,TINYIMAGENET_alexnet_GEN_accuracy_kp5000_seed123,123,40000,112,42,accuracy,100123,0.4331,1,2.9536384744644164,29.787265852093697,10,2.9536384744644164,valid,0.43039117136996047,0.5091410694481519,0.43310000000000004,100123
GEN,0.44305,76,76,offspring,1208,1240,TINYIMAGENET,113,main_b1000_tinyimagenet_alexnet_GEN_kp50_seed123,0.5,0.43635,12,False,0.5,alexnet,False,0,0,2,0.43465,103,4,0.44305,76,1,2448,5,0.5,TINYIMAGENET_alexnet_GEN_accuracy_kp5000_seed123,123,40000,113,42,accuracy,100123,0.43635,1,2.8912408761024473,29.892348751425743,10,2.8912408761024473,valid,0.4385031744990876,0.5075534007663911,0.43634999999999996,100123
GEN,0.44305,76,76,offspring,1814,1922,TINYIMAGENET,114,main_b1000_tinyimagenet_alexnet_GEN_kp50_seed123,0.5,0.4355,12,False,0.5,alexnet,False,0,0,1,0.4405,102,3,0.43985,104,5,3736,6,0.5,TINYIMAGENET_alexnet_GEN_accuracy_kp5000_seed123,123,40000,114,42,accuracy,100123,0.4355,1,2.87331742105484,29.76359122246504,10,2.87331742105484,valid,0.4324517275715576,0.4903543586138501,0.4355,100123
GEN,0.44305,76,76,offspring,1922,1814,TINYIMAGENET,115,main_b1000_tinyimagenet_alexnet_GEN_kp50_seed123,0.5,0.42605,12,False,0.5,alexnet,False,0,0,2,0.4405,102,3,0.43985,104,5,3736,7,0.5,TINYIMAGENET_alexnet_GEN_accuracy_kp5000_seed123,123,40000,115,42,accuracy,100123,0.42605,1,2.9418781631946564,29.992955811321735,10,2.9418781631946564,valid,0.4286946848292793,0.5010071230334149,0.42605,100123
GEN,0.44305,76,76,offspring,1012,1024,TINYIMAGENET,116,main_b1000_tinyimagenet_alexnet_GEN_kp50_seed123,0.5,0.4284,12,False,0.5,alexnet,False,0,0,1,0.4405,102,3,0.44305,76,1,2036,8,0.5,TINYIMAGENET_alexnet_GEN_accuracy_kp5000_seed123,123,40000,116,42,accuracy,100123,0.4284,1,2.9419150548934936,29.834351778030396,10,2.9419150548934936,valid,0.4298425821848326,0.5043823485670876,0.42840000000000006,100123
GEN,0.44305,76,76,offspring,1024,1012,TINYIMAGENET,117,main_b1000_tinyimagenet_alexnet_GEN_kp50_seed123,0.5,0.4268,12,False,0.5,alexnet,True,4000,2000,2,0.4405,102,3,0.44305,76,1,2036,9,0.5,TINYIMAGENET_alexnet_GEN_accuracy_kp5000_seed123,123,40000,117,42,accuracy,100123,0.4268,1,2.9424979845523835,30.15756204724312,10,2.9424979845523835,valid,0.4268818906857049,0.5027997065934713,0.4268,100123
GEN,0.44305,76,76,offspring,1204,1222,TINYIMAGENET,118,main_b1000_tinyimagenet_alexnet_GEN_kp50_seed123,0.5,0.43395,12,False,0.5,alexnet,True,4000,2000,1,0.44305,76,1,0.43985,104,5,2426,10,0.5,TINYIMAGENET_alexnet_GEN_accuracy_kp5000_seed123,123,40000,118,42,accuracy,100123,0.43395,1,2.9148869433403015,29.796907030045986,10,2.9148869433403015,valid,0.4330926391073435,0.498629362032816,0.43394999999999995,100123
GEN,0.44305,76,76,offspring,1748,1688,TINYIMAGENET,119,main_b1000_tinyimagenet_alexnet_GEN_kp50_seed123,0.5,0.4406,13,False,0.5,alexnet,False,0,0,1,0.4355,114,6,0.4376,110,2,3436,2,0.5,TINYIMAGENET_alexnet_GEN_accuracy_kp5000_seed123,123,40000,119,42,accuracy,100123,0.4406,1,2.862881249165535,30.045688465237617,10,2.862881249165535,valid,0.4363077949424842,0.4950572784392571,0.44060000000000005,100123
GEN,0.44305,76,76,offspring,1688,1748,TINYIMAGENET,120,main_b1000_tinyimagenet_alexnet_GEN_kp50_seed123,0.5,0.43605,13,False,0.5,alexnet,False,0,0,2,0.4355,114,6,0.4376,110,2,3436,3,0.5,TINYIMAGENET_alexnet_GEN_accuracy_kp5000_seed123,123,40000,120,42,accuracy,100123,0.43605,1,2.8776633999347685,29.786918431520462,10,2.8776633999347685,valid,0.4308701797927391,0.4932305643511451,0.43605000000000005,100123
GEN,0.44305,76,76,offspring,2166,2040,TINYIMAGENET,121,main_b1000_tinyimagenet_alexnet_GEN_kp50_seed123,0.5,0.43125,13,False,0.5,alexnet,False,0,0,1,0.4376,110,2,0.43635,113,5,4206,4,0.5,TINYIMAGENET_alexnet_GEN_accuracy_kp5000_seed123,123,40000,121,42,accuracy,100123,0.43125,1,2.909423532962799,29.98572087287903,10,2.909423532962799,valid,0.43329202438007164,0.4973381811188738,0.43125,100123
GEN,0.44305,76,76,offspring,2040,2166,TINYIMAGENET,122,main_b1000_tinyimagenet_alexnet_GEN_kp50_seed123,0.5,0.4416,13,False,0.5,alexnet,False,0,0,2,0.4376,110,2,0.43635,113,5,4206,5,0.5,TINYIMAGENET_alexnet_GEN_accuracy_kp5000_seed123,123,40000,122,42,accuracy,100123,0.4416,1,2.864974716949463,29.936671778559685,10,2.864974716949463,valid,0.44337282169496267,0.508414661696756,0.44160000000000005,100123
GEN,0.44305,76,76,offspring,1736,1716,TINYIMAGENET,123,main_b1000_tinyimagenet_alexnet_GEN_kp50_seed123,0.5,0.4326,13,False,0.5,alexnet,False,0,0,1,0.4376,110,2,0.44305,76,1,3452,6,0.5,TINYIMAGENET_alexnet_GEN_accuracy_kp5000_seed123,123,40000,123,42,accuracy,100123,0.4326,1,2.898366895353794,29.794529922306538,10,2.898366895353794,valid,0.43625953420663394,0.5037665048844612,0.43260000000000004,100123
GEN,0.44305,76,76,offspring,1716,1736,TINYIMAGENET,124,main_b1000_tinyimagenet_alexnet_GEN_kp50_seed123,0.5,0.43495,13,False,0.5,alexnet,False,0,0,2,0.4376,110,2,0.44305,76,1,3452,7,0.5,TINYIMAGENET_alexnet_GEN_accuracy_kp5000_seed123,123,40000,124,42,accuracy,100123,0.43495,1,2.9073729611873627,30.014578506350517,10,2.9073729611873627,valid,0.4360577191568887,0.5092608471744378,0.43494999999999995,100123
GEN,0.44305,76,76,offspring,640,600,TINYIMAGENET,125,main_b1000_tinyimagenet_alexnet_GEN_kp50_seed123,0.5,0.42785,13,False,0.5,alexnet,False,0,0,1,0.43635,113,5,0.44305,76,1,1240,8,0.5,TINYIMAGENET_alexnet_GEN_accuracy_kp5000_seed123,123,40000,125,42,accuracy,100123,0.42785,1,2.908173817443848,29.653261601924896,10,2.908173817443848,valid,0.43132092954168827,0.49861174460061136,0.42784999999999995,100123
GEN,0.44305,76,76,offspring,600,640,TINYIMAGENET,126,main_b1000_tinyimagenet_alexnet_GEN_kp50_seed123,0.5,0.4296,13,False,0.5,alexnet,False,0,0,2,0.43635,113,5,0.44305,76,1,1240,9,0.5,TINYIMAGENET_alexnet_GEN_accuracy_kp5000_seed123,123,40000,126,42,accuracy,100123,0.4296,1,2.947139139509201,29.950663402676582,10,2.947139139509201,valid,0.4295422591186426,0.5071417644615654,0.4296,100123
GEN,0.44305,76,76,offspring,626,614,TINYIMAGENET,127,main_b1000_tinyimagenet_alexnet_GEN_kp50_seed123,0.5,0.4299,13,False,0.5,alexnet,False,0,0,1,0.44305,76,1,0.43635,113,5,1240,10,0.5,TINYIMAGENET_alexnet_GEN_accuracy_kp5000_seed123,123,40000,127,42,accuracy,100123,0.4299,1,2.899261615419388,29.85259059071541,10,2.899261615419388,valid,0.430414751130985,0.5015766034821144,0.4299,100123
GEN,0.44305,76,76,offspring,1232,1146,TINYIMAGENET,128,main_b1000_tinyimagenet_alexnet_GEN_kp50_seed123,0.5,0.439,14,False,0.5,alexnet,False,0,0,1,0.44305,76,1,0.4416,122,5,2378,2,0.5,TINYIMAGENET_alexnet_GEN_accuracy_kp5000_seed123,123,40000,128,42,accuracy,100123,0.439,1,2.9091923596382143,30.247857309877872,10,2.9091923596382143,valid,0.4360847819654451,0.501489560873559,0.439,100123
GEN,0.44305,76,76,offspring,1146,1232,TINYIMAGENET,129,main_b1000_tinyimagenet_alexnet_GEN_kp50_seed123,0.5,0.4307,14,False,0.5,alexnet,False,0,0,2,0.44305,76,1,0.4416,122,5,2378,3,0.5,TINYIMAGENET_alexnet_GEN_accuracy_kp5000_seed123,123,40000,129,42,accuracy,100123,0.4307,1,2.913611006975174,30.096020452678204,10,2.913611006975174,valid,0.43004172461452755,0.5006058729981026,0.4306999999999999,100123
GEN,0.44305,76,76,offspring,1386,1296,TINYIMAGENET,130,main_b1000_tinyimagenet_alexnet_GEN_kp50_seed123,0.5,0.42745,14,False,0.5,alexnet,False,0,0,1,0.4416,122,5,0.4406,119,2,2682,4,0.5,TINYIMAGENET_alexnet_GEN_accuracy_kp5000_seed123,123,40000,130,42,accuracy,100123,0.42745,1,2.9272336499214173,30.189854182302952,10,2.9272336499214173,valid,0.428131453801188,0.5001671087611993,0.42745000000000005,100123
GEN,0.44305,76,76,offspring,1296,1386,TINYIMAGENET,131,main_b1000_tinyimagenet_alexnet_GEN_kp50_seed123,0.5,0.4363,14,False,0.5,alexnet,False,0,0,2,0.4416,122,5,0.4406,119,2,2682,5,0.5,TINYIMAGENET_alexnet_GEN_accuracy_kp5000_seed123,123,40000,131,42,accuracy,100123,0.4363,1,2.894534541988373,30.066870510578156,10,2.894534541988373,valid,0.4374097841818218,0.5066335721075357,0.43629999999999997,100123
GEN,0.44305,76,76,offspring,1454,1442,TINYIMAGENET,132,main_b1000_tinyimagenet_alexnet_GEN_kp50_seed123,0.5,0.4376,14,False,0.5,alexnet,False,0,0,1,0.44305,76,1,0.4406,119,2,2896,6,0.5,TINYIMAGENET_alexnet_GEN_accuracy_kp5000_seed123,123,40000,132,42,accuracy,100123,0.4376,1,2.8673809687137606,30.06188354641199,10,2.8673809687137606,valid,0.43675178294391714,0.49727275346064304,0.4376,100123
GEN,0.44305,76,76,offspring,1442,1454,TINYIMAGENET,133,main_b1000_tinyimagenet_alexnet_GEN_kp50_seed123,0.5,0.43885,14,False,0.5,alexnet,False,0,0,2,0.44305,76,1,0.4406,119,2,2896,7,0.5,TINYIMAGENET_alexnet_GEN_accuracy_kp5000_seed123,123,40000,133,42,accuracy,100123,0.43885,1,2.8506576086997986,30.127476170659065,10,2.8506576086997986,valid,0.439653703203505,0.4994721461545133,0.4388500000000001,100123
GEN,0.44305,76,76,offspring,1114,1052,TINYIMAGENET,134,main_b1000_tinyimagenet_alexnet_GEN_kp50_seed123,0.5,0.43505,14,False,0.5,alexnet,False,0,0,1,0.43495,124,7,0.4416,122,5,2166,8,0.5,TINYIMAGENET_alexnet_GEN_accuracy_kp5000_seed123,123,40000,134,42,accuracy,100123,0.43505,1,2.8910722588539124,29.958537384867668,10,2.8910722588539124,valid,0.4347076068280882,0.5014238943358909,0.43505000000000005,100123
GEN,0.44305,76,76,offspring,1052,1114,TINYIMAGENET,135,main_b1000_tinyimagenet_alexnet_GEN_kp50_seed123,0.5,0.43205,14,False,0.5,alexnet,False,0,0,2,0.43495,124,7,0.4416,122,5,2166,9,0.5,TINYIMAGENET_alexnet_GEN_accuracy_kp5000_seed123,123,40000,135,42,accuracy,100123,0.43205,1,2.9194245825767515,30.09508165717125,10,2.9194245825767515,valid,0.43280315575289857,0.5090026960600698,0.43205,100123
GEN,0.44305,76,76,offspring,1288,1394,TINYIMAGENET,136,main_b1000_tinyimagenet_alexnet_GEN_kp50_seed123,0.5,0.43,14,False,0.5,alexnet,False,0,0,1,0.4406,119,2,0.4416,122,5,2682,10,0.5,TINYIMAGENET_alexnet_GEN_accuracy_kp5000_seed123,123,40000,136,42,accuracy,100123,0.43,1,2.9336755978107454,29.985573321580887,10,2.9336755978107454,valid,0.4308122900587284,0.5088712143974774,0.43,100123
GEN,0.44305,76,76,offspring,984,996,TINYIMAGENET,137,main_b1000_tinyimagenet_alexnet_GEN_kp50_seed123,0.5,0.4353,15,False,0.5,alexnet,False,0,0,1,0.4363,131,5,0.439,128,2,1980,2,0.5,TINYIMAGENET_alexnet_GEN_accuracy_kp5000_seed123,123,40000,137,42,accuracy,100123,0.4353,1,2.8988621024131773,30.175299398601055,10,2.8988621024131773,valid,0.43577288076626514,0.5070465492837024,0.4353,100123
GEN,0.44305,76,76,offspring,996,984,TINYIMAGENET,138,main_b1000_tinyimagenet_alexnet_GEN_kp50_seed123,0.5,0.4404,15,False,0.5,alexnet,False,0,0,2,0.4363,131,5,0.439,128,2,1980,3,0.5,TINYIMAGENET_alexnet_GEN_accuracy_kp5000_seed123,123,40000,138,42,accuracy,100123,0.4404,1,2.901607937192917,29.965963378548622,10,2.901607937192917,valid,0.4381732396320996,0.49964832958231603,0.4404,100123
GEN,0.44305,76,76,offspring,686,768,TINYIMAGENET,139,main_b1000_tinyimagenet_alexnet_GEN_kp50_seed123,0.5,0.4364,15,False,0.5,alexnet,False,0,0,1,0.44305,76,1,0.4376,132,6,1454,4,0.5,TINYIMAGENET_alexnet_GEN_accuracy_kp5000_seed123,123,40000,139,42,accuracy,100123,0.4364,1,2.884476300239563,30.31704141944647,10,2.884476300239563,valid,0.4344848829208361,0.4943571201657497,0.4364,100123
GEN,0.44305,76,76,offspring,768,686,TINYIMAGENET,140,main_b1000_tinyimagenet_alexnet_GEN_kp50_seed123,0.5,0.4355,15,False,0.5,alexnet,False,0,0,2,0.44305,76,1,0.4376,132,6,1454,5,0.5,TINYIMAGENET_alexnet_GEN_accuracy_kp5000_seed123,123,40000,140,42,accuracy,100123,0.4355,1,2.903358586835861,30.034409061074257,10,2.903358586835861,valid,0.4352109776051797,0.4988047288873373,0.4355,100123
GEN,0.44305,76,76,offspring,1308,1370,TINYIMAGENET,141,main_b1000_tinyimagenet_alexnet_GEN_kp50_seed123,0.5,0.4385,15,False,0.5,alexnet,False,0,0,1,0.44305,76,1,0.4363,131,5,2678,6,0.5,TINYIMAGENET_alexnet_GEN_accuracy_kp5000_seed123,123,40000,141,42,accuracy,100123,0.4385,1,2.8582202053070067,30.63718008995056,10,2.8582202053070067,valid,0.44105549958326856,0.5003763562866336,0.4385,100123
GEN,0.44305,76,76,offspring,1370,1308,TINYIMAGENET,142,main_b1000_tinyimagenet_alexnet_GEN_kp50_seed123,0.5,0.42965,15,False,0.5,alexnet,False,0,0,2,0.44305,76,1,0.4363,131,5,2678,7,0.5,TINYIMAGENET_alexnet_GEN_accuracy_kp5000_seed123,123,40000,142,42,accuracy,100123,0.42965,1,2.9331530131340027,30.003750547766685,10,2.9331530131340027,valid,0.4331273132939755,0.5091476157424291,0.42965000000000003,100123
GEN,0.44305,76,76,offspring,1022,984,TINYIMAGENET,143,main_b1000_tinyimagenet_alexnet_GEN_kp50_seed123,0.5,0.4298,15,False,0.5,alexnet,True,4000,2000,1,0.4376,132,6,0.439,128,2,2006,8,0.5,TINYIMAGENET_alexnet_GEN_accuracy_kp5000_seed123,123,40000,143,42,accuracy,100123,0.4298,1,2.95019755320549,30.149420715868473,10,2.95019755320549,valid,0.4298047397100194,0.5061572515700359,0.42979999999999996,100123
GEN,0.44305,76,76,offspring,984,1022,TINYIMAGENET,144,main_b1000_tinyimagenet_alexnet_GEN_kp50_seed123,0.5,0.43765,15,False,0.5,alexnet,False,0,0,2,0.4376,132,6,0.439,128,2,2006,9,0.5,TINYIMAGENET_alexnet_GEN_accuracy_kp5000_seed123,123,40000,144,42,accuracy,100123,0.43765,1,2.889576590704918,29.85197888314724,10,2.889576590704918,valid,0.4381109534280355,0.5044799654462009,0.43765,100123
GEN,0.44305,76,76,offspring,716,738,TINYIMAGENET,145,main_b1000_tinyimagenet_alexnet_GEN_kp50_seed123,0.5,0.4225,15,False,0.5,alexnet,False,0,0,1,0.44305,76,1,0.4376,132,6,1454,10,0.5,TINYIMAGENET_alexnet_GEN_accuracy_kp5000_seed123,123,40000,145,42,accuracy,100123,0.4225,1,2.9571340590000155,30.239796742796898,10,2.9571340590000155,valid,0.4220491969805256,0.5001552838103075,0.4225,100123
GEN,0.44305,76,76,offspring,696,752,TINYIMAGENET,146,main_b1000_tinyimagenet_alexnet_GEN_kp50_seed123,0.5,0.43225,16,False,0.5,alexnet,False,0,0,1,0.4404,138,3,0.4385,141,6,1448,2,0.5,TINYIMAGENET_alexnet_GEN_accuracy_kp5000_seed123,123,40000,146,42,accuracy,100123,0.43225,1,2.8870059352397917,29.994130790233612,10,2.8870059352397917,valid,0.4348772396460655,0.5023832042148979,0.43225,100123
GEN,0.44305,76,76,offspring,752,696,TINYIMAGENET,147,main_b1000_tinyimagenet_alexnet_GEN_kp50_seed123,0.5,0.43095,16,False,0.5,alexnet,False,0,0,2,0.4404,138,3,0.4385,141,6,1448,3,0.5,TINYIMAGENET_alexnet_GEN_accuracy_kp5000_seed123,123,40000,147,42,accuracy,100123,0.43095,1,2.9357778484344483,30.237459883093834,10,2.9357778484344483,valid,0.4329796620903679,0.49516593808381487,0.43095,100123
GEN,0.44305,76,76,offspring,994,950,TINYIMAGENET,148,main_b1000_tinyimagenet_alexnet_GEN_kp50_seed123,0.5,0.42945,16,False,0.5,alexnet,False,0,0,1,0.44305,76,1,0.4404,138,3,1944,4,0.5,TINYIMAGENET_alexnet_GEN_accuracy_kp5000_seed123,123,40000,148,42,accuracy,100123,0.42945,1,2.9419708452939988,30.184920243918896,10,2.9419708452939988,valid,0.4286522987707125,0.5022121100375501,0.42945000000000005,100123
GEN,0.44305,76,76,offspring,950,994,TINYIMAGENET,149,main_b1000_tinyimagenet_alexnet_GEN_kp50_seed123,0.5,0.4401,16,False,0.5,alexnet,False,0,0,2,0.44305,76,1,0.4404,138,3,1944,5,0.5,TINYIMAGENET_alexnet_GEN_accuracy_kp5000_seed123,123,40000,149,42,accuracy,100123,0.4401,1,2.852065366482735,30.06786334514618,10,2.852065366482735,valid,0.43956731653163567,0.49985200366594085,0.4401,100123
GEN,0.44305,76,76,offspring,648,660,TINYIMAGENET,150,main_b1000_tinyimagenet_alexnet_GEN_kp50_seed123,0.5,0.429,16,False,0.5,alexnet,False,0,0,1,0.44305,76,1,0.4385,141,6,1308,6,0.5,TINYIMAGENET_alexnet_GEN_accuracy_kp5000_seed123,123,40000,150,42,accuracy,100123,0.429,1,2.9514345314502717,30.259323567152023,10,2.9514345314502717,valid,0.4327230373742866,0.5120796141686185,0.42900000000000005,100123
GEN,0.44305,76,76,offspring,660,648,TINYIMAGENET,151,main_b1000_tinyimagenet_alexnet_GEN_kp50_seed123,0.5,0.42695,16,False,0.5,alexnet,False,0,0,2,0.44305,76,1,0.4385,141,6,1308,7,0.5,TINYIMAGENET_alexnet_GEN_accuracy_kp5000_seed123,123,40000,151,42,accuracy,100123,0.42695,1,2.9725977592468262,30.046629793941975,10,2.9725977592468262,valid,0.4236288741558173,0.4980949249360042,0.42695,100123
GEN,0.44305,76,76,offspring,646,662,TINYIMAGENET,152,main_b1000_tinyimagenet_alexnet_GEN_kp50_seed123,0.5,0.43065,16,False,0.5,alexnet,False,0,0,1,0.4385,141,6,0.44305,76,1,1308,8,0.5,TINYIMAGENET_alexnet_GEN_accuracy_kp5000_seed123,123,40000,152,42,accuracy,100123,0.43065,1,2.9422143688678744,30.302908286452293,10,2.9422143688678744,valid,0.4325781604529125,0.5015391908392224,0.43065,100123
GEN,0.44305,76,76,offspring,662,646,TINYIMAGENET,153,main_b1000_tinyimagenet_alexnet_GEN_kp50_seed123,0.5,0.43405,16,False,0.5,alexnet,False,0,0,2,0.4385,141,6,0.44305,76,1,1308,9,0.5,TINYIMAGENET_alexnet_GEN_accuracy_kp5000_seed123,123,40000,153,42,accuracy,100123,0.43405,1,2.9148393509864805,30.067826986312866,10,2.9148393509864805,valid,0.4350210963269393,0.5086017392174713,0.43405,100123
GEN,0.44305,76,76,offspring,658,650,TINYIMAGENET,154,main_b1000_tinyimagenet_alexnet_GEN_kp50_seed123,0.5,0.4331,16,False,0.5,alexnet,False,0,0,1,0.44305,76,1,0.4385,141,6,1308,10,0.5,TINYIMAGENET_alexnet_GEN_accuracy_kp5000_seed123,123,40000,154,42,accuracy,100123,0.4331,1,2.895584591293335,30.392941564321518,10,2.895584591293335,valid,0.4307017448415022,0.4938613034978272,0.43310000000000004,100123
GEN,0.44305,76,76,offspring,576,554,TINYIMAGENET,155,main_b1000_tinyimagenet_alexnet_GEN_kp50_seed123,0.5,0.4346,17,False,0.5,alexnet,False,0,0,1,0.4401,149,5,0.43405,153,9,1130,2,0.5,TINYIMAGENET_alexnet_GEN_accuracy_kp5000_seed123,123,40000,155,42,accuracy,100123,0.4346,1,2.8922327248334883,30.14022336155176,10,2.8922327248334883,valid,0.4346479453002703,0.5033955914978882,0.43459999999999993,100123
GEN,0.44305,76,76,offspring,554,576,TINYIMAGENET,156,main_b1000_tinyimagenet_alexnet_GEN_kp50_seed123,0.5,0.43295,17,False,0.5,alexnet,False,0,0,2,0.4401,149,5,0.43405,153,9,1130,3,0.5,TINYIMAGENET_alexnet_GEN_accuracy_kp5000_seed123,123,40000,156,42,accuracy,100123,0.43295,1,2.914219014430046,30.11594234406948,10,2.914219014430046,valid,0.4329326659261808,0.5026647765333655,0.43295,100123
GEN,0.44305,76,76,offspring,310,340,TINYIMAGENET,157,main_b1000_tinyimagenet_alexnet_GEN_kp50_seed123,0.5,0.44255,17,False,0.5,alexnet,False,0,0,1,0.43405,153,9,0.4331,154,10,650,4,0.5,TINYIMAGENET_alexnet_GEN_accuracy_kp5000_seed123,123,40000,157,42,accuracy,100123,0.44255,1,2.8575459630966185,30.145785003900528,10,2.8575459630966185,valid,0.4421838349948049,0.5085187479474361,0.44255,100123
GEN,0.44305,76,76,offspring,340,310,TINYIMAGENET,158,main_b1000_tinyimagenet_alexnet_GEN_kp50_seed123,0.5,0.435,17,False,0.5,alexnet,False,0,0,2,0.43405,153,9,0.4331,154,10,650,5,0.5,TINYIMAGENET_alexnet_GEN_accuracy_kp5000_seed123,123,40000,158,42,accuracy,100123,0.435,1,2.8964920705795287,29.99101898819208,10,2.8964920705795287,valid,0.433425896263992,0.5049056526564978,0.435,100123
GEN,0.44305,76,76,offspring,602,554,TINYIMAGENET,159,main_b1000_tinyimagenet_alexnet_GEN_kp50_seed123,0.5,0.4297,17,False,0.5,alexnet,False,0,0,1,0.43225,146,2,0.4401,149,5,1156,6,0.5,TINYIMAGENET_alexnet_GEN_accuracy_kp5000_seed123,123,40000,159,42,accuracy,100123,0.4297,1,2.9073271634101867,30.205248914659023,10,2.9073271634101867,valid,0.4294364242018456,0.4997561357882841,0.42969999999999997,100123
GEN,0.44305,76,76,offspring,554,602,TINYIMAGENET,160,main_b1000_tinyimagenet_alexnet_GEN_kp50_seed123,0.5,0.432,17,False,0.5,alexnet,False,0,0,2,0.43225,146,2,0.4401,149,5,1156,7,0.5,TINYIMAGENET_alexnet_GEN_accuracy_kp5000_seed123,123,40000,160,42,accuracy,100123,0.432,1,2.9026064301013945,29.94847848266363,10,2.9026064301013945,valid,0.43327424476500953,0.4985631562412439,0.43200000000000005,100123
GEN,0.44305,76,76,offspring,450,500,TINYIMAGENET,161,main_b1000_tinyimagenet_alexnet_GEN_kp50_seed123,0.5,0.43055,17,False,0.5,alexnet,False,0,0,1,0.44305,76,1,0.4401,149,5,950,8,0.5,TINYIMAGENET_alexnet_GEN_accuracy_kp5000_seed123,123,40000,161,42,accuracy,100123,0.43055,1,2.9122516299724577,30.171942830085754,10,2.9122516299724577,valid,0.43087366082338596,0.4972152145741772,0.43055,100123
GEN,0.44305,76,76,offspring,500,450,TINYIMAGENET,162,main_b1000_tinyimagenet_alexnet_GEN_kp50_seed123,0.5,0.43305,17,False,0.5,alexnet,False,0,0,2,0.44305,76,1,0.4401,149,5,950,9,0.5,TINYIMAGENET_alexnet_GEN_accuracy_kp5000_seed123,123,40000,162,42,accuracy,100123,0.43305,1,2.943816577386856,30.049616277217865,10,2.943816577386856,valid,0.43242445534427915,0.5071188045849806,0.43305,100123
GEN,0.44305,76,76,offspring,562,588,TINYIMAGENET,163,main_b1000_tinyimagenet_alexnet_GEN_kp50_seed123,0.5,0.43235,17,False,0.5,alexnet,False,0,0,1,0.43095,147,3,0.43405,153,9,1150,10,0.5,TINYIMAGENET_alexnet_GEN_accuracy_kp5000_seed123,123,40000,163,42,accuracy,100123,0.43235,1,2.9137926509857177,30.239131160080433,10,2.9137926509857177,valid,0.4334937845979202,0.5008691483857937,0.43235,100123
GEN,0.44305,76,76,offspring,388,352,TINYIMAGENET,164,main_b1000_tinyimagenet_alexnet_GEN_kp50_seed123,0.5,0.4396,18,False,0.5,alexnet,False,0,0,1,0.4346,155,2,0.435,158,5,740,2,0.5,TINYIMAGENET_alexnet_GEN_accuracy_kp5000_seed123,123,40000,164,42,accuracy,100123,0.4396,1,2.824769239139557,30.020602196455002,10,2.824769239139557,valid,0.44156891028151235,0.49853662440772867,0.4396,100123
GEN,0.44305,76,76,offspring,352,388,TINYIMAGENET,165,main_b1000_tinyimagenet_alexnet_GEN_kp50_seed123,0.5,0.4288,18,False,0.5,alexnet,True,4000,2000,2,0.4346,155,2,0.435,158,5,740,3,0.5,TINYIMAGENET_alexnet_GEN_accuracy_kp5000_seed123,123,40000,165,42,accuracy,100123,0.4288,1,2.933395188999176,30.271357364952564,10,2.933395188999176,valid,0.42889451497995884,0.5021896131000667,0.42879999999999996,100123
GEN,0.44305,76,76,offspring,306,344,TINYIMAGENET,166,main_b1000_tinyimagenet_alexnet_GEN_kp50_seed123,0.5,0.4319,18,False,0.5,alexnet,True,4000,2000,1,0.435,158,5,0.44255,157,4,650,4,0.5,TINYIMAGENET_alexnet_GEN_accuracy_kp5000_seed123,123,40000,166,42,accuracy,100123,0.4319,1,2.948576367330551,30.246115908026695,10,2.948576367330551,valid,0.43157237484265765,0.5122746283224799,0.43189999999999995,100123
GEN,0.44305,76,76,offspring,344,306,TINYIMAGENET,167,main_b1000_tinyimagenet_alexnet_GEN_kp50_seed123,0.5,0.4388,18,False,0.5,alexnet,False,0,0,2,0.435,158,5,0.44255,157,4,650,5,0.5,TINYIMAGENET_alexnet_GEN_accuracy_kp5000_seed123,123,40000,167,42,accuracy,100123,0.4388,1,2.8772810789585113,30.255154877901077,10,2.8772810789585113,valid,0.43950817026267586,0.504610215105076,0.4388,100123
GEN,0.44305,76,76,offspring,444,468,TINYIMAGENET,168,main_b1000_tinyimagenet_alexnet_GEN_kp50_seed123,0.5,0.4302,18,False,0.5,alexnet,False,0,0,1,0.435,158,5,0.43305,162,9,912,6,0.5,TINYIMAGENET_alexnet_GEN_accuracy_kp5000_seed123,123,40000,168,42,accuracy,100123,0.4302,1,2.942382501745224,29.93730914592743,10,2.942382501745224,valid,0.4295687645737346,0.5080819926050963,0.4302,100123
GEN,0.44305,76,76,offspring,468,444,TINYIMAGENET,169,main_b1000_tinyimagenet_alexnet_GEN_kp50_seed123,0.5,0.4288,18,False,0.5,alexnet,False,0,0,2,0.435,158,5,0.43305,162,9,912,7,0.5,TINYIMAGENET_alexnet_GEN_accuracy_kp5000_seed123,123,40000,169,42,accuracy,100123,0.4288,1,2.943975538492203,30.317976869642735,10,2.943975538492203,valid,0.42498345693798506,0.49114635512838034,0.4288,100123
GEN,0.44305,76,76,offspring,380,360,TINYIMAGENET,170,main_b1000_tinyimagenet_alexnet_GEN_kp50_seed123,0.5,0.42525,18,False,0.5,alexnet,False,0,0,1,0.435,158,5,0.4346,155,2,740,8,0.5,TINYIMAGENET_alexnet_GEN_accuracy_kp5000_seed123,123,40000,170,42,accuracy,100123,0.42525,1,2.979603818321228,30.12975987046957,10,2.979603818321228,valid,0.4255755659849839,0.5024044860229882,0.42524999999999996,100123
GEN,0.44305,76,76,offspring,360,380,TINYIMAGENET,171,main_b1000_tinyimagenet_alexnet_GEN_kp50_seed123,0.5,0.4351,18,False,0.5,alexnet,False,0,0,2,0.435,158,5,0.4346,155,2,740,9,0.5,TINYIMAGENET_alexnet_GEN_accuracy_kp5000_seed123,123,40000,171,42,accuracy,100123,0.4351,1,2.856816180229187,30.21423253417015,10,2.856816180229187,valid,0.4328477051425919,0.49152151576966885,0.43510000000000004,100123
GEN,0.44305,76,76,offspring,390,350,TINYIMAGENET,172,main_b1000_tinyimagenet_alexnet_GEN_kp50_seed123,0.5,0.42535,18,False,0.5,alexnet,False,0,0,1,0.4346,155,2,0.435,158,5,740,10,0.5,TINYIMAGENET_alexnet_GEN_accuracy_kp5000_seed123,123,40000,172,42,accuracy,100123,0.42535,1,2.94908157119751,30.237546533346176,10,2.94908157119751,valid,0.42419606028240026,0.5005073030017703,0.42534999999999995,100123
GEN,0.44305,76,76,offspring,258,264,TINYIMAGENET,173,main_b1000_tinyimagenet_alexnet_GEN_kp50_seed123,0.5,0.43515,19,False,0.5,alexnet,True,4000,2000,1,0.4396,164,2,0.4388,167,5,522,2,0.5,TINYIMAGENET_alexnet_GEN_accuracy_kp5000_seed123,123,40000,173,42,accuracy,100123,0.43515,1,2.900641885614395,30.11399494856596,10,2.900641885614395,valid,0.43558084744387904,0.5007770175271858,0.43515,100123
GEN,0.44305,76,76,offspring,264,258,TINYIMAGENET,174,main_b1000_tinyimagenet_alexnet_GEN_kp50_seed123,0.5,0.4366,19,False,0.5,alexnet,False,0,0,2,0.4396,164,2,0.4388,167,5,522,3,0.5,TINYIMAGENET_alexnet_GEN_accuracy_kp5000_seed123,123,40000,174,42,accuracy,100123,0.4366,1,2.9123502764701845,30.347568280994892,10,2.9123502764701845,valid,0.4355346887746607,0.5021225422940991,0.43660000000000004,100123
GEN,0.44305,76,76,offspring,360,356,TINYIMAGENET,175,main_b1000_tinyimagenet_alexnet_GEN_kp50_seed123,0.5,0.4329,19,False,0.5,alexnet,False,0,0,1,0.44305,76,1,0.4351,171,9,716,4,0.5,TINYIMAGENET_alexnet_GEN_accuracy_kp5000_seed123,123,40000,175,42,accuracy,100123,0.4329,1,2.9199084508895874,30.046135537326336,10,2.9199084508895874,valid,0.43324670878414034,0.49573548795143535,0.43290000000000006,100123
GEN,0.44305,76,76,offspring,356,360,TINYIMAGENET,176,main_b1000_tinyimagenet_alexnet_GEN_kp50_seed123,0.5,0.4279,19,False,0.5,alexnet,False,0,0,2,0.44305,76,1,0.4351,171,9,716,5,0.5,TINYIMAGENET_alexnet_GEN_accuracy_kp5000_seed123,123,40000,176,42,accuracy,100123,0.4279,1,2.9233644788742064,30.336952820420265,10,2.9233644788742064,valid,0.4335961550766358,0.5066797785394798,0.4279,100123
GEN,0.44305,76,76,offspring,272,240,TINYIMAGENET,177,main_b1000_tinyimagenet_alexnet_GEN_kp50_seed123,0.5,0.4383,19,False,0.5,alexnet,False,0,0,1,0.4388,167,5,0.4351,171,9,512,6,0.5,TINYIMAGENET_alexnet_GEN_accuracy_kp5000_seed123,123,40000,177,42,accuracy,100123,0.4383,1,2.864696518611908,30.006736129522324,10,2.864696518611908,valid,0.43433179043797837,0.4913691368407456,0.43829999999999997,100123
GEN,0.44305,76,76,offspring,240,272,TINYIMAGENET,178,main_b1000_tinyimagenet_alexnet_GEN_kp50_seed123,0.5,0.4388,19,False,0.5,alexnet,False,0,0,2,0.4388,167,5,0.4351,171,9,512,7,0.5,TINYIMAGENET_alexnet_GEN_accuracy_kp5000_seed123,123,40000,178,42,accuracy,100123,0.4388,1,2.8542271696567534,30.710221230983734,10,2.8542271696567534,valid,0.43870034837687494,0.499521338492232,0.4388,100123
GEN,0.44305,76,76,offspring,340,376,TINYIMAGENET,179,main_b1000_tinyimagenet_alexnet_GEN_kp50_seed123,0.5,0.43545,19,False,0.5,alexnet,False,0,0,1,0.44305,76,1,0.4351,171,9,716,8,0.5,TINYIMAGENET_alexnet_GEN_accuracy_kp5000_seed123,123,40000,179,42,accuracy,100123,0.43545,1,2.903309049296379,30.118087276816368,10,2.903309049296379,valid,0.4339700979765418,0.5056436004716443,0.43545,100123
GEN,0.44305,76,76,offspring,376,340,TINYIMAGENET,180,main_b1000_tinyimagenet_alexnet_GEN_kp50_seed123,0.5,0.4394,19,False,0.5,alexnet,False,0,0,2,0.44305,76,1,0.4351,171,9,716,9,0.5,TINYIMAGENET_alexnet_GEN_accuracy_kp5000_seed123,123,40000,180,42,accuracy,100123,0.4394,1,2.8722432760715484,30.423236690461636,10,2.8722432760715484,valid,0.43937415162148147,0.5014007957692761,0.43939999999999996,100123
GEN,0.44305,76,76,offspring,252,260,TINYIMAGENET,181,main_b1000_tinyimagenet_alexnet_GEN_kp50_seed123,0.5,0.43675,19,False,0.5,alexnet,False,0,0,1,0.4388,167,5,0.4351,171,9,512,10,0.5,TINYIMAGENET_alexnet_GEN_accuracy_kp5000_seed123,123,40000,181,42,accuracy,100123,0.43675,1,2.863816018629074,30.200153589248657,10,2.863816018629074,valid,0.44055473930266564,0.5007689194403979,0.43675,100123
GEN,0.44305,76,76,offspring,242,228,TINYIMAGENET,182,main_b1000_tinyimagenet_alexnet_GEN_kp50_seed123,0.5,0.4351,20,False,0.5,alexnet,False,0,0,1,0.4394,180,9,0.4388,178,7,470,2,0.5,TINYIMAGENET_alexnet_GEN_accuracy_kp5000_seed123,123,40000,182,42,accuracy,100123,0.4351,1,2.881458014202118,30.237236216664314,10,2.881458014202118,valid,0.43702211900148996,0.504033529597487,0.43510000000000004,100123
GEN,0.44305,76,76,offspring,228,242,TINYIMAGENET,183,main_b1000_tinyimagenet_alexnet_GEN_kp50_seed123,0.5,0.42825,20,False,0.5,alexnet,True,4000,2000,2,0.4394,180,9,0.4388,178,7,470,3,0.5,TINYIMAGENET_alexnet_GEN_accuracy_kp5000_seed123,123,40000,183,42,accuracy,100123,0.42825,1,2.9145870725631715,30.234645627439022,10,2.9145870725631715,valid,0.4288722056031633,0.5059934493374023,0.42824999999999996,100123
GEN,0.44305,76,76,offspring,348,328,TINYIMAGENET,184,main_b1000_tinyimagenet_alexnet_GEN_kp50_seed123,0.5,0.43625,20,False,0.5,alexnet,False,0,0,1,0.44305,76,1,0.43675,181,10,676,4,0.5,TINYIMAGENET_alexnet_GEN_accuracy_kp5000_seed123,123,40000,184,42,accuracy,100123,0.43625,1,2.8757492948532106,30.220354944467545,10,2.8757492948532106,valid,0.4359872784702429,0.5020305451426275,0.4362500000000001,100123
GEN,0.44305,76,76,offspring,328,348,TINYIMAGENET,185,main_b1000_tinyimagenet_alexnet_GEN_kp50_seed123,0.5,0.43445,20,False,0.5,alexnet,False,0,0,2,0.44305,76,1,0.43675,181,10,676,5,0.5,TINYIMAGENET_alexnet_GEN_accuracy_kp5000_seed123,123,40000,185,42,accuracy,100123,0.43445,1,2.8721380156993868,30.101236812770367,10,2.8721380156993868,valid,0.4353267059359439,0.5010602097493166,0.43445,100123
GEN,0.44305,76,76,offspring,340,324,TINYIMAGENET,186,main_b1000_tinyimagenet_alexnet_GEN_kp50_seed123,0.5,0.43295,20,False,0.5,alexnet,False,0,0,1,0.44305,76,1,0.4383,177,6,664,6,0.5,TINYIMAGENET_alexnet_GEN_accuracy_kp5000_seed123,123,40000,186,42,accuracy,100123,0.43295,1,2.9156604832172395,29.94160933047533,10,2.9156604832172395,valid,0.4317774686643949,0.5015787175904076,0.43295,100123
GEN,0.44305,76,76,offspring,324,340,TINYIMAGENET,187,main_b1000_tinyimagenet_alexnet_GEN_kp50_seed123,0.5,0.42985,20,False,0.5,alexnet,True,4000,2000,2,0.44305,76,1,0.4383,177,6,664,7,0.5,TINYIMAGENET_alexnet_GEN_accuracy_kp5000_seed123,123,40000,187,42,accuracy,100123,0.42985,1,2.9196199798583984,30.16119933128357,10,2.9196199798583984,valid,0.4342464104913945,0.5030424587486262,0.42985,100123
GEN,0.44305,76,76,offspring,358,346,TINYIMAGENET,188,main_b1000_tinyimagenet_alexnet_GEN_kp50_seed123,0.5,0.43495,20,False,0.5,alexnet,False,0,0,1,0.44305,76,1,0.4388,178,7,704,8,0.5,TINYIMAGENET_alexnet_GEN_accuracy_kp5000_seed123,123,40000,188,42,accuracy,100123,0.43495,1,2.886233977150917,29.986778743565083,10,2.886233977150917,valid,0.4364582629711702,0.5030991178428065,0.43495000000000006,100123
GEN,0.44305,76,76,offspring,346,358,TINYIMAGENET,189,main_b1000_tinyimagenet_alexnet_GEN_kp50_seed123,0.5,0.44275,20,False,0.5,alexnet,False,0,0,2,0.44305,76,1,0.4388,178,7,704,9,0.5,TINYIMAGENET_alexnet_GEN_accuracy_kp5000_seed123,123,40000,189,42,accuracy,100123,0.44275,1,2.8297092988491057,30.24985294789076,10,2.8297092988491057,valid,0.4421793020837113,0.5006863924102148,0.44275000000000003,100123
GEN,0.44305,76,76,offspring,322,342,TINYIMAGENET,190,main_b1000_tinyimagenet_alexnet_GEN_kp50_seed123,0.5,0.43375,20,False,0.5,alexnet,False,0,0,1,0.4383,177,6,0.44305,76,1,664,10,0.5,TINYIMAGENET_alexnet_GEN_accuracy_kp5000_seed123,123,40000,190,42,accuracy,100123,0.43375,1,2.9084600458145142,29.993186354637146,10,2.9084600458145142,valid,0.4331303415741779,0.49907000424656883,0.43375,100123
GEN,0.44305,76,76,offspring,186,172,TINYIMAGENET,191,main_b1000_tinyimagenet_alexnet_GEN_kp50_seed123,0.5,0.4306,21,False,0.5,alexnet,False,0,0,1,0.44305,76,1,0.43495,188,8,358,2,0.5,TINYIMAGENET_alexnet_GEN_accuracy_kp5000_seed123,123,40000,191,42,accuracy,100123,0.4306,1,2.904186339020729,30.93148460239172,10,2.904186339020729,valid,0.4298114870357728,0.49515473329691345,0.43060000000000004,100123
GEN,0.44305,76,76,offspring,172,186,TINYIMAGENET,192,main_b1000_tinyimagenet_alexnet_GEN_kp50_seed123,0.5,0.4316,21,False,0.5,alexnet,False,0,0,2,0.44305,76,1,0.43495,188,8,358,3,0.5,TINYIMAGENET_alexnet_GEN_accuracy_kp5000_seed123,123,40000,192,42,accuracy,100123,0.4316,1,2.9451189680099485,29.94339556246996,10,2.9451189680099485,valid,0.4315245151961256,0.5099783428077876,0.43160000000000004,100123
GEN,0.44305,76,76,offspring,234,204,TINYIMAGENET,193,main_b1000_tinyimagenet_alexnet_GEN_kp50_seed123,0.5,0.4304,21,False,0.5,alexnet,True,4000,2000,1,0.43625,184,4,0.4351,182,2,438,4,0.5,TINYIMAGENET_alexnet_GEN_accuracy_kp5000_seed123,123,40000,193,42,accuracy,100123,0.4304,1,2.9291560346603394,30.226445220410824,10,2.9291560346603394,valid,0.4281643381766772,0.4991274581783862,0.4304,100123
GEN,0.44305,76,76,offspring,204,234,TINYIMAGENET,194,main_b1000_tinyimagenet_alexnet_GEN_kp50_seed123,0.5,0.42575,21,False,0.5,alexnet,True,4000,2000,2,0.43625,184,4,0.4351,182,2,438,5,0.5,TINYIMAGENET_alexnet_GEN_accuracy_kp5000_seed123,123,40000,194,42,accuracy,100123,0.42575,1,2.977613710975647,29.842649422585964,10,2.977613710975647,valid,0.43339919988689224,0.5176695311365153,0.42575,100123
GEN,0.44305,76,76,offspring,186,162,TINYIMAGENET,195,main_b1000_tinyimagenet_alexnet_GEN_kp50_seed123,0.5,0.4337,21,False,0.5,alexnet,False,0,0,1,0.43625,184,4,0.44305,76,1,348,6,0.5,TINYIMAGENET_alexnet_GEN_accuracy_kp5000_seed123,123,40000,195,42,accuracy,100123,0.4337,1,2.9104721125125885,30.26001913100481,10,2.9104721125125885,valid,0.43301808574289014,0.5003987442106483,0.43370000000000003,100123
GEN,0.44305,76,76,offspring,162,186,TINYIMAGENET,196,main_b1000_tinyimagenet_alexnet_GEN_kp50_seed123,0.5,0.43635,21,False,0.5,alexnet,False,0,0,2,0.43625,184,4,0.44305,76,1,348,7,0.5,TINYIMAGENET_alexnet_GEN_accuracy_kp5000_seed123,123,40000,196,42,accuracy,100123,0.43635,1,2.8740181819438932,30.109782353043556,10,2.8740181819438932,valid,0.43593349630705447,0.504766169564435,0.43634999999999996,100123
GEN,0.44305,76,76,offspring,334,342,TINYIMAGENET,197,main_b1000_tinyimagenet_alexnet_GEN_kp50_seed123,0.5,0.4342,21,False,0.5,alexnet,False,0,0,1,0.43625,184,4,0.43445,185,5,676,8,0.5,TINYIMAGENET_alexnet_GEN_accuracy_kp5000_seed123,123,40000,197,42,accuracy,100123,0.4342,1,2.9166726331710815,30.120344690978527,10,2.9166726331710815,valid,0.43344148008810884,0.498774210249392,0.43420000000000003,100123
GEN,0.44305,76,76,offspring,342,334,TINYIMAGENET,198,main_b1000_tinyimagenet_alexnet_GEN_kp50_seed123,0.5,0.42605,21,False,0.5,alexnet,False,0,0,2,0.43625,184,4,0.43445,185,5,676,9,0.5,TINYIMAGENET_alexnet_GEN_accuracy_kp5000_seed123,123,40000,198,42,accuracy,100123,0.42605,1,2.914915853905678,30.178045943379402,10,2.914915853905678,valid,0.43076141311566074,0.501272100389951,0.42605000000000004,100123
GEN,0.44305,76,76,offspring,198,206,TINYIMAGENET,199,main_b1000_tinyimagenet_alexnet_GEN_kp50_seed123,0.5,0.42755,21,False,0.5,alexnet,False,0,0,1,0.43625,184,4,0.44275,189,9,404,10,0.5,TINYIMAGENET_alexnet_GEN_accuracy_kp5000_seed123,123,40000,199,42,accuracy,100123,0.42755,1,2.9207518911361694,29.967510893940926,10,2.9207518911361694,valid,0.42927356718614607,0.4990305096198513,0.42754999999999993,100123
GEN,0.44305,76,76,offspring,180,154,TINYIMAGENET,200,main_b1000_tinyimagenet_alexnet_GEN_kp50_seed123,0.5,0.4318,22,False,0.5,alexnet,False,0,0,1,0.44305,76,1,0.4342,197,8,334,2,0.5,TINYIMAGENET_alexnet_GEN_accuracy_kp5000_seed123,123,40000,200,42,accuracy,100123,0.4318,1,2.938711199617386,30.215581379830837,10,2.938711199617386,valid,0.4320782967506864,0.5057681549951827,0.4318000000000001,100123
GEN,0.44305,76,76,offspring,154,180,TINYIMAGENET,201,main_b1000_tinyimagenet_alexnet_GEN_kp50_seed123,0.5,0.43815,22,False,0.5,alexnet,False,0,0,2,0.44305,76,1,0.4342,197,8,334,3,0.5,TINYIMAGENET_alexnet_GEN_accuracy_kp5000_seed123,123,40000,201,42,accuracy,100123,0.43815,1,2.8698547522068023,29.965652599930763,10,2.8698547522068023,valid,0.43556783308766844,0.4951954806139458,0.43815,100123
GEN,0.44305,76,76,offspring,164,170,TINYIMAGENET,202,main_b1000_tinyimagenet_alexnet_GEN_kp50_seed123,0.5,0.42935,22,False,0.5,alexnet,True,4000,2000,1,0.44305,76,1,0.4342,197,8,334,4,0.5,TINYIMAGENET_alexnet_GEN_accuracy_kp5000_seed123,123,40000,202,42,accuracy,100123,0.42935,1,2.9504419281959535,30.237528420984745,10,2.9504419281959535,valid,0.4273756434406647,0.5088807431053742,0.42935,100123
GEN,0.44305,76,76,offspring,170,164,TINYIMAGENET,203,main_b1000_tinyimagenet_alexnet_GEN_kp50_seed123,0.5,0.4332,22,False,0.5,alexnet,True,4000,2000,2,0.44305,76,1,0.4342,197,8,334,5,0.5,TINYIMAGENET_alexnet_GEN_accuracy_kp5000_seed123,123,40000,203,42,accuracy,100123,0.4332,1,2.9206662021160126,29.824526093900204,10,2.9206662021160126,valid,0.43200185915598033,0.494703760284032,0.43320000000000003,100123
GEN,0.44305,76,76,offspring,90,82,TINYIMAGENET,204,main_b1000_tinyimagenet_alexnet_GEN_kp50_seed123,0.5,0.43115,22,False,0.5,alexnet,True,4000,2000,1,0.44305,76,1,0.4316,192,3,172,6,0.5,TINYIMAGENET_alexnet_GEN_accuracy_kp5000_seed123,123,40000,204,42,accuracy,100123,0.43115,1,2.9522174808979034,30.310242362320423,10,2.9522174808979034,valid,0.43142290670245287,0.5028217669351221,0.4311500000000001,100123
GEN,0.44305,76,76,offspring,82,90,TINYIMAGENET,205,main_b1000_tinyimagenet_alexnet_GEN_kp50_seed123,0.5,0.43095,22,False,0.5,alexnet,False,0,0,2,0.44305,76,1,0.4316,192,3,172,7,0.5,TINYIMAGENET_alexnet_GEN_accuracy_kp5000_seed123,123,40000,205,42,accuracy,100123,0.43095,1,2.9071966037750245,33.2086763009429,10,2.9071966037750245,valid,0.43136750415428227,0.4964351552794789,0.43095,100123
GEN,0.44305,76,76,offspring,158,176,TINYIMAGENET,206,main_b1000_tinyimagenet_alexnet_GEN_kp50_seed123,0.5,0.43065,22,False,0.5,alexnet,False,0,0,1,0.44305,76,1,0.4342,197,8,334,8,0.5,TINYIMAGENET_alexnet_GEN_accuracy_kp5000_seed123,123,40000,206,42,accuracy,100123,0.43065,1,2.923938628101349,30.166585475206375,10,2.923938628101349,valid,0.4312434507154105,0.5018964212056715,0.43065000000000003,100123
GEN,0.44305,76,76,offspring,176,158,TINYIMAGENET,207,main_b1000_tinyimagenet_alexnet_GEN_kp50_seed123,0.5,0.43245,22,False,0.5,alexnet,False,0,0,2,0.44305,76,1,0.4342,197,8,334,9,0.5,TINYIMAGENET_alexnet_GEN_accuracy_kp5000_seed123,123,40000,207,42,accuracy,100123,0.43245,1,2.8864631039619444,29.988978125154972,10,2.8864631039619444,valid,0.43395170842687003,0.4999813760851372,0.43245000000000006,100123
GEN,0.44305,76,76,offspring,154,194,TINYIMAGENET,208,main_b1000_tinyimagenet_alexnet_GEN_kp50_seed123,0.5,0.43305,22,False,0.5,alexnet,False,0,0,1,0.43635,196,7,0.4337,195,6,348,10,0.5,TINYIMAGENET_alexnet_GEN_accuracy_kp5000_seed123,123,40000,208,42,accuracy,100123,0.43305,1,2.907112882041931,30.104910477995872,10,2.907112882041931,valid,0.4307946763498974,0.5003695041253016,0.43305000000000005,100123
GEN,0.44305,76,76,offspring,138,126,TINYIMAGENET,209,main_b1000_tinyimagenet_alexnet_GEN_kp50_seed123,0.5,0.42985,23,False,0.5,alexnet,False,0,0,1,0.43305,208,10,0.43245,207,9,264,2,0.5,TINYIMAGENET_alexnet_GEN_accuracy_kp5000_seed123,123,40000,209,42,accuracy,100123,0.42985,1,2.9357063245296477,30.07486182451248,10,2.9357063245296477,valid,0.4347411169833679,0.5079712486992389,0.42985,100123
GEN,0.44305,76,76,offspring,126,138,TINYIMAGENET,210,main_b1000_tinyimagenet_alexnet_GEN_kp50_seed123,0.5,0.42925,23,False,0.5,alexnet,False,0,0,2,0.43305,208,10,0.43245,207,9,264,3,0.5,TINYIMAGENET_alexnet_GEN_accuracy_kp5000_seed123,123,40000,210,42,accuracy,100123,0.42925,1,2.9206784433364867,30.169065162539482,10,2.9206784433364867,valid,0.43118757307803157,0.5020767314547124,0.42924999999999996,100123
GEN,0.44305,76,76,offspring,70,84,TINYIMAGENET,211,main_b1000_tinyimagenet_alexnet_GEN_kp50_seed123,0.5,0.44195,23,False,0.5,alexnet,False,0,0,1,0.44305,76,1,0.43815,201,3,154,4,0.5,TINYIMAGENET_alexnet_GEN_accuracy_kp5000_seed123,123,40000,211,42,accuracy,100123,0.44195,1,2.836802006101608,30.13386943936348,10,2.836802006101608,valid,0.44269258450340004,0.5001834333946941,0.44195,100123
GEN,0.44305,76,76,offspring,84,70,TINYIMAGENET,212,main_b1000_tinyimagenet_alexnet_GEN_kp50_seed123,0.5,0.4315,23,False,0.5,alexnet,False,0,0,2,0.44305,76,1,0.43815,201,3,154,5,0.5,TINYIMAGENET_alexnet_GEN_accuracy_kp5000_seed123,123,40000,212,42,accuracy,100123,0.4315,1,2.8951917594909666,30.065554209053516,10,2.8951917594909666,valid,0.43173035244887126,0.4965086098160125,0.43150000000000005,100123
GEN,0.44305,76,76,offspring,92,84,TINYIMAGENET,213,main_b1000_tinyimagenet_alexnet_GEN_kp50_seed123,0.5,0.4396,23,False,0.5,alexnet,True,4000,2000,1,0.43245,207,9,0.44305,76,1,176,6,0.5,TINYIMAGENET_alexnet_GEN_accuracy_kp5000_seed123,123,40000,213,42,accuracy,100123,0.4396,1,2.874457813882828,30.21966404467821,10,2.874457813882828,valid,0.4419650545950901,0.5093828417817242,0.43959999999999994,100123
GEN,0.44305,76,76,offspring,84,92,TINYIMAGENET,214,main_b1000_tinyimagenet_alexnet_GEN_kp50_seed123,0.5,0.42705,23,False,0.5,alexnet,True,4000,2000,2,0.43245,207,9,0.44305,76,1,176,7,0.5,TINYIMAGENET_alexnet_GEN_accuracy_kp5000_seed123,123,40000,214,42,accuracy,100123,0.42705,1,2.945888036775589,30.139051854610443,10,2.945888036775589,valid,0.42988529870757675,0.5061392000088759,0.42705,100123
GEN,0.44305,76,76,offspring,2170,1984,TINYIMAGENET,215,main_b1000_tinyimagenet_alexnet_GEN_kp50_seed123,0.5,0.42505,23,False,0.5,alexnet,False,0,0,1,0.44305,76,1,0.4332,203,5,4154,8,0.5,TINYIMAGENET_alexnet_GEN_accuracy_kp5000_seed123,123,40000,215,42,accuracy,100123,0.42505,1,2.9503922885894776,30.11780782043934,10,2.9503922885894776,valid,0.42645844234853697,0.5053900399338682,0.42504999999999993,100123
GEN,0.44305,76,76,offspring,1984,2170,TINYIMAGENET,216,main_b1000_tinyimagenet_alexnet_GEN_kp50_seed123,0.5,0.4359,23,False,0.5,alexnet,False,0,0,2,0.44305,76,1,0.4332,203,5,4154,9,0.5,TINYIMAGENET_alexnet_GEN_accuracy_kp5000_seed123,123,40000,216,42,accuracy,100123,0.4359,1,2.873498205816746,30.05969639867544,10,2.873498205816746,valid,0.43484492568845384,0.4964997673673958,0.4359,100123
GEN,0.44305,76,76,offspring,134,120,TINYIMAGENET,217,main_b1000_tinyimagenet_alexnet_GEN_kp50_seed123,0.5,0.43275,23,False,0.5,alexnet,False,0,0,1,0.43305,208,10,0.43815,201,3,254,10,0.5,TINYIMAGENET_alexnet_GEN_accuracy_kp5000_seed123,123,40000,217,42,accuracy,100123,0.43275,1,2.926066918230057,30.313247308135033,10,2.926066918230057,valid,0.4356805357515172,0.5084584113247399,0.43274999999999997,100123
GEN,0.44305,76,76,offspring,28,42,TINYIMAGENET,218,main_b1000_tinyimagenet_alexnet_GEN_kp50_seed123,0.5,0.44175,24,False,0.5,alexnet,False,0,0,1,0.44305,76,1,0.44195,211,4,70,2,0.5,TINYIMAGENET_alexnet_GEN_accuracy_kp5000_seed123,123,40000,218,42,accuracy,100123,0.44175,1,2.8679756430625916,30.032397530972958,10,2.8679756430625916,valid,0.43937102802000666,0.5003692745338344,0.44175000000000003,100123
GEN,0.44305,76,76,offspring,42,28,TINYIMAGENET,219,main_b1000_tinyimagenet_alexnet_GEN_kp50_seed123,0.5,0.42845,24,False,0.5,alexnet,False,0,0,2,0.44305,76,1,0.44195,211,4,70,3,0.5,TINYIMAGENET_alexnet_GEN_accuracy_kp5000_seed123,123,40000,219,42,accuracy,100123,0.42845,1,2.9632753413677215,30.37849824130535,10,2.9632753413677215,valid,0.4292298314441199,0.5038943354974501,0.42845,100123
GEN,0.44305,76,76,offspring,2076,2030,TINYIMAGENET,220,main_b1000_tinyimagenet_alexnet_GEN_kp50_seed123,0.5,0.44055,24,False,0.5,alexnet,False,0,0,1,0.44195,211,4,0.4396,213,6,4106,4,0.5,TINYIMAGENET_alexnet_GEN_accuracy_kp5000_seed123,123,40000,220,42,accuracy,100123,0.44055,1,2.8624562026023863,30.067255318164825,10,2.8624562026023863,valid,0.4404719027132251,0.5001495520987591,0.44055,100123
GEN,0.44305,76,76,offspring,2030,2076,TINYIMAGENET,221,main_b1000_tinyimagenet_alexnet_GEN_kp50_seed123,0.5,0.43335,24,False,0.5,alexnet,False,0,0,2,0.44195,211,4,0.4396,213,6,4106,5,0.5,TINYIMAGENET_alexnet_GEN_accuracy_kp5000_seed123,123,40000,221,42,accuracy,100123,0.43335,1,2.886184258556366,30.13298435509205,10,2.886184258556366,valid,0.431895329730036,0.49698437894051506,0.43335,100123
GEN,0.44305,76,76,offspring,1040,980,TINYIMAGENET,222,main_b1000_tinyimagenet_alexnet_GEN_kp50_seed123,0.5,0.43815,24,False,0.5,alexnet,False,0,0,1,0.4359,216,9,0.44195,211,4,2020,6,0.5,TINYIMAGENET_alexnet_GEN_accuracy_kp5000_seed123,123,40000,222,42,accuracy,100123,0.43815,1,2.893265223789215,29.954754576086998,10,2.893265223789215,valid,0.438771909946975,0.5058383133460594,0.43815,100123
GEN,0.44305,76,76,offspring,980,1040,TINYIMAGENET,223,main_b1000_tinyimagenet_alexnet_GEN_kp50_seed123,0.5,0.4328,24,False,0.5,alexnet,False,0,0,2,0.4359,216,9,0.44195,211,4,2020,7,0.5,TINYIMAGENET_alexnet_GEN_accuracy_kp5000_seed123,123,40000,223,42,accuracy,100123,0.4328,1,2.9369739035606384,30.184245839715004,10,2.9369739035606384,valid,0.43339967053316925,0.5039627609135596,0.4328,100123
GEN,0.44305,76,76,offspring,38,32,TINYIMAGENET,224,main_b1000_tinyimagenet_alexnet_GEN_kp50_seed123,0.5,0.43465,24,False,0.5,alexnet,True,4000,2000,1,0.44195,211,4,0.44305,76,1,70,8,0.5,TINYIMAGENET_alexnet_GEN_accuracy_kp5000_seed123,123,40000,224,42,accuracy,100123,0.43465,1,2.887426435804367,30.068118050694466,10,2.887426435804367,valid,0.4348534226919718,0.49611312767968413,0.43465000000000004,100123
GEN,0.44305,76,76,offspring,32,38,TINYIMAGENET,225,main_b1000_tinyimagenet_alexnet_GEN_kp50_seed123,0.5,0.43475,24,False,0.5,alexnet,True,4000,2000,2,0.44195,211,4,0.44305,76,1,70,9,0.5,TINYIMAGENET_alexnet_GEN_accuracy_kp5000_seed123,123,40000,225,42,accuracy,100123,0.43475,1,2.8690811672210694,30.163900457322598,10,2.8690811672210694,valid,0.43263796967624946,0.493805381810775,0.43475,100123
GEN,0.44305,76,76,offspring,2070,2108,TINYIMAGENET,226,main_b1000_tinyimagenet_alexnet_GEN_kp50_seed123,0.5,0.43625,24,False,0.5,alexnet,True,4000,2000,1,0.4396,213,6,0.43275,217,10,4178,10,0.5,TINYIMAGENET_alexnet_GEN_accuracy_kp5000_seed123,123,40000,226,42,accuracy,100123,0.43625,1,2.8377276611328126,30.149114049971104,10,2.8377276611328126,valid,0.4357831862719032,0.4916171376169611,0.43625,100123
GEN,0.44305,76,76,offspring,2964,2958,TINYIMAGENET,227,main_b1000_tinyimagenet_alexnet_GEN_kp50_seed123,0.5,0.43035,25,False,0.5,alexnet,False,0,0,1,0.43625,226,10,0.44175,218,2,5922,2,0.5,TINYIMAGENET_alexnet_GEN_accuracy_kp5000_seed123,123,40000,227,42,accuracy,100123,0.43035,1,2.925883181095123,30.113289192318916,10,2.925883181095123,valid,0.4295464777318323,0.5041435855160205,0.43034999999999995,100123
GEN,0.44305,76,76,offspring,2958,2964,TINYIMAGENET,228,main_b1000_tinyimagenet_alexnet_GEN_kp50_seed123,0.5,0.43525,25,False,0.5,alexnet,False,0,0,2,0.43625,226,10,0.44175,218,2,5922,3,0.5,TINYIMAGENET_alexnet_GEN_accuracy_kp5000_seed123,123,40000,228,42,accuracy,100123,0.43525,1,2.8917413634777067,30.336424723267555,10,2.8917413634777067,valid,0.4345390219586606,0.4986144064495943,0.43524999999999997,100123
GEN,0.44305,76,76,offspring,2066,1962,TINYIMAGENET,229,main_b1000_tinyimagenet_alexnet_GEN_kp50_seed123,0.5,0.42995,25,False,0.5,alexnet,True,4000,2000,1,0.44175,218,2,0.43465,224,8,4028,4,0.5,TINYIMAGENET_alexnet_GEN_accuracy_kp5000_seed123,123,40000,229,42,accuracy,100123,0.42995,1,2.9477370650291443,30.471154056489468,10,2.9477370650291443,valid,0.4300273652857743,0.5096101413595199,0.42995000000000005,100123
GEN,0.44305,76,76,offspring,1962,2066,TINYIMAGENET,230,main_b1000_tinyimagenet_alexnet_GEN_kp50_seed123,0.5,0.43535,25,False,0.5,alexnet,False,0,0,2,0.44175,218,2,0.43465,224,8,4028,5,0.5,TINYIMAGENET_alexnet_GEN_accuracy_kp5000_seed123,123,40000,230,42,accuracy,100123,0.43535,1,2.910740036535263,30.390089847147465,10,2.910740036535263,valid,0.43905544480931186,0.511490108019213,0.43534999999999996,100123
GEN,0.44305,76,76,offspring,1450,1536,TINYIMAGENET,231,main_b1000_tinyimagenet_alexnet_GEN_kp50_seed123,0.5,0.43465,25,False,0.5,alexnet,True,4000,2000,1,0.44055,220,4,0.43815,222,6,2986,6,0.5,TINYIMAGENET_alexnet_GEN_accuracy_kp5000_seed123,123,40000,231,42,accuracy,100123,0.43465,1,2.90185397939682,30.11413325369358,10,2.90185397939682,valid,0.43301169281664514,0.4960165768802465,0.43465000000000004,100123
GEN,0.44305,76,76,offspring,1536,1450,TINYIMAGENET,232,main_b1000_tinyimagenet_alexnet_GEN_kp50_seed123,0.5,0.43225,25,False,0.5,alexnet,False,0,0,2,0.44055,220,4,0.43815,222,6,2986,7,0.5,TINYIMAGENET_alexnet_GEN_accuracy_kp5000_seed123,123,40000,232,42,accuracy,100123,0.43225,1,2.9260737340927125,30.304199166595936,10,2.9260737340927125,valid,0.43132140558293913,0.5118576266551513,0.43225,100123
GEN,0.44305,76,76,offspring,508,474,TINYIMAGENET,233,main_b1000_tinyimagenet_alexnet_GEN_kp50_seed123,0.5,0.42995,25,False,0.5,alexnet,True,4000,2000,1,0.44175,218,2,0.43815,222,6,982,8,0.5,TINYIMAGENET_alexnet_GEN_accuracy_kp5000_seed123,123,40000,233,42,accuracy,100123,0.42995,1,2.9331616635322573,30.12347601354122,10,2.9331616635322573,valid,0.43265626996629464,0.5072422438228218,0.42995000000000005,100123
GEN,0.44305,76,76,offspring,474,508,TINYIMAGENET,234,main_b1000_tinyimagenet_alexnet_GEN_kp50_seed123,0.5,0.43385,25,False,0.5,alexnet,False,0,0,2,0.44175,218,2,0.43815,222,6,982,9,0.5,TINYIMAGENET_alexnet_GEN_accuracy_kp5000_seed123,123,40000,234,42,accuracy,100123,0.43385,1,2.897650603723526,30.279162660241127,10,2.897650603723526,valid,0.4322224560334652,0.49397962449889093,0.43385000000000007,100123
GEN,0.44305,76,76,offspring,2980,2886,TINYIMAGENET,235,main_b1000_tinyimagenet_alexnet_GEN_kp50_seed123,0.5,0.43225,25,False,0.5,alexnet,False,0,0,1,0.43625,226,10,0.44055,220,4,5866,10,0.5,TINYIMAGENET_alexnet_GEN_accuracy_kp5000_seed123,123,40000,235,42,accuracy,100123,0.43225,1,2.9306649294376372,29.92556744813919,10,2.9306649294376372,valid,0.43275444392753004,0.5050319001075062,0.43224999999999997,100123
GEN,0.44305,76,76,offspring,3782,3806,TINYIMAGENET,236,main_b1000_tinyimagenet_alexnet_GEN_kp50_seed123,0.5,0.43085,26,False,0.5,alexnet,False,0,0,1,0.43525,228,3,0.43465,231,6,7588,2,0.5,TINYIMAGENET_alexnet_GEN_accuracy_kp5000_seed123,123,40000,236,42,accuracy,100123,0.43085,1,2.9261523725509644,30.175398603081703,10,2.9261523725509644,valid,0.4294229026142154,0.49959286778395606,0.43084999999999996,100123
GEN,0.44305,76,76,offspring,3806,3782,TINYIMAGENET,237,main_b1000_tinyimagenet_alexnet_GEN_kp50_seed123,0.5,0.4215,26,False,0.5,alexnet,False,0,0,2,0.43525,228,3,0.43465,231,6,7588,3,0.5,TINYIMAGENET_alexnet_GEN_accuracy_kp5000_seed123,123,40000,237,42,accuracy,100123,0.4215,1,2.9838937705039976,29.96993437409401,10,2.9838937705039976,valid,0.422486220702697,0.49910279589174517,0.42150000000000004,100123
GEN,0.44305,76,76,offspring,1652,1742,TINYIMAGENET,238,main_b1000_tinyimagenet_alexnet_GEN_kp50_seed123,0.5,0.43465,26,False,0.5,alexnet,False,0,0,1,0.43385,234,9,0.43525,228,3,3394,4,0.5,TINYIMAGENET_alexnet_GEN_accuracy_kp5000_seed123,123,40000,238,42,accuracy,100123,0.43465,1,2.908881018400192,30.703284740447998,10,2.908881018400192,valid,0.4370024676373655,0.509352790856951,0.43465000000000004,100123
GEN,0.44305,76,76,offspring,1742,1652,TINYIMAGENET,239,main_b1000_tinyimagenet_alexnet_GEN_kp50_seed123,0.5,0.4276,26,False,0.5,alexnet,False,0,0,2,0.43385,234,9,0.43525,228,3,3394,5,0.5,TINYIMAGENET_alexnet_GEN_accuracy_kp5000_seed123,123,40000,239,42,accuracy,100123,0.4276,1,2.965928575992584,30.05904895812273,10,2.965928575992584,valid,0.4272365333187328,0.5092695412671572,0.42760000000000004,100123
GEN,0.44305,76,76,offspring,2458,2326,TINYIMAGENET,240,main_b1000_tinyimagenet_alexnet_GEN_kp50_seed123,0.5,0.4253,26,False,0.5,alexnet,False,0,0,1,0.43535,230,5,0.43525,228,3,4784,6,0.5,TINYIMAGENET_alexnet_GEN_accuracy_kp5000_seed123,123,40000,240,42,accuracy,100123,0.4253,1,2.9303874485969543,30.36628120392561,10,2.9303874485969543,valid,0.4271931384032614,0.5012395755327161,0.4253,100123
GEN,0.44305,76,76,offspring,2326,2458,TINYIMAGENET,241,main_b1000_tinyimagenet_alexnet_GEN_kp50_seed123,0.5,0.4336,26,False,0.5,alexnet,False,0,0,2,0.43535,230,5,0.43525,228,3,4784,7,0.5,TINYIMAGENET_alexnet_GEN_accuracy_kp5000_seed123,123,40000,241,42,accuracy,100123,0.4336,1,2.918105552530289,47.28605239093304,10,2.918105552530289,valid,0.43562666697002683,0.502355565642184,0.4336,100123
GEN,0.44305,76,76,offspring,1008,980,TINYIMAGENET,242,main_b1000_tinyimagenet_alexnet_GEN_kp50_seed123,0.5,0.42955,26,False,0.5,alexnet,False,0,0,1,0.44305,76,1,0.43535,230,5,1988,8,0.5,TINYIMAGENET_alexnet_GEN_accuracy_kp5000_seed123,123,40000,242,42,accuracy,100123,0.42955,1,2.9371462234020234,30.20828141272068,10,2.9371462234020234,valid,0.43190343224292677,0.5045099118853608,0.42955,100123
GEN,0.44305,76,76,offspring,980,1008,TINYIMAGENET,243,main_b1000_tinyimagenet_alexnet_GEN_kp50_seed123,0.5,0.426,26,False,0.5,alexnet,False,0,0,2,0.44305,76,1,0.43535,230,5,1988,9,0.5,TINYIMAGENET_alexnet_GEN_accuracy_kp5000_seed123,123,40000,243,42,accuracy,100123,0.426,1,2.93112935962677,30.283058546483517,10,2.93112935962677,valid,0.4300541018392612,0.5074535660250974,0.4260000000000001,100123
GEN,0.44305,76,76,offspring,2888,3034,TINYIMAGENET,244,main_b1000_tinyimagenet_alexnet_GEN_kp50_seed123,0.5,0.43105,26,False,0.5,alexnet,False,0,0,1,0.43035,227,2,0.43525,228,3,5922,10,0.5,TINYIMAGENET_alexnet_GEN_accuracy_kp5000_seed123,123,40000,244,42,accuracy,100123,0.43105,1,2.9571185718536377,30.11972416192293,10,2.9571185718536377,valid,0.4342664163258971,0.5076525506877704,0.43105000000000004,100123
GEN,0.44305,76,76,offspring,870,814,TINYIMAGENET,245,main_b1000_tinyimagenet_alexnet_GEN_kp50_seed123,0.5,0.43375,27,False,0.5,alexnet,False,0,0,1,0.44305,76,1,0.43465,238,4,1684,2,0.5,TINYIMAGENET_alexnet_GEN_accuracy_kp5000_seed123,123,40000,245,42,accuracy,100123,0.43375,1,2.886911716794968,30.43212839215994,10,2.886911716794968,valid,0.4343485529149654,0.4993086896398397,0.43375,100123
GEN,0.44305,76,76,offspring,814,870,TINYIMAGENET,246,main_b1000_tinyimagenet_alexnet_GEN_kp50_seed123,0.5,0.42685,27,False,0.5,alexnet,True,4000,2000,2,0.44305,76,1,0.43465,238,4,1684,3,0.5,TINYIMAGENET_alexnet_GEN_accuracy_kp5000_seed123,123,40000,246,42,accuracy,100123,0.42685,1,2.990137613296509,30.157894618809223,10,2.990137613296509,valid,0.42801890946053733,0.5174031634253866,0.42685,100123
GEN,0.44305,76,76,offspring,1946,2002,TINYIMAGENET,247,main_b1000_tinyimagenet_alexnet_GEN_kp50_seed123,0.5,0.43955,27,False,0.5,alexnet,False,0,0,1,0.4336,241,7,0.43105,244,10,3948,4,0.5,TINYIMAGENET_alexnet_GEN_accuracy_kp5000_seed123,123,40000,247,42,accuracy,100123,0.43955,1,2.8610538707733153,30.463789843022823,10,2.8610538707733153,valid,0.43843776610432317,0.4990263337313725,0.43955,100123
GEN,0.44305,76,76,offspring,2002,1946,TINYIMAGENET,248,main_b1000_tinyimagenet_alexnet_GEN_kp50_seed123,0.5,0.4367,27,False,0.5,alexnet,False,0,0,2,0.4336,241,7,0.43105,244,10,3948,5,0.5,TINYIMAGENET_alexnet_GEN_accuracy_kp5000_seed123,123,40000,248,42,accuracy,100123,0.4367,1,2.8694623663902283,30.010497137904167,10,2.8694623663902283,valid,0.43512325711633465,0.495880418980081,0.43670000000000003,100123
GEN,0.44305,76,76,offspring,2172,2056,TINYIMAGENET,249,main_b1000_tinyimagenet_alexnet_GEN_kp50_seed123,0.5,0.42935,27,False,0.5,alexnet,False,0,0,1,0.44305,76,1,0.43085,236,2,4228,6,0.5,TINYIMAGENET_alexnet_GEN_accuracy_kp5000_seed123,123,40000,249,42,accuracy,100123,0.42935,1,2.9504524631500244,30.346422247588634,10,2.9504524631500244,valid,0.42757920572533964,0.5089334806001014,0.42935,100123
GEN,0.44305,76,76,offspring,2056,2172,TINYIMAGENET,250,main_b1000_tinyimagenet_alexnet_GEN_kp50_seed123,0.5,0.4402,27,False,0.5,alexnet,False,0,0,2,0.44305,76,1,0.43085,236,2,4228,7,0.5,TINYIMAGENET_alexnet_GEN_accuracy_kp5000_seed123,123,40000,250,42,accuracy,100123,0.4402,1,2.8821468163013457,29.941296003758907,10,2.8821468163013457,valid,0.4417141573686825,0.5063482880663052,0.4402,100123
GEN,0.44305,76,76,offspring,2110,2118,TINYIMAGENET,251,main_b1000_tinyimagenet_alexnet_GEN_kp50_seed123,0.5,0.425,27,False,0.5,alexnet,False,0,0,1,0.44305,76,1,0.43085,236,2,4228,8,0.5,TINYIMAGENET_alexnet_GEN_accuracy_kp5000_seed123,123,40000,251,42,accuracy,100123,0.425,1,2.951414200878143,30.315364964306355,10,2.951414200878143,valid,0.42619227165804546,0.5021964800436475,0.425,100123
GEN,0.44305,76,76,offspring,2118,2110,TINYIMAGENET,252,main_b1000_tinyimagenet_alexnet_GEN_kp50_seed123,0.5,0.4313,27,False,0.5,alexnet,False,0,0,2,0.44305,76,1,0.43085,236,2,4228,9,0.5,TINYIMAGENET_alexnet_GEN_accuracy_kp5000_seed123,123,40000,252,42,accuracy,100123,0.4313,1,2.9399160670280455,30.157067358493805,10,2.9399160670280455,valid,0.4280686426289831,0.5015928893615659,0.43129999999999996,100123
GEN,0.44305,76,76,offspring,1202,1272,TINYIMAGENET,253,main_b1000_tinyimagenet_alexnet_GEN_kp50_seed123,0.5,0.4311,27,False,0.5,alexnet,False,0,0,1,0.44305,76,1,0.4336,241,7,2474,10,0.5,TINYIMAGENET_alexnet_GEN_accuracy_kp5000_seed123,123,40000,253,42,accuracy,100123,0.4311,1,2.917491610813141,30.226961463689804,10,2.917491610813141,valid,0.42969064299736276,0.49731248833913433,0.4311,100123
GEN,0.44305,76,76,offspring,606,596,TINYIMAGENET,254,main_b1000_tinyimagenet_alexnet_GEN_kp50_seed123,0.5,0.43005,28,False,0.5,alexnet,False,0,0,1,0.44305,76,1,0.4311,253,10,1202,2,0.5,TINYIMAGENET_alexnet_GEN_accuracy_kp5000_seed123,123,40000,254,42,accuracy,100123,0.43005,1,2.9193451167106628,30.236093908548355,10,2.9193451167106628,valid,0.43204218193333377,0.4985573768427436,0.43005000000000004,100123
GEN,0.44305,76,76,offspring,596,606,TINYIMAGENET,255,main_b1000_tinyimagenet_alexnet_GEN_kp50_seed123,0.5,0.4326,28,False,0.5,alexnet,False,0,0,2,0.44305,76,1,0.4311,253,10,1202,3,0.5,TINYIMAGENET_alexnet_GEN_accuracy_kp5000_seed123,123,40000,255,42,accuracy,100123,0.4326,1,2.895756793355942,30.29343870282173,10,2.895756793355942,valid,0.4345166907699276,0.5011455073110084,0.43260000000000004,100123
GEN,0.44305,76,76,offspring,1954,1946,TINYIMAGENET,256,main_b1000_tinyimagenet_alexnet_GEN_kp50_seed123,0.5,0.4393,28,False,0.5,alexnet,False,0,0,1,0.43955,247,4,0.4402,250,7,3900,4,0.5,TINYIMAGENET_alexnet_GEN_accuracy_kp5000_seed123,123,40000,256,42,accuracy,100123,0.4393,1,2.859845786809921,30.13239137083292,10,2.859845786809921,valid,0.44148245273978765,0.5051751755482542,0.4393000000000001,100123
GEN,0.44305,76,76,offspring,1946,1954,TINYIMAGENET,257,main_b1000_tinyimagenet_alexnet_GEN_kp50_seed123,0.5,0.42955,28,False,0.5,alexnet,False,0,0,2,0.43955,247,4,0.4402,250,7,3900,5,0.5,TINYIMAGENET_alexnet_GEN_accuracy_kp5000_seed123,123,40000,257,42,accuracy,100123,0.42955,1,2.9275480954170225,30.140502020716667,10,2.9275480954170225,valid,0.4277052506461259,0.49658211627554694,0.42955000000000004,100123
GEN,0.44305,76,76,offspring,434,436,TINYIMAGENET,258,main_b1000_tinyimagenet_alexnet_GEN_kp50_seed123,0.5,0.43615,28,False,0.5,alexnet,False,0,0,1,0.44305,76,1,0.43375,245,2,870,6,0.5,TINYIMAGENET_alexnet_GEN_accuracy_kp5000_seed123,123,40000,258,42,accuracy,100123,0.43615,1,2.882794309568405,30.058891475200653,10,2.882794309568405,valid,0.4360383428334819,0.49248089160072156,0.4361499999999999,100123
GEN,0.44305,76,76,offspring,436,434,TINYIMAGENET,259,main_b1000_tinyimagenet_alexnet_GEN_kp50_seed123,0.5,0.43525,28,False,0.5,alexnet,False,0,0,2,0.44305,76,1,0.43375,245,2,870,7,0.5,TINYIMAGENET_alexnet_GEN_accuracy_kp5000_seed123,123,40000,259,42,accuracy,100123,0.43525,1,2.8724997141361235,30.185797855257988,10,2.8724997141361235,valid,0.43562611807728224,0.49858056947178697,0.4352499999999999,100123
GEN,0.44305,76,76,offspring,2022,1878,TINYIMAGENET,260,main_b1000_tinyimagenet_alexnet_GEN_kp50_seed123,0.5,0.43895,28,False,0.5,alexnet,False,0,0,1,0.43955,247,4,0.4402,250,7,3900,8,0.5,TINYIMAGENET_alexnet_GEN_accuracy_kp5000_seed123,123,40000,260,42,accuracy,100123,0.43895,1,2.8392379925727846,30.601302288472652,10,2.8392379925727846,valid,0.43946015004673755,0.5019010884960381,0.43894999999999995,100123
GEN,0.44305,76,76,offspring,1878,2022,TINYIMAGENET,261,main_b1000_tinyimagenet_alexnet_GEN_kp50_seed123,0.5,0.4254,28,False,0.5,alexnet,False,0,0,2,0.43955,247,4,0.4402,250,7,3900,9,0.5,TINYIMAGENET_alexnet_GEN_accuracy_kp5000_seed123,123,40000,261,42,accuracy,100123,0.4254,1,2.9508384317874907,30.284007541835308,10,2.9508384317874907,valid,0.42783257169583777,0.5033741702827593,0.4254,100123
GEN,0.44305,76,76,offspring,2006,1894,TINYIMAGENET,262,main_b1000_tinyimagenet_alexnet_GEN_kp50_seed123,0.5,0.43165,28,False,0.5,alexnet,False,0,0,1,0.4402,250,7,0.43955,247,4,3900,10,0.5,TINYIMAGENET_alexnet_GEN_accuracy_kp5000_seed123,123,40000,262,42,accuracy,100123,0.43165,1,2.905820897912979,30.270707666873932,10,2.905820897912979,valid,0.42935108274407363,0.49429955629055367,0.4316500000000001,100123
GEN,0.44305,76,76,offspring,930,994,TINYIMAGENET,263,main_b1000_tinyimagenet_alexnet_GEN_kp50_seed123,0.5,0.43295,29,False,0.5,alexnet,False,0,0,1,0.4393,256,4,0.43895,260,8,1924,2,0.5,TINYIMAGENET_alexnet_GEN_accuracy_kp5000_seed123,123,40000,263,42,accuracy,100123,0.43295,1,2.9078078310012816,30.20757044106722,10,2.9078078310012816,valid,0.4285265049206419,0.4933551278576908,0.43295,100123
GEN,0.44305,76,76,offspring,994,930,TINYIMAGENET,264,main_b1000_tinyimagenet_alexnet_GEN_kp50_seed123,0.5,0.43475,29,False,0.5,alexnet,False,0,0,2,0.4393,256,4,0.43895,260,8,1924,3,0.5,TINYIMAGENET_alexnet_GEN_accuracy_kp5000_seed123,123,40000,264,42,accuracy,100123,0.43475,1,2.8817449373722077,31.15452217310667,10,2.8817449373722077,valid,0.4350712334180619,0.5015867934265067,0.43474999999999997,100123
GEN,0.44305,76,76,offspring,1262,1176,TINYIMAGENET,265,main_b1000_tinyimagenet_alexnet_GEN_kp50_seed123,0.5,0.43795,29,False,0.5,alexnet,False,0,0,1,0.44305,76,1,0.43165,262,10,2438,4,0.5,TINYIMAGENET_alexnet_GEN_accuracy_kp5000_seed123,123,40000,265,42,accuracy,100123,0.43795,1,2.861010468363762,30.14967241883278,10,2.861010468363762,valid,0.4392738110771066,0.4966034865554181,0.43795,100123
GEN,0.44305,76,76,offspring,1176,1262,TINYIMAGENET,266,main_b1000_tinyimagenet_alexnet_GEN_kp50_seed123,0.5,0.42885,29,False,0.5,alexnet,False,0,0,2,0.44305,76,1,0.43165,262,10,2438,5,0.5,TINYIMAGENET_alexnet_GEN_accuracy_kp5000_seed123,123,40000,266,42,accuracy,100123,0.42885,1,2.9453981613636016,30.31053387373686,10,2.9453981613636016,valid,0.429206885922101,0.5049594999823982,0.42885000000000006,100123
GEN,0.44305,76,76,offspring,1250,1288,TINYIMAGENET,267,main_b1000_tinyimagenet_alexnet_GEN_kp50_seed123,0.5,0.4313,29,False,0.5,alexnet,True,4000,2000,1,0.43525,259,7,0.4393,256,4,2538,6,0.5,TINYIMAGENET_alexnet_GEN_accuracy_kp5000_seed123,123,40000,267,42,accuracy,100123,0.4313,1,2.9446512865543366,30.58609462529421,10,2.9446512865543366,valid,0.43395502241741224,0.516454199540191,0.4313,100123
GEN,0.44305,76,76,offspring,1288,1250,TINYIMAGENET,268,main_b1000_tinyimagenet_alexnet_GEN_kp50_seed123,0.5,0.4348,29,False,0.5,alexnet,False,0,0,2,0.43525,259,7,0.4393,256,4,2538,7,0.5,TINYIMAGENET_alexnet_GEN_accuracy_kp5000_seed123,123,40000,268,42,accuracy,100123,0.4348,1,2.8637101806640626,30.582307122647762,10,2.8637101806640626,valid,0.43770014275121694,0.506616677927545,0.4348,100123
GEN,0.44305,76,76,offspring,1252,1200,TINYIMAGENET,269,main_b1000_tinyimagenet_alexnet_GEN_kp50_seed123,0.5,0.4267,29,False,0.5,alexnet,False,0,0,1,0.4326,255,3,0.43895,260,8,2452,8,0.5,TINYIMAGENET_alexnet_GEN_accuracy_kp5000_seed123,123,40000,269,42,accuracy,100123,0.4267,1,2.944474100589752,30.005075179040432,10,2.944474100589752,valid,0.43198239271240835,0.5030439774962506,0.4267,100123
GEN,0.44305,76,76,offspring,1200,1252,TINYIMAGENET,270,main_b1000_tinyimagenet_alexnet_GEN_kp50_seed123,0.5,0.4316,29,False,0.5,alexnet,False,0,0,2,0.4326,255,3,0.43895,260,8,2452,9,0.5,TINYIMAGENET_alexnet_GEN_accuracy_kp5000_seed123,123,40000,270,42,accuracy,100123,0.4316,1,2.921033581161499,30.513802252709866,10,2.921033581161499,valid,0.4330996732737989,0.506406592367798,0.4316,100123
GEN,0.44305,76,76,offspring,1262,1252,TINYIMAGENET,271,main_b1000_tinyimagenet_alexnet_GEN_kp50_seed123,0.5,0.43,29,False,0.5,alexnet,True,4000,2000,1,0.43895,260,8,0.43525,259,7,2514,10,0.5,TINYIMAGENET_alexnet_GEN_accuracy_kp5000_seed123,123,40000,271,42,accuracy,100123,0.43,1,2.910235687112808,30.12786117941141,10,2.910235687112808,valid,0.430543236497781,0.5021833837207025,0.43,100123
GEN,0.44305,76,76,offspring,608,654,TINYIMAGENET,272,main_b1000_tinyimagenet_alexnet_GEN_kp50_seed123,0.5,0.42685,30,False,0.5,alexnet,False,0,0,1,0.43795,265,4,0.44305,76,1,1262,2,0.5,TINYIMAGENET_alexnet_GEN_accuracy_kp5000_seed123,123,40000,272,42,accuracy,100123,0.42685,1,2.963535693073273,30.48797918111086,10,2.963535693073273,valid,0.42419248097077256,0.5029240955813671,0.42685,100123
GEN,0.44305,76,76,offspring,654,608,TINYIMAGENET,273,main_b1000_tinyimagenet_alexnet_GEN_kp50_seed123,0.5,0.43405,30,False,0.5,alexnet,False,0,0,2,0.43795,265,4,0.44305,76,1,1262,3,0.5,TINYIMAGENET_alexnet_GEN_accuracy_kp5000_seed123,123,40000,273,42,accuracy,100123,0.43405,1,2.8653079709053038,30.167920790612698,10,2.8653079709053038,valid,0.43697961714123623,0.49615112897790703,0.43405,100123
GEN,0.44305,76,76,offspring,686,746,TINYIMAGENET,274,main_b1000_tinyimagenet_alexnet_GEN_kp50_seed123,0.5,0.423,30,False,0.5,alexnet,True,4000,2000,1,0.44305,76,1,0.4348,268,7,1432,4,0.5,TINYIMAGENET_alexnet_GEN_accuracy_kp5000_seed123,123,40000,274,42,accuracy,100123,0.423,1,2.9370319264888765,30.456820271909237,10,2.9370319264888765,valid,0.42813997888946376,0.5077706719041863,0.423,100123
GEN,0.44305,76,76,offspring,746,686,TINYIMAGENET,275,main_b1000_tinyimagenet_alexnet_GEN_kp50_seed123,0.5,0.42625,30,False,0.5,alexnet,False,0,0,2,0.44305,76,1,0.4348,268,7,1432,5,0.5,TINYIMAGENET_alexnet_GEN_accuracy_kp5000_seed123,123,40000,275,42,accuracy,100123,0.42625,1,2.9555288794517516,30.24522576481104,10,2.9555288794517516,valid,0.425525900809855,0.5045645220050518,0.42625,100123
GEN,0.44305,76,76,offspring,898,870,TINYIMAGENET,276,main_b1000_tinyimagenet_alexnet_GEN_kp50_seed123,0.5,0.4429,30,False,0.5,alexnet,False,0,0,1,0.43475,264,3,0.4348,268,7,1768,6,0.5,TINYIMAGENET_alexnet_GEN_accuracy_kp5000_seed123,123,40000,276,42,accuracy,100123,0.4429,1,2.8548037977218628,30.374782346189022,10,2.8548037977218628,valid,0.4418581537949459,0.5021301841221668,0.4429,100123
GEN,0.44305,76,76,offspring,870,898,TINYIMAGENET,277,main_b1000_tinyimagenet_alexnet_GEN_kp50_seed123,0.5,0.4396,30,False,0.5,alexnet,False,0,0,2,0.43475,264,3,0.4348,268,7,1768,7,0.5,TINYIMAGENET_alexnet_GEN_accuracy_kp5000_seed123,123,40000,277,42,accuracy,100123,0.4396,1,2.8586842904567717,30.429283536970615,10,2.8586842904567717,valid,0.44211522929536046,0.5035512794490947,0.4396,100123
GEN,0.44305,76,76,offspring,872,842,TINYIMAGENET,278,main_b1000_tinyimagenet_alexnet_GEN_kp50_seed123,0.5,0.4318,30,False,0.5,alexnet,False,0,0,1,0.4316,270,9,0.43475,264,3,1714,8,0.5,TINYIMAGENET_alexnet_GEN_accuracy_kp5000_seed123,123,40000,278,42,accuracy,100123,0.4318,1,2.911569933223724,30.56019528210163,10,2.911569933223724,valid,0.43014936155313693,0.49882160147330107,0.4318,100123
GEN,0.44305,76,76,offspring,842,872,TINYIMAGENET,279,main_b1000_tinyimagenet_alexnet_GEN_kp50_seed123,0.5,0.43255,30,False,0.5,alexnet,False,0,0,2,0.4316,270,9,0.43475,264,3,1714,9,0.5,TINYIMAGENET_alexnet_GEN_accuracy_kp5000_seed123,123,40000,279,42,accuracy,100123,0.43255,1,2.9186828516960146,30.36605965346098,10,2.9186828516960146,valid,0.4322204993499848,0.4973607598803083,0.43255000000000005,100123
GEN,0.44305,76,76,offspring,942,922,TINYIMAGENET,280,main_b1000_tinyimagenet_alexnet_GEN_kp50_seed123,0.5,0.43295,30,False,0.5,alexnet,False,0,0,1,0.43795,265,4,0.4348,268,7,1864,10,0.5,TINYIMAGENET_alexnet_GEN_accuracy_kp5000_seed123,123,40000,280,42,accuracy,100123,0.43295,1,2.906213138055801,30.37524402141571,10,2.906213138055801,valid,0.43309961923572726,0.5014756900146945,0.43294999999999995,100123
GEN,0.44305,76,76,offspring,306,302,TINYIMAGENET,281,main_b1000_tinyimagenet_alexnet_GEN_kp50_seed123,0.5,0.43475,31,False,0.5,alexnet,False,0,0,1,0.44305,76,1,0.43405,273,3,608,2,0.5,TINYIMAGENET_alexnet_GEN_accuracy_kp5000_seed123,123,40000,281,42,accuracy,100123,0.43475,1,2.9263861357688903,30.26840242743492,10,2.9263861357688903,valid,0.4334361312054337,0.5033078525017175,0.43475,100123
GEN,0.44305,76,76,offspring,302,306,TINYIMAGENET,282,main_b1000_tinyimagenet_alexnet_GEN_kp50_seed123,0.5,0.4331,31,False,0.5,alexnet,False,0,0,2,0.44305,76,1,0.43405,273,3,608,3,0.5,TINYIMAGENET_alexnet_GEN_accuracy_kp5000_seed123,123,40000,282,42,accuracy,100123,0.4331,1,2.926519667863846,30.308641329407692,10,2.926519667863846,valid,0.4347011895024846,0.5036829462378692,0.43310000000000004,100123
GEN,0.44305,76,76,offspring,968,948,TINYIMAGENET,283,main_b1000_tinyimagenet_alexnet_GEN_kp50_seed123,0.5,0.4376,31,False,0.5,alexnet,False,0,0,1,0.4429,276,6,0.44305,76,1,1916,4,0.5,TINYIMAGENET_alexnet_GEN_accuracy_kp5000_seed123,123,40000,283,42,accuracy,100123,0.4376,1,2.8839214632987975,30.4489234238863,10,2.8839214632987975,valid,0.43645391770379427,0.5039534015958997,0.4376,100123
GEN,0.44305,76,76,offspring,948,968,TINYIMAGENET,284,main_b1000_tinyimagenet_alexnet_GEN_kp50_seed123,0.5,0.4303,31,False,0.5,alexnet,False,0,0,2,0.4429,276,6,0.44305,76,1,1916,5,0.5,TINYIMAGENET_alexnet_GEN_accuracy_kp5000_seed123,123,40000,284,42,accuracy,100123,0.4303,1,2.935657484602928,30.27369684726,10,2.935657484602928,valid,0.43041754875906385,0.5020633764134544,0.4303,100123
GEN,0.44305,76,76,offspring,950,966,TINYIMAGENET,285,main_b1000_tinyimagenet_alexnet_GEN_kp50_seed123,0.5,0.43355,31,False,0.5,alexnet,False,0,0,1,0.4429,276,6,0.44305,76,1,1916,6,0.5,TINYIMAGENET_alexnet_GEN_accuracy_kp5000_seed123,123,40000,285,42,accuracy,100123,0.43355,1,2.8831361645698546,30.412086717784405,10,2.8831361645698546,valid,0.43340372013901557,0.4982818835569778,0.43355000000000005,100123
GEN,0.44305,76,76,offspring,966,950,TINYIMAGENET,286,main_b1000_tinyimagenet_alexnet_GEN_kp50_seed123,0.5,0.43295,31,False,0.5,alexnet,False,0,0,2,0.4429,276,6,0.44305,76,1,1916,7,0.5,TINYIMAGENET_alexnet_GEN_accuracy_kp5000_seed123,123,40000,286,42,accuracy,100123,0.43295,1,2.9141104114055634,30.30456706881523,10,2.9141104114055634,valid,0.42920351831557224,0.49985463687281656,0.43295,100123
GEN,0.44305,76,76,offspring,848,920,TINYIMAGENET,287,main_b1000_tinyimagenet_alexnet_GEN_kp50_seed123,0.5,0.42795,31,False,0.5,alexnet,False,0,0,1,0.4429,276,6,0.4396,277,7,1768,8,0.5,TINYIMAGENET_alexnet_GEN_accuracy_kp5000_seed123,123,40000,287,42,accuracy,100123,0.42795,1,2.918520835494995,30.818794175982475,10,2.918520835494995,valid,0.4282649548073694,0.4950809603488381,0.42795,100123
GEN,0.44305,76,76,offspring,920,848,TINYIMAGENET,288,main_b1000_tinyimagenet_alexnet_GEN_kp50_seed123,0.5,0.4252,31,False,0.5,alexnet,True,4000,2000,2,0.4429,276,6,0.4396,277,7,1768,9,0.5,TINYIMAGENET_alexnet_GEN_accuracy_kp5000_seed123,123,40000,288,42,accuracy,100123,0.4252,1,2.943587311267853,30.430364429950714,10,2.943587311267853,valid,0.4258019180648847,0.4997600931191982,0.4252,100123
GEN,0.44305,76,76,offspring,1022,948,TINYIMAGENET,289,main_b1000_tinyimagenet_alexnet_GEN_kp50_seed123,0.5,0.44025,31,False,0.5,alexnet,False,0,0,1,0.43405,273,3,0.4318,278,8,1970,10,0.5,TINYIMAGENET_alexnet_GEN_accuracy_kp5000_seed123,123,40000,289,42,accuracy,100123,0.44025,1,2.8302490898132326,30.940685093402863,10,2.8302490898132326,valid,0.4414564297565961,0.5029575958871673,0.44025000000000003,100123
GEN,0.44305,76,76,offspring,456,492,TINYIMAGENET,290,main_b1000_tinyimagenet_alexnet_GEN_kp50_seed123,0.5,0.43305,32,False,0.5,alexnet,False,0,0,1,0.4376,283,4,0.44305,76,1,948,2,0.5,TINYIMAGENET_alexnet_GEN_accuracy_kp5000_seed123,123,40000,290,42,accuracy,100123,0.43305,1,2.8934013039588926,30.329713314771652,10,2.8934013039588926,valid,0.43149666983549567,0.4910805388010175,0.43305,100123
GEN,0.44305,76,76,offspring,492,456,TINYIMAGENET,291,main_b1000_tinyimagenet_alexnet_GEN_kp50_seed123,0.5,0.43015,32,False,0.5,alexnet,False,0,0,2,0.4376,283,4,0.44305,76,1,948,3,0.5,TINYIMAGENET_alexnet_GEN_accuracy_kp5000_seed123,123,40000,291,42,accuracy,100123,0.43015,1,2.925151171684265,30.684445291757584,10,2.925151171684265,valid,0.432301304516474,0.5041256932390407,0.43015000000000003,100123
GEN,0.44305,76,76,offspring,148,158,TINYIMAGENET,292,main_b1000_tinyimagenet_alexnet_GEN_kp50_seed123,0.5,0.43125,32,False,0.5,alexnet,False,0,0,1,0.43475,281,2,0.44305,76,1,306,4,0.5,TINYIMAGENET_alexnet_GEN_accuracy_kp5000_seed123,123,40000,292,42,accuracy,100123,0.43125,1,2.915567242336273,30.35721641033888,10,2.915567242336273,valid,0.43142868541329177,0.5066914093605052,0.43125,100123
GEN,0.44305,76,76,offspring,158,148,TINYIMAGENET,293,main_b1000_tinyimagenet_alexnet_GEN_kp50_seed123,0.5,0.43775,32,False,0.5,alexnet,False,0,0,2,0.43475,281,2,0.44305,76,1,306,5,0.5,TINYIMAGENET_alexnet_GEN_accuracy_kp5000_seed123,123,40000,293,42,accuracy,100123,0.43775,1,2.842894659662247,30.63345967978239,10,2.842894659662247,valid,0.4387739057029966,0.49938715366365555,0.43775,100123
GEN,0.44305,76,76,offspring,482,468,TINYIMAGENET,294,main_b1000_tinyimagenet_alexnet_GEN_kp50_seed123,0.5,0.42835,32,False,0.5,alexnet,False,0,0,1,0.44305,76,1,0.43295,286,7,950,6,0.5,TINYIMAGENET_alexnet_GEN_accuracy_kp5000_seed123,123,40000,294,42,accuracy,100123,0.42835,1,2.8878786231040956,30.381853595376015,10,2.8878786231040956,valid,0.4279427605338742,0.49593097857080176,0.42835,100123
GEN,0.44305,76,76,offspring,468,482,TINYIMAGENET,295,main_b1000_tinyimagenet_alexnet_GEN_kp50_seed123,0.5,0.43215,32,False,0.5,alexnet,False,0,0,2,0.44305,76,1,0.43295,286,7,950,7,0.5,TINYIMAGENET_alexnet_GEN_accuracy_kp5000_seed123,123,40000,295,42,accuracy,100123,0.43215,1,2.924585380077362,30.643990732729435,10,2.924585380077362,valid,0.4323691953836674,0.49830433684807035,0.43215000000000003,100123
GEN,0.44305,76,76,offspring,540,570,TINYIMAGENET,296,main_b1000_tinyimagenet_alexnet_GEN_kp50_seed123,0.5,0.43185,32,False,0.5,alexnet,False,0,0,1,0.4331,282,3,0.43295,286,7,1110,8,0.5,TINYIMAGENET_alexnet_GEN_accuracy_kp5000_seed123,123,40000,296,42,accuracy,100123,0.43185,1,2.9058668719768526,30.543309450149536,10,2.9058668719768526,valid,0.4327347679693838,0.5013407028963102,0.43185,100123
GEN,0.44305,76,76,offspring,570,540,TINYIMAGENET,297,main_b1000_tinyimagenet_alexnet_GEN_kp50_seed123,0.5,0.4291,32,False,0.5,alexnet,False,0,0,2,0.4331,282,3,0.43295,286,7,1110,9,0.5,TINYIMAGENET_alexnet_GEN_accuracy_kp5000_seed123,123,40000,297,42,accuracy,100123,0.4291,1,2.9482582283973695,30.52494639158249,10,2.9482582283973695,valid,0.42811499188239543,0.4995127349392458,0.4291,100123
GEN,0.44305,76,76,offspring,494,486,TINYIMAGENET,298,main_b1000_tinyimagenet_alexnet_GEN_kp50_seed123,0.5,0.4283,32,False,0.5,alexnet,False,0,0,1,0.4376,283,4,0.43355,285,6,980,10,0.5,TINYIMAGENET_alexnet_GEN_accuracy_kp5000_seed123,123,40000,298,42,accuracy,100123,0.4283,1,2.928711844921112,30.490152455866337,10,2.928711844921112,valid,0.4284739860506302,0.4998160722227908,0.42829999999999996,100123
GEN,0.44305,76,76,offspring,322,318,TINYIMAGENET,299,main_b1000_tinyimagenet_alexnet_GEN_kp50_seed123,0.5,0.43835,33,False,0.5,alexnet,True,4000,2000,1,0.4291,297,9,0.44305,76,1,640,2,0.5,TINYIMAGENET_alexnet_GEN_accuracy_kp5000_seed123,123,40000,299,42,accuracy,100123,0.43835,1,2.8771253490924837,30.43024978041649,10,2.8771253490924837,valid,0.4407824760027421,0.5036365246050013,0.43835,100123
GEN,0.44305,76,76,offspring,318,322,TINYIMAGENET,300,main_b1000_tinyimagenet_alexnet_GEN_kp50_seed123,0.5,0.4303,33,False,0.5,alexnet,False,0,0,2,0.4291,297,9,0.44305,76,1,640,3,0.5,TINYIMAGENET_alexnet_GEN_accuracy_kp5000_seed123,123,40000,300,42,accuracy,100123,0.4303,1,2.891898035669327,30.620290130376816,10,2.891898035669327,valid,0.4284686202631927,0.49053837979022147,0.4303,100123
GEN,0.44305,76,76,offspring,70,78,TINYIMAGENET,301,main_b1000_tinyimagenet_alexnet_GEN_kp50_seed123,0.5,0.4341,33,False,0.5,alexnet,False,0,0,1,0.44305,76,1,0.43775,293,5,148,4,0.5,TINYIMAGENET_alexnet_GEN_accuracy_kp5000_seed123,123,40000,301,42,accuracy,100123,0.4341,1,2.873263642978668,30.45666916668415,10,2.873263642978668,valid,0.43392216862942234,0.4967334918256407,0.43410000000000004,100123
GEN,0.44305,76,76,offspring,78,70,TINYIMAGENET,302,main_b1000_tinyimagenet_alexnet_GEN_kp50_seed123,0.5,0.4355,33,False,0.5,alexnet,False,0,0,2,0.44305,76,1,0.43775,293,5,148,5,0.5,TINYIMAGENET_alexnet_GEN_accuracy_kp5000_seed123,123,40000,302,42,accuracy,100123,0.4355,1,2.884705480289459,30.730592720210552,10,2.884705480289459,valid,0.43336593043105026,0.49730378562899263,0.4355,100123
GEN,0.44305,76,76,offspring,230,238,TINYIMAGENET,303,main_b1000_tinyimagenet_alexnet_GEN_kp50_seed123,0.5,0.43195,33,False,0.5,alexnet,False,0,0,1,0.44305,76,1,0.43215,295,7,468,6,0.5,TINYIMAGENET_alexnet_GEN_accuracy_kp5000_seed123,123,40000,303,42,accuracy,100123,0.43195,1,2.8968084760665893,30.330115489661694,10,2.8968084760665893,valid,0.43064150377513544,0.4943562202816629,0.43195,100123
GEN,0.44305,76,76,offspring,238,230,TINYIMAGENET,304,main_b1000_tinyimagenet_alexnet_GEN_kp50_seed123,0.5,0.4367,33,False,0.5,alexnet,False,0,0,2,0.44305,76,1,0.43215,295,7,468,7,0.5,TINYIMAGENET_alexnet_GEN_accuracy_kp5000_seed123,123,40000,304,42,accuracy,100123,0.4367,1,2.87394831571579,30.830837331712246,10,2.87394831571579,valid,0.43679081768664274,0.5007586397884345,0.43670000000000003,100123
GEN,0.44305,76,76,offspring,146,160,TINYIMAGENET,305,main_b1000_tinyimagenet_alexnet_GEN_kp50_seed123,0.5,0.43495,33,False,0.5,alexnet,False,0,0,1,0.43775,293,5,0.43125,292,4,306,8,0.5,TINYIMAGENET_alexnet_GEN_accuracy_kp5000_seed123,123,40000,305,42,accuracy,100123,0.43495,1,2.906525152015686,30.293768741190434,10,2.906525152015686,valid,0.4362165307908433,0.5091154185609292,0.43494999999999995,100123
GEN,0.44305,76,76,offspring,160,146,TINYIMAGENET,306,main_b1000_tinyimagenet_alexnet_GEN_kp50_seed123,0.5,0.435,33,False,0.5,alexnet,False,0,0,2,0.43775,293,5,0.43125,292,4,306,9,0.5,TINYIMAGENET_alexnet_GEN_accuracy_kp5000_seed123,123,40000,306,42,accuracy,100123,0.435,1,2.896503030920029,30.748225189745426,10,2.896503030920029,valid,0.4324303395581208,0.5037099710883903,0.435,100123
GEN,0.44305,76,76,offspring,298,292,TINYIMAGENET,307,main_b1000_tinyimagenet_alexnet_GEN_kp50_seed123,0.5,0.4353,33,False,0.5,alexnet,False,0,0,1,0.43775,293,5,0.43305,290,2,590,10,0.5,TINYIMAGENET_alexnet_GEN_accuracy_kp5000_seed123,123,40000,307,42,accuracy,100123,0.4353,1,2.916141257572174,30.181405909359455,10,2.916141257572174,valid,0.435255433319209,0.5064594846395092,0.4353,100123
GEN,0.44305,76,76,offspring,166,152,TINYIMAGENET,308,main_b1000_tinyimagenet_alexnet_GEN_kp50_seed123,0.5,0.43185,34,False,0.5,alexnet,False,0,0,1,0.4355,302,5,0.4353,307,10,318,2,0.5,TINYIMAGENET_alexnet_GEN_accuracy_kp5000_seed123,123,40000,308,42,accuracy,100123,0.43185,1,2.929987866973877,30.38690323382616,10,2.929987866973877,valid,0.4331798939196693,0.5102861282834104,0.43185,100123
GEN,0.44305,76,76,offspring,152,166,TINYIMAGENET,309,main_b1000_tinyimagenet_alexnet_GEN_kp50_seed123,0.5,0.43865,34,False,0.5,alexnet,False,0,0,2,0.4355,302,5,0.4353,307,10,318,3,0.5,TINYIMAGENET_alexnet_GEN_accuracy_kp5000_seed123,123,40000,309,42,accuracy,100123,0.43865,1,2.895996506023407,30.154232658445835,10,2.895996506023407,valid,0.43912369776806137,0.505355901765137,0.43865000000000004,100123
GEN,0.44305,76,76,offspring,42,36,TINYIMAGENET,310,main_b1000_tinyimagenet_alexnet_GEN_kp50_seed123,0.5,0.4282,34,False,0.5,alexnet,False,0,0,1,0.44305,76,1,0.4355,302,5,78,4,0.5,TINYIMAGENET_alexnet_GEN_accuracy_kp5000_seed123,123,40000,310,42,accuracy,100123,0.4282,1,2.9328156752109527,30.461196534335613,10,2.9328156752109527,valid,0.4267421211744428,0.49899249287579195,0.4282000000000001,100123
GEN,0.44305,76,76,offspring,36,42,TINYIMAGENET,311,main_b1000_tinyimagenet_alexnet_GEN_kp50_seed123,0.5,0.42625,34,False,0.5,alexnet,True,4000,2000,2,0.44305,76,1,0.4355,302,5,78,5,0.5,TINYIMAGENET_alexnet_GEN_accuracy_kp5000_seed123,123,40000,311,42,accuracy,100123,0.42625,1,2.955082269144058,30.14721993356943,10,2.955082269144058,valid,0.43096610750336545,0.5074347323094669,0.42625,100123
GEN,0.44305,76,76,offspring,2214,2180,TINYIMAGENET,312,main_b1000_tinyimagenet_alexnet_GEN_kp50_seed123,0.5,0.43675,34,False,0.5,alexnet,True,4000,2000,1,0.4367,304,7,0.43835,299,2,4394,6,0.5,TINYIMAGENET_alexnet_GEN_accuracy_kp5000_seed123,123,40000,312,42,accuracy,100123,0.43675,1,2.853918834543228,30.35437422245741,10,2.853918834543228,valid,0.43710781862345516,0.4983568238124459,0.43674999999999997,100123
GEN,0.44305,76,76,offspring,2180,2214,TINYIMAGENET,313,main_b1000_tinyimagenet_alexnet_GEN_kp50_seed123,0.5,0.4278,34,False,0.5,alexnet,False,0,0,2,0.4367,304,7,0.43835,299,2,4394,7,0.5,TINYIMAGENET_alexnet_GEN_accuracy_kp5000_seed123,123,40000,313,42,accuracy,100123,0.4278,1,2.938076973247528,30.14588525891304,10,2.938076973247528,valid,0.42891973751088086,0.4983472495255609,0.4278,100123
GEN,0.44305,76,76,offspring,158,138,TINYIMAGENET,314,main_b1000_tinyimagenet_alexnet_GEN_kp50_seed123,0.5,0.42425,34,False,0.5,alexnet,False,0,0,1,0.4367,304,7,0.4355,302,5,296,8,0.5,TINYIMAGENET_alexnet_GEN_accuracy_kp5000_seed123,123,40000,314,42,accuracy,100123,0.42425,1,2.9482006134033205,30.49936904758215,10,2.9482006134033205,valid,0.4249151578355617,0.5035522710016886,0.42424999999999996,100123
GEN,0.44305,76,76,offspring,138,158,TINYIMAGENET,315,main_b1000_tinyimagenet_alexnet_GEN_kp50_seed123,0.5,0.4358,34,False,0.5,alexnet,False,0,0,2,0.4367,304,7,0.4355,302,5,296,9,0.5,TINYIMAGENET_alexnet_GEN_accuracy_kp5000_seed123,123,40000,315,42,accuracy,100123,0.4358,1,2.8864352962493895,30.2724629342556,10,2.8864352962493895,valid,0.4374417006686032,0.5073410167274356,0.43579999999999997,100123
GEN,0.44305,76,76,offspring,188,186,TINYIMAGENET,316,main_b1000_tinyimagenet_alexnet_GEN_kp50_seed123,0.5,0.43025,34,False,0.5,alexnet,False,0,0,1,0.435,306,9,0.4367,304,7,374,10,0.5,TINYIMAGENET_alexnet_GEN_accuracy_kp5000_seed123,123,40000,316,42,accuracy,100123,0.43025,1,2.9330922674417494,30.282379277050495,10,2.9330922674417494,valid,0.42978377578326943,0.5037534520361571,0.4302500000000001,100123
GEN,0.44305,76,76,offspring,86,110,TINYIMAGENET,317,main_b1000_tinyimagenet_alexnet_GEN_kp50_seed123,0.5,0.43825,35,False,0.5,alexnet,False,0,0,1,0.43865,309,3,0.44305,76,1,196,2,0.5,TINYIMAGENET_alexnet_GEN_accuracy_kp5000_seed123,123,40000,317,42,accuracy,100123,0.43825,1,2.9217682373523712,30.391307041049004,10,2.9217682373523712,valid,0.43768377500129974,0.5032714339935137,0.43825000000000003,100123
GEN,0.44305,76,76,offspring,110,86,TINYIMAGENET,318,main_b1000_tinyimagenet_alexnet_GEN_kp50_seed123,0.5,0.4377,35,False,0.5,alexnet,False,0,0,2,0.43865,309,3,0.44305,76,1,196,3,0.5,TINYIMAGENET_alexnet_GEN_accuracy_kp5000_seed123,123,40000,318,42,accuracy,100123,0.4377,1,2.914437288045883,30.16735029220581,10,2.914437288045883,valid,0.4357755659930296,0.4972928170382096,0.43770000000000003,100123
GEN,0.44305,76,76,offspring,3052,3002,TINYIMAGENET,319,main_b1000_tinyimagenet_alexnet_GEN_kp50_seed123,0.5,0.42455,35,False,0.5,alexnet,False,0,0,1,0.44305,76,1,0.43675,312,6,6054,4,0.5,TINYIMAGENET_alexnet_GEN_accuracy_kp5000_seed123,123,40000,319,42,accuracy,100123,0.42455,1,2.969684109210968,30.57060094922781,10,2.969684109210968,valid,0.4250778870315061,0.5013128181767087,0.42455,100123
GEN,0.44305,76,76,offspring,3002,3052,TINYIMAGENET,320,main_b1000_tinyimagenet_alexnet_GEN_kp50_seed123,0.5,0.43335,35,False,0.5,alexnet,False,0,0,2,0.44305,76,1,0.43675,312,6,6054,5,0.5,TINYIMAGENET_alexnet_GEN_accuracy_kp5000_seed123,123,40000,320,42,accuracy,100123,0.43335,1,2.880067388010025,30.12579094618559,10,2.880067388010025,valid,0.4322081100021815,0.4948262190258494,0.43335,100123
GEN,0.44305,76,76,offspring,96,100,TINYIMAGENET,321,main_b1000_tinyimagenet_alexnet_GEN_kp50_seed123,0.5,0.4354,35,False,0.5,alexnet,False,0,0,1,0.44305,76,1,0.43865,309,3,196,6,0.5,TINYIMAGENET_alexnet_GEN_accuracy_kp5000_seed123,123,40000,321,42,accuracy,100123,0.4354,1,2.9195032608509064,30.51758909970522,10,2.9195032608509064,valid,0.43459654548939397,0.5069210345399028,0.43540000000000006,100123
GEN,0.44305,76,76,offspring,100,96,TINYIMAGENET,322,main_b1000_tinyimagenet_alexnet_GEN_kp50_seed123,0.5,0.4349,35,False,0.5,alexnet,False,0,0,2,0.44305,76,1,0.43865,309,3,196,7,0.5,TINYIMAGENET_alexnet_GEN_accuracy_kp5000_seed123,123,40000,322,42,accuracy,100123,0.4349,1,2.8924538166999816,30.351834937930107,10,2.8924538166999816,valid,0.4344170119577099,0.5049665830282785,0.4349,100123
GEN,0.44305,76,76,offspring,98,98,TINYIMAGENET,323,main_b1000_tinyimagenet_alexnet_GEN_kp50_seed123,0.5,0.4294,35,False,0.5,alexnet,False,0,0,1,0.43865,309,3,0.44305,76,1,196,8,0.5,TINYIMAGENET_alexnet_GEN_accuracy_kp5000_seed123,123,40000,323,42,accuracy,100123,0.4294,1,2.9333898968696595,30.534450970590115,10,2.9333898968696595,valid,0.42843014599871465,0.502475405255328,0.4294,100123
GEN,0.44305,76,76,offspring,98,98,TINYIMAGENET,324,main_b1000_tinyimagenet_alexnet_GEN_kp50_seed123,0.5,0.43585,35,False,0.5,alexnet,False,0,0,2,0.43865,309,3,0.44305,76,1,196,9,0.5,TINYIMAGENET_alexnet_GEN_accuracy_kp5000_seed123,123,40000,324,42,accuracy,100123,0.43585,1,2.897472729730606,30.11411666125059,10,2.897472729730606,valid,0.4357651624249124,0.5020520163338388,0.43585,100123
GEN,0.44305,76,76,offspring,138,142,TINYIMAGENET,325,main_b1000_tinyimagenet_alexnet_GEN_kp50_seed123,0.5,0.4246,35,False,0.5,alexnet,False,0,0,1,0.43865,309,3,0.4358,315,9,280,10,0.5,TINYIMAGENET_alexnet_GEN_accuracy_kp5000_seed123,123,40000,325,42,accuracy,100123,0.4246,1,2.969978315758705,30.606086030602455,10,2.969978315758705,valid,0.4258827159663224,0.5052460356617826,0.42460000000000003,100123
GEN,0.44305,76,76,offspring,48,38,TINYIMAGENET,326,main_b1000_tinyimagenet_alexnet_GEN_kp50_seed123,0.5,0.43365,36,False,0.5,alexnet,False,0,0,1,0.4377,318,3,0.44305,76,1,86,2,0.5,TINYIMAGENET_alexnet_GEN_accuracy_kp5000_seed123,123,40000,326,42,accuracy,100123,0.43365,1,2.886959000968933,30.1098754927516,10,2.886959000968933,valid,0.4330590920139846,0.5006197387512209,0.4336499999999999,100123
GEN,0.44305,76,76,offspring,38,48,TINYIMAGENET,327,main_b1000_tinyimagenet_alexnet_GEN_kp50_seed123,0.5,0.4323,36,False,0.5,alexnet,False,0,0,2,0.4377,318,3,0.44305,76,1,86,3,0.5,TINYIMAGENET_alexnet_GEN_accuracy_kp5000_seed123,123,40000,327,42,accuracy,100123,0.4323,1,2.934366953229904,30.596340902149677,10,2.934366953229904,valid,0.43249106935798814,0.5048052807846227,0.4323,100123
GEN,0.44305,76,76,offspring,46,52,TINYIMAGENET,328,main_b1000_tinyimagenet_alexnet_GEN_kp50_seed123,0.5,0.4291,36,False,0.5,alexnet,False,0,0,1,0.44305,76,1,0.4294,323,8,98,4,0.5,TINYIMAGENET_alexnet_GEN_accuracy_kp5000_seed123,123,40000,328,42,accuracy,100123,0.4291,1,2.938565309047699,30.140648692846298,10,2.938565309047699,valid,0.4262381540887982,0.5018404999066434,0.4291,100123
GEN,0.44305,76,76,offspring,52,46,TINYIMAGENET,329,main_b1000_tinyimagenet_alexnet_GEN_kp50_seed123,0.5,0.43075,36,False,0.5,alexnet,False,0,0,2,0.44305,76,1,0.4294,323,8,98,5,0.5,TINYIMAGENET_alexnet_GEN_accuracy_kp5000_seed123,123,40000,329,42,accuracy,100123,0.43075,1,2.8932477261543275,30.4957112967968,10,2.8932477261543275,valid,0.4309997551160347,0.4946702257044782,0.43074999999999997,100123
GEN,0.44305,76,76,offspring,90,106,TINYIMAGENET,330,main_b1000_tinyimagenet_alexnet_GEN_kp50_seed123,0.5,0.4337,36,False,0.5,alexnet,False,0,0,1,0.4377,318,3,0.43825,317,2,196,6,0.5,TINYIMAGENET_alexnet_GEN_accuracy_kp5000_seed123,123,40000,330,42,accuracy,100123,0.4337,1,2.912588084125519,30.174878016114235,10,2.912588084125519,valid,0.4365313007468177,0.5131483323741919,0.4337,100123
GEN,0.44305,76,76,offspring,106,90,TINYIMAGENET,331,main_b1000_tinyimagenet_alexnet_GEN_kp50_seed123,0.5,0.4312,36,False,0.5,alexnet,False,0,0,2,0.4377,318,3,0.43825,317,2,196,7,0.5,TINYIMAGENET_alexnet_GEN_accuracy_kp5000_seed123,123,40000,331,42,accuracy,100123,0.4312,1,2.919936211323738,30.48321805894375,10,2.919936211323738,valid,0.4314014737518921,0.5028875933351258,0.43119999999999997,100123
GEN,0.44305,76,76,offspring,52,46,TINYIMAGENET,332,main_b1000_tinyimagenet_alexnet_GEN_kp50_seed123,0.5,0.4354,36,False,0.5,alexnet,False,0,0,1,0.43585,324,9,0.44305,76,1,98,8,0.5,TINYIMAGENET_alexnet_GEN_accuracy_kp5000_seed123,123,40000,332,42,accuracy,100123,0.4354,1,2.8962599279880523,30.16519220918417,10,2.8962599279880523,valid,0.43359393660921003,0.49669956544862065,0.4354,100123
GEN,0.44305,76,76,offspring,46,52,TINYIMAGENET,333,main_b1000_tinyimagenet_alexnet_GEN_kp50_seed123,0.5,0.4279,36,False,0.5,alexnet,False,0,0,2,0.43585,324,9,0.44305,76,1,98,9,0.5,TINYIMAGENET_alexnet_GEN_accuracy_kp5000_seed123,123,40000,333,42,accuracy,100123,0.4279,1,2.9327457775115966,30.321160659193993,10,2.9327457775115966,valid,0.4257861313357945,0.49986496417727805,0.42790000000000006,100123
GEN,0.44305,76,76,offspring,44,42,TINYIMAGENET,334,main_b1000_tinyimagenet_alexnet_GEN_kp50_seed123,0.5,0.43775,36,False,0.5,alexnet,False,0,0,1,0.44305,76,1,0.4377,318,3,86,10,0.5,TINYIMAGENET_alexnet_GEN_accuracy_kp5000_seed123,123,40000,334,42,accuracy,100123,0.43775,1,2.8689109839439393,30.291973181068897,10,2.8689109839439393,valid,0.43645179014245195,0.4993763363036271,0.4377500000000001,100123
GEN,0.44305,76,76,offspring,28,32,TINYIMAGENET,335,main_b1000_tinyimagenet_alexnet_GEN_kp50_seed123,0.5,0.4316,37,False,0.5,alexnet,False,0,0,1,0.43365,326,2,0.4354,332,8,60,2,0.5,TINYIMAGENET_alexnet_GEN_accuracy_kp5000_seed123,123,40000,335,42,accuracy,100123,0.4316,1,2.8853559719085693,32.119329169392586,10,2.8853559719085693,valid,0.43056989042798044,0.4966061809467264,0.43160000000000004,100123
GEN,0.44305,76,76,offspring,32,28,TINYIMAGENET,336,main_b1000_tinyimagenet_alexnet_GEN_kp50_seed123,0.5,0.4273,37,False,0.5,alexnet,False,0,0,2,0.43365,326,2,0.4354,332,8,60,3,0.5,TINYIMAGENET_alexnet_GEN_accuracy_kp5000_seed123,123,40000,336,42,accuracy,100123,0.4273,1,2.975404221010208,30.185586370527744,10,2.975404221010208,valid,0.4250684892160443,0.5066202419145175,0.4273,100123
GEN,0.44305,76,76,offspring,40,56,TINYIMAGENET,337,main_b1000_tinyimagenet_alexnet_GEN_kp50_seed123,0.5,0.43625,37,False,0.5,alexnet,False,0,0,1,0.44305,76,1,0.4337,330,6,96,4,0.5,TINYIMAGENET_alexnet_GEN_accuracy_kp5000_seed123,123,40000,337,42,accuracy,100123,0.43625,1,2.897615128326416,30.486957490444183,10,2.897615128326416,valid,0.43600192255592773,0.5034144556289756,0.43625,100123
GEN,0.44305,76,76,offspring,56,40,TINYIMAGENET,338,main_b1000_tinyimagenet_alexnet_GEN_kp50_seed123,0.5,0.4342,37,False,0.5,alexnet,False,0,0,2,0.44305,76,1,0.4337,330,6,96,5,0.5,TINYIMAGENET_alexnet_GEN_accuracy_kp5000_seed123,123,40000,338,42,accuracy,100123,0.4342,1,2.906702257728577,30.3422661870718,10,2.906702257728577,valid,0.4358425788038368,0.506104091103055,0.43420000000000003,100123
GEN,0.44305,76,76,offspring,22,22,TINYIMAGENET,339,main_b1000_tinyimagenet_alexnet_GEN_kp50_seed123,0.5,0.4355,37,False,0.5,alexnet,False,0,0,1,0.4323,327,3,0.43775,334,10,44,6,0.5,TINYIMAGENET_alexnet_GEN_accuracy_kp5000_seed123,123,40000,339,42,accuracy,100123,0.4355,1,2.9065579056501387,30.429666452109814,10,2.9065579056501387,valid,0.4358733695380922,0.5022729688455556,0.4355,100123
GEN,0.44305,76,76,offspring,22,22,TINYIMAGENET,340,main_b1000_tinyimagenet_alexnet_GEN_kp50_seed123,0.5,0.43765,37,False,0.5,alexnet,False,0,0,2,0.4323,327,3,0.43775,334,10,44,7,0.5,TINYIMAGENET_alexnet_GEN_accuracy_kp5000_seed123,123,40000,340,42,accuracy,100123,0.43765,1,2.8576997045516968,30.550723619759083,10,2.8576997045516968,valid,0.43667752153680256,0.4966787305896068,0.43765,100123
GEN,0.44305,76,76,offspring,54,40,TINYIMAGENET,341,main_b1000_tinyimagenet_alexnet_GEN_kp50_seed123,0.5,0.43645,37,False,0.5,alexnet,False,0,0,1,0.43775,334,10,0.4337,330,6,94,8,0.5,TINYIMAGENET_alexnet_GEN_accuracy_kp5000_seed123,123,40000,341,42,accuracy,100123,0.43645,1,2.9025241185188295,30.398353174328804,10,2.9025241185188295,valid,0.43679270427473277,0.509057887927156,0.43644999999999995,100123
GEN,0.44305,76,76,offspring,40,54,TINYIMAGENET,342,main_b1000_tinyimagenet_alexnet_GEN_kp50_seed123,0.5,0.4315,37,False,0.5,alexnet,False,0,0,2,0.43775,334,10,0.4337,330,6,94,9,0.5,TINYIMAGENET_alexnet_GEN_accuracy_kp5000_seed123,123,40000,342,42,accuracy,100123,0.4315,1,2.907290349125862,30.524510890245438,10,2.907290349125862,valid,0.4295470777158002,0.49276687868545826,0.4315,100123
GEN,0.44305,76,76,offspring,20,18,TINYIMAGENET,343,main_b1000_tinyimagenet_alexnet_GEN_kp50_seed123,0.5,0.44005,37,False,0.5,alexnet,False,0,0,1,0.43365,326,2,0.44305,76,1,38,10,0.5,TINYIMAGENET_alexnet_GEN_accuracy_kp5000_seed123,123,40000,343,42,accuracy,100123,0.44005,1,2.866786358499527,30.40551206469536,10,2.866786358499527,valid,0.4409643814273092,0.5091469977678797,0.44004999999999994,100123
GEN,0.44305,76,76,offspring,10,8,TINYIMAGENET,344,main_b1000_tinyimagenet_alexnet_GEN_kp50_seed123,0.5,0.43835,38,False,0.5,alexnet,False,0,0,1,0.44005,343,10,0.44305,76,1,18,2,0.5,TINYIMAGENET_alexnet_GEN_accuracy_kp5000_seed123,123,40000,344,42,accuracy,100123,0.43835,1,2.879021835422516,30.54659426957369,10,2.879021835422516,valid,0.4358447285504882,0.4914887381018231,0.43835,100123
GEN,0.44305,76,76,offspring,8,10,TINYIMAGENET,345,main_b1000_tinyimagenet_alexnet_GEN_kp50_seed123,0.5,0.43525,38,False,0.5,alexnet,False,0,0,2,0.44005,343,10,0.44305,76,1,18,3,0.5,TINYIMAGENET_alexnet_GEN_accuracy_kp5000_seed123,123,40000,345,42,accuracy,100123,0.43525,1,2.8688306587696077,30.193384379148483,10,2.8688306587696077,valid,0.43754298170881184,0.50141400154457,0.4352500000000001,100123
GEN,0.44305,76,76,offspring,8,10,TINYIMAGENET,346,main_b1000_tinyimagenet_alexnet_GEN_kp50_seed123,0.5,0.43515,38,False,0.5,alexnet,False,0,0,1,0.44005,343,10,0.44305,76,1,18,4,0.5,TINYIMAGENET_alexnet_GEN_accuracy_kp5000_seed123,123,40000,346,42,accuracy,100123,0.43515,1,2.8932391684532166,30.55377557873726,10,2.8932391684532166,valid,0.4330563906711498,0.499091801432199,0.43515,100123
GEN,0.44305,76,76,offspring,10,8,TINYIMAGENET,347,main_b1000_tinyimagenet_alexnet_GEN_kp50_seed123,0.5,0.43345,38,False,0.5,alexnet,False,0,0,2,0.44005,343,10,0.44305,76,1,18,5,0.5,TINYIMAGENET_alexnet_GEN_accuracy_kp5000_seed123,123,40000,347,42,accuracy,100123,0.43345,1,2.8786570982933046,30.24523638188839,10,2.8786570982933046,valid,0.4367250981876337,0.5004734846442834,0.43345,100123
GEN,0.44305,76,76,offspring,26,30,TINYIMAGENET,348,main_b1000_tinyimagenet_alexnet_GEN_kp50_seed123,0.5,0.4333,38,False,0.5,alexnet,False,0,0,1,0.44305,76,1,0.4342,338,5,56,6,0.5,TINYIMAGENET_alexnet_GEN_accuracy_kp5000_seed123,123,40000,348,42,accuracy,100123,0.4333,1,2.887322261619568,30.610123351216316,10,2.887322261619568,valid,0.4340047665199188,0.4990502339429787,0.43329999999999996,100123
GEN,0.44305,76,76,offspring,30,26,TINYIMAGENET,349,main_b1000_tinyimagenet_alexnet_GEN_kp50_seed123,0.5,0.438,38,False,0.5,alexnet,False,0,0,2,0.44305,76,1,0.4342,338,5,56,7,0.5,TINYIMAGENET_alexnet_GEN_accuracy_kp5000_seed123,123,40000,349,42,accuracy,100123,0.438,1,2.833196014928818,30.20065153390169,10,2.833196014928818,valid,0.4374056944108375,0.49826783106862055,0.43799999999999994,100123
GEN,0.44305,76,76,offspring,32,44,TINYIMAGENET,350,main_b1000_tinyimagenet_alexnet_GEN_kp50_seed123,0.5,0.43085,38,False,0.5,alexnet,False,0,0,1,0.44305,76,1,0.43645,341,8,76,8,0.5,TINYIMAGENET_alexnet_GEN_accuracy_kp5000_seed123,123,40000,350,42,accuracy,100123,0.43085,1,2.9395338058948517,30.653210885822773,10,2.9395338058948517,valid,0.4310288675131573,0.5068078260078226,0.43085,100123
GEN,0.44305,76,76,offspring,44,32,TINYIMAGENET,351,main_b1000_tinyimagenet_alexnet_GEN_kp50_seed123,0.5,0.4374,38,False,0.5,alexnet,False,0,0,2,0.44305,76,1,0.43645,341,8,76,9,0.5,TINYIMAGENET_alexnet_GEN_accuracy_kp5000_seed123,123,40000,351,42,accuracy,100123,0.4374,1,2.8985215569734573,30.102550953626633,10,2.8985215569734573,valid,0.4389853382873288,0.502100138833428,0.4374,100123
GEN,0.44305,76,76,offspring,38,34,TINYIMAGENET,352,main_b1000_tinyimagenet_alexnet_GEN_kp50_seed123,0.5,0.4362,38,False,0.5,alexnet,False,0,0,1,0.43645,341,8,0.44005,343,10,72,10,0.5,TINYIMAGENET_alexnet_GEN_accuracy_kp5000_seed123,123,40000,352,42,accuracy,100123,0.4362,1,2.888728192996979,30.51357465982437,10,2.888728192996979,valid,0.4333739737112843,0.49714655479207637,0.4362,100123
GEN,0.44305,76,76,offspring,26,22,TINYIMAGENET,353,main_b1000_tinyimagenet_alexnet_GEN_kp50_seed123,0.5,0.4369,39,False,0.5,alexnet,False,0,0,1,0.4374,351,9,0.438,349,7,48,2,0.5,TINYIMAGENET_alexnet_GEN_accuracy_kp5000_seed123,123,40000,353,42,accuracy,100123,0.4369,1,2.869602724838257,30.123648814857006,10,2.869602724838257,valid,0.43695074707780124,0.49727836777429,0.43690000000000007,100123
GEN,0.44305,76,76,offspring,22,26,TINYIMAGENET,354,main_b1000_tinyimagenet_alexnet_GEN_kp50_seed123,0.5,0.443,39,False,0.5,alexnet,True,4000,2000,2,0.4374,351,9,0.438,349,7,48,3,0.5,TINYIMAGENET_alexnet_GEN_accuracy_kp5000_seed123,123,40000,354,42,accuracy,100123,0.443,1,2.8255284595489503,30.627905070781708,10,2.8255284595489503,valid,0.44191036142941115,0.49893161445255024,0.44299999999999995,100123
GEN,0.44305,76,76,offspring,4,4,TINYIMAGENET,355,main_b1000_tinyimagenet_alexnet_GEN_kp50_seed123,0.5,0.43465,39,False,0.5,alexnet,True,4000,2000,1,0.43835,344,2,0.44305,76,1,8,4,0.5,TINYIMAGENET_alexnet_GEN_accuracy_kp5000_seed123,123,40000,355,42,accuracy,100123,0.43465,1,2.900077059173584,30.19075581431389,10,2.900077059173584,valid,0.43631016457067207,0.505550234474765,0.43465000000000004,100123
GEN,0.4439,356,356,offspring,4,4,TINYIMAGENET,356,main_b1000_tinyimagenet_alexnet_GEN_kp50_seed123,0.5,0.4439,39,True,0.5,alexnet,False,0,0,2,0.43835,344,2,0.44305,76,1,8,5,0.5,TINYIMAGENET_alexnet_GEN_accuracy_kp5000_seed123,123,40000,356,42,accuracy,100123,0.4439,1,2.8476577594280243,30.531473264098167,10,2.8476577594280243,valid,0.44319283581148894,0.49680095704190935,0.4439,100123
GEN,0.4439,356,356,offspring,4,4,TINYIMAGENET,357,main_b1000_tinyimagenet_alexnet_GEN_kp50_seed123,0.5,0.4352,39,False,0.5,alexnet,False,0,0,1,0.43835,344,2,0.44305,76,1,8,6,0.5,TINYIMAGENET_alexnet_GEN_accuracy_kp5000_seed123,123,40000,357,42,accuracy,100123,0.4352,1,2.9004384858131407,30.184819169342518,10,2.9004384858131407,valid,0.4357149360952036,0.4963003897776154,0.43520000000000003,100123
GEN,0.4439,356,356,offspring,4,4,TINYIMAGENET,358,main_b1000_tinyimagenet_alexnet_GEN_kp50_seed123,0.5,0.439,39,False,0.5,alexnet,False,0,0,2,0.43835,344,2,0.44305,76,1,8,7,0.5,TINYIMAGENET_alexnet_GEN_accuracy_kp5000_seed123,123,40000,358,42,accuracy,100123,0.439,1,2.871713505363464,30.5555419921875,10,2.871713505363464,valid,0.4382931841254914,0.49779569313366623,0.43900000000000006,100123
GEN,0.4439,356,356,offspring,4,6,TINYIMAGENET,359,main_b1000_tinyimagenet_alexnet_GEN_kp50_seed123,0.5,0.4332,39,False,0.5,alexnet,False,0,0,1,0.43515,346,4,0.43835,344,2,10,8,0.5,TINYIMAGENET_alexnet_GEN_accuracy_kp5000_seed123,123,40000,359,42,accuracy,100123,0.4332,1,2.918490810918808,30.246700383722782,10,2.918490810918808,valid,0.4337125226812454,0.5068136439001462,0.43320000000000003,100123
GEN,0.4439,356,356,offspring,6,4,TINYIMAGENET,360,main_b1000_tinyimagenet_alexnet_GEN_kp50_seed123,0.5,0.43915,39,False,0.5,alexnet,False,0,0,2,0.43515,346,4,0.43835,344,2,10,9,0.5,TINYIMAGENET_alexnet_GEN_accuracy_kp5000_seed123,123,40000,360,42,accuracy,100123,0.43915,1,2.846977279472351,30.69332544505596,10,2.846977279472351,valid,0.43657992197969875,0.492826364806779,0.43915,100123
GEN,0.4439,356,356,offspring,18,26,TINYIMAGENET,361,main_b1000_tinyimagenet_alexnet_GEN_kp50_seed123,0.5,0.43465,39,False,0.5,alexnet,False,0,0,1,0.4374,351,9,0.44305,76,1,44,10,0.5,TINYIMAGENET_alexnet_GEN_accuracy_kp5000_seed123,123,40000,361,42,accuracy,100123,0.43465,1,2.8615222906589506,30.38233944028616,10,2.8615222906589506,valid,0.43627316290696894,0.4992957340790305,0.43465000000000004,100123
GEN,0.4439,356,356,offspring,6,2,TINYIMAGENET,362,main_b1000_tinyimagenet_alexnet_GEN_kp50_seed123,0.5,0.4393,40,False,0.5,alexnet,False,0,0,1,0.44305,76,1,0.43915,360,9,8,2,0.5,TINYIMAGENET_alexnet_GEN_accuracy_kp5000_seed123,123,40000,362,42,accuracy,100123,0.4393,1,2.851260802745819,30.547036170959473,10,2.851260802745819,valid,0.4385731414627335,0.4975042145248033,0.4393,100123
GEN,0.4439,356,356,offspring,2,6,TINYIMAGENET,363,main_b1000_tinyimagenet_alexnet_GEN_kp50_seed123,0.5,0.4418,40,False,0.5,alexnet,False,0,0,2,0.44305,76,1,0.43915,360,9,8,3,0.5,TINYIMAGENET_alexnet_GEN_accuracy_kp5000_seed123,123,40000,363,42,accuracy,100123,0.4418,1,2.835284489059448,30.400969594717026,10,2.835284489059448,valid,0.4429139567591116,0.49252471571538975,0.44179999999999997,100123
GEN,0.4439,356,356,offspring,2046,1990,TINYIMAGENET,364,main_b1000_tinyimagenet_alexnet_GEN_kp50_seed123,0.5,0.43255,40,False,0.5,alexnet,False,0,0,1,0.443,354,3,0.439,358,7,4036,4,0.5,TINYIMAGENET_alexnet_GEN_accuracy_kp5000_seed123,123,40000,364,42,accuracy,100123,0.43255,1,2.9268195356845856,30.37148655205965,10,2.9268195356845856,valid,0.4338038491031018,0.5118587429911166,0.43254999999999993,100123
GEN,0.4439,356,356,offspring,1990,2046,TINYIMAGENET,365,main_b1000_tinyimagenet_alexnet_GEN_kp50_seed123,0.5,0.4325,40,False,0.5,alexnet,False,0,0,2,0.443,354,3,0.439,358,7,4036,5,0.5,TINYIMAGENET_alexnet_GEN_accuracy_kp5000_seed123,123,40000,365,42,accuracy,100123,0.4325,1,2.9336208287239076,30.502099834382534,10,2.9336208287239076,valid,0.433237170511126,0.5075771967628064,0.4325,100123
GEN,0.4439,356,356,offspring,4,2,TINYIMAGENET,366,main_b1000_tinyimagenet_alexnet_GEN_kp50_seed123,0.5,0.4401,40,False,0.5,alexnet,False,0,0,1,0.4439,356,5,0.43915,360,9,6,6,0.5,TINYIMAGENET_alexnet_GEN_accuracy_kp5000_seed123,123,40000,366,42,accuracy,100123,0.4401,1,2.8299627489566803,30.29929219931364,10,2.8299627489566803,valid,0.440573609659899,0.49870684681528077,0.4401,100123
GEN,0.4439,356,356,offspring,2,4,TINYIMAGENET,367,main_b1000_tinyimagenet_alexnet_GEN_kp50_seed123,0.5,0.4348,40,False,0.5,alexnet,False,0,0,2,0.4439,356,5,0.43915,360,9,6,7,0.5,TINYIMAGENET_alexnet_GEN_accuracy_kp5000_seed123,123,40000,367,42,accuracy,100123,0.4348,1,2.8989253447532652,30.504192240536213,10,2.8989253447532652,valid,0.43560052814051536,0.4984454297656438,0.4348,100123
GEN,0.4439,356,356,offspring,1960,2080,TINYIMAGENET,368,main_b1000_tinyimagenet_alexnet_GEN_kp50_seed123,0.5,0.4388,40,False,0.5,alexnet,False,0,0,1,0.44305,76,1,0.443,354,3,4040,8,0.5,TINYIMAGENET_alexnet_GEN_accuracy_kp5000_seed123,123,40000,368,42,accuracy,100123,0.4388,1,2.8754663063526156,30.388748474419117,10,2.8754663063526156,valid,0.43767315803909296,0.5017643904811802,0.43879999999999997,100123
GEN,0.4439,356,356,offspring,2080,1960,TINYIMAGENET,369,main_b1000_tinyimagenet_alexnet_GEN_kp50_seed123,0.5,0.4282,40,False,0.5,alexnet,False,0,0,2,0.44305,76,1,0.443,354,3,4040,9,0.5,TINYIMAGENET_alexnet_GEN_accuracy_kp5000_seed123,123,40000,369,42,accuracy,100123,0.4282,1,2.926623217010498,30.654808662831783,10,2.926623217010498,valid,0.42752571706364917,0.4985488573805311,0.4282,100123
GEN,0.4439,356,356,offspring,4,0,TINYIMAGENET,370,main_b1000_tinyimagenet_alexnet_GEN_kp50_seed123,0.5,0.44305,40,False,0.5,alexnet,False,0,0,1,0.439,358,7,0.44305,76,1,4,10,0.5,TINYIMAGENET_alexnet_GEN_accuracy_kp5000_seed123,123,40000,370,42,accuracy,100123,0.44305,1,2.831847993707657,30.22296042740345,10,2.831847993707657,valid,0.44382926113752247,0.49280895203292724,0.44305,100123
GEN,0.4439,356,356,offspring,2,4,TINYIMAGENET,371,main_b1000_tinyimagenet_alexnet_GEN_kp50_seed123,0.5,0.44345,41,False,0.5,alexnet,False,0,0,1,0.4418,363,3,0.4439,356,1,6,2,0.5,TINYIMAGENET_alexnet_GEN_accuracy_kp5000_seed123,123,40000,371,42,accuracy,100123,0.44345,1,2.8276581726074217,30.626402601599693,10,2.8276581726074217,valid,0.44482335400195966,0.49576975656062416,0.44345,100123
GEN,0.4439,356,356,offspring,4,2,TINYIMAGENET,372,main_b1000_tinyimagenet_alexnet_GEN_kp50_seed123,0.5,0.4424,41,False,0.5,alexnet,False,0,0,2,0.4418,363,3,0.4439,356,1,6,3,0.5,TINYIMAGENET_alexnet_GEN_accuracy_kp5000_seed123,123,40000,372,42,accuracy,100123,0.4424,1,2.8578208444595337,30.11981789767742,10,2.8578208444595337,valid,0.44143756296845604,0.49629429073936765,0.4424,100123
GEN,0.4439,356,356,offspring,0,2,TINYIMAGENET,373,main_b1000_tinyimagenet_alexnet_GEN_kp50_seed123,0.5,0.4348,41,False,0.5,alexnet,False,0,0,1,0.4348,367,7,0.4439,356,1,2,4,0.5,TINYIMAGENET_alexnet_GEN_accuracy_kp5000_seed123,123,40000,373,42,accuracy,100123,0.4348,1,2.8989253447532652,30.574206210672855,10,2.8989253447532652,valid,0.43560052814051536,0.4984454297656438,0.4348,100123
GEN,0.4439,356,356,offspring,2,0,TINYIMAGENET,374,main_b1000_tinyimagenet_alexnet_GEN_kp50_seed123,0.5,0.4439,41,False,0.5,alexnet,False,0,0,2,0.4348,367,7,0.4439,356,1,2,5,0.5,TINYIMAGENET_alexnet_GEN_accuracy_kp5000_seed123,123,40000,374,42,accuracy,100123,0.4439,1,2.8476577594280243,30.653063520789146,10,2.8476577594280243,valid,0.44319283581148894,0.49680095704190935,0.4439,100123
GEN,0.4439,356,356,offspring,1006,954,TINYIMAGENET,375,main_b1000_tinyimagenet_alexnet_GEN_kp50_seed123,0.5,0.42735,41,False,0.5,alexnet,False,0,0,1,0.4439,356,1,0.4388,368,8,1960,6,0.5,TINYIMAGENET_alexnet_GEN_accuracy_kp5000_seed123,123,40000,375,42,accuracy,100123,0.42735,1,2.918938472747803,30.678548522293568,10,2.918938472747803,valid,0.4280794237647346,0.5017735177117545,0.42735,100123
GEN,0.4439,356,356,offspring,954,1006,TINYIMAGENET,376,main_b1000_tinyimagenet_alexnet_GEN_kp50_seed123,0.5,0.4342,41,False,0.5,alexnet,False,0,0,2,0.4439,356,1,0.4388,368,8,1960,7,0.5,TINYIMAGENET_alexnet_GEN_accuracy_kp5000_seed123,123,40000,376,42,accuracy,100123,0.4342,1,2.88358157286644,30.302160277962685,10,2.88358157286644,valid,0.43157315363402454,0.4849549185288673,0.43420000000000003,100123
GEN,0.44475,377,377,offspring,2,2,TINYIMAGENET,377,main_b1000_tinyimagenet_alexnet_GEN_kp50_seed123,0.5,0.44475,41,True,0.5,alexnet,False,0,0,1,0.4439,356,1,0.44305,370,10,4,8,0.5,TINYIMAGENET_alexnet_GEN_accuracy_kp5000_seed123,123,40000,377,42,accuracy,100123,0.44475,1,2.8294149735927583,30.5898394882679,10,2.8294149735927583,valid,0.44556586796393843,0.49486942368159503,0.4447500000000001,100123
GEN,0.44475,377,377,offspring,2,2,TINYIMAGENET,378,main_b1000_tinyimagenet_alexnet_GEN_kp50_seed123,0.5,0.4424,41,False,0.5,alexnet,False,0,0,2,0.4439,356,1,0.44305,370,10,4,9,0.5,TINYIMAGENET_alexnet_GEN_accuracy_kp5000_seed123,123,40000,378,42,accuracy,100123,0.4424,1,2.8578208444595337,30.36049447208643,10,2.8578208444595337,valid,0.44143756296845604,0.49629429073936765,0.4424,100123
GEN,0.44475,377,377,offspring,6,0,TINYIMAGENET,379,main_b1000_tinyimagenet_alexnet_GEN_kp50_seed123,0.5,0.4418,41,False,0.5,alexnet,False,0,0,1,0.4439,356,1,0.4418,363,3,6,10,0.5,TINYIMAGENET_alexnet_GEN_accuracy_kp5000_seed123,123,40000,379,42,accuracy,100123,0.4418,1,2.835284489059448,30.646290436387062,10,2.835284489059448,valid,0.4429139567591116,0.49252471571538975,0.44179999999999997,100123
GEN,0.44475,377,377,offspring,4,0,TINYIMAGENET,380,main_b1000_tinyimagenet_alexnet_GEN_kp50_seed123,0.5,0.44345,42,False,0.5,alexnet,False,0,0,1,0.4439,356,1,0.44345,371,2,4,2,0.5,TINYIMAGENET_alexnet_GEN_accuracy_kp5000_seed123,123,40000,380,42,accuracy,100123,0.44345,1,2.8276581726074217,30.378800742328167,10,2.8276581726074217,valid,0.44482335400195966,0.49576975656062416,0.44345,100123
GEN,0.44475,377,377,offspring,0,4,TINYIMAGENET,381,main_b1000_tinyimagenet_alexnet_GEN_kp50_seed123,0.5,0.4355,42,False,0.5,alexnet,True,4000,2000,2,0.4439,356,1,0.44345,371,2,4,3,0.5,TINYIMAGENET_alexnet_GEN_accuracy_kp5000_seed123,123,40000,381,42,accuracy,100123,0.4355,1,2.9194187574386596,30.57204955816269,10,2.9194187574386596,valid,0.43799424987320995,0.5076992651450698,0.43550000000000005,100123
GEN,0.44475,377,377,offspring,2,2,TINYIMAGENET,382,main_b1000_tinyimagenet_alexnet_GEN_kp50_seed123,0.5,0.4422,42,False,0.5,alexnet,False,0,0,1,0.44345,371,2,0.4439,356,1,4,4,0.5,TINYIMAGENET_alexnet_GEN_accuracy_kp5000_seed123,123,40000,382,42,accuracy,100123,0.4422,1,2.82262486076355,30.506601683795452,10,2.82262486076355,valid,0.44324292233104756,0.49451374050691216,0.4422,100123
GEN,0.44475,377,377,offspring,2,2,TINYIMAGENET,383,main_b1000_tinyimagenet_alexnet_GEN_kp50_seed123,0.5,0.4386,42,False,0.5,alexnet,False,0,0,2,0.44345,371,2,0.4439,356,1,4,5,0.5,TINYIMAGENET_alexnet_GEN_accuracy_kp5000_seed123,123,40000,383,42,accuracy,100123,0.4386,1,2.8742939515113832,30.28334464877844,10,2.8742939515113832,valid,0.43782265178789254,0.4973308213713882,0.4386,100123
GEN,0.44475,377,377,offspring,2,2,TINYIMAGENET,384,main_b1000_tinyimagenet_alexnet_GEN_kp50_seed123,0.5,0.4386,42,False,0.5,alexnet,False,0,0,1,0.44345,371,2,0.4439,374,5,4,6,0.5,TINYIMAGENET_alexnet_GEN_accuracy_kp5000_seed123,123,40000,384,42,accuracy,100123,0.4386,1,2.8742939515113832,30.629119142889977,10,2.8742939515113832,valid,0.43782265178789254,0.4973308213713882,0.4386,100123
GEN,0.44475,377,377,offspring,2,2,TINYIMAGENET,385,main_b1000_tinyimagenet_alexnet_GEN_kp50_seed123,0.5,0.4422,42,False,0.5,alexnet,False,0,0,2,0.44345,371,2,0.4439,374,5,4,7,0.5,TINYIMAGENET_alexnet_GEN_accuracy_kp5000_seed123,123,40000,385,42,accuracy,100123,0.4422,1,2.82262486076355,30.2786281183362,10,2.82262486076355,valid,0.44324292233104756,0.49451374050691216,0.4422,100123
GEN,0.44475,377,377,offspring,0,2,TINYIMAGENET,386,main_b1000_tinyimagenet_alexnet_GEN_kp50_seed123,0.5,0.4439,42,False,0.5,alexnet,False,0,0,1,0.4439,374,5,0.44475,377,8,2,8,0.5,TINYIMAGENET_alexnet_GEN_accuracy_kp5000_seed123,123,40000,386,42,accuracy,100123,0.4439,1,2.8476577594280243,30.683480992913246,10,2.8476577594280243,valid,0.44319283581148894,0.49680095704190935,0.4439,100123
GEN,0.44475,377,377,offspring,2,0,TINYIMAGENET,387,main_b1000_tinyimagenet_alexnet_GEN_kp50_seed123,0.5,0.44475,42,False,0.5,alexnet,False,0,0,2,0.4439,374,5,0.44475,377,8,2,9,0.5,TINYIMAGENET_alexnet_GEN_accuracy_kp5000_seed123,123,40000,387,42,accuracy,100123,0.44475,1,2.8294149735927583,30.36065834760666,10,2.8294149735927583,valid,0.44556586796393843,0.49486942368159503,0.4447500000000001,100123
GEN,0.44475,377,377,offspring,0,2,TINYIMAGENET,388,main_b1000_tinyimagenet_alexnet_GEN_kp50_seed123,0.5,0.44475,42,False,0.5,alexnet,False,0,0,1,0.44475,377,8,0.4439,374,5,2,10,0.5,TINYIMAGENET_alexnet_GEN_accuracy_kp5000_seed123,123,40000,388,42,accuracy,100123,0.44475,1,2.8294149735927583,31.162676371634007,10,2.8294149735927583,valid,0.44556586796393843,0.49486942368159503,0.4447500000000001,100123
GEN,0.44475,377,377,offspring,2,0,TINYIMAGENET,389,main_b1000_tinyimagenet_alexnet_GEN_kp50_seed123,0.5,0.4422,43,False,0.5,alexnet,False,0,0,1,0.44475,387,9,0.4422,382,4,2,2,0.5,TINYIMAGENET_alexnet_GEN_accuracy_kp5000_seed123,123,40000,389,42,accuracy,100123,0.4422,1,2.82262486076355,30.578174993395805,10,2.82262486076355,valid,0.44324292233104756,0.49451374050691216,0.4422,100123
GEN,0.44475,377,377,offspring,0,2,TINYIMAGENET,390,main_b1000_tinyimagenet_alexnet_GEN_kp50_seed123,0.5,0.44475,43,False,0.5,alexnet,False,0,0,2,0.44475,387,9,0.4422,382,4,2,3,0.5,TINYIMAGENET_alexnet_GEN_accuracy_kp5000_seed123,123,40000,390,42,accuracy,100123,0.44475,1,2.8294149735927583,30.923523984849453,10,2.8294149735927583,valid,0.44556586796393843,0.49486942368159503,0.4447500000000001,100123
GEN,0.44475,377,377,offspring,0,0,TINYIMAGENET,391,main_b1000_tinyimagenet_alexnet_GEN_kp50_seed123,0.5,0.44475,43,False,0.5,alexnet,False,0,0,1,0.44475,388,10,0.44475,377,1,0,4,0.5,TINYIMAGENET_alexnet_GEN_accuracy_kp5000_seed123,123,40000,391,42,accuracy,100123,0.44475,1,2.8294149735927583,30.561246521770954,10,2.8294149735927583,valid,0.44556586796393843,0.49486942368159503,0.4447500000000001,100123
GEN,0.44475,377,377,offspring,0,0,TINYIMAGENET,392,main_b1000_tinyimagenet_alexnet_GEN_kp50_seed123,0.5,0.44475,43,False,0.5,alexnet,False,0,0,2,0.44475,388,10,0.44475,377,1,0,5,0.5,TINYIMAGENET_alexnet_GEN_accuracy_kp5000_seed123,123,40000,392,42,accuracy,100123,0.44475,1,2.8294149735927583,30.886862471699715,10,2.8294149735927583,valid,0.44556586796393843,0.49486942368159503,0.4447500000000001,100123
GEN,0.44475,377,377,offspring,0,0,TINYIMAGENET,393,main_b1000_tinyimagenet_alexnet_GEN_kp50_seed123,0.5,0.44475,43,False,0.5,alexnet,False,0,0,1,0.44475,388,10,0.44475,377,1,0,6,0.5,TINYIMAGENET_alexnet_GEN_accuracy_kp5000_seed123,123,40000,393,42,accuracy,100123,0.44475,1,2.8294149735927583,30.535306461155415,10,2.8294149735927583,valid,0.44556586796393843,0.49486942368159503,0.4447500000000001,100123
GEN,0.44475,377,377,offspring,0,0,TINYIMAGENET,394,main_b1000_tinyimagenet_alexnet_GEN_kp50_seed123,0.5,0.44475,43,False,0.5,alexnet,False,0,0,2,0.44475,388,10,0.44475,377,1,0,7,0.5,TINYIMAGENET_alexnet_GEN_accuracy_kp5000_seed123,123,40000,394,42,accuracy,100123,0.44475,1,2.8294149735927583,30.97538437694311,10,2.8294149735927583,valid,0.44556586796393843,0.49486942368159503,0.4447500000000001,100123
GEN,0.44475,377,377,offspring,4,0,TINYIMAGENET,395,main_b1000_tinyimagenet_alexnet_GEN_kp50_seed123,0.5,0.44345,43,False,0.5,alexnet,False,0,0,1,0.4439,386,8,0.44345,380,2,4,8,0.5,TINYIMAGENET_alexnet_GEN_accuracy_kp5000_seed123,123,40000,395,42,accuracy,100123,0.44345,1,2.8276581726074217,30.52572575956583,10,2.8276581726074217,valid,0.44482335400195966,0.49576975656062416,0.44345,100123
GEN,0.44475,377,377,offspring,0,4,TINYIMAGENET,396,main_b1000_tinyimagenet_alexnet_GEN_kp50_seed123,0.5,0.4439,43,False,0.5,alexnet,False,0,0,2,0.4439,386,8,0.44345,380,2,4,9,0.5,TINYIMAGENET_alexnet_GEN_accuracy_kp5000_seed123,123,40000,396,42,accuracy,100123,0.4439,1,2.8476577594280243,30.794095762073994,10,2.8476577594280243,valid,0.44319283581148894,0.49680095704190935,0.4439,100123
GEN,0.44475,377,377,offspring,0,2,TINYIMAGENET,397,main_b1000_tinyimagenet_alexnet_GEN_kp50_seed123,0.5,0.4422,43,False,0.5,alexnet,False,0,0,1,0.4422,382,4,0.44475,388,10,2,10,0.5,TINYIMAGENET_alexnet_GEN_accuracy_kp5000_seed123,123,40000,397,42,accuracy,100123,0.4422,1,2.82262486076355,32.84949117153883,10,2.82262486076355,valid,0.44324292233104756,0.49451374050691216,0.4422,100123
GEN,0.44475,377,377,offspring,0,0,TINYIMAGENET,398,main_b1000_tinyimagenet_alexnet_GEN_kp50_seed123,0.5,0.4341,44,False,0.5,alexnet,True,4000,2000,1,0.44475,390,3,0.44475,377,1,0,2,0.5,TINYIMAGENET_alexnet_GEN_accuracy_kp5000_seed123,123,40000,398,42,accuracy,100123,0.4341,1,2.8970400077819822,30.93084891885519,10,2.8970400077819822,valid,0.43584201648117665,0.5056037556665548,0.4341,100123
GEN,0.44475,377,377,offspring,0,0,TINYIMAGENET,399,main_b1000_tinyimagenet_alexnet_GEN_kp50_seed123,0.5,0.44475,44,False,0.5,alexnet,False,0,0,2,0.44475,390,3,0.44475,377,1,0,3,0.5,TINYIMAGENET_alexnet_GEN_accuracy_kp5000_seed123,123,40000,399,42,accuracy,100123,0.44475,1,2.8294149735927583,30.55680860579014,10,2.8294149735927583,valid,0.44556586796393843,0.49486942368159503,0.4447500000000001,100123
GEN,0.44475,377,377,offspring,0,0,TINYIMAGENET,400,main_b1000_tinyimagenet_alexnet_GEN_kp50_seed123,0.5,0.44475,44,False,0.5,alexnet,False,0,0,1,0.44475,392,5,0.44475,394,7,0,4,0.5,TINYIMAGENET_alexnet_GEN_accuracy_kp5000_seed123,123,40000,400,42,accuracy,100123,0.44475,1,2.8294149735927583,31.07676701247692,10,2.8294149735927583,valid,0.44556586796393843,0.49486942368159503,0.4447500000000001,100123
GEN,0.44475,377,377,offspring,0,0,TINYIMAGENET,401,main_b1000_tinyimagenet_alexnet_GEN_kp50_seed123,0.5,0.44475,44,False,0.5,alexnet,False,0,0,2,0.44475,392,5,0.44475,394,7,0,5,0.5,TINYIMAGENET_alexnet_GEN_accuracy_kp5000_seed123,123,40000,401,42,accuracy,100123,0.44475,1,2.8294149735927583,30.34922732412815,10,2.8294149735927583,valid,0.44556586796393843,0.49486942368159503,0.4447500000000001,100123
GEN,0.44475,377,377,offspring,0,0,TINYIMAGENET,402,main_b1000_tinyimagenet_alexnet_GEN_kp50_seed123,0.5,0.44475,44,False,0.5,alexnet,False,0,0,1,0.44475,392,5,0.44475,394,7,0,6,0.5,TINYIMAGENET_alexnet_GEN_accuracy_kp5000_seed123,123,40000,402,42,accuracy,100123,0.44475,1,2.8294149735927583,30.511189714074135,10,2.8294149735927583,valid,0.44556586796393843,0.49486942368159503,0.4447500000000001,100123
GEN,0.44475,377,377,offspring,0,0,TINYIMAGENET,403,main_b1000_tinyimagenet_alexnet_GEN_kp50_seed123,0.5,0.44475,44,False,0.5,alexnet,False,0,0,2,0.44475,392,5,0.44475,394,7,0,7,0.5,TINYIMAGENET_alexnet_GEN_accuracy_kp5000_seed123,123,40000,403,42,accuracy,100123,0.44475,1,2.8294149735927583,30.691870354115963,10,2.8294149735927583,valid,0.44556586796393843,0.49486942368159503,0.4447500000000001,100123
GEN,0.44475,377,377,offspring,0,0,TINYIMAGENET,404,main_b1000_tinyimagenet_alexnet_GEN_kp50_seed123,0.5,0.42885,44,False,0.5,alexnet,True,4000,2000,1,0.44475,377,1,0.44475,394,7,0,8,0.5,TINYIMAGENET_alexnet_GEN_accuracy_kp5000_seed123,123,40000,404,42,accuracy,100123,0.42885,1,2.9585798620224,30.39907133579254,10,2.9585798620224,valid,0.42909788436117635,0.505228109690584,0.42884999999999995,100123
GEN,0.44475,377,377,offspring,0,0,TINYIMAGENET,405,main_b1000_tinyimagenet_alexnet_GEN_kp50_seed123,0.5,0.44475,44,False,0.5,alexnet,False,0,0,2,0.44475,377,1,0.44475,394,7,0,9,0.5,TINYIMAGENET_alexnet_GEN_accuracy_kp5000_seed123,123,40000,405,42,accuracy,100123,0.44475,1,2.8294149735927583,30.64563910663128,10,2.8294149735927583,valid,0.44556586796393843,0.49486942368159503,0.4447500000000001,100123
GEN,0.44475,377,377,offspring,0,0,TINYIMAGENET,406,main_b1000_tinyimagenet_alexnet_GEN_kp50_seed123,0.5,0.44475,44,False,0.5,alexnet,False,0,0,1,0.44475,394,7,0.44475,392,5,0,10,0.5,TINYIMAGENET_alexnet_GEN_accuracy_kp5000_seed123,123,40000,406,42,accuracy,100123,0.44475,1,2.8294149735927583,30.31258385628462,10,2.8294149735927583,valid,0.44556586796393843,0.49486942368159503,0.4447500000000001,100123
GEN,0.44475,377,377,offspring,0,0,TINYIMAGENET,407,main_b1000_tinyimagenet_alexnet_GEN_kp50_seed123,0.5,0.44475,45,False,0.5,alexnet,False,0,0,1,0.44475,401,5,0.44475,399,3,0,2,0.5,TINYIMAGENET_alexnet_GEN_accuracy_kp5000_seed123,123,40000,407,42,accuracy,100123,0.44475,1,2.8294149735927583,30.80458513647318,10,2.8294149735927583,valid,0.44556586796393843,0.49486942368159503,0.4447500000000001,100123
GEN,0.44475,377,377,offspring,0,0,TINYIMAGENET,408,main_b1000_tinyimagenet_alexnet_GEN_kp50_seed123,0.5,0.44475,45,False,0.5,alexnet,False,0,0,2,0.44475,401,5,0.44475,399,3,0,3,0.5,TINYIMAGENET_alexnet_GEN_accuracy_kp5000_seed123,123,40000,408,42,accuracy,100123,0.44475,1,2.8294149735927583,30.18212342262268,10,2.8294149735927583,valid,0.44556586796393843,0.49486942368159503,0.4447500000000001,100123
GEN,0.44475,377,377,offspring,0,0,TINYIMAGENET,409,main_b1000_tinyimagenet_alexnet_GEN_kp50_seed123,0.5,0.44475,45,False,0.5,alexnet,False,0,0,1,0.44475,399,3,0.44475,403,7,0,4,0.5,TINYIMAGENET_alexnet_GEN_accuracy_kp5000_seed123,123,40000,409,42,accuracy,100123,0.44475,1,2.8294149735927583,30.678708665072918,10,2.8294149735927583,valid,0.44556586796393843,0.49486942368159503,0.4447500000000001,100123
GEN,0.44475,377,377,offspring,0,0,TINYIMAGENET,410,main_b1000_tinyimagenet_alexnet_GEN_kp50_seed123,0.5,0.44475,45,False,0.5,alexnet,False,0,0,2,0.44475,399,3,0.44475,403,7,0,5,0.5,TINYIMAGENET_alexnet_GEN_accuracy_kp5000_seed123,123,40000,410,42,accuracy,100123,0.44475,1,2.8294149735927583,30.29766744375229,10,2.8294149735927583,valid,0.44556586796393843,0.49486942368159503,0.4447500000000001,100123
GEN,0.44475,377,377,offspring,0,0,TINYIMAGENET,411,main_b1000_tinyimagenet_alexnet_GEN_kp50_seed123,0.5,0.44475,45,False,0.5,alexnet,False,0,0,1,0.44475,400,4,0.44475,399,3,0,6,0.5,TINYIMAGENET_alexnet_GEN_accuracy_kp5000_seed123,123,40000,411,42,accuracy,100123,0.44475,1,2.8294149735927583,30.658977404236794,10,2.8294149735927583,valid,0.44556586796393843,0.49486942368159503,0.4447500000000001,100123
GEN,0.44475,377,377,offspring,0,0,TINYIMAGENET,412,main_b1000_tinyimagenet_alexnet_GEN_kp50_seed123,0.5,0.44475,45,False,0.5,alexnet,False,0,0,2,0.44475,400,4,0.44475,399,3,0,7,0.5,TINYIMAGENET_alexnet_GEN_accuracy_kp5000_seed123,123,40000,412,42,accuracy,100123,0.44475,1,2.8294149735927583,32.131631299853325,10,2.8294149735927583,valid,0.44556586796393843,0.49486942368159503,0.4447500000000001,100123
GEN,0.44475,377,377,offspring,0,0,TINYIMAGENET,413,main_b1000_tinyimagenet_alexnet_GEN_kp50_seed123,0.5,0.44475,45,False,0.5,alexnet,False,0,0,1,0.44475,403,7,0.44475,400,4,0,8,0.5,TINYIMAGENET_alexnet_GEN_accuracy_kp5000_seed123,123,40000,413,42,accuracy,100123,0.44475,1,2.8294149735927583,30.601634241640568,10,2.8294149735927583,valid,0.44556586796393843,0.49486942368159503,0.4447500000000001,100123
GEN,0.44475,377,377,offspring,0,0,TINYIMAGENET,414,main_b1000_tinyimagenet_alexnet_GEN_kp50_seed123,0.5,0.44475,45,False,0.5,alexnet,False,0,0,2,0.44475,403,7,0.44475,400,4,0,9,0.5,TINYIMAGENET_alexnet_GEN_accuracy_kp5000_seed123,123,40000,414,42,accuracy,100123,0.44475,1,2.8294149735927583,30.44280221313238,10,2.8294149735927583,valid,0.44556586796393843,0.49486942368159503,0.4447500000000001,100123
GEN,0.44475,377,377,offspring,0,0,TINYIMAGENET,415,main_b1000_tinyimagenet_alexnet_GEN_kp50_seed123,0.5,0.44475,45,False,0.5,alexnet,False,0,0,1,0.44475,405,9,0.44475,402,6,0,10,0.5,TINYIMAGENET_alexnet_GEN_accuracy_kp5000_seed123,123,40000,415,42,accuracy,100123,0.44475,1,2.8294149735927583,30.6261640265584,10,2.8294149735927583,valid,0.44556586796393843,0.49486942368159503,0.4447500000000001,100123
GEN,0.44475,377,377,offspring,0,0,TINYIMAGENET,416,main_b1000_tinyimagenet_alexnet_GEN_kp50_seed123,0.5,0.44475,46,False,0.5,alexnet,False,0,0,1,0.44475,407,2,0.44475,410,5,0,2,0.5,TINYIMAGENET_alexnet_GEN_accuracy_kp5000_seed123,123,40000,416,42,accuracy,100123,0.44475,1,2.8294149735927583,30.491958379745483,10,2.8294149735927583,valid,0.44556586796393843,0.49486942368159503,0.4447500000000001,100123
GEN,0.44475,377,377,offspring,0,0,TINYIMAGENET,417,main_b1000_tinyimagenet_alexnet_GEN_kp50_seed123,0.5,0.44475,46,False,0.5,alexnet,False,0,0,2,0.44475,407,2,0.44475,410,5,0,3,0.5,TINYIMAGENET_alexnet_GEN_accuracy_kp5000_seed123,123,40000,417,42,accuracy,100123,0.44475,1,2.8294149735927583,30.617527931928635,10,2.8294149735927583,valid,0.44556586796393843,0.49486942368159503,0.4447500000000001,100123
GEN,0.44475,377,377,offspring,0,0,TINYIMAGENET,418,main_b1000_tinyimagenet_alexnet_GEN_kp50_seed123,0.5,0.4275,46,False,0.5,alexnet,True,4000,2000,1,0.44475,415,10,0.44475,412,7,0,4,0.5,TINYIMAGENET_alexnet_GEN_accuracy_kp5000_seed123,123,40000,418,42,accuracy,100123,0.4275,1,2.909874323272705,30.447085492312908,10,2.909874323272705,valid,0.4319749309871954,0.5038573427300331,0.4275,100123
GEN,0.44475,377,377,offspring,0,0,TINYIMAGENET,419,main_b1000_tinyimagenet_alexnet_GEN_kp50_seed123,0.5,0.44475,46,False,0.5,alexnet,False,0,0,2,0.44475,415,10,0.44475,412,7,0,5,0.5,TINYIMAGENET_alexnet_GEN_accuracy_kp5000_seed123,123,40000,419,42,accuracy,100123,0.44475,1,2.8294149735927583,30.503567941486835,10,2.8294149735927583,valid,0.44556586796393843,0.49486942368159503,0.4447500000000001,100123
GEN,0.44475,377,377,offspring,0,0,TINYIMAGENET,420,main_b1000_tinyimagenet_alexnet_GEN_kp50_seed123,0.5,0.44475,46,False,0.5,alexnet,False,0,0,1,0.44475,377,1,0.44475,410,5,0,6,0.5,TINYIMAGENET_alexnet_GEN_accuracy_kp5000_seed123,123,40000,420,42,accuracy,100123,0.44475,1,2.8294149735927583,30.6877710968256,10,2.8294149735927583,valid,0.44556586796393843,0.49486942368159503,0.4447500000000001,100123
GEN,0.44475,377,377,offspring,0,0,TINYIMAGENET,421,main_b1000_tinyimagenet_alexnet_GEN_kp50_seed123,0.5,0.44475,46,False,0.5,alexnet,False,0,0,2,0.44475,377,1,0.44475,410,5,0,7,0.5,TINYIMAGENET_alexnet_GEN_accuracy_kp5000_seed123,123,40000,421,42,accuracy,100123,0.44475,1,2.8294149735927583,30.523354947566986,10,2.8294149735927583,valid,0.44556586796393843,0.49486942368159503,0.4447500000000001,100123
GEN,0.44475,377,377,offspring,0,0,TINYIMAGENET,422,main_b1000_tinyimagenet_alexnet_GEN_kp50_seed123,0.5,0.44475,46,False,0.5,alexnet,False,0,0,1,0.44475,412,7,0.44475,413,8,0,8,0.5,TINYIMAGENET_alexnet_GEN_accuracy_kp5000_seed123,123,40000,422,42,accuracy,100123,0.44475,1,2.8294149735927583,30.635322391986847,10,2.8294149735927583,valid,0.44556586796393843,0.49486942368159503,0.4447500000000001,100123
GEN,0.44475,377,377,offspring,0,0,TINYIMAGENET,423,main_b1000_tinyimagenet_alexnet_GEN_kp50_seed123,0.5,0.44475,46,False,0.5,alexnet,False,0,0,2,0.44475,412,7,0.44475,413,8,0,9,0.5,TINYIMAGENET_alexnet_GEN_accuracy_kp5000_seed123,123,40000,423,42,accuracy,100123,0.44475,1,2.8294149735927583,30.279919527471066,10,2.8294149735927583,valid,0.44556586796393843,0.49486942368159503,0.4447500000000001,100123
GEN,0.44475,377,377,offspring,0,0,TINYIMAGENET,424,main_b1000_tinyimagenet_alexnet_GEN_kp50_seed123,0.5,0.44475,46,False,0.5,alexnet,False,0,0,1,0.44475,413,8,0.44475,410,5,0,10,0.5,TINYIMAGENET_alexnet_GEN_accuracy_kp5000_seed123,123,40000,424,42,accuracy,100123,0.44475,1,2.8294149735927583,32.657519191503525,10,2.8294149735927583,valid,0.44556586796393843,0.49486942368159503,0.4447500000000001,100123
GEN,0.44475,377,377,offspring,0,0,TINYIMAGENET,425,main_b1000_tinyimagenet_alexnet_GEN_kp50_seed123,0.5,0.44475,47,False,0.5,alexnet,False,0,0,1,0.44475,420,6,0.44475,377,1,0,2,0.5,TINYIMAGENET_alexnet_GEN_accuracy_kp5000_seed123,123,40000,425,42,accuracy,100123,0.44475,1,2.8294149735927583,30.219584338366985,10,2.8294149735927583,valid,0.44556586796393843,0.49486942368159503,0.4447500000000001,100123
GEN,0.44475,377,377,offspring,0,0,TINYIMAGENET,426,main_b1000_tinyimagenet_alexnet_GEN_kp50_seed123,0.5,0.44475,47,False,0.5,alexnet,False,0,0,2,0.44475,420,6,0.44475,377,1,0,3,0.5,TINYIMAGENET_alexnet_GEN_accuracy_kp5000_seed123,123,40000,426,42,accuracy,100123,0.44475,1,2.8294149735927583,30.767576046288013,10,2.8294149735927583,valid,0.44556586796393843,0.49486942368159503,0.4447500000000001,100123
GEN,0.44475,377,377,offspring,0,0,TINYIMAGENET,427,main_b1000_tinyimagenet_alexnet_GEN_kp50_seed123,0.5,0.44475,47,False,0.5,alexnet,False,0,0,1,0.44475,423,9,0.44475,421,7,0,4,0.5,TINYIMAGENET_alexnet_GEN_accuracy_kp5000_seed123,123,40000,427,42,accuracy,100123,0.44475,1,2.8294149735927583,30.3029772862792,10,2.8294149735927583,valid,0.44556586796393843,0.49486942368159503,0.4447500000000001,100123
GEN,0.44475,377,377,offspring,0,0,TINYIMAGENET,428,main_b1000_tinyimagenet_alexnet_GEN_kp50_seed123,0.5,0.44475,47,False,0.5,alexnet,False,0,0,2,0.44475,423,9,0.44475,421,7,0,5,0.5,TINYIMAGENET_alexnet_GEN_accuracy_kp5000_seed123,123,40000,428,42,accuracy,100123,0.44475,1,2.8294149735927583,30.72480170428753,10,2.8294149735927583,valid,0.44556586796393843,0.49486942368159503,0.4447500000000001,100123
GEN,0.44475,377,377,offspring,0,0,TINYIMAGENET,429,main_b1000_tinyimagenet_alexnet_GEN_kp50_seed123,0.5,0.44475,47,False,0.5,alexnet,False,0,0,1,0.44475,417,3,0.44475,419,5,0,6,0.5,TINYIMAGENET_alexnet_GEN_accuracy_kp5000_seed123,123,40000,429,42,accuracy,100123,0.44475,1,2.8294149735927583,30.267939768731594,10,2.8294149735927583,valid,0.44556586796393843,0.49486942368159503,0.4447500000000001,100123
GEN,0.44475,377,377,offspring,0,0,TINYIMAGENET,430,main_b1000_tinyimagenet_alexnet_GEN_kp50_seed123,0.5,0.44475,47,False,0.5,alexnet,False,0,0,2,0.44475,417,3,0.44475,419,5,0,7,0.5,TINYIMAGENET_alexnet_GEN_accuracy_kp5000_seed123,123,40000,430,42,accuracy,100123,0.44475,1,2.8294149735927583,30.62207120656967,10,2.8294149735927583,valid,0.44556586796393843,0.49486942368159503,0.4447500000000001,100123
GEN,0.44475,377,377,offspring,0,0,TINYIMAGENET,431,main_b1000_tinyimagenet_alexnet_GEN_kp50_seed123,0.5,0.44475,47,False,0.5,alexnet,False,0,0,1,0.44475,417,3,0.44475,422,8,0,8,0.5,TINYIMAGENET_alexnet_GEN_accuracy_kp5000_seed123,123,40000,431,42,accuracy,100123,0.44475,1,2.8294149735927583,30.383286714553833,10,2.8294149735927583,valid,0.44556586796393843,0.49486942368159503,0.4447500000000001,100123
GEN,0.44475,377,377,offspring,0,0,TINYIMAGENET,432,main_b1000_tinyimagenet_alexnet_GEN_kp50_seed123,0.5,0.44475,47,False,0.5,alexnet,False,0,0,2,0.44475,417,3,0.44475,422,8,0,9,0.5,TINYIMAGENET_alexnet_GEN_accuracy_kp5000_seed123,123,40000,432,42,accuracy,100123,0.44475,1,2.8294149735927583,30.719696454703808,10,2.8294149735927583,valid,0.44556586796393843,0.49486942368159503,0.4447500000000001,100123
GEN,0.44475,377,377,offspring,0,0,TINYIMAGENET,433,main_b1000_tinyimagenet_alexnet_GEN_kp50_seed123,0.5,0.44475,47,False,0.5,alexnet,False,0,0,1,0.44475,423,9,0.44475,417,3,0,10,0.5,TINYIMAGENET_alexnet_GEN_accuracy_kp5000_seed123,123,40000,433,42,accuracy,100123,0.44475,1,2.8294149735927583,30.352100409567356,10,2.8294149735927583,valid,0.44556586796393843,0.49486942368159503,0.4447500000000001,100123
GEN,0.44475,377,377,offspring,0,0,TINYIMAGENET,434,main_b1000_tinyimagenet_alexnet_GEN_kp50_seed123,0.5,0.44475,48,False,0.5,alexnet,False,0,0,1,0.44475,429,6,0.44475,430,7,0,2,0.5,TINYIMAGENET_alexnet_GEN_accuracy_kp5000_seed123,123,40000,434,42,accuracy,100123,0.44475,1,2.8294149735927583,30.478426076471806,10,2.8294149735927583,valid,0.44556586796393843,0.49486942368159503,0.4447500000000001,100123
GEN,0.44475,377,377,offspring,0,0,TINYIMAGENET,435,main_b1000_tinyimagenet_alexnet_GEN_kp50_seed123,0.5,0.44475,48,False,0.5,alexnet,False,0,0,2,0.44475,429,6,0.44475,430,7,0,3,0.5,TINYIMAGENET_alexnet_GEN_accuracy_kp5000_seed123,123,40000,435,42,accuracy,100123,0.44475,1,2.8294149735927583,30.58761813491583,10,2.8294149735927583,valid,0.44556586796393843,0.49486942368159503,0.4447500000000001,100123
GEN,0.44475,377,377,offspring,0,0,TINYIMAGENET,436,main_b1000_tinyimagenet_alexnet_GEN_kp50_seed123,0.5,0.44475,48,False,0.5,alexnet,False,0,0,1,0.44475,426,3,0.44475,425,2,0,4,0.5,TINYIMAGENET_alexnet_GEN_accuracy_kp5000_seed123,123,40000,436,42,accuracy,100123,0.44475,1,2.8294149735927583,30.607626125216484,10,2.8294149735927583,valid,0.44556586796393843,0.49486942368159503,0.4447500000000001,100123
GEN,0.44475,377,377,offspring,0,0,TINYIMAGENET,437,main_b1000_tinyimagenet_alexnet_GEN_kp50_seed123,0.5,0.44475,48,False,0.5,alexnet,False,0,0,2,0.44475,426,3,0.44475,425,2,0,5,0.5,TINYIMAGENET_alexnet_GEN_accuracy_kp5000_seed123,123,40000,437,42,accuracy,100123,0.44475,1,2.8294149735927583,30.82448986172676,10,2.8294149735927583,valid,0.44556586796393843,0.49486942368159503,0.4447500000000001,100123
GEN,0.44475,377,377,offspring,0,0,TINYIMAGENET,438,main_b1000_tinyimagenet_alexnet_GEN_kp50_seed123,0.5,0.44475,48,False,0.5,alexnet,False,0,0,1,0.44475,426,3,0.44475,377,1,0,6,0.5,TINYIMAGENET_alexnet_GEN_accuracy_kp5000_seed123,123,40000,438,42,accuracy,100123,0.44475,1,2.8294149735927583,30.296819008886814,10,2.8294149735927583,valid,0.44556586796393843,0.49486942368159503,0.4447500000000001,100123
GEN,0.44475,377,377,offspring,0,0,TINYIMAGENET,439,main_b1000_tinyimagenet_alexnet_GEN_kp50_seed123,0.5,0.44475,48,False,0.5,alexnet,False,0,0,2,0.44475,426,3,0.44475,377,1,0,7,0.5,TINYIMAGENET_alexnet_GEN_accuracy_kp5000_seed123,123,40000,439,42,accuracy,100123,0.44475,1,2.8294149735927583,30.67600167542696,10,2.8294149735927583,valid,0.44556586796393843,0.49486942368159503,0.4447500000000001,100123
GEN,0.44475,377,377,offspring,0,0,TINYIMAGENET,440,main_b1000_tinyimagenet_alexnet_GEN_kp50_seed123,0.5,0.44475,48,False,0.5,alexnet,False,0,0,1,0.44475,427,4,0.44475,426,3,0,8,0.5,TINYIMAGENET_alexnet_GEN_accuracy_kp5000_seed123,123,40000,440,42,accuracy,100123,0.44475,1,2.8294149735927583,30.362345844507217,10,2.8294149735927583,valid,0.44556586796393843,0.49486942368159503,0.4447500000000001,100123
GEN,0.44475,377,377,offspring,0,0,TINYIMAGENET,441,main_b1000_tinyimagenet_alexnet_GEN_kp50_seed123,0.5,0.44475,48,False,0.5,alexnet,False,0,0,2,0.44475,427,4,0.44475,426,3,0,9,0.5,TINYIMAGENET_alexnet_GEN_accuracy_kp5000_seed123,123,40000,441,42,accuracy,100123,0.44475,1,2.8294149735927583,30.687352791428566,10,2.8294149735927583,valid,0.44556586796393843,0.49486942368159503,0.4447500000000001,100123
GEN,0.44475,377,377,offspring,0,0,TINYIMAGENET,442,main_b1000_tinyimagenet_alexnet_GEN_kp50_seed123,0.5,0.44475,48,False,0.5,alexnet,False,0,0,1,0.44475,425,2,0.44475,429,6,0,10,0.5,TINYIMAGENET_alexnet_GEN_accuracy_kp5000_seed123,123,40000,442,42,accuracy,100123,0.44475,1,2.8294149735927583,30.183193407952785,10,2.8294149735927583,valid,0.44556586796393843,0.49486942368159503,0.4447500000000001,100123
GEN,0.44475,377,377,offspring,0,0,TINYIMAGENET,443,main_b1000_tinyimagenet_alexnet_GEN_kp50_seed123,0.5,0.44475,49,False,0.5,alexnet,False,0,0,1,0.44475,440,8,0.44475,442,10,0,2,0.5,TINYIMAGENET_alexnet_GEN_accuracy_kp5000_seed123,123,40000,443,42,accuracy,100123,0.44475,1,2.8294149735927583,30.549969382584095,10,2.8294149735927583,valid,0.44556586796393843,0.49486942368159503,0.4447500000000001,100123
GEN,0.44475,377,377,offspring,0,0,TINYIMAGENET,444,main_b1000_tinyimagenet_alexnet_GEN_kp50_seed123,0.5,0.44475,49,False,0.5,alexnet,False,0,0,2,0.44475,440,8,0.44475,442,10,0,3,0.5,TINYIMAGENET_alexnet_GEN_accuracy_kp5000_seed123,123,40000,444,42,accuracy,100123,0.44475,1,2.8294149735927583,30.28193322569132,10,2.8294149735927583,valid,0.44556586796393843,0.49486942368159503,0.4447500000000001,100123
GEN,0.44475,377,377,offspring,0,0,TINYIMAGENET,445,main_b1000_tinyimagenet_alexnet_GEN_kp50_seed123,0.5,0.44475,49,False,0.5,alexnet,False,0,0,1,0.44475,377,1,0.44475,434,2,0,4,0.5,TINYIMAGENET_alexnet_GEN_accuracy_kp5000_seed123,123,40000,445,42,accuracy,100123,0.44475,1,2.8294149735927583,30.71064618974924,10,2.8294149735927583,valid,0.44556586796393843,0.49486942368159503,0.4447500000000001,100123
GEN,0.44475,377,377,offspring,0,0,TINYIMAGENET,446,main_b1000_tinyimagenet_alexnet_GEN_kp50_seed123,0.5,0.44475,49,False,0.5,alexnet,False,0,0,2,0.44475,377,1,0.44475,434,2,0,5,0.5,TINYIMAGENET_alexnet_GEN_accuracy_kp5000_seed123,123,40000,446,42,accuracy,100123,0.44475,1,2.8294149735927583,30.26135779172182,10,2.8294149735927583,valid,0.44556586796393843,0.49486942368159503,0.4447500000000001,100123
GEN,0.44475,377,377,offspring,0,0,TINYIMAGENET,447,main_b1000_tinyimagenet_alexnet_GEN_kp50_seed123,0.5,0.44475,49,False,0.5,alexnet,False,0,0,1,0.44475,438,6,0.44475,435,3,0,6,0.5,TINYIMAGENET_alexnet_GEN_accuracy_kp5000_seed123,123,40000,447,42,accuracy,100123,0.44475,1,2.8294149735927583,30.581809729337692,10,2.8294149735927583,valid,0.44556586796393843,0.49486942368159503,0.4447500000000001,100123
GEN,0.44475,377,377,offspring,0,0,TINYIMAGENET,448,main_b1000_tinyimagenet_alexnet_GEN_kp50_seed123,0.5,0.44475,49,False,0.5,alexnet,False,0,0,2,0.44475,438,6,0.44475,435,3,0,7,0.5,TINYIMAGENET_alexnet_GEN_accuracy_kp5000_seed123,123,40000,448,42,accuracy,100123,0.44475,1,2.8294149735927583,30.22540022432804,10,2.8294149735927583,valid,0.44556586796393843,0.49486942368159503,0.4447500000000001,100123
GEN,0.44475,377,377,offspring,0,0,TINYIMAGENET,449,main_b1000_tinyimagenet_alexnet_GEN_kp50_seed123,0.5,0.42915,49,False,0.5,alexnet,True,4000,2000,1,0.44475,438,6,0.44475,441,9,0,8,0.5,TINYIMAGENET_alexnet_GEN_accuracy_kp5000_seed123,123,40000,449,42,accuracy,100123,0.42915,1,2.910722348022461,30.751038007438183,10,2.910722348022461,valid,0.4318245979815778,0.5007913466642229,0.4291500000000001,100123
GEN,0.44475,377,377,offspring,0,0,TINYIMAGENET,450,main_b1000_tinyimagenet_alexnet_GEN_kp50_seed123,0.5,0.44475,49,False,0.5,alexnet,False,0,0,2,0.44475,438,6,0.44475,441,9,0,9,0.5,TINYIMAGENET_alexnet_GEN_accuracy_kp5000_seed123,123,40000,450,42,accuracy,100123,0.44475,1,2.8294149735927583,30.31438946723938,10,2.8294149735927583,valid,0.44556586796393843,0.49486942368159503,0.4447500000000001,100123
GEN,0.44475,377,377,offspring,0,0,TINYIMAGENET,451,main_b1000_tinyimagenet_alexnet_GEN_kp50_seed123,0.5,0.44475,49,False,0.5,alexnet,False,0,0,1,0.44475,440,8,0.44475,442,10,0,10,0.5,TINYIMAGENET_alexnet_GEN_accuracy_kp5000_seed123,123,40000,451,42,accuracy,100123,0.44475,1,2.8294149735927583,30.766083560884,10,2.8294149735927583,valid,0.44556586796393843,0.49486942368159503,0.4447500000000001,100123
GEN,0.44475,377,377,offspring,0,0,TINYIMAGENET,452,main_b1000_tinyimagenet_alexnet_GEN_kp50_seed123,0.5,0.44475,50,False,0.5,alexnet,False,0,0,1,0.44475,451,10,0.44475,450,9,0,2,0.5,TINYIMAGENET_alexnet_GEN_accuracy_kp5000_seed123,123,40000,452,42,accuracy,100123,0.44475,1,2.8294149735927583,30.334212616086006,10,2.8294149735927583,valid,0.44556586796393843,0.49486942368159503,0.4447500000000001,100123
GEN,0.44475,377,377,offspring,0,0,TINYIMAGENET,453,main_b1000_tinyimagenet_alexnet_GEN_kp50_seed123,0.5,0.44475,50,False,0.5,alexnet,False,0,0,2,0.44475,451,10,0.44475,450,9,0,3,0.5,TINYIMAGENET_alexnet_GEN_accuracy_kp5000_seed123,123,40000,453,42,accuracy,100123,0.44475,1,2.8294149735927583,30.606187485158443,10,2.8294149735927583,valid,0.44556586796393843,0.49486942368159503,0.4447500000000001,100123
GEN,0.44475,377,377,offspring,0,0,TINYIMAGENET,454,main_b1000_tinyimagenet_alexnet_GEN_kp50_seed123,0.5,0.44475,50,False,0.5,alexnet,False,0,0,1,0.44475,447,6,0.44475,444,3,0,4,0.5,TINYIMAGENET_alexnet_GEN_accuracy_kp5000_seed123,123,40000,454,42,accuracy,100123,0.44475,1,2.8294149735927583,30.318085864186287,10,2.8294149735927583,valid,0.44556586796393843,0.49486942368159503,0.4447500000000001,100123
GEN,0.44475,377,377,offspring,0,0,TINYIMAGENET,455,main_b1000_tinyimagenet_alexnet_GEN_kp50_seed123,0.5,0.44475,50,False,0.5,alexnet,False,0,0,2,0.44475,447,6,0.44475,444,3,0,5,0.5,TINYIMAGENET_alexnet_GEN_accuracy_kp5000_seed123,123,40000,455,42,accuracy,100123,0.44475,1,2.8294149735927583,30.568052373826504,10,2.8294149735927583,valid,0.44556586796393843,0.49486942368159503,0.4447500000000001,100123
GEN,0.44475,377,377,offspring,0,0,TINYIMAGENET,456,main_b1000_tinyimagenet_alexnet_GEN_kp50_seed123,0.5,0.44475,50,False,0.5,alexnet,False,0,0,1,0.44475,447,6,0.44475,443,2,0,6,0.5,TINYIMAGENET_alexnet_GEN_accuracy_kp5000_seed123,123,40000,456,42,accuracy,100123,0.44475,1,2.8294149735927583,30.294894568622112,10,2.8294149735927583,valid,0.44556586796393843,0.49486942368159503,0.4447500000000001,100123
GEN,0.44475,377,377,offspring,0,0,TINYIMAGENET,457,main_b1000_tinyimagenet_alexnet_GEN_kp50_seed123,0.5,0.44475,50,False,0.5,alexnet,False,0,0,2,0.44475,447,6,0.44475,443,2,0,7,0.5,TINYIMAGENET_alexnet_GEN_accuracy_kp5000_seed123,123,40000,457,42,accuracy,100123,0.44475,1,2.8294149735927583,30.70518846064806,10,2.8294149735927583,valid,0.44556586796393843,0.49486942368159503,0.4447500000000001,100123
GEN,0.44475,377,377,offspring,0,0,TINYIMAGENET,458,main_b1000_tinyimagenet_alexnet_GEN_kp50_seed123,0.5,0.44475,50,False,0.5,alexnet,False,0,0,1,0.44475,448,7,0.44475,377,1,0,8,0.5,TINYIMAGENET_alexnet_GEN_accuracy_kp5000_seed123,123,40000,458,42,accuracy,100123,0.44475,1,2.8294149735927583,30.307536527514458,10,2.8294149735927583,valid,0.44556586796393843,0.49486942368159503,0.4447500000000001,100123
GEN,0.44475,377,377,offspring,0,0,TINYIMAGENET,459,main_b1000_tinyimagenet_alexnet_GEN_kp50_seed123,0.5,0.44475,50,False,0.5,alexnet,False,0,0,2,0.44475,448,7,0.44475,377,1,0,9,0.5,TINYIMAGENET_alexnet_GEN_accuracy_kp5000_seed123,123,40000,459,42,accuracy,100123,0.44475,1,2.8294149735927583,31.036384113132954,10,2.8294149735927583,valid,0.44556586796393843,0.49486942368159503,0.4447500000000001,100123
GEN,0.44475,377,377,offspring,0,0,TINYIMAGENET,460,main_b1000_tinyimagenet_alexnet_GEN_kp50_seed123,0.5,0.44475,50,False,0.5,alexnet,False,0,0,1,0.44475,447,6,0.44475,445,4,0,10,0.5,TINYIMAGENET_alexnet_GEN_accuracy_kp5000_seed123,123,40000,460,42,accuracy,100123,0.44475,1,2.8294149735927583,30.395356871187687,10,2.8294149735927583,valid,0.44556586796393843,0.49486942368159503,0.4447500000000001,100123
GEN,0.44475,377,377,offspring,0,0,TINYIMAGENET,461,main_b1000_tinyimagenet_alexnet_GEN_kp50_seed123,0.5,0.44475,51,False,0.5,alexnet,False,0,0,1,0.44475,377,1,0.44475,454,4,0,2,0.5,TINYIMAGENET_alexnet_GEN_accuracy_kp5000_seed123,123,40000,461,42,accuracy,100123,0.44475,1,2.8294149735927583,30.689266875386238,10,2.8294149735927583,valid,0.44556586796393843,0.49486942368159503,0.4447500000000001,100123
GEN,0.44475,377,377,offspring,0,0,TINYIMAGENET,462,main_b1000_tinyimagenet_alexnet_GEN_kp50_seed123,0.5,0.44475,51,False,0.5,alexnet,False,0,0,2,0.44475,377,1,0.44475,454,4,0,3,0.5,TINYIMAGENET_alexnet_GEN_accuracy_kp5000_seed123,123,40000,462,42,accuracy,100123,0.44475,1,2.8294149735927583,30.351940095424652,10,2.8294149735927583,valid,0.44556586796393843,0.49486942368159503,0.4447500000000001,100123
GEN,0.44475,377,377,offspring,0,0,TINYIMAGENET,463,main_b1000_tinyimagenet_alexnet_GEN_kp50_seed123,0.5,0.44475,51,False,0.5,alexnet,False,0,0,1,0.44475,377,1,0.44475,457,7,0,4,0.5,TINYIMAGENET_alexnet_GEN_accuracy_kp5000_seed123,123,40000,463,42,accuracy,100123,0.44475,1,2.8294149735927583,30.50722784548998,10,2.8294149735927583,valid,0.44556586796393843,0.49486942368159503,0.4447500000000001,100123
GEN,0.44475,377,377,offspring,0,0,TINYIMAGENET,464,main_b1000_tinyimagenet_alexnet_GEN_kp50_seed123,0.5,0.44475,51,False,0.5,alexnet,False,0,0,2,0.44475,377,1,0.44475,457,7,0,5,0.5,TINYIMAGENET_alexnet_GEN_accuracy_kp5000_seed123,123,40000,464,42,accuracy,100123,0.44475,1,2.8294149735927583,30.452317878603935,10,2.8294149735927583,valid,0.44556586796393843,0.49486942368159503,0.4447500000000001,100123
GEN,0.44475,377,377,offspring,0,0,TINYIMAGENET,465,main_b1000_tinyimagenet_alexnet_GEN_kp50_seed123,0.5,0.44475,51,False,0.5,alexnet,False,0,0,1,0.44475,460,10,0.44475,452,2,0,6,0.5,TINYIMAGENET_alexnet_GEN_accuracy_kp5000_seed123,123,40000,465,42,accuracy,100123,0.44475,1,2.8294149735927583,30.5367638617754,10,2.8294149735927583,valid,0.44556586796393843,0.49486942368159503,0.4447500000000001,100123
GEN,0.44475,377,377,offspring,0,0,TINYIMAGENET,466,main_b1000_tinyimagenet_alexnet_GEN_kp50_seed123,0.5,0.44475,51,False,0.5,alexnet,False,0,0,2,0.44475,460,10,0.44475,452,2,0,7,0.5,TINYIMAGENET_alexnet_GEN_accuracy_kp5000_seed123,123,40000,466,42,accuracy,100123,0.44475,1,2.8294149735927583,30.470018565654755,10,2.8294149735927583,valid,0.44556586796393843,0.49486942368159503,0.4447500000000001,100123
GEN,0.44475,377,377,offspring,0,0,TINYIMAGENET,467,main_b1000_tinyimagenet_alexnet_GEN_kp50_seed123,0.5,0.44475,51,False,0.5,alexnet,False,0,0,1,0.44475,453,3,0.44475,457,7,0,8,0.5,TINYIMAGENET_alexnet_GEN_accuracy_kp5000_seed123,123,40000,467,42,accuracy,100123,0.44475,1,2.8294149735927583,30.36889909952879,10,2.8294149735927583,valid,0.44556586796393843,0.49486942368159503,0.4447500000000001,100123
GEN,0.44475,377,377,offspring,0,0,TINYIMAGENET,468,main_b1000_tinyimagenet_alexnet_GEN_kp50_seed123,0.5,0.44475,51,False,0.5,alexnet,False,0,0,2,0.44475,453,3,0.44475,457,7,0,9,0.5,TINYIMAGENET_alexnet_GEN_accuracy_kp5000_seed123,123,40000,468,42,accuracy,100123,0.44475,1,2.8294149735927583,30.476737074553967,10,2.8294149735927583,valid,0.44556586796393843,0.49486942368159503,0.4447500000000001,100123
GEN,0.44475,377,377,offspring,0,0,TINYIMAGENET,469,main_b1000_tinyimagenet_alexnet_GEN_kp50_seed123,0.5,0.44475,51,False,0.5,alexnet,False,0,0,1,0.44475,452,2,0.44475,455,5,0,10,0.5,TINYIMAGENET_alexnet_GEN_accuracy_kp5000_seed123,123,40000,469,42,accuracy,100123,0.44475,1,2.8294149735927583,30.44247855246067,10,2.8294149735927583,valid,0.44556586796393843,0.49486942368159503,0.4447500000000001,100123
GEN,0.44475,377,377,offspring,0,0,TINYIMAGENET,470,main_b1000_tinyimagenet_alexnet_GEN_kp50_seed123,0.5,0.44475,52,False,0.5,alexnet,False,0,0,1,0.44475,468,9,0.44475,464,5,0,2,0.5,TINYIMAGENET_alexnet_GEN_accuracy_kp5000_seed123,123,40000,470,42,accuracy,100123,0.44475,1,2.8294149735927583,30.548676401376724,10,2.8294149735927583,valid,0.44556586796393843,0.49486942368159503,0.4447500000000001,100123
GEN,0.44475,377,377,offspring,0,0,TINYIMAGENET,471,main_b1000_tinyimagenet_alexnet_GEN_kp50_seed123,0.5,0.44475,52,False,0.5,alexnet,False,0,0,2,0.44475,468,9,0.44475,464,5,0,3,0.5,TINYIMAGENET_alexnet_GEN_accuracy_kp5000_seed123,123,40000,471,42,accuracy,100123,0.44475,1,2.8294149735927583,30.405843257904053,10,2.8294149735927583,valid,0.44556586796393843,0.49486942368159503,0.4447500000000001,100123
GEN,0.44475,377,377,offspring,0,0,TINYIMAGENET,472,main_b1000_tinyimagenet_alexnet_GEN_kp50_seed123,0.5,0.44475,52,False,0.5,alexnet,False,0,0,1,0.44475,469,10,0.44475,461,2,0,4,0.5,TINYIMAGENET_alexnet_GEN_accuracy_kp5000_seed123,123,40000,472,42,accuracy,100123,0.44475,1,2.8294149735927583,30.731532722711563,10,2.8294149735927583,valid,0.44556586796393843,0.49486942368159503,0.4447500000000001,100123
GEN,0.44475,377,377,offspring,0,0,TINYIMAGENET,473,main_b1000_tinyimagenet_alexnet_GEN_kp50_seed123,0.5,0.44475,52,False,0.5,alexnet,False,0,0,2,0.44475,469,10,0.44475,461,2,0,5,0.5,TINYIMAGENET_alexnet_GEN_accuracy_kp5000_seed123,123,40000,473,42,accuracy,100123,0.44475,1,2.8294149735927583,30.24893409013748,10,2.8294149735927583,valid,0.44556586796393843,0.49486942368159503,0.4447500000000001,100123
GEN,0.44475,377,377,offspring,0,0,TINYIMAGENET,474,main_b1000_tinyimagenet_alexnet_GEN_kp50_seed123,0.5,0.44475,52,False,0.5,alexnet,False,0,0,1,0.44475,464,5,0.44475,377,1,0,6,0.5,TINYIMAGENET_alexnet_GEN_accuracy_kp5000_seed123,123,40000,474,42,accuracy,100123,0.44475,1,2.8294149735927583,30.734313420951366,10,2.8294149735927583,valid,0.44556586796393843,0.49486942368159503,0.4447500000000001,100123
GEN,0.44475,377,377,offspring,0,0,TINYIMAGENET,475,main_b1000_tinyimagenet_alexnet_GEN_kp50_seed123,0.5,0.44475,52,False,0.5,alexnet,False,0,0,2,0.44475,464,5,0.44475,377,1,0,7,0.5,TINYIMAGENET_alexnet_GEN_accuracy_kp5000_seed123,123,40000,475,42,accuracy,100123,0.44475,1,2.8294149735927583,30.25738249719143,10,2.8294149735927583,valid,0.44556586796393843,0.49486942368159503,0.4447500000000001,100123
GEN,0.44475,377,377,offspring,0,0,TINYIMAGENET,476,main_b1000_tinyimagenet_alexnet_GEN_kp50_seed123,0.5,0.44475,52,False,0.5,alexnet,False,0,0,1,0.44475,469,10,0.44475,465,6,0,8,0.5,TINYIMAGENET_alexnet_GEN_accuracy_kp5000_seed123,123,40000,476,42,accuracy,100123,0.44475,1,2.8294149735927583,30.73835514485836,10,2.8294149735927583,valid,0.44556586796393843,0.49486942368159503,0.4447500000000001,100123
GEN,0.44475,377,377,offspring,0,0,TINYIMAGENET,477,main_b1000_tinyimagenet_alexnet_GEN_kp50_seed123,0.5,0.44475,52,False,0.5,alexnet,False,0,0,2,0.44475,469,10,0.44475,465,6,0,9,0.5,TINYIMAGENET_alexnet_GEN_accuracy_kp5000_seed123,123,40000,477,42,accuracy,100123,0.44475,1,2.8294149735927583,30.257038980722427,10,2.8294149735927583,valid,0.44556586796393843,0.49486942368159503,0.4447500000000001,100123
GEN,0.44475,377,377,offspring,0,0,TINYIMAGENET,478,main_b1000_tinyimagenet_alexnet_GEN_kp50_seed123,0.5,0.44475,52,False,0.5,alexnet,False,0,0,1,0.44475,467,8,0.44475,463,4,0,10,0.5,TINYIMAGENET_alexnet_GEN_accuracy_kp5000_seed123,123,40000,478,42,accuracy,100123,0.44475,1,2.8294149735927583,30.690775483846664,10,2.8294149735927583,valid,0.44556586796393843,0.49486942368159503,0.4447500000000001,100123
GEN,0.44475,377,377,offspring,0,0,TINYIMAGENET,479,main_b1000_tinyimagenet_alexnet_GEN_kp50_seed123,0.5,0.44475,53,False,0.5,alexnet,False,0,0,1,0.44475,472,4,0.44475,377,1,0,2,0.5,TINYIMAGENET_alexnet_GEN_accuracy_kp5000_seed123,123,40000,479,42,accuracy,100123,0.44475,1,2.8294149735927583,30.237937688827515,10,2.8294149735927583,valid,0.44556586796393843,0.49486942368159503,0.4447500000000001,100123
GEN,0.44475,377,377,offspring,0,0,TINYIMAGENET,480,main_b1000_tinyimagenet_alexnet_GEN_kp50_seed123,0.5,0.44475,53,False,0.5,alexnet,False,0,0,2,0.44475,472,4,0.44475,377,1,0,3,0.5,TINYIMAGENET_alexnet_GEN_accuracy_kp5000_seed123,123,40000,480,42,accuracy,100123,0.44475,1,2.8294149735927583,30.710020147264004,10,2.8294149735927583,valid,0.44556586796393843,0.49486942368159503,0.4447500000000001,100123
GEN,0.44475,377,377,offspring,0,0,TINYIMAGENET,481,main_b1000_tinyimagenet_alexnet_GEN_kp50_seed123,0.5,0.44475,53,False,0.5,alexnet,False,0,0,1,0.44475,470,2,0.44475,476,8,0,4,0.5,TINYIMAGENET_alexnet_GEN_accuracy_kp5000_seed123,123,40000,481,42,accuracy,100123,0.44475,1,2.8294149735927583,30.271038688719273,10,2.8294149735927583,valid,0.44556586796393843,0.49486942368159503,0.4447500000000001,100123
GEN,0.44475,377,377,offspring,0,0,TINYIMAGENET,482,main_b1000_tinyimagenet_alexnet_GEN_kp50_seed123,0.5,0.44475,53,False,0.5,alexnet,False,0,0,2,0.44475,470,2,0.44475,476,8,0,5,0.5,TINYIMAGENET_alexnet_GEN_accuracy_kp5000_seed123,123,40000,482,42,accuracy,100123,0.44475,1,2.8294149735927583,30.59682123363018,10,2.8294149735927583,valid,0.44556586796393843,0.49486942368159503,0.4447500000000001,100123
GEN,0.44475,377,377,offspring,0,0,TINYIMAGENET,483,main_b1000_tinyimagenet_alexnet_GEN_kp50_seed123,0.5,0.44475,53,False,0.5,alexnet,False,0,0,1,0.44475,478,10,0.44475,476,8,0,6,0.5,TINYIMAGENET_alexnet_GEN_accuracy_kp5000_seed123,123,40000,483,42,accuracy,100123,0.44475,1,2.8294149735927583,30.348936453461647,10,2.8294149735927583,valid,0.44556586796393843,0.49486942368159503,0.4447500000000001,100123
GEN,0.44475,377,377,offspring,0,0,TINYIMAGENET,484,main_b1000_tinyimagenet_alexnet_GEN_kp50_seed123,0.5,0.4336,53,False,0.5,alexnet,True,4000,2000,2,0.44475,478,10,0.44475,476,8,0,7,0.5,TINYIMAGENET_alexnet_GEN_accuracy_kp5000_seed123,123,40000,484,42,accuracy,100123,0.4336,1,2.925695419025421,30.67627964168787,10,2.925695419025421,valid,0.4342327669065785,0.5088471762672461,0.4336,100123
GEN,0.44475,377,377,offspring,0,0,TINYIMAGENET,485,main_b1000_tinyimagenet_alexnet_GEN_kp50_seed123,0.5,0.44475,53,False,0.5,alexnet,False,0,0,1,0.44475,476,8,0.44475,377,1,0,8,0.5,TINYIMAGENET_alexnet_GEN_accuracy_kp5000_seed123,123,40000,485,42,accuracy,100123,0.44475,1,2.8294149735927583,30.582143269479275,10,2.8294149735927583,valid,0.44556586796393843,0.49486942368159503,0.4447500000000001,100123
GEN,0.44475,377,377,offspring,0,0,TINYIMAGENET,486,main_b1000_tinyimagenet_alexnet_GEN_kp50_seed123,0.5,0.44475,53,False,0.5,alexnet,False,0,0,2,0.44475,476,8,0.44475,377,1,0,9,0.5,TINYIMAGENET_alexnet_GEN_accuracy_kp5000_seed123,123,40000,486,42,accuracy,100123,0.44475,1,2.8294149735927583,30.476987414062023,10,2.8294149735927583,valid,0.44556586796393843,0.49486942368159503,0.4447500000000001,100123
GEN,0.44475,377,377,offspring,0,0,TINYIMAGENET,487,main_b1000_tinyimagenet_alexnet_GEN_kp50_seed123,0.5,0.44475,53,False,0.5,alexnet,False,0,0,1,0.44475,472,4,0.44475,473,5,0,10,0.5,TINYIMAGENET_alexnet_GEN_accuracy_kp5000_seed123,123,40000,487,42,accuracy,100123,0.44475,1,2.8294149735927583,30.498329870402813,10,2.8294149735927583,valid,0.44556586796393843,0.49486942368159503,0.4447500000000001,100123
GEN,0.44475,377,377,offspring,0,0,TINYIMAGENET,488,main_b1000_tinyimagenet_alexnet_GEN_kp50_seed123,0.5,0.44475,54,False,0.5,alexnet,False,0,0,1,0.44475,483,6,0.44475,377,1,0,2,0.5,TINYIMAGENET_alexnet_GEN_accuracy_kp5000_seed123,123,40000,488,42,accuracy,100123,0.44475,1,2.8294149735927583,30.505784884095192,10,2.8294149735927583,valid,0.44556586796393843,0.49486942368159503,0.4447500000000001,100123
GEN,0.44475,377,377,offspring,0,0,TINYIMAGENET,489,main_b1000_tinyimagenet_alexnet_GEN_kp50_seed123,0.5,0.44475,54,False,0.5,alexnet,False,0,0,2,0.44475,483,6,0.44475,377,1,0,3,0.5,TINYIMAGENET_alexnet_GEN_accuracy_kp5000_seed123,123,40000,489,42,accuracy,100123,0.44475,1,2.8294149735927583,30.578820407390594,10,2.8294149735927583,valid,0.44556586796393843,0.49486942368159503,0.4447500000000001,100123
GEN,0.44475,377,377,offspring,0,0,TINYIMAGENET,490,main_b1000_tinyimagenet_alexnet_GEN_kp50_seed123,0.5,0.4338,54,False,0.5,alexnet,True,4000,2000,1,0.44475,481,4,0.44475,482,5,0,4,0.5,TINYIMAGENET_alexnet_GEN_accuracy_kp5000_seed123,123,40000,490,42,accuracy,100123,0.4338,1,2.9077714037895204,30.44943878054619,10,2.9077714037895204,valid,0.4336432669581333,0.5079443721636359,0.4338,100123
GEN,0.44475,377,377,offspring,0,0,TINYIMAGENET,491,main_b1000_tinyimagenet_alexnet_GEN_kp50_seed123,0.5,0.44475,54,False,0.5,alexnet,False,0,0,2,0.44475,481,4,0.44475,482,5,0,5,0.5,TINYIMAGENET_alexnet_GEN_accuracy_kp5000_seed123,123,40000,491,42,accuracy,100123,0.44475,1,2.8294149735927583,30.704529628157616,10,2.8294149735927583,valid,0.44556586796393843,0.49486942368159503,0.4447500000000001,100123
GEN,0.44475,377,377,offspring,0,0,TINYIMAGENET,492,main_b1000_tinyimagenet_alexnet_GEN_kp50_seed123,0.5,0.44475,54,False,0.5,alexnet,False,0,0,1,0.44475,481,4,0.44475,483,6,0,6,0.5,TINYIMAGENET_alexnet_GEN_accuracy_kp5000_seed123,123,40000,492,42,accuracy,100123,0.44475,1,2.8294149735927583,30.781263515353203,10,2.8294149735927583,valid,0.44556586796393843,0.49486942368159503,0.4447500000000001,100123
GEN,0.44475,377,377,offspring,0,0,TINYIMAGENET,493,main_b1000_tinyimagenet_alexnet_GEN_kp50_seed123,0.5,0.44475,54,False,0.5,alexnet,False,0,0,2,0.44475,481,4,0.44475,483,6,0,7,0.5,TINYIMAGENET_alexnet_GEN_accuracy_kp5000_seed123,123,40000,493,42,accuracy,100123,0.44475,1,2.8294149735927583,31.068222649395466,10,2.8294149735927583,valid,0.44556586796393843,0.49486942368159503,0.4447500000000001,100123
GEN,0.44475,377,377,offspring,0,0,TINYIMAGENET,494,main_b1000_tinyimagenet_alexnet_GEN_kp50_seed123,0.5,0.4354,54,False,0.5,alexnet,True,4000,2000,1,0.44475,481,4,0.44475,480,3,0,8,0.5,TINYIMAGENET_alexnet_GEN_accuracy_kp5000_seed123,123,40000,494,42,accuracy,100123,0.4354,1,2.867638113117218,30.559158071875572,10,2.867638113117218,valid,0.4353804294628034,0.4950735564753403,0.4354,100123
GEN,0.44475,377,377,offspring,0,0,TINYIMAGENET,495,main_b1000_tinyimagenet_alexnet_GEN_kp50_seed123,0.5,0.44475,54,False,0.5,alexnet,False,0,0,2,0.44475,481,4,0.44475,480,3,0,9,0.5,TINYIMAGENET_alexnet_GEN_accuracy_kp5000_seed123,123,40000,495,42,accuracy,100123,0.44475,1,2.8294149735927583,30.97866766899824,10,2.8294149735927583,valid,0.44556586796393843,0.49486942368159503,0.4447500000000001,100123
GEN,0.44475,377,377,offspring,0,0,TINYIMAGENET,496,main_b1000_tinyimagenet_alexnet_GEN_kp50_seed123,0.5,0.44475,54,False,0.5,alexnet,False,0,0,1,0.44475,480,3,0.44475,482,5,0,10,0.5,TINYIMAGENET_alexnet_GEN_accuracy_kp5000_seed123,123,40000,496,42,accuracy,100123,0.44475,1,2.8294149735927583,30.40035244822502,10,2.8294149735927583,valid,0.44556586796393843,0.49486942368159503,0.4447500000000001,100123
GEN,0.44475,377,377,offspring,0,0,TINYIMAGENET,497,main_b1000_tinyimagenet_alexnet_GEN_kp50_seed123,0.5,0.44475,55,False,0.5,alexnet,False,0,0,1,0.44475,491,5,0.44475,496,10,0,2,0.5,TINYIMAGENET_alexnet_GEN_accuracy_kp5000_seed123,123,40000,497,42,accuracy,100123,0.44475,1,2.8294149735927583,31.073287963867188,10,2.8294149735927583,valid,0.44556586796393843,0.49486942368159503,0.4447500000000001,100123
GEN,0.44475,377,377,offspring,0,0,TINYIMAGENET,498,main_b1000_tinyimagenet_alexnet_GEN_kp50_seed123,0.5,0.44475,55,False,0.5,alexnet,False,0,0,2,0.44475,491,5,0.44475,496,10,0,3,0.5,TINYIMAGENET_alexnet_GEN_accuracy_kp5000_seed123,123,40000,498,42,accuracy,100123,0.44475,1,2.8294149735927583,30.570500254631042,10,2.8294149735927583,valid,0.44556586796393843,0.49486942368159503,0.4447500000000001,100123
GEN,0.44475,377,377,offspring,0,0,TINYIMAGENET,499,main_b1000_tinyimagenet_alexnet_GEN_kp50_seed123,0.5,0.44475,55,False,0.5,alexnet,False,0,0,1,0.44475,493,7,0.44475,496,10,0,4,0.5,TINYIMAGENET_alexnet_GEN_accuracy_kp5000_seed123,123,40000,499,42,accuracy,100123,0.44475,1,2.8294149735927583,30.97809310257435,10,2.8294149735927583,valid,0.44556586796393843,0.49486942368159503,0.4447500000000001,100123
GEN,0.44475,377,377,offspring,0,0,TINYIMAGENET,500,main_b1000_tinyimagenet_alexnet_GEN_kp50_seed123,0.5,0.44475,55,False,0.5,alexnet,False,0,0,2,0.44475,493,7,0.44475,496,10,0,5,0.5,TINYIMAGENET_alexnet_GEN_accuracy_kp5000_seed123,123,40000,500,42,accuracy,100123,0.44475,1,2.8294149735927583,30.51108866930008,10,2.8294149735927583,valid,0.44556586796393843,0.49486942368159503,0.4447500000000001,100123
GEN,0.44475,377,377,offspring,0,0,TINYIMAGENET,501,main_b1000_tinyimagenet_alexnet_GEN_kp50_seed123,0.5,0.44475,55,False,0.5,alexnet,False,0,0,1,0.44475,492,6,0.44475,491,5,0,6,0.5,TINYIMAGENET_alexnet_GEN_accuracy_kp5000_seed123,123,40000,501,42,accuracy,100123,0.44475,1,2.8294149735927583,30.94460764527321,10,2.8294149735927583,valid,0.44556586796393843,0.49486942368159503,0.4447500000000001,100123
GEN,0.44475,377,377,offspring,0,0,TINYIMAGENET,502,main_b1000_tinyimagenet_alexnet_GEN_kp50_seed123,0.5,0.44475,55,False,0.5,alexnet,False,0,0,2,0.44475,492,6,0.44475,491,5,0,7,0.5,TINYIMAGENET_alexnet_GEN_accuracy_kp5000_seed123,123,40000,502,42,accuracy,100123,0.44475,1,2.8294149735927583,30.627616852521896,10,2.8294149735927583,valid,0.44556586796393843,0.49486942368159503,0.4447500000000001,100123
GEN,0.44475,377,377,offspring,0,0,TINYIMAGENET,503,main_b1000_tinyimagenet_alexnet_GEN_kp50_seed123,0.5,0.44475,55,False,0.5,alexnet,False,0,0,1,0.44475,377,1,0.44475,491,5,0,8,0.5,TINYIMAGENET_alexnet_GEN_accuracy_kp5000_seed123,123,40000,503,42,accuracy,100123,0.44475,1,2.8294149735927583,30.803014546632767,10,2.8294149735927583,valid,0.44556586796393843,0.49486942368159503,0.4447500000000001,100123
GEN,0.44475,377,377,offspring,0,0,TINYIMAGENET,504,main_b1000_tinyimagenet_alexnet_GEN_kp50_seed123,0.5,0.44475,55,False,0.5,alexnet,False,0,0,2,0.44475,377,1,0.44475,491,5,0,9,0.5,TINYIMAGENET_alexnet_GEN_accuracy_kp5000_seed123,123,40000,504,42,accuracy,100123,0.44475,1,2.8294149735927583,30.536779083311558,10,2.8294149735927583,valid,0.44556586796393843,0.49486942368159503,0.4447500000000001,100123
GEN,0.44475,377,377,offspring,0,0,TINYIMAGENET,505,main_b1000_tinyimagenet_alexnet_GEN_kp50_seed123,0.5,0.44475,55,False,0.5,alexnet,False,0,0,1,0.44475,496,10,0.44475,377,1,0,10,0.5,TINYIMAGENET_alexnet_GEN_accuracy_kp5000_seed123,123,40000,505,42,accuracy,100123,0.44475,1,2.8294149735927583,30.79922366887331,10,2.8294149735927583,valid,0.44556586796393843,0.49486942368159503,0.4447500000000001,100123
GEN,0.44475,377,377,offspring,0,0,TINYIMAGENET,506,main_b1000_tinyimagenet_alexnet_GEN_kp50_seed123,0.5,0.44475,56,False,0.5,alexnet,False,0,0,1,0.44475,502,7,0.44475,377,1,0,2,0.5,TINYIMAGENET_alexnet_GEN_accuracy_kp5000_seed123,123,40000,506,42,accuracy,100123,0.44475,1,2.8294149735927583,30.612637013196945,10,2.8294149735927583,valid,0.44556586796393843,0.49486942368159503,0.4447500000000001,100123
GEN,0.44475,377,377,offspring,0,0,TINYIMAGENET,507,main_b1000_tinyimagenet_alexnet_GEN_kp50_seed123,0.5,0.44475,56,False,0.5,alexnet,False,0,0,2,0.44475,502,7,0.44475,377,1,0,3,0.5,TINYIMAGENET_alexnet_GEN_accuracy_kp5000_seed123,123,40000,507,42,accuracy,100123,0.44475,1,2.8294149735927583,30.8674378618598,10,2.8294149735927583,valid,0.44556586796393843,0.49486942368159503,0.4447500000000001,100123
GEN,0.44475,377,377,offspring,0,0,TINYIMAGENET,508,main_b1000_tinyimagenet_alexnet_GEN_kp50_seed123,0.5,0.44475,56,False,0.5,alexnet,False,0,0,1,0.44475,504,9,0.44475,497,2,0,4,0.5,TINYIMAGENET_alexnet_GEN_accuracy_kp5000_seed123,123,40000,508,42,accuracy,100123,0.44475,1,2.8294149735927583,30.805882699787617,10,2.8294149735927583,valid,0.44556586796393843,0.49486942368159503,0.4447500000000001,100123
GEN,0.44475,377,377,offspring,0,0,TINYIMAGENET,509,main_b1000_tinyimagenet_alexnet_GEN_kp50_seed123,0.5,0.44475,56,False,0.5,alexnet,False,0,0,2,0.44475,504,9,0.44475,497,2,0,5,0.5,TINYIMAGENET_alexnet_GEN_accuracy_kp5000_seed123,123,40000,509,42,accuracy,100123,0.44475,1,2.8294149735927583,30.720320969820023,10,2.8294149735927583,valid,0.44556586796393843,0.49486942368159503,0.4447500000000001,100123
GEN,0.44475,377,377,offspring,0,0,TINYIMAGENET,510,main_b1000_tinyimagenet_alexnet_GEN_kp50_seed123,0.5,0.44475,56,False,0.5,alexnet,False,0,0,1,0.44475,498,3,0.44475,502,7,0,6,0.5,TINYIMAGENET_alexnet_GEN_accuracy_kp5000_seed123,123,40000,510,42,accuracy,100123,0.44475,1,2.8294149735927583,30.873278342187405,10,2.8294149735927583,valid,0.44556586796393843,0.49486942368159503,0.4447500000000001,100123
GEN,0.44475,377,377,offspring,0,0,TINYIMAGENET,511,main_b1000_tinyimagenet_alexnet_GEN_kp50_seed123,0.5,0.44475,56,False,0.5,alexnet,False,0,0,2,0.44475,498,3,0.44475,502,7,0,7,0.5,TINYIMAGENET_alexnet_GEN_accuracy_kp5000_seed123,123,40000,511,42,accuracy,100123,0.44475,1,2.8294149735927583,30.710390008985996,10,2.8294149735927583,valid,0.44556586796393843,0.49486942368159503,0.4447500000000001,100123
GEN,0.44475,377,377,offspring,0,0,TINYIMAGENET,512,main_b1000_tinyimagenet_alexnet_GEN_kp50_seed123,0.5,0.44475,56,False,0.5,alexnet,False,0,0,1,0.44475,505,10,0.44475,504,9,0,8,0.5,TINYIMAGENET_alexnet_GEN_accuracy_kp5000_seed123,123,40000,512,42,accuracy,100123,0.44475,1,2.8294149735927583,30.86496362835169,10,2.8294149735927583,valid,0.44556586796393843,0.49486942368159503,0.4447500000000001,100123
GEN,0.44475,377,377,offspring,0,0,TINYIMAGENET,513,main_b1000_tinyimagenet_alexnet_GEN_kp50_seed123,0.5,0.44475,56,False,0.5,alexnet,False,0,0,2,0.44475,505,10,0.44475,504,9,0,9,0.5,TINYIMAGENET_alexnet_GEN_accuracy_kp5000_seed123,123,40000,513,42,accuracy,100123,0.44475,1,2.8294149735927583,30.5182948037982,10,2.8294149735927583,valid,0.44556586796393843,0.49486942368159503,0.4447500000000001,100123
GEN,0.44475,377,377,offspring,0,0,TINYIMAGENET,514,main_b1000_tinyimagenet_alexnet_GEN_kp50_seed123,0.5,0.44475,56,False,0.5,alexnet,False,0,0,1,0.44475,503,8,0.44475,498,3,0,10,0.5,TINYIMAGENET_alexnet_GEN_accuracy_kp5000_seed123,123,40000,514,42,accuracy,100123,0.44475,1,2.8294149735927583,31.007300078868866,10,2.8294149735927583,valid,0.44556586796393843,0.49486942368159503,0.4447500000000001,100123
GEN,0.44475,377,377,offspring,0,0,TINYIMAGENET,515,main_b1000_tinyimagenet_alexnet_GEN_kp50_seed123,0.5,0.44475,57,False,0.5,alexnet,False,0,0,1,0.44475,514,10,0.44475,510,6,0,2,0.5,TINYIMAGENET_alexnet_GEN_accuracy_kp5000_seed123,123,40000,515,42,accuracy,100123,0.44475,1,2.8294149735927583,30.612472891807556,10,2.8294149735927583,valid,0.44556586796393843,0.49486942368159503,0.4447500000000001,100123
GEN,0.44475,377,377,offspring,0,0,TINYIMAGENET,516,main_b1000_tinyimagenet_alexnet_GEN_kp50_seed123,0.5,0.44475,57,False,0.5,alexnet,False,0,0,2,0.44475,514,10,0.44475,510,6,0,3,0.5,TINYIMAGENET_alexnet_GEN_accuracy_kp5000_seed123,123,40000,516,42,accuracy,100123,0.44475,1,2.8294149735927583,31.244139067828655,10,2.8294149735927583,valid,0.44556586796393843,0.49486942368159503,0.4447500000000001,100123
GEN,0.44475,377,377,offspring,0,0,TINYIMAGENET,517,main_b1000_tinyimagenet_alexnet_GEN_kp50_seed123,0.5,0.44475,57,False,0.5,alexnet,False,0,0,1,0.44475,512,8,0.44475,507,3,0,4,0.5,TINYIMAGENET_alexnet_GEN_accuracy_kp5000_seed123,123,40000,517,42,accuracy,100123,0.44475,1,2.8294149735927583,30.41665905714035,10,2.8294149735927583,valid,0.44556586796393843,0.49486942368159503,0.4447500000000001,100123
GEN,0.44475,377,377,offspring,0,0,TINYIMAGENET,518,main_b1000_tinyimagenet_alexnet_GEN_kp50_seed123,0.5,0.44475,57,False,0.5,alexnet,False,0,0,2,0.44475,512,8,0.44475,507,3,0,5,0.5,TINYIMAGENET_alexnet_GEN_accuracy_kp5000_seed123,123,40000,518,42,accuracy,100123,0.44475,1,2.8294149735927583,31.242652751505375,10,2.8294149735927583,valid,0.44556586796393843,0.49486942368159503,0.4447500000000001,100123
GEN,0.44475,377,377,offspring,0,0,TINYIMAGENET,519,main_b1000_tinyimagenet_alexnet_GEN_kp50_seed123,0.5,0.44475,57,False,0.5,alexnet,False,0,0,1,0.44475,512,8,0.44475,511,7,0,6,0.5,TINYIMAGENET_alexnet_GEN_accuracy_kp5000_seed123,123,40000,519,42,accuracy,100123,0.44475,1,2.8294149735927583,30.43463585525751,10,2.8294149735927583,valid,0.44556586796393843,0.49486942368159503,0.4447500000000001,100123
GEN,0.44475,377,377,offspring,0,0,TINYIMAGENET,520,main_b1000_tinyimagenet_alexnet_GEN_kp50_seed123,0.5,0.44475,57,False,0.5,alexnet,False,0,0,2,0.44475,512,8,0.44475,511,7,0,7,0.5,TINYIMAGENET_alexnet_GEN_accuracy_kp5000_seed123,123,40000,520,42,accuracy,100123,0.44475,1,2.8294149735927583,31.02547377347946,10,2.8294149735927583,valid,0.44556586796393843,0.49486942368159503,0.4447500000000001,100123
GEN,0.44475,377,377,offspring,0,0,TINYIMAGENET,521,main_b1000_tinyimagenet_alexnet_GEN_kp50_seed123,0.5,0.44475,57,False,0.5,alexnet,False,0,0,1,0.44475,377,1,0.44475,511,7,0,8,0.5,TINYIMAGENET_alexnet_GEN_accuracy_kp5000_seed123,123,40000,521,42,accuracy,100123,0.44475,1,2.8294149735927583,30.52898795902729,10,2.8294149735927583,valid,0.44556586796393843,0.49486942368159503,0.4447500000000001,100123
GEN,0.44475,377,377,offspring,0,0,TINYIMAGENET,522,main_b1000_tinyimagenet_alexnet_GEN_kp50_seed123,0.5,0.44475,57,False,0.5,alexnet,False,0,0,2,0.44475,377,1,0.44475,511,7,0,9,0.5,TINYIMAGENET_alexnet_GEN_accuracy_kp5000_seed123,123,40000,522,42,accuracy,100123,0.44475,1,2.8294149735927583,30.938318617641926,10,2.8294149735927583,valid,0.44556586796393843,0.49486942368159503,0.4447500000000001,100123
GEN,0.44475,377,377,offspring,0,0,TINYIMAGENET,523,main_b1000_tinyimagenet_alexnet_GEN_kp50_seed123,0.5,0.44475,57,False,0.5,alexnet,False,0,0,1,0.44475,507,3,0.44475,506,2,0,10,0.5,TINYIMAGENET_alexnet_GEN_accuracy_kp5000_seed123,123,40000,523,42,accuracy,100123,0.44475,1,2.8294149735927583,30.398064203560352,10,2.8294149735927583,valid,0.44556586796393843,0.49486942368159503,0.4447500000000001,100123
GEN,0.44475,377,377,offspring,0,0,TINYIMAGENET,524,main_b1000_tinyimagenet_alexnet_GEN_kp50_seed123,0.5,0.43495,58,False,0.5,alexnet,True,4000,2000,1,0.44475,523,10,0.44475,520,7,0,2,0.5,TINYIMAGENET_alexnet_GEN_accuracy_kp5000_seed123,123,40000,524,42,accuracy,100123,0.43495,1,2.9106624161243437,30.94654330611229,10,2.9106624161243437,valid,0.43299995135063724,0.504837504294765,0.43494999999999995,100123
GEN,0.44475,377,377,offspring,0,0,TINYIMAGENET,525,main_b1000_tinyimagenet_alexnet_GEN_kp50_seed123,0.5,0.44475,58,False,0.5,alexnet,False,0,0,2,0.44475,523,10,0.44475,520,7,0,3,0.5,TINYIMAGENET_alexnet_GEN_accuracy_kp5000_seed123,123,40000,525,42,accuracy,100123,0.44475,1,2.8294149735927583,30.450608104467392,10,2.8294149735927583,valid,0.44556586796393843,0.49486942368159503,0.4447500000000001,100123
GEN,0.44475,377,377,offspring,0,0,TINYIMAGENET,526,main_b1000_tinyimagenet_alexnet_GEN_kp50_seed123,0.5,0.44475,58,False,0.5,alexnet,False,0,0,1,0.44475,521,8,0.44475,519,6,0,4,0.5,TINYIMAGENET_alexnet_GEN_accuracy_kp5000_seed123,123,40000,526,42,accuracy,100123,0.44475,1,2.8294149735927583,30.95575213432312,10,2.8294149735927583,valid,0.44556586796393843,0.49486942368159503,0.4447500000000001,100123
GEN,0.44475,377,377,offspring,0,0,TINYIMAGENET,527,main_b1000_tinyimagenet_alexnet_GEN_kp50_seed123,0.5,0.44475,58,False,0.5,alexnet,False,0,0,2,0.44475,521,8,0.44475,519,6,0,5,0.5,TINYIMAGENET_alexnet_GEN_accuracy_kp5000_seed123,123,40000,527,42,accuracy,100123,0.44475,1,2.8294149735927583,30.487558506429195,10,2.8294149735927583,valid,0.44556586796393843,0.49486942368159503,0.4447500000000001,100123
GEN,0.44475,377,377,offspring,0,0,TINYIMAGENET,528,main_b1000_tinyimagenet_alexnet_GEN_kp50_seed123,0.5,0.44475,58,False,0.5,alexnet,False,0,0,1,0.44475,520,7,0.44475,518,5,0,6,0.5,TINYIMAGENET_alexnet_GEN_accuracy_kp5000_seed123,123,40000,528,42,accuracy,100123,0.44475,1,2.8294149735927583,30.913200519979,10,2.8294149735927583,valid,0.44556586796393843,0.49486942368159503,0.4447500000000001,100123
GEN,0.44475,377,377,offspring,0,0,TINYIMAGENET,529,main_b1000_tinyimagenet_alexnet_GEN_kp50_seed123,0.5,0.44475,58,False,0.5,alexnet,False,0,0,2,0.44475,520,7,0.44475,518,5,0,7,0.5,TINYIMAGENET_alexnet_GEN_accuracy_kp5000_seed123,123,40000,529,42,accuracy,100123,0.44475,1,2.8294149735927583,30.591422744095325,10,2.8294149735927583,valid,0.44556586796393843,0.49486942368159503,0.4447500000000001,100123
GEN,0.44475,377,377,offspring,0,0,TINYIMAGENET,530,main_b1000_tinyimagenet_alexnet_GEN_kp50_seed123,0.5,0.44475,58,False,0.5,alexnet,False,0,0,1,0.44475,523,10,0.44475,515,2,0,8,0.5,TINYIMAGENET_alexnet_GEN_accuracy_kp5000_seed123,123,40000,530,42,accuracy,100123,0.44475,1,2.8294149735927583,30.75814162939787,10,2.8294149735927583,valid,0.44556586796393843,0.49486942368159503,0.4447500000000001,100123
GEN,0.44475,377,377,offspring,0,0,TINYIMAGENET,531,main_b1000_tinyimagenet_alexnet_GEN_kp50_seed123,0.5,0.44475,58,False,0.5,alexnet,False,0,0,2,0.44475,523,10,0.44475,515,2,0,9,0.5,TINYIMAGENET_alexnet_GEN_accuracy_kp5000_seed123,123,40000,531,42,accuracy,100123,0.44475,1,2.8294149735927583,30.390656508505344,10,2.8294149735927583,valid,0.44556586796393843,0.49486942368159503,0.4447500000000001,100123
GEN,0.44475,377,377,offspring,0,0,TINYIMAGENET,532,main_b1000_tinyimagenet_alexnet_GEN_kp50_seed123,0.5,0.44475,58,False,0.5,alexnet,False,0,0,1,0.44475,515,2,0.44475,377,1,0,10,0.5,TINYIMAGENET_alexnet_GEN_accuracy_kp5000_seed123,123,40000,532,42,accuracy,100123,0.44475,1,2.8294149735927583,30.443683929741383,10,2.8294149735927583,valid,0.44556586796393843,0.49486942368159503,0.4447500000000001,100123
GEN,0.44475,377,377,offspring,0,0,TINYIMAGENET,533,main_b1000_tinyimagenet_alexnet_GEN_kp50_seed123,0.5,0.44475,59,False,0.5,alexnet,False,0,0,1,0.44475,531,9,0.44475,530,8,0,2,0.5,TINYIMAGENET_alexnet_GEN_accuracy_kp5000_seed123,123,40000,533,42,accuracy,100123,0.44475,1,2.8294149735927583,30.55495034903288,10,2.8294149735927583,valid,0.44556586796393843,0.49486942368159503,0.4447500000000001,100123
GEN,0.44475,377,377,offspring,0,0,TINYIMAGENET,534,main_b1000_tinyimagenet_alexnet_GEN_kp50_seed123,0.5,0.44475,59,False,0.5,alexnet,False,0,0,2,0.44475,531,9,0.44475,530,8,0,3,0.5,TINYIMAGENET_alexnet_GEN_accuracy_kp5000_seed123,123,40000,534,42,accuracy,100123,0.44475,1,2.8294149735927583,30.58994196355343,10,2.8294149735927583,valid,0.44556586796393843,0.49486942368159503,0.4447500000000001,100123
GEN,0.44475,377,377,offspring,0,0,TINYIMAGENET,535,main_b1000_tinyimagenet_alexnet_GEN_kp50_seed123,0.5,0.44475,59,False,0.5,alexnet,False,0,0,1,0.44475,525,3,0.44475,528,6,0,4,0.5,TINYIMAGENET_alexnet_GEN_accuracy_kp5000_seed123,123,40000,535,42,accuracy,100123,0.44475,1,2.8294149735927583,30.645352572202682,10,2.8294149735927583,valid,0.44556586796393843,0.49486942368159503,0.4447500000000001,100123
GEN,0.44475,377,377,offspring,0,0,TINYIMAGENET,536,main_b1000_tinyimagenet_alexnet_GEN_kp50_seed123,0.5,0.44475,59,False,0.5,alexnet,False,0,0,2,0.44475,525,3,0.44475,528,6,0,5,0.5,TINYIMAGENET_alexnet_GEN_accuracy_kp5000_seed123,123,40000,536,42,accuracy,100123,0.44475,1,2.8294149735927583,30.31257013976574,10,2.8294149735927583,valid,0.44556586796393843,0.49486942368159503,0.4447500000000001,100123
GEN,0.44475,377,377,offspring,0,0,TINYIMAGENET,537,main_b1000_tinyimagenet_alexnet_GEN_kp50_seed123,0.5,0.44475,59,False,0.5,alexnet,False,0,0,1,0.44475,529,7,0.44475,528,6,0,6,0.5,TINYIMAGENET_alexnet_GEN_accuracy_kp5000_seed123,123,40000,537,42,accuracy,100123,0.44475,1,2.8294149735927583,30.680354431271553,10,2.8294149735927583,valid,0.44556586796393843,0.49486942368159503,0.4447500000000001,100123
GEN,0.44475,377,377,offspring,0,0,TINYIMAGENET,538,main_b1000_tinyimagenet_alexnet_GEN_kp50_seed123,0.5,0.44475,59,False,0.5,alexnet,False,0,0,2,0.44475,529,7,0.44475,528,6,0,7,0.5,TINYIMAGENET_alexnet_GEN_accuracy_kp5000_seed123,123,40000,538,42,accuracy,100123,0.44475,1,2.8294149735927583,30.226471044123173,10,2.8294149735927583,valid,0.44556586796393843,0.49486942368159503,0.4447500000000001,100123
GEN,0.44475,377,377,offspring,0,0,TINYIMAGENET,539,main_b1000_tinyimagenet_alexnet_GEN_kp50_seed123,0.5,0.439,59,False,0.5,alexnet,True,4000,2000,1,0.44475,528,6,0.44475,529,7,0,8,0.5,TINYIMAGENET_alexnet_GEN_accuracy_kp5000_seed123,123,40000,539,42,accuracy,100123,0.439,1,2.8800881289958955,30.772177644073963,10,2.8800881289958955,valid,0.44033826548852995,0.5030951579585634,0.439,100123
GEN,0.44475,377,377,offspring,0,0,TINYIMAGENET,540,main_b1000_tinyimagenet_alexnet_GEN_kp50_seed123,0.5,0.44475,59,False,0.5,alexnet,False,0,0,2,0.44475,528,6,0.44475,529,7,0,9,0.5,TINYIMAGENET_alexnet_GEN_accuracy_kp5000_seed123,123,40000,540,42,accuracy,100123,0.44475,1,2.8294149735927583,30.255383498966694,10,2.8294149735927583,valid,0.44556586796393843,0.49486942368159503,0.4447500000000001,100123
GEN,0.44475,377,377,offspring,0,0,TINYIMAGENET,541,main_b1000_tinyimagenet_alexnet_GEN_kp50_seed123,0.5,0.44475,59,False,0.5,alexnet,False,0,0,1,0.44475,529,7,0.44475,530,8,0,10,0.5,TINYIMAGENET_alexnet_GEN_accuracy_kp5000_seed123,123,40000,541,42,accuracy,100123,0.44475,1,2.8294149735927583,30.718758903443813,10,2.8294149735927583,valid,0.44556586796393843,0.49486942368159503,0.4447500000000001,100123
GEN,0.44475,377,377,offspring,0,0,TINYIMAGENET,542,main_b1000_tinyimagenet_alexnet_GEN_kp50_seed123,0.5,0.44475,60,False,0.5,alexnet,False,0,0,1,0.44475,541,10,0.44475,533,2,0,2,0.5,TINYIMAGENET_alexnet_GEN_accuracy_kp5000_seed123,123,40000,542,42,accuracy,100123,0.44475,1,2.8294149735927583,30.163394056260586,10,2.8294149735927583,valid,0.44556586796393843,0.49486942368159503,0.4447500000000001,100123
GEN,0.44475,377,377,offspring,0,0,TINYIMAGENET,543,main_b1000_tinyimagenet_alexnet_GEN_kp50_seed123,0.5,0.44475,60,False,0.5,alexnet,False,0,0,2,0.44475,541,10,0.44475,533,2,0,3,0.5,TINYIMAGENET_alexnet_GEN_accuracy_kp5000_seed123,123,40000,543,42,accuracy,100123,0.44475,1,2.8294149735927583,30.80057805776596,10,2.8294149735927583,valid,0.44556586796393843,0.49486942368159503,0.4447500000000001,100123
GEN,0.44475,377,377,offspring,0,0,TINYIMAGENET,544,main_b1000_tinyimagenet_alexnet_GEN_kp50_seed123,0.5,0.44475,60,False,0.5,alexnet,False,0,0,1,0.44475,535,4,0.44475,377,1,0,4,0.5,TINYIMAGENET_alexnet_GEN_accuracy_kp5000_seed123,123,40000,544,42,accuracy,100123,0.44475,1,2.8294149735927583,30.123768754303455,10,2.8294149735927583,valid,0.44556586796393843,0.49486942368159503,0.4447500000000001,100123
GEN,0.44475,377,377,offspring,0,0,TINYIMAGENET,545,main_b1000_tinyimagenet_alexnet_GEN_kp50_seed123,0.5,0.44475,60,False,0.5,alexnet,False,0,0,2,0.44475,535,4,0.44475,377,1,0,5,0.5,TINYIMAGENET_alexnet_GEN_accuracy_kp5000_seed123,123,40000,545,42,accuracy,100123,0.44475,1,2.8294149735927583,30.71286352723837,10,2.8294149735927583,valid,0.44556586796393843,0.49486942368159503,0.4447500000000001,100123
GEN,0.44475,377,377,offspring,0,0,TINYIMAGENET,546,main_b1000_tinyimagenet_alexnet_GEN_kp50_seed123,0.5,0.44475,60,False,0.5,alexnet,False,0,0,1,0.44475,537,6,0.44475,541,10,0,6,0.5,TINYIMAGENET_alexnet_GEN_accuracy_kp5000_seed123,123,40000,546,42,accuracy,100123,0.44475,1,2.8294149735927583,30.192434392869473,10,2.8294149735927583,valid,0.44556586796393843,0.49486942368159503,0.4447500000000001,100123
GEN,0.44475,377,377,offspring,0,0,TINYIMAGENET,547,main_b1000_tinyimagenet_alexnet_GEN_kp50_seed123,0.5,0.44475,60,False,0.5,alexnet,False,0,0,2,0.44475,537,6,0.44475,541,10,0,7,0.5,TINYIMAGENET_alexnet_GEN_accuracy_kp5000_seed123,123,40000,547,42,accuracy,100123,0.44475,1,2.8294149735927583,30.722588390111923,10,2.8294149735927583,valid,0.44556586796393843,0.49486942368159503,0.4447500000000001,100123
GEN,0.44475,377,377,offspring,0,0,TINYIMAGENET,548,main_b1000_tinyimagenet_alexnet_GEN_kp50_seed123,0.5,0.43195,60,False,0.5,alexnet,True,4000,2000,1,0.44475,538,7,0.44475,535,4,0,8,0.5,TINYIMAGENET_alexnet_GEN_accuracy_kp5000_seed123,123,40000,548,42,accuracy,100123,0.43195,1,2.9422194048404693,30.264742366969585,10,2.9422194048404693,valid,0.4325859270673897,0.5084303572285581,0.43195,100123
GEN,0.44475,377,377,offspring,0,0,TINYIMAGENET,549,main_b1000_tinyimagenet_alexnet_GEN_kp50_seed123,0.5,0.44475,60,False,0.5,alexnet,False,0,0,2,0.44475,538,7,0.44475,535,4,0,9,0.5,TINYIMAGENET_alexnet_GEN_accuracy_kp5000_seed123,123,40000,549,42,accuracy,100123,0.44475,1,2.8294149735927583,30.66996841877699,10,2.8294149735927583,valid,0.44556586796393843,0.49486942368159503,0.4447500000000001,100123
GEN,0.44475,377,377,offspring,0,0,TINYIMAGENET,550,main_b1000_tinyimagenet_alexnet_GEN_kp50_seed123,0.5,0.44475,60,False,0.5,alexnet,False,0,0,1,0.44475,535,4,0.44475,537,6,0,10,0.5,TINYIMAGENET_alexnet_GEN_accuracy_kp5000_seed123,123,40000,550,42,accuracy,100123,0.44475,1,2.8294149735927583,30.273193880915642,10,2.8294149735927583,valid,0.44556586796393843,0.49486942368159503,0.4447500000000001,100123
GEN,0.44475,377,377,offspring,0,0,TINYIMAGENET,551,main_b1000_tinyimagenet_alexnet_GEN_kp50_seed123,0.5,0.44475,61,False,0.5,alexnet,False,0,0,1,0.44475,550,10,0.44475,542,2,0,2,0.5,TINYIMAGENET_alexnet_GEN_accuracy_kp5000_seed123,123,40000,551,42,accuracy,100123,0.44475,1,2.8294149735927583,30.724001988768578,10,2.8294149735927583,valid,0.44556586796393843,0.49486942368159503,0.4447500000000001,100123
GEN,0.44475,377,377,offspring,0,0,TINYIMAGENET,552,main_b1000_tinyimagenet_alexnet_GEN_kp50_seed123,0.5,0.44475,61,False,0.5,alexnet,False,0,0,2,0.44475,550,10,0.44475,542,2,0,3,0.5,TINYIMAGENET_alexnet_GEN_accuracy_kp5000_seed123,123,40000,552,42,accuracy,100123,0.44475,1,2.8294149735927583,30.265523329377174,10,2.8294149735927583,valid,0.44556586796393843,0.49486942368159503,0.4447500000000001,100123
GEN,0.44475,377,377,offspring,0,0,TINYIMAGENET,553,main_b1000_tinyimagenet_alexnet_GEN_kp50_seed123,0.5,0.44475,61,False,0.5,alexnet,False,0,0,1,0.44475,543,3,0.44475,546,6,0,4,0.5,TINYIMAGENET_alexnet_GEN_accuracy_kp5000_seed123,123,40000,553,42,accuracy,100123,0.44475,1,2.8294149735927583,30.646236188709736,10,2.8294149735927583,valid,0.44556586796393843,0.49486942368159503,0.4447500000000001,100123
GEN,0.44475,377,377,offspring,0,0,TINYIMAGENET,554,main_b1000_tinyimagenet_alexnet_GEN_kp50_seed123,0.5,0.4291,61,False,0.5,alexnet,True,4000,2000,2,0.44475,543,3,0.44475,546,6,0,5,0.5,TINYIMAGENET_alexnet_GEN_accuracy_kp5000_seed123,123,40000,554,42,accuracy,100123,0.4291,1,2.904836776161194,30.310818642377853,10,2.904836776161194,valid,0.42974064142219986,0.5003942701859849,0.4291,100123
GEN,0.44475,377,377,offspring,0,0,TINYIMAGENET,555,main_b1000_tinyimagenet_alexnet_GEN_kp50_seed123,0.5,0.44475,61,False,0.5,alexnet,False,0,0,1,0.44475,543,3,0.44475,550,10,0,6,0.5,TINYIMAGENET_alexnet_GEN_accuracy_kp5000_seed123,123,40000,555,42,accuracy,100123,0.44475,1,2.8294149735927583,30.719967760145664,10,2.8294149735927583,valid,0.44556586796393843,0.49486942368159503,0.4447500000000001,100123
GEN,0.44475,377,377,offspring,0,0,TINYIMAGENET,556,main_b1000_tinyimagenet_alexnet_GEN_kp50_seed123,0.5,0.44475,61,False,0.5,alexnet,False,0,0,2,0.44475,543,3,0.44475,550,10,0,7,0.5,TINYIMAGENET_alexnet_GEN_accuracy_kp5000_seed123,123,40000,556,42,accuracy,100123,0.44475,1,2.8294149735927583,30.308497719466686,10,2.8294149735927583,valid,0.44556586796393843,0.49486942368159503,0.4447500000000001,100123
GEN,0.44475,377,377,offspring,0,0,TINYIMAGENET,557,main_b1000_tinyimagenet_alexnet_GEN_kp50_seed123,0.5,0.4352,61,False,0.5,alexnet,True,4000,2000,1,0.44475,550,10,0.44475,547,7,0,8,0.5,TINYIMAGENET_alexnet_GEN_accuracy_kp5000_seed123,123,40000,557,42,accuracy,100123,0.4352,1,2.917964950466156,30.68662714213133,10,2.917964950466156,valid,0.4366551960258087,0.5089569461185808,0.43520000000000003,100123
GEN,0.44475,377,377,offspring,0,0,TINYIMAGENET,558,main_b1000_tinyimagenet_alexnet_GEN_kp50_seed123,0.5,0.44475,61,False,0.5,alexnet,False,0,0,2,0.44475,550,10,0.44475,547,7,0,9,0.5,TINYIMAGENET_alexnet_GEN_accuracy_kp5000_seed123,123,40000,558,42,accuracy,100123,0.44475,1,2.8294149735927583,30.324920676648617,10,2.8294149735927583,valid,0.44556586796393843,0.49486942368159503,0.4447500000000001,100123
GEN,0.44475,377,377,offspring,0,0,TINYIMAGENET,559,main_b1000_tinyimagenet_alexnet_GEN_kp50_seed123,0.5,0.44475,61,False,0.5,alexnet,False,0,0,1,0.44475,547,7,0.44475,377,1,0,10,0.5,TINYIMAGENET_alexnet_GEN_accuracy_kp5000_seed123,123,40000,559,42,accuracy,100123,0.44475,1,2.8294149735927583,30.624830715358257,10,2.8294149735927583,valid,0.44556586796393843,0.49486942368159503,0.4447500000000001,100123
GEN,0.44475,377,377,offspring,0,0,TINYIMAGENET,560,main_b1000_tinyimagenet_alexnet_GEN_kp50_seed123,0.5,0.43205,62,False,0.5,alexnet,True,4000,2000,1,0.44475,377,1,0.44475,556,7,0,2,0.5,TINYIMAGENET_alexnet_GEN_accuracy_kp5000_seed123,123,40000,560,42,accuracy,100123,0.43205,1,2.918596294212341,30.40413062274456,10,2.918596294212341,valid,0.43194592773564966,0.5038602662889766,0.43205,100123
GEN,0.44475,377,377,offspring,0,0,TINYIMAGENET,561,main_b1000_tinyimagenet_alexnet_GEN_kp50_seed123,0.5,0.44475,62,False,0.5,alexnet,False,0,0,2,0.44475,377,1,0.44475,556,7,0,3,0.5,TINYIMAGENET_alexnet_GEN_accuracy_kp5000_seed123,123,40000,561,42,accuracy,100123,0.44475,1,2.8294149735927583,30.53934246301651,10,2.8294149735927583,valid,0.44556586796393843,0.49486942368159503,0.4447500000000001,100123
GEN,0.44475,377,377,offspring,0,0,TINYIMAGENET,562,main_b1000_tinyimagenet_alexnet_GEN_kp50_seed123,0.5,0.44475,62,False,0.5,alexnet,False,0,0,1,0.44475,555,6,0.44475,552,3,0,4,0.5,TINYIMAGENET_alexnet_GEN_accuracy_kp5000_seed123,123,40000,562,42,accuracy,100123,0.44475,1,2.8294149735927583,30.521825522184372,10,2.8294149735927583,valid,0.44556586796393843,0.49486942368159503,0.4447500000000001,100123
GEN,0.44475,377,377,offspring,0,0,TINYIMAGENET,563,main_b1000_tinyimagenet_alexnet_GEN_kp50_seed123,0.5,0.44475,62,False,0.5,alexnet,False,0,0,2,0.44475,555,6,0.44475,552,3,0,5,0.5,TINYIMAGENET_alexnet_GEN_accuracy_kp5000_seed123,123,40000,563,42,accuracy,100123,0.44475,1,2.8294149735927583,30.4532660394907,10,2.8294149735927583,valid,0.44556586796393843,0.49486942368159503,0.4447500000000001,100123
GEN,0.44475,377,377,offspring,0,0,TINYIMAGENET,564,main_b1000_tinyimagenet_alexnet_GEN_kp50_seed123,0.5,0.44475,62,False,0.5,alexnet,False,0,0,1,0.44475,551,2,0.44475,377,1,0,6,0.5,TINYIMAGENET_alexnet_GEN_accuracy_kp5000_seed123,123,40000,564,42,accuracy,100123,0.44475,1,2.8294149735927583,30.67075004428625,10,2.8294149735927583,valid,0.44556586796393843,0.49486942368159503,0.4447500000000001,100123
GEN,0.44475,377,377,offspring,0,0,TINYIMAGENET,565,main_b1000_tinyimagenet_alexnet_GEN_kp50_seed123,0.5,0.43365,62,False,0.5,alexnet,True,4000,2000,2,0.44475,551,2,0.44475,377,1,0,7,0.5,TINYIMAGENET_alexnet_GEN_accuracy_kp5000_seed123,123,40000,565,42,accuracy,100123,0.43365,1,2.8789439266443253,30.310948945581913,10,2.8789439266443253,valid,0.432600963770407,0.4924273950545192,0.43365000000000004,100123
GEN,0.44475,377,377,offspring,0,0,TINYIMAGENET,566,main_b1000_tinyimagenet_alexnet_GEN_kp50_seed123,0.5,0.44475,62,False,0.5,alexnet,False,0,0,1,0.44475,552,3,0.44475,556,7,0,8,0.5,TINYIMAGENET_alexnet_GEN_accuracy_kp5000_seed123,123,40000,566,42,accuracy,100123,0.44475,1,2.8294149735927583,30.566350512206554,10,2.8294149735927583,valid,0.44556586796393843,0.49486942368159503,0.4447500000000001,100123
GEN,0.44475,377,377,offspring,0,0,TINYIMAGENET,567,main_b1000_tinyimagenet_alexnet_GEN_kp50_seed123,0.5,0.44475,62,False,0.5,alexnet,False,0,0,2,0.44475,552,3,0.44475,556,7,0,9,0.5,TINYIMAGENET_alexnet_GEN_accuracy_kp5000_seed123,123,40000,567,42,accuracy,100123,0.44475,1,2.8294149735927583,30.26011797785759,10,2.8294149735927583,valid,0.44556586796393843,0.49486942368159503,0.4447500000000001,100123
GEN,0.44475,377,377,offspring,0,0,TINYIMAGENET,568,main_b1000_tinyimagenet_alexnet_GEN_kp50_seed123,0.5,0.44475,62,False,0.5,alexnet,False,0,0,1,0.44475,552,3,0.44475,551,2,0,10,0.5,TINYIMAGENET_alexnet_GEN_accuracy_kp5000_seed123,123,40000,568,42,accuracy,100123,0.44475,1,2.8294149735927583,30.811302177608013,10,2.8294149735927583,valid,0.44556586796393843,0.49486942368159503,0.4447500000000001,100123
GEN,0.44475,377,377,offspring,0,0,TINYIMAGENET,569,main_b1000_tinyimagenet_alexnet_GEN_kp50_seed123,0.5,0.44475,63,False,0.5,alexnet,False,0,0,1,0.44475,568,10,0.44475,377,1,0,2,0.5,TINYIMAGENET_alexnet_GEN_accuracy_kp5000_seed123,123,40000,569,42,accuracy,100123,0.44475,1,2.8294149735927583,30.22720342129469,10,2.8294149735927583,valid,0.44556586796393843,0.49486942368159503,0.4447500000000001,100123
GEN,0.44475,377,377,offspring,0,0,TINYIMAGENET,570,main_b1000_tinyimagenet_alexnet_GEN_kp50_seed123,0.5,0.44475,63,False,0.5,alexnet,False,0,0,2,0.44475,568,10,0.44475,377,1,0,3,0.5,TINYIMAGENET_alexnet_GEN_accuracy_kp5000_seed123,123,40000,570,42,accuracy,100123,0.44475,1,2.8294149735927583,30.847269169986248,10,2.8294149735927583,valid,0.44556586796393843,0.49486942368159503,0.4447500000000001,100123
GEN,0.44475,377,377,offspring,0,0,TINYIMAGENET,571,main_b1000_tinyimagenet_alexnet_GEN_kp50_seed123,0.5,0.4315,63,False,0.5,alexnet,True,4000,2000,1,0.44475,568,10,0.44475,566,8,0,4,0.5,TINYIMAGENET_alexnet_GEN_accuracy_kp5000_seed123,123,40000,571,42,accuracy,100123,0.4315,1,2.917631469631195,30.11458145827055,10,2.917631469631195,valid,0.42998217401204314,0.49351039446669914,0.4315,100123
GEN,0.44475,377,377,offspring,0,0,TINYIMAGENET,572,main_b1000_tinyimagenet_alexnet_GEN_kp50_seed123,0.5,0.44475,63,False,0.5,alexnet,False,0,0,2,0.44475,568,10,0.44475,566,8,0,5,0.5,TINYIMAGENET_alexnet_GEN_accuracy_kp5000_seed123,123,40000,572,42,accuracy,100123,0.44475,1,2.8294149735927583,30.91013276576996,10,2.8294149735927583,valid,0.44556586796393843,0.49486942368159503,0.4447500000000001,100123
GEN,0.44475,377,377,offspring,0,0,TINYIMAGENET,573,main_b1000_tinyimagenet_alexnet_GEN_kp50_seed123,0.5,0.44475,63,False,0.5,alexnet,False,0,0,1,0.44475,563,5,0.44475,562,4,0,6,0.5,TINYIMAGENET_alexnet_GEN_accuracy_kp5000_seed123,123,40000,573,42,accuracy,100123,0.44475,1,2.8294149735927583,30.082359425723553,10,2.8294149735927583,valid,0.44556586796393843,0.49486942368159503,0.4447500000000001,100123
GEN,0.44475,377,377,offspring,0,0,TINYIMAGENET,574,main_b1000_tinyimagenet_alexnet_GEN_kp50_seed123,0.5,0.44475,63,False,0.5,alexnet,False,0,0,2,0.44475,563,5,0.44475,562,4,0,7,0.5,TINYIMAGENET_alexnet_GEN_accuracy_kp5000_seed123,123,40000,574,42,accuracy,100123,0.44475,1,2.8294149735927583,30.79059025645256,10,2.8294149735927583,valid,0.44556586796393843,0.49486942368159503,0.4447500000000001,100123
GEN,0.44475,377,377,offspring,0,0,TINYIMAGENET,575,main_b1000_tinyimagenet_alexnet_GEN_kp50_seed123,0.5,0.44475,63,False,0.5,alexnet,False,0,0,1,0.44475,561,3,0.44475,568,10,0,8,0.5,TINYIMAGENET_alexnet_GEN_accuracy_kp5000_seed123,123,40000,575,42,accuracy,100123,0.44475,1,2.8294149735927583,30.203015580773354,10,2.8294149735927583,valid,0.44556586796393843,0.49486942368159503,0.4447500000000001,100123
GEN,0.44475,377,377,offspring,0,0,TINYIMAGENET,576,main_b1000_tinyimagenet_alexnet_GEN_kp50_seed123,0.5,0.44475,63,False,0.5,alexnet,False,0,0,2,0.44475,561,3,0.44475,568,10,0,9,0.5,TINYIMAGENET_alexnet_GEN_accuracy_kp5000_seed123,123,40000,576,42,accuracy,100123,0.44475,1,2.8294149735927583,30.817559748888016,10,2.8294149735927583,valid,0.44556586796393843,0.49486942368159503,0.4447500000000001,100123
GEN,0.44475,377,377,offspring,0,0,TINYIMAGENET,577,main_b1000_tinyimagenet_alexnet_GEN_kp50_seed123,0.5,0.44475,63,False,0.5,alexnet,False,0,0,1,0.44475,568,10,0.44475,377,1,0,10,0.5,TINYIMAGENET_alexnet_GEN_accuracy_kp5000_seed123,123,40000,577,42,accuracy,100123,0.44475,1,2.8294149735927583,30.12798883765936,10,2.8294149735927583,valid,0.44556586796393843,0.49486942368159503,0.4447500000000001,100123
GEN,0.44475,377,377,offspring,0,0,TINYIMAGENET,578,main_b1000_tinyimagenet_alexnet_GEN_kp50_seed123,0.5,0.44475,64,False,0.5,alexnet,False,0,0,1,0.44475,570,3,0.44475,577,10,0,2,0.5,TINYIMAGENET_alexnet_GEN_accuracy_kp5000_seed123,123,40000,578,42,accuracy,100123,0.44475,1,2.8294149735927583,30.758347652852535,10,2.8294149735927583,valid,0.44556586796393843,0.49486942368159503,0.4447500000000001,100123
GEN,0.44475,377,377,offspring,0,0,TINYIMAGENET,579,main_b1000_tinyimagenet_alexnet_GEN_kp50_seed123,0.5,0.44475,64,False,0.5,alexnet,False,0,0,2,0.44475,570,3,0.44475,577,10,0,3,0.5,TINYIMAGENET_alexnet_GEN_accuracy_kp5000_seed123,123,40000,579,42,accuracy,100123,0.44475,1,2.8294149735927583,30.174075707793236,10,2.8294149735927583,valid,0.44556586796393843,0.49486942368159503,0.4447500000000001,100123
GEN,0.44475,377,377,offspring,0,0,TINYIMAGENET,580,main_b1000_tinyimagenet_alexnet_GEN_kp50_seed123,0.5,0.44475,64,False,0.5,alexnet,False,0,0,1,0.44475,575,8,0.44475,569,2,0,4,0.5,TINYIMAGENET_alexnet_GEN_accuracy_kp5000_seed123,123,40000,580,42,accuracy,100123,0.44475,1,2.8294149735927583,30.820794098079205,10,2.8294149735927583,valid,0.44556586796393843,0.49486942368159503,0.4447500000000001,100123
GEN,0.44475,377,377,offspring,0,0,TINYIMAGENET,581,main_b1000_tinyimagenet_alexnet_GEN_kp50_seed123,0.5,0.44475,64,False,0.5,alexnet,False,0,0,2,0.44475,575,8,0.44475,569,2,0,5,0.5,TINYIMAGENET_alexnet_GEN_accuracy_kp5000_seed123,123,40000,581,42,accuracy,100123,0.44475,1,2.8294149735927583,30.23032186180353,10,2.8294149735927583,valid,0.44556586796393843,0.49486942368159503,0.4447500000000001,100123
GEN,0.44475,377,377,offspring,0,0,TINYIMAGENET,582,main_b1000_tinyimagenet_alexnet_GEN_kp50_seed123,0.5,0.432,64,False,0.5,alexnet,True,4000,2000,1,0.44475,577,10,0.44475,572,5,0,6,0.5,TINYIMAGENET_alexnet_GEN_accuracy_kp5000_seed123,123,40000,582,42,accuracy,100123,0.432,1,2.922629927396774,30.843109913170338,10,2.922629927396774,valid,0.4329747233797644,0.5058338595260294,0.43200000000000005,100123
GEN,0.44475,377,377,offspring,0,0,TINYIMAGENET,583,main_b1000_tinyimagenet_alexnet_GEN_kp50_seed123,0.5,0.44475,64,False,0.5,alexnet,False,0,0,2,0.44475,577,10,0.44475,572,5,0,7,0.5,TINYIMAGENET_alexnet_GEN_accuracy_kp5000_seed123,123,40000,583,42,accuracy,100123,0.44475,1,2.8294149735927583,30.279250405728817,10,2.8294149735927583,valid,0.44556586796393843,0.49486942368159503,0.4447500000000001,100123
GEN,0.44475,377,377,offspring,0,0,TINYIMAGENET,584,main_b1000_tinyimagenet_alexnet_GEN_kp50_seed123,0.5,0.432,64,False,0.5,alexnet,True,4000,2000,1,0.44475,572,5,0.44475,573,6,0,8,0.5,TINYIMAGENET_alexnet_GEN_accuracy_kp5000_seed123,123,40000,584,42,accuracy,100123,0.432,1,2.914815615320206,30.762998841702938,10,2.914815615320206,valid,0.43166170546392996,0.5041590252515418,0.43199999999999994,100123
GEN,0.44475,377,377,offspring,0,0,TINYIMAGENET,585,main_b1000_tinyimagenet_alexnet_GEN_kp50_seed123,0.5,0.44475,64,False,0.5,alexnet,False,0,0,2,0.44475,572,5,0.44475,573,6,0,9,0.5,TINYIMAGENET_alexnet_GEN_accuracy_kp5000_seed123,123,40000,585,42,accuracy,100123,0.44475,1,2.8294149735927583,30.260311491787434,10,2.8294149735927583,valid,0.44556586796393843,0.49486942368159503,0.4447500000000001,100123
GEN,0.44475,377,377,offspring,0,0,TINYIMAGENET,586,main_b1000_tinyimagenet_alexnet_GEN_kp50_seed123,0.5,0.44475,64,False,0.5,alexnet,False,0,0,1,0.44475,574,7,0.44475,577,10,0,10,0.5,TINYIMAGENET_alexnet_GEN_accuracy_kp5000_seed123,123,40000,586,42,accuracy,100123,0.44475,1,2.8294149735927583,30.81601306796074,10,2.8294149735927583,valid,0.44556586796393843,0.49486942368159503,0.4447500000000001,100123
GEN,0.44475,377,377,offspring,0,0,TINYIMAGENET,587,main_b1000_tinyimagenet_alexnet_GEN_kp50_seed123,0.5,0.44475,65,False,0.5,alexnet,False,0,0,1,0.44475,579,3,0.44475,377,1,0,2,0.5,TINYIMAGENET_alexnet_GEN_accuracy_kp5000_seed123,123,40000,587,42,accuracy,100123,0.44475,1,2.8294149735927583,30.27688503265381,10,2.8294149735927583,valid,0.44556586796393843,0.49486942368159503,0.4447500000000001,100123
GEN,0.44475,377,377,offspring,0,0,TINYIMAGENET,588,main_b1000_tinyimagenet_alexnet_GEN_kp50_seed123,0.5,0.44475,65,False,0.5,alexnet,False,0,0,2,0.44475,579,3,0.44475,377,1,0,3,0.5,TINYIMAGENET_alexnet_GEN_accuracy_kp5000_seed123,123,40000,588,42,accuracy,100123,0.44475,1,2.8294149735927583,30.68027076125145,10,2.8294149735927583,valid,0.44556586796393843,0.49486942368159503,0.4447500000000001,100123
GEN,0.44475,377,377,offspring,0,0,TINYIMAGENET,589,main_b1000_tinyimagenet_alexnet_GEN_kp50_seed123,0.5,0.44475,65,False,0.5,alexnet,False,0,0,1,0.44475,579,3,0.44475,585,9,0,4,0.5,TINYIMAGENET_alexnet_GEN_accuracy_kp5000_seed123,123,40000,589,42,accuracy,100123,0.44475,1,2.8294149735927583,30.24870929121971,10,2.8294149735927583,valid,0.44556586796393843,0.49486942368159503,0.4447500000000001,100123
GEN,0.44475,377,377,offspring,0,0,TINYIMAGENET,590,main_b1000_tinyimagenet_alexnet_GEN_kp50_seed123,0.5,0.43385,65,False,0.5,alexnet,True,4000,2000,2,0.44475,579,3,0.44475,585,9,0,5,0.5,TINYIMAGENET_alexnet_GEN_accuracy_kp5000_seed123,123,40000,590,42,accuracy,100123,0.43385,1,2.9326410826683045,30.68011624366045,10,2.9326410826683045,valid,0.4337454451639935,0.5060310470437638,0.43385000000000007,100123
GEN,0.44475,377,377,offspring,0,0,TINYIMAGENET,591,main_b1000_tinyimagenet_alexnet_GEN_kp50_seed123,0.5,0.43115,65,False,0.5,alexnet,True,4000,2000,1,0.44475,585,9,0.44475,586,10,0,6,0.5,TINYIMAGENET_alexnet_GEN_accuracy_kp5000_seed123,123,40000,591,42,accuracy,100123,0.43115,1,2.948485779285431,30.221689708530903,10,2.948485779285431,valid,0.43165324159024493,0.5056902062503941,0.4311499999999999,100123
GEN,0.44475,377,377,offspring,0,0,TINYIMAGENET,592,main_b1000_tinyimagenet_alexnet_GEN_kp50_seed123,0.5,0.44475,65,False,0.5,alexnet,False,0,0,2,0.44475,585,9,0.44475,586,10,0,7,0.5,TINYIMAGENET_alexnet_GEN_accuracy_kp5000_seed123,123,40000,592,42,accuracy,100123,0.44475,1,2.8294149735927583,30.60271468758583,10,2.8294149735927583,valid,0.44556586796393843,0.49486942368159503,0.4447500000000001,100123
GEN,0.44475,377,377,offspring,0,0,TINYIMAGENET,593,main_b1000_tinyimagenet_alexnet_GEN_kp50_seed123,0.5,0.44475,65,False,0.5,alexnet,False,0,0,1,0.44475,586,10,0.44475,579,3,0,8,0.5,TINYIMAGENET_alexnet_GEN_accuracy_kp5000_seed123,123,40000,593,42,accuracy,100123,0.44475,1,2.8294149735927583,30.37366659194231,10,2.8294149735927583,valid,0.44556586796393843,0.49486942368159503,0.4447500000000001,100123
GEN,0.44475,377,377,offspring,0,0,TINYIMAGENET,594,main_b1000_tinyimagenet_alexnet_GEN_kp50_seed123,0.5,0.44475,65,False,0.5,alexnet,False,0,0,2,0.44475,586,10,0.44475,579,3,0,9,0.5,TINYIMAGENET_alexnet_GEN_accuracy_kp5000_seed123,123,40000,594,42,accuracy,100123,0.44475,1,2.8294149735927583,30.629174202680588,10,2.8294149735927583,valid,0.44556586796393843,0.49486942368159503,0.4447500000000001,100123
GEN,0.44475,377,377,offspring,0,0,TINYIMAGENET,595,main_b1000_tinyimagenet_alexnet_GEN_kp50_seed123,0.5,0.44475,65,False,0.5,alexnet,False,0,0,1,0.44475,578,2,0.44475,583,7,0,10,0.5,TINYIMAGENET_alexnet_GEN_accuracy_kp5000_seed123,123,40000,595,42,accuracy,100123,0.44475,1,2.8294149735927583,30.419451102614403,10,2.8294149735927583,valid,0.44556586796393843,0.49486942368159503,0.4447500000000001,100123
GEN,0.44475,377,377,offspring,0,0,TINYIMAGENET,596,main_b1000_tinyimagenet_alexnet_GEN_kp50_seed123,0.5,0.44475,66,False,0.5,alexnet,False,0,0,1,0.44475,595,10,0.44475,587,2,0,2,0.5,TINYIMAGENET_alexnet_GEN_accuracy_kp5000_seed123,123,40000,596,42,accuracy,100123,0.44475,1,2.8294149735927583,30.481471002101898,10,2.8294149735927583,valid,0.44556586796393843,0.49486942368159503,0.4447500000000001,100123
GEN,0.44475,377,377,offspring,0,0,TINYIMAGENET,597,main_b1000_tinyimagenet_alexnet_GEN_kp50_seed123,0.5,0.44475,66,False,0.5,alexnet,False,0,0,2,0.44475,595,10,0.44475,587,2,0,3,0.5,TINYIMAGENET_alexnet_GEN_accuracy_kp5000_seed123,123,40000,597,42,accuracy,100123,0.44475,1,2.8294149735927583,30.63473780453205,10,2.8294149735927583,valid,0.44556586796393843,0.49486942368159503,0.4447500000000001,100123
GEN,0.44475,377,377,offspring,0,0,TINYIMAGENET,598,main_b1000_tinyimagenet_alexnet_GEN_kp50_seed123,0.5,0.44475,66,False,0.5,alexnet,False,0,0,1,0.44475,594,9,0.44475,592,7,0,4,0.5,TINYIMAGENET_alexnet_GEN_accuracy_kp5000_seed123,123,40000,598,42,accuracy,100123,0.44475,1,2.8294149735927583,30.426741674542427,10,2.8294149735927583,valid,0.44556586796393843,0.49486942368159503,0.4447500000000001,100123
GEN,0.44475,377,377,offspring,0,0,TINYIMAGENET,599,main_b1000_tinyimagenet_alexnet_GEN_kp50_seed123,0.5,0.44475,66,False,0.5,alexnet,False,0,0,2,0.44475,594,9,0.44475,592,7,0,5,0.5,TINYIMAGENET_alexnet_GEN_accuracy_kp5000_seed123,123,40000,599,42,accuracy,100123,0.44475,1,2.8294149735927583,30.76573234796524,10,2.8294149735927583,valid,0.44556586796393843,0.49486942368159503,0.4447500000000001,100123
GEN,0.44475,377,377,offspring,0,0,TINYIMAGENET,600,main_b1000_tinyimagenet_alexnet_GEN_kp50_seed123,0.5,0.44475,66,False,0.5,alexnet,False,0,0,1,0.44475,588,3,0.44475,594,9,0,6,0.5,TINYIMAGENET_alexnet_GEN_accuracy_kp5000_seed123,123,40000,600,42,accuracy,100123,0.44475,1,2.8294149735927583,30.181913658976555,10,2.8294149735927583,valid,0.44556586796393843,0.49486942368159503,0.4447500000000001,100123
GEN,0.44475,377,377,offspring,0,0,TINYIMAGENET,601,main_b1000_tinyimagenet_alexnet_GEN_kp50_seed123,0.5,0.43155,66,False,0.5,alexnet,True,4000,2000,2,0.44475,588,3,0.44475,594,9,0,7,0.5,TINYIMAGENET_alexnet_GEN_accuracy_kp5000_seed123,123,40000,601,42,accuracy,100123,0.43155,1,2.923857488632202,30.756439208984375,10,2.923857488632202,valid,0.43192291011092154,0.49961992689168694,0.43155,100123
GEN,0.44475,377,377,offspring,0,0,TINYIMAGENET,602,main_b1000_tinyimagenet_alexnet_GEN_kp50_seed123,0.5,0.44475,66,False,0.5,alexnet,False,0,0,1,0.44475,377,1,0.44475,595,10,0,8,0.5,TINYIMAGENET_alexnet_GEN_accuracy_kp5000_seed123,123,40000,602,42,accuracy,100123,0.44475,1,2.8294149735927583,30.163086287677288,10,2.8294149735927583,valid,0.44556586796393843,0.49486942368159503,0.4447500000000001,100123
GEN,0.44475,377,377,offspring,0,0,TINYIMAGENET,603,main_b1000_tinyimagenet_alexnet_GEN_kp50_seed123,0.5,0.44475,66,False,0.5,alexnet,False,0,0,2,0.44475,377,1,0.44475,595,10,0,9,0.5,TINYIMAGENET_alexnet_GEN_accuracy_kp5000_seed123,123,40000,603,42,accuracy,100123,0.44475,1,2.8294149735927583,30.782183170318604,10,2.8294149735927583,valid,0.44556586796393843,0.49486942368159503,0.4447500000000001,100123
GEN,0.44475,377,377,offspring,0,0,TINYIMAGENET,604,main_b1000_tinyimagenet_alexnet_GEN_kp50_seed123,0.5,0.44475,66,False,0.5,alexnet,False,0,0,1,0.44475,587,2,0.44475,589,4,0,10,0.5,TINYIMAGENET_alexnet_GEN_accuracy_kp5000_seed123,123,40000,604,42,accuracy,100123,0.44475,1,2.8294149735927583,30.195951260626316,10,2.8294149735927583,valid,0.44556586796393843,0.49486942368159503,0.4447500000000001,100123
GEN,0.44475,377,377,offspring,0,0,TINYIMAGENET,605,main_b1000_tinyimagenet_alexnet_GEN_kp50_seed123,0.5,0.44475,67,False,0.5,alexnet,False,0,0,1,0.44475,599,5,0.44475,600,6,0,2,0.5,TINYIMAGENET_alexnet_GEN_accuracy_kp5000_seed123,123,40000,605,42,accuracy,100123,0.44475,1,2.8294149735927583,30.87814348936081,10,2.8294149735927583,valid,0.44556586796393843,0.49486942368159503,0.4447500000000001,100123
GEN,0.44475,377,377,offspring,0,0,TINYIMAGENET,606,main_b1000_tinyimagenet_alexnet_GEN_kp50_seed123,0.5,0.44475,67,False,0.5,alexnet,False,0,0,2,0.44475,599,5,0.44475,600,6,0,3,0.5,TINYIMAGENET_alexnet_GEN_accuracy_kp5000_seed123,123,40000,606,42,accuracy,100123,0.44475,1,2.8294149735927583,30.328641690313816,10,2.8294149735927583,valid,0.44556586796393843,0.49486942368159503,0.4447500000000001,100123
GEN,0.44475,377,377,offspring,0,0,TINYIMAGENET,607,main_b1000_tinyimagenet_alexnet_GEN_kp50_seed123,0.5,0.44475,67,False,0.5,alexnet,False,0,0,1,0.44475,597,3,0.44475,604,10,0,4,0.5,TINYIMAGENET_alexnet_GEN_accuracy_kp5000_seed123,123,40000,607,42,accuracy,100123,0.44475,1,2.8294149735927583,30.773849681019783,10,2.8294149735927583,valid,0.44556586796393843,0.49486942368159503,0.4447500000000001,100123
GEN,0.44475,377,377,offspring,0,0,TINYIMAGENET,608,main_b1000_tinyimagenet_alexnet_GEN_kp50_seed123,0.5,0.44475,67,False,0.5,alexnet,False,0,0,2,0.44475,597,3,0.44475,604,10,0,5,0.5,TINYIMAGENET_alexnet_GEN_accuracy_kp5000_seed123,123,40000,608,42,accuracy,100123,0.44475,1,2.8294149735927583,30.216320611536503,10,2.8294149735927583,valid,0.44556586796393843,0.49486942368159503,0.4447500000000001,100123
GEN,0.44475,377,377,offspring,0,0,TINYIMAGENET,609,main_b1000_tinyimagenet_alexnet_GEN_kp50_seed123,0.5,0.43525,67,False,0.5,alexnet,True,4000,2000,1,0.44475,602,8,0.44475,600,6,0,6,0.5,TINYIMAGENET_alexnet_GEN_accuracy_kp5000_seed123,123,40000,609,42,accuracy,100123,0.43525,1,2.904384795808792,30.792998015880585,10,2.904384795808792,valid,0.4318539318950199,0.50083382238261,0.43524999999999997,100123
GEN,0.44475,377,377,offspring,0,0,TINYIMAGENET,610,main_b1000_tinyimagenet_alexnet_GEN_kp50_seed123,0.5,0.44475,67,False,0.5,alexnet,False,0,0,2,0.44475,602,8,0.44475,600,6,0,7,0.5,TINYIMAGENET_alexnet_GEN_accuracy_kp5000_seed123,123,40000,610,42,accuracy,100123,0.44475,1,2.8294149735927583,30.32237233221531,10,2.8294149735927583,valid,0.44556586796393843,0.49486942368159503,0.4447500000000001,100123
GEN,0.44475,377,377,offspring,0,0,TINYIMAGENET,611,main_b1000_tinyimagenet_alexnet_GEN_kp50_seed123,0.5,0.44475,67,False,0.5,alexnet,False,0,0,1,0.44475,599,5,0.44475,604,10,0,8,0.5,TINYIMAGENET_alexnet_GEN_accuracy_kp5000_seed123,123,40000,611,42,accuracy,100123,0.44475,1,2.8294149735927583,30.70140863209963,10,2.8294149735927583,valid,0.44556586796393843,0.49486942368159503,0.4447500000000001,100123
GEN,0.44475,377,377,offspring,0,0,TINYIMAGENET,612,main_b1000_tinyimagenet_alexnet_GEN_kp50_seed123,0.5,0.44475,67,False,0.5,alexnet,False,0,0,2,0.44475,599,5,0.44475,604,10,0,9,0.5,TINYIMAGENET_alexnet_GEN_accuracy_kp5000_seed123,123,40000,612,42,accuracy,100123,0.44475,1,2.8294149735927583,30.275384478271008,10,2.8294149735927583,valid,0.44556586796393843,0.49486942368159503,0.4447500000000001,100123
GEN,0.44475,377,377,offspring,0,0,TINYIMAGENET,613,main_b1000_tinyimagenet_alexnet_GEN_kp50_seed123,0.5,0.44475,67,False,0.5,alexnet,False,0,0,1,0.44475,599,5,0.44475,597,3,0,10,0.5,TINYIMAGENET_alexnet_GEN_accuracy_kp5000_seed123,123,40000,613,42,accuracy,100123,0.44475,1,2.8294149735927583,30.695458337664604,10,2.8294149735927583,valid,0.44556586796393843,0.49486942368159503,0.4447500000000001,100123
GEN,0.44475,377,377,offspring,0,0,TINYIMAGENET,614,main_b1000_tinyimagenet_alexnet_GEN_kp50_seed123,0.5,0.44475,68,False,0.5,alexnet,False,0,0,1,0.44475,377,1,0.44475,608,5,0,2,0.5,TINYIMAGENET_alexnet_GEN_accuracy_kp5000_seed123,123,40000,614,42,accuracy,100123,0.44475,1,2.8294149735927583,30.33534501492977,10,2.8294149735927583,valid,0.44556586796393843,0.49486942368159503,0.4447500000000001,100123
GEN,0.44475,377,377,offspring,0,0,TINYIMAGENET,615,main_b1000_tinyimagenet_alexnet_GEN_kp50_seed123,0.5,0.44475,68,False,0.5,alexnet,False,0,0,2,0.44475,377,1,0.44475,608,5,0,3,0.5,TINYIMAGENET_alexnet_GEN_accuracy_kp5000_seed123,123,40000,615,42,accuracy,100123,0.44475,1,2.8294149735927583,30.664264149963856,10,2.8294149735927583,valid,0.44556586796393843,0.49486942368159503,0.4447500000000001,100123
GEN,0.44475,377,377,offspring,0,0,TINYIMAGENET,616,main_b1000_tinyimagenet_alexnet_GEN_kp50_seed123,0.5,0.437,68,False,0.5,alexnet,True,4000,2000,1,0.44475,612,9,0.44475,606,3,0,4,0.5,TINYIMAGENET_alexnet_GEN_accuracy_kp5000_seed123,123,40000,616,42,accuracy,100123,0.437,1,2.852094773578644,30.43602904677391,10,2.852094773578644,valid,0.43487986374336735,0.49485134329336256,0.43700000000000006,100123
GEN,0.44475,377,377,offspring,0,0,TINYIMAGENET,617,main_b1000_tinyimagenet_alexnet_GEN_kp50_seed123,0.5,0.44475,68,False,0.5,alexnet,False,0,0,2,0.44475,612,9,0.44475,606,3,0,5,0.5,TINYIMAGENET_alexnet_GEN_accuracy_kp5000_seed123,123,40000,617,42,accuracy,100123,0.44475,1,2.8294149735927583,30.630128100514412,10,2.8294149735927583,valid,0.44556586796393843,0.49486942368159503,0.4447500000000001,100123
GEN,0.44475,377,377,offspring,0,0,TINYIMAGENET,618,main_b1000_tinyimagenet_alexnet_GEN_kp50_seed123,0.5,0.44475,68,False,0.5,alexnet,False,0,0,1,0.44475,610,7,0.44475,605,2,0,6,0.5,TINYIMAGENET_alexnet_GEN_accuracy_kp5000_seed123,123,40000,618,42,accuracy,100123,0.44475,1,2.8294149735927583,30.44265305250883,10,2.8294149735927583,valid,0.44556586796393843,0.49486942368159503,0.4447500000000001,100123
GEN,0.44475,377,377,offspring,0,0,TINYIMAGENET,619,main_b1000_tinyimagenet_alexnet_GEN_kp50_seed123,0.5,0.44475,68,False,0.5,alexnet,False,0,0,2,0.44475,610,7,0.44475,605,2,0,7,0.5,TINYIMAGENET_alexnet_GEN_accuracy_kp5000_seed123,123,40000,619,42,accuracy,100123,0.44475,1,2.8294149735927583,30.642296209931374,10,2.8294149735927583,valid,0.44556586796393843,0.49486942368159503,0.4447500000000001,100123
GEN,0.44475,377,377,offspring,0,0,TINYIMAGENET,620,main_b1000_tinyimagenet_alexnet_GEN_kp50_seed123,0.5,0.44475,68,False,0.5,alexnet,False,0,0,1,0.44475,611,8,0.44475,613,10,0,8,0.5,TINYIMAGENET_alexnet_GEN_accuracy_kp5000_seed123,123,40000,620,42,accuracy,100123,0.44475,1,2.8294149735927583,30.613781586289406,10,2.8294149735927583,valid,0.44556586796393843,0.49486942368159503,0.4447500000000001,100123
GEN,0.44475,377,377,offspring,0,0,TINYIMAGENET,621,main_b1000_tinyimagenet_alexnet_GEN_kp50_seed123,0.5,0.44475,68,False,0.5,alexnet,False,0,0,2,0.44475,611,8,0.44475,613,10,0,9,0.5,TINYIMAGENET_alexnet_GEN_accuracy_kp5000_seed123,123,40000,621,42,accuracy,100123,0.44475,1,2.8294149735927583,30.422484062612057,10,2.8294149735927583,valid,0.44556586796393843,0.49486942368159503,0.4447500000000001,100123
GEN,0.44475,377,377,offspring,0,0,TINYIMAGENET,622,main_b1000_tinyimagenet_alexnet_GEN_kp50_seed123,0.5,0.44475,68,False,0.5,alexnet,False,0,0,1,0.44475,377,1,0.44475,607,4,0,10,0.5,TINYIMAGENET_alexnet_GEN_accuracy_kp5000_seed123,123,40000,622,42,accuracy,100123,0.44475,1,2.8294149735927583,30.638872422277927,10,2.8294149735927583,valid,0.44556586796393843,0.49486942368159503,0.4447500000000001,100123
GEN,0.44475,377,377,offspring,0,0,TINYIMAGENET,623,main_b1000_tinyimagenet_alexnet_GEN_kp50_seed123,0.5,0.44475,69,False,0.5,alexnet,False,0,0,1,0.44475,619,7,0.44475,377,1,0,2,0.5,TINYIMAGENET_alexnet_GEN_accuracy_kp5000_seed123,123,40000,623,42,accuracy,100123,0.44475,1,2.8294149735927583,30.312303751707077,10,2.8294149735927583,valid,0.44556586796393843,0.49486942368159503,0.4447500000000001,100123
GEN,0.44475,377,377,offspring,0,0,TINYIMAGENET,624,main_b1000_tinyimagenet_alexnet_GEN_kp50_seed123,0.5,0.44475,69,False,0.5,alexnet,False,0,0,2,0.44475,619,7,0.44475,377,1,0,3,0.5,TINYIMAGENET_alexnet_GEN_accuracy_kp5000_seed123,123,40000,624,42,accuracy,100123,0.44475,1,2.8294149735927583,30.746525891125202,10,2.8294149735927583,valid,0.44556586796393843,0.49486942368159503,0.4447500000000001,100123
GEN,0.44475,377,377,offspring,0,0,TINYIMAGENET,625,main_b1000_tinyimagenet_alexnet_GEN_kp50_seed123,0.5,0.44475,69,False,0.5,alexnet,False,0,0,1,0.44475,622,10,0.44475,620,8,0,4,0.5,TINYIMAGENET_alexnet_GEN_accuracy_kp5000_seed123,123,40000,625,42,accuracy,100123,0.44475,1,2.8294149735927583,30.210938587784767,10,2.8294149735927583,valid,0.44556586796393843,0.49486942368159503,0.4447500000000001,100123
GEN,0.44475,377,377,offspring,0,0,TINYIMAGENET,626,main_b1000_tinyimagenet_alexnet_GEN_kp50_seed123,0.5,0.44475,69,False,0.5,alexnet,False,0,0,2,0.44475,622,10,0.44475,620,8,0,5,0.5,TINYIMAGENET_alexnet_GEN_accuracy_kp5000_seed123,123,40000,626,42,accuracy,100123,0.44475,1,2.8294149735927583,30.748139552772045,10,2.8294149735927583,valid,0.44556586796393843,0.49486942368159503,0.4447500000000001,100123
GEN,0.44475,377,377,offspring,0,0,TINYIMAGENET,627,main_b1000_tinyimagenet_alexnet_GEN_kp50_seed123,0.5,0.44475,69,False,0.5,alexnet,False,0,0,1,0.44475,618,6,0.44475,617,5,0,6,0.5,TINYIMAGENET_alexnet_GEN_accuracy_kp5000_seed123,123,40000,627,42,accuracy,100123,0.44475,1,2.8294149735927583,30.2270964756608,10,2.8294149735927583,valid,0.44556586796393843,0.49486942368159503,0.4447500000000001,100123
GEN,0.44475,377,377,offspring,0,0,TINYIMAGENET,628,main_b1000_tinyimagenet_alexnet_GEN_kp50_seed123,0.5,0.44475,69,False,0.5,alexnet,False,0,0,2,0.44475,618,6,0.44475,617,5,0,7,0.5,TINYIMAGENET_alexnet_GEN_accuracy_kp5000_seed123,123,40000,628,42,accuracy,100123,0.44475,1,2.8294149735927583,30.784737467765808,10,2.8294149735927583,valid,0.44556586796393843,0.49486942368159503,0.4447500000000001,100123
GEN,0.44475,377,377,offspring,0,0,TINYIMAGENET,629,main_b1000_tinyimagenet_alexnet_GEN_kp50_seed123,0.5,0.44475,69,False,0.5,alexnet,False,0,0,1,0.44475,617,5,0.44475,619,7,0,8,0.5,TINYIMAGENET_alexnet_GEN_accuracy_kp5000_seed123,123,40000,629,42,accuracy,100123,0.44475,1,2.8294149735927583,30.261377103626728,10,2.8294149735927583,valid,0.44556586796393843,0.49486942368159503,0.4447500000000001,100123
GEN,0.44475,377,377,offspring,0,0,TINYIMAGENET,630,main_b1000_tinyimagenet_alexnet_GEN_kp50_seed123,0.5,0.44475,69,False,0.5,alexnet,False,0,0,2,0.44475,617,5,0.44475,619,7,0,9,0.5,TINYIMAGENET_alexnet_GEN_accuracy_kp5000_seed123,123,40000,630,42,accuracy,100123,0.44475,1,2.8294149735927583,30.864059254527092,10,2.8294149735927583,valid,0.44556586796393843,0.49486942368159503,0.4447500000000001,100123
GEN,0.44475,377,377,offspring,0,0,TINYIMAGENET,631,main_b1000_tinyimagenet_alexnet_GEN_kp50_seed123,0.5,0.428,69,False,0.5,alexnet,True,4000,2000,1,0.44475,621,9,0.44475,614,2,0,10,0.5,TINYIMAGENET_alexnet_GEN_accuracy_kp5000_seed123,123,40000,631,42,accuracy,100123,0.428,1,2.913438537025452,30.248319558799267,10,2.913438537025452,valid,0.42896256576677133,0.5001788027697178,0.428,100123
GEN,0.44475,377,377,offspring,0,0,TINYIMAGENET,632,main_b1000_tinyimagenet_alexnet_GEN_kp50_seed123,0.5,0.44475,70,False,0.5,alexnet,False,0,0,1,0.44475,626,5,0.44475,627,6,0,2,0.5,TINYIMAGENET_alexnet_GEN_accuracy_kp5000_seed123,123,40000,632,42,accuracy,100123,0.44475,1,2.8294149735927583,30.769900672137737,10,2.8294149735927583,valid,0.44556586796393843,0.49486942368159503,0.4447500000000001,100123
GEN,0.44475,377,377,offspring,0,0,TINYIMAGENET,633,main_b1000_tinyimagenet_alexnet_GEN_kp50_seed123,0.5,0.43245,70,False,0.5,alexnet,True,4000,2000,2,0.44475,626,5,0.44475,627,6,0,3,0.5,TINYIMAGENET_alexnet_GEN_accuracy_kp5000_seed123,123,40000,633,42,accuracy,100123,0.43245,1,2.8926340399742125,30.261324174702168,10,2.8926340399742125,valid,0.4334992539514005,0.5014022516955157,0.43245000000000006,100123
GEN,0.44475,377,377,offspring,0,0,TINYIMAGENET,634,main_b1000_tinyimagenet_alexnet_GEN_kp50_seed123,0.5,0.44475,70,False,0.5,alexnet,False,0,0,1,0.44475,623,2,0.44475,630,9,0,4,0.5,TINYIMAGENET_alexnet_GEN_accuracy_kp5000_seed123,123,40000,634,42,accuracy,100123,0.44475,1,2.8294149735927583,30.867147140204906,10,2.8294149735927583,valid,0.44556586796393843,0.49486942368159503,0.4447500000000001,100123
GEN,0.44475,377,377,offspring,0,0,TINYIMAGENET,635,main_b1000_tinyimagenet_alexnet_GEN_kp50_seed123,0.5,0.44475,70,False,0.5,alexnet,False,0,0,2,0.44475,623,2,0.44475,630,9,0,5,0.5,TINYIMAGENET_alexnet_GEN_accuracy_kp5000_seed123,123,40000,635,42,accuracy,100123,0.44475,1,2.8294149735927583,30.28120283037424,10,2.8294149735927583,valid,0.44556586796393843,0.49486942368159503,0.4447500000000001,100123
GEN,0.44475,377,377,offspring,0,0,TINYIMAGENET,636,main_b1000_tinyimagenet_alexnet_GEN_kp50_seed123,0.5,0.44475,70,False,0.5,alexnet,False,0,0,1,0.44475,630,9,0.44475,626,5,0,6,0.5,TINYIMAGENET_alexnet_GEN_accuracy_kp5000_seed123,123,40000,636,42,accuracy,100123,0.44475,1,2.8294149735927583,30.801894538104534,10,2.8294149735927583,valid,0.44556586796393843,0.49486942368159503,0.4447500000000001,100123
GEN,0.44475,377,377,offspring,0,0,TINYIMAGENET,637,main_b1000_tinyimagenet_alexnet_GEN_kp50_seed123,0.5,0.44475,70,False,0.5,alexnet,False,0,0,2,0.44475,630,9,0.44475,626,5,0,7,0.5,TINYIMAGENET_alexnet_GEN_accuracy_kp5000_seed123,123,40000,637,42,accuracy,100123,0.44475,1,2.8294149735927583,30.340389482676983,10,2.8294149735927583,valid,0.44556586796393843,0.49486942368159503,0.4447500000000001,100123
GEN,0.44475,377,377,offspring,0,0,TINYIMAGENET,638,main_b1000_tinyimagenet_alexnet_GEN_kp50_seed123,0.5,0.44475,70,False,0.5,alexnet,False,0,0,1,0.44475,629,8,0.44475,623,2,0,8,0.5,TINYIMAGENET_alexnet_GEN_accuracy_kp5000_seed123,123,40000,638,42,accuracy,100123,0.44475,1,2.8294149735927583,30.689935728907585,10,2.8294149735927583,valid,0.44556586796393843,0.49486942368159503,0.4447500000000001,100123
GEN,0.44475,377,377,offspring,0,0,TINYIMAGENET,639,main_b1000_tinyimagenet_alexnet_GEN_kp50_seed123,0.5,0.44475,70,False,0.5,alexnet,False,0,0,2,0.44475,629,8,0.44475,623,2,0,9,0.5,TINYIMAGENET_alexnet_GEN_accuracy_kp5000_seed123,123,40000,639,42,accuracy,100123,0.44475,1,2.8294149735927583,30.346327304840088,10,2.8294149735927583,valid,0.44556586796393843,0.49486942368159503,0.4447500000000001,100123
GEN,0.44475,377,377,offspring,0,0,TINYIMAGENET,640,main_b1000_tinyimagenet_alexnet_GEN_kp50_seed123,0.5,0.44475,70,False,0.5,alexnet,False,0,0,1,0.44475,623,2,0.44475,630,9,0,10,0.5,TINYIMAGENET_alexnet_GEN_accuracy_kp5000_seed123,123,40000,640,42,accuracy,100123,0.44475,1,2.8294149735927583,30.695997536182404,10,2.8294149735927583,valid,0.44556586796393843,0.49486942368159503,0.4447500000000001,100123
GEN,0.44475,377,377,offspring,0,0,TINYIMAGENET,641,main_b1000_tinyimagenet_alexnet_GEN_kp50_seed123,0.5,0.44475,71,False,0.5,alexnet,False,0,0,1,0.44475,639,9,0.44475,635,5,0,2,0.5,TINYIMAGENET_alexnet_GEN_accuracy_kp5000_seed123,123,40000,641,42,accuracy,100123,0.44475,1,2.8294149735927583,30.415651448071003,10,2.8294149735927583,valid,0.44556586796393843,0.49486942368159503,0.4447500000000001,100123
GEN,0.44475,377,377,offspring,0,0,TINYIMAGENET,642,main_b1000_tinyimagenet_alexnet_GEN_kp50_seed123,0.5,0.44475,71,False,0.5,alexnet,False,0,0,2,0.44475,639,9,0.44475,635,5,0,3,0.5,TINYIMAGENET_alexnet_GEN_accuracy_kp5000_seed123,123,40000,642,42,accuracy,100123,0.44475,1,2.8294149735927583,30.756157711148262,10,2.8294149735927583,valid,0.44556586796393843,0.49486942368159503,0.4447500000000001,100123
GEN,0.44475,377,377,offspring,0,0,TINYIMAGENET,643,main_b1000_tinyimagenet_alexnet_GEN_kp50_seed123,0.5,0.44475,71,False,0.5,alexnet,False,0,0,1,0.44475,638,8,0.44475,377,1,0,4,0.5,TINYIMAGENET_alexnet_GEN_accuracy_kp5000_seed123,123,40000,643,42,accuracy,100123,0.44475,1,2.8294149735927583,30.421580396592617,10,2.8294149735927583,valid,0.44556586796393843,0.49486942368159503,0.4447500000000001,100123
GEN,0.44475,377,377,offspring,0,0,TINYIMAGENET,644,main_b1000_tinyimagenet_alexnet_GEN_kp50_seed123,0.5,0.44475,71,False,0.5,alexnet,False,0,0,2,0.44475,638,8,0.44475,377,1,0,5,0.5,TINYIMAGENET_alexnet_GEN_accuracy_kp5000_seed123,123,40000,644,42,accuracy,100123,0.44475,1,2.8294149735927583,30.486961290240288,10,2.8294149735927583,valid,0.44556586796393843,0.49486942368159503,0.4447500000000001,100123
GEN,0.44475,377,377,offspring,0,0,TINYIMAGENET,645,main_b1000_tinyimagenet_alexnet_GEN_kp50_seed123,0.5,0.44475,71,False,0.5,alexnet,False,0,0,1,0.44475,634,4,0.44475,635,5,0,6,0.5,TINYIMAGENET_alexnet_GEN_accuracy_kp5000_seed123,123,40000,645,42,accuracy,100123,0.44475,1,2.8294149735927583,30.501867309212685,10,2.8294149735927583,valid,0.44556586796393843,0.49486942368159503,0.4447500000000001,100123
GEN,0.44475,377,377,offspring,0,0,TINYIMAGENET,646,main_b1000_tinyimagenet_alexnet_GEN_kp50_seed123,0.5,0.44475,71,False,0.5,alexnet,False,0,0,2,0.44475,634,4,0.44475,635,5,0,7,0.5,TINYIMAGENET_alexnet_GEN_accuracy_kp5000_seed123,123,40000,646,42,accuracy,100123,0.44475,1,2.8294149735927583,30.505699306726456,10,2.8294149735927583,valid,0.44556586796393843,0.49486942368159503,0.4447500000000001,100123
GEN,0.44475,377,377,offspring,0,0,TINYIMAGENET,647,main_b1000_tinyimagenet_alexnet_GEN_kp50_seed123,0.5,0.44475,71,False,0.5,alexnet,False,0,0,1,0.44475,634,4,0.44475,640,10,0,8,0.5,TINYIMAGENET_alexnet_GEN_accuracy_kp5000_seed123,123,40000,647,42,accuracy,100123,0.44475,1,2.8294149735927583,30.67364501953125,10,2.8294149735927583,valid,0.44556586796393843,0.49486942368159503,0.4447500000000001,100123
GEN,0.44475,377,377,offspring,0,0,TINYIMAGENET,648,main_b1000_tinyimagenet_alexnet_GEN_kp50_seed123,0.5,0.44475,71,False,0.5,alexnet,False,0,0,2,0.44475,634,4,0.44475,640,10,0,9,0.5,TINYIMAGENET_alexnet_GEN_accuracy_kp5000_seed123,123,40000,648,42,accuracy,100123,0.44475,1,2.8294149735927583,30.410548888146877,10,2.8294149735927583,valid,0.44556586796393843,0.49486942368159503,0.4447500000000001,100123
GEN,0.44475,377,377,offspring,0,0,TINYIMAGENET,649,main_b1000_tinyimagenet_alexnet_GEN_kp50_seed123,0.5,0.44475,71,False,0.5,alexnet,False,0,0,1,0.44475,638,8,0.44475,639,9,0,10,0.5,TINYIMAGENET_alexnet_GEN_accuracy_kp5000_seed123,123,40000,649,42,accuracy,100123,0.44475,1,2.8294149735927583,30.74138718098402,10,2.8294149735927583,valid,0.44556586796393843,0.49486942368159503,0.4447500000000001,100123
GEN,0.44475,377,377,offspring,0,0,TINYIMAGENET,650,main_b1000_tinyimagenet_alexnet_GEN_kp50_seed123,0.5,0.44475,72,False,0.5,alexnet,False,0,0,1,0.44475,649,10,0.44475,377,1,0,2,0.5,TINYIMAGENET_alexnet_GEN_accuracy_kp5000_seed123,123,40000,650,42,accuracy,100123,0.44475,1,2.8294149735927583,30.25119574368,10,2.8294149735927583,valid,0.44556586796393843,0.49486942368159503,0.4447500000000001,100123
GEN,0.44475,377,377,offspring,0,0,TINYIMAGENET,651,main_b1000_tinyimagenet_alexnet_GEN_kp50_seed123,0.5,0.44475,72,False,0.5,alexnet,False,0,0,2,0.44475,649,10,0.44475,377,1,0,3,0.5,TINYIMAGENET_alexnet_GEN_accuracy_kp5000_seed123,123,40000,651,42,accuracy,100123,0.44475,1,2.8294149735927583,30.814064644277096,10,2.8294149735927583,valid,0.44556586796393843,0.49486942368159503,0.4447500000000001,100123
GEN,0.44475,377,377,offspring,0,0,TINYIMAGENET,652,main_b1000_tinyimagenet_alexnet_GEN_kp50_seed123,0.5,0.44475,72,False,0.5,alexnet,False,0,0,1,0.44475,649,10,0.44475,641,2,0,4,0.5,TINYIMAGENET_alexnet_GEN_accuracy_kp5000_seed123,123,40000,652,42,accuracy,100123,0.44475,1,2.8294149735927583,30.262852899730206,10,2.8294149735927583,valid,0.44556586796393843,0.49486942368159503,0.4447500000000001,100123
GEN,0.44475,377,377,offspring,0,0,TINYIMAGENET,653,main_b1000_tinyimagenet_alexnet_GEN_kp50_seed123,0.5,0.44475,72,False,0.5,alexnet,False,0,0,2,0.44475,649,10,0.44475,641,2,0,5,0.5,TINYIMAGENET_alexnet_GEN_accuracy_kp5000_seed123,123,40000,653,42,accuracy,100123,0.44475,1,2.8294149735927583,30.7884428948164,10,2.8294149735927583,valid,0.44556586796393843,0.49486942368159503,0.4447500000000001,100123
GEN,0.44475,377,377,offspring,0,0,TINYIMAGENET,654,main_b1000_tinyimagenet_alexnet_GEN_kp50_seed123,0.5,0.44475,72,False,0.5,alexnet,False,0,0,1,0.44475,377,1,0.44475,649,10,0,6,0.5,TINYIMAGENET_alexnet_GEN_accuracy_kp5000_seed123,123,40000,654,42,accuracy,100123,0.44475,1,2.8294149735927583,30.2385480850935,10,2.8294149735927583,valid,0.44556586796393843,0.49486942368159503,0.4447500000000001,100123
GEN,0.44475,377,377,offspring,0,0,TINYIMAGENET,655,main_b1000_tinyimagenet_alexnet_GEN_kp50_seed123,0.5,0.44475,72,False,0.5,alexnet,False,0,0,2,0.44475,377,1,0.44475,649,10,0,7,0.5,TINYIMAGENET_alexnet_GEN_accuracy_kp5000_seed123,123,40000,655,42,accuracy,100123,0.44475,1,2.8294149735927583,30.74606977403164,10,2.8294149735927583,valid,0.44556586796393843,0.49486942368159503,0.4447500000000001,100123
GEN,0.44475,377,377,offspring,0,0,TINYIMAGENET,656,main_b1000_tinyimagenet_alexnet_GEN_kp50_seed123,0.5,0.44475,72,False,0.5,alexnet,False,0,0,1,0.44475,648,9,0.44475,647,8,0,8,0.5,TINYIMAGENET_alexnet_GEN_accuracy_kp5000_seed123,123,40000,656,42,accuracy,100123,0.44475,1,2.8294149735927583,30.20962217450142,10,2.8294149735927583,valid,0.44556586796393843,0.49486942368159503,0.4447500000000001,100123
GEN,0.44475,377,377,offspring,0,0,TINYIMAGENET,657,main_b1000_tinyimagenet_alexnet_GEN_kp50_seed123,0.5,0.44475,72,False,0.5,alexnet,False,0,0,2,0.44475,648,9,0.44475,647,8,0,9,0.5,TINYIMAGENET_alexnet_GEN_accuracy_kp5000_seed123,123,40000,657,42,accuracy,100123,0.44475,1,2.8294149735927583,30.79637188464403,10,2.8294149735927583,valid,0.44556586796393843,0.49486942368159503,0.4447500000000001,100123
GEN,0.44475,377,377,offspring,0,0,TINYIMAGENET,658,main_b1000_tinyimagenet_alexnet_GEN_kp50_seed123,0.5,0.44475,72,False,0.5,alexnet,False,0,0,1,0.44475,648,9,0.44475,377,1,0,10,0.5,TINYIMAGENET_alexnet_GEN_accuracy_kp5000_seed123,123,40000,658,42,accuracy,100123,0.44475,1,2.8294149735927583,30.166618585586548,10,2.8294149735927583,valid,0.44556586796393843,0.49486942368159503,0.4447500000000001,100123
GEN,0.44475,377,377,offspring,0,0,TINYIMAGENET,659,main_b1000_tinyimagenet_alexnet_GEN_kp50_seed123,0.5,0.44475,73,False,0.5,alexnet,False,0,0,1,0.44475,656,8,0.44475,654,6,0,2,0.5,TINYIMAGENET_alexnet_GEN_accuracy_kp5000_seed123,123,40000,659,42,accuracy,100123,0.44475,1,2.8294149735927583,30.763240590691566,10,2.8294149735927583,valid,0.44556586796393843,0.49486942368159503,0.4447500000000001,100123
GEN,0.44475,377,377,offspring,0,0,TINYIMAGENET,660,main_b1000_tinyimagenet_alexnet_GEN_kp50_seed123,0.5,0.44475,73,False,0.5,alexnet,False,0,0,2,0.44475,656,8,0.44475,654,6,0,3,0.5,TINYIMAGENET_alexnet_GEN_accuracy_kp5000_seed123,123,40000,660,42,accuracy,100123,0.44475,1,2.8294149735927583,30.14837247878313,10,2.8294149735927583,valid,0.44556586796393843,0.49486942368159503,0.4447500000000001,100123
GEN,0.44475,377,377,offspring,0,0,TINYIMAGENET,661,main_b1000_tinyimagenet_alexnet_GEN_kp50_seed123,0.5,0.4323,73,False,0.5,alexnet,True,4000,2000,1,0.44475,652,4,0.44475,655,7,0,4,0.5,TINYIMAGENET_alexnet_GEN_accuracy_kp5000_seed123,123,40000,661,42,accuracy,100123,0.4323,1,2.9136366145133974,30.71523278206587,10,2.9136366145133974,valid,0.4326161204534706,0.5003501675540183,0.43229999999999996,100123
GEN,0.44475,377,377,offspring,0,0,TINYIMAGENET,662,main_b1000_tinyimagenet_alexnet_GEN_kp50_seed123,0.5,0.44475,73,False,0.5,alexnet,False,0,0,2,0.44475,652,4,0.44475,655,7,0,5,0.5,TINYIMAGENET_alexnet_GEN_accuracy_kp5000_seed123,123,40000,662,42,accuracy,100123,0.44475,1,2.8294149735927583,30.238895796239376,10,2.8294149735927583,valid,0.44556586796393843,0.49486942368159503,0.4447500000000001,100123
GEN,0.44475,377,377,offspring,0,0,TINYIMAGENET,663,main_b1000_tinyimagenet_alexnet_GEN_kp50_seed123,0.5,0.43685,73,False,0.5,alexnet,True,4000,2000,1,0.44475,657,9,0.44475,655,7,0,6,0.5,TINYIMAGENET_alexnet_GEN_accuracy_kp5000_seed123,123,40000,663,42,accuracy,100123,0.43685,1,2.8642193042755126,30.68319498002529,10,2.8642193042755126,valid,0.43859959308539925,0.5025609399950742,0.43685,100123
GEN,0.44475,377,377,offspring,0,0,TINYIMAGENET,664,main_b1000_tinyimagenet_alexnet_GEN_kp50_seed123,0.5,0.44475,73,False,0.5,alexnet,False,0,0,2,0.44475,657,9,0.44475,655,7,0,7,0.5,TINYIMAGENET_alexnet_GEN_accuracy_kp5000_seed123,123,40000,664,42,accuracy,100123,0.44475,1,2.8294149735927583,30.347106374800205,10,2.8294149735927583,valid,0.44556586796393843,0.49486942368159503,0.4447500000000001,100123
GEN,0.44475,377,377,offspring,0,0,TINYIMAGENET,665,main_b1000_tinyimagenet_alexnet_GEN_kp50_seed123,0.5,0.43165,73,False,0.5,alexnet,True,4000,2000,1,0.44475,657,9,0.44475,655,7,0,8,0.5,TINYIMAGENET_alexnet_GEN_accuracy_kp5000_seed123,123,40000,665,42,accuracy,100123,0.43165,1,2.8892057023525237,30.716386131942272,10,2.8892057023525237,valid,0.4312975052751098,0.49296364099148915,0.4316500000000001,100123
GEN,0.44475,377,377,offspring,0,0,TINYIMAGENET,666,main_b1000_tinyimagenet_alexnet_GEN_kp50_seed123,0.5,0.44475,73,False,0.5,alexnet,False,0,0,2,0.44475,657,9,0.44475,655,7,0,9,0.5,TINYIMAGENET_alexnet_GEN_accuracy_kp5000_seed123,123,40000,666,42,accuracy,100123,0.44475,1,2.8294149735927583,30.26602903008461,10,2.8294149735927583,valid,0.44556586796393843,0.49486942368159503,0.4447500000000001,100123
GEN,0.44475,377,377,offspring,0,0,TINYIMAGENET,667,main_b1000_tinyimagenet_alexnet_GEN_kp50_seed123,0.5,0.44475,73,False,0.5,alexnet,False,0,0,1,0.44475,377,1,0.44475,655,7,0,10,0.5,TINYIMAGENET_alexnet_GEN_accuracy_kp5000_seed123,123,40000,667,42,accuracy,100123,0.44475,1,2.8294149735927583,30.728359267115593,10,2.8294149735927583,valid,0.44556586796393843,0.49486942368159503,0.4447500000000001,100123
GEN,0.44475,377,377,offspring,0,0,TINYIMAGENET,668,main_b1000_tinyimagenet_alexnet_GEN_kp50_seed123,0.5,0.44475,74,False,0.5,alexnet,False,0,0,1,0.44475,664,7,0.44475,377,1,0,2,0.5,TINYIMAGENET_alexnet_GEN_accuracy_kp5000_seed123,123,40000,668,42,accuracy,100123,0.44475,1,2.8294149735927583,30.376538932323456,10,2.8294149735927583,valid,0.44556586796393843,0.49486942368159503,0.4447500000000001,100123
GEN,0.44475,377,377,offspring,0,0,TINYIMAGENET,669,main_b1000_tinyimagenet_alexnet_GEN_kp50_seed123,0.5,0.44475,74,False,0.5,alexnet,False,0,0,2,0.44475,664,7,0.44475,377,1,0,3,0.5,TINYIMAGENET_alexnet_GEN_accuracy_kp5000_seed123,123,40000,669,42,accuracy,100123,0.44475,1,2.8294149735927583,30.632107466459274,10,2.8294149735927583,valid,0.44556586796393843,0.49486942368159503,0.4447500000000001,100123
GEN,0.44475,377,377,offspring,0,0,TINYIMAGENET,670,main_b1000_tinyimagenet_alexnet_GEN_kp50_seed123,0.5,0.44475,74,False,0.5,alexnet,False,0,0,1,0.44475,666,9,0.44475,662,5,0,4,0.5,TINYIMAGENET_alexnet_GEN_accuracy_kp5000_seed123,123,40000,670,42,accuracy,100123,0.44475,1,2.8294149735927583,30.568461775779724,10,2.8294149735927583,valid,0.44556586796393843,0.49486942368159503,0.4447500000000001,100123
GEN,0.44475,377,377,offspring,0,0,TINYIMAGENET,671,main_b1000_tinyimagenet_alexnet_GEN_kp50_seed123,0.5,0.42715,74,False,0.5,alexnet,True,4000,2000,2,0.44475,666,9,0.44475,662,5,0,5,0.5,TINYIMAGENET_alexnet_GEN_accuracy_kp5000_seed123,123,40000,671,42,accuracy,100123,0.42715,1,2.9172515035152435,30.841470144689083,10,2.9172515035152435,valid,0.42846783510715736,0.4964073225720037,0.42715000000000003,100123
GEN,0.44475,377,377,offspring,0,0,TINYIMAGENET,672,main_b1000_tinyimagenet_alexnet_GEN_kp50_seed123,0.5,0.44475,74,False,0.5,alexnet,False,0,0,1,0.44475,662,5,0.44475,377,1,0,6,0.5,TINYIMAGENET_alexnet_GEN_accuracy_kp5000_seed123,123,40000,672,42,accuracy,100123,0.44475,1,2.8294149735927583,30.7386092543602,10,2.8294149735927583,valid,0.44556586796393843,0.49486942368159503,0.4447500000000001,100123
GEN,0.44475,377,377,offspring,0,0,TINYIMAGENET,673,main_b1000_tinyimagenet_alexnet_GEN_kp50_seed123,0.5,0.44475,74,False,0.5,alexnet,False,0,0,2,0.44475,662,5,0.44475,377,1,0,7,0.5,TINYIMAGENET_alexnet_GEN_accuracy_kp5000_seed123,123,40000,673,42,accuracy,100123,0.44475,1,2.8294149735927583,30.782748088240623,10,2.8294149735927583,valid,0.44556586796393843,0.49486942368159503,0.4447500000000001,100123
GEN,0.44475,377,377,offspring,0,0,TINYIMAGENET,674,main_b1000_tinyimagenet_alexnet_GEN_kp50_seed123,0.5,0.44475,74,False,0.5,alexnet,False,0,0,1,0.44475,664,7,0.44475,666,9,0,8,0.5,TINYIMAGENET_alexnet_GEN_accuracy_kp5000_seed123,123,40000,674,42,accuracy,100123,0.44475,1,2.8294149735927583,30.886541113257408,10,2.8294149735927583,valid,0.44556586796393843,0.49486942368159503,0.4447500000000001,100123
GEN,0.44475,377,377,offspring,0,0,TINYIMAGENET,675,main_b1000_tinyimagenet_alexnet_GEN_kp50_seed123,0.5,0.44475,74,False,0.5,alexnet,False,0,0,2,0.44475,664,7,0.44475,666,9,0,9,0.5,TINYIMAGENET_alexnet_GEN_accuracy_kp5000_seed123,123,40000,675,42,accuracy,100123,0.44475,1,2.8294149735927583,30.449059531092644,10,2.8294149735927583,valid,0.44556586796393843,0.49486942368159503,0.4447500000000001,100123
GEN,0.44475,377,377,offspring,0,0,TINYIMAGENET,676,main_b1000_tinyimagenet_alexnet_GEN_kp50_seed123,0.5,0.44475,74,False,0.5,alexnet,False,0,0,1,0.44475,666,9,0.44475,662,5,0,10,0.5,TINYIMAGENET_alexnet_GEN_accuracy_kp5000_seed123,123,40000,676,42,accuracy,100123,0.44475,1,2.8294149735927583,31.092962346971035,10,2.8294149735927583,valid,0.44556586796393843,0.49486942368159503,0.4447500000000001,100123
GEN,0.44475,377,377,offspring,0,0,TINYIMAGENET,677,main_b1000_tinyimagenet_alexnet_GEN_kp50_seed123,0.5,0.44475,75,False,0.5,alexnet,False,0,0,1,0.44475,676,10,0.44475,670,4,0,2,0.5,TINYIMAGENET_alexnet_GEN_accuracy_kp5000_seed123,123,40000,677,42,accuracy,100123,0.44475,1,2.8294149735927583,30.415010802447796,10,2.8294149735927583,valid,0.44556586796393843,0.49486942368159503,0.4447500000000001,100123
GEN,0.44475,377,377,offspring,0,0,TINYIMAGENET,678,main_b1000_tinyimagenet_alexnet_GEN_kp50_seed123,0.5,0.44475,75,False,0.5,alexnet,False,0,0,2,0.44475,676,10,0.44475,670,4,0,3,0.5,TINYIMAGENET_alexnet_GEN_accuracy_kp5000_seed123,123,40000,678,42,accuracy,100123,0.44475,1,2.8294149735927583,30.988662749528885,10,2.8294149735927583,valid,0.44556586796393843,0.49486942368159503,0.4447500000000001,100123
GEN,0.44475,377,377,offspring,0,0,TINYIMAGENET,679,main_b1000_tinyimagenet_alexnet_GEN_kp50_seed123,0.5,0.44475,75,False,0.5,alexnet,False,0,0,1,0.44475,672,6,0.44475,669,3,0,4,0.5,TINYIMAGENET_alexnet_GEN_accuracy_kp5000_seed123,123,40000,679,42,accuracy,100123,0.44475,1,2.8294149735927583,30.49765931069851,10,2.8294149735927583,valid,0.44556586796393843,0.49486942368159503,0.4447500000000001,100123
GEN,0.44475,377,377,offspring,0,0,TINYIMAGENET,680,main_b1000_tinyimagenet_alexnet_GEN_kp50_seed123,0.5,0.44475,75,False,0.5,alexnet,False,0,0,2,0.44475,672,6,0.44475,669,3,0,5,0.5,TINYIMAGENET_alexnet_GEN_accuracy_kp5000_seed123,123,40000,680,42,accuracy,100123,0.44475,1,2.8294149735927583,31.03291566669941,10,2.8294149735927583,valid,0.44556586796393843,0.49486942368159503,0.4447500000000001,100123
GEN,0.44475,377,377,offspring,0,0,TINYIMAGENET,681,main_b1000_tinyimagenet_alexnet_GEN_kp50_seed123,0.5,0.44475,75,False,0.5,alexnet,False,0,0,1,0.44475,676,10,0.44475,670,4,0,6,0.5,TINYIMAGENET_alexnet_GEN_accuracy_kp5000_seed123,123,40000,681,42,accuracy,100123,0.44475,1,2.8294149735927583,30.49634325504303,10,2.8294149735927583,valid,0.44556586796393843,0.49486942368159503,0.4447500000000001,100123
GEN,0.44475,377,377,offspring,0,0,TINYIMAGENET,682,main_b1000_tinyimagenet_alexnet_GEN_kp50_seed123,0.5,0.44475,75,False,0.5,alexnet,False,0,0,2,0.44475,676,10,0.44475,670,4,0,7,0.5,TINYIMAGENET_alexnet_GEN_accuracy_kp5000_seed123,123,40000,682,42,accuracy,100123,0.44475,1,2.8294149735927583,30.95586358010769,10,2.8294149735927583,valid,0.44556586796393843,0.49486942368159503,0.4447500000000001,100123
GEN,0.44475,377,377,offspring,0,0,TINYIMAGENET,683,main_b1000_tinyimagenet_alexnet_GEN_kp50_seed123,0.5,0.44475,75,False,0.5,alexnet,False,0,0,1,0.44475,670,4,0.44475,676,10,0,8,0.5,TINYIMAGENET_alexnet_GEN_accuracy_kp5000_seed123,123,40000,683,42,accuracy,100123,0.44475,1,2.8294149735927583,30.41474851220846,10,2.8294149735927583,valid,0.44556586796393843,0.49486942368159503,0.4447500000000001,100123
GEN,0.44475,377,377,offspring,0,0,TINYIMAGENET,684,main_b1000_tinyimagenet_alexnet_GEN_kp50_seed123,0.5,0.44475,75,False,0.5,alexnet,False,0,0,2,0.44475,670,4,0.44475,676,10,0,9,0.5,TINYIMAGENET_alexnet_GEN_accuracy_kp5000_seed123,123,40000,684,42,accuracy,100123,0.44475,1,2.8294149735927583,30.975388042628765,10,2.8294149735927583,valid,0.44556586796393843,0.49486942368159503,0.4447500000000001,100123
GEN,0.44475,377,377,offspring,0,0,TINYIMAGENET,685,main_b1000_tinyimagenet_alexnet_GEN_kp50_seed123,0.5,0.44475,75,False,0.5,alexnet,False,0,0,1,0.44475,672,6,0.44475,377,1,0,10,0.5,TINYIMAGENET_alexnet_GEN_accuracy_kp5000_seed123,123,40000,685,42,accuracy,100123,0.44475,1,2.8294149735927583,30.398111455142498,10,2.8294149735927583,valid,0.44556586796393843,0.49486942368159503,0.4447500000000001,100123
GEN,0.44475,377,377,offspring,0,0,TINYIMAGENET,686,main_b1000_tinyimagenet_alexnet_GEN_kp50_seed123,0.5,0.44475,76,False,0.5,alexnet,False,0,0,1,0.44475,678,3,0.44475,682,7,0,2,0.5,TINYIMAGENET_alexnet_GEN_accuracy_kp5000_seed123,123,40000,686,42,accuracy,100123,0.44475,1,2.8294149735927583,30.864691093564034,10,2.8294149735927583,valid,0.44556586796393843,0.49486942368159503,0.4447500000000001,100123
GEN,0.44475,377,377,offspring,0,0,TINYIMAGENET,687,main_b1000_tinyimagenet_alexnet_GEN_kp50_seed123,0.5,0.44475,76,False,0.5,alexnet,False,0,0,2,0.44475,678,3,0.44475,682,7,0,3,0.5,TINYIMAGENET_alexnet_GEN_accuracy_kp5000_seed123,123,40000,687,42,accuracy,100123,0.44475,1,2.8294149735927583,30.432105883955956,10,2.8294149735927583,valid,0.44556586796393843,0.49486942368159503,0.4447500000000001,100123
GEN,0.44475,377,377,offspring,0,0,TINYIMAGENET,688,main_b1000_tinyimagenet_alexnet_GEN_kp50_seed123,0.5,0.44475,76,False,0.5,alexnet,False,0,0,1,0.44475,377,1,0.44475,679,4,0,4,0.5,TINYIMAGENET_alexnet_GEN_accuracy_kp5000_seed123,123,40000,688,42,accuracy,100123,0.44475,1,2.8294149735927583,30.890900552272797,10,2.8294149735927583,valid,0.44556586796393843,0.49486942368159503,0.4447500000000001,100123
GEN,0.44475,377,377,offspring,0,0,TINYIMAGENET,689,main_b1000_tinyimagenet_alexnet_GEN_kp50_seed123,0.5,0.44475,76,False,0.5,alexnet,False,0,0,2,0.44475,377,1,0.44475,679,4,0,5,0.5,TINYIMAGENET_alexnet_GEN_accuracy_kp5000_seed123,123,40000,689,42,accuracy,100123,0.44475,1,2.8294149735927583,30.511087492108345,10,2.8294149735927583,valid,0.44556586796393843,0.49486942368159503,0.4447500000000001,100123
GEN,0.44475,377,377,offspring,0,0,TINYIMAGENET,690,main_b1000_tinyimagenet_alexnet_GEN_kp50_seed123,0.5,0.44475,76,False,0.5,alexnet,False,0,0,1,0.44475,680,5,0.44475,679,4,0,6,0.5,TINYIMAGENET_alexnet_GEN_accuracy_kp5000_seed123,123,40000,690,42,accuracy,100123,0.44475,1,2.8294149735927583,30.873739682137966,10,2.8294149735927583,valid,0.44556586796393843,0.49486942368159503,0.4447500000000001,100123
GEN,0.44475,377,377,offspring,0,0,TINYIMAGENET,691,main_b1000_tinyimagenet_alexnet_GEN_kp50_seed123,0.5,0.42765,76,False,0.5,alexnet,True,4000,2000,2,0.44475,680,5,0.44475,679,4,0,7,0.5,TINYIMAGENET_alexnet_GEN_accuracy_kp5000_seed123,123,40000,691,42,accuracy,100123,0.42765,1,2.9378830240488054,30.46848837286234,10,2.9378830240488054,valid,0.4313820330351602,0.506555233172851,0.4276499999999999,100123
GEN,0.44475,377,377,offspring,0,0,TINYIMAGENET,692,main_b1000_tinyimagenet_alexnet_GEN_kp50_seed123,0.5,0.44475,76,False,0.5,alexnet,False,0,0,1,0.44475,680,5,0.44475,682,7,0,8,0.5,TINYIMAGENET_alexnet_GEN_accuracy_kp5000_seed123,123,40000,692,42,accuracy,100123,0.44475,1,2.8294149735927583,30.860950998961926,10,2.8294149735927583,valid,0.44556586796393843,0.49486942368159503,0.4447500000000001,100123
GEN,0.44475,377,377,offspring,0,0,TINYIMAGENET,693,main_b1000_tinyimagenet_alexnet_GEN_kp50_seed123,0.5,0.4359,76,False,0.5,alexnet,True,4000,2000,2,0.44475,680,5,0.44475,682,7,0,9,0.5,TINYIMAGENET_alexnet_GEN_accuracy_kp5000_seed123,123,40000,693,42,accuracy,100123,0.4359,1,2.906609343004227,30.62580720335245,10,2.906609343004227,valid,0.43491851910666,0.5004803491995113,0.4359,100123
GEN,0.44475,377,377,offspring,0,0,TINYIMAGENET,694,main_b1000_tinyimagenet_alexnet_GEN_kp50_seed123,0.5,0.44475,76,False,0.5,alexnet,False,0,0,1,0.44475,679,4,0.44475,680,5,0,10,0.5,TINYIMAGENET_alexnet_GEN_accuracy_kp5000_seed123,123,40000,694,42,accuracy,100123,0.44475,1,2.8294149735927583,30.699877478182316,10,2.8294149735927583,valid,0.44556586796393843,0.49486942368159503,0.4447500000000001,100123
GEN,0.44475,377,377,offspring,0,0,TINYIMAGENET,695,main_b1000_tinyimagenet_alexnet_GEN_kp50_seed123,0.5,0.44475,77,False,0.5,alexnet,False,0,0,1,0.44475,694,10,0.44475,686,2,0,2,0.5,TINYIMAGENET_alexnet_GEN_accuracy_kp5000_seed123,123,40000,695,42,accuracy,100123,0.44475,1,2.8294149735927583,30.861731059849262,10,2.8294149735927583,valid,0.44556586796393843,0.49486942368159503,0.4447500000000001,100123
GEN,0.44475,377,377,offspring,0,0,TINYIMAGENET,696,main_b1000_tinyimagenet_alexnet_GEN_kp50_seed123,0.5,0.44475,77,False,0.5,alexnet,False,0,0,2,0.44475,694,10,0.44475,686,2,0,3,0.5,TINYIMAGENET_alexnet_GEN_accuracy_kp5000_seed123,123,40000,696,42,accuracy,100123,0.44475,1,2.8294149735927583,30.46219227463007,10,2.8294149735927583,valid,0.44556586796393843,0.49486942368159503,0.4447500000000001,100123
GEN,0.44475,377,377,offspring,0,0,TINYIMAGENET,697,main_b1000_tinyimagenet_alexnet_GEN_kp50_seed123,0.5,0.44475,77,False,0.5,alexnet,False,0,0,1,0.44475,687,3,0.44475,688,4,0,4,0.5,TINYIMAGENET_alexnet_GEN_accuracy_kp5000_seed123,123,40000,697,42,accuracy,100123,0.44475,1,2.8294149735927583,30.934661142528057,10,2.8294149735927583,valid,0.44556586796393843,0.49486942368159503,0.4447500000000001,100123
GEN,0.44475,377,377,offspring,0,0,TINYIMAGENET,698,main_b1000_tinyimagenet_alexnet_GEN_kp50_seed123,0.5,0.44475,77,False,0.5,alexnet,False,0,0,2,0.44475,687,3,0.44475,688,4,0,5,0.5,TINYIMAGENET_alexnet_GEN_accuracy_kp5000_seed123,123,40000,698,42,accuracy,100123,0.44475,1,2.8294149735927583,30.445704273879528,10,2.8294149735927583,valid,0.44556586796393843,0.49486942368159503,0.4447500000000001,100123
GEN,0.44475,377,377,offspring,0,0,TINYIMAGENET,699,main_b1000_tinyimagenet_alexnet_GEN_kp50_seed123,0.5,0.44475,77,False,0.5,alexnet,False,0,0,1,0.44475,694,10,0.44475,690,6,0,6,0.5,TINYIMAGENET_alexnet_GEN_accuracy_kp5000_seed123,123,40000,699,42,accuracy,100123,0.44475,1,2.8294149735927583,31.041025318205357,10,2.8294149735927583,valid,0.44556586796393843,0.49486942368159503,0.4447500000000001,100123
GEN,0.44475,377,377,offspring,0,0,TINYIMAGENET,700,main_b1000_tinyimagenet_alexnet_GEN_kp50_seed123,0.5,0.44475,77,False,0.5,alexnet,False,0,0,2,0.44475,694,10,0.44475,690,6,0,7,0.5,TINYIMAGENET_alexnet_GEN_accuracy_kp5000_seed123,123,40000,700,42,accuracy,100123,0.44475,1,2.8294149735927583,30.378275714814663,10,2.8294149735927583,valid,0.44556586796393843,0.49486942368159503,0.4447500000000001,100123
GEN,0.44475,377,377,offspring,0,0,TINYIMAGENET,701,main_b1000_tinyimagenet_alexnet_GEN_kp50_seed123,0.5,0.44475,77,False,0.5,alexnet,False,0,0,1,0.44475,686,2,0.44475,688,4,0,8,0.5,TINYIMAGENET_alexnet_GEN_accuracy_kp5000_seed123,123,40000,701,42,accuracy,100123,0.44475,1,2.8294149735927583,31.046306878328323,10,2.8294149735927583,valid,0.44556586796393843,0.49486942368159503,0.4447500000000001,100123
GEN,0.44475,377,377,offspring,0,0,TINYIMAGENET,702,main_b1000_tinyimagenet_alexnet_GEN_kp50_seed123,0.5,0.44475,77,False,0.5,alexnet,False,0,0,2,0.44475,686,2,0.44475,688,4,0,9,0.5,TINYIMAGENET_alexnet_GEN_accuracy_kp5000_seed123,123,40000,702,42,accuracy,100123,0.44475,1,2.8294149735927583,30.377513609826565,10,2.8294149735927583,valid,0.44556586796393843,0.49486942368159503,0.4447500000000001,100123
GEN,0.44475,377,377,offspring,0,0,TINYIMAGENET,703,main_b1000_tinyimagenet_alexnet_GEN_kp50_seed123,0.5,0.44475,77,False,0.5,alexnet,False,0,0,1,0.44475,689,5,0.44475,690,6,0,10,0.5,TINYIMAGENET_alexnet_GEN_accuracy_kp5000_seed123,123,40000,703,42,accuracy,100123,0.44475,1,2.8294149735927583,30.954717487096786,10,2.8294149735927583,valid,0.44556586796393843,0.49486942368159503,0.4447500000000001,100123
GEN,0.44475,377,377,offspring,0,0,TINYIMAGENET,704,main_b1000_tinyimagenet_alexnet_GEN_kp50_seed123,0.5,0.44475,78,False,0.5,alexnet,False,0,0,1,0.44475,697,4,0.44475,700,7,0,2,0.5,TINYIMAGENET_alexnet_GEN_accuracy_kp5000_seed123,123,40000,704,42,accuracy,100123,0.44475,1,2.8294149735927583,30.321826979517937,10,2.8294149735927583,valid,0.44556586796393843,0.49486942368159503,0.4447500000000001,100123
GEN,0.44475,377,377,offspring,0,0,TINYIMAGENET,705,main_b1000_tinyimagenet_alexnet_GEN_kp50_seed123,0.5,0.44475,78,False,0.5,alexnet,False,0,0,2,0.44475,697,4,0.44475,700,7,0,3,0.5,TINYIMAGENET_alexnet_GEN_accuracy_kp5000_seed123,123,40000,705,42,accuracy,100123,0.44475,1,2.8294149735927583,31.01859336346388,10,2.8294149735927583,valid,0.44556586796393843,0.49486942368159503,0.4447500000000001,100123
GEN,0.44475,377,377,offspring,0,0,TINYIMAGENET,706,main_b1000_tinyimagenet_alexnet_GEN_kp50_seed123,0.5,0.44475,78,False,0.5,alexnet,False,0,0,1,0.44475,702,9,0.44475,699,6,0,4,0.5,TINYIMAGENET_alexnet_GEN_accuracy_kp5000_seed123,123,40000,706,42,accuracy,100123,0.44475,1,2.8294149735927583,30.450128868222237,10,2.8294149735927583,valid,0.44556586796393843,0.49486942368159503,0.4447500000000001,100123
GEN,0.44475,377,377,offspring,0,0,TINYIMAGENET,707,main_b1000_tinyimagenet_alexnet_GEN_kp50_seed123,0.5,0.44475,78,False,0.5,alexnet,False,0,0,2,0.44475,702,9,0.44475,699,6,0,5,0.5,TINYIMAGENET_alexnet_GEN_accuracy_kp5000_seed123,123,40000,707,42,accuracy,100123,0.44475,1,2.8294149735927583,30.913838297128677,10,2.8294149735927583,valid,0.44556586796393843,0.49486942368159503,0.4447500000000001,100123
GEN,0.44475,377,377,offspring,0,0,TINYIMAGENET,708,main_b1000_tinyimagenet_alexnet_GEN_kp50_seed123,0.5,0.4351,78,False,0.5,alexnet,True,4000,2000,1,0.44475,697,4,0.44475,695,2,0,6,0.5,TINYIMAGENET_alexnet_GEN_accuracy_kp5000_seed123,123,40000,708,42,accuracy,100123,0.4351,1,2.8811119117736816,30.35645617544651,10,2.8811119117736816,valid,0.43189696785972,0.4935113985964639,0.43510000000000004,100123
GEN,0.44475,377,377,offspring,0,0,TINYIMAGENET,709,main_b1000_tinyimagenet_alexnet_GEN_kp50_seed123,0.5,0.44475,78,False,0.5,alexnet,False,0,0,2,0.44475,697,4,0.44475,695,2,0,7,0.5,TINYIMAGENET_alexnet_GEN_accuracy_kp5000_seed123,123,40000,709,42,accuracy,100123,0.44475,1,2.8294149735927583,30.91168112307787,10,2.8294149735927583,valid,0.44556586796393843,0.49486942368159503,0.4447500000000001,100123
GEN,0.44475,377,377,offspring,0,0,TINYIMAGENET,710,main_b1000_tinyimagenet_alexnet_GEN_kp50_seed123,0.5,0.43415,78,False,0.5,alexnet,True,4000,2000,1,0.44475,377,1,0.44475,695,2,0,8,0.5,TINYIMAGENET_alexnet_GEN_accuracy_kp5000_seed123,123,40000,710,42,accuracy,100123,0.43415,1,2.933960086965561,30.53157638013363,10,2.933960086965561,valid,0.4289633195522773,0.498272301380233,0.43415,100123
GEN,0.44475,377,377,offspring,0,0,TINYIMAGENET,711,main_b1000_tinyimagenet_alexnet_GEN_kp50_seed123,0.5,0.44475,78,False,0.5,alexnet,False,0,0,2,0.44475,377,1,0.44475,695,2,0,9,0.5,TINYIMAGENET_alexnet_GEN_accuracy_kp5000_seed123,123,40000,711,42,accuracy,100123,0.44475,1,2.8294149735927583,30.960205167531967,10,2.8294149735927583,valid,0.44556586796393843,0.49486942368159503,0.4447500000000001,100123
GEN,0.44475,377,377,offspring,0,0,TINYIMAGENET,712,main_b1000_tinyimagenet_alexnet_GEN_kp50_seed123,0.5,0.44475,78,False,0.5,alexnet,False,0,0,1,0.44475,698,5,0.44475,695,2,0,10,0.5,TINYIMAGENET_alexnet_GEN_accuracy_kp5000_seed123,123,40000,712,42,accuracy,100123,0.44475,1,2.8294149735927583,30.405258238315582,10,2.8294149735927583,valid,0.44556586796393843,0.49486942368159503,0.4447500000000001,100123
GEN,0.44975,713,713,offspring,0,0,TINYIMAGENET,713,main_b1000_tinyimagenet_alexnet_GEN_kp50_seed123,0.5,0.44975,79,True,0.5,alexnet,True,4000,2000,1,0.44475,377,1,0.44475,712,10,0,2,0.5,TINYIMAGENET_alexnet_GEN_accuracy_kp5000_seed123,123,40000,713,42,accuracy,100123,0.44975,2,2.952187685394287,30.970797009766102,10,2.952187685394287,valid,0.44828276205796286,0.4921654747537647,0.4497500000000001,100123
GEN,0.44975,713,713,offspring,0,0,TINYIMAGENET,714,main_b1000_tinyimagenet_alexnet_GEN_kp50_seed123,0.5,0.44475,79,False,0.5,alexnet,False,0,0,2,0.44475,377,1,0.44475,712,10,0,3,0.5,TINYIMAGENET_alexnet_GEN_accuracy_kp5000_seed123,123,40000,714,42,accuracy,100123,0.44475,1,2.8294149735927583,30.646269112825394,10,2.8294149735927583,valid,0.44556586796393843,0.49486942368159503,0.4447500000000001,100123
GEN,0.44975,713,713,offspring,0,0,TINYIMAGENET,715,main_b1000_tinyimagenet_alexnet_GEN_kp50_seed123,0.5,0.4308,79,False,0.5,alexnet,True,4000,2000,1,0.44475,706,4,0.44475,704,2,0,4,0.5,TINYIMAGENET_alexnet_GEN_accuracy_kp5000_seed123,123,40000,715,42,accuracy,100123,0.4308,1,2.8961139865875243,30.825228713452816,10,2.8961139865875243,valid,0.42898363904394976,0.5000925653981407,0.43080000000000007,100123
GEN,0.44975,713,713,offspring,0,0,TINYIMAGENET,716,main_b1000_tinyimagenet_alexnet_GEN_kp50_seed123,0.5,0.44475,79,False,0.5,alexnet,False,0,0,2,0.44475,706,4,0.44475,704,2,0,5,0.5,TINYIMAGENET_alexnet_GEN_accuracy_kp5000_seed123,123,40000,716,42,accuracy,100123,0.44475,1,2.8294149735927583,30.83874972909689,10,2.8294149735927583,valid,0.44556586796393843,0.49486942368159503,0.4447500000000001,100123
GEN,0.44975,713,713,offspring,0,0,TINYIMAGENET,717,main_b1000_tinyimagenet_alexnet_GEN_kp50_seed123,0.5,0.44475,79,False,0.5,alexnet,False,0,0,1,0.44475,707,5,0.44475,377,1,0,6,0.5,TINYIMAGENET_alexnet_GEN_accuracy_kp5000_seed123,123,40000,717,42,accuracy,100123,0.44475,1,2.8294149735927583,30.552139848470688,10,2.8294149735927583,valid,0.44556586796393843,0.49486942368159503,0.4447500000000001,100123
GEN,0.44975,713,713,offspring,0,0,TINYIMAGENET,718,main_b1000_tinyimagenet_alexnet_GEN_kp50_seed123,0.5,0.44475,79,False,0.5,alexnet,False,0,0,2,0.44475,707,5,0.44475,377,1,0,7,0.5,TINYIMAGENET_alexnet_GEN_accuracy_kp5000_seed123,123,40000,718,42,accuracy,100123,0.44475,1,2.8294149735927583,31.042860209941864,10,2.8294149735927583,valid,0.44556586796393843,0.49486942368159503,0.4447500000000001,100123
GEN,0.44975,713,713,offspring,0,0,TINYIMAGENET,719,main_b1000_tinyimagenet_alexnet_GEN_kp50_seed123,0.5,0.44475,79,False,0.5,alexnet,False,0,0,1,0.44475,704,2,0.44475,706,4,0,8,0.5,TINYIMAGENET_alexnet_GEN_accuracy_kp5000_seed123,123,40000,719,42,accuracy,100123,0.44475,1,2.8294149735927583,30.354571849107742,10,2.8294149735927583,valid,0.44556586796393843,0.49486942368159503,0.4447500000000001,100123
GEN,0.44975,713,713,offspring,0,0,TINYIMAGENET,720,main_b1000_tinyimagenet_alexnet_GEN_kp50_seed123,0.5,0.44475,79,False,0.5,alexnet,False,0,0,2,0.44475,704,2,0.44475,706,4,0,9,0.5,TINYIMAGENET_alexnet_GEN_accuracy_kp5000_seed123,123,40000,720,42,accuracy,100123,0.44475,1,2.8294149735927583,30.97127554565668,10,2.8294149735927583,valid,0.44556586796393843,0.49486942368159503,0.4447500000000001,100123
GEN,0.44975,713,713,offspring,0,0,TINYIMAGENET,721,main_b1000_tinyimagenet_alexnet_GEN_kp50_seed123,0.5,0.44475,79,False,0.5,alexnet,False,0,0,1,0.44475,712,10,0.44475,705,3,0,10,0.5,TINYIMAGENET_alexnet_GEN_accuracy_kp5000_seed123,123,40000,721,42,accuracy,100123,0.44475,1,2.8294149735927583,30.281987085938454,10,2.8294149735927583,valid,0.44556586796393843,0.49486942368159503,0.4447500000000001,100123
GEN,0.44975,713,713,offspring,0,0,TINYIMAGENET,722,main_b1000_tinyimagenet_alexnet_GEN_kp50_seed123,0.5,0.44475,80,False,0.5,alexnet,False,0,0,1,0.44475,716,5,0.44475,720,9,0,2,0.5,TINYIMAGENET_alexnet_GEN_accuracy_kp5000_seed123,123,40000,722,42,accuracy,100123,0.44475,1,2.8294149735927583,30.946007780730724,10,2.8294149735927583,valid,0.44556586796393843,0.49486942368159503,0.4447500000000001,100123
GEN,0.44975,713,713,offspring,0,0,TINYIMAGENET,723,main_b1000_tinyimagenet_alexnet_GEN_kp50_seed123,0.5,0.4311,80,False,0.5,alexnet,True,4000,2000,2,0.44475,716,5,0.44475,720,9,0,3,0.5,TINYIMAGENET_alexnet_GEN_accuracy_kp5000_seed123,123,40000,723,42,accuracy,100123,0.4311,1,2.8954043589115144,30.290660470724106,10,2.8954043589115144,valid,0.43320772488822357,0.4962520291537516,0.4311,100123
GEN,0.44975,713,713,offspring,1970,2030,TINYIMAGENET,724,main_b1000_tinyimagenet_alexnet_GEN_kp50_seed123,0.5,0.4323,80,False,0.5,alexnet,False,0,0,1,0.44475,720,9,0.44975,713,2,4000,4,0.5,TINYIMAGENET_alexnet_GEN_accuracy_kp5000_seed123,123,40000,724,42,accuracy,100123,0.4323,1,2.9267692982673643,30.990195617079735,10,2.9267692982673643,valid,0.4297033062323136,0.49891162022808966,0.4323,100123
GEN,0.44975,713,713,offspring,2030,1970,TINYIMAGENET,725,main_b1000_tinyimagenet_alexnet_GEN_kp50_seed123,0.5,0.43795,80,False,0.5,alexnet,False,0,0,2,0.44475,720,9,0.44975,713,2,4000,5,0.5,TINYIMAGENET_alexnet_GEN_accuracy_kp5000_seed123,123,40000,725,42,accuracy,100123,0.43795,1,2.8903923483371736,30.476908899843693,10,2.8903923483371736,valid,0.43987499499721217,0.5020889221386423,0.43794999999999995,100123
GEN,0.44975,713,713,offspring,2016,1984,TINYIMAGENET,726,main_b1000_tinyimagenet_alexnet_GEN_kp50_seed123,0.5,0.4266,80,False,0.5,alexnet,True,4000,2000,1,0.44475,719,8,0.44975,713,2,4000,6,0.5,TINYIMAGENET_alexnet_GEN_accuracy_kp5000_seed123,123,40000,726,42,accuracy,100123,0.4266,1,2.9769006915569305,31.09117230772972,10,2.9769006915569305,valid,0.426879463205084,0.5072737450010965,0.4266,100123
GEN,0.44975,713,713,offspring,1984,2016,TINYIMAGENET,727,main_b1000_tinyimagenet_alexnet_GEN_kp50_seed123,0.5,0.42675,80,False,0.5,alexnet,False,0,0,2,0.44475,719,8,0.44975,713,2,4000,7,0.5,TINYIMAGENET_alexnet_GEN_accuracy_kp5000_seed123,123,40000,727,42,accuracy,100123,0.42675,1,2.94886870970726,30.42120846360922,10,2.94886870970726,valid,0.4294878403809531,0.5072361475309565,0.42674999999999996,100123
GEN,0.44975,713,713,offspring,1968,2032,TINYIMAGENET,728,main_b1000_tinyimagenet_alexnet_GEN_kp50_seed123,0.5,0.4317,80,False,0.5,alexnet,True,4000,2000,1,0.44475,718,7,0.44975,713,2,4000,8,0.5,TINYIMAGENET_alexnet_GEN_accuracy_kp5000_seed123,123,40000,728,42,accuracy,100123,0.4317,1,2.952954492330551,30.9670172855258,10,2.952954492330551,valid,0.43318693858880736,0.5116079001006084,0.43170000000000003,100123
GEN,0.44975,713,713,offspring,2032,1968,TINYIMAGENET,729,main_b1000_tinyimagenet_alexnet_GEN_kp50_seed123,0.5,0.4269,80,False,0.5,alexnet,True,4000,2000,2,0.44475,718,7,0.44975,713,2,4000,9,0.5,TINYIMAGENET_alexnet_GEN_accuracy_kp5000_seed123,123,40000,729,42,accuracy,100123,0.4269,1,2.9129308157444,30.447636112570763,10,2.9129308157444,valid,0.42858080512908586,0.49768948864158674,0.4269,100123
GEN,0.44975,713,713,offspring,0,0,TINYIMAGENET,730,main_b1000_tinyimagenet_alexnet_GEN_kp50_seed123,0.5,0.44475,80,False,0.5,alexnet,False,0,0,1,0.44475,714,3,0.44475,718,7,0,10,0.5,TINYIMAGENET_alexnet_GEN_accuracy_kp5000_seed123,123,40000,730,42,accuracy,100123,0.44475,1,2.8294149735927583,31.06639886647463,10,2.8294149735927583,valid,0.44556586796393843,0.49486942368159503,0.4447500000000001,100123
GEN,0.44975,713,713,offspring,0,0,TINYIMAGENET,731,main_b1000_tinyimagenet_alexnet_GEN_kp50_seed123,0.5,0.42215,81,False,0.5,alexnet,True,4000,2000,1,0.44475,722,2,0.44475,730,10,0,2,0.5,TINYIMAGENET_alexnet_GEN_accuracy_kp5000_seed123,123,40000,731,42,accuracy,100123,0.42215,1,2.9649845194339752,30.527112931013107,10,2.9649845194339752,valid,0.4199440613063365,0.49706318662635485,0.42215,100123
GEN,0.44975,713,713,offspring,0,0,TINYIMAGENET,732,main_b1000_tinyimagenet_alexnet_GEN_kp50_seed123,0.5,0.44475,81,False,0.5,alexnet,False,0,0,2,0.44475,722,2,0.44475,730,10,0,3,0.5,TINYIMAGENET_alexnet_GEN_accuracy_kp5000_seed123,123,40000,732,42,accuracy,100123,0.44475,1,2.8294149735927583,30.89724464714527,10,2.8294149735927583,valid,0.44556586796393843,0.49486942368159503,0.4447500000000001,100123
GEN,0.44975,713,713,offspring,986,984,TINYIMAGENET,733,main_b1000_tinyimagenet_alexnet_GEN_kp50_seed123,0.5,0.4298,81,False,0.5,alexnet,False,0,0,1,0.43795,725,5,0.44975,713,1,1970,4,0.5,TINYIMAGENET_alexnet_GEN_accuracy_kp5000_seed123,123,40000,733,42,accuracy,100123,0.4298,1,2.949430536365509,30.574005156755447,10,2.949430536365509,valid,0.42797669668484756,0.5026977977560696,0.4298,100123
GEN,0.44975,713,713,offspring,984,986,TINYIMAGENET,734,main_b1000_tinyimagenet_alexnet_GEN_kp50_seed123,0.5,0.43295,81,False,0.5,alexnet,False,0,0,2,0.43795,725,5,0.44975,713,1,1970,5,0.5,TINYIMAGENET_alexnet_GEN_accuracy_kp5000_seed123,123,40000,734,42,accuracy,100123,0.43295,1,2.934066579711437,30.768817462027073,10,2.934066579711437,valid,0.43326319430133886,0.5049208512258887,0.43295,100123
GEN,0.44975,713,713,offspring,2896,2934,TINYIMAGENET,735,main_b1000_tinyimagenet_alexnet_GEN_kp50_seed123,0.5,0.4298,81,False,0.5,alexnet,False,0,0,1,0.44975,713,1,0.4317,728,8,5830,6,0.5,TINYIMAGENET_alexnet_GEN_accuracy_kp5000_seed123,123,40000,735,42,accuracy,100123,0.4298,1,2.9416274817466737,30.691919825971127,10,2.9416274817466737,valid,0.42820515972913575,0.5007100926439612,0.42979999999999996,100123
GEN,0.44975,713,713,offspring,2934,2896,TINYIMAGENET,736,main_b1000_tinyimagenet_alexnet_GEN_kp50_seed123,0.5,0.43375,81,False,0.5,alexnet,False,0,0,2,0.44975,713,1,0.4317,728,8,5830,7,0.5,TINYIMAGENET_alexnet_GEN_accuracy_kp5000_seed123,123,40000,736,42,accuracy,100123,0.43375,1,2.930051852464676,30.71189434081316,10,2.930051852464676,valid,0.4338909165355905,0.5053064586748236,0.43375,100123
GEN,0.44975,713,713,offspring,2020,1980,TINYIMAGENET,737,main_b1000_tinyimagenet_alexnet_GEN_kp50_seed123,0.5,0.4338,81,False,0.5,alexnet,False,0,0,1,0.44475,722,2,0.44975,713,1,4000,8,0.5,TINYIMAGENET_alexnet_GEN_accuracy_kp5000_seed123,123,40000,737,42,accuracy,100123,0.4338,1,2.9141555324077606,30.936077013611794,10,2.9141555324077606,valid,0.4388359110364618,0.5015221404307576,0.43379999999999996,100123
GEN,0.44975,713,713,offspring,1980,2020,TINYIMAGENET,738,main_b1000_tinyimagenet_alexnet_GEN_kp50_seed123,0.5,0.42855,81,False,0.5,alexnet,False,0,0,2,0.44475,722,2,0.44975,713,1,4000,9,0.5,TINYIMAGENET_alexnet_GEN_accuracy_kp5000_seed123,123,40000,738,42,accuracy,100123,0.42855,1,2.9411682394981384,30.426768079400063,10,2.9411682394981384,valid,0.4310492626715877,0.5114015232935267,0.42855,100123
GEN,0.44975,713,713,offspring,2022,1978,TINYIMAGENET,739,main_b1000_tinyimagenet_alexnet_GEN_kp50_seed123,0.5,0.4195,81,False,0.5,alexnet,True,4000,2000,1,0.44975,713,1,0.44475,730,10,4000,10,0.5,TINYIMAGENET_alexnet_GEN_accuracy_kp5000_seed123,123,40000,739,42,accuracy,100123,0.4195,1,3.012965821361542,30.959452889859676,10,3.012965821361542,valid,0.42171070462465104,0.5060111448520932,0.41950000000000004,100123
GEN,0.44975,713,713,offspring,1990,2010,TINYIMAGENET,740,main_b1000_tinyimagenet_alexnet_GEN_kp50_seed123,0.5,0.43425,82,False,0.5,alexnet,False,0,0,1,0.44475,732,3,0.44975,713,1,4000,2,0.5,TINYIMAGENET_alexnet_GEN_accuracy_kp5000_seed123,123,40000,740,42,accuracy,100123,0.43425,1,2.8963847373008726,30.402720160782337,10,2.8963847373008726,valid,0.43609386459440513,0.5014029734711167,0.43425,100123
GEN,0.44975,713,713,offspring,2010,1990,TINYIMAGENET,741,main_b1000_tinyimagenet_alexnet_GEN_kp50_seed123,0.5,0.4379,82,False,0.5,alexnet,False,0,0,2,0.44475,732,3,0.44975,713,1,4000,3,0.5,TINYIMAGENET_alexnet_GEN_accuracy_kp5000_seed123,123,40000,741,42,accuracy,100123,0.4379,1,2.8684235323905947,31.07045838981867,10,2.8684235323905947,valid,0.44003065157617655,0.5048599496354643,0.43790000000000007,100123
GEN,0.44975,713,713,offspring,2414,2488,TINYIMAGENET,742,main_b1000_tinyimagenet_alexnet_GEN_kp50_seed123,0.5,0.42815,82,False,0.5,alexnet,False,0,0,1,0.43375,736,7,0.44475,732,3,4902,4,0.5,TINYIMAGENET_alexnet_GEN_accuracy_kp5000_seed123,123,40000,742,42,accuracy,100123,0.42815,1,2.924729795074463,30.444956853985786,10,2.924729795074463,valid,0.42712838872523695,0.49926439127642397,0.42815000000000003,100123
GEN,0.44975,713,713,offspring,2488,2414,TINYIMAGENET,743,main_b1000_tinyimagenet_alexnet_GEN_kp50_seed123,0.5,0.43725,82,False,0.5,alexnet,False,0,0,2,0.43375,736,7,0.44475,732,3,4902,5,0.5,TINYIMAGENET_alexnet_GEN_accuracy_kp5000_seed123,123,40000,743,42,accuracy,100123,0.43725,1,2.8736809309005737,30.96727129817009,10,2.8736809309005737,valid,0.4383547164565772,0.5008984995215411,0.43725,100123
GEN,0.44975,713,713,offspring,1434,1500,TINYIMAGENET,744,main_b1000_tinyimagenet_alexnet_GEN_kp50_seed123,0.5,0.4316,82,False,0.5,alexnet,False,0,0,1,0.44975,713,1,0.43375,736,7,2934,6,0.5,TINYIMAGENET_alexnet_GEN_accuracy_kp5000_seed123,123,40000,744,42,accuracy,100123,0.4316,1,2.976971555805206,30.41926795244217,10,2.976971555805206,valid,0.4310756146455603,0.5093525810906028,0.4316,100123
GEN,0.44975,713,713,offspring,1500,1434,TINYIMAGENET,745,main_b1000_tinyimagenet_alexnet_GEN_kp50_seed123,0.5,0.43155,82,False,0.5,alexnet,False,0,0,2,0.44975,713,1,0.43375,736,7,2934,7,0.5,TINYIMAGENET_alexnet_GEN_accuracy_kp5000_seed123,123,40000,745,42,accuracy,100123,0.43155,1,2.936922015428543,31.015676647424698,10,2.936922015428543,valid,0.4325038175938189,0.514649980344371,0.43155,100123
GEN,0.44975,713,713,offspring,996,1024,TINYIMAGENET,746,main_b1000_tinyimagenet_alexnet_GEN_kp50_seed123,0.5,0.4243,82,False,0.5,alexnet,False,0,0,1,0.4338,737,8,0.44475,732,3,2020,8,0.5,TINYIMAGENET_alexnet_GEN_accuracy_kp5000_seed123,123,40000,746,42,accuracy,100123,0.4243,1,2.985600087928772,30.453836254775524,10,2.985600087928772,valid,0.42517605381352275,0.504611034419293,0.42430000000000007,100123
GEN,0.44975,713,713,offspring,1024,996,TINYIMAGENET,747,main_b1000_tinyimagenet_alexnet_GEN_kp50_seed123,0.5,0.43085,82,False,0.5,alexnet,True,4000,2000,2,0.4338,737,8,0.44475,732,3,2020,9,0.5,TINYIMAGENET_alexnet_GEN_accuracy_kp5000_seed123,123,40000,747,42,accuracy,100123,0.43085,1,2.9079967515945433,31.064055636525154,10,2.9079967515945433,valid,0.4303256253783039,0.4999028341635241,0.43085000000000007,100123
GEN,0.44975,713,713,offspring,2018,1982,TINYIMAGENET,748,main_b1000_tinyimagenet_alexnet_GEN_kp50_seed123,0.5,0.4293,82,False,0.5,alexnet,False,0,0,1,0.44475,732,3,0.44975,713,1,4000,10,0.5,TINYIMAGENET_alexnet_GEN_accuracy_kp5000_seed123,123,40000,748,42,accuracy,100123,0.4293,1,2.889178431558609,30.449431121349335,10,2.889178431558609,valid,0.4299192438803783,0.4977968425739911,0.4293,100123
GEN,0.44975,713,713,offspring,992,1018,TINYIMAGENET,749,main_b1000_tinyimagenet_alexnet_GEN_kp50_seed123,0.5,0.42825,83,False,0.5,alexnet,False,0,0,1,0.43425,740,2,0.44975,713,1,2010,2,0.5,TINYIMAGENET_alexnet_GEN_accuracy_kp5000_seed123,123,40000,749,42,accuracy,100123,0.42825,1,2.9475053583621977,30.9716956615448,10,2.9475053583621977,valid,0.42959467321499795,0.505773360672471,0.42824999999999996,100123
GEN,0.44975,713,713,offspring,1018,992,TINYIMAGENET,750,main_b1000_tinyimagenet_alexnet_GEN_kp50_seed123,0.5,0.4258,83,False,0.5,alexnet,False,0,0,2,0.43425,740,2,0.44975,713,1,2010,3,0.5,TINYIMAGENET_alexnet_GEN_accuracy_kp5000_seed123,123,40000,750,42,accuracy,100123,0.4258,1,2.989164493274689,30.394210517406464,10,2.989164493274689,valid,0.42580814971447933,0.5078694185959595,0.42579999999999996,100123
GEN,0.44975,713,713,offspring,1008,1002,TINYIMAGENET,751,main_b1000_tinyimagenet_alexnet_GEN_kp50_seed123,0.5,0.42975,83,False,0.5,alexnet,False,0,0,1,0.44975,713,1,0.43425,740,2,2010,4,0.5,TINYIMAGENET_alexnet_GEN_accuracy_kp5000_seed123,123,40000,751,42,accuracy,100123,0.42975,1,2.9325173092365264,30.911963813006878,10,2.9325173092365264,valid,0.4309976991144269,0.49947004762857616,0.42974999999999997,100123
GEN,0.44975,713,713,offspring,1002,1008,TINYIMAGENET,752,main_b1000_tinyimagenet_alexnet_GEN_kp50_seed123,0.5,0.43665,83,False,0.5,alexnet,False,0,0,2,0.44975,713,1,0.43425,740,2,2010,5,0.5,TINYIMAGENET_alexnet_GEN_accuracy_kp5000_seed123,123,40000,752,42,accuracy,100123,0.43665,1,2.9098368692874907,30.40514638274908,10,2.9098368692874907,valid,0.4354271819763712,0.5009846224189773,0.43665000000000004,100123
GEN,0.44975,713,713,offspring,2020,1980,TINYIMAGENET,753,main_b1000_tinyimagenet_alexnet_GEN_kp50_seed123,0.5,0.43165,83,False,0.5,alexnet,False,0,0,1,0.4379,741,3,0.43425,740,2,4000,6,0.5,TINYIMAGENET_alexnet_GEN_accuracy_kp5000_seed123,123,40000,753,42,accuracy,100123,0.43165,1,2.88401219124794,30.902926228940487,10,2.88401219124794,valid,0.4313236568295491,0.4988015431652535,0.43165,100123
GEN,0.44975,713,713,offspring,1980,2020,TINYIMAGENET,754,main_b1000_tinyimagenet_alexnet_GEN_kp50_seed123,0.5,0.4301,83,False,0.5,alexnet,False,0,0,2,0.4379,741,3,0.43425,740,2,4000,7,0.5,TINYIMAGENET_alexnet_GEN_accuracy_kp5000_seed123,123,40000,754,42,accuracy,100123,0.4301,1,2.9492675973415374,30.57793775945902,10,2.9492675973415374,valid,0.4318843783624235,0.5087503025007646,0.43010000000000004,100123
GEN,0.44975,713,713,offspring,2020,1980,TINYIMAGENET,755,main_b1000_tinyimagenet_alexnet_GEN_kp50_seed123,0.5,0.42605,83,False,0.5,alexnet,False,0,0,1,0.43425,740,2,0.4379,741,3,4000,8,0.5,TINYIMAGENET_alexnet_GEN_accuracy_kp5000_seed123,123,40000,755,42,accuracy,100123,0.42605,1,2.9392110114097596,30.821288913488388,10,2.9392110114097596,valid,0.4271343014297669,0.5074068285150932,0.42605000000000004,100123
GEN,0.44975,713,713,offspring,1980,2020,TINYIMAGENET,756,main_b1000_tinyimagenet_alexnet_GEN_kp50_seed123,0.5,0.43285,83,False,0.5,alexnet,False,0,0,2,0.43425,740,2,0.4379,741,3,4000,9,0.5,TINYIMAGENET_alexnet_GEN_accuracy_kp5000_seed123,123,40000,756,42,accuracy,100123,0.43285,1,2.8709799751758576,30.87691731750965,10,2.8709799751758576,valid,0.43105606200024793,0.49912631332271273,0.43285,100123
GEN,0.44975,713,713,offspring,1504,1438,TINYIMAGENET,757,main_b1000_tinyimagenet_alexnet_GEN_kp50_seed123,0.5,0.4255,83,False,0.5,alexnet,False,0,0,1,0.4316,744,6,0.43725,743,5,2942,10,0.5,TINYIMAGENET_alexnet_GEN_accuracy_kp5000_seed123,123,40000,757,42,accuracy,100123,0.4255,1,2.96349771232605,30.618665352463722,10,2.96349771232605,valid,0.4270662316170836,0.5037690858937486,0.4255,100123
GEN,0.44975,713,713,offspring,1038,974,TINYIMAGENET,758,main_b1000_tinyimagenet_alexnet_GEN_kp50_seed123,0.5,0.426,84,False,0.5,alexnet,False,0,0,1,0.43665,752,5,0.4301,754,7,2012,2,0.5,TINYIMAGENET_alexnet_GEN_accuracy_kp5000_seed123,123,40000,758,42,accuracy,100123,0.426,1,2.952179523921013,30.902568601071835,10,2.952179523921013,valid,0.4265527254798582,0.4981942512177323,0.42599999999999993,100123
GEN,0.44975,713,713,offspring,974,1038,TINYIMAGENET,759,main_b1000_tinyimagenet_alexnet_GEN_kp50_seed123,0.5,0.4379,84,False,0.5,alexnet,False,0,0,2,0.43665,752,5,0.4301,754,7,2012,3,0.5,TINYIMAGENET_alexnet_GEN_accuracy_kp5000_seed123,123,40000,759,42,accuracy,100123,0.4379,1,2.8909989545345307,30.496717259287834,10,2.8909989545345307,valid,0.43641772432265824,0.4970743164571904,0.43790000000000007,100123
GEN,0.44975,713,713,offspring,478,524,TINYIMAGENET,760,main_b1000_tinyimagenet_alexnet_GEN_kp50_seed123,0.5,0.4299,84,False,0.5,alexnet,False,0,0,1,0.43665,752,5,0.44975,713,1,1002,4,0.5,TINYIMAGENET_alexnet_GEN_accuracy_kp5000_seed123,123,40000,760,42,accuracy,100123,0.4299,1,2.948611040687561,30.97639799118042,10,2.948611040687561,valid,0.43186904327112585,0.5114122963309494,0.42989999999999995,100123
GEN,0.44975,713,713,offspring,524,478,TINYIMAGENET,761,main_b1000_tinyimagenet_alexnet_GEN_kp50_seed123,0.5,0.42545,84,False,0.5,alexnet,False,0,0,2,0.43665,752,5,0.44975,713,1,1002,5,0.5,TINYIMAGENET_alexnet_GEN_accuracy_kp5000_seed123,123,40000,761,42,accuracy,100123,0.42545,1,2.9696513256549837,30.436117701232433,10,2.9696513256549837,valid,0.4242869271871835,0.5000855873884369,0.42545,100123
GEN,0.44975,713,713,offspring,1026,998,TINYIMAGENET,762,main_b1000_tinyimagenet_alexnet_GEN_kp50_seed123,0.5,0.4341,84,False,0.5,alexnet,False,0,0,1,0.43285,756,9,0.43665,752,5,2024,6,0.5,TINYIMAGENET_alexnet_GEN_accuracy_kp5000_seed123,123,40000,762,42,accuracy,100123,0.4341,1,2.9241613081932067,31.05420172959566,10,2.9241613081932067,valid,0.4356150541242592,0.5050988645453518,0.4341,100123
GEN,0.44975,713,713,offspring,998,1026,TINYIMAGENET,763,main_b1000_tinyimagenet_alexnet_GEN_kp50_seed123,0.5,0.43135,84,False,0.5,alexnet,False,0,0,2,0.43285,756,9,0.43665,752,5,2024,7,0.5,TINYIMAGENET_alexnet_GEN_accuracy_kp5000_seed123,123,40000,763,42,accuracy,100123,0.43135,1,2.9021245981693267,30.53855264186859,10,2.9021245981693267,valid,0.4322412585425948,0.5062094267037456,0.43135000000000007,100123
GEN,0.44975,713,713,offspring,1012,976,TINYIMAGENET,764,main_b1000_tinyimagenet_alexnet_GEN_kp50_seed123,0.5,0.42975,84,False,0.5,alexnet,False,0,0,1,0.43665,752,5,0.43165,753,6,1988,8,0.5,TINYIMAGENET_alexnet_GEN_accuracy_kp5000_seed123,123,40000,764,42,accuracy,100123,0.42975,1,2.917250902843475,31.07331768423319,10,2.917250902843475,valid,0.42976990345971844,0.49775423297323984,0.42975,100123
GEN,0.44975,713,713,offspring,976,1012,TINYIMAGENET,765,main_b1000_tinyimagenet_alexnet_GEN_kp50_seed123,0.5,0.42955,84,False,0.5,alexnet,False,0,0,2,0.43665,752,5,0.43165,753,6,1988,9,0.5,TINYIMAGENET_alexnet_GEN_accuracy_kp5000_seed123,123,40000,765,42,accuracy,100123,0.42955,1,2.919069900560379,30.48577417433262,10,2.919069900560379,valid,0.4287830532241875,0.501843232322527,0.42955,100123
GEN,0.44975,713,713,offspring,1044,988,TINYIMAGENET,766,main_b1000_tinyimagenet_alexnet_GEN_kp50_seed123,0.5,0.4314,84,False,0.5,alexnet,False,0,0,1,0.44975,713,1,0.4301,754,7,2032,10,0.5,TINYIMAGENET_alexnet_GEN_accuracy_kp5000_seed123,123,40000,766,42,accuracy,100123,0.4314,1,2.9293316651821137,30.99254810065031,10,2.9293316651821137,valid,0.43336823338718505,0.502818471154883,0.4314,100123
GEN,0.44975,713,713,offspring,492,552,TINYIMAGENET,767,main_b1000_tinyimagenet_alexnet_GEN_kp50_seed123,0.5,0.4359,85,False,0.5,alexnet,False,0,0,1,0.4314,766,10,0.44975,713,1,1044,2,0.5,TINYIMAGENET_alexnet_GEN_accuracy_kp5000_seed123,123,40000,767,42,accuracy,100123,0.4359,1,2.8643978709220885,30.403538390994072,10,2.8643978709220885,valid,0.4357998586556915,0.49640862735104846,0.43589999999999995,100123
GEN,0.44975,713,713,offspring,552,492,TINYIMAGENET,768,main_b1000_tinyimagenet_alexnet_GEN_kp50_seed123,0.5,0.43005,85,False,0.5,alexnet,False,0,0,2,0.4314,766,10,0.44975,713,1,1044,3,0.5,TINYIMAGENET_alexnet_GEN_accuracy_kp5000_seed123,123,40000,768,42,accuracy,100123,0.43005,1,2.9320366241931914,30.991100274026394,10,2.9320366241931914,valid,0.43476931550461373,0.5069883130096301,0.43004999999999993,100123
GEN,0.44975,713,713,offspring,552,492,TINYIMAGENET,769,main_b1000_tinyimagenet_alexnet_GEN_kp50_seed123,0.5,0.42945,85,False,0.5,alexnet,False,0,0,1,0.44975,713,1,0.4314,766,10,1044,4,0.5,TINYIMAGENET_alexnet_GEN_accuracy_kp5000_seed123,123,40000,769,42,accuracy,100123,0.42945,1,2.9382967418193817,30.512574017047882,10,2.9382967418193817,valid,0.43077075512553153,0.5031416367456151,0.42944999999999994,100123
GEN,0.44975,713,713,offspring,492,552,TINYIMAGENET,770,main_b1000_tinyimagenet_alexnet_GEN_kp50_seed123,0.5,0.42305,85,False,0.5,alexnet,False,0,0,2,0.44975,713,1,0.4314,766,10,1044,5,0.5,TINYIMAGENET_alexnet_GEN_accuracy_kp5000_seed123,123,40000,770,42,accuracy,100123,0.42305,1,2.9367384315013885,30.927336901426315,10,2.9367384315013885,valid,0.42348364857084947,0.5025240125959684,0.42305,100123
GEN,0.44975,713,713,offspring,610,614,TINYIMAGENET,771,main_b1000_tinyimagenet_alexnet_GEN_kp50_seed123,0.5,0.432,85,False,0.5,alexnet,False,0,0,1,0.4379,759,3,0.4299,760,4,1224,6,0.5,TINYIMAGENET_alexnet_GEN_accuracy_kp5000_seed123,123,40000,771,42,accuracy,100123,0.432,1,2.886510111999512,30.497868448495865,10,2.886510111999512,valid,0.43082101292417974,0.4992768158710713,0.43200000000000005,100123
GEN,0.44975,713,713,offspring,614,610,TINYIMAGENET,772,main_b1000_tinyimagenet_alexnet_GEN_kp50_seed123,0.5,0.4357,85,False,0.5,alexnet,False,0,0,2,0.4379,759,3,0.4299,760,4,1224,7,0.5,TINYIMAGENET_alexnet_GEN_accuracy_kp5000_seed123,123,40000,772,42,accuracy,100123,0.4357,1,2.8696459327697754,31.01947919279337,10,2.8696459327697754,valid,0.4367469368798115,0.4993906366106383,0.4356999999999999,100123
GEN,0.44975,713,713,offspring,766,702,TINYIMAGENET,773,main_b1000_tinyimagenet_alexnet_GEN_kp50_seed123,0.5,0.4324,85,False,0.5,alexnet,False,0,0,1,0.4341,762,6,0.4379,759,3,1468,8,0.5,TINYIMAGENET_alexnet_GEN_accuracy_kp5000_seed123,123,40000,773,42,accuracy,100123,0.4324,1,2.8943817141056063,30.62639530003071,10,2.8943817141056063,valid,0.4326423027957904,0.5005629121374726,0.43239999999999995,100123
GEN,0.44975,713,713,offspring,702,766,TINYIMAGENET,774,main_b1000_tinyimagenet_alexnet_GEN_kp50_seed123,0.5,0.4362,85,False,0.5,alexnet,False,0,0,2,0.4341,762,6,0.4379,759,3,1468,9,0.5,TINYIMAGENET_alexnet_GEN_accuracy_kp5000_seed123,123,40000,774,42,accuracy,100123,0.4362,1,2.8843186106204985,30.861451260745525,10,2.8843186106204985,valid,0.43525407857088366,0.4976409474378918,0.43620000000000003,100123
GEN,0.44975,713,713,offspring,750,716,TINYIMAGENET,775,main_b1000_tinyimagenet_alexnet_GEN_kp50_seed123,0.5,0.4327,85,False,0.5,alexnet,False,0,0,1,0.4341,762,6,0.44975,713,1,1466,10,0.5,TINYIMAGENET_alexnet_GEN_accuracy_kp5000_seed123,123,40000,775,42,accuracy,100123,0.4327,1,2.939700316572189,30.794607289135456,10,2.939700316572189,valid,0.43154914691716945,0.5006690146478325,0.43270000000000003,100123
GEN,0.44975,713,713,offspring,734,732,TINYIMAGENET,776,main_b1000_tinyimagenet_alexnet_GEN_kp50_seed123,0.5,0.4257,86,False,0.5,alexnet,False,0,0,1,0.4324,773,8,0.4359,767,2,1466,2,0.5,TINYIMAGENET_alexnet_GEN_accuracy_kp5000_seed123,123,40000,776,42,accuracy,100123,0.4257,1,2.978309105348587,30.661546178162098,10,2.978309105348587,valid,0.42886382073226464,0.5100603919113434,0.4256999999999999,100123
GEN,0.44975,713,713,offspring,732,734,TINYIMAGENET,777,main_b1000_tinyimagenet_alexnet_GEN_kp50_seed123,0.5,0.42765,86,False,0.5,alexnet,False,0,0,2,0.4324,773,8,0.4359,767,2,1466,3,0.5,TINYIMAGENET_alexnet_GEN_accuracy_kp5000_seed123,123,40000,777,42,accuracy,100123,0.42765,1,2.972221455860138,30.941139735281467,10,2.972221455860138,valid,0.42752773704054464,0.5028429693220328,0.42765000000000003,100123
GEN,0.44975,713,713,offspring,760,740,TINYIMAGENET,778,main_b1000_tinyimagenet_alexnet_GEN_kp50_seed123,0.5,0.43635,86,False,0.5,alexnet,True,4000,2000,1,0.4362,774,9,0.44975,713,1,1500,4,0.5,TINYIMAGENET_alexnet_GEN_accuracy_kp5000_seed123,123,40000,778,42,accuracy,100123,0.43635,1,2.878812141704559,30.486472725868225,10,2.878812141704559,valid,0.4348660247226115,0.4976349504395871,0.43634999999999996,100123
GEN,0.44975,713,713,offspring,740,760,TINYIMAGENET,779,main_b1000_tinyimagenet_alexnet_GEN_kp50_seed123,0.5,0.43395,86,False,0.5,alexnet,False,0,0,2,0.4362,774,9,0.44975,713,1,1500,5,0.5,TINYIMAGENET_alexnet_GEN_accuracy_kp5000_seed123,123,40000,779,42,accuracy,100123,0.43395,1,2.895089778804779,31.025074988603592,10,2.895089778804779,valid,0.43318741116002274,0.5048547818292629,0.43394999999999995,100123
GEN,0.44975,713,713,offspring,362,354,TINYIMAGENET,780,main_b1000_tinyimagenet_alexnet_GEN_kp50_seed123,0.5,0.42695,86,False,0.5,alexnet,False,0,0,1,0.44975,713,1,0.4327,775,10,716,6,0.5,TINYIMAGENET_alexnet_GEN_accuracy_kp5000_seed123,123,40000,780,42,accuracy,100123,0.42695,1,2.9301650473117826,30.431641720235348,10,2.9301650473117826,valid,0.42927702087034014,0.49830479935751215,0.42695,100123
GEN,0.44975,713,713,offspring,354,362,TINYIMAGENET,781,main_b1000_tinyimagenet_alexnet_GEN_kp50_seed123,0.5,0.4292,86,False,0.5,alexnet,False,0,0,2,0.44975,713,1,0.4327,775,10,716,7,0.5,TINYIMAGENET_alexnet_GEN_accuracy_kp5000_seed123,123,40000,781,42,accuracy,100123,0.4292,1,2.9422886984348295,31.042950443923473,10,2.9422886984348295,valid,0.4303920468805692,0.507982433382695,0.42919999999999997,100123
GEN,0.44975,713,713,offspring,350,366,TINYIMAGENET,782,main_b1000_tinyimagenet_alexnet_GEN_kp50_seed123,0.5,0.43375,86,False,0.5,alexnet,False,0,0,1,0.44975,713,1,0.4327,775,10,716,8,0.5,TINYIMAGENET_alexnet_GEN_accuracy_kp5000_seed123,123,40000,782,42,accuracy,100123,0.43375,1,2.869187892150879,30.377397000789642,10,2.869187892150879,valid,0.43620601434837525,0.5019218211195651,0.43375,100123
GEN,0.44975,713,713,offspring,366,350,TINYIMAGENET,783,main_b1000_tinyimagenet_alexnet_GEN_kp50_seed123,0.5,0.43325,86,False,0.5,alexnet,False,0,0,2,0.44975,713,1,0.4327,775,10,716,9,0.5,TINYIMAGENET_alexnet_GEN_accuracy_kp5000_seed123,123,40000,783,42,accuracy,100123,0.43325,1,2.9339203433036802,31.055753961205482,10,2.9339203433036802,valid,0.43567300171888257,0.5102125110307886,0.43325,100123
GEN,0.44975,713,713,offspring,274,278,TINYIMAGENET,784,main_b1000_tinyimagenet_alexnet_GEN_kp50_seed123,0.5,0.42735,86,False,0.5,alexnet,True,4000,2000,1,0.4359,767,2,0.44975,713,1,552,10,0.5,TINYIMAGENET_alexnet_GEN_accuracy_kp5000_seed123,123,40000,784,42,accuracy,100123,0.42735,1,2.933737751579285,30.515786863863468,10,2.933737751579285,valid,0.4322181914145233,0.505355707378814,0.42735,100123
GEN,0.44975,713,713,offspring,2400,2314,TINYIMAGENET,785,main_b1000_tinyimagenet_alexnet_GEN_kp50_seed123,0.5,0.435,87,False,0.5,alexnet,False,0,0,1,0.43635,778,4,0.43325,783,9,4714,2,0.5,TINYIMAGENET_alexnet_GEN_accuracy_kp5000_seed123,123,40000,785,42,accuracy,100123,0.435,1,2.9066852300167083,31.025001123547554,10,2.9066852300167083,valid,0.43817533448905155,0.5094240512739701,0.435,100123
GEN,0.44975,713,713,offspring,2314,2400,TINYIMAGENET,786,main_b1000_tinyimagenet_alexnet_GEN_kp50_seed123,0.5,0.438,87,False,0.5,alexnet,False,0,0,2,0.43635,778,4,0.43325,783,9,4714,3,0.5,TINYIMAGENET_alexnet_GEN_accuracy_kp5000_seed123,123,40000,786,42,accuracy,100123,0.438,1,2.8250596774101258,30.47837283462286,10,2.8250596774101258,valid,0.4376818262963394,0.4944119906715291,0.43799999999999994,100123
GEN,0.44975,713,713,offspring,2386,2266,TINYIMAGENET,787,main_b1000_tinyimagenet_alexnet_GEN_kp50_seed123,0.5,0.4352,87,False,0.5,alexnet,False,0,0,1,0.44975,713,1,0.43635,778,4,4652,4,0.5,TINYIMAGENET_alexnet_GEN_accuracy_kp5000_seed123,123,40000,787,42,accuracy,100123,0.4352,1,2.92230263671875,30.929066084325314,10,2.92230263671875,valid,0.4348929244412534,0.5035203270849717,0.43520000000000003,100123
GEN,0.44975,713,713,offspring,2266,2386,TINYIMAGENET,788,main_b1000_tinyimagenet_alexnet_GEN_kp50_seed123,0.5,0.4359,87,False,0.5,alexnet,False,0,0,2,0.44975,713,1,0.43635,778,4,4652,5,0.5,TINYIMAGENET_alexnet_GEN_accuracy_kp5000_seed123,123,40000,788,42,accuracy,100123,0.4359,1,2.9053486568450926,30.48060044646263,10,2.9053486568450926,valid,0.43564091984069947,0.4993188805352975,0.43589999999999995,100123
GEN,0.44975,713,713,offspring,196,154,TINYIMAGENET,789,main_b1000_tinyimagenet_alexnet_GEN_kp50_seed123,0.5,0.43255,87,False,0.5,alexnet,True,4000,2000,1,0.43375,782,8,0.44975,713,1,350,6,0.5,TINYIMAGENET_alexnet_GEN_accuracy_kp5000_seed123,123,40000,789,42,accuracy,100123,0.43255,1,2.9194161535263063,30.944604329764843,10,2.9194161535263063,valid,0.43443980105521,0.5072181385221913,0.43254999999999993,100123
GEN,0.44975,713,713,offspring,154,196,TINYIMAGENET,790,main_b1000_tinyimagenet_alexnet_GEN_kp50_seed123,0.5,0.43425,87,False,0.5,alexnet,False,0,0,2,0.43375,782,8,0.44975,713,1,350,7,0.5,TINYIMAGENET_alexnet_GEN_accuracy_kp5000_seed123,123,40000,790,42,accuracy,100123,0.43425,1,2.894708826971054,30.49200212955475,10,2.894708826971054,valid,0.4336539472032506,0.496512921360094,0.43424999999999997,100123
GEN,0.44975,713,713,offspring,2116,2142,TINYIMAGENET,791,main_b1000_tinyimagenet_alexnet_GEN_kp50_seed123,0.5,0.4397,87,False,0.5,alexnet,False,0,0,1,0.42735,784,10,0.44975,713,1,4258,8,0.5,TINYIMAGENET_alexnet_GEN_accuracy_kp5000_seed123,123,40000,791,42,accuracy,100123,0.4397,1,2.869602145576477,31.013933047652245,10,2.869602145576477,valid,0.4408754200236516,0.49990927880451325,0.4397,100123
GEN,0.44975,713,713,offspring,2142,2116,TINYIMAGENET,792,main_b1000_tinyimagenet_alexnet_GEN_kp50_seed123,0.5,0.43905,87,False,0.5,alexnet,False,0,0,2,0.42735,784,10,0.44975,713,1,4258,9,0.5,TINYIMAGENET_alexnet_GEN_accuracy_kp5000_seed123,123,40000,792,42,accuracy,100123,0.43905,1,2.8571419177532196,30.53655155003071,10,2.8571419177532196,valid,0.43812346522002527,0.5024021647264746,0.43905,100123
GEN,0.44975,713,713,offspring,540,530,TINYIMAGENET,793,main_b1000_tinyimagenet_alexnet_GEN_kp50_seed123,0.5,0.43235,87,False,0.5,alexnet,False,0,0,1,0.4292,781,7,0.42765,777,3,1070,10,0.5,TINYIMAGENET_alexnet_GEN_accuracy_kp5000_seed123,123,40000,793,42,accuracy,100123,0.43235,1,2.9287419981479643,30.99681943655014,10,2.9287419981479643,valid,0.43552044023519215,0.5090404812441619,0.43235,100123
GEN,0.44975,713,713,offspring,1072,1044,TINYIMAGENET,794,main_b1000_tinyimagenet_alexnet_GEN_kp50_seed123,0.5,0.43205,88,False,0.5,alexnet,False,0,0,1,0.43905,792,9,0.44975,713,1,2116,2,0.5,TINYIMAGENET_alexnet_GEN_accuracy_kp5000_seed123,123,40000,794,42,accuracy,100123,0.43205,1,2.923808805799484,30.876130305230618,10,2.923808805799484,valid,0.42847819931414366,0.4886975670067394,0.43205,100123
GEN,0.44975,713,713,offspring,1044,1072,TINYIMAGENET,795,main_b1000_tinyimagenet_alexnet_GEN_kp50_seed123,0.5,0.43145,88,False,0.5,alexnet,False,0,0,2,0.43905,792,9,0.44975,713,1,2116,3,0.5,TINYIMAGENET_alexnet_GEN_accuracy_kp5000_seed123,123,40000,795,42,accuracy,100123,0.43145,1,2.946766334629059,30.69707601517439,10,2.946766334629059,valid,0.4322335479374273,0.5107046380175935,0.43144999999999994,100123
GEN,0.44975,713,713,offspring,2176,2248,TINYIMAGENET,796,main_b1000_tinyimagenet_alexnet_GEN_kp50_seed123,0.5,0.4384,88,False,0.5,alexnet,False,0,0,1,0.4397,791,8,0.435,785,2,4424,4,0.5,TINYIMAGENET_alexnet_GEN_accuracy_kp5000_seed123,123,40000,796,42,accuracy,100123,0.4384,1,2.894860486268997,30.952814772725105,10,2.894860486268997,valid,0.43842199006691707,0.50032305388205,0.4384,100123
GEN,0.44975,713,713,offspring,2248,2176,TINYIMAGENET,797,main_b1000_tinyimagenet_alexnet_GEN_kp50_seed123,0.5,0.4302,88,False,0.5,alexnet,False,0,0,2,0.4397,791,8,0.435,785,2,4424,5,0.5,TINYIMAGENET_alexnet_GEN_accuracy_kp5000_seed123,123,40000,797,42,accuracy,100123,0.4302,1,2.9538360445022582,30.48757389932871,10,2.9538360445022582,valid,0.42853195951103706,0.5020895712867837,0.4302,100123
GEN,0.44975,713,713,offspring,1202,1194,TINYIMAGENET,798,main_b1000_tinyimagenet_alexnet_GEN_kp50_seed123,0.5,0.44005,88,False,0.5,alexnet,False,0,0,1,0.438,786,3,0.4359,788,5,2396,6,0.5,TINYIMAGENET_alexnet_GEN_accuracy_kp5000_seed123,123,40000,798,42,accuracy,100123,0.44005,1,2.8782288467407224,31.025242783129215,10,2.8782288467407224,valid,0.43796327894490744,0.5000701909192964,0.44004999999999994,100123
GEN,0.44975,713,713,offspring,1194,1202,TINYIMAGENET,799,main_b1000_tinyimagenet_alexnet_GEN_kp50_seed123,0.5,0.4404,88,False,0.5,alexnet,False,0,0,2,0.438,786,3,0.4359,788,5,2396,7,0.5,TINYIMAGENET_alexnet_GEN_accuracy_kp5000_seed123,123,40000,799,42,accuracy,100123,0.4404,1,2.8562947489738466,30.520994000136852,10,2.8562947489738466,valid,0.4413709593817636,0.5021135296631012,0.44040000000000007,100123
GEN,0.44975,713,713,offspring,2200,2144,TINYIMAGENET,800,main_b1000_tinyimagenet_alexnet_GEN_kp50_seed123,0.5,0.4337,88,False,0.5,alexnet,False,0,0,1,0.43905,792,9,0.4352,787,4,4344,8,0.5,TINYIMAGENET_alexnet_GEN_accuracy_kp5000_seed123,123,40000,800,42,accuracy,100123,0.4337,1,2.899744874572754,31.0264443308115,10,2.899744874572754,valid,0.4375503510030249,0.5085820883241204,0.43370000000000003,100123
GEN,0.44975,713,713,offspring,2144,2200,TINYIMAGENET,801,main_b1000_tinyimagenet_alexnet_GEN_kp50_seed123,0.5,0.4291,88,False,0.5,alexnet,False,0,0,2,0.43905,792,9,0.4352,787,4,4344,9,0.5,TINYIMAGENET_alexnet_GEN_accuracy_kp5000_seed123,123,40000,801,42,accuracy,100123,0.4291,1,2.890473722076416,30.357258670032024,10,2.890473722076416,valid,0.42855002179487983,0.49459543438978154,0.4291,100123
GEN,0.44975,713,713,offspring,1050,1092,TINYIMAGENET,802,main_b1000_tinyimagenet_alexnet_GEN_kp50_seed123,0.5,0.4332,88,False,0.5,alexnet,False,0,0,1,0.4397,791,8,0.44975,713,1,2142,10,0.5,TINYIMAGENET_alexnet_GEN_accuracy_kp5000_seed123,123,40000,802,42,accuracy,100123,0.4332,1,2.928232439661026,30.946833722293377,10,2.928232439661026,valid,0.433978110346509,0.5055561292810031,0.43320000000000003,100123
GEN,0.44975,713,713,offspring,526,518,TINYIMAGENET,803,main_b1000_tinyimagenet_alexnet_GEN_kp50_seed123,0.5,0.4292,89,False,0.5,alexnet,False,0,0,1,0.43205,794,2,0.44975,713,1,1044,2,0.5,TINYIMAGENET_alexnet_GEN_accuracy_kp5000_seed123,123,40000,803,42,accuracy,100123,0.4292,1,2.904186254787445,30.331217385828495,10,2.904186254787445,valid,0.4289510104969899,0.4972384366176722,0.4292,100123
GEN,0.44975,713,713,offspring,518,526,TINYIMAGENET,804,main_b1000_tinyimagenet_alexnet_GEN_kp50_seed123,0.5,0.4331,89,False,0.5,alexnet,False,0,0,2,0.43205,794,2,0.44975,713,1,1044,3,0.5,TINYIMAGENET_alexnet_GEN_accuracy_kp5000_seed123,123,40000,804,42,accuracy,100123,0.4331,1,2.918384892654419,30.916419729590416,10,2.918384892654419,valid,0.4309493408293232,0.5019191485689425,0.43310000000000004,100123
GEN,0.44975,713,713,offspring,1082,1152,TINYIMAGENET,805,main_b1000_tinyimagenet_alexnet_GEN_kp50_seed123,0.5,0.4375,89,False,0.5,alexnet,False,0,0,1,0.4337,800,8,0.44975,713,1,2234,4,0.5,TINYIMAGENET_alexnet_GEN_accuracy_kp5000_seed123,123,40000,805,42,accuracy,100123,0.4375,1,2.87858711271286,30.438134998083115,10,2.87858711271286,valid,0.43741862987817215,0.507323146292747,0.4375,100123
GEN,0.44975,713,713,offspring,1152,1082,TINYIMAGENET,806,main_b1000_tinyimagenet_alexnet_GEN_kp50_seed123,0.5,0.4287,89,False,0.5,alexnet,False,0,0,2,0.4337,800,8,0.44975,713,1,2234,5,0.5,TINYIMAGENET_alexnet_GEN_accuracy_kp5000_seed123,123,40000,806,42,accuracy,100123,0.4287,1,2.924362416267395,31.14083120971918,10,2.924362416267395,valid,0.4303438988053431,0.5021757476152042,0.4287,100123
GEN,0.44975,713,713,offspring,1184,1178,TINYIMAGENET,807,main_b1000_tinyimagenet_alexnet_GEN_kp50_seed123,0.5,0.4302,89,False,0.5,alexnet,False,0,0,1,0.44005,798,6,0.44975,713,1,2362,6,0.5,TINYIMAGENET_alexnet_GEN_accuracy_kp5000_seed123,123,40000,807,42,accuracy,100123,0.4302,1,2.9135565764904023,30.4049569144845,10,2.9135565764904023,valid,0.43300685387673504,0.5060335549634164,0.4302,100123
GEN,0.44975,713,713,offspring,1178,1184,TINYIMAGENET,808,main_b1000_tinyimagenet_alexnet_GEN_kp50_seed123,0.5,0.4302,89,False,0.5,alexnet,False,0,0,2,0.44005,798,6,0.44975,713,1,2362,7,0.5,TINYIMAGENET_alexnet_GEN_accuracy_kp5000_seed123,123,40000,808,42,accuracy,100123,0.4302,1,2.927280521631241,31.193087205290794,10,2.927280521631241,valid,0.4330268364164962,0.5034663984294017,0.43019999999999997,100123
GEN,0.44975,713,713,offspring,1210,1152,TINYIMAGENET,809,main_b1000_tinyimagenet_alexnet_GEN_kp50_seed123,0.5,0.426,89,False,0.5,alexnet,True,4000,2000,1,0.44975,713,1,0.44005,798,6,2362,8,0.5,TINYIMAGENET_alexnet_GEN_accuracy_kp5000_seed123,123,40000,809,42,accuracy,100123,0.426,1,2.9748221704006195,30.589711397886276,10,2.9748221704006195,valid,0.42542300015905643,0.5043839550998334,0.42599999999999993,100123
GEN,0.44975,713,713,offspring,1152,1210,TINYIMAGENET,810,main_b1000_tinyimagenet_alexnet_GEN_kp50_seed123,0.5,0.43585,89,False,0.5,alexnet,False,0,0,2,0.44975,713,1,0.44005,798,6,2362,9,0.5,TINYIMAGENET_alexnet_GEN_accuracy_kp5000_seed123,123,40000,810,42,accuracy,100123,0.43585,1,2.864437217664719,31.03631091117859,10,2.864437217664719,valid,0.4353196440422246,0.4953392853736508,0.43585,100123
GEN,0.44975,713,713,offspring,1760,1664,TINYIMAGENET,811,main_b1000_tinyimagenet_alexnet_GEN_kp50_seed123,0.5,0.4271,89,False,0.5,alexnet,False,0,0,1,0.43145,795,3,0.4404,799,7,3424,10,0.5,TINYIMAGENET_alexnet_GEN_accuracy_kp5000_seed123,123,40000,811,42,accuracy,100123,0.4271,1,2.9570742161273955,30.457411609590054,10,2.9570742161273955,valid,0.4264405775275236,0.49864247380956395,0.42710000000000004,100123
GEN,0.44975,713,713,offspring,560,592,TINYIMAGENET,812,main_b1000_tinyimagenet_alexnet_GEN_kp50_seed123,0.5,0.43525,90,False,0.5,alexnet,False,0,0,1,0.43585,810,9,0.44975,713,1,1152,2,0.5,TINYIMAGENET_alexnet_GEN_accuracy_kp5000_seed123,123,40000,812,42,accuracy,100123,0.43525,1,2.8839843616485594,31.022708259522915,10,2.8839843616485594,valid,0.4361822370330992,0.5034674399402451,0.43524999999999997,100123
GEN,0.44975,713,713,offspring,592,560,TINYIMAGENET,813,main_b1000_tinyimagenet_alexnet_GEN_kp50_seed123,0.5,0.4331,90,False,0.5,alexnet,False,0,0,2,0.43585,810,9,0.44975,713,1,1152,3,0.5,TINYIMAGENET_alexnet_GEN_accuracy_kp5000_seed123,123,40000,813,42,accuracy,100123,0.4331,1,2.8836204457759855,30.626842342317104,10,2.8836204457759855,valid,0.43225270454670073,0.49773820884643527,0.43310000000000004,100123
GEN,0.44975,713,713,offspring,826,832,TINYIMAGENET,814,main_b1000_tinyimagenet_alexnet_GEN_kp50_seed123,0.5,0.4368,90,False,0.5,alexnet,False,0,0,1,0.4331,804,3,0.43585,810,9,1658,4,0.5,TINYIMAGENET_alexnet_GEN_accuracy_kp5000_seed123,123,40000,814,42,accuracy,100123,0.4368,1,2.855145842170715,30.852959521114826,10,2.855145842170715,valid,0.4391924445168134,0.5064384321026105,0.4368,100123
GEN,0.44975,713,713,offspring,832,826,TINYIMAGENET,815,main_b1000_tinyimagenet_alexnet_GEN_kp50_seed123,0.5,0.43445,90,False,0.5,alexnet,False,0,0,2,0.4331,804,3,0.43585,810,9,1658,5,0.5,TINYIMAGENET_alexnet_GEN_accuracy_kp5000_seed123,123,40000,815,42,accuracy,100123,0.43445,1,2.879144319295883,30.805856242775917,10,2.879144319295883,valid,0.43623887191241695,0.5050513596398685,0.43445,100123
GEN,0.44975,713,713,offspring,836,850,TINYIMAGENET,816,main_b1000_tinyimagenet_alexnet_GEN_kp50_seed123,0.5,0.43885,90,False,0.5,alexnet,False,0,0,1,0.4331,804,3,0.4302,807,6,1686,6,0.5,TINYIMAGENET_alexnet_GEN_accuracy_kp5000_seed123,123,40000,816,42,accuracy,100123,0.43885,1,2.88789562869072,30.62994011491537,10,2.88789562869072,valid,0.43942310813348967,0.5017034432325599,0.4388500000000001,100123
GEN,0.44975,713,713,offspring,850,836,TINYIMAGENET,817,main_b1000_tinyimagenet_alexnet_GEN_kp50_seed123,0.5,0.4302,90,False,0.5,alexnet,False,0,0,2,0.4331,804,3,0.4302,807,6,1686,7,0.5,TINYIMAGENET_alexnet_GEN_accuracy_kp5000_seed123,123,40000,817,42,accuracy,100123,0.4302,1,2.914621289873123,31.02392967045307,10,2.914621289873123,valid,0.4311184780132816,0.496925178001465,0.43019999999999997,100123
GEN,0.44975,713,713,offspring,1098,1052,TINYIMAGENET,818,main_b1000_tinyimagenet_alexnet_GEN_kp50_seed123,0.5,0.43495,90,False,0.5,alexnet,False,0,0,1,0.4375,805,4,0.4302,807,6,2150,8,0.5,TINYIMAGENET_alexnet_GEN_accuracy_kp5000_seed123,123,40000,818,42,accuracy,100123,0.43495,1,2.8948790135860443,30.578251250088215,10,2.8948790135860443,valid,0.436273089272773,0.5008994180747629,0.43495000000000006,100123
GEN,0.44975,713,713,offspring,1052,1098,TINYIMAGENET,819,main_b1000_tinyimagenet_alexnet_GEN_kp50_seed123,0.5,0.4296,90,False,0.5,alexnet,False,0,0,2,0.4375,805,4,0.4302,807,6,2150,9,0.5,TINYIMAGENET_alexnet_GEN_accuracy_kp5000_seed123,123,40000,819,42,accuracy,100123,0.4296,1,2.946284654998779,30.931149907410145,10,2.946284654998779,valid,0.42801830748992453,0.5040882494233342,0.4296,100123
GEN,0.44975,713,713,offspring,592,586,TINYIMAGENET,820,main_b1000_tinyimagenet_alexnet_GEN_kp50_seed123,0.5,0.4378,90,False,0.5,alexnet,True,4000,2000,1,0.4302,807,6,0.44975,713,1,1178,10,0.5,TINYIMAGENET_alexnet_GEN_accuracy_kp5000_seed123,123,40000,820,42,accuracy,100123,0.4378,1,2.8741527665138245,30.582480050623417,10,2.8741527665138245,valid,0.43945566981648254,0.5057835620029302,0.4378,100123
GEN,0.44975,713,713,offspring,652,664,TINYIMAGENET,821,main_b1000_tinyimagenet_alexnet_GEN_kp50_seed123,0.5,0.42455,91,False,0.5,alexnet,False,0,0,1,0.43885,816,6,0.43495,818,8,1316,2,0.5,TINYIMAGENET_alexnet_GEN_accuracy_kp5000_seed123,123,40000,821,42,accuracy,100123,0.42455,1,2.9465910429954527,31.053047128021717,10,2.9465910429954527,valid,0.4288477348800294,0.5055043516309675,0.42455,100123
GEN,0.44975,713,713,offspring,664,652,TINYIMAGENET,822,main_b1000_tinyimagenet_alexnet_GEN_kp50_seed123,0.5,0.4321,91,False,0.5,alexnet,False,0,0,2,0.43885,816,6,0.43495,818,8,1316,3,0.5,TINYIMAGENET_alexnet_GEN_accuracy_kp5000_seed123,123,40000,822,42,accuracy,100123,0.4321,1,2.8822627220630648,30.549775175750256,10,2.8822627220630648,valid,0.43716525667459083,0.5039188326656937,0.43209999999999993,100123
GEN,0.44975,713,713,offspring,548,588,TINYIMAGENET,823,main_b1000_tinyimagenet_alexnet_GEN_kp50_seed123,0.5,0.43325,91,False,0.5,alexnet,False,0,0,1,0.43885,816,6,0.4368,814,4,1136,4,0.5,TINYIMAGENET_alexnet_GEN_accuracy_kp5000_seed123,123,40000,823,42,accuracy,100123,0.43325,1,2.9419943044662475,31.098409302532673,10,2.9419943044662475,valid,0.4352493887691247,0.5011509354092083,0.43325,100123
GEN,0.44975,713,713,offspring,588,548,TINYIMAGENET,824,main_b1000_tinyimagenet_alexnet_GEN_kp50_seed123,0.5,0.43345,91,False,0.5,alexnet,False,0,0,2,0.43885,816,6,0.4368,814,4,1136,5,0.5,TINYIMAGENET_alexnet_GEN_accuracy_kp5000_seed123,123,40000,824,42,accuracy,100123,0.43345,1,2.885020138454437,30.520044587552547,10,2.885020138454437,valid,0.43594774654290785,0.5020659387456952,0.43345,100123
GEN,0.44975,713,713,offspring,586,578,TINYIMAGENET,825,main_b1000_tinyimagenet_alexnet_GEN_kp50_seed123,0.5,0.42965,91,False,0.5,alexnet,False,0,0,1,0.44975,713,1,0.43495,818,8,1164,6,0.5,TINYIMAGENET_alexnet_GEN_accuracy_kp5000_seed123,123,40000,825,42,accuracy,100123,0.42965,1,2.9366647894859312,31.08918395638466,10,2.9366647894859312,valid,0.43117966496360693,0.5062799112129432,0.42965000000000003,100123
GEN,0.44975,713,713,offspring,578,586,TINYIMAGENET,826,main_b1000_tinyimagenet_alexnet_GEN_kp50_seed123,0.5,0.4425,91,False,0.5,alexnet,False,0,0,2,0.44975,713,1,0.43495,818,8,1164,7,0.5,TINYIMAGENET_alexnet_GEN_accuracy_kp5000_seed123,123,40000,826,42,accuracy,100123,0.4425,1,2.8621521799087524,30.513791374862194,10,2.8621521799087524,valid,0.4439671434090273,0.499430303445949,0.4425,100123
GEN,0.44975,713,713,offspring,2578,2480,TINYIMAGENET,827,main_b1000_tinyimagenet_alexnet_GEN_kp50_seed123,0.5,0.42805,91,False,0.5,alexnet,False,0,0,1,0.4378,820,10,0.43445,815,5,5058,8,0.5,TINYIMAGENET_alexnet_GEN_accuracy_kp5000_seed123,123,40000,827,42,accuracy,100123,0.42805,1,2.9079948632240296,31.084464468061924,10,2.9079948632240296,valid,0.4277860521108564,0.4987894666115639,0.42805,100123
GEN,0.44975,713,713,offspring,2480,2578,TINYIMAGENET,828,main_b1000_tinyimagenet_alexnet_GEN_kp50_seed123,0.5,0.4355,91,False,0.5,alexnet,True,4000,2000,2,0.4378,820,10,0.43445,815,5,5058,9,0.5,TINYIMAGENET_alexnet_GEN_accuracy_kp5000_seed123,123,40000,828,42,accuracy,100123,0.4355,1,2.9014523420333864,30.48009130358696,10,2.9014523420333864,valid,0.4382918799935283,0.5017641180419966,0.4355,100123
GEN,0.44975,713,713,offspring,644,672,TINYIMAGENET,829,main_b1000_tinyimagenet_alexnet_GEN_kp50_seed123,0.5,0.42805,91,False,0.5,alexnet,False,0,0,1,0.43495,818,8,0.43885,816,6,1316,10,0.5,TINYIMAGENET_alexnet_GEN_accuracy_kp5000_seed123,123,40000,829,42,accuracy,100123,0.42805,1,2.9617329793930054,31.091683000326157,10,2.9617329793930054,valid,0.4271193632060485,0.5014136294977922,0.42804999999999993,100123
GEN,0.44975,713,713,offspring,3388,3320,TINYIMAGENET,830,main_b1000_tinyimagenet_alexnet_GEN_kp50_seed123,0.5,0.432,92,False,0.5,alexnet,False,0,0,1,0.4425,826,7,0.4355,828,9,6708,2,0.5,TINYIMAGENET_alexnet_GEN_accuracy_kp5000_seed123,123,40000,830,42,accuracy,100123,0.432,1,2.9308542758464813,30.396421752870083,10,2.9308542758464813,valid,0.43310431565244384,0.5053991962962953,0.43200000000000005,100123
GEN,0.44975,713,713,offspring,3320,3388,TINYIMAGENET,831,main_b1000_tinyimagenet_alexnet_GEN_kp50_seed123,0.5,0.43025,92,False,0.5,alexnet,False,0,0,2,0.4425,826,7,0.4355,828,9,6708,3,0.5,TINYIMAGENET_alexnet_GEN_accuracy_kp5000_seed123,123,40000,831,42,accuracy,100123,0.43025,1,2.9045058792591094,30.873241029679775,10,2.9045058792591094,valid,0.4308330996274212,0.4994590552558259,0.4302500000000001,100123
GEN,0.44975,713,713,offspring,420,420,TINYIMAGENET,832,main_b1000_tinyimagenet_alexnet_GEN_kp50_seed123,0.5,0.42895,92,False,0.5,alexnet,False,0,0,1,0.43345,824,5,0.44975,713,1,840,4,0.5,TINYIMAGENET_alexnet_GEN_accuracy_kp5000_seed123,123,40000,832,42,accuracy,100123,0.42895,1,2.9314923580169676,30.51768859475851,10,2.9314923580169676,valid,0.43084578488994935,0.5044049908600867,0.42894999999999994,100123
GEN,0.44975,713,713,offspring,420,420,TINYIMAGENET,833,main_b1000_tinyimagenet_alexnet_GEN_kp50_seed123,0.5,0.4402,92,False,0.5,alexnet,False,0,0,2,0.43345,824,5,0.44975,713,1,840,5,0.5,TINYIMAGENET_alexnet_GEN_accuracy_kp5000_seed123,123,40000,833,42,accuracy,100123,0.4402,1,2.8615129257678986,30.98426179587841,10,2.8615129257678986,valid,0.43962011585118677,0.5102959039856919,0.44020000000000004,100123
GEN,0.44975,713,713,offspring,280,298,TINYIMAGENET,834,main_b1000_tinyimagenet_alexnet_GEN_kp50_seed123,0.5,0.4384,92,False,0.5,alexnet,False,0,0,1,0.4425,826,7,0.44975,713,1,578,6,0.5,TINYIMAGENET_alexnet_GEN_accuracy_kp5000_seed123,123,40000,834,42,accuracy,100123,0.4384,1,2.8445946103572846,30.553588092327118,10,2.8445946103572846,valid,0.4381173432433527,0.4977737675073939,0.4384,100123
GEN,0.44975,713,713,offspring,298,280,TINYIMAGENET,835,main_b1000_tinyimagenet_alexnet_GEN_kp50_seed123,0.5,0.43245,92,False,0.5,alexnet,False,0,0,2,0.4425,826,7,0.44975,713,1,578,7,0.5,TINYIMAGENET_alexnet_GEN_accuracy_kp5000_seed123,123,40000,835,42,accuracy,100123,0.43245,1,2.9180031614780426,30.91273932904005,10,2.9180031614780426,valid,0.4322919790419917,0.5062445179987709,0.43245,100123
GEN,0.44975,713,713,offspring,574,590,TINYIMAGENET,836,main_b1000_tinyimagenet_alexnet_GEN_kp50_seed123,0.5,0.43135,92,False,0.5,alexnet,False,0,0,1,0.4425,826,7,0.42965,825,6,1164,8,0.5,TINYIMAGENET_alexnet_GEN_accuracy_kp5000_seed123,123,40000,836,42,accuracy,100123,0.43135,1,2.906858330488205,30.876505702733994,10,2.906858330488205,valid,0.4328462924946605,0.49797072842888623,0.43134999999999996,100123
GEN,0.44975,713,713,offspring,590,574,TINYIMAGENET,837,main_b1000_tinyimagenet_alexnet_GEN_kp50_seed123,0.5,0.42605,92,False,0.5,alexnet,False,0,0,2,0.4425,826,7,0.42965,825,6,1164,9,0.5,TINYIMAGENET_alexnet_GEN_accuracy_kp5000_seed123,123,40000,837,42,accuracy,100123,0.42605,1,2.933051177597046,30.770468443632126,10,2.933051177597046,valid,0.42994684965560004,0.5053731316819032,0.42605000000000004,100123
GEN,0.44975,713,713,offspring,300,286,TINYIMAGENET,838,main_b1000_tinyimagenet_alexnet_GEN_kp50_seed123,0.5,0.43315,92,False,0.5,alexnet,False,0,0,1,0.42965,825,6,0.44975,713,1,586,10,0.5,TINYIMAGENET_alexnet_GEN_accuracy_kp5000_seed123,123,40000,838,42,accuracy,100123,0.43315,1,2.8889137228250505,30.96708758920431,10,2.8889137228250505,valid,0.43741000230198457,0.5022209948191582,0.43315,100123
GEN,0.44975,713,713,offspring,322,314,TINYIMAGENET,839,main_b1000_tinyimagenet_alexnet_GEN_kp50_seed123,0.5,0.42725,93,False,0.5,alexnet,False,0,0,1,0.43315,838,10,0.4402,833,5,636,2,0.5,TINYIMAGENET_alexnet_GEN_accuracy_kp5000_seed123,123,40000,839,42,accuracy,100123,0.42725,1,2.948863264608383,30.5149727165699,10,2.948863264608383,valid,0.4301395961154432,0.5079523445263653,0.42725,100123
GEN,0.44975,713,713,offspring,314,322,TINYIMAGENET,840,main_b1000_tinyimagenet_alexnet_GEN_kp50_seed123,0.5,0.4297,93,False,0.5,alexnet,False,0,0,2,0.43315,838,10,0.4402,833,5,636,3,0.5,TINYIMAGENET_alexnet_GEN_accuracy_kp5000_seed123,123,40000,840,42,accuracy,100123,0.4297,1,2.9405382449626924,31.09752879291773,10,2.9405382449626924,valid,0.4323860233062495,0.5059593148616142,0.42969999999999997,100123
GEN,0.44975,713,713,offspring,314,322,TINYIMAGENET,841,main_b1000_tinyimagenet_alexnet_GEN_kp50_seed123,0.5,0.4327,93,False,0.5,alexnet,True,4000,2000,1,0.4402,833,5,0.43315,838,10,636,4,0.5,TINYIMAGENET_alexnet_GEN_accuracy_kp5000_seed123,123,40000,841,42,accuracy,100123,0.4327,1,2.924279338788986,30.468292005360126,10,2.924279338788986,valid,0.4321117552968248,0.5077643066554678,0.43270000000000003,100123
GEN,0.44975,713,713,offspring,322,314,TINYIMAGENET,842,main_b1000_tinyimagenet_alexnet_GEN_kp50_seed123,0.5,0.43285,93,False,0.5,alexnet,False,0,0,2,0.4402,833,5,0.43315,838,10,636,5,0.5,TINYIMAGENET_alexnet_GEN_accuracy_kp5000_seed123,123,40000,842,42,accuracy,100123,0.43285,1,2.937340747451782,31.041820615530014,10,2.937340747451782,valid,0.43578133035222577,0.5064954999411754,0.43285,100123
GEN,0.44975,713,713,offspring,134,152,TINYIMAGENET,843,main_b1000_tinyimagenet_alexnet_GEN_kp50_seed123,0.5,0.4346,93,False,0.5,alexnet,True,4000,2000,1,0.43315,838,10,0.44975,713,1,286,6,0.5,TINYIMAGENET_alexnet_GEN_accuracy_kp5000_seed123,123,40000,843,42,accuracy,100123,0.4346,1,2.8873959485054015,30.293535880744457,10,2.8873959485054015,valid,0.4355807101987078,0.5018250092090331,0.4346,100123
GEN,0.44975,713,713,offspring,152,134,TINYIMAGENET,844,main_b1000_tinyimagenet_alexnet_GEN_kp50_seed123,0.5,0.43655,93,False,0.5,alexnet,False,0,0,2,0.43315,838,10,0.44975,713,1,286,7,0.5,TINYIMAGENET_alexnet_GEN_accuracy_kp5000_seed123,123,40000,844,42,accuracy,100123,0.43655,1,2.8401607705116274,30.832074716687202,10,2.8401607705116274,valid,0.4371489392641406,0.49569976129314564,0.43655,100123
GEN,0.44975,713,713,offspring,304,332,TINYIMAGENET,845,main_b1000_tinyimagenet_alexnet_GEN_kp50_seed123,0.5,0.43485,93,False,0.5,alexnet,False,0,0,1,0.4402,833,5,0.43315,838,10,636,8,0.5,TINYIMAGENET_alexnet_GEN_accuracy_kp5000_seed123,123,40000,845,42,accuracy,100123,0.43485,1,2.899332651758194,30.35520365834236,10,2.899332651758194,valid,0.43316216904763655,0.498787740984505,0.43485,100123
GEN,0.44975,713,713,offspring,332,304,TINYIMAGENET,846,main_b1000_tinyimagenet_alexnet_GEN_kp50_seed123,0.5,0.43595,93,False,0.5,alexnet,False,0,0,2,0.4402,833,5,0.43315,838,10,636,9,0.5,TINYIMAGENET_alexnet_GEN_accuracy_kp5000_seed123,123,40000,846,42,accuracy,100123,0.43595,1,2.859715805864334,30.870989695191383,10,2.859715805864334,valid,0.4350966990542227,0.5019805516830665,0.43595,100123
GEN,0.44975,713,713,offspring,1928,1888,TINYIMAGENET,847,main_b1000_tinyimagenet_alexnet_GEN_kp50_seed123,0.5,0.42415,93,False,0.5,alexnet,False,0,0,1,0.4402,833,5,0.432,830,2,3816,10,0.5,TINYIMAGENET_alexnet_GEN_accuracy_kp5000_seed123,123,40000,847,42,accuracy,100123,0.42415,1,2.9921347586154936,30.325736828148365,10,2.9921347586154936,valid,0.4251787030208732,0.5079225119653619,0.42414999999999997,100123
GEN,0.44975,713,713,offspring,192,156,TINYIMAGENET,848,main_b1000_tinyimagenet_alexnet_GEN_kp50_seed123,0.5,0.4318,94,False,0.5,alexnet,False,0,0,1,0.44975,713,1,0.43595,846,9,348,2,0.5,TINYIMAGENET_alexnet_GEN_accuracy_kp5000_seed123,123,40000,848,42,accuracy,100123,0.4318,1,2.874438835000992,30.81887996941805,10,2.874438835000992,valid,0.43171140895260424,0.4961833931042826,0.4318000000000001,100123
GEN,0.44975,713,713,offspring,156,192,TINYIMAGENET,849,main_b1000_tinyimagenet_alexnet_GEN_kp50_seed123,0.5,0.4348,94,False,0.5,alexnet,False,0,0,2,0.44975,713,1,0.43595,846,9,348,3,0.5,TINYIMAGENET_alexnet_GEN_accuracy_kp5000_seed123,123,40000,849,42,accuracy,100123,0.4348,1,2.9191095429897307,31.014981105923653,10,2.9191095429897307,valid,0.43478763111294133,0.5011016894667256,0.4348,100123
GEN,0.44975,713,713,offspring,158,168,TINYIMAGENET,850,main_b1000_tinyimagenet_alexnet_GEN_kp50_seed123,0.5,0.4369,94,False,0.5,alexnet,False,0,0,1,0.43655,844,7,0.43595,846,9,326,4,0.5,TINYIMAGENET_alexnet_GEN_accuracy_kp5000_seed123,123,40000,850,42,accuracy,100123,0.4369,1,2.897968032884598,31.04329953342676,10,2.897968032884598,valid,0.4346984476842324,0.49814380525963176,0.43689999999999996,100123
GEN,0.44975,713,713,offspring,168,158,TINYIMAGENET,851,main_b1000_tinyimagenet_alexnet_GEN_kp50_seed123,0.5,0.431,94,False,0.5,alexnet,True,4000,2000,2,0.43655,844,7,0.43595,846,9,326,5,0.5,TINYIMAGENET_alexnet_GEN_accuracy_kp5000_seed123,123,40000,851,42,accuracy,100123,0.431,1,2.9027603358745573,30.433976709842682,10,2.9027603358745573,valid,0.4309791237652593,0.49968514249052454,0.431,100123
GEN,0.44975,713,713,offspring,78,56,TINYIMAGENET,852,main_b1000_tinyimagenet_alexnet_GEN_kp50_seed123,0.5,0.4296,94,False,0.5,alexnet,False,0,0,1,0.43655,844,7,0.44975,713,1,134,6,0.5,TINYIMAGENET_alexnet_GEN_accuracy_kp5000_seed123,123,40000,852,42,accuracy,100123,0.4296,1,2.9354678501129152,31.11647769063711,10,2.9354678501129152,valid,0.4303037128837826,0.5025274142334958,0.4295999999999999,100123
GEN,0.44975,713,713,offspring,56,78,TINYIMAGENET,853,main_b1000_tinyimagenet_alexnet_GEN_kp50_seed123,0.5,0.4273,94,False,0.5,alexnet,False,0,0,2,0.43655,844,7,0.44975,713,1,134,7,0.5,TINYIMAGENET_alexnet_GEN_accuracy_kp5000_seed123,123,40000,853,42,accuracy,100123,0.4273,1,2.919666455030441,30.49968011677265,10,2.919666455030441,valid,0.4281880197950197,0.5007891647146396,0.4273,100123
GEN,0.44975,713,713,offspring,192,166,TINYIMAGENET,854,main_b1000_tinyimagenet_alexnet_GEN_kp50_seed123,0.5,0.4343,94,False,0.5,alexnet,False,0,0,1,0.44975,713,1,0.43485,845,8,358,8,0.5,TINYIMAGENET_alexnet_GEN_accuracy_kp5000_seed123,123,40000,854,42,accuracy,100123,0.4343,1,2.90453509311676,31.967470929026604,10,2.90453509311676,valid,0.4343469637099488,0.5025501632855943,0.4343000000000001,100123
GEN,0.44975,713,713,offspring,166,192,TINYIMAGENET,855,main_b1000_tinyimagenet_alexnet_GEN_kp50_seed123,0.5,0.4327,94,False,0.5,alexnet,False,0,0,2,0.44975,713,1,0.43485,845,8,358,9,0.5,TINYIMAGENET_alexnet_GEN_accuracy_kp5000_seed123,123,40000,855,42,accuracy,100123,0.4327,1,2.931055819272995,30.460591480135918,10,2.931055819272995,valid,0.4332160216979652,0.5033451669680978,0.4327,100123
GEN,0.44975,713,713,offspring,2120,2164,TINYIMAGENET,856,main_b1000_tinyimagenet_alexnet_GEN_kp50_seed123,0.5,0.4309,94,False,0.5,alexnet,False,0,0,1,0.43595,846,9,0.4346,843,6,4284,10,0.5,TINYIMAGENET_alexnet_GEN_accuracy_kp5000_seed123,123,40000,856,42,accuracy,100123,0.4309,1,2.9043970270633697,31.11217027157545,10,2.9043970270633697,valid,0.43537904986279274,0.5081791557683807,0.43089999999999995,100123
GEN,0.44975,713,713,offspring,74,82,TINYIMAGENET,857,main_b1000_tinyimagenet_alexnet_GEN_kp50_seed123,0.5,0.42905,95,False,0.5,alexnet,True,4000,2000,1,0.44975,713,1,0.4348,849,3,156,2,0.5,TINYIMAGENET_alexnet_GEN_accuracy_kp5000_seed123,123,40000,857,42,accuracy,100123,0.42905,1,2.953427769804001,30.584432177245617,10,2.953427769804001,valid,0.43148144374011677,0.5073053947086846,0.42905,100123
GEN,0.44975,713,713,offspring,82,74,TINYIMAGENET,858,main_b1000_tinyimagenet_alexnet_GEN_kp50_seed123,0.5,0.43635,95,False,0.5,alexnet,False,0,0,2,0.44975,713,1,0.4348,849,3,156,3,0.5,TINYIMAGENET_alexnet_GEN_accuracy_kp5000_seed123,123,40000,858,42,accuracy,100123,0.43635,1,2.9175199721813203,31.06242248415947,10,2.9175199721813203,valid,0.4377319601953607,0.5062180243231778,0.43634999999999996,100123
GEN,0.44975,713,713,offspring,96,96,TINYIMAGENET,859,main_b1000_tinyimagenet_alexnet_GEN_kp50_seed123,0.5,0.4275,95,False,0.5,alexnet,False,0,0,1,0.4318,848,2,0.44975,713,1,192,4,0.5,TINYIMAGENET_alexnet_GEN_accuracy_kp5000_seed123,123,40000,859,42,accuracy,100123,0.4275,1,2.9143497841358186,30.686298072338104,10,2.9143497841358186,valid,0.4284020368810324,0.5065769368386526,0.4275,100123
GEN,0.44975,713,713,offspring,96,96,TINYIMAGENET,860,main_b1000_tinyimagenet_alexnet_GEN_kp50_seed123,0.5,0.4377,95,False,0.5,alexnet,False,0,0,2,0.4318,848,2,0.44975,713,1,192,5,0.5,TINYIMAGENET_alexnet_GEN_accuracy_kp5000_seed123,123,40000,860,42,accuracy,100123,0.4377,1,2.889762473154068,30.953266084194183,10,2.889762473154068,valid,0.437790802565763,0.5053268131289825,0.4377,100123
GEN,0.44975,713,713,offspring,102,90,TINYIMAGENET,861,main_b1000_tinyimagenet_alexnet_GEN_kp50_seed123,0.5,0.44735,95,False,0.5,alexnet,False,0,0,1,0.4369,850,4,0.4318,848,2,192,6,0.5,TINYIMAGENET_alexnet_GEN_accuracy_kp5000_seed123,123,40000,861,42,accuracy,100123,0.44735,2,2.9853699998378755,30.84766073524952,10,2.9853699998378755,valid,0.4475732462626212,0.4952440619401709,0.44734999999999997,100123
GEN,0.44975,713,713,offspring,90,102,TINYIMAGENET,862,main_b1000_tinyimagenet_alexnet_GEN_kp50_seed123,0.5,0.43455,95,False,0.5,alexnet,False,0,0,2,0.4369,850,4,0.4318,848,2,192,7,0.5,TINYIMAGENET_alexnet_GEN_accuracy_kp5000_seed123,123,40000,862,42,accuracy,100123,0.43455,1,2.914245336008072,30.745816089212894,10,2.914245336008072,valid,0.43709500381608635,0.5086289820944683,0.43455,100123
GEN,0.44975,713,713,offspring,110,122,TINYIMAGENET,863,main_b1000_tinyimagenet_alexnet_GEN_kp50_seed123,0.5,0.4372,95,False,0.5,alexnet,False,0,0,1,0.44975,713,1,0.4369,850,4,232,8,0.5,TINYIMAGENET_alexnet_GEN_accuracy_kp5000_seed123,123,40000,863,42,accuracy,100123,0.4372,1,2.8859385228157044,31.053858891129494,10,2.8859385228157044,valid,0.4393273206951573,0.5047070952113236,0.4372,100123
GEN,0.44975,713,713,offspring,122,110,TINYIMAGENET,864,main_b1000_tinyimagenet_alexnet_GEN_kp50_seed123,0.5,0.43555,95,False,0.5,alexnet,False,0,0,2,0.44975,713,1,0.4369,850,4,232,9,0.5,TINYIMAGENET_alexnet_GEN_accuracy_kp5000_seed123,123,40000,864,42,accuracy,100123,0.43555,1,2.8797191948890686,30.620854511857033,10,2.8797191948890686,valid,0.4348982437611687,0.5063895501996682,0.43554999999999994,100123
GEN,0.44975,713,713,offspring,174,174,TINYIMAGENET,865,main_b1000_tinyimagenet_alexnet_GEN_kp50_seed123,0.5,0.43235,95,False,0.5,alexnet,False,0,0,1,0.4369,850,4,0.4327,855,9,348,10,0.5,TINYIMAGENET_alexnet_GEN_accuracy_kp5000_seed123,123,40000,865,42,accuracy,100123,0.43235,1,2.8980344730377197,30.956042140722275,10,2.8980344730377197,valid,0.4311077632661403,0.49827965693015874,0.43235,100123
GEN,0.44975,713,713,offspring,52,58,TINYIMAGENET,866,main_b1000_tinyimagenet_alexnet_GEN_kp50_seed123,0.5,0.43005,96,False,0.5,alexnet,False,0,0,1,0.4372,863,8,0.44975,713,1,110,2,0.5,TINYIMAGENET_alexnet_GEN_accuracy_kp5000_seed123,123,40000,866,42,accuracy,100123,0.43005,1,2.919748238706589,36.703591756522655,10,2.919748238706589,valid,0.43101642615421154,0.5033646347674983,0.43004999999999993,100123
GEN,0.44975,713,713,offspring,58,52,TINYIMAGENET,867,main_b1000_tinyimagenet_alexnet_GEN_kp50_seed123,0.5,0.4326,96,False,0.5,alexnet,False,0,0,2,0.4372,863,8,0.44975,713,1,110,3,0.5,TINYIMAGENET_alexnet_GEN_accuracy_kp5000_seed123,123,40000,867,42,accuracy,100123,0.4326,1,2.9227777130126955,31.066802352666855,10,2.9227777130126955,valid,0.4351906185347083,0.5020175198699733,0.4326,100123
GEN,0.44975,713,713,offspring,108,102,TINYIMAGENET,868,main_b1000_tinyimagenet_alexnet_GEN_kp50_seed123,0.5,0.43375,96,False,0.5,alexnet,False,0,0,1,0.44735,861,6,0.44975,713,1,210,4,0.5,TINYIMAGENET_alexnet_GEN_accuracy_kp5000_seed123,123,40000,868,42,accuracy,100123,0.43375,1,2.9492370294094084,30.57442696392536,10,2.9492370294094084,valid,0.4341409450267214,0.5066723255947042,0.43375,100123
GEN,0.44975,713,713,offspring,102,108,TINYIMAGENET,869,main_b1000_tinyimagenet_alexnet_GEN_kp50_seed123,0.5,0.4355,96,False,0.5,alexnet,False,0,0,2,0.44735,861,6,0.44975,713,1,210,5,0.5,TINYIMAGENET_alexnet_GEN_accuracy_kp5000_seed123,123,40000,869,42,accuracy,100123,0.4355,1,2.883146158671379,31.12903943657875,10,2.883146158671379,valid,0.43333991062131266,0.5006325204313004,0.4355,100123
GEN,0.44975,713,713,offspring,112,102,TINYIMAGENET,870,main_b1000_tinyimagenet_alexnet_GEN_kp50_seed123,0.5,0.4309,96,False,0.5,alexnet,False,0,0,1,0.44975,713,1,0.43455,862,7,214,6,0.5,TINYIMAGENET_alexnet_GEN_accuracy_kp5000_seed123,123,40000,870,42,accuracy,100123,0.4309,1,2.9144702136039733,30.50880328565836,10,2.9144702136039733,valid,0.4326635115331263,0.5004252365966433,0.43089999999999995,100123
GEN,0.44975,713,713,offspring,102,112,TINYIMAGENET,871,main_b1000_tinyimagenet_alexnet_GEN_kp50_seed123,0.5,0.42965,96,False,0.5,alexnet,False,0,0,2,0.44975,713,1,0.43455,862,7,214,7,0.5,TINYIMAGENET_alexnet_GEN_accuracy_kp5000_seed123,123,40000,871,42,accuracy,100123,0.42965,1,2.938866887664795,31.036522448062897,10,2.938866887664795,valid,0.43040203850748865,0.505344624900047,0.42965000000000003,100123
GEN,0.44975,713,713,offspring,104,106,TINYIMAGENET,872,main_b1000_tinyimagenet_alexnet_GEN_kp50_seed123,0.5,0.43055,96,False,0.5,alexnet,False,0,0,1,0.44975,713,1,0.44735,861,6,210,8,0.5,TINYIMAGENET_alexnet_GEN_accuracy_kp5000_seed123,123,40000,872,42,accuracy,100123,0.43055,1,2.9315402390956877,30.509061448276043,10,2.9315402390956877,valid,0.4323283213740028,0.511599707843507,0.43055,100123
GEN,0.44975,713,713,offspring,106,104,TINYIMAGENET,873,main_b1000_tinyimagenet_alexnet_GEN_kp50_seed123,0.5,0.4264,96,False,0.5,alexnet,False,0,0,2,0.44975,713,1,0.44735,861,6,210,9,0.5,TINYIMAGENET_alexnet_GEN_accuracy_kp5000_seed123,123,40000,873,42,accuracy,100123,0.4264,1,2.955777772140503,31.073613062500954,10,2.955777772140503,valid,0.4269486947022992,0.5018516432473586,0.4264,100123
GEN,0.44975,713,713,offspring,74,64,TINYIMAGENET,874,main_b1000_tinyimagenet_alexnet_GEN_kp50_seed123,0.5,0.4338,96,False,0.5,alexnet,False,0,0,1,0.4372,863,8,0.4377,860,5,138,10,0.5,TINYIMAGENET_alexnet_GEN_accuracy_kp5000_seed123,123,40000,874,42,accuracy,100123,0.4338,1,2.9143050884723665,30.427738346159458,10,2.9143050884723665,valid,0.43286100722333104,0.4992328037123012,0.4338,100123
GEN,0.44975,713,713,offspring,56,52,TINYIMAGENET,875,main_b1000_tinyimagenet_alexnet_GEN_kp50_seed123,0.5,0.4343,97,False,0.5,alexnet,False,0,0,1,0.4355,869,5,0.44975,713,1,108,2,0.5,TINYIMAGENET_alexnet_GEN_accuracy_kp5000_seed123,123,40000,875,42,accuracy,100123,0.4343,1,2.9096677506923676,31.073754630982876,10,2.9096677506923676,valid,0.4359086558443035,0.5105363464991288,0.4343000000000001,100123
GEN,0.44975,713,713,offspring,52,56,TINYIMAGENET,876,main_b1000_tinyimagenet_alexnet_GEN_kp50_seed123,0.5,0.4286,97,False,0.5,alexnet,False,0,0,2,0.4355,869,5,0.44975,713,1,108,3,0.5,TINYIMAGENET_alexnet_GEN_accuracy_kp5000_seed123,123,40000,876,42,accuracy,100123,0.4286,1,2.929357697868347,30.56291625648737,10,2.929357697868347,valid,0.42680974062371546,0.4953388741071456,0.4286,100123
GEN,0.44975,713,713,offspring,50,58,TINYIMAGENET,877,main_b1000_tinyimagenet_alexnet_GEN_kp50_seed123,0.5,0.43385,97,False,0.5,alexnet,False,0,0,1,0.4355,869,5,0.44975,713,1,108,4,0.5,TINYIMAGENET_alexnet_GEN_accuracy_kp5000_seed123,123,40000,877,42,accuracy,100123,0.43385,1,2.9021615697860716,31.102241903543472,10,2.9021615697860716,valid,0.43187990117903097,0.499911941561286,0.4338499999999999,100123
GEN,0.44975,713,713,offspring,58,50,TINYIMAGENET,878,main_b1000_tinyimagenet_alexnet_GEN_kp50_seed123,0.5,0.4348,97,False,0.5,alexnet,False,0,0,2,0.4355,869,5,0.44975,713,1,108,5,0.5,TINYIMAGENET_alexnet_GEN_accuracy_kp5000_seed123,123,40000,878,42,accuracy,100123,0.4348,1,2.910478577661514,30.69283613562584,10,2.910478577661514,valid,0.43450573933536923,0.5008713878289823,0.43479999999999996,100123
GEN,0.44975,713,713,offspring,106,104,TINYIMAGENET,879,main_b1000_tinyimagenet_alexnet_GEN_kp50_seed123,0.5,0.4372,97,False,0.5,alexnet,False,0,0,1,0.43375,868,4,0.4355,869,5,210,6,0.5,TINYIMAGENET_alexnet_GEN_accuracy_kp5000_seed123,123,40000,879,42,accuracy,100123,0.4372,1,2.863873236322403,31.00669563561678,10,2.863873236322403,valid,0.4338639916346328,0.49886690817587687,0.4372,100123
GEN,0.44975,713,713,offspring,104,106,TINYIMAGENET,880,main_b1000_tinyimagenet_alexnet_GEN_kp50_seed123,0.5,0.4294,97,False,0.5,alexnet,False,0,0,2,0.43375,868,4,0.4355,869,5,210,7,0.5,TINYIMAGENET_alexnet_GEN_accuracy_kp5000_seed123,123,40000,880,42,accuracy,100123,0.4294,1,2.949348358488083,30.958514228463173,10,2.949348358488083,valid,0.4282968781138862,0.5017708248608452,0.4294,100123
GEN,0.44975,713,713,offspring,28,24,TINYIMAGENET,881,main_b1000_tinyimagenet_alexnet_GEN_kp50_seed123,0.5,0.43385,97,False,0.5,alexnet,False,0,0,1,0.4326,867,3,0.44975,713,1,52,8,0.5,TINYIMAGENET_alexnet_GEN_accuracy_kp5000_seed123,123,40000,881,42,accuracy,100123,0.43385,1,2.9006612263679505,30.827092170715332,10,2.9006612263679505,valid,0.4362526096702004,0.50829608471483,0.43385000000000007,100123
GEN,0.44975,713,713,offspring,24,28,TINYIMAGENET,882,main_b1000_tinyimagenet_alexnet_GEN_kp50_seed123,0.5,0.427,97,False,0.5,alexnet,True,4000,2000,2,0.4326,867,3,0.44975,713,1,52,9,0.5,TINYIMAGENET_alexnet_GEN_accuracy_kp5000_seed123,123,40000,882,42,accuracy,100123,0.427,1,2.935412092113495,30.861713834106922,10,2.935412092113495,valid,0.43172979091308333,0.5085193471546644,0.42700000000000005,100123
GEN,0.44975,713,713,offspring,72,62,TINYIMAGENET,883,main_b1000_tinyimagenet_alexnet_GEN_kp50_seed123,0.5,0.43315,97,False,0.5,alexnet,False,0,0,1,0.4355,869,5,0.4338,874,10,134,10,0.5,TINYIMAGENET_alexnet_GEN_accuracy_kp5000_seed123,123,40000,883,42,accuracy,100123,0.43315,1,2.897066615009308,30.65154555439949,10,2.897066615009308,valid,0.43361651826101066,0.4938028786571033,0.43315,100123
GEN,0.44975,713,713,offspring,58,58,TINYIMAGENET,884,main_b1000_tinyimagenet_alexnet_GEN_kp50_seed123,0.5,0.43585,98,False,0.5,alexnet,False,0,0,1,0.44975,713,1,0.4372,879,6,116,2,0.5,TINYIMAGENET_alexnet_GEN_accuracy_kp5000_seed123,123,40000,884,42,accuracy,100123,0.43585,1,2.8733208372592927,31.016447886824608,10,2.8733208372592927,valid,0.43406507781628134,0.494991019982719,0.43585000000000007,100123
GEN,0.44975,713,713,offspring,58,58,TINYIMAGENET,885,main_b1000_tinyimagenet_alexnet_GEN_kp50_seed123,0.5,0.4347,98,False,0.5,alexnet,False,0,0,2,0.44975,713,1,0.4372,879,6,116,3,0.5,TINYIMAGENET_alexnet_GEN_accuracy_kp5000_seed123,123,40000,885,42,accuracy,100123,0.4347,1,2.8937979022502898,30.49199501425028,10,2.8937979022502898,valid,0.4338878942381927,0.4994384331290369,0.4347,100123
GEN,0.44975,713,713,offspring,50,66,TINYIMAGENET,886,main_b1000_tinyimagenet_alexnet_GEN_kp50_seed123,0.5,0.43245,98,False,0.5,alexnet,False,0,0,1,0.44975,713,1,0.4372,879,6,116,4,0.5,TINYIMAGENET_alexnet_GEN_accuracy_kp5000_seed123,123,40000,886,42,accuracy,100123,0.43245,1,2.959221302366257,31.014086604118347,10,2.959221302366257,valid,0.43038871664802447,0.5084473679897327,0.43245000000000006,100123
GEN,0.44975,713,713,offspring,66,50,TINYIMAGENET,887,main_b1000_tinyimagenet_alexnet_GEN_kp50_seed123,0.5,0.4348,98,False,0.5,alexnet,False,0,0,2,0.44975,713,1,0.4372,879,6,116,5,0.5,TINYIMAGENET_alexnet_GEN_accuracy_kp5000_seed123,123,40000,887,42,accuracy,100123,0.4348,1,2.8901513695716856,30.587124921381474,10,2.8901513695716856,valid,0.4334586965892602,0.5034124926540526,0.4348,100123
GEN,0.44975,713,713,offspring,26,24,TINYIMAGENET,888,main_b1000_tinyimagenet_alexnet_GEN_kp50_seed123,0.5,0.4362,98,False,0.5,alexnet,True,4000,2000,1,0.44975,713,1,0.4348,878,5,50,6,0.5,TINYIMAGENET_alexnet_GEN_accuracy_kp5000_seed123,123,40000,888,42,accuracy,100123,0.4362,1,2.865662029862404,31.054957188665867,10,2.865662029862404,valid,0.4379100771143051,0.49861956860789475,0.43620000000000003,100123
GEN,0.44975,713,713,offspring,24,26,TINYIMAGENET,889,main_b1000_tinyimagenet_alexnet_GEN_kp50_seed123,0.5,0.4284,98,False,0.5,alexnet,False,0,0,2,0.44975,713,1,0.4348,878,5,50,7,0.5,TINYIMAGENET_alexnet_GEN_accuracy_kp5000_seed123,123,40000,889,42,accuracy,100123,0.4284,1,2.9099049446105956,30.68152440339327,10,2.9099049446105956,valid,0.43234656284112233,0.5023793799701443,0.42840000000000006,100123
GEN,0.44975,713,713,offspring,28,22,TINYIMAGENET,890,main_b1000_tinyimagenet_alexnet_GEN_kp50_seed123,0.5,0.43,98,False,0.5,alexnet,True,4000,2000,1,0.4348,878,5,0.44975,713,1,50,8,0.5,TINYIMAGENET_alexnet_GEN_accuracy_kp5000_seed123,123,40000,890,42,accuracy,100123,0.43,1,2.917138628864288,31.106030195951462,10,2.917138628864288,valid,0.4316953428421175,0.5135279252558156,0.43,100123
GEN,0.44975,713,713,offspring,22,28,TINYIMAGENET,891,main_b1000_tinyimagenet_alexnet_GEN_kp50_seed123,0.5,0.43035,98,False,0.5,alexnet,True,4000,2000,2,0.4348,878,5,0.44975,713,1,50,9,0.5,TINYIMAGENET_alexnet_GEN_accuracy_kp5000_seed123,123,40000,891,42,accuracy,100123,0.43035,1,2.9701967226028443,30.636038437485695,10,2.9701967226028443,valid,0.43232811959073614,0.5113790399183646,0.43034999999999995,100123
GEN,0.44975,713,713,offspring,56,58,TINYIMAGENET,892,main_b1000_tinyimagenet_alexnet_GEN_kp50_seed123,0.5,0.4362,98,False,0.5,alexnet,False,0,0,1,0.4372,879,6,0.4348,878,5,114,10,0.5,TINYIMAGENET_alexnet_GEN_accuracy_kp5000_seed123,123,40000,892,42,accuracy,100123,0.4362,1,2.920964699268341,31.088983692228794,10,2.920964699268341,valid,0.43559508076206455,0.5076810242729272,0.43620000000000003,100123
GEN,0.44975,713,713,offspring,2058,1968,TINYIMAGENET,893,main_b1000_tinyimagenet_alexnet_GEN_kp50_seed123,0.5,0.42785,99,False,0.5,alexnet,False,0,0,1,0.44975,713,1,0.4362,888,6,4026,2,0.5,TINYIMAGENET_alexnet_GEN_accuracy_kp5000_seed123,123,40000,893,42,accuracy,100123,0.42785,1,2.964352660560608,30.546059034764767,10,2.964352660560608,valid,0.42848935194835497,0.5032087106096736,0.42784999999999995,100123
GEN,0.44975,713,713,offspring,1968,2058,TINYIMAGENET,894,main_b1000_tinyimagenet_alexnet_GEN_kp50_seed123,0.5,0.43235,99,False,0.5,alexnet,False,0,0,2,0.44975,713,1,0.4362,888,6,4026,3,0.5,TINYIMAGENET_alexnet_GEN_accuracy_kp5000_seed123,123,40000,894,42,accuracy,100123,0.43235,1,2.840170113325119,31.258970335125923,10,2.840170113325119,valid,0.43214153821127993,0.49324436984349035,0.43235,100123
GEN,0.44975,713,713,offspring,52,34,TINYIMAGENET,895,main_b1000_tinyimagenet_alexnet_GEN_kp50_seed123,0.5,0.4375,99,False,0.5,alexnet,True,4000,2000,1,0.4362,892,10,0.44975,713,1,86,4,0.5,TINYIMAGENET_alexnet_GEN_accuracy_kp5000_seed123,123,40000,895,42,accuracy,100123,0.4375,1,2.8575880326747893,30.62178935855627,10,2.8575880326747893,valid,0.43891338286016224,0.4977330793061192,0.4375,100123
GEN,0.44975,713,713,offspring,34,52,TINYIMAGENET,896,main_b1000_tinyimagenet_alexnet_GEN_kp50_seed123,0.5,0.43215,99,False,0.5,alexnet,False,0,0,2,0.4362,892,10,0.44975,713,1,86,5,0.5,TINYIMAGENET_alexnet_GEN_accuracy_kp5000_seed123,123,40000,896,42,accuracy,100123,0.43215,1,2.939545646286011,31.121793285012245,10,2.939545646286011,valid,0.43311840477550656,0.507563093937668,0.43215,100123
GEN,0.44975,713,713,offspring,2014,2012,TINYIMAGENET,897,main_b1000_tinyimagenet_alexnet_GEN_kp50_seed123,0.5,0.43765,99,False,0.5,alexnet,False,0,0,1,0.4362,888,6,0.44975,713,1,4026,6,0.5,TINYIMAGENET_alexnet_GEN_accuracy_kp5000_seed123,123,40000,897,42,accuracy,100123,0.43765,1,2.8662052439689636,30.593731932342052,10,2.8662052439689636,valid,0.4366380159648721,0.500838715139406,0.43765,100123
GEN,0.44975,713,713,offspring,2012,2014,TINYIMAGENET,898,main_b1000_tinyimagenet_alexnet_GEN_kp50_seed123,0.5,0.433,99,False,0.5,alexnet,False,0,0,2,0.4362,888,6,0.44975,713,1,4026,7,0.5,TINYIMAGENET_alexnet_GEN_accuracy_kp5000_seed123,123,40000,898,42,accuracy,100123,0.433,1,2.879184579706192,31.041372872889042,10,2.879184579706192,valid,0.43532880168397964,0.5029076016231393,0.43300000000000005,100123
GEN,0.44975,713,713,offspring,2030,1996,TINYIMAGENET,899,main_b1000_tinyimagenet_alexnet_GEN_kp50_seed123,0.5,0.43185,99,False,0.5,alexnet,False,0,0,1,0.44975,713,1,0.4362,888,6,4026,8,0.5,TINYIMAGENET_alexnet_GEN_accuracy_kp5000_seed123,123,40000,899,42,accuracy,100123,0.43185,1,2.907677750492096,30.886975675821304,10,2.907677750492096,valid,0.434432224786779,0.5078914809713537,0.43185,100123
GEN,0.44975,713,713,offspring,1996,2030,TINYIMAGENET,900,main_b1000_tinyimagenet_alexnet_GEN_kp50_seed123,0.5,0.43285,99,False,0.5,alexnet,False,0,0,2,0.44975,713,1,0.4362,888,6,4026,9,0.5,TINYIMAGENET_alexnet_GEN_accuracy_kp5000_seed123,123,40000,900,42,accuracy,100123,0.43285,1,2.918047296476364,30.92332311719656,10,2.918047296476364,valid,0.43611054212838973,0.5063747446226873,0.43284999999999996,100123
GEN,0.44975,713,713,offspring,28,34,TINYIMAGENET,901,main_b1000_tinyimagenet_alexnet_GEN_kp50_seed123,0.5,0.4388,99,False,0.5,alexnet,False,0,0,1,0.4348,887,5,0.43585,884,2,62,10,0.5,TINYIMAGENET_alexnet_GEN_accuracy_kp5000_seed123,123,40000,901,42,accuracy,100123,0.4388,1,2.8683285851478577,31.059694096446037,10,2.8683285851478577,valid,0.4390423891175164,0.5023747121945238,0.4388,100123
GEN,0.44975,713,713,offspring,1064,994,TINYIMAGENET,902,main_b1000_tinyimagenet_alexnet_GEN_kp50_seed123,0.5,0.4405,100,False,0.5,alexnet,False,0,0,1,0.43765,897,6,0.4388,901,10,2058,2,0.5,TINYIMAGENET_alexnet_GEN_accuracy_kp5000_seed123,123,40000,902,42,accuracy,100123,0.4405,1,2.848404691076279,30.64016104489565,10,2.848404691076279,valid,0.4412231280115608,0.5017852675585079,0.44050000000000006,100123
GEN,0.44975,713,713,offspring,994,1064,TINYIMAGENET,903,main_b1000_tinyimagenet_alexnet_GEN_kp50_seed123,0.5,0.4302,100,False,0.5,alexnet,False,0,0,2,0.43765,897,6,0.4388,901,10,2058,3,0.5,TINYIMAGENET_alexnet_GEN_accuracy_kp5000_seed123,123,40000,903,42,accuracy,100123,0.4302,1,2.9168510305404665,31.111852921545506,10,2.9168510305404665,valid,0.433152490908098,0.5000938673509789,0.4302,100123
GEN,0.44975,713,713,offspring,1004,1008,TINYIMAGENET,904,main_b1000_tinyimagenet_alexnet_GEN_kp50_seed123,0.5,0.4326,100,False,0.5,alexnet,False,0,0,1,0.44975,713,1,0.43765,897,6,2012,4,0.5,TINYIMAGENET_alexnet_GEN_accuracy_kp5000_seed123,123,40000,904,42,accuracy,100123,0.4326,1,2.898150591182709,30.42962173372507,10,2.898150591182709,valid,0.43223756197166474,0.5032142755101063,0.4326,100123
GEN,0.44975,713,713,offspring,1008,1004,TINYIMAGENET,905,main_b1000_tinyimagenet_alexnet_GEN_kp50_seed123,0.5,0.42635,100,False,0.5,alexnet,False,0,0,2,0.44975,713,1,0.43765,897,6,2012,5,0.5,TINYIMAGENET_alexnet_GEN_accuracy_kp5000_seed123,123,40000,905,42,accuracy,100123,0.42635,1,2.9658144670963287,30.87431514263153,10,2.9658144670963287,valid,0.4253895614662501,0.5032505924556535,0.42635000000000006,100123
GEN,0.44975,713,713,offspring,2922,2912,TINYIMAGENET,906,main_b1000_tinyimagenet_alexnet_GEN_kp50_seed123,0.5,0.43215,100,False,0.5,alexnet,False,0,0,1,0.4375,895,4,0.43285,900,9,5834,6,0.5,TINYIMAGENET_alexnet_GEN_accuracy_kp5000_seed123,123,40000,906,42,accuracy,100123,0.43215,1,2.923578136920929,30.400805361568928,10,2.923578136920929,valid,0.4312395429849725,0.4977934793926436,0.43215000000000003,100123
GEN,0.44975,713,713,offspring,2912,2922,TINYIMAGENET,907,main_b1000_tinyimagenet_alexnet_GEN_kp50_seed123,0.5,0.43235,100,False,0.5,alexnet,True,4000,2000,2,0.4375,895,4,0.43285,900,9,5834,7,0.5,TINYIMAGENET_alexnet_GEN_accuracy_kp5000_seed123,123,40000,907,42,accuracy,100123,0.43235,1,2.919443854475021,30.930518835783005,10,2.919443854475021,valid,0.43590825881117967,0.5053983568252202,0.43235,100123
GEN,0.44975,713,713,offspring,30,26,TINYIMAGENET,908,main_b1000_tinyimagenet_alexnet_GEN_kp50_seed123,0.5,0.4327,100,False,0.5,alexnet,False,0,0,1,0.44975,713,1,0.4388,901,10,56,8,0.5,TINYIMAGENET_alexnet_GEN_accuracy_kp5000_seed123,123,40000,908,42,accuracy,100123,0.4327,1,2.9094465231895446,30.451630920171738,10,2.9094465231895446,valid,0.4302790688869418,0.5052430055958484,0.4327000000000001,100123
GEN,0.44975,713,713,offspring,26,30,TINYIMAGENET,909,main_b1000_tinyimagenet_alexnet_GEN_kp50_seed123,0.5,0.43155,100,False,0.5,alexnet,False,0,0,2,0.44975,713,1,0.4388,901,10,56,9,0.5,TINYIMAGENET_alexnet_GEN_accuracy_kp5000_seed123,123,40000,909,42,accuracy,100123,0.43155,1,2.906581310176849,30.854024432599545,10,2.906581310176849,valid,0.4331240941707608,0.5093250695842728,0.43155,100123
GEN,0.44975,713,713,offspring,2018,2014,TINYIMAGENET,910,main_b1000_tinyimagenet_alexnet_GEN_kp50_seed123,0.5,0.42845,100,False,0.5,alexnet,False,0,0,1,0.4375,895,4,0.44975,713,1,4032,10,0.5,TINYIMAGENET_alexnet_GEN_accuracy_kp5000_seed123,123,40000,910,42,accuracy,100123,0.42845,1,2.9763696724414825,30.46927646547556,10,2.9763696724414825,valid,0.430340341584926,0.5085208097240098,0.42845,100123
GEN,0.44975,713,713,offspring,490,498,TINYIMAGENET,911,main_b1000_tinyimagenet_alexnet_GEN_kp50_seed123,0.5,0.4325,101,False,0.5,alexnet,False,0,0,1,0.4405,902,2,0.4327,908,8,988,2,0.5,TINYIMAGENET_alexnet_GEN_accuracy_kp5000_seed123,123,40000,911,42,accuracy,100123,0.4325,1,2.9079850425720215,30.90263982117176,10,2.9079850425720215,valid,0.43410961311051005,0.5048100517490137,0.43250000000000005,100123
GEN,0.44975,713,713,offspring,498,490,TINYIMAGENET,912,main_b1000_tinyimagenet_alexnet_GEN_kp50_seed123,0.5,0.4313,101,False,0.5,alexnet,False,0,0,2,0.4405,902,2,0.4327,908,8,988,3,0.5,TINYIMAGENET_alexnet_GEN_accuracy_kp5000_seed123,123,40000,912,42,accuracy,100123,0.4313,1,2.9128389322280883,30.4511950686574,10,2.9128389322280883,valid,0.4330952751054994,0.5018588828430272,0.43129999999999996,100123
GEN,0.44975,713,713,offspring,1500,1492,TINYIMAGENET,913,main_b1000_tinyimagenet_alexnet_GEN_kp50_seed123,0.5,0.4231,101,False,0.5,alexnet,False,0,0,1,0.44975,713,1,0.43215,906,6,2992,4,0.5,TINYIMAGENET_alexnet_GEN_accuracy_kp5000_seed123,123,40000,913,42,accuracy,100123,0.4231,1,2.9916837312698363,30.893764950335026,10,2.9916837312698363,valid,0.4233923811928981,0.500497430301717,0.42310000000000003,100123
GEN,0.44975,713,713,offspring,1492,1500,TINYIMAGENET,914,main_b1000_tinyimagenet_alexnet_GEN_kp50_seed123,0.5,0.4282,101,False,0.5,alexnet,False,0,0,2,0.44975,713,1,0.43215,906,6,2992,5,0.5,TINYIMAGENET_alexnet_GEN_accuracy_kp5000_seed123,123,40000,914,42,accuracy,100123,0.4282,1,2.957390852689743,30.323570519685745,10,2.957390852689743,valid,0.430636625550698,0.5117377756482743,0.4282,100123
GEN,0.44975,713,713,offspring,508,480,TINYIMAGENET,915,main_b1000_tinyimagenet_alexnet_GEN_kp50_seed123,0.5,0.4343,101,False,0.5,alexnet,False,0,0,1,0.4405,902,2,0.4327,908,8,988,6,0.5,TINYIMAGENET_alexnet_GEN_accuracy_kp5000_seed123,123,40000,915,42,accuracy,100123,0.4343,1,2.888750266599655,30.83249318599701,10,2.888750266599655,valid,0.43365979316062353,0.5062106685947032,0.4343000000000001,100123
GEN,0.44975,713,713,offspring,480,508,TINYIMAGENET,916,main_b1000_tinyimagenet_alexnet_GEN_kp50_seed123,0.5,0.43595,101,False,0.5,alexnet,False,0,0,2,0.4405,902,2,0.4327,908,8,988,7,0.5,TINYIMAGENET_alexnet_GEN_accuracy_kp5000_seed123,123,40000,916,42,accuracy,100123,0.43595,1,2.9071543375968933,30.40196469426155,10,2.9071543375968933,valid,0.4346151214989166,0.49786051477022836,0.43595,100123
GEN,0.44975,713,713,offspring,494,494,TINYIMAGENET,917,main_b1000_tinyimagenet_alexnet_GEN_kp50_seed123,0.5,0.42955,101,False,0.5,alexnet,False,0,0,1,0.4327,908,8,0.4405,902,2,988,8,0.5,TINYIMAGENET_alexnet_GEN_accuracy_kp5000_seed123,123,40000,917,42,accuracy,100123,0.42955,1,2.940752942800522,30.857196480035782,10,2.940752942800522,valid,0.42985143126155523,0.5015456414353455,0.42955000000000004,100123
GEN,0.44975,713,713,offspring,494,494,TINYIMAGENET,918,main_b1000_tinyimagenet_alexnet_GEN_kp50_seed123,0.5,0.43475,101,False,0.5,alexnet,False,0,0,2,0.4327,908,8,0.4405,902,2,988,9,0.5,TINYIMAGENET_alexnet_GEN_accuracy_kp5000_seed123,123,40000,918,42,accuracy,100123,0.43475,1,2.909266926956177,30.436220109462738,10,2.909266926956177,valid,0.4375360611288642,0.5090608043501139,0.4347500000000001,100123
GEN,0.44975,713,713,offspring,494,500,TINYIMAGENET,919,main_b1000_tinyimagenet_alexnet_GEN_kp50_seed123,0.5,0.43265,101,False,0.5,alexnet,False,0,0,1,0.4405,902,2,0.44975,713,1,994,10,0.5,TINYIMAGENET_alexnet_GEN_accuracy_kp5000_seed123,123,40000,919,42,accuracy,100123,0.43265,1,2.9333707745313644,30.878001265227795,10,2.9333707745313644,valid,0.4327494183549845,0.49568439332884295,0.43265,100123
GEN,0.44975,713,713,offspring,266,264,TINYIMAGENET,920,main_b1000_tinyimagenet_alexnet_GEN_kp50_seed123,0.5,0.4279,102,False,0.5,alexnet,True,4000,2000,1,0.43475,918,9,0.4325,911,2,530,2,0.5,TINYIMAGENET_alexnet_GEN_accuracy_kp5000_seed123,123,40000,920,42,accuracy,100123,0.4279,1,2.897619419193268,30.65718975663185,10,2.897619419193268,valid,0.43011184358933874,0.5002515392967426,0.42790000000000006,100123
GEN,0.44975,713,713,offspring,264,266,TINYIMAGENET,921,main_b1000_tinyimagenet_alexnet_GEN_kp50_seed123,0.5,0.43045,102,False,0.5,alexnet,False,0,0,2,0.43475,918,9,0.4325,911,2,530,3,0.5,TINYIMAGENET_alexnet_GEN_accuracy_kp5000_seed123,123,40000,921,42,accuracy,100123,0.43045,1,2.9211864738464355,30.739547967910767,10,2.9211864738464355,valid,0.4316767968738134,0.5058230567032358,0.43045,100123
GEN,0.44975,713,713,offspring,240,248,TINYIMAGENET,922,main_b1000_tinyimagenet_alexnet_GEN_kp50_seed123,0.5,0.4356,102,False,0.5,alexnet,False,0,0,1,0.43595,916,7,0.43475,918,9,488,4,0.5,TINYIMAGENET_alexnet_GEN_accuracy_kp5000_seed123,123,40000,922,42,accuracy,100123,0.4356,1,2.9261099259853363,30.908579245209694,10,2.9261099259853363,valid,0.436655930286716,0.5110924153246359,0.43560000000000004,100123
GEN,0.44975,713,713,offspring,248,240,TINYIMAGENET,923,main_b1000_tinyimagenet_alexnet_GEN_kp50_seed123,0.5,0.4343,102,False,0.5,alexnet,False,0,0,2,0.43595,916,7,0.43475,918,9,488,5,0.5,TINYIMAGENET_alexnet_GEN_accuracy_kp5000_seed123,123,40000,923,42,accuracy,100123,0.4343,1,2.8724120485782625,30.422157883644104,10,2.8724120485782625,valid,0.4340271109817583,0.5009270267644486,0.4343000000000001,100123
GEN,0.44975,713,713,offspring,258,258,TINYIMAGENET,924,main_b1000_tinyimagenet_alexnet_GEN_kp50_seed123,0.5,0.43265,102,False,0.5,alexnet,False,0,0,1,0.44975,713,1,0.4325,911,2,516,6,0.5,TINYIMAGENET_alexnet_GEN_accuracy_kp5000_seed123,123,40000,924,42,accuracy,100123,0.43265,1,2.898554766368866,30.862642660737038,10,2.898554766368866,valid,0.43351589890155506,0.4964266565879183,0.43265,100123
GEN,0.44975,713,713,offspring,258,258,TINYIMAGENET,925,main_b1000_tinyimagenet_alexnet_GEN_kp50_seed123,0.5,0.4255,102,False,0.5,alexnet,True,4000,2000,2,0.44975,713,1,0.4325,911,2,516,7,0.5,TINYIMAGENET_alexnet_GEN_accuracy_kp5000_seed123,123,40000,925,42,accuracy,100123,0.4255,1,2.985427423620224,30.416393145918846,10,2.985427423620224,valid,0.42809108874645474,0.5070310650060482,0.4255,100123
GEN,0.44975,713,713,offspring,236,252,TINYIMAGENET,926,main_b1000_tinyimagenet_alexnet_GEN_kp50_seed123,0.5,0.43305,102,False,0.5,alexnet,False,0,0,1,0.43475,918,9,0.43595,916,7,488,8,0.5,TINYIMAGENET_alexnet_GEN_accuracy_kp5000_seed123,123,40000,926,42,accuracy,100123,0.43305,1,2.8888058309078217,30.9195803925395,10,2.8888058309078217,valid,0.4342776986500742,0.5003970991764477,0.43305,100123
GEN,0.44975,713,713,offspring,252,236,TINYIMAGENET,927,main_b1000_tinyimagenet_alexnet_GEN_kp50_seed123,0.5,0.42685,102,False,0.5,alexnet,False,0,0,2,0.43475,918,9,0.43595,916,7,488,9,0.5,TINYIMAGENET_alexnet_GEN_accuracy_kp5000_seed123,123,40000,927,42,accuracy,100123,0.42685,1,2.990058741426468,30.417162001132965,10,2.990058741426468,valid,0.4310510378659485,0.515511291372952,0.42685,100123
GEN,0.44975,713,713,offspring,494,494,TINYIMAGENET,928,main_b1000_tinyimagenet_alexnet_GEN_kp50_seed123,0.5,0.42295,102,False,0.5,alexnet,False,0,0,1,0.4343,915,6,0.43595,916,7,988,10,0.5,TINYIMAGENET_alexnet_GEN_accuracy_kp5000_seed123,123,40000,928,42,accuracy,100123,0.42295,1,2.9810604168891905,30.91104830801487,10,2.9810604168891905,valid,0.4242005140674874,0.5066405223979418,0.42295,100123
GEN,0.44975,713,713,offspring,178,216,TINYIMAGENET,929,main_b1000_tinyimagenet_alexnet_GEN_kp50_seed123,0.5,0.42785,103,False,0.5,alexnet,False,0,0,1,0.4356,922,4,0.43045,921,3,394,2,0.5,TINYIMAGENET_alexnet_GEN_accuracy_kp5000_seed123,123,40000,929,42,accuracy,100123,0.42785,1,2.976562758398056,30.483422584831715,10,2.976562758398056,valid,0.4333773907257762,0.5179598365137911,0.42785000000000006,100123
GEN,0.44975,713,713,offspring,216,178,TINYIMAGENET,930,main_b1000_tinyimagenet_alexnet_GEN_kp50_seed123,0.5,0.43045,103,False,0.5,alexnet,False,0,0,2,0.4356,922,4,0.43045,921,3,394,3,0.5,TINYIMAGENET_alexnet_GEN_accuracy_kp5000_seed123,123,40000,930,42,accuracy,100123,0.43045,1,2.9226804534435273,30.894224278628826,10,2.9226804534435273,valid,0.42739688428158373,0.4968191148813909,0.43045,100123
GEN,0.44975,713,713,offspring,242,280,TINYIMAGENET,931,main_b1000_tinyimagenet_alexnet_GEN_kp50_seed123,0.5,0.4257,103,False,0.5,alexnet,False,0,0,1,0.44975,713,1,0.4356,922,4,522,4,0.5,TINYIMAGENET_alexnet_GEN_accuracy_kp5000_seed123,123,40000,931,42,accuracy,100123,0.4257,1,2.9859215488910675,30.421134740114212,10,2.9859215488910675,valid,0.4295831194119768,0.5103956903866648,0.4256999999999999,100123
GEN,0.44975,713,713,offspring,280,242,TINYIMAGENET,932,main_b1000_tinyimagenet_alexnet_GEN_kp50_seed123,0.5,0.43135,103,False,0.5,alexnet,False,0,0,2,0.44975,713,1,0.4356,922,4,522,5,0.5,TINYIMAGENET_alexnet_GEN_accuracy_kp5000_seed123,123,40000,932,42,accuracy,100123,0.43135,1,2.919277863359451,30.808519057929516,10,2.919277863359451,valid,0.4322327930258716,0.5015310287396311,0.43135000000000007,100123
GEN,0.44975,713,713,offspring,110,128,TINYIMAGENET,933,main_b1000_tinyimagenet_alexnet_GEN_kp50_seed123,0.5,0.43475,103,False,0.5,alexnet,True,4000,2000,1,0.4343,923,5,0.43305,926,8,238,6,0.5,TINYIMAGENET_alexnet_GEN_accuracy_kp5000_seed123,123,40000,933,42,accuracy,100123,0.43475,1,2.865939340162277,30.432068675756454,10,2.865939340162277,valid,0.4356152792526292,0.49796674381398126,0.43474999999999997,100123
GEN,0.44975,713,713,offspring,128,110,TINYIMAGENET,934,main_b1000_tinyimagenet_alexnet_GEN_kp50_seed123,0.5,0.4362,103,False,0.5,alexnet,False,0,0,2,0.4343,923,5,0.43305,926,8,238,7,0.5,TINYIMAGENET_alexnet_GEN_accuracy_kp5000_seed123,123,40000,934,42,accuracy,100123,0.4362,1,2.895184782266617,30.931997068226337,10,2.895184782266617,valid,0.4367955382059293,0.5107062528257623,0.43620000000000003,100123
GEN,0.44975,713,713,offspring,242,280,TINYIMAGENET,935,main_b1000_tinyimagenet_alexnet_GEN_kp50_seed123,0.5,0.4285,103,False,0.5,alexnet,False,0,0,1,0.44975,713,1,0.4356,922,4,522,8,0.5,TINYIMAGENET_alexnet_GEN_accuracy_kp5000_seed123,123,40000,935,42,accuracy,100123,0.4285,1,2.9588157180309294,31.680169694125652,10,2.9588157180309294,valid,0.4274957846177403,0.5026723912292556,0.4285000000000001,100123
GEN,0.44975,713,713,offspring,280,242,TINYIMAGENET,936,main_b1000_tinyimagenet_alexnet_GEN_kp50_seed123,0.5,0.4307,103,False,0.5,alexnet,False,0,0,2,0.44975,713,1,0.4356,922,4,522,9,0.5,TINYIMAGENET_alexnet_GEN_accuracy_kp5000_seed123,123,40000,936,42,accuracy,100123,0.4307,1,2.9182949419498443,30.959309212863445,10,2.9182949419498443,valid,0.4306703212349777,0.5014769771472192,0.4307,100123
GEN,0.44975,713,713,offspring,128,130,TINYIMAGENET,937,main_b1000_tinyimagenet_alexnet_GEN_kp50_seed123,0.5,0.43215,103,False,0.5,alexnet,False,0,0,1,0.43265,924,6,0.44975,713,1,258,10,0.5,TINYIMAGENET_alexnet_GEN_accuracy_kp5000_seed123,123,40000,937,42,accuracy,100123,0.43215,1,2.9071221320152283,30.4379865527153,10,2.9071221320152283,valid,0.43174224391556754,0.4979065768400563,0.43215000000000003,100123
GEN,0.44975,713,713,offspring,264,260,TINYIMAGENET,938,main_b1000_tinyimagenet_alexnet_GEN_kp50_seed123,0.5,0.4351,104,False,0.5,alexnet,False,0,0,1,0.4362,934,7,0.44975,713,1,524,2,0.5,TINYIMAGENET_alexnet_GEN_accuracy_kp5000_seed123,123,40000,938,42,accuracy,100123,0.4351,1,2.8938433185577392,30.946648374199867,10,2.8938433185577392,valid,0.43393218706776193,0.49758806729661487,0.43510000000000004,100123
GEN,0.44975,713,713,offspring,260,264,TINYIMAGENET,939,main_b1000_tinyimagenet_alexnet_GEN_kp50_seed123,0.5,0.43735,104,False,0.5,alexnet,False,0,0,2,0.4362,934,7,0.44975,713,1,524,3,0.5,TINYIMAGENET_alexnet_GEN_accuracy_kp5000_seed123,123,40000,939,42,accuracy,100123,0.43735,1,2.8614212223529814,30.892177768051624,10,2.8614212223529814,valid,0.43673714428185195,0.5022552385954272,0.43735,100123
GEN,0.44975,713,713,offspring,216,222,TINYIMAGENET,940,main_b1000_tinyimagenet_alexnet_GEN_kp50_seed123,0.5,0.44625,104,False,0.5,alexnet,True,4000,2000,1,0.4307,936,9,0.4362,934,7,438,4,0.5,TINYIMAGENET_alexnet_GEN_accuracy_kp5000_seed123,123,40000,940,42,accuracy,100123,0.44625,2,2.9953073876380922,31.155580401420593,10,2.9953073876380922,valid,0.44421910720034147,0.4890141391314035,0.44625,100123
GEN,0.44975,713,713,offspring,222,216,TINYIMAGENET,941,main_b1000_tinyimagenet_alexnet_GEN_kp50_seed123,0.5,0.43825,104,False,0.5,alexnet,False,0,0,2,0.4307,936,9,0.4362,934,7,438,5,0.5,TINYIMAGENET_alexnet_GEN_accuracy_kp5000_seed123,123,40000,941,42,accuracy,100123,0.43825,1,2.8785846479415893,31.1396292001009,10,2.8785846479415893,valid,0.43856018080876985,0.5035360969818139,0.43825000000000003,100123
GEN,0.44975,713,713,offspring,140,140,TINYIMAGENET,942,main_b1000_tinyimagenet_alexnet_GEN_kp50_seed123,0.5,0.42375,104,False,0.5,alexnet,False,0,0,1,0.4307,936,9,0.44975,713,1,280,6,0.5,TINYIMAGENET_alexnet_GEN_accuracy_kp5000_seed123,123,40000,942,42,accuracy,100123,0.42375,1,2.9885253821849824,30.824633933603764,10,2.9885253821849824,valid,0.42464936771064954,0.5019626270004323,0.42375,100123
GEN,0.44975,713,713,offspring,140,140,TINYIMAGENET,943,main_b1000_tinyimagenet_alexnet_GEN_kp50_seed123,0.5,0.43455,104,False,0.5,alexnet,False,0,0,2,0.4307,936,9,0.44975,713,1,280,7,0.5,TINYIMAGENET_alexnet_GEN_accuracy_kp5000_seed123,123,40000,943,42,accuracy,100123,0.43455,1,2.8664504415512084,31.225188955664635,10,2.8664504415512084,valid,0.4344796134049808,0.4969315802309945,0.43455,100123
GEN,0.44975,713,713,offspring,254,270,TINYIMAGENET,944,main_b1000_tinyimagenet_alexnet_GEN_kp50_seed123,0.5,0.4261,104,False,0.5,alexnet,False,0,0,1,0.4362,934,7,0.44975,713,1,524,8,0.5,TINYIMAGENET_alexnet_GEN_accuracy_kp5000_seed123,123,40000,944,42,accuracy,100123,0.4261,1,2.9423120680332184,30.67933429032564,10,2.9423120680332184,valid,0.43059144574437835,0.508058535935666,0.4261,100123
GEN,0.44975,713,713,offspring,270,254,TINYIMAGENET,945,main_b1000_tinyimagenet_alexnet_GEN_kp50_seed123,0.5,0.43595,104,False,0.5,alexnet,False,0,0,2,0.4362,934,7,0.44975,713,1,524,9,0.5,TINYIMAGENET_alexnet_GEN_accuracy_kp5000_seed123,123,40000,945,42,accuracy,100123,0.43595,1,2.878884725522995,31.231812231242657,10,2.878884725522995,valid,0.4380024085018618,0.508341764005503,0.43595,100123
GEN,0.44975,713,713,offspring,2208,2264,TINYIMAGENET,946,main_b1000_tinyimagenet_alexnet_GEN_kp50_seed123,0.5,0.4298,104,False,0.5,alexnet,False,0,0,1,0.43475,933,6,0.43215,937,10,4472,10,0.5,TINYIMAGENET_alexnet_GEN_accuracy_kp5000_seed123,123,40000,946,42,accuracy,100123,0.4298,1,2.910011110639572,30.691034965217113,10,2.910011110639572,valid,0.43133762009404386,0.5021861295176473,0.4298,100123
GEN,0.44975,713,713,offspring,138,116,TINYIMAGENET,947,main_b1000_tinyimagenet_alexnet_GEN_kp50_seed123,0.5,0.43115,105,False,0.5,alexnet,False,0,0,1,0.44975,713,1,0.43595,945,9,254,2,0.5,TINYIMAGENET_alexnet_GEN_accuracy_kp5000_seed123,123,40000,947,42,accuracy,100123,0.43115,1,2.927028786277771,31.241158105432987,10,2.927028786277771,valid,0.4364972562220482,0.5075067571092593,0.4311499999999999,100123
GEN,0.44975,713,713,offspring,116,138,TINYIMAGENET,948,main_b1000_tinyimagenet_alexnet_GEN_kp50_seed123,0.5,0.42685,105,False,0.5,alexnet,False,0,0,2,0.44975,713,1,0.43595,945,9,254,3,0.5,TINYIMAGENET_alexnet_GEN_accuracy_kp5000_seed123,123,40000,948,42,accuracy,100123,0.42685,1,2.9283904884815217,30.77999935299158,10,2.9283904884815217,valid,0.42499272429825735,0.4926086783263527,0.42685,100123
GEN,0.44975,713,713,offspring,192,222,TINYIMAGENET,949,main_b1000_tinyimagenet_alexnet_GEN_kp50_seed123,0.5,0.4353,105,False,0.5,alexnet,False,0,0,1,0.43825,941,5,0.44975,713,1,414,4,0.5,TINYIMAGENET_alexnet_GEN_accuracy_kp5000_seed123,123,40000,949,42,accuracy,100123,0.4353,1,2.8858247697353363,31.231315582990646,10,2.8858247697353363,valid,0.4344385982797078,0.4997384171774461,0.4353,100123
GEN,0.44975,713,713,offspring,222,192,TINYIMAGENET,950,main_b1000_tinyimagenet_alexnet_GEN_kp50_seed123,0.5,0.4271,105,False,0.5,alexnet,False,0,0,2,0.43825,941,5,0.44975,713,1,414,5,0.5,TINYIMAGENET_alexnet_GEN_accuracy_kp5000_seed123,123,40000,950,42,accuracy,100123,0.4271,1,2.9769835295200346,30.743586137890816,10,2.9769835295200346,valid,0.42977922131508817,0.505241911751286,0.42710000000000004,100123
GEN,0.44975,713,713,offspring,158,170,TINYIMAGENET,951,main_b1000_tinyimagenet_alexnet_GEN_kp50_seed123,0.5,0.4319,105,False,0.5,alexnet,True,4000,2000,1,0.43825,941,5,0.43455,943,7,328,6,0.5,TINYIMAGENET_alexnet_GEN_accuracy_kp5000_seed123,123,40000,951,42,accuracy,100123,0.4319,1,2.8848366756439208,31.19516947120428,10,2.8848366756439208,valid,0.4324417378992777,0.4968238752543823,0.43189999999999995,100123
GEN,0.44975,713,713,offspring,170,158,TINYIMAGENET,952,main_b1000_tinyimagenet_alexnet_GEN_kp50_seed123,0.5,0.42905,105,False,0.5,alexnet,True,4000,2000,2,0.43825,941,5,0.43455,943,7,328,7,0.5,TINYIMAGENET_alexnet_GEN_accuracy_kp5000_seed123,123,40000,952,42,accuracy,100123,0.42905,1,2.935852595591545,30.851286873221397,10,2.935852595591545,valid,0.4300413836074115,0.5032446642240248,0.42905,100123
GEN,0.44975,713,713,offspring,134,130,TINYIMAGENET,953,main_b1000_tinyimagenet_alexnet_GEN_kp50_seed123,0.5,0.43675,105,False,0.5,alexnet,False,0,0,1,0.43735,939,3,0.44975,713,1,264,8,0.5,TINYIMAGENET_alexnet_GEN_accuracy_kp5000_seed123,123,40000,953,42,accuracy,100123,0.43675,1,2.871877083492279,31.267131321132183,10,2.871877083492279,valid,0.43700657654269653,0.5023019435184358,0.43674999999999997,100123
GEN,0.44975,713,713,offspring,130,134,TINYIMAGENET,954,main_b1000_tinyimagenet_alexnet_GEN_kp50_seed123,0.5,0.42415,105,False,0.5,alexnet,True,4000,2000,2,0.43735,939,3,0.44975,713,1,264,9,0.5,TINYIMAGENET_alexnet_GEN_accuracy_kp5000_seed123,123,40000,954,42,accuracy,100123,0.42415,1,2.9564963431358335,30.87497077137232,10,2.9564963431358335,valid,0.42646524660985075,0.504474161971973,0.42414999999999997,100123
GEN,0.44975,713,713,offspring,168,146,TINYIMAGENET,955,main_b1000_tinyimagenet_alexnet_GEN_kp50_seed123,0.5,0.43925,105,False,0.5,alexnet,False,0,0,1,0.43825,941,5,0.43735,939,3,314,10,0.5,TINYIMAGENET_alexnet_GEN_accuracy_kp5000_seed123,123,40000,955,42,accuracy,100123,0.43925,1,2.850182437849045,31.118498235940933,10,2.850182437849045,valid,0.4392121971874861,0.5016557987426842,0.43925,100123
GEN,0.44975,713,713,offspring,118,124,TINYIMAGENET,956,main_b1000_tinyimagenet_alexnet_GEN_kp50_seed123,0.5,0.4339,106,False,0.5,alexnet,False,0,0,1,0.43675,953,8,0.43925,955,10,242,2,0.5,TINYIMAGENET_alexnet_GEN_accuracy_kp5000_seed123,123,40000,956,42,accuracy,100123,0.4339,1,2.9122878705978392,31.02508193254471,10,2.9122878705978392,valid,0.43074713240114093,0.4944854860168853,0.4339,100123
GEN,0.44975,713,713,offspring,124,118,TINYIMAGENET,957,main_b1000_tinyimagenet_alexnet_GEN_kp50_seed123,0.5,0.43225,106,False,0.5,alexnet,False,0,0,2,0.43675,953,8,0.43925,955,10,242,3,0.5,TINYIMAGENET_alexnet_GEN_accuracy_kp5000_seed123,123,40000,957,42,accuracy,100123,0.43225,1,2.921917813682556,30.74077171832323,10,2.921917813682556,valid,0.433294827471621,0.5067518209175979,0.43225,100123
GEN,0.44975,713,713,offspring,120,122,TINYIMAGENET,958,main_b1000_tinyimagenet_alexnet_GEN_kp50_seed123,0.5,0.4261,106,False,0.5,alexnet,False,0,0,1,0.43925,955,10,0.43675,953,8,242,4,0.5,TINYIMAGENET_alexnet_GEN_accuracy_kp5000_seed123,123,40000,958,42,accuracy,100123,0.4261,1,2.9472306123733523,31.270456455647945,10,2.9472306123733523,valid,0.42497889603216715,0.5008167154520295,0.4261,100123
GEN,0.44975,713,713,offspring,122,120,TINYIMAGENET,959,main_b1000_tinyimagenet_alexnet_GEN_kp50_seed123,0.5,0.43355,106,False,0.5,alexnet,True,4000,2000,2,0.43925,955,10,0.43675,953,8,242,5,0.5,TINYIMAGENET_alexnet_GEN_accuracy_kp5000_seed123,123,40000,959,42,accuracy,100123,0.43355,1,2.904867519903183,30.727148659527302,10,2.904867519903183,valid,0.43618620931245444,0.5077915677407019,0.43355000000000005,100123
GEN,0.44975,713,713,offspring,72,58,TINYIMAGENET,960,main_b1000_tinyimagenet_alexnet_GEN_kp50_seed123,0.5,0.4278,106,False,0.5,alexnet,False,0,0,1,0.44975,713,1,0.43675,953,8,130,6,0.5,TINYIMAGENET_alexnet_GEN_accuracy_kp5000_seed123,123,40000,960,42,accuracy,100123,0.4278,1,2.92434371471405,31.145372666418552,10,2.92434371471405,valid,0.42683704267192296,0.49833038133103286,0.4278,100123
GEN,0.44975,713,713,offspring,58,72,TINYIMAGENET,961,main_b1000_tinyimagenet_alexnet_GEN_kp50_seed123,0.5,0.43585,106,False,0.5,alexnet,True,4000,2000,2,0.44975,713,1,0.43675,953,8,130,7,0.5,TINYIMAGENET_alexnet_GEN_accuracy_kp5000_seed123,123,40000,961,42,accuracy,100123,0.43585,1,2.9103528757810593,30.698734134435654,10,2.9103528757810593,valid,0.43804925257847727,0.5088713429400832,0.43584999999999996,100123
GEN,0.44975,713,713,offspring,70,60,TINYIMAGENET,962,main_b1000_tinyimagenet_alexnet_GEN_kp50_seed123,0.5,0.42585,106,False,0.5,alexnet,False,0,0,1,0.43675,953,8,0.44975,713,1,130,8,0.5,TINYIMAGENET_alexnet_GEN_accuracy_kp5000_seed123,123,40000,962,42,accuracy,100123,0.42585,1,2.917484923696518,31.33075650781393,10,2.917484923696518,valid,0.4284303154024538,0.49886876311276374,0.42584999999999995,100123
GEN,0.44975,713,713,offspring,60,70,TINYIMAGENET,963,main_b1000_tinyimagenet_alexnet_GEN_kp50_seed123,0.5,0.4283,106,False,0.5,alexnet,False,0,0,2,0.43675,953,8,0.44975,713,1,130,9,0.5,TINYIMAGENET_alexnet_GEN_accuracy_kp5000_seed123,123,40000,963,42,accuracy,100123,0.4283,1,2.943171587514877,30.78600151091814,10,2.943171587514877,valid,0.4293855907667954,0.5129520116844208,0.42829999999999996,100123
GEN,0.44975,713,713,offspring,202,212,TINYIMAGENET,964,main_b1000_tinyimagenet_alexnet_GEN_kp50_seed123,0.5,0.43035,106,False,0.5,alexnet,True,4000,2000,1,0.4353,949,4,0.4271,950,5,414,10,0.5,TINYIMAGENET_alexnet_GEN_accuracy_kp5000_seed123,123,40000,964,42,accuracy,100123,0.43035,1,2.9603031052589417,31.238598704338074,10,2.9603031052589417,valid,0.43102398286331833,0.499235171001649,0.43034999999999995,100123
GEN,0.44975,713,713,offspring,2072,1984,TINYIMAGENET,965,main_b1000_tinyimagenet_alexnet_GEN_kp50_seed123,0.5,0.42725,107,False,0.5,alexnet,False,0,0,1,0.44975,713,1,0.43585,961,7,4056,2,0.5,TINYIMAGENET_alexnet_GEN_accuracy_kp5000_seed123,123,40000,965,42,accuracy,100123,0.42725,1,2.9405912364006044,30.66437468677759,10,2.9405912364006044,valid,0.429439984963947,0.5004779795340797,0.42725,100123
GEN,0.44975,713,713,offspring,1984,2072,TINYIMAGENET,966,main_b1000_tinyimagenet_alexnet_GEN_kp50_seed123,0.5,0.44065,107,False,0.5,alexnet,False,0,0,2,0.44975,713,1,0.43585,961,7,4056,3,0.5,TINYIMAGENET_alexnet_GEN_accuracy_kp5000_seed123,123,40000,966,42,accuracy,100123,0.44065,1,2.8524114538669587,31.269087575376034,10,2.8524114538669587,valid,0.4375010486400924,0.5019456840482155,0.44065,100123
GEN,0.44975,713,713,offspring,3970,3850,TINYIMAGENET,967,main_b1000_tinyimagenet_alexnet_GEN_kp50_seed123,0.5,0.42575,107,False,0.5,alexnet,False,0,0,1,0.43035,964,10,0.43355,959,5,7820,4,0.5,TINYIMAGENET_alexnet_GEN_accuracy_kp5000_seed123,123,40000,967,42,accuracy,100123,0.42575,1,2.9385905846118927,30.801969707012177,10,2.9385905846118927,valid,0.4296134701891981,0.5025696643695621,0.42575,100123
GEN,0.44975,713,713,offspring,3850,3970,TINYIMAGENET,968,main_b1000_tinyimagenet_alexnet_GEN_kp50_seed123,0.5,0.43115,107,False,0.5,alexnet,False,0,0,2,0.43035,964,10,0.43355,959,5,7820,5,0.5,TINYIMAGENET_alexnet_GEN_accuracy_kp5000_seed123,123,40000,968,42,accuracy,100123,0.43115,1,2.92485020031929,31.33659592270851,10,2.92485020031929,valid,0.43134538599666455,0.5002238411756251,0.4311499999999999,100123
GEN,0.44975,713,713,offspring,108,126,TINYIMAGENET,969,main_b1000_tinyimagenet_alexnet_GEN_kp50_seed123,0.5,0.4331,107,False,0.5,alexnet,False,0,0,1,0.4339,956,2,0.44975,713,1,234,6,0.5,TINYIMAGENET_alexnet_GEN_accuracy_kp5000_seed123,123,40000,969,42,accuracy,100123,0.4331,1,2.903612064409256,30.743435859680176,10,2.903612064409256,valid,0.4357900049774732,0.505031882499478,0.43310000000000004,100123
GEN,0.44975,713,713,offspring,126,108,TINYIMAGENET,970,main_b1000_tinyimagenet_alexnet_GEN_kp50_seed123,0.5,0.43705,107,False,0.5,alexnet,False,0,0,2,0.4339,956,2,0.44975,713,1,234,7,0.5,TINYIMAGENET_alexnet_GEN_accuracy_kp5000_seed123,123,40000,970,42,accuracy,100123,0.43705,1,2.8668937331676485,31.2696006372571,10,2.8668937331676485,valid,0.43564623254217694,0.5004903057495222,0.43705,100123
GEN,0.44975,713,713,offspring,136,96,TINYIMAGENET,971,main_b1000_tinyimagenet_alexnet_GEN_kp50_seed123,0.5,0.4338,107,False,0.5,alexnet,False,0,0,1,0.44975,713,1,0.43225,957,3,232,8,0.5,TINYIMAGENET_alexnet_GEN_accuracy_kp5000_seed123,123,40000,971,42,accuracy,100123,0.4338,1,2.874690363883972,30.8135768994689,10,2.874690363883972,valid,0.43471284020022993,0.5018098109411919,0.43379999999999996,100123
GEN,0.44975,713,713,offspring,96,136,TINYIMAGENET,972,main_b1000_tinyimagenet_alexnet_GEN_kp50_seed123,0.5,0.4349,107,False,0.5,alexnet,True,4000,2000,2,0.44975,713,1,0.43225,957,3,232,9,0.5,TINYIMAGENET_alexnet_GEN_accuracy_kp5000_seed123,123,40000,972,42,accuracy,100123,0.4349,1,2.8886009170532225,31.075353547930717,10,2.8886009170532225,valid,0.4329178771645226,0.4975677296466383,0.43489999999999995,100123
GEN,0.44975,713,713,offspring,2088,2116,TINYIMAGENET,973,main_b1000_tinyimagenet_alexnet_GEN_kp50_seed123,0.5,0.43495,107,False,0.5,alexnet,False,0,0,1,0.43355,959,5,0.44975,713,1,4204,10,0.5,TINYIMAGENET_alexnet_GEN_accuracy_kp5000_seed123,123,40000,973,42,accuracy,100123,0.43495,1,2.905019110965729,30.829522967338562,10,2.905019110965729,valid,0.43560256402082276,0.5088867374533119,0.43494999999999995,100123
GEN,0.44975,713,713,offspring,58,50,TINYIMAGENET,974,main_b1000_tinyimagenet_alexnet_GEN_kp50_seed123,0.5,0.43145,108,False,0.5,alexnet,False,0,0,1,0.43705,970,7,0.44975,713,1,108,2,0.5,TINYIMAGENET_alexnet_GEN_accuracy_kp5000_seed123,123,40000,974,42,accuracy,100123,0.43145,1,2.9415731703281405,30.851753287017345,10,2.9415731703281405,valid,0.4330328320050094,0.5061522884350977,0.43145000000000006,100123
GEN,0.44975,713,713,offspring,50,58,TINYIMAGENET,975,main_b1000_tinyimagenet_alexnet_GEN_kp50_seed123,0.5,0.43045,108,False,0.5,alexnet,False,0,0,2,0.43705,970,7,0.44975,713,1,108,3,0.5,TINYIMAGENET_alexnet_GEN_accuracy_kp5000_seed123,123,40000,975,42,accuracy,100123,0.43045,1,2.9588153326988222,31.03162693977356,10,2.9588153326988222,valid,0.4307030855829585,0.5014085568504477,0.43045,100123
GEN,0.44975,713,713,offspring,1074,1042,TINYIMAGENET,976,main_b1000_tinyimagenet_alexnet_GEN_kp50_seed123,0.5,0.43475,108,False,0.5,alexnet,False,0,0,1,0.43495,973,10,0.44975,713,1,2116,4,0.5,TINYIMAGENET_alexnet_GEN_accuracy_kp5000_seed123,123,40000,976,42,accuracy,100123,0.43475,1,2.8792728713035585,30.712129518389702,10,2.8792728713035585,valid,0.43475445089518333,0.49678500297965283,0.43475,100123
GEN,0.44975,713,713,offspring,1042,1074,TINYIMAGENET,977,main_b1000_tinyimagenet_alexnet_GEN_kp50_seed123,0.5,0.43395,108,False,0.5,alexnet,False,0,0,2,0.43495,973,10,0.44975,713,1,2116,5,0.5,TINYIMAGENET_alexnet_GEN_accuracy_kp5000_seed123,123,40000,977,42,accuracy,100123,0.43395,1,2.90645287899971,31.061831936240196,10,2.90645287899971,valid,0.435522960808882,0.5017816721255023,0.43395000000000006,100123
GEN,0.44975,713,713,offspring,2104,2040,TINYIMAGENET,978,main_b1000_tinyimagenet_alexnet_GEN_kp50_seed123,0.5,0.4249,108,False,0.5,alexnet,True,4000,2000,1,0.4349,972,9,0.43705,970,7,4144,6,0.5,TINYIMAGENET_alexnet_GEN_accuracy_kp5000_seed123,123,40000,978,42,accuracy,100123,0.4249,1,2.9765601778030395,30.699723318219185,10,2.9765601778030395,valid,0.42719329750593715,0.5043165145017562,0.4249,100123
GEN,0.44975,713,713,offspring,2040,2104,TINYIMAGENET,979,main_b1000_tinyimagenet_alexnet_GEN_kp50_seed123,0.5,0.4207,108,False,0.5,alexnet,False,0,0,2,0.4349,972,9,0.43705,970,7,4144,7,0.5,TINYIMAGENET_alexnet_GEN_accuracy_kp5000_seed123,123,40000,979,42,accuracy,100123,0.4207,1,2.9859117929935457,31.102268777787685,10,2.9859117929935457,valid,0.4217677538009641,0.5058610216631791,0.4207,100123
GEN,0.44975,713,713,offspring,2088,1922,TINYIMAGENET,980,main_b1000_tinyimagenet_alexnet_GEN_kp50_seed123,0.5,0.4316,108,False,0.5,alexnet,False,0,0,1,0.44065,966,3,0.43495,973,10,4010,8,0.5,TINYIMAGENET_alexnet_GEN_accuracy_kp5000_seed123,123,40000,980,42,accuracy,100123,0.4316,1,2.9106338004589083,30.585483111441135,10,2.9106338004589083,valid,0.43457149688117197,0.5073788058514132,0.4316,100123
GEN,0.44975,713,713,offspring,1922,2088,TINYIMAGENET,981,main_b1000_tinyimagenet_alexnet_GEN_kp50_seed123,0.5,0.4249,108,False,0.5,alexnet,False,0,0,2,0.44065,966,3,0.43495,973,10,4010,9,0.5,TINYIMAGENET_alexnet_GEN_accuracy_kp5000_seed123,123,40000,981,42,accuracy,100123,0.4249,1,2.972145988512039,31.16208689659834,10,2.972145988512039,valid,0.428672745238051,0.50755761668871,0.42489999999999994,100123
GEN,0.44975,713,713,offspring,2882,2966,TINYIMAGENET,982,main_b1000_tinyimagenet_alexnet_GEN_kp50_seed123,0.5,0.4323,108,False,0.5,alexnet,False,0,0,1,0.4349,972,9,0.44065,966,3,5848,10,0.5,TINYIMAGENET_alexnet_GEN_accuracy_kp5000_seed123,123,40000,982,42,accuracy,100123,0.4323,1,2.8884556096076963,30.643078684806824,10,2.8884556096076963,valid,0.4330838725616819,0.49712204769235463,0.4323,100123
GEN,0.44975,713,713,offspring,2020,1982,TINYIMAGENET,983,main_b1000_tinyimagenet_alexnet_GEN_kp50_seed123,0.5,0.4358,109,False,0.5,alexnet,False,0,0,1,0.4323,982,10,0.4316,980,8,4002,2,0.5,TINYIMAGENET_alexnet_GEN_accuracy_kp5000_seed123,123,40000,983,42,accuracy,100123,0.4358,1,2.8747050559043883,31.156225450336933,10,2.8747050559043883,valid,0.4357876658675856,0.4977205963935452,0.43579999999999997,100123
GEN,0.44975,713,713,offspring,1982,2020,TINYIMAGENET,984,main_b1000_tinyimagenet_alexnet_GEN_kp50_seed123,0.5,0.43005,109,False,0.5,alexnet,True,4000,2000,2,0.4323,982,10,0.4316,980,8,4002,3,0.5,TINYIMAGENET_alexnet_GEN_accuracy_kp5000_seed123,123,40000,984,42,accuracy,100123,0.43005,1,2.9382180104255675,30.52535206079483,10,2.9382180104255675,valid,0.4319715874740311,0.50295974543975,0.43004999999999993,100123
GEN,0.44975,713,713,offspring,506,536,TINYIMAGENET,985,main_b1000_tinyimagenet_alexnet_GEN_kp50_seed123,0.5,0.4222,109,False,0.5,alexnet,False,0,0,1,0.43475,976,4,0.44975,713,1,1042,4,0.5,TINYIMAGENET_alexnet_GEN_accuracy_kp5000_seed123,123,40000,985,42,accuracy,100123,0.4222,1,2.9971914453029633,31.354180455207825,10,2.9971914453029633,valid,0.4233206175985175,0.5034753707103397,0.42219999999999996,100123
GEN,0.44975,713,713,offspring,536,506,TINYIMAGENET,986,main_b1000_tinyimagenet_alexnet_GEN_kp50_seed123,0.5,0.4269,109,False,0.5,alexnet,False,0,0,2,0.43475,976,4,0.44975,713,1,1042,5,0.5,TINYIMAGENET_alexnet_GEN_accuracy_kp5000_seed123,123,40000,986,42,accuracy,100123,0.4269,1,2.9471031861305237,30.834010154008865,10,2.9471031861305237,valid,0.4291457598370252,0.5096122913457155,0.4269,100123
GEN,0.44975,713,713,offspring,532,510,TINYIMAGENET,987,main_b1000_tinyimagenet_alexnet_GEN_kp50_seed123,0.5,0.43065,109,False,0.5,alexnet,False,0,0,1,0.44975,713,1,0.43475,976,4,1042,6,0.5,TINYIMAGENET_alexnet_GEN_accuracy_kp5000_seed123,123,40000,987,42,accuracy,100123,0.43065,1,2.9376567035675047,31.18066342175007,10,2.9376567035675047,valid,0.43052020068482366,0.49923170724658983,0.43065,100123
GEN,0.44975,713,713,offspring,510,532,TINYIMAGENET,988,main_b1000_tinyimagenet_alexnet_GEN_kp50_seed123,0.5,0.43565,109,False,0.5,alexnet,False,0,0,2,0.44975,713,1,0.43475,976,4,1042,7,0.5,TINYIMAGENET_alexnet_GEN_accuracy_kp5000_seed123,123,40000,988,42,accuracy,100123,0.43565,1,2.862374541091919,30.69041471928358,10,2.862374541091919,valid,0.4375061977384297,0.5027032265702234,0.43565,100123
GEN,0.44975,713,713,offspring,512,568,TINYIMAGENET,989,main_b1000_tinyimagenet_alexnet_GEN_kp50_seed123,0.5,0.4336,109,False,0.5,alexnet,False,0,0,1,0.43475,976,4,0.43145,974,2,1080,8,0.5,TINYIMAGENET_alexnet_GEN_accuracy_kp5000_seed123,123,40000,989,42,accuracy,100123,0.4336,1,2.8847599427223205,31.122195094823837,10,2.8847599427223205,valid,0.4357403712927216,0.5061313499796806,0.43360000000000004,100123
GEN,0.44975,713,713,offspring,568,512,TINYIMAGENET,990,main_b1000_tinyimagenet_alexnet_GEN_kp50_seed123,0.5,0.4309,109,False,0.5,alexnet,False,0,0,2,0.43475,976,4,0.43145,974,2,1080,9,0.5,TINYIMAGENET_alexnet_GEN_accuracy_kp5000_seed123,123,40000,990,42,accuracy,100123,0.4309,1,2.948806683111191,30.651916339993477,10,2.948806683111191,valid,0.4306020516960393,0.5038714997988972,0.43090000000000006,100123
GEN,0.44975,713,713,offspring,1536,1486,TINYIMAGENET,991,main_b1000_tinyimagenet_alexnet_GEN_kp50_seed123,0.5,0.41525,109,False,0.5,alexnet,False,0,0,1,0.4323,982,10,0.44975,713,1,3022,10,0.5,TINYIMAGENET_alexnet_GEN_accuracy_kp5000_seed123,123,40000,991,42,accuracy,100123,0.41525,1,3.018338082933426,31.100782334804535,10,3.018338082933426,valid,0.41882015952743884,0.5029787005922511,0.41525,100123
GEN,0.44975,713,713,offspring,280,242,TINYIMAGENET,992,main_b1000_tinyimagenet_alexnet_GEN_kp50_seed123,0.5,0.4251,110,False,0.5,alexnet,False,0,0,1,0.4336,989,8,0.43565,988,7,522,2,0.5,TINYIMAGENET_alexnet_GEN_accuracy_kp5000_seed123,123,40000,992,42,accuracy,100123,0.4251,1,2.965442508459091,30.633186019957066,10,2.965442508459091,valid,0.4279354939689093,0.5082091164651331,0.4251,100123
GEN,0.44975,713,713,offspring,242,280,TINYIMAGENET,993,main_b1000_tinyimagenet_alexnet_GEN_kp50_seed123,0.5,0.4337,110,False,0.5,alexnet,False,0,0,2,0.4336,989,8,0.43565,988,7,522,3,0.5,TINYIMAGENET_alexnet_GEN_accuracy_kp5000_seed123,123,40000,993,42,accuracy,100123,0.4337,1,2.880070765066147,31.073406413197517,10,2.880070765066147,valid,0.4352425081485451,0.5068917976027203,0.43370000000000003,100123
GEN,0.44975,713,713,offspring,1402,1382,TINYIMAGENET,994,main_b1000_tinyimagenet_alexnet_GEN_kp50_seed123,0.5,0.4244,110,False,0.5,alexnet,False,0,0,1,0.4309,990,9,0.4358,983,2,2784,4,0.5,TINYIMAGENET_alexnet_GEN_accuracy_kp5000_seed123,123,40000,994,42,accuracy,100123,0.4244,1,2.9330954967975615,30.723432570695877,10,2.9330954967975615,valid,0.42760573235905386,0.5011238316851545,0.4244,100123
GEN,0.44975,713,713,offspring,1382,1402,TINYIMAGENET,995,main_b1000_tinyimagenet_alexnet_GEN_kp50_seed123,0.5,0.41985,110,False,0.5,alexnet,False,0,0,2,0.4309,990,9,0.4358,983,2,2784,5,0.5,TINYIMAGENET_alexnet_GEN_accuracy_kp5000_seed123,123,40000,995,42,accuracy,100123,0.41985,1,3.0090828264713285,31.010600820183754,10,3.0090828264713285,valid,0.4216526232393419,0.5079209801440514,0.41985,100123
GEN,0.44975,713,713,offspring,1376,1394,TINYIMAGENET,996,main_b1000_tinyimagenet_alexnet_GEN_kp50_seed123,0.5,0.43045,110,False,0.5,alexnet,False,0,0,1,0.4358,983,2,0.43565,988,7,2770,6,0.5,TINYIMAGENET_alexnet_GEN_accuracy_kp5000_seed123,123,40000,996,42,accuracy,100123,0.43045,1,2.931084010028839,30.74964690208435,10,2.931084010028839,valid,0.42956511896693755,0.501503088679484,0.43045,100123
GEN,0.44975,713,713,offspring,1394,1376,TINYIMAGENET,997,main_b1000_tinyimagenet_alexnet_GEN_kp50_seed123,0.5,0.4287,110,False,0.5,alexnet,False,0,0,2,0.4358,983,2,0.43565,988,7,2770,7,0.5,TINYIMAGENET_alexnet_GEN_accuracy_kp5000_seed123,123,40000,997,42,accuracy,100123,0.4287,1,2.9394082746505736,30.940816827118397,10,2.9394082746505736,valid,0.4258297198000762,0.4934434728416587,0.4287,100123
GEN,0.44975,713,713,offspring,1282,1260,TINYIMAGENET,998,main_b1000_tinyimagenet_alexnet_GEN_kp50_seed123,0.5,0.4306,110,False,0.5,alexnet,False,0,0,1,0.4358,983,2,0.44975,713,1,2542,8,0.5,TINYIMAGENET_alexnet_GEN_accuracy_kp5000_seed123,123,40000,998,42,accuracy,100123,0.4306,1,2.9221616147756575,31.089676193892956,10,2.9221616147756575,valid,0.431641392187135,0.5024258168391394,0.43060000000000004,100123
GEN,0.44975,713,713,offspring,1260,1282,TINYIMAGENET,999,main_b1000_tinyimagenet_alexnet_GEN_kp50_seed123,0.5,0.4291,110,False,0.5,alexnet,False,0,0,2,0.4358,983,2,0.44975,713,1,2542,9,0.5,TINYIMAGENET_alexnet_GEN_accuracy_kp5000_seed123,123,40000,999,42,accuracy,100123,0.4291,1,2.9883184552669526,30.86325264722109,10,2.9883184552669526,valid,0.43271017831060443,0.5166668217662144,0.4291,100123
GEN,0.44975,713,713,offspring,234,276,TINYIMAGENET,1000,main_b1000_tinyimagenet_alexnet_GEN_kp50_seed123,0.5,0.43305,110,False,0.5,alexnet,False,0,0,1,0.44975,713,1,0.43565,988,7,510,10,0.5,TINYIMAGENET_alexnet_GEN_accuracy_kp5000_seed123,123,40000,1000,42,accuracy,100123,0.43305,1,2.9403438306331635,30.973229102790356,10,2.9403438306331635,valid,0.43363932461176413,0.5078864333708216,0.43305000000000005,100123
