Algorithm,Best Fitness,Best Found At Evaluation,Best Solution ID,Candidate Type,Dataset,Evaluation,Experiment Name,Final Percentage,Fitness,Improved Best,Initial Percentage,Model,Requested Keep Percentage,Run ID,Search Seed,Selected Instances,Solution ID,Split Seed,Target Metric,Training Seed,accuracy,best_epoch,best_validation_loss,candidate_duration_seconds,epochs_trained,evaluation_loss,evaluation_split,f1,precision,recall,training_seed
RS,0.4523,1,1,random,TINYIMAGENET,1,main_b1000_tinyimagenet_alexnet_RS_kp75_seed42,0.75,0.4523,True,0.75,alexnet,0.75,TINYIMAGENET_alexnet_RS_accuracy_kp7500_seed42,42,60000,1,42,accuracy,100042,0.4523,1,2.8664464272022245,44.007402308285236,10,2.8664464272022245,valid,0.45506027057897597,0.5146615467859601,0.45230000000000004,100042
RS,0.4523,1,1,random,TINYIMAGENET,2,main_b1000_tinyimagenet_alexnet_RS_kp75_seed42,0.75,0.44635,False,0.75,alexnet,0.75,TINYIMAGENET_alexnet_RS_accuracy_kp7500_seed42,42,60000,2,42,accuracy,100042,0.44635,1,2.8451544500350954,41.58305672556162,10,2.8451544500350954,valid,0.4486408938505616,0.5015531602653681,0.44634999999999997,100042
RS,0.4523,1,1,random,TINYIMAGENET,3,main_b1000_tinyimagenet_alexnet_RS_kp75_seed42,0.75,0.4497,False,0.75,alexnet,0.75,TINYIMAGENET_alexnet_RS_accuracy_kp7500_seed42,42,60000,3,42,accuracy,100042,0.4497,1,2.8499436037063597,41.2269047498703,10,2.8499436037063597,valid,0.44675008753546264,0.505292373852231,0.4497,100042
RS,0.4523,1,1,random,TINYIMAGENET,4,main_b1000_tinyimagenet_alexnet_RS_kp75_seed42,0.75,0.45005,False,0.75,alexnet,0.75,TINYIMAGENET_alexnet_RS_accuracy_kp7500_seed42,42,60000,4,42,accuracy,100042,0.45005,1,2.8593099533081054,41.25232098251581,10,2.8593099533081054,valid,0.4486272247429865,0.5083243841657814,0.45005,100042
RS,0.4523,1,1,random,TINYIMAGENET,5,main_b1000_tinyimagenet_alexnet_RS_kp75_seed42,0.75,0.44825,False,0.75,alexnet,0.75,TINYIMAGENET_alexnet_RS_accuracy_kp7500_seed42,42,60000,5,42,accuracy,100042,0.44825,1,2.8766799991607668,40.979063399136066,10,2.8766799991607668,valid,0.4528671993077075,0.518587120421482,0.44825000000000004,100042
RS,0.4523,1,1,random,TINYIMAGENET,6,main_b1000_tinyimagenet_alexnet_RS_kp75_seed42,0.75,0.4412,False,0.75,alexnet,0.75,TINYIMAGENET_alexnet_RS_accuracy_kp7500_seed42,42,60000,6,42,accuracy,100042,0.4412,1,2.95599615111351,41.25209744274616,10,2.95599615111351,valid,0.44299803583349856,0.5153559346020693,0.44120000000000004,100042
RS,0.4523,1,1,random,TINYIMAGENET,7,main_b1000_tinyimagenet_alexnet_RS_kp75_seed42,0.75,0.4512,False,0.75,alexnet,0.75,TINYIMAGENET_alexnet_RS_accuracy_kp7500_seed42,42,60000,7,42,accuracy,100042,0.4512,1,2.8384723142147066,41.17277966439724,10,2.8384723142147066,valid,0.44936113784837084,0.5029733950107093,0.4512,100042
RS,0.4523,1,1,random,TINYIMAGENET,8,main_b1000_tinyimagenet_alexnet_RS_kp75_seed42,0.75,0.45065,False,0.75,alexnet,0.75,TINYIMAGENET_alexnet_RS_accuracy_kp7500_seed42,42,60000,8,42,accuracy,100042,0.45065,1,2.8666326023340227,41.14360562711954,10,2.8666326023340227,valid,0.4506431364060682,0.5115537710678721,0.45065000000000005,100042
RS,0.4523,1,1,random,TINYIMAGENET,9,main_b1000_tinyimagenet_alexnet_RS_kp75_seed42,0.75,0.4502,False,0.75,alexnet,0.75,TINYIMAGENET_alexnet_RS_accuracy_kp7500_seed42,42,60000,9,42,accuracy,100042,0.4502,1,2.8682465111255646,40.97566191852093,10,2.8682465111255646,valid,0.4469382115733061,0.5038312124570866,0.45019999999999993,100042
RS,0.4523,1,1,random,TINYIMAGENET,10,main_b1000_tinyimagenet_alexnet_RS_kp75_seed42,0.75,0.4474,False,0.75,alexnet,0.75,TINYIMAGENET_alexnet_RS_accuracy_kp7500_seed42,42,60000,10,42,accuracy,100042,0.4474,1,2.892388948631287,41.20100740343332,10,2.892388948631287,valid,0.4465588702528487,0.5054261838408793,0.4474,100042
RS,0.4544,11,11,random,TINYIMAGENET,11,main_b1000_tinyimagenet_alexnet_RS_kp75_seed42,0.75,0.4544,True,0.75,alexnet,0.75,TINYIMAGENET_alexnet_RS_accuracy_kp7500_seed42,42,60000,11,42,accuracy,100042,0.4544,1,2.8265754675149917,41.126102551817894,10,2.8265754675149917,valid,0.4545799908388709,0.5032202931356369,0.45439999999999997,100042
RS,0.4544,11,11,random,TINYIMAGENET,12,main_b1000_tinyimagenet_alexnet_RS_kp75_seed42,0.75,0.4479,False,0.75,alexnet,0.75,TINYIMAGENET_alexnet_RS_accuracy_kp7500_seed42,42,60000,12,42,accuracy,100042,0.4479,1,2.867755407953262,40.97624673694372,10,2.867755407953262,valid,0.4498912420458123,0.513492728057226,0.4479000000000001,100042
RS,0.4544,11,11,random,TINYIMAGENET,13,main_b1000_tinyimagenet_alexnet_RS_kp75_seed42,0.75,0.44595,False,0.75,alexnet,0.75,TINYIMAGENET_alexnet_RS_accuracy_kp7500_seed42,42,60000,13,42,accuracy,100042,0.44595,1,2.959655410552025,41.042895063757896,10,2.959655410552025,valid,0.44225302885554285,0.5121927599923173,0.44595,100042
RS,0.4544,11,11,random,TINYIMAGENET,14,main_b1000_tinyimagenet_alexnet_RS_kp75_seed42,0.75,0.4436,False,0.75,alexnet,0.75,TINYIMAGENET_alexnet_RS_accuracy_kp7500_seed42,42,60000,14,42,accuracy,100042,0.4436,1,2.9065977493286135,41.363866195082664,10,2.9065977493286135,valid,0.4444091034241039,0.5073463535845422,0.4436,100042
RS,0.4544,11,11,random,TINYIMAGENET,15,main_b1000_tinyimagenet_alexnet_RS_kp75_seed42,0.75,0.45095,False,0.75,alexnet,0.75,TINYIMAGENET_alexnet_RS_accuracy_kp7500_seed42,42,60000,15,42,accuracy,100042,0.45095,1,2.823942920255661,41.24951986223459,10,2.823942920255661,valid,0.44873408699031214,0.5002687006850242,0.45094999999999996,100042
RS,0.4566,16,16,random,TINYIMAGENET,16,main_b1000_tinyimagenet_alexnet_RS_kp75_seed42,0.75,0.4566,True,0.75,alexnet,0.75,TINYIMAGENET_alexnet_RS_accuracy_kp7500_seed42,42,60000,16,42,accuracy,100042,0.4566,1,2.8008425612449646,41.10024597495794,10,2.8008425612449646,valid,0.45743342246201957,0.5058761192085968,0.45659999999999995,100042
RS,0.4566,16,16,random,TINYIMAGENET,17,main_b1000_tinyimagenet_alexnet_RS_kp75_seed42,0.75,0.449,False,0.75,alexnet,0.75,TINYIMAGENET_alexnet_RS_accuracy_kp7500_seed42,42,60000,17,42,accuracy,100042,0.449,1,2.8728617495298385,40.93723590672016,10,2.8728617495298385,valid,0.4485195977559715,0.5078324493897886,0.44900000000000007,100042
RS,0.4566,16,16,random,TINYIMAGENET,18,main_b1000_tinyimagenet_alexnet_RS_kp75_seed42,0.75,0.4411,False,0.75,alexnet,0.75,TINYIMAGENET_alexnet_RS_accuracy_kp7500_seed42,42,60000,18,42,accuracy,100042,0.4411,1,2.939509155511856,41.26079574227333,10,2.939509155511856,valid,0.4434870675455717,0.5201515275239948,0.4411,100042
RS,0.4566,16,16,random,TINYIMAGENET,19,main_b1000_tinyimagenet_alexnet_RS_kp75_seed42,0.75,0.4464,False,0.75,alexnet,0.75,TINYIMAGENET_alexnet_RS_accuracy_kp7500_seed42,42,60000,19,42,accuracy,100042,0.4464,1,2.8821809000968934,40.900966979563236,10,2.8821809000968934,valid,0.44780296304445144,0.5140562222537101,0.4464,100042
RS,0.4566,16,16,random,TINYIMAGENET,20,main_b1000_tinyimagenet_alexnet_RS_kp75_seed42,0.75,0.4491,False,0.75,alexnet,0.75,TINYIMAGENET_alexnet_RS_accuracy_kp7500_seed42,42,60000,20,42,accuracy,100042,0.4491,1,2.85167069644928,40.84753093123436,10,2.85167069644928,valid,0.44866151669858484,0.5063211119516626,0.44909999999999994,100042
RS,0.4566,16,16,random,TINYIMAGENET,21,main_b1000_tinyimagenet_alexnet_RS_kp75_seed42,0.75,0.45395,False,0.75,alexnet,0.75,TINYIMAGENET_alexnet_RS_accuracy_kp7500_seed42,42,60000,21,42,accuracy,100042,0.45395,1,2.8529060825824737,40.887367621064186,10,2.8529060825824737,valid,0.44933411209453383,0.5058930929450992,0.45394999999999996,100042
RS,0.4566,16,16,random,TINYIMAGENET,22,main_b1000_tinyimagenet_alexnet_RS_kp75_seed42,0.75,0.44395,False,0.75,alexnet,0.75,TINYIMAGENET_alexnet_RS_accuracy_kp7500_seed42,42,60000,22,42,accuracy,100042,0.44395,1,2.911463427734375,41.03135172277689,10,2.911463427734375,valid,0.44400292771321176,0.5054609868194225,0.44394999999999996,100042
RS,0.4566,16,16,random,TINYIMAGENET,23,main_b1000_tinyimagenet_alexnet_RS_kp75_seed42,0.75,0.44335,False,0.75,alexnet,0.75,TINYIMAGENET_alexnet_RS_accuracy_kp7500_seed42,42,60000,23,42,accuracy,100042,0.44335,1,2.9171895354747774,41.10544387996197,10,2.9171895354747774,valid,0.44199854030213925,0.5083437103919831,0.44335,100042
RS,0.4566,16,16,random,TINYIMAGENET,24,main_b1000_tinyimagenet_alexnet_RS_kp75_seed42,0.75,0.44995,False,0.75,alexnet,0.75,TINYIMAGENET_alexnet_RS_accuracy_kp7500_seed42,42,60000,24,42,accuracy,100042,0.44995,1,2.8585533217430115,40.958430632948875,10,2.8585533217430115,valid,0.4514731124356875,0.5112236717619212,0.44995000000000007,100042
RS,0.4566,16,16,random,TINYIMAGENET,25,main_b1000_tinyimagenet_alexnet_RS_kp75_seed42,0.75,0.44555,False,0.75,alexnet,0.75,TINYIMAGENET_alexnet_RS_accuracy_kp7500_seed42,42,60000,25,42,accuracy,100042,0.44555,1,2.8910721626758575,40.955209635198116,10,2.8910721626758575,valid,0.4482781614659899,0.5108879274659917,0.44555000000000006,100042
RS,0.4566,16,16,random,TINYIMAGENET,26,main_b1000_tinyimagenet_alexnet_RS_kp75_seed42,0.75,0.4507,False,0.75,alexnet,0.75,TINYIMAGENET_alexnet_RS_accuracy_kp7500_seed42,42,60000,26,42,accuracy,100042,0.4507,1,2.8650351494312285,41.185221903026104,10,2.8650351494312285,valid,0.4514344345877992,0.5127837299113527,0.45069999999999993,100042
RS,0.4566,16,16,random,TINYIMAGENET,27,main_b1000_tinyimagenet_alexnet_RS_kp75_seed42,0.75,0.44475,False,0.75,alexnet,0.75,TINYIMAGENET_alexnet_RS_accuracy_kp7500_seed42,42,60000,27,42,accuracy,100042,0.44475,1,2.8867997016429903,41.16850167512894,10,2.8867997016429903,valid,0.4457826158523832,0.509423429051473,0.44475000000000003,100042
RS,0.4566,16,16,random,TINYIMAGENET,28,main_b1000_tinyimagenet_alexnet_RS_kp75_seed42,0.75,0.44355,False,0.75,alexnet,0.75,TINYIMAGENET_alexnet_RS_accuracy_kp7500_seed42,42,60000,28,42,accuracy,100042,0.44355,1,2.895409519147873,41.06624925881624,10,2.895409519147873,valid,0.4457946925500651,0.5022230715112872,0.44355000000000006,100042
RS,0.4566,16,16,random,TINYIMAGENET,29,main_b1000_tinyimagenet_alexnet_RS_kp75_seed42,0.75,0.4486,False,0.75,alexnet,0.75,TINYIMAGENET_alexnet_RS_accuracy_kp7500_seed42,42,60000,29,42,accuracy,100042,0.4486,1,2.864337125992775,40.964112274348736,10,2.864337125992775,valid,0.4486435417055212,0.5032190036951156,0.4486,100042
RS,0.4566,16,16,random,TINYIMAGENET,30,main_b1000_tinyimagenet_alexnet_RS_kp75_seed42,0.75,0.4496,False,0.75,alexnet,0.75,TINYIMAGENET_alexnet_RS_accuracy_kp7500_seed42,42,60000,30,42,accuracy,100042,0.4496,1,2.857661376285553,41.27764720469713,10,2.857661376285553,valid,0.44616445626794216,0.4990357107671668,0.4496,100042
RS,0.45685,31,31,random,TINYIMAGENET,31,main_b1000_tinyimagenet_alexnet_RS_kp75_seed42,0.75,0.45685,True,0.75,alexnet,0.75,TINYIMAGENET_alexnet_RS_accuracy_kp7500_seed42,42,60000,31,42,accuracy,100042,0.45685,1,2.8038655359745026,41.26581087708473,10,2.8038655359745026,valid,0.4539393741095273,0.5066103185648614,0.45685000000000003,100042
RS,0.45685,31,31,random,TINYIMAGENET,32,main_b1000_tinyimagenet_alexnet_RS_kp75_seed42,0.75,0.44195,False,0.75,alexnet,0.75,TINYIMAGENET_alexnet_RS_accuracy_kp7500_seed42,42,60000,32,42,accuracy,100042,0.44195,1,2.8848852739572526,40.970757976174355,10,2.8848852739572526,valid,0.4423131503878252,0.5056104506820804,0.44195000000000007,100042
RS,0.45685,31,31,random,TINYIMAGENET,33,main_b1000_tinyimagenet_alexnet_RS_kp75_seed42,0.75,0.4482,False,0.75,alexnet,0.75,TINYIMAGENET_alexnet_RS_accuracy_kp7500_seed42,42,60000,33,42,accuracy,100042,0.4482,1,2.84403511595726,41.1173175573349,10,2.84403511595726,valid,0.4480253782792735,0.5030838824881999,0.44819999999999993,100042
RS,0.45685,31,31,random,TINYIMAGENET,34,main_b1000_tinyimagenet_alexnet_RS_kp75_seed42,0.75,0.4544,False,0.75,alexnet,0.75,TINYIMAGENET_alexnet_RS_accuracy_kp7500_seed42,42,60000,34,42,accuracy,100042,0.4544,1,2.8794142161369325,41.295378759503365,10,2.8794142161369325,valid,0.4559247100489266,0.5211227269556308,0.45439999999999997,100042
RS,0.45685,31,31,random,TINYIMAGENET,35,main_b1000_tinyimagenet_alexnet_RS_kp75_seed42,0.75,0.4548,False,0.75,alexnet,0.75,TINYIMAGENET_alexnet_RS_accuracy_kp7500_seed42,42,60000,35,42,accuracy,100042,0.4548,1,2.823868456363678,41.21388226747513,10,2.823868456363678,valid,0.45615566231339344,0.5124701996364365,0.45480000000000004,100042
RS,0.45685,31,31,random,TINYIMAGENET,36,main_b1000_tinyimagenet_alexnet_RS_kp75_seed42,0.75,0.44665,False,0.75,alexnet,0.75,TINYIMAGENET_alexnet_RS_accuracy_kp7500_seed42,42,60000,36,42,accuracy,100042,0.44665,1,2.9006404596328736,41.071600154042244,10,2.9006404596328736,valid,0.44884719727339295,0.5180963755165509,0.44665,100042
RS,0.45685,31,31,random,TINYIMAGENET,37,main_b1000_tinyimagenet_alexnet_RS_kp75_seed42,0.75,0.4511,False,0.75,alexnet,0.75,TINYIMAGENET_alexnet_RS_accuracy_kp7500_seed42,42,60000,37,42,accuracy,100042,0.4511,1,2.8541676624298096,41.17646952718496,10,2.8541676624298096,valid,0.45284161062242234,0.5112115591593,0.4511,100042
RS,0.45685,31,31,random,TINYIMAGENET,38,main_b1000_tinyimagenet_alexnet_RS_kp75_seed42,0.75,0.4507,False,0.75,alexnet,0.75,TINYIMAGENET_alexnet_RS_accuracy_kp7500_seed42,42,60000,38,42,accuracy,100042,0.4507,1,2.8528549904346465,41.06887622922659,10,2.8528549904346465,valid,0.4498919212672504,0.5077572364081127,0.4507000000000001,100042
RS,0.45685,31,31,random,TINYIMAGENET,39,main_b1000_tinyimagenet_alexnet_RS_kp75_seed42,0.75,0.45475,False,0.75,alexnet,0.75,TINYIMAGENET_alexnet_RS_accuracy_kp7500_seed42,42,60000,39,42,accuracy,100042,0.45475,1,2.8384698469638825,41.31343202292919,10,2.8384698469638825,valid,0.4549495356596768,0.5094595092537915,0.45475,100042
RS,0.45685,31,31,random,TINYIMAGENET,40,main_b1000_tinyimagenet_alexnet_RS_kp75_seed42,0.75,0.44805,False,0.75,alexnet,0.75,TINYIMAGENET_alexnet_RS_accuracy_kp7500_seed42,42,60000,40,42,accuracy,100042,0.44805,1,2.90055057053566,41.46733945608139,10,2.90055057053566,valid,0.4470053064708994,0.5146256339281159,0.44805,100042
RS,0.45685,31,31,random,TINYIMAGENET,41,main_b1000_tinyimagenet_alexnet_RS_kp75_seed42,0.75,0.4399,False,0.75,alexnet,0.75,TINYIMAGENET_alexnet_RS_accuracy_kp7500_seed42,42,60000,41,42,accuracy,100042,0.4399,1,2.893232489824295,40.914996802806854,10,2.893232489824295,valid,0.44192008215650597,0.511596279291626,0.43989999999999996,100042
RS,0.46055,42,42,random,TINYIMAGENET,42,main_b1000_tinyimagenet_alexnet_RS_kp75_seed42,0.75,0.46055,True,0.75,alexnet,0.75,TINYIMAGENET_alexnet_RS_accuracy_kp7500_seed42,42,60000,42,42,accuracy,100042,0.46055,1,2.8180304182052613,41.33992498368025,10,2.8180304182052613,valid,0.45823944194413974,0.5145037998678545,0.46055000000000007,100042
RS,0.46055,42,42,random,TINYIMAGENET,43,main_b1000_tinyimagenet_alexnet_RS_kp75_seed42,0.75,0.45115,False,0.75,alexnet,0.75,TINYIMAGENET_alexnet_RS_accuracy_kp7500_seed42,42,60000,43,42,accuracy,100042,0.45115,1,2.8331065652132033,40.90961180627346,10,2.8331065652132033,valid,0.45234698977431037,0.5096805090840536,0.45114999999999994,100042
RS,0.46055,42,42,random,TINYIMAGENET,44,main_b1000_tinyimagenet_alexnet_RS_kp75_seed42,0.75,0.45595,False,0.75,alexnet,0.75,TINYIMAGENET_alexnet_RS_accuracy_kp7500_seed42,42,60000,44,42,accuracy,100042,0.45595,1,2.825866863679886,41.14175637811422,10,2.825866863679886,valid,0.45625889311323675,0.5126423669842624,0.45594999999999997,100042
RS,0.46055,42,42,random,TINYIMAGENET,45,main_b1000_tinyimagenet_alexnet_RS_kp75_seed42,0.75,0.45305,False,0.75,alexnet,0.75,TINYIMAGENET_alexnet_RS_accuracy_kp7500_seed42,42,60000,45,42,accuracy,100042,0.45305,1,2.8760247395992278,41.20974038541317,10,2.8760247395992278,valid,0.4463153007802262,0.4995427395541337,0.45305,100042
RS,0.46055,42,42,random,TINYIMAGENET,46,main_b1000_tinyimagenet_alexnet_RS_kp75_seed42,0.75,0.4488,False,0.75,alexnet,0.75,TINYIMAGENET_alexnet_RS_accuracy_kp7500_seed42,42,60000,46,42,accuracy,100042,0.4488,1,2.882854493236542,41.08639805018902,10,2.882854493236542,valid,0.4473580669652966,0.5017773114567516,0.44880000000000003,100042
RS,0.46055,42,42,random,TINYIMAGENET,47,main_b1000_tinyimagenet_alexnet_RS_kp75_seed42,0.75,0.4522,False,0.75,alexnet,0.75,TINYIMAGENET_alexnet_RS_accuracy_kp7500_seed42,42,60000,47,42,accuracy,100042,0.4522,1,2.8468801963806154,41.01588663458824,10,2.8468801963806154,valid,0.4506519301708448,0.5052636479443564,0.4522,100042
RS,0.46055,42,42,random,TINYIMAGENET,48,main_b1000_tinyimagenet_alexnet_RS_kp75_seed42,0.75,0.4501,False,0.75,alexnet,0.75,TINYIMAGENET_alexnet_RS_accuracy_kp7500_seed42,42,60000,48,42,accuracy,100042,0.4501,1,2.8693499651908874,41.042290672659874,10,2.8693499651908874,valid,0.4489438294489975,0.4998544911354714,0.45010000000000006,100042
RS,0.46055,42,42,random,TINYIMAGENET,49,main_b1000_tinyimagenet_alexnet_RS_kp75_seed42,0.75,0.4549,False,0.75,alexnet,0.75,TINYIMAGENET_alexnet_RS_accuracy_kp7500_seed42,42,60000,49,42,accuracy,100042,0.4549,1,2.8181952003002166,41.06654568016529,10,2.8181952003002166,valid,0.4548308120637488,0.5028159686881825,0.45489999999999997,100042
RS,0.46055,42,42,random,TINYIMAGENET,50,main_b1000_tinyimagenet_alexnet_RS_kp75_seed42,0.75,0.4478,False,0.75,alexnet,0.75,TINYIMAGENET_alexnet_RS_accuracy_kp7500_seed42,42,60000,50,42,accuracy,100042,0.4478,1,2.8651943167209626,41.26445011794567,10,2.8651943167209626,valid,0.4505207611731084,0.5090774942637379,0.44780000000000003,100042
RS,0.46055,42,42,random,TINYIMAGENET,51,main_b1000_tinyimagenet_alexnet_RS_kp75_seed42,0.75,0.4523,False,0.75,alexnet,0.75,TINYIMAGENET_alexnet_RS_accuracy_kp7500_seed42,42,60000,51,42,accuracy,100042,0.4523,1,2.839382851791382,41.127002365887165,10,2.839382851791382,valid,0.44946563173399484,0.5068105560207202,0.45230000000000004,100042
RS,0.46055,42,42,random,TINYIMAGENET,52,main_b1000_tinyimagenet_alexnet_RS_kp75_seed42,0.75,0.45385,False,0.75,alexnet,0.75,TINYIMAGENET_alexnet_RS_accuracy_kp7500_seed42,42,60000,52,42,accuracy,100042,0.45385,1,2.839670448637009,41.17559764534235,10,2.839670448637009,valid,0.45218630606155763,0.5139071407196334,0.45385000000000003,100042
RS,0.46055,42,42,random,TINYIMAGENET,53,main_b1000_tinyimagenet_alexnet_RS_kp75_seed42,0.75,0.44835,False,0.75,alexnet,0.75,TINYIMAGENET_alexnet_RS_accuracy_kp7500_seed42,42,60000,53,42,accuracy,100042,0.44835,1,2.843570189523697,41.03831150382757,10,2.843570189523697,valid,0.44709213984121166,0.5050914012042546,0.44835,100042
RS,0.46055,42,42,random,TINYIMAGENET,54,main_b1000_tinyimagenet_alexnet_RS_kp75_seed42,0.75,0.4495,False,0.75,alexnet,0.75,TINYIMAGENET_alexnet_RS_accuracy_kp7500_seed42,42,60000,54,42,accuracy,100042,0.4495,1,2.863867672204971,41.02121379971504,10,2.863867672204971,valid,0.4497452957014147,0.5068449529453157,0.4495,100042
RS,0.46055,42,42,random,TINYIMAGENET,55,main_b1000_tinyimagenet_alexnet_RS_kp75_seed42,0.75,0.4534,False,0.75,alexnet,0.75,TINYIMAGENET_alexnet_RS_accuracy_kp7500_seed42,42,60000,55,42,accuracy,100042,0.4534,1,2.831020176041126,41.22178279608488,10,2.831020176041126,valid,0.4538268462041022,0.509127106870555,0.4534,100042
RS,0.46055,42,42,random,TINYIMAGENET,56,main_b1000_tinyimagenet_alexnet_RS_kp75_seed42,0.75,0.4457,False,0.75,alexnet,0.75,TINYIMAGENET_alexnet_RS_accuracy_kp7500_seed42,42,60000,56,42,accuracy,100042,0.4457,1,2.9276704605579376,41.259834721684456,10,2.9276704605579376,valid,0.4456826770740146,0.5203985935284533,0.4457,100042
RS,0.46055,42,42,random,TINYIMAGENET,57,main_b1000_tinyimagenet_alexnet_RS_kp75_seed42,0.75,0.45455,False,0.75,alexnet,0.75,TINYIMAGENET_alexnet_RS_accuracy_kp7500_seed42,42,60000,57,42,accuracy,100042,0.45455,1,2.8410271240234377,41.17381329834461,10,2.8410271240234377,valid,0.45646203521919004,0.5157781633498171,0.45455,100042
RS,0.46055,42,42,random,TINYIMAGENET,58,main_b1000_tinyimagenet_alexnet_RS_kp75_seed42,0.75,0.4492,False,0.75,alexnet,0.75,TINYIMAGENET_alexnet_RS_accuracy_kp7500_seed42,42,60000,58,42,accuracy,100042,0.4492,1,2.858342170095444,41.10270297527313,10,2.858342170095444,valid,0.451020783977747,0.5103853596336545,0.44920000000000004,100042
RS,0.46055,42,42,random,TINYIMAGENET,59,main_b1000_tinyimagenet_alexnet_RS_kp75_seed42,0.75,0.4524,False,0.75,alexnet,0.75,TINYIMAGENET_alexnet_RS_accuracy_kp7500_seed42,42,60000,59,42,accuracy,100042,0.4524,1,2.8807002953052523,41.05148036032915,10,2.8807002953052523,valid,0.45042676335341797,0.5157123952037607,0.45239999999999997,100042
RS,0.46055,42,42,random,TINYIMAGENET,60,main_b1000_tinyimagenet_alexnet_RS_kp75_seed42,0.75,0.44335,False,0.75,alexnet,0.75,TINYIMAGENET_alexnet_RS_accuracy_kp7500_seed42,42,60000,60,42,accuracy,100042,0.44335,1,2.9145162008285523,41.357120491564274,10,2.9145162008285523,valid,0.44111617297339356,0.506080881759825,0.44335,100042
RS,0.46055,42,42,random,TINYIMAGENET,61,main_b1000_tinyimagenet_alexnet_RS_kp75_seed42,0.75,0.4497,False,0.75,alexnet,0.75,TINYIMAGENET_alexnet_RS_accuracy_kp7500_seed42,42,60000,61,42,accuracy,100042,0.4497,1,2.891472606420517,41.13223589211702,10,2.891472606420517,valid,0.45015711575699385,0.5128660320636252,0.44970000000000004,100042
RS,0.46055,42,42,random,TINYIMAGENET,62,main_b1000_tinyimagenet_alexnet_RS_kp75_seed42,0.75,0.4445,False,0.75,alexnet,0.75,TINYIMAGENET_alexnet_RS_accuracy_kp7500_seed42,42,60000,62,42,accuracy,100042,0.4445,1,2.843284484577179,40.99619657546282,10,2.843284484577179,valid,0.44466071959754955,0.5071317319001827,0.4445,100042
RS,0.46055,42,42,random,TINYIMAGENET,63,main_b1000_tinyimagenet_alexnet_RS_kp75_seed42,0.75,0.4482,False,0.75,alexnet,0.75,TINYIMAGENET_alexnet_RS_accuracy_kp7500_seed42,42,60000,63,42,accuracy,100042,0.4482,1,2.8434681696414947,41.174645610153675,10,2.8434681696414947,valid,0.4478826344296303,0.5033977294043837,0.4482,100042
RS,0.46055,42,42,random,TINYIMAGENET,64,main_b1000_tinyimagenet_alexnet_RS_kp75_seed42,0.75,0.4448,False,0.75,alexnet,0.75,TINYIMAGENET_alexnet_RS_accuracy_kp7500_seed42,42,60000,64,42,accuracy,100042,0.4448,1,2.8998430532932282,41.30639513581991,10,2.8998430532932282,valid,0.446487180199977,0.5156644125097164,0.4448,100042
RS,0.46055,42,42,random,TINYIMAGENET,65,main_b1000_tinyimagenet_alexnet_RS_kp75_seed42,0.75,0.44685,False,0.75,alexnet,0.75,TINYIMAGENET_alexnet_RS_accuracy_kp7500_seed42,42,60000,65,42,accuracy,100042,0.44685,1,2.908526783132553,41.140522345900536,10,2.908526783132553,valid,0.45029141921581,0.5163555822706095,0.44685,100042
RS,0.46055,42,42,random,TINYIMAGENET,66,main_b1000_tinyimagenet_alexnet_RS_kp75_seed42,0.75,0.45035,False,0.75,alexnet,0.75,TINYIMAGENET_alexnet_RS_accuracy_kp7500_seed42,42,60000,66,42,accuracy,100042,0.45035,1,2.8649780261993407,41.11897125840187,10,2.8649780261993407,valid,0.4521819241714599,0.515674351399785,0.45035,100042
RS,0.46055,42,42,random,TINYIMAGENET,67,main_b1000_tinyimagenet_alexnet_RS_kp75_seed42,0.75,0.4504,False,0.75,alexnet,0.75,TINYIMAGENET_alexnet_RS_accuracy_kp7500_seed42,42,60000,67,42,accuracy,100042,0.4504,1,2.8806314480781556,41.777354680001736,10,2.8806314480781556,valid,0.448555885688647,0.5122000820531102,0.4504000000000001,100042
RS,0.46055,42,42,random,TINYIMAGENET,68,main_b1000_tinyimagenet_alexnet_RS_kp75_seed42,0.75,0.453,False,0.75,alexnet,0.75,TINYIMAGENET_alexnet_RS_accuracy_kp7500_seed42,42,60000,68,42,accuracy,100042,0.453,1,2.854609077692032,41.46275255084038,10,2.854609077692032,valid,0.4493355761153741,0.510201510413402,0.45299999999999996,100042
RS,0.46055,42,42,random,TINYIMAGENET,69,main_b1000_tinyimagenet_alexnet_RS_kp75_seed42,0.75,0.45195,False,0.75,alexnet,0.75,TINYIMAGENET_alexnet_RS_accuracy_kp7500_seed42,42,60000,69,42,accuracy,100042,0.45195,1,2.835518562030792,41.12993969023228,10,2.835518562030792,valid,0.4474838402186617,0.49981041036347007,0.45195,100042
RS,0.46055,42,42,random,TINYIMAGENET,70,main_b1000_tinyimagenet_alexnet_RS_kp75_seed42,0.75,0.4434,False,0.75,alexnet,0.75,TINYIMAGENET_alexnet_RS_accuracy_kp7500_seed42,42,60000,70,42,accuracy,100042,0.4434,1,2.8926058443307876,41.17994310706854,10,2.8926058443307876,valid,0.44159741626728943,0.5059276994971653,0.4434,100042
RS,0.46055,42,42,random,TINYIMAGENET,71,main_b1000_tinyimagenet_alexnet_RS_kp75_seed42,0.75,0.45415,False,0.75,alexnet,0.75,TINYIMAGENET_alexnet_RS_accuracy_kp7500_seed42,42,60000,71,42,accuracy,100042,0.45415,1,2.8538473251342773,41.28502543270588,10,2.8538473251342773,valid,0.45234687268014684,0.5072262674712579,0.45415,100042
RS,0.46055,42,42,random,TINYIMAGENET,72,main_b1000_tinyimagenet_alexnet_RS_kp75_seed42,0.75,0.45035,False,0.75,alexnet,0.75,TINYIMAGENET_alexnet_RS_accuracy_kp7500_seed42,42,60000,72,42,accuracy,100042,0.45035,1,2.870803337287903,41.34270080924034,10,2.870803337287903,valid,0.45165997922966816,0.513301053861547,0.45035,100042
RS,0.46055,42,42,random,TINYIMAGENET,73,main_b1000_tinyimagenet_alexnet_RS_kp75_seed42,0.75,0.4505,False,0.75,alexnet,0.75,TINYIMAGENET_alexnet_RS_accuracy_kp7500_seed42,42,60000,73,42,accuracy,100042,0.4505,1,2.8810776618480682,41.09821759164333,10,2.8810776618480682,valid,0.44925780599005466,0.5130363794452976,0.45049999999999996,100042
RS,0.46055,42,42,random,TINYIMAGENET,74,main_b1000_tinyimagenet_alexnet_RS_kp75_seed42,0.75,0.4542,False,0.75,alexnet,0.75,TINYIMAGENET_alexnet_RS_accuracy_kp7500_seed42,42,60000,74,42,accuracy,100042,0.4542,1,2.851495711803436,41.21119021624327,10,2.851495711803436,valid,0.4584082450048737,0.5161360831925066,0.4542,100042
RS,0.46055,42,42,random,TINYIMAGENET,75,main_b1000_tinyimagenet_alexnet_RS_kp75_seed42,0.75,0.44435,False,0.75,alexnet,0.75,TINYIMAGENET_alexnet_RS_accuracy_kp7500_seed42,42,60000,75,42,accuracy,100042,0.44435,1,2.8936995312929152,41.43169046938419,10,2.8936995312929152,valid,0.4429241918874267,0.5044534696068547,0.44435,100042
RS,0.46055,42,42,random,TINYIMAGENET,76,main_b1000_tinyimagenet_alexnet_RS_kp75_seed42,0.75,0.4455,False,0.75,alexnet,0.75,TINYIMAGENET_alexnet_RS_accuracy_kp7500_seed42,42,60000,76,42,accuracy,100042,0.4455,1,2.8572514078617095,41.59167578816414,10,2.8572514078617095,valid,0.44744580514060694,0.5048535041967273,0.44549999999999995,100042
RS,0.46055,42,42,random,TINYIMAGENET,77,main_b1000_tinyimagenet_alexnet_RS_kp75_seed42,0.75,0.45045,False,0.75,alexnet,0.75,TINYIMAGENET_alexnet_RS_accuracy_kp7500_seed42,42,60000,77,42,accuracy,100042,0.45045,1,2.8901926427841187,41.32490259408951,10,2.8901926427841187,valid,0.451503862832366,0.5131041819964346,0.45045,100042
RS,0.46055,42,42,random,TINYIMAGENET,78,main_b1000_tinyimagenet_alexnet_RS_kp75_seed42,0.75,0.4519,False,0.75,alexnet,0.75,TINYIMAGENET_alexnet_RS_accuracy_kp7500_seed42,42,60000,78,42,accuracy,100042,0.4519,1,2.857957801914215,41.20063392817974,10,2.857957801914215,valid,0.44911107550028034,0.5055183821624201,0.45189999999999997,100042
RS,0.46055,42,42,random,TINYIMAGENET,79,main_b1000_tinyimagenet_alexnet_RS_kp75_seed42,0.75,0.4478,False,0.75,alexnet,0.75,TINYIMAGENET_alexnet_RS_accuracy_kp7500_seed42,42,60000,79,42,accuracy,100042,0.4478,1,2.8736447536945344,41.30888756364584,10,2.8736447536945344,valid,0.4451747393553096,0.5068829561904787,0.44780000000000003,100042
RS,0.46055,42,42,random,TINYIMAGENET,80,main_b1000_tinyimagenet_alexnet_RS_kp75_seed42,0.75,0.4449,False,0.75,alexnet,0.75,TINYIMAGENET_alexnet_RS_accuracy_kp7500_seed42,42,60000,80,42,accuracy,100042,0.4449,1,2.8917588893890382,41.86652175337076,10,2.8917588893890382,valid,0.4437722248347773,0.5083567962049549,0.4449,100042
RS,0.46055,42,42,random,TINYIMAGENET,81,main_b1000_tinyimagenet_alexnet_RS_kp75_seed42,0.75,0.4505,False,0.75,alexnet,0.75,TINYIMAGENET_alexnet_RS_accuracy_kp7500_seed42,42,60000,81,42,accuracy,100042,0.4505,1,2.8647329083919524,41.20274359732866,10,2.8647329083919524,valid,0.45018725951596417,0.5042455908165253,0.45050000000000007,100042
RS,0.46055,42,42,random,TINYIMAGENET,82,main_b1000_tinyimagenet_alexnet_RS_kp75_seed42,0.75,0.45245,False,0.75,alexnet,0.75,TINYIMAGENET_alexnet_RS_accuracy_kp7500_seed42,42,60000,82,42,accuracy,100042,0.45245,1,2.844176453638077,41.326526053249836,10,2.844176453638077,valid,0.4528364998227002,0.5111912262017176,0.45245,100042
RS,0.46055,42,42,random,TINYIMAGENET,83,main_b1000_tinyimagenet_alexnet_RS_kp75_seed42,0.75,0.4461,False,0.75,alexnet,0.75,TINYIMAGENET_alexnet_RS_accuracy_kp7500_seed42,42,60000,83,42,accuracy,100042,0.4461,1,2.889457850408554,41.546587362885475,10,2.889457850408554,valid,0.4468811872293148,0.5078724193984405,0.4461,100042
RS,0.46055,42,42,random,TINYIMAGENET,84,main_b1000_tinyimagenet_alexnet_RS_kp75_seed42,0.75,0.4527,False,0.75,alexnet,0.75,TINYIMAGENET_alexnet_RS_accuracy_kp7500_seed42,42,60000,84,42,accuracy,100042,0.4527,1,2.863056335735321,41.459471717476845,10,2.863056335735321,valid,0.4503292221400345,0.5103467807677425,0.45269999999999994,100042
RS,0.46055,42,42,random,TINYIMAGENET,85,main_b1000_tinyimagenet_alexnet_RS_kp75_seed42,0.75,0.45185,False,0.75,alexnet,0.75,TINYIMAGENET_alexnet_RS_accuracy_kp7500_seed42,42,60000,85,42,accuracy,100042,0.45185,1,2.858032077741623,41.1653646081686,10,2.858032077741623,valid,0.450821271492276,0.514954314078711,0.45185000000000003,100042
RS,0.46055,42,42,random,TINYIMAGENET,86,main_b1000_tinyimagenet_alexnet_RS_kp75_seed42,0.75,0.4528,False,0.75,alexnet,0.75,TINYIMAGENET_alexnet_RS_accuracy_kp7500_seed42,42,60000,86,42,accuracy,100042,0.4528,1,2.8546518407821657,41.35481298714876,10,2.8546518407821657,valid,0.4504986672100979,0.49895000920108484,0.45280000000000004,100042
RS,0.46055,42,42,random,TINYIMAGENET,87,main_b1000_tinyimagenet_alexnet_RS_kp75_seed42,0.75,0.4539,False,0.75,alexnet,0.75,TINYIMAGENET_alexnet_RS_accuracy_kp7500_seed42,42,60000,87,42,accuracy,100042,0.4539,1,2.8181697452545165,41.39676716923714,10,2.8181697452545165,valid,0.45291454758193916,0.5096263484096455,0.4539,100042
RS,0.46055,42,42,random,TINYIMAGENET,88,main_b1000_tinyimagenet_alexnet_RS_kp75_seed42,0.75,0.44605,False,0.75,alexnet,0.75,TINYIMAGENET_alexnet_RS_accuracy_kp7500_seed42,42,60000,88,42,accuracy,100042,0.44605,1,2.8841511193037035,41.39307499676943,10,2.8841511193037035,valid,0.4454001692049918,0.5125424715519415,0.44605000000000006,100042
RS,0.46055,42,42,random,TINYIMAGENET,89,main_b1000_tinyimagenet_alexnet_RS_kp75_seed42,0.75,0.455,False,0.75,alexnet,0.75,TINYIMAGENET_alexnet_RS_accuracy_kp7500_seed42,42,60000,89,42,accuracy,100042,0.455,1,2.8388199961185454,41.2317516207695,10,2.8388199961185454,valid,0.45494377772026356,0.5119398867942548,0.455,100042
RS,0.46055,42,42,random,TINYIMAGENET,90,main_b1000_tinyimagenet_alexnet_RS_kp75_seed42,0.75,0.4424,False,0.75,alexnet,0.75,TINYIMAGENET_alexnet_RS_accuracy_kp7500_seed42,42,60000,90,42,accuracy,100042,0.4424,1,2.9173698595285416,41.53243434429169,10,2.9173698595285416,valid,0.44291165679701605,0.5076023728475789,0.44239999999999996,100042
RS,0.46055,42,42,random,TINYIMAGENET,91,main_b1000_tinyimagenet_alexnet_RS_kp75_seed42,0.75,0.45325,False,0.75,alexnet,0.75,TINYIMAGENET_alexnet_RS_accuracy_kp7500_seed42,42,60000,91,42,accuracy,100042,0.45325,1,2.8599861275315286,41.51196522265673,10,2.8599861275315286,valid,0.449348363539852,0.5052766873210186,0.45325000000000004,100042
RS,0.46055,42,42,random,TINYIMAGENET,92,main_b1000_tinyimagenet_alexnet_RS_kp75_seed42,0.75,0.4516,False,0.75,alexnet,0.75,TINYIMAGENET_alexnet_RS_accuracy_kp7500_seed42,42,60000,92,42,accuracy,100042,0.4516,1,2.8797302755355836,41.60109172016382,10,2.8797302755355836,valid,0.4487719536895958,0.5096739432252044,0.45159999999999995,100042
RS,0.46055,42,42,random,TINYIMAGENET,93,main_b1000_tinyimagenet_alexnet_RS_kp75_seed42,0.75,0.44985,False,0.75,alexnet,0.75,TINYIMAGENET_alexnet_RS_accuracy_kp7500_seed42,42,60000,93,42,accuracy,100042,0.44985,1,2.910194596719742,41.26869101077318,10,2.910194596719742,valid,0.4510284849986773,0.5135210101049901,0.44984999999999997,100042
RS,0.46055,42,42,random,TINYIMAGENET,94,main_b1000_tinyimagenet_alexnet_RS_kp75_seed42,0.75,0.4471,False,0.75,alexnet,0.75,TINYIMAGENET_alexnet_RS_accuracy_kp7500_seed42,42,60000,94,42,accuracy,100042,0.4471,1,2.889017424464226,41.48640475422144,10,2.889017424464226,valid,0.44457972378416694,0.497555805178685,0.4471,100042
RS,0.46055,42,42,random,TINYIMAGENET,95,main_b1000_tinyimagenet_alexnet_RS_kp75_seed42,0.75,0.4496,False,0.75,alexnet,0.75,TINYIMAGENET_alexnet_RS_accuracy_kp7500_seed42,42,60000,95,42,accuracy,100042,0.4496,1,2.8447762333393096,41.62955528497696,10,2.8447762333393096,valid,0.4500629244328466,0.5104698945510034,0.4496,100042
RS,0.46055,42,42,random,TINYIMAGENET,96,main_b1000_tinyimagenet_alexnet_RS_kp75_seed42,0.75,0.44935,False,0.75,alexnet,0.75,TINYIMAGENET_alexnet_RS_accuracy_kp7500_seed42,42,60000,96,42,accuracy,100042,0.44935,1,2.8824895378589632,41.37443973869085,10,2.8824895378589632,valid,0.4488768255127954,0.5128523183655833,0.44935,100042
RS,0.46055,42,42,random,TINYIMAGENET,97,main_b1000_tinyimagenet_alexnet_RS_kp75_seed42,0.75,0.4547,False,0.75,alexnet,0.75,TINYIMAGENET_alexnet_RS_accuracy_kp7500_seed42,42,60000,97,42,accuracy,100042,0.4547,1,2.8165613193511962,41.34141197055578,10,2.8165613193511962,valid,0.45113460875553146,0.5008557384561513,0.4547,100042
RS,0.46055,42,42,random,TINYIMAGENET,98,main_b1000_tinyimagenet_alexnet_RS_kp75_seed42,0.75,0.4518,False,0.75,alexnet,0.75,TINYIMAGENET_alexnet_RS_accuracy_kp7500_seed42,42,60000,98,42,accuracy,100042,0.4518,1,2.796122590637207,41.592500902712345,10,2.796122590637207,valid,0.44991769045041613,0.5010784202970691,0.4518000000000001,100042
RS,0.46055,42,42,random,TINYIMAGENET,99,main_b1000_tinyimagenet_alexnet_RS_kp75_seed42,0.75,0.45515,False,0.75,alexnet,0.75,TINYIMAGENET_alexnet_RS_accuracy_kp7500_seed42,42,60000,99,42,accuracy,100042,0.45515,1,2.845941450214386,41.73890155553818,10,2.845941450214386,valid,0.4508958275395841,0.504222344716229,0.45515,100042
RS,0.46055,42,42,random,TINYIMAGENET,100,main_b1000_tinyimagenet_alexnet_RS_kp75_seed42,0.75,0.44875,False,0.75,alexnet,0.75,TINYIMAGENET_alexnet_RS_accuracy_kp7500_seed42,42,60000,100,42,accuracy,100042,0.44875,1,2.8961390325546263,41.381217159330845,10,2.8961390325546263,valid,0.4493300126066517,0.5109313298911081,0.44875,100042
RS,0.46055,42,42,random,TINYIMAGENET,101,main_b1000_tinyimagenet_alexnet_RS_kp75_seed42,0.75,0.45365,False,0.75,alexnet,0.75,TINYIMAGENET_alexnet_RS_accuracy_kp7500_seed42,42,60000,101,42,accuracy,100042,0.45365,1,2.8447818846702577,41.39631387591362,10,2.8447818846702577,valid,0.45525535474528334,0.5117758523404994,0.45365,100042
RS,0.46055,42,42,random,TINYIMAGENET,102,main_b1000_tinyimagenet_alexnet_RS_kp75_seed42,0.75,0.4458,False,0.75,alexnet,0.75,TINYIMAGENET_alexnet_RS_accuracy_kp7500_seed42,42,60000,102,42,accuracy,100042,0.4458,1,2.8610971771240234,41.569866843521595,10,2.8610971771240234,valid,0.4471204274130444,0.5068686897569025,0.4458,100042
RS,0.46055,42,42,random,TINYIMAGENET,103,main_b1000_tinyimagenet_alexnet_RS_kp75_seed42,0.75,0.4549,False,0.75,alexnet,0.75,TINYIMAGENET_alexnet_RS_accuracy_kp7500_seed42,42,60000,103,42,accuracy,100042,0.4549,1,2.7934566096305846,41.53847139328718,10,2.7934566096305846,valid,0.4543398813273141,0.5081282392666532,0.45489999999999997,100042
RS,0.46055,42,42,random,TINYIMAGENET,104,main_b1000_tinyimagenet_alexnet_RS_kp75_seed42,0.75,0.44725,False,0.75,alexnet,0.75,TINYIMAGENET_alexnet_RS_accuracy_kp7500_seed42,42,60000,104,42,accuracy,100042,0.44725,1,2.872292536354065,41.46620711684227,10,2.872292536354065,valid,0.4471414678121012,0.5018445298385594,0.44725000000000004,100042
RS,0.46055,42,42,random,TINYIMAGENET,105,main_b1000_tinyimagenet_alexnet_RS_kp75_seed42,0.75,0.4495,False,0.75,alexnet,0.75,TINYIMAGENET_alexnet_RS_accuracy_kp7500_seed42,42,60000,105,42,accuracy,100042,0.4495,1,2.867613230729103,41.52580634504557,10,2.867613230729103,valid,0.45445349932913287,0.5176922649656222,0.4495,100042
RS,0.46055,42,42,random,TINYIMAGENET,106,main_b1000_tinyimagenet_alexnet_RS_kp75_seed42,0.75,0.44665,False,0.75,alexnet,0.75,TINYIMAGENET_alexnet_RS_accuracy_kp7500_seed42,42,60000,106,42,accuracy,100042,0.44665,1,2.8456592123031617,41.641835406422615,10,2.8456592123031617,valid,0.4492960255964719,0.5058393095803088,0.44664999999999994,100042
RS,0.46055,42,42,random,TINYIMAGENET,107,main_b1000_tinyimagenet_alexnet_RS_kp75_seed42,0.75,0.4427,False,0.75,alexnet,0.75,TINYIMAGENET_alexnet_RS_accuracy_kp7500_seed42,42,60000,107,42,accuracy,100042,0.4427,1,2.8657653987407685,41.67097278684378,10,2.8657653987407685,valid,0.445066701163979,0.5066691984317739,0.44270000000000004,100042
RS,0.46055,42,42,random,TINYIMAGENET,108,main_b1000_tinyimagenet_alexnet_RS_kp75_seed42,0.75,0.44095,False,0.75,alexnet,0.75,TINYIMAGENET_alexnet_RS_accuracy_kp7500_seed42,42,60000,108,42,accuracy,100042,0.44095,1,2.914758992433548,41.51244048029184,10,2.914758992433548,valid,0.44230897121808277,0.5101990738773915,0.44095,100042
RS,0.46055,42,42,random,TINYIMAGENET,109,main_b1000_tinyimagenet_alexnet_RS_kp75_seed42,0.75,0.4511,False,0.75,alexnet,0.75,TINYIMAGENET_alexnet_RS_accuracy_kp7500_seed42,42,60000,109,42,accuracy,100042,0.4511,1,2.842905525779724,41.46232954412699,10,2.842905525779724,valid,0.4479271292166147,0.5095460636528838,0.45110000000000006,100042
RS,0.46055,42,42,random,TINYIMAGENET,110,main_b1000_tinyimagenet_alexnet_RS_kp75_seed42,0.75,0.44095,False,0.75,alexnet,0.75,TINYIMAGENET_alexnet_RS_accuracy_kp7500_seed42,42,60000,110,42,accuracy,100042,0.44095,1,2.8926969997406005,41.59734157472849,10,2.8926969997406005,valid,0.44187952504373645,0.5090259288741393,0.44095,100042
RS,0.46055,42,42,random,TINYIMAGENET,111,main_b1000_tinyimagenet_alexnet_RS_kp75_seed42,0.75,0.45185,False,0.75,alexnet,0.75,TINYIMAGENET_alexnet_RS_accuracy_kp7500_seed42,42,60000,111,42,accuracy,100042,0.45185,1,2.856733969974518,42.26080563664436,10,2.856733969974518,valid,0.45132704449467204,0.5060320165953033,0.45185000000000003,100042
RS,0.46055,42,42,random,TINYIMAGENET,112,main_b1000_tinyimagenet_alexnet_RS_kp75_seed42,0.75,0.4414,False,0.75,alexnet,0.75,TINYIMAGENET_alexnet_RS_accuracy_kp7500_seed42,42,60000,112,42,accuracy,100042,0.4414,1,2.868198265361786,41.62761586904526,10,2.868198265361786,valid,0.4403979308923496,0.5090779701432033,0.4414,100042
RS,0.46055,42,42,random,TINYIMAGENET,113,main_b1000_tinyimagenet_alexnet_RS_kp75_seed42,0.75,0.4454,False,0.75,alexnet,0.75,TINYIMAGENET_alexnet_RS_accuracy_kp7500_seed42,42,60000,113,42,accuracy,100042,0.4454,1,2.8869952044963836,41.482686802744865,10,2.8869952044963836,valid,0.4466042959025621,0.5060434132278553,0.4454000000000001,100042
RS,0.46055,42,42,random,TINYIMAGENET,114,main_b1000_tinyimagenet_alexnet_RS_kp75_seed42,0.75,0.4442,False,0.75,alexnet,0.75,TINYIMAGENET_alexnet_RS_accuracy_kp7500_seed42,42,60000,114,42,accuracy,100042,0.4442,1,2.8982007345676424,41.52135643362999,10,2.8982007345676424,valid,0.4498798411962234,0.5234118783719047,0.44420000000000004,100042
RS,0.46055,42,42,random,TINYIMAGENET,115,main_b1000_tinyimagenet_alexnet_RS_kp75_seed42,0.75,0.45225,False,0.75,alexnet,0.75,TINYIMAGENET_alexnet_RS_accuracy_kp7500_seed42,42,60000,115,42,accuracy,100042,0.45225,1,2.8634790989398957,41.58925974369049,10,2.8634790989398957,valid,0.4514994777783706,0.5183847293696178,0.45225000000000004,100042
RS,0.46055,42,42,random,TINYIMAGENET,116,main_b1000_tinyimagenet_alexnet_RS_kp75_seed42,0.75,0.4496,False,0.75,alexnet,0.75,TINYIMAGENET_alexnet_RS_accuracy_kp7500_seed42,42,60000,116,42,accuracy,100042,0.4496,1,2.8774588094711304,41.85272414982319,10,2.8774588094711304,valid,0.44868907492606597,0.5116948899433059,0.44959999999999994,100042
RS,0.46055,42,42,random,TINYIMAGENET,117,main_b1000_tinyimagenet_alexnet_RS_kp75_seed42,0.75,0.44495,False,0.75,alexnet,0.75,TINYIMAGENET_alexnet_RS_accuracy_kp7500_seed42,42,60000,117,42,accuracy,100042,0.44495,1,2.899978492498398,41.97660265862942,10,2.899978492498398,valid,0.44742718683664506,0.5182614754995515,0.44495000000000007,100042
RS,0.46055,42,42,random,TINYIMAGENET,118,main_b1000_tinyimagenet_alexnet_RS_kp75_seed42,0.75,0.4529,False,0.75,alexnet,0.75,TINYIMAGENET_alexnet_RS_accuracy_kp7500_seed42,42,60000,118,42,accuracy,100042,0.4529,1,2.8304864734172823,41.42354728281498,10,2.8304864734172823,valid,0.4536580892867924,0.5087797584098446,0.4529000000000001,100042
RS,0.46055,42,42,random,TINYIMAGENET,119,main_b1000_tinyimagenet_alexnet_RS_kp75_seed42,0.75,0.44425,False,0.75,alexnet,0.75,TINYIMAGENET_alexnet_RS_accuracy_kp7500_seed42,42,60000,119,42,accuracy,100042,0.44425,1,2.888044607543945,41.601630598306656,10,2.888044607543945,valid,0.4451589995262928,0.5104350515064173,0.44425,100042
RS,0.46055,42,42,random,TINYIMAGENET,120,main_b1000_tinyimagenet_alexnet_RS_kp75_seed42,0.75,0.44145,False,0.75,alexnet,0.75,TINYIMAGENET_alexnet_RS_accuracy_kp7500_seed42,42,60000,120,42,accuracy,100042,0.44145,1,2.8973169965744017,41.720127783715725,10,2.8973169965744017,valid,0.44049503985667743,0.49928717120055255,0.44145,100042
RS,0.46055,42,42,random,TINYIMAGENET,121,main_b1000_tinyimagenet_alexnet_RS_kp75_seed42,0.75,0.4498,False,0.75,alexnet,0.75,TINYIMAGENET_alexnet_RS_accuracy_kp7500_seed42,42,60000,121,42,accuracy,100042,0.4498,1,2.8865123104572294,41.48218757659197,10,2.8865123104572294,valid,0.4478382419764084,0.5087400731066798,0.44980000000000003,100042
RS,0.46055,42,42,random,TINYIMAGENET,122,main_b1000_tinyimagenet_alexnet_RS_kp75_seed42,0.75,0.44915,False,0.75,alexnet,0.75,TINYIMAGENET_alexnet_RS_accuracy_kp7500_seed42,42,60000,122,42,accuracy,100042,0.44915,1,2.835308556175232,41.54333898425102,10,2.835308556175232,valid,0.44714644200681797,0.5049945408922689,0.44915,100042
RS,0.46055,42,42,random,TINYIMAGENET,123,main_b1000_tinyimagenet_alexnet_RS_kp75_seed42,0.75,0.45155,False,0.75,alexnet,0.75,TINYIMAGENET_alexnet_RS_accuracy_kp7500_seed42,42,60000,123,42,accuracy,100042,0.45155,1,2.8415415820121765,41.92561477422714,10,2.8415415820121765,valid,0.45217648504387725,0.5099756110414211,0.45155,100042
RS,0.46055,42,42,random,TINYIMAGENET,124,main_b1000_tinyimagenet_alexnet_RS_kp75_seed42,0.75,0.4546,False,0.75,alexnet,0.75,TINYIMAGENET_alexnet_RS_accuracy_kp7500_seed42,42,60000,124,42,accuracy,100042,0.4546,1,2.8126534991502763,41.74420800060034,10,2.8126534991502763,valid,0.4489720243004081,0.5013434268488872,0.4546,100042
RS,0.46055,42,42,random,TINYIMAGENET,125,main_b1000_tinyimagenet_alexnet_RS_kp75_seed42,0.75,0.4526,False,0.75,alexnet,0.75,TINYIMAGENET_alexnet_RS_accuracy_kp7500_seed42,42,60000,125,42,accuracy,100042,0.4526,1,2.838165912103653,41.40715955942869,10,2.838165912103653,valid,0.4543581866685604,0.513059805113032,0.4526,100042
RS,0.46055,42,42,random,TINYIMAGENET,126,main_b1000_tinyimagenet_alexnet_RS_kp75_seed42,0.75,0.4458,False,0.75,alexnet,0.75,TINYIMAGENET_alexnet_RS_accuracy_kp7500_seed42,42,60000,126,42,accuracy,100042,0.4458,1,2.8785166878700257,41.68716682493687,10,2.8785166878700257,valid,0.4451899842433541,0.4962204512983341,0.4458,100042
RS,0.46055,42,42,random,TINYIMAGENET,127,main_b1000_tinyimagenet_alexnet_RS_kp75_seed42,0.75,0.44595,False,0.75,alexnet,0.75,TINYIMAGENET_alexnet_RS_accuracy_kp7500_seed42,42,60000,127,42,accuracy,100042,0.44595,1,2.8770531866073608,41.78449755162001,10,2.8770531866073608,valid,0.44635727506863143,0.5129418423488095,0.44595,100042
RS,0.46055,42,42,random,TINYIMAGENET,128,main_b1000_tinyimagenet_alexnet_RS_kp75_seed42,0.75,0.45475,False,0.75,alexnet,0.75,TINYIMAGENET_alexnet_RS_accuracy_kp7500_seed42,42,60000,128,42,accuracy,100042,0.45475,1,2.84193680100441,41.65621501207352,10,2.84193680100441,valid,0.45378062423102705,0.5098495043876163,0.45474999999999993,100042
RS,0.46055,42,42,random,TINYIMAGENET,129,main_b1000_tinyimagenet_alexnet_RS_kp75_seed42,0.75,0.4547,False,0.75,alexnet,0.75,TINYIMAGENET_alexnet_RS_accuracy_kp7500_seed42,42,60000,129,42,accuracy,100042,0.4547,1,2.8206585748195647,41.59169244021177,10,2.8206585748195647,valid,0.45409084640608627,0.5070522569265795,0.4547,100042
RS,0.46055,42,42,random,TINYIMAGENET,130,main_b1000_tinyimagenet_alexnet_RS_kp75_seed42,0.75,0.44345,False,0.75,alexnet,0.75,TINYIMAGENET_alexnet_RS_accuracy_kp7500_seed42,42,60000,130,42,accuracy,100042,0.44345,1,2.907559117555618,41.644721031188965,10,2.907559117555618,valid,0.4391454531560724,0.502063625248754,0.44345,100042
RS,0.46055,42,42,random,TINYIMAGENET,131,main_b1000_tinyimagenet_alexnet_RS_kp75_seed42,0.75,0.4531,False,0.75,alexnet,0.75,TINYIMAGENET_alexnet_RS_accuracy_kp7500_seed42,42,60000,131,42,accuracy,100042,0.4531,1,2.83935208735466,41.905028611421585,10,2.83935208735466,valid,0.45794211010194064,0.5175593024059816,0.4531,100042
RS,0.46055,42,42,random,TINYIMAGENET,132,main_b1000_tinyimagenet_alexnet_RS_kp75_seed42,0.75,0.45195,False,0.75,alexnet,0.75,TINYIMAGENET_alexnet_RS_accuracy_kp7500_seed42,42,60000,132,42,accuracy,100042,0.45195,1,2.844660792064667,41.66497091948986,10,2.844660792064667,valid,0.45404448041807377,0.5086312985114874,0.45195,100042
RS,0.46055,42,42,random,TINYIMAGENET,133,main_b1000_tinyimagenet_alexnet_RS_kp75_seed42,0.75,0.4527,False,0.75,alexnet,0.75,TINYIMAGENET_alexnet_RS_accuracy_kp7500_seed42,42,60000,133,42,accuracy,100042,0.4527,1,2.843877377796173,41.50749745219946,10,2.843877377796173,valid,0.4512149082687121,0.509574033493828,0.45269999999999994,100042
RS,0.46055,42,42,random,TINYIMAGENET,134,main_b1000_tinyimagenet_alexnet_RS_kp75_seed42,0.75,0.44985,False,0.75,alexnet,0.75,TINYIMAGENET_alexnet_RS_accuracy_kp7500_seed42,42,60000,134,42,accuracy,100042,0.44985,1,2.8569224059581755,41.84714940190315,10,2.8569224059581755,valid,0.44680636834683796,0.5078121571407351,0.44984999999999997,100042
RS,0.46055,42,42,random,TINYIMAGENET,135,main_b1000_tinyimagenet_alexnet_RS_kp75_seed42,0.75,0.4522,False,0.75,alexnet,0.75,TINYIMAGENET_alexnet_RS_accuracy_kp7500_seed42,42,60000,135,42,accuracy,100042,0.4522,1,2.8553763202667235,41.74620422720909,10,2.8553763202667235,valid,0.45287258094166466,0.509659044685368,0.4522,100042
RS,0.46055,42,42,random,TINYIMAGENET,136,main_b1000_tinyimagenet_alexnet_RS_kp75_seed42,0.75,0.4502,False,0.75,alexnet,0.75,TINYIMAGENET_alexnet_RS_accuracy_kp7500_seed42,42,60000,136,42,accuracy,100042,0.4502,1,2.869509669113159,41.47856855392456,10,2.869509669113159,valid,0.4468701316112382,0.5062507065188897,0.45019999999999993,100042
RS,0.46055,42,42,random,TINYIMAGENET,137,main_b1000_tinyimagenet_alexnet_RS_kp75_seed42,0.75,0.4456,False,0.75,alexnet,0.75,TINYIMAGENET_alexnet_RS_accuracy_kp7500_seed42,42,60000,137,42,accuracy,100042,0.4456,1,2.895203054380417,41.740670166909695,10,2.895203054380417,valid,0.44387755350989155,0.5050318633616956,0.4456,100042
RS,0.46055,42,42,random,TINYIMAGENET,138,main_b1000_tinyimagenet_alexnet_RS_kp75_seed42,0.75,0.45855,False,0.75,alexnet,0.75,TINYIMAGENET_alexnet_RS_accuracy_kp7500_seed42,42,60000,138,42,accuracy,100042,0.45855,1,2.809763472890854,42.05618359148502,10,2.809763472890854,valid,0.4578182145833003,0.5077870332409983,0.45855,100042
RS,0.46055,42,42,random,TINYIMAGENET,139,main_b1000_tinyimagenet_alexnet_RS_kp75_seed42,0.75,0.45505,False,0.75,alexnet,0.75,TINYIMAGENET_alexnet_RS_accuracy_kp7500_seed42,42,60000,139,42,accuracy,100042,0.45505,1,2.810715609121323,41.810484297573566,10,2.810715609121323,valid,0.4531947003074688,0.5063487748697415,0.45505,100042
RS,0.46055,42,42,random,TINYIMAGENET,140,main_b1000_tinyimagenet_alexnet_RS_kp75_seed42,0.75,0.44855,False,0.75,alexnet,0.75,TINYIMAGENET_alexnet_RS_accuracy_kp7500_seed42,42,60000,140,42,accuracy,100042,0.44855,1,2.8525251689910887,41.51077277213335,10,2.8525251689910887,valid,0.4485375743845589,0.5078668871434809,0.44855000000000006,100042
RS,0.46055,42,42,random,TINYIMAGENET,141,main_b1000_tinyimagenet_alexnet_RS_kp75_seed42,0.75,0.45125,False,0.75,alexnet,0.75,TINYIMAGENET_alexnet_RS_accuracy_kp7500_seed42,42,60000,141,42,accuracy,100042,0.45125,1,2.8794493713855744,41.88618574291468,10,2.8794493713855744,valid,0.44815453530962235,0.5081582595926883,0.45125,100042
RS,0.46055,42,42,random,TINYIMAGENET,142,main_b1000_tinyimagenet_alexnet_RS_kp75_seed42,0.75,0.4459,False,0.75,alexnet,0.75,TINYIMAGENET_alexnet_RS_accuracy_kp7500_seed42,42,60000,142,42,accuracy,100042,0.4459,1,2.9275488021850586,42.0243032425642,10,2.9275488021850586,valid,0.44338433041293185,0.5123670748568323,0.44589999999999996,100042
RS,0.46055,42,42,random,TINYIMAGENET,143,main_b1000_tinyimagenet_alexnet_RS_kp75_seed42,0.75,0.4499,False,0.75,alexnet,0.75,TINYIMAGENET_alexnet_RS_accuracy_kp7500_seed42,42,60000,143,42,accuracy,100042,0.4499,1,2.8730761942863463,41.655722446739674,10,2.8730761942863463,valid,0.4518970145616513,0.5109593471977537,0.4499,100042
RS,0.46055,42,42,random,TINYIMAGENET,144,main_b1000_tinyimagenet_alexnet_RS_kp75_seed42,0.75,0.45265,False,0.75,alexnet,0.75,TINYIMAGENET_alexnet_RS_accuracy_kp7500_seed42,42,60000,144,42,accuracy,100042,0.45265,1,2.8232431955337525,41.634092167019844,10,2.8232431955337525,valid,0.45081991033595625,0.5055875262792202,0.45265,100042
RS,0.46055,42,42,random,TINYIMAGENET,145,main_b1000_tinyimagenet_alexnet_RS_kp75_seed42,0.75,0.4462,False,0.75,alexnet,0.75,TINYIMAGENET_alexnet_RS_accuracy_kp7500_seed42,42,60000,145,42,accuracy,100042,0.4462,1,2.872748111343384,41.86651634424925,10,2.872748111343384,valid,0.44617585866713083,0.5041689736429416,0.44620000000000004,100042
RS,0.46055,42,42,random,TINYIMAGENET,146,main_b1000_tinyimagenet_alexnet_RS_kp75_seed42,0.75,0.4437,False,0.75,alexnet,0.75,TINYIMAGENET_alexnet_RS_accuracy_kp7500_seed42,42,60000,146,42,accuracy,100042,0.4437,1,2.9131802852630617,42.0008806809783,10,2.9131802852630617,valid,0.444547341824892,0.5128992264271599,0.4437,100042
RS,0.46055,42,42,random,TINYIMAGENET,147,main_b1000_tinyimagenet_alexnet_RS_kp75_seed42,0.75,0.44995,False,0.75,alexnet,0.75,TINYIMAGENET_alexnet_RS_accuracy_kp7500_seed42,42,60000,147,42,accuracy,100042,0.44995,1,2.8330485307693483,41.59164755046368,10,2.8330485307693483,valid,0.44733258756665456,0.4980792189019415,0.44994999999999996,100042
RS,0.46055,42,42,random,TINYIMAGENET,148,main_b1000_tinyimagenet_alexnet_RS_kp75_seed42,0.75,0.44905,False,0.75,alexnet,0.75,TINYIMAGENET_alexnet_RS_accuracy_kp7500_seed42,42,60000,148,42,accuracy,100042,0.44905,1,2.8805445906639098,41.84907563775778,10,2.8805445906639098,valid,0.445660511524207,0.508468528839225,0.44905,100042
RS,0.46055,42,42,random,TINYIMAGENET,149,main_b1000_tinyimagenet_alexnet_RS_kp75_seed42,0.75,0.45065,False,0.75,alexnet,0.75,TINYIMAGENET_alexnet_RS_accuracy_kp7500_seed42,42,60000,149,42,accuracy,100042,0.45065,1,2.857086216878891,41.974582605063915,10,2.857086216878891,valid,0.4516744726322003,0.5095936801723976,0.45065000000000005,100042
RS,0.46055,42,42,random,TINYIMAGENET,150,main_b1000_tinyimagenet_alexnet_RS_kp75_seed42,0.75,0.44405,False,0.75,alexnet,0.75,TINYIMAGENET_alexnet_RS_accuracy_kp7500_seed42,42,60000,150,42,accuracy,100042,0.44405,1,2.8923736825466158,41.899093724787235,10,2.8923736825466158,valid,0.44549339344889366,0.5110309525775948,0.44405,100042
RS,0.46055,42,42,random,TINYIMAGENET,151,main_b1000_tinyimagenet_alexnet_RS_kp75_seed42,0.75,0.45395,False,0.75,alexnet,0.75,TINYIMAGENET_alexnet_RS_accuracy_kp7500_seed42,42,60000,151,42,accuracy,100042,0.45395,1,2.82732521944046,41.73415847122669,10,2.82732521944046,valid,0.45314380914367225,0.5030288419594483,0.45394999999999996,100042
RS,0.46055,42,42,random,TINYIMAGENET,152,main_b1000_tinyimagenet_alexnet_RS_kp75_seed42,0.75,0.4502,False,0.75,alexnet,0.75,TINYIMAGENET_alexnet_RS_accuracy_kp7500_seed42,42,60000,152,42,accuracy,100042,0.4502,1,2.8504613975048065,41.918195590376854,10,2.8504613975048065,valid,0.45158852776889835,0.5107400068548742,0.45019999999999993,100042
RS,0.46055,42,42,random,TINYIMAGENET,153,main_b1000_tinyimagenet_alexnet_RS_kp75_seed42,0.75,0.4535,False,0.75,alexnet,0.75,TINYIMAGENET_alexnet_RS_accuracy_kp7500_seed42,42,60000,153,42,accuracy,100042,0.4535,1,2.800939690065384,42.05467254668474,10,2.800939690065384,valid,0.45176073447523224,0.49841635031672993,0.45349999999999996,100042
RS,0.46055,42,42,random,TINYIMAGENET,154,main_b1000_tinyimagenet_alexnet_RS_kp75_seed42,0.75,0.4423,False,0.75,alexnet,0.75,TINYIMAGENET_alexnet_RS_accuracy_kp7500_seed42,42,60000,154,42,accuracy,100042,0.4423,1,2.8985673263072966,41.95218087732792,10,2.8985673263072966,valid,0.44463469111753556,0.514338863687854,0.4423,100042
RS,0.46055,42,42,random,TINYIMAGENET,155,main_b1000_tinyimagenet_alexnet_RS_kp75_seed42,0.75,0.4412,False,0.75,alexnet,0.75,TINYIMAGENET_alexnet_RS_accuracy_kp7500_seed42,42,60000,155,42,accuracy,100042,0.4412,1,2.9069336211681365,41.85716003924608,10,2.9069336211681365,valid,0.4416448187486909,0.49772981501570995,0.4412,100042
RS,0.46055,42,42,random,TINYIMAGENET,156,main_b1000_tinyimagenet_alexnet_RS_kp75_seed42,0.75,0.44525,False,0.75,alexnet,0.75,TINYIMAGENET_alexnet_RS_accuracy_kp7500_seed42,42,60000,156,42,accuracy,100042,0.44525,1,2.885781132555008,41.8727770075202,10,2.885781132555008,valid,0.44498844286661493,0.5113079061350382,0.44525000000000003,100042
RS,0.46055,42,42,random,TINYIMAGENET,157,main_b1000_tinyimagenet_alexnet_RS_kp75_seed42,0.75,0.4461,False,0.75,alexnet,0.75,TINYIMAGENET_alexnet_RS_accuracy_kp7500_seed42,42,60000,157,42,accuracy,100042,0.4461,1,2.947740838575363,42.122296899557114,10,2.947740838575363,valid,0.4494932449374598,0.5186296123638104,0.4461,100042
RS,0.46055,42,42,random,TINYIMAGENET,158,main_b1000_tinyimagenet_alexnet_RS_kp75_seed42,0.75,0.4459,False,0.75,alexnet,0.75,TINYIMAGENET_alexnet_RS_accuracy_kp7500_seed42,42,60000,158,42,accuracy,100042,0.4459,1,2.8779441403388977,42.09332952648401,10,2.8779441403388977,valid,0.4455583094103261,0.5053143638181641,0.4459,100042
RS,0.46055,42,42,random,TINYIMAGENET,159,main_b1000_tinyimagenet_alexnet_RS_kp75_seed42,0.75,0.4496,False,0.75,alexnet,0.75,TINYIMAGENET_alexnet_RS_accuracy_kp7500_seed42,42,60000,159,42,accuracy,100042,0.4496,1,2.841647081422806,41.60911159962416,10,2.841647081422806,valid,0.44902082189335535,0.5064421976604186,0.4496,100042
RS,0.46055,42,42,random,TINYIMAGENET,160,main_b1000_tinyimagenet_alexnet_RS_kp75_seed42,0.75,0.44305,False,0.75,alexnet,0.75,TINYIMAGENET_alexnet_RS_accuracy_kp7500_seed42,42,60000,160,42,accuracy,100042,0.44305,1,2.8743663499832155,41.84906707704067,10,2.8743663499832155,valid,0.444122910946175,0.506739197577097,0.44305000000000005,100042
RS,0.46055,42,42,random,TINYIMAGENET,161,main_b1000_tinyimagenet_alexnet_RS_kp75_seed42,0.75,0.4534,False,0.75,alexnet,0.75,TINYIMAGENET_alexnet_RS_accuracy_kp7500_seed42,42,60000,161,42,accuracy,100042,0.4534,1,2.84325000436306,42.040348656475544,10,2.84325000436306,valid,0.4535300658167595,0.5118362566619992,0.4534,100042
RS,0.46055,42,42,random,TINYIMAGENET,162,main_b1000_tinyimagenet_alexnet_RS_kp75_seed42,0.75,0.4412,False,0.75,alexnet,0.75,TINYIMAGENET_alexnet_RS_accuracy_kp7500_seed42,42,60000,162,42,accuracy,100042,0.4412,1,2.884137004327774,41.85563116520643,10,2.884137004327774,valid,0.4423076605125115,0.5079231961985871,0.44120000000000004,100042
RS,0.46055,42,42,random,TINYIMAGENET,163,main_b1000_tinyimagenet_alexnet_RS_kp75_seed42,0.75,0.44655,False,0.75,alexnet,0.75,TINYIMAGENET_alexnet_RS_accuracy_kp7500_seed42,42,60000,163,42,accuracy,100042,0.44655,1,2.8491347655773165,41.74228662997484,10,2.8491347655773165,valid,0.4490531310125686,0.5057002779869001,0.44655,100042
RS,0.46055,42,42,random,TINYIMAGENET,164,main_b1000_tinyimagenet_alexnet_RS_kp75_seed42,0.75,0.45265,False,0.75,alexnet,0.75,TINYIMAGENET_alexnet_RS_accuracy_kp7500_seed42,42,60000,164,42,accuracy,100042,0.45265,1,2.8312359063625334,44.21765920519829,10,2.8312359063625334,valid,0.4504539247207921,0.5057775730627929,0.45265,100042
RS,0.46055,42,42,random,TINYIMAGENET,165,main_b1000_tinyimagenet_alexnet_RS_kp75_seed42,0.75,0.454,False,0.75,alexnet,0.75,TINYIMAGENET_alexnet_RS_accuracy_kp7500_seed42,42,60000,165,42,accuracy,100042,0.454,1,2.8231718770980834,42.075283877551556,10,2.8231718770980834,valid,0.45238304693747666,0.5074830132196486,0.45400000000000007,100042
RS,0.46055,42,42,random,TINYIMAGENET,166,main_b1000_tinyimagenet_alexnet_RS_kp75_seed42,0.75,0.4408,False,0.75,alexnet,0.75,TINYIMAGENET_alexnet_RS_accuracy_kp7500_seed42,42,60000,166,42,accuracy,100042,0.4408,1,2.9206553426265716,41.82126931846142,10,2.9206553426265716,valid,0.4395625780950514,0.5043129892820317,0.44079999999999997,100042
RS,0.46055,42,42,random,TINYIMAGENET,167,main_b1000_tinyimagenet_alexnet_RS_kp75_seed42,0.75,0.45665,False,0.75,alexnet,0.75,TINYIMAGENET_alexnet_RS_accuracy_kp7500_seed42,42,60000,167,42,accuracy,100042,0.45665,1,2.793117153263092,41.711814783513546,10,2.793117153263092,valid,0.4544284773739076,0.5054302853550403,0.45665,100042
RS,0.46055,42,42,random,TINYIMAGENET,168,main_b1000_tinyimagenet_alexnet_RS_kp75_seed42,0.75,0.45015,False,0.75,alexnet,0.75,TINYIMAGENET_alexnet_RS_accuracy_kp7500_seed42,42,60000,168,42,accuracy,100042,0.45015,1,2.8680471494197843,42.01475106179714,10,2.8680471494197843,valid,0.4507355210353145,0.5164326156855985,0.45015,100042
RS,0.46055,42,42,random,TINYIMAGENET,169,main_b1000_tinyimagenet_alexnet_RS_kp75_seed42,0.75,0.4485,False,0.75,alexnet,0.75,TINYIMAGENET_alexnet_RS_accuracy_kp7500_seed42,42,60000,169,42,accuracy,100042,0.4485,1,2.8385726195812224,42.06361512839794,10,2.8385726195812224,valid,0.4479191600812838,0.4999726234723113,0.4485,100042
RS,0.46055,42,42,random,TINYIMAGENET,170,main_b1000_tinyimagenet_alexnet_RS_kp75_seed42,0.75,0.44135,False,0.75,alexnet,0.75,TINYIMAGENET_alexnet_RS_accuracy_kp7500_seed42,42,60000,170,42,accuracy,100042,0.44135,1,2.945514688873291,41.6743218973279,10,2.945514688873291,valid,0.44271750955267436,0.5148202714936239,0.4413500000000001,100042
RS,0.46055,42,42,random,TINYIMAGENET,171,main_b1000_tinyimagenet_alexnet_RS_kp75_seed42,0.75,0.45315,False,0.75,alexnet,0.75,TINYIMAGENET_alexnet_RS_accuracy_kp7500_seed42,42,60000,171,42,accuracy,100042,0.45315,1,2.823194643163681,42.04315908998251,10,2.823194643163681,valid,0.4528102559347607,0.4982957497287539,0.45315000000000005,100042
RS,0.46055,42,42,random,TINYIMAGENET,172,main_b1000_tinyimagenet_alexnet_RS_kp75_seed42,0.75,0.4512,False,0.75,alexnet,0.75,TINYIMAGENET_alexnet_RS_accuracy_kp7500_seed42,42,60000,172,42,accuracy,100042,0.4512,1,2.883484527826309,42.02201782912016,10,2.883484527826309,valid,0.4518142717095715,0.5220838100943938,0.45120000000000005,100042
RS,0.46055,42,42,random,TINYIMAGENET,173,main_b1000_tinyimagenet_alexnet_RS_kp75_seed42,0.75,0.4505,False,0.75,alexnet,0.75,TINYIMAGENET_alexnet_RS_accuracy_kp7500_seed42,42,60000,173,42,accuracy,100042,0.4505,1,2.87688648109436,42.152491733431816,10,2.87688648109436,valid,0.4473933053094087,0.5070043383316629,0.45049999999999996,100042
RS,0.46055,42,42,random,TINYIMAGENET,174,main_b1000_tinyimagenet_alexnet_RS_kp75_seed42,0.75,0.4449,False,0.75,alexnet,0.75,TINYIMAGENET_alexnet_RS_accuracy_kp7500_seed42,42,60000,174,42,accuracy,100042,0.4449,1,2.8908203469753264,41.69739235192537,10,2.8908203469753264,valid,0.4421137161799836,0.5064241914346101,0.44489999999999996,100042
RS,0.46055,42,42,random,TINYIMAGENET,175,main_b1000_tinyimagenet_alexnet_RS_kp75_seed42,0.75,0.4521,False,0.75,alexnet,0.75,TINYIMAGENET_alexnet_RS_accuracy_kp7500_seed42,42,60000,175,42,accuracy,100042,0.4521,1,2.8377602251291276,41.90106628090143,10,2.8377602251291276,valid,0.44967728272723717,0.5048855332326614,0.4521,100042
RS,0.46055,42,42,random,TINYIMAGENET,176,main_b1000_tinyimagenet_alexnet_RS_kp75_seed42,0.75,0.45135,False,0.75,alexnet,0.75,TINYIMAGENET_alexnet_RS_accuracy_kp7500_seed42,42,60000,176,42,accuracy,100042,0.45135,1,2.8241180873394014,42.130437575280666,10,2.8241180873394014,valid,0.45351407152739986,0.503682839325491,0.45135,100042
RS,0.46055,42,42,random,TINYIMAGENET,177,main_b1000_tinyimagenet_alexnet_RS_kp75_seed42,0.75,0.4506,False,0.75,alexnet,0.75,TINYIMAGENET_alexnet_RS_accuracy_kp7500_seed42,42,60000,177,42,accuracy,100042,0.4506,1,2.877800416660309,41.97135406732559,10,2.877800416660309,valid,0.45358223858183067,0.5197349544315221,0.4506,100042
RS,0.46055,42,42,random,TINYIMAGENET,178,main_b1000_tinyimagenet_alexnet_RS_kp75_seed42,0.75,0.45655,False,0.75,alexnet,0.75,TINYIMAGENET_alexnet_RS_accuracy_kp7500_seed42,42,60000,178,42,accuracy,100042,0.45655,1,2.7941862803459165,41.9443030282855,10,2.7941862803459165,valid,0.45663332291373576,0.5079360318393452,0.45655,100042
RS,0.46055,42,42,random,TINYIMAGENET,179,main_b1000_tinyimagenet_alexnet_RS_kp75_seed42,0.75,0.452,False,0.75,alexnet,0.75,TINYIMAGENET_alexnet_RS_accuracy_kp7500_seed42,42,60000,179,42,accuracy,100042,0.452,1,2.8416571751117705,41.85708391666412,10,2.8416571751117705,valid,0.45222499254226334,0.5065218223462133,0.452,100042
RS,0.46055,42,42,random,TINYIMAGENET,180,main_b1000_tinyimagenet_alexnet_RS_kp75_seed42,0.75,0.44975,False,0.75,alexnet,0.75,TINYIMAGENET_alexnet_RS_accuracy_kp7500_seed42,42,60000,180,42,accuracy,100042,0.44975,1,2.910416853284836,41.99455349892378,10,2.910416853284836,valid,0.44952226091123765,0.5137139206353807,0.44975000000000004,100042
RS,0.46055,42,42,random,TINYIMAGENET,181,main_b1000_tinyimagenet_alexnet_RS_kp75_seed42,0.75,0.45095,False,0.75,alexnet,0.75,TINYIMAGENET_alexnet_RS_accuracy_kp7500_seed42,42,60000,181,42,accuracy,100042,0.45095,1,2.8537248726844786,41.67309183627367,10,2.8537248726844786,valid,0.45067973873147193,0.5125265957890853,0.45094999999999996,100042
RS,0.46055,42,42,random,TINYIMAGENET,182,main_b1000_tinyimagenet_alexnet_RS_kp75_seed42,0.75,0.44205,False,0.75,alexnet,0.75,TINYIMAGENET_alexnet_RS_accuracy_kp7500_seed42,42,60000,182,42,accuracy,100042,0.44205,1,2.9091990948677062,41.86739568412304,10,2.9091990948677062,valid,0.44185340804947737,0.5072986576473523,0.44205,100042
RS,0.46055,42,42,random,TINYIMAGENET,183,main_b1000_tinyimagenet_alexnet_RS_kp75_seed42,0.75,0.44705,False,0.75,alexnet,0.75,TINYIMAGENET_alexnet_RS_accuracy_kp7500_seed42,42,60000,183,42,accuracy,100042,0.44705,1,2.842286449432373,41.95580779016018,10,2.842286449432373,valid,0.4485268736000516,0.504564907111465,0.44705,100042
RS,0.46055,42,42,random,TINYIMAGENET,184,main_b1000_tinyimagenet_alexnet_RS_kp75_seed42,0.75,0.45035,False,0.75,alexnet,0.75,TINYIMAGENET_alexnet_RS_accuracy_kp7500_seed42,42,60000,184,42,accuracy,100042,0.45035,1,2.8664940907955168,42.07045188546181,10,2.8664940907955168,valid,0.4473802542390571,0.503448739727208,0.45035,100042
RS,0.46055,42,42,random,TINYIMAGENET,185,main_b1000_tinyimagenet_alexnet_RS_kp75_seed42,0.75,0.44485,False,0.75,alexnet,0.75,TINYIMAGENET_alexnet_RS_accuracy_kp7500_seed42,42,60000,185,42,accuracy,100042,0.44485,1,2.8650791194438936,41.81206089258194,10,2.8650791194438936,valid,0.44623429992476565,0.5078140624265655,0.44484999999999997,100042
RS,0.46055,42,42,random,TINYIMAGENET,186,main_b1000_tinyimagenet_alexnet_RS_kp75_seed42,0.75,0.4469,False,0.75,alexnet,0.75,TINYIMAGENET_alexnet_RS_accuracy_kp7500_seed42,42,60000,186,42,accuracy,100042,0.4469,1,2.895512106561661,41.92121144384146,10,2.895512106561661,valid,0.44518216829940704,0.5087381222479678,0.44689999999999996,100042
RS,0.46055,42,42,random,TINYIMAGENET,187,main_b1000_tinyimagenet_alexnet_RS_kp75_seed42,0.75,0.4472,False,0.75,alexnet,0.75,TINYIMAGENET_alexnet_RS_accuracy_kp7500_seed42,42,60000,187,42,accuracy,100042,0.4472,1,2.8880075801849365,42.071104146540165,10,2.8880075801849365,valid,0.4472004546021091,0.5090307314176894,0.4472,100042
RS,0.46055,42,42,random,TINYIMAGENET,188,main_b1000_tinyimagenet_alexnet_RS_kp75_seed42,0.75,0.4406,False,0.75,alexnet,0.75,TINYIMAGENET_alexnet_RS_accuracy_kp7500_seed42,42,60000,188,42,accuracy,100042,0.4406,1,2.9272306046009064,41.79186192154884,10,2.9272306046009064,valid,0.4395421371996317,0.5024891761935308,0.44060000000000005,100042
RS,0.46055,42,42,random,TINYIMAGENET,189,main_b1000_tinyimagenet_alexnet_RS_kp75_seed42,0.75,0.45305,False,0.75,alexnet,0.75,TINYIMAGENET_alexnet_RS_accuracy_kp7500_seed42,42,60000,189,42,accuracy,100042,0.45305,1,2.8568827055454253,41.80782114714384,10,2.8568827055454253,valid,0.4523172069648462,0.5108172958976859,0.45305,100042
RS,0.46055,42,42,random,TINYIMAGENET,190,main_b1000_tinyimagenet_alexnet_RS_kp75_seed42,0.75,0.44365,False,0.75,alexnet,0.75,TINYIMAGENET_alexnet_RS_accuracy_kp7500_seed42,42,60000,190,42,accuracy,100042,0.44365,1,2.9232589855194093,42.08692470937967,10,2.9232589855194093,valid,0.44451102072454474,0.5196184756039073,0.44365000000000004,100042
RS,0.46055,42,42,random,TINYIMAGENET,191,main_b1000_tinyimagenet_alexnet_RS_kp75_seed42,0.75,0.45265,False,0.75,alexnet,0.75,TINYIMAGENET_alexnet_RS_accuracy_kp7500_seed42,42,60000,191,42,accuracy,100042,0.45265,1,2.850389403247833,42.22432120144367,10,2.850389403247833,valid,0.45320952691188937,0.512408486619515,0.45265,100042
RS,0.46055,42,42,random,TINYIMAGENET,192,main_b1000_tinyimagenet_alexnet_RS_kp75_seed42,0.75,0.45515,False,0.75,alexnet,0.75,TINYIMAGENET_alexnet_RS_accuracy_kp7500_seed42,42,60000,192,42,accuracy,100042,0.45515,1,2.8186171347141267,41.744797460734844,10,2.8186171347141267,valid,0.45565270992428936,0.5070909718111314,0.45515,100042
RS,0.46055,42,42,random,TINYIMAGENET,193,main_b1000_tinyimagenet_alexnet_RS_kp75_seed42,0.75,0.4468,False,0.75,alexnet,0.75,TINYIMAGENET_alexnet_RS_accuracy_kp7500_seed42,42,60000,193,42,accuracy,100042,0.4468,1,2.8382671605587007,41.88728678971529,10,2.8382671605587007,valid,0.441974311986108,0.4982153215589396,0.4467999999999999,100042
RS,0.46055,42,42,random,TINYIMAGENET,194,main_b1000_tinyimagenet_alexnet_RS_kp75_seed42,0.75,0.449,False,0.75,alexnet,0.75,TINYIMAGENET_alexnet_RS_accuracy_kp7500_seed42,42,60000,194,42,accuracy,100042,0.449,1,2.853334407234192,42.054076448082924,10,2.853334407234192,valid,0.44854678842429635,0.5117981888174519,0.449,100042
RS,0.46055,42,42,random,TINYIMAGENET,195,main_b1000_tinyimagenet_alexnet_RS_kp75_seed42,0.75,0.45425,False,0.75,alexnet,0.75,TINYIMAGENET_alexnet_RS_accuracy_kp7500_seed42,42,60000,195,42,accuracy,100042,0.45425,1,2.8599168725967408,41.93671249598265,10,2.8599168725967408,valid,0.45466969952887887,0.516616938079868,0.45425,100042
RS,0.46055,42,42,random,TINYIMAGENET,196,main_b1000_tinyimagenet_alexnet_RS_kp75_seed42,0.75,0.4441,False,0.75,alexnet,0.75,TINYIMAGENET_alexnet_RS_accuracy_kp7500_seed42,42,60000,196,42,accuracy,100042,0.4441,1,2.92721613111496,41.82560849189758,10,2.92721613111496,valid,0.44907541070204315,0.5155502229965695,0.44410000000000005,100042
RS,0.46055,42,42,random,TINYIMAGENET,197,main_b1000_tinyimagenet_alexnet_RS_kp75_seed42,0.75,0.4415,False,0.75,alexnet,0.75,TINYIMAGENET_alexnet_RS_accuracy_kp7500_seed42,42,60000,197,42,accuracy,100042,0.4415,1,2.892458488559723,42.07528359442949,10,2.892458488559723,valid,0.4454742017487241,0.5113503946717115,0.4415,100042
RS,0.46055,42,42,random,TINYIMAGENET,198,main_b1000_tinyimagenet_alexnet_RS_kp75_seed42,0.75,0.45125,False,0.75,alexnet,0.75,TINYIMAGENET_alexnet_RS_accuracy_kp7500_seed42,42,60000,198,42,accuracy,100042,0.45125,1,2.8533327863216402,42.110545478761196,10,2.8533327863216402,valid,0.4517251607485903,0.5178131888269423,0.45125,100042
RS,0.46055,42,42,random,TINYIMAGENET,199,main_b1000_tinyimagenet_alexnet_RS_kp75_seed42,0.75,0.4449,False,0.75,alexnet,0.75,TINYIMAGENET_alexnet_RS_accuracy_kp7500_seed42,42,60000,199,42,accuracy,100042,0.4449,1,2.873446042394638,41.94482037425041,10,2.873446042394638,valid,0.4445243963303481,0.5048745569120613,0.44489999999999996,100042
RS,0.46055,42,42,random,TINYIMAGENET,200,main_b1000_tinyimagenet_alexnet_RS_kp75_seed42,0.75,0.45325,False,0.75,alexnet,0.75,TINYIMAGENET_alexnet_RS_accuracy_kp7500_seed42,42,60000,200,42,accuracy,100042,0.45325,1,2.8819494068384173,41.8130024895072,10,2.8819494068384173,valid,0.4516147734508669,0.5109311525644331,0.45325000000000004,100042
RS,0.46055,42,42,random,TINYIMAGENET,201,main_b1000_tinyimagenet_alexnet_RS_kp75_seed42,0.75,0.44525,False,0.75,alexnet,0.75,TINYIMAGENET_alexnet_RS_accuracy_kp7500_seed42,42,60000,201,42,accuracy,100042,0.44525,1,2.921607555103302,41.953565806150436,10,2.921607555103302,valid,0.4436753256191593,0.5169275471503615,0.44525000000000003,100042
RS,0.46055,42,42,random,TINYIMAGENET,202,main_b1000_tinyimagenet_alexnet_RS_kp75_seed42,0.75,0.454,False,0.75,alexnet,0.75,TINYIMAGENET_alexnet_RS_accuracy_kp7500_seed42,42,60000,202,42,accuracy,100042,0.454,1,2.8271600426912307,42.19154153764248,10,2.8271600426912307,valid,0.45485757789059894,0.5129848975279196,0.45399999999999996,100042
RS,0.46055,42,42,random,TINYIMAGENET,203,main_b1000_tinyimagenet_alexnet_RS_kp75_seed42,0.75,0.45805,False,0.75,alexnet,0.75,TINYIMAGENET_alexnet_RS_accuracy_kp7500_seed42,42,60000,203,42,accuracy,100042,0.45805,1,2.807182337474823,41.71534310281277,10,2.807182337474823,valid,0.4561161751582101,0.5076336246483031,0.45805,100042
RS,0.46055,42,42,random,TINYIMAGENET,204,main_b1000_tinyimagenet_alexnet_RS_kp75_seed42,0.75,0.4514,False,0.75,alexnet,0.75,TINYIMAGENET_alexnet_RS_accuracy_kp7500_seed42,42,60000,204,42,accuracy,100042,0.4514,1,2.8592908514261244,42.02517179399729,10,2.8592908514261244,valid,0.4490727369669583,0.5122628124841718,0.4514,100042
RS,0.46055,42,42,random,TINYIMAGENET,205,main_b1000_tinyimagenet_alexnet_RS_kp75_seed42,0.75,0.45425,False,0.75,alexnet,0.75,TINYIMAGENET_alexnet_RS_accuracy_kp7500_seed42,42,60000,205,42,accuracy,100042,0.45425,1,2.8513815178394317,42.33048203587532,10,2.8513815178394317,valid,0.45577399856805373,0.5071081239243485,0.45425,100042
RS,0.46055,42,42,random,TINYIMAGENET,206,main_b1000_tinyimagenet_alexnet_RS_kp75_seed42,0.75,0.44585,False,0.75,alexnet,0.75,TINYIMAGENET_alexnet_RS_accuracy_kp7500_seed42,42,60000,206,42,accuracy,100042,0.44585,1,2.892610929250717,42.13155226409435,10,2.892610929250717,valid,0.4472383540679899,0.510534009968862,0.44585,100042
RS,0.46055,42,42,random,TINYIMAGENET,207,main_b1000_tinyimagenet_alexnet_RS_kp75_seed42,0.75,0.45145,False,0.75,alexnet,0.75,TINYIMAGENET_alexnet_RS_accuracy_kp7500_seed42,42,60000,207,42,accuracy,100042,0.45145,1,2.8315231264591216,41.4092153981328,10,2.8315231264591216,valid,0.4507985011453297,0.5034404223706839,0.45145,100042
RS,0.46055,42,42,random,TINYIMAGENET,208,main_b1000_tinyimagenet_alexnet_RS_kp75_seed42,0.75,0.44955,False,0.75,alexnet,0.75,TINYIMAGENET_alexnet_RS_accuracy_kp7500_seed42,42,60000,208,42,accuracy,100042,0.44955,1,2.8809276923656464,42.08691196888685,10,2.8809276923656464,valid,0.44963152096438747,0.5185292111679368,0.44955,100042
RS,0.46055,42,42,random,TINYIMAGENET,209,main_b1000_tinyimagenet_alexnet_RS_kp75_seed42,0.75,0.45275,False,0.75,alexnet,0.75,TINYIMAGENET_alexnet_RS_accuracy_kp7500_seed42,42,60000,209,42,accuracy,100042,0.45275,1,2.815974926328659,42.35960754007101,10,2.815974926328659,valid,0.4520943527092128,0.4980919345015307,0.45275,100042
RS,0.46055,42,42,random,TINYIMAGENET,210,main_b1000_tinyimagenet_alexnet_RS_kp75_seed42,0.75,0.44645,False,0.75,alexnet,0.75,TINYIMAGENET_alexnet_RS_accuracy_kp7500_seed42,42,60000,210,42,accuracy,100042,0.44645,1,2.8892585223197935,41.938933312892914,10,2.8892585223197935,valid,0.4464528224647961,0.5106077521360263,0.44644999999999996,100042
RS,0.46055,42,42,random,TINYIMAGENET,211,main_b1000_tinyimagenet_alexnet_RS_kp75_seed42,0.75,0.44645,False,0.75,alexnet,0.75,TINYIMAGENET_alexnet_RS_accuracy_kp7500_seed42,42,60000,211,42,accuracy,100042,0.44645,1,2.881452881193161,41.927938751876354,10,2.881452881193161,valid,0.44730566420210266,0.5090768371003649,0.44645,100042
RS,0.46055,42,42,random,TINYIMAGENET,212,main_b1000_tinyimagenet_alexnet_RS_kp75_seed42,0.75,0.45365,False,0.75,alexnet,0.75,TINYIMAGENET_alexnet_RS_accuracy_kp7500_seed42,42,60000,212,42,accuracy,100042,0.45365,1,2.812850681781769,42.132834896445274,10,2.812850681781769,valid,0.45349393089811085,0.5040151249645234,0.45365,100042
RS,0.46055,42,42,random,TINYIMAGENET,213,main_b1000_tinyimagenet_alexnet_RS_kp75_seed42,0.75,0.4519,False,0.75,alexnet,0.75,TINYIMAGENET_alexnet_RS_accuracy_kp7500_seed42,42,60000,213,42,accuracy,100042,0.4519,1,2.8343961507320405,42.30291982740164,10,2.8343961507320405,valid,0.4506418101275297,0.5079149080923141,0.45189999999999997,100042
RS,0.46055,42,42,random,TINYIMAGENET,214,main_b1000_tinyimagenet_alexnet_RS_kp75_seed42,0.75,0.45205,False,0.75,alexnet,0.75,TINYIMAGENET_alexnet_RS_accuracy_kp7500_seed42,42,60000,214,42,accuracy,100042,0.45205,1,2.842136430978775,41.83175255358219,10,2.842136430978775,valid,0.4493910717963432,0.4996522504287798,0.45205,100042
RS,0.46055,42,42,random,TINYIMAGENET,215,main_b1000_tinyimagenet_alexnet_RS_kp75_seed42,0.75,0.44225,False,0.75,alexnet,0.75,TINYIMAGENET_alexnet_RS_accuracy_kp7500_seed42,42,60000,215,42,accuracy,100042,0.44225,1,2.891085246181488,42.02706628292799,10,2.891085246181488,valid,0.44142820044068765,0.5033724689907527,0.44225000000000003,100042
RS,0.46055,42,42,random,TINYIMAGENET,216,main_b1000_tinyimagenet_alexnet_RS_kp75_seed42,0.75,0.45425,False,0.75,alexnet,0.75,TINYIMAGENET_alexnet_RS_accuracy_kp7500_seed42,42,60000,216,42,accuracy,100042,0.45425,1,2.8498494795799254,42.35508073866367,10,2.8498494795799254,valid,0.45277853234691695,0.5102354041334068,0.45425,100042
RS,0.46055,42,42,random,TINYIMAGENET,217,main_b1000_tinyimagenet_alexnet_RS_kp75_seed42,0.75,0.44575,False,0.75,alexnet,0.75,TINYIMAGENET_alexnet_RS_accuracy_kp7500_seed42,42,60000,217,42,accuracy,100042,0.44575,1,2.863363203763962,42.51343198120594,10,2.863363203763962,valid,0.4466166463139342,0.5073217189596605,0.44575000000000004,100042
RS,0.46055,42,42,random,TINYIMAGENET,218,main_b1000_tinyimagenet_alexnet_RS_kp75_seed42,0.75,0.4487,False,0.75,alexnet,0.75,TINYIMAGENET_alexnet_RS_accuracy_kp7500_seed42,42,60000,218,42,accuracy,100042,0.4487,1,2.909537748861313,41.90713685005903,10,2.909537748861313,valid,0.44741937620074457,0.5204016801751348,0.4487,100042
RS,0.46055,42,42,random,TINYIMAGENET,219,main_b1000_tinyimagenet_alexnet_RS_kp75_seed42,0.75,0.45415,False,0.75,alexnet,0.75,TINYIMAGENET_alexnet_RS_accuracy_kp7500_seed42,42,60000,219,42,accuracy,100042,0.45415,1,2.828765591144562,42.131009206175804,10,2.828765591144562,valid,0.45174018630051793,0.5051315323233696,0.45415000000000005,100042
RS,0.46055,42,42,random,TINYIMAGENET,220,main_b1000_tinyimagenet_alexnet_RS_kp75_seed42,0.75,0.44735,False,0.75,alexnet,0.75,TINYIMAGENET_alexnet_RS_accuracy_kp7500_seed42,42,60000,220,42,accuracy,100042,0.44735,1,2.849119331073761,42.340746864676476,10,2.849119331073761,valid,0.4478771796424039,0.5072528817353446,0.44734999999999997,100042
RS,0.46055,42,42,random,TINYIMAGENET,221,main_b1000_tinyimagenet_alexnet_RS_kp75_seed42,0.75,0.4453,False,0.75,alexnet,0.75,TINYIMAGENET_alexnet_RS_accuracy_kp7500_seed42,42,60000,221,42,accuracy,100042,0.4453,1,2.873144692802429,41.816431917250156,10,2.873144692802429,valid,0.44807133666935606,0.5134899543219261,0.44530000000000003,100042
RS,0.46055,42,42,random,TINYIMAGENET,222,main_b1000_tinyimagenet_alexnet_RS_kp75_seed42,0.75,0.45375,False,0.75,alexnet,0.75,TINYIMAGENET_alexnet_RS_accuracy_kp7500_seed42,42,60000,222,42,accuracy,100042,0.45375,1,2.85623134765625,42.01184123754501,10,2.85623134765625,valid,0.45429083833432604,0.514883961007246,0.45375,100042
RS,0.46055,42,42,random,TINYIMAGENET,223,main_b1000_tinyimagenet_alexnet_RS_kp75_seed42,0.75,0.4594,False,0.75,alexnet,0.75,TINYIMAGENET_alexnet_RS_accuracy_kp7500_seed42,42,60000,223,42,accuracy,100042,0.4594,1,2.807583738851547,41.981513641774654,10,2.807583738851547,valid,0.4587821940181807,0.5070844045687852,0.4594,100042
RS,0.46055,42,42,random,TINYIMAGENET,224,main_b1000_tinyimagenet_alexnet_RS_kp75_seed42,0.75,0.45255,False,0.75,alexnet,0.75,TINYIMAGENET_alexnet_RS_accuracy_kp7500_seed42,42,60000,224,42,accuracy,100042,0.45255,1,2.8486358731508257,42.05377411842346,10,2.8486358731508257,valid,0.4502742233971871,0.5090510855112225,0.45255,100042
RS,0.46055,42,42,random,TINYIMAGENET,225,main_b1000_tinyimagenet_alexnet_RS_kp75_seed42,0.75,0.4418,False,0.75,alexnet,0.75,TINYIMAGENET_alexnet_RS_accuracy_kp7500_seed42,42,60000,225,42,accuracy,100042,0.4418,1,2.9185844440460205,41.59866342693567,10,2.9185844440460205,valid,0.4400019246216162,0.5018426713531867,0.44179999999999997,100042
RS,0.46055,42,42,random,TINYIMAGENET,226,main_b1000_tinyimagenet_alexnet_RS_kp75_seed42,0.75,0.4486,False,0.75,alexnet,0.75,TINYIMAGENET_alexnet_RS_accuracy_kp7500_seed42,42,60000,226,42,accuracy,100042,0.4486,1,2.8875450691223143,41.9877950027585,10,2.8875450691223143,valid,0.4483515228609899,0.5060741884466728,0.4486,100042
RS,0.46055,42,42,random,TINYIMAGENET,227,main_b1000_tinyimagenet_alexnet_RS_kp75_seed42,0.75,0.4435,False,0.75,alexnet,0.75,TINYIMAGENET_alexnet_RS_accuracy_kp7500_seed42,42,60000,227,42,accuracy,100042,0.4435,1,2.8993743844509123,42.00703900307417,10,2.8993743844509123,valid,0.4428563072290551,0.5095970482897959,0.4435,100042
RS,0.46055,42,42,random,TINYIMAGENET,228,main_b1000_tinyimagenet_alexnet_RS_kp75_seed42,0.75,0.4452,False,0.75,alexnet,0.75,TINYIMAGENET_alexnet_RS_accuracy_kp7500_seed42,42,60000,228,42,accuracy,100042,0.4452,1,2.873567800569534,41.87644401192665,10,2.873567800569534,valid,0.4457809476443678,0.5039455283652265,0.44520000000000004,100042
RS,0.46055,42,42,random,TINYIMAGENET,229,main_b1000_tinyimagenet_alexnet_RS_kp75_seed42,0.75,0.44925,False,0.75,alexnet,0.75,TINYIMAGENET_alexnet_RS_accuracy_kp7500_seed42,42,60000,229,42,accuracy,100042,0.44925,1,2.882273030805588,41.98342788219452,10,2.882273030805588,valid,0.4467286815486537,0.5058814039211239,0.44925,100042
RS,0.46055,42,42,random,TINYIMAGENET,230,main_b1000_tinyimagenet_alexnet_RS_kp75_seed42,0.75,0.44895,False,0.75,alexnet,0.75,TINYIMAGENET_alexnet_RS_accuracy_kp7500_seed42,42,60000,230,42,accuracy,100042,0.44895,1,2.8893837832689284,42.046951577067375,10,2.8893837832689284,valid,0.45144000281187685,0.5212791909156759,0.44895,100042
RS,0.46055,42,42,random,TINYIMAGENET,231,main_b1000_tinyimagenet_alexnet_RS_kp75_seed42,0.75,0.4491,False,0.75,alexnet,0.75,TINYIMAGENET_alexnet_RS_accuracy_kp7500_seed42,42,60000,231,42,accuracy,100042,0.4491,1,2.8996511784791945,42.161457262933254,10,2.8996511784791945,valid,0.4485945739988841,0.518655757272698,0.44909999999999994,100042
RS,0.46055,42,42,random,TINYIMAGENET,232,main_b1000_tinyimagenet_alexnet_RS_kp75_seed42,0.75,0.45345,False,0.75,alexnet,0.75,TINYIMAGENET_alexnet_RS_accuracy_kp7500_seed42,42,60000,232,42,accuracy,100042,0.45345,1,2.808428345012665,41.9017808586359,10,2.808428345012665,valid,0.45406180375790156,0.506117852404345,0.45344999999999996,100042
RS,0.46055,42,42,random,TINYIMAGENET,233,main_b1000_tinyimagenet_alexnet_RS_kp75_seed42,0.75,0.4467,False,0.75,alexnet,0.75,TINYIMAGENET_alexnet_RS_accuracy_kp7500_seed42,42,60000,233,42,accuracy,100042,0.4467,1,2.8241706617832185,42.06507188081741,10,2.8241706617832185,valid,0.44876595249736,0.5027399544184492,0.44670000000000004,100042
RS,0.46055,42,42,random,TINYIMAGENET,234,main_b1000_tinyimagenet_alexnet_RS_kp75_seed42,0.75,0.44945,False,0.75,alexnet,0.75,TINYIMAGENET_alexnet_RS_accuracy_kp7500_seed42,42,60000,234,42,accuracy,100042,0.44945,1,2.879375969696045,42.02611453086138,10,2.879375969696045,valid,0.44873460607377097,0.5084614884845423,0.4494499999999999,100042
RS,0.46055,42,42,random,TINYIMAGENET,235,main_b1000_tinyimagenet_alexnet_RS_kp75_seed42,0.75,0.44715,False,0.75,alexnet,0.75,TINYIMAGENET_alexnet_RS_accuracy_kp7500_seed42,42,60000,235,42,accuracy,100042,0.44715,1,2.8869873818397522,42.11313682794571,10,2.8869873818397522,valid,0.4503054239964307,0.5148950624903934,0.44715000000000005,100042
RS,0.46055,42,42,random,TINYIMAGENET,236,main_b1000_tinyimagenet_alexnet_RS_kp75_seed42,0.75,0.4472,False,0.75,alexnet,0.75,TINYIMAGENET_alexnet_RS_accuracy_kp7500_seed42,42,60000,236,42,accuracy,100042,0.4472,1,2.9221211305618287,41.79893834888935,10,2.9221211305618287,valid,0.44489526738421425,0.5095756919627605,0.4472,100042
RS,0.46055,42,42,random,TINYIMAGENET,237,main_b1000_tinyimagenet_alexnet_RS_kp75_seed42,0.75,0.44995,False,0.75,alexnet,0.75,TINYIMAGENET_alexnet_RS_accuracy_kp7500_seed42,42,60000,237,42,accuracy,100042,0.44995,1,2.8461993621349335,42.060351863503456,10,2.8461993621349335,valid,0.44970738220452333,0.5105044897838857,0.44995000000000007,100042
RS,0.46055,42,42,random,TINYIMAGENET,238,main_b1000_tinyimagenet_alexnet_RS_kp75_seed42,0.75,0.4479,False,0.75,alexnet,0.75,TINYIMAGENET_alexnet_RS_accuracy_kp7500_seed42,42,60000,238,42,accuracy,100042,0.4479,1,2.8525245307445526,42.0335521325469,10,2.8525245307445526,valid,0.44812362823018426,0.5072853894762833,0.44789999999999996,100042
RS,0.46055,42,42,random,TINYIMAGENET,239,main_b1000_tinyimagenet_alexnet_RS_kp75_seed42,0.75,0.4483,False,0.75,alexnet,0.75,TINYIMAGENET_alexnet_RS_accuracy_kp7500_seed42,42,60000,239,42,accuracy,100042,0.4483,1,2.8833678698778153,42.03252785652876,10,2.8833678698778153,valid,0.44450978026352544,0.5049030161156404,0.44830000000000003,100042
RS,0.46055,42,42,random,TINYIMAGENET,240,main_b1000_tinyimagenet_alexnet_RS_kp75_seed42,0.75,0.44335,False,0.75,alexnet,0.75,TINYIMAGENET_alexnet_RS_accuracy_kp7500_seed42,42,60000,240,42,accuracy,100042,0.44335,1,2.9010255736351014,42.03714553266764,10,2.9010255736351014,valid,0.4445807991275316,0.5108328690308229,0.44335,100042
RS,0.46055,42,42,random,TINYIMAGENET,241,main_b1000_tinyimagenet_alexnet_RS_kp75_seed42,0.75,0.45705,False,0.75,alexnet,0.75,TINYIMAGENET_alexnet_RS_accuracy_kp7500_seed42,42,60000,241,42,accuracy,100042,0.45705,1,2.795039309310913,42.05402736365795,10,2.795039309310913,valid,0.454586482629977,0.5018817993345697,0.45704999999999996,100042
RS,0.46055,42,42,random,TINYIMAGENET,242,main_b1000_tinyimagenet_alexnet_RS_kp75_seed42,0.75,0.4459,False,0.75,alexnet,0.75,TINYIMAGENET_alexnet_RS_accuracy_kp7500_seed42,42,60000,242,42,accuracy,100042,0.4459,1,2.869467546081543,42.30204739421606,10,2.869467546081543,valid,0.448404910922174,0.509653400804966,0.4459,100042
RS,0.46055,42,42,random,TINYIMAGENET,243,main_b1000_tinyimagenet_alexnet_RS_kp75_seed42,0.75,0.44535,False,0.75,alexnet,0.75,TINYIMAGENET_alexnet_RS_accuracy_kp7500_seed42,42,60000,243,42,accuracy,100042,0.44535,1,2.8911544721603395,41.86530938744545,10,2.8911544721603395,valid,0.44578148737524786,0.5061017470673683,0.44534999999999997,100042
RS,0.46055,42,42,random,TINYIMAGENET,244,main_b1000_tinyimagenet_alexnet_RS_kp75_seed42,0.75,0.4496,False,0.75,alexnet,0.75,TINYIMAGENET_alexnet_RS_accuracy_kp7500_seed42,42,60000,244,42,accuracy,100042,0.4496,1,2.8717003483772277,42.017987474799156,10,2.8717003483772277,valid,0.4494644874453597,0.5077199388520874,0.44959999999999994,100042
RS,0.46055,42,42,random,TINYIMAGENET,245,main_b1000_tinyimagenet_alexnet_RS_kp75_seed42,0.75,0.45335,False,0.75,alexnet,0.75,TINYIMAGENET_alexnet_RS_accuracy_kp7500_seed42,42,60000,245,42,accuracy,100042,0.45335,1,2.8557686863422393,42.18132758885622,10,2.8557686863422393,valid,0.4531973155473903,0.5122897425626709,0.45335000000000003,100042
RS,0.46055,42,42,random,TINYIMAGENET,246,main_b1000_tinyimagenet_alexnet_RS_kp75_seed42,0.75,0.4538,False,0.75,alexnet,0.75,TINYIMAGENET_alexnet_RS_accuracy_kp7500_seed42,42,60000,246,42,accuracy,100042,0.4538,1,2.8517166277885435,42.091139763593674,10,2.8517166277885435,valid,0.45171067487973204,0.5074278500513444,0.45380000000000004,100042
RS,0.46055,42,42,random,TINYIMAGENET,247,main_b1000_tinyimagenet_alexnet_RS_kp75_seed42,0.75,0.45215,False,0.75,alexnet,0.75,TINYIMAGENET_alexnet_RS_accuracy_kp7500_seed42,42,60000,247,42,accuracy,100042,0.45215,1,2.896213547372818,41.749091520905495,10,2.896213547372818,valid,0.45076896316013515,0.5097801495527117,0.45215000000000005,100042
RS,0.46055,42,42,random,TINYIMAGENET,248,main_b1000_tinyimagenet_alexnet_RS_kp75_seed42,0.75,0.45565,False,0.75,alexnet,0.75,TINYIMAGENET_alexnet_RS_accuracy_kp7500_seed42,42,60000,248,42,accuracy,100042,0.45565,1,2.8420167331933976,42.129456989467144,10,2.8420167331933976,valid,0.45170827408827946,0.5057903034089165,0.45565000000000005,100042
RS,0.46055,42,42,random,TINYIMAGENET,249,main_b1000_tinyimagenet_alexnet_RS_kp75_seed42,0.75,0.4511,False,0.75,alexnet,0.75,TINYIMAGENET_alexnet_RS_accuracy_kp7500_seed42,42,60000,249,42,accuracy,100042,0.4511,1,2.869276100587845,42.190788209438324,10,2.869276100587845,valid,0.44915098345560267,0.5108533289292656,0.4511,100042
RS,0.46055,42,42,random,TINYIMAGENET,250,main_b1000_tinyimagenet_alexnet_RS_kp75_seed42,0.75,0.45235,False,0.75,alexnet,0.75,TINYIMAGENET_alexnet_RS_accuracy_kp7500_seed42,42,60000,250,42,accuracy,100042,0.45235,1,2.8452368505954744,41.99787016957998,10,2.8452368505954744,valid,0.454806461571211,0.5117378248095308,0.45235,100042
RS,0.46055,42,42,random,TINYIMAGENET,251,main_b1000_tinyimagenet_alexnet_RS_kp75_seed42,0.75,0.4455,False,0.75,alexnet,0.75,TINYIMAGENET_alexnet_RS_accuracy_kp7500_seed42,42,60000,251,42,accuracy,100042,0.4455,1,2.883980232524872,41.96616008132696,10,2.883980232524872,valid,0.4465361291673484,0.5068958928811393,0.44549999999999995,100042
RS,0.46055,42,42,random,TINYIMAGENET,252,main_b1000_tinyimagenet_alexnet_RS_kp75_seed42,0.75,0.44325,False,0.75,alexnet,0.75,TINYIMAGENET_alexnet_RS_accuracy_kp7500_seed42,42,60000,252,42,accuracy,100042,0.44325,1,2.9090000990867613,42.18383675813675,10,2.9090000990867613,valid,0.44379694874146175,0.5058888990262786,0.44325000000000003,100042
RS,0.46055,42,42,random,TINYIMAGENET,253,main_b1000_tinyimagenet_alexnet_RS_kp75_seed42,0.75,0.44565,False,0.75,alexnet,0.75,TINYIMAGENET_alexnet_RS_accuracy_kp7500_seed42,42,60000,253,42,accuracy,100042,0.44565,1,2.9035178169488907,42.19009590148926,10,2.9035178169488907,valid,0.4437666582734752,0.508161844037413,0.44565,100042
RS,0.46055,42,42,random,TINYIMAGENET,254,main_b1000_tinyimagenet_alexnet_RS_kp75_seed42,0.75,0.4516,False,0.75,alexnet,0.75,TINYIMAGENET_alexnet_RS_accuracy_kp7500_seed42,42,60000,254,42,accuracy,100042,0.4516,1,2.875042444562912,41.80591104179621,10,2.875042444562912,valid,0.45191354324479016,0.5094872221969272,0.45160000000000006,100042
RS,0.46055,42,42,random,TINYIMAGENET,255,main_b1000_tinyimagenet_alexnet_RS_kp75_seed42,0.75,0.453,False,0.75,alexnet,0.75,TINYIMAGENET_alexnet_RS_accuracy_kp7500_seed42,42,60000,255,42,accuracy,100042,0.453,1,2.8454755467891695,42.04845566302538,10,2.8454755467891695,valid,0.45383751568347724,0.5075524195902799,0.45299999999999996,100042
RS,0.46055,42,42,random,TINYIMAGENET,256,main_b1000_tinyimagenet_alexnet_RS_kp75_seed42,0.75,0.4502,False,0.75,alexnet,0.75,TINYIMAGENET_alexnet_RS_accuracy_kp7500_seed42,42,60000,256,42,accuracy,100042,0.4502,1,2.8363191370010377,42.09128321707249,10,2.8363191370010377,valid,0.44952070718719894,0.5015767669130944,0.45019999999999993,100042
RS,0.46055,42,42,random,TINYIMAGENET,257,main_b1000_tinyimagenet_alexnet_RS_kp75_seed42,0.75,0.45255,False,0.75,alexnet,0.75,TINYIMAGENET_alexnet_RS_accuracy_kp7500_seed42,42,60000,257,42,accuracy,100042,0.45255,1,2.858050487470627,42.25299096107483,10,2.858050487470627,valid,0.45410032965885544,0.5165367091642314,0.45254999999999995,100042
RS,0.46055,42,42,random,TINYIMAGENET,258,main_b1000_tinyimagenet_alexnet_RS_kp75_seed42,0.75,0.4392,False,0.75,alexnet,0.75,TINYIMAGENET_alexnet_RS_accuracy_kp7500_seed42,42,60000,258,42,accuracy,100042,0.4392,1,2.905715939569473,41.78705493360758,10,2.905715939569473,valid,0.4404278870337426,0.5044857327221814,0.43920000000000003,100042
RS,0.46055,42,42,random,TINYIMAGENET,259,main_b1000_tinyimagenet_alexnet_RS_kp75_seed42,0.75,0.45005,False,0.75,alexnet,0.75,TINYIMAGENET_alexnet_RS_accuracy_kp7500_seed42,42,60000,259,42,accuracy,100042,0.45005,1,2.835293977355957,42.092730686068535,10,2.835293977355957,valid,0.4519388641778905,0.506562321707185,0.45005,100042
RS,0.46055,42,42,random,TINYIMAGENET,260,main_b1000_tinyimagenet_alexnet_RS_kp75_seed42,0.75,0.4543,False,0.75,alexnet,0.75,TINYIMAGENET_alexnet_RS_accuracy_kp7500_seed42,42,60000,260,42,accuracy,100042,0.4543,1,2.8288754804611207,42.393368773162365,10,2.8288754804611207,valid,0.45460447200968473,0.515332250340859,0.4543000000000001,100042
RS,0.46055,42,42,random,TINYIMAGENET,261,main_b1000_tinyimagenet_alexnet_RS_kp75_seed42,0.75,0.45295,False,0.75,alexnet,0.75,TINYIMAGENET_alexnet_RS_accuracy_kp7500_seed42,42,60000,261,42,accuracy,100042,0.45295,1,2.845922878623009,41.95294242352247,10,2.845922878623009,valid,0.4513776988100942,0.5089895245219185,0.45294999999999996,100042
RS,0.46055,42,42,random,TINYIMAGENET,262,main_b1000_tinyimagenet_alexnet_RS_kp75_seed42,0.75,0.44785,False,0.75,alexnet,0.75,TINYIMAGENET_alexnet_RS_accuracy_kp7500_seed42,42,60000,262,42,accuracy,100042,0.44785,1,2.869161829662323,41.9276969358325,10,2.869161829662323,valid,0.4462757726088266,0.5045074517494891,0.44784999999999997,100042
RS,0.46055,42,42,random,TINYIMAGENET,263,main_b1000_tinyimagenet_alexnet_RS_kp75_seed42,0.75,0.45175,False,0.75,alexnet,0.75,TINYIMAGENET_alexnet_RS_accuracy_kp7500_seed42,42,60000,263,42,accuracy,100042,0.45175,1,2.8283918098449705,42.143994852900505,10,2.8283918098449705,valid,0.45108422299622325,0.5032575966155225,0.45175,100042
RS,0.46055,42,42,random,TINYIMAGENET,264,main_b1000_tinyimagenet_alexnet_RS_kp75_seed42,0.75,0.4484,False,0.75,alexnet,0.75,TINYIMAGENET_alexnet_RS_accuracy_kp7500_seed42,42,60000,264,42,accuracy,100042,0.4484,1,2.8582945727825164,42.49696574360132,10,2.8582945727825164,valid,0.45074221826485145,0.5111805522624394,0.4484,100042
RS,0.46055,42,42,random,TINYIMAGENET,265,main_b1000_tinyimagenet_alexnet_RS_kp75_seed42,0.75,0.4456,False,0.75,alexnet,0.75,TINYIMAGENET_alexnet_RS_accuracy_kp7500_seed42,42,60000,265,42,accuracy,100042,0.4456,1,2.908478983736038,41.81329154968262,10,2.908478983736038,valid,0.44324154664341775,0.5171032606368847,0.4456,100042
RS,0.46055,42,42,random,TINYIMAGENET,266,main_b1000_tinyimagenet_alexnet_RS_kp75_seed42,0.75,0.4524,False,0.75,alexnet,0.75,TINYIMAGENET_alexnet_RS_accuracy_kp7500_seed42,42,60000,266,42,accuracy,100042,0.4524,1,2.8576082861423493,42.802660182118416,10,2.8576082861423493,valid,0.4541618418930223,0.5139845950679781,0.4524,100042
RS,0.46055,42,42,random,TINYIMAGENET,267,main_b1000_tinyimagenet_alexnet_RS_kp75_seed42,0.75,0.45115,False,0.75,alexnet,0.75,TINYIMAGENET_alexnet_RS_accuracy_kp7500_seed42,42,60000,267,42,accuracy,100042,0.45115,1,2.8721026859283447,42.26849926263094,10,2.8721026859283447,valid,0.4531819081902004,0.5131539337618011,0.45115,100042
RS,0.46055,42,42,random,TINYIMAGENET,268,main_b1000_tinyimagenet_alexnet_RS_kp75_seed42,0.75,0.4439,False,0.75,alexnet,0.75,TINYIMAGENET_alexnet_RS_accuracy_kp7500_seed42,42,60000,268,42,accuracy,100042,0.4439,1,2.9044957273960113,42.206698916852474,10,2.9044957273960113,valid,0.4456475849995097,0.5154625575228198,0.4439,100042
RS,0.46055,42,42,random,TINYIMAGENET,269,main_b1000_tinyimagenet_alexnet_RS_kp75_seed42,0.75,0.45985,False,0.75,alexnet,0.75,TINYIMAGENET_alexnet_RS_accuracy_kp7500_seed42,42,60000,269,42,accuracy,100042,0.45985,1,2.794527283239365,42.067915096879005,10,2.794527283239365,valid,0.45852931300601457,0.5080225473506228,0.45985,100042
RS,0.46055,42,42,random,TINYIMAGENET,270,main_b1000_tinyimagenet_alexnet_RS_kp75_seed42,0.75,0.45435,False,0.75,alexnet,0.75,TINYIMAGENET_alexnet_RS_accuracy_kp7500_seed42,42,60000,270,42,accuracy,100042,0.45435,1,2.8304037080287934,42.216505259275436,10,2.8304037080287934,valid,0.4533646178908566,0.5066348675710778,0.45435000000000003,100042
RS,0.46055,42,42,random,TINYIMAGENET,271,main_b1000_tinyimagenet_alexnet_RS_kp75_seed42,0.75,0.45595,False,0.75,alexnet,0.75,TINYIMAGENET_alexnet_RS_accuracy_kp7500_seed42,42,60000,271,42,accuracy,100042,0.45595,1,2.832652253913879,42.269509986042976,10,2.832652253913879,valid,0.457860333641287,0.5086295387089169,0.45594999999999997,100042
RS,0.46055,42,42,random,TINYIMAGENET,272,main_b1000_tinyimagenet_alexnet_RS_kp75_seed42,0.75,0.4523,False,0.75,alexnet,0.75,TINYIMAGENET_alexnet_RS_accuracy_kp7500_seed42,42,60000,272,42,accuracy,100042,0.4523,1,2.845782974290848,42.08739531040192,10,2.845782974290848,valid,0.45105172661171905,0.5025176869516048,0.45230000000000004,100042
RS,0.46055,42,42,random,TINYIMAGENET,273,main_b1000_tinyimagenet_alexnet_RS_kp75_seed42,0.75,0.4533,False,0.75,alexnet,0.75,TINYIMAGENET_alexnet_RS_accuracy_kp7500_seed42,42,60000,273,42,accuracy,100042,0.4533,1,2.854384999322891,41.989076651632786,10,2.854384999322891,valid,0.4535948960422806,0.5111966560881754,0.4533,100042
RS,0.46055,42,42,random,TINYIMAGENET,274,main_b1000_tinyimagenet_alexnet_RS_kp75_seed42,0.75,0.44885,False,0.75,alexnet,0.75,TINYIMAGENET_alexnet_RS_accuracy_kp7500_seed42,42,60000,274,42,accuracy,100042,0.44885,1,2.851977114152908,42.16998613625765,10,2.851977114152908,valid,0.4510956098121527,0.5101074245694395,0.44884999999999997,100042
RS,0.46055,42,42,random,TINYIMAGENET,275,main_b1000_tinyimagenet_alexnet_RS_kp75_seed42,0.75,0.44175,False,0.75,alexnet,0.75,TINYIMAGENET_alexnet_RS_accuracy_kp7500_seed42,42,60000,275,42,accuracy,100042,0.44175,1,2.904588605880737,42.77810402214527,10,2.904588605880737,valid,0.44140871156894546,0.5024154571774839,0.44175,100042
RS,0.46055,42,42,random,TINYIMAGENET,276,main_b1000_tinyimagenet_alexnet_RS_kp75_seed42,0.75,0.4495,False,0.75,alexnet,0.75,TINYIMAGENET_alexnet_RS_accuracy_kp7500_seed42,42,60000,276,42,accuracy,100042,0.4495,1,2.8773876801013945,41.94288581609726,10,2.8773876801013945,valid,0.44999362200438425,0.5112694528836519,0.4495,100042
RS,0.46055,42,42,random,TINYIMAGENET,277,main_b1000_tinyimagenet_alexnet_RS_kp75_seed42,0.75,0.4521,False,0.75,alexnet,0.75,TINYIMAGENET_alexnet_RS_accuracy_kp7500_seed42,42,60000,277,42,accuracy,100042,0.4521,1,2.8107448262691497,42.11765518784523,10,2.8107448262691497,valid,0.452173554570906,0.5001305472148522,0.4521,100042
RS,0.46055,42,42,random,TINYIMAGENET,278,main_b1000_tinyimagenet_alexnet_RS_kp75_seed42,0.75,0.4504,False,0.75,alexnet,0.75,TINYIMAGENET_alexnet_RS_accuracy_kp7500_seed42,42,60000,278,42,accuracy,100042,0.4504,1,2.819109357357025,42.20026774704456,10,2.819109357357025,valid,0.45161372210971495,0.5066887190927516,0.4504000000000001,100042
RS,0.46055,42,42,random,TINYIMAGENET,279,main_b1000_tinyimagenet_alexnet_RS_kp75_seed42,0.75,0.44875,False,0.75,alexnet,0.75,TINYIMAGENET_alexnet_RS_accuracy_kp7500_seed42,42,60000,279,42,accuracy,100042,0.44875,1,2.861509585094452,42.42730323970318,10,2.861509585094452,valid,0.44410243454805454,0.4984119566821451,0.44875,100042
RS,0.46055,42,42,random,TINYIMAGENET,280,main_b1000_tinyimagenet_alexnet_RS_kp75_seed42,0.75,0.45315,False,0.75,alexnet,0.75,TINYIMAGENET_alexnet_RS_accuracy_kp7500_seed42,42,60000,280,42,accuracy,100042,0.45315,1,2.86171928563118,41.89449045062065,10,2.86171928563118,valid,0.4518216639913665,0.511983825824495,0.45315,100042
RS,0.46055,42,42,random,TINYIMAGENET,281,main_b1000_tinyimagenet_alexnet_RS_kp75_seed42,0.75,0.44555,False,0.75,alexnet,0.75,TINYIMAGENET_alexnet_RS_accuracy_kp7500_seed42,42,60000,281,42,accuracy,100042,0.44555,1,2.9265610440015792,42.183194383978844,10,2.9265610440015792,valid,0.4437266711864116,0.5119040432735741,0.44555,100042
RS,0.46055,42,42,random,TINYIMAGENET,282,main_b1000_tinyimagenet_alexnet_RS_kp75_seed42,0.75,0.4545,False,0.75,alexnet,0.75,TINYIMAGENET_alexnet_RS_accuracy_kp7500_seed42,42,60000,282,42,accuracy,100042,0.4545,1,2.830624705696106,42.3621736317873,10,2.830624705696106,valid,0.4525484224394626,0.5090174821023932,0.4545,100042
RS,0.46055,42,42,random,TINYIMAGENET,283,main_b1000_tinyimagenet_alexnet_RS_kp75_seed42,0.75,0.44745,False,0.75,alexnet,0.75,TINYIMAGENET_alexnet_RS_accuracy_kp7500_seed42,42,60000,283,42,accuracy,100042,0.44745,1,2.853213122224808,42.311331674456596,10,2.853213122224808,valid,0.4486639650817249,0.5092207786669052,0.44745000000000007,100042
RS,0.46055,42,42,random,TINYIMAGENET,284,main_b1000_tinyimagenet_alexnet_RS_kp75_seed42,0.75,0.44495,False,0.75,alexnet,0.75,TINYIMAGENET_alexnet_RS_accuracy_kp7500_seed42,42,60000,284,42,accuracy,100042,0.44495,1,2.9376125723838804,42.00551678985357,10,2.9376125723838804,valid,0.4464266774856771,0.5193540472679081,0.44494999999999996,100042
RS,0.46055,42,42,random,TINYIMAGENET,285,main_b1000_tinyimagenet_alexnet_RS_kp75_seed42,0.75,0.44505,False,0.75,alexnet,0.75,TINYIMAGENET_alexnet_RS_accuracy_kp7500_seed42,42,60000,285,42,accuracy,100042,0.44505,1,2.8587090556144714,42.203302934765816,10,2.8587090556144714,valid,0.43993077751935233,0.4911833918175067,0.44504999999999995,100042
RS,0.46055,42,42,random,TINYIMAGENET,286,main_b1000_tinyimagenet_alexnet_RS_kp75_seed42,0.75,0.4518,False,0.75,alexnet,0.75,TINYIMAGENET_alexnet_RS_accuracy_kp7500_seed42,42,60000,286,42,accuracy,100042,0.4518,1,2.845555816268921,42.403111316263676,10,2.845555816268921,valid,0.4495393457312214,0.5016952873064039,0.4518,100042
RS,0.46055,42,42,random,TINYIMAGENET,287,main_b1000_tinyimagenet_alexnet_RS_kp75_seed42,0.75,0.4553,False,0.75,alexnet,0.75,TINYIMAGENET_alexnet_RS_accuracy_kp7500_seed42,42,60000,287,42,accuracy,100042,0.4553,1,2.8392930757045747,42.28951542079449,10,2.8392930757045747,valid,0.4512682780113891,0.5048373569016047,0.45530000000000004,100042
RS,0.46055,42,42,random,TINYIMAGENET,288,main_b1000_tinyimagenet_alexnet_RS_kp75_seed42,0.75,0.45235,False,0.75,alexnet,0.75,TINYIMAGENET_alexnet_RS_accuracy_kp7500_seed42,42,60000,288,42,accuracy,100042,0.45235,1,2.8424481227874754,42.013331174850464,10,2.8424481227874754,valid,0.4531774044024616,0.5094161172149242,0.45235,100042
RS,0.46055,42,42,random,TINYIMAGENET,289,main_b1000_tinyimagenet_alexnet_RS_kp75_seed42,0.75,0.4481,False,0.75,alexnet,0.75,TINYIMAGENET_alexnet_RS_accuracy_kp7500_seed42,42,60000,289,42,accuracy,100042,0.4481,1,2.8881562356472017,42.2161365672946,10,2.8881562356472017,valid,0.4483329917323367,0.5131499036043624,0.4481,100042
RS,0.46055,42,42,random,TINYIMAGENET,290,main_b1000_tinyimagenet_alexnet_RS_kp75_seed42,0.75,0.444,False,0.75,alexnet,0.75,TINYIMAGENET_alexnet_RS_accuracy_kp7500_seed42,42,60000,290,42,accuracy,100042,0.444,1,2.938068928861618,42.479203350842,10,2.938068928861618,valid,0.44326129515171075,0.5101858405543476,0.444,100042
RS,0.46055,42,42,random,TINYIMAGENET,291,main_b1000_tinyimagenet_alexnet_RS_kp75_seed42,0.75,0.4501,False,0.75,alexnet,0.75,TINYIMAGENET_alexnet_RS_accuracy_kp7500_seed42,42,60000,291,42,accuracy,100042,0.4501,1,2.823099680519104,42.16839499026537,10,2.823099680519104,valid,0.45058370102023704,0.5045561518082491,0.4501,100042
RS,0.4607,292,292,random,TINYIMAGENET,292,main_b1000_tinyimagenet_alexnet_RS_kp75_seed42,0.75,0.4607,True,0.75,alexnet,0.75,TINYIMAGENET_alexnet_RS_accuracy_kp7500_seed42,42,60000,292,42,accuracy,100042,0.4607,1,2.782111291360855,41.965879529714584,10,2.782111291360855,valid,0.45950168226494026,0.5071774727153334,0.46069999999999994,100042
RS,0.4607,292,292,random,TINYIMAGENET,293,main_b1000_tinyimagenet_alexnet_RS_kp75_seed42,0.75,0.4406,False,0.75,alexnet,0.75,TINYIMAGENET_alexnet_RS_accuracy_kp7500_seed42,42,60000,293,42,accuracy,100042,0.4406,1,2.9228109768390658,42.41870291531086,10,2.9228109768390658,valid,0.4420431584941697,0.5155534469010499,0.44060000000000005,100042
RS,0.4607,292,292,random,TINYIMAGENET,294,main_b1000_tinyimagenet_alexnet_RS_kp75_seed42,0.75,0.45145,False,0.75,alexnet,0.75,TINYIMAGENET_alexnet_RS_accuracy_kp7500_seed42,42,60000,294,42,accuracy,100042,0.45145,1,2.8137125962495806,42.47217049449682,10,2.8137125962495806,valid,0.4512477118435509,0.5045696031599082,0.45144999999999996,100042
RS,0.4607,292,292,random,TINYIMAGENET,295,main_b1000_tinyimagenet_alexnet_RS_kp75_seed42,0.75,0.45275,False,0.75,alexnet,0.75,TINYIMAGENET_alexnet_RS_accuracy_kp7500_seed42,42,60000,295,42,accuracy,100042,0.45275,1,2.870883886194229,42.109485030174255,10,2.870883886194229,valid,0.4509761738331278,0.5100500898809641,0.45275,100042
RS,0.4607,292,292,random,TINYIMAGENET,296,main_b1000_tinyimagenet_alexnet_RS_kp75_seed42,0.75,0.44745,False,0.75,alexnet,0.75,TINYIMAGENET_alexnet_RS_accuracy_kp7500_seed42,42,60000,296,42,accuracy,100042,0.44745,1,2.8428281201839445,42.19821971654892,10,2.8428281201839445,valid,0.4484686185752643,0.5066024183187758,0.44744999999999996,100042
RS,0.4607,292,292,random,TINYIMAGENET,297,main_b1000_tinyimagenet_alexnet_RS_kp75_seed42,0.75,0.44005,False,0.75,alexnet,0.75,TINYIMAGENET_alexnet_RS_accuracy_kp7500_seed42,42,60000,297,42,accuracy,100042,0.44005,1,2.9177050033569336,42.40733477473259,10,2.9177050033569336,valid,0.4420123245583737,0.5063065365662421,0.44004999999999994,100042
RS,0.4607,292,292,random,TINYIMAGENET,298,main_b1000_tinyimagenet_alexnet_RS_kp75_seed42,0.75,0.44455,False,0.75,alexnet,0.75,TINYIMAGENET_alexnet_RS_accuracy_kp7500_seed42,42,60000,298,42,accuracy,100042,0.44455,1,2.911744722509384,42.40243752300739,10,2.911744722509384,valid,0.44392567443044073,0.5106001767581919,0.44455,100042
RS,0.4607,292,292,random,TINYIMAGENET,299,main_b1000_tinyimagenet_alexnet_RS_kp75_seed42,0.75,0.45255,False,0.75,alexnet,0.75,TINYIMAGENET_alexnet_RS_accuracy_kp7500_seed42,42,60000,299,42,accuracy,100042,0.45255,1,2.8377179111242294,42.05886832624674,10,2.8377179111242294,valid,0.4511071440665455,0.5064017193664331,0.45254999999999995,100042
RS,0.4607,292,292,random,TINYIMAGENET,300,main_b1000_tinyimagenet_alexnet_RS_kp75_seed42,0.75,0.45005,False,0.75,alexnet,0.75,TINYIMAGENET_alexnet_RS_accuracy_kp7500_seed42,42,60000,300,42,accuracy,100042,0.45005,1,2.867585344314575,42.404313154518604,10,2.867585344314575,valid,0.45251044077134694,0.5148223243533393,0.45005,100042
RS,0.4607,292,292,random,TINYIMAGENET,301,main_b1000_tinyimagenet_alexnet_RS_kp75_seed42,0.75,0.44825,False,0.75,alexnet,0.75,TINYIMAGENET_alexnet_RS_accuracy_kp7500_seed42,42,60000,301,42,accuracy,100042,0.44825,1,2.8422679817199707,42.44700101017952,10,2.8422679817199707,valid,0.44673384561952645,0.5091091353365879,0.44825000000000004,100042
RS,0.4607,292,292,random,TINYIMAGENET,302,main_b1000_tinyimagenet_alexnet_RS_kp75_seed42,0.75,0.447,False,0.75,alexnet,0.75,TINYIMAGENET_alexnet_RS_accuracy_kp7500_seed42,42,60000,302,42,accuracy,100042,0.447,1,2.88614682264328,42.212934605777264,10,2.88614682264328,valid,0.44745750590955724,0.5089790475232553,0.44699999999999995,100042
RS,0.4607,292,292,random,TINYIMAGENET,303,main_b1000_tinyimagenet_alexnet_RS_kp75_seed42,0.75,0.44625,False,0.75,alexnet,0.75,TINYIMAGENET_alexnet_RS_accuracy_kp7500_seed42,42,60000,303,42,accuracy,100042,0.44625,1,2.893200054383278,42.01448329538107,10,2.893200054383278,valid,0.44517932860622184,0.502885488833795,0.44625,100042
RS,0.4607,292,292,random,TINYIMAGENET,304,main_b1000_tinyimagenet_alexnet_RS_kp75_seed42,0.75,0.4461,False,0.75,alexnet,0.75,TINYIMAGENET_alexnet_RS_accuracy_kp7500_seed42,42,60000,304,42,accuracy,100042,0.4461,1,2.9077096021175386,42.4499811604619,10,2.9077096021175386,valid,0.44432233490980566,0.5078820086162232,0.4461,100042
RS,0.4607,292,292,random,TINYIMAGENET,305,main_b1000_tinyimagenet_alexnet_RS_kp75_seed42,0.75,0.45025,False,0.75,alexnet,0.75,TINYIMAGENET_alexnet_RS_accuracy_kp7500_seed42,42,60000,305,42,accuracy,100042,0.45025,1,2.873341485118866,42.541362538933754,10,2.873341485118866,valid,0.448460023917214,0.5042941143804618,0.45024999999999993,100042
RS,0.4607,292,292,random,TINYIMAGENET,306,main_b1000_tinyimagenet_alexnet_RS_kp75_seed42,0.75,0.4486,False,0.75,alexnet,0.75,TINYIMAGENET_alexnet_RS_accuracy_kp7500_seed42,42,60000,306,42,accuracy,100042,0.4486,1,2.8834531242370605,42.16773688048124,10,2.8834531242370605,valid,0.4493218244305548,0.514496987937892,0.4486,100042
RS,0.4607,292,292,random,TINYIMAGENET,307,main_b1000_tinyimagenet_alexnet_RS_kp75_seed42,0.75,0.448,False,0.75,alexnet,0.75,TINYIMAGENET_alexnet_RS_accuracy_kp7500_seed42,42,60000,307,42,accuracy,100042,0.448,1,2.9009581219673155,42.103506706655025,10,2.9009581219673155,valid,0.4453572450841772,0.5126479715021992,0.44799999999999995,100042
RS,0.4607,292,292,random,TINYIMAGENET,308,main_b1000_tinyimagenet_alexnet_RS_kp75_seed42,0.75,0.4532,False,0.75,alexnet,0.75,TINYIMAGENET_alexnet_RS_accuracy_kp7500_seed42,42,60000,308,42,accuracy,100042,0.4532,1,2.861578302383423,42.38277078419924,10,2.861578302383423,valid,0.4507959371139215,0.5084396207676221,0.45320000000000005,100042
RS,0.4607,292,292,random,TINYIMAGENET,309,main_b1000_tinyimagenet_alexnet_RS_kp75_seed42,0.75,0.4497,False,0.75,alexnet,0.75,TINYIMAGENET_alexnet_RS_accuracy_kp7500_seed42,42,60000,309,42,accuracy,100042,0.4497,1,2.8994211876392364,42.479851849377155,10,2.8994211876392364,valid,0.44692421722350956,0.5115161121875564,0.4497,100042
RS,0.4607,292,292,random,TINYIMAGENET,310,main_b1000_tinyimagenet_alexnet_RS_kp75_seed42,0.75,0.4489,False,0.75,alexnet,0.75,TINYIMAGENET_alexnet_RS_accuracy_kp7500_seed42,42,60000,310,42,accuracy,100042,0.4489,1,2.8403636705875397,41.906948052346706,10,2.8403636705875397,valid,0.45181650146997465,0.5081589142764443,0.4489,100042
RS,0.4607,292,292,random,TINYIMAGENET,311,main_b1000_tinyimagenet_alexnet_RS_kp75_seed42,0.75,0.44515,False,0.75,alexnet,0.75,TINYIMAGENET_alexnet_RS_accuracy_kp7500_seed42,42,60000,311,42,accuracy,100042,0.44515,1,2.8607954553604125,42.22249190509319,10,2.8607954553604125,valid,0.4481135472875791,0.5138017176820378,0.44515,100042
RS,0.4607,292,292,random,TINYIMAGENET,312,main_b1000_tinyimagenet_alexnet_RS_kp75_seed42,0.75,0.44695,False,0.75,alexnet,0.75,TINYIMAGENET_alexnet_RS_accuracy_kp7500_seed42,42,60000,312,42,accuracy,100042,0.44695,1,2.8716353593826294,42.49781270325184,10,2.8716353593826294,valid,0.44620223803124154,0.5023493198762096,0.44695,100042
RS,0.4607,292,292,random,TINYIMAGENET,313,main_b1000_tinyimagenet_alexnet_RS_kp75_seed42,0.75,0.44685,False,0.75,alexnet,0.75,TINYIMAGENET_alexnet_RS_accuracy_kp7500_seed42,42,60000,313,42,accuracy,100042,0.44685,1,2.877393028879166,42.42791507393122,10,2.877393028879166,valid,0.45028291286445216,0.5150942808833254,0.44685,100042
RS,0.4607,292,292,random,TINYIMAGENET,314,main_b1000_tinyimagenet_alexnet_RS_kp75_seed42,0.75,0.44875,False,0.75,alexnet,0.75,TINYIMAGENET_alexnet_RS_accuracy_kp7500_seed42,42,60000,314,42,accuracy,100042,0.44875,1,2.840710206770897,42.01712263375521,10,2.840710206770897,valid,0.4490371204769565,0.5069595781747094,0.44875,100042
RS,0.4607,292,292,random,TINYIMAGENET,315,main_b1000_tinyimagenet_alexnet_RS_kp75_seed42,0.75,0.4503,False,0.75,alexnet,0.75,TINYIMAGENET_alexnet_RS_accuracy_kp7500_seed42,42,60000,315,42,accuracy,100042,0.4503,1,2.8620402638435363,42.42806865274906,10,2.8620402638435363,valid,0.450602898964774,0.5131015194451619,0.45030000000000003,100042
RS,0.4607,292,292,random,TINYIMAGENET,316,main_b1000_tinyimagenet_alexnet_RS_kp75_seed42,0.75,0.45415,False,0.75,alexnet,0.75,TINYIMAGENET_alexnet_RS_accuracy_kp7500_seed42,42,60000,316,42,accuracy,100042,0.45415,1,2.8083581184864044,42.50116778165102,10,2.8083581184864044,valid,0.4552758970897676,0.5099890082249955,0.45415000000000005,100042
RS,0.4607,292,292,random,TINYIMAGENET,317,main_b1000_tinyimagenet_alexnet_RS_kp75_seed42,0.75,0.4459,False,0.75,alexnet,0.75,TINYIMAGENET_alexnet_RS_accuracy_kp7500_seed42,42,60000,317,42,accuracy,100042,0.4459,1,2.8929729390621186,42.43472243100405,10,2.8929729390621186,valid,0.44543781374125613,0.5064571125889471,0.4459,100042
RS,0.4607,292,292,random,TINYIMAGENET,318,main_b1000_tinyimagenet_alexnet_RS_kp75_seed42,0.75,0.44835,False,0.75,alexnet,0.75,TINYIMAGENET_alexnet_RS_accuracy_kp7500_seed42,42,60000,318,42,accuracy,100042,0.44835,1,2.871143628048897,42.23594830185175,10,2.871143628048897,valid,0.4482159555454881,0.5060139311617472,0.44835,100042
RS,0.4607,292,292,random,TINYIMAGENET,319,main_b1000_tinyimagenet_alexnet_RS_kp75_seed42,0.75,0.4584,False,0.75,alexnet,0.75,TINYIMAGENET_alexnet_RS_accuracy_kp7500_seed42,42,60000,319,42,accuracy,100042,0.4584,1,2.8007137001752853,42.41336117684841,10,2.8007137001752853,valid,0.45521684366398846,0.506326221261554,0.45840000000000003,100042
RS,0.4607,292,292,random,TINYIMAGENET,320,main_b1000_tinyimagenet_alexnet_RS_kp75_seed42,0.75,0.4486,False,0.75,alexnet,0.75,TINYIMAGENET_alexnet_RS_accuracy_kp7500_seed42,42,60000,320,42,accuracy,100042,0.4486,1,2.8644760090112684,42.4994440600276,10,2.8644760090112684,valid,0.44526486454739705,0.5025599833978704,0.4486,100042
RS,0.4607,292,292,random,TINYIMAGENET,321,main_b1000_tinyimagenet_alexnet_RS_kp75_seed42,0.75,0.45305,False,0.75,alexnet,0.75,TINYIMAGENET_alexnet_RS_accuracy_kp7500_seed42,42,60000,321,42,accuracy,100042,0.45305,1,2.8445157106399535,42.17980723828077,10,2.8445157106399535,valid,0.4534749522803866,0.5086036765738015,0.45305,100042
RS,0.4607,292,292,random,TINYIMAGENET,322,main_b1000_tinyimagenet_alexnet_RS_kp75_seed42,0.75,0.44895,False,0.75,alexnet,0.75,TINYIMAGENET_alexnet_RS_accuracy_kp7500_seed42,42,60000,322,42,accuracy,100042,0.44895,1,2.8872122610092164,42.250540032982826,10,2.8872122610092164,valid,0.4482382803282525,0.5172117505674673,0.44895,100042
RS,0.4607,292,292,random,TINYIMAGENET,323,main_b1000_tinyimagenet_alexnet_RS_kp75_seed42,0.75,0.45395,False,0.75,alexnet,0.75,TINYIMAGENET_alexnet_RS_accuracy_kp7500_seed42,42,60000,323,42,accuracy,100042,0.45395,1,2.820984631252289,42.34688105434179,10,2.820984631252289,valid,0.4541475388590148,0.5102614192725646,0.45395,100042
RS,0.4607,292,292,random,TINYIMAGENET,324,main_b1000_tinyimagenet_alexnet_RS_kp75_seed42,0.75,0.43995,False,0.75,alexnet,0.75,TINYIMAGENET_alexnet_RS_accuracy_kp7500_seed42,42,60000,324,42,accuracy,100042,0.43995,1,2.9224794418811797,42.60172198712826,10,2.9224794418811797,valid,0.44032997283338987,0.5048530964266417,0.43994999999999995,100042
RS,0.4607,292,292,random,TINYIMAGENET,325,main_b1000_tinyimagenet_alexnet_RS_kp75_seed42,0.75,0.45355,False,0.75,alexnet,0.75,TINYIMAGENET_alexnet_RS_accuracy_kp7500_seed42,42,60000,325,42,accuracy,100042,0.45355,1,2.8236769053936004,41.99004426598549,10,2.8236769053936004,valid,0.4536424772320554,0.5114690285346177,0.45354999999999995,100042
RS,0.4607,292,292,random,TINYIMAGENET,326,main_b1000_tinyimagenet_alexnet_RS_kp75_seed42,0.75,0.4508,False,0.75,alexnet,0.75,TINYIMAGENET_alexnet_RS_accuracy_kp7500_seed42,42,60000,326,42,accuracy,100042,0.4508,1,2.8728953544139864,42.46127104759216,10,2.8728953544139864,valid,0.45108735097987673,0.5100978488840725,0.4508,100042
RS,0.4607,292,292,random,TINYIMAGENET,327,main_b1000_tinyimagenet_alexnet_RS_kp75_seed42,0.75,0.45135,False,0.75,alexnet,0.75,TINYIMAGENET_alexnet_RS_accuracy_kp7500_seed42,42,60000,327,42,accuracy,100042,0.45135,1,2.8357144001483916,42.507330633699894,10,2.8357144001483916,valid,0.4523755007792878,0.5057833865179924,0.45135000000000003,100042
RS,0.4607,292,292,random,TINYIMAGENET,328,main_b1000_tinyimagenet_alexnet_RS_kp75_seed42,0.75,0.4475,False,0.75,alexnet,0.75,TINYIMAGENET_alexnet_RS_accuracy_kp7500_seed42,42,60000,328,42,accuracy,100042,0.4475,1,2.857887307715416,42.42870555818081,10,2.857887307715416,valid,0.4464360485813472,0.5039675944821974,0.4475,100042
RS,0.4607,292,292,random,TINYIMAGENET,329,main_b1000_tinyimagenet_alexnet_RS_kp75_seed42,0.75,0.4471,False,0.75,alexnet,0.75,TINYIMAGENET_alexnet_RS_accuracy_kp7500_seed42,42,60000,329,42,accuracy,100042,0.4471,1,2.8774362851142885,42.17952862381935,10,2.8774362851142885,valid,0.44878403591768046,0.5096204274526006,0.4471,100042
RS,0.4607,292,292,random,TINYIMAGENET,330,main_b1000_tinyimagenet_alexnet_RS_kp75_seed42,0.75,0.44615,False,0.75,alexnet,0.75,TINYIMAGENET_alexnet_RS_accuracy_kp7500_seed42,42,60000,330,42,accuracy,100042,0.44615,1,2.920110252380371,42.39702270179987,10,2.920110252380371,valid,0.4470909528397651,0.5196076790804393,0.44614999999999994,100042
RS,0.4607,292,292,random,TINYIMAGENET,331,main_b1000_tinyimagenet_alexnet_RS_kp75_seed42,0.75,0.44495,False,0.75,alexnet,0.75,TINYIMAGENET_alexnet_RS_accuracy_kp7500_seed42,42,60000,331,42,accuracy,100042,0.44495,1,2.894987270784378,42.54217325896025,10,2.894987270784378,valid,0.44510716141832474,0.5101878850658251,0.44495000000000007,100042
RS,0.4607,292,292,random,TINYIMAGENET,332,main_b1000_tinyimagenet_alexnet_RS_kp75_seed42,0.75,0.4486,False,0.75,alexnet,0.75,TINYIMAGENET_alexnet_RS_accuracy_kp7500_seed42,42,60000,332,42,accuracy,100042,0.4486,1,2.897973140668869,42.272821582853794,10,2.897973140668869,valid,0.4477408031885271,0.5142928092899899,0.4486,100042
RS,0.4607,292,292,random,TINYIMAGENET,333,main_b1000_tinyimagenet_alexnet_RS_kp75_seed42,0.75,0.4518,False,0.75,alexnet,0.75,TINYIMAGENET_alexnet_RS_accuracy_kp7500_seed42,42,60000,333,42,accuracy,100042,0.4518,1,2.8741976201057433,42.12374559789896,10,2.8741976201057433,valid,0.45093539722470355,0.5135063497957202,0.4517999999999999,100042
RS,0.4607,292,292,random,TINYIMAGENET,334,main_b1000_tinyimagenet_alexnet_RS_kp75_seed42,0.75,0.4494,False,0.75,alexnet,0.75,TINYIMAGENET_alexnet_RS_accuracy_kp7500_seed42,42,60000,334,42,accuracy,100042,0.4494,1,2.8632469836711882,42.40484943240881,10,2.8632469836711882,valid,0.4488745396719597,0.5096628709739711,0.44939999999999997,100042
RS,0.4607,292,292,random,TINYIMAGENET,335,main_b1000_tinyimagenet_alexnet_RS_kp75_seed42,0.75,0.4596,False,0.75,alexnet,0.75,TINYIMAGENET_alexnet_RS_accuracy_kp7500_seed42,42,60000,335,42,accuracy,100042,0.4596,1,2.824920378446579,42.57101622968912,10,2.824920378446579,valid,0.45718398310112507,0.5071887848939516,0.4596,100042
RS,0.4607,292,292,random,TINYIMAGENET,336,main_b1000_tinyimagenet_alexnet_RS_kp75_seed42,0.75,0.44695,False,0.75,alexnet,0.75,TINYIMAGENET_alexnet_RS_accuracy_kp7500_seed42,42,60000,336,42,accuracy,100042,0.44695,1,2.899118058347702,42.36638458818197,10,2.899118058347702,valid,0.4464587420851568,0.512362475316271,0.44695,100042
RS,0.4607,292,292,random,TINYIMAGENET,337,main_b1000_tinyimagenet_alexnet_RS_kp75_seed42,0.75,0.4536,False,0.75,alexnet,0.75,TINYIMAGENET_alexnet_RS_accuracy_kp7500_seed42,42,60000,337,42,accuracy,100042,0.4536,1,2.8428397577285764,42.17343461513519,10,2.8428397577285764,valid,0.45064232926117953,0.5045324326719662,0.4536,100042
RS,0.4607,292,292,random,TINYIMAGENET,338,main_b1000_tinyimagenet_alexnet_RS_kp75_seed42,0.75,0.4494,False,0.75,alexnet,0.75,TINYIMAGENET_alexnet_RS_accuracy_kp7500_seed42,42,60000,338,42,accuracy,100042,0.4494,1,2.8444829052448273,42.43923781067133,10,2.8444829052448273,valid,0.4486572813302267,0.509184316972098,0.44939999999999997,100042
RS,0.4607,292,292,random,TINYIMAGENET,339,main_b1000_tinyimagenet_alexnet_RS_kp75_seed42,0.75,0.4521,False,0.75,alexnet,0.75,TINYIMAGENET_alexnet_RS_accuracy_kp7500_seed42,42,60000,339,42,accuracy,100042,0.4521,1,2.854831699991226,42.600409150123596,10,2.854831699991226,valid,0.450975240201125,0.5115445225171223,0.45209999999999995,100042
RS,0.4607,292,292,random,TINYIMAGENET,340,main_b1000_tinyimagenet_alexnet_RS_kp75_seed42,0.75,0.44825,False,0.75,alexnet,0.75,TINYIMAGENET_alexnet_RS_accuracy_kp7500_seed42,42,60000,340,42,accuracy,100042,0.44825,1,2.833574139738083,42.28144280612469,10,2.833574139738083,valid,0.44738345906505805,0.5032734754084959,0.44825000000000004,100042
RS,0.4607,292,292,random,TINYIMAGENET,341,main_b1000_tinyimagenet_alexnet_RS_kp75_seed42,0.75,0.44885,False,0.75,alexnet,0.75,TINYIMAGENET_alexnet_RS_accuracy_kp7500_seed42,42,60000,341,42,accuracy,100042,0.44885,1,2.8751999513149262,42.11236495524645,10,2.8751999513149262,valid,0.4488879261951222,0.5060884274884002,0.44885,100042
RS,0.4607,292,292,random,TINYIMAGENET,342,main_b1000_tinyimagenet_alexnet_RS_kp75_seed42,0.75,0.44425,False,0.75,alexnet,0.75,TINYIMAGENET_alexnet_RS_accuracy_kp7500_seed42,42,60000,342,42,accuracy,100042,0.44425,1,2.905323276901245,42.36614938080311,10,2.905323276901245,valid,0.4464070314286684,0.5188527338821691,0.44425,100042
RS,0.4607,292,292,random,TINYIMAGENET,343,main_b1000_tinyimagenet_alexnet_RS_kp75_seed42,0.75,0.4508,False,0.75,alexnet,0.75,TINYIMAGENET_alexnet_RS_accuracy_kp7500_seed42,42,60000,343,42,accuracy,100042,0.4508,1,2.849489085388184,42.612847313284874,10,2.849489085388184,valid,0.4490856619170239,0.509059144727713,0.4508,100042
RS,0.4607,292,292,random,TINYIMAGENET,344,main_b1000_tinyimagenet_alexnet_RS_kp75_seed42,0.75,0.44865,False,0.75,alexnet,0.75,TINYIMAGENET_alexnet_RS_accuracy_kp7500_seed42,42,60000,344,42,accuracy,100042,0.44865,1,2.844470571565628,42.26313862204552,10,2.844470571565628,valid,0.4495343660982236,0.5009530530034474,0.44865,100042
RS,0.4607,292,292,random,TINYIMAGENET,345,main_b1000_tinyimagenet_alexnet_RS_kp75_seed42,0.75,0.45375,False,0.75,alexnet,0.75,TINYIMAGENET_alexnet_RS_accuracy_kp7500_seed42,42,60000,345,42,accuracy,100042,0.45375,1,2.8547923188209534,42.16753180325031,10,2.8547923188209534,valid,0.45049266041384184,0.507627051089989,0.45375,100042
RS,0.4607,292,292,random,TINYIMAGENET,346,main_b1000_tinyimagenet_alexnet_RS_kp75_seed42,0.75,0.44795,False,0.75,alexnet,0.75,TINYIMAGENET_alexnet_RS_accuracy_kp7500_seed42,42,60000,346,42,accuracy,100042,0.44795,1,2.877164156508446,42.46550448983908,10,2.877164156508446,valid,0.4478698092609774,0.5109163495059346,0.44795,100042
RS,0.4607,292,292,random,TINYIMAGENET,347,main_b1000_tinyimagenet_alexnet_RS_kp75_seed42,0.75,0.44915,False,0.75,alexnet,0.75,TINYIMAGENET_alexnet_RS_accuracy_kp7500_seed42,42,60000,347,42,accuracy,100042,0.44915,1,2.865023600435257,42.58277174085379,10,2.865023600435257,valid,0.44965992082426565,0.5081736808601134,0.44915,100042
RS,0.4607,292,292,random,TINYIMAGENET,348,main_b1000_tinyimagenet_alexnet_RS_kp75_seed42,0.75,0.4382,False,0.75,alexnet,0.75,TINYIMAGENET_alexnet_RS_accuracy_kp7500_seed42,42,60000,348,42,accuracy,100042,0.4382,1,2.9719155707359315,42.33912669867277,10,2.9719155707359315,valid,0.4379862241161055,0.5165799537002779,0.4382,100042
RS,0.4607,292,292,random,TINYIMAGENET,349,main_b1000_tinyimagenet_alexnet_RS_kp75_seed42,0.75,0.4486,False,0.75,alexnet,0.75,TINYIMAGENET_alexnet_RS_accuracy_kp7500_seed42,42,60000,349,42,accuracy,100042,0.4486,1,2.8831113446712493,42.20368377119303,10,2.8831113446712493,valid,0.4478157305203605,0.5098720461515868,0.4486,100042
RS,0.4607,292,292,random,TINYIMAGENET,350,main_b1000_tinyimagenet_alexnet_RS_kp75_seed42,0.75,0.45595,False,0.75,alexnet,0.75,TINYIMAGENET_alexnet_RS_accuracy_kp7500_seed42,42,60000,350,42,accuracy,100042,0.45595,1,2.807696946299076,42.56490604579449,10,2.807696946299076,valid,0.4532733280334344,0.5016734427261952,0.45594999999999997,100042
RS,0.4607,292,292,random,TINYIMAGENET,351,main_b1000_tinyimagenet_alexnet_RS_kp75_seed42,0.75,0.44175,False,0.75,alexnet,0.75,TINYIMAGENET_alexnet_RS_accuracy_kp7500_seed42,42,60000,351,42,accuracy,100042,0.44175,1,2.9259050443649293,42.47412609308958,10,2.9259050443649293,valid,0.4435332030976655,0.5083946156040386,0.44175000000000003,100042
RS,0.4607,292,292,random,TINYIMAGENET,352,main_b1000_tinyimagenet_alexnet_RS_kp75_seed42,0.75,0.45365,False,0.75,alexnet,0.75,TINYIMAGENET_alexnet_RS_accuracy_kp7500_seed42,42,60000,352,42,accuracy,100042,0.45365,1,2.8338777426719663,42.295665979385376,10,2.8338777426719663,valid,0.45311559339315877,0.5100165041367924,0.45365,100042
RS,0.4607,292,292,random,TINYIMAGENET,353,main_b1000_tinyimagenet_alexnet_RS_kp75_seed42,0.75,0.45175,False,0.75,alexnet,0.75,TINYIMAGENET_alexnet_RS_accuracy_kp7500_seed42,42,60000,353,42,accuracy,100042,0.45175,1,2.8220585420131683,42.15820616483688,10,2.8220585420131683,valid,0.4495043300032989,0.5068288928729104,0.45175000000000004,100042
RS,0.4607,292,292,random,TINYIMAGENET,354,main_b1000_tinyimagenet_alexnet_RS_kp75_seed42,0.75,0.4494,False,0.75,alexnet,0.75,TINYIMAGENET_alexnet_RS_accuracy_kp7500_seed42,42,60000,354,42,accuracy,100042,0.4494,1,2.845800940465927,42.492661125957966,10,2.845800940465927,valid,0.4512682233975324,0.5133298407090238,0.44939999999999997,100042
RS,0.4607,292,292,random,TINYIMAGENET,355,main_b1000_tinyimagenet_alexnet_RS_kp75_seed42,0.75,0.4517,False,0.75,alexnet,0.75,TINYIMAGENET_alexnet_RS_accuracy_kp7500_seed42,42,60000,355,42,accuracy,100042,0.4517,1,2.8566487891435624,42.53304746001959,10,2.8566487891435624,valid,0.44882035701559303,0.5053050534789668,0.4517,100042
RS,0.4607,292,292,random,TINYIMAGENET,356,main_b1000_tinyimagenet_alexnet_RS_kp75_seed42,0.75,0.4494,False,0.75,alexnet,0.75,TINYIMAGENET_alexnet_RS_accuracy_kp7500_seed42,42,60000,356,42,accuracy,100042,0.4494,1,2.8788235989093782,42.203693225979805,10,2.8788235989093782,valid,0.44891003712318633,0.5070624464751161,0.44939999999999997,100042
RS,0.4607,292,292,random,TINYIMAGENET,357,main_b1000_tinyimagenet_alexnet_RS_kp75_seed42,0.75,0.45575,False,0.75,alexnet,0.75,TINYIMAGENET_alexnet_RS_accuracy_kp7500_seed42,42,60000,357,42,accuracy,100042,0.45575,1,2.851446539592743,42.10571601986885,10,2.851446539592743,valid,0.454417897202149,0.5117982554541026,0.45575000000000004,100042
RS,0.4607,292,292,random,TINYIMAGENET,358,main_b1000_tinyimagenet_alexnet_RS_kp75_seed42,0.75,0.4485,False,0.75,alexnet,0.75,TINYIMAGENET_alexnet_RS_accuracy_kp7500_seed42,42,60000,358,42,accuracy,100042,0.4485,1,2.88535114634037,42.38923450559378,10,2.88535114634037,valid,0.4445087417794451,0.5079507498730055,0.4485,100042
RS,0.4607,292,292,random,TINYIMAGENET,359,main_b1000_tinyimagenet_alexnet_RS_kp75_seed42,0.75,0.455,False,0.75,alexnet,0.75,TINYIMAGENET_alexnet_RS_accuracy_kp7500_seed42,42,60000,359,42,accuracy,100042,0.455,1,2.7927412481307985,42.5093195065856,10,2.7927412481307985,valid,0.4550687987544987,0.5064356029234441,0.455,100042
RS,0.4607,292,292,random,TINYIMAGENET,360,main_b1000_tinyimagenet_alexnet_RS_kp75_seed42,0.75,0.4503,False,0.75,alexnet,0.75,TINYIMAGENET_alexnet_RS_accuracy_kp7500_seed42,42,60000,360,42,accuracy,100042,0.4503,1,2.88784915599823,41.96883734315634,10,2.88784915599823,valid,0.447896956079849,0.506908393979247,0.45030000000000003,100042
RS,0.4607,292,292,random,TINYIMAGENET,361,main_b1000_tinyimagenet_alexnet_RS_kp75_seed42,0.75,0.44825,False,0.75,alexnet,0.75,TINYIMAGENET_alexnet_RS_accuracy_kp7500_seed42,42,60000,361,42,accuracy,100042,0.44825,1,2.903417075538635,42.224623434245586,10,2.903417075538635,valid,0.4473821676351951,0.5159854132215622,0.44825000000000004,100042
RS,0.4607,292,292,random,TINYIMAGENET,362,main_b1000_tinyimagenet_alexnet_RS_kp75_seed42,0.75,0.44855,False,0.75,alexnet,0.75,TINYIMAGENET_alexnet_RS_accuracy_kp7500_seed42,42,60000,362,42,accuracy,100042,0.44855,1,2.8763341916561127,42.461756624281406,10,2.8763341916561127,valid,0.4462039974714135,0.5026512761907085,0.44855000000000006,100042
RS,0.4607,292,292,random,TINYIMAGENET,363,main_b1000_tinyimagenet_alexnet_RS_kp75_seed42,0.75,0.4527,False,0.75,alexnet,0.75,TINYIMAGENET_alexnet_RS_accuracy_kp7500_seed42,42,60000,363,42,accuracy,100042,0.4527,1,2.8348959030628205,42.46551086008549,10,2.8348959030628205,valid,0.45426000299823516,0.5156615924456877,0.45270000000000005,100042
RS,0.4607,292,292,random,TINYIMAGENET,364,main_b1000_tinyimagenet_alexnet_RS_kp75_seed42,0.75,0.4559,False,0.75,alexnet,0.75,TINYIMAGENET_alexnet_RS_accuracy_kp7500_seed42,42,60000,364,42,accuracy,100042,0.4559,1,2.8380206510066985,41.88425838947296,10,2.8380206510066985,valid,0.45429670856884075,0.5087924354748147,0.4559,100042
RS,0.4607,292,292,random,TINYIMAGENET,365,main_b1000_tinyimagenet_alexnet_RS_kp75_seed42,0.75,0.4461,False,0.75,alexnet,0.75,TINYIMAGENET_alexnet_RS_accuracy_kp7500_seed42,42,60000,365,42,accuracy,100042,0.4461,1,2.864803509235382,42.25548864156008,10,2.864803509235382,valid,0.4470427736229361,0.5026037604302,0.4461,100042
RS,0.4607,292,292,random,TINYIMAGENET,366,main_b1000_tinyimagenet_alexnet_RS_kp75_seed42,0.75,0.4449,False,0.75,alexnet,0.75,TINYIMAGENET_alexnet_RS_accuracy_kp7500_seed42,42,60000,366,42,accuracy,100042,0.4449,1,2.9249702256202696,42.63035423308611,10,2.9249702256202696,valid,0.44290862588458835,0.5064520215323259,0.4449,100042
RS,0.4607,292,292,random,TINYIMAGENET,367,main_b1000_tinyimagenet_alexnet_RS_kp75_seed42,0.75,0.4517,False,0.75,alexnet,0.75,TINYIMAGENET_alexnet_RS_accuracy_kp7500_seed42,42,60000,367,42,accuracy,100042,0.4517,1,2.8715079293727874,42.41001673787832,10,2.8715079293727874,valid,0.45282797586190765,0.5156709142351267,0.4517,100042
RS,0.4607,292,292,random,TINYIMAGENET,368,main_b1000_tinyimagenet_alexnet_RS_kp75_seed42,0.75,0.45435,False,0.75,alexnet,0.75,TINYIMAGENET_alexnet_RS_accuracy_kp7500_seed42,42,60000,368,42,accuracy,100042,0.45435,1,2.8557310637950897,42.154947496950626,10,2.8557310637950897,valid,0.4525979886044407,0.5091440483586275,0.45435000000000003,100042
RS,0.4607,292,292,random,TINYIMAGENET,369,main_b1000_tinyimagenet_alexnet_RS_kp75_seed42,0.75,0.45015,False,0.75,alexnet,0.75,TINYIMAGENET_alexnet_RS_accuracy_kp7500_seed42,42,60000,369,42,accuracy,100042,0.45015,1,2.8217399295806884,42.3573400080204,10,2.8217399295806884,valid,0.44991157097245393,0.507616077713537,0.45015,100042
RS,0.4607,292,292,random,TINYIMAGENET,370,main_b1000_tinyimagenet_alexnet_RS_kp75_seed42,0.75,0.4479,False,0.75,alexnet,0.75,TINYIMAGENET_alexnet_RS_accuracy_kp7500_seed42,42,60000,370,42,accuracy,100042,0.4479,1,2.8830442660808564,42.606191873550415,10,2.8830442660808564,valid,0.4468380825535015,0.5133073381037913,0.44789999999999996,100042
RS,0.4607,292,292,random,TINYIMAGENET,371,main_b1000_tinyimagenet_alexnet_RS_kp75_seed42,0.75,0.445,False,0.75,alexnet,0.75,TINYIMAGENET_alexnet_RS_accuracy_kp7500_seed42,42,60000,371,42,accuracy,100042,0.445,1,2.9052954973697664,42.20674015581608,10,2.9052954973697664,valid,0.44701190650467,0.5206002745450339,0.445,100042
RS,0.4607,292,292,random,TINYIMAGENET,372,main_b1000_tinyimagenet_alexnet_RS_kp75_seed42,0.75,0.45155,False,0.75,alexnet,0.75,TINYIMAGENET_alexnet_RS_accuracy_kp7500_seed42,42,60000,372,42,accuracy,100042,0.45155,1,2.8553978346586226,42.24257417023182,10,2.8553978346586226,valid,0.44985401945850667,0.5042398587728009,0.45155,100042
RS,0.4607,292,292,random,TINYIMAGENET,373,main_b1000_tinyimagenet_alexnet_RS_kp75_seed42,0.75,0.4509,False,0.75,alexnet,0.75,TINYIMAGENET_alexnet_RS_accuracy_kp7500_seed42,42,60000,373,42,accuracy,100042,0.4509,1,2.866376543045044,42.49565524607897,10,2.866376543045044,valid,0.4495688638843579,0.5150840072618422,0.4509,100042
RS,0.4607,292,292,random,TINYIMAGENET,374,main_b1000_tinyimagenet_alexnet_RS_kp75_seed42,0.75,0.4486,False,0.75,alexnet,0.75,TINYIMAGENET_alexnet_RS_accuracy_kp7500_seed42,42,60000,374,42,accuracy,100042,0.4486,1,2.8395245567798613,42.63787694275379,10,2.8395245567798613,valid,0.44826843823998175,0.5007240485039902,0.4486,100042
RS,0.4607,292,292,random,TINYIMAGENET,375,main_b1000_tinyimagenet_alexnet_RS_kp75_seed42,0.75,0.4483,False,0.75,alexnet,0.75,TINYIMAGENET_alexnet_RS_accuracy_kp7500_seed42,42,60000,375,42,accuracy,100042,0.4483,1,2.85706493268013,42.029475182294846,10,2.85706493268013,valid,0.4478979897798533,0.5107418057807656,0.4483,100042
RS,0.4607,292,292,random,TINYIMAGENET,376,main_b1000_tinyimagenet_alexnet_RS_kp75_seed42,0.75,0.4399,False,0.75,alexnet,0.75,TINYIMAGENET_alexnet_RS_accuracy_kp7500_seed42,42,60000,376,42,accuracy,100042,0.4399,1,2.9649979662895203,42.68680988997221,10,2.9649979662895203,valid,0.43974907447957406,0.5150322431065907,0.43989999999999996,100042
RS,0.4607,292,292,random,TINYIMAGENET,377,main_b1000_tinyimagenet_alexnet_RS_kp75_seed42,0.75,0.44725,False,0.75,alexnet,0.75,TINYIMAGENET_alexnet_RS_accuracy_kp7500_seed42,42,60000,377,42,accuracy,100042,0.44725,1,2.836603985452652,42.49539825320244,10,2.836603985452652,valid,0.44799531121185127,0.5006304087265896,0.44725000000000004,100042
RS,0.4607,292,292,random,TINYIMAGENET,378,main_b1000_tinyimagenet_alexnet_RS_kp75_seed42,0.75,0.44885,False,0.75,alexnet,0.75,TINYIMAGENET_alexnet_RS_accuracy_kp7500_seed42,42,60000,378,42,accuracy,100042,0.44885,1,2.859049626493454,42.33429481089115,10,2.859049626493454,valid,0.4465412178383673,0.5053704666624099,0.44885,100042
RS,0.4607,292,292,random,TINYIMAGENET,379,main_b1000_tinyimagenet_alexnet_RS_kp75_seed42,0.75,0.4534,False,0.75,alexnet,0.75,TINYIMAGENET_alexnet_RS_accuracy_kp7500_seed42,42,60000,379,42,accuracy,100042,0.4534,1,2.8559158383846284,42.01374565809965,10,2.8559158383846284,valid,0.45472197080560905,0.511189465558731,0.4534,100042
RS,0.4607,292,292,random,TINYIMAGENET,380,main_b1000_tinyimagenet_alexnet_RS_kp75_seed42,0.75,0.44655,False,0.75,alexnet,0.75,TINYIMAGENET_alexnet_RS_accuracy_kp7500_seed42,42,60000,380,42,accuracy,100042,0.44655,1,2.878478195142746,42.50519374012947,10,2.878478195142746,valid,0.4467610037635478,0.5171530543595376,0.44655,100042
RS,0.4607,292,292,random,TINYIMAGENET,381,main_b1000_tinyimagenet_alexnet_RS_kp75_seed42,0.75,0.44975,False,0.75,alexnet,0.75,TINYIMAGENET_alexnet_RS_accuracy_kp7500_seed42,42,60000,381,42,accuracy,100042,0.44975,1,2.888430538702011,42.650476068258286,10,2.888430538702011,valid,0.44967787393044545,0.5192539380508225,0.4497500000000001,100042
RS,0.4607,292,292,random,TINYIMAGENET,382,main_b1000_tinyimagenet_alexnet_RS_kp75_seed42,0.75,0.46055,False,0.75,alexnet,0.75,TINYIMAGENET_alexnet_RS_accuracy_kp7500_seed42,42,60000,382,42,accuracy,100042,0.46055,1,2.824558257484436,42.05120526999235,10,2.824558257484436,valid,0.4592981071926222,0.5153943294977806,0.46055,100042
RS,0.4607,292,292,random,TINYIMAGENET,383,main_b1000_tinyimagenet_alexnet_RS_kp75_seed42,0.75,0.4515,False,0.75,alexnet,0.75,TINYIMAGENET_alexnet_RS_accuracy_kp7500_seed42,42,60000,383,42,accuracy,100042,0.4515,1,2.8595484026908875,42.30368635058403,10,2.8595484026908875,valid,0.44992233552296973,0.5101355267424654,0.4515,100042
RS,0.4607,292,292,random,TINYIMAGENET,384,main_b1000_tinyimagenet_alexnet_RS_kp75_seed42,0.75,0.44565,False,0.75,alexnet,0.75,TINYIMAGENET_alexnet_RS_accuracy_kp7500_seed42,42,60000,384,42,accuracy,100042,0.44565,1,2.8857121203899383,42.520600602030754,10,2.8857121203899383,valid,0.4448684642575455,0.5060405417938791,0.44565,100042
RS,0.4607,292,292,random,TINYIMAGENET,385,main_b1000_tinyimagenet_alexnet_RS_kp75_seed42,0.75,0.44945,False,0.75,alexnet,0.75,TINYIMAGENET_alexnet_RS_accuracy_kp7500_seed42,42,60000,385,42,accuracy,100042,0.44945,1,2.893909958410263,42.310231402516365,10,2.893909958410263,valid,0.44841647763508646,0.5078762211285528,0.44945000000000007,100042
RS,0.4607,292,292,random,TINYIMAGENET,386,main_b1000_tinyimagenet_alexnet_RS_kp75_seed42,0.75,0.44905,False,0.75,alexnet,0.75,TINYIMAGENET_alexnet_RS_accuracy_kp7500_seed42,42,60000,386,42,accuracy,100042,0.44905,1,2.894782995581627,42.031041637063026,10,2.894782995581627,valid,0.44666472599531476,0.5131006702634882,0.44905,100042
RS,0.4607,292,292,random,TINYIMAGENET,387,main_b1000_tinyimagenet_alexnet_RS_kp75_seed42,0.75,0.45185,False,0.75,alexnet,0.75,TINYIMAGENET_alexnet_RS_accuracy_kp7500_seed42,42,60000,387,42,accuracy,100042,0.45185,1,2.8712354624271392,42.50440361350775,10,2.8712354624271392,valid,0.4493392488513819,0.5075596874691405,0.45185000000000003,100042
RS,0.4607,292,292,random,TINYIMAGENET,388,main_b1000_tinyimagenet_alexnet_RS_kp75_seed42,0.75,0.4488,False,0.75,alexnet,0.75,TINYIMAGENET_alexnet_RS_accuracy_kp7500_seed42,42,60000,388,42,accuracy,100042,0.4488,1,2.856430975520611,42.59027125686407,10,2.856430975520611,valid,0.4476282532044986,0.5063460839169679,0.44880000000000003,100042
RS,0.4607,292,292,random,TINYIMAGENET,389,main_b1000_tinyimagenet_alexnet_RS_kp75_seed42,0.75,0.44575,False,0.75,alexnet,0.75,TINYIMAGENET_alexnet_RS_accuracy_kp7500_seed42,42,60000,389,42,accuracy,100042,0.44575,1,2.8826752506256104,42.03291513770819,10,2.8826752506256104,valid,0.4451363758713235,0.5057129173138993,0.44575,100042
RS,0.4607,292,292,random,TINYIMAGENET,390,main_b1000_tinyimagenet_alexnet_RS_kp75_seed42,0.75,0.45165,False,0.75,alexnet,0.75,TINYIMAGENET_alexnet_RS_accuracy_kp7500_seed42,42,60000,390,42,accuracy,100042,0.45165,1,2.833398618412018,42.31020376086235,10,2.833398618412018,valid,0.4496674338545141,0.5039969144054356,0.45165,100042
RS,0.4607,292,292,random,TINYIMAGENET,391,main_b1000_tinyimagenet_alexnet_RS_kp75_seed42,0.75,0.44625,False,0.75,alexnet,0.75,TINYIMAGENET_alexnet_RS_accuracy_kp7500_seed42,42,60000,391,42,accuracy,100042,0.44625,1,2.8924286089658735,42.63234218209982,10,2.8924286089658735,valid,0.4482973405266838,0.5088090310286426,0.44625,100042
RS,0.4607,292,292,random,TINYIMAGENET,392,main_b1000_tinyimagenet_alexnet_RS_kp75_seed42,0.75,0.44575,False,0.75,alexnet,0.75,TINYIMAGENET_alexnet_RS_accuracy_kp7500_seed42,42,60000,392,42,accuracy,100042,0.44575,1,2.8890439892053603,42.37904950976372,10,2.8890439892053603,valid,0.4420689695811729,0.4990779116726982,0.44575000000000004,100042
RS,0.4607,292,292,random,TINYIMAGENET,393,main_b1000_tinyimagenet_alexnet_RS_kp75_seed42,0.75,0.4585,False,0.75,alexnet,0.75,TINYIMAGENET_alexnet_RS_accuracy_kp7500_seed42,42,60000,393,42,accuracy,100042,0.4585,1,2.817246304988861,42.0911753103137,10,2.817246304988861,valid,0.45532060805410657,0.5099298351571019,0.45849999999999996,100042
RS,0.4607,292,292,random,TINYIMAGENET,394,main_b1000_tinyimagenet_alexnet_RS_kp75_seed42,0.75,0.4463,False,0.75,alexnet,0.75,TINYIMAGENET_alexnet_RS_accuracy_kp7500_seed42,42,60000,394,42,accuracy,100042,0.4463,1,2.87950900182724,42.50421745330095,10,2.87950900182724,valid,0.4467276082420344,0.5042755784408918,0.4463,100042
RS,0.4607,292,292,random,TINYIMAGENET,395,main_b1000_tinyimagenet_alexnet_RS_kp75_seed42,0.75,0.446,False,0.75,alexnet,0.75,TINYIMAGENET_alexnet_RS_accuracy_kp7500_seed42,42,60000,395,42,accuracy,100042,0.446,1,2.866477097892761,42.975484527647495,10,2.866477097892761,valid,0.4444775226364747,0.5041424368748045,0.44600000000000006,100042
RS,0.4607,292,292,random,TINYIMAGENET,396,main_b1000_tinyimagenet_alexnet_RS_kp75_seed42,0.75,0.4495,False,0.75,alexnet,0.75,TINYIMAGENET_alexnet_RS_accuracy_kp7500_seed42,42,60000,396,42,accuracy,100042,0.4495,1,2.8360712541103363,42.06849731504917,10,2.8360712541103363,valid,0.451288444913798,0.5064540410199659,0.4495,100042
RS,0.4607,292,292,random,TINYIMAGENET,397,main_b1000_tinyimagenet_alexnet_RS_kp75_seed42,0.75,0.44735,False,0.75,alexnet,0.75,TINYIMAGENET_alexnet_RS_accuracy_kp7500_seed42,42,60000,397,42,accuracy,100042,0.44735,1,2.8802256836414335,42.322209656238556,10,2.8802256836414335,valid,0.44413263922831,0.5064777136677929,0.44734999999999997,100042
RS,0.4607,292,292,random,TINYIMAGENET,398,main_b1000_tinyimagenet_alexnet_RS_kp75_seed42,0.75,0.4444,False,0.75,alexnet,0.75,TINYIMAGENET_alexnet_RS_accuracy_kp7500_seed42,42,60000,398,42,accuracy,100042,0.4444,1,2.92026063914299,42.4951656460762,10,2.92026063914299,valid,0.445010500634593,0.5141210372283581,0.44439999999999996,100042
RS,0.4607,292,292,random,TINYIMAGENET,399,main_b1000_tinyimagenet_alexnet_RS_kp75_seed42,0.75,0.4492,False,0.75,alexnet,0.75,TINYIMAGENET_alexnet_RS_accuracy_kp7500_seed42,42,60000,399,42,accuracy,100042,0.4492,1,2.87881682639122,42.530460841953754,10,2.87881682639122,valid,0.4521285053152525,0.515564051998205,0.44920000000000004,100042
RS,0.4607,292,292,random,TINYIMAGENET,400,main_b1000_tinyimagenet_alexnet_RS_kp75_seed42,0.75,0.44615,False,0.75,alexnet,0.75,TINYIMAGENET_alexnet_RS_accuracy_kp7500_seed42,42,60000,400,42,accuracy,100042,0.44615,1,2.91604934220314,42.01831603050232,10,2.91604934220314,valid,0.4446448770382125,0.5133725494116121,0.44615000000000005,100042
RS,0.4607,292,292,random,TINYIMAGENET,401,main_b1000_tinyimagenet_alexnet_RS_kp75_seed42,0.75,0.4474,False,0.75,alexnet,0.75,TINYIMAGENET_alexnet_RS_accuracy_kp7500_seed42,42,60000,401,42,accuracy,100042,0.4474,1,2.879305397605896,42.3765185251832,10,2.879305397605896,valid,0.44958878888953807,0.515607943756484,0.44739999999999996,100042
RS,0.4607,292,292,random,TINYIMAGENET,402,main_b1000_tinyimagenet_alexnet_RS_kp75_seed42,0.75,0.449,False,0.75,alexnet,0.75,TINYIMAGENET_alexnet_RS_accuracy_kp7500_seed42,42,60000,402,42,accuracy,100042,0.449,1,2.8800239204883575,42.49524865299463,10,2.8800239204883575,valid,0.44441873671777415,0.5112303621905204,0.44900000000000007,100042
RS,0.4607,292,292,random,TINYIMAGENET,403,main_b1000_tinyimagenet_alexnet_RS_kp75_seed42,0.75,0.4462,False,0.75,alexnet,0.75,TINYIMAGENET_alexnet_RS_accuracy_kp7500_seed42,42,60000,403,42,accuracy,100042,0.4462,1,2.911777986359596,42.337311305105686,10,2.911777986359596,valid,0.44433419341750896,0.513637361677294,0.44620000000000004,100042
RS,0.4607,292,292,random,TINYIMAGENET,404,main_b1000_tinyimagenet_alexnet_RS_kp75_seed42,0.75,0.4517,False,0.75,alexnet,0.75,TINYIMAGENET_alexnet_RS_accuracy_kp7500_seed42,42,60000,404,42,accuracy,100042,0.4517,1,2.8671096794605253,42.144403129816055,10,2.8671096794605253,valid,0.45367691775713903,0.5139085942254357,0.4517,100042
RS,0.4607,292,292,random,TINYIMAGENET,405,main_b1000_tinyimagenet_alexnet_RS_kp75_seed42,0.75,0.4496,False,0.75,alexnet,0.75,TINYIMAGENET_alexnet_RS_accuracy_kp7500_seed42,42,60000,405,42,accuracy,100042,0.4496,1,2.876610858440399,42.43587898463011,10,2.876610858440399,valid,0.4472989856207194,0.5087821150177897,0.4496,100042
RS,0.4607,292,292,random,TINYIMAGENET,406,main_b1000_tinyimagenet_alexnet_RS_kp75_seed42,0.75,0.44125,False,0.75,alexnet,0.75,TINYIMAGENET_alexnet_RS_accuracy_kp7500_seed42,42,60000,406,42,accuracy,100042,0.44125,1,2.944117650282383,42.56689924746752,10,2.944117650282383,valid,0.44256923932707254,0.5141890323585045,0.44125,100042
RS,0.4607,292,292,random,TINYIMAGENET,407,main_b1000_tinyimagenet_alexnet_RS_kp75_seed42,0.75,0.4411,False,0.75,alexnet,0.75,TINYIMAGENET_alexnet_RS_accuracy_kp7500_seed42,42,60000,407,42,accuracy,100042,0.4411,1,2.944798628759384,42.03651564568281,10,2.944798628759384,valid,0.4448313758052339,0.5199356422188386,0.4411,100042
RS,0.4607,292,292,random,TINYIMAGENET,408,main_b1000_tinyimagenet_alexnet_RS_kp75_seed42,0.75,0.4507,False,0.75,alexnet,0.75,TINYIMAGENET_alexnet_RS_accuracy_kp7500_seed42,42,60000,408,42,accuracy,100042,0.4507,1,2.857733808040619,42.36329682171345,10,2.857733808040619,valid,0.4486659917923592,0.5124561059352445,0.4507,100042
RS,0.4607,292,292,random,TINYIMAGENET,409,main_b1000_tinyimagenet_alexnet_RS_kp75_seed42,0.75,0.44775,False,0.75,alexnet,0.75,TINYIMAGENET_alexnet_RS_accuracy_kp7500_seed42,42,60000,409,42,accuracy,100042,0.44775,1,2.87269098174572,42.53558097779751,10,2.87269098174572,valid,0.447691076244937,0.5153204856371866,0.44775000000000004,100042
RS,0.4607,292,292,random,TINYIMAGENET,410,main_b1000_tinyimagenet_alexnet_RS_kp75_seed42,0.75,0.4504,False,0.75,alexnet,0.75,TINYIMAGENET_alexnet_RS_accuracy_kp7500_seed42,42,60000,410,42,accuracy,100042,0.4504,1,2.852713593864441,42.52801240235567,10,2.852713593864441,valid,0.4508288853201809,0.5084015884684692,0.45039999999999997,100042
RS,0.4607,292,292,random,TINYIMAGENET,411,main_b1000_tinyimagenet_alexnet_RS_kp75_seed42,0.75,0.4573,False,0.75,alexnet,0.75,TINYIMAGENET_alexnet_RS_accuracy_kp7500_seed42,42,60000,411,42,accuracy,100042,0.4573,1,2.8535149344921114,41.893922708928585,10,2.8535149344921114,valid,0.4554391431353342,0.5115491708942449,0.4573,100042
RS,0.4607,292,292,random,TINYIMAGENET,412,main_b1000_tinyimagenet_alexnet_RS_kp75_seed42,0.75,0.4477,False,0.75,alexnet,0.75,TINYIMAGENET_alexnet_RS_accuracy_kp7500_seed42,42,60000,412,42,accuracy,100042,0.4477,1,2.8689064183235167,42.41538877785206,10,2.8689064183235167,valid,0.4493469182490659,0.5131476035162171,0.4477,100042
RS,0.4607,292,292,random,TINYIMAGENET,413,main_b1000_tinyimagenet_alexnet_RS_kp75_seed42,0.75,0.4566,False,0.75,alexnet,0.75,TINYIMAGENET_alexnet_RS_accuracy_kp7500_seed42,42,60000,413,42,accuracy,100042,0.4566,1,2.824603377723694,42.51629914343357,10,2.824603377723694,valid,0.4544036254016743,0.5128329015544524,0.45660000000000006,100042
RS,0.4607,292,292,random,TINYIMAGENET,414,main_b1000_tinyimagenet_alexnet_RS_kp75_seed42,0.75,0.44295,False,0.75,alexnet,0.75,TINYIMAGENET_alexnet_RS_accuracy_kp7500_seed42,42,60000,414,42,accuracy,100042,0.44295,1,2.899152003097534,42.240796349942684,10,2.899152003097534,valid,0.44343488267520514,0.509432208321362,0.44295,100042
RS,0.4607,292,292,random,TINYIMAGENET,415,main_b1000_tinyimagenet_alexnet_RS_kp75_seed42,0.75,0.44145,False,0.75,alexnet,0.75,TINYIMAGENET_alexnet_RS_accuracy_kp7500_seed42,42,60000,415,42,accuracy,100042,0.44145,1,2.89605963306427,42.259738855063915,10,2.89605963306427,valid,0.44299209678394064,0.5095214471870837,0.44144999999999995,100042
RS,0.4607,292,292,random,TINYIMAGENET,416,main_b1000_tinyimagenet_alexnet_RS_kp75_seed42,0.75,0.457,False,0.75,alexnet,0.75,TINYIMAGENET_alexnet_RS_accuracy_kp7500_seed42,42,60000,416,42,accuracy,100042,0.457,1,2.8143269526958465,42.48361111432314,10,2.8143269526958465,valid,0.4564921686066258,0.5097634171763565,0.457,100042
RS,0.4607,292,292,random,TINYIMAGENET,417,main_b1000_tinyimagenet_alexnet_RS_kp75_seed42,0.75,0.446,False,0.75,alexnet,0.75,TINYIMAGENET_alexnet_RS_accuracy_kp7500_seed42,42,60000,417,42,accuracy,100042,0.446,1,2.9007670695304872,42.73534930497408,10,2.9007670695304872,valid,0.44789251346686365,0.5176873086790122,0.446,100042
RS,0.4607,292,292,random,TINYIMAGENET,418,main_b1000_tinyimagenet_alexnet_RS_kp75_seed42,0.75,0.44625,False,0.75,alexnet,0.75,TINYIMAGENET_alexnet_RS_accuracy_kp7500_seed42,42,60000,418,42,accuracy,100042,0.44625,1,2.8691021706581115,42.016362600028515,10,2.8691021706581115,valid,0.44350953351627764,0.5024043070015284,0.44625,100042
RS,0.4607,292,292,random,TINYIMAGENET,419,main_b1000_tinyimagenet_alexnet_RS_kp75_seed42,0.75,0.4458,False,0.75,alexnet,0.75,TINYIMAGENET_alexnet_RS_accuracy_kp7500_seed42,42,60000,419,42,accuracy,100042,0.4458,1,2.8955162229299547,42.35957312583923,10,2.8955162229299547,valid,0.4480097828971799,0.5092933952035961,0.4458,100042
RS,0.4607,292,292,random,TINYIMAGENET,420,main_b1000_tinyimagenet_alexnet_RS_kp75_seed42,0.75,0.4474,False,0.75,alexnet,0.75,TINYIMAGENET_alexnet_RS_accuracy_kp7500_seed42,42,60000,420,42,accuracy,100042,0.4474,1,2.8805121879577635,42.57809027284384,10,2.8805121879577635,valid,0.44754049456736683,0.5045570787997761,0.4474,100042
RS,0.4607,292,292,random,TINYIMAGENET,421,main_b1000_tinyimagenet_alexnet_RS_kp75_seed42,0.75,0.44725,False,0.75,alexnet,0.75,TINYIMAGENET_alexnet_RS_accuracy_kp7500_seed42,42,60000,421,42,accuracy,100042,0.44725,1,2.9050626234054566,42.33238384127617,10,2.9050626234054566,valid,0.4457701964295242,0.5137240530066585,0.4472500000000001,100042
RS,0.4607,292,292,random,TINYIMAGENET,422,main_b1000_tinyimagenet_alexnet_RS_kp75_seed42,0.75,0.44855,False,0.75,alexnet,0.75,TINYIMAGENET_alexnet_RS_accuracy_kp7500_seed42,42,60000,422,42,accuracy,100042,0.44855,1,2.880273666667938,42.13608334213495,10,2.880273666667938,valid,0.44770952413362053,0.506939147199696,0.44855000000000006,100042
RS,0.4607,292,292,random,TINYIMAGENET,423,main_b1000_tinyimagenet_alexnet_RS_kp75_seed42,0.75,0.4565,False,0.75,alexnet,0.75,TINYIMAGENET_alexnet_RS_accuracy_kp7500_seed42,42,60000,423,42,accuracy,100042,0.4565,1,2.8310672101020815,42.439086847007275,10,2.8310672101020815,valid,0.4565300939017824,0.5118818148215862,0.4565000000000001,100042
RS,0.4607,292,292,random,TINYIMAGENET,424,main_b1000_tinyimagenet_alexnet_RS_kp75_seed42,0.75,0.4491,False,0.75,alexnet,0.75,TINYIMAGENET_alexnet_RS_accuracy_kp7500_seed42,42,60000,424,42,accuracy,100042,0.4491,1,2.8794526031970977,42.73123563081026,10,2.8794526031970977,valid,0.45074867465767227,0.5113551924670751,0.44909999999999994,100042
RS,0.4607,292,292,random,TINYIMAGENET,425,main_b1000_tinyimagenet_alexnet_RS_kp75_seed42,0.75,0.45085,False,0.75,alexnet,0.75,TINYIMAGENET_alexnet_RS_accuracy_kp7500_seed42,42,60000,425,42,accuracy,100042,0.45085,1,2.8800804011821746,41.954634726047516,10,2.8800804011821746,valid,0.4503543133661783,0.5116599326002532,0.45085000000000003,100042
RS,0.4607,292,292,random,TINYIMAGENET,426,main_b1000_tinyimagenet_alexnet_RS_kp75_seed42,0.75,0.45005,False,0.75,alexnet,0.75,TINYIMAGENET_alexnet_RS_accuracy_kp7500_seed42,42,60000,426,42,accuracy,100042,0.45005,1,2.882180404281616,42.40233816206455,10,2.882180404281616,valid,0.4499908879147323,0.5140636569071555,0.45004999999999995,100042
RS,0.4607,292,292,random,TINYIMAGENET,427,main_b1000_tinyimagenet_alexnet_RS_kp75_seed42,0.75,0.44775,False,0.75,alexnet,0.75,TINYIMAGENET_alexnet_RS_accuracy_kp7500_seed42,42,60000,427,42,accuracy,100042,0.44775,1,2.864659560203552,42.58188638091087,10,2.864659560203552,valid,0.4483571278125439,0.5055983376373286,0.44775,100042
RS,0.4607,292,292,random,TINYIMAGENET,428,main_b1000_tinyimagenet_alexnet_RS_kp75_seed42,0.75,0.44385,False,0.75,alexnet,0.75,TINYIMAGENET_alexnet_RS_accuracy_kp7500_seed42,42,60000,428,42,accuracy,100042,0.44385,1,2.917615548849106,42.487368784844875,10,2.917615548849106,valid,0.4449069626685438,0.5139631571437995,0.4438500000000001,100042
RS,0.4607,292,292,random,TINYIMAGENET,429,main_b1000_tinyimagenet_alexnet_RS_kp75_seed42,0.75,0.4462,False,0.75,alexnet,0.75,TINYIMAGENET_alexnet_RS_accuracy_kp7500_seed42,42,60000,429,42,accuracy,100042,0.4462,1,2.8825428421497343,42.079897940158844,10,2.8825428421497343,valid,0.44761777623365157,0.5111295306432314,0.44620000000000004,100042
RS,0.4607,292,292,random,TINYIMAGENET,430,main_b1000_tinyimagenet_alexnet_RS_kp75_seed42,0.75,0.4423,False,0.75,alexnet,0.75,TINYIMAGENET_alexnet_RS_accuracy_kp7500_seed42,42,60000,430,42,accuracy,100042,0.4423,1,2.90735325909853,42.46898405253887,10,2.90735325909853,valid,0.441317660831708,0.5092357408444701,0.44229999999999997,100042
RS,0.4607,292,292,random,TINYIMAGENET,431,main_b1000_tinyimagenet_alexnet_RS_kp75_seed42,0.75,0.44805,False,0.75,alexnet,0.75,TINYIMAGENET_alexnet_RS_accuracy_kp7500_seed42,42,60000,431,42,accuracy,100042,0.44805,1,2.820325461959839,42.69163315743208,10,2.820325461959839,valid,0.4520368227430923,0.5084256281560531,0.44805,100042
RS,0.4607,292,292,random,TINYIMAGENET,432,main_b1000_tinyimagenet_alexnet_RS_kp75_seed42,0.75,0.437,False,0.75,alexnet,0.75,TINYIMAGENET_alexnet_RS_accuracy_kp7500_seed42,42,60000,432,42,accuracy,100042,0.437,1,2.932720085811615,42.17384699732065,10,2.932720085811615,valid,0.43870663360677475,0.5094599989604144,0.43700000000000006,100042
RS,0.4607,292,292,random,TINYIMAGENET,433,main_b1000_tinyimagenet_alexnet_RS_kp75_seed42,0.75,0.4498,False,0.75,alexnet,0.75,TINYIMAGENET_alexnet_RS_accuracy_kp7500_seed42,42,60000,433,42,accuracy,100042,0.4498,1,2.8616748518705366,42.3266568928957,10,2.8616748518705366,valid,0.44430786450852466,0.5006875482815942,0.44980000000000003,100042
RS,0.4607,292,292,random,TINYIMAGENET,434,main_b1000_tinyimagenet_alexnet_RS_kp75_seed42,0.75,0.4465,False,0.75,alexnet,0.75,TINYIMAGENET_alexnet_RS_accuracy_kp7500_seed42,42,60000,434,42,accuracy,100042,0.4465,1,2.8889879798412323,42.494007498025894,10,2.8889879798412323,valid,0.448376045576705,0.5150834767237605,0.4465,100042
RS,0.4607,292,292,random,TINYIMAGENET,435,main_b1000_tinyimagenet_alexnet_RS_kp75_seed42,0.75,0.45145,False,0.75,alexnet,0.75,TINYIMAGENET_alexnet_RS_accuracy_kp7500_seed42,42,60000,435,42,accuracy,100042,0.45145,1,2.851981114912033,42.4952699393034,10,2.851981114912033,valid,0.448161531435253,0.5006663182078362,0.45144999999999996,100042
RS,0.4607,292,292,random,TINYIMAGENET,436,main_b1000_tinyimagenet_alexnet_RS_kp75_seed42,0.75,0.44945,False,0.75,alexnet,0.75,TINYIMAGENET_alexnet_RS_accuracy_kp7500_seed42,42,60000,436,42,accuracy,100042,0.44945,1,2.8421606112957,42.30502248555422,10,2.8421606112957,valid,0.45019122193467626,0.5084295777020027,0.44945,100042
RS,0.4607,292,292,random,TINYIMAGENET,437,main_b1000_tinyimagenet_alexnet_RS_kp75_seed42,0.75,0.45115,False,0.75,alexnet,0.75,TINYIMAGENET_alexnet_RS_accuracy_kp7500_seed42,42,60000,437,42,accuracy,100042,0.45115,1,2.823842432785034,42.47548104822636,10,2.823842432785034,valid,0.4522683407171924,0.510204972623902,0.45114999999999994,100042
RS,0.4607,292,292,random,TINYIMAGENET,438,main_b1000_tinyimagenet_alexnet_RS_kp75_seed42,0.75,0.45005,False,0.75,alexnet,0.75,TINYIMAGENET_alexnet_RS_accuracy_kp7500_seed42,42,60000,438,42,accuracy,100042,0.45005,1,2.8469973299980165,42.75149939209223,10,2.8469973299980165,valid,0.4508849652145861,0.5052728657302733,0.45005,100042
RS,0.4607,292,292,random,TINYIMAGENET,439,main_b1000_tinyimagenet_alexnet_RS_kp75_seed42,0.75,0.44515,False,0.75,alexnet,0.75,TINYIMAGENET_alexnet_RS_accuracy_kp7500_seed42,42,60000,439,42,accuracy,100042,0.44515,1,2.8738784726142885,42.19886599481106,10,2.8738784726142885,valid,0.45126583384119245,0.5143544266447033,0.44515,100042
RS,0.4607,292,292,random,TINYIMAGENET,440,main_b1000_tinyimagenet_alexnet_RS_kp75_seed42,0.75,0.44845,False,0.75,alexnet,0.75,TINYIMAGENET_alexnet_RS_accuracy_kp7500_seed42,42,60000,440,42,accuracy,100042,0.44845,1,2.882924195218086,42.28739179670811,10,2.882924195218086,valid,0.4495681318713707,0.5153516793620471,0.44845,100042
RS,0.4607,292,292,random,TINYIMAGENET,441,main_b1000_tinyimagenet_alexnet_RS_kp75_seed42,0.75,0.4523,False,0.75,alexnet,0.75,TINYIMAGENET_alexnet_RS_accuracy_kp7500_seed42,42,60000,441,42,accuracy,100042,0.4523,1,2.844298385286331,42.60013120621443,10,2.844298385286331,valid,0.4520731471396246,0.506900109239079,0.45230000000000004,100042
RS,0.4607,292,292,random,TINYIMAGENET,442,main_b1000_tinyimagenet_alexnet_RS_kp75_seed42,0.75,0.45375,False,0.75,alexnet,0.75,TINYIMAGENET_alexnet_RS_accuracy_kp7500_seed42,42,60000,442,42,accuracy,100042,0.45375,1,2.814910918688774,42.69468593597412,10,2.814910918688774,valid,0.4513565492102337,0.5109364225921976,0.45375,100042
RS,0.4607,292,292,random,TINYIMAGENET,443,main_b1000_tinyimagenet_alexnet_RS_kp75_seed42,0.75,0.4469,False,0.75,alexnet,0.75,TINYIMAGENET_alexnet_RS_accuracy_kp7500_seed42,42,60000,443,42,accuracy,100042,0.4469,1,2.8493118839740754,42.077203348279,10,2.8493118839740754,valid,0.44579081324842046,0.5059781657781719,0.44689999999999996,100042
RS,0.4607,292,292,random,TINYIMAGENET,444,main_b1000_tinyimagenet_alexnet_RS_kp75_seed42,0.75,0.4456,False,0.75,alexnet,0.75,TINYIMAGENET_alexnet_RS_accuracy_kp7500_seed42,42,60000,444,42,accuracy,100042,0.4456,1,2.872182821559906,42.449989564716816,10,2.872182821559906,valid,0.4462690869239712,0.5093126482424042,0.4456,100042
RS,0.4607,292,292,random,TINYIMAGENET,445,main_b1000_tinyimagenet_alexnet_RS_kp75_seed42,0.75,0.44785,False,0.75,alexnet,0.75,TINYIMAGENET_alexnet_RS_accuracy_kp7500_seed42,42,60000,445,42,accuracy,100042,0.44785,1,2.9041007035970687,42.68701323121786,10,2.9041007035970687,valid,0.4478821315754333,0.510853641079266,0.44784999999999997,100042
RS,0.4607,292,292,random,TINYIMAGENET,446,main_b1000_tinyimagenet_alexnet_RS_kp75_seed42,0.75,0.45315,False,0.75,alexnet,0.75,TINYIMAGENET_alexnet_RS_accuracy_kp7500_seed42,42,60000,446,42,accuracy,100042,0.45315,1,2.8498528813362123,42.3463788703084,10,2.8498528813362123,valid,0.45052699724933004,0.5059389657488771,0.45315,100042
RS,0.4607,292,292,random,TINYIMAGENET,447,main_b1000_tinyimagenet_alexnet_RS_kp75_seed42,0.75,0.4475,False,0.75,alexnet,0.75,TINYIMAGENET_alexnet_RS_accuracy_kp7500_seed42,42,60000,447,42,accuracy,100042,0.4475,1,2.8695381479740143,42.16707143187523,10,2.8695381479740143,valid,0.4450113910212673,0.5085263733799907,0.4475,100042
RS,0.4607,292,292,random,TINYIMAGENET,448,main_b1000_tinyimagenet_alexnet_RS_kp75_seed42,0.75,0.4498,False,0.75,alexnet,0.75,TINYIMAGENET_alexnet_RS_accuracy_kp7500_seed42,42,60000,448,42,accuracy,100042,0.4498,1,2.895613383960724,42.676993787288666,10,2.895613383960724,valid,0.44899156762890075,0.5116527895548176,0.44980000000000003,100042
RS,0.4607,292,292,random,TINYIMAGENET,449,main_b1000_tinyimagenet_alexnet_RS_kp75_seed42,0.75,0.4509,False,0.75,alexnet,0.75,TINYIMAGENET_alexnet_RS_accuracy_kp7500_seed42,42,60000,449,42,accuracy,100042,0.4509,1,2.8480630129098894,42.67466992884874,10,2.8480630129098894,valid,0.44845045986675985,0.5063523673949092,0.4509,100042
RS,0.4607,292,292,random,TINYIMAGENET,450,main_b1000_tinyimagenet_alexnet_RS_kp75_seed42,0.75,0.44685,False,0.75,alexnet,0.75,TINYIMAGENET_alexnet_RS_accuracy_kp7500_seed42,42,60000,450,42,accuracy,100042,0.44685,1,2.8862472277164457,42.13301072269678,10,2.8862472277164457,valid,0.4487483893339177,0.5133040176919117,0.44685,100042
RS,0.4607,292,292,random,TINYIMAGENET,451,main_b1000_tinyimagenet_alexnet_RS_kp75_seed42,0.75,0.45145,False,0.75,alexnet,0.75,TINYIMAGENET_alexnet_RS_accuracy_kp7500_seed42,42,60000,451,42,accuracy,100042,0.45145,1,2.846759075450897,42.45402332395315,10,2.846759075450897,valid,0.4492592634604787,0.5052965972612138,0.45145,100042
RS,0.4607,292,292,random,TINYIMAGENET,452,main_b1000_tinyimagenet_alexnet_RS_kp75_seed42,0.75,0.44475,False,0.75,alexnet,0.75,TINYIMAGENET_alexnet_RS_accuracy_kp7500_seed42,42,60000,452,42,accuracy,100042,0.44475,1,2.8770311146736147,42.74312637001276,10,2.8770311146736147,valid,0.44305121396924013,0.5072867737792118,0.44475000000000003,100042
RS,0.4607,292,292,random,TINYIMAGENET,453,main_b1000_tinyimagenet_alexnet_RS_kp75_seed42,0.75,0.456,False,0.75,alexnet,0.75,TINYIMAGENET_alexnet_RS_accuracy_kp7500_seed42,42,60000,453,42,accuracy,100042,0.456,1,2.829084124803543,42.39561443775892,10,2.829084124803543,valid,0.45519549965064116,0.5099092646957941,0.456,100042
RS,0.4607,292,292,random,TINYIMAGENET,454,main_b1000_tinyimagenet_alexnet_RS_kp75_seed42,0.75,0.4507,False,0.75,alexnet,0.75,TINYIMAGENET_alexnet_RS_accuracy_kp7500_seed42,42,60000,454,42,accuracy,100042,0.4507,1,2.8450116050243377,42.11305831372738,10,2.8450116050243377,valid,0.44793089070993686,0.5054252081056041,0.4507,100042
RS,0.4607,292,292,random,TINYIMAGENET,455,main_b1000_tinyimagenet_alexnet_RS_kp75_seed42,0.75,0.4567,False,0.75,alexnet,0.75,TINYIMAGENET_alexnet_RS_accuracy_kp7500_seed42,42,60000,455,42,accuracy,100042,0.4567,1,2.8532353258132934,42.73058671504259,10,2.8532353258132934,valid,0.45549243840866765,0.5105751625826871,0.4567,100042
RS,0.4607,292,292,random,TINYIMAGENET,456,main_b1000_tinyimagenet_alexnet_RS_kp75_seed42,0.75,0.44725,False,0.75,alexnet,0.75,TINYIMAGENET_alexnet_RS_accuracy_kp7500_seed42,42,60000,456,42,accuracy,100042,0.44725,1,2.9138282990455626,42.87508909404278,10,2.9138282990455626,valid,0.4455127488109247,0.5087004301710668,0.44725000000000004,100042
RS,0.4607,292,292,random,TINYIMAGENET,457,main_b1000_tinyimagenet_alexnet_RS_kp75_seed42,0.75,0.44675,False,0.75,alexnet,0.75,TINYIMAGENET_alexnet_RS_accuracy_kp7500_seed42,42,60000,457,42,accuracy,100042,0.44675,1,2.877288537836075,42.058626398444176,10,2.877288537836075,valid,0.448252256611621,0.5109699487953369,0.44675,100042
RS,0.4607,292,292,random,TINYIMAGENET,458,main_b1000_tinyimagenet_alexnet_RS_kp75_seed42,0.75,0.45755,False,0.75,alexnet,0.75,TINYIMAGENET_alexnet_RS_accuracy_kp7500_seed42,42,60000,458,42,accuracy,100042,0.45755,1,2.832184077358246,42.50776265561581,10,2.832184077358246,valid,0.4573124614055884,0.5140620746267485,0.45754999999999996,100042
RS,0.4607,292,292,random,TINYIMAGENET,459,main_b1000_tinyimagenet_alexnet_RS_kp75_seed42,0.75,0.4561,False,0.75,alexnet,0.75,TINYIMAGENET_alexnet_RS_accuracy_kp7500_seed42,42,60000,459,42,accuracy,100042,0.4561,1,2.8294845829486848,42.67095649987459,10,2.8294845829486848,valid,0.4546073597503321,0.5080283896567517,0.4561,100042
RS,0.4607,292,292,random,TINYIMAGENET,460,main_b1000_tinyimagenet_alexnet_RS_kp75_seed42,0.75,0.45335,False,0.75,alexnet,0.75,TINYIMAGENET_alexnet_RS_accuracy_kp7500_seed42,42,60000,460,42,accuracy,100042,0.45335,1,2.859200610303879,42.429385490715504,10,2.859200610303879,valid,0.4523636665593385,0.5101747882964428,0.45335000000000003,100042
RS,0.4607,292,292,random,TINYIMAGENET,461,main_b1000_tinyimagenet_alexnet_RS_kp75_seed42,0.75,0.4501,False,0.75,alexnet,0.75,TINYIMAGENET_alexnet_RS_accuracy_kp7500_seed42,42,60000,461,42,accuracy,100042,0.4501,1,2.861939347743988,42.01974554359913,10,2.861939347743988,valid,0.4499256247952122,0.5110698009898106,0.45010000000000006,100042
RS,0.4607,292,292,random,TINYIMAGENET,462,main_b1000_tinyimagenet_alexnet_RS_kp75_seed42,0.75,0.4443,False,0.75,alexnet,0.75,TINYIMAGENET_alexnet_RS_accuracy_kp7500_seed42,42,60000,462,42,accuracy,100042,0.4443,1,2.931858366394043,42.583541229367256,10,2.931858366394043,valid,0.4412417933408953,0.508472103957135,0.4443,100042
RS,0.4607,292,292,random,TINYIMAGENET,463,main_b1000_tinyimagenet_alexnet_RS_kp75_seed42,0.75,0.44755,False,0.75,alexnet,0.75,TINYIMAGENET_alexnet_RS_accuracy_kp7500_seed42,42,60000,463,42,accuracy,100042,0.44755,1,2.8972321517944337,42.6388238593936,10,2.8972321517944337,valid,0.44648470556340486,0.5080730542234712,0.44754999999999995,100042
RS,0.4607,292,292,random,TINYIMAGENET,464,main_b1000_tinyimagenet_alexnet_RS_kp75_seed42,0.75,0.4543,False,0.75,alexnet,0.75,TINYIMAGENET_alexnet_RS_accuracy_kp7500_seed42,42,60000,464,42,accuracy,100042,0.4543,1,2.8179281979084014,42.23455261439085,10,2.8179281979084014,valid,0.4521606015806997,0.506566023451887,0.4543000000000001,100042
RS,0.4607,292,292,random,TINYIMAGENET,465,main_b1000_tinyimagenet_alexnet_RS_kp75_seed42,0.75,0.44155,False,0.75,alexnet,0.75,TINYIMAGENET_alexnet_RS_accuracy_kp7500_seed42,42,60000,465,42,accuracy,100042,0.44155,1,2.9213263484477996,42.55026909708977,10,2.9213263484477996,valid,0.4417298663450618,0.5164582139310683,0.44155,100042
RS,0.4607,292,292,random,TINYIMAGENET,466,main_b1000_tinyimagenet_alexnet_RS_kp75_seed42,0.75,0.4546,False,0.75,alexnet,0.75,TINYIMAGENET_alexnet_RS_accuracy_kp7500_seed42,42,60000,466,42,accuracy,100042,0.4546,1,2.8449457129955293,42.51348912715912,10,2.8449457129955293,valid,0.45207552894952224,0.5123653579463191,0.45460000000000006,100042
RS,0.4607,292,292,random,TINYIMAGENET,467,main_b1000_tinyimagenet_alexnet_RS_kp75_seed42,0.75,0.4499,False,0.75,alexnet,0.75,TINYIMAGENET_alexnet_RS_accuracy_kp7500_seed42,42,60000,467,42,accuracy,100042,0.4499,1,2.855025822877884,42.59347493946552,10,2.855025822877884,valid,0.4521166898687454,0.5123377236991192,0.44989999999999997,100042
RS,0.4607,292,292,random,TINYIMAGENET,468,main_b1000_tinyimagenet_alexnet_RS_kp75_seed42,0.75,0.4572,False,0.75,alexnet,0.75,TINYIMAGENET_alexnet_RS_accuracy_kp7500_seed42,42,60000,468,42,accuracy,100042,0.4572,1,2.8199525578022,42.174932196736336,10,2.8199525578022,valid,0.46023600691963296,0.5089579769170076,0.4572,100042
RS,0.4607,292,292,random,TINYIMAGENET,469,main_b1000_tinyimagenet_alexnet_RS_kp75_seed42,0.75,0.4487,False,0.75,alexnet,0.75,TINYIMAGENET_alexnet_RS_accuracy_kp7500_seed42,42,60000,469,42,accuracy,100042,0.4487,1,2.8648215379714967,42.55854810029268,10,2.8648215379714967,valid,0.4507036887544305,0.5123885371661249,0.44870000000000004,100042
RS,0.4607,292,292,random,TINYIMAGENET,470,main_b1000_tinyimagenet_alexnet_RS_kp75_seed42,0.75,0.4445,False,0.75,alexnet,0.75,TINYIMAGENET_alexnet_RS_accuracy_kp7500_seed42,42,60000,470,42,accuracy,100042,0.4445,1,2.8718022246479986,42.67499419301748,10,2.8718022246479986,valid,0.44403820974484903,0.5049376160878637,0.4445,100042
RS,0.4607,292,292,random,TINYIMAGENET,471,main_b1000_tinyimagenet_alexnet_RS_kp75_seed42,0.75,0.4466,False,0.75,alexnet,0.75,TINYIMAGENET_alexnet_RS_accuracy_kp7500_seed42,42,60000,471,42,accuracy,100042,0.4466,1,2.898451854610443,42.3367925286293,10,2.898451854610443,valid,0.4463796648764891,0.5079363188009077,0.44660000000000005,100042
RS,0.4607,292,292,random,TINYIMAGENET,472,main_b1000_tinyimagenet_alexnet_RS_kp75_seed42,0.75,0.4523,False,0.75,alexnet,0.75,TINYIMAGENET_alexnet_RS_accuracy_kp7500_seed42,42,60000,472,42,accuracy,100042,0.4523,1,2.8554965388298035,42.35416892170906,10,2.8554965388298035,valid,0.4505795231032787,0.5110586452525416,0.4523,100042
RS,0.4607,292,292,random,TINYIMAGENET,473,main_b1000_tinyimagenet_alexnet_RS_kp75_seed42,0.75,0.4434,False,0.75,alexnet,0.75,TINYIMAGENET_alexnet_RS_accuracy_kp7500_seed42,42,60000,473,42,accuracy,100042,0.4434,1,2.873834642124176,42.45991711318493,10,2.873834642124176,valid,0.4452797394689258,0.5058955309962285,0.4434,100042
RS,0.4607,292,292,random,TINYIMAGENET,474,main_b1000_tinyimagenet_alexnet_RS_kp75_seed42,0.75,0.45215,False,0.75,alexnet,0.75,TINYIMAGENET_alexnet_RS_accuracy_kp7500_seed42,42,60000,474,42,accuracy,100042,0.45215,1,2.8227872365951536,42.73089983314276,10,2.8227872365951536,valid,0.44974917296692296,0.5065879881986223,0.45215000000000005,100042
RS,0.4607,292,292,random,TINYIMAGENET,475,main_b1000_tinyimagenet_alexnet_RS_kp75_seed42,0.75,0.4561,False,0.75,alexnet,0.75,TINYIMAGENET_alexnet_RS_accuracy_kp7500_seed42,42,60000,475,42,accuracy,100042,0.4561,1,2.815690646839142,42.029384322464466,10,2.815690646839142,valid,0.45544065047450843,0.5131866640444329,0.4561,100042
RS,0.4607,292,292,random,TINYIMAGENET,476,main_b1000_tinyimagenet_alexnet_RS_kp75_seed42,0.75,0.4447,False,0.75,alexnet,0.75,TINYIMAGENET_alexnet_RS_accuracy_kp7500_seed42,42,60000,476,42,accuracy,100042,0.4447,1,2.8490459552288057,42.535258054733276,10,2.8490459552288057,valid,0.4448646339457756,0.4978175410969287,0.4447,100042
RS,0.4607,292,292,random,TINYIMAGENET,477,main_b1000_tinyimagenet_alexnet_RS_kp75_seed42,0.75,0.45015,False,0.75,alexnet,0.75,TINYIMAGENET_alexnet_RS_accuracy_kp7500_seed42,42,60000,477,42,accuracy,100042,0.45015,1,2.8736092292785647,42.62506329268217,10,2.8736092292785647,valid,0.45136182648132916,0.5099507194757378,0.45015,100042
RS,0.4607,292,292,random,TINYIMAGENET,478,main_b1000_tinyimagenet_alexnet_RS_kp75_seed42,0.75,0.45695,False,0.75,alexnet,0.75,TINYIMAGENET_alexnet_RS_accuracy_kp7500_seed42,42,60000,478,42,accuracy,100042,0.45695,1,2.819157631492615,42.50358884036541,10,2.819157631492615,valid,0.4585656930087947,0.5099789871607546,0.45695,100042
RS,0.4607,292,292,random,TINYIMAGENET,479,main_b1000_tinyimagenet_alexnet_RS_kp75_seed42,0.75,0.4428,False,0.75,alexnet,0.75,TINYIMAGENET_alexnet_RS_accuracy_kp7500_seed42,42,60000,479,42,accuracy,100042,0.4428,1,2.8844156232833864,42.21089691668749,10,2.8844156232833864,valid,0.4423040244596353,0.505575049812781,0.4428,100042
RS,0.4607,292,292,random,TINYIMAGENET,480,main_b1000_tinyimagenet_alexnet_RS_kp75_seed42,0.75,0.4537,False,0.75,alexnet,0.75,TINYIMAGENET_alexnet_RS_accuracy_kp7500_seed42,42,60000,480,42,accuracy,100042,0.4537,1,2.834343852806091,42.913100093603134,10,2.834343852806091,valid,0.4507897120646129,0.5111291329325691,0.4537,100042
RS,0.4607,292,292,random,TINYIMAGENET,481,main_b1000_tinyimagenet_alexnet_RS_kp75_seed42,0.75,0.4469,False,0.75,alexnet,0.75,TINYIMAGENET_alexnet_RS_accuracy_kp7500_seed42,42,60000,481,42,accuracy,100042,0.4469,1,2.925228016614914,42.693857066333294,10,2.925228016614914,valid,0.4447726537021742,0.5121873748458554,0.44689999999999996,100042
RS,0.4607,292,292,random,TINYIMAGENET,482,main_b1000_tinyimagenet_alexnet_RS_kp75_seed42,0.75,0.44805,False,0.75,alexnet,0.75,TINYIMAGENET_alexnet_RS_accuracy_kp7500_seed42,42,60000,482,42,accuracy,100042,0.44805,1,2.845399013328552,42.27305767685175,10,2.845399013328552,valid,0.4451969541334762,0.5030846955025947,0.44805,100042
RS,0.4607,292,292,random,TINYIMAGENET,483,main_b1000_tinyimagenet_alexnet_RS_kp75_seed42,0.75,0.45105,False,0.75,alexnet,0.75,TINYIMAGENET_alexnet_RS_accuracy_kp7500_seed42,42,60000,483,42,accuracy,100042,0.45105,1,2.877760060381889,42.59801961481571,10,2.877760060381889,valid,0.4478426851143077,0.5032790034588942,0.45105000000000006,100042
RS,0.4607,292,292,random,TINYIMAGENET,484,main_b1000_tinyimagenet_alexnet_RS_kp75_seed42,0.75,0.4442,False,0.75,alexnet,0.75,TINYIMAGENET_alexnet_RS_accuracy_kp7500_seed42,42,60000,484,42,accuracy,100042,0.4442,1,2.919015375649929,42.60901689529419,10,2.919015375649929,valid,0.44367734816331755,0.5119099469187018,0.44420000000000004,100042
RS,0.4607,292,292,random,TINYIMAGENET,485,main_b1000_tinyimagenet_alexnet_RS_kp75_seed42,0.75,0.4514,False,0.75,alexnet,0.75,TINYIMAGENET_alexnet_RS_accuracy_kp7500_seed42,42,60000,485,42,accuracy,100042,0.4514,1,2.8681181383132937,42.499896578490734,10,2.8681181383132937,valid,0.44987199917922077,0.5101431382252116,0.4514,100042
RS,0.4607,292,292,random,TINYIMAGENET,486,main_b1000_tinyimagenet_alexnet_RS_kp75_seed42,0.75,0.45025,False,0.75,alexnet,0.75,TINYIMAGENET_alexnet_RS_accuracy_kp7500_seed42,42,60000,486,42,accuracy,100042,0.45025,1,2.892411434316635,42.2346400693059,10,2.892411434316635,valid,0.4483317295278726,0.5106975425127811,0.45025000000000004,100042
RS,0.4607,292,292,random,TINYIMAGENET,487,main_b1000_tinyimagenet_alexnet_RS_kp75_seed42,0.75,0.444,False,0.75,alexnet,0.75,TINYIMAGENET_alexnet_RS_accuracy_kp7500_seed42,42,60000,487,42,accuracy,100042,0.444,1,2.9027126427650454,42.47419120371342,10,2.9027126427650454,valid,0.4439694456733287,0.5100177187940426,0.444,100042
RS,0.4607,292,292,random,TINYIMAGENET,488,main_b1000_tinyimagenet_alexnet_RS_kp75_seed42,0.75,0.44335,False,0.75,alexnet,0.75,TINYIMAGENET_alexnet_RS_accuracy_kp7500_seed42,42,60000,488,42,accuracy,100042,0.44335,1,2.8849063804149626,42.59700954705477,10,2.8849063804149626,valid,0.44057946796014913,0.5003228536397006,0.44335,100042
RS,0.4607,292,292,random,TINYIMAGENET,489,main_b1000_tinyimagenet_alexnet_RS_kp75_seed42,0.75,0.44015,False,0.75,alexnet,0.75,TINYIMAGENET_alexnet_RS_accuracy_kp7500_seed42,42,60000,489,42,accuracy,100042,0.44015,1,2.952132944536209,42.27890758216381,10,2.952132944536209,valid,0.44587093100905906,0.5142760563881562,0.44015,100042
RS,0.4607,292,292,random,TINYIMAGENET,490,main_b1000_tinyimagenet_alexnet_RS_kp75_seed42,0.75,0.44815,False,0.75,alexnet,0.75,TINYIMAGENET_alexnet_RS_accuracy_kp7500_seed42,42,60000,490,42,accuracy,100042,0.44815,1,2.870811896133423,42.475268110632896,10,2.870811896133423,valid,0.448668501583873,0.5076918171245401,0.44815,100042
RS,0.4607,292,292,random,TINYIMAGENET,491,main_b1000_tinyimagenet_alexnet_RS_kp75_seed42,0.75,0.45845,False,0.75,alexnet,0.75,TINYIMAGENET_alexnet_RS_accuracy_kp7500_seed42,42,60000,491,42,accuracy,100042,0.45845,1,2.783567123126984,42.41602069884539,10,2.783567123126984,valid,0.4564722232258424,0.5006627043779264,0.45844999999999997,100042
RS,0.4607,292,292,random,TINYIMAGENET,492,main_b1000_tinyimagenet_alexnet_RS_kp75_seed42,0.75,0.448,False,0.75,alexnet,0.75,TINYIMAGENET_alexnet_RS_accuracy_kp7500_seed42,42,60000,492,42,accuracy,100042,0.448,1,2.874693897485733,42.645069912075996,10,2.874693897485733,valid,0.44661170885874923,0.5057127299830845,0.44799999999999995,100042
RS,0.4607,292,292,random,TINYIMAGENET,493,main_b1000_tinyimagenet_alexnet_RS_kp75_seed42,0.75,0.4443,False,0.75,alexnet,0.75,TINYIMAGENET_alexnet_RS_accuracy_kp7500_seed42,42,60000,493,42,accuracy,100042,0.4443,1,2.9018087271928787,42.114378929138184,10,2.9018087271928787,valid,0.44925201555113403,0.5202630316984913,0.4443,100042
RS,0.4607,292,292,random,TINYIMAGENET,494,main_b1000_tinyimagenet_alexnet_RS_kp75_seed42,0.75,0.4544,False,0.75,alexnet,0.75,TINYIMAGENET_alexnet_RS_accuracy_kp7500_seed42,42,60000,494,42,accuracy,100042,0.4544,1,2.799714228630066,42.35014373809099,10,2.799714228630066,valid,0.45582140865162146,0.5079224699535037,0.45439999999999997,100042
RS,0.4607,292,292,random,TINYIMAGENET,495,main_b1000_tinyimagenet_alexnet_RS_kp75_seed42,0.75,0.4506,False,0.75,alexnet,0.75,TINYIMAGENET_alexnet_RS_accuracy_kp7500_seed42,42,60000,495,42,accuracy,100042,0.4506,1,2.8408419318675997,42.654267840087414,10,2.8408419318675997,valid,0.4514257313644435,0.5073278560400789,0.4506,100042
RS,0.4607,292,292,random,TINYIMAGENET,496,main_b1000_tinyimagenet_alexnet_RS_kp75_seed42,0.75,0.45155,False,0.75,alexnet,0.75,TINYIMAGENET_alexnet_RS_accuracy_kp7500_seed42,42,60000,496,42,accuracy,100042,0.45155,1,2.852021150970459,42.32851468026638,10,2.852021150970459,valid,0.45258920239362466,0.5129454168807751,0.45155,100042
RS,0.4607,292,292,random,TINYIMAGENET,497,main_b1000_tinyimagenet_alexnet_RS_kp75_seed42,0.75,0.444,False,0.75,alexnet,0.75,TINYIMAGENET_alexnet_RS_accuracy_kp7500_seed42,42,60000,497,42,accuracy,100042,0.444,1,2.8697444680213926,42.26401035487652,10,2.8697444680213926,valid,0.44665874588271515,0.5080502005362063,0.444,100042
RS,0.4607,292,292,random,TINYIMAGENET,498,main_b1000_tinyimagenet_alexnet_RS_kp75_seed42,0.75,0.4528,False,0.75,alexnet,0.75,TINYIMAGENET_alexnet_RS_accuracy_kp7500_seed42,42,60000,498,42,accuracy,100042,0.4528,1,2.835320675897598,42.622352704405785,10,2.835320675897598,valid,0.45175606238772653,0.5091984540581909,0.45280000000000004,100042
RS,0.4607,292,292,random,TINYIMAGENET,499,main_b1000_tinyimagenet_alexnet_RS_kp75_seed42,0.75,0.4365,False,0.75,alexnet,0.75,TINYIMAGENET_alexnet_RS_accuracy_kp7500_seed42,42,60000,499,42,accuracy,100042,0.4365,1,2.951083832883835,42.608618415892124,10,2.951083832883835,valid,0.4402622032250413,0.5144200219359872,0.4365,100042
RS,0.4607,292,292,random,TINYIMAGENET,500,main_b1000_tinyimagenet_alexnet_RS_kp75_seed42,0.75,0.44865,False,0.75,alexnet,0.75,TINYIMAGENET_alexnet_RS_accuracy_kp7500_seed42,42,60000,500,42,accuracy,100042,0.44865,1,2.8354994700431826,42.06633085012436,10,2.8354994700431826,valid,0.4503195239676192,0.5081512169750703,0.44865,100042
RS,0.4607,292,292,random,TINYIMAGENET,501,main_b1000_tinyimagenet_alexnet_RS_kp75_seed42,0.75,0.44385,False,0.75,alexnet,0.75,TINYIMAGENET_alexnet_RS_accuracy_kp7500_seed42,42,60000,501,42,accuracy,100042,0.44385,1,2.9012302446365354,42.524229593575,10,2.9012302446365354,valid,0.4433913581598372,0.5062910281763885,0.44384999999999997,100042
RS,0.4607,292,292,random,TINYIMAGENET,502,main_b1000_tinyimagenet_alexnet_RS_kp75_seed42,0.75,0.4503,False,0.75,alexnet,0.75,TINYIMAGENET_alexnet_RS_accuracy_kp7500_seed42,42,60000,502,42,accuracy,100042,0.4503,1,2.9108280960679056,42.48262444883585,10,2.9108280960679056,valid,0.44863653268546133,0.5119231130555909,0.45030000000000003,100042
RS,0.4607,292,292,random,TINYIMAGENET,503,main_b1000_tinyimagenet_alexnet_RS_kp75_seed42,0.75,0.44235,False,0.75,alexnet,0.75,TINYIMAGENET_alexnet_RS_accuracy_kp7500_seed42,42,60000,503,42,accuracy,100042,0.44235,1,2.8923780045509337,42.355060666799545,10,2.8923780045509337,valid,0.44601756335497006,0.5126435470660988,0.44235,100042
RS,0.4607,292,292,random,TINYIMAGENET,504,main_b1000_tinyimagenet_alexnet_RS_kp75_seed42,0.75,0.44885,False,0.75,alexnet,0.75,TINYIMAGENET_alexnet_RS_accuracy_kp7500_seed42,42,60000,504,42,accuracy,100042,0.44885,1,2.8404621394157408,42.338007278740406,10,2.8404621394157408,valid,0.4473612405005163,0.5035785227458962,0.44884999999999997,100042
RS,0.4607,292,292,random,TINYIMAGENET,505,main_b1000_tinyimagenet_alexnet_RS_kp75_seed42,0.75,0.4458,False,0.75,alexnet,0.75,TINYIMAGENET_alexnet_RS_accuracy_kp7500_seed42,42,60000,505,42,accuracy,100042,0.4458,1,2.889471940898895,42.43660522997379,10,2.889471940898895,valid,0.4459807569623811,0.5066290281285086,0.4458,100042
RS,0.4607,292,292,random,TINYIMAGENET,506,main_b1000_tinyimagenet_alexnet_RS_kp75_seed42,0.75,0.44565,False,0.75,alexnet,0.75,TINYIMAGENET_alexnet_RS_accuracy_kp7500_seed42,42,60000,506,42,accuracy,100042,0.44565,1,2.8847178484916687,42.70842030644417,10,2.8847178484916687,valid,0.4441784294166125,0.5032945037737444,0.44565,100042
RS,0.4607,292,292,random,TINYIMAGENET,507,main_b1000_tinyimagenet_alexnet_RS_kp75_seed42,0.75,0.4496,False,0.75,alexnet,0.75,TINYIMAGENET_alexnet_RS_accuracy_kp7500_seed42,42,60000,507,42,accuracy,100042,0.4496,1,2.871409378004074,42.13034063577652,10,2.871409378004074,valid,0.45109257129148506,0.510794424555563,0.44960000000000006,100042
RS,0.4607,292,292,random,TINYIMAGENET,508,main_b1000_tinyimagenet_alexnet_RS_kp75_seed42,0.75,0.4496,False,0.75,alexnet,0.75,TINYIMAGENET_alexnet_RS_accuracy_kp7500_seed42,42,60000,508,42,accuracy,100042,0.4496,1,2.857325552177429,42.62056101858616,10,2.857325552177429,valid,0.4503147525896478,0.510447106864293,0.44959999999999994,100042
RS,0.4607,292,292,random,TINYIMAGENET,509,main_b1000_tinyimagenet_alexnet_RS_kp75_seed42,0.75,0.4477,False,0.75,alexnet,0.75,TINYIMAGENET_alexnet_RS_accuracy_kp7500_seed42,42,60000,509,42,accuracy,100042,0.4477,1,2.8660013100624084,42.628800719976425,10,2.8660013100624084,valid,0.44839846276137946,0.5098167353377072,0.4477,100042
RS,0.4607,292,292,random,TINYIMAGENET,510,main_b1000_tinyimagenet_alexnet_RS_kp75_seed42,0.75,0.44625,False,0.75,alexnet,0.75,TINYIMAGENET_alexnet_RS_accuracy_kp7500_seed42,42,60000,510,42,accuracy,100042,0.44625,1,2.8789744753837585,42.610195107758045,10,2.8789744753837585,valid,0.4502284270152125,0.5104670535286769,0.44625,100042
RS,0.4607,292,292,random,TINYIMAGENET,511,main_b1000_tinyimagenet_alexnet_RS_kp75_seed42,0.75,0.4523,False,0.75,alexnet,0.75,TINYIMAGENET_alexnet_RS_accuracy_kp7500_seed42,42,60000,511,42,accuracy,100042,0.4523,1,2.8920956888437273,42.20044319331646,10,2.8920956888437273,valid,0.44906487939076783,0.5179906350349378,0.45230000000000004,100042
RS,0.4607,292,292,random,TINYIMAGENET,512,main_b1000_tinyimagenet_alexnet_RS_kp75_seed42,0.75,0.44415,False,0.75,alexnet,0.75,TINYIMAGENET_alexnet_RS_accuracy_kp7500_seed42,42,60000,512,42,accuracy,100042,0.44415,1,2.89520265378952,42.439134158194065,10,2.89520265378952,valid,0.44146469645155695,0.5090810281978391,0.44415,100042
RS,0.4607,292,292,random,TINYIMAGENET,513,main_b1000_tinyimagenet_alexnet_RS_kp75_seed42,0.75,0.4457,False,0.75,alexnet,0.75,TINYIMAGENET_alexnet_RS_accuracy_kp7500_seed42,42,60000,513,42,accuracy,100042,0.4457,1,2.8889055699825286,42.568423472344875,10,2.8889055699825286,valid,0.4457165174174152,0.5036540323492202,0.4457,100042
RS,0.4607,292,292,random,TINYIMAGENET,514,main_b1000_tinyimagenet_alexnet_RS_kp75_seed42,0.75,0.45005,False,0.75,alexnet,0.75,TINYIMAGENET_alexnet_RS_accuracy_kp7500_seed42,42,60000,514,42,accuracy,100042,0.45005,1,2.83895662689209,42.286867663264275,10,2.83895662689209,valid,0.45031148398394805,0.504714146327181,0.45004999999999995,100042
RS,0.4607,292,292,random,TINYIMAGENET,515,main_b1000_tinyimagenet_alexnet_RS_kp75_seed42,0.75,0.4411,False,0.75,alexnet,0.75,TINYIMAGENET_alexnet_RS_accuracy_kp7500_seed42,42,60000,515,42,accuracy,100042,0.4411,1,2.9293622989177703,42.52402490377426,10,2.9293622989177703,valid,0.4390702423019737,0.508895083749674,0.4411,100042
RS,0.4607,292,292,random,TINYIMAGENET,516,main_b1000_tinyimagenet_alexnet_RS_kp75_seed42,0.75,0.45425,False,0.75,alexnet,0.75,TINYIMAGENET_alexnet_RS_accuracy_kp7500_seed42,42,60000,516,42,accuracy,100042,0.45425,1,2.8333671491384504,42.60066822916269,10,2.8333671491384504,valid,0.4525868604736227,0.5041153473827843,0.45425000000000004,100042
RS,0.4607,292,292,random,TINYIMAGENET,517,main_b1000_tinyimagenet_alexnet_RS_kp75_seed42,0.75,0.45295,False,0.75,alexnet,0.75,TINYIMAGENET_alexnet_RS_accuracy_kp7500_seed42,42,60000,517,42,accuracy,100042,0.45295,1,2.816322067475319,42.79941368103027,10,2.816322067475319,valid,0.4534623229757333,0.5083751796278778,0.45295,100042
RS,0.4607,292,292,random,TINYIMAGENET,518,main_b1000_tinyimagenet_alexnet_RS_kp75_seed42,0.75,0.45055,False,0.75,alexnet,0.75,TINYIMAGENET_alexnet_RS_accuracy_kp7500_seed42,42,60000,518,42,accuracy,100042,0.45055,1,2.8851806888103484,42.19724090397358,10,2.8851806888103484,valid,0.45144721525240683,0.516843434690849,0.45055,100042
RS,0.4607,292,292,random,TINYIMAGENET,519,main_b1000_tinyimagenet_alexnet_RS_kp75_seed42,0.75,0.4535,False,0.75,alexnet,0.75,TINYIMAGENET_alexnet_RS_accuracy_kp7500_seed42,42,60000,519,42,accuracy,100042,0.4535,1,2.8269298729896546,42.51229327172041,10,2.8269298729896546,valid,0.451499578490092,0.505472896865017,0.45349999999999996,100042
RS,0.4607,292,292,random,TINYIMAGENET,520,main_b1000_tinyimagenet_alexnet_RS_kp75_seed42,0.75,0.4495,False,0.75,alexnet,0.75,TINYIMAGENET_alexnet_RS_accuracy_kp7500_seed42,42,60000,520,42,accuracy,100042,0.4495,1,2.8262807258605958,42.655851759016514,10,2.8262807258605958,valid,0.447931029962256,0.5065107122638131,0.4495,100042
RS,0.4607,292,292,random,TINYIMAGENET,521,main_b1000_tinyimagenet_alexnet_RS_kp75_seed42,0.75,0.4467,False,0.75,alexnet,0.75,TINYIMAGENET_alexnet_RS_accuracy_kp7500_seed42,42,60000,521,42,accuracy,100042,0.4467,1,2.8603152364253996,42.30554684996605,10,2.8603152364253996,valid,0.44851753340423656,0.5071162204481888,0.44670000000000004,100042
RS,0.4607,292,292,random,TINYIMAGENET,522,main_b1000_tinyimagenet_alexnet_RS_kp75_seed42,0.75,0.4526,False,0.75,alexnet,0.75,TINYIMAGENET_alexnet_RS_accuracy_kp7500_seed42,42,60000,522,42,accuracy,100042,0.4526,1,2.8337767394781115,42.37108314037323,10,2.8337767394781115,valid,0.4516962101747108,0.5114321490749958,0.4526,100042
RS,0.4607,292,292,random,TINYIMAGENET,523,main_b1000_tinyimagenet_alexnet_RS_kp75_seed42,0.75,0.45345,False,0.75,alexnet,0.75,TINYIMAGENET_alexnet_RS_accuracy_kp7500_seed42,42,60000,523,42,accuracy,100042,0.45345,1,2.8500542687892914,42.53947276622057,10,2.8500542687892914,valid,0.45325316912288066,0.5089407578013398,0.45344999999999996,100042
RS,0.4607,292,292,random,TINYIMAGENET,524,main_b1000_tinyimagenet_alexnet_RS_kp75_seed42,0.75,0.44625,False,0.75,alexnet,0.75,TINYIMAGENET_alexnet_RS_accuracy_kp7500_seed42,42,60000,524,42,accuracy,100042,0.44625,1,2.8580456215381624,42.61588929593563,10,2.8580456215381624,valid,0.4473676425345232,0.5103657931141583,0.44625,100042
RS,0.4607,292,292,random,TINYIMAGENET,525,main_b1000_tinyimagenet_alexnet_RS_kp75_seed42,0.75,0.453,False,0.75,alexnet,0.75,TINYIMAGENET_alexnet_RS_accuracy_kp7500_seed42,42,60000,525,42,accuracy,100042,0.453,1,2.8607580325126647,42.11378864943981,10,2.8607580325126647,valid,0.45152171008060904,0.5058382155820019,0.45299999999999996,100042
RS,0.4607,292,292,random,TINYIMAGENET,526,main_b1000_tinyimagenet_alexnet_RS_kp75_seed42,0.75,0.454,False,0.75,alexnet,0.75,TINYIMAGENET_alexnet_RS_accuracy_kp7500_seed42,42,60000,526,42,accuracy,100042,0.454,1,2.8401278196811677,42.545694664120674,10,2.8401278196811677,valid,0.45132409541752494,0.5075400894759027,0.45399999999999996,100042
RS,0.4607,292,292,random,TINYIMAGENET,527,main_b1000_tinyimagenet_alexnet_RS_kp75_seed42,0.75,0.44875,False,0.75,alexnet,0.75,TINYIMAGENET_alexnet_RS_accuracy_kp7500_seed42,42,60000,527,42,accuracy,100042,0.44875,1,2.883504874277115,42.592053696513176,10,2.883504874277115,valid,0.44651222777453675,0.5037887612655186,0.44875,100042
RS,0.4607,292,292,random,TINYIMAGENET,528,main_b1000_tinyimagenet_alexnet_RS_kp75_seed42,0.75,0.4503,False,0.75,alexnet,0.75,TINYIMAGENET_alexnet_RS_accuracy_kp7500_seed42,42,60000,528,42,accuracy,100042,0.4503,1,2.879264361715317,42.62143885344267,10,2.879264361715317,valid,0.44885974552042696,0.5054095941515122,0.45030000000000003,100042
RS,0.4607,292,292,random,TINYIMAGENET,529,main_b1000_tinyimagenet_alexnet_RS_kp75_seed42,0.75,0.4475,False,0.75,alexnet,0.75,TINYIMAGENET_alexnet_RS_accuracy_kp7500_seed42,42,60000,529,42,accuracy,100042,0.4475,1,2.860456050300598,42.16666682064533,10,2.860456050300598,valid,0.4500882604773704,0.5106886111066267,0.4475,100042
RS,0.4611,530,530,random,TINYIMAGENET,530,main_b1000_tinyimagenet_alexnet_RS_kp75_seed42,0.75,0.4611,True,0.75,alexnet,0.75,TINYIMAGENET_alexnet_RS_accuracy_kp7500_seed42,42,60000,530,42,accuracy,100042,0.4611,1,2.8125059215545654,42.573648281395435,10,2.8125059215545654,valid,0.4615047856402871,0.5111693044128609,0.4611,100042
RS,0.4611,530,530,random,TINYIMAGENET,531,main_b1000_tinyimagenet_alexnet_RS_kp75_seed42,0.75,0.44335,False,0.75,alexnet,0.75,TINYIMAGENET_alexnet_RS_accuracy_kp7500_seed42,42,60000,531,42,accuracy,100042,0.44335,1,2.910225343465805,42.66547188907862,10,2.910225343465805,valid,0.44370217748095003,0.5098704001340496,0.44335,100042
RS,0.4611,530,530,random,TINYIMAGENET,532,main_b1000_tinyimagenet_alexnet_RS_kp75_seed42,0.75,0.44755,False,0.75,alexnet,0.75,TINYIMAGENET_alexnet_RS_accuracy_kp7500_seed42,42,60000,532,42,accuracy,100042,0.44755,1,2.8846722867965697,42.10795680433512,10,2.8846722867965697,valid,0.44550431440031596,0.5056291353207872,0.44755,100042
RS,0.4611,530,530,random,TINYIMAGENET,533,main_b1000_tinyimagenet_alexnet_RS_kp75_seed42,0.75,0.44925,False,0.75,alexnet,0.75,TINYIMAGENET_alexnet_RS_accuracy_kp7500_seed42,42,60000,533,42,accuracy,100042,0.44925,1,2.8541079912185667,42.49382983148098,10,2.8541079912185667,valid,0.449260089888597,0.5087277741403384,0.44925,100042
RS,0.4611,530,530,random,TINYIMAGENET,534,main_b1000_tinyimagenet_alexnet_RS_kp75_seed42,0.75,0.4514,False,0.75,alexnet,0.75,TINYIMAGENET_alexnet_RS_accuracy_kp7500_seed42,42,60000,534,42,accuracy,100042,0.4514,1,2.8351572274684904,42.69694460183382,10,2.8351572274684904,valid,0.45108156102596686,0.5060850620968327,0.4514,100042
RS,0.4611,530,530,random,TINYIMAGENET,535,main_b1000_tinyimagenet_alexnet_RS_kp75_seed42,0.75,0.4422,False,0.75,alexnet,0.75,TINYIMAGENET_alexnet_RS_accuracy_kp7500_seed42,42,60000,535,42,accuracy,100042,0.4422,1,2.936035882091522,42.79836763441563,10,2.936035882091522,valid,0.4429520361402642,0.5133427187849512,0.4422,100042
RS,0.4611,530,530,random,TINYIMAGENET,536,main_b1000_tinyimagenet_alexnet_RS_kp75_seed42,0.75,0.44725,False,0.75,alexnet,0.75,TINYIMAGENET_alexnet_RS_accuracy_kp7500_seed42,42,60000,536,42,accuracy,100042,0.44725,1,2.845152292776108,42.195383951067924,10,2.845152292776108,valid,0.4470771124114964,0.5006284652915274,0.44725000000000004,100042
RS,0.46175,537,537,random,TINYIMAGENET,537,main_b1000_tinyimagenet_alexnet_RS_kp75_seed42,0.75,0.46175,True,0.75,alexnet,0.75,TINYIMAGENET_alexnet_RS_accuracy_kp7500_seed42,42,60000,537,42,accuracy,100042,0.46175,1,2.7831662009239198,42.617708429694176,10,2.7831662009239198,valid,0.4587459337331812,0.5033558696350867,0.46175,100042
RS,0.46175,537,537,random,TINYIMAGENET,538,main_b1000_tinyimagenet_alexnet_RS_kp75_seed42,0.75,0.44795,False,0.75,alexnet,0.75,TINYIMAGENET_alexnet_RS_accuracy_kp7500_seed42,42,60000,538,42,accuracy,100042,0.44795,1,2.8935768864154814,42.75040044635534,10,2.8935768864154814,valid,0.4470400447794407,0.5041210893248693,0.44795,100042
RS,0.46175,537,537,random,TINYIMAGENET,539,main_b1000_tinyimagenet_alexnet_RS_kp75_seed42,0.75,0.45145,False,0.75,alexnet,0.75,TINYIMAGENET_alexnet_RS_accuracy_kp7500_seed42,42,60000,539,42,accuracy,100042,0.45145,1,2.8510336287498474,42.271814197301865,10,2.8510336287498474,valid,0.4496069504914658,0.5043748261165685,0.45145,100042
RS,0.46175,537,537,random,TINYIMAGENET,540,main_b1000_tinyimagenet_alexnet_RS_kp75_seed42,0.75,0.4484,False,0.75,alexnet,0.75,TINYIMAGENET_alexnet_RS_accuracy_kp7500_seed42,42,60000,540,42,accuracy,100042,0.4484,1,2.83388568649292,42.417233377695084,10,2.83388568649292,valid,0.4459508639880767,0.4986726085853201,0.4484,100042
RS,0.46175,537,537,random,TINYIMAGENET,541,main_b1000_tinyimagenet_alexnet_RS_kp75_seed42,0.75,0.44645,False,0.75,alexnet,0.75,TINYIMAGENET_alexnet_RS_accuracy_kp7500_seed42,42,60000,541,42,accuracy,100042,0.44645,1,2.856780483198166,42.56865559518337,10,2.856780483198166,valid,0.446612019258373,0.5046916552189326,0.44645,100042
RS,0.46175,537,537,random,TINYIMAGENET,542,main_b1000_tinyimagenet_alexnet_RS_kp75_seed42,0.75,0.45075,False,0.75,alexnet,0.75,TINYIMAGENET_alexnet_RS_accuracy_kp7500_seed42,42,60000,542,42,accuracy,100042,0.45075,1,2.853605519914627,42.858235880732536,10,2.853605519914627,valid,0.448152570115064,0.5050751956237487,0.45075000000000004,100042
RS,0.46175,537,537,random,TINYIMAGENET,543,main_b1000_tinyimagenet_alexnet_RS_kp75_seed42,0.75,0.44315,False,0.75,alexnet,0.75,TINYIMAGENET_alexnet_RS_accuracy_kp7500_seed42,42,60000,543,42,accuracy,100042,0.44315,1,2.908862739467621,42.099877685308456,10,2.908862739467621,valid,0.44449786238241196,0.509945863958243,0.44315,100042
RS,0.46175,537,537,random,TINYIMAGENET,544,main_b1000_tinyimagenet_alexnet_RS_kp75_seed42,0.75,0.4547,False,0.75,alexnet,0.75,TINYIMAGENET_alexnet_RS_accuracy_kp7500_seed42,42,60000,544,42,accuracy,100042,0.4547,1,2.850709958457947,42.54640677571297,10,2.850709958457947,valid,0.45383247024510426,0.5092734060905015,0.4547,100042
RS,0.46175,537,537,random,TINYIMAGENET,545,main_b1000_tinyimagenet_alexnet_RS_kp75_seed42,0.75,0.44605,False,0.75,alexnet,0.75,TINYIMAGENET_alexnet_RS_accuracy_kp7500_seed42,42,60000,545,42,accuracy,100042,0.44605,1,2.9044037066936492,42.7468189522624,10,2.9044037066936492,valid,0.4451989022823045,0.510995267701006,0.44605000000000006,100042
RS,0.46175,537,537,random,TINYIMAGENET,546,main_b1000_tinyimagenet_alexnet_RS_kp75_seed42,0.75,0.44375,False,0.75,alexnet,0.75,TINYIMAGENET_alexnet_RS_accuracy_kp7500_seed42,42,60000,546,42,accuracy,100042,0.44375,1,2.904222718381882,42.60442743450403,10,2.904222718381882,valid,0.44624725731835385,0.5112139516482951,0.44375,100042
RS,0.46175,537,537,random,TINYIMAGENET,547,main_b1000_tinyimagenet_alexnet_RS_kp75_seed42,0.75,0.4441,False,0.75,alexnet,0.75,TINYIMAGENET_alexnet_RS_accuracy_kp7500_seed42,42,60000,547,42,accuracy,100042,0.4441,1,2.9230951560020446,42.21850413829088,10,2.9230951560020446,valid,0.44617157087626935,0.5216331570155209,0.44409999999999994,100042
RS,0.46175,537,537,random,TINYIMAGENET,548,main_b1000_tinyimagenet_alexnet_RS_kp75_seed42,0.75,0.45095,False,0.75,alexnet,0.75,TINYIMAGENET_alexnet_RS_accuracy_kp7500_seed42,42,60000,548,42,accuracy,100042,0.45095,1,2.8600054861545563,42.67673594504595,10,2.8600054861545563,valid,0.449951792247544,0.5077805822608525,0.45094999999999996,100042
RS,0.46175,537,537,random,TINYIMAGENET,549,main_b1000_tinyimagenet_alexnet_RS_kp75_seed42,0.75,0.4513,False,0.75,alexnet,0.75,TINYIMAGENET_alexnet_RS_accuracy_kp7500_seed42,42,60000,549,42,accuracy,100042,0.4513,1,2.8446949744939802,42.87882387638092,10,2.8446949744939802,valid,0.44877449342320247,0.5018386524759676,0.45130000000000003,100042
RS,0.46175,537,537,random,TINYIMAGENET,550,main_b1000_tinyimagenet_alexnet_RS_kp75_seed42,0.75,0.45075,False,0.75,alexnet,0.75,TINYIMAGENET_alexnet_RS_accuracy_kp7500_seed42,42,60000,550,42,accuracy,100042,0.45075,1,2.849774631690979,42.21243258565664,10,2.849774631690979,valid,0.4506454507630254,0.5062146075927808,0.45075000000000004,100042
RS,0.46175,537,537,random,TINYIMAGENET,551,main_b1000_tinyimagenet_alexnet_RS_kp75_seed42,0.75,0.4508,False,0.75,alexnet,0.75,TINYIMAGENET_alexnet_RS_accuracy_kp7500_seed42,42,60000,551,42,accuracy,100042,0.4508,1,2.8880624925613403,42.59059684723616,10,2.8880624925613403,valid,0.4492922310039558,0.5136741755863503,0.45080000000000003,100042
RS,0.46175,537,537,random,TINYIMAGENET,552,main_b1000_tinyimagenet_alexnet_RS_kp75_seed42,0.75,0.45425,False,0.75,alexnet,0.75,TINYIMAGENET_alexnet_RS_accuracy_kp7500_seed42,42,60000,552,42,accuracy,100042,0.45425,1,2.8572193361282348,42.96321929246187,10,2.8572193361282348,valid,0.4511378164945758,0.5093513289400349,0.45425,100042
RS,0.46175,537,537,random,TINYIMAGENET,553,main_b1000_tinyimagenet_alexnet_RS_kp75_seed42,0.75,0.4438,False,0.75,alexnet,0.75,TINYIMAGENET_alexnet_RS_accuracy_kp7500_seed42,42,60000,553,42,accuracy,100042,0.4438,1,2.9184810962677004,42.507534988224506,10,2.9184810962677004,valid,0.4431630105675509,0.510001194736112,0.4438,100042
RS,0.46175,537,537,random,TINYIMAGENET,554,main_b1000_tinyimagenet_alexnet_RS_kp75_seed42,0.75,0.4472,False,0.75,alexnet,0.75,TINYIMAGENET_alexnet_RS_accuracy_kp7500_seed42,42,60000,554,42,accuracy,100042,0.4472,1,2.8634225906848907,42.337041452527046,10,2.8634225906848907,valid,0.44865524067058715,0.5100593763897805,0.4472,100042
RS,0.46175,537,537,random,TINYIMAGENET,555,main_b1000_tinyimagenet_alexnet_RS_kp75_seed42,0.75,0.4488,False,0.75,alexnet,0.75,TINYIMAGENET_alexnet_RS_accuracy_kp7500_seed42,42,60000,555,42,accuracy,100042,0.4488,1,2.9015310633182527,42.54284819215536,10,2.9015310633182527,valid,0.4467682181454872,0.5119607016206783,0.44880000000000003,100042
RS,0.46175,537,537,random,TINYIMAGENET,556,main_b1000_tinyimagenet_alexnet_RS_kp75_seed42,0.75,0.4489,False,0.75,alexnet,0.75,TINYIMAGENET_alexnet_RS_accuracy_kp7500_seed42,42,60000,556,42,accuracy,100042,0.4489,1,2.867865900182724,42.82435695081949,10,2.867865900182724,valid,0.44880786894515323,0.5124174000719941,0.4489,100042
RS,0.46175,537,537,random,TINYIMAGENET,557,main_b1000_tinyimagenet_alexnet_RS_kp75_seed42,0.75,0.45245,False,0.75,alexnet,0.75,TINYIMAGENET_alexnet_RS_accuracy_kp7500_seed42,42,60000,557,42,accuracy,100042,0.45245,1,2.865407766389847,42.257195957005024,10,2.865407766389847,valid,0.4495373944571311,0.508084945011732,0.45245,100042
RS,0.46175,537,537,random,TINYIMAGENET,558,main_b1000_tinyimagenet_alexnet_RS_kp75_seed42,0.75,0.45725,False,0.75,alexnet,0.75,TINYIMAGENET_alexnet_RS_accuracy_kp7500_seed42,42,60000,558,42,accuracy,100042,0.45725,1,2.801203929948807,42.45198482275009,10,2.801203929948807,valid,0.45382405195887904,0.5028616375756408,0.45725,100042
RS,0.46175,537,537,random,TINYIMAGENET,559,main_b1000_tinyimagenet_alexnet_RS_kp75_seed42,0.75,0.45065,False,0.75,alexnet,0.75,TINYIMAGENET_alexnet_RS_accuracy_kp7500_seed42,42,60000,559,42,accuracy,100042,0.45065,1,2.846897156190872,42.548713594675064,10,2.846897156190872,valid,0.448216045986946,0.5008061453419711,0.45065,100042
RS,0.46175,537,537,random,TINYIMAGENET,560,main_b1000_tinyimagenet_alexnet_RS_kp75_seed42,0.75,0.45425,False,0.75,alexnet,0.75,TINYIMAGENET_alexnet_RS_accuracy_kp7500_seed42,42,60000,560,42,accuracy,100042,0.45425,1,2.8622843152046205,42.707595117390156,10,2.8622843152046205,valid,0.45061193487115986,0.503991566997342,0.45425,100042
RS,0.46175,537,537,random,TINYIMAGENET,561,main_b1000_tinyimagenet_alexnet_RS_kp75_seed42,0.75,0.44855,False,0.75,alexnet,0.75,TINYIMAGENET_alexnet_RS_accuracy_kp7500_seed42,42,60000,561,42,accuracy,100042,0.44855,1,2.8746028445243836,42.22455498576164,10,2.8746028445243836,valid,0.44727472420741615,0.5116923230933625,0.44855000000000006,100042
RS,0.46175,537,537,random,TINYIMAGENET,562,main_b1000_tinyimagenet_alexnet_RS_kp75_seed42,0.75,0.4527,False,0.75,alexnet,0.75,TINYIMAGENET_alexnet_RS_accuracy_kp7500_seed42,42,60000,562,42,accuracy,100042,0.4527,1,2.8361534926891325,42.48990513384342,10,2.8361534926891325,valid,0.45036380218090327,0.5037621076084204,0.45269999999999994,100042
RS,0.46175,537,537,random,TINYIMAGENET,563,main_b1000_tinyimagenet_alexnet_RS_kp75_seed42,0.75,0.4486,False,0.75,alexnet,0.75,TINYIMAGENET_alexnet_RS_accuracy_kp7500_seed42,42,60000,563,42,accuracy,100042,0.4486,1,2.8820566310882567,42.82017393410206,10,2.8820566310882567,valid,0.4476754283782455,0.5091985707420564,0.4486,100042
RS,0.46175,537,537,random,TINYIMAGENET,564,main_b1000_tinyimagenet_alexnet_RS_kp75_seed42,0.75,0.4448,False,0.75,alexnet,0.75,TINYIMAGENET_alexnet_RS_accuracy_kp7500_seed42,42,60000,564,42,accuracy,100042,0.4448,1,2.871498292827606,42.456502102315426,10,2.871498292827606,valid,0.44688034995225834,0.5116029058376199,0.44480000000000003,100042
RS,0.46175,537,537,random,TINYIMAGENET,565,main_b1000_tinyimagenet_alexnet_RS_kp75_seed42,0.75,0.44465,False,0.75,alexnet,0.75,TINYIMAGENET_alexnet_RS_accuracy_kp7500_seed42,42,60000,565,42,accuracy,100042,0.44465,1,2.913990122747421,42.28320028632879,10,2.913990122747421,valid,0.4459631919780368,0.5150700357720231,0.44465000000000005,100042
RS,0.46175,537,537,random,TINYIMAGENET,566,main_b1000_tinyimagenet_alexnet_RS_kp75_seed42,0.75,0.44755,False,0.75,alexnet,0.75,TINYIMAGENET_alexnet_RS_accuracy_kp7500_seed42,42,60000,566,42,accuracy,100042,0.44755,1,2.88054768140316,42.54190221428871,10,2.88054768140316,valid,0.44642107266255315,0.5013043591683897,0.44754999999999995,100042
RS,0.46175,537,537,random,TINYIMAGENET,567,main_b1000_tinyimagenet_alexnet_RS_kp75_seed42,0.75,0.4495,False,0.75,alexnet,0.75,TINYIMAGENET_alexnet_RS_accuracy_kp7500_seed42,42,60000,567,42,accuracy,100042,0.4495,1,2.893245337820053,42.68562090396881,10,2.893245337820053,valid,0.44846068058610855,0.5079872022215932,0.4495,100042
RS,0.46175,537,537,random,TINYIMAGENET,568,main_b1000_tinyimagenet_alexnet_RS_kp75_seed42,0.75,0.4511,False,0.75,alexnet,0.75,TINYIMAGENET_alexnet_RS_accuracy_kp7500_seed42,42,60000,568,42,accuracy,100042,0.4511,1,2.851973504734039,42.12427745759487,10,2.851973504734039,valid,0.45389513963518363,0.5098139748943182,0.4511,100042
RS,0.46175,537,537,random,TINYIMAGENET,569,main_b1000_tinyimagenet_alexnet_RS_kp75_seed42,0.75,0.44715,False,0.75,alexnet,0.75,TINYIMAGENET_alexnet_RS_accuracy_kp7500_seed42,42,60000,569,42,accuracy,100042,0.44715,1,2.9000448105335237,42.399081505835056,10,2.9000448105335237,valid,0.445259265199403,0.5097938131579793,0.44715000000000005,100042
RS,0.46175,537,537,random,TINYIMAGENET,570,main_b1000_tinyimagenet_alexnet_RS_kp75_seed42,0.75,0.435,False,0.75,alexnet,0.75,TINYIMAGENET_alexnet_RS_accuracy_kp7500_seed42,42,60000,570,42,accuracy,100042,0.435,1,2.958519199895859,42.76043418049812,10,2.958519199895859,valid,0.43580537780956957,0.5129017348360726,0.435,100042
RS,0.46175,537,537,random,TINYIMAGENET,571,main_b1000_tinyimagenet_alexnet_RS_kp75_seed42,0.75,0.44725,False,0.75,alexnet,0.75,TINYIMAGENET_alexnet_RS_accuracy_kp7500_seed42,42,60000,571,42,accuracy,100042,0.44725,1,2.8722883593559265,42.586795799434185,10,2.8722883593559265,valid,0.44437023271541903,0.5052891090653374,0.4472499999999999,100042
RS,0.46175,537,537,random,TINYIMAGENET,572,main_b1000_tinyimagenet_alexnet_RS_kp75_seed42,0.75,0.45455,False,0.75,alexnet,0.75,TINYIMAGENET_alexnet_RS_accuracy_kp7500_seed42,42,60000,572,42,accuracy,100042,0.45455,1,2.8352361943244935,42.15475490689278,10,2.8352361943244935,valid,0.44913290452393,0.5034382085403715,0.45455,100042
RS,0.46175,537,537,random,TINYIMAGENET,573,main_b1000_tinyimagenet_alexnet_RS_kp75_seed42,0.75,0.448,False,0.75,alexnet,0.75,TINYIMAGENET_alexnet_RS_accuracy_kp7500_seed42,42,60000,573,42,accuracy,100042,0.448,1,2.883706270456314,42.48351267725229,10,2.883706270456314,valid,0.45075641914115655,0.5138032052399237,0.44800000000000006,100042
RS,0.46175,537,537,random,TINYIMAGENET,574,main_b1000_tinyimagenet_alexnet_RS_kp75_seed42,0.75,0.44855,False,0.75,alexnet,0.75,TINYIMAGENET_alexnet_RS_accuracy_kp7500_seed42,42,60000,574,42,accuracy,100042,0.44855,1,2.8122914883613586,42.69733960181475,10,2.8122914883613586,valid,0.44670556309168047,0.49875064636492444,0.44855000000000006,100042
RS,0.46175,537,537,random,TINYIMAGENET,575,main_b1000_tinyimagenet_alexnet_RS_kp75_seed42,0.75,0.4575,False,0.75,alexnet,0.75,TINYIMAGENET_alexnet_RS_accuracy_kp7500_seed42,42,60000,575,42,accuracy,100042,0.4575,1,2.8452770936012266,42.28215552866459,10,2.8452770936012266,valid,0.4559741632074642,0.5099411340323241,0.4575000000000001,100042
RS,0.46175,537,537,random,TINYIMAGENET,576,main_b1000_tinyimagenet_alexnet_RS_kp75_seed42,0.75,0.4521,False,0.75,alexnet,0.75,TINYIMAGENET_alexnet_RS_accuracy_kp7500_seed42,42,60000,576,42,accuracy,100042,0.4521,1,2.849863487243652,42.38010946661234,10,2.849863487243652,valid,0.4511859626738099,0.5036449939262116,0.4521,100042
RS,0.46175,537,537,random,TINYIMAGENET,577,main_b1000_tinyimagenet_alexnet_RS_kp75_seed42,0.75,0.44475,False,0.75,alexnet,0.75,TINYIMAGENET_alexnet_RS_accuracy_kp7500_seed42,42,60000,577,42,accuracy,100042,0.44475,1,2.878862569570541,42.60816229879856,10,2.878862569570541,valid,0.44234716493899834,0.49858841109449825,0.4447499999999999,100042
RS,0.46175,537,537,random,TINYIMAGENET,578,main_b1000_tinyimagenet_alexnet_RS_kp75_seed42,0.75,0.45295,False,0.75,alexnet,0.75,TINYIMAGENET_alexnet_RS_accuracy_kp7500_seed42,42,60000,578,42,accuracy,100042,0.45295,1,2.8374143968582155,42.66761501133442,10,2.8374143968582155,valid,0.4494622010224009,0.5048404105675757,0.45295,100042
RS,0.46175,537,537,random,TINYIMAGENET,579,main_b1000_tinyimagenet_alexnet_RS_kp75_seed42,0.75,0.4531,False,0.75,alexnet,0.75,TINYIMAGENET_alexnet_RS_accuracy_kp7500_seed42,42,60000,579,42,accuracy,100042,0.4531,1,2.8325724699020385,42.08081593364477,10,2.8325724699020385,valid,0.45472093402092084,0.5121176455049311,0.4531,100042
RS,0.46175,537,537,random,TINYIMAGENET,580,main_b1000_tinyimagenet_alexnet_RS_kp75_seed42,0.75,0.45255,False,0.75,alexnet,0.75,TINYIMAGENET_alexnet_RS_accuracy_kp7500_seed42,42,60000,580,42,accuracy,100042,0.45255,1,2.838662564110756,42.39352660626173,10,2.838662564110756,valid,0.45227687977697273,0.5058160932186284,0.45254999999999995,100042
RS,0.46175,537,537,random,TINYIMAGENET,581,main_b1000_tinyimagenet_alexnet_RS_kp75_seed42,0.75,0.44775,False,0.75,alexnet,0.75,TINYIMAGENET_alexnet_RS_accuracy_kp7500_seed42,42,60000,581,42,accuracy,100042,0.44775,1,2.9128139341831205,42.624646209180355,10,2.9128139341831205,valid,0.4476608479519203,0.5177831659031809,0.44775000000000004,100042
RS,0.46175,537,537,random,TINYIMAGENET,582,main_b1000_tinyimagenet_alexnet_RS_kp75_seed42,0.75,0.45125,False,0.75,alexnet,0.75,TINYIMAGENET_alexnet_RS_accuracy_kp7500_seed42,42,60000,582,42,accuracy,100042,0.45125,1,2.8574977412223816,42.30888748168945,10,2.8574977412223816,valid,0.45318547376288976,0.5179876416428892,0.45125,100042
RS,0.46175,537,537,random,TINYIMAGENET,583,main_b1000_tinyimagenet_alexnet_RS_kp75_seed42,0.75,0.44795,False,0.75,alexnet,0.75,TINYIMAGENET_alexnet_RS_accuracy_kp7500_seed42,42,60000,583,42,accuracy,100042,0.44795,1,2.863926298522949,42.327144250273705,10,2.863926298522949,valid,0.44837660199230084,0.5148495054088527,0.44795,100042
RS,0.46175,537,537,random,TINYIMAGENET,584,main_b1000_tinyimagenet_alexnet_RS_kp75_seed42,0.75,0.44975,False,0.75,alexnet,0.75,TINYIMAGENET_alexnet_RS_accuracy_kp7500_seed42,42,60000,584,42,accuracy,100042,0.44975,1,2.8596183130025863,42.478721648454666,10,2.8596183130025863,valid,0.45055082419903797,0.5111865414801042,0.44975000000000004,100042
RS,0.46175,537,537,random,TINYIMAGENET,585,main_b1000_tinyimagenet_alexnet_RS_kp75_seed42,0.75,0.44975,False,0.75,alexnet,0.75,TINYIMAGENET_alexnet_RS_accuracy_kp7500_seed42,42,60000,585,42,accuracy,100042,0.44975,1,2.903317261362076,42.61226957291365,10,2.903317261362076,valid,0.4528729890011789,0.5213585310067779,0.4497499999999999,100042
RS,0.46175,537,537,random,TINYIMAGENET,586,main_b1000_tinyimagenet_alexnet_RS_kp75_seed42,0.75,0.4526,False,0.75,alexnet,0.75,TINYIMAGENET_alexnet_RS_accuracy_kp7500_seed42,42,60000,586,42,accuracy,100042,0.4526,1,2.860188527584076,42.116948664188385,10,2.860188527584076,valid,0.4519087840366178,0.508993068847905,0.4526,100042
RS,0.46175,537,537,random,TINYIMAGENET,587,main_b1000_tinyimagenet_alexnet_RS_kp75_seed42,0.75,0.44795,False,0.75,alexnet,0.75,TINYIMAGENET_alexnet_RS_accuracy_kp7500_seed42,42,60000,587,42,accuracy,100042,0.44795,1,2.860060866689682,42.47272261977196,10,2.860060866689682,valid,0.4480842569794825,0.5059240147959362,0.44795,100042
RS,0.46175,537,537,random,TINYIMAGENET,588,main_b1000_tinyimagenet_alexnet_RS_kp75_seed42,0.75,0.45095,False,0.75,alexnet,0.75,TINYIMAGENET_alexnet_RS_accuracy_kp7500_seed42,42,60000,588,42,accuracy,100042,0.45095,1,2.862375305581093,42.6487977206707,10,2.862375305581093,valid,0.4500407763294534,0.5107113328259133,0.45094999999999996,100042
RS,0.46175,537,537,random,TINYIMAGENET,589,main_b1000_tinyimagenet_alexnet_RS_kp75_seed42,0.75,0.45955,False,0.75,alexnet,0.75,TINYIMAGENET_alexnet_RS_accuracy_kp7500_seed42,42,60000,589,42,accuracy,100042,0.45955,1,2.8085799530744553,42.36886725574732,10,2.8085799530744553,valid,0.4542342131802849,0.505153528417084,0.45954999999999996,100042
RS,0.46175,537,537,random,TINYIMAGENET,590,main_b1000_tinyimagenet_alexnet_RS_kp75_seed42,0.75,0.45595,False,0.75,alexnet,0.75,TINYIMAGENET_alexnet_RS_accuracy_kp7500_seed42,42,60000,590,42,accuracy,100042,0.45595,1,2.8429568281412125,42.26525970548391,10,2.8429568281412125,valid,0.4567909840438568,0.5154784588194538,0.45594999999999997,100042
RS,0.46175,537,537,random,TINYIMAGENET,591,main_b1000_tinyimagenet_alexnet_RS_kp75_seed42,0.75,0.44525,False,0.75,alexnet,0.75,TINYIMAGENET_alexnet_RS_accuracy_kp7500_seed42,42,60000,591,42,accuracy,100042,0.44525,1,2.8970372320175173,42.542091242969036,10,2.8970372320175173,valid,0.4446217541534247,0.5094640146092309,0.44525,100042
RS,0.46175,537,537,random,TINYIMAGENET,592,main_b1000_tinyimagenet_alexnet_RS_kp75_seed42,0.75,0.4499,False,0.75,alexnet,0.75,TINYIMAGENET_alexnet_RS_accuracy_kp7500_seed42,42,60000,592,42,accuracy,100042,0.4499,1,2.8694585136413573,42.70326456427574,10,2.8694585136413573,valid,0.4515261343662578,0.5156970174305353,0.4499,100042
RS,0.46175,537,537,random,TINYIMAGENET,593,main_b1000_tinyimagenet_alexnet_RS_kp75_seed42,0.75,0.4539,False,0.75,alexnet,0.75,TINYIMAGENET_alexnet_RS_accuracy_kp7500_seed42,42,60000,593,42,accuracy,100042,0.4539,1,2.8481635873317717,42.14597614109516,10,2.8481635873317717,valid,0.45297075477399845,0.5102433893388326,0.4539,100042
RS,0.46175,537,537,random,TINYIMAGENET,594,main_b1000_tinyimagenet_alexnet_RS_kp75_seed42,0.75,0.44055,False,0.75,alexnet,0.75,TINYIMAGENET_alexnet_RS_accuracy_kp7500_seed42,42,60000,594,42,accuracy,100042,0.44055,1,2.9192032004356383,42.53855261206627,10,2.9192032004356383,valid,0.43776376980269005,0.4994555022721285,0.44055,100042
RS,0.46175,537,537,random,TINYIMAGENET,595,main_b1000_tinyimagenet_alexnet_RS_kp75_seed42,0.75,0.44375,False,0.75,alexnet,0.75,TINYIMAGENET_alexnet_RS_accuracy_kp7500_seed42,42,60000,595,42,accuracy,100042,0.44375,1,2.9184447573661805,42.70051007717848,10,2.9184447573661805,valid,0.4449565859654203,0.5172239318970264,0.44375,100042
RS,0.46175,537,537,random,TINYIMAGENET,596,main_b1000_tinyimagenet_alexnet_RS_kp75_seed42,0.75,0.4502,False,0.75,alexnet,0.75,TINYIMAGENET_alexnet_RS_accuracy_kp7500_seed42,42,60000,596,42,accuracy,100042,0.4502,1,2.8707270790100097,42.64088403433561,10,2.8707270790100097,valid,0.4479451116431875,0.5013522255752378,0.45020000000000004,100042
RS,0.46175,537,537,random,TINYIMAGENET,597,main_b1000_tinyimagenet_alexnet_RS_kp75_seed42,0.75,0.4521,False,0.75,alexnet,0.75,TINYIMAGENET_alexnet_RS_accuracy_kp7500_seed42,42,60000,597,42,accuracy,100042,0.4521,1,2.8552534415721893,42.21344404667616,10,2.8552534415721893,valid,0.45397887367070183,0.5078896356058643,0.45209999999999995,100042
RS,0.46175,537,537,random,TINYIMAGENET,598,main_b1000_tinyimagenet_alexnet_RS_kp75_seed42,0.75,0.4474,False,0.75,alexnet,0.75,TINYIMAGENET_alexnet_RS_accuracy_kp7500_seed42,42,60000,598,42,accuracy,100042,0.4474,1,2.8817686692237854,42.54279262572527,10,2.8817686692237854,valid,0.44825664713774616,0.5093691348586289,0.4474,100042
RS,0.46175,537,537,random,TINYIMAGENET,599,main_b1000_tinyimagenet_alexnet_RS_kp75_seed42,0.75,0.45195,False,0.75,alexnet,0.75,TINYIMAGENET_alexnet_RS_accuracy_kp7500_seed42,42,60000,599,42,accuracy,100042,0.45195,1,2.8764079069137574,42.751790046691895,10,2.8764079069137574,valid,0.45079544747641154,0.5081471485258665,0.4519500000000001,100042
RS,0.46175,537,537,random,TINYIMAGENET,600,main_b1000_tinyimagenet_alexnet_RS_kp75_seed42,0.75,0.45045,False,0.75,alexnet,0.75,TINYIMAGENET_alexnet_RS_accuracy_kp7500_seed42,42,60000,600,42,accuracy,100042,0.45045,1,2.871056741809845,42.09054183959961,10,2.871056741809845,valid,0.4470268066792438,0.5069693229445176,0.45045,100042
RS,0.46175,537,537,random,TINYIMAGENET,601,main_b1000_tinyimagenet_alexnet_RS_kp75_seed42,0.75,0.453,False,0.75,alexnet,0.75,TINYIMAGENET_alexnet_RS_accuracy_kp7500_seed42,42,60000,601,42,accuracy,100042,0.453,1,2.833567299079895,42.4103846848011,10,2.833567299079895,valid,0.4499482125751373,0.5026642948448415,0.45300000000000007,100042
RS,0.46175,537,537,random,TINYIMAGENET,602,main_b1000_tinyimagenet_alexnet_RS_kp75_seed42,0.75,0.4462,False,0.75,alexnet,0.75,TINYIMAGENET_alexnet_RS_accuracy_kp7500_seed42,42,60000,602,42,accuracy,100042,0.4462,1,2.910286582660675,42.77040182054043,10,2.910286582660675,valid,0.4479545517080243,0.5143665052263542,0.44620000000000004,100042
RS,0.46175,537,537,random,TINYIMAGENET,603,main_b1000_tinyimagenet_alexnet_RS_kp75_seed42,0.75,0.45,False,0.75,alexnet,0.75,TINYIMAGENET_alexnet_RS_accuracy_kp7500_seed42,42,60000,603,42,accuracy,100042,0.45,1,2.888077987289429,42.75591281801462,10,2.888077987289429,valid,0.44774972741536795,0.5140980960449563,0.45,100042
RS,0.46175,537,537,random,TINYIMAGENET,604,main_b1000_tinyimagenet_alexnet_RS_kp75_seed42,0.75,0.4544,False,0.75,alexnet,0.75,TINYIMAGENET_alexnet_RS_accuracy_kp7500_seed42,42,60000,604,42,accuracy,100042,0.4544,1,2.8310852420330046,42.098155595362186,10,2.8310852420330046,valid,0.4553869142962644,0.5151121149260424,0.45439999999999997,100042
RS,0.46175,537,537,random,TINYIMAGENET,605,main_b1000_tinyimagenet_alexnet_RS_kp75_seed42,0.75,0.44935,False,0.75,alexnet,0.75,TINYIMAGENET_alexnet_RS_accuracy_kp7500_seed42,42,60000,605,42,accuracy,100042,0.44935,1,2.864204137444496,42.55234602838755,10,2.864204137444496,valid,0.44971179361564895,0.5114742911027931,0.44935,100042
RS,0.46175,537,537,random,TINYIMAGENET,606,main_b1000_tinyimagenet_alexnet_RS_kp75_seed42,0.75,0.45535,False,0.75,alexnet,0.75,TINYIMAGENET_alexnet_RS_accuracy_kp7500_seed42,42,60000,606,42,accuracy,100042,0.45535,1,2.8550862854480745,42.86129216104746,10,2.8550862854480745,valid,0.4552618993753603,0.5118129375872685,0.45535000000000003,100042
RS,0.46175,537,537,random,TINYIMAGENET,607,main_b1000_tinyimagenet_alexnet_RS_kp75_seed42,0.75,0.44505,False,0.75,alexnet,0.75,TINYIMAGENET_alexnet_RS_accuracy_kp7500_seed42,42,60000,607,42,accuracy,100042,0.44505,1,2.8980987310171127,42.36846623569727,10,2.8980987310171127,valid,0.4442131195557086,0.5018916812978325,0.44504999999999995,100042
RS,0.46175,537,537,random,TINYIMAGENET,608,main_b1000_tinyimagenet_alexnet_RS_kp75_seed42,0.75,0.44015,False,0.75,alexnet,0.75,TINYIMAGENET_alexnet_RS_accuracy_kp7500_seed42,42,60000,608,42,accuracy,100042,0.44015,1,2.9837031433582304,42.46666648238897,10,2.9837031433582304,valid,0.43693486222772665,0.5082277390042867,0.4401500000000001,100042
RS,0.46175,537,537,random,TINYIMAGENET,609,main_b1000_tinyimagenet_alexnet_RS_kp75_seed42,0.75,0.44545,False,0.75,alexnet,0.75,TINYIMAGENET_alexnet_RS_accuracy_kp7500_seed42,42,60000,609,42,accuracy,100042,0.44545,1,2.8659580350399017,42.60186783224344,10,2.8659580350399017,valid,0.44647914483417156,0.5051570285000492,0.44545,100042
RS,0.46175,537,537,random,TINYIMAGENET,610,main_b1000_tinyimagenet_alexnet_RS_kp75_seed42,0.75,0.4487,False,0.75,alexnet,0.75,TINYIMAGENET_alexnet_RS_accuracy_kp7500_seed42,42,60000,610,42,accuracy,100042,0.4487,1,2.854806140470505,42.746862538158894,10,2.854806140470505,valid,0.44850593418010914,0.5065441862437613,0.4487,100042
RS,0.46175,537,537,random,TINYIMAGENET,611,main_b1000_tinyimagenet_alexnet_RS_kp75_seed42,0.75,0.44445,False,0.75,alexnet,0.75,TINYIMAGENET_alexnet_RS_accuracy_kp7500_seed42,42,60000,611,42,accuracy,100042,0.44445,1,2.882831420326233,42.135669343173504,10,2.882831420326233,valid,0.4459888484774761,0.5156805739343686,0.44445,100042
RS,0.46175,537,537,random,TINYIMAGENET,612,main_b1000_tinyimagenet_alexnet_RS_kp75_seed42,0.75,0.44785,False,0.75,alexnet,0.75,TINYIMAGENET_alexnet_RS_accuracy_kp7500_seed42,42,60000,612,42,accuracy,100042,0.44785,1,2.8714314859867094,42.61890563368797,10,2.8714314859867094,valid,0.4437209816005126,0.49952538741797037,0.44784999999999997,100042
RS,0.46175,537,537,random,TINYIMAGENET,613,main_b1000_tinyimagenet_alexnet_RS_kp75_seed42,0.75,0.44855,False,0.75,alexnet,0.75,TINYIMAGENET_alexnet_RS_accuracy_kp7500_seed42,42,60000,613,42,accuracy,100042,0.44855,1,2.8750106791734695,42.73224862664938,10,2.8750106791734695,valid,0.4474648075990719,0.511480532210758,0.44855000000000006,100042
RS,0.46175,537,537,random,TINYIMAGENET,614,main_b1000_tinyimagenet_alexnet_RS_kp75_seed42,0.75,0.4522,False,0.75,alexnet,0.75,TINYIMAGENET_alexnet_RS_accuracy_kp7500_seed42,42,60000,614,42,accuracy,100042,0.4522,1,2.852614215755463,42.35536464303732,10,2.852614215755463,valid,0.449109773064107,0.5044570164617034,0.4522,100042
RS,0.46175,537,537,random,TINYIMAGENET,615,main_b1000_tinyimagenet_alexnet_RS_kp75_seed42,0.75,0.4471,False,0.75,alexnet,0.75,TINYIMAGENET_alexnet_RS_accuracy_kp7500_seed42,42,60000,615,42,accuracy,100042,0.4471,1,2.8783820524692536,42.565817691385746,10,2.8783820524692536,valid,0.4463813270247455,0.5058178944680468,0.44709999999999994,100042
RS,0.46175,537,537,random,TINYIMAGENET,616,main_b1000_tinyimagenet_alexnet_RS_kp75_seed42,0.75,0.446,False,0.75,alexnet,0.75,TINYIMAGENET_alexnet_RS_accuracy_kp7500_seed42,42,60000,616,42,accuracy,100042,0.446,1,2.8553388918876648,42.71131671220064,10,2.8553388918876648,valid,0.4472419210551374,0.5093118754305723,0.44600000000000006,100042
RS,0.46175,537,537,random,TINYIMAGENET,617,main_b1000_tinyimagenet_alexnet_RS_kp75_seed42,0.75,0.448,False,0.75,alexnet,0.75,TINYIMAGENET_alexnet_RS_accuracy_kp7500_seed42,42,60000,617,42,accuracy,100042,0.448,1,2.885752018785477,42.68911408632994,10,2.885752018785477,valid,0.44646584391729655,0.509525140636098,0.44799999999999995,100042
RS,0.46175,537,537,random,TINYIMAGENET,618,main_b1000_tinyimagenet_alexnet_RS_kp75_seed42,0.75,0.45385,False,0.75,alexnet,0.75,TINYIMAGENET_alexnet_RS_accuracy_kp7500_seed42,42,60000,618,42,accuracy,100042,0.45385,1,2.8186954822301864,42.20162259787321,10,2.8186954822301864,valid,0.4537156433241624,0.501394399561387,0.45385000000000003,100042
RS,0.46175,537,537,random,TINYIMAGENET,619,main_b1000_tinyimagenet_alexnet_RS_kp75_seed42,0.75,0.44675,False,0.75,alexnet,0.75,TINYIMAGENET_alexnet_RS_accuracy_kp7500_seed42,42,60000,619,42,accuracy,100042,0.44675,1,2.870184895515442,42.52842281758785,10,2.870184895515442,valid,0.4459374476404676,0.5068265552308783,0.44675,100042
RS,0.46175,537,537,random,TINYIMAGENET,620,main_b1000_tinyimagenet_alexnet_RS_kp75_seed42,0.75,0.4496,False,0.75,alexnet,0.75,TINYIMAGENET_alexnet_RS_accuracy_kp7500_seed42,42,60000,620,42,accuracy,100042,0.4496,1,2.866659885454178,42.775534108281136,10,2.866659885454178,valid,0.44867574521962433,0.5068896603121638,0.4496,100042
RS,0.46175,537,537,random,TINYIMAGENET,621,main_b1000_tinyimagenet_alexnet_RS_kp75_seed42,0.75,0.45165,False,0.75,alexnet,0.75,TINYIMAGENET_alexnet_RS_accuracy_kp7500_seed42,42,60000,621,42,accuracy,100042,0.45165,1,2.8350965062141418,42.40660631656647,10,2.8350965062141418,valid,0.44970551052350205,0.5025972235888745,0.45164999999999994,100042
RS,0.46175,537,537,random,TINYIMAGENET,622,main_b1000_tinyimagenet_alexnet_RS_kp75_seed42,0.75,0.44645,False,0.75,alexnet,0.75,TINYIMAGENET_alexnet_RS_accuracy_kp7500_seed42,42,60000,622,42,accuracy,100042,0.44645,1,2.880460196352005,42.401209242641926,10,2.880460196352005,valid,0.44914576211366297,0.5143123468184991,0.44645,100042
RS,0.46175,537,537,random,TINYIMAGENET,623,main_b1000_tinyimagenet_alexnet_RS_kp75_seed42,0.75,0.45395,False,0.75,alexnet,0.75,TINYIMAGENET_alexnet_RS_accuracy_kp7500_seed42,42,60000,623,42,accuracy,100042,0.45395,1,2.825029894590378,42.739055298268795,10,2.825029894590378,valid,0.4532667323315398,0.5036429250715235,0.45395,100042
RS,0.46175,537,537,random,TINYIMAGENET,624,main_b1000_tinyimagenet_alexnet_RS_kp75_seed42,0.75,0.4512,False,0.75,alexnet,0.75,TINYIMAGENET_alexnet_RS_accuracy_kp7500_seed42,42,60000,624,42,accuracy,100042,0.4512,1,2.845430846071243,42.88508965075016,10,2.845430846071243,valid,0.4486338487977797,0.5012423161728418,0.4512,100042
RS,0.46175,537,537,random,TINYIMAGENET,625,main_b1000_tinyimagenet_alexnet_RS_kp75_seed42,0.75,0.45045,False,0.75,alexnet,0.75,TINYIMAGENET_alexnet_RS_accuracy_kp7500_seed42,42,60000,625,42,accuracy,100042,0.45045,1,2.8392112754821777,42.10973857343197,10,2.8392112754821777,valid,0.44980450997609295,0.503144220311464,0.45045,100042
RS,0.46175,537,537,random,TINYIMAGENET,626,main_b1000_tinyimagenet_alexnet_RS_kp75_seed42,0.75,0.45155,False,0.75,alexnet,0.75,TINYIMAGENET_alexnet_RS_accuracy_kp7500_seed42,42,60000,626,42,accuracy,100042,0.45155,1,2.9080461430072786,42.593295745551586,10,2.9080461430072786,valid,0.4525436086637608,0.5204722560765765,0.45155,100042
RS,0.46175,537,537,random,TINYIMAGENET,627,main_b1000_tinyimagenet_alexnet_RS_kp75_seed42,0.75,0.44855,False,0.75,alexnet,0.75,TINYIMAGENET_alexnet_RS_accuracy_kp7500_seed42,42,60000,627,42,accuracy,100042,0.44855,1,2.870235312747955,42.703762240707874,10,2.870235312747955,valid,0.45064431937197313,0.5104205064918904,0.44855000000000006,100042
RS,0.46175,537,537,random,TINYIMAGENET,628,main_b1000_tinyimagenet_alexnet_RS_kp75_seed42,0.75,0.4483,False,0.75,alexnet,0.75,TINYIMAGENET_alexnet_RS_accuracy_kp7500_seed42,42,60000,628,42,accuracy,100042,0.4483,1,2.8789076903343203,42.489000879228115,10,2.8789076903343203,valid,0.4472708195111143,0.5081829757070715,0.4483,100042
RS,0.46175,537,537,random,TINYIMAGENET,629,main_b1000_tinyimagenet_alexnet_RS_kp75_seed42,0.75,0.4429,False,0.75,alexnet,0.75,TINYIMAGENET_alexnet_RS_accuracy_kp7500_seed42,42,60000,629,42,accuracy,100042,0.4429,1,2.902706879043579,42.29391831159592,10,2.902706879043579,valid,0.4436081585717918,0.5081832992542689,0.4428999999999999,100042
RS,0.46175,537,537,random,TINYIMAGENET,630,main_b1000_tinyimagenet_alexnet_RS_kp75_seed42,0.75,0.4507,False,0.75,alexnet,0.75,TINYIMAGENET_alexnet_RS_accuracy_kp7500_seed42,42,60000,630,42,accuracy,100042,0.4507,1,2.864839198565483,42.673471570014954,10,2.864839198565483,valid,0.44964019654649134,0.5082073864940096,0.4507,100042
RS,0.46175,537,537,random,TINYIMAGENET,631,main_b1000_tinyimagenet_alexnet_RS_kp75_seed42,0.75,0.4569,False,0.75,alexnet,0.75,TINYIMAGENET_alexnet_RS_accuracy_kp7500_seed42,42,60000,631,42,accuracy,100042,0.4569,1,2.8260142397880554,42.7639292255044,10,2.8260142397880554,valid,0.4538814076722367,0.505966424662454,0.4569,100042
RS,0.46175,537,537,random,TINYIMAGENET,632,main_b1000_tinyimagenet_alexnet_RS_kp75_seed42,0.75,0.45095,False,0.75,alexnet,0.75,TINYIMAGENET_alexnet_RS_accuracy_kp7500_seed42,42,60000,632,42,accuracy,100042,0.45095,1,2.8151441782951356,42.33279433846474,10,2.8151441782951356,valid,0.45258331417475306,0.513297653477689,0.45094999999999996,100042
RS,0.46175,537,537,random,TINYIMAGENET,633,main_b1000_tinyimagenet_alexnet_RS_kp75_seed42,0.75,0.45445,False,0.75,alexnet,0.75,TINYIMAGENET_alexnet_RS_accuracy_kp7500_seed42,42,60000,633,42,accuracy,100042,0.45445,1,2.820644684267044,42.48138728737831,10,2.820644684267044,valid,0.45329482018890715,0.5032851130136565,0.45445,100042
RS,0.46175,537,537,random,TINYIMAGENET,634,main_b1000_tinyimagenet_alexnet_RS_kp75_seed42,0.75,0.4459,False,0.75,alexnet,0.75,TINYIMAGENET_alexnet_RS_accuracy_kp7500_seed42,42,60000,634,42,accuracy,100042,0.4459,1,2.8649511538505554,42.765856735408306,10,2.8649511538505554,valid,0.4443626875248312,0.5045189792211976,0.44589999999999996,100042
RS,0.46175,537,537,random,TINYIMAGENET,635,main_b1000_tinyimagenet_alexnet_RS_kp75_seed42,0.75,0.4515,False,0.75,alexnet,0.75,TINYIMAGENET_alexnet_RS_accuracy_kp7500_seed42,42,60000,635,42,accuracy,100042,0.4515,1,2.822293816137314,42.7386325225234,10,2.822293816137314,valid,0.4494224168866131,0.5020936309798322,0.4515,100042
RS,0.46175,537,537,random,TINYIMAGENET,636,main_b1000_tinyimagenet_alexnet_RS_kp75_seed42,0.75,0.4511,False,0.75,alexnet,0.75,TINYIMAGENET_alexnet_RS_accuracy_kp7500_seed42,42,60000,636,42,accuracy,100042,0.4511,1,2.852545174884796,42.27107823640108,10,2.852545174884796,valid,0.45055654030419817,0.505726005158813,0.4511,100042
RS,0.46175,537,537,random,TINYIMAGENET,637,main_b1000_tinyimagenet_alexnet_RS_kp75_seed42,0.75,0.44465,False,0.75,alexnet,0.75,TINYIMAGENET_alexnet_RS_accuracy_kp7500_seed42,42,60000,637,42,accuracy,100042,0.44465,1,2.898555147790909,42.558201156556606,10,2.898555147790909,valid,0.4451247045417388,0.5079904872432701,0.44465000000000005,100042
RS,0.46175,537,537,random,TINYIMAGENET,638,main_b1000_tinyimagenet_alexnet_RS_kp75_seed42,0.75,0.4412,False,0.75,alexnet,0.75,TINYIMAGENET_alexnet_RS_accuracy_kp7500_seed42,42,60000,638,42,accuracy,100042,0.4412,1,2.923945141172409,42.78832898288965,10,2.923945141172409,valid,0.4445821943876602,0.5158863448168569,0.4412,100042
RS,0.46175,537,537,random,TINYIMAGENET,639,main_b1000_tinyimagenet_alexnet_RS_kp75_seed42,0.75,0.45285,False,0.75,alexnet,0.75,TINYIMAGENET_alexnet_RS_accuracy_kp7500_seed42,42,60000,639,42,accuracy,100042,0.45285,1,2.8571745186567306,42.616506829857826,10,2.8571745186567306,valid,0.4521631618926418,0.5135909537400289,0.45285,100042
RS,0.46175,537,537,random,TINYIMAGENET,640,main_b1000_tinyimagenet_alexnet_RS_kp75_seed42,0.75,0.45295,False,0.75,alexnet,0.75,TINYIMAGENET_alexnet_RS_accuracy_kp7500_seed42,42,60000,640,42,accuracy,100042,0.45295,1,2.8226283835411072,42.312234707176685,10,2.8226283835411072,valid,0.4493797220041347,0.4950589473580148,0.45295,100042
RS,0.46175,537,537,random,TINYIMAGENET,641,main_b1000_tinyimagenet_alexnet_RS_kp75_seed42,0.75,0.44465,False,0.75,alexnet,0.75,TINYIMAGENET_alexnet_RS_accuracy_kp7500_seed42,42,60000,641,42,accuracy,100042,0.44465,1,2.9178181270599364,42.696286514401436,10,2.9178181270599364,valid,0.4469325091320796,0.5153350032599769,0.44465,100042
RS,0.46175,537,537,random,TINYIMAGENET,642,main_b1000_tinyimagenet_alexnet_RS_kp75_seed42,0.75,0.4452,False,0.75,alexnet,0.75,TINYIMAGENET_alexnet_RS_accuracy_kp7500_seed42,42,60000,642,42,accuracy,100042,0.4452,1,2.847997193479538,42.86773471534252,10,2.847997193479538,valid,0.4470542642064118,0.5106051566115802,0.44520000000000004,100042
RS,0.46175,537,537,random,TINYIMAGENET,643,main_b1000_tinyimagenet_alexnet_RS_kp75_seed42,0.75,0.455,False,0.75,alexnet,0.75,TINYIMAGENET_alexnet_RS_accuracy_kp7500_seed42,42,60000,643,42,accuracy,100042,0.455,1,2.826365421676636,42.14692246168852,10,2.826365421676636,valid,0.4550987944819711,0.50873713917616,0.455,100042
RS,0.46175,537,537,random,TINYIMAGENET,644,main_b1000_tinyimagenet_alexnet_RS_kp75_seed42,0.75,0.4451,False,0.75,alexnet,0.75,TINYIMAGENET_alexnet_RS_accuracy_kp7500_seed42,42,60000,644,42,accuracy,100042,0.4451,1,2.901557537984848,42.576316840946674,10,2.901557537984848,valid,0.44679580351812676,0.5091105121519967,0.44510000000000005,100042
RS,0.46175,537,537,random,TINYIMAGENET,645,main_b1000_tinyimagenet_alexnet_RS_kp75_seed42,0.75,0.44405,False,0.75,alexnet,0.75,TINYIMAGENET_alexnet_RS_accuracy_kp7500_seed42,42,60000,645,42,accuracy,100042,0.44405,1,2.9207649757862093,42.78468934446573,10,2.9207649757862093,valid,0.4463516524359916,0.5123930215131476,0.44405,100042
RS,0.46175,537,537,random,TINYIMAGENET,646,main_b1000_tinyimagenet_alexnet_RS_kp75_seed42,0.75,0.4418,False,0.75,alexnet,0.75,TINYIMAGENET_alexnet_RS_accuracy_kp7500_seed42,42,60000,646,42,accuracy,100042,0.4418,1,2.89924871134758,42.65298382937908,10,2.89924871134758,valid,0.4400897988426962,0.5059216055264179,0.4418000000000001,100042
RS,0.46175,537,537,random,TINYIMAGENET,647,main_b1000_tinyimagenet_alexnet_RS_kp75_seed42,0.75,0.4454,False,0.75,alexnet,0.75,TINYIMAGENET_alexnet_RS_accuracy_kp7500_seed42,42,60000,647,42,accuracy,100042,0.4454,1,2.903330540084839,42.220039911568165,10,2.903330540084839,valid,0.44406947481717346,0.5163939502295392,0.4454,100042
RS,0.46175,537,537,random,TINYIMAGENET,648,main_b1000_tinyimagenet_alexnet_RS_kp75_seed42,0.75,0.44545,False,0.75,alexnet,0.75,TINYIMAGENET_alexnet_RS_accuracy_kp7500_seed42,42,60000,648,42,accuracy,100042,0.44545,1,2.879847568321228,42.697766311466694,10,2.879847568321228,valid,0.4456576102000787,0.5144738560087023,0.44545,100042
RS,0.46175,537,537,random,TINYIMAGENET,649,main_b1000_tinyimagenet_alexnet_RS_kp75_seed42,0.75,0.45345,False,0.75,alexnet,0.75,TINYIMAGENET_alexnet_RS_accuracy_kp7500_seed42,42,60000,649,42,accuracy,100042,0.45345,1,2.8252616911411286,42.75330160558224,10,2.8252616911411286,valid,0.4514160922499084,0.5030654903022642,0.45344999999999996,100042
RS,0.46175,537,537,random,TINYIMAGENET,650,main_b1000_tinyimagenet_alexnet_RS_kp75_seed42,0.75,0.44645,False,0.75,alexnet,0.75,TINYIMAGENET_alexnet_RS_accuracy_kp7500_seed42,42,60000,650,42,accuracy,100042,0.44645,1,2.8773534201145172,42.27867271006107,10,2.8773534201145172,valid,0.44773274097982196,0.5161702220774702,0.44644999999999996,100042
RS,0.46175,537,537,random,TINYIMAGENET,651,main_b1000_tinyimagenet_alexnet_RS_kp75_seed42,0.75,0.45665,False,0.75,alexnet,0.75,TINYIMAGENET_alexnet_RS_accuracy_kp7500_seed42,42,60000,651,42,accuracy,100042,0.45665,1,2.7998123390197756,42.49350593984127,10,2.7998123390197756,valid,0.45713712973155174,0.508551750810196,0.45665,100042
RS,0.46175,537,537,random,TINYIMAGENET,652,main_b1000_tinyimagenet_alexnet_RS_kp75_seed42,0.75,0.44655,False,0.75,alexnet,0.75,TINYIMAGENET_alexnet_RS_accuracy_kp7500_seed42,42,60000,652,42,accuracy,100042,0.44655,1,2.8722795917510986,42.73798460513353,10,2.8722795917510986,valid,0.44919420668855176,0.5175928325992633,0.44655,100042
RS,0.46175,537,537,random,TINYIMAGENET,653,main_b1000_tinyimagenet_alexnet_RS_kp75_seed42,0.75,0.44385,False,0.75,alexnet,0.75,TINYIMAGENET_alexnet_RS_accuracy_kp7500_seed42,42,60000,653,42,accuracy,100042,0.44385,1,2.889149261713028,42.83735774457455,10,2.889149261713028,valid,0.4461940603848072,0.5166655535344614,0.44384999999999997,100042
RS,0.46175,537,537,random,TINYIMAGENET,654,main_b1000_tinyimagenet_alexnet_RS_kp75_seed42,0.75,0.44685,False,0.75,alexnet,0.75,TINYIMAGENET_alexnet_RS_accuracy_kp7500_seed42,42,60000,654,42,accuracy,100042,0.44685,1,2.8806024002552033,42.13739038258791,10,2.8806024002552033,valid,0.4461181865061405,0.5113358228395287,0.44685,100042
RS,0.46175,537,537,random,TINYIMAGENET,655,main_b1000_tinyimagenet_alexnet_RS_kp75_seed42,0.75,0.4448,False,0.75,alexnet,0.75,TINYIMAGENET_alexnet_RS_accuracy_kp7500_seed42,42,60000,655,42,accuracy,100042,0.4448,1,2.8833608057022095,42.55459139496088,10,2.8833608057022095,valid,0.4417417441231878,0.5067504482858899,0.44480000000000003,100042
RS,0.46175,537,537,random,TINYIMAGENET,656,main_b1000_tinyimagenet_alexnet_RS_kp75_seed42,0.75,0.448,False,0.75,alexnet,0.75,TINYIMAGENET_alexnet_RS_accuracy_kp7500_seed42,42,60000,656,42,accuracy,100042,0.448,1,2.876685389137268,42.826883248984814,10,2.876685389137268,valid,0.44745538904215776,0.5112618675148805,0.44800000000000006,100042
RS,0.46175,537,537,random,TINYIMAGENET,657,main_b1000_tinyimagenet_alexnet_RS_kp75_seed42,0.75,0.45485,False,0.75,alexnet,0.75,TINYIMAGENET_alexnet_RS_accuracy_kp7500_seed42,42,60000,657,42,accuracy,100042,0.45485,1,2.842888808774948,42.488990031182766,10,2.842888808774948,valid,0.4500646406412298,0.5054793806374765,0.45485,100042
RS,0.46175,537,537,random,TINYIMAGENET,658,main_b1000_tinyimagenet_alexnet_RS_kp75_seed42,0.75,0.45325,False,0.75,alexnet,0.75,TINYIMAGENET_alexnet_RS_accuracy_kp7500_seed42,42,60000,658,42,accuracy,100042,0.45325,1,2.8485462374687196,42.316970840096474,10,2.8485462374687196,valid,0.45198214349498333,0.5114216654564864,0.45325000000000004,100042
RS,0.46175,537,537,random,TINYIMAGENET,659,main_b1000_tinyimagenet_alexnet_RS_kp75_seed42,0.75,0.44675,False,0.75,alexnet,0.75,TINYIMAGENET_alexnet_RS_accuracy_kp7500_seed42,42,60000,659,42,accuracy,100042,0.44675,1,2.900734302520752,42.702352963387966,10,2.900734302520752,valid,0.44758927642916435,0.5134828125678652,0.44675,100042
RS,0.46175,537,537,random,TINYIMAGENET,660,main_b1000_tinyimagenet_alexnet_RS_kp75_seed42,0.75,0.441,False,0.75,alexnet,0.75,TINYIMAGENET_alexnet_RS_accuracy_kp7500_seed42,42,60000,660,42,accuracy,100042,0.441,1,2.9197955936193467,42.7225473895669,10,2.9197955936193467,valid,0.4402995618527488,0.5114987513231676,0.441,100042
RS,0.46175,537,537,random,TINYIMAGENET,661,main_b1000_tinyimagenet_alexnet_RS_kp75_seed42,0.75,0.4568,False,0.75,alexnet,0.75,TINYIMAGENET_alexnet_RS_accuracy_kp7500_seed42,42,60000,661,42,accuracy,100042,0.4568,1,2.826972998428345,42.186967588961124,10,2.826972998428345,valid,0.4565733411564178,0.511720617433665,0.4568000000000001,100042
RS,0.46175,537,537,random,TINYIMAGENET,662,main_b1000_tinyimagenet_alexnet_RS_kp75_seed42,0.75,0.457,False,0.75,alexnet,0.75,TINYIMAGENET_alexnet_RS_accuracy_kp7500_seed42,42,60000,662,42,accuracy,100042,0.457,1,2.8103266226768495,42.60750640183687,10,2.8103266226768495,valid,0.4557402941414472,0.5068815617494828,0.457,100042
RS,0.46175,537,537,random,TINYIMAGENET,663,main_b1000_tinyimagenet_alexnet_RS_kp75_seed42,0.75,0.4556,False,0.75,alexnet,0.75,TINYIMAGENET_alexnet_RS_accuracy_kp7500_seed42,42,60000,663,42,accuracy,100042,0.4556,1,2.814603443479538,42.81934694200754,10,2.814603443479538,valid,0.4550555474638239,0.5050242575114647,0.4556,100042
RS,0.46175,537,537,random,TINYIMAGENET,664,main_b1000_tinyimagenet_alexnet_RS_kp75_seed42,0.75,0.4466,False,0.75,alexnet,0.75,TINYIMAGENET_alexnet_RS_accuracy_kp7500_seed42,42,60000,664,42,accuracy,100042,0.4466,1,2.8736129071474075,43.21697575598955,10,2.8736129071474075,valid,0.44614355241280135,0.5042567729622326,0.44659999999999994,100042
RS,0.46175,537,537,random,TINYIMAGENET,665,main_b1000_tinyimagenet_alexnet_RS_kp75_seed42,0.75,0.45035,False,0.75,alexnet,0.75,TINYIMAGENET_alexnet_RS_accuracy_kp7500_seed42,42,60000,665,42,accuracy,100042,0.45035,1,2.9209141784667967,42.357251681387424,10,2.9209141784667967,valid,0.4502289894605363,0.5140486448764987,0.45035000000000003,100042
RS,0.46175,537,537,random,TINYIMAGENET,666,main_b1000_tinyimagenet_alexnet_RS_kp75_seed42,0.75,0.44785,False,0.75,alexnet,0.75,TINYIMAGENET_alexnet_RS_accuracy_kp7500_seed42,42,60000,666,42,accuracy,100042,0.44785,1,2.8688067592144013,42.7639250010252,10,2.8688067592144013,valid,0.44648778328452776,0.505965926769239,0.44784999999999997,100042
RS,0.46175,537,537,random,TINYIMAGENET,667,main_b1000_tinyimagenet_alexnet_RS_kp75_seed42,0.75,0.44345,False,0.75,alexnet,0.75,TINYIMAGENET_alexnet_RS_accuracy_kp7500_seed42,42,60000,667,42,accuracy,100042,0.44345,1,2.9014582100868225,42.81859628856182,10,2.9014582100868225,valid,0.44456950550279195,0.5123698225539499,0.44345,100042
RS,0.46175,537,537,random,TINYIMAGENET,668,main_b1000_tinyimagenet_alexnet_RS_kp75_seed42,0.75,0.4484,False,0.75,alexnet,0.75,TINYIMAGENET_alexnet_RS_accuracy_kp7500_seed42,42,60000,668,42,accuracy,100042,0.4484,1,2.8726301600933075,42.19500473886728,10,2.8726301600933075,valid,0.4464442932440331,0.5101211442631604,0.4484,100042
RS,0.46175,537,537,random,TINYIMAGENET,669,main_b1000_tinyimagenet_alexnet_RS_kp75_seed42,0.75,0.4504,False,0.75,alexnet,0.75,TINYIMAGENET_alexnet_RS_accuracy_kp7500_seed42,42,60000,669,42,accuracy,100042,0.4504,1,2.9035926033496855,42.55544809252024,10,2.9035926033496855,valid,0.44849627462268093,0.5136115867775636,0.4504000000000001,100042
RS,0.46175,537,537,random,TINYIMAGENET,670,main_b1000_tinyimagenet_alexnet_RS_kp75_seed42,0.75,0.4546,False,0.75,alexnet,0.75,TINYIMAGENET_alexnet_RS_accuracy_kp7500_seed42,42,60000,670,42,accuracy,100042,0.4546,1,2.836664476633072,42.910706624388695,10,2.836664476633072,valid,0.4531799747052706,0.5119222762392613,0.4546,100042
RS,0.46175,537,537,random,TINYIMAGENET,671,main_b1000_tinyimagenet_alexnet_RS_kp75_seed42,0.75,0.45395,False,0.75,alexnet,0.75,TINYIMAGENET_alexnet_RS_accuracy_kp7500_seed42,42,60000,671,42,accuracy,100042,0.45395,1,2.8162523305416105,42.76441719383001,10,2.8162523305416105,valid,0.4560310794490461,0.5093775962908235,0.45394999999999996,100042
RS,0.46175,537,537,random,TINYIMAGENET,672,main_b1000_tinyimagenet_alexnet_RS_kp75_seed42,0.75,0.45815,False,0.75,alexnet,0.75,TINYIMAGENET_alexnet_RS_accuracy_kp7500_seed42,42,60000,672,42,accuracy,100042,0.45815,1,2.792762340259552,42.17294146120548,10,2.792762340259552,valid,0.45620521102456707,0.5067840226064665,0.45815,100042
RS,0.46175,537,537,random,TINYIMAGENET,673,main_b1000_tinyimagenet_alexnet_RS_kp75_seed42,0.75,0.4438,False,0.75,alexnet,0.75,TINYIMAGENET_alexnet_RS_accuracy_kp7500_seed42,42,60000,673,42,accuracy,100042,0.4438,1,2.875573178100586,42.763401344418526,10,2.875573178100586,valid,0.4464933629592253,0.5100274403474966,0.44380000000000003,100042
RS,0.46175,537,537,random,TINYIMAGENET,674,main_b1000_tinyimagenet_alexnet_RS_kp75_seed42,0.75,0.4431,False,0.75,alexnet,0.75,TINYIMAGENET_alexnet_RS_accuracy_kp7500_seed42,42,60000,674,42,accuracy,100042,0.4431,1,2.9164501148462296,42.85344400256872,10,2.9164501148462296,valid,0.44425439851233706,0.5102283138640149,0.44310000000000005,100042
RS,0.46175,537,537,random,TINYIMAGENET,675,main_b1000_tinyimagenet_alexnet_RS_kp75_seed42,0.75,0.44825,False,0.75,alexnet,0.75,TINYIMAGENET_alexnet_RS_accuracy_kp7500_seed42,42,60000,675,42,accuracy,100042,0.44825,1,2.853418886232376,42.350055150687695,10,2.853418886232376,valid,0.44498525385456766,0.504048369711402,0.44825000000000004,100042
RS,0.46175,537,537,random,TINYIMAGENET,676,main_b1000_tinyimagenet_alexnet_RS_kp75_seed42,0.75,0.45145,False,0.75,alexnet,0.75,TINYIMAGENET_alexnet_RS_accuracy_kp7500_seed42,42,60000,676,42,accuracy,100042,0.45145,1,2.860827134132385,42.57165551930666,10,2.860827134132385,valid,0.4474990610003627,0.5058503502738309,0.45145,100042
RS,0.46175,537,537,random,TINYIMAGENET,677,main_b1000_tinyimagenet_alexnet_RS_kp75_seed42,0.75,0.45115,False,0.75,alexnet,0.75,TINYIMAGENET_alexnet_RS_accuracy_kp7500_seed42,42,60000,677,42,accuracy,100042,0.45115,1,2.866121899032593,42.821626752614975,10,2.866121899032593,valid,0.4479269998028696,0.5094059490554614,0.45115,100042
RS,0.46175,537,537,random,TINYIMAGENET,678,main_b1000_tinyimagenet_alexnet_RS_kp75_seed42,0.75,0.4502,False,0.75,alexnet,0.75,TINYIMAGENET_alexnet_RS_accuracy_kp7500_seed42,42,60000,678,42,accuracy,100042,0.4502,1,2.874224465799332,42.87921646237373,10,2.874224465799332,valid,0.45073817426316753,0.511309697266882,0.45020000000000004,100042
RS,0.46175,537,537,random,TINYIMAGENET,679,main_b1000_tinyimagenet_alexnet_RS_kp75_seed42,0.75,0.44425,False,0.75,alexnet,0.75,TINYIMAGENET_alexnet_RS_accuracy_kp7500_seed42,42,60000,679,42,accuracy,100042,0.44425,1,2.92940892701149,42.20624325424433,10,2.92940892701149,valid,0.4475241593452447,0.520113308529844,0.44425,100042
RS,0.46175,537,537,random,TINYIMAGENET,680,main_b1000_tinyimagenet_alexnet_RS_kp75_seed42,0.75,0.45555,False,0.75,alexnet,0.75,TINYIMAGENET_alexnet_RS_accuracy_kp7500_seed42,42,60000,680,42,accuracy,100042,0.45555,1,2.8373911907672884,42.706394858658314,10,2.8373911907672884,valid,0.4549916044052219,0.5086935252042524,0.45555000000000007,100042
RS,0.46175,537,537,random,TINYIMAGENET,681,main_b1000_tinyimagenet_alexnet_RS_kp75_seed42,0.75,0.4448,False,0.75,alexnet,0.75,TINYIMAGENET_alexnet_RS_accuracy_kp7500_seed42,42,60000,681,42,accuracy,100042,0.4448,1,2.892878127384186,42.82633011043072,10,2.892878127384186,valid,0.44413991123231233,0.5112695081060885,0.4448,100042
RS,0.46175,537,537,random,TINYIMAGENET,682,main_b1000_tinyimagenet_alexnet_RS_kp75_seed42,0.75,0.4531,False,0.75,alexnet,0.75,TINYIMAGENET_alexnet_RS_accuracy_kp7500_seed42,42,60000,682,42,accuracy,100042,0.4531,1,2.7938088395118714,42.621067106723785,10,2.7938088395118714,valid,0.4539281332348341,0.5055659440380983,0.4531,100042
RS,0.46175,537,537,random,TINYIMAGENET,683,main_b1000_tinyimagenet_alexnet_RS_kp75_seed42,0.75,0.44465,False,0.75,alexnet,0.75,TINYIMAGENET_alexnet_RS_accuracy_kp7500_seed42,42,60000,683,42,accuracy,100042,0.44465,1,2.855896112585068,42.3653149753809,10,2.855896112585068,valid,0.44209135730091986,0.49625474156644883,0.44465000000000005,100042
RS,0.46175,537,537,random,TINYIMAGENET,684,main_b1000_tinyimagenet_alexnet_RS_kp75_seed42,0.75,0.44835,False,0.75,alexnet,0.75,TINYIMAGENET_alexnet_RS_accuracy_kp7500_seed42,42,60000,684,42,accuracy,100042,0.44835,1,2.8579694195270537,42.775161385536194,10,2.8579694195270537,valid,0.4502371849593694,0.509466619324846,0.4483499999999999,100042
RS,0.46175,537,537,random,TINYIMAGENET,685,main_b1000_tinyimagenet_alexnet_RS_kp75_seed42,0.75,0.4485,False,0.75,alexnet,0.75,TINYIMAGENET_alexnet_RS_accuracy_kp7500_seed42,42,60000,685,42,accuracy,100042,0.4485,1,2.8928261812210083,42.88243832439184,10,2.8928261812210083,valid,0.4498563066331009,0.5132866622142822,0.44850000000000007,100042
RS,0.46175,537,537,random,TINYIMAGENET,686,main_b1000_tinyimagenet_alexnet_RS_kp75_seed42,0.75,0.45375,False,0.75,alexnet,0.75,TINYIMAGENET_alexnet_RS_accuracy_kp7500_seed42,42,60000,686,42,accuracy,100042,0.45375,1,2.871402560353279,42.22548382729292,10,2.871402560353279,valid,0.45326793117629066,0.5228384419651705,0.45375,100042
RS,0.46175,537,537,random,TINYIMAGENET,687,main_b1000_tinyimagenet_alexnet_RS_kp75_seed42,0.75,0.44815,False,0.75,alexnet,0.75,TINYIMAGENET_alexnet_RS_accuracy_kp7500_seed42,42,60000,687,42,accuracy,100042,0.44815,1,2.8488313139915467,42.70683428645134,10,2.8488313139915467,valid,0.44883801574030713,0.5145709216633516,0.44815,100042
RS,0.46175,537,537,random,TINYIMAGENET,688,main_b1000_tinyimagenet_alexnet_RS_kp75_seed42,0.75,0.4442,False,0.75,alexnet,0.75,TINYIMAGENET_alexnet_RS_accuracy_kp7500_seed42,42,60000,688,42,accuracy,100042,0.4442,1,2.8875021270275116,42.81197523325682,10,2.8875021270275116,valid,0.4421517102604325,0.5086104262714614,0.44420000000000004,100042
RS,0.46175,537,537,random,TINYIMAGENET,689,main_b1000_tinyimagenet_alexnet_RS_kp75_seed42,0.75,0.447,False,0.75,alexnet,0.75,TINYIMAGENET_alexnet_RS_accuracy_kp7500_seed42,42,60000,689,42,accuracy,100042,0.447,1,2.8863666221618653,42.693654619157314,10,2.8863666221618653,valid,0.4496857213593756,0.510586973139525,0.447,100042
RS,0.46175,537,537,random,TINYIMAGENET,690,main_b1000_tinyimagenet_alexnet_RS_kp75_seed42,0.75,0.44575,False,0.75,alexnet,0.75,TINYIMAGENET_alexnet_RS_accuracy_kp7500_seed42,42,60000,690,42,accuracy,100042,0.44575,1,2.866194049119949,42.21171211451292,10,2.866194049119949,valid,0.44855507834170977,0.5146085313244823,0.44575000000000004,100042
RS,0.46175,537,537,random,TINYIMAGENET,691,main_b1000_tinyimagenet_alexnet_RS_kp75_seed42,0.75,0.4497,False,0.75,alexnet,0.75,TINYIMAGENET_alexnet_RS_accuracy_kp7500_seed42,42,60000,691,42,accuracy,100042,0.4497,1,2.8331155881881713,42.763308607041836,10,2.8331155881881713,valid,0.44787122419752606,0.5037397380643431,0.44970000000000004,100042
RS,0.46175,537,537,random,TINYIMAGENET,692,main_b1000_tinyimagenet_alexnet_RS_kp75_seed42,0.75,0.4496,False,0.75,alexnet,0.75,TINYIMAGENET_alexnet_RS_accuracy_kp7500_seed42,42,60000,692,42,accuracy,100042,0.4496,1,2.905809834766388,42.89291040599346,10,2.905809834766388,valid,0.44644800585954203,0.5111155481033661,0.44959999999999994,100042
RS,0.46175,537,537,random,TINYIMAGENET,693,main_b1000_tinyimagenet_alexnet_RS_kp75_seed42,0.75,0.44665,False,0.75,alexnet,0.75,TINYIMAGENET_alexnet_RS_accuracy_kp7500_seed42,42,60000,693,42,accuracy,100042,0.44665,1,2.892031911563873,42.55861699581146,10,2.892031911563873,valid,0.44281230374082503,0.5022764632021882,0.44665,100042
RS,0.46175,537,537,random,TINYIMAGENET,694,main_b1000_tinyimagenet_alexnet_RS_kp75_seed42,0.75,0.4582,False,0.75,alexnet,0.75,TINYIMAGENET_alexnet_RS_accuracy_kp7500_seed42,42,60000,694,42,accuracy,100042,0.4582,1,2.8284025045871735,42.34781311452389,10,2.8284025045871735,valid,0.4571960984819182,0.512171759005178,0.45820000000000005,100042
RS,0.46175,537,537,random,TINYIMAGENET,695,main_b1000_tinyimagenet_alexnet_RS_kp75_seed42,0.75,0.446,False,0.75,alexnet,0.75,TINYIMAGENET_alexnet_RS_accuracy_kp7500_seed42,42,60000,695,42,accuracy,100042,0.446,1,2.916857816886902,42.74274818599224,10,2.916857816886902,valid,0.44329476224720665,0.5019228606588096,0.44599999999999995,100042
RS,0.46175,537,537,random,TINYIMAGENET,696,main_b1000_tinyimagenet_alexnet_RS_kp75_seed42,0.75,0.45045,False,0.75,alexnet,0.75,TINYIMAGENET_alexnet_RS_accuracy_kp7500_seed42,42,60000,696,42,accuracy,100042,0.45045,1,2.846996940970421,42.87544997036457,10,2.846996940970421,valid,0.4510745296048721,0.5154102199708863,0.45045,100042
RS,0.46175,537,537,random,TINYIMAGENET,697,main_b1000_tinyimagenet_alexnet_RS_kp75_seed42,0.75,0.4569,False,0.75,alexnet,0.75,TINYIMAGENET_alexnet_RS_accuracy_kp7500_seed42,42,60000,697,42,accuracy,100042,0.4569,1,2.813099395465851,42.15711613744497,10,2.813099395465851,valid,0.4558389993227499,0.5079267997719822,0.4569,100042
RS,0.46175,537,537,random,TINYIMAGENET,698,main_b1000_tinyimagenet_alexnet_RS_kp75_seed42,0.75,0.4469,False,0.75,alexnet,0.75,TINYIMAGENET_alexnet_RS_accuracy_kp7500_seed42,42,60000,698,42,accuracy,100042,0.4469,1,2.883617676925659,42.73959019035101,10,2.883617676925659,valid,0.4480778628105908,0.5118270766749354,0.4469000000000001,100042
RS,0.46175,537,537,random,TINYIMAGENET,699,main_b1000_tinyimagenet_alexnet_RS_kp75_seed42,0.75,0.43955,False,0.75,alexnet,0.75,TINYIMAGENET_alexnet_RS_accuracy_kp7500_seed42,42,60000,699,42,accuracy,100042,0.43955,1,2.914296382546425,42.92898743599653,10,2.914296382546425,valid,0.44104385529414786,0.5103824396674415,0.43955,100042
RS,0.46175,537,537,random,TINYIMAGENET,700,main_b1000_tinyimagenet_alexnet_RS_kp75_seed42,0.75,0.4493,False,0.75,alexnet,0.75,TINYIMAGENET_alexnet_RS_accuracy_kp7500_seed42,42,60000,700,42,accuracy,100042,0.4493,1,2.885383087539673,42.70816894620657,10,2.885383087539673,valid,0.4481311642571672,0.5103896739039164,0.4493,100042
RS,0.46175,537,537,random,TINYIMAGENET,701,main_b1000_tinyimagenet_alexnet_RS_kp75_seed42,0.75,0.45225,False,0.75,alexnet,0.75,TINYIMAGENET_alexnet_RS_accuracy_kp7500_seed42,42,60000,701,42,accuracy,100042,0.45225,1,2.869216680574417,42.23508612066507,10,2.869216680574417,valid,0.45210117870843436,0.5112206090816398,0.45225000000000004,100042
RS,0.46175,537,537,random,TINYIMAGENET,702,main_b1000_tinyimagenet_alexnet_RS_kp75_seed42,0.75,0.4461,False,0.75,alexnet,0.75,TINYIMAGENET_alexnet_RS_accuracy_kp7500_seed42,42,60000,702,42,accuracy,100042,0.4461,1,2.890838445329666,42.875813737511635,10,2.890838445329666,valid,0.44578851633164107,0.5163898687570696,0.4461,100042
RS,0.46175,537,537,random,TINYIMAGENET,703,main_b1000_tinyimagenet_alexnet_RS_kp75_seed42,0.75,0.4456,False,0.75,alexnet,0.75,TINYIMAGENET_alexnet_RS_accuracy_kp7500_seed42,42,60000,703,42,accuracy,100042,0.4456,1,2.904474448490143,42.98786173015833,10,2.904474448490143,valid,0.4449599836171179,0.5108393782795905,0.44559999999999994,100042
RS,0.46175,537,537,random,TINYIMAGENET,704,main_b1000_tinyimagenet_alexnet_RS_kp75_seed42,0.75,0.4535,False,0.75,alexnet,0.75,TINYIMAGENET_alexnet_RS_accuracy_kp7500_seed42,42,60000,704,42,accuracy,100042,0.4535,1,2.86917324347496,42.27494568377733,10,2.86917324347496,valid,0.45472902476367943,0.5164953073625564,0.4535,100042
RS,0.46175,537,537,random,TINYIMAGENET,705,main_b1000_tinyimagenet_alexnet_RS_kp75_seed42,0.75,0.4457,False,0.75,alexnet,0.75,TINYIMAGENET_alexnet_RS_accuracy_kp7500_seed42,42,60000,705,42,accuracy,100042,0.4457,1,2.952858973312378,42.74741020798683,10,2.952858973312378,valid,0.44464152625108383,0.5246723331611165,0.4457000000000001,100042
RS,0.46175,537,537,random,TINYIMAGENET,706,main_b1000_tinyimagenet_alexnet_RS_kp75_seed42,0.75,0.4448,False,0.75,alexnet,0.75,TINYIMAGENET_alexnet_RS_accuracy_kp7500_seed42,42,60000,706,42,accuracy,100042,0.4448,1,2.918733126878738,42.96393723785877,10,2.918733126878738,valid,0.4448388214619641,0.5085887890069241,0.4448,100042
RS,0.46175,537,537,random,TINYIMAGENET,707,main_b1000_tinyimagenet_alexnet_RS_kp75_seed42,0.75,0.454,False,0.75,alexnet,0.75,TINYIMAGENET_alexnet_RS_accuracy_kp7500_seed42,42,60000,707,42,accuracy,100042,0.454,1,2.819751537799835,42.875776045024395,10,2.819751537799835,valid,0.4563735630219199,0.508118567047838,0.45399999999999996,100042
RS,0.46175,537,537,random,TINYIMAGENET,708,main_b1000_tinyimagenet_alexnet_RS_kp75_seed42,0.75,0.4457,False,0.75,alexnet,0.75,TINYIMAGENET_alexnet_RS_accuracy_kp7500_seed42,42,60000,708,42,accuracy,100042,0.4457,1,2.9020650846004488,42.34892936050892,10,2.9020650846004488,valid,0.44756031400473256,0.5145267062422687,0.4457,100042
RS,0.46175,537,537,random,TINYIMAGENET,709,main_b1000_tinyimagenet_alexnet_RS_kp75_seed42,0.75,0.44895,False,0.75,alexnet,0.75,TINYIMAGENET_alexnet_RS_accuracy_kp7500_seed42,42,60000,709,42,accuracy,100042,0.44895,1,2.876573704957962,42.884554870426655,10,2.876573704957962,valid,0.447334418653476,0.5069417794091106,0.44894999999999996,100042
RS,0.46175,537,537,random,TINYIMAGENET,710,main_b1000_tinyimagenet_alexnet_RS_kp75_seed42,0.75,0.44815,False,0.75,alexnet,0.75,TINYIMAGENET_alexnet_RS_accuracy_kp7500_seed42,42,60000,710,42,accuracy,100042,0.44815,1,2.885371834754944,42.86834533512592,10,2.885371834754944,valid,0.45025407670439527,0.5140324324180077,0.44815,100042
RS,0.46175,537,537,random,TINYIMAGENET,711,main_b1000_tinyimagenet_alexnet_RS_kp75_seed42,0.75,0.45005,False,0.75,alexnet,0.75,TINYIMAGENET_alexnet_RS_accuracy_kp7500_seed42,42,60000,711,42,accuracy,100042,0.45005,1,2.8738545298099516,42.444915786385536,10,2.8738545298099516,valid,0.4514166495950677,0.5079152544049228,0.45005,100042
RS,0.46175,537,537,random,TINYIMAGENET,712,main_b1000_tinyimagenet_alexnet_RS_kp75_seed42,0.75,0.4464,False,0.75,alexnet,0.75,TINYIMAGENET_alexnet_RS_accuracy_kp7500_seed42,42,60000,712,42,accuracy,100042,0.4464,1,2.8859831644535063,42.45431029051542,10,2.8859831644535063,valid,0.4475871022554215,0.5130332287942422,0.4464,100042
RS,0.46175,537,537,random,TINYIMAGENET,713,main_b1000_tinyimagenet_alexnet_RS_kp75_seed42,0.75,0.4464,False,0.75,alexnet,0.75,TINYIMAGENET_alexnet_RS_accuracy_kp7500_seed42,42,60000,713,42,accuracy,100042,0.4464,1,2.884810406398773,42.98924642056227,10,2.884810406398773,valid,0.4448861950371238,0.5053659532801583,0.4464,100042
RS,0.46175,537,537,random,TINYIMAGENET,714,main_b1000_tinyimagenet_alexnet_RS_kp75_seed42,0.75,0.4467,False,0.75,alexnet,0.75,TINYIMAGENET_alexnet_RS_accuracy_kp7500_seed42,42,60000,714,42,accuracy,100042,0.4467,1,2.8909581508636473,43.016330637037754,10,2.8909581508636473,valid,0.44450141948382926,0.5054083261908185,0.44669999999999993,100042
RS,0.46175,537,537,random,TINYIMAGENET,715,main_b1000_tinyimagenet_alexnet_RS_kp75_seed42,0.75,0.4536,False,0.75,alexnet,0.75,TINYIMAGENET_alexnet_RS_accuracy_kp7500_seed42,42,60000,715,42,accuracy,100042,0.4536,1,2.815056801021099,42.40437077730894,10,2.815056801021099,valid,0.4544158278012776,0.5112767940419917,0.45360000000000006,100042
RS,0.46175,537,537,random,TINYIMAGENET,716,main_b1000_tinyimagenet_alexnet_RS_kp75_seed42,0.75,0.4507,False,0.75,alexnet,0.75,TINYIMAGENET_alexnet_RS_accuracy_kp7500_seed42,42,60000,716,42,accuracy,100042,0.4507,1,2.85226506023407,42.698140636086464,10,2.85226506023407,valid,0.44983185186339897,0.5121593550220674,0.4507000000000001,100042
RS,0.46175,537,537,random,TINYIMAGENET,717,main_b1000_tinyimagenet_alexnet_RS_kp75_seed42,0.75,0.44325,False,0.75,alexnet,0.75,TINYIMAGENET_alexnet_RS_accuracy_kp7500_seed42,42,60000,717,42,accuracy,100042,0.44325,1,2.8935513437271116,42.91238206624985,10,2.8935513437271116,valid,0.44739203237238995,0.5137285156937048,0.44325000000000003,100042
RS,0.46175,537,537,random,TINYIMAGENET,718,main_b1000_tinyimagenet_alexnet_RS_kp75_seed42,0.75,0.45035,False,0.75,alexnet,0.75,TINYIMAGENET_alexnet_RS_accuracy_kp7500_seed42,42,60000,718,42,accuracy,100042,0.45035,1,2.868821574020386,42.89872421324253,10,2.868821574020386,valid,0.4488716585394381,0.5102694170697916,0.45035,100042
RS,0.46175,537,537,random,TINYIMAGENET,719,main_b1000_tinyimagenet_alexnet_RS_kp75_seed42,0.75,0.44575,False,0.75,alexnet,0.75,TINYIMAGENET_alexnet_RS_accuracy_kp7500_seed42,42,60000,719,42,accuracy,100042,0.44575,1,2.884733638715744,42.304031156003475,10,2.884733638715744,valid,0.4466213988707994,0.5161171180618507,0.44575000000000004,100042
RS,0.46175,537,537,random,TINYIMAGENET,720,main_b1000_tinyimagenet_alexnet_RS_kp75_seed42,0.75,0.4556,False,0.75,alexnet,0.75,TINYIMAGENET_alexnet_RS_accuracy_kp7500_seed42,42,60000,720,42,accuracy,100042,0.4556,1,2.876023549365997,42.958305306732655,10,2.876023549365997,valid,0.4545354456126111,0.5128695335485262,0.4556,100042
RS,0.46175,537,537,random,TINYIMAGENET,721,main_b1000_tinyimagenet_alexnet_RS_kp75_seed42,0.75,0.45175,False,0.75,alexnet,0.75,TINYIMAGENET_alexnet_RS_accuracy_kp7500_seed42,42,60000,721,42,accuracy,100042,0.45175,1,2.861819330263138,42.88090147823095,10,2.861819330263138,valid,0.44806014331901955,0.5064329815371248,0.45175000000000004,100042
RS,0.46175,537,537,random,TINYIMAGENET,722,main_b1000_tinyimagenet_alexnet_RS_kp75_seed42,0.75,0.4476,False,0.75,alexnet,0.75,TINYIMAGENET_alexnet_RS_accuracy_kp7500_seed42,42,60000,722,42,accuracy,100042,0.4476,1,2.8819309183597563,42.87288848310709,10,2.8819309183597563,valid,0.4488488551500399,0.5132013954680317,0.44760000000000005,100042
RS,0.46175,537,537,random,TINYIMAGENET,723,main_b1000_tinyimagenet_alexnet_RS_kp75_seed42,0.75,0.4503,False,0.75,alexnet,0.75,TINYIMAGENET_alexnet_RS_accuracy_kp7500_seed42,42,60000,723,42,accuracy,100042,0.4503,1,2.8857119519233705,42.25236227363348,10,2.8857119519233705,valid,0.44978168452077527,0.5118995556241204,0.45030000000000003,100042
RS,0.46175,537,537,random,TINYIMAGENET,724,main_b1000_tinyimagenet_alexnet_RS_kp75_seed42,0.75,0.4512,False,0.75,alexnet,0.75,TINYIMAGENET_alexnet_RS_accuracy_kp7500_seed42,42,60000,724,42,accuracy,100042,0.4512,1,2.8566433734416963,42.873046413064,10,2.8566433734416963,valid,0.44789399880185,0.4998055335279177,0.4512,100042
RS,0.46175,537,537,random,TINYIMAGENET,725,main_b1000_tinyimagenet_alexnet_RS_kp75_seed42,0.75,0.44945,False,0.75,alexnet,0.75,TINYIMAGENET_alexnet_RS_accuracy_kp7500_seed42,42,60000,725,42,accuracy,100042,0.44945,1,2.8551480709552766,42.94771385192871,10,2.8551480709552766,valid,0.4487609536023743,0.5094285458059881,0.44945000000000007,100042
RS,0.46175,537,537,random,TINYIMAGENET,726,main_b1000_tinyimagenet_alexnet_RS_kp75_seed42,0.75,0.4482,False,0.75,alexnet,0.75,TINYIMAGENET_alexnet_RS_accuracy_kp7500_seed42,42,60000,726,42,accuracy,100042,0.4482,1,2.8638792278289795,42.29591629654169,10,2.8638792278289795,valid,0.45013455311720846,0.5143816934644253,0.4482,100042
RS,0.46175,537,537,random,TINYIMAGENET,727,main_b1000_tinyimagenet_alexnet_RS_kp75_seed42,0.75,0.44955,False,0.75,alexnet,0.75,TINYIMAGENET_alexnet_RS_accuracy_kp7500_seed42,42,60000,727,42,accuracy,100042,0.44955,1,2.850484923398495,42.67409314215183,10,2.850484923398495,valid,0.4518671974631422,0.5123497295401015,0.44955000000000006,100042
RS,0.46175,537,537,random,TINYIMAGENET,728,main_b1000_tinyimagenet_alexnet_RS_kp75_seed42,0.75,0.44735,False,0.75,alexnet,0.75,TINYIMAGENET_alexnet_RS_accuracy_kp7500_seed42,42,60000,728,42,accuracy,100042,0.44735,1,2.892620919466019,42.85148672014475,10,2.892620919466019,valid,0.44693462340562945,0.5080548907589617,0.44734999999999997,100042
RS,0.46175,537,537,random,TINYIMAGENET,729,main_b1000_tinyimagenet_alexnet_RS_kp75_seed42,0.75,0.4525,False,0.75,alexnet,0.75,TINYIMAGENET_alexnet_RS_accuracy_kp7500_seed42,42,60000,729,42,accuracy,100042,0.4525,1,2.8425399697303773,42.73224037885666,10,2.8425399697303773,valid,0.45085624835002647,0.5019481331698873,0.4525,100042
RS,0.46175,537,537,random,TINYIMAGENET,730,main_b1000_tinyimagenet_alexnet_RS_kp75_seed42,0.75,0.45235,False,0.75,alexnet,0.75,TINYIMAGENET_alexnet_RS_accuracy_kp7500_seed42,42,60000,730,42,accuracy,100042,0.45235,1,2.8183599997997284,42.4411908313632,10,2.8183599997997284,valid,0.4510567190087243,0.5036978438238345,0.45235,100042
RS,0.46175,537,537,random,TINYIMAGENET,731,main_b1000_tinyimagenet_alexnet_RS_kp75_seed42,0.75,0.44755,False,0.75,alexnet,0.75,TINYIMAGENET_alexnet_RS_accuracy_kp7500_seed42,42,60000,731,42,accuracy,100042,0.44755,1,2.8789327962875366,42.87826310098171,10,2.8789327962875366,valid,0.444587326001154,0.5026419956260433,0.44754999999999995,100042
RS,0.46175,537,537,random,TINYIMAGENET,732,main_b1000_tinyimagenet_alexnet_RS_kp75_seed42,0.75,0.4486,False,0.75,alexnet,0.75,TINYIMAGENET_alexnet_RS_accuracy_kp7500_seed42,42,60000,732,42,accuracy,100042,0.4486,1,2.862253762412071,42.96320876479149,10,2.862253762412071,valid,0.45084280373828917,0.514576167279838,0.4486,100042
RS,0.46175,537,537,random,TINYIMAGENET,733,main_b1000_tinyimagenet_alexnet_RS_kp75_seed42,0.75,0.45025,False,0.75,alexnet,0.75,TINYIMAGENET_alexnet_RS_accuracy_kp7500_seed42,42,60000,733,42,accuracy,100042,0.45025,1,2.8670091605186463,42.49470813572407,10,2.8670091605186463,valid,0.4485517911841359,0.5066221897634432,0.45025,100042
RS,0.46175,537,537,random,TINYIMAGENET,734,main_b1000_tinyimagenet_alexnet_RS_kp75_seed42,0.75,0.4487,False,0.75,alexnet,0.75,TINYIMAGENET_alexnet_RS_accuracy_kp7500_seed42,42,60000,734,42,accuracy,100042,0.4487,1,2.878602032995224,42.74366234242916,10,2.878602032995224,valid,0.44996969627518046,0.5078847692585419,0.44870000000000004,100042
RS,0.46175,537,537,random,TINYIMAGENET,735,main_b1000_tinyimagenet_alexnet_RS_kp75_seed42,0.75,0.44725,False,0.75,alexnet,0.75,TINYIMAGENET_alexnet_RS_accuracy_kp7500_seed42,42,60000,735,42,accuracy,100042,0.44725,1,2.8961097612977027,42.931101463735104,10,2.8961097612977027,valid,0.44562209904750505,0.5055485960436462,0.4472499999999999,100042
RS,0.46175,537,537,random,TINYIMAGENET,736,main_b1000_tinyimagenet_alexnet_RS_kp75_seed42,0.75,0.4542,False,0.75,alexnet,0.75,TINYIMAGENET_alexnet_RS_accuracy_kp7500_seed42,42,60000,736,42,accuracy,100042,0.4542,1,2.824472951555252,42.91857021301985,10,2.824472951555252,valid,0.45266631586242684,0.5029517204761159,0.4542,100042
RS,0.46175,537,537,random,TINYIMAGENET,737,main_b1000_tinyimagenet_alexnet_RS_kp75_seed42,0.75,0.44165,False,0.75,alexnet,0.75,TINYIMAGENET_alexnet_RS_accuracy_kp7500_seed42,42,60000,737,42,accuracy,100042,0.44165,1,2.9299940066814423,42.39133387058973,10,2.9299940066814423,valid,0.44395548634147713,0.5095086098740954,0.44165000000000004,100042
RS,0.46175,537,537,random,TINYIMAGENET,738,main_b1000_tinyimagenet_alexnet_RS_kp75_seed42,0.75,0.44685,False,0.75,alexnet,0.75,TINYIMAGENET_alexnet_RS_accuracy_kp7500_seed42,42,60000,738,42,accuracy,100042,0.44685,1,2.865867515707016,42.741377890110016,10,2.865867515707016,valid,0.4486799560834527,0.5094165829732215,0.44685,100042
RS,0.46175,537,537,random,TINYIMAGENET,739,main_b1000_tinyimagenet_alexnet_RS_kp75_seed42,0.75,0.45475,False,0.75,alexnet,0.75,TINYIMAGENET_alexnet_RS_accuracy_kp7500_seed42,42,60000,739,42,accuracy,100042,0.45475,1,2.845987226343155,42.939575366675854,10,2.845987226343155,valid,0.45448023506979784,0.5106857415014204,0.45474999999999993,100042
RS,0.46175,537,537,random,TINYIMAGENET,740,main_b1000_tinyimagenet_alexnet_RS_kp75_seed42,0.75,0.4443,False,0.75,alexnet,0.75,TINYIMAGENET_alexnet_RS_accuracy_kp7500_seed42,42,60000,740,42,accuracy,100042,0.4443,1,2.9016897928237917,42.882101371884346,10,2.9016897928237917,valid,0.4470902546101214,0.5158368604323751,0.4443,100042
RS,0.46175,537,537,random,TINYIMAGENET,741,main_b1000_tinyimagenet_alexnet_RS_kp75_seed42,0.75,0.4457,False,0.75,alexnet,0.75,TINYIMAGENET_alexnet_RS_accuracy_kp7500_seed42,42,60000,741,42,accuracy,100042,0.4457,1,2.89135654835701,42.3181095123291,10,2.89135654835701,valid,0.44357269498610163,0.5021476988075831,0.4457000000000001,100042
RS,0.46175,537,537,random,TINYIMAGENET,742,main_b1000_tinyimagenet_alexnet_RS_kp75_seed42,0.75,0.44475,False,0.75,alexnet,0.75,TINYIMAGENET_alexnet_RS_accuracy_kp7500_seed42,42,60000,742,42,accuracy,100042,0.44475,1,2.9157351290702818,43.0356971770525,10,2.9157351290702818,valid,0.4456257426413117,0.5160984174028875,0.44475000000000003,100042
RS,0.46175,537,537,random,TINYIMAGENET,743,main_b1000_tinyimagenet_alexnet_RS_kp75_seed42,0.75,0.44375,False,0.75,alexnet,0.75,TINYIMAGENET_alexnet_RS_accuracy_kp7500_seed42,42,60000,743,42,accuracy,100042,0.44375,1,2.8949199909687042,42.93830018490553,10,2.8949199909687042,valid,0.4463053851558631,0.5104475885529322,0.44375,100042
RS,0.46175,537,537,random,TINYIMAGENET,744,main_b1000_tinyimagenet_alexnet_RS_kp75_seed42,0.75,0.4444,False,0.75,alexnet,0.75,TINYIMAGENET_alexnet_RS_accuracy_kp7500_seed42,42,60000,744,42,accuracy,100042,0.4444,1,2.9189398970127107,42.803623884916306,10,2.9189398970127107,valid,0.4432878438126018,0.5099447172941346,0.44439999999999996,100042
RS,0.46175,537,537,random,TINYIMAGENET,745,main_b1000_tinyimagenet_alexnet_RS_kp75_seed42,0.75,0.4479,False,0.75,alexnet,0.75,TINYIMAGENET_alexnet_RS_accuracy_kp7500_seed42,42,60000,745,42,accuracy,100042,0.4479,1,2.902466057419777,42.41885885596275,10,2.902466057419777,valid,0.44676431577158765,0.509007588901048,0.4479000000000001,100042
RS,0.46175,537,537,random,TINYIMAGENET,746,main_b1000_tinyimagenet_alexnet_RS_kp75_seed42,0.75,0.445,False,0.75,alexnet,0.75,TINYIMAGENET_alexnet_RS_accuracy_kp7500_seed42,42,60000,746,42,accuracy,100042,0.445,1,2.899902921485901,42.88767474144697,10,2.899902921485901,valid,0.44424114549557464,0.511827968620918,0.445,100042
RS,0.46175,537,537,random,TINYIMAGENET,747,main_b1000_tinyimagenet_alexnet_RS_kp75_seed42,0.75,0.4497,False,0.75,alexnet,0.75,TINYIMAGENET_alexnet_RS_accuracy_kp7500_seed42,42,60000,747,42,accuracy,100042,0.4497,1,2.852105436754227,42.92927662283182,10,2.852105436754227,valid,0.4505098062922096,0.5151646372081321,0.4497,100042
RS,0.46175,537,537,random,TINYIMAGENET,748,main_b1000_tinyimagenet_alexnet_RS_kp75_seed42,0.75,0.45145,False,0.75,alexnet,0.75,TINYIMAGENET_alexnet_RS_accuracy_kp7500_seed42,42,60000,748,42,accuracy,100042,0.45145,1,2.873309547805786,42.462817810475826,10,2.873309547805786,valid,0.4521029321144016,0.5152566031454543,0.45144999999999996,100042
RS,0.46175,537,537,random,TINYIMAGENET,749,main_b1000_tinyimagenet_alexnet_RS_kp75_seed42,0.75,0.4517,False,0.75,alexnet,0.75,TINYIMAGENET_alexnet_RS_accuracy_kp7500_seed42,42,60000,749,42,accuracy,100042,0.4517,1,2.8613776562690734,42.72950419783592,10,2.8613776562690734,valid,0.45066745719497286,0.5129425066209541,0.4517,100042
RS,0.46175,537,537,random,TINYIMAGENET,750,main_b1000_tinyimagenet_alexnet_RS_kp75_seed42,0.75,0.4481,False,0.75,alexnet,0.75,TINYIMAGENET_alexnet_RS_accuracy_kp7500_seed42,42,60000,750,42,accuracy,100042,0.4481,1,2.8638698932647704,42.9276362285018,10,2.8638698932647704,valid,0.4445101900950999,0.5038542612593955,0.44809999999999994,100042
RS,0.46175,537,537,random,TINYIMAGENET,751,main_b1000_tinyimagenet_alexnet_RS_kp75_seed42,0.75,0.4481,False,0.75,alexnet,0.75,TINYIMAGENET_alexnet_RS_accuracy_kp7500_seed42,42,60000,751,42,accuracy,100042,0.4481,1,2.8754259303092957,42.98301522433758,10,2.8754259303092957,valid,0.4464414806263517,0.5117519690364033,0.4481,100042
RS,0.46175,537,537,random,TINYIMAGENET,752,main_b1000_tinyimagenet_alexnet_RS_kp75_seed42,0.75,0.44695,False,0.75,alexnet,0.75,TINYIMAGENET_alexnet_RS_accuracy_kp7500_seed42,42,60000,752,42,accuracy,100042,0.44695,1,2.9028281342983244,42.34203760325909,10,2.9028281342983244,valid,0.4452765790896141,0.5166845654142395,0.44695000000000007,100042
RS,0.46175,537,537,random,TINYIMAGENET,753,main_b1000_tinyimagenet_alexnet_RS_kp75_seed42,0.75,0.44595,False,0.75,alexnet,0.75,TINYIMAGENET_alexnet_RS_accuracy_kp7500_seed42,42,60000,753,42,accuracy,100042,0.44595,1,2.903249130344391,42.81333317607641,10,2.903249130344391,valid,0.4492545245255321,0.5207183745097307,0.44595,100042
RS,0.46175,537,537,random,TINYIMAGENET,754,main_b1000_tinyimagenet_alexnet_RS_kp75_seed42,0.75,0.44905,False,0.75,alexnet,0.75,TINYIMAGENET_alexnet_RS_accuracy_kp7500_seed42,42,60000,754,42,accuracy,100042,0.44905,1,2.8998247500419616,42.96224121004343,10,2.8998247500419616,valid,0.44483992588477705,0.5053452950484235,0.44905,100042
RS,0.46175,537,537,random,TINYIMAGENET,755,main_b1000_tinyimagenet_alexnet_RS_kp75_seed42,0.75,0.45025,False,0.75,alexnet,0.75,TINYIMAGENET_alexnet_RS_accuracy_kp7500_seed42,42,60000,755,42,accuracy,100042,0.45025,1,2.8551099250793457,42.85884544253349,10,2.8551099250793457,valid,0.4488017886391813,0.5090240577619654,0.45025,100042
RS,0.46175,537,537,random,TINYIMAGENET,756,main_b1000_tinyimagenet_alexnet_RS_kp75_seed42,0.75,0.4511,False,0.75,alexnet,0.75,TINYIMAGENET_alexnet_RS_accuracy_kp7500_seed42,42,60000,756,42,accuracy,100042,0.4511,1,2.848205616378784,42.422548063099384,10,2.848205616378784,valid,0.44997548303207924,0.5073179176805198,0.4511,100042
RS,0.46175,537,537,random,TINYIMAGENET,757,main_b1000_tinyimagenet_alexnet_RS_kp75_seed42,0.75,0.4454,False,0.75,alexnet,0.75,TINYIMAGENET_alexnet_RS_accuracy_kp7500_seed42,42,60000,757,42,accuracy,100042,0.4454,1,2.881985957145691,42.76265848428011,10,2.881985957145691,valid,0.44463803855931305,0.5078017198388097,0.4454,100042
RS,0.46175,537,537,random,TINYIMAGENET,758,main_b1000_tinyimagenet_alexnet_RS_kp75_seed42,0.75,0.44825,False,0.75,alexnet,0.75,TINYIMAGENET_alexnet_RS_accuracy_kp7500_seed42,42,60000,758,42,accuracy,100042,0.44825,1,2.8774603939533234,42.9107561185956,10,2.8774603939533234,valid,0.44904144800443563,0.5117307850201556,0.44825000000000004,100042
RS,0.46175,537,537,random,TINYIMAGENET,759,main_b1000_tinyimagenet_alexnet_RS_kp75_seed42,0.75,0.4489,False,0.75,alexnet,0.75,TINYIMAGENET_alexnet_RS_accuracy_kp7500_seed42,42,60000,759,42,accuracy,100042,0.4489,1,2.854545939278603,42.1983762383461,10,2.854545939278603,valid,0.45206958766650673,0.5090926402901961,0.4489,100042
RS,0.46175,537,537,random,TINYIMAGENET,760,main_b1000_tinyimagenet_alexnet_RS_kp75_seed42,0.75,0.44795,False,0.75,alexnet,0.75,TINYIMAGENET_alexnet_RS_accuracy_kp7500_seed42,42,60000,760,42,accuracy,100042,0.44795,1,2.867903908395767,42.78628600388765,10,2.867903908395767,valid,0.44869003960059567,0.5065999982875989,0.44795,100042
RS,0.46175,537,537,random,TINYIMAGENET,761,main_b1000_tinyimagenet_alexnet_RS_kp75_seed42,0.75,0.44645,False,0.75,alexnet,0.75,TINYIMAGENET_alexnet_RS_accuracy_kp7500_seed42,42,60000,761,42,accuracy,100042,0.44645,1,2.8755950011730196,42.94318576902151,10,2.8755950011730196,valid,0.44568928891745657,0.5046760718736043,0.44645,100042
RS,0.46175,537,537,random,TINYIMAGENET,762,main_b1000_tinyimagenet_alexnet_RS_kp75_seed42,0.75,0.4518,False,0.75,alexnet,0.75,TINYIMAGENET_alexnet_RS_accuracy_kp7500_seed42,42,60000,762,42,accuracy,100042,0.4518,1,2.8297508743047715,42.789520375430584,10,2.8297508743047715,valid,0.45364389760691654,0.5090700086983851,0.4518,100042
RS,0.46175,537,537,random,TINYIMAGENET,763,main_b1000_tinyimagenet_alexnet_RS_kp75_seed42,0.75,0.45015,False,0.75,alexnet,0.75,TINYIMAGENET_alexnet_RS_accuracy_kp7500_seed42,42,60000,763,42,accuracy,100042,0.45015,1,2.8529420721054075,42.32143001258373,10,2.8529420721054075,valid,0.44902133915001236,0.5097696228972023,0.45015,100042
RS,0.46175,537,537,random,TINYIMAGENET,764,main_b1000_tinyimagenet_alexnet_RS_kp75_seed42,0.75,0.4462,False,0.75,alexnet,0.75,TINYIMAGENET_alexnet_RS_accuracy_kp7500_seed42,42,60000,764,42,accuracy,100042,0.4462,1,2.9205262161016465,42.79949578642845,10,2.9205262161016465,valid,0.4411896764313644,0.5072409130307863,0.4462,100042
RS,0.46175,537,537,random,TINYIMAGENET,765,main_b1000_tinyimagenet_alexnet_RS_kp75_seed42,0.75,0.4547,False,0.75,alexnet,0.75,TINYIMAGENET_alexnet_RS_accuracy_kp7500_seed42,42,60000,765,42,accuracy,100042,0.4547,1,2.8289271576404573,42.896003782749176,10,2.8289271576404573,valid,0.45459210620951823,0.5076845211810418,0.4547,100042
RS,0.46175,537,537,random,TINYIMAGENET,766,main_b1000_tinyimagenet_alexnet_RS_kp75_seed42,0.75,0.4561,False,0.75,alexnet,0.75,TINYIMAGENET_alexnet_RS_accuracy_kp7500_seed42,42,60000,766,42,accuracy,100042,0.4561,1,2.816262163257599,42.743825778365135,10,2.816262163257599,valid,0.4559652825614201,0.5069324457089585,0.4561,100042
RS,0.46175,537,537,random,TINYIMAGENET,767,main_b1000_tinyimagenet_alexnet_RS_kp75_seed42,0.75,0.44615,False,0.75,alexnet,0.75,TINYIMAGENET_alexnet_RS_accuracy_kp7500_seed42,42,60000,767,42,accuracy,100042,0.44615,1,2.911830476999283,42.517346538603306,10,2.911830476999283,valid,0.444926791897482,0.5140937470197519,0.44615000000000005,100042
RS,0.46175,537,537,random,TINYIMAGENET,768,main_b1000_tinyimagenet_alexnet_RS_kp75_seed42,0.75,0.44375,False,0.75,alexnet,0.75,TINYIMAGENET_alexnet_RS_accuracy_kp7500_seed42,42,60000,768,42,accuracy,100042,0.44375,1,2.914156092500687,42.89891364425421,10,2.914156092500687,valid,0.4420555838140452,0.5080329418204287,0.44375,100042
RS,0.46175,537,537,random,TINYIMAGENET,769,main_b1000_tinyimagenet_alexnet_RS_kp75_seed42,0.75,0.45455,False,0.75,alexnet,0.75,TINYIMAGENET_alexnet_RS_accuracy_kp7500_seed42,42,60000,769,42,accuracy,100042,0.45455,1,2.8739840848445892,42.993221528828144,10,2.8739840848445892,valid,0.44963809529166116,0.5059495577808701,0.45455,100042
RS,0.46175,537,537,random,TINYIMAGENET,770,main_b1000_tinyimagenet_alexnet_RS_kp75_seed42,0.75,0.44845,False,0.75,alexnet,0.75,TINYIMAGENET_alexnet_RS_accuracy_kp7500_seed42,42,60000,770,42,accuracy,100042,0.44845,1,2.8596159671783448,42.30086358636618,10,2.8596159671783448,valid,0.45136327460954634,0.5090741676311751,0.44845,100042
RS,0.46175,537,537,random,TINYIMAGENET,771,main_b1000_tinyimagenet_alexnet_RS_kp75_seed42,0.75,0.4451,False,0.75,alexnet,0.75,TINYIMAGENET_alexnet_RS_accuracy_kp7500_seed42,42,60000,771,42,accuracy,100042,0.4451,1,2.9008465367794036,42.78868995606899,10,2.9008465367794036,valid,0.4462762486017502,0.5146559199584488,0.44510000000000005,100042
RS,0.46175,537,537,random,TINYIMAGENET,772,main_b1000_tinyimagenet_alexnet_RS_kp75_seed42,0.75,0.4449,False,0.75,alexnet,0.75,TINYIMAGENET_alexnet_RS_accuracy_kp7500_seed42,42,60000,772,42,accuracy,100042,0.4449,1,2.9041220108509065,43.03928807377815,10,2.9041220108509065,valid,0.4412951308834446,0.5026131188362783,0.4449,100042
RS,0.46175,537,537,random,TINYIMAGENET,773,main_b1000_tinyimagenet_alexnet_RS_kp75_seed42,0.75,0.44485,False,0.75,alexnet,0.75,TINYIMAGENET_alexnet_RS_accuracy_kp7500_seed42,42,60000,773,42,accuracy,100042,0.44485,1,2.9268792630672453,42.9101822450757,10,2.9268792630672453,valid,0.4421264038526543,0.5092289155153265,0.44484999999999997,100042
RS,0.46175,537,537,random,TINYIMAGENET,774,main_b1000_tinyimagenet_alexnet_RS_kp75_seed42,0.75,0.44485,False,0.75,alexnet,0.75,TINYIMAGENET_alexnet_RS_accuracy_kp7500_seed42,42,60000,774,42,accuracy,100042,0.44485,1,2.8555331845283507,70.75988977402449,10,2.8555331845283507,valid,0.44361397849034345,0.5027011567939645,0.44484999999999997,100042
RS,0.46175,537,537,random,TINYIMAGENET,775,main_b1000_tinyimagenet_alexnet_RS_kp75_seed42,0.75,0.4507,False,0.75,alexnet,0.75,TINYIMAGENET_alexnet_RS_accuracy_kp7500_seed42,42,60000,775,42,accuracy,100042,0.4507,1,2.8523895983695984,42.97978585213423,10,2.8523895983695984,valid,0.45011071455283314,0.5096063448110738,0.4507,100042
RS,0.46175,537,537,random,TINYIMAGENET,776,main_b1000_tinyimagenet_alexnet_RS_kp75_seed42,0.75,0.45275,False,0.75,alexnet,0.75,TINYIMAGENET_alexnet_RS_accuracy_kp7500_seed42,42,60000,776,42,accuracy,100042,0.45275,1,2.807335758447647,42.95969741791487,10,2.807335758447647,valid,0.450984372381844,0.4993105121912304,0.45275000000000004,100042
RS,0.46175,537,537,random,TINYIMAGENET,777,main_b1000_tinyimagenet_alexnet_RS_kp75_seed42,0.75,0.45475,False,0.75,alexnet,0.75,TINYIMAGENET_alexnet_RS_accuracy_kp7500_seed42,42,60000,777,42,accuracy,100042,0.45475,1,2.85090014462471,42.703769721090794,10,2.85090014462471,valid,0.45715938404178047,0.5148613469842577,0.45474999999999993,100042
RS,0.46175,537,537,random,TINYIMAGENET,778,main_b1000_tinyimagenet_alexnet_RS_kp75_seed42,0.75,0.45045,False,0.75,alexnet,0.75,TINYIMAGENET_alexnet_RS_accuracy_kp7500_seed42,42,60000,778,42,accuracy,100042,0.45045,1,2.8413628319263458,42.37826058268547,10,2.8413628319263458,valid,0.4475517753065712,0.5057240967625326,0.45045,100042
RS,0.46175,537,537,random,TINYIMAGENET,779,main_b1000_tinyimagenet_alexnet_RS_kp75_seed42,0.75,0.44795,False,0.75,alexnet,0.75,TINYIMAGENET_alexnet_RS_accuracy_kp7500_seed42,42,60000,779,42,accuracy,100042,0.44795,1,2.874363365149498,42.91037457436323,10,2.874363365149498,valid,0.4436564338166559,0.500414951221776,0.44795,100042
RS,0.46175,537,537,random,TINYIMAGENET,780,main_b1000_tinyimagenet_alexnet_RS_kp75_seed42,0.75,0.44885,False,0.75,alexnet,0.75,TINYIMAGENET_alexnet_RS_accuracy_kp7500_seed42,42,60000,780,42,accuracy,100042,0.44885,1,2.8709231472611427,42.948839865624905,10,2.8709231472611427,valid,0.4468285241527403,0.5041276051663219,0.44885,100042
RS,0.46175,537,537,random,TINYIMAGENET,781,main_b1000_tinyimagenet_alexnet_RS_kp75_seed42,0.75,0.4509,False,0.75,alexnet,0.75,TINYIMAGENET_alexnet_RS_accuracy_kp7500_seed42,42,60000,781,42,accuracy,100042,0.4509,1,2.8753000091075895,42.31671369075775,10,2.8753000091075895,valid,0.4498338840412189,0.5061608330345857,0.4509,100042
RS,0.46175,537,537,random,TINYIMAGENET,782,main_b1000_tinyimagenet_alexnet_RS_kp75_seed42,0.75,0.45355,False,0.75,alexnet,0.75,TINYIMAGENET_alexnet_RS_accuracy_kp7500_seed42,42,60000,782,42,accuracy,100042,0.45355,1,2.8293860605239867,42.881480284035206,10,2.8293860605239867,valid,0.45440247537581363,0.5133837485973087,0.45355000000000006,100042
RS,0.46175,537,537,random,TINYIMAGENET,783,main_b1000_tinyimagenet_alexnet_RS_kp75_seed42,0.75,0.448,False,0.75,alexnet,0.75,TINYIMAGENET_alexnet_RS_accuracy_kp7500_seed42,42,60000,783,42,accuracy,100042,0.448,1,2.821231888604164,42.994592756032944,10,2.821231888604164,valid,0.4472740234761805,0.5087329327938558,0.44800000000000006,100042
RS,0.46175,537,537,random,TINYIMAGENET,784,main_b1000_tinyimagenet_alexnet_RS_kp75_seed42,0.75,0.4471,False,0.75,alexnet,0.75,TINYIMAGENET_alexnet_RS_accuracy_kp7500_seed42,42,60000,784,42,accuracy,100042,0.4471,1,2.874511175870895,42.835658721625805,10,2.874511175870895,valid,0.44887454929374904,0.5113079452101751,0.4471,100042
RS,0.46175,537,537,random,TINYIMAGENET,785,main_b1000_tinyimagenet_alexnet_RS_kp75_seed42,0.75,0.4515,False,0.75,alexnet,0.75,TINYIMAGENET_alexnet_RS_accuracy_kp7500_seed42,42,60000,785,42,accuracy,100042,0.4515,1,2.8461831049203874,42.326064214110374,10,2.8461831049203874,valid,0.4508133996260055,0.5077660169991991,0.4515,100042
RS,0.46175,537,537,random,TINYIMAGENET,786,main_b1000_tinyimagenet_alexnet_RS_kp75_seed42,0.75,0.4543,False,0.75,alexnet,0.75,TINYIMAGENET_alexnet_RS_accuracy_kp7500_seed42,42,60000,786,42,accuracy,100042,0.4543,1,2.8359346115112305,42.94198765605688,10,2.8359346115112305,valid,0.4530994213119015,0.5112287677325822,0.4543,100042
RS,0.46175,537,537,random,TINYIMAGENET,787,main_b1000_tinyimagenet_alexnet_RS_kp75_seed42,0.75,0.44705,False,0.75,alexnet,0.75,TINYIMAGENET_alexnet_RS_accuracy_kp7500_seed42,42,60000,787,42,accuracy,100042,0.44705,1,2.890339342355728,42.94307065755129,10,2.890339342355728,valid,0.44961951742058665,0.5157887117755169,0.44705,100042
RS,0.46175,537,537,random,TINYIMAGENET,788,main_b1000_tinyimagenet_alexnet_RS_kp75_seed42,0.75,0.45285,False,0.75,alexnet,0.75,TINYIMAGENET_alexnet_RS_accuracy_kp7500_seed42,42,60000,788,42,accuracy,100042,0.45285,1,2.8046139734983444,42.55878946185112,10,2.8046139734983444,valid,0.45503025145506926,0.5126254945327302,0.45285000000000003,100042
RS,0.46175,537,537,random,TINYIMAGENET,789,main_b1000_tinyimagenet_alexnet_RS_kp75_seed42,0.75,0.4462,False,0.75,alexnet,0.75,TINYIMAGENET_alexnet_RS_accuracy_kp7500_seed42,42,60000,789,42,accuracy,100042,0.4462,1,2.8962100842475893,42.667598478496075,10,2.8962100842475893,valid,0.44836118468928077,0.5156062557401754,0.44620000000000004,100042
RS,0.46175,537,537,random,TINYIMAGENET,790,main_b1000_tinyimagenet_alexnet_RS_kp75_seed42,0.75,0.4501,False,0.75,alexnet,0.75,TINYIMAGENET_alexnet_RS_accuracy_kp7500_seed42,42,60000,790,42,accuracy,100042,0.4501,1,2.8787969259262085,43.11725503206253,10,2.8787969259262085,valid,0.4508102230569898,0.5158341583930554,0.45010000000000006,100042
RS,0.46175,537,537,random,TINYIMAGENET,791,main_b1000_tinyimagenet_alexnet_RS_kp75_seed42,0.75,0.4445,False,0.75,alexnet,0.75,TINYIMAGENET_alexnet_RS_accuracy_kp7500_seed42,42,60000,791,42,accuracy,100042,0.4445,1,2.9051646280288694,42.93454772233963,10,2.9051646280288694,valid,0.4418888261439378,0.5007464290292525,0.4445,100042
RS,0.46175,537,537,random,TINYIMAGENET,792,main_b1000_tinyimagenet_alexnet_RS_kp75_seed42,0.75,0.4422,False,0.75,alexnet,0.75,TINYIMAGENET_alexnet_RS_accuracy_kp7500_seed42,42,60000,792,42,accuracy,100042,0.4422,1,2.9059288513660433,42.52981675416231,10,2.9059288513660433,valid,0.43970223507125383,0.5078059462293024,0.4422,100042
RS,0.46175,537,537,random,TINYIMAGENET,793,main_b1000_tinyimagenet_alexnet_RS_kp75_seed42,0.75,0.4531,False,0.75,alexnet,0.75,TINYIMAGENET_alexnet_RS_accuracy_kp7500_seed42,42,60000,793,42,accuracy,100042,0.4531,1,2.8463695063114165,42.61628557741642,10,2.8463695063114165,valid,0.45085399385012204,0.508904732575473,0.4531,100042
RS,0.46175,537,537,random,TINYIMAGENET,794,main_b1000_tinyimagenet_alexnet_RS_kp75_seed42,0.75,0.4585,False,0.75,alexnet,0.75,TINYIMAGENET_alexnet_RS_accuracy_kp7500_seed42,42,60000,794,42,accuracy,100042,0.4585,1,2.793007845211029,42.88656571507454,10,2.793007845211029,valid,0.4585837658967221,0.5078852302073138,0.4585,100042
RS,0.46175,537,537,random,TINYIMAGENET,795,main_b1000_tinyimagenet_alexnet_RS_kp75_seed42,0.75,0.4476,False,0.75,alexnet,0.75,TINYIMAGENET_alexnet_RS_accuracy_kp7500_seed42,42,60000,795,42,accuracy,100042,0.4476,1,2.8750033455371855,42.928522415459156,10,2.8750033455371855,valid,0.448940675651618,0.5102332238375722,0.44760000000000005,100042
RS,0.46175,537,537,random,TINYIMAGENET,796,main_b1000_tinyimagenet_alexnet_RS_kp75_seed42,0.75,0.44925,False,0.75,alexnet,0.75,TINYIMAGENET_alexnet_RS_accuracy_kp7500_seed42,42,60000,796,42,accuracy,100042,0.44925,1,2.8783385436534883,42.728208497166634,10,2.8783385436534883,valid,0.44615162931981545,0.5048203806148007,0.44925,100042
RS,0.46175,537,537,random,TINYIMAGENET,797,main_b1000_tinyimagenet_alexnet_RS_kp75_seed42,0.75,0.44295,False,0.75,alexnet,0.75,TINYIMAGENET_alexnet_RS_accuracy_kp7500_seed42,42,60000,797,42,accuracy,100042,0.44295,1,2.9146624887943267,42.519953303039074,10,2.9146624887943267,valid,0.4422137273219481,0.5078179793776182,0.44295,100042
RS,0.46175,537,537,random,TINYIMAGENET,798,main_b1000_tinyimagenet_alexnet_RS_kp75_seed42,0.75,0.45665,False,0.75,alexnet,0.75,TINYIMAGENET_alexnet_RS_accuracy_kp7500_seed42,42,60000,798,42,accuracy,100042,0.45665,1,2.845864146614075,42.96679585427046,10,2.845864146614075,valid,0.4548379186175403,0.5020815379452249,0.45665000000000006,100042
RS,0.46175,537,537,random,TINYIMAGENET,799,main_b1000_tinyimagenet_alexnet_RS_kp75_seed42,0.75,0.4478,False,0.75,alexnet,0.75,TINYIMAGENET_alexnet_RS_accuracy_kp7500_seed42,42,60000,799,42,accuracy,100042,0.4478,1,2.8446002155303955,42.99820927530527,10,2.8446002155303955,valid,0.44899287162892343,0.505835031515093,0.44780000000000003,100042
RS,0.46175,537,537,random,TINYIMAGENET,800,main_b1000_tinyimagenet_alexnet_RS_kp75_seed42,0.75,0.45285,False,0.75,alexnet,0.75,TINYIMAGENET_alexnet_RS_accuracy_kp7500_seed42,42,60000,800,42,accuracy,100042,0.45285,1,2.8521057469844817,42.53689956665039,10,2.8521057469844817,valid,0.45131163268563745,0.5118622993163838,0.45285000000000003,100042
RS,0.46175,537,537,random,TINYIMAGENET,801,main_b1000_tinyimagenet_alexnet_RS_kp75_seed42,0.75,0.44795,False,0.75,alexnet,0.75,TINYIMAGENET_alexnet_RS_accuracy_kp7500_seed42,42,60000,801,42,accuracy,100042,0.44795,1,2.885977990579605,42.8029068633914,10,2.885977990579605,valid,0.4494699104753421,0.5127139639927786,0.44795,100042
RS,0.46175,537,537,random,TINYIMAGENET,802,main_b1000_tinyimagenet_alexnet_RS_kp75_seed42,0.75,0.455,False,0.75,alexnet,0.75,TINYIMAGENET_alexnet_RS_accuracy_kp7500_seed42,42,60000,802,42,accuracy,100042,0.455,1,2.8152036420822144,42.965752467513084,10,2.8152036420822144,valid,0.4539776023382654,0.5063305277511619,0.455,100042
RS,0.46175,537,537,random,TINYIMAGENET,803,main_b1000_tinyimagenet_alexnet_RS_kp75_seed42,0.75,0.449,False,0.75,alexnet,0.75,TINYIMAGENET_alexnet_RS_accuracy_kp7500_seed42,42,60000,803,42,accuracy,100042,0.449,1,2.8689877527236938,42.97759482264519,10,2.8689877527236938,valid,0.44721529978034597,0.5144115001319503,0.44900000000000007,100042
RS,0.46175,537,537,random,TINYIMAGENET,804,main_b1000_tinyimagenet_alexnet_RS_kp75_seed42,0.75,0.44975,False,0.75,alexnet,0.75,TINYIMAGENET_alexnet_RS_accuracy_kp7500_seed42,42,60000,804,42,accuracy,100042,0.44975,1,2.869183758068085,42.371536165475845,10,2.869183758068085,valid,0.44772426706686064,0.5071432039694157,0.4497500000000001,100042
RS,0.46175,537,537,random,TINYIMAGENET,805,main_b1000_tinyimagenet_alexnet_RS_kp75_seed42,0.75,0.4543,False,0.75,alexnet,0.75,TINYIMAGENET_alexnet_RS_accuracy_kp7500_seed42,42,60000,805,42,accuracy,100042,0.4543,1,2.8305600191116334,43.53126147389412,10,2.8305600191116334,valid,0.4537220651206239,0.5061233353776642,0.4543,100042
RS,0.46175,537,537,random,TINYIMAGENET,806,main_b1000_tinyimagenet_alexnet_RS_kp75_seed42,0.75,0.44615,False,0.75,alexnet,0.75,TINYIMAGENET_alexnet_RS_accuracy_kp7500_seed42,42,60000,806,42,accuracy,100042,0.44615,1,2.8648175722122193,42.95191538333893,10,2.8648175722122193,valid,0.4487820928185111,0.5098781340288869,0.44614999999999994,100042
RS,0.46175,537,537,random,TINYIMAGENET,807,main_b1000_tinyimagenet_alexnet_RS_kp75_seed42,0.75,0.45035,False,0.75,alexnet,0.75,TINYIMAGENET_alexnet_RS_accuracy_kp7500_seed42,42,60000,807,42,accuracy,100042,0.45035,1,2.867293211078644,43.068919852375984,10,2.867293211078644,valid,0.45116096184035387,0.5092159032158468,0.45035,100042
RS,0.46175,537,537,random,TINYIMAGENET,808,main_b1000_tinyimagenet_alexnet_RS_kp75_seed42,0.75,0.446,False,0.75,alexnet,0.75,TINYIMAGENET_alexnet_RS_accuracy_kp7500_seed42,42,60000,808,42,accuracy,100042,0.446,1,2.89912285990715,42.355526484549046,10,2.89912285990715,valid,0.4442811056171033,0.5035820933608669,0.446,100042
RS,0.46175,537,537,random,TINYIMAGENET,809,main_b1000_tinyimagenet_alexnet_RS_kp75_seed42,0.75,0.4421,False,0.75,alexnet,0.75,TINYIMAGENET_alexnet_RS_accuracy_kp7500_seed42,42,60000,809,42,accuracy,100042,0.4421,1,2.899922263240814,42.97631077468395,10,2.899922263240814,valid,0.4400771723965795,0.5090025984792693,0.44209999999999994,100042
RS,0.46175,537,537,random,TINYIMAGENET,810,main_b1000_tinyimagenet_alexnet_RS_kp75_seed42,0.75,0.45745,False,0.75,alexnet,0.75,TINYIMAGENET_alexnet_RS_accuracy_kp7500_seed42,42,60000,810,42,accuracy,100042,0.45745,1,2.8471067445516587,42.856920793652534,10,2.8471067445516587,valid,0.453725436545408,0.5071555656353633,0.45745,100042
RS,0.46175,537,537,random,TINYIMAGENET,811,main_b1000_tinyimagenet_alexnet_RS_kp75_seed42,0.75,0.4449,False,0.75,alexnet,0.75,TINYIMAGENET_alexnet_RS_accuracy_kp7500_seed42,42,60000,811,42,accuracy,100042,0.4449,1,2.9200304644584656,42.297373957931995,10,2.9200304644584656,valid,0.4463294159644596,0.5123749339290213,0.4449,100042
RS,0.46175,537,537,random,TINYIMAGENET,812,main_b1000_tinyimagenet_alexnet_RS_kp75_seed42,0.75,0.4429,False,0.75,alexnet,0.75,TINYIMAGENET_alexnet_RS_accuracy_kp7500_seed42,42,60000,812,42,accuracy,100042,0.4429,1,2.9013424001693724,42.74087552726269,10,2.9013424001693724,valid,0.4415476228625516,0.5152794137389146,0.4429,100042
RS,0.46175,537,537,random,TINYIMAGENET,813,main_b1000_tinyimagenet_alexnet_RS_kp75_seed42,0.75,0.4504,False,0.75,alexnet,0.75,TINYIMAGENET_alexnet_RS_accuracy_kp7500_seed42,42,60000,813,42,accuracy,100042,0.4504,1,2.856126456642151,42.95982278138399,10,2.856126456642151,valid,0.44964803256743757,0.510473813083336,0.45039999999999997,100042
RS,0.46175,537,537,random,TINYIMAGENET,814,main_b1000_tinyimagenet_alexnet_RS_kp75_seed42,0.75,0.45315,False,0.75,alexnet,0.75,TINYIMAGENET_alexnet_RS_accuracy_kp7500_seed42,42,60000,814,42,accuracy,100042,0.45315,1,2.871677475595474,42.95093781501055,10,2.871677475595474,valid,0.45227949243863536,0.5074227101693396,0.45315000000000005,100042
RS,0.46175,537,537,random,TINYIMAGENET,815,main_b1000_tinyimagenet_alexnet_RS_kp75_seed42,0.75,0.45415,False,0.75,alexnet,0.75,TINYIMAGENET_alexnet_RS_accuracy_kp7500_seed42,42,60000,815,42,accuracy,100042,0.45415,1,2.8574494368553163,42.238039158284664,10,2.8574494368553163,valid,0.4566679301246147,0.5241109966720039,0.45415,100042
RS,0.46175,537,537,random,TINYIMAGENET,816,main_b1000_tinyimagenet_alexnet_RS_kp75_seed42,0.75,0.4481,False,0.75,alexnet,0.75,TINYIMAGENET_alexnet_RS_accuracy_kp7500_seed42,42,60000,816,42,accuracy,100042,0.4481,1,2.859271755218506,42.89076863974333,10,2.859271755218506,valid,0.44758079598985867,0.5053587239478285,0.4481,100042
RS,0.46175,537,537,random,TINYIMAGENET,817,main_b1000_tinyimagenet_alexnet_RS_kp75_seed42,0.75,0.45025,False,0.75,alexnet,0.75,TINYIMAGENET_alexnet_RS_accuracy_kp7500_seed42,42,60000,817,42,accuracy,100042,0.45025,1,2.887621790266037,43.000804126262665,10,2.887621790266037,valid,0.4456208503785075,0.508285280649217,0.45025000000000004,100042
RS,0.46175,537,537,random,TINYIMAGENET,818,main_b1000_tinyimagenet_alexnet_RS_kp75_seed42,0.75,0.4492,False,0.75,alexnet,0.75,TINYIMAGENET_alexnet_RS_accuracy_kp7500_seed42,42,60000,818,42,accuracy,100042,0.4492,1,2.894711479473114,42.79715008288622,10,2.894711479473114,valid,0.44782097769529877,0.5130779288233651,0.44920000000000004,100042
RS,0.46175,537,537,random,TINYIMAGENET,819,main_b1000_tinyimagenet_alexnet_RS_kp75_seed42,0.75,0.4388,False,0.75,alexnet,0.75,TINYIMAGENET_alexnet_RS_accuracy_kp7500_seed42,42,60000,819,42,accuracy,100042,0.4388,1,2.967531093454361,42.52770508825779,10,2.967531093454361,valid,0.4389724757750234,0.5140811055674789,0.4388,100042
RS,0.46175,537,537,random,TINYIMAGENET,820,main_b1000_tinyimagenet_alexnet_RS_kp75_seed42,0.75,0.44235,False,0.75,alexnet,0.75,TINYIMAGENET_alexnet_RS_accuracy_kp7500_seed42,42,60000,820,42,accuracy,100042,0.44235,1,2.8935346129894257,42.870706617832184,10,2.8935346129894257,valid,0.4428733338739183,0.5069190769626111,0.44235,100042
RS,0.46175,537,537,random,TINYIMAGENET,821,main_b1000_tinyimagenet_alexnet_RS_kp75_seed42,0.75,0.443,False,0.75,alexnet,0.75,TINYIMAGENET_alexnet_RS_accuracy_kp7500_seed42,42,60000,821,42,accuracy,100042,0.443,1,2.89558683590889,42.91069521009922,10,2.89558683590889,valid,0.4411456755442157,0.5085584217719505,0.44300000000000006,100042
RS,0.46175,537,537,random,TINYIMAGENET,822,main_b1000_tinyimagenet_alexnet_RS_kp75_seed42,0.75,0.4485,False,0.75,alexnet,0.75,TINYIMAGENET_alexnet_RS_accuracy_kp7500_seed42,42,60000,822,42,accuracy,100042,0.4485,1,2.9093502183437345,43.4662673920393,10,2.9093502183437345,valid,0.4485809101106365,0.5148039464537433,0.4485,100042
RS,0.46175,537,537,random,TINYIMAGENET,823,main_b1000_tinyimagenet_alexnet_RS_kp75_seed42,0.75,0.45,False,0.75,alexnet,0.75,TINYIMAGENET_alexnet_RS_accuracy_kp7500_seed42,42,60000,823,42,accuracy,100042,0.45,1,2.8216218407154083,45.195432536304,10,2.8216218407154083,valid,0.4537748582109453,0.5155667344632039,0.45,100042
RS,0.46175,537,537,random,TINYIMAGENET,824,main_b1000_tinyimagenet_alexnet_RS_kp75_seed42,0.75,0.45015,False,0.75,alexnet,0.75,TINYIMAGENET_alexnet_RS_accuracy_kp7500_seed42,42,60000,824,42,accuracy,100042,0.45015,1,2.834758968544006,42.906565837562084,10,2.834758968544006,valid,0.4512581996996501,0.5128915142039014,0.45015,100042
RS,0.46175,537,537,random,TINYIMAGENET,825,main_b1000_tinyimagenet_alexnet_RS_kp75_seed42,0.75,0.45105,False,0.75,alexnet,0.75,TINYIMAGENET_alexnet_RS_accuracy_kp7500_seed42,42,60000,825,42,accuracy,100042,0.45105,1,2.8594268668174743,42.9088179320097,10,2.8594268668174743,valid,0.44982211147087925,0.5095462863918856,0.45105000000000006,100042
RS,0.46175,537,537,random,TINYIMAGENET,826,main_b1000_tinyimagenet_alexnet_RS_kp75_seed42,0.75,0.4511,False,0.75,alexnet,0.75,TINYIMAGENET_alexnet_RS_accuracy_kp7500_seed42,42,60000,826,42,accuracy,100042,0.4511,1,2.853986122608185,42.368947610259056,10,2.853986122608185,valid,0.44895923374654223,0.5070566855371034,0.4511,100042
RS,0.46175,537,537,random,TINYIMAGENET,827,main_b1000_tinyimagenet_alexnet_RS_kp75_seed42,0.75,0.452,False,0.75,alexnet,0.75,TINYIMAGENET_alexnet_RS_accuracy_kp7500_seed42,42,60000,827,42,accuracy,100042,0.452,1,2.8026263165950773,42.97371092438698,10,2.8026263165950773,valid,0.45198772683125926,0.5007432055385651,0.452,100042
RS,0.46175,537,537,random,TINYIMAGENET,828,main_b1000_tinyimagenet_alexnet_RS_kp75_seed42,0.75,0.4566,False,0.75,alexnet,0.75,TINYIMAGENET_alexnet_RS_accuracy_kp7500_seed42,42,60000,828,42,accuracy,100042,0.4566,1,2.8182306643962862,42.95472078025341,10,2.8182306643962862,valid,0.4579522712405985,0.5089623432164185,0.45659999999999995,100042
RS,0.46175,537,537,random,TINYIMAGENET,829,main_b1000_tinyimagenet_alexnet_RS_kp75_seed42,0.75,0.4546,False,0.75,alexnet,0.75,TINYIMAGENET_alexnet_RS_accuracy_kp7500_seed42,42,60000,829,42,accuracy,100042,0.4546,1,2.8312419626235963,42.81839969009161,10,2.8312419626235963,valid,0.45350773702602964,0.5112920108630752,0.4546,100042
RS,0.46175,537,537,random,TINYIMAGENET,830,main_b1000_tinyimagenet_alexnet_RS_kp75_seed42,0.75,0.44945,False,0.75,alexnet,0.75,TINYIMAGENET_alexnet_RS_accuracy_kp7500_seed42,42,60000,830,42,accuracy,100042,0.44945,1,2.9053039229631423,42.432074666023254,10,2.9053039229631423,valid,0.44679056690011015,0.5117079086867515,0.4494499999999999,100042
RS,0.46175,537,537,random,TINYIMAGENET,831,main_b1000_tinyimagenet_alexnet_RS_kp75_seed42,0.75,0.44585,False,0.75,alexnet,0.75,TINYIMAGENET_alexnet_RS_accuracy_kp7500_seed42,42,60000,831,42,accuracy,100042,0.44585,1,2.8814902861595155,42.897934921085835,10,2.8814902861595155,valid,0.44584560413500385,0.5066479040927387,0.4458499999999999,100042
RS,0.46175,537,537,random,TINYIMAGENET,832,main_b1000_tinyimagenet_alexnet_RS_kp75_seed42,0.75,0.4489,False,0.75,alexnet,0.75,TINYIMAGENET_alexnet_RS_accuracy_kp7500_seed42,42,60000,832,42,accuracy,100042,0.4489,1,2.8536439457178115,42.88890586793423,10,2.8536439457178115,valid,0.4471406270716308,0.505264677006038,0.4489,100042
RS,0.46175,537,537,random,TINYIMAGENET,833,main_b1000_tinyimagenet_alexnet_RS_kp75_seed42,0.75,0.44605,False,0.75,alexnet,0.75,TINYIMAGENET_alexnet_RS_accuracy_kp7500_seed42,42,60000,833,42,accuracy,100042,0.44605,1,2.8890137440681456,42.31205303221941,10,2.8890137440681456,valid,0.44697469966170167,0.5123533134638081,0.44605000000000006,100042
RS,0.46175,537,537,random,TINYIMAGENET,834,main_b1000_tinyimagenet_alexnet_RS_kp75_seed42,0.75,0.45195,False,0.75,alexnet,0.75,TINYIMAGENET_alexnet_RS_accuracy_kp7500_seed42,42,60000,834,42,accuracy,100042,0.45195,1,2.8770583225250244,42.92368460446596,10,2.8770583225250244,valid,0.44921457544444293,0.5160767952274078,0.45195,100042
RS,0.46175,537,537,random,TINYIMAGENET,835,main_b1000_tinyimagenet_alexnet_RS_kp75_seed42,0.75,0.447,False,0.75,alexnet,0.75,TINYIMAGENET_alexnet_RS_accuracy_kp7500_seed42,42,60000,835,42,accuracy,100042,0.447,1,2.8530339839458465,42.95863985270262,10,2.8530339839458465,valid,0.447096733655749,0.5049396079316596,0.447,100042
RS,0.46175,537,537,random,TINYIMAGENET,836,main_b1000_tinyimagenet_alexnet_RS_kp75_seed42,0.75,0.45585,False,0.75,alexnet,0.75,TINYIMAGENET_alexnet_RS_accuracy_kp7500_seed42,42,60000,836,42,accuracy,100042,0.45585,1,2.8459708944797515,42.92668963223696,10,2.8459708944797515,valid,0.45399679375552,0.5074765333860465,0.4558499999999999,100042
RS,0.46175,537,537,random,TINYIMAGENET,837,main_b1000_tinyimagenet_alexnet_RS_kp75_seed42,0.75,0.44375,False,0.75,alexnet,0.75,TINYIMAGENET_alexnet_RS_accuracy_kp7500_seed42,42,60000,837,42,accuracy,100042,0.44375,1,2.9036299624681474,42.370710253715515,10,2.9036299624681474,valid,0.4446257005316896,0.513002191453317,0.44375,100042
RS,0.46175,537,537,random,TINYIMAGENET,838,main_b1000_tinyimagenet_alexnet_RS_kp75_seed42,0.75,0.4402,False,0.75,alexnet,0.75,TINYIMAGENET_alexnet_RS_accuracy_kp7500_seed42,42,60000,838,42,accuracy,100042,0.4402,1,2.927139106416702,42.97379083186388,10,2.927139106416702,valid,0.43851139667807765,0.5077395278852791,0.4402,100042
RS,0.46175,537,537,random,TINYIMAGENET,839,main_b1000_tinyimagenet_alexnet_RS_kp75_seed42,0.75,0.45775,False,0.75,alexnet,0.75,TINYIMAGENET_alexnet_RS_accuracy_kp7500_seed42,42,60000,839,42,accuracy,100042,0.45775,1,2.828896592903137,42.97655986994505,10,2.828896592903137,valid,0.45982485904226095,0.5109749041474374,0.45775,100042
RS,0.46175,537,537,random,TINYIMAGENET,840,main_b1000_tinyimagenet_alexnet_RS_kp75_seed42,0.75,0.44685,False,0.75,alexnet,0.75,TINYIMAGENET_alexnet_RS_accuracy_kp7500_seed42,42,60000,840,42,accuracy,100042,0.44685,1,2.8810063794136047,42.453610226511955,10,2.8810063794136047,valid,0.4472308200486306,0.5092077887894946,0.44685,100042
RS,0.46175,537,537,random,TINYIMAGENET,841,main_b1000_tinyimagenet_alexnet_RS_kp75_seed42,0.75,0.4551,False,0.75,alexnet,0.75,TINYIMAGENET_alexnet_RS_accuracy_kp7500_seed42,42,60000,841,42,accuracy,100042,0.4551,1,2.7995426748752594,42.80901791900396,10,2.7995426748752594,valid,0.45662178385308944,0.5076940130802261,0.45510000000000006,100042
RS,0.46175,537,537,random,TINYIMAGENET,842,main_b1000_tinyimagenet_alexnet_RS_kp75_seed42,0.75,0.44535,False,0.75,alexnet,0.75,TINYIMAGENET_alexnet_RS_accuracy_kp7500_seed42,42,60000,842,42,accuracy,100042,0.44535,1,2.8860443605422974,43.01378793269396,10,2.8860443605422974,valid,0.44764721299415244,0.5084416624592003,0.44534999999999997,100042
RS,0.46175,537,537,random,TINYIMAGENET,843,main_b1000_tinyimagenet_alexnet_RS_kp75_seed42,0.75,0.44705,False,0.75,alexnet,0.75,TINYIMAGENET_alexnet_RS_accuracy_kp7500_seed42,42,60000,843,42,accuracy,100042,0.44705,1,2.8871434809207916,43.08579298853874,10,2.8871434809207916,valid,0.44475554196926814,0.5125056200188116,0.44705,100042
RS,0.46175,537,537,random,TINYIMAGENET,844,main_b1000_tinyimagenet_alexnet_RS_kp75_seed42,0.75,0.451,False,0.75,alexnet,0.75,TINYIMAGENET_alexnet_RS_accuracy_kp7500_seed42,42,60000,844,42,accuracy,100042,0.451,1,2.8710947868347167,42.385150104761124,10,2.8710947868347167,valid,0.44943931758410544,0.5107538150767749,0.45100000000000007,100042
RS,0.46175,537,537,random,TINYIMAGENET,845,main_b1000_tinyimagenet_alexnet_RS_kp75_seed42,0.75,0.44515,False,0.75,alexnet,0.75,TINYIMAGENET_alexnet_RS_accuracy_kp7500_seed42,42,60000,845,42,accuracy,100042,0.44515,1,2.862168925666809,42.85111150890589,10,2.862168925666809,valid,0.44766234746343514,0.5097859495775864,0.44515,100042
RS,0.46175,537,537,random,TINYIMAGENET,846,main_b1000_tinyimagenet_alexnet_RS_kp75_seed42,0.75,0.4431,False,0.75,alexnet,0.75,TINYIMAGENET_alexnet_RS_accuracy_kp7500_seed42,42,60000,846,42,accuracy,100042,0.4431,1,2.9155497054576873,42.93692534416914,10,2.9155497054576873,valid,0.4405288968660635,0.5116385646825139,0.44310000000000005,100042
RS,0.46175,537,537,random,TINYIMAGENET,847,main_b1000_tinyimagenet_alexnet_RS_kp75_seed42,0.75,0.44935,False,0.75,alexnet,0.75,TINYIMAGENET_alexnet_RS_accuracy_kp7500_seed42,42,60000,847,42,accuracy,100042,0.44935,1,2.8585256731033324,42.95864734053612,10,2.8585256731033324,valid,0.4498917898931312,0.5068225341818673,0.44935,100042
RS,0.46175,537,537,random,TINYIMAGENET,848,main_b1000_tinyimagenet_alexnet_RS_kp75_seed42,0.75,0.45175,False,0.75,alexnet,0.75,TINYIMAGENET_alexnet_RS_accuracy_kp7500_seed42,42,60000,848,42,accuracy,100042,0.45175,1,2.870679877471924,42.51338905841112,10,2.870679877471924,valid,0.45353844355367384,0.5236653048282812,0.45175000000000004,100042
RS,0.46175,537,537,random,TINYIMAGENET,849,main_b1000_tinyimagenet_alexnet_RS_kp75_seed42,0.75,0.448,False,0.75,alexnet,0.75,TINYIMAGENET_alexnet_RS_accuracy_kp7500_seed42,42,60000,849,42,accuracy,100042,0.448,1,2.866579793643951,42.87795091420412,10,2.866579793643951,valid,0.448726148818637,0.5097853339791968,0.44800000000000006,100042
RS,0.46175,537,537,random,TINYIMAGENET,850,main_b1000_tinyimagenet_alexnet_RS_kp75_seed42,0.75,0.45125,False,0.75,alexnet,0.75,TINYIMAGENET_alexnet_RS_accuracy_kp7500_seed42,42,60000,850,42,accuracy,100042,0.45125,1,2.875761087632179,43.03511341661215,10,2.875761087632179,valid,0.4505700927987523,0.5113481918555962,0.45125,100042
RS,0.46175,537,537,random,TINYIMAGENET,851,main_b1000_tinyimagenet_alexnet_RS_kp75_seed42,0.75,0.4498,False,0.75,alexnet,0.75,TINYIMAGENET_alexnet_RS_accuracy_kp7500_seed42,42,60000,851,42,accuracy,100042,0.4498,1,2.8984228278160096,42.85447718203068,10,2.8984228278160096,valid,0.4474359389560522,0.5111687227535671,0.4498,100042
RS,0.46175,537,537,random,TINYIMAGENET,852,main_b1000_tinyimagenet_alexnet_RS_kp75_seed42,0.75,0.4472,False,0.75,alexnet,0.75,TINYIMAGENET_alexnet_RS_accuracy_kp7500_seed42,42,60000,852,42,accuracy,100042,0.4472,1,2.874124051475525,42.62151688337326,10,2.874124051475525,valid,0.445715348701537,0.5086573261306896,0.4472,100042
RS,0.46175,537,537,random,TINYIMAGENET,853,main_b1000_tinyimagenet_alexnet_RS_kp75_seed42,0.75,0.44875,False,0.75,alexnet,0.75,TINYIMAGENET_alexnet_RS_accuracy_kp7500_seed42,42,60000,853,42,accuracy,100042,0.44875,1,2.8455116980075834,42.98947209119797,10,2.8455116980075834,valid,0.4475700905222246,0.5062748754866635,0.4487500000000001,100042
RS,0.46175,537,537,random,TINYIMAGENET,854,main_b1000_tinyimagenet_alexnet_RS_kp75_seed42,0.75,0.45055,False,0.75,alexnet,0.75,TINYIMAGENET_alexnet_RS_accuracy_kp7500_seed42,42,60000,854,42,accuracy,100042,0.45055,1,2.8736158442497253,43.006382055580616,10,2.8736158442497253,valid,0.450549843646524,0.5113556456274647,0.45055,100042
RS,0.46175,537,537,random,TINYIMAGENET,855,main_b1000_tinyimagenet_alexnet_RS_kp75_seed42,0.75,0.44875,False,0.75,alexnet,0.75,TINYIMAGENET_alexnet_RS_accuracy_kp7500_seed42,42,60000,855,42,accuracy,100042,0.44875,1,2.8672096376419067,42.498103350400925,10,2.8672096376419067,valid,0.4496947815380347,0.5175896489914293,0.44875,100042
RS,0.46175,537,537,random,TINYIMAGENET,856,main_b1000_tinyimagenet_alexnet_RS_kp75_seed42,0.75,0.45295,False,0.75,alexnet,0.75,TINYIMAGENET_alexnet_RS_accuracy_kp7500_seed42,42,60000,856,42,accuracy,100042,0.45295,1,2.865834980893135,42.92147946357727,10,2.865834980893135,valid,0.45486435690568766,0.5109535639413955,0.45295,100042
RS,0.46175,537,537,random,TINYIMAGENET,857,main_b1000_tinyimagenet_alexnet_RS_kp75_seed42,0.75,0.45045,False,0.75,alexnet,0.75,TINYIMAGENET_alexnet_RS_accuracy_kp7500_seed42,42,60000,857,42,accuracy,100042,0.45045,1,2.840470361852646,43.17055040597916,10,2.840470361852646,valid,0.45181910948116516,0.5109597208138181,0.45045,100042
RS,0.46175,537,537,random,TINYIMAGENET,858,main_b1000_tinyimagenet_alexnet_RS_kp75_seed42,0.75,0.4462,False,0.75,alexnet,0.75,TINYIMAGENET_alexnet_RS_accuracy_kp7500_seed42,42,60000,858,42,accuracy,100042,0.4462,1,2.8822056263923646,42.9190314784646,10,2.8822056263923646,valid,0.44508668906595533,0.5055135774305732,0.44620000000000004,100042
RS,0.46175,537,537,random,TINYIMAGENET,859,main_b1000_tinyimagenet_alexnet_RS_kp75_seed42,0.75,0.4524,False,0.75,alexnet,0.75,TINYIMAGENET_alexnet_RS_accuracy_kp7500_seed42,42,60000,859,42,accuracy,100042,0.4524,1,2.8515969795703886,42.36117186397314,10,2.8515969795703886,valid,0.45145995918032616,0.5095299294686636,0.45239999999999997,100042
RS,0.46175,537,537,random,TINYIMAGENET,860,main_b1000_tinyimagenet_alexnet_RS_kp75_seed42,0.75,0.4448,False,0.75,alexnet,0.75,TINYIMAGENET_alexnet_RS_accuracy_kp7500_seed42,42,60000,860,42,accuracy,100042,0.4448,1,2.892997405433655,43.02397385239601,10,2.892997405433655,valid,0.44980632901857887,0.5150019641092709,0.4448,100042
RS,0.46175,537,537,random,TINYIMAGENET,861,main_b1000_tinyimagenet_alexnet_RS_kp75_seed42,0.75,0.4489,False,0.75,alexnet,0.75,TINYIMAGENET_alexnet_RS_accuracy_kp7500_seed42,42,60000,861,42,accuracy,100042,0.4489,1,2.899187321805954,43.06767866015434,10,2.899187321805954,valid,0.4453333484125166,0.5103491633642387,0.4489,100042
RS,0.46175,537,537,random,TINYIMAGENET,862,main_b1000_tinyimagenet_alexnet_RS_kp75_seed42,0.75,0.4461,False,0.75,alexnet,0.75,TINYIMAGENET_alexnet_RS_accuracy_kp7500_seed42,42,60000,862,42,accuracy,100042,0.4461,1,2.9130773591041565,42.62026719003916,10,2.9130773591041565,valid,0.44825655521274044,0.5167902667727621,0.4461,100042
RS,0.46175,537,537,random,TINYIMAGENET,863,main_b1000_tinyimagenet_alexnet_RS_kp75_seed42,0.75,0.4454,False,0.75,alexnet,0.75,TINYIMAGENET_alexnet_RS_accuracy_kp7500_seed42,42,60000,863,42,accuracy,100042,0.4454,1,2.8756730382919313,42.74976101517677,10,2.8756730382919313,valid,0.4458527896544487,0.5073767635438793,0.4454,100042
RS,0.46175,537,537,random,TINYIMAGENET,864,main_b1000_tinyimagenet_alexnet_RS_kp75_seed42,0.75,0.44865,False,0.75,alexnet,0.75,TINYIMAGENET_alexnet_RS_accuracy_kp7500_seed42,42,60000,864,42,accuracy,100042,0.44865,1,2.9000734426021575,43.0356957167387,10,2.9000734426021575,valid,0.44962563900199315,0.510782478723174,0.44865,100042
RS,0.46175,537,537,random,TINYIMAGENET,865,main_b1000_tinyimagenet_alexnet_RS_kp75_seed42,0.75,0.4589,False,0.75,alexnet,0.75,TINYIMAGENET_alexnet_RS_accuracy_kp7500_seed42,42,60000,865,42,accuracy,100042,0.4589,1,2.7971404925346373,42.917680494487286,10,2.7971404925346373,valid,0.45676595279584037,0.5086923786647745,0.45890000000000003,100042
RS,0.46175,537,537,random,TINYIMAGENET,866,main_b1000_tinyimagenet_alexnet_RS_kp75_seed42,0.75,0.4539,False,0.75,alexnet,0.75,TINYIMAGENET_alexnet_RS_accuracy_kp7500_seed42,42,60000,866,42,accuracy,100042,0.4539,1,2.845880716562271,42.45107392966747,10,2.845880716562271,valid,0.45191907532144343,0.510263181829161,0.4539,100042
RS,0.46175,537,537,random,TINYIMAGENET,867,main_b1000_tinyimagenet_alexnet_RS_kp75_seed42,0.75,0.4486,False,0.75,alexnet,0.75,TINYIMAGENET_alexnet_RS_accuracy_kp7500_seed42,42,60000,867,42,accuracy,100042,0.4486,1,2.8909073159694674,42.92461031675339,10,2.8909073159694674,valid,0.4461738758587754,0.5070209621662718,0.4486,100042
RS,0.46175,537,537,random,TINYIMAGENET,868,main_b1000_tinyimagenet_alexnet_RS_kp75_seed42,0.75,0.4428,False,0.75,alexnet,0.75,TINYIMAGENET_alexnet_RS_accuracy_kp7500_seed42,42,60000,868,42,accuracy,100042,0.4428,1,2.9236156533718107,43.08645471930504,10,2.9236156533718107,valid,0.4434985834530529,0.5129289256459597,0.4428,100042
RS,0.46175,537,537,random,TINYIMAGENET,869,main_b1000_tinyimagenet_alexnet_RS_kp75_seed42,0.75,0.4444,False,0.75,alexnet,0.75,TINYIMAGENET_alexnet_RS_accuracy_kp7500_seed42,42,60000,869,42,accuracy,100042,0.4444,1,2.9339422473430634,42.65593724697828,10,2.9339422473430634,valid,0.445834330538214,0.5183594453661842,0.4444000000000001,100042
RS,0.46175,537,537,random,TINYIMAGENET,870,main_b1000_tinyimagenet_alexnet_RS_kp75_seed42,0.75,0.4491,False,0.75,alexnet,0.75,TINYIMAGENET_alexnet_RS_accuracy_kp7500_seed42,42,60000,870,42,accuracy,100042,0.4491,1,2.8943134947776796,42.62565687298775,10,2.8943134947776796,valid,0.44587144671649553,0.5066114883953786,0.44910000000000005,100042
RS,0.46175,537,537,random,TINYIMAGENET,871,main_b1000_tinyimagenet_alexnet_RS_kp75_seed42,0.75,0.4566,False,0.75,alexnet,0.75,TINYIMAGENET_alexnet_RS_accuracy_kp7500_seed42,42,60000,871,42,accuracy,100042,0.4566,1,2.796042029762268,43.02669035643339,10,2.796042029762268,valid,0.4540293477970423,0.5041282734379288,0.45659999999999995,100042
RS,0.46175,537,537,random,TINYIMAGENET,872,main_b1000_tinyimagenet_alexnet_RS_kp75_seed42,0.75,0.4412,False,0.75,alexnet,0.75,TINYIMAGENET_alexnet_RS_accuracy_kp7500_seed42,42,60000,872,42,accuracy,100042,0.4412,1,2.8947979272842406,43.085775792598724,10,2.8947979272842406,valid,0.44448253154528417,0.5077424971429834,0.44120000000000004,100042
RS,0.46175,537,537,random,TINYIMAGENET,873,main_b1000_tinyimagenet_alexnet_RS_kp75_seed42,0.75,0.4507,False,0.75,alexnet,0.75,TINYIMAGENET_alexnet_RS_accuracy_kp7500_seed42,42,60000,873,42,accuracy,100042,0.4507,1,2.8479564524412155,42.4354108646512,10,2.8479564524412155,valid,0.4491968567308415,0.5058649465710346,0.4507,100042
RS,0.46175,537,537,random,TINYIMAGENET,874,main_b1000_tinyimagenet_alexnet_RS_kp75_seed42,0.75,0.45385,False,0.75,alexnet,0.75,TINYIMAGENET_alexnet_RS_accuracy_kp7500_seed42,42,60000,874,42,accuracy,100042,0.45385,1,2.8039226842403413,43.337755873799324,10,2.8039226842403413,valid,0.45198693297413794,0.5026922457320918,0.45385,100042
RS,0.46175,537,537,random,TINYIMAGENET,875,main_b1000_tinyimagenet_alexnet_RS_kp75_seed42,0.75,0.4492,False,0.75,alexnet,0.75,TINYIMAGENET_alexnet_RS_accuracy_kp7500_seed42,42,60000,875,42,accuracy,100042,0.4492,1,2.8357022771835325,43.04264276474714,10,2.8357022771835325,valid,0.449552674020465,0.5041907227132176,0.44920000000000004,100042
RS,0.46175,537,537,random,TINYIMAGENET,876,main_b1000_tinyimagenet_alexnet_RS_kp75_seed42,0.75,0.4496,False,0.75,alexnet,0.75,TINYIMAGENET_alexnet_RS_accuracy_kp7500_seed42,42,60000,876,42,accuracy,100042,0.4496,1,2.89182529797554,42.99727074801922,10,2.89182529797554,valid,0.4516290982250441,0.5165366145724558,0.4496,100042
RS,0.46175,537,537,random,TINYIMAGENET,877,main_b1000_tinyimagenet_alexnet_RS_kp75_seed42,0.75,0.44395,False,0.75,alexnet,0.75,TINYIMAGENET_alexnet_RS_accuracy_kp7500_seed42,42,60000,877,42,accuracy,100042,0.44395,1,2.919523779773712,42.36436700820923,10,2.919523779773712,valid,0.44772910933174437,0.5200417481545554,0.44395,100042
RS,0.46175,537,537,random,TINYIMAGENET,878,main_b1000_tinyimagenet_alexnet_RS_kp75_seed42,0.75,0.45205,False,0.75,alexnet,0.75,TINYIMAGENET_alexnet_RS_accuracy_kp7500_seed42,42,60000,878,42,accuracy,100042,0.45205,1,2.8460437632083893,42.93387904018164,10,2.8460437632083893,valid,0.4505365167172407,0.5031004033262293,0.45205,100042
RS,0.46175,537,537,random,TINYIMAGENET,879,main_b1000_tinyimagenet_alexnet_RS_kp75_seed42,0.75,0.4524,False,0.75,alexnet,0.75,TINYIMAGENET_alexnet_RS_accuracy_kp7500_seed42,42,60000,879,42,accuracy,100042,0.4524,1,2.837585187911987,43.01788876205683,10,2.837585187911987,valid,0.45297806608503804,0.5087278204849199,0.4524,100042
RS,0.46175,537,537,random,TINYIMAGENET,880,main_b1000_tinyimagenet_alexnet_RS_kp75_seed42,0.75,0.4484,False,0.75,alexnet,0.75,TINYIMAGENET_alexnet_RS_accuracy_kp7500_seed42,42,60000,880,42,accuracy,100042,0.4484,1,2.8763508967399596,42.627250857651234,10,2.8763508967399596,valid,0.4466051464987704,0.510515466914643,0.4484,100042
RS,0.46175,537,537,random,TINYIMAGENET,881,main_b1000_tinyimagenet_alexnet_RS_kp75_seed42,0.75,0.4579,False,0.75,alexnet,0.75,TINYIMAGENET_alexnet_RS_accuracy_kp7500_seed42,42,60000,881,42,accuracy,100042,0.4579,1,2.8197302661418915,42.84222190827131,10,2.8197302661418915,valid,0.45677237878327154,0.5182218229176198,0.4579000000000001,100042
RS,0.46175,537,537,random,TINYIMAGENET,882,main_b1000_tinyimagenet_alexnet_RS_kp75_seed42,0.75,0.44895,False,0.75,alexnet,0.75,TINYIMAGENET_alexnet_RS_accuracy_kp7500_seed42,42,60000,882,42,accuracy,100042,0.44895,1,2.8625369958877562,43.010266959667206,10,2.8625369958877562,valid,0.4480106753976078,0.5058245785536348,0.44894999999999996,100042
RS,0.46175,537,537,random,TINYIMAGENET,883,main_b1000_tinyimagenet_alexnet_RS_kp75_seed42,0.75,0.45085,False,0.75,alexnet,0.75,TINYIMAGENET_alexnet_RS_accuracy_kp7500_seed42,42,60000,883,42,accuracy,100042,0.45085,1,2.8651530106544496,42.93550681322813,10,2.8651530106544496,valid,0.44887990821452034,0.5113332086192146,0.45085000000000003,100042
RS,0.46175,537,537,random,TINYIMAGENET,884,main_b1000_tinyimagenet_alexnet_RS_kp75_seed42,0.75,0.45495,False,0.75,alexnet,0.75,TINYIMAGENET_alexnet_RS_accuracy_kp7500_seed42,42,60000,884,42,accuracy,100042,0.45495,1,2.8542911551475525,42.38221104443073,10,2.8542911551475525,valid,0.45237597719026146,0.5099522724169957,0.45495,100042
RS,0.46175,537,537,random,TINYIMAGENET,885,main_b1000_tinyimagenet_alexnet_RS_kp75_seed42,0.75,0.4529,False,0.75,alexnet,0.75,TINYIMAGENET_alexnet_RS_accuracy_kp7500_seed42,42,60000,885,42,accuracy,100042,0.4529,1,2.872286435842514,42.945035204291344,10,2.872286435842514,valid,0.45014732159420207,0.5123660723639322,0.45289999999999997,100042
RS,0.46175,537,537,random,TINYIMAGENET,886,main_b1000_tinyimagenet_alexnet_RS_kp75_seed42,0.75,0.4466,False,0.75,alexnet,0.75,TINYIMAGENET_alexnet_RS_accuracy_kp7500_seed42,42,60000,886,42,accuracy,100042,0.4466,1,2.8668618686199188,42.96806374937296,10,2.8668618686199188,valid,0.4467979752906638,0.5080632854127017,0.44660000000000005,100042
RS,0.46175,537,537,random,TINYIMAGENET,887,main_b1000_tinyimagenet_alexnet_RS_kp75_seed42,0.75,0.4476,False,0.75,alexnet,0.75,TINYIMAGENET_alexnet_RS_accuracy_kp7500_seed42,42,60000,887,42,accuracy,100042,0.4476,1,2.916825492811203,42.811263144016266,10,2.916825492811203,valid,0.44643193278243176,0.5169668896970491,0.44760000000000005,100042
RS,0.46175,537,537,random,TINYIMAGENET,888,main_b1000_tinyimagenet_alexnet_RS_kp75_seed42,0.75,0.4489,False,0.75,alexnet,0.75,TINYIMAGENET_alexnet_RS_accuracy_kp7500_seed42,42,60000,888,42,accuracy,100042,0.4489,1,2.867120969247818,42.525897435843945,10,2.867120969247818,valid,0.449453485626816,0.5112078405698619,0.4489,100042
RS,0.46175,537,537,random,TINYIMAGENET,889,main_b1000_tinyimagenet_alexnet_RS_kp75_seed42,0.75,0.4573,False,0.75,alexnet,0.75,TINYIMAGENET_alexnet_RS_accuracy_kp7500_seed42,42,60000,889,42,accuracy,100042,0.4573,1,2.787731614923477,43.01450149714947,10,2.787731614923477,valid,0.45639452720107715,0.503741207521919,0.45730000000000004,100042
RS,0.46175,537,537,random,TINYIMAGENET,890,main_b1000_tinyimagenet_alexnet_RS_kp75_seed42,0.75,0.44315,False,0.75,alexnet,0.75,TINYIMAGENET_alexnet_RS_accuracy_kp7500_seed42,42,60000,890,42,accuracy,100042,0.44315,1,2.899291415166855,42.937701001763344,10,2.899291415166855,valid,0.44626686629112766,0.5168942129997307,0.44315,100042
RS,0.46175,537,537,random,TINYIMAGENET,891,main_b1000_tinyimagenet_alexnet_RS_kp75_seed42,0.75,0.45205,False,0.75,alexnet,0.75,TINYIMAGENET_alexnet_RS_accuracy_kp7500_seed42,42,60000,891,42,accuracy,100042,0.45205,1,2.8316990581035615,42.51265402138233,10,2.8316990581035615,valid,0.44868151540941,0.5039403649485914,0.45205,100042
RS,0.46175,537,537,random,TINYIMAGENET,892,main_b1000_tinyimagenet_alexnet_RS_kp75_seed42,0.75,0.4524,False,0.75,alexnet,0.75,TINYIMAGENET_alexnet_RS_accuracy_kp7500_seed42,42,60000,892,42,accuracy,100042,0.4524,1,2.872486952662468,42.81917181611061,10,2.872486952662468,valid,0.45283467651715975,0.5129390087081568,0.4524000000000001,100042
RS,0.46175,537,537,random,TINYIMAGENET,893,main_b1000_tinyimagenet_alexnet_RS_kp75_seed42,0.75,0.4493,False,0.75,alexnet,0.75,TINYIMAGENET_alexnet_RS_accuracy_kp7500_seed42,42,60000,893,42,accuracy,100042,0.4493,1,2.8745715724468233,42.916928984224796,10,2.8745715724468233,valid,0.4514427517566027,0.5158559179126384,0.4493000000000001,100042
RS,0.46175,537,537,random,TINYIMAGENET,894,main_b1000_tinyimagenet_alexnet_RS_kp75_seed42,0.75,0.45145,False,0.75,alexnet,0.75,TINYIMAGENET_alexnet_RS_accuracy_kp7500_seed42,42,60000,894,42,accuracy,100042,0.45145,1,2.8551454628944395,43.03237920254469,10,2.8551454628944395,valid,0.44927942958944556,0.5086338762150107,0.45145,100042
RS,0.46175,537,537,random,TINYIMAGENET,895,main_b1000_tinyimagenet_alexnet_RS_kp75_seed42,0.75,0.44675,False,0.75,alexnet,0.75,TINYIMAGENET_alexnet_RS_accuracy_kp7500_seed42,42,60000,895,42,accuracy,100042,0.44675,1,2.914568822860718,42.38641107827425,10,2.914568822860718,valid,0.4458971892947375,0.5141049165670976,0.44675,100042
RS,0.46175,537,537,random,TINYIMAGENET,896,main_b1000_tinyimagenet_alexnet_RS_kp75_seed42,0.75,0.4496,False,0.75,alexnet,0.75,TINYIMAGENET_alexnet_RS_accuracy_kp7500_seed42,42,60000,896,42,accuracy,100042,0.4496,1,2.8423906616687775,42.951718017458916,10,2.8423906616687775,valid,0.4512395362764702,0.5131608198761066,0.44960000000000006,100042
RS,0.46175,537,537,random,TINYIMAGENET,897,main_b1000_tinyimagenet_alexnet_RS_kp75_seed42,0.75,0.44685,False,0.75,alexnet,0.75,TINYIMAGENET_alexnet_RS_accuracy_kp7500_seed42,42,60000,897,42,accuracy,100042,0.44685,1,2.8836952310085295,42.951337821781635,10,2.8836952310085295,valid,0.44736552782556416,0.5061925464895434,0.44685,100042
RS,0.46175,537,537,random,TINYIMAGENET,898,main_b1000_tinyimagenet_alexnet_RS_kp75_seed42,0.75,0.45085,False,0.75,alexnet,0.75,TINYIMAGENET_alexnet_RS_accuracy_kp7500_seed42,42,60000,898,42,accuracy,100042,0.45085,1,2.8600983729839324,43.160336285829544,10,2.8600983729839324,valid,0.4521811860015931,0.5120571356273951,0.45085000000000003,100042
RS,0.46175,537,537,random,TINYIMAGENET,899,main_b1000_tinyimagenet_alexnet_RS_kp75_seed42,0.75,0.4483,False,0.75,alexnet,0.75,TINYIMAGENET_alexnet_RS_accuracy_kp7500_seed42,42,60000,899,42,accuracy,100042,0.4483,1,2.8756638104915617,42.45572502911091,10,2.8756638104915617,valid,0.44759486402414433,0.5067965761702267,0.44830000000000003,100042
RS,0.46175,537,537,random,TINYIMAGENET,900,main_b1000_tinyimagenet_alexnet_RS_kp75_seed42,0.75,0.44405,False,0.75,alexnet,0.75,TINYIMAGENET_alexnet_RS_accuracy_kp7500_seed42,42,60000,900,42,accuracy,100042,0.44405,1,2.907126397180557,42.905645810067654,10,2.907126397180557,valid,0.4433732028212694,0.5093805021753014,0.44405,100042
RS,0.46175,537,537,random,TINYIMAGENET,901,main_b1000_tinyimagenet_alexnet_RS_kp75_seed42,0.75,0.44965,False,0.75,alexnet,0.75,TINYIMAGENET_alexnet_RS_accuracy_kp7500_seed42,42,60000,901,42,accuracy,100042,0.44965,1,2.8177773478507997,43.091502606868744,10,2.8177773478507997,valid,0.4457850432920674,0.49543188886737083,0.44965000000000005,100042
RS,0.46175,537,537,random,TINYIMAGENET,902,main_b1000_tinyimagenet_alexnet_RS_kp75_seed42,0.75,0.45135,False,0.75,alexnet,0.75,TINYIMAGENET_alexnet_RS_accuracy_kp7500_seed42,42,60000,902,42,accuracy,100042,0.45135,1,2.8459251701831816,42.82305634021759,10,2.8459251701831816,valid,0.45162152025189284,0.502972353470621,0.45135,100042
RS,0.46175,537,537,random,TINYIMAGENET,903,main_b1000_tinyimagenet_alexnet_RS_kp75_seed42,0.75,0.44555,False,0.75,alexnet,0.75,TINYIMAGENET_alexnet_RS_accuracy_kp7500_seed42,42,60000,903,42,accuracy,100042,0.44555,1,2.8756520610332488,42.674850925803185,10,2.8756520610332488,valid,0.4447315318601474,0.506269333968408,0.44555,100042
RS,0.46175,537,537,random,TINYIMAGENET,904,main_b1000_tinyimagenet_alexnet_RS_kp75_seed42,0.75,0.4519,False,0.75,alexnet,0.75,TINYIMAGENET_alexnet_RS_accuracy_kp7500_seed42,42,60000,904,42,accuracy,100042,0.4519,1,2.841454971027374,43.02036805450916,10,2.841454971027374,valid,0.4508788286411042,0.5124362264537653,0.45189999999999997,100042
RS,0.46175,537,537,random,TINYIMAGENET,905,main_b1000_tinyimagenet_alexnet_RS_kp75_seed42,0.75,0.44965,False,0.75,alexnet,0.75,TINYIMAGENET_alexnet_RS_accuracy_kp7500_seed42,42,60000,905,42,accuracy,100042,0.44965,1,2.8721105350971223,42.98935130983591,10,2.8721105350971223,valid,0.4509252444328506,0.5167456253371633,0.44965000000000005,100042
RS,0.46175,537,537,random,TINYIMAGENET,906,main_b1000_tinyimagenet_alexnet_RS_kp75_seed42,0.75,0.44535,False,0.75,alexnet,0.75,TINYIMAGENET_alexnet_RS_accuracy_kp7500_seed42,42,60000,906,42,accuracy,100042,0.44535,1,2.8635912116527558,42.46277093887329,10,2.8635912116527558,valid,0.4444776110154661,0.502078794607295,0.44534999999999997,100042
RS,0.46175,537,537,random,TINYIMAGENET,907,main_b1000_tinyimagenet_alexnet_RS_kp75_seed42,0.75,0.45145,False,0.75,alexnet,0.75,TINYIMAGENET_alexnet_RS_accuracy_kp7500_seed42,42,60000,907,42,accuracy,100042,0.45145,1,2.839398290395737,42.871536150574684,10,2.839398290395737,valid,0.44940680228113605,0.5008936986355139,0.45144999999999996,100042
RS,0.46175,537,537,random,TINYIMAGENET,908,main_b1000_tinyimagenet_alexnet_RS_kp75_seed42,0.75,0.4489,False,0.75,alexnet,0.75,TINYIMAGENET_alexnet_RS_accuracy_kp7500_seed42,42,60000,908,42,accuracy,100042,0.4489,1,2.8575357273101805,42.973574467003345,10,2.8575357273101805,valid,0.45022825877016887,0.5125570563116063,0.4489,100042
RS,0.46175,537,537,random,TINYIMAGENET,909,main_b1000_tinyimagenet_alexnet_RS_kp75_seed42,0.75,0.4505,False,0.75,alexnet,0.75,TINYIMAGENET_alexnet_RS_accuracy_kp7500_seed42,42,60000,909,42,accuracy,100042,0.4505,1,2.842342455434799,42.96449223160744,10,2.842342455434799,valid,0.44963328672216835,0.5037255578118286,0.45049999999999996,100042
RS,0.46175,537,537,random,TINYIMAGENET,910,main_b1000_tinyimagenet_alexnet_RS_kp75_seed42,0.75,0.45155,False,0.75,alexnet,0.75,TINYIMAGENET_alexnet_RS_accuracy_kp7500_seed42,42,60000,910,42,accuracy,100042,0.45155,1,2.849724787902832,42.37310066074133,10,2.849724787902832,valid,0.451155929775808,0.5103401723479027,0.45155,100042
RS,0.46175,537,537,random,TINYIMAGENET,911,main_b1000_tinyimagenet_alexnet_RS_kp75_seed42,0.75,0.44935,False,0.75,alexnet,0.75,TINYIMAGENET_alexnet_RS_accuracy_kp7500_seed42,42,60000,911,42,accuracy,100042,0.44935,1,2.8353879326820373,42.89077612012625,10,2.8353879326820373,valid,0.4492960766199918,0.5025780315187057,0.44935,100042
RS,0.46175,537,537,random,TINYIMAGENET,912,main_b1000_tinyimagenet_alexnet_RS_kp75_seed42,0.75,0.4493,False,0.75,alexnet,0.75,TINYIMAGENET_alexnet_RS_accuracy_kp7500_seed42,42,60000,912,42,accuracy,100042,0.4493,1,2.8442816774845125,42.91523304581642,10,2.8442816774845125,valid,0.4487744306625001,0.5089117459369408,0.4492999999999999,100042
RS,0.46175,537,537,random,TINYIMAGENET,913,main_b1000_tinyimagenet_alexnet_RS_kp75_seed42,0.75,0.44265,False,0.75,alexnet,0.75,TINYIMAGENET_alexnet_RS_accuracy_kp7500_seed42,42,60000,913,42,accuracy,100042,0.44265,1,2.930955017185211,42.88183952867985,10,2.930955017185211,valid,0.43664813303805955,0.5085335488884095,0.44265,100042
RS,0.46175,537,537,random,TINYIMAGENET,914,main_b1000_tinyimagenet_alexnet_RS_kp75_seed42,0.75,0.4527,False,0.75,alexnet,0.75,TINYIMAGENET_alexnet_RS_accuracy_kp7500_seed42,42,60000,914,42,accuracy,100042,0.4527,1,2.8394287603378294,42.59215119481087,10,2.8394287603378294,valid,0.4522838640264344,0.5090204553225041,0.45270000000000005,100042
RS,0.46175,537,537,random,TINYIMAGENET,915,main_b1000_tinyimagenet_alexnet_RS_kp75_seed42,0.75,0.45605,False,0.75,alexnet,0.75,TINYIMAGENET_alexnet_RS_accuracy_kp7500_seed42,42,60000,915,42,accuracy,100042,0.45605,1,2.8314754908561706,42.993950843811035,10,2.8314754908561706,valid,0.4533087168775401,0.5065095895419919,0.45605000000000007,100042
RS,0.46175,537,537,random,TINYIMAGENET,916,main_b1000_tinyimagenet_alexnet_RS_kp75_seed42,0.75,0.4503,False,0.75,alexnet,0.75,TINYIMAGENET_alexnet_RS_accuracy_kp7500_seed42,42,60000,916,42,accuracy,100042,0.4503,1,2.8509312501430513,42.9400864392519,10,2.8509312501430513,valid,0.450587744939879,0.5102848803345152,0.45030000000000003,100042
RS,0.46175,537,537,random,TINYIMAGENET,917,main_b1000_tinyimagenet_alexnet_RS_kp75_seed42,0.75,0.44675,False,0.75,alexnet,0.75,TINYIMAGENET_alexnet_RS_accuracy_kp7500_seed42,42,60000,917,42,accuracy,100042,0.44675,1,2.879290137720108,42.38728425651789,10,2.879290137720108,valid,0.4430191926890001,0.5018087295723848,0.44675,100042
RS,0.46175,537,537,random,TINYIMAGENET,918,main_b1000_tinyimagenet_alexnet_RS_kp75_seed42,0.75,0.4458,False,0.75,alexnet,0.75,TINYIMAGENET_alexnet_RS_accuracy_kp7500_seed42,42,60000,918,42,accuracy,100042,0.4458,1,2.8673163794517516,42.927078023552895,10,2.8673163794517516,valid,0.4452185198800076,0.505927800082796,0.44580000000000003,100042
RS,0.46175,537,537,random,TINYIMAGENET,919,main_b1000_tinyimagenet_alexnet_RS_kp75_seed42,0.75,0.45855,False,0.75,alexnet,0.75,TINYIMAGENET_alexnet_RS_accuracy_kp7500_seed42,42,60000,919,42,accuracy,100042,0.45855,1,2.79426914331913,43.00058424472809,10,2.79426914331913,valid,0.46026131572058077,0.5116535058501851,0.45855,100042
RS,0.46175,537,537,random,TINYIMAGENET,920,main_b1000_tinyimagenet_alexnet_RS_kp75_seed42,0.75,0.44695,False,0.75,alexnet,0.75,TINYIMAGENET_alexnet_RS_accuracy_kp7500_seed42,42,60000,920,42,accuracy,100042,0.44695,1,2.8411880348682406,42.97077974677086,10,2.8411880348682406,valid,0.44663104455590213,0.5035748153163025,0.44695,100042
RS,0.46175,537,537,random,TINYIMAGENET,921,main_b1000_tinyimagenet_alexnet_RS_kp75_seed42,0.75,0.45455,False,0.75,alexnet,0.75,TINYIMAGENET_alexnet_RS_accuracy_kp7500_seed42,42,60000,921,42,accuracy,100042,0.45455,1,2.831434969329834,42.42634417116642,10,2.831434969329834,valid,0.4562237933735906,0.5161748940775809,0.45455,100042
RS,0.46175,537,537,random,TINYIMAGENET,922,main_b1000_tinyimagenet_alexnet_RS_kp75_seed42,0.75,0.4479,False,0.75,alexnet,0.75,TINYIMAGENET_alexnet_RS_accuracy_kp7500_seed42,42,60000,922,42,accuracy,100042,0.4479,1,2.865242568254471,42.897691644728184,10,2.865242568254471,valid,0.45098153361605525,0.5118842158918591,0.44789999999999996,100042
RS,0.46175,537,537,random,TINYIMAGENET,923,main_b1000_tinyimagenet_alexnet_RS_kp75_seed42,0.75,0.4539,False,0.75,alexnet,0.75,TINYIMAGENET_alexnet_RS_accuracy_kp7500_seed42,42,60000,923,42,accuracy,100042,0.4539,1,2.8324515978336335,43.03618039190769,10,2.8324515978336335,valid,0.4514679145843016,0.5082635248847953,0.4539,100042
RS,0.46175,537,537,random,TINYIMAGENET,924,main_b1000_tinyimagenet_alexnet_RS_kp75_seed42,0.75,0.4547,False,0.75,alexnet,0.75,TINYIMAGENET_alexnet_RS_accuracy_kp7500_seed42,42,60000,924,42,accuracy,100042,0.4547,1,2.8190593240499497,42.72955060005188,10,2.8190593240499497,valid,0.4535637706992091,0.5093196933056434,0.4547,100042
RS,0.46175,537,537,random,TINYIMAGENET,925,main_b1000_tinyimagenet_alexnet_RS_kp75_seed42,0.75,0.4485,False,0.75,alexnet,0.75,TINYIMAGENET_alexnet_RS_accuracy_kp7500_seed42,42,60000,925,42,accuracy,100042,0.4485,1,2.879379171228409,42.58705148845911,10,2.879379171228409,valid,0.44418401141800545,0.5107874861393479,0.4485,100042
RS,0.46175,537,537,random,TINYIMAGENET,926,main_b1000_tinyimagenet_alexnet_RS_kp75_seed42,0.75,0.4574,False,0.75,alexnet,0.75,TINYIMAGENET_alexnet_RS_accuracy_kp7500_seed42,42,60000,926,42,accuracy,100042,0.4574,1,2.808056177139282,42.98844562470913,10,2.808056177139282,valid,0.45503540232012246,0.5003568486895189,0.45740000000000003,100042
RS,0.46175,537,537,random,TINYIMAGENET,927,main_b1000_tinyimagenet_alexnet_RS_kp75_seed42,0.75,0.45545,False,0.75,alexnet,0.75,TINYIMAGENET_alexnet_RS_accuracy_kp7500_seed42,42,60000,927,42,accuracy,100042,0.45545,1,2.8160436829090116,43.073341734707355,10,2.8160436829090116,valid,0.4533880320685189,0.5091531028791348,0.45545,100042
RS,0.46175,537,537,random,TINYIMAGENET,928,main_b1000_tinyimagenet_alexnet_RS_kp75_seed42,0.75,0.4458,False,0.75,alexnet,0.75,TINYIMAGENET_alexnet_RS_accuracy_kp7500_seed42,42,60000,928,42,accuracy,100042,0.4458,1,2.8498355197429657,42.91825304180384,10,2.8498355197429657,valid,0.4476776310876059,0.5034331602106709,0.4458,100042
RS,0.46175,537,537,random,TINYIMAGENET,929,main_b1000_tinyimagenet_alexnet_RS_kp75_seed42,0.75,0.4484,False,0.75,alexnet,0.75,TINYIMAGENET_alexnet_RS_accuracy_kp7500_seed42,42,60000,929,42,accuracy,100042,0.4484,1,2.884051867866516,42.90288916230202,10,2.884051867866516,valid,0.44511605455072384,0.5047554352576663,0.4484,100042
RS,0.46175,537,537,random,TINYIMAGENET,930,main_b1000_tinyimagenet_alexnet_RS_kp75_seed42,0.75,0.45275,False,0.75,alexnet,0.75,TINYIMAGENET_alexnet_RS_accuracy_kp7500_seed42,42,60000,930,42,accuracy,100042,0.45275,1,2.8381651104450225,43.01309183239937,10,2.8381651104450225,valid,0.45056707132968815,0.5040986316851186,0.45275000000000004,100042
RS,0.46175,537,537,random,TINYIMAGENET,931,main_b1000_tinyimagenet_alexnet_RS_kp75_seed42,0.75,0.4498,False,0.75,alexnet,0.75,TINYIMAGENET_alexnet_RS_accuracy_kp7500_seed42,42,60000,931,42,accuracy,100042,0.4498,1,2.8634997794628143,42.97274995595217,10,2.8634997794628143,valid,0.448659683267864,0.5059772867797879,0.44980000000000003,100042
RS,0.46175,537,537,random,TINYIMAGENET,932,main_b1000_tinyimagenet_alexnet_RS_kp75_seed42,0.75,0.447,False,0.75,alexnet,0.75,TINYIMAGENET_alexnet_RS_accuracy_kp7500_seed42,42,60000,932,42,accuracy,100042,0.447,1,2.9125799383640287,42.362900234758854,10,2.9125799383640287,valid,0.44637837065049024,0.5090201134924761,0.447,100042
RS,0.46175,537,537,random,TINYIMAGENET,933,main_b1000_tinyimagenet_alexnet_RS_kp75_seed42,0.75,0.4493,False,0.75,alexnet,0.75,TINYIMAGENET_alexnet_RS_accuracy_kp7500_seed42,42,60000,933,42,accuracy,100042,0.4493,1,2.8605167897701262,42.857803761959076,10,2.8605167897701262,valid,0.4478130170201993,0.5051860375573649,0.4493000000000001,100042
RS,0.46175,537,537,random,TINYIMAGENET,934,main_b1000_tinyimagenet_alexnet_RS_kp75_seed42,0.75,0.4546,False,0.75,alexnet,0.75,TINYIMAGENET_alexnet_RS_accuracy_kp7500_seed42,42,60000,934,42,accuracy,100042,0.4546,1,2.8286899685621263,42.988581985235214,10,2.8286899685621263,valid,0.45483793942210105,0.5092172050170818,0.4546,100042
RS,0.46175,537,537,random,TINYIMAGENET,935,main_b1000_tinyimagenet_alexnet_RS_kp75_seed42,0.75,0.45335,False,0.75,alexnet,0.75,TINYIMAGENET_alexnet_RS_accuracy_kp7500_seed42,42,60000,935,42,accuracy,100042,0.45335,1,2.8424496696949006,42.60115519165993,10,2.8424496696949006,valid,0.4513458526088655,0.5064956972833401,0.45335000000000003,100042
RS,0.46175,537,537,random,TINYIMAGENET,936,main_b1000_tinyimagenet_alexnet_RS_kp75_seed42,0.75,0.44765,False,0.75,alexnet,0.75,TINYIMAGENET_alexnet_RS_accuracy_kp7500_seed42,42,60000,936,42,accuracy,100042,0.44765,1,2.872520497560501,42.68930250406265,10,2.872520497560501,valid,0.4460500343952368,0.5074000784716756,0.44765,100042
RS,0.46175,537,537,random,TINYIMAGENET,937,main_b1000_tinyimagenet_alexnet_RS_kp75_seed42,0.75,0.44875,False,0.75,alexnet,0.75,TINYIMAGENET_alexnet_RS_accuracy_kp7500_seed42,42,60000,937,42,accuracy,100042,0.44875,1,2.8585559170722963,43.02048087120056,10,2.8585559170722963,valid,0.4470441406437311,0.5036025772923745,0.44875,100042
RS,0.46175,537,537,random,TINYIMAGENET,938,main_b1000_tinyimagenet_alexnet_RS_kp75_seed42,0.75,0.44985,False,0.75,alexnet,0.75,TINYIMAGENET_alexnet_RS_accuracy_kp7500_seed42,42,60000,938,42,accuracy,100042,0.44985,1,2.8794206176757813,43.001778185367584,10,2.8794206176757813,valid,0.44958485991733793,0.5114483282037725,0.44984999999999997,100042
RS,0.46175,537,537,random,TINYIMAGENET,939,main_b1000_tinyimagenet_alexnet_RS_kp75_seed42,0.75,0.4459,False,0.75,alexnet,0.75,TINYIMAGENET_alexnet_RS_accuracy_kp7500_seed42,42,60000,939,42,accuracy,100042,0.4459,1,2.8470493564605714,42.40510222315788,10,2.8470493564605714,valid,0.4449089224711129,0.5048341944963183,0.4459,100042
RS,0.46175,537,537,random,TINYIMAGENET,940,main_b1000_tinyimagenet_alexnet_RS_kp75_seed42,0.75,0.44285,False,0.75,alexnet,0.75,TINYIMAGENET_alexnet_RS_accuracy_kp7500_seed42,42,60000,940,42,accuracy,100042,0.44285,1,2.9051337224721907,43.00440274178982,10,2.9051337224721907,valid,0.444726975480571,0.5178282564762927,0.44284999999999997,100042
RS,0.46175,537,537,random,TINYIMAGENET,941,main_b1000_tinyimagenet_alexnet_RS_kp75_seed42,0.75,0.44865,False,0.75,alexnet,0.75,TINYIMAGENET_alexnet_RS_accuracy_kp7500_seed42,42,60000,941,42,accuracy,100042,0.44865,1,2.8990576484680175,43.01030692458153,10,2.8990576484680175,valid,0.44737546450677895,0.5068268241145377,0.44865,100042
RS,0.46175,537,537,random,TINYIMAGENET,942,main_b1000_tinyimagenet_alexnet_RS_kp75_seed42,0.75,0.45345,False,0.75,alexnet,0.75,TINYIMAGENET_alexnet_RS_accuracy_kp7500_seed42,42,60000,942,42,accuracy,100042,0.45345,1,2.8315305705070495,43.013774149119854,10,2.8315305705070495,valid,0.45526145720942274,0.5105843013607262,0.45344999999999996,100042
RS,0.46175,537,537,random,TINYIMAGENET,943,main_b1000_tinyimagenet_alexnet_RS_kp75_seed42,0.75,0.4465,False,0.75,alexnet,0.75,TINYIMAGENET_alexnet_RS_accuracy_kp7500_seed42,42,60000,943,42,accuracy,100042,0.4465,1,2.882512549638748,42.434248469769955,10,2.882512549638748,valid,0.44998658164956007,0.511242582400995,0.44650000000000006,100042
RS,0.46175,537,537,random,TINYIMAGENET,944,main_b1000_tinyimagenet_alexnet_RS_kp75_seed42,0.75,0.45005,False,0.75,alexnet,0.75,TINYIMAGENET_alexnet_RS_accuracy_kp7500_seed42,42,60000,944,42,accuracy,100042,0.45005,1,2.847192227983475,42.891926288604736,10,2.847192227983475,valid,0.4491748999515825,0.5064861986928257,0.45004999999999995,100042
RS,0.46175,537,537,random,TINYIMAGENET,945,main_b1000_tinyimagenet_alexnet_RS_kp75_seed42,0.75,0.45635,False,0.75,alexnet,0.75,TINYIMAGENET_alexnet_RS_accuracy_kp7500_seed42,42,60000,945,42,accuracy,100042,0.45635,1,2.7942637778282164,42.9824783205986,10,2.7942637778282164,valid,0.45368188099506357,0.4979821265158488,0.45635000000000003,100042
RS,0.46175,537,537,random,TINYIMAGENET,946,main_b1000_tinyimagenet_alexnet_RS_kp75_seed42,0.75,0.45405,False,0.75,alexnet,0.75,TINYIMAGENET_alexnet_RS_accuracy_kp7500_seed42,42,60000,946,42,accuracy,100042,0.45405,1,2.867847390127182,42.438226737082005,10,2.867847390127182,valid,0.4510999409478177,0.5120591294108976,0.45405,100042
RS,0.46175,537,537,random,TINYIMAGENET,947,main_b1000_tinyimagenet_alexnet_RS_kp75_seed42,0.75,0.45095,False,0.75,alexnet,0.75,TINYIMAGENET_alexnet_RS_accuracy_kp7500_seed42,42,60000,947,42,accuracy,100042,0.45095,1,2.82213351316452,42.78114704787731,10,2.82213351316452,valid,0.4493638135339508,0.4991322603101745,0.45094999999999996,100042
RS,0.46175,537,537,random,TINYIMAGENET,948,main_b1000_tinyimagenet_alexnet_RS_kp75_seed42,0.75,0.45195,False,0.75,alexnet,0.75,TINYIMAGENET_alexnet_RS_accuracy_kp7500_seed42,42,60000,948,42,accuracy,100042,0.45195,1,2.832510531234741,43.06612442433834,10,2.832510531234741,valid,0.45301104763087735,0.5122776782941668,0.45195,100042
RS,0.46175,537,537,random,TINYIMAGENET,949,main_b1000_tinyimagenet_alexnet_RS_kp75_seed42,0.75,0.4481,False,0.75,alexnet,0.75,TINYIMAGENET_alexnet_RS_accuracy_kp7500_seed42,42,60000,949,42,accuracy,100042,0.4481,1,2.9047187543869017,43.02253873646259,10,2.9047187543869017,valid,0.44528178967485177,0.5105323727728236,0.4481,100042
RS,0.46175,537,537,random,TINYIMAGENET,950,main_b1000_tinyimagenet_alexnet_RS_kp75_seed42,0.75,0.45295,False,0.75,alexnet,0.75,TINYIMAGENET_alexnet_RS_accuracy_kp7500_seed42,42,60000,950,42,accuracy,100042,0.45295,1,2.8143925297737122,42.335844688117504,10,2.8143925297737122,valid,0.45302946954505474,0.5113393798924861,0.45295,100042
RS,0.46175,537,537,random,TINYIMAGENET,951,main_b1000_tinyimagenet_alexnet_RS_kp75_seed42,0.75,0.4525,False,0.75,alexnet,0.75,TINYIMAGENET_alexnet_RS_accuracy_kp7500_seed42,42,60000,951,42,accuracy,100042,0.4525,1,2.8177829184055327,42.923877879977226,10,2.8177829184055327,valid,0.45362623079242753,0.504030471280741,0.4525,100042
RS,0.46175,537,537,random,TINYIMAGENET,952,main_b1000_tinyimagenet_alexnet_RS_kp75_seed42,0.75,0.4512,False,0.75,alexnet,0.75,TINYIMAGENET_alexnet_RS_accuracy_kp7500_seed42,42,60000,952,42,accuracy,100042,0.4512,1,2.857296440219879,43.06157723069191,10,2.857296440219879,valid,0.4505950305838433,0.5099234649027775,0.45120000000000005,100042
RS,0.46175,537,537,random,TINYIMAGENET,953,main_b1000_tinyimagenet_alexnet_RS_kp75_seed42,0.75,0.444,False,0.75,alexnet,0.75,TINYIMAGENET_alexnet_RS_accuracy_kp7500_seed42,42,60000,953,42,accuracy,100042,0.444,1,2.908766556930542,43.007755018770695,10,2.908766556930542,valid,0.44486876345638493,0.5123907509314666,0.444,100042
RS,0.46175,537,537,random,TINYIMAGENET,954,main_b1000_tinyimagenet_alexnet_RS_kp75_seed42,0.75,0.44155,False,0.75,alexnet,0.75,TINYIMAGENET_alexnet_RS_accuracy_kp7500_seed42,42,60000,954,42,accuracy,100042,0.44155,1,2.976475628232956,42.357802875339985,10,2.976475628232956,valid,0.4409648566701533,0.510855992069629,0.44155,100042
RS,0.46175,537,537,random,TINYIMAGENET,955,main_b1000_tinyimagenet_alexnet_RS_kp75_seed42,0.75,0.44835,False,0.75,alexnet,0.75,TINYIMAGENET_alexnet_RS_accuracy_kp7500_seed42,42,60000,955,42,accuracy,100042,0.44835,1,2.9045899211883546,42.98194170743227,10,2.9045899211883546,valid,0.44991812277277327,0.5151141494375098,0.44835,100042
RS,0.46175,537,537,random,TINYIMAGENET,956,main_b1000_tinyimagenet_alexnet_RS_kp75_seed42,0.75,0.4335,False,0.75,alexnet,0.75,TINYIMAGENET_alexnet_RS_accuracy_kp7500_seed42,42,60000,956,42,accuracy,100042,0.4335,1,2.95259862947464,43.0283033400774,10,2.95259862947464,valid,0.43809150946703324,0.5095050806229793,0.4335,100042
RS,0.46175,537,537,random,TINYIMAGENET,957,main_b1000_tinyimagenet_alexnet_RS_kp75_seed42,0.75,0.4394,False,0.75,alexnet,0.75,TINYIMAGENET_alexnet_RS_accuracy_kp7500_seed42,42,60000,957,42,accuracy,100042,0.4394,1,2.962051042509079,42.752236023545265,10,2.962051042509079,valid,0.4356541116016291,0.5092188647040574,0.43939999999999996,100042
RS,0.46175,537,537,random,TINYIMAGENET,958,main_b1000_tinyimagenet_alexnet_RS_kp75_seed42,0.75,0.4445,False,0.75,alexnet,0.75,TINYIMAGENET_alexnet_RS_accuracy_kp7500_seed42,42,60000,958,42,accuracy,100042,0.4445,1,2.928567226791382,42.515770860016346,10,2.928567226791382,valid,0.4465569737049346,0.5201295873046269,0.4445,100042
RS,0.46175,537,537,random,TINYIMAGENET,959,main_b1000_tinyimagenet_alexnet_RS_kp75_seed42,0.75,0.44735,False,0.75,alexnet,0.75,TINYIMAGENET_alexnet_RS_accuracy_kp7500_seed42,42,60000,959,42,accuracy,100042,0.44735,1,2.8692220635414123,42.92848373949528,10,2.8692220635414123,valid,0.4477026921808698,0.5059999410536649,0.44734999999999997,100042
RS,0.46175,537,537,random,TINYIMAGENET,960,main_b1000_tinyimagenet_alexnet_RS_kp75_seed42,0.75,0.4542,False,0.75,alexnet,0.75,TINYIMAGENET_alexnet_RS_accuracy_kp7500_seed42,42,60000,960,42,accuracy,100042,0.4542,1,2.84975390791893,42.95147482305765,10,2.84975390791893,valid,0.45462481127134047,0.5164584000486986,0.4542,100042
RS,0.46175,537,537,random,TINYIMAGENET,961,main_b1000_tinyimagenet_alexnet_RS_kp75_seed42,0.75,0.4497,False,0.75,alexnet,0.75,TINYIMAGENET_alexnet_RS_accuracy_kp7500_seed42,42,60000,961,42,accuracy,100042,0.4497,1,2.886989257097244,42.4182054400444,10,2.886989257097244,valid,0.4485942740756475,0.5106438702792606,0.4497,100042
RS,0.46175,537,537,random,TINYIMAGENET,962,main_b1000_tinyimagenet_alexnet_RS_kp75_seed42,0.75,0.45025,False,0.75,alexnet,0.75,TINYIMAGENET_alexnet_RS_accuracy_kp7500_seed42,42,60000,962,42,accuracy,100042,0.45025,1,2.8809449439525605,42.79163421690464,10,2.8809449439525605,valid,0.45040515370076556,0.5139916859230211,0.45025000000000004,100042
RS,0.46175,537,537,random,TINYIMAGENET,963,main_b1000_tinyimagenet_alexnet_RS_kp75_seed42,0.75,0.4518,False,0.75,alexnet,0.75,TINYIMAGENET_alexnet_RS_accuracy_kp7500_seed42,42,60000,963,42,accuracy,100042,0.4518,1,2.856865877866745,42.93006578832865,10,2.856865877866745,valid,0.45151617650957526,0.5088040098165625,0.4518,100042
RS,0.46175,537,537,random,TINYIMAGENET,964,main_b1000_tinyimagenet_alexnet_RS_kp75_seed42,0.75,0.44955,False,0.75,alexnet,0.75,TINYIMAGENET_alexnet_RS_accuracy_kp7500_seed42,42,60000,964,42,accuracy,100042,0.44955,1,2.860744207906723,42.94707815349102,10,2.860744207906723,valid,0.44715754957621456,0.5141967483350863,0.44955,100042
RS,0.46175,537,537,random,TINYIMAGENET,965,main_b1000_tinyimagenet_alexnet_RS_kp75_seed42,0.75,0.4509,False,0.75,alexnet,0.75,TINYIMAGENET_alexnet_RS_accuracy_kp7500_seed42,42,60000,965,42,accuracy,100042,0.4509,1,2.8863831643104554,42.33274371922016,10,2.8863831643104554,valid,0.44835308161088067,0.5119684465585302,0.4509,100042
RS,0.46175,537,537,random,TINYIMAGENET,966,main_b1000_tinyimagenet_alexnet_RS_kp75_seed42,0.75,0.4503,False,0.75,alexnet,0.75,TINYIMAGENET_alexnet_RS_accuracy_kp7500_seed42,42,60000,966,42,accuracy,100042,0.4503,1,2.8602517572402952,42.88170822709799,10,2.8602517572402952,valid,0.4514665669308144,0.5099774858456191,0.45030000000000003,100042
RS,0.46175,537,537,random,TINYIMAGENET,967,main_b1000_tinyimagenet_alexnet_RS_kp75_seed42,0.75,0.44745,False,0.75,alexnet,0.75,TINYIMAGENET_alexnet_RS_accuracy_kp7500_seed42,42,60000,967,42,accuracy,100042,0.44745,1,2.934330575942993,42.952284559607506,10,2.934330575942993,valid,0.4448964906919979,0.5153373263060985,0.44745000000000007,100042
RS,0.46175,537,537,random,TINYIMAGENET,968,main_b1000_tinyimagenet_alexnet_RS_kp75_seed42,0.75,0.45515,False,0.75,alexnet,0.75,TINYIMAGENET_alexnet_RS_accuracy_kp7500_seed42,42,60000,968,42,accuracy,100042,0.45515,1,2.818835919690132,42.855875469744205,10,2.818835919690132,valid,0.4536929256705631,0.5059968641534138,0.45515,100042
RS,0.46175,537,537,random,TINYIMAGENET,969,main_b1000_tinyimagenet_alexnet_RS_kp75_seed42,0.75,0.44155,False,0.75,alexnet,0.75,TINYIMAGENET_alexnet_RS_accuracy_kp7500_seed42,42,60000,969,42,accuracy,100042,0.44155,1,2.889838203954697,42.280626848340034,10,2.889838203954697,valid,0.44156708081632573,0.505533730871323,0.44155,100042
RS,0.46175,537,537,random,TINYIMAGENET,970,main_b1000_tinyimagenet_alexnet_RS_kp75_seed42,0.75,0.44695,False,0.75,alexnet,0.75,TINYIMAGENET_alexnet_RS_accuracy_kp7500_seed42,42,60000,970,42,accuracy,100042,0.44695,1,2.90614830327034,42.8682719245553,10,2.90614830327034,valid,0.44848558689828594,0.5142492136760588,0.44695000000000007,100042
RS,0.46175,537,537,random,TINYIMAGENET,971,main_b1000_tinyimagenet_alexnet_RS_kp75_seed42,0.75,0.44655,False,0.75,alexnet,0.75,TINYIMAGENET_alexnet_RS_accuracy_kp7500_seed42,42,60000,971,42,accuracy,100042,0.44655,1,2.8787952787876128,43.394234254956245,10,2.8787952787876128,valid,0.4464174166898461,0.5110883261708303,0.44655,100042
RS,0.46175,537,537,random,TINYIMAGENET,972,main_b1000_tinyimagenet_alexnet_RS_kp75_seed42,0.75,0.4463,False,0.75,alexnet,0.75,TINYIMAGENET_alexnet_RS_accuracy_kp7500_seed42,42,60000,972,42,accuracy,100042,0.4463,1,2.9134403668403626,42.59342186152935,10,2.9134403668403626,valid,0.447673584958082,0.5194463198257401,0.4463,100042
RS,0.46175,537,537,random,TINYIMAGENET,973,main_b1000_tinyimagenet_alexnet_RS_kp75_seed42,0.75,0.45,False,0.75,alexnet,0.75,TINYIMAGENET_alexnet_RS_accuracy_kp7500_seed42,42,60000,973,42,accuracy,100042,0.45,1,2.855486906194687,42.644803158938885,10,2.855486906194687,valid,0.44785086516564376,0.5078807382295555,0.45,100042
RS,0.46175,537,537,random,TINYIMAGENET,974,main_b1000_tinyimagenet_alexnet_RS_kp75_seed42,0.75,0.45165,False,0.75,alexnet,0.75,TINYIMAGENET_alexnet_RS_accuracy_kp7500_seed42,42,60000,974,42,accuracy,100042,0.45165,1,2.841043974304199,42.897939801216125,10,2.841043974304199,valid,0.44948295346283873,0.5017940604521907,0.45165,100042
RS,0.46175,537,537,random,TINYIMAGENET,975,main_b1000_tinyimagenet_alexnet_RS_kp75_seed42,0.75,0.45695,False,0.75,alexnet,0.75,TINYIMAGENET_alexnet_RS_accuracy_kp7500_seed42,42,60000,975,42,accuracy,100042,0.45695,1,2.7972810136318205,42.89856208860874,10,2.7972810136318205,valid,0.458879514763924,0.5124674773269544,0.45695,100042
RS,0.46175,537,537,random,TINYIMAGENET,976,main_b1000_tinyimagenet_alexnet_RS_kp75_seed42,0.75,0.4508,False,0.75,alexnet,0.75,TINYIMAGENET_alexnet_RS_accuracy_kp7500_seed42,42,60000,976,42,accuracy,100042,0.4508,1,2.8854476838111878,42.32925610989332,10,2.8854476838111878,valid,0.4483737922681143,0.5100543426941211,0.4508,100042
RS,0.46175,537,537,random,TINYIMAGENET,977,main_b1000_tinyimagenet_alexnet_RS_kp75_seed42,0.75,0.44375,False,0.75,alexnet,0.75,TINYIMAGENET_alexnet_RS_accuracy_kp7500_seed42,42,60000,977,42,accuracy,100042,0.44375,1,2.9323065885066986,42.86117430776358,10,2.9323065885066986,valid,0.4440667595692649,0.5101700000506659,0.4437500000000001,100042
RS,0.46175,537,537,random,TINYIMAGENET,978,main_b1000_tinyimagenet_alexnet_RS_kp75_seed42,0.75,0.4541,False,0.75,alexnet,0.75,TINYIMAGENET_alexnet_RS_accuracy_kp7500_seed42,42,60000,978,42,accuracy,100042,0.4541,1,2.8360137345314027,42.94425528496504,10,2.8360137345314027,valid,0.45367654362479853,0.5053593175348096,0.45410000000000006,100042
RS,0.46175,537,537,random,TINYIMAGENET,979,main_b1000_tinyimagenet_alexnet_RS_kp75_seed42,0.75,0.4539,False,0.75,alexnet,0.75,TINYIMAGENET_alexnet_RS_accuracy_kp7500_seed42,42,60000,979,42,accuracy,100042,0.4539,1,2.86455084233284,42.867145359516144,10,2.86455084233284,valid,0.454280317883922,0.5135878807884876,0.4539,100042
RS,0.46175,537,537,random,TINYIMAGENET,980,main_b1000_tinyimagenet_alexnet_RS_kp75_seed42,0.75,0.44965,False,0.75,alexnet,0.75,TINYIMAGENET_alexnet_RS_accuracy_kp7500_seed42,42,60000,980,42,accuracy,100042,0.44965,1,2.893973651123047,42.284790597856045,10,2.893973651123047,valid,0.4494837933428414,0.5098110465827768,0.44964999999999994,100042
RS,0.46175,537,537,random,TINYIMAGENET,981,main_b1000_tinyimagenet_alexnet_RS_kp75_seed42,0.75,0.4527,False,0.75,alexnet,0.75,TINYIMAGENET_alexnet_RS_accuracy_kp7500_seed42,42,60000,981,42,accuracy,100042,0.4527,1,2.8616306760787964,42.80155999958515,10,2.8616306760787964,valid,0.4556629979206713,0.514977982238198,0.45270000000000005,100042
RS,0.46175,537,537,random,TINYIMAGENET,982,main_b1000_tinyimagenet_alexnet_RS_kp75_seed42,0.75,0.4482,False,0.75,alexnet,0.75,TINYIMAGENET_alexnet_RS_accuracy_kp7500_seed42,42,60000,982,42,accuracy,100042,0.4482,1,2.8473297820568084,42.93976804614067,10,2.8473297820568084,valid,0.4505238500322758,0.5086814720561779,0.4482,100042
RS,0.46175,537,537,random,TINYIMAGENET,983,main_b1000_tinyimagenet_alexnet_RS_kp75_seed42,0.75,0.44795,False,0.75,alexnet,0.75,TINYIMAGENET_alexnet_RS_accuracy_kp7500_seed42,42,60000,983,42,accuracy,100042,0.44795,1,2.8442303777694704,42.650319427251816,10,2.8442303777694704,valid,0.4468758546466347,0.5025328140175099,0.44795,100042
RS,0.46175,537,537,random,TINYIMAGENET,984,main_b1000_tinyimagenet_alexnet_RS_kp75_seed42,0.75,0.4494,False,0.75,alexnet,0.75,TINYIMAGENET_alexnet_RS_accuracy_kp7500_seed42,42,60000,984,42,accuracy,100042,0.4494,1,2.8626484291553496,42.53198356926441,10,2.8626484291553496,valid,0.44628248726436553,0.503962475440593,0.44939999999999997,100042
RS,0.46175,537,537,random,TINYIMAGENET,985,main_b1000_tinyimagenet_alexnet_RS_kp75_seed42,0.75,0.4485,False,0.75,alexnet,0.75,TINYIMAGENET_alexnet_RS_accuracy_kp7500_seed42,42,60000,985,42,accuracy,100042,0.4485,1,2.8817608603239058,42.90705366432667,10,2.8817608603239058,valid,0.4473475257056586,0.5041853209321948,0.44850000000000007,100042
RS,0.46175,537,537,random,TINYIMAGENET,986,main_b1000_tinyimagenet_alexnet_RS_kp75_seed42,0.75,0.4498,False,0.75,alexnet,0.75,TINYIMAGENET_alexnet_RS_accuracy_kp7500_seed42,42,60000,986,42,accuracy,100042,0.4498,1,2.849700952768326,42.89929369837046,10,2.849700952768326,valid,0.44846262873943227,0.5074505553768823,0.44980000000000003,100042
RS,0.46175,537,537,random,TINYIMAGENET,987,main_b1000_tinyimagenet_alexnet_RS_kp75_seed42,0.75,0.4562,False,0.75,alexnet,0.75,TINYIMAGENET_alexnet_RS_accuracy_kp7500_seed42,42,60000,987,42,accuracy,100042,0.4562,1,2.8250009712696076,42.38499424606562,10,2.8250009712696076,valid,0.45731483479831686,0.5135038240998709,0.45620000000000005,100042
RS,0.46175,537,537,random,TINYIMAGENET,988,main_b1000_tinyimagenet_alexnet_RS_kp75_seed42,0.75,0.45385,False,0.75,alexnet,0.75,TINYIMAGENET_alexnet_RS_accuracy_kp7500_seed42,42,60000,988,42,accuracy,100042,0.45385,1,2.831854795598984,42.83594024181366,10,2.831854795598984,valid,0.45141688319251827,0.5097412330742493,0.45385000000000003,100042
RS,0.46175,537,537,random,TINYIMAGENET,989,main_b1000_tinyimagenet_alexnet_RS_kp75_seed42,0.75,0.45255,False,0.75,alexnet,0.75,TINYIMAGENET_alexnet_RS_accuracy_kp7500_seed42,42,60000,989,42,accuracy,100042,0.45255,1,2.839039848423004,43.01493778824806,10,2.839039848423004,valid,0.4539630393326482,0.5113886479237121,0.45254999999999995,100042
RS,0.46175,537,537,random,TINYIMAGENET,990,main_b1000_tinyimagenet_alexnet_RS_kp75_seed42,0.75,0.4532,False,0.75,alexnet,0.75,TINYIMAGENET_alexnet_RS_accuracy_kp7500_seed42,42,60000,990,42,accuracy,100042,0.4532,1,2.855845520210266,43.011770501732826,10,2.855845520210266,valid,0.4521834654039128,0.5127130760747203,0.45320000000000005,100042
RS,0.46175,537,537,random,TINYIMAGENET,991,main_b1000_tinyimagenet_alexnet_RS_kp75_seed42,0.75,0.4482,False,0.75,alexnet,0.75,TINYIMAGENET_alexnet_RS_accuracy_kp7500_seed42,42,60000,991,42,accuracy,100042,0.4482,1,2.856815060329437,42.3489488363266,10,2.856815060329437,valid,0.4472093151864594,0.5059573884553241,0.44819999999999993,100042
RS,0.46175,537,537,random,TINYIMAGENET,992,main_b1000_tinyimagenet_alexnet_RS_kp75_seed42,0.75,0.44925,False,0.75,alexnet,0.75,TINYIMAGENET_alexnet_RS_accuracy_kp7500_seed42,42,60000,992,42,accuracy,100042,0.44925,1,2.860356836462021,42.98052552342415,10,2.860356836462021,valid,0.4486525900328608,0.505616266175919,0.44925,100042
RS,0.46175,537,537,random,TINYIMAGENET,993,main_b1000_tinyimagenet_alexnet_RS_kp75_seed42,0.75,0.45015,False,0.75,alexnet,0.75,TINYIMAGENET_alexnet_RS_accuracy_kp7500_seed42,42,60000,993,42,accuracy,100042,0.45015,1,2.8500842644214632,42.91573767364025,10,2.8500842644214632,valid,0.4480304561855643,0.5050249173993105,0.45015,100042
RS,0.46175,537,537,random,TINYIMAGENET,994,main_b1000_tinyimagenet_alexnet_RS_kp75_seed42,0.75,0.4447,False,0.75,alexnet,0.75,TINYIMAGENET_alexnet_RS_accuracy_kp7500_seed42,42,60000,994,42,accuracy,100042,0.4447,1,2.874744034910202,42.553389221429825,10,2.874744034910202,valid,0.4455822747534778,0.5065717593547977,0.4447,100042
RS,0.46175,537,537,random,TINYIMAGENET,995,main_b1000_tinyimagenet_alexnet_RS_kp75_seed42,0.75,0.4475,False,0.75,alexnet,0.75,TINYIMAGENET_alexnet_RS_accuracy_kp7500_seed42,42,60000,995,42,accuracy,100042,0.4475,1,2.863558050298691,42.540138237178326,10,2.863558050298691,valid,0.44467475734360407,0.4971867469628431,0.4475,100042
RS,0.46175,537,537,random,TINYIMAGENET,996,main_b1000_tinyimagenet_alexnet_RS_kp75_seed42,0.75,0.4394,False,0.75,alexnet,0.75,TINYIMAGENET_alexnet_RS_accuracy_kp7500_seed42,42,60000,996,42,accuracy,100042,0.4394,1,2.913246133375168,42.878073401749134,10,2.913246133375168,valid,0.4381325246773116,0.5062719393945714,0.43939999999999996,100042
RS,0.46175,537,537,random,TINYIMAGENET,997,main_b1000_tinyimagenet_alexnet_RS_kp75_seed42,0.75,0.4421,False,0.75,alexnet,0.75,TINYIMAGENET_alexnet_RS_accuracy_kp7500_seed42,42,60000,997,42,accuracy,100042,0.4421,1,2.9178042340278627,42.86767564713955,10,2.9178042340278627,valid,0.4411588239195959,0.5071642104969158,0.4421,100042
RS,0.46175,537,537,random,TINYIMAGENET,998,main_b1000_tinyimagenet_alexnet_RS_kp75_seed42,0.75,0.4464,False,0.75,alexnet,0.75,TINYIMAGENET_alexnet_RS_accuracy_kp7500_seed42,42,60000,998,42,accuracy,100042,0.4464,1,2.8771043605566025,42.40117107331753,10,2.8771043605566025,valid,0.4456072547292294,0.5042857979798554,0.4464,100042
RS,0.46175,537,537,random,TINYIMAGENET,999,main_b1000_tinyimagenet_alexnet_RS_kp75_seed42,0.75,0.45335,False,0.75,alexnet,0.75,TINYIMAGENET_alexnet_RS_accuracy_kp7500_seed42,42,60000,999,42,accuracy,100042,0.45335,1,2.8626589368820192,42.80022191256285,10,2.8626589368820192,valid,0.4504520131624142,0.5048112105647165,0.4533499999999999,100042
RS,0.46175,537,537,random,TINYIMAGENET,1000,main_b1000_tinyimagenet_alexnet_RS_kp75_seed42,0.75,0.4543,False,0.75,alexnet,0.75,TINYIMAGENET_alexnet_RS_accuracy_kp7500_seed42,42,60000,1000,42,accuracy,100042,0.4543,1,2.866276607131958,42.87232495099306,10,2.866276607131958,valid,0.45220488396140424,0.5098977259946714,0.4543,100042
