Algorithm,Best Fitness,Best Found At Evaluation,Best Solution ID,Candidate Type,Dataset,Evaluation,Experiment Name,Final Percentage,Fitness,Improved Best,Initial Percentage,Model,Requested Keep Percentage,Run ID,Search Seed,Selected Instances,Solution ID,Split Seed,Target Metric,Training Seed,accuracy,best_epoch,best_validation_loss,candidate_duration_seconds,epochs_trained,evaluation_loss,evaluation_split,f1,precision,recall,training_seed
RS,0.7766,1,1,random,CIFAR10,1,main_b1000_cifar10_alexnet_RS_kp10_seed123,0.1,0.7766,True,0.1,alexnet,0.1,CIFAR10_alexnet_RS_accuracy_kp1000_seed123,123,4000,1,42,accuracy,100123,0.7766,5,0.6514979823112488,6.564724490046501,10,0.6514979823112488,valid,0.7768525072466461,0.7809692093118061,0.7766,100123
RS,0.782,2,2,random,CIFAR10,2,main_b1000_cifar10_alexnet_RS_kp10_seed123,0.1,0.782,True,0.1,alexnet,0.1,CIFAR10_alexnet_RS_accuracy_kp1000_seed123,123,4000,2,42,accuracy,100123,0.782,4,0.6501776435375214,5.765217863023281,10,0.6501776435375214,valid,0.7815739359067956,0.7829224389604423,0.7819999999999999,100123
RS,0.782,2,2,random,CIFAR10,3,main_b1000_cifar10_alexnet_RS_kp10_seed123,0.1,0.7765,False,0.1,alexnet,0.1,CIFAR10_alexnet_RS_accuracy_kp1000_seed123,123,4000,3,42,accuracy,100123,0.7765,5,0.6546511694431305,5.713061206042767,10,0.6546511694431305,valid,0.7765975103141137,0.7776567699109111,0.7765000000000001,100123
RS,0.782,2,2,random,CIFAR10,4,main_b1000_cifar10_alexnet_RS_kp10_seed123,0.1,0.7739,False,0.1,alexnet,0.1,CIFAR10_alexnet_RS_accuracy_kp1000_seed123,123,4000,4,42,accuracy,100123,0.7739,3,0.6592027346134186,5.758276008069515,10,0.6592027346134186,valid,0.7737609997834562,0.7756919424949673,0.7739,100123
RS,0.782,2,2,random,CIFAR10,5,main_b1000_cifar10_alexnet_RS_kp10_seed123,0.1,0.7742,False,0.1,alexnet,0.1,CIFAR10_alexnet_RS_accuracy_kp1000_seed123,123,4000,5,42,accuracy,100123,0.7742,4,0.659426616191864,5.736872039735317,10,0.659426616191864,valid,0.7737893336528866,0.7749625528583719,0.7742,100123
RS,0.782,2,2,random,CIFAR10,6,main_b1000_cifar10_alexnet_RS_kp10_seed123,0.1,0.7678,False,0.1,alexnet,0.1,CIFAR10_alexnet_RS_accuracy_kp1000_seed123,123,4000,6,42,accuracy,100123,0.7678,3,0.6587653245925903,5.735863134264946,10,0.6587653245925903,valid,0.7692874718063392,0.7801364697587999,0.7678,100123
RS,0.782,2,2,random,CIFAR10,7,main_b1000_cifar10_alexnet_RS_kp10_seed123,0.1,0.7762,False,0.1,alexnet,0.1,CIFAR10_alexnet_RS_accuracy_kp1000_seed123,123,4000,7,42,accuracy,100123,0.7762,4,0.6503065898895264,5.689219802618027,10,0.6503065898895264,valid,0.7765376803187167,0.7785115919023892,0.7762,100123
RS,0.782,2,2,random,CIFAR10,8,main_b1000_cifar10_alexnet_RS_kp10_seed123,0.1,0.7734,False,0.1,alexnet,0.1,CIFAR10_alexnet_RS_accuracy_kp1000_seed123,123,4000,8,42,accuracy,100123,0.7734,4,0.6514965599536896,5.693851888179779,10,0.6514965599536896,valid,0.7721511946455131,0.7753075664619127,0.7734,100123
RS,0.782,2,2,random,CIFAR10,9,main_b1000_cifar10_alexnet_RS_kp10_seed123,0.1,0.7719,False,0.1,alexnet,0.1,CIFAR10_alexnet_RS_accuracy_kp1000_seed123,123,4000,9,42,accuracy,100123,0.7719,3,0.6537741181850434,5.703499339520931,10,0.6537741181850434,valid,0.7719041275615712,0.7736084408765869,0.7719,100123
RS,0.782,2,2,random,CIFAR10,10,main_b1000_cifar10_alexnet_RS_kp10_seed123,0.1,0.7683,False,0.1,alexnet,0.1,CIFAR10_alexnet_RS_accuracy_kp1000_seed123,123,4000,10,42,accuracy,100123,0.7683,3,0.6624465411663055,5.624203726649284,10,0.6624465411663055,valid,0.7684599569332788,0.7721618782953946,0.7683,100123
RS,0.782,2,2,random,CIFAR10,11,main_b1000_cifar10_alexnet_RS_kp10_seed123,0.1,0.7559,False,0.1,alexnet,0.1,CIFAR10_alexnet_RS_accuracy_kp1000_seed123,123,4000,11,42,accuracy,100123,0.7559,3,0.7000598522186279,5.6139626279473305,10,0.7000598522186279,valid,0.7574001295268691,0.7702902745122127,0.7559000000000001,100123
RS,0.782,2,2,random,CIFAR10,12,main_b1000_cifar10_alexnet_RS_kp10_seed123,0.1,0.77,False,0.1,alexnet,0.1,CIFAR10_alexnet_RS_accuracy_kp1000_seed123,123,4000,12,42,accuracy,100123,0.77,6,0.6848240679264068,5.636238567531109,10,0.6848240679264068,valid,0.770751615144422,0.775042481822019,0.7699999999999999,100123
RS,0.782,2,2,random,CIFAR10,13,main_b1000_cifar10_alexnet_RS_kp10_seed123,0.1,0.7775,False,0.1,alexnet,0.1,CIFAR10_alexnet_RS_accuracy_kp1000_seed123,123,4000,13,42,accuracy,100123,0.7775,4,0.6520238470554351,5.624995872378349,10,0.6520238470554351,valid,0.7777224694538292,0.7793332464714255,0.7775000000000001,100123
RS,0.782,2,2,random,CIFAR10,14,main_b1000_cifar10_alexnet_RS_kp10_seed123,0.1,0.7719,False,0.1,alexnet,0.1,CIFAR10_alexnet_RS_accuracy_kp1000_seed123,123,4000,14,42,accuracy,100123,0.7719,5,0.6618339075565338,5.668605282902718,10,0.6618339075565338,valid,0.7725283180658891,0.7766211003794287,0.7718999999999999,100123
RS,0.782,2,2,random,CIFAR10,15,main_b1000_cifar10_alexnet_RS_kp10_seed123,0.1,0.7694,False,0.1,alexnet,0.1,CIFAR10_alexnet_RS_accuracy_kp1000_seed123,123,4000,15,42,accuracy,100123,0.7694,4,0.6669299821376801,5.632176980376244,10,0.6669299821376801,valid,0.7682217013350863,0.7693793055024793,0.7694000000000001,100123
RS,0.782,2,2,random,CIFAR10,16,main_b1000_cifar10_alexnet_RS_kp10_seed123,0.1,0.7723,False,0.1,alexnet,0.1,CIFAR10_alexnet_RS_accuracy_kp1000_seed123,123,4000,16,42,accuracy,100123,0.7723,3,0.6557369717597962,5.637047559022903,10,0.6557369717597962,valid,0.7706856759075814,0.7720031908540386,0.7723000000000001,100123
RS,0.782,2,2,random,CIFAR10,17,main_b1000_cifar10_alexnet_RS_kp10_seed123,0.1,0.7737,False,0.1,alexnet,0.1,CIFAR10_alexnet_RS_accuracy_kp1000_seed123,123,4000,17,42,accuracy,100123,0.7737,5,0.6736597685337067,5.690913908183575,10,0.6736597685337067,valid,0.7716031632523407,0.773034685228464,0.7737,100123
RS,0.782,2,2,random,CIFAR10,18,main_b1000_cifar10_alexnet_RS_kp10_seed123,0.1,0.7692,False,0.1,alexnet,0.1,CIFAR10_alexnet_RS_accuracy_kp1000_seed123,123,4000,18,42,accuracy,100123,0.7692,3,0.6636694127082825,5.694404646754265,10,0.6636694127082825,valid,0.7698495155759122,0.775422771332545,0.7691999999999999,100123
RS,0.782,2,2,random,CIFAR10,19,main_b1000_cifar10_alexnet_RS_kp10_seed123,0.1,0.7776,False,0.1,alexnet,0.1,CIFAR10_alexnet_RS_accuracy_kp1000_seed123,123,4000,19,42,accuracy,100123,0.7776,4,0.6663593150138855,5.756892912089825,10,0.6663593150138855,valid,0.7766566355991869,0.7787556426242747,0.7776000000000001,100123
RS,0.782,2,2,random,CIFAR10,20,main_b1000_cifar10_alexnet_RS_kp10_seed123,0.1,0.771,False,0.1,alexnet,0.1,CIFAR10_alexnet_RS_accuracy_kp1000_seed123,123,4000,20,42,accuracy,100123,0.771,3,0.6675225681304932,5.688840188086033,10,0.6675225681304932,valid,0.7710156760366719,0.7756157130526591,0.7710000000000001,100123
RS,0.782,2,2,random,CIFAR10,21,main_b1000_cifar10_alexnet_RS_kp10_seed123,0.1,0.7708,False,0.1,alexnet,0.1,CIFAR10_alexnet_RS_accuracy_kp1000_seed123,123,4000,21,42,accuracy,100123,0.7708,3,0.6556179453849792,5.652618870139122,10,0.6556179453849792,valid,0.7715757810694664,0.7776055121968867,0.7708,100123
RS,0.782,2,2,random,CIFAR10,22,main_b1000_cifar10_alexnet_RS_kp10_seed123,0.1,0.7738,False,0.1,alexnet,0.1,CIFAR10_alexnet_RS_accuracy_kp1000_seed123,123,4000,22,42,accuracy,100123,0.7738,4,0.6476864851951599,5.626399524509907,10,0.6476864851951599,valid,0.7744449411353955,0.7787417031498914,0.7737999999999999,100123
RS,0.782,2,2,random,CIFAR10,23,main_b1000_cifar10_alexnet_RS_kp10_seed123,0.1,0.7754,False,0.1,alexnet,0.1,CIFAR10_alexnet_RS_accuracy_kp1000_seed123,123,4000,23,42,accuracy,100123,0.7754,4,0.6621744898319244,5.670194409787655,10,0.6621744898319244,valid,0.7748808494897379,0.7790056925582707,0.7754000000000001,100123
RS,0.782,2,2,random,CIFAR10,24,main_b1000_cifar10_alexnet_RS_kp10_seed123,0.1,0.7725,False,0.1,alexnet,0.1,CIFAR10_alexnet_RS_accuracy_kp1000_seed123,123,4000,24,42,accuracy,100123,0.7725,5,0.6620766352653503,5.688316494226456,10,0.6620766352653503,valid,0.7726977903352517,0.774323514143981,0.7725,100123
RS,0.782,2,2,random,CIFAR10,25,main_b1000_cifar10_alexnet_RS_kp10_seed123,0.1,0.7679,False,0.1,alexnet,0.1,CIFAR10_alexnet_RS_accuracy_kp1000_seed123,123,4000,25,42,accuracy,100123,0.7679,3,0.6665916140556335,5.757364511489868,10,0.6665916140556335,valid,0.766242216670106,0.7681708891451616,0.7678999999999999,100123
RS,0.782,2,2,random,CIFAR10,26,main_b1000_cifar10_alexnet_RS_kp10_seed123,0.1,0.7681,False,0.1,alexnet,0.1,CIFAR10_alexnet_RS_accuracy_kp1000_seed123,123,4000,26,42,accuracy,100123,0.7681,3,0.6679469417572022,5.689188487827778,10,0.6679469417572022,valid,0.7693505370347967,0.7792502128442409,0.7681,100123
RS,0.782,2,2,random,CIFAR10,27,main_b1000_cifar10_alexnet_RS_kp10_seed123,0.1,0.7668,False,0.1,alexnet,0.1,CIFAR10_alexnet_RS_accuracy_kp1000_seed123,123,4000,27,42,accuracy,100123,0.7668,4,0.684671551990509,5.644107639789581,10,0.684671551990509,valid,0.7655834181464579,0.7702375321071478,0.7667999999999999,100123
RS,0.782,2,2,random,CIFAR10,28,main_b1000_cifar10_alexnet_RS_kp10_seed123,0.1,0.7758,False,0.1,alexnet,0.1,CIFAR10_alexnet_RS_accuracy_kp1000_seed123,123,4000,28,42,accuracy,100123,0.7758,5,0.6623500822544098,5.645807430148125,10,0.6623500822544098,valid,0.7764697149505617,0.7796263221454729,0.7757999999999999,100123
RS,0.782,2,2,random,CIFAR10,29,main_b1000_cifar10_alexnet_RS_kp10_seed123,0.1,0.7737,False,0.1,alexnet,0.1,CIFAR10_alexnet_RS_accuracy_kp1000_seed123,123,4000,29,42,accuracy,100123,0.7737,5,0.6637838677406311,5.647978857159615,10,0.6637838677406311,valid,0.7734909295211716,0.7756263956022196,0.7737,100123
RS,0.782,2,2,random,CIFAR10,30,main_b1000_cifar10_alexnet_RS_kp10_seed123,0.1,0.7761,False,0.1,alexnet,0.1,CIFAR10_alexnet_RS_accuracy_kp1000_seed123,123,4000,30,42,accuracy,100123,0.7761,3,0.6582407114505768,5.667989261448383,10,0.6582407114505768,valid,0.775113252042203,0.7779265243984885,0.7761,100123
RS,0.782,2,2,random,CIFAR10,31,main_b1000_cifar10_alexnet_RS_kp10_seed123,0.1,0.7734,False,0.1,alexnet,0.1,CIFAR10_alexnet_RS_accuracy_kp1000_seed123,123,4000,31,42,accuracy,100123,0.7734,4,0.6617655436992645,5.693530701100826,10,0.6617655436992645,valid,0.7732415720812557,0.7777333111066584,0.7734,100123
RS,0.782,2,2,random,CIFAR10,32,main_b1000_cifar10_alexnet_RS_kp10_seed123,0.1,0.7768,False,0.1,alexnet,0.1,CIFAR10_alexnet_RS_accuracy_kp1000_seed123,123,4000,32,42,accuracy,100123,0.7768,4,0.6460432977676391,5.718331277370453,10,0.6460432977676391,valid,0.7760121231566778,0.7773341904504588,0.7768,100123
RS,0.782,2,2,random,CIFAR10,33,main_b1000_cifar10_alexnet_RS_kp10_seed123,0.1,0.7725,False,0.1,alexnet,0.1,CIFAR10_alexnet_RS_accuracy_kp1000_seed123,123,4000,33,42,accuracy,100123,0.7725,3,0.6629139941215515,5.659299120306969,10,0.6629139941215515,valid,0.7729750538972131,0.7795464725812706,0.7725,100123
RS,0.782,2,2,random,CIFAR10,34,main_b1000_cifar10_alexnet_RS_kp10_seed123,0.1,0.7723,False,0.1,alexnet,0.1,CIFAR10_alexnet_RS_accuracy_kp1000_seed123,123,4000,34,42,accuracy,100123,0.7723,3,0.6535740836620331,5.624189868569374,10,0.6535740836620331,valid,0.771027853778457,0.7725051153691747,0.7723,100123
RS,0.782,2,2,random,CIFAR10,35,main_b1000_cifar10_alexnet_RS_kp10_seed123,0.1,0.7697,False,0.1,alexnet,0.1,CIFAR10_alexnet_RS_accuracy_kp1000_seed123,123,4000,35,42,accuracy,100123,0.7697,4,0.6721115138530731,5.637975782155991,10,0.6721115138530731,valid,0.768445293100195,0.7744229943152692,0.7696999999999999,100123
RS,0.782,2,2,random,CIFAR10,36,main_b1000_cifar10_alexnet_RS_kp10_seed123,0.1,0.778,False,0.1,alexnet,0.1,CIFAR10_alexnet_RS_accuracy_kp1000_seed123,123,4000,36,42,accuracy,100123,0.778,4,0.6463958670139313,5.627922661602497,10,0.6463958670139313,valid,0.7782386503394084,0.7804465442581181,0.7779999999999999,100123
RS,0.782,2,2,random,CIFAR10,37,main_b1000_cifar10_alexnet_RS_kp10_seed123,0.1,0.7742,False,0.1,alexnet,0.1,CIFAR10_alexnet_RS_accuracy_kp1000_seed123,123,4000,37,42,accuracy,100123,0.7742,4,0.6625934266090393,5.645762920379639,10,0.6625934266090393,valid,0.7740668561754208,0.7755132863759295,0.7742000000000001,100123
RS,0.782,2,2,random,CIFAR10,38,main_b1000_cifar10_alexnet_RS_kp10_seed123,0.1,0.7707,False,0.1,alexnet,0.1,CIFAR10_alexnet_RS_accuracy_kp1000_seed123,123,4000,38,42,accuracy,100123,0.7707,3,0.6667556377887726,5.611023612320423,10,0.6667556377887726,valid,0.7700999488691294,0.77519047244417,0.7706999999999999,100123
RS,0.782,2,2,random,CIFAR10,39,main_b1000_cifar10_alexnet_RS_kp10_seed123,0.1,0.7718,False,0.1,alexnet,0.1,CIFAR10_alexnet_RS_accuracy_kp1000_seed123,123,4000,39,42,accuracy,100123,0.7718,4,0.6650047939777374,5.663163021206856,10,0.6650047939777374,valid,0.7721652608669374,0.776567605987864,0.7718,100123
RS,0.782,2,2,random,CIFAR10,40,main_b1000_cifar10_alexnet_RS_kp10_seed123,0.1,0.7737,False,0.1,alexnet,0.1,CIFAR10_alexnet_RS_accuracy_kp1000_seed123,123,4000,40,42,accuracy,100123,0.7737,4,0.6653059433937073,5.690480947494507,10,0.6653059433937073,valid,0.7748956383729727,0.7789376253219522,0.7737,100123
RS,0.782,2,2,random,CIFAR10,41,main_b1000_cifar10_alexnet_RS_kp10_seed123,0.1,0.7768,False,0.1,alexnet,0.1,CIFAR10_alexnet_RS_accuracy_kp1000_seed123,123,4000,41,42,accuracy,100123,0.7768,5,0.6570070323944092,5.677088789641857,10,0.6570070323944092,valid,0.776631437308104,0.7795468923298464,0.7767999999999999,100123
RS,0.782,2,2,random,CIFAR10,42,main_b1000_cifar10_alexnet_RS_kp10_seed123,0.1,0.7676,False,0.1,alexnet,0.1,CIFAR10_alexnet_RS_accuracy_kp1000_seed123,123,4000,42,42,accuracy,100123,0.7676,4,0.6752715666770935,5.642040856182575,10,0.6752715666770935,valid,0.7656457308901928,0.7683763920801299,0.7676000000000001,100123
RS,0.782,2,2,random,CIFAR10,43,main_b1000_cifar10_alexnet_RS_kp10_seed123,0.1,0.7727,False,0.1,alexnet,0.1,CIFAR10_alexnet_RS_accuracy_kp1000_seed123,123,4000,43,42,accuracy,100123,0.7727,5,0.6736869310855865,5.674544312059879,10,0.6736869310855865,valid,0.7726231739717574,0.7762807172357356,0.7727,100123
RS,0.782,2,2,random,CIFAR10,44,main_b1000_cifar10_alexnet_RS_kp10_seed123,0.1,0.7737,False,0.1,alexnet,0.1,CIFAR10_alexnet_RS_accuracy_kp1000_seed123,123,4000,44,42,accuracy,100123,0.7737,5,0.6813629958629608,5.6854658126831055,10,0.6813629958629608,valid,0.7733444122979238,0.7784949228348897,0.7737,100123
RS,0.782,2,2,random,CIFAR10,45,main_b1000_cifar10_alexnet_RS_kp10_seed123,0.1,0.7756,False,0.1,alexnet,0.1,CIFAR10_alexnet_RS_accuracy_kp1000_seed123,123,4000,45,42,accuracy,100123,0.7756,6,0.6689717278957367,5.671734191477299,10,0.6689717278957367,valid,0.7760015959904095,0.7776292242014182,0.7756000000000001,100123
RS,0.782,2,2,random,CIFAR10,46,main_b1000_cifar10_alexnet_RS_kp10_seed123,0.1,0.7736,False,0.1,alexnet,0.1,CIFAR10_alexnet_RS_accuracy_kp1000_seed123,123,4000,46,42,accuracy,100123,0.7736,3,0.641277390384674,5.715936817228794,10,0.641277390384674,valid,0.7734587867944116,0.7780013964871249,0.7736000000000001,100123
RS,0.782,2,2,random,CIFAR10,47,main_b1000_cifar10_alexnet_RS_kp10_seed123,0.1,0.7728,False,0.1,alexnet,0.1,CIFAR10_alexnet_RS_accuracy_kp1000_seed123,123,4000,47,42,accuracy,100123,0.7728,4,0.6631680656433105,5.688385501503944,10,0.6631680656433105,valid,0.7715256035028721,0.7742243215607043,0.7727999999999999,100123
RS,0.782,2,2,random,CIFAR10,48,main_b1000_cifar10_alexnet_RS_kp10_seed123,0.1,0.7657,False,0.1,alexnet,0.1,CIFAR10_alexnet_RS_accuracy_kp1000_seed123,123,4000,48,42,accuracy,100123,0.7657,2,0.6681733619689941,5.725344531238079,10,0.6681733619689941,valid,0.7668656014195013,0.7732406448968286,0.7657,100123
RS,0.782,2,2,random,CIFAR10,49,main_b1000_cifar10_alexnet_RS_kp10_seed123,0.1,0.7743,False,0.1,alexnet,0.1,CIFAR10_alexnet_RS_accuracy_kp1000_seed123,123,4000,49,42,accuracy,100123,0.7743,4,0.6526462667942047,5.656830087304115,10,0.6526462667942047,valid,0.7749106909141065,0.7797836555138393,0.7743,100123
RS,0.782,2,2,random,CIFAR10,50,main_b1000_cifar10_alexnet_RS_kp10_seed123,0.1,0.7675,False,0.1,alexnet,0.1,CIFAR10_alexnet_RS_accuracy_kp1000_seed123,123,4000,50,42,accuracy,100123,0.7675,3,0.668703623008728,5.644397214055061,10,0.668703623008728,valid,0.7676675254047192,0.7736011651569473,0.7675,100123
RS,0.782,2,2,random,CIFAR10,51,main_b1000_cifar10_alexnet_RS_kp10_seed123,0.1,0.7749,False,0.1,alexnet,0.1,CIFAR10_alexnet_RS_accuracy_kp1000_seed123,123,4000,51,42,accuracy,100123,0.7749,3,0.6510174239635468,5.634655199944973,10,0.6510174239635468,valid,0.7752205433954671,0.7782084076402243,0.7748999999999999,100123
RS,0.782,2,2,random,CIFAR10,52,main_b1000_cifar10_alexnet_RS_kp10_seed123,0.1,0.7697,False,0.1,alexnet,0.1,CIFAR10_alexnet_RS_accuracy_kp1000_seed123,123,4000,52,42,accuracy,100123,0.7697,5,0.6692569343090058,5.6088626235723495,10,0.6692569343090058,valid,0.7698174394323287,0.7715350448496585,0.7697,100123
RS,0.782,2,2,random,CIFAR10,53,main_b1000_cifar10_alexnet_RS_kp10_seed123,0.1,0.776,False,0.1,alexnet,0.1,CIFAR10_alexnet_RS_accuracy_kp1000_seed123,123,4000,53,42,accuracy,100123,0.776,5,0.6647587170600892,5.595703646540642,10,0.6647587170600892,valid,0.7747513940526188,0.7754418296902131,0.776,100123
RS,0.782,2,2,random,CIFAR10,54,main_b1000_cifar10_alexnet_RS_kp10_seed123,0.1,0.7754,False,0.1,alexnet,0.1,CIFAR10_alexnet_RS_accuracy_kp1000_seed123,123,4000,54,42,accuracy,100123,0.7754,4,0.6683159691810608,5.624397411942482,10,0.6683159691810608,valid,0.7742861063004571,0.776870772182112,0.7754,100123
RS,0.782,2,2,random,CIFAR10,55,main_b1000_cifar10_alexnet_RS_kp10_seed123,0.1,0.7734,False,0.1,alexnet,0.1,CIFAR10_alexnet_RS_accuracy_kp1000_seed123,123,4000,55,42,accuracy,100123,0.7734,6,0.6810693326950074,5.584865972399712,10,0.6810693326950074,valid,0.7740190437067463,0.778058466720706,0.7733999999999999,100123
RS,0.782,2,2,random,CIFAR10,56,main_b1000_cifar10_alexnet_RS_kp10_seed123,0.1,0.7657,False,0.1,alexnet,0.1,CIFAR10_alexnet_RS_accuracy_kp1000_seed123,123,4000,56,42,accuracy,100123,0.7657,2,0.6653994003295899,5.635135971009731,10,0.6653994003295899,valid,0.7658758365049122,0.7686428734540168,0.7657,100123
RS,0.782,2,2,random,CIFAR10,57,main_b1000_cifar10_alexnet_RS_kp10_seed123,0.1,0.7712,False,0.1,alexnet,0.1,CIFAR10_alexnet_RS_accuracy_kp1000_seed123,123,4000,57,42,accuracy,100123,0.7712,5,0.6686509134292603,5.612072229385376,10,0.6686509134292603,valid,0.7720710424145864,0.776000319202675,0.7712,100123
RS,0.782,2,2,random,CIFAR10,58,main_b1000_cifar10_alexnet_RS_kp10_seed123,0.1,0.7729,False,0.1,alexnet,0.1,CIFAR10_alexnet_RS_accuracy_kp1000_seed123,123,4000,58,42,accuracy,100123,0.7729,4,0.6644010540485382,5.600850343704224,10,0.6644010540485382,valid,0.772999898339155,0.77478995706371,0.7729,100123
RS,0.782,2,2,random,CIFAR10,59,main_b1000_cifar10_alexnet_RS_kp10_seed123,0.1,0.7721,False,0.1,alexnet,0.1,CIFAR10_alexnet_RS_accuracy_kp1000_seed123,123,4000,59,42,accuracy,100123,0.7721,4,0.6598046151161194,5.58112258464098,10,0.6598046151161194,valid,0.7745137153333509,0.7829021550743305,0.7721,100123
RS,0.782,2,2,random,CIFAR10,60,main_b1000_cifar10_alexnet_RS_kp10_seed123,0.1,0.7779,False,0.1,alexnet,0.1,CIFAR10_alexnet_RS_accuracy_kp1000_seed123,123,4000,60,42,accuracy,100123,0.7779,5,0.659320908498764,5.5731242671608925,10,0.659320908498764,valid,0.7765559255564927,0.7772587555509307,0.7779,100123
RS,0.782,2,2,random,CIFAR10,61,main_b1000_cifar10_alexnet_RS_kp10_seed123,0.1,0.7681,False,0.1,alexnet,0.1,CIFAR10_alexnet_RS_accuracy_kp1000_seed123,123,4000,61,42,accuracy,100123,0.7681,2,0.6565089416027069,5.622087396681309,10,0.6565089416027069,valid,0.766666119312657,0.7689090555350019,0.7681000000000001,100123
RS,0.782,2,2,random,CIFAR10,62,main_b1000_cifar10_alexnet_RS_kp10_seed123,0.1,0.779,False,0.1,alexnet,0.1,CIFAR10_alexnet_RS_accuracy_kp1000_seed123,123,4000,62,42,accuracy,100123,0.779,4,0.6505642334938049,5.595737993717194,10,0.6505642334938049,valid,0.7791644129799438,0.7820772178941158,0.7789999999999999,100123
RS,0.782,2,2,random,CIFAR10,63,main_b1000_cifar10_alexnet_RS_kp10_seed123,0.1,0.7721,False,0.1,alexnet,0.1,CIFAR10_alexnet_RS_accuracy_kp1000_seed123,123,4000,63,42,accuracy,100123,0.7721,3,0.6587971280097962,5.61005400121212,10,0.6587971280097962,valid,0.7707295139701829,0.7738005857546,0.7721,100123
RS,0.782,2,2,random,CIFAR10,64,main_b1000_cifar10_alexnet_RS_kp10_seed123,0.1,0.7739,False,0.1,alexnet,0.1,CIFAR10_alexnet_RS_accuracy_kp1000_seed123,123,4000,64,42,accuracy,100123,0.7739,3,0.6635793942451477,5.573258846998215,10,0.6635793942451477,valid,0.7735173152257927,0.7779711906053567,0.7739,100123
RS,0.782,2,2,random,CIFAR10,65,main_b1000_cifar10_alexnet_RS_kp10_seed123,0.1,0.7745,False,0.1,alexnet,0.1,CIFAR10_alexnet_RS_accuracy_kp1000_seed123,123,4000,65,42,accuracy,100123,0.7745,2,0.6438340319633484,5.556426674127579,10,0.6438340319633484,valid,0.7728573342917737,0.7737792776554914,0.7745,100123
RS,0.782,2,2,random,CIFAR10,66,main_b1000_cifar10_alexnet_RS_kp10_seed123,0.1,0.767,False,0.1,alexnet,0.1,CIFAR10_alexnet_RS_accuracy_kp1000_seed123,123,4000,66,42,accuracy,100123,0.767,3,0.6647459518909454,5.532893113791943,10,0.6647459518909454,valid,0.76620035262665,0.7683809344398789,0.767,100123
RS,0.782,2,2,random,CIFAR10,67,main_b1000_cifar10_alexnet_RS_kp10_seed123,0.1,0.7762,False,0.1,alexnet,0.1,CIFAR10_alexnet_RS_accuracy_kp1000_seed123,123,4000,67,42,accuracy,100123,0.7762,4,0.660495567703247,5.531132183969021,10,0.660495567703247,valid,0.776403079693985,0.7804195399080553,0.7762,100123
RS,0.782,2,2,random,CIFAR10,68,main_b1000_cifar10_alexnet_RS_kp10_seed123,0.1,0.7753,False,0.1,alexnet,0.1,CIFAR10_alexnet_RS_accuracy_kp1000_seed123,123,4000,68,42,accuracy,100123,0.7753,3,0.6572267719745636,5.560395248234272,10,0.6572267719745636,valid,0.7743175873303945,0.7783762742202022,0.7753,100123
RS,0.782,2,2,random,CIFAR10,69,main_b1000_cifar10_alexnet_RS_kp10_seed123,0.1,0.7758,False,0.1,alexnet,0.1,CIFAR10_alexnet_RS_accuracy_kp1000_seed123,123,4000,69,42,accuracy,100123,0.7758,5,0.6611879377841949,5.524220146238804,10,0.6611879377841949,valid,0.7763107449772092,0.7792643431357765,0.7758,100123
RS,0.782,2,2,random,CIFAR10,70,main_b1000_cifar10_alexnet_RS_kp10_seed123,0.1,0.7801,False,0.1,alexnet,0.1,CIFAR10_alexnet_RS_accuracy_kp1000_seed123,123,4000,70,42,accuracy,100123,0.7801,5,0.655020740032196,5.5402492582798,10,0.655020740032196,valid,0.7799330983026875,0.7811480014714249,0.7801,100123
RS,0.782,2,2,random,CIFAR10,71,main_b1000_cifar10_alexnet_RS_kp10_seed123,0.1,0.7719,False,0.1,alexnet,0.1,CIFAR10_alexnet_RS_accuracy_kp1000_seed123,123,4000,71,42,accuracy,100123,0.7719,4,0.6656818099498749,5.5568264946341515,10,0.6656818099498749,valid,0.7709018371446426,0.7735680035572573,0.7718999999999999,100123
RS,0.782,2,2,random,CIFAR10,72,main_b1000_cifar10_alexnet_RS_kp10_seed123,0.1,0.7617,False,0.1,alexnet,0.1,CIFAR10_alexnet_RS_accuracy_kp1000_seed123,123,4000,72,42,accuracy,100123,0.7617,3,0.6726544041156769,5.561681494116783,10,0.6726544041156769,valid,0.7633080243626814,0.7693709590146695,0.7617,100123
RS,0.782,2,2,random,CIFAR10,73,main_b1000_cifar10_alexnet_RS_kp10_seed123,0.1,0.766,False,0.1,alexnet,0.1,CIFAR10_alexnet_RS_accuracy_kp1000_seed123,123,4000,73,42,accuracy,100123,0.766,2,0.6667200468063355,5.525413542985916,10,0.6667200468063355,valid,0.7661657202911258,0.7679480030929257,0.766,100123
RS,0.782,2,2,random,CIFAR10,74,main_b1000_cifar10_alexnet_RS_kp10_seed123,0.1,0.7732,False,0.1,alexnet,0.1,CIFAR10_alexnet_RS_accuracy_kp1000_seed123,123,4000,74,42,accuracy,100123,0.7732,3,0.6523033164024353,5.537235580384731,10,0.6523033164024353,valid,0.7718368711518018,0.7755974321627257,0.7731999999999999,100123
RS,0.782,2,2,random,CIFAR10,75,main_b1000_cifar10_alexnet_RS_kp10_seed123,0.1,0.769,False,0.1,alexnet,0.1,CIFAR10_alexnet_RS_accuracy_kp1000_seed123,123,4000,75,42,accuracy,100123,0.769,4,0.6758296964645386,5.509867303073406,10,0.6758296964645386,valid,0.7703415686231068,0.7752712359980799,0.7689999999999999,100123
RS,0.782,2,2,random,CIFAR10,76,main_b1000_cifar10_alexnet_RS_kp10_seed123,0.1,0.7778,False,0.1,alexnet,0.1,CIFAR10_alexnet_RS_accuracy_kp1000_seed123,123,4000,76,42,accuracy,100123,0.7778,4,0.6597918048858643,5.5191391333937645,10,0.6597918048858643,valid,0.7781329728903427,0.780199874462487,0.7777999999999999,100123
RS,0.782,2,2,random,CIFAR10,77,main_b1000_cifar10_alexnet_RS_kp10_seed123,0.1,0.7715,False,0.1,alexnet,0.1,CIFAR10_alexnet_RS_accuracy_kp1000_seed123,123,4000,77,42,accuracy,100123,0.7715,4,0.6633999172210694,5.532721742987633,10,0.6633999172210694,valid,0.7714867860898644,0.7733341684941808,0.7715,100123
RS,0.782,2,2,random,CIFAR10,78,main_b1000_cifar10_alexnet_RS_kp10_seed123,0.1,0.7784,False,0.1,alexnet,0.1,CIFAR10_alexnet_RS_accuracy_kp1000_seed123,123,4000,78,42,accuracy,100123,0.7784,4,0.6460432212352752,5.568252883851528,10,0.6460432212352752,valid,0.778154582641686,0.780147557557281,0.7784000000000001,100123
RS,0.782,2,2,random,CIFAR10,79,main_b1000_cifar10_alexnet_RS_kp10_seed123,0.1,0.771,False,0.1,alexnet,0.1,CIFAR10_alexnet_RS_accuracy_kp1000_seed123,123,4000,79,42,accuracy,100123,0.771,5,0.678045408821106,5.563522517681122,10,0.678045408821106,valid,0.7712783606139786,0.7741475925301435,0.7709999999999999,100123
RS,0.782,2,2,random,CIFAR10,80,main_b1000_cifar10_alexnet_RS_kp10_seed123,0.1,0.7749,False,0.1,alexnet,0.1,CIFAR10_alexnet_RS_accuracy_kp1000_seed123,123,4000,80,42,accuracy,100123,0.7749,4,0.6602925741195679,5.523045599460602,10,0.6602925741195679,valid,0.7750011309569214,0.7816051727746898,0.7749,100123
RS,0.782,2,2,random,CIFAR10,81,main_b1000_cifar10_alexnet_RS_kp10_seed123,0.1,0.7812,False,0.1,alexnet,0.1,CIFAR10_alexnet_RS_accuracy_kp1000_seed123,123,4000,81,42,accuracy,100123,0.7812,5,0.6483945487499237,5.549461625516415,10,0.6483945487499237,valid,0.7824683289682948,0.7873798342746361,0.7811999999999999,100123
RS,0.782,2,2,random,CIFAR10,82,main_b1000_cifar10_alexnet_RS_kp10_seed123,0.1,0.7692,False,0.1,alexnet,0.1,CIFAR10_alexnet_RS_accuracy_kp1000_seed123,123,4000,82,42,accuracy,100123,0.7692,4,0.6675601882457733,7.0501803159713745,10,0.6675601882457733,valid,0.7668964072951722,0.7696477866619487,0.7692,100123
RS,0.782,2,2,random,CIFAR10,83,main_b1000_cifar10_alexnet_RS_kp10_seed123,0.1,0.774,False,0.1,alexnet,0.1,CIFAR10_alexnet_RS_accuracy_kp1000_seed123,123,4000,83,42,accuracy,100123,0.774,4,0.6662213990211486,5.634480193257332,10,0.6662213990211486,valid,0.7732475063918941,0.7749143492264559,0.7739999999999999,100123
RS,0.782,2,2,random,CIFAR10,84,main_b1000_cifar10_alexnet_RS_kp10_seed123,0.1,0.7736,False,0.1,alexnet,0.1,CIFAR10_alexnet_RS_accuracy_kp1000_seed123,123,4000,84,42,accuracy,100123,0.7736,4,0.6677797949314117,6.251685455441475,10,0.6677797949314117,valid,0.7739944046787879,0.7782595388443634,0.7736,100123
RS,0.782,2,2,random,CIFAR10,85,main_b1000_cifar10_alexnet_RS_kp10_seed123,0.1,0.7739,False,0.1,alexnet,0.1,CIFAR10_alexnet_RS_accuracy_kp1000_seed123,123,4000,85,42,accuracy,100123,0.7739,4,0.6616653200626373,5.611340701580048,10,0.6616653200626373,valid,0.7753893988875856,0.779468730793848,0.7738999999999999,100123
RS,0.782,2,2,random,CIFAR10,86,main_b1000_cifar10_alexnet_RS_kp10_seed123,0.1,0.7771,False,0.1,alexnet,0.1,CIFAR10_alexnet_RS_accuracy_kp1000_seed123,123,4000,86,42,accuracy,100123,0.7771,3,0.6552113606929779,5.618305899202824,10,0.6552113606929779,valid,0.7764574233390238,0.7780954152561452,0.7771,100123
RS,0.782,2,2,random,CIFAR10,87,main_b1000_cifar10_alexnet_RS_kp10_seed123,0.1,0.7741,False,0.1,alexnet,0.1,CIFAR10_alexnet_RS_accuracy_kp1000_seed123,123,4000,87,42,accuracy,100123,0.7741,6,0.678009820842743,5.617945857346058,10,0.678009820842743,valid,0.7741132424381905,0.7757108271933912,0.7741,100123
RS,0.782,2,2,random,CIFAR10,88,main_b1000_cifar10_alexnet_RS_kp10_seed123,0.1,0.7701,False,0.1,alexnet,0.1,CIFAR10_alexnet_RS_accuracy_kp1000_seed123,123,4000,88,42,accuracy,100123,0.7701,3,0.6639618388652802,5.5917737409472466,10,0.6639618388652802,valid,0.7701647072650821,0.7729668648824067,0.7701,100123
RS,0.782,2,2,random,CIFAR10,89,main_b1000_cifar10_alexnet_RS_kp10_seed123,0.1,0.7664,False,0.1,alexnet,0.1,CIFAR10_alexnet_RS_accuracy_kp1000_seed123,123,4000,89,42,accuracy,100123,0.7664,2,0.6656779335975647,5.639952093362808,10,0.6656779335975647,valid,0.7668602775164444,0.7735761986341896,0.7664000000000001,100123
RS,0.782,2,2,random,CIFAR10,90,main_b1000_cifar10_alexnet_RS_kp10_seed123,0.1,0.7763,False,0.1,alexnet,0.1,CIFAR10_alexnet_RS_accuracy_kp1000_seed123,123,4000,90,42,accuracy,100123,0.7763,3,0.6530026005744934,5.628468252718449,10,0.6530026005744934,valid,0.7757764811356986,0.7785311942322498,0.7763,100123
RS,0.782,2,2,random,CIFAR10,91,main_b1000_cifar10_alexnet_RS_kp10_seed123,0.1,0.7706,False,0.1,alexnet,0.1,CIFAR10_alexnet_RS_accuracy_kp1000_seed123,123,4000,91,42,accuracy,100123,0.7706,3,0.6574536308288574,5.6028053387999535,10,0.6574536308288574,valid,0.7696108757758293,0.7726890902445626,0.7705999999999998,100123
RS,0.782,2,2,random,CIFAR10,92,main_b1000_cifar10_alexnet_RS_kp10_seed123,0.1,0.7744,False,0.1,alexnet,0.1,CIFAR10_alexnet_RS_accuracy_kp1000_seed123,123,4000,92,42,accuracy,100123,0.7744,4,0.6650566957473755,5.621109947562218,10,0.6650566957473755,valid,0.7732820369250071,0.7771317543536733,0.7744000000000001,100123
RS,0.782,2,2,random,CIFAR10,93,main_b1000_cifar10_alexnet_RS_kp10_seed123,0.1,0.7619,False,0.1,alexnet,0.1,CIFAR10_alexnet_RS_accuracy_kp1000_seed123,123,4000,93,42,accuracy,100123,0.7619,2,0.6819608441352845,5.583885110914707,10,0.6819608441352845,valid,0.7614921944650097,0.7669393577195246,0.7618999999999999,100123
RS,0.782,2,2,random,CIFAR10,94,main_b1000_cifar10_alexnet_RS_kp10_seed123,0.1,0.7672,False,0.1,alexnet,0.1,CIFAR10_alexnet_RS_accuracy_kp1000_seed123,123,4000,94,42,accuracy,100123,0.7672,4,0.670883165550232,5.5823042541742325,10,0.670883165550232,valid,0.7647160642979557,0.7672180233909922,0.7671999999999999,100123
RS,0.782,2,2,random,CIFAR10,95,main_b1000_cifar10_alexnet_RS_kp10_seed123,0.1,0.7711,False,0.1,alexnet,0.1,CIFAR10_alexnet_RS_accuracy_kp1000_seed123,123,4000,95,42,accuracy,100123,0.7711,5,0.6842331819534302,5.607821486890316,10,0.6842331819534302,valid,0.7701455909501188,0.7742818638127048,0.7710999999999999,100123
RS,0.782,2,2,random,CIFAR10,96,main_b1000_cifar10_alexnet_RS_kp10_seed123,0.1,0.7792,False,0.1,alexnet,0.1,CIFAR10_alexnet_RS_accuracy_kp1000_seed123,123,4000,96,42,accuracy,100123,0.7792,3,0.6380120090961456,5.574699774384499,10,0.6380120090961456,valid,0.7798446799936902,0.7849124369999049,0.7792,100123
RS,0.782,2,2,random,CIFAR10,97,main_b1000_cifar10_alexnet_RS_kp10_seed123,0.1,0.7726,False,0.1,alexnet,0.1,CIFAR10_alexnet_RS_accuracy_kp1000_seed123,123,4000,97,42,accuracy,100123,0.7726,5,0.6610783785343171,5.605981066823006,10,0.6610783785343171,valid,0.7733957022343116,0.7777435132841128,0.7726,100123
RS,0.782,2,2,random,CIFAR10,98,main_b1000_cifar10_alexnet_RS_kp10_seed123,0.1,0.7759,False,0.1,alexnet,0.1,CIFAR10_alexnet_RS_accuracy_kp1000_seed123,123,4000,98,42,accuracy,100123,0.7759,4,0.6581367938518524,5.62351318448782,10,0.6581367938518524,valid,0.7758511352792311,0.7798480582424976,0.7758999999999999,100123
RS,0.782,2,2,random,CIFAR10,99,main_b1000_cifar10_alexnet_RS_kp10_seed123,0.1,0.7714,False,0.1,alexnet,0.1,CIFAR10_alexnet_RS_accuracy_kp1000_seed123,123,4000,99,42,accuracy,100123,0.7714,4,0.6682895929336548,5.603022553026676,10,0.6682895929336548,valid,0.7716776770952898,0.7753166580692803,0.7714,100123
RS,0.782,2,2,random,CIFAR10,100,main_b1000_cifar10_alexnet_RS_kp10_seed123,0.1,0.7651,False,0.1,alexnet,0.1,CIFAR10_alexnet_RS_accuracy_kp1000_seed123,123,4000,100,42,accuracy,100123,0.7651,2,0.6800123161315917,5.598459325730801,10,0.6800123161315917,valid,0.7625166732483097,0.7667723836981085,0.7651,100123
RS,0.782,2,2,random,CIFAR10,101,main_b1000_cifar10_alexnet_RS_kp10_seed123,0.1,0.7651,False,0.1,alexnet,0.1,CIFAR10_alexnet_RS_accuracy_kp1000_seed123,123,4000,101,42,accuracy,100123,0.7651,2,0.6847801317214965,5.588473759591579,10,0.6847801317214965,valid,0.7637121333569746,0.7685971016149448,0.7651,100123
RS,0.782,2,2,random,CIFAR10,102,main_b1000_cifar10_alexnet_RS_kp10_seed123,0.1,0.7713,False,0.1,alexnet,0.1,CIFAR10_alexnet_RS_accuracy_kp1000_seed123,123,4000,102,42,accuracy,100123,0.7713,5,0.6705238460063935,5.5851757526397705,10,0.6705238460063935,valid,0.7698948922605541,0.7712947287436418,0.7712999999999999,100123
RS,0.782,2,2,random,CIFAR10,103,main_b1000_cifar10_alexnet_RS_kp10_seed123,0.1,0.7758,False,0.1,alexnet,0.1,CIFAR10_alexnet_RS_accuracy_kp1000_seed123,123,4000,103,42,accuracy,100123,0.7758,3,0.6553740520954132,5.579963445663452,10,0.6553740520954132,valid,0.7751034167742816,0.7784066422474055,0.7758,100123
RS,0.782,2,2,random,CIFAR10,104,main_b1000_cifar10_alexnet_RS_kp10_seed123,0.1,0.7679,False,0.1,alexnet,0.1,CIFAR10_alexnet_RS_accuracy_kp1000_seed123,123,4000,104,42,accuracy,100123,0.7679,2,0.6659274703979492,5.658299222588539,10,0.6659274703979492,valid,0.7665684046940856,0.7689001983745184,0.7679,100123
RS,0.782,2,2,random,CIFAR10,105,main_b1000_cifar10_alexnet_RS_kp10_seed123,0.1,0.7697,False,0.1,alexnet,0.1,CIFAR10_alexnet_RS_accuracy_kp1000_seed123,123,4000,105,42,accuracy,100123,0.7697,5,0.679224115896225,5.657647207379341,10,0.679224115896225,valid,0.7699641455325839,0.7723927373211731,0.7697,100123
RS,0.782,2,2,random,CIFAR10,106,main_b1000_cifar10_alexnet_RS_kp10_seed123,0.1,0.7682,False,0.1,alexnet,0.1,CIFAR10_alexnet_RS_accuracy_kp1000_seed123,123,4000,106,42,accuracy,100123,0.7682,3,0.6669414828777314,5.641820304095745,10,0.6669414828777314,valid,0.7680274742984384,0.7704463940594976,0.7682,100123
RS,0.782,2,2,random,CIFAR10,107,main_b1000_cifar10_alexnet_RS_kp10_seed123,0.1,0.7761,False,0.1,alexnet,0.1,CIFAR10_alexnet_RS_accuracy_kp1000_seed123,123,4000,107,42,accuracy,100123,0.7761,6,0.680993662405014,5.60846871137619,10,0.680993662405014,valid,0.7751720758896934,0.7765701178142977,0.7761,100123
RS,0.782,2,2,random,CIFAR10,108,main_b1000_cifar10_alexnet_RS_kp10_seed123,0.1,0.7738,False,0.1,alexnet,0.1,CIFAR10_alexnet_RS_accuracy_kp1000_seed123,123,4000,108,42,accuracy,100123,0.7738,3,0.6538304596424103,5.620522290468216,10,0.6538304596424103,valid,0.7731848862309654,0.7790283750516063,0.7738,100123
RS,0.782,2,2,random,CIFAR10,109,main_b1000_cifar10_alexnet_RS_kp10_seed123,0.1,0.7679,False,0.1,alexnet,0.1,CIFAR10_alexnet_RS_accuracy_kp1000_seed123,123,4000,109,42,accuracy,100123,0.7679,3,0.6681962763786315,5.619302652776241,10,0.6681962763786315,valid,0.7683798480884658,0.7725606521115245,0.7678999999999999,100123
RS,0.782,2,2,random,CIFAR10,110,main_b1000_cifar10_alexnet_RS_kp10_seed123,0.1,0.768,False,0.1,alexnet,0.1,CIFAR10_alexnet_RS_accuracy_kp1000_seed123,123,4000,110,42,accuracy,100123,0.768,2,0.6598866243362427,5.590173743665218,10,0.6598866243362427,valid,0.7674958049557181,0.7699471769254214,0.768,100123
RS,0.782,2,2,random,CIFAR10,111,main_b1000_cifar10_alexnet_RS_kp10_seed123,0.1,0.7716,False,0.1,alexnet,0.1,CIFAR10_alexnet_RS_accuracy_kp1000_seed123,123,4000,111,42,accuracy,100123,0.7716,3,0.6568192070007324,5.572306901216507,10,0.6568192070007324,valid,0.7709758244320973,0.7777024503982921,0.7716,100123
RS,0.782,2,2,random,CIFAR10,112,main_b1000_cifar10_alexnet_RS_kp10_seed123,0.1,0.7722,False,0.1,alexnet,0.1,CIFAR10_alexnet_RS_accuracy_kp1000_seed123,123,4000,112,42,accuracy,100123,0.7722,4,0.669670329618454,5.619161352515221,10,0.669670329618454,valid,0.7717016170586238,0.773647208767352,0.7722,100123
RS,0.782,2,2,random,CIFAR10,113,main_b1000_cifar10_alexnet_RS_kp10_seed123,0.1,0.7661,False,0.1,alexnet,0.1,CIFAR10_alexnet_RS_accuracy_kp1000_seed123,123,4000,113,42,accuracy,100123,0.7661,3,0.6647485463619233,5.643171548843384,10,0.6647485463619233,valid,0.7660753079176766,0.7710735693554376,0.7661,100123
RS,0.782,2,2,random,CIFAR10,114,main_b1000_cifar10_alexnet_RS_kp10_seed123,0.1,0.7782,False,0.1,alexnet,0.1,CIFAR10_alexnet_RS_accuracy_kp1000_seed123,123,4000,114,42,accuracy,100123,0.7782,4,0.6539278053760529,5.641913063824177,10,0.6539278053760529,valid,0.7775882057982603,0.7801044394597755,0.7782,100123
RS,0.782,2,2,random,CIFAR10,115,main_b1000_cifar10_alexnet_RS_kp10_seed123,0.1,0.778,False,0.1,alexnet,0.1,CIFAR10_alexnet_RS_accuracy_kp1000_seed123,123,4000,115,42,accuracy,100123,0.778,5,0.6599144524097442,5.591100208461285,10,0.6599144524097442,valid,0.7778482762889851,0.7789219783100026,0.7779999999999999,100123
RS,0.782,2,2,random,CIFAR10,116,main_b1000_cifar10_alexnet_RS_kp10_seed123,0.1,0.7632,False,0.1,alexnet,0.1,CIFAR10_alexnet_RS_accuracy_kp1000_seed123,123,4000,116,42,accuracy,100123,0.7632,3,0.6727476164340973,5.594505652785301,10,0.6727476164340973,valid,0.7627777188074225,0.7700712436564969,0.7632,100123
RS,0.782,2,2,random,CIFAR10,117,main_b1000_cifar10_alexnet_RS_kp10_seed123,0.1,0.7807,False,0.1,alexnet,0.1,CIFAR10_alexnet_RS_accuracy_kp1000_seed123,123,4000,117,42,accuracy,100123,0.7807,4,0.6563710204601287,5.599746644496918,10,0.6563710204601287,valid,0.7807929000080825,0.7853703170516193,0.7807000000000001,100123
RS,0.782,2,2,random,CIFAR10,118,main_b1000_cifar10_alexnet_RS_kp10_seed123,0.1,0.77,False,0.1,alexnet,0.1,CIFAR10_alexnet_RS_accuracy_kp1000_seed123,123,4000,118,42,accuracy,100123,0.77,4,0.6714212089061737,5.621030926704407,10,0.6714212089061737,valid,0.770998884799897,0.7739797137053669,0.7699999999999999,100123
RS,0.782,2,2,random,CIFAR10,119,main_b1000_cifar10_alexnet_RS_kp10_seed123,0.1,0.7654,False,0.1,alexnet,0.1,CIFAR10_alexnet_RS_accuracy_kp1000_seed123,123,4000,119,42,accuracy,100123,0.7654,3,0.6704051339149475,5.598697736859322,10,0.6704051339149475,valid,0.76419452805291,0.7692455107308451,0.7654,100123
RS,0.782,2,2,random,CIFAR10,120,main_b1000_cifar10_alexnet_RS_kp10_seed123,0.1,0.7702,False,0.1,alexnet,0.1,CIFAR10_alexnet_RS_accuracy_kp1000_seed123,123,4000,120,42,accuracy,100123,0.7702,4,0.6706878578662873,5.660786889493465,10,0.6706878578662873,valid,0.7706925612465756,0.7794394608090971,0.7702,100123
RS,0.782,2,2,random,CIFAR10,121,main_b1000_cifar10_alexnet_RS_kp10_seed123,0.1,0.7677,False,0.1,alexnet,0.1,CIFAR10_alexnet_RS_accuracy_kp1000_seed123,123,4000,121,42,accuracy,100123,0.7677,3,0.6752683077812195,5.655556239187717,10,0.6752683077812195,valid,0.7671569264805267,0.7719646805969438,0.7676999999999999,100123
RS,0.782,2,2,random,CIFAR10,122,main_b1000_cifar10_alexnet_RS_kp10_seed123,0.1,0.7654,False,0.1,alexnet,0.1,CIFAR10_alexnet_RS_accuracy_kp1000_seed123,123,4000,122,42,accuracy,100123,0.7654,2,0.6666921960830688,5.643014490604401,10,0.6666921960830688,valid,0.7643396707593174,0.7687093137940222,0.7654,100123
RS,0.782,2,2,random,CIFAR10,123,main_b1000_cifar10_alexnet_RS_kp10_seed123,0.1,0.7659,False,0.1,alexnet,0.1,CIFAR10_alexnet_RS_accuracy_kp1000_seed123,123,4000,123,42,accuracy,100123,0.7659,3,0.6646090116500855,5.655783921480179,10,0.6646090116500855,valid,0.7663241558983556,0.7719741303878271,0.7659,100123
RS,0.782,2,2,random,CIFAR10,124,main_b1000_cifar10_alexnet_RS_kp10_seed123,0.1,0.7723,False,0.1,alexnet,0.1,CIFAR10_alexnet_RS_accuracy_kp1000_seed123,123,4000,124,42,accuracy,100123,0.7723,5,0.671692549753189,5.678205095231533,10,0.671692549753189,valid,0.7720598443171036,0.7745239439716973,0.7723,100123
RS,0.782,2,2,random,CIFAR10,125,main_b1000_cifar10_alexnet_RS_kp10_seed123,0.1,0.7743,False,0.1,alexnet,0.1,CIFAR10_alexnet_RS_accuracy_kp1000_seed123,123,4000,125,42,accuracy,100123,0.7743,4,0.6504845366477966,5.662307448685169,10,0.6504845366477966,valid,0.7739131670396063,0.7767332828828085,0.7743000000000001,100123
RS,0.782,2,2,random,CIFAR10,126,main_b1000_cifar10_alexnet_RS_kp10_seed123,0.1,0.7608,False,0.1,alexnet,0.1,CIFAR10_alexnet_RS_accuracy_kp1000_seed123,123,4000,126,42,accuracy,100123,0.7608,2,0.6668675330162048,5.689519435167313,10,0.6668675330162048,valid,0.7597015526878912,0.7631315879913172,0.7608,100123
RS,0.782,2,2,random,CIFAR10,127,main_b1000_cifar10_alexnet_RS_kp10_seed123,0.1,0.7772,False,0.1,alexnet,0.1,CIFAR10_alexnet_RS_accuracy_kp1000_seed123,123,4000,127,42,accuracy,100123,0.7772,5,0.6587980512619018,5.6713452115654945,10,0.6587980512619018,valid,0.7766604923416146,0.778730712038579,0.7772,100123
RS,0.782,2,2,random,CIFAR10,128,main_b1000_cifar10_alexnet_RS_kp10_seed123,0.1,0.78,False,0.1,alexnet,0.1,CIFAR10_alexnet_RS_accuracy_kp1000_seed123,123,4000,128,42,accuracy,100123,0.78,5,0.6541224769592285,5.684250995516777,10,0.6541224769592285,valid,0.7796125779937135,0.7804369331872453,0.78,100123
RS,0.782,2,2,random,CIFAR10,129,main_b1000_cifar10_alexnet_RS_kp10_seed123,0.1,0.7719,False,0.1,alexnet,0.1,CIFAR10_alexnet_RS_accuracy_kp1000_seed123,123,4000,129,42,accuracy,100123,0.7719,4,0.6631629853248596,5.69900506734848,10,0.6631629853248596,valid,0.7715063368827298,0.7804879914215652,0.7719,100123
RS,0.782,2,2,random,CIFAR10,130,main_b1000_cifar10_alexnet_RS_kp10_seed123,0.1,0.7768,False,0.1,alexnet,0.1,CIFAR10_alexnet_RS_accuracy_kp1000_seed123,123,4000,130,42,accuracy,100123,0.7768,3,0.6530833923339844,5.850757636129856,10,0.6530833923339844,valid,0.7765619424640082,0.7776413554781356,0.7768,100123
RS,0.782,2,2,random,CIFAR10,131,main_b1000_cifar10_alexnet_RS_kp10_seed123,0.1,0.7677,False,0.1,alexnet,0.1,CIFAR10_alexnet_RS_accuracy_kp1000_seed123,123,4000,131,42,accuracy,100123,0.7677,2,0.6645239590644837,5.767170235514641,10,0.6645239590644837,valid,0.76642369919376,0.7690420289379698,0.7676999999999999,100123
RS,0.782,2,2,random,CIFAR10,132,main_b1000_cifar10_alexnet_RS_kp10_seed123,0.1,0.7693,False,0.1,alexnet,0.1,CIFAR10_alexnet_RS_accuracy_kp1000_seed123,123,4000,132,42,accuracy,100123,0.7693,3,0.6598258285045624,5.744644790887833,10,0.6598258285045624,valid,0.7696493118749067,0.7714294604313852,0.7693,100123
RS,0.782,2,2,random,CIFAR10,133,main_b1000_cifar10_alexnet_RS_kp10_seed123,0.1,0.7701,False,0.1,alexnet,0.1,CIFAR10_alexnet_RS_accuracy_kp1000_seed123,123,4000,133,42,accuracy,100123,0.7701,3,0.6741729588031768,5.718596458435059,10,0.6741729588031768,valid,0.7707582705005609,0.774245799720083,0.7701,100123
RS,0.782,2,2,random,CIFAR10,134,main_b1000_cifar10_alexnet_RS_kp10_seed123,0.1,0.7612,False,0.1,alexnet,0.1,CIFAR10_alexnet_RS_accuracy_kp1000_seed123,123,4000,134,42,accuracy,100123,0.7612,2,0.6647855152130127,5.649641044437885,10,0.6647855152130127,valid,0.7609977103249282,0.7670427282119905,0.7612,100123
RS,0.782,2,2,random,CIFAR10,135,main_b1000_cifar10_alexnet_RS_kp10_seed123,0.1,0.7758,False,0.1,alexnet,0.1,CIFAR10_alexnet_RS_accuracy_kp1000_seed123,123,4000,135,42,accuracy,100123,0.7758,5,0.6580366479873657,5.669881835579872,10,0.6580366479873657,valid,0.7768499754685428,0.7807913982221302,0.7757999999999999,100123
RS,0.782,2,2,random,CIFAR10,136,main_b1000_cifar10_alexnet_RS_kp10_seed123,0.1,0.7802,False,0.1,alexnet,0.1,CIFAR10_alexnet_RS_accuracy_kp1000_seed123,123,4000,136,42,accuracy,100123,0.7802,6,0.6592665776252746,5.665551885962486,10,0.6592665776252746,valid,0.7792590022129673,0.7795236429797981,0.7802,100123
RS,0.782,2,2,random,CIFAR10,137,main_b1000_cifar10_alexnet_RS_kp10_seed123,0.1,0.7691,False,0.1,alexnet,0.1,CIFAR10_alexnet_RS_accuracy_kp1000_seed123,123,4000,137,42,accuracy,100123,0.7691,3,0.6723166554927826,5.691519141197205,10,0.6723166554927826,valid,0.7703205549717396,0.7800529538486309,0.7691,100123
RS,0.782,2,2,random,CIFAR10,138,main_b1000_cifar10_alexnet_RS_kp10_seed123,0.1,0.7685,False,0.1,alexnet,0.1,CIFAR10_alexnet_RS_accuracy_kp1000_seed123,123,4000,138,42,accuracy,100123,0.7685,4,0.661582966709137,5.609671726822853,10,0.661582966709137,valid,0.7678703681901512,0.7719445790236454,0.7685000000000001,100123
RS,0.782,2,2,random,CIFAR10,139,main_b1000_cifar10_alexnet_RS_kp10_seed123,0.1,0.772,False,0.1,alexnet,0.1,CIFAR10_alexnet_RS_accuracy_kp1000_seed123,123,4000,139,42,accuracy,100123,0.772,4,0.666317502784729,5.649546921253204,10,0.666317502784729,valid,0.7736427891827028,0.7799393695709398,0.772,100123
RS,0.782,2,2,random,CIFAR10,140,main_b1000_cifar10_alexnet_RS_kp10_seed123,0.1,0.7778,False,0.1,alexnet,0.1,CIFAR10_alexnet_RS_accuracy_kp1000_seed123,123,4000,140,42,accuracy,100123,0.7778,4,0.6535439566612243,5.670263320207596,10,0.6535439566612243,valid,0.7785282586755333,0.7811770182905866,0.7778,100123
RS,0.782,2,2,random,CIFAR10,141,main_b1000_cifar10_alexnet_RS_kp10_seed123,0.1,0.7717,False,0.1,alexnet,0.1,CIFAR10_alexnet_RS_accuracy_kp1000_seed123,123,4000,141,42,accuracy,100123,0.7717,3,0.6665251567840577,5.6253166273236275,10,0.6665251567840577,valid,0.7730720167532534,0.7825547851096933,0.7717,100123
RS,0.782,2,2,random,CIFAR10,142,main_b1000_cifar10_alexnet_RS_kp10_seed123,0.1,0.7753,False,0.1,alexnet,0.1,CIFAR10_alexnet_RS_accuracy_kp1000_seed123,123,4000,142,42,accuracy,100123,0.7753,5,0.6727828337192535,5.622477799654007,10,0.6727828337192535,valid,0.7749456519471558,0.7760618239025263,0.7753,100123
RS,0.782,2,2,random,CIFAR10,143,main_b1000_cifar10_alexnet_RS_kp10_seed123,0.1,0.7791,False,0.1,alexnet,0.1,CIFAR10_alexnet_RS_accuracy_kp1000_seed123,123,4000,143,42,accuracy,100123,0.7791,3,0.6548750204324723,5.594646438956261,10,0.6548750204324723,valid,0.7792786291240287,0.7820914988744001,0.7791,100123
RS,0.782,2,2,random,CIFAR10,144,main_b1000_cifar10_alexnet_RS_kp10_seed123,0.1,0.7721,False,0.1,alexnet,0.1,CIFAR10_alexnet_RS_accuracy_kp1000_seed123,123,4000,144,42,accuracy,100123,0.7721,4,0.6656359808921813,5.59691908955574,10,0.6656359808921813,valid,0.7721153578879123,0.7765090689697611,0.7721,100123
RS,0.782,2,2,random,CIFAR10,145,main_b1000_cifar10_alexnet_RS_kp10_seed123,0.1,0.7721,False,0.1,alexnet,0.1,CIFAR10_alexnet_RS_accuracy_kp1000_seed123,123,4000,145,42,accuracy,100123,0.7721,4,0.6669757525444031,5.626129895448685,10,0.6669757525444031,valid,0.7736408364191646,0.7798995450285282,0.7720999999999999,100123
RS,0.782,2,2,random,CIFAR10,146,main_b1000_cifar10_alexnet_RS_kp10_seed123,0.1,0.7742,False,0.1,alexnet,0.1,CIFAR10_alexnet_RS_accuracy_kp1000_seed123,123,4000,146,42,accuracy,100123,0.7742,3,0.6641100784301758,5.603946454823017,10,0.6641100784301758,valid,0.7739379933842775,0.7795049477921651,0.7742,100123
RS,0.782,2,2,random,CIFAR10,147,main_b1000_cifar10_alexnet_RS_kp10_seed123,0.1,0.763,False,0.1,alexnet,0.1,CIFAR10_alexnet_RS_accuracy_kp1000_seed123,123,4000,147,42,accuracy,100123,0.763,2,0.6716901279449463,5.6247017458081245,10,0.6716901279449463,valid,0.7621447472384353,0.7695533542863847,0.7630000000000001,100123
RS,0.782,2,2,random,CIFAR10,148,main_b1000_cifar10_alexnet_RS_kp10_seed123,0.1,0.775,False,0.1,alexnet,0.1,CIFAR10_alexnet_RS_accuracy_kp1000_seed123,123,4000,148,42,accuracy,100123,0.775,5,0.654492047214508,5.6236007288098335,10,0.654492047214508,valid,0.7746543902032031,0.7758243745805122,0.775,100123
RS,0.782,2,2,random,CIFAR10,149,main_b1000_cifar10_alexnet_RS_kp10_seed123,0.1,0.7684,False,0.1,alexnet,0.1,CIFAR10_alexnet_RS_accuracy_kp1000_seed123,123,4000,149,42,accuracy,100123,0.7684,4,0.668007136297226,5.599951416254044,10,0.668007136297226,valid,0.7679288623754357,0.7711986005428939,0.7684,100123
RS,0.782,2,2,random,CIFAR10,150,main_b1000_cifar10_alexnet_RS_kp10_seed123,0.1,0.7711,False,0.1,alexnet,0.1,CIFAR10_alexnet_RS_accuracy_kp1000_seed123,123,4000,150,42,accuracy,100123,0.7711,3,0.6544327769756317,5.592255346477032,10,0.6544327769756317,valid,0.7716061703300797,0.7775378722061632,0.7710999999999999,100123
RS,0.782,2,2,random,CIFAR10,151,main_b1000_cifar10_alexnet_RS_kp10_seed123,0.1,0.7745,False,0.1,alexnet,0.1,CIFAR10_alexnet_RS_accuracy_kp1000_seed123,123,4000,151,42,accuracy,100123,0.7745,4,0.662388536477089,5.6015195697546005,10,0.662388536477089,valid,0.7732374877299232,0.7760091875621338,0.7745,100123
RS,0.782,2,2,random,CIFAR10,152,main_b1000_cifar10_alexnet_RS_kp10_seed123,0.1,0.7654,False,0.1,alexnet,0.1,CIFAR10_alexnet_RS_accuracy_kp1000_seed123,123,4000,152,42,accuracy,100123,0.7654,2,0.6632448447227478,5.5935299545526505,10,0.6632448447227478,valid,0.7659009931269163,0.7703960362550601,0.7653999999999999,100123
RS,0.782,2,2,random,CIFAR10,153,main_b1000_cifar10_alexnet_RS_kp10_seed123,0.1,0.7729,False,0.1,alexnet,0.1,CIFAR10_alexnet_RS_accuracy_kp1000_seed123,123,4000,153,42,accuracy,100123,0.7729,2,0.6535435009002686,5.588649071753025,10,0.6535435009002686,valid,0.7723094061305154,0.7740107494650623,0.7729000000000001,100123
RS,0.782,2,2,random,CIFAR10,154,main_b1000_cifar10_alexnet_RS_kp10_seed123,0.1,0.7651,False,0.1,alexnet,0.1,CIFAR10_alexnet_RS_accuracy_kp1000_seed123,123,4000,154,42,accuracy,100123,0.7651,3,0.6636350016593933,5.602850429713726,10,0.6636350016593933,valid,0.7648412879820004,0.7713054435316699,0.7651,100123
RS,0.782,2,2,random,CIFAR10,155,main_b1000_cifar10_alexnet_RS_kp10_seed123,0.1,0.7681,False,0.1,alexnet,0.1,CIFAR10_alexnet_RS_accuracy_kp1000_seed123,123,4000,155,42,accuracy,100123,0.7681,3,0.6708843389511109,5.6480064913630486,10,0.6708843389511109,valid,0.7700682491433971,0.7778973929427252,0.7680999999999999,100123
RS,0.782,2,2,random,CIFAR10,156,main_b1000_cifar10_alexnet_RS_kp10_seed123,0.1,0.7765,False,0.1,alexnet,0.1,CIFAR10_alexnet_RS_accuracy_kp1000_seed123,123,4000,156,42,accuracy,100123,0.7765,5,0.6565760555267334,5.664150878787041,10,0.6565760555267334,valid,0.7770342812971585,0.7799062697306427,0.7765000000000001,100123
RS,0.782,2,2,random,CIFAR10,157,main_b1000_cifar10_alexnet_RS_kp10_seed123,0.1,0.7723,False,0.1,alexnet,0.1,CIFAR10_alexnet_RS_accuracy_kp1000_seed123,123,4000,157,42,accuracy,100123,0.7723,3,0.6631757518291473,5.628165736794472,10,0.6631757518291473,valid,0.7737169604005011,0.7787185285449404,0.7723,100123
RS,0.782,2,2,random,CIFAR10,158,main_b1000_cifar10_alexnet_RS_kp10_seed123,0.1,0.7716,False,0.1,alexnet,0.1,CIFAR10_alexnet_RS_accuracy_kp1000_seed123,123,4000,158,42,accuracy,100123,0.7716,4,0.6623640376567841,5.703623943030834,10,0.6623640376567841,valid,0.7700844521866945,0.7755860193588465,0.7716000000000001,100123
RS,0.782,2,2,random,CIFAR10,159,main_b1000_cifar10_alexnet_RS_kp10_seed123,0.1,0.7738,False,0.1,alexnet,0.1,CIFAR10_alexnet_RS_accuracy_kp1000_seed123,123,4000,159,42,accuracy,100123,0.7738,6,0.6668112978935242,5.63792560249567,10,0.6668112978935242,valid,0.7735510435791203,0.776092924982208,0.7737999999999999,100123
RS,0.782,2,2,random,CIFAR10,160,main_b1000_cifar10_alexnet_RS_kp10_seed123,0.1,0.7749,False,0.1,alexnet,0.1,CIFAR10_alexnet_RS_accuracy_kp1000_seed123,123,4000,160,42,accuracy,100123,0.7749,4,0.6599979222774506,5.625974290072918,10,0.6599979222774506,valid,0.7740424011271363,0.776693637656327,0.7748999999999999,100123
RS,0.782,2,2,random,CIFAR10,161,main_b1000_cifar10_alexnet_RS_kp10_seed123,0.1,0.7767,False,0.1,alexnet,0.1,CIFAR10_alexnet_RS_accuracy_kp1000_seed123,123,4000,161,42,accuracy,100123,0.7767,4,0.6606068569660187,5.640498638153076,10,0.6606068569660187,valid,0.7765982984426139,0.779809546590707,0.7767000000000001,100123
RS,0.782,2,2,random,CIFAR10,162,main_b1000_cifar10_alexnet_RS_kp10_seed123,0.1,0.775,False,0.1,alexnet,0.1,CIFAR10_alexnet_RS_accuracy_kp1000_seed123,123,4000,162,42,accuracy,100123,0.775,5,0.665893252658844,5.636753425002098,10,0.665893252658844,valid,0.7756045631864268,0.7778242649393301,0.775,100123
RS,0.782,2,2,random,CIFAR10,163,main_b1000_cifar10_alexnet_RS_kp10_seed123,0.1,0.7736,False,0.1,alexnet,0.1,CIFAR10_alexnet_RS_accuracy_kp1000_seed123,123,4000,163,42,accuracy,100123,0.7736,5,0.6745094680786132,5.608241654932499,10,0.6745094680786132,valid,0.7730453114946062,0.7738305259611067,0.7736000000000001,100123
RS,0.782,2,2,random,CIFAR10,164,main_b1000_cifar10_alexnet_RS_kp10_seed123,0.1,0.7708,False,0.1,alexnet,0.1,CIFAR10_alexnet_RS_accuracy_kp1000_seed123,123,4000,164,42,accuracy,100123,0.7708,5,0.6801367729663849,5.640301316976547,10,0.6801367729663849,valid,0.7712277873870512,0.7729026102595897,0.7708,100123
RS,0.782,2,2,random,CIFAR10,165,main_b1000_cifar10_alexnet_RS_kp10_seed123,0.1,0.7746,False,0.1,alexnet,0.1,CIFAR10_alexnet_RS_accuracy_kp1000_seed123,123,4000,165,42,accuracy,100123,0.7746,4,0.6689465915679932,5.60036414116621,10,0.6689465915679932,valid,0.7744168414032355,0.7795045620605416,0.7745999999999998,100123
RS,0.782,2,2,random,CIFAR10,166,main_b1000_cifar10_alexnet_RS_kp10_seed123,0.1,0.7678,False,0.1,alexnet,0.1,CIFAR10_alexnet_RS_accuracy_kp1000_seed123,123,4000,166,42,accuracy,100123,0.7678,4,0.6717070667266846,5.652534760534763,10,0.6717070667266846,valid,0.7667121647488166,0.7696584648207889,0.7678,100123
RS,0.782,2,2,random,CIFAR10,167,main_b1000_cifar10_alexnet_RS_kp10_seed123,0.1,0.7751,False,0.1,alexnet,0.1,CIFAR10_alexnet_RS_accuracy_kp1000_seed123,123,4000,167,42,accuracy,100123,0.7751,4,0.6591620638847351,5.650514796376228,10,0.6591620638847351,valid,0.7759041442981799,0.7798356416898019,0.7750999999999999,100123
RS,0.782,2,2,random,CIFAR10,168,main_b1000_cifar10_alexnet_RS_kp10_seed123,0.1,0.7727,False,0.1,alexnet,0.1,CIFAR10_alexnet_RS_accuracy_kp1000_seed123,123,4000,168,42,accuracy,100123,0.7727,3,0.6594156056404114,5.606150709092617,10,0.6594156056404114,valid,0.7702195872537752,0.7735769023781155,0.7727,100123
RS,0.782,2,2,random,CIFAR10,169,main_b1000_cifar10_alexnet_RS_kp10_seed123,0.1,0.7652,False,0.1,alexnet,0.1,CIFAR10_alexnet_RS_accuracy_kp1000_seed123,123,4000,169,42,accuracy,100123,0.7652,3,0.6731305405139923,5.631636381149292,10,0.6731305405139923,valid,0.765962268197665,0.7737611448814021,0.7652000000000001,100123
RS,0.782,2,2,random,CIFAR10,170,main_b1000_cifar10_alexnet_RS_kp10_seed123,0.1,0.7683,False,0.1,alexnet,0.1,CIFAR10_alexnet_RS_accuracy_kp1000_seed123,123,4000,170,42,accuracy,100123,0.7683,3,0.6743706457138061,5.604754813015461,10,0.6743706457138061,valid,0.7680435851456916,0.7726919426621872,0.7683,100123
RS,0.782,2,2,random,CIFAR10,171,main_b1000_cifar10_alexnet_RS_kp10_seed123,0.1,0.7718,False,0.1,alexnet,0.1,CIFAR10_alexnet_RS_accuracy_kp1000_seed123,123,4000,171,42,accuracy,100123,0.7718,3,0.6610518142700196,5.606115847826004,10,0.6610518142700196,valid,0.7735245939432698,0.7799089580123247,0.7718,100123
RS,0.782,2,2,random,CIFAR10,172,main_b1000_cifar10_alexnet_RS_kp10_seed123,0.1,0.7712,False,0.1,alexnet,0.1,CIFAR10_alexnet_RS_accuracy_kp1000_seed123,123,4000,172,42,accuracy,100123,0.7712,3,0.6544943719863892,5.602463021874428,10,0.6544943719863892,valid,0.7709382193668943,0.7743642331106999,0.7712000000000001,100123
RS,0.782,2,2,random,CIFAR10,173,main_b1000_cifar10_alexnet_RS_kp10_seed123,0.1,0.7685,False,0.1,alexnet,0.1,CIFAR10_alexnet_RS_accuracy_kp1000_seed123,123,4000,173,42,accuracy,100123,0.7685,3,0.6676740282535553,5.589644178748131,10,0.6676740282535553,valid,0.7694328343009207,0.7795761665463689,0.7685000000000001,100123
RS,0.782,2,2,random,CIFAR10,174,main_b1000_cifar10_alexnet_RS_kp10_seed123,0.1,0.7681,False,0.1,alexnet,0.1,CIFAR10_alexnet_RS_accuracy_kp1000_seed123,123,4000,174,42,accuracy,100123,0.7681,3,0.6658151096820831,5.650698281824589,10,0.6658151096820831,valid,0.768285897522696,0.7746600029681581,0.7681,100123
RS,0.782,2,2,random,CIFAR10,175,main_b1000_cifar10_alexnet_RS_kp10_seed123,0.1,0.7705,False,0.1,alexnet,0.1,CIFAR10_alexnet_RS_accuracy_kp1000_seed123,123,4000,175,42,accuracy,100123,0.7705,3,0.6594102903366089,5.635565400123596,10,0.6594102903366089,valid,0.771585199522195,0.7805779541491218,0.7705,100123
RS,0.782,2,2,random,CIFAR10,176,main_b1000_cifar10_alexnet_RS_kp10_seed123,0.1,0.7729,False,0.1,alexnet,0.1,CIFAR10_alexnet_RS_accuracy_kp1000_seed123,123,4000,176,42,accuracy,100123,0.7729,4,0.6595987888336181,5.637840695679188,10,0.6595987888336181,valid,0.773643886365323,0.7756916189009976,0.7729,100123
RS,0.782,2,2,random,CIFAR10,177,main_b1000_cifar10_alexnet_RS_kp10_seed123,0.1,0.7776,False,0.1,alexnet,0.1,CIFAR10_alexnet_RS_accuracy_kp1000_seed123,123,4000,177,42,accuracy,100123,0.7776,5,0.6597276983737945,5.602830640971661,10,0.6597276983737945,valid,0.7783267116627981,0.7837046963954382,0.7776,100123
RS,0.782,2,2,random,CIFAR10,178,main_b1000_cifar10_alexnet_RS_kp10_seed123,0.1,0.77,False,0.1,alexnet,0.1,CIFAR10_alexnet_RS_accuracy_kp1000_seed123,123,4000,178,42,accuracy,100123,0.77,4,0.6603915228843689,5.626241579651833,10,0.6603915228843689,valid,0.769782586268857,0.7720941561330223,0.77,100123
RS,0.782,2,2,random,CIFAR10,179,main_b1000_cifar10_alexnet_RS_kp10_seed123,0.1,0.77,False,0.1,alexnet,0.1,CIFAR10_alexnet_RS_accuracy_kp1000_seed123,123,4000,179,42,accuracy,100123,0.77,4,0.6731702948570252,5.626345418393612,10,0.6731702948570252,valid,0.7699645550741515,0.773524093353167,0.77,100123
RS,0.782,2,2,random,CIFAR10,180,main_b1000_cifar10_alexnet_RS_kp10_seed123,0.1,0.776,False,0.1,alexnet,0.1,CIFAR10_alexnet_RS_accuracy_kp1000_seed123,123,4000,180,42,accuracy,100123,0.776,4,0.6653258724689484,5.630415551364422,10,0.6653258724689484,valid,0.7766415544030295,0.7789879960805289,0.776,100123
RS,0.782,2,2,random,CIFAR10,181,main_b1000_cifar10_alexnet_RS_kp10_seed123,0.1,0.7674,False,0.1,alexnet,0.1,CIFAR10_alexnet_RS_accuracy_kp1000_seed123,123,4000,181,42,accuracy,100123,0.7674,3,0.6749309778213501,5.609941363334656,10,0.6749309778213501,valid,0.7674633453326857,0.7761155346046074,0.7674,100123
RS,0.782,2,2,random,CIFAR10,182,main_b1000_cifar10_alexnet_RS_kp10_seed123,0.1,0.7714,False,0.1,alexnet,0.1,CIFAR10_alexnet_RS_accuracy_kp1000_seed123,123,4000,182,42,accuracy,100123,0.7714,3,0.6764083752632141,5.6356780752539635,10,0.6764083752632141,valid,0.7718366456954285,0.7765562292955507,0.7714000000000001,100123
RS,0.782,2,2,random,CIFAR10,183,main_b1000_cifar10_alexnet_RS_kp10_seed123,0.1,0.7778,False,0.1,alexnet,0.1,CIFAR10_alexnet_RS_accuracy_kp1000_seed123,123,4000,183,42,accuracy,100123,0.7778,4,0.6520598024368286,5.64960715174675,10,0.6520598024368286,valid,0.778678641842924,0.7813979438278986,0.7778,100123
RS,0.782,2,2,random,CIFAR10,184,main_b1000_cifar10_alexnet_RS_kp10_seed123,0.1,0.7725,False,0.1,alexnet,0.1,CIFAR10_alexnet_RS_accuracy_kp1000_seed123,123,4000,184,42,accuracy,100123,0.7725,3,0.6489620053291321,5.597938656806946,10,0.6489620053291321,valid,0.7730040093264832,0.7748665873617462,0.7725,100123
RS,0.782,2,2,random,CIFAR10,185,main_b1000_cifar10_alexnet_RS_kp10_seed123,0.1,0.7685,False,0.1,alexnet,0.1,CIFAR10_alexnet_RS_accuracy_kp1000_seed123,123,4000,185,42,accuracy,100123,0.7685,2,0.6705308387756348,5.66799933463335,10,0.6705308387756348,valid,0.768353350727723,0.7702177190707821,0.7685000000000001,100123
RS,0.782,2,2,random,CIFAR10,186,main_b1000_cifar10_alexnet_RS_kp10_seed123,0.1,0.7737,False,0.1,alexnet,0.1,CIFAR10_alexnet_RS_accuracy_kp1000_seed123,123,4000,186,42,accuracy,100123,0.7737,3,0.6579747484207153,5.6667905524373055,10,0.6579747484207153,valid,0.7723414654403379,0.7757319085153392,0.7737,100123
RS,0.782,2,2,random,CIFAR10,187,main_b1000_cifar10_alexnet_RS_kp10_seed123,0.1,0.7738,False,0.1,alexnet,0.1,CIFAR10_alexnet_RS_accuracy_kp1000_seed123,123,4000,187,42,accuracy,100123,0.7738,5,0.6551697180271149,5.644398957490921,10,0.6551697180271149,valid,0.7742664383342039,0.776683176115417,0.7738000000000002,100123
RS,0.782,2,2,random,CIFAR10,188,main_b1000_cifar10_alexnet_RS_kp10_seed123,0.1,0.7716,False,0.1,alexnet,0.1,CIFAR10_alexnet_RS_accuracy_kp1000_seed123,123,4000,188,42,accuracy,100123,0.7716,2,0.6546130094528199,5.632101491093636,10,0.6546130094528199,valid,0.7699764663834717,0.7736655038093172,0.7716,100123
RS,0.782,2,2,random,CIFAR10,189,main_b1000_cifar10_alexnet_RS_kp10_seed123,0.1,0.7726,False,0.1,alexnet,0.1,CIFAR10_alexnet_RS_accuracy_kp1000_seed123,123,4000,189,42,accuracy,100123,0.7726,6,0.6640358215332032,5.617705166339874,10,0.6640358215332032,valid,0.772537149486772,0.7739184478036015,0.7726,100123
RS,0.782,2,2,random,CIFAR10,190,main_b1000_cifar10_alexnet_RS_kp10_seed123,0.1,0.7742,False,0.1,alexnet,0.1,CIFAR10_alexnet_RS_accuracy_kp1000_seed123,123,4000,190,42,accuracy,100123,0.7742,4,0.6523074472904206,5.6260721758008,10,0.6523074472904206,valid,0.7742783298553784,0.7759236286416588,0.7742000000000001,100123
RS,0.782,2,2,random,CIFAR10,191,main_b1000_cifar10_alexnet_RS_kp10_seed123,0.1,0.7732,False,0.1,alexnet,0.1,CIFAR10_alexnet_RS_accuracy_kp1000_seed123,123,4000,191,42,accuracy,100123,0.7732,4,0.6811591458320617,5.609649173915386,10,0.6811591458320617,valid,0.7734090018638832,0.7779010295012792,0.7731999999999999,100123
RS,0.782,2,2,random,CIFAR10,192,main_b1000_cifar10_alexnet_RS_kp10_seed123,0.1,0.7723,False,0.1,alexnet,0.1,CIFAR10_alexnet_RS_accuracy_kp1000_seed123,123,4000,192,42,accuracy,100123,0.7723,4,0.6636490337371826,5.597022667527199,10,0.6636490337371826,valid,0.7716064857174507,0.7746999011935007,0.7723000000000001,100123
RS,0.782,2,2,random,CIFAR10,193,main_b1000_cifar10_alexnet_RS_kp10_seed123,0.1,0.7784,False,0.1,alexnet,0.1,CIFAR10_alexnet_RS_accuracy_kp1000_seed123,123,4000,193,42,accuracy,100123,0.7784,4,0.6589132155895233,5.6798355877399445,10,0.6589132155895233,valid,0.7789729235360661,0.7837426772760983,0.7784000000000001,100123
RS,0.782,2,2,random,CIFAR10,194,main_b1000_cifar10_alexnet_RS_kp10_seed123,0.1,0.7679,False,0.1,alexnet,0.1,CIFAR10_alexnet_RS_accuracy_kp1000_seed123,123,4000,194,42,accuracy,100123,0.7679,3,0.6767142875671387,5.668514810502529,10,0.6767142875671387,valid,0.7680628177231246,0.7757413072900767,0.7679,100123
RS,0.782,2,2,random,CIFAR10,195,main_b1000_cifar10_alexnet_RS_kp10_seed123,0.1,0.7733,False,0.1,alexnet,0.1,CIFAR10_alexnet_RS_accuracy_kp1000_seed123,123,4000,195,42,accuracy,100123,0.7733,3,0.6508714961051941,5.6654821783304214,10,0.6508714961051941,valid,0.7730304869839448,0.7781286528626047,0.7733,100123
RS,0.782,2,2,random,CIFAR10,196,main_b1000_cifar10_alexnet_RS_kp10_seed123,0.1,0.7764,False,0.1,alexnet,0.1,CIFAR10_alexnet_RS_accuracy_kp1000_seed123,123,4000,196,42,accuracy,100123,0.7764,5,0.6615004519939423,5.608713753521442,10,0.6615004519939423,valid,0.7755686284460229,0.7761868911368054,0.7764,100123
RS,0.782,2,2,random,CIFAR10,197,main_b1000_cifar10_alexnet_RS_kp10_seed123,0.1,0.769,False,0.1,alexnet,0.1,CIFAR10_alexnet_RS_accuracy_kp1000_seed123,123,4000,197,42,accuracy,100123,0.769,3,0.6657347778320313,5.661523811519146,10,0.6657347778320313,valid,0.7678760839623757,0.769915555175706,0.769,100123
RS,0.782,2,2,random,CIFAR10,198,main_b1000_cifar10_alexnet_RS_kp10_seed123,0.1,0.7702,False,0.1,alexnet,0.1,CIFAR10_alexnet_RS_accuracy_kp1000_seed123,123,4000,198,42,accuracy,100123,0.7702,3,0.6534948517799377,5.612805798649788,10,0.6534948517799377,valid,0.7708687555393255,0.7752452787628233,0.7702000000000001,100123
RS,0.782,2,2,random,CIFAR10,199,main_b1000_cifar10_alexnet_RS_kp10_seed123,0.1,0.769,False,0.1,alexnet,0.1,CIFAR10_alexnet_RS_accuracy_kp1000_seed123,123,4000,199,42,accuracy,100123,0.769,3,0.6600578772068024,5.607221946120262,10,0.6600578772068024,valid,0.7686759310909443,0.7704218063957219,0.769,100123
RS,0.782,2,2,random,CIFAR10,200,main_b1000_cifar10_alexnet_RS_kp10_seed123,0.1,0.7749,False,0.1,alexnet,0.1,CIFAR10_alexnet_RS_accuracy_kp1000_seed123,123,4000,200,42,accuracy,100123,0.7749,4,0.6717456183433532,5.612785413861275,10,0.6717456183433532,valid,0.772811420134461,0.7750193773754896,0.7749,100123
RS,0.782,2,2,random,CIFAR10,201,main_b1000_cifar10_alexnet_RS_kp10_seed123,0.1,0.7676,False,0.1,alexnet,0.1,CIFAR10_alexnet_RS_accuracy_kp1000_seed123,123,4000,201,42,accuracy,100123,0.7676,3,0.6763648005485534,5.594259358942509,10,0.6763648005485534,valid,0.7672973004568449,0.7704398236276825,0.7676000000000001,100123
RS,0.782,2,2,random,CIFAR10,202,main_b1000_cifar10_alexnet_RS_kp10_seed123,0.1,0.7693,False,0.1,alexnet,0.1,CIFAR10_alexnet_RS_accuracy_kp1000_seed123,123,4000,202,42,accuracy,100123,0.7693,3,0.6655135689735413,5.671658784151077,10,0.6655135689735413,valid,0.7691600741159907,0.7745221661916042,0.7693,100123
RS,0.782,2,2,random,CIFAR10,203,main_b1000_cifar10_alexnet_RS_kp10_seed123,0.1,0.7747,False,0.1,alexnet,0.1,CIFAR10_alexnet_RS_accuracy_kp1000_seed123,123,4000,203,42,accuracy,100123,0.7747,3,0.6469787484169006,5.6582311019301414,10,0.6469787484169006,valid,0.775085461507455,0.7798286827397927,0.7747,100123
RS,0.782,2,2,random,CIFAR10,204,main_b1000_cifar10_alexnet_RS_kp10_seed123,0.1,0.7785,False,0.1,alexnet,0.1,CIFAR10_alexnet_RS_accuracy_kp1000_seed123,123,4000,204,42,accuracy,100123,0.7785,6,0.6745808175086975,5.638773836195469,10,0.6745808175086975,valid,0.779136791928586,0.7816987887328117,0.7785,100123
RS,0.782,2,2,random,CIFAR10,205,main_b1000_cifar10_alexnet_RS_kp10_seed123,0.1,0.7707,False,0.1,alexnet,0.1,CIFAR10_alexnet_RS_accuracy_kp1000_seed123,123,4000,205,42,accuracy,100123,0.7707,3,0.6630065383434296,5.664203435182571,10,0.6630065383434296,valid,0.7712432131356429,0.7742925579191471,0.7706999999999999,100123
RS,0.782,2,2,random,CIFAR10,206,main_b1000_cifar10_alexnet_RS_kp10_seed123,0.1,0.7674,False,0.1,alexnet,0.1,CIFAR10_alexnet_RS_accuracy_kp1000_seed123,123,4000,206,42,accuracy,100123,0.7674,3,0.6578333498001099,5.657617278397083,10,0.6578333498001099,valid,0.7676579050254645,0.7690342544539381,0.7674000000000001,100123
RS,0.782,2,2,random,CIFAR10,207,main_b1000_cifar10_alexnet_RS_kp10_seed123,0.1,0.7734,False,0.1,alexnet,0.1,CIFAR10_alexnet_RS_accuracy_kp1000_seed123,123,4000,207,42,accuracy,100123,0.7734,5,0.6682688941478729,5.619732365012169,10,0.6682688941478729,valid,0.7722772293190919,0.7774546907626846,0.7733999999999999,100123
RS,0.782,2,2,random,CIFAR10,208,main_b1000_cifar10_alexnet_RS_kp10_seed123,0.1,0.7737,False,0.1,alexnet,0.1,CIFAR10_alexnet_RS_accuracy_kp1000_seed123,123,4000,208,42,accuracy,100123,0.7737,3,0.6492126292705536,5.616123281419277,10,0.6492126292705536,valid,0.7738833549608857,0.7766788856581921,0.7737,100123
RS,0.782,2,2,random,CIFAR10,209,main_b1000_cifar10_alexnet_RS_kp10_seed123,0.1,0.7772,False,0.1,alexnet,0.1,CIFAR10_alexnet_RS_accuracy_kp1000_seed123,123,4000,209,42,accuracy,100123,0.7772,4,0.6538767176628113,5.614586025476456,10,0.6538767176628113,valid,0.7760449042334738,0.7764055005862222,0.7771999999999999,100123
RS,0.782,2,2,random,CIFAR10,210,main_b1000_cifar10_alexnet_RS_kp10_seed123,0.1,0.7721,False,0.1,alexnet,0.1,CIFAR10_alexnet_RS_accuracy_kp1000_seed123,123,4000,210,42,accuracy,100123,0.7721,3,0.6616652671813965,5.605097569525242,10,0.6616652671813965,valid,0.7733461501881816,0.7786184036437336,0.7721,100123
RS,0.782,2,2,random,CIFAR10,211,main_b1000_cifar10_alexnet_RS_kp10_seed123,0.1,0.7778,False,0.1,alexnet,0.1,CIFAR10_alexnet_RS_accuracy_kp1000_seed123,123,4000,211,42,accuracy,100123,0.7778,4,0.6395336137294769,5.613366067409515,10,0.6395336137294769,valid,0.7780377145379006,0.7798277370538805,0.7777999999999999,100123
RS,0.782,2,2,random,CIFAR10,212,main_b1000_cifar10_alexnet_RS_kp10_seed123,0.1,0.7686,False,0.1,alexnet,0.1,CIFAR10_alexnet_RS_accuracy_kp1000_seed123,123,4000,212,42,accuracy,100123,0.7686,4,0.6688241060733795,5.657165229320526,10,0.6688241060733795,valid,0.7670019380409002,0.7715167355152477,0.7686,100123
RS,0.782,2,2,random,CIFAR10,213,main_b1000_cifar10_alexnet_RS_kp10_seed123,0.1,0.7587,False,0.1,alexnet,0.1,CIFAR10_alexnet_RS_accuracy_kp1000_seed123,123,4000,213,42,accuracy,100123,0.7587,3,0.6930934591770173,5.69111805409193,10,0.6930934591770173,valid,0.7602763468397942,0.7708367697382416,0.7586999999999999,100123
RS,0.782,2,2,random,CIFAR10,214,main_b1000_cifar10_alexnet_RS_kp10_seed123,0.1,0.7614,False,0.1,alexnet,0.1,CIFAR10_alexnet_RS_accuracy_kp1000_seed123,123,4000,214,42,accuracy,100123,0.7614,3,0.67943121342659,5.6501922607421875,10,0.67943121342659,valid,0.7602300020745115,0.7658018700514803,0.7614,100123
RS,0.782,2,2,random,CIFAR10,215,main_b1000_cifar10_alexnet_RS_kp10_seed123,0.1,0.7731,False,0.1,alexnet,0.1,CIFAR10_alexnet_RS_accuracy_kp1000_seed123,123,4000,215,42,accuracy,100123,0.7731,4,0.6590388790607452,5.617361195385456,10,0.6590388790607452,valid,0.7731402743192579,0.7760525540308508,0.7731,100123
RS,0.782,2,2,random,CIFAR10,216,main_b1000_cifar10_alexnet_RS_kp10_seed123,0.1,0.7654,False,0.1,alexnet,0.1,CIFAR10_alexnet_RS_accuracy_kp1000_seed123,123,4000,216,42,accuracy,100123,0.7654,2,0.666129291152954,5.64241785556078,10,0.666129291152954,valid,0.765096796173578,0.7685875761679434,0.7654,100123
RS,0.782,2,2,random,CIFAR10,217,main_b1000_cifar10_alexnet_RS_kp10_seed123,0.1,0.7789,False,0.1,alexnet,0.1,CIFAR10_alexnet_RS_accuracy_kp1000_seed123,123,4000,217,42,accuracy,100123,0.7789,4,0.6504250900268554,5.612311728298664,10,0.6504250900268554,valid,0.7781063724629043,0.7789276850451787,0.7788999999999999,100123
RS,0.782,2,2,random,CIFAR10,218,main_b1000_cifar10_alexnet_RS_kp10_seed123,0.1,0.7711,False,0.1,alexnet,0.1,CIFAR10_alexnet_RS_accuracy_kp1000_seed123,123,4000,218,42,accuracy,100123,0.7711,3,0.6607139988422394,5.612114854156971,10,0.6607139988422394,valid,0.7709128603615769,0.7715909993634997,0.7710999999999999,100123
RS,0.782,2,2,random,CIFAR10,219,main_b1000_cifar10_alexnet_RS_kp10_seed123,0.1,0.7711,False,0.1,alexnet,0.1,CIFAR10_alexnet_RS_accuracy_kp1000_seed123,123,4000,219,42,accuracy,100123,0.7711,3,0.6547020289421082,5.603752300143242,10,0.6547020289421082,valid,0.7719224293681104,0.7781907134325877,0.7711,100123
RS,0.782,2,2,random,CIFAR10,220,main_b1000_cifar10_alexnet_RS_kp10_seed123,0.1,0.7739,False,0.1,alexnet,0.1,CIFAR10_alexnet_RS_accuracy_kp1000_seed123,123,4000,220,42,accuracy,100123,0.7739,7,0.6826728785514832,5.64452239125967,10,0.6826728785514832,valid,0.7735763056891336,0.774212998230403,0.7738999999999999,100123
RS,0.782,2,2,random,CIFAR10,221,main_b1000_cifar10_alexnet_RS_kp10_seed123,0.1,0.7595,False,0.1,alexnet,0.1,CIFAR10_alexnet_RS_accuracy_kp1000_seed123,123,4000,221,42,accuracy,100123,0.7595,2,0.676941596698761,5.668806500732899,10,0.676941596698761,valid,0.7565993919723656,0.7620080824868821,0.7595000000000001,100123
RS,0.782,2,2,random,CIFAR10,222,main_b1000_cifar10_alexnet_RS_kp10_seed123,0.1,0.7734,False,0.1,alexnet,0.1,CIFAR10_alexnet_RS_accuracy_kp1000_seed123,123,4000,222,42,accuracy,100123,0.7734,3,0.6532348737716674,5.686948075890541,10,0.6532348737716674,valid,0.7715915728236842,0.7757831591580008,0.7734,100123
RS,0.782,2,2,random,CIFAR10,223,main_b1000_cifar10_alexnet_RS_kp10_seed123,0.1,0.7688,False,0.1,alexnet,0.1,CIFAR10_alexnet_RS_accuracy_kp1000_seed123,123,4000,223,42,accuracy,100123,0.7688,2,0.6609094648361206,5.6393455266952515,10,0.6609094648361206,valid,0.7682166016389987,0.7698932996662757,0.7687999999999999,100123
RS,0.782,2,2,random,CIFAR10,224,main_b1000_cifar10_alexnet_RS_kp10_seed123,0.1,0.772,False,0.1,alexnet,0.1,CIFAR10_alexnet_RS_accuracy_kp1000_seed123,123,4000,224,42,accuracy,100123,0.772,4,0.6692149222373962,5.6688243225216866,10,0.6692149222373962,valid,0.7705973536631012,0.7723416216869783,0.772,100123
RS,0.782,2,2,random,CIFAR10,225,main_b1000_cifar10_alexnet_RS_kp10_seed123,0.1,0.7664,False,0.1,alexnet,0.1,CIFAR10_alexnet_RS_accuracy_kp1000_seed123,123,4000,225,42,accuracy,100123,0.7664,3,0.6768968925476074,5.632853746414185,10,0.6768968925476074,valid,0.7663988363284349,0.7756798072934585,0.7664000000000001,100123
RS,0.782,2,2,random,CIFAR10,226,main_b1000_cifar10_alexnet_RS_kp10_seed123,0.1,0.774,False,0.1,alexnet,0.1,CIFAR10_alexnet_RS_accuracy_kp1000_seed123,123,4000,226,42,accuracy,100123,0.774,5,0.6714873368263244,5.631602630019188,10,0.6714873368263244,valid,0.773532212405197,0.7774648813818132,0.774,100123
RS,0.782,2,2,random,CIFAR10,227,main_b1000_cifar10_alexnet_RS_kp10_seed123,0.1,0.7743,False,0.1,alexnet,0.1,CIFAR10_alexnet_RS_accuracy_kp1000_seed123,123,4000,227,42,accuracy,100123,0.7743,3,0.6542251245498657,5.626150570809841,10,0.6542251245498657,valid,0.7746312560997992,0.7759417680647753,0.7743,100123
RS,0.782,2,2,random,CIFAR10,228,main_b1000_cifar10_alexnet_RS_kp10_seed123,0.1,0.776,False,0.1,alexnet,0.1,CIFAR10_alexnet_RS_accuracy_kp1000_seed123,123,4000,228,42,accuracy,100123,0.776,7,0.6811974206924438,5.637502275407314,10,0.6811974206924438,valid,0.7763721308592577,0.7784477213931487,0.7760000000000001,100123
RS,0.782,2,2,random,CIFAR10,229,main_b1000_cifar10_alexnet_RS_kp10_seed123,0.1,0.7749,False,0.1,alexnet,0.1,CIFAR10_alexnet_RS_accuracy_kp1000_seed123,123,4000,229,42,accuracy,100123,0.7749,4,0.6569448585033417,5.662138670682907,10,0.6569448585033417,valid,0.7740333904484272,0.7769650699085858,0.7748999999999999,100123
RS,0.782,2,2,random,CIFAR10,230,main_b1000_cifar10_alexnet_RS_kp10_seed123,0.1,0.7725,False,0.1,alexnet,0.1,CIFAR10_alexnet_RS_accuracy_kp1000_seed123,123,4000,230,42,accuracy,100123,0.7725,4,0.659731882429123,5.64910027384758,10,0.659731882429123,valid,0.7730131539869406,0.7773321875884143,0.7725000000000001,100123
RS,0.782,2,2,random,CIFAR10,231,main_b1000_cifar10_alexnet_RS_kp10_seed123,0.1,0.7753,False,0.1,alexnet,0.1,CIFAR10_alexnet_RS_accuracy_kp1000_seed123,123,4000,231,42,accuracy,100123,0.7753,5,0.6672124757766723,5.608912475407124,10,0.6672124757766723,valid,0.7756847841193025,0.7785919237608593,0.7753,100123
RS,0.782,2,2,random,CIFAR10,232,main_b1000_cifar10_alexnet_RS_kp10_seed123,0.1,0.7718,False,0.1,alexnet,0.1,CIFAR10_alexnet_RS_accuracy_kp1000_seed123,123,4000,232,42,accuracy,100123,0.7718,3,0.6548705415725709,5.700413450598717,10,0.6548705415725709,valid,0.771393985321026,0.7726493953359449,0.7718,100123
RS,0.782,2,2,random,CIFAR10,233,main_b1000_cifar10_alexnet_RS_kp10_seed123,0.1,0.7692,False,0.1,alexnet,0.1,CIFAR10_alexnet_RS_accuracy_kp1000_seed123,123,4000,233,42,accuracy,100123,0.7692,2,0.6566418934822082,5.681212216615677,10,0.6566418934822082,valid,0.7691401657430716,0.7714727753434892,0.7692,100123
RS,0.782,2,2,random,CIFAR10,234,main_b1000_cifar10_alexnet_RS_kp10_seed123,0.1,0.7738,False,0.1,alexnet,0.1,CIFAR10_alexnet_RS_accuracy_kp1000_seed123,123,4000,234,42,accuracy,100123,0.7738,4,0.6536235380649567,5.654108546674252,10,0.6536235380649567,valid,0.7747303479861235,0.7786939563764459,0.7738,100123
RS,0.782,2,2,random,CIFAR10,235,main_b1000_cifar10_alexnet_RS_kp10_seed123,0.1,0.765,False,0.1,alexnet,0.1,CIFAR10_alexnet_RS_accuracy_kp1000_seed123,123,4000,235,42,accuracy,100123,0.765,3,0.6692154664039612,5.607362858951092,10,0.6692154664039612,valid,0.7640119521516733,0.7715892298479792,0.765,100123
RS,0.782,2,2,random,CIFAR10,236,main_b1000_cifar10_alexnet_RS_kp10_seed123,0.1,0.7722,False,0.1,alexnet,0.1,CIFAR10_alexnet_RS_accuracy_kp1000_seed123,123,4000,236,42,accuracy,100123,0.7722,5,0.6731294857978821,5.603302791714668,10,0.6731294857978821,valid,0.7715336965864827,0.7783066740952935,0.7722,100123
RS,0.782,2,2,random,CIFAR10,237,main_b1000_cifar10_alexnet_RS_kp10_seed123,0.1,0.7719,False,0.1,alexnet,0.1,CIFAR10_alexnet_RS_accuracy_kp1000_seed123,123,4000,237,42,accuracy,100123,0.7719,3,0.6533250944137573,5.6105617582798,10,0.6533250944137573,valid,0.7718464278375471,0.7743875215329251,0.7718999999999999,100123
RS,0.782,2,2,random,CIFAR10,238,main_b1000_cifar10_alexnet_RS_kp10_seed123,0.1,0.7698,False,0.1,alexnet,0.1,CIFAR10_alexnet_RS_accuracy_kp1000_seed123,123,4000,238,42,accuracy,100123,0.7698,4,0.6675256196022034,5.641166716814041,10,0.6675256196022034,valid,0.7688265819538385,0.7733193981744717,0.7698,100123
RS,0.782,2,2,random,CIFAR10,239,main_b1000_cifar10_alexnet_RS_kp10_seed123,0.1,0.781,False,0.1,alexnet,0.1,CIFAR10_alexnet_RS_accuracy_kp1000_seed123,123,4000,239,42,accuracy,100123,0.781,5,0.657709472155571,5.627891078591347,10,0.657709472155571,valid,0.781171127596192,0.7859956681516032,0.7809999999999999,100123
RS,0.782,2,2,random,CIFAR10,240,main_b1000_cifar10_alexnet_RS_kp10_seed123,0.1,0.7743,False,0.1,alexnet,0.1,CIFAR10_alexnet_RS_accuracy_kp1000_seed123,123,4000,240,42,accuracy,100123,0.7743,4,0.6574625654697418,5.687746047973633,10,0.6574625654697418,valid,0.7738009776493946,0.7761848221216163,0.7743,100123
RS,0.782,2,2,random,CIFAR10,241,main_b1000_cifar10_alexnet_RS_kp10_seed123,0.1,0.7729,False,0.1,alexnet,0.1,CIFAR10_alexnet_RS_accuracy_kp1000_seed123,123,4000,241,42,accuracy,100123,0.7729,5,0.6584051832199097,5.657901257276535,10,0.6584051832199097,valid,0.7723335291543048,0.7734547994046002,0.7728999999999999,100123
RS,0.782,2,2,random,CIFAR10,242,main_b1000_cifar10_alexnet_RS_kp10_seed123,0.1,0.7745,False,0.1,alexnet,0.1,CIFAR10_alexnet_RS_accuracy_kp1000_seed123,123,4000,242,42,accuracy,100123,0.7745,2,0.6538602692127228,5.640856347978115,10,0.6538602692127228,valid,0.7740045557250174,0.7766498203343881,0.7745,100123
RS,0.782,2,2,random,CIFAR10,243,main_b1000_cifar10_alexnet_RS_kp10_seed123,0.1,0.7746,False,0.1,alexnet,0.1,CIFAR10_alexnet_RS_accuracy_kp1000_seed123,123,4000,243,42,accuracy,100123,0.7746,4,0.6690884618282318,5.620734386146069,10,0.6690884618282318,valid,0.7746349632223114,0.7790303017352642,0.7746000000000001,100123
RS,0.782,2,2,random,CIFAR10,244,main_b1000_cifar10_alexnet_RS_kp10_seed123,0.1,0.7707,False,0.1,alexnet,0.1,CIFAR10_alexnet_RS_accuracy_kp1000_seed123,123,4000,244,42,accuracy,100123,0.7707,5,0.6664791584014893,5.650275073945522,10,0.6664791584014893,valid,0.7694256888079888,0.7706531891214612,0.7706999999999999,100123
RS,0.782,2,2,random,CIFAR10,245,main_b1000_cifar10_alexnet_RS_kp10_seed123,0.1,0.7747,False,0.1,alexnet,0.1,CIFAR10_alexnet_RS_accuracy_kp1000_seed123,123,4000,245,42,accuracy,100123,0.7747,4,0.6581663338184357,5.601432986557484,10,0.6581663338184357,valid,0.7740193011496684,0.782330865778714,0.7747,100123
RS,0.782,2,2,random,CIFAR10,246,main_b1000_cifar10_alexnet_RS_kp10_seed123,0.1,0.7757,False,0.1,alexnet,0.1,CIFAR10_alexnet_RS_accuracy_kp1000_seed123,123,4000,246,42,accuracy,100123,0.7757,3,0.6504036505699158,5.607061132788658,10,0.6504036505699158,valid,0.7759272662067562,0.7797347142267684,0.7757,100123
RS,0.782,2,2,random,CIFAR10,247,main_b1000_cifar10_alexnet_RS_kp10_seed123,0.1,0.7723,False,0.1,alexnet,0.1,CIFAR10_alexnet_RS_accuracy_kp1000_seed123,123,4000,247,42,accuracy,100123,0.7723,4,0.6694655990600586,5.629469081759453,10,0.6694655990600586,valid,0.7711450645264127,0.7740405103606813,0.7723,100123
RS,0.782,2,2,random,CIFAR10,248,main_b1000_cifar10_alexnet_RS_kp10_seed123,0.1,0.7574,False,0.1,alexnet,0.1,CIFAR10_alexnet_RS_accuracy_kp1000_seed123,123,4000,248,42,accuracy,100123,0.7574,3,0.6863044961929321,5.622691564261913,10,0.6863044961929321,valid,0.7579900958967732,0.7672810410943589,0.7574,100123
RS,0.782,2,2,random,CIFAR10,249,main_b1000_cifar10_alexnet_RS_kp10_seed123,0.1,0.7762,False,0.1,alexnet,0.1,CIFAR10_alexnet_RS_accuracy_kp1000_seed123,123,4000,249,42,accuracy,100123,0.7762,6,0.680101098537445,5.6580211371183395,10,0.680101098537445,valid,0.7754396704701287,0.7783133163627763,0.7762,100123
RS,0.782,2,2,random,CIFAR10,250,main_b1000_cifar10_alexnet_RS_kp10_seed123,0.1,0.7648,False,0.1,alexnet,0.1,CIFAR10_alexnet_RS_accuracy_kp1000_seed123,123,4000,250,42,accuracy,100123,0.7648,3,0.6768248947143555,5.651105925440788,10,0.6768248947143555,valid,0.7644762677407789,0.7683454424071037,0.7647999999999999,100123
RS,0.782,2,2,random,CIFAR10,251,main_b1000_cifar10_alexnet_RS_kp10_seed123,0.1,0.7729,False,0.1,alexnet,0.1,CIFAR10_alexnet_RS_accuracy_kp1000_seed123,123,4000,251,42,accuracy,100123,0.7729,3,0.6565170705795288,5.699687629938126,10,0.6565170705795288,valid,0.7727562475706363,0.7765771237719803,0.7729,100123
RS,0.782,2,2,random,CIFAR10,252,main_b1000_cifar10_alexnet_RS_kp10_seed123,0.1,0.7683,False,0.1,alexnet,0.1,CIFAR10_alexnet_RS_accuracy_kp1000_seed123,123,4000,252,42,accuracy,100123,0.7683,3,0.6712432427406311,5.691621698439121,10,0.6712432427406311,valid,0.766201461986794,0.768280600574804,0.7683,100123
RS,0.782,2,2,random,CIFAR10,253,main_b1000_cifar10_alexnet_RS_kp10_seed123,0.1,0.773,False,0.1,alexnet,0.1,CIFAR10_alexnet_RS_accuracy_kp1000_seed123,123,4000,253,42,accuracy,100123,0.773,3,0.654176922082901,5.689462162554264,10,0.654176922082901,valid,0.7739937081739015,0.7791654335038556,0.773,100123
RS,0.782,2,2,random,CIFAR10,254,main_b1000_cifar10_alexnet_RS_kp10_seed123,0.1,0.7646,False,0.1,alexnet,0.1,CIFAR10_alexnet_RS_accuracy_kp1000_seed123,123,4000,254,42,accuracy,100123,0.7646,3,0.684442181968689,5.677013009786606,10,0.684442181968689,valid,0.7663756658944061,0.7745060038354449,0.7646,100123
RS,0.782,2,2,random,CIFAR10,255,main_b1000_cifar10_alexnet_RS_kp10_seed123,0.1,0.7745,False,0.1,alexnet,0.1,CIFAR10_alexnet_RS_accuracy_kp1000_seed123,123,4000,255,42,accuracy,100123,0.7745,4,0.6676977511405945,5.636246785521507,10,0.6676977511405945,valid,0.773694303979239,0.7767450414341494,0.7745,100123
RS,0.782,2,2,random,CIFAR10,256,main_b1000_cifar10_alexnet_RS_kp10_seed123,0.1,0.7633,False,0.1,alexnet,0.1,CIFAR10_alexnet_RS_accuracy_kp1000_seed123,123,4000,256,42,accuracy,100123,0.7633,2,0.665819725561142,5.633051417768002,10,0.665819725561142,valid,0.7638034939389816,0.7647559830596861,0.7633,100123
RS,0.782,2,2,random,CIFAR10,257,main_b1000_cifar10_alexnet_RS_kp10_seed123,0.1,0.7707,False,0.1,alexnet,0.1,CIFAR10_alexnet_RS_accuracy_kp1000_seed123,123,4000,257,42,accuracy,100123,0.7707,4,0.6643733212471008,5.646855644881725,10,0.6643733212471008,valid,0.7712572467121358,0.7771850766660405,0.7706999999999999,100123
RS,0.782,2,2,random,CIFAR10,258,main_b1000_cifar10_alexnet_RS_kp10_seed123,0.1,0.7713,False,0.1,alexnet,0.1,CIFAR10_alexnet_RS_accuracy_kp1000_seed123,123,4000,258,42,accuracy,100123,0.7713,5,0.6708262087345124,5.596901595592499,10,0.6708262087345124,valid,0.7706609196641316,0.7720512874548747,0.7713,100123
RS,0.782,2,2,random,CIFAR10,259,main_b1000_cifar10_alexnet_RS_kp10_seed123,0.1,0.7742,False,0.1,alexnet,0.1,CIFAR10_alexnet_RS_accuracy_kp1000_seed123,123,4000,259,42,accuracy,100123,0.7742,4,0.6581596894741059,5.594463117420673,10,0.6581596894741059,valid,0.7736217686724342,0.7781195718592907,0.7742,100123
RS,0.782,2,2,random,CIFAR10,260,main_b1000_cifar10_alexnet_RS_kp10_seed123,0.1,0.7751,False,0.1,alexnet,0.1,CIFAR10_alexnet_RS_accuracy_kp1000_seed123,123,4000,260,42,accuracy,100123,0.7751,3,0.6625736406326294,5.61225138604641,10,0.6625736406326294,valid,0.7734404340504162,0.7754397074919622,0.7750999999999999,100123
RS,0.782,2,2,random,CIFAR10,261,main_b1000_cifar10_alexnet_RS_kp10_seed123,0.1,0.7679,False,0.1,alexnet,0.1,CIFAR10_alexnet_RS_accuracy_kp1000_seed123,123,4000,261,42,accuracy,100123,0.7679,3,0.6569403641700745,5.6020174995064735,10,0.6569403641700745,valid,0.767945813656438,0.7725087711730114,0.7679000000000001,100123
RS,0.782,2,2,random,CIFAR10,262,main_b1000_cifar10_alexnet_RS_kp10_seed123,0.1,0.7739,False,0.1,alexnet,0.1,CIFAR10_alexnet_RS_accuracy_kp1000_seed123,123,4000,262,42,accuracy,100123,0.7739,4,0.6634005447864533,5.561211466789246,10,0.6634005447864533,valid,0.7736628568929033,0.7769715321514397,0.7739,100123
RS,0.782,2,2,random,CIFAR10,263,main_b1000_cifar10_alexnet_RS_kp10_seed123,0.1,0.7681,False,0.1,alexnet,0.1,CIFAR10_alexnet_RS_accuracy_kp1000_seed123,123,4000,263,42,accuracy,100123,0.7681,2,0.6695148477554321,5.5866371393203735,10,0.6695148477554321,valid,0.7677554367308284,0.7716840239473737,0.7680999999999999,100123
RS,0.782,2,2,random,CIFAR10,264,main_b1000_cifar10_alexnet_RS_kp10_seed123,0.1,0.7783,False,0.1,alexnet,0.1,CIFAR10_alexnet_RS_accuracy_kp1000_seed123,123,4000,264,42,accuracy,100123,0.7783,5,0.6577806253433227,5.57788472622633,10,0.6577806253433227,valid,0.7790522026360128,0.7826838947008694,0.7783,100123
RS,0.782,2,2,random,CIFAR10,265,main_b1000_cifar10_alexnet_RS_kp10_seed123,0.1,0.7611,False,0.1,alexnet,0.1,CIFAR10_alexnet_RS_accuracy_kp1000_seed123,123,4000,265,42,accuracy,100123,0.7611,2,0.679925391292572,5.5826475620269775,10,0.679925391292572,valid,0.7604280115749569,0.7679455026937665,0.7611000000000001,100123
RS,0.782,2,2,random,CIFAR10,266,main_b1000_cifar10_alexnet_RS_kp10_seed123,0.1,0.76,False,0.1,alexnet,0.1,CIFAR10_alexnet_RS_accuracy_kp1000_seed123,123,4000,266,42,accuracy,100123,0.76,2,0.6684489854812622,5.580853924155235,10,0.6684489854812622,valid,0.7604195297734799,0.7648698953608789,0.76,100123
RS,0.782,2,2,random,CIFAR10,267,main_b1000_cifar10_alexnet_RS_kp10_seed123,0.1,0.7701,False,0.1,alexnet,0.1,CIFAR10_alexnet_RS_accuracy_kp1000_seed123,123,4000,267,42,accuracy,100123,0.7701,3,0.6601304319381713,5.615608438849449,10,0.6601304319381713,valid,0.7692871980876843,0.7752304552734712,0.7701,100123
RS,0.782,2,2,random,CIFAR10,268,main_b1000_cifar10_alexnet_RS_kp10_seed123,0.1,0.7698,False,0.1,alexnet,0.1,CIFAR10_alexnet_RS_accuracy_kp1000_seed123,123,4000,268,42,accuracy,100123,0.7698,3,0.6671886300563812,5.635626897215843,10,0.6671886300563812,valid,0.7687156635488189,0.7735086668060452,0.7697999999999999,100123
RS,0.782,2,2,random,CIFAR10,269,main_b1000_cifar10_alexnet_RS_kp10_seed123,0.1,0.772,False,0.1,alexnet,0.1,CIFAR10_alexnet_RS_accuracy_kp1000_seed123,123,4000,269,42,accuracy,100123,0.772,4,0.6701761214256287,5.612971633672714,10,0.6701761214256287,valid,0.7721847532635449,0.778717859573746,0.772,100123
RS,0.782,2,2,random,CIFAR10,270,main_b1000_cifar10_alexnet_RS_kp10_seed123,0.1,0.7748,False,0.1,alexnet,0.1,CIFAR10_alexnet_RS_accuracy_kp1000_seed123,123,4000,270,42,accuracy,100123,0.7748,5,0.6628991419792175,5.585945501923561,10,0.6628991419792175,valid,0.7755567272100498,0.7786063400340945,0.7747999999999999,100123
RS,0.782,2,2,random,CIFAR10,271,main_b1000_cifar10_alexnet_RS_kp10_seed123,0.1,0.7714,False,0.1,alexnet,0.1,CIFAR10_alexnet_RS_accuracy_kp1000_seed123,123,4000,271,42,accuracy,100123,0.7714,5,0.6718152376651764,5.5811875611543655,10,0.6718152376651764,valid,0.772377599534876,0.7768099313885917,0.7714,100123
RS,0.782,2,2,random,CIFAR10,272,main_b1000_cifar10_alexnet_RS_kp10_seed123,0.1,0.7626,False,0.1,alexnet,0.1,CIFAR10_alexnet_RS_accuracy_kp1000_seed123,123,4000,272,42,accuracy,100123,0.7626,3,0.6795676173686981,5.60189862549305,10,0.6795676173686981,valid,0.7648521880850021,0.7775970721691268,0.7626,100123
RS,0.782,2,2,random,CIFAR10,273,main_b1000_cifar10_alexnet_RS_kp10_seed123,0.1,0.7744,False,0.1,alexnet,0.1,CIFAR10_alexnet_RS_accuracy_kp1000_seed123,123,4000,273,42,accuracy,100123,0.7744,4,0.6614022226333618,5.580222554504871,10,0.6614022226333618,valid,0.7723990373365212,0.77430125874002,0.7744000000000001,100123
RS,0.782,2,2,random,CIFAR10,274,main_b1000_cifar10_alexnet_RS_kp10_seed123,0.1,0.7677,False,0.1,alexnet,0.1,CIFAR10_alexnet_RS_accuracy_kp1000_seed123,123,4000,274,42,accuracy,100123,0.7677,4,0.6670404704093933,5.580699048936367,10,0.6670404704093933,valid,0.7672985803793637,0.770163235192966,0.7676999999999998,100123
RS,0.782,2,2,random,CIFAR10,275,main_b1000_cifar10_alexnet_RS_kp10_seed123,0.1,0.7761,False,0.1,alexnet,0.1,CIFAR10_alexnet_RS_accuracy_kp1000_seed123,123,4000,275,42,accuracy,100123,0.7761,5,0.6696836799621582,5.584625340998173,10,0.6696836799621582,valid,0.7745920830174704,0.7773274390464782,0.7760999999999999,100123
RS,0.782,2,2,random,CIFAR10,276,main_b1000_cifar10_alexnet_RS_kp10_seed123,0.1,0.7724,False,0.1,alexnet,0.1,CIFAR10_alexnet_RS_accuracy_kp1000_seed123,123,4000,276,42,accuracy,100123,0.7724,4,0.6551029495716095,5.602366648614407,10,0.6551029495716095,valid,0.7740899501408954,0.7801348923477573,0.7724,100123
RS,0.782,2,2,random,CIFAR10,277,main_b1000_cifar10_alexnet_RS_kp10_seed123,0.1,0.7676,False,0.1,alexnet,0.1,CIFAR10_alexnet_RS_accuracy_kp1000_seed123,123,4000,277,42,accuracy,100123,0.7676,4,0.6584389289855958,5.669523477554321,10,0.6584389289855958,valid,0.765870922837354,0.7696871101301129,0.7676000000000001,100123
RS,0.782,2,2,random,CIFAR10,278,main_b1000_cifar10_alexnet_RS_kp10_seed123,0.1,0.7708,False,0.1,alexnet,0.1,CIFAR10_alexnet_RS_accuracy_kp1000_seed123,123,4000,278,42,accuracy,100123,0.7708,2,0.6574646934509277,5.746503047645092,10,0.6574646934509277,valid,0.7701762095031363,0.7712985183970816,0.7708,100123
RS,0.782,2,2,random,CIFAR10,279,main_b1000_cifar10_alexnet_RS_kp10_seed123,0.1,0.7681,False,0.1,alexnet,0.1,CIFAR10_alexnet_RS_accuracy_kp1000_seed123,123,4000,279,42,accuracy,100123,0.7681,3,0.652452008676529,5.659775413572788,10,0.652452008676529,valid,0.7677616649030679,0.7686723059299704,0.7681,100123
RS,0.782,2,2,random,CIFAR10,280,main_b1000_cifar10_alexnet_RS_kp10_seed123,0.1,0.7772,False,0.1,alexnet,0.1,CIFAR10_alexnet_RS_accuracy_kp1000_seed123,123,4000,280,42,accuracy,100123,0.7772,3,0.6406819747447967,5.644683867692947,10,0.6406819747447967,valid,0.7764582858619822,0.7774762379785514,0.7772,100123
RS,0.782,2,2,random,CIFAR10,281,main_b1000_cifar10_alexnet_RS_kp10_seed123,0.1,0.7674,False,0.1,alexnet,0.1,CIFAR10_alexnet_RS_accuracy_kp1000_seed123,123,4000,281,42,accuracy,100123,0.7674,3,0.6597322619915008,5.656242519617081,10,0.6597322619915008,valid,0.7656952149073074,0.7761984968656804,0.7674000000000001,100123
RS,0.782,2,2,random,CIFAR10,282,main_b1000_cifar10_alexnet_RS_kp10_seed123,0.1,0.7679,False,0.1,alexnet,0.1,CIFAR10_alexnet_RS_accuracy_kp1000_seed123,123,4000,282,42,accuracy,100123,0.7679,3,0.6695103590011596,5.657790914177895,10,0.6695103590011596,valid,0.7677480335467435,0.7734273692220428,0.7679000000000001,100123
RS,0.782,2,2,random,CIFAR10,283,main_b1000_cifar10_alexnet_RS_kp10_seed123,0.1,0.7712,False,0.1,alexnet,0.1,CIFAR10_alexnet_RS_accuracy_kp1000_seed123,123,4000,283,42,accuracy,100123,0.7712,3,0.6625343241214752,5.711521662771702,10,0.6625343241214752,valid,0.7693026249751735,0.7709943515172984,0.7712,100123
RS,0.782,2,2,random,CIFAR10,284,main_b1000_cifar10_alexnet_RS_kp10_seed123,0.1,0.7688,False,0.1,alexnet,0.1,CIFAR10_alexnet_RS_accuracy_kp1000_seed123,123,4000,284,42,accuracy,100123,0.7688,3,0.6758277897834778,5.741717770695686,10,0.6758277897834778,valid,0.7713198189239956,0.7801659841296534,0.7688,100123
RS,0.782,2,2,random,CIFAR10,285,main_b1000_cifar10_alexnet_RS_kp10_seed123,0.1,0.7742,False,0.1,alexnet,0.1,CIFAR10_alexnet_RS_accuracy_kp1000_seed123,123,4000,285,42,accuracy,100123,0.7742,6,0.6856337118148804,5.660105586051941,10,0.6856337118148804,valid,0.7747671106597298,0.7763928281903177,0.7742,100123
RS,0.782,2,2,random,CIFAR10,286,main_b1000_cifar10_alexnet_RS_kp10_seed123,0.1,0.7614,False,0.1,alexnet,0.1,CIFAR10_alexnet_RS_accuracy_kp1000_seed123,123,4000,286,42,accuracy,100123,0.7614,3,0.6770377776145935,5.698658764362335,10,0.6770377776145935,valid,0.7600498452243585,0.7633595232301514,0.7614000000000001,100123
RS,0.782,2,2,random,CIFAR10,287,main_b1000_cifar10_alexnet_RS_kp10_seed123,0.1,0.7789,False,0.1,alexnet,0.1,CIFAR10_alexnet_RS_accuracy_kp1000_seed123,123,4000,287,42,accuracy,100123,0.7789,4,0.6524829043865203,5.694494411349297,10,0.6524829043865203,valid,0.7782312833999634,0.7794619508998213,0.7788999999999999,100123
RS,0.782,2,2,random,CIFAR10,288,main_b1000_cifar10_alexnet_RS_kp10_seed123,0.1,0.7662,False,0.1,alexnet,0.1,CIFAR10_alexnet_RS_accuracy_kp1000_seed123,123,4000,288,42,accuracy,100123,0.7662,3,0.6634020012378693,5.7172084376215935,10,0.6634020012378693,valid,0.7665564234243738,0.7688564821466324,0.7662,100123
RS,0.782,2,2,random,CIFAR10,289,main_b1000_cifar10_alexnet_RS_kp10_seed123,0.1,0.7722,False,0.1,alexnet,0.1,CIFAR10_alexnet_RS_accuracy_kp1000_seed123,123,4000,289,42,accuracy,100123,0.7722,3,0.6610480434894562,5.658344641327858,10,0.6610480434894562,valid,0.7713378527294559,0.7735669139057155,0.7722,100123
RS,0.782,2,2,random,CIFAR10,290,main_b1000_cifar10_alexnet_RS_kp10_seed123,0.1,0.7689,False,0.1,alexnet,0.1,CIFAR10_alexnet_RS_accuracy_kp1000_seed123,123,4000,290,42,accuracy,100123,0.7689,5,0.6796049826145172,5.700382612645626,10,0.6796049826145172,valid,0.7694196063003286,0.7710998078123953,0.7689000000000001,100123
RS,0.782,2,2,random,CIFAR10,291,main_b1000_cifar10_alexnet_RS_kp10_seed123,0.1,0.7701,False,0.1,alexnet,0.1,CIFAR10_alexnet_RS_accuracy_kp1000_seed123,123,4000,291,42,accuracy,100123,0.7701,2,0.6596218508243561,5.667136192321777,10,0.6596218508243561,valid,0.7705162154975608,0.7740875212952733,0.7701,100123
RS,0.782,2,2,random,CIFAR10,292,main_b1000_cifar10_alexnet_RS_kp10_seed123,0.1,0.7723,False,0.1,alexnet,0.1,CIFAR10_alexnet_RS_accuracy_kp1000_seed123,123,4000,292,42,accuracy,100123,0.7723,3,0.6548882590293884,5.655241452157497,10,0.6548882590293884,valid,0.7738860930556457,0.7815062715626606,0.7723,100123
RS,0.782,2,2,random,CIFAR10,293,main_b1000_cifar10_alexnet_RS_kp10_seed123,0.1,0.7807,False,0.1,alexnet,0.1,CIFAR10_alexnet_RS_accuracy_kp1000_seed123,123,4000,293,42,accuracy,100123,0.7807,4,0.6379997787475586,5.639227420091629,10,0.6379997787475586,valid,0.7800825212626726,0.7808769402722935,0.7807,100123
RS,0.782,2,2,random,CIFAR10,294,main_b1000_cifar10_alexnet_RS_kp10_seed123,0.1,0.7676,False,0.1,alexnet,0.1,CIFAR10_alexnet_RS_accuracy_kp1000_seed123,123,4000,294,42,accuracy,100123,0.7676,4,0.6738632298946381,5.641410239040852,10,0.6738632298946381,valid,0.7681977141973915,0.774738496665704,0.7676000000000001,100123
RS,0.782,2,2,random,CIFAR10,295,main_b1000_cifar10_alexnet_RS_kp10_seed123,0.1,0.766,False,0.1,alexnet,0.1,CIFAR10_alexnet_RS_accuracy_kp1000_seed123,123,4000,295,42,accuracy,100123,0.766,4,0.6793815390586853,5.665107198059559,10,0.6793815390586853,valid,0.76456897304585,0.7670601924309018,0.766,100123
RS,0.782,2,2,random,CIFAR10,296,main_b1000_cifar10_alexnet_RS_kp10_seed123,0.1,0.7726,False,0.1,alexnet,0.1,CIFAR10_alexnet_RS_accuracy_kp1000_seed123,123,4000,296,42,accuracy,100123,0.7726,3,0.6623877194404602,5.64511901140213,10,0.6623877194404602,valid,0.7714261211752467,0.774796047318788,0.7726000000000001,100123
RS,0.782,2,2,random,CIFAR10,297,main_b1000_cifar10_alexnet_RS_kp10_seed123,0.1,0.7792,False,0.1,alexnet,0.1,CIFAR10_alexnet_RS_accuracy_kp1000_seed123,123,4000,297,42,accuracy,100123,0.7792,4,0.6428345888614655,5.60614600032568,10,0.6428345888614655,valid,0.7779269126027318,0.7816519469579847,0.7792000000000001,100123
RS,0.782,2,2,random,CIFAR10,298,main_b1000_cifar10_alexnet_RS_kp10_seed123,0.1,0.7758,False,0.1,alexnet,0.1,CIFAR10_alexnet_RS_accuracy_kp1000_seed123,123,4000,298,42,accuracy,100123,0.7758,4,0.666403751373291,5.6519085094332695,10,0.666403751373291,valid,0.7756237314130221,0.7811283819283623,0.7758,100123
RS,0.782,2,2,random,CIFAR10,299,main_b1000_cifar10_alexnet_RS_kp10_seed123,0.1,0.775,False,0.1,alexnet,0.1,CIFAR10_alexnet_RS_accuracy_kp1000_seed123,123,4000,299,42,accuracy,100123,0.775,6,0.6692337040662766,5.623963870108128,10,0.6692337040662766,valid,0.774446339030771,0.7758199591740362,0.7749999999999999,100123
RS,0.782,2,2,random,CIFAR10,300,main_b1000_cifar10_alexnet_RS_kp10_seed123,0.1,0.7743,False,0.1,alexnet,0.1,CIFAR10_alexnet_RS_accuracy_kp1000_seed123,123,4000,300,42,accuracy,100123,0.7743,4,0.6606091637611389,5.657410085201263,10,0.6606091637611389,valid,0.7736896020744727,0.7760934756216319,0.7743,100123
RS,0.782,2,2,random,CIFAR10,301,main_b1000_cifar10_alexnet_RS_kp10_seed123,0.1,0.7666,False,0.1,alexnet,0.1,CIFAR10_alexnet_RS_accuracy_kp1000_seed123,123,4000,301,42,accuracy,100123,0.7666,3,0.6704337682247162,5.630127593874931,10,0.6704337682247162,valid,0.7649615659350134,0.767699271818197,0.7666000000000001,100123
RS,0.782,2,2,random,CIFAR10,302,main_b1000_cifar10_alexnet_RS_kp10_seed123,0.1,0.7702,False,0.1,alexnet,0.1,CIFAR10_alexnet_RS_accuracy_kp1000_seed123,123,4000,302,42,accuracy,100123,0.7702,3,0.6647579155921935,5.658797107636929,10,0.6647579155921935,valid,0.7687704491463077,0.77352092417853,0.7702000000000001,100123
RS,0.782,2,2,random,CIFAR10,303,main_b1000_cifar10_alexnet_RS_kp10_seed123,0.1,0.7705,False,0.1,alexnet,0.1,CIFAR10_alexnet_RS_accuracy_kp1000_seed123,123,4000,303,42,accuracy,100123,0.7705,2,0.6621611176490784,5.643652863800526,10,0.6621611176490784,valid,0.7717740227035108,0.7765513097205444,0.7705,100123
RS,0.782,2,2,random,CIFAR10,304,main_b1000_cifar10_alexnet_RS_kp10_seed123,0.1,0.768,False,0.1,alexnet,0.1,CIFAR10_alexnet_RS_accuracy_kp1000_seed123,123,4000,304,42,accuracy,100123,0.768,3,0.6556686588287354,5.658588290214539,10,0.6556686588287354,valid,0.7661691121830284,0.7683147039150161,0.768,100123
RS,0.782,2,2,random,CIFAR10,305,main_b1000_cifar10_alexnet_RS_kp10_seed123,0.1,0.7741,False,0.1,alexnet,0.1,CIFAR10_alexnet_RS_accuracy_kp1000_seed123,123,4000,305,42,accuracy,100123,0.7741,5,0.67046574010849,5.613992318511009,10,0.67046574010849,valid,0.7751658804273232,0.7805861654199288,0.7741,100123
RS,0.782,2,2,random,CIFAR10,306,main_b1000_cifar10_alexnet_RS_kp10_seed123,0.1,0.7748,False,0.1,alexnet,0.1,CIFAR10_alexnet_RS_accuracy_kp1000_seed123,123,4000,306,42,accuracy,100123,0.7748,4,0.6554298155784607,5.653371162712574,10,0.6554298155784607,valid,0.7751781953326529,0.7816672394407255,0.7748,100123
RS,0.782,2,2,random,CIFAR10,307,main_b1000_cifar10_alexnet_RS_kp10_seed123,0.1,0.7702,False,0.1,alexnet,0.1,CIFAR10_alexnet_RS_accuracy_kp1000_seed123,123,4000,307,42,accuracy,100123,0.7702,2,0.6540807896614075,5.613749533891678,10,0.6540807896614075,valid,0.770701267029114,0.7728525168583377,0.7702000000000001,100123
RS,0.782,2,2,random,CIFAR10,308,main_b1000_cifar10_alexnet_RS_kp10_seed123,0.1,0.7644,False,0.1,alexnet,0.1,CIFAR10_alexnet_RS_accuracy_kp1000_seed123,123,4000,308,42,accuracy,100123,0.7644,3,0.6688856533050537,5.618361182510853,10,0.6688856533050537,valid,0.7639842364439223,0.7671457634181806,0.7644,100123
RS,0.782,2,2,random,CIFAR10,309,main_b1000_cifar10_alexnet_RS_kp10_seed123,0.1,0.7769,False,0.1,alexnet,0.1,CIFAR10_alexnet_RS_accuracy_kp1000_seed123,123,4000,309,42,accuracy,100123,0.7769,5,0.6595975389480591,5.584992840886116,10,0.6595975389480591,valid,0.7767369164496145,0.7773075481061793,0.7769,100123
RS,0.782,2,2,random,CIFAR10,310,main_b1000_cifar10_alexnet_RS_kp10_seed123,0.1,0.7699,False,0.1,alexnet,0.1,CIFAR10_alexnet_RS_accuracy_kp1000_seed123,123,4000,310,42,accuracy,100123,0.7699,3,0.6605394648075104,5.586217373609543,10,0.6605394648075104,valid,0.7695579927564188,0.7726046763397669,0.7699,100123
RS,0.782,2,2,random,CIFAR10,311,main_b1000_cifar10_alexnet_RS_kp10_seed123,0.1,0.773,False,0.1,alexnet,0.1,CIFAR10_alexnet_RS_accuracy_kp1000_seed123,123,4000,311,42,accuracy,100123,0.773,4,0.6587464336395263,5.561289869248867,10,0.6587464336395263,valid,0.7722777319742662,0.7751627177724326,0.7729999999999999,100123
RS,0.782,2,2,random,CIFAR10,312,main_b1000_cifar10_alexnet_RS_kp10_seed123,0.1,0.7796,False,0.1,alexnet,0.1,CIFAR10_alexnet_RS_accuracy_kp1000_seed123,123,4000,312,42,accuracy,100123,0.7796,5,0.660863671541214,5.57319051027298,10,0.660863671541214,valid,0.7800371018352177,0.7820024967134088,0.7796,100123
RS,0.782,2,2,random,CIFAR10,313,main_b1000_cifar10_alexnet_RS_kp10_seed123,0.1,0.7638,False,0.1,alexnet,0.1,CIFAR10_alexnet_RS_accuracy_kp1000_seed123,123,4000,313,42,accuracy,100123,0.7638,3,0.6758644185066223,5.577434867620468,10,0.6758644185066223,valid,0.7652951962560698,0.7766531250587934,0.7638,100123
RS,0.782,2,2,random,CIFAR10,314,main_b1000_cifar10_alexnet_RS_kp10_seed123,0.1,0.769,False,0.1,alexnet,0.1,CIFAR10_alexnet_RS_accuracy_kp1000_seed123,123,4000,314,42,accuracy,100123,0.769,4,0.6734047585487366,5.613862879574299,10,0.6734047585487366,valid,0.7666009480991622,0.7720101374017024,0.7689999999999999,100123
RS,0.782,2,2,random,CIFAR10,315,main_b1000_cifar10_alexnet_RS_kp10_seed123,0.1,0.7637,False,0.1,alexnet,0.1,CIFAR10_alexnet_RS_accuracy_kp1000_seed123,123,4000,315,42,accuracy,100123,0.7637,3,0.6667408115386962,5.613668896257877,10,0.6667408115386962,valid,0.7654005645986026,0.7714169233788037,0.7637,100123
RS,0.782,2,2,random,CIFAR10,316,main_b1000_cifar10_alexnet_RS_kp10_seed123,0.1,0.77,False,0.1,alexnet,0.1,CIFAR10_alexnet_RS_accuracy_kp1000_seed123,123,4000,316,42,accuracy,100123,0.77,3,0.6596182438850403,5.571496605873108,10,0.6596182438850403,valid,0.7699509521420294,0.7714195858105153,0.77,100123
RS,0.782,2,2,random,CIFAR10,317,main_b1000_cifar10_alexnet_RS_kp10_seed123,0.1,0.7773,False,0.1,alexnet,0.1,CIFAR10_alexnet_RS_accuracy_kp1000_seed123,123,4000,317,42,accuracy,100123,0.7773,5,0.6610707397937775,5.639464780688286,10,0.6610707397937775,valid,0.7779013342761395,0.7807998714390659,0.7773,100123
RS,0.782,2,2,random,CIFAR10,318,main_b1000_cifar10_alexnet_RS_kp10_seed123,0.1,0.7704,False,0.1,alexnet,0.1,CIFAR10_alexnet_RS_accuracy_kp1000_seed123,123,4000,318,42,accuracy,100123,0.7704,4,0.6755308072090149,5.651632882654667,10,0.6755308072090149,valid,0.7700731326652706,0.7744384485864975,0.7704000000000001,100123
RS,0.782,2,2,random,CIFAR10,319,main_b1000_cifar10_alexnet_RS_kp10_seed123,0.1,0.7753,False,0.1,alexnet,0.1,CIFAR10_alexnet_RS_accuracy_kp1000_seed123,123,4000,319,42,accuracy,100123,0.7753,4,0.6584662003517151,5.647657059133053,10,0.6584662003517151,valid,0.773027652335359,0.776578149145237,0.7752999999999999,100123
RS,0.782,2,2,random,CIFAR10,320,main_b1000_cifar10_alexnet_RS_kp10_seed123,0.1,0.7782,False,0.1,alexnet,0.1,CIFAR10_alexnet_RS_accuracy_kp1000_seed123,123,4000,320,42,accuracy,100123,0.7782,5,0.6512963002681732,5.615911044180393,10,0.6512963002681732,valid,0.7780438866425312,0.7796262818289851,0.7782,100123
RS,0.782,2,2,random,CIFAR10,321,main_b1000_cifar10_alexnet_RS_kp10_seed123,0.1,0.7735,False,0.1,alexnet,0.1,CIFAR10_alexnet_RS_accuracy_kp1000_seed123,123,4000,321,42,accuracy,100123,0.7735,5,0.6700120040893555,5.6044162809848785,10,0.6700120040893555,valid,0.7741738582454429,0.7771900854580376,0.7735,100123
RS,0.782,2,2,random,CIFAR10,322,main_b1000_cifar10_alexnet_RS_kp10_seed123,0.1,0.7803,False,0.1,alexnet,0.1,CIFAR10_alexnet_RS_accuracy_kp1000_seed123,123,4000,322,42,accuracy,100123,0.7803,4,0.6420385271072387,5.6397348791360855,10,0.6420385271072387,valid,0.7803428278627204,0.7816564416127225,0.7803,100123
RS,0.782,2,2,random,CIFAR10,323,main_b1000_cifar10_alexnet_RS_kp10_seed123,0.1,0.7749,False,0.1,alexnet,0.1,CIFAR10_alexnet_RS_accuracy_kp1000_seed123,123,4000,323,42,accuracy,100123,0.7749,4,0.6546861778736115,5.6494579166173935,10,0.6546861778736115,valid,0.7734553952341598,0.7752649443570836,0.7748999999999999,100123
RS,0.782,2,2,random,CIFAR10,324,main_b1000_cifar10_alexnet_RS_kp10_seed123,0.1,0.7699,False,0.1,alexnet,0.1,CIFAR10_alexnet_RS_accuracy_kp1000_seed123,123,4000,324,42,accuracy,100123,0.7699,3,0.6825356392860412,5.616313949227333,10,0.6825356392860412,valid,0.7701187074354943,0.7742892825254615,0.7699,100123
RS,0.782,2,2,random,CIFAR10,325,main_b1000_cifar10_alexnet_RS_kp10_seed123,0.1,0.7793,False,0.1,alexnet,0.1,CIFAR10_alexnet_RS_accuracy_kp1000_seed123,123,4000,325,42,accuracy,100123,0.7793,3,0.6506416542053223,5.6347657814621925,10,0.6506416542053223,valid,0.779280219074901,0.7832012044828657,0.7793000000000001,100123
RS,0.782,2,2,random,CIFAR10,326,main_b1000_cifar10_alexnet_RS_kp10_seed123,0.1,0.7744,False,0.1,alexnet,0.1,CIFAR10_alexnet_RS_accuracy_kp1000_seed123,123,4000,326,42,accuracy,100123,0.7744,6,0.683350838804245,5.66772236675024,10,0.683350838804245,valid,0.774958347525767,0.7782500648580541,0.7744,100123
RS,0.782,2,2,random,CIFAR10,327,main_b1000_cifar10_alexnet_RS_kp10_seed123,0.1,0.759,False,0.1,alexnet,0.1,CIFAR10_alexnet_RS_accuracy_kp1000_seed123,123,4000,327,42,accuracy,100123,0.759,2,0.6817338029384613,5.691054455935955,10,0.6817338029384613,valid,0.7588319521613073,0.7601243740290079,0.7590000000000001,100123
RS,0.782,2,2,random,CIFAR10,328,main_b1000_cifar10_alexnet_RS_kp10_seed123,0.1,0.7635,False,0.1,alexnet,0.1,CIFAR10_alexnet_RS_accuracy_kp1000_seed123,123,4000,328,42,accuracy,100123,0.7635,3,0.6672605154037475,5.618696324527264,10,0.6672605154037475,valid,0.7622810116184752,0.7643495153180384,0.7635,100123
RS,0.782,2,2,random,CIFAR10,329,main_b1000_cifar10_alexnet_RS_kp10_seed123,0.1,0.777,False,0.1,alexnet,0.1,CIFAR10_alexnet_RS_accuracy_kp1000_seed123,123,4000,329,42,accuracy,100123,0.777,4,0.652260645532608,5.622342005372047,10,0.652260645532608,valid,0.7776769275605954,0.7819868399867616,0.7769999999999999,100123
RS,0.782,2,2,random,CIFAR10,330,main_b1000_cifar10_alexnet_RS_kp10_seed123,0.1,0.7705,False,0.1,alexnet,0.1,CIFAR10_alexnet_RS_accuracy_kp1000_seed123,123,4000,330,42,accuracy,100123,0.7705,4,0.6614250777244568,5.630498468875885,10,0.6614250777244568,valid,0.7713421725142039,0.7776022058803332,0.7705,100123
RS,0.782,2,2,random,CIFAR10,331,main_b1000_cifar10_alexnet_RS_kp10_seed123,0.1,0.7646,False,0.1,alexnet,0.1,CIFAR10_alexnet_RS_accuracy_kp1000_seed123,123,4000,331,42,accuracy,100123,0.7646,4,0.6829022291660309,5.6508213728666306,10,0.6829022291660309,valid,0.7645021096053352,0.7708602489826774,0.7646,100123
RS,0.782,2,2,random,CIFAR10,332,main_b1000_cifar10_alexnet_RS_kp10_seed123,0.1,0.7691,False,0.1,alexnet,0.1,CIFAR10_alexnet_RS_accuracy_kp1000_seed123,123,4000,332,42,accuracy,100123,0.7691,2,0.6769618313789367,5.666880138218403,10,0.6769618313789367,valid,0.7696243637971601,0.7725308065063675,0.7691000000000001,100123
RS,0.782,2,2,random,CIFAR10,333,main_b1000_cifar10_alexnet_RS_kp10_seed123,0.1,0.7677,False,0.1,alexnet,0.1,CIFAR10_alexnet_RS_accuracy_kp1000_seed123,123,4000,333,42,accuracy,100123,0.7677,3,0.6677457880020141,5.6572704911231995,10,0.6677457880020141,valid,0.764531294490115,0.7696907015753105,0.7676999999999999,100123
RS,0.782,2,2,random,CIFAR10,334,main_b1000_cifar10_alexnet_RS_kp10_seed123,0.1,0.7662,False,0.1,alexnet,0.1,CIFAR10_alexnet_RS_accuracy_kp1000_seed123,123,4000,334,42,accuracy,100123,0.7662,2,0.664346893787384,5.664513111114502,10,0.664346893787384,valid,0.7658051186403979,0.774208439126508,0.7662,100123
RS,0.782,2,2,random,CIFAR10,335,main_b1000_cifar10_alexnet_RS_kp10_seed123,0.1,0.7764,False,0.1,alexnet,0.1,CIFAR10_alexnet_RS_accuracy_kp1000_seed123,123,4000,335,42,accuracy,100123,0.7764,3,0.6524992836475372,5.656073093414307,10,0.6524992836475372,valid,0.7773090209458438,0.7835681177924846,0.7764,100123
RS,0.782,2,2,random,CIFAR10,336,main_b1000_cifar10_alexnet_RS_kp10_seed123,0.1,0.773,False,0.1,alexnet,0.1,CIFAR10_alexnet_RS_accuracy_kp1000_seed123,123,4000,336,42,accuracy,100123,0.773,4,0.6613668396949768,5.672540567815304,10,0.6613668396949768,valid,0.7725318354639981,0.7775043315335494,0.773,100123
RS,0.782,2,2,random,CIFAR10,337,main_b1000_cifar10_alexnet_RS_kp10_seed123,0.1,0.7763,False,0.1,alexnet,0.1,CIFAR10_alexnet_RS_accuracy_kp1000_seed123,123,4000,337,42,accuracy,100123,0.7763,4,0.6663099699497222,5.69947425276041,10,0.6663099699497222,valid,0.7756737342602416,0.7762573298340909,0.7763,100123
RS,0.782,2,2,random,CIFAR10,338,main_b1000_cifar10_alexnet_RS_kp10_seed123,0.1,0.7744,False,0.1,alexnet,0.1,CIFAR10_alexnet_RS_accuracy_kp1000_seed123,123,4000,338,42,accuracy,100123,0.7744,4,0.662574449968338,5.6963979080319405,10,0.662574449968338,valid,0.773479013977425,0.7773423503575916,0.7743999999999999,100123
RS,0.782,2,2,random,CIFAR10,339,main_b1000_cifar10_alexnet_RS_kp10_seed123,0.1,0.7748,False,0.1,alexnet,0.1,CIFAR10_alexnet_RS_accuracy_kp1000_seed123,123,4000,339,42,accuracy,100123,0.7748,3,0.6604559204101562,5.653733968734741,10,0.6604559204101562,valid,0.7741466980611934,0.7752095204640737,0.7748,100123
RS,0.782,2,2,random,CIFAR10,340,main_b1000_cifar10_alexnet_RS_kp10_seed123,0.1,0.7709,False,0.1,alexnet,0.1,CIFAR10_alexnet_RS_accuracy_kp1000_seed123,123,4000,340,42,accuracy,100123,0.7709,4,0.6755777241230011,5.666742421686649,10,0.6755777241230011,valid,0.7708908377914014,0.7790251942827556,0.7708999999999999,100123
RS,0.782,2,2,random,CIFAR10,341,main_b1000_cifar10_alexnet_RS_kp10_seed123,0.1,0.7708,False,0.1,alexnet,0.1,CIFAR10_alexnet_RS_accuracy_kp1000_seed123,123,4000,341,42,accuracy,100123,0.7708,4,0.6566561507701874,5.673106700181961,10,0.6566561507701874,valid,0.7713798015060297,0.7741758124798336,0.7707999999999999,100123
RS,0.782,2,2,random,CIFAR10,342,main_b1000_cifar10_alexnet_RS_kp10_seed123,0.1,0.7672,False,0.1,alexnet,0.1,CIFAR10_alexnet_RS_accuracy_kp1000_seed123,123,4000,342,42,accuracy,100123,0.7672,3,0.6728012163639069,5.703938283026218,10,0.6728012163639069,valid,0.7665160162996341,0.7709555634270111,0.7672,100123
RS,0.782,2,2,random,CIFAR10,343,main_b1000_cifar10_alexnet_RS_kp10_seed123,0.1,0.7654,False,0.1,alexnet,0.1,CIFAR10_alexnet_RS_accuracy_kp1000_seed123,123,4000,343,42,accuracy,100123,0.7654,3,0.6757308307647705,5.68150232732296,10,0.6757308307647705,valid,0.7637637144969877,0.769494825526186,0.7654,100123
RS,0.782,2,2,random,CIFAR10,344,main_b1000_cifar10_alexnet_RS_kp10_seed123,0.1,0.7676,False,0.1,alexnet,0.1,CIFAR10_alexnet_RS_accuracy_kp1000_seed123,123,4000,344,42,accuracy,100123,0.7676,4,0.6643649409294129,5.648095086216927,10,0.6643649409294129,valid,0.7655630368934482,0.7686037653116415,0.7676000000000001,100123
RS,0.782,2,2,random,CIFAR10,345,main_b1000_cifar10_alexnet_RS_kp10_seed123,0.1,0.7725,False,0.1,alexnet,0.1,CIFAR10_alexnet_RS_accuracy_kp1000_seed123,123,4000,345,42,accuracy,100123,0.7725,4,0.6605406881332397,5.643030367791653,10,0.6605406881332397,valid,0.7729490605525884,0.7749679148236317,0.7725000000000001,100123
RS,0.782,2,2,random,CIFAR10,346,main_b1000_cifar10_alexnet_RS_kp10_seed123,0.1,0.765,False,0.1,alexnet,0.1,CIFAR10_alexnet_RS_accuracy_kp1000_seed123,123,4000,346,42,accuracy,100123,0.765,4,0.6752510888099671,5.64552828669548,10,0.6752510888099671,valid,0.7631573715848445,0.7687416892107095,0.7649999999999999,100123
RS,0.782,2,2,random,CIFAR10,347,main_b1000_cifar10_alexnet_RS_kp10_seed123,0.1,0.776,False,0.1,alexnet,0.1,CIFAR10_alexnet_RS_accuracy_kp1000_seed123,123,4000,347,42,accuracy,100123,0.776,4,0.6437792882442475,5.6298229321837425,10,0.6437792882442475,valid,0.7764114574087881,0.7795564891405171,0.776,100123
RS,0.7826,348,348,random,CIFAR10,348,main_b1000_cifar10_alexnet_RS_kp10_seed123,0.1,0.7826,True,0.1,alexnet,0.1,CIFAR10_alexnet_RS_accuracy_kp1000_seed123,123,4000,348,42,accuracy,100123,0.7826,5,0.6556483655929566,5.65584659576416,10,0.6556483655929566,valid,0.7829131186948619,0.7861484317341124,0.7826,100123
RS,0.7826,348,348,random,CIFAR10,349,main_b1000_cifar10_alexnet_RS_kp10_seed123,0.1,0.7756,False,0.1,alexnet,0.1,CIFAR10_alexnet_RS_accuracy_kp1000_seed123,123,4000,349,42,accuracy,100123,0.7756,4,0.6595962217330933,5.616496354341507,10,0.6595962217330933,valid,0.7763268753824966,0.7811937294766389,0.7756000000000001,100123
RS,0.7826,348,348,random,CIFAR10,350,main_b1000_cifar10_alexnet_RS_kp10_seed123,0.1,0.7723,False,0.1,alexnet,0.1,CIFAR10_alexnet_RS_accuracy_kp1000_seed123,123,4000,350,42,accuracy,100123,0.7723,5,0.6741275849342346,5.674631953239441,10,0.6741275849342346,valid,0.7713843883783257,0.7730018265302554,0.7722999999999999,100123
RS,0.7826,348,348,random,CIFAR10,351,main_b1000_cifar10_alexnet_RS_kp10_seed123,0.1,0.771,False,0.1,alexnet,0.1,CIFAR10_alexnet_RS_accuracy_kp1000_seed123,123,4000,351,42,accuracy,100123,0.771,4,0.6758772960662842,5.654167078435421,10,0.6758772960662842,valid,0.7725890139406136,0.7792873297254327,0.771,100123
RS,0.7826,348,348,random,CIFAR10,352,main_b1000_cifar10_alexnet_RS_kp10_seed123,0.1,0.7759,False,0.1,alexnet,0.1,CIFAR10_alexnet_RS_accuracy_kp1000_seed123,123,4000,352,42,accuracy,100123,0.7759,5,0.6611726809501648,5.6906855925917625,10,0.6611726809501648,valid,0.7758109449058369,0.7773363574642123,0.7758999999999999,100123
RS,0.7826,348,348,random,CIFAR10,353,main_b1000_cifar10_alexnet_RS_kp10_seed123,0.1,0.7649,False,0.1,alexnet,0.1,CIFAR10_alexnet_RS_accuracy_kp1000_seed123,123,4000,353,42,accuracy,100123,0.7649,3,0.6771612807273865,5.7104097828269005,10,0.6771612807273865,valid,0.7664081186085847,0.7741402187769102,0.7649,100123
RS,0.7826,348,348,random,CIFAR10,354,main_b1000_cifar10_alexnet_RS_kp10_seed123,0.1,0.7669,False,0.1,alexnet,0.1,CIFAR10_alexnet_RS_accuracy_kp1000_seed123,123,4000,354,42,accuracy,100123,0.7669,2,0.6640394419670105,5.695294812321663,10,0.6640394419670105,valid,0.7657867683931443,0.768440719463269,0.7669,100123
RS,0.7826,348,348,random,CIFAR10,355,main_b1000_cifar10_alexnet_RS_kp10_seed123,0.1,0.7768,False,0.1,alexnet,0.1,CIFAR10_alexnet_RS_accuracy_kp1000_seed123,123,4000,355,42,accuracy,100123,0.7768,4,0.6416008810997009,5.6761282458901405,10,0.6416008810997009,valid,0.7773782471188152,0.7811341736668556,0.7768,100123
RS,0.7826,348,348,random,CIFAR10,356,main_b1000_cifar10_alexnet_RS_kp10_seed123,0.1,0.781,False,0.1,alexnet,0.1,CIFAR10_alexnet_RS_accuracy_kp1000_seed123,123,4000,356,42,accuracy,100123,0.781,5,0.6492847412109375,5.645359329879284,10,0.6492847412109375,valid,0.7819755170076838,0.787800794223876,0.7809999999999999,100123
RS,0.7826,348,348,random,CIFAR10,357,main_b1000_cifar10_alexnet_RS_kp10_seed123,0.1,0.7749,False,0.1,alexnet,0.1,CIFAR10_alexnet_RS_accuracy_kp1000_seed123,123,4000,357,42,accuracy,100123,0.7749,4,0.6640456475257873,5.672412775456905,10,0.6640456475257873,valid,0.7757806749297071,0.7791544574311537,0.7748999999999999,100123
RS,0.7826,348,348,random,CIFAR10,358,main_b1000_cifar10_alexnet_RS_kp10_seed123,0.1,0.782,False,0.1,alexnet,0.1,CIFAR10_alexnet_RS_accuracy_kp1000_seed123,123,4000,358,42,accuracy,100123,0.782,4,0.64699734582901,5.646482519805431,10,0.64699734582901,valid,0.7829538908571255,0.7893313304227528,0.7819999999999999,100123
RS,0.7826,348,348,random,CIFAR10,359,main_b1000_cifar10_alexnet_RS_kp10_seed123,0.1,0.7796,False,0.1,alexnet,0.1,CIFAR10_alexnet_RS_accuracy_kp1000_seed123,123,4000,359,42,accuracy,100123,0.7796,5,0.6647848191261292,5.678981028497219,10,0.6647848191261292,valid,0.779768456879548,0.7830900406102389,0.7796000000000001,100123
RS,0.7826,348,348,random,CIFAR10,360,main_b1000_cifar10_alexnet_RS_kp10_seed123,0.1,0.7637,False,0.1,alexnet,0.1,CIFAR10_alexnet_RS_accuracy_kp1000_seed123,123,4000,360,42,accuracy,100123,0.7637,2,0.6801656181335449,5.681357868015766,10,0.6801656181335449,valid,0.7644124774135784,0.7705926464911678,0.7636999999999999,100123
RS,0.7826,348,348,random,CIFAR10,361,main_b1000_cifar10_alexnet_RS_kp10_seed123,0.1,0.7717,False,0.1,alexnet,0.1,CIFAR10_alexnet_RS_accuracy_kp1000_seed123,123,4000,361,42,accuracy,100123,0.7717,4,0.6719502654075623,5.712991185486317,10,0.6719502654075623,valid,0.7729290434944136,0.7783876659509249,0.7717,100123
RS,0.7826,348,348,random,CIFAR10,362,main_b1000_cifar10_alexnet_RS_kp10_seed123,0.1,0.7766,False,0.1,alexnet,0.1,CIFAR10_alexnet_RS_accuracy_kp1000_seed123,123,4000,362,42,accuracy,100123,0.7766,5,0.6586069670677185,5.708818294107914,10,0.6586069670677185,valid,0.7758670503037499,0.7769788478203226,0.7766,100123
RS,0.7826,348,348,random,CIFAR10,363,main_b1000_cifar10_alexnet_RS_kp10_seed123,0.1,0.7773,False,0.1,alexnet,0.1,CIFAR10_alexnet_RS_accuracy_kp1000_seed123,123,4000,363,42,accuracy,100123,0.7773,4,0.654005702829361,5.667623683810234,10,0.654005702829361,valid,0.7762904199013322,0.779674196466025,0.7773000000000001,100123
RS,0.7826,348,348,random,CIFAR10,364,main_b1000_cifar10_alexnet_RS_kp10_seed123,0.1,0.7792,False,0.1,alexnet,0.1,CIFAR10_alexnet_RS_accuracy_kp1000_seed123,123,4000,364,42,accuracy,100123,0.7792,5,0.6597136203765869,5.6856701746582985,10,0.6597136203765869,valid,0.778795785587764,0.7817561710282049,0.7792000000000001,100123
RS,0.7826,348,348,random,CIFAR10,365,main_b1000_cifar10_alexnet_RS_kp10_seed123,0.1,0.7727,False,0.1,alexnet,0.1,CIFAR10_alexnet_RS_accuracy_kp1000_seed123,123,4000,365,42,accuracy,100123,0.7727,4,0.6652816827297211,5.647712126374245,10,0.6652816827297211,valid,0.7735739627941249,0.7782185078731043,0.7727,100123
RS,0.7826,348,348,random,CIFAR10,366,main_b1000_cifar10_alexnet_RS_kp10_seed123,0.1,0.7704,False,0.1,alexnet,0.1,CIFAR10_alexnet_RS_accuracy_kp1000_seed123,123,4000,366,42,accuracy,100123,0.7704,3,0.6705779114246369,5.665112771093845,10,0.6705779114246369,valid,0.7699942795490484,0.7766883135163537,0.7704,100123
RS,0.7826,348,348,random,CIFAR10,367,main_b1000_cifar10_alexnet_RS_kp10_seed123,0.1,0.7758,False,0.1,alexnet,0.1,CIFAR10_alexnet_RS_accuracy_kp1000_seed123,123,4000,367,42,accuracy,100123,0.7758,4,0.6514231571674347,5.644924379885197,10,0.6514231571674347,valid,0.7764187527457237,0.7816340844249617,0.7758,100123
RS,0.7826,348,348,random,CIFAR10,368,main_b1000_cifar10_alexnet_RS_kp10_seed123,0.1,0.773,False,0.1,alexnet,0.1,CIFAR10_alexnet_RS_accuracy_kp1000_seed123,123,4000,368,42,accuracy,100123,0.773,3,0.6545523869037628,5.706595227122307,10,0.6545523869037628,valid,0.7729566871371526,0.7754240109650187,0.773,100123
RS,0.7826,348,348,random,CIFAR10,369,main_b1000_cifar10_alexnet_RS_kp10_seed123,0.1,0.7669,False,0.1,alexnet,0.1,CIFAR10_alexnet_RS_accuracy_kp1000_seed123,123,4000,369,42,accuracy,100123,0.7669,4,0.6758895277500152,5.68169891089201,10,0.6758895277500152,valid,0.7684652994548427,0.7755149372236861,0.7669,100123
RS,0.7826,348,348,random,CIFAR10,370,main_b1000_cifar10_alexnet_RS_kp10_seed123,0.1,0.7777,False,0.1,alexnet,0.1,CIFAR10_alexnet_RS_accuracy_kp1000_seed123,123,4000,370,42,accuracy,100123,0.7777,5,0.6591027162075043,5.662646450102329,10,0.6591027162075043,valid,0.776782965028348,0.7771348765228097,0.7777000000000001,100123
RS,0.7826,348,348,random,CIFAR10,371,main_b1000_cifar10_alexnet_RS_kp10_seed123,0.1,0.7672,False,0.1,alexnet,0.1,CIFAR10_alexnet_RS_accuracy_kp1000_seed123,123,4000,371,42,accuracy,100123,0.7672,5,0.6835640593528748,5.623679265379906,10,0.6835640593528748,valid,0.7659093713037464,0.7693226567167457,0.7672,100123
RS,0.7826,348,348,random,CIFAR10,372,main_b1000_cifar10_alexnet_RS_kp10_seed123,0.1,0.7715,False,0.1,alexnet,0.1,CIFAR10_alexnet_RS_accuracy_kp1000_seed123,123,4000,372,42,accuracy,100123,0.7715,5,0.675300473356247,5.667573846876621,10,0.675300473356247,valid,0.7726186041111383,0.7771978804681542,0.7715000000000001,100123
RS,0.7826,348,348,random,CIFAR10,373,main_b1000_cifar10_alexnet_RS_kp10_seed123,0.1,0.778,False,0.1,alexnet,0.1,CIFAR10_alexnet_RS_accuracy_kp1000_seed123,123,4000,373,42,accuracy,100123,0.778,4,0.6484754734516144,5.66761390119791,10,0.6484754734516144,valid,0.7787281810759519,0.7812833613226317,0.7779999999999999,100123
RS,0.7826,348,348,random,CIFAR10,374,main_b1000_cifar10_alexnet_RS_kp10_seed123,0.1,0.7645,False,0.1,alexnet,0.1,CIFAR10_alexnet_RS_accuracy_kp1000_seed123,123,4000,374,42,accuracy,100123,0.7645,2,0.6625061278820038,5.638095751404762,10,0.6625061278820038,valid,0.7659252401617495,0.772200284621871,0.7645000000000001,100123
RS,0.7826,348,348,random,CIFAR10,375,main_b1000_cifar10_alexnet_RS_kp10_seed123,0.1,0.7607,False,0.1,alexnet,0.1,CIFAR10_alexnet_RS_accuracy_kp1000_seed123,123,4000,375,42,accuracy,100123,0.7607,3,0.6731230669021606,5.648387283086777,10,0.6731230669021606,valid,0.7609288534703157,0.7674674644658002,0.7607000000000002,100123
RS,0.7826,348,348,random,CIFAR10,376,main_b1000_cifar10_alexnet_RS_kp10_seed123,0.1,0.7707,False,0.1,alexnet,0.1,CIFAR10_alexnet_RS_accuracy_kp1000_seed123,123,4000,376,42,accuracy,100123,0.7707,4,0.6725284383773804,5.665620863437653,10,0.6725284383773804,valid,0.7711608232441023,0.7727922809531627,0.7707,100123
RS,0.7826,348,348,random,CIFAR10,377,main_b1000_cifar10_alexnet_RS_kp10_seed123,0.1,0.7698,False,0.1,alexnet,0.1,CIFAR10_alexnet_RS_accuracy_kp1000_seed123,123,4000,377,42,accuracy,100123,0.7698,4,0.666538086605072,5.66342281550169,10,0.666538086605072,valid,0.7691163026691162,0.7735239490960115,0.7698,100123
RS,0.7826,348,348,random,CIFAR10,378,main_b1000_cifar10_alexnet_RS_kp10_seed123,0.1,0.7733,False,0.1,alexnet,0.1,CIFAR10_alexnet_RS_accuracy_kp1000_seed123,123,4000,378,42,accuracy,100123,0.7733,3,0.6553334440231323,5.671055540442467,10,0.6553334440231323,valid,0.772875291346231,0.7740920483249095,0.7733,100123
RS,0.7826,348,348,random,CIFAR10,379,main_b1000_cifar10_alexnet_RS_kp10_seed123,0.1,0.772,False,0.1,alexnet,0.1,CIFAR10_alexnet_RS_accuracy_kp1000_seed123,123,4000,379,42,accuracy,100123,0.772,5,0.6792317389011383,5.658568650484085,10,0.6792317389011383,valid,0.771279143106474,0.7761871637442985,0.772,100123
RS,0.7826,348,348,random,CIFAR10,380,main_b1000_cifar10_alexnet_RS_kp10_seed123,0.1,0.7739,False,0.1,alexnet,0.1,CIFAR10_alexnet_RS_accuracy_kp1000_seed123,123,4000,380,42,accuracy,100123,0.7739,3,0.6597105147361756,5.657347932457924,10,0.6597105147361756,valid,0.7725367428356942,0.7779479121204904,0.7739,100123
RS,0.7826,348,348,random,CIFAR10,381,main_b1000_cifar10_alexnet_RS_kp10_seed123,0.1,0.7718,False,0.1,alexnet,0.1,CIFAR10_alexnet_RS_accuracy_kp1000_seed123,123,4000,381,42,accuracy,100123,0.7718,4,0.6683047652244568,5.696534655988216,10,0.6683047652244568,valid,0.7735621046764939,0.781304808558831,0.7717999999999999,100123
RS,0.7826,348,348,random,CIFAR10,382,main_b1000_cifar10_alexnet_RS_kp10_seed123,0.1,0.7736,False,0.1,alexnet,0.1,CIFAR10_alexnet_RS_accuracy_kp1000_seed123,123,4000,382,42,accuracy,100123,0.7736,3,0.6557960209846496,5.695415340363979,10,0.6557960209846496,valid,0.7737561622076694,0.7773958778518073,0.7736000000000001,100123
RS,0.7826,348,348,random,CIFAR10,383,main_b1000_cifar10_alexnet_RS_kp10_seed123,0.1,0.7705,False,0.1,alexnet,0.1,CIFAR10_alexnet_RS_accuracy_kp1000_seed123,123,4000,383,42,accuracy,100123,0.7705,2,0.6509032486915588,5.631391853094101,10,0.6509032486915588,valid,0.7699195970697363,0.7707119619747258,0.7705,100123
RS,0.7826,348,348,random,CIFAR10,384,main_b1000_cifar10_alexnet_RS_kp10_seed123,0.1,0.7716,False,0.1,alexnet,0.1,CIFAR10_alexnet_RS_accuracy_kp1000_seed123,123,4000,384,42,accuracy,100123,0.7716,3,0.6489095496177674,5.697608187794685,10,0.6489095496177674,valid,0.7712357428824455,0.7757777871458403,0.7716000000000001,100123
RS,0.7826,348,348,random,CIFAR10,385,main_b1000_cifar10_alexnet_RS_kp10_seed123,0.1,0.772,False,0.1,alexnet,0.1,CIFAR10_alexnet_RS_accuracy_kp1000_seed123,123,4000,385,42,accuracy,100123,0.772,3,0.654192401599884,5.688574366271496,10,0.654192401599884,valid,0.7734412866572203,0.7782765762397883,0.772,100123
RS,0.7826,348,348,random,CIFAR10,386,main_b1000_cifar10_alexnet_RS_kp10_seed123,0.1,0.771,False,0.1,alexnet,0.1,CIFAR10_alexnet_RS_accuracy_kp1000_seed123,123,4000,386,42,accuracy,100123,0.771,3,0.6687258247375488,5.664296865463257,10,0.6687258247375488,valid,0.770894193374431,0.7758420919414337,0.771,100123
RS,0.7826,348,348,random,CIFAR10,387,main_b1000_cifar10_alexnet_RS_kp10_seed123,0.1,0.7761,False,0.1,alexnet,0.1,CIFAR10_alexnet_RS_accuracy_kp1000_seed123,123,4000,387,42,accuracy,100123,0.7761,5,0.6670636518478393,5.655616246163845,10,0.6670636518478393,valid,0.7754576617753386,0.777205705526628,0.7761,100123
RS,0.7826,348,348,random,CIFAR10,388,main_b1000_cifar10_alexnet_RS_kp10_seed123,0.1,0.7712,False,0.1,alexnet,0.1,CIFAR10_alexnet_RS_accuracy_kp1000_seed123,123,4000,388,42,accuracy,100123,0.7712,3,0.6654091326236725,5.680751599371433,10,0.6654091326236725,valid,0.7701689924452397,0.7737297978537654,0.7712,100123
RS,0.7826,348,348,random,CIFAR10,389,main_b1000_cifar10_alexnet_RS_kp10_seed123,0.1,0.774,False,0.1,alexnet,0.1,CIFAR10_alexnet_RS_accuracy_kp1000_seed123,123,4000,389,42,accuracy,100123,0.774,4,0.6608711533069611,5.753919824957848,10,0.6608711533069611,valid,0.7743837678973519,0.7765265418773216,0.774,100123
RS,0.7826,348,348,random,CIFAR10,390,main_b1000_cifar10_alexnet_RS_kp10_seed123,0.1,0.7741,False,0.1,alexnet,0.1,CIFAR10_alexnet_RS_accuracy_kp1000_seed123,123,4000,390,42,accuracy,100123,0.7741,4,0.6678035264015197,5.72013146430254,10,0.6678035264015197,valid,0.7736642803719039,0.7740692857127536,0.7741,100123
RS,0.7826,348,348,random,CIFAR10,391,main_b1000_cifar10_alexnet_RS_kp10_seed123,0.1,0.7758,False,0.1,alexnet,0.1,CIFAR10_alexnet_RS_accuracy_kp1000_seed123,123,4000,391,42,accuracy,100123,0.7758,7,0.6775322518348694,5.704754032194614,10,0.6775322518348694,valid,0.7771106478750579,0.7812892245486506,0.7758,100123
RS,0.7826,348,348,random,CIFAR10,392,main_b1000_cifar10_alexnet_RS_kp10_seed123,0.1,0.772,False,0.1,alexnet,0.1,CIFAR10_alexnet_RS_accuracy_kp1000_seed123,123,4000,392,42,accuracy,100123,0.772,2,0.6604639887809753,5.7082561776041985,10,0.6604639887809753,valid,0.7719107563680673,0.7738133193628696,0.772,100123
RS,0.7826,348,348,random,CIFAR10,393,main_b1000_cifar10_alexnet_RS_kp10_seed123,0.1,0.765,False,0.1,alexnet,0.1,CIFAR10_alexnet_RS_accuracy_kp1000_seed123,123,4000,393,42,accuracy,100123,0.765,3,0.6745268515586853,5.648222513496876,10,0.6745268515586853,valid,0.764237567022412,0.7709558632934261,0.7649999999999999,100123
RS,0.7826,348,348,random,CIFAR10,394,main_b1000_cifar10_alexnet_RS_kp10_seed123,0.1,0.7749,False,0.1,alexnet,0.1,CIFAR10_alexnet_RS_accuracy_kp1000_seed123,123,4000,394,42,accuracy,100123,0.7749,4,0.655613665151596,5.668501012027264,10,0.655613665151596,valid,0.7758246919888067,0.7801042035005924,0.7749,100123
RS,0.7826,348,348,random,CIFAR10,395,main_b1000_cifar10_alexnet_RS_kp10_seed123,0.1,0.7716,False,0.1,alexnet,0.1,CIFAR10_alexnet_RS_accuracy_kp1000_seed123,123,4000,395,42,accuracy,100123,0.7716,3,0.6659057679653168,5.696533277630806,10,0.6659057679653168,valid,0.7711416002009523,0.7745517229931221,0.7716000000000001,100123
RS,0.7826,348,348,random,CIFAR10,396,main_b1000_cifar10_alexnet_RS_kp10_seed123,0.1,0.7735,False,0.1,alexnet,0.1,CIFAR10_alexnet_RS_accuracy_kp1000_seed123,123,4000,396,42,accuracy,100123,0.7735,4,0.6638471623897553,5.686578460037708,10,0.6638471623897553,valid,0.7743265677088621,0.7774269544118416,0.7735,100123
RS,0.7826,348,348,random,CIFAR10,397,main_b1000_cifar10_alexnet_RS_kp10_seed123,0.1,0.7752,False,0.1,alexnet,0.1,CIFAR10_alexnet_RS_accuracy_kp1000_seed123,123,4000,397,42,accuracy,100123,0.7752,5,0.6630778091907501,5.7204581424593925,10,0.6630778091907501,valid,0.7750926267375176,0.7765773632520101,0.7752000000000001,100123
RS,0.7826,348,348,random,CIFAR10,398,main_b1000_cifar10_alexnet_RS_kp10_seed123,0.1,0.7755,False,0.1,alexnet,0.1,CIFAR10_alexnet_RS_accuracy_kp1000_seed123,123,4000,398,42,accuracy,100123,0.7755,4,0.6583006487846375,5.697350300848484,10,0.6583006487846375,valid,0.7765465420515005,0.7809705066100971,0.7755000000000001,100123
RS,0.7826,348,348,random,CIFAR10,399,main_b1000_cifar10_alexnet_RS_kp10_seed123,0.1,0.7635,False,0.1,alexnet,0.1,CIFAR10_alexnet_RS_accuracy_kp1000_seed123,123,4000,399,42,accuracy,100123,0.7635,3,0.6790152119636536,5.662446536123753,10,0.6790152119636536,valid,0.7642500856361478,0.7724812068628307,0.7635,100123
RS,0.7826,348,348,random,CIFAR10,400,main_b1000_cifar10_alexnet_RS_kp10_seed123,0.1,0.7725,False,0.1,alexnet,0.1,CIFAR10_alexnet_RS_accuracy_kp1000_seed123,123,4000,400,42,accuracy,100123,0.7725,6,0.6774494268417358,5.68737505376339,10,0.6774494268417358,valid,0.7729381336171677,0.7761243116872494,0.7725000000000001,100123
RS,0.7826,348,348,random,CIFAR10,401,main_b1000_cifar10_alexnet_RS_kp10_seed123,0.1,0.7768,False,0.1,alexnet,0.1,CIFAR10_alexnet_RS_accuracy_kp1000_seed123,123,4000,401,42,accuracy,100123,0.7768,3,0.660245304775238,5.6983704417943954,10,0.660245304775238,valid,0.7759686676119444,0.7788994155017238,0.7768,100123
RS,0.7826,348,348,random,CIFAR10,402,main_b1000_cifar10_alexnet_RS_kp10_seed123,0.1,0.7749,False,0.1,alexnet,0.1,CIFAR10_alexnet_RS_accuracy_kp1000_seed123,123,4000,402,42,accuracy,100123,0.7749,4,0.6630662618160248,5.618945240974426,10,0.6630662618160248,valid,0.7755271582751165,0.7793942125172894,0.7748999999999999,100123
RS,0.7826,348,348,random,CIFAR10,403,main_b1000_cifar10_alexnet_RS_kp10_seed123,0.1,0.7816,False,0.1,alexnet,0.1,CIFAR10_alexnet_RS_accuracy_kp1000_seed123,123,4000,403,42,accuracy,100123,0.7816,5,0.6667767970085144,5.636297173798084,10,0.6667767970085144,valid,0.7811741262814278,0.7823947650199321,0.7816000000000001,100123
RS,0.7826,348,348,random,CIFAR10,404,main_b1000_cifar10_alexnet_RS_kp10_seed123,0.1,0.7689,False,0.1,alexnet,0.1,CIFAR10_alexnet_RS_accuracy_kp1000_seed123,123,4000,404,42,accuracy,100123,0.7689,4,0.6713639968395233,5.6431703343987465,10,0.6713639968395233,valid,0.7693525607587552,0.773192320257371,0.7688999999999999,100123
RS,0.7826,348,348,random,CIFAR10,405,main_b1000_cifar10_alexnet_RS_kp10_seed123,0.1,0.767,False,0.1,alexnet,0.1,CIFAR10_alexnet_RS_accuracy_kp1000_seed123,123,4000,405,42,accuracy,100123,0.767,3,0.6717437289714813,5.670520402491093,10,0.6717437289714813,valid,0.762866921505427,0.7702670775609681,0.7669999999999999,100123
RS,0.7826,348,348,random,CIFAR10,406,main_b1000_cifar10_alexnet_RS_kp10_seed123,0.1,0.7755,False,0.1,alexnet,0.1,CIFAR10_alexnet_RS_accuracy_kp1000_seed123,123,4000,406,42,accuracy,100123,0.7755,4,0.6607700786113739,5.66974300891161,10,0.6607700786113739,valid,0.7749587254407179,0.7770003292019333,0.7755,100123
RS,0.7826,348,348,random,CIFAR10,407,main_b1000_cifar10_alexnet_RS_kp10_seed123,0.1,0.7697,False,0.1,alexnet,0.1,CIFAR10_alexnet_RS_accuracy_kp1000_seed123,123,4000,407,42,accuracy,100123,0.7697,3,0.673961611366272,5.685197152197361,10,0.673961611366272,valid,0.7710543876925854,0.7766413439482976,0.7697,100123
RS,0.7826,348,348,random,CIFAR10,408,main_b1000_cifar10_alexnet_RS_kp10_seed123,0.1,0.7667,False,0.1,alexnet,0.1,CIFAR10_alexnet_RS_accuracy_kp1000_seed123,123,4000,408,42,accuracy,100123,0.7667,2,0.6716338656425476,5.736464686691761,10,0.6716338656425476,valid,0.7677200846422157,0.7737502093254421,0.7666999999999999,100123
RS,0.7826,348,348,random,CIFAR10,409,main_b1000_cifar10_alexnet_RS_kp10_seed123,0.1,0.7675,False,0.1,alexnet,0.1,CIFAR10_alexnet_RS_accuracy_kp1000_seed123,123,4000,409,42,accuracy,100123,0.7675,2,0.6655956470012665,5.730917885899544,10,0.6655956470012665,valid,0.7693707397808051,0.7766893257427709,0.7674999999999998,100123
RS,0.7826,348,348,random,CIFAR10,410,main_b1000_cifar10_alexnet_RS_kp10_seed123,0.1,0.7756,False,0.1,alexnet,0.1,CIFAR10_alexnet_RS_accuracy_kp1000_seed123,123,4000,410,42,accuracy,100123,0.7756,4,0.6605761440277099,5.743791200220585,10,0.6605761440277099,valid,0.7761924723793929,0.7798455336639768,0.7756000000000001,100123
RS,0.7826,348,348,random,CIFAR10,411,main_b1000_cifar10_alexnet_RS_kp10_seed123,0.1,0.7767,False,0.1,alexnet,0.1,CIFAR10_alexnet_RS_accuracy_kp1000_seed123,123,4000,411,42,accuracy,100123,0.7767,5,0.6588040205955505,5.674374915659428,10,0.6588040205955505,valid,0.7767680007790443,0.7793762487455225,0.7767000000000001,100123
RS,0.7826,348,348,random,CIFAR10,412,main_b1000_cifar10_alexnet_RS_kp10_seed123,0.1,0.7694,False,0.1,alexnet,0.1,CIFAR10_alexnet_RS_accuracy_kp1000_seed123,123,4000,412,42,accuracy,100123,0.7694,5,0.6797281404972076,5.687550365924835,10,0.6797281404972076,valid,0.7674529411192962,0.7698614874042116,0.7693999999999999,100123
RS,0.7826,348,348,random,CIFAR10,413,main_b1000_cifar10_alexnet_RS_kp10_seed123,0.1,0.7713,False,0.1,alexnet,0.1,CIFAR10_alexnet_RS_accuracy_kp1000_seed123,123,4000,413,42,accuracy,100123,0.7713,4,0.6673893463611603,5.658505246043205,10,0.6673893463611603,valid,0.7725189460321058,0.77934248830002,0.7713,100123
RS,0.7826,348,348,random,CIFAR10,414,main_b1000_cifar10_alexnet_RS_kp10_seed123,0.1,0.7663,False,0.1,alexnet,0.1,CIFAR10_alexnet_RS_accuracy_kp1000_seed123,123,4000,414,42,accuracy,100123,0.7663,4,0.6719972644805908,5.67536224424839,10,0.6719972644805908,valid,0.7661296855935116,0.76880023239564,0.7663,100123
RS,0.7826,348,348,random,CIFAR10,415,main_b1000_cifar10_alexnet_RS_kp10_seed123,0.1,0.7724,False,0.1,alexnet,0.1,CIFAR10_alexnet_RS_accuracy_kp1000_seed123,123,4000,415,42,accuracy,100123,0.7724,5,0.6617094025611877,5.625434771180153,10,0.6617094025611877,valid,0.7714588928233974,0.7731803565685451,0.7724,100123
RS,0.7826,348,348,random,CIFAR10,416,main_b1000_cifar10_alexnet_RS_kp10_seed123,0.1,0.763,False,0.1,alexnet,0.1,CIFAR10_alexnet_RS_accuracy_kp1000_seed123,123,4000,416,42,accuracy,100123,0.763,2,0.6760388890266419,5.655645549297333,10,0.6760388890266419,valid,0.7609037290325722,0.7641986904905294,0.763,100123
RS,0.7826,348,348,random,CIFAR10,417,main_b1000_cifar10_alexnet_RS_kp10_seed123,0.1,0.7767,False,0.1,alexnet,0.1,CIFAR10_alexnet_RS_accuracy_kp1000_seed123,123,4000,417,42,accuracy,100123,0.7767,5,0.6563922714710235,5.651410140097141,10,0.6563922714710235,valid,0.7772752545479231,0.7798660280605099,0.7767,100123
RS,0.7826,348,348,random,CIFAR10,418,main_b1000_cifar10_alexnet_RS_kp10_seed123,0.1,0.7697,False,0.1,alexnet,0.1,CIFAR10_alexnet_RS_accuracy_kp1000_seed123,123,4000,418,42,accuracy,100123,0.7697,2,0.661719744682312,5.6600741893053055,10,0.661719744682312,valid,0.7700977676495397,0.7742002452930744,0.7697,100123
RS,0.7826,348,348,random,CIFAR10,419,main_b1000_cifar10_alexnet_RS_kp10_seed123,0.1,0.7721,False,0.1,alexnet,0.1,CIFAR10_alexnet_RS_accuracy_kp1000_seed123,123,4000,419,42,accuracy,100123,0.7721,4,0.6569420745849609,5.681945852935314,10,0.6569420745849609,valid,0.7732951948094866,0.7806216613315671,0.7721,100123
RS,0.7826,348,348,random,CIFAR10,420,main_b1000_cifar10_alexnet_RS_kp10_seed123,0.1,0.7782,False,0.1,alexnet,0.1,CIFAR10_alexnet_RS_accuracy_kp1000_seed123,123,4000,420,42,accuracy,100123,0.7782,5,0.6521522966384887,5.71902222931385,10,0.6521522966384887,valid,0.7772526681914835,0.7782277533532718,0.7781999999999999,100123
RS,0.7826,348,348,random,CIFAR10,421,main_b1000_cifar10_alexnet_RS_kp10_seed123,0.1,0.7807,False,0.1,alexnet,0.1,CIFAR10_alexnet_RS_accuracy_kp1000_seed123,123,4000,421,42,accuracy,100123,0.7807,4,0.6429879274368286,5.659038610756397,10,0.6429879274368286,valid,0.7809458489628323,0.7831082332722729,0.7807,100123
RS,0.7826,348,348,random,CIFAR10,422,main_b1000_cifar10_alexnet_RS_kp10_seed123,0.1,0.7698,False,0.1,alexnet,0.1,CIFAR10_alexnet_RS_accuracy_kp1000_seed123,123,4000,422,42,accuracy,100123,0.7698,4,0.6691860821247101,5.68355730175972,10,0.6691860821247101,valid,0.7702279806283361,0.776336776738927,0.7697999999999999,100123
RS,0.7826,348,348,random,CIFAR10,423,main_b1000_cifar10_alexnet_RS_kp10_seed123,0.1,0.7702,False,0.1,alexnet,0.1,CIFAR10_alexnet_RS_accuracy_kp1000_seed123,123,4000,423,42,accuracy,100123,0.7702,3,0.6598568819522858,5.667606852948666,10,0.6598568819522858,valid,0.7699949660534566,0.7771480171779909,0.7702,100123
RS,0.7826,348,348,random,CIFAR10,424,main_b1000_cifar10_alexnet_RS_kp10_seed123,0.1,0.771,False,0.1,alexnet,0.1,CIFAR10_alexnet_RS_accuracy_kp1000_seed123,123,4000,424,42,accuracy,100123,0.771,3,0.6609548237323761,5.6910949274897575,10,0.6609548237323761,valid,0.7705057937787823,0.77507812224728,0.7710000000000001,100123
RS,0.7826,348,348,random,CIFAR10,425,main_b1000_cifar10_alexnet_RS_kp10_seed123,0.1,0.7736,False,0.1,alexnet,0.1,CIFAR10_alexnet_RS_accuracy_kp1000_seed123,123,4000,425,42,accuracy,100123,0.7736,4,0.6555088399410248,5.680531181395054,10,0.6555088399410248,valid,0.7743489317211792,0.7797600118506922,0.7736,100123
RS,0.7826,348,348,random,CIFAR10,426,main_b1000_cifar10_alexnet_RS_kp10_seed123,0.1,0.7661,False,0.1,alexnet,0.1,CIFAR10_alexnet_RS_accuracy_kp1000_seed123,123,4000,426,42,accuracy,100123,0.7661,4,0.6656411904335022,5.7099041268229485,10,0.6656411904335022,valid,0.7644420737976497,0.7687832228933776,0.7661000000000001,100123
RS,0.7826,348,348,random,CIFAR10,427,main_b1000_cifar10_alexnet_RS_kp10_seed123,0.1,0.769,False,0.1,alexnet,0.1,CIFAR10_alexnet_RS_accuracy_kp1000_seed123,123,4000,427,42,accuracy,100123,0.769,5,0.6773767186641693,5.656240865588188,10,0.6773767186641693,valid,0.7679294413480696,0.7713800421540266,0.7689999999999999,100123
RS,0.7826,348,348,random,CIFAR10,428,main_b1000_cifar10_alexnet_RS_kp10_seed123,0.1,0.7665,False,0.1,alexnet,0.1,CIFAR10_alexnet_RS_accuracy_kp1000_seed123,123,4000,428,42,accuracy,100123,0.7665,2,0.6625061061859131,5.673959299921989,10,0.6625061061859131,valid,0.7682805439850817,0.7767375527376263,0.7665,100123
RS,0.7826,348,348,random,CIFAR10,429,main_b1000_cifar10_alexnet_RS_kp10_seed123,0.1,0.7709,False,0.1,alexnet,0.1,CIFAR10_alexnet_RS_accuracy_kp1000_seed123,123,4000,429,42,accuracy,100123,0.7709,5,0.6869428009986878,5.680113390088081,10,0.6869428009986878,valid,0.7717445656742978,0.7773656367331665,0.7709,100123
RS,0.7826,348,348,random,CIFAR10,430,main_b1000_cifar10_alexnet_RS_kp10_seed123,0.1,0.7728,False,0.1,alexnet,0.1,CIFAR10_alexnet_RS_accuracy_kp1000_seed123,123,4000,430,42,accuracy,100123,0.7728,5,0.6765885998725891,5.6951785907149315,10,0.6765885998725891,valid,0.7716495784005744,0.7758630691407791,0.7727999999999999,100123
RS,0.7826,348,348,random,CIFAR10,431,main_b1000_cifar10_alexnet_RS_kp10_seed123,0.1,0.7715,False,0.1,alexnet,0.1,CIFAR10_alexnet_RS_accuracy_kp1000_seed123,123,4000,431,42,accuracy,100123,0.7715,4,0.6600800072193146,5.62491774559021,10,0.6600800072193146,valid,0.770940495538612,0.7725511026112147,0.7715,100123
RS,0.7826,348,348,random,CIFAR10,432,main_b1000_cifar10_alexnet_RS_kp10_seed123,0.1,0.7771,False,0.1,alexnet,0.1,CIFAR10_alexnet_RS_accuracy_kp1000_seed123,123,4000,432,42,accuracy,100123,0.7771,3,0.635291229724884,5.6476360857486725,10,0.635291229724884,valid,0.7758011260350809,0.7772138405018159,0.7771000000000001,100123
RS,0.7826,348,348,random,CIFAR10,433,main_b1000_cifar10_alexnet_RS_kp10_seed123,0.1,0.775,False,0.1,alexnet,0.1,CIFAR10_alexnet_RS_accuracy_kp1000_seed123,123,4000,433,42,accuracy,100123,0.775,5,0.6632767621517182,5.637682497501373,10,0.6632767621517182,valid,0.7753759840110876,0.778681287033262,0.775,100123
RS,0.7826,348,348,random,CIFAR10,434,main_b1000_cifar10_alexnet_RS_kp10_seed123,0.1,0.7798,False,0.1,alexnet,0.1,CIFAR10_alexnet_RS_accuracy_kp1000_seed123,123,4000,434,42,accuracy,100123,0.7798,4,0.6425053942680359,5.695916295051575,10,0.6425053942680359,valid,0.7792704105412128,0.7806259971013496,0.7798,100123
RS,0.7826,348,348,random,CIFAR10,435,main_b1000_cifar10_alexnet_RS_kp10_seed123,0.1,0.7721,False,0.1,alexnet,0.1,CIFAR10_alexnet_RS_accuracy_kp1000_seed123,123,4000,435,42,accuracy,100123,0.7721,6,0.6698651811599732,5.649038292467594,10,0.6698651811599732,valid,0.7722133825862312,0.7735786923991401,0.7721,100123
RS,0.7826,348,348,random,CIFAR10,436,main_b1000_cifar10_alexnet_RS_kp10_seed123,0.1,0.7662,False,0.1,alexnet,0.1,CIFAR10_alexnet_RS_accuracy_kp1000_seed123,123,4000,436,42,accuracy,100123,0.7662,3,0.6697815102577209,5.6980548948049545,10,0.6697815102577209,valid,0.7663689078415818,0.7743392520485289,0.7662,100123
RS,0.7826,348,348,random,CIFAR10,437,main_b1000_cifar10_alexnet_RS_kp10_seed123,0.1,0.7764,False,0.1,alexnet,0.1,CIFAR10_alexnet_RS_accuracy_kp1000_seed123,123,4000,437,42,accuracy,100123,0.7764,4,0.6598775933265686,5.696613401174545,10,0.6598775933265686,valid,0.777157625137414,0.7812142064855204,0.7764,100123
RS,0.7826,348,348,random,CIFAR10,438,main_b1000_cifar10_alexnet_RS_kp10_seed123,0.1,0.77,False,0.1,alexnet,0.1,CIFAR10_alexnet_RS_accuracy_kp1000_seed123,123,4000,438,42,accuracy,100123,0.77,4,0.6606531377315521,5.673933148384094,10,0.6606531377315521,valid,0.7697650163129769,0.7738838730518734,0.77,100123
RS,0.7826,348,348,random,CIFAR10,439,main_b1000_cifar10_alexnet_RS_kp10_seed123,0.1,0.7746,False,0.1,alexnet,0.1,CIFAR10_alexnet_RS_accuracy_kp1000_seed123,123,4000,439,42,accuracy,100123,0.7746,7,0.6909763338565826,5.640853315591812,10,0.6909763338565826,valid,0.7745543538919699,0.776507655003176,0.7745999999999998,100123
RS,0.7826,348,348,random,CIFAR10,440,main_b1000_cifar10_alexnet_RS_kp10_seed123,0.1,0.7672,False,0.1,alexnet,0.1,CIFAR10_alexnet_RS_accuracy_kp1000_seed123,123,4000,440,42,accuracy,100123,0.7672,3,0.6721305778026581,5.634061798453331,10,0.6721305778026581,valid,0.7666380986780407,0.7697160339195123,0.7672,100123
RS,0.7826,348,348,random,CIFAR10,441,main_b1000_cifar10_alexnet_RS_kp10_seed123,0.1,0.77,False,0.1,alexnet,0.1,CIFAR10_alexnet_RS_accuracy_kp1000_seed123,123,4000,441,42,accuracy,100123,0.77,3,0.6688775004386902,5.647127524018288,10,0.6688775004386902,valid,0.7692583000652978,0.7716692154447858,0.77,100123
RS,0.7826,348,348,random,CIFAR10,442,main_b1000_cifar10_alexnet_RS_kp10_seed123,0.1,0.7718,False,0.1,alexnet,0.1,CIFAR10_alexnet_RS_accuracy_kp1000_seed123,123,4000,442,42,accuracy,100123,0.7718,4,0.6651090622901916,5.627465881407261,10,0.6651090622901916,valid,0.7732097160844951,0.7776644953732711,0.7718,100123
RS,0.7826,348,348,random,CIFAR10,443,main_b1000_cifar10_alexnet_RS_kp10_seed123,0.1,0.7719,False,0.1,alexnet,0.1,CIFAR10_alexnet_RS_accuracy_kp1000_seed123,123,4000,443,42,accuracy,100123,0.7719,3,0.666610954284668,5.673453763127327,10,0.666610954284668,valid,0.7722480368710329,0.7759834675861252,0.7718999999999999,100123
RS,0.7826,348,348,random,CIFAR10,444,main_b1000_cifar10_alexnet_RS_kp10_seed123,0.1,0.7706,False,0.1,alexnet,0.1,CIFAR10_alexnet_RS_accuracy_kp1000_seed123,123,4000,444,42,accuracy,100123,0.7706,3,0.6669179473876953,5.684991344809532,10,0.6669179473876953,valid,0.7697206567582159,0.7737203763938245,0.7706,100123
RS,0.7826,348,348,random,CIFAR10,445,main_b1000_cifar10_alexnet_RS_kp10_seed123,0.1,0.7643,False,0.1,alexnet,0.1,CIFAR10_alexnet_RS_accuracy_kp1000_seed123,123,4000,445,42,accuracy,100123,0.7643,2,0.675975385761261,5.710788652300835,10,0.675975385761261,valid,0.7623602206519363,0.766558910403374,0.7643,100123
RS,0.7826,348,348,random,CIFAR10,446,main_b1000_cifar10_alexnet_RS_kp10_seed123,0.1,0.7689,False,0.1,alexnet,0.1,CIFAR10_alexnet_RS_accuracy_kp1000_seed123,123,4000,446,42,accuracy,100123,0.7689,2,0.6672764381408691,5.687655247747898,10,0.6672764381408691,valid,0.7696727969671866,0.7730161217857618,0.7688999999999999,100123
RS,0.7826,348,348,random,CIFAR10,447,main_b1000_cifar10_alexnet_RS_kp10_seed123,0.1,0.7714,False,0.1,alexnet,0.1,CIFAR10_alexnet_RS_accuracy_kp1000_seed123,123,4000,447,42,accuracy,100123,0.7714,3,0.654528178691864,5.681366093456745,10,0.654528178691864,valid,0.770278974600257,0.7747013934519603,0.7714,100123
RS,0.7826,348,348,random,CIFAR10,448,main_b1000_cifar10_alexnet_RS_kp10_seed123,0.1,0.7772,False,0.1,alexnet,0.1,CIFAR10_alexnet_RS_accuracy_kp1000_seed123,123,4000,448,42,accuracy,100123,0.7772,5,0.6681423991680145,5.6837247759103775,10,0.6681423991680145,valid,0.7775539478191428,0.7823283128507714,0.7772,100123
RS,0.7826,348,348,random,CIFAR10,449,main_b1000_cifar10_alexnet_RS_kp10_seed123,0.1,0.7652,False,0.1,alexnet,0.1,CIFAR10_alexnet_RS_accuracy_kp1000_seed123,123,4000,449,42,accuracy,100123,0.7652,4,0.6727548621177674,5.649666853249073,10,0.6727548621177674,valid,0.7652001280746678,0.7668063958767414,0.7652,100123
RS,0.7826,348,348,random,CIFAR10,450,main_b1000_cifar10_alexnet_RS_kp10_seed123,0.1,0.777,False,0.1,alexnet,0.1,CIFAR10_alexnet_RS_accuracy_kp1000_seed123,123,4000,450,42,accuracy,100123,0.777,5,0.6622505232810975,5.617436356842518,10,0.6622505232810975,valid,0.7773269496846789,0.7812154850968043,0.7769999999999999,100123
RS,0.7826,348,348,random,CIFAR10,451,main_b1000_cifar10_alexnet_RS_kp10_seed123,0.1,0.7722,False,0.1,alexnet,0.1,CIFAR10_alexnet_RS_accuracy_kp1000_seed123,123,4000,451,42,accuracy,100123,0.7722,2,0.6555253289222718,5.665748611092567,10,0.6555253289222718,valid,0.7722139311857408,0.7746192227205824,0.7722,100123
RS,0.7826,348,348,random,CIFAR10,452,main_b1000_cifar10_alexnet_RS_kp10_seed123,0.1,0.7724,False,0.1,alexnet,0.1,CIFAR10_alexnet_RS_accuracy_kp1000_seed123,123,4000,452,42,accuracy,100123,0.7724,4,0.6662166052818298,5.664436981081963,10,0.6662166052818298,valid,0.7716008332971956,0.7738589189315702,0.7724,100123
RS,0.7826,348,348,random,CIFAR10,453,main_b1000_cifar10_alexnet_RS_kp10_seed123,0.1,0.7647,False,0.1,alexnet,0.1,CIFAR10_alexnet_RS_accuracy_kp1000_seed123,123,4000,453,42,accuracy,100123,0.7647,5,0.6882537677764893,5.629261113703251,10,0.6882537677764893,valid,0.7633254595150194,0.7684816971615781,0.7646999999999999,100123
RS,0.7826,348,348,random,CIFAR10,454,main_b1000_cifar10_alexnet_RS_kp10_seed123,0.1,0.7724,False,0.1,alexnet,0.1,CIFAR10_alexnet_RS_accuracy_kp1000_seed123,123,4000,454,42,accuracy,100123,0.7724,5,0.6759565093040466,5.586659789085388,10,0.6759565093040466,valid,0.7729225692693698,0.775326581891216,0.7724,100123
RS,0.7826,348,348,random,CIFAR10,455,main_b1000_cifar10_alexnet_RS_kp10_seed123,0.1,0.7655,False,0.1,alexnet,0.1,CIFAR10_alexnet_RS_accuracy_kp1000_seed123,123,4000,455,42,accuracy,100123,0.7655,2,0.6766421213626862,5.609525814652443,10,0.6766421213626862,valid,0.7635656153001659,0.7671961329887865,0.7655,100123
RS,0.7826,348,348,random,CIFAR10,456,main_b1000_cifar10_alexnet_RS_kp10_seed123,0.1,0.777,False,0.1,alexnet,0.1,CIFAR10_alexnet_RS_accuracy_kp1000_seed123,123,4000,456,42,accuracy,100123,0.777,3,0.6443523655414581,5.652045838534832,10,0.6443523655414581,valid,0.7768045627379789,0.7792638230227452,0.777,100123
RS,0.7826,348,348,random,CIFAR10,457,main_b1000_cifar10_alexnet_RS_kp10_seed123,0.1,0.7784,False,0.1,alexnet,0.1,CIFAR10_alexnet_RS_accuracy_kp1000_seed123,123,4000,457,42,accuracy,100123,0.7784,4,0.6503939332485199,5.659234814345837,10,0.6503939332485199,valid,0.7788513073390259,0.780995062099316,0.7784000000000001,100123
RS,0.7826,348,348,random,CIFAR10,458,main_b1000_cifar10_alexnet_RS_kp10_seed123,0.1,0.7762,False,0.1,alexnet,0.1,CIFAR10_alexnet_RS_accuracy_kp1000_seed123,123,4000,458,42,accuracy,100123,0.7762,3,0.6504487020969391,5.620119750499725,10,0.6504487020969391,valid,0.7742302098765235,0.7761350811153135,0.7762000000000001,100123
RS,0.7826,348,348,random,CIFAR10,459,main_b1000_cifar10_alexnet_RS_kp10_seed123,0.1,0.7636,False,0.1,alexnet,0.1,CIFAR10_alexnet_RS_accuracy_kp1000_seed123,123,4000,459,42,accuracy,100123,0.7636,2,0.6667611918449402,5.6137969717383385,10,0.6667611918449402,valid,0.7638970061730113,0.7689706281089004,0.7636000000000001,100123
RS,0.7826,348,348,random,CIFAR10,460,main_b1000_cifar10_alexnet_RS_kp10_seed123,0.1,0.7695,False,0.1,alexnet,0.1,CIFAR10_alexnet_RS_accuracy_kp1000_seed123,123,4000,460,42,accuracy,100123,0.7695,3,0.6707297595977784,5.616855010390282,10,0.6707297595977784,valid,0.7678939340173379,0.7689686935355162,0.7694999999999999,100123
RS,0.7826,348,348,random,CIFAR10,461,main_b1000_cifar10_alexnet_RS_kp10_seed123,0.1,0.7717,False,0.1,alexnet,0.1,CIFAR10_alexnet_RS_accuracy_kp1000_seed123,123,4000,461,42,accuracy,100123,0.7717,3,0.6593362231254578,5.605942495167255,10,0.6593362231254578,valid,0.7711284248728212,0.7735532868554719,0.7716999999999999,100123
RS,0.7826,348,348,random,CIFAR10,462,main_b1000_cifar10_alexnet_RS_kp10_seed123,0.1,0.7745,False,0.1,alexnet,0.1,CIFAR10_alexnet_RS_accuracy_kp1000_seed123,123,4000,462,42,accuracy,100123,0.7745,5,0.6761122190952301,5.572383478283882,10,0.6761122190952301,valid,0.7751450505045356,0.7785180137432655,0.7745,100123
RS,0.7826,348,348,random,CIFAR10,463,main_b1000_cifar10_alexnet_RS_kp10_seed123,0.1,0.7691,False,0.1,alexnet,0.1,CIFAR10_alexnet_RS_accuracy_kp1000_seed123,123,4000,463,42,accuracy,100123,0.7691,3,0.6701317008495331,5.576227277517319,10,0.6701317008495331,valid,0.7671959033435917,0.7724763917043375,0.7691,100123
RS,0.7826,348,348,random,CIFAR10,464,main_b1000_cifar10_alexnet_RS_kp10_seed123,0.1,0.7673,False,0.1,alexnet,0.1,CIFAR10_alexnet_RS_accuracy_kp1000_seed123,123,4000,464,42,accuracy,100123,0.7673,4,0.6830464418411255,5.618804298341274,10,0.6830464418411255,valid,0.7649649129432411,0.7728403018632679,0.7673,100123
RS,0.7826,348,348,random,CIFAR10,465,main_b1000_cifar10_alexnet_RS_kp10_seed123,0.1,0.7741,False,0.1,alexnet,0.1,CIFAR10_alexnet_RS_accuracy_kp1000_seed123,123,4000,465,42,accuracy,100123,0.7741,4,0.6687751972198487,5.650072015821934,10,0.6687751972198487,valid,0.774711037956674,0.7775073157193522,0.7741,100123
RS,0.7826,348,348,random,CIFAR10,466,main_b1000_cifar10_alexnet_RS_kp10_seed123,0.1,0.7623,False,0.1,alexnet,0.1,CIFAR10_alexnet_RS_accuracy_kp1000_seed123,123,4000,466,42,accuracy,100123,0.7623,2,0.6904452440261841,5.5809435322880745,10,0.6904452440261841,valid,0.7626232822379945,0.7720958105734204,0.7623,100123
RS,0.7826,348,348,random,CIFAR10,467,main_b1000_cifar10_alexnet_RS_kp10_seed123,0.1,0.7698,False,0.1,alexnet,0.1,CIFAR10_alexnet_RS_accuracy_kp1000_seed123,123,4000,467,42,accuracy,100123,0.7698,3,0.656902860212326,5.615043319761753,10,0.656902860212326,valid,0.7697784166793847,0.774089321564625,0.7698,100123
RS,0.7826,348,348,random,CIFAR10,468,main_b1000_cifar10_alexnet_RS_kp10_seed123,0.1,0.775,False,0.1,alexnet,0.1,CIFAR10_alexnet_RS_accuracy_kp1000_seed123,123,4000,468,42,accuracy,100123,0.775,4,0.6671163545131683,5.605078898370266,10,0.6671163545131683,valid,0.7753865475689155,0.7776545665042278,0.775,100123
RS,0.7826,348,348,random,CIFAR10,469,main_b1000_cifar10_alexnet_RS_kp10_seed123,0.1,0.7679,False,0.1,alexnet,0.1,CIFAR10_alexnet_RS_accuracy_kp1000_seed123,123,4000,469,42,accuracy,100123,0.7679,3,0.6642582170486451,5.605916894972324,10,0.6642582170486451,valid,0.7659097126495216,0.7707613967059,0.7679,100123
RS,0.7826,348,348,random,CIFAR10,470,main_b1000_cifar10_alexnet_RS_kp10_seed123,0.1,0.7717,False,0.1,alexnet,0.1,CIFAR10_alexnet_RS_accuracy_kp1000_seed123,123,4000,470,42,accuracy,100123,0.7717,3,0.6599532940387726,5.585760518908501,10,0.6599532940387726,valid,0.7718390488154608,0.7754408341118515,0.7716999999999999,100123
RS,0.7826,348,348,random,CIFAR10,471,main_b1000_cifar10_alexnet_RS_kp10_seed123,0.1,0.7778,False,0.1,alexnet,0.1,CIFAR10_alexnet_RS_accuracy_kp1000_seed123,123,4000,471,42,accuracy,100123,0.7778,6,0.6535853322982788,5.5708030462265015,10,0.6535853322982788,valid,0.7777446272971736,0.7797434874967968,0.7778,100123
RS,0.7826,348,348,random,CIFAR10,472,main_b1000_cifar10_alexnet_RS_kp10_seed123,0.1,0.778,False,0.1,alexnet,0.1,CIFAR10_alexnet_RS_accuracy_kp1000_seed123,123,4000,472,42,accuracy,100123,0.778,5,0.6642303239822388,5.720931403338909,10,0.6642303239822388,valid,0.7785145214097364,0.7814340002409901,0.7780000000000001,100123
RS,0.7826,348,348,random,CIFAR10,473,main_b1000_cifar10_alexnet_RS_kp10_seed123,0.1,0.7737,False,0.1,alexnet,0.1,CIFAR10_alexnet_RS_accuracy_kp1000_seed123,123,4000,473,42,accuracy,100123,0.7737,4,0.6535880188941956,5.726091265678406,10,0.6535880188941956,valid,0.7731274075299083,0.7753320584722319,0.7737,100123
RS,0.7826,348,348,random,CIFAR10,474,main_b1000_cifar10_alexnet_RS_kp10_seed123,0.1,0.7688,False,0.1,alexnet,0.1,CIFAR10_alexnet_RS_accuracy_kp1000_seed123,123,4000,474,42,accuracy,100123,0.7688,2,0.6595341532707214,5.720388866961002,10,0.6595341532707214,valid,0.7692160412300536,0.7740180503631108,0.7687999999999999,100123
RS,0.7826,348,348,random,CIFAR10,475,main_b1000_cifar10_alexnet_RS_kp10_seed123,0.1,0.773,False,0.1,alexnet,0.1,CIFAR10_alexnet_RS_accuracy_kp1000_seed123,123,4000,475,42,accuracy,100123,0.773,2,0.6609808598518372,5.714305102825165,10,0.6609808598518372,valid,0.7726034461088211,0.7771442228429456,0.7730000000000001,100123
RS,0.7826,348,348,random,CIFAR10,476,main_b1000_cifar10_alexnet_RS_kp10_seed123,0.1,0.7715,False,0.1,alexnet,0.1,CIFAR10_alexnet_RS_accuracy_kp1000_seed123,123,4000,476,42,accuracy,100123,0.7715,4,0.6597339040756226,5.739200375974178,10,0.6597339040756226,valid,0.7705185962676566,0.7725222387401967,0.7715000000000001,100123
RS,0.7826,348,348,random,CIFAR10,477,main_b1000_cifar10_alexnet_RS_kp10_seed123,0.1,0.7782,False,0.1,alexnet,0.1,CIFAR10_alexnet_RS_accuracy_kp1000_seed123,123,4000,477,42,accuracy,100123,0.7782,4,0.6449491692066193,5.713007539510727,10,0.6449491692066193,valid,0.7792487566971331,0.7823028015093791,0.7782,100123
RS,0.7826,348,348,random,CIFAR10,478,main_b1000_cifar10_alexnet_RS_kp10_seed123,0.1,0.7687,False,0.1,alexnet,0.1,CIFAR10_alexnet_RS_accuracy_kp1000_seed123,123,4000,478,42,accuracy,100123,0.7687,4,0.6761341742992402,5.638108067214489,10,0.6761341742992402,valid,0.7689846736247005,0.7725165048096023,0.7686999999999999,100123
RS,0.7826,348,348,random,CIFAR10,479,main_b1000_cifar10_alexnet_RS_kp10_seed123,0.1,0.767,False,0.1,alexnet,0.1,CIFAR10_alexnet_RS_accuracy_kp1000_seed123,123,4000,479,42,accuracy,100123,0.767,3,0.6800003301143647,5.642305172979832,10,0.6800003301143647,valid,0.7677408763499065,0.7726233200235036,0.767,100123
RS,0.7826,348,348,random,CIFAR10,480,main_b1000_cifar10_alexnet_RS_kp10_seed123,0.1,0.7754,False,0.1,alexnet,0.1,CIFAR10_alexnet_RS_accuracy_kp1000_seed123,123,4000,480,42,accuracy,100123,0.7754,5,0.6643450776100158,5.651045516133308,10,0.6643450776100158,valid,0.7741749684041613,0.7755678182022123,0.7754000000000001,100123
RS,0.7826,348,348,random,CIFAR10,481,main_b1000_cifar10_alexnet_RS_kp10_seed123,0.1,0.7683,False,0.1,alexnet,0.1,CIFAR10_alexnet_RS_accuracy_kp1000_seed123,123,4000,481,42,accuracy,100123,0.7683,2,0.6734760523796082,5.60852076113224,10,0.6734760523796082,valid,0.7671735804087421,0.7707014543242023,0.7683,100123
RS,0.7826,348,348,random,CIFAR10,482,main_b1000_cifar10_alexnet_RS_kp10_seed123,0.1,0.7669,False,0.1,alexnet,0.1,CIFAR10_alexnet_RS_accuracy_kp1000_seed123,123,4000,482,42,accuracy,100123,0.7669,3,0.6666915649414062,5.663688570261002,10,0.6666915649414062,valid,0.7655934860492464,0.7671525433059357,0.7668999999999999,100123
RS,0.7826,348,348,random,CIFAR10,483,main_b1000_cifar10_alexnet_RS_kp10_seed123,0.1,0.7692,False,0.1,alexnet,0.1,CIFAR10_alexnet_RS_accuracy_kp1000_seed123,123,4000,483,42,accuracy,100123,0.7692,4,0.6667819142341613,5.651989236474037,10,0.6667819142341613,valid,0.7691013659196912,0.7731074092595784,0.7692,100123
RS,0.7826,348,348,random,CIFAR10,484,main_b1000_cifar10_alexnet_RS_kp10_seed123,0.1,0.7647,False,0.1,alexnet,0.1,CIFAR10_alexnet_RS_accuracy_kp1000_seed123,123,4000,484,42,accuracy,100123,0.7647,2,0.6667222285270691,5.680402904748917,10,0.6667222285270691,valid,0.7629951789691927,0.7678233786352321,0.7646999999999998,100123
RS,0.7826,348,348,random,CIFAR10,485,main_b1000_cifar10_alexnet_RS_kp10_seed123,0.1,0.774,False,0.1,alexnet,0.1,CIFAR10_alexnet_RS_accuracy_kp1000_seed123,123,4000,485,42,accuracy,100123,0.774,4,0.6472019406318664,5.653790317475796,10,0.6472019406318664,valid,0.7745913379312656,0.779834471904999,0.774,100123
RS,0.7826,348,348,random,CIFAR10,486,main_b1000_cifar10_alexnet_RS_kp10_seed123,0.1,0.7724,False,0.1,alexnet,0.1,CIFAR10_alexnet_RS_accuracy_kp1000_seed123,123,4000,486,42,accuracy,100123,0.7724,3,0.6604046409606934,5.678847670555115,10,0.6604046409606934,valid,0.7723302764357576,0.7760578429608407,0.7724,100123
RS,0.7826,348,348,random,CIFAR10,487,main_b1000_cifar10_alexnet_RS_kp10_seed123,0.1,0.7791,False,0.1,alexnet,0.1,CIFAR10_alexnet_RS_accuracy_kp1000_seed123,123,4000,487,42,accuracy,100123,0.7791,5,0.6581469605922698,5.690857440233231,10,0.6581469605922698,valid,0.780149236416942,0.7834059992330182,0.7791,100123
RS,0.7826,348,348,random,CIFAR10,488,main_b1000_cifar10_alexnet_RS_kp10_seed123,0.1,0.7761,False,0.1,alexnet,0.1,CIFAR10_alexnet_RS_accuracy_kp1000_seed123,123,4000,488,42,accuracy,100123,0.7761,4,0.6513789288043976,5.675427243113518,10,0.6513789288043976,valid,0.7756933181903432,0.7758087694666937,0.7761,100123
RS,0.7826,348,348,random,CIFAR10,489,main_b1000_cifar10_alexnet_RS_kp10_seed123,0.1,0.7696,False,0.1,alexnet,0.1,CIFAR10_alexnet_RS_accuracy_kp1000_seed123,123,4000,489,42,accuracy,100123,0.7696,3,0.6574589695930481,5.673746511340141,10,0.6574589695930481,valid,0.7692590984693174,0.7724282304821997,0.7696,100123
RS,0.7826,348,348,random,CIFAR10,490,main_b1000_cifar10_alexnet_RS_kp10_seed123,0.1,0.7748,False,0.1,alexnet,0.1,CIFAR10_alexnet_RS_accuracy_kp1000_seed123,123,4000,490,42,accuracy,100123,0.7748,4,0.6616829129219055,5.680392578244209,10,0.6616829129219055,valid,0.7758414213542387,0.780652684640362,0.7747999999999999,100123
RS,0.7826,348,348,random,CIFAR10,491,main_b1000_cifar10_alexnet_RS_kp10_seed123,0.1,0.7644,False,0.1,alexnet,0.1,CIFAR10_alexnet_RS_accuracy_kp1000_seed123,123,4000,491,42,accuracy,100123,0.7644,3,0.6675987762451172,5.678504094481468,10,0.6675987762451172,valid,0.7632604347333902,0.7671940451550701,0.7644,100123
RS,0.7826,348,348,random,CIFAR10,492,main_b1000_cifar10_alexnet_RS_kp10_seed123,0.1,0.7732,False,0.1,alexnet,0.1,CIFAR10_alexnet_RS_accuracy_kp1000_seed123,123,4000,492,42,accuracy,100123,0.7732,4,0.6654158487319947,5.683055095374584,10,0.6654158487319947,valid,0.773033824771276,0.7760194638437152,0.7732,100123
RS,0.7826,348,348,random,CIFAR10,493,main_b1000_cifar10_alexnet_RS_kp10_seed123,0.1,0.7719,False,0.1,alexnet,0.1,CIFAR10_alexnet_RS_accuracy_kp1000_seed123,123,4000,493,42,accuracy,100123,0.7719,5,0.680269012260437,5.619922943413258,10,0.680269012260437,valid,0.7714203165570535,0.7751483266576201,0.7719,100123
RS,0.7826,348,348,random,CIFAR10,494,main_b1000_cifar10_alexnet_RS_kp10_seed123,0.1,0.7715,False,0.1,alexnet,0.1,CIFAR10_alexnet_RS_accuracy_kp1000_seed123,123,4000,494,42,accuracy,100123,0.7715,4,0.6594475426197052,5.623225308954716,10,0.6594475426197052,valid,0.7723925949214527,0.7760118565496437,0.7714999999999999,100123
RS,0.7826,348,348,random,CIFAR10,495,main_b1000_cifar10_alexnet_RS_kp10_seed123,0.1,0.7715,False,0.1,alexnet,0.1,CIFAR10_alexnet_RS_accuracy_kp1000_seed123,123,4000,495,42,accuracy,100123,0.7715,5,0.6778110126495361,5.664668537676334,10,0.6778110126495361,valid,0.7715431268635105,0.7745731982898784,0.7715,100123
RS,0.7826,348,348,random,CIFAR10,496,main_b1000_cifar10_alexnet_RS_kp10_seed123,0.1,0.7696,False,0.1,alexnet,0.1,CIFAR10_alexnet_RS_accuracy_kp1000_seed123,123,4000,496,42,accuracy,100123,0.7696,2,0.6564194543838501,5.6685945764184,10,0.6564194543838501,valid,0.7681397816124382,0.7707029286941859,0.7696000000000001,100123
RS,0.7826,348,348,random,CIFAR10,497,main_b1000_cifar10_alexnet_RS_kp10_seed123,0.1,0.7753,False,0.1,alexnet,0.1,CIFAR10_alexnet_RS_accuracy_kp1000_seed123,123,4000,497,42,accuracy,100123,0.7753,3,0.6526984892368317,5.629859820008278,10,0.6526984892368317,valid,0.7750335770768755,0.7768737973865643,0.7753,100123
RS,0.7826,348,348,random,CIFAR10,498,main_b1000_cifar10_alexnet_RS_kp10_seed123,0.1,0.7656,False,0.1,alexnet,0.1,CIFAR10_alexnet_RS_accuracy_kp1000_seed123,123,4000,498,42,accuracy,100123,0.7656,3,0.6585929656505585,5.6035904958844185,10,0.6585929656505585,valid,0.7654570561129787,0.7672527214793254,0.7656000000000001,100123
RS,0.7826,348,348,random,CIFAR10,499,main_b1000_cifar10_alexnet_RS_kp10_seed123,0.1,0.7699,False,0.1,alexnet,0.1,CIFAR10_alexnet_RS_accuracy_kp1000_seed123,123,4000,499,42,accuracy,100123,0.7699,5,0.6700086881160736,5.586939416825771,10,0.6700086881160736,valid,0.7691067058146561,0.771555397666625,0.7699,100123
RS,0.7826,348,348,random,CIFAR10,500,main_b1000_cifar10_alexnet_RS_kp10_seed123,0.1,0.7692,False,0.1,alexnet,0.1,CIFAR10_alexnet_RS_accuracy_kp1000_seed123,123,4000,500,42,accuracy,100123,0.7692,3,0.6663604588985443,5.5803317576646805,10,0.6663604588985443,valid,0.7708855733596819,0.7800965551782421,0.7691999999999999,100123
RS,0.7826,348,348,random,CIFAR10,501,main_b1000_cifar10_alexnet_RS_kp10_seed123,0.1,0.7679,False,0.1,alexnet,0.1,CIFAR10_alexnet_RS_accuracy_kp1000_seed123,123,4000,501,42,accuracy,100123,0.7679,3,0.6614166590690613,5.578457318246365,10,0.6614166590690613,valid,0.7676379663464661,0.7727893889593107,0.7679,100123
RS,0.7826,348,348,random,CIFAR10,502,main_b1000_cifar10_alexnet_RS_kp10_seed123,0.1,0.7684,False,0.1,alexnet,0.1,CIFAR10_alexnet_RS_accuracy_kp1000_seed123,123,4000,502,42,accuracy,100123,0.7684,4,0.6816525688171386,5.6104336231946945,10,0.6816525688171386,valid,0.7683155508120016,0.775139779219296,0.7684,100123
RS,0.7826,348,348,random,CIFAR10,503,main_b1000_cifar10_alexnet_RS_kp10_seed123,0.1,0.7651,False,0.1,alexnet,0.1,CIFAR10_alexnet_RS_accuracy_kp1000_seed123,123,4000,503,42,accuracy,100123,0.7651,3,0.6772127804279328,5.643407769501209,10,0.6772127804279328,valid,0.765913290492117,0.7733237426307262,0.7651000000000001,100123
RS,0.7826,348,348,random,CIFAR10,504,main_b1000_cifar10_alexnet_RS_kp10_seed123,0.1,0.7704,False,0.1,alexnet,0.1,CIFAR10_alexnet_RS_accuracy_kp1000_seed123,123,4000,504,42,accuracy,100123,0.7704,3,0.6609947148323059,5.650514952838421,10,0.6609947148323059,valid,0.7711129003476783,0.7800038057765339,0.7704,100123
RS,0.7826,348,348,random,CIFAR10,505,main_b1000_cifar10_alexnet_RS_kp10_seed123,0.1,0.7649,False,0.1,alexnet,0.1,CIFAR10_alexnet_RS_accuracy_kp1000_seed123,123,4000,505,42,accuracy,100123,0.7649,3,0.6611916121959687,5.5814923867583275,10,0.6611916121959687,valid,0.7641283026927783,0.7674422562478728,0.7649,100123
RS,0.7826,348,348,random,CIFAR10,506,main_b1000_cifar10_alexnet_RS_kp10_seed123,0.1,0.7781,False,0.1,alexnet,0.1,CIFAR10_alexnet_RS_accuracy_kp1000_seed123,123,4000,506,42,accuracy,100123,0.7781,5,0.658274950170517,5.638323850929737,10,0.658274950170517,valid,0.7765872994817633,0.7787270837423509,0.7780999999999999,100123
RS,0.7826,348,348,random,CIFAR10,507,main_b1000_cifar10_alexnet_RS_kp10_seed123,0.1,0.7728,False,0.1,alexnet,0.1,CIFAR10_alexnet_RS_accuracy_kp1000_seed123,123,4000,507,42,accuracy,100123,0.7728,3,0.6636420632839203,5.644727863371372,10,0.6636420632839203,valid,0.7734333266189071,0.7764392318129902,0.7727999999999999,100123
RS,0.7826,348,348,random,CIFAR10,508,main_b1000_cifar10_alexnet_RS_kp10_seed123,0.1,0.7671,False,0.1,alexnet,0.1,CIFAR10_alexnet_RS_accuracy_kp1000_seed123,123,4000,508,42,accuracy,100123,0.7671,3,0.6777619715690613,5.657595343887806,10,0.6777619715690613,valid,0.7669156537620699,0.7697800299976654,0.7671,100123
RS,0.7826,348,348,random,CIFAR10,509,main_b1000_cifar10_alexnet_RS_kp10_seed123,0.1,0.7718,False,0.1,alexnet,0.1,CIFAR10_alexnet_RS_accuracy_kp1000_seed123,123,4000,509,42,accuracy,100123,0.7718,4,0.6636797453403472,5.612605527043343,10,0.6636797453403472,valid,0.7719291689085661,0.776087624420758,0.7718,100123
RS,0.7826,348,348,random,CIFAR10,510,main_b1000_cifar10_alexnet_RS_kp10_seed123,0.1,0.7737,False,0.1,alexnet,0.1,CIFAR10_alexnet_RS_accuracy_kp1000_seed123,123,4000,510,42,accuracy,100123,0.7737,5,0.6688575946331025,5.583699367940426,10,0.6688575946331025,valid,0.7748603744134785,0.7784325420379317,0.7737,100123
RS,0.7826,348,348,random,CIFAR10,511,main_b1000_cifar10_alexnet_RS_kp10_seed123,0.1,0.7742,False,0.1,alexnet,0.1,CIFAR10_alexnet_RS_accuracy_kp1000_seed123,123,4000,511,42,accuracy,100123,0.7742,3,0.6539192746639252,5.567819647490978,10,0.6539192746639252,valid,0.7742823579748521,0.7754820214791114,0.7742,100123
RS,0.7826,348,348,random,CIFAR10,512,main_b1000_cifar10_alexnet_RS_kp10_seed123,0.1,0.7788,False,0.1,alexnet,0.1,CIFAR10_alexnet_RS_accuracy_kp1000_seed123,123,4000,512,42,accuracy,100123,0.7788,3,0.6426729962348938,5.58964417129755,10,0.6426729962348938,valid,0.7780533626975918,0.77953220115373,0.7788,100123
RS,0.7826,348,348,random,CIFAR10,513,main_b1000_cifar10_alexnet_RS_kp10_seed123,0.1,0.7717,False,0.1,alexnet,0.1,CIFAR10_alexnet_RS_accuracy_kp1000_seed123,123,4000,513,42,accuracy,100123,0.7717,4,0.6646595585823059,5.616955511271954,10,0.6646595585823059,valid,0.7700504380074611,0.7729849189766667,0.7717,100123
RS,0.7826,348,348,random,CIFAR10,514,main_b1000_cifar10_alexnet_RS_kp10_seed123,0.1,0.7651,False,0.1,alexnet,0.1,CIFAR10_alexnet_RS_accuracy_kp1000_seed123,123,4000,514,42,accuracy,100123,0.7651,2,0.66632366938591,5.610921338200569,10,0.66632366938591,valid,0.7654005930280927,0.7731137967328527,0.7651,100123
RS,0.7826,348,348,random,CIFAR10,515,main_b1000_cifar10_alexnet_RS_kp10_seed123,0.1,0.7731,False,0.1,alexnet,0.1,CIFAR10_alexnet_RS_accuracy_kp1000_seed123,123,4000,515,42,accuracy,100123,0.7731,3,0.6595737522125245,5.663393281400204,10,0.6595737522125245,valid,0.7729498583550427,0.7754194681620499,0.7731,100123
RS,0.7826,348,348,random,CIFAR10,516,main_b1000_cifar10_alexnet_RS_kp10_seed123,0.1,0.7696,False,0.1,alexnet,0.1,CIFAR10_alexnet_RS_accuracy_kp1000_seed123,123,4000,516,42,accuracy,100123,0.7696,2,0.6681708115100861,5.6429422199726105,10,0.6681708115100861,valid,0.7687044341865668,0.7704176273786976,0.7696,100123
RS,0.7826,348,348,random,CIFAR10,517,main_b1000_cifar10_alexnet_RS_kp10_seed123,0.1,0.77,False,0.1,alexnet,0.1,CIFAR10_alexnet_RS_accuracy_kp1000_seed123,123,4000,517,42,accuracy,100123,0.77,4,0.6746509441375732,5.562447868287563,10,0.6746509441375732,valid,0.7710704196024722,0.77599617769351,0.77,100123
RS,0.7826,348,348,random,CIFAR10,518,main_b1000_cifar10_alexnet_RS_kp10_seed123,0.1,0.782,False,0.1,alexnet,0.1,CIFAR10_alexnet_RS_accuracy_kp1000_seed123,123,4000,518,42,accuracy,100123,0.782,3,0.6516649847984314,5.636681884527206,10,0.6516649847984314,valid,0.7800544721197766,0.7820220742859874,0.7820000000000001,100123
RS,0.7826,348,348,random,CIFAR10,519,main_b1000_cifar10_alexnet_RS_kp10_seed123,0.1,0.7725,False,0.1,alexnet,0.1,CIFAR10_alexnet_RS_accuracy_kp1000_seed123,123,4000,519,42,accuracy,100123,0.7725,4,0.6625712606430054,5.564716324210167,10,0.6625712606430054,valid,0.7732472193080059,0.7770202156270777,0.7725000000000001,100123
RS,0.7826,348,348,random,CIFAR10,520,main_b1000_cifar10_alexnet_RS_kp10_seed123,0.1,0.7794,False,0.1,alexnet,0.1,CIFAR10_alexnet_RS_accuracy_kp1000_seed123,123,4000,520,42,accuracy,100123,0.7794,6,0.659578867483139,5.588633492588997,10,0.659578867483139,valid,0.7788011848907932,0.7789680390389662,0.7794000000000001,100123
RS,0.7826,348,348,random,CIFAR10,521,main_b1000_cifar10_alexnet_RS_kp10_seed123,0.1,0.7728,False,0.1,alexnet,0.1,CIFAR10_alexnet_RS_accuracy_kp1000_seed123,123,4000,521,42,accuracy,100123,0.7728,3,0.6514094532966613,5.578886806964874,10,0.6514094532966613,valid,0.7736173191230186,0.7769054129410194,0.7728,100123
RS,0.7826,348,348,random,CIFAR10,522,main_b1000_cifar10_alexnet_RS_kp10_seed123,0.1,0.7637,False,0.1,alexnet,0.1,CIFAR10_alexnet_RS_accuracy_kp1000_seed123,123,4000,522,42,accuracy,100123,0.7637,3,0.6738572384834289,5.607979312539101,10,0.6738572384834289,valid,0.763755281428552,0.7678886299772646,0.7636999999999999,100123
RS,0.7826,348,348,random,CIFAR10,523,main_b1000_cifar10_alexnet_RS_kp10_seed123,0.1,0.7808,False,0.1,alexnet,0.1,CIFAR10_alexnet_RS_accuracy_kp1000_seed123,123,4000,523,42,accuracy,100123,0.7808,5,0.6646584066867829,5.639021053910255,10,0.6646584066867829,valid,0.7815123703436642,0.7853633424816318,0.7807999999999999,100123
RS,0.7826,348,348,random,CIFAR10,524,main_b1000_cifar10_alexnet_RS_kp10_seed123,0.1,0.7597,False,0.1,alexnet,0.1,CIFAR10_alexnet_RS_accuracy_kp1000_seed123,123,4000,524,42,accuracy,100123,0.7597,2,0.6869852241039276,5.61534608900547,10,0.6869852241039276,valid,0.7593799922997939,0.7647279424595381,0.7597,100123
RS,0.7826,348,348,random,CIFAR10,525,main_b1000_cifar10_alexnet_RS_kp10_seed123,0.1,0.769,False,0.1,alexnet,0.1,CIFAR10_alexnet_RS_accuracy_kp1000_seed123,123,4000,525,42,accuracy,100123,0.769,2,0.6656851726531983,5.658776096999645,10,0.6656851726531983,valid,0.769008111810811,0.7723271051483621,0.769,100123
RS,0.7826,348,348,random,CIFAR10,526,main_b1000_cifar10_alexnet_RS_kp10_seed123,0.1,0.7733,False,0.1,alexnet,0.1,CIFAR10_alexnet_RS_accuracy_kp1000_seed123,123,4000,526,42,accuracy,100123,0.7733,3,0.6524692952156067,5.635850615799427,10,0.6524692952156067,valid,0.7737626880189784,0.7776506107814933,0.7732999999999999,100123
RS,0.7826,348,348,random,CIFAR10,527,main_b1000_cifar10_alexnet_RS_kp10_seed123,0.1,0.7737,False,0.1,alexnet,0.1,CIFAR10_alexnet_RS_accuracy_kp1000_seed123,123,4000,527,42,accuracy,100123,0.7737,3,0.6513809579849243,5.619449727237225,10,0.6513809579849243,valid,0.7733875492415251,0.7742648616809389,0.7737,100123
RS,0.7826,348,348,random,CIFAR10,528,main_b1000_cifar10_alexnet_RS_kp10_seed123,0.1,0.7673,False,0.1,alexnet,0.1,CIFAR10_alexnet_RS_accuracy_kp1000_seed123,123,4000,528,42,accuracy,100123,0.7673,3,0.6701689418792725,5.625713050365448,10,0.6701689418792725,valid,0.7656124047261557,0.7685227030424479,0.7673,100123
RS,0.7826,348,348,random,CIFAR10,529,main_b1000_cifar10_alexnet_RS_kp10_seed123,0.1,0.7663,False,0.1,alexnet,0.1,CIFAR10_alexnet_RS_accuracy_kp1000_seed123,123,4000,529,42,accuracy,100123,0.7663,4,0.6689928599357605,5.591657392680645,10,0.6689928599357605,valid,0.7673676928592468,0.7722195282176909,0.7663,100123
RS,0.7826,348,348,random,CIFAR10,530,main_b1000_cifar10_alexnet_RS_kp10_seed123,0.1,0.7689,False,0.1,alexnet,0.1,CIFAR10_alexnet_RS_accuracy_kp1000_seed123,123,4000,530,42,accuracy,100123,0.7689,4,0.6654848591804504,5.628443576395512,10,0.6654848591804504,valid,0.769133847685173,0.7763570846959079,0.7689000000000001,100123
RS,0.7826,348,348,random,CIFAR10,531,main_b1000_cifar10_alexnet_RS_kp10_seed123,0.1,0.7689,False,0.1,alexnet,0.1,CIFAR10_alexnet_RS_accuracy_kp1000_seed123,123,4000,531,42,accuracy,100123,0.7689,5,0.6707249436855316,5.593434177339077,10,0.6707249436855316,valid,0.7694924455379516,0.7722202769276908,0.7689,100123
RS,0.7826,348,348,random,CIFAR10,532,main_b1000_cifar10_alexnet_RS_kp10_seed123,0.1,0.7643,False,0.1,alexnet,0.1,CIFAR10_alexnet_RS_accuracy_kp1000_seed123,123,4000,532,42,accuracy,100123,0.7643,3,0.6738591919898986,5.56508482247591,10,0.6738591919898986,valid,0.761786645378683,0.765232975294128,0.7643,100123
RS,0.7826,348,348,random,CIFAR10,533,main_b1000_cifar10_alexnet_RS_kp10_seed123,0.1,0.7723,False,0.1,alexnet,0.1,CIFAR10_alexnet_RS_accuracy_kp1000_seed123,123,4000,533,42,accuracy,100123,0.7723,3,0.6506878847122193,5.5854311138391495,10,0.6506878847122193,valid,0.7722265859521841,0.7772219683685807,0.7723,100123
RS,0.7826,348,348,random,CIFAR10,534,main_b1000_cifar10_alexnet_RS_kp10_seed123,0.1,0.7749,False,0.1,alexnet,0.1,CIFAR10_alexnet_RS_accuracy_kp1000_seed123,123,4000,534,42,accuracy,100123,0.7749,4,0.6645082534790039,5.68872144818306,10,0.6645082534790039,valid,0.7742937340049044,0.7766790721613648,0.7749,100123
RS,0.7855,535,535,random,CIFAR10,535,main_b1000_cifar10_alexnet_RS_kp10_seed123,0.1,0.7855,True,0.1,alexnet,0.1,CIFAR10_alexnet_RS_accuracy_kp1000_seed123,123,4000,535,42,accuracy,100123,0.7855,5,0.6388898137569428,5.591168247163296,10,0.6388898137569428,valid,0.7849391049632511,0.7860420951228597,0.7855,100123
RS,0.7855,535,535,random,CIFAR10,536,main_b1000_cifar10_alexnet_RS_kp10_seed123,0.1,0.7662,False,0.1,alexnet,0.1,CIFAR10_alexnet_RS_accuracy_kp1000_seed123,123,4000,536,42,accuracy,100123,0.7662,3,0.6722466263771057,5.625665947794914,10,0.6722466263771057,valid,0.7664639959786096,0.7696732921638827,0.7662000000000001,100123
RS,0.7855,535,535,random,CIFAR10,537,main_b1000_cifar10_alexnet_RS_kp10_seed123,0.1,0.7809,False,0.1,alexnet,0.1,CIFAR10_alexnet_RS_accuracy_kp1000_seed123,123,4000,537,42,accuracy,100123,0.7809,4,0.644879833984375,5.610698588192463,10,0.644879833984375,valid,0.78025646871998,0.7820063196696172,0.7809,100123
RS,0.7855,535,535,random,CIFAR10,538,main_b1000_cifar10_alexnet_RS_kp10_seed123,0.1,0.7722,False,0.1,alexnet,0.1,CIFAR10_alexnet_RS_accuracy_kp1000_seed123,123,4000,538,42,accuracy,100123,0.7722,4,0.6611543217658996,5.607711024582386,10,0.6611543217658996,valid,0.7715305972209636,0.7767415049165374,0.7721999999999999,100123
RS,0.7855,535,535,random,CIFAR10,539,main_b1000_cifar10_alexnet_RS_kp10_seed123,0.1,0.7805,False,0.1,alexnet,0.1,CIFAR10_alexnet_RS_accuracy_kp1000_seed123,123,4000,539,42,accuracy,100123,0.7805,5,0.6484986846923828,5.615328565239906,10,0.6484986846923828,valid,0.7795694841128644,0.7795299536281378,0.7805000000000001,100123
RS,0.7855,535,535,random,CIFAR10,540,main_b1000_cifar10_alexnet_RS_kp10_seed123,0.1,0.7673,False,0.1,alexnet,0.1,CIFAR10_alexnet_RS_accuracy_kp1000_seed123,123,4000,540,42,accuracy,100123,0.7673,4,0.676620079612732,5.620073199272156,10,0.676620079612732,valid,0.7662035247370614,0.7705572935777157,0.7673,100123
RS,0.7855,535,535,random,CIFAR10,541,main_b1000_cifar10_alexnet_RS_kp10_seed123,0.1,0.7751,False,0.1,alexnet,0.1,CIFAR10_alexnet_RS_accuracy_kp1000_seed123,123,4000,541,42,accuracy,100123,0.7751,5,0.6674501105308532,5.643498666584492,10,0.6674501105308532,valid,0.7746919520511054,0.7766334418507765,0.7750999999999999,100123
RS,0.7855,535,535,random,CIFAR10,542,main_b1000_cifar10_alexnet_RS_kp10_seed123,0.1,0.7795,False,0.1,alexnet,0.1,CIFAR10_alexnet_RS_accuracy_kp1000_seed123,123,4000,542,42,accuracy,100123,0.7795,5,0.6593622877836227,5.633532822132111,10,0.6593622877836227,valid,0.7786350268672638,0.7797838001241979,0.7795,100123
RS,0.7855,535,535,random,CIFAR10,543,main_b1000_cifar10_alexnet_RS_kp10_seed123,0.1,0.7732,False,0.1,alexnet,0.1,CIFAR10_alexnet_RS_accuracy_kp1000_seed123,123,4000,543,42,accuracy,100123,0.7732,3,0.6512702659130096,5.630519300699234,10,0.6512702659130096,valid,0.77371534585862,0.7781718982331239,0.7732000000000001,100123
RS,0.7855,535,535,random,CIFAR10,544,main_b1000_cifar10_alexnet_RS_kp10_seed123,0.1,0.7781,False,0.1,alexnet,0.1,CIFAR10_alexnet_RS_accuracy_kp1000_seed123,123,4000,544,42,accuracy,100123,0.7781,5,0.6565087895870209,5.6862335950136185,10,0.6565087895870209,valid,0.7785049703858742,0.7802791120134287,0.7781,100123
RS,0.7855,535,535,random,CIFAR10,545,main_b1000_cifar10_alexnet_RS_kp10_seed123,0.1,0.771,False,0.1,alexnet,0.1,CIFAR10_alexnet_RS_accuracy_kp1000_seed123,123,4000,545,42,accuracy,100123,0.771,3,0.6571560110569,5.666720025241375,10,0.6571560110569,valid,0.7724956144745023,0.7784909690667461,0.771,100123
RS,0.7855,535,535,random,CIFAR10,546,main_b1000_cifar10_alexnet_RS_kp10_seed123,0.1,0.7679,False,0.1,alexnet,0.1,CIFAR10_alexnet_RS_accuracy_kp1000_seed123,123,4000,546,42,accuracy,100123,0.7679,3,0.6687661841869355,5.675429090857506,10,0.6687661841869355,valid,0.7686130985608741,0.7761821736791281,0.7679,100123
RS,0.7855,535,535,random,CIFAR10,547,main_b1000_cifar10_alexnet_RS_kp10_seed123,0.1,0.7732,False,0.1,alexnet,0.1,CIFAR10_alexnet_RS_accuracy_kp1000_seed123,123,4000,547,42,accuracy,100123,0.7732,3,0.6471654856681823,5.622329384088516,10,0.6471654856681823,valid,0.7715229961594036,0.7728725432162744,0.7732000000000001,100123
RS,0.7855,535,535,random,CIFAR10,548,main_b1000_cifar10_alexnet_RS_kp10_seed123,0.1,0.7714,False,0.1,alexnet,0.1,CIFAR10_alexnet_RS_accuracy_kp1000_seed123,123,4000,548,42,accuracy,100123,0.7714,3,0.6608884083271027,5.627873539924622,10,0.6608884083271027,valid,0.771352735392028,0.7756264770723682,0.7714,100123
RS,0.7855,535,535,random,CIFAR10,549,main_b1000_cifar10_alexnet_RS_kp10_seed123,0.1,0.7778,False,0.1,alexnet,0.1,CIFAR10_alexnet_RS_accuracy_kp1000_seed123,123,4000,549,42,accuracy,100123,0.7778,4,0.6492426453113556,5.631425186991692,10,0.6492426453113556,valid,0.7789605444298167,0.7858536007161776,0.7778000000000002,100123
RS,0.7855,535,535,random,CIFAR10,550,main_b1000_cifar10_alexnet_RS_kp10_seed123,0.1,0.7671,False,0.1,alexnet,0.1,CIFAR10_alexnet_RS_accuracy_kp1000_seed123,123,4000,550,42,accuracy,100123,0.7671,3,0.6771155144691468,5.637302473187447,10,0.6771155144691468,valid,0.7664631128737811,0.7696413165618622,0.7670999999999999,100123
RS,0.7855,535,535,random,CIFAR10,551,main_b1000_cifar10_alexnet_RS_kp10_seed123,0.1,0.7638,False,0.1,alexnet,0.1,CIFAR10_alexnet_RS_accuracy_kp1000_seed123,123,4000,551,42,accuracy,100123,0.7638,3,0.6702487307548523,5.601777769625187,10,0.6702487307548523,valid,0.7654647994406751,0.7771041641579076,0.7638,100123
RS,0.7855,535,535,random,CIFAR10,552,main_b1000_cifar10_alexnet_RS_kp10_seed123,0.1,0.7732,False,0.1,alexnet,0.1,CIFAR10_alexnet_RS_accuracy_kp1000_seed123,123,4000,552,42,accuracy,100123,0.7732,3,0.6478198811531067,5.605124369263649,10,0.6478198811531067,valid,0.7751090228284532,0.7828555623906444,0.7732,100123
RS,0.7855,535,535,random,CIFAR10,553,main_b1000_cifar10_alexnet_RS_kp10_seed123,0.1,0.7745,False,0.1,alexnet,0.1,CIFAR10_alexnet_RS_accuracy_kp1000_seed123,123,4000,553,42,accuracy,100123,0.7745,5,0.6638608149051666,5.620313413441181,10,0.6638608149051666,valid,0.7757087141125607,0.7792987996215478,0.7745,100123
RS,0.7855,535,535,random,CIFAR10,554,main_b1000_cifar10_alexnet_RS_kp10_seed123,0.1,0.7804,False,0.1,alexnet,0.1,CIFAR10_alexnet_RS_accuracy_kp1000_seed123,123,4000,554,42,accuracy,100123,0.7804,4,0.6365378608703613,5.647879146039486,10,0.6365378608703613,valid,0.7798704270889248,0.780431399297665,0.7804,100123
RS,0.7855,535,535,random,CIFAR10,555,main_b1000_cifar10_alexnet_RS_kp10_seed123,0.1,0.7774,False,0.1,alexnet,0.1,CIFAR10_alexnet_RS_accuracy_kp1000_seed123,123,4000,555,42,accuracy,100123,0.7774,4,0.6477314780712128,5.598415903747082,10,0.6477314780712128,valid,0.7781296312522576,0.7831251289573069,0.7773999999999999,100123
RS,0.7855,535,535,random,CIFAR10,556,main_b1000_cifar10_alexnet_RS_kp10_seed123,0.1,0.7746,False,0.1,alexnet,0.1,CIFAR10_alexnet_RS_accuracy_kp1000_seed123,123,4000,556,42,accuracy,100123,0.7746,5,0.6710618852615357,5.604099817574024,10,0.6710618852615357,valid,0.7754731515061446,0.7816377322202456,0.7746000000000001,100123
RS,0.7855,535,535,random,CIFAR10,557,main_b1000_cifar10_alexnet_RS_kp10_seed123,0.1,0.7823,False,0.1,alexnet,0.1,CIFAR10_alexnet_RS_accuracy_kp1000_seed123,123,4000,557,42,accuracy,100123,0.7823,5,0.6520135961055755,5.574388839304447,10,0.6520135961055755,valid,0.7833834594632283,0.7863631180696866,0.7823,100123
RS,0.7855,535,535,random,CIFAR10,558,main_b1000_cifar10_alexnet_RS_kp10_seed123,0.1,0.7759,False,0.1,alexnet,0.1,CIFAR10_alexnet_RS_accuracy_kp1000_seed123,123,4000,558,42,accuracy,100123,0.7759,4,0.6498799978256226,5.592360734939575,10,0.6498799978256226,valid,0.7754281314141828,0.7779968972647182,0.7759,100123
RS,0.7855,535,535,random,CIFAR10,559,main_b1000_cifar10_alexnet_RS_kp10_seed123,0.1,0.7761,False,0.1,alexnet,0.1,CIFAR10_alexnet_RS_accuracy_kp1000_seed123,123,4000,559,42,accuracy,100123,0.7761,4,0.6537503139972687,5.628400392830372,10,0.6537503139972687,valid,0.7758940188841351,0.7779390141956949,0.7761,100123
RS,0.7855,535,535,random,CIFAR10,560,main_b1000_cifar10_alexnet_RS_kp10_seed123,0.1,0.7726,False,0.1,alexnet,0.1,CIFAR10_alexnet_RS_accuracy_kp1000_seed123,123,4000,560,42,accuracy,100123,0.7726,3,0.6653882633209228,5.653357163071632,10,0.6653882633209228,valid,0.7727122809363909,0.7756126468402209,0.7726000000000001,100123
RS,0.7855,535,535,random,CIFAR10,561,main_b1000_cifar10_alexnet_RS_kp10_seed123,0.1,0.7762,False,0.1,alexnet,0.1,CIFAR10_alexnet_RS_accuracy_kp1000_seed123,123,4000,561,42,accuracy,100123,0.7762,4,0.6615399815559387,5.599954292178154,10,0.6615399815559387,valid,0.7748663318482114,0.7775740999164944,0.7762,100123
RS,0.7855,535,535,random,CIFAR10,562,main_b1000_cifar10_alexnet_RS_kp10_seed123,0.1,0.7726,False,0.1,alexnet,0.1,CIFAR10_alexnet_RS_accuracy_kp1000_seed123,123,4000,562,42,accuracy,100123,0.7726,4,0.6575349038600922,5.636767402291298,10,0.6575349038600922,valid,0.7724244008801041,0.7765496826697157,0.7726,100123
RS,0.7855,535,535,random,CIFAR10,563,main_b1000_cifar10_alexnet_RS_kp10_seed123,0.1,0.7709,False,0.1,alexnet,0.1,CIFAR10_alexnet_RS_accuracy_kp1000_seed123,123,4000,563,42,accuracy,100123,0.7709,3,0.6613158427715301,5.6099504083395,10,0.6613158427715301,valid,0.7721401866104194,0.7763584571179114,0.7708999999999999,100123
RS,0.7855,535,535,random,CIFAR10,564,main_b1000_cifar10_alexnet_RS_kp10_seed123,0.1,0.7696,False,0.1,alexnet,0.1,CIFAR10_alexnet_RS_accuracy_kp1000_seed123,123,4000,564,42,accuracy,100123,0.7696,4,0.6718600329399109,5.610828250646591,10,0.6718600329399109,valid,0.7708442582114128,0.7792661153252103,0.7696000000000001,100123
RS,0.7855,535,535,random,CIFAR10,565,main_b1000_cifar10_alexnet_RS_kp10_seed123,0.1,0.7767,False,0.1,alexnet,0.1,CIFAR10_alexnet_RS_accuracy_kp1000_seed123,123,4000,565,42,accuracy,100123,0.7767,3,0.6406115968704224,5.691634945571423,10,0.6406115968704224,valid,0.7767486890354726,0.7787320943704694,0.7767,100123
RS,0.7855,535,535,random,CIFAR10,566,main_b1000_cifar10_alexnet_RS_kp10_seed123,0.1,0.7715,False,0.1,alexnet,0.1,CIFAR10_alexnet_RS_accuracy_kp1000_seed123,123,4000,566,42,accuracy,100123,0.7715,4,0.6685183779239654,5.612768210470676,10,0.6685183779239654,valid,0.7712976728265633,0.7743413204138193,0.7715,100123
RS,0.7855,535,535,random,CIFAR10,567,main_b1000_cifar10_alexnet_RS_kp10_seed123,0.1,0.7704,False,0.1,alexnet,0.1,CIFAR10_alexnet_RS_accuracy_kp1000_seed123,123,4000,567,42,accuracy,100123,0.7704,5,0.6704102108955383,5.634667411446571,10,0.6704102108955383,valid,0.7699946393537361,0.771024316912046,0.7704,100123
RS,0.7855,535,535,random,CIFAR10,568,main_b1000_cifar10_alexnet_RS_kp10_seed123,0.1,0.7731,False,0.1,alexnet,0.1,CIFAR10_alexnet_RS_accuracy_kp1000_seed123,123,4000,568,42,accuracy,100123,0.7731,4,0.6565708249568939,5.607486836612225,10,0.6565708249568939,valid,0.7724752258750897,0.7739353291770984,0.7731,100123
RS,0.7855,535,535,random,CIFAR10,569,main_b1000_cifar10_alexnet_RS_kp10_seed123,0.1,0.7731,False,0.1,alexnet,0.1,CIFAR10_alexnet_RS_accuracy_kp1000_seed123,123,4000,569,42,accuracy,100123,0.7731,4,0.6736029211044312,5.600752994418144,10,0.6736029211044312,valid,0.7720672856738832,0.7754748320920773,0.7731,100123
RS,0.7855,535,535,random,CIFAR10,570,main_b1000_cifar10_alexnet_RS_kp10_seed123,0.1,0.7662,False,0.1,alexnet,0.1,CIFAR10_alexnet_RS_accuracy_kp1000_seed123,123,4000,570,42,accuracy,100123,0.7662,2,0.6740511483192444,5.578327879309654,10,0.6740511483192444,valid,0.765639965000627,0.7698417299028391,0.7662,100123
RS,0.7855,535,535,random,CIFAR10,571,main_b1000_cifar10_alexnet_RS_kp10_seed123,0.1,0.7652,False,0.1,alexnet,0.1,CIFAR10_alexnet_RS_accuracy_kp1000_seed123,123,4000,571,42,accuracy,100123,0.7652,3,0.6744387147903442,5.671300746500492,10,0.6744387147903442,valid,0.7639697188956925,0.7682005606144242,0.7652,100123
RS,0.7855,535,535,random,CIFAR10,572,main_b1000_cifar10_alexnet_RS_kp10_seed123,0.1,0.7743,False,0.1,alexnet,0.1,CIFAR10_alexnet_RS_accuracy_kp1000_seed123,123,4000,572,42,accuracy,100123,0.7743,4,0.650257446050644,5.650645025074482,10,0.650257446050644,valid,0.7749392485945327,0.7775073213432419,0.7743,100123
RS,0.7855,535,535,random,CIFAR10,573,main_b1000_cifar10_alexnet_RS_kp10_seed123,0.1,0.7715,False,0.1,alexnet,0.1,CIFAR10_alexnet_RS_accuracy_kp1000_seed123,123,4000,573,42,accuracy,100123,0.7715,4,0.6801931101799011,5.564905643463135,10,0.6801931101799011,valid,0.7706380661986227,0.7743546741743461,0.7714999999999999,100123
RS,0.7855,535,535,random,CIFAR10,574,main_b1000_cifar10_alexnet_RS_kp10_seed123,0.1,0.7833,False,0.1,alexnet,0.1,CIFAR10_alexnet_RS_accuracy_kp1000_seed123,123,4000,574,42,accuracy,100123,0.7833,5,0.6675996309280395,5.598797425627708,10,0.6675996309280395,valid,0.781740185942841,0.7821273777793175,0.7833,100123
RS,0.7855,535,535,random,CIFAR10,575,main_b1000_cifar10_alexnet_RS_kp10_seed123,0.1,0.7731,False,0.1,alexnet,0.1,CIFAR10_alexnet_RS_accuracy_kp1000_seed123,123,4000,575,42,accuracy,100123,0.7731,4,0.6599694917201996,5.607376538217068,10,0.6599694917201996,valid,0.7727424404828639,0.7744121564769276,0.7730999999999999,100123
RS,0.7855,535,535,random,CIFAR10,576,main_b1000_cifar10_alexnet_RS_kp10_seed123,0.1,0.7684,False,0.1,alexnet,0.1,CIFAR10_alexnet_RS_accuracy_kp1000_seed123,123,4000,576,42,accuracy,100123,0.7684,3,0.6684117307662963,5.62502733618021,10,0.6684117307662963,valid,0.768915176709069,0.7723652148002544,0.7684,100123
RS,0.7855,535,535,random,CIFAR10,577,main_b1000_cifar10_alexnet_RS_kp10_seed123,0.1,0.7709,False,0.1,alexnet,0.1,CIFAR10_alexnet_RS_accuracy_kp1000_seed123,123,4000,577,42,accuracy,100123,0.7709,4,0.6646066440105438,5.591486319899559,10,0.6646066440105438,valid,0.7709553330422341,0.7744773959881552,0.7709000000000001,100123
RS,0.7855,535,535,random,CIFAR10,578,main_b1000_cifar10_alexnet_RS_kp10_seed123,0.1,0.7695,False,0.1,alexnet,0.1,CIFAR10_alexnet_RS_accuracy_kp1000_seed123,123,4000,578,42,accuracy,100123,0.7695,3,0.6658416669845582,5.592209793627262,10,0.6658416669845582,valid,0.7689359933363475,0.7707413988723222,0.7695000000000001,100123
RS,0.7855,535,535,random,CIFAR10,579,main_b1000_cifar10_alexnet_RS_kp10_seed123,0.1,0.7746,False,0.1,alexnet,0.1,CIFAR10_alexnet_RS_accuracy_kp1000_seed123,123,4000,579,42,accuracy,100123,0.7746,5,0.6769554640293122,5.624302238225937,10,0.6769554640293122,valid,0.7738022820014767,0.7748100358708487,0.7746000000000001,100123
RS,0.7855,535,535,random,CIFAR10,580,main_b1000_cifar10_alexnet_RS_kp10_seed123,0.1,0.7747,False,0.1,alexnet,0.1,CIFAR10_alexnet_RS_accuracy_kp1000_seed123,123,4000,580,42,accuracy,100123,0.7747,4,0.6556039143562317,5.678143858909607,10,0.6556039143562317,valid,0.7743056903632084,0.7773521503436122,0.7747,100123
RS,0.7855,535,535,random,CIFAR10,581,main_b1000_cifar10_alexnet_RS_kp10_seed123,0.1,0.7758,False,0.1,alexnet,0.1,CIFAR10_alexnet_RS_accuracy_kp1000_seed123,123,4000,581,42,accuracy,100123,0.7758,4,0.6696427784442902,5.655523404479027,10,0.6696427784442902,valid,0.7753663093806962,0.7807690220165856,0.7758,100123
RS,0.7855,535,535,random,CIFAR10,582,main_b1000_cifar10_alexnet_RS_kp10_seed123,0.1,0.7696,False,0.1,alexnet,0.1,CIFAR10_alexnet_RS_accuracy_kp1000_seed123,123,4000,582,42,accuracy,100123,0.7696,3,0.6650911073684692,5.663356512784958,10,0.6650911073684692,valid,0.769198731479479,0.7727476680908492,0.7696,100123
RS,0.7855,535,535,random,CIFAR10,583,main_b1000_cifar10_alexnet_RS_kp10_seed123,0.1,0.7723,False,0.1,alexnet,0.1,CIFAR10_alexnet_RS_accuracy_kp1000_seed123,123,4000,583,42,accuracy,100123,0.7723,4,0.6657830725193024,5.635983027517796,10,0.6657830725193024,valid,0.7721387440315892,0.7751922005667446,0.7723,100123
RS,0.7855,535,535,random,CIFAR10,584,main_b1000_cifar10_alexnet_RS_kp10_seed123,0.1,0.7693,False,0.1,alexnet,0.1,CIFAR10_alexnet_RS_accuracy_kp1000_seed123,123,4000,584,42,accuracy,100123,0.7693,4,0.6710046000957489,5.6356087401509285,10,0.6710046000957489,valid,0.7685676646850623,0.770986778927099,0.7693,100123
RS,0.7855,535,535,random,CIFAR10,585,main_b1000_cifar10_alexnet_RS_kp10_seed123,0.1,0.7729,False,0.1,alexnet,0.1,CIFAR10_alexnet_RS_accuracy_kp1000_seed123,123,4000,585,42,accuracy,100123,0.7729,3,0.6514634187221527,5.622485652565956,10,0.6514634187221527,valid,0.774147477022549,0.7785583276104386,0.7728999999999999,100123
RS,0.7855,535,535,random,CIFAR10,586,main_b1000_cifar10_alexnet_RS_kp10_seed123,0.1,0.7652,False,0.1,alexnet,0.1,CIFAR10_alexnet_RS_accuracy_kp1000_seed123,123,4000,586,42,accuracy,100123,0.7652,4,0.6903977665901184,5.680092178285122,10,0.6903977665901184,valid,0.7645441339317479,0.7670747742845346,0.7652,100123
RS,0.7855,535,535,random,CIFAR10,587,main_b1000_cifar10_alexnet_RS_kp10_seed123,0.1,0.7684,False,0.1,alexnet,0.1,CIFAR10_alexnet_RS_accuracy_kp1000_seed123,123,4000,587,42,accuracy,100123,0.7684,3,0.6720290939331055,5.606942415237427,10,0.6720290939331055,valid,0.7706684084337972,0.7787155570061891,0.7684,100123
RS,0.7855,535,535,random,CIFAR10,588,main_b1000_cifar10_alexnet_RS_kp10_seed123,0.1,0.7623,False,0.1,alexnet,0.1,CIFAR10_alexnet_RS_accuracy_kp1000_seed123,123,4000,588,42,accuracy,100123,0.7623,3,0.6811740320205688,5.631918452680111,10,0.6811740320205688,valid,0.7614897479330661,0.7638656040803168,0.7623,100123
RS,0.7855,535,535,random,CIFAR10,589,main_b1000_cifar10_alexnet_RS_kp10_seed123,0.1,0.7717,False,0.1,alexnet,0.1,CIFAR10_alexnet_RS_accuracy_kp1000_seed123,123,4000,589,42,accuracy,100123,0.7717,5,0.6612310716629028,5.627532675862312,10,0.6612310716629028,valid,0.7723439191417164,0.7749367617620712,0.7717,100123
RS,0.7855,535,535,random,CIFAR10,590,main_b1000_cifar10_alexnet_RS_kp10_seed123,0.1,0.7707,False,0.1,alexnet,0.1,CIFAR10_alexnet_RS_accuracy_kp1000_seed123,123,4000,590,42,accuracy,100123,0.7707,5,0.6772573729991913,5.6151455491781235,10,0.6772573729991913,valid,0.7690868408398863,0.7700015549549624,0.7706999999999999,100123
RS,0.7855,535,535,random,CIFAR10,591,main_b1000_cifar10_alexnet_RS_kp10_seed123,0.1,0.7727,False,0.1,alexnet,0.1,CIFAR10_alexnet_RS_accuracy_kp1000_seed123,123,4000,591,42,accuracy,100123,0.7727,3,0.6586698897838592,5.646356984972954,10,0.6586698897838592,valid,0.7713245695091915,0.7751512470073372,0.7727,100123
RS,0.7855,535,535,random,CIFAR10,592,main_b1000_cifar10_alexnet_RS_kp10_seed123,0.1,0.7723,False,0.1,alexnet,0.1,CIFAR10_alexnet_RS_accuracy_kp1000_seed123,123,4000,592,42,accuracy,100123,0.7723,3,0.6692468308448791,5.647478461265564,10,0.6692468308448791,valid,0.7733247727512456,0.7798354640780446,0.7722999999999999,100123
RS,0.7855,535,535,random,CIFAR10,593,main_b1000_cifar10_alexnet_RS_kp10_seed123,0.1,0.7733,False,0.1,alexnet,0.1,CIFAR10_alexnet_RS_accuracy_kp1000_seed123,123,4000,593,42,accuracy,100123,0.7733,4,0.6694642100334167,5.612381674349308,10,0.6694642100334167,valid,0.7732967453903447,0.7761936420438806,0.7733000000000001,100123
RS,0.7855,535,535,random,CIFAR10,594,main_b1000_cifar10_alexnet_RS_kp10_seed123,0.1,0.7737,False,0.1,alexnet,0.1,CIFAR10_alexnet_RS_accuracy_kp1000_seed123,123,4000,594,42,accuracy,100123,0.7737,4,0.6638570974349975,5.5984082370996475,10,0.6638570974349975,valid,0.7735231845132995,0.7802663216968783,0.7737,100123
RS,0.7855,535,535,random,CIFAR10,595,main_b1000_cifar10_alexnet_RS_kp10_seed123,0.1,0.7701,False,0.1,alexnet,0.1,CIFAR10_alexnet_RS_accuracy_kp1000_seed123,123,4000,595,42,accuracy,100123,0.7701,5,0.676918168592453,5.589621871709824,10,0.676918168592453,valid,0.7683223501130991,0.7731079424331383,0.7701,100123
RS,0.7855,535,535,random,CIFAR10,596,main_b1000_cifar10_alexnet_RS_kp10_seed123,0.1,0.7732,False,0.1,alexnet,0.1,CIFAR10_alexnet_RS_accuracy_kp1000_seed123,123,4000,596,42,accuracy,100123,0.7732,4,0.6658533212184906,5.587272256612778,10,0.6658533212184906,valid,0.7731355492959748,0.7781147622764781,0.7731999999999999,100123
RS,0.7855,535,535,random,CIFAR10,597,main_b1000_cifar10_alexnet_RS_kp10_seed123,0.1,0.7721,False,0.1,alexnet,0.1,CIFAR10_alexnet_RS_accuracy_kp1000_seed123,123,4000,597,42,accuracy,100123,0.7721,3,0.651599317073822,5.619643330574036,10,0.651599317073822,valid,0.772577095767917,0.7764459413074856,0.7721,100123
RS,0.7855,535,535,random,CIFAR10,598,main_b1000_cifar10_alexnet_RS_kp10_seed123,0.1,0.761,False,0.1,alexnet,0.1,CIFAR10_alexnet_RS_accuracy_kp1000_seed123,123,4000,598,42,accuracy,100123,0.761,2,0.6742815258979797,5.682795502245426,10,0.6742815258979797,valid,0.7605222842470022,0.7676043198353911,0.7609999999999999,100123
RS,0.7855,535,535,random,CIFAR10,599,main_b1000_cifar10_alexnet_RS_kp10_seed123,0.1,0.7733,False,0.1,alexnet,0.1,CIFAR10_alexnet_RS_accuracy_kp1000_seed123,123,4000,599,42,accuracy,100123,0.7733,4,0.6547314758300782,5.694562174379826,10,0.6547314758300782,valid,0.7731881059012372,0.7755046765764815,0.7733,100123
RS,0.7855,535,535,random,CIFAR10,600,main_b1000_cifar10_alexnet_RS_kp10_seed123,0.1,0.7668,False,0.1,alexnet,0.1,CIFAR10_alexnet_RS_accuracy_kp1000_seed123,123,4000,600,42,accuracy,100123,0.7668,6,0.700490098810196,5.697094693779945,10,0.700490098810196,valid,0.7672634548569073,0.7713701352359299,0.7668,100123
RS,0.7855,535,535,random,CIFAR10,601,main_b1000_cifar10_alexnet_RS_kp10_seed123,0.1,0.7726,False,0.1,alexnet,0.1,CIFAR10_alexnet_RS_accuracy_kp1000_seed123,123,4000,601,42,accuracy,100123,0.7726,3,0.6519137474536896,5.611108534038067,10,0.6519137474536896,valid,0.7725696473359073,0.7772949084812522,0.7726,100123
RS,0.7855,535,535,random,CIFAR10,602,main_b1000_cifar10_alexnet_RS_kp10_seed123,0.1,0.7741,False,0.1,alexnet,0.1,CIFAR10_alexnet_RS_accuracy_kp1000_seed123,123,4000,602,42,accuracy,100123,0.7741,4,0.6609499757289886,5.62928157299757,10,0.6609499757289886,valid,0.7751994267572762,0.7806597983357815,0.7741,100123
RS,0.7855,535,535,random,CIFAR10,603,main_b1000_cifar10_alexnet_RS_kp10_seed123,0.1,0.7743,False,0.1,alexnet,0.1,CIFAR10_alexnet_RS_accuracy_kp1000_seed123,123,4000,603,42,accuracy,100123,0.7743,3,0.6498886920928955,5.639959670603275,10,0.6498886920928955,valid,0.7753175010863572,0.7793038110224983,0.7743,100123
RS,0.7855,535,535,random,CIFAR10,604,main_b1000_cifar10_alexnet_RS_kp10_seed123,0.1,0.7674,False,0.1,alexnet,0.1,CIFAR10_alexnet_RS_accuracy_kp1000_seed123,123,4000,604,42,accuracy,100123,0.7674,3,0.6793244443416595,5.65816418081522,10,0.6793244443416595,valid,0.7671666650578486,0.7704443242417133,0.7674000000000001,100123
RS,0.7855,535,535,random,CIFAR10,605,main_b1000_cifar10_alexnet_RS_kp10_seed123,0.1,0.7677,False,0.1,alexnet,0.1,CIFAR10_alexnet_RS_accuracy_kp1000_seed123,123,4000,605,42,accuracy,100123,0.7677,2,0.6705270977973938,5.63406366109848,10,0.6705270977973938,valid,0.7682694350166172,0.77154701102449,0.7677,100123
RS,0.7855,535,535,random,CIFAR10,606,main_b1000_cifar10_alexnet_RS_kp10_seed123,0.1,0.7741,False,0.1,alexnet,0.1,CIFAR10_alexnet_RS_accuracy_kp1000_seed123,123,4000,606,42,accuracy,100123,0.7741,3,0.6563856134414673,5.622663103044033,10,0.6563856134414673,valid,0.7736934504674718,0.775956856116305,0.7741,100123
RS,0.7855,535,535,random,CIFAR10,607,main_b1000_cifar10_alexnet_RS_kp10_seed123,0.1,0.7641,False,0.1,alexnet,0.1,CIFAR10_alexnet_RS_accuracy_kp1000_seed123,123,4000,607,42,accuracy,100123,0.7641,3,0.6767666195869446,5.63352470099926,10,0.6767666195869446,valid,0.7602686701866299,0.7682849323190314,0.7640999999999999,100123
RS,0.7855,535,535,random,CIFAR10,608,main_b1000_cifar10_alexnet_RS_kp10_seed123,0.1,0.7753,False,0.1,alexnet,0.1,CIFAR10_alexnet_RS_accuracy_kp1000_seed123,123,4000,608,42,accuracy,100123,0.7753,5,0.6674861659049988,5.584306329488754,10,0.6674861659049988,valid,0.7737325873889038,0.7761495869902478,0.7753,100123
RS,0.7855,535,535,random,CIFAR10,609,main_b1000_cifar10_alexnet_RS_kp10_seed123,0.1,0.7649,False,0.1,alexnet,0.1,CIFAR10_alexnet_RS_accuracy_kp1000_seed123,123,4000,609,42,accuracy,100123,0.7649,2,0.662914840221405,5.610431417822838,10,0.662914840221405,valid,0.7638090151623772,0.7649666277755268,0.7648999999999999,100123
RS,0.7855,535,535,random,CIFAR10,610,main_b1000_cifar10_alexnet_RS_kp10_seed123,0.1,0.7673,False,0.1,alexnet,0.1,CIFAR10_alexnet_RS_accuracy_kp1000_seed123,123,4000,610,42,accuracy,100123,0.7673,4,0.6796719544887543,5.5970935598015785,10,0.6796719544887543,valid,0.7660211391622379,0.7695100784194413,0.7673,100123
RS,0.7855,535,535,random,CIFAR10,611,main_b1000_cifar10_alexnet_RS_kp10_seed123,0.1,0.7774,False,0.1,alexnet,0.1,CIFAR10_alexnet_RS_accuracy_kp1000_seed123,123,4000,611,42,accuracy,100123,0.7774,6,0.6652923603534698,5.586668744683266,10,0.6652923603534698,valid,0.7778460349516274,0.7799111576422524,0.7774,100123
RS,0.7855,535,535,random,CIFAR10,612,main_b1000_cifar10_alexnet_RS_kp10_seed123,0.1,0.7818,False,0.1,alexnet,0.1,CIFAR10_alexnet_RS_accuracy_kp1000_seed123,123,4000,612,42,accuracy,100123,0.7818,5,0.640937664270401,5.566254675388336,10,0.640937664270401,valid,0.7813866816031217,0.7824939763818087,0.7817999999999999,100123
RS,0.7855,535,535,random,CIFAR10,613,main_b1000_cifar10_alexnet_RS_kp10_seed123,0.1,0.7739,False,0.1,alexnet,0.1,CIFAR10_alexnet_RS_accuracy_kp1000_seed123,123,4000,613,42,accuracy,100123,0.7739,3,0.6628228868484497,5.5967603996396065,10,0.6628228868484497,valid,0.7738911310770267,0.7830299304460894,0.7739,100123
RS,0.7855,535,535,random,CIFAR10,614,main_b1000_cifar10_alexnet_RS_kp10_seed123,0.1,0.7699,False,0.1,alexnet,0.1,CIFAR10_alexnet_RS_accuracy_kp1000_seed123,123,4000,614,42,accuracy,100123,0.7699,4,0.6729906206130981,5.614516064524651,10,0.6729906206130981,valid,0.7707470010400416,0.7783402315449444,0.7699,100123
RS,0.7855,535,535,random,CIFAR10,615,main_b1000_cifar10_alexnet_RS_kp10_seed123,0.1,0.7775,False,0.1,alexnet,0.1,CIFAR10_alexnet_RS_accuracy_kp1000_seed123,123,4000,615,42,accuracy,100123,0.7775,3,0.6476544503688813,5.638915456831455,10,0.6476544503688813,valid,0.7767878666319389,0.7804531659656329,0.7775000000000001,100123
RS,0.7855,535,535,random,CIFAR10,616,main_b1000_cifar10_alexnet_RS_kp10_seed123,0.1,0.7734,False,0.1,alexnet,0.1,CIFAR10_alexnet_RS_accuracy_kp1000_seed123,123,4000,616,42,accuracy,100123,0.7734,5,0.6595526916027069,5.690032079815865,10,0.6595526916027069,valid,0.7734664623730295,0.7773640356890703,0.7734,100123
RS,0.7855,535,535,random,CIFAR10,617,main_b1000_cifar10_alexnet_RS_kp10_seed123,0.1,0.7672,False,0.1,alexnet,0.1,CIFAR10_alexnet_RS_accuracy_kp1000_seed123,123,4000,617,42,accuracy,100123,0.7672,3,0.6728768466949463,5.690126620233059,10,0.6728768466949463,valid,0.7676649104059072,0.7741963198928576,0.7672000000000001,100123
RS,0.7855,535,535,random,CIFAR10,618,main_b1000_cifar10_alexnet_RS_kp10_seed123,0.1,0.7765,False,0.1,alexnet,0.1,CIFAR10_alexnet_RS_accuracy_kp1000_seed123,123,4000,618,42,accuracy,100123,0.7765,5,0.6636573563098908,5.639630526304245,10,0.6636573563098908,valid,0.7768361127674108,0.7798005228524199,0.7765,100123
RS,0.7855,535,535,random,CIFAR10,619,main_b1000_cifar10_alexnet_RS_kp10_seed123,0.1,0.7741,False,0.1,alexnet,0.1,CIFAR10_alexnet_RS_accuracy_kp1000_seed123,123,4000,619,42,accuracy,100123,0.7741,3,0.6558519061088562,5.5826585739851,10,0.6558519061088562,valid,0.7746892938353158,0.7778516264734892,0.7741,100123
RS,0.7855,535,535,random,CIFAR10,620,main_b1000_cifar10_alexnet_RS_kp10_seed123,0.1,0.77,False,0.1,alexnet,0.1,CIFAR10_alexnet_RS_accuracy_kp1000_seed123,123,4000,620,42,accuracy,100123,0.77,3,0.6638084921836853,5.58438690751791,10,0.6638084921836853,valid,0.7709083694123668,0.7782908730450986,0.7700000000000001,100123
RS,0.7855,535,535,random,CIFAR10,621,main_b1000_cifar10_alexnet_RS_kp10_seed123,0.1,0.7637,False,0.1,alexnet,0.1,CIFAR10_alexnet_RS_accuracy_kp1000_seed123,123,4000,621,42,accuracy,100123,0.7637,2,0.6735502323150635,5.58712200820446,10,0.6735502323150635,valid,0.7613680442527162,0.7669711139579316,0.7637,100123
RS,0.7855,535,535,random,CIFAR10,622,main_b1000_cifar10_alexnet_RS_kp10_seed123,0.1,0.7695,False,0.1,alexnet,0.1,CIFAR10_alexnet_RS_accuracy_kp1000_seed123,123,4000,622,42,accuracy,100123,0.7695,4,0.6697495219230651,5.589031144976616,10,0.6697495219230651,valid,0.7698695065178031,0.774126124541152,0.7695000000000001,100123
RS,0.7855,535,535,random,CIFAR10,623,main_b1000_cifar10_alexnet_RS_kp10_seed123,0.1,0.7728,False,0.1,alexnet,0.1,CIFAR10_alexnet_RS_accuracy_kp1000_seed123,123,4000,623,42,accuracy,100123,0.7728,4,0.6616966862678528,5.619001194834709,10,0.6616966862678528,valid,0.7714541564608429,0.7777244636205729,0.7727999999999999,100123
RS,0.7855,535,535,random,CIFAR10,624,main_b1000_cifar10_alexnet_RS_kp10_seed123,0.1,0.7794,False,0.1,alexnet,0.1,CIFAR10_alexnet_RS_accuracy_kp1000_seed123,123,4000,624,42,accuracy,100123,0.7794,4,0.6461367861270905,5.638564921915531,10,0.6461367861270905,valid,0.779379149816162,0.7816757839002427,0.7793999999999999,100123
RS,0.7855,535,535,random,CIFAR10,625,main_b1000_cifar10_alexnet_RS_kp10_seed123,0.1,0.7633,False,0.1,alexnet,0.1,CIFAR10_alexnet_RS_accuracy_kp1000_seed123,123,4000,625,42,accuracy,100123,0.7633,3,0.6701930190086365,5.660759054124355,10,0.6701930190086365,valid,0.7642010031695127,0.7694827105722073,0.7633,100123
RS,0.7855,535,535,random,CIFAR10,626,main_b1000_cifar10_alexnet_RS_kp10_seed123,0.1,0.7744,False,0.1,alexnet,0.1,CIFAR10_alexnet_RS_accuracy_kp1000_seed123,123,4000,626,42,accuracy,100123,0.7744,5,0.665158862400055,5.612917453050613,10,0.665158862400055,valid,0.7749856357643802,0.777483871462181,0.7744,100123
RS,0.7855,535,535,random,CIFAR10,627,main_b1000_cifar10_alexnet_RS_kp10_seed123,0.1,0.7727,False,0.1,alexnet,0.1,CIFAR10_alexnet_RS_accuracy_kp1000_seed123,123,4000,627,42,accuracy,100123,0.7727,2,0.649943963432312,5.636957123875618,10,0.649943963432312,valid,0.7727966600340765,0.7734451647868098,0.7726999999999999,100123
RS,0.7855,535,535,random,CIFAR10,628,main_b1000_cifar10_alexnet_RS_kp10_seed123,0.1,0.7697,False,0.1,alexnet,0.1,CIFAR10_alexnet_RS_accuracy_kp1000_seed123,123,4000,628,42,accuracy,100123,0.7697,3,0.6693425454616546,5.680413238704205,10,0.6693425454616546,valid,0.770669600502141,0.7757996899884914,0.7697,100123
RS,0.7855,535,535,random,CIFAR10,629,main_b1000_cifar10_alexnet_RS_kp10_seed123,0.1,0.7712,False,0.1,alexnet,0.1,CIFAR10_alexnet_RS_accuracy_kp1000_seed123,123,4000,629,42,accuracy,100123,0.7712,5,0.6867935518264771,5.615451604127884,10,0.6867935518264771,valid,0.7701777131166306,0.7728036697521985,0.7712,100123
RS,0.7855,535,535,random,CIFAR10,630,main_b1000_cifar10_alexnet_RS_kp10_seed123,0.1,0.7692,False,0.1,alexnet,0.1,CIFAR10_alexnet_RS_accuracy_kp1000_seed123,123,4000,630,42,accuracy,100123,0.7692,3,0.6564729640007019,5.6244480684399605,10,0.6564729640007019,valid,0.7684528974534236,0.7702987783408902,0.7692,100123
RS,0.7855,535,535,random,CIFAR10,631,main_b1000_cifar10_alexnet_RS_kp10_seed123,0.1,0.7705,False,0.1,alexnet,0.1,CIFAR10_alexnet_RS_accuracy_kp1000_seed123,123,4000,631,42,accuracy,100123,0.7705,4,0.6717343559741974,5.592048346996307,10,0.6717343559741974,valid,0.7695436936422038,0.7723804287447229,0.7705,100123
RS,0.7855,535,535,random,CIFAR10,632,main_b1000_cifar10_alexnet_RS_kp10_seed123,0.1,0.7702,False,0.1,alexnet,0.1,CIFAR10_alexnet_RS_accuracy_kp1000_seed123,123,4000,632,42,accuracy,100123,0.7702,3,0.6505868399143219,5.609043218195438,10,0.6505868399143219,valid,0.768822802659374,0.7710215611284889,0.7701999999999999,100123
RS,0.7855,535,535,random,CIFAR10,633,main_b1000_cifar10_alexnet_RS_kp10_seed123,0.1,0.7712,False,0.1,alexnet,0.1,CIFAR10_alexnet_RS_accuracy_kp1000_seed123,123,4000,633,42,accuracy,100123,0.7712,2,0.6529528792381286,5.609346233308315,10,0.6529528792381286,valid,0.7721082945115768,0.7760079403357186,0.7712,100123
RS,0.7855,535,535,random,CIFAR10,634,main_b1000_cifar10_alexnet_RS_kp10_seed123,0.1,0.7733,False,0.1,alexnet,0.1,CIFAR10_alexnet_RS_accuracy_kp1000_seed123,123,4000,634,42,accuracy,100123,0.7733,5,0.6617118208885193,5.6381058022379875,10,0.6617118208885193,valid,0.7718313350397052,0.7753599998037252,0.7733,100123
RS,0.7855,535,535,random,CIFAR10,635,main_b1000_cifar10_alexnet_RS_kp10_seed123,0.1,0.7757,False,0.1,alexnet,0.1,CIFAR10_alexnet_RS_accuracy_kp1000_seed123,123,4000,635,42,accuracy,100123,0.7757,4,0.6582884179592132,5.617005363106728,10,0.6582884179592132,valid,0.7741066358022766,0.7763417277282186,0.7757000000000001,100123
RS,0.7855,535,535,random,CIFAR10,636,main_b1000_cifar10_alexnet_RS_kp10_seed123,0.1,0.7679,False,0.1,alexnet,0.1,CIFAR10_alexnet_RS_accuracy_kp1000_seed123,123,4000,636,42,accuracy,100123,0.7679,3,0.6679080345630646,5.628726750612259,10,0.6679080345630646,valid,0.7659121602363793,0.7683077095490287,0.7678999999999999,100123
RS,0.7855,535,535,random,CIFAR10,637,main_b1000_cifar10_alexnet_RS_kp10_seed123,0.1,0.7758,False,0.1,alexnet,0.1,CIFAR10_alexnet_RS_accuracy_kp1000_seed123,123,4000,637,42,accuracy,100123,0.7758,5,0.663840008020401,5.659738592803478,10,0.663840008020401,valid,0.7763392194845257,0.7817787070392369,0.7758,100123
RS,0.7855,535,535,random,CIFAR10,638,main_b1000_cifar10_alexnet_RS_kp10_seed123,0.1,0.766,False,0.1,alexnet,0.1,CIFAR10_alexnet_RS_accuracy_kp1000_seed123,123,4000,638,42,accuracy,100123,0.766,4,0.6829720687866211,5.607681475579739,10,0.6829720687866211,valid,0.7653113001705032,0.7672970186440617,0.766,100123
RS,0.7855,535,535,random,CIFAR10,639,main_b1000_cifar10_alexnet_RS_kp10_seed123,0.1,0.7773,False,0.1,alexnet,0.1,CIFAR10_alexnet_RS_accuracy_kp1000_seed123,123,4000,639,42,accuracy,100123,0.7773,4,0.6599135871887207,5.617784030735493,10,0.6599135871887207,valid,0.7772324235306358,0.778619913212399,0.7773,100123
RS,0.7855,535,535,random,CIFAR10,640,main_b1000_cifar10_alexnet_RS_kp10_seed123,0.1,0.7669,False,0.1,alexnet,0.1,CIFAR10_alexnet_RS_accuracy_kp1000_seed123,123,4000,640,42,accuracy,100123,0.7669,4,0.6666039353370666,5.600033424794674,10,0.6666039353370666,valid,0.7669659192159687,0.7695439019539233,0.7669,100123
RS,0.7855,535,535,random,CIFAR10,641,main_b1000_cifar10_alexnet_RS_kp10_seed123,0.1,0.7632,False,0.1,alexnet,0.1,CIFAR10_alexnet_RS_accuracy_kp1000_seed123,123,4000,641,42,accuracy,100123,0.7632,4,0.6976914990425109,5.596734911203384,10,0.6976914990425109,valid,0.7632109401230199,0.7729657559021196,0.7632,100123
RS,0.7855,535,535,random,CIFAR10,642,main_b1000_cifar10_alexnet_RS_kp10_seed123,0.1,0.7708,False,0.1,alexnet,0.1,CIFAR10_alexnet_RS_accuracy_kp1000_seed123,123,4000,642,42,accuracy,100123,0.7708,3,0.6647107736110687,5.5773046016693115,10,0.6647107736110687,valid,0.7709584183247232,0.7794651743163709,0.7708,100123
RS,0.7855,535,535,random,CIFAR10,643,main_b1000_cifar10_alexnet_RS_kp10_seed123,0.1,0.7708,False,0.1,alexnet,0.1,CIFAR10_alexnet_RS_accuracy_kp1000_seed123,123,4000,643,42,accuracy,100123,0.7708,3,0.6656932150363922,5.606857009232044,10,0.6656932150363922,valid,0.7709371484437475,0.77456326551726,0.7708,100123
RS,0.7855,535,535,random,CIFAR10,644,main_b1000_cifar10_alexnet_RS_kp10_seed123,0.1,0.7651,False,0.1,alexnet,0.1,CIFAR10_alexnet_RS_accuracy_kp1000_seed123,123,4000,644,42,accuracy,100123,0.7651,3,0.6735926756381988,5.624621234834194,10,0.6735926756381988,valid,0.76544826991799,0.7709513161396018,0.7651,100123
RS,0.7855,535,535,random,CIFAR10,645,main_b1000_cifar10_alexnet_RS_kp10_seed123,0.1,0.7656,False,0.1,alexnet,0.1,CIFAR10_alexnet_RS_accuracy_kp1000_seed123,123,4000,645,42,accuracy,100123,0.7656,3,0.6781765810012818,5.6467558816075325,10,0.6781765810012818,valid,0.7653397493584007,0.7692679706028496,0.7656,100123
RS,0.7855,535,535,random,CIFAR10,646,main_b1000_cifar10_alexnet_RS_kp10_seed123,0.1,0.7755,False,0.1,alexnet,0.1,CIFAR10_alexnet_RS_accuracy_kp1000_seed123,123,4000,646,42,accuracy,100123,0.7755,5,0.6636768610477447,5.666957698762417,10,0.6636768610477447,valid,0.7765127571053607,0.7800406226149983,0.7755,100123
RS,0.7855,535,535,random,CIFAR10,647,main_b1000_cifar10_alexnet_RS_kp10_seed123,0.1,0.7736,False,0.1,alexnet,0.1,CIFAR10_alexnet_RS_accuracy_kp1000_seed123,123,4000,647,42,accuracy,100123,0.7736,4,0.6697384400367736,5.661210082471371,10,0.6697384400367736,valid,0.7743663633502633,0.7831665277116311,0.7736,100123
RS,0.7855,535,535,random,CIFAR10,648,main_b1000_cifar10_alexnet_RS_kp10_seed123,0.1,0.7735,False,0.1,alexnet,0.1,CIFAR10_alexnet_RS_accuracy_kp1000_seed123,123,4000,648,42,accuracy,100123,0.7735,3,0.6600245522499084,5.6416294649243355,10,0.6600245522499084,valid,0.7737304101529552,0.7756857242955553,0.7735000000000001,100123
RS,0.7855,535,535,random,CIFAR10,649,main_b1000_cifar10_alexnet_RS_kp10_seed123,0.1,0.7716,False,0.1,alexnet,0.1,CIFAR10_alexnet_RS_accuracy_kp1000_seed123,123,4000,649,42,accuracy,100123,0.7716,4,0.6694838556289673,5.599087126553059,10,0.6694838556289673,valid,0.7718049701817892,0.7755645869689758,0.7716000000000001,100123
RS,0.7855,535,535,random,CIFAR10,650,main_b1000_cifar10_alexnet_RS_kp10_seed123,0.1,0.7704,False,0.1,alexnet,0.1,CIFAR10_alexnet_RS_accuracy_kp1000_seed123,123,4000,650,42,accuracy,100123,0.7704,3,0.658163200378418,5.548514537513256,10,0.658163200378418,valid,0.7699485864154302,0.7721324799613943,0.7704,100123
RS,0.7855,535,535,random,CIFAR10,651,main_b1000_cifar10_alexnet_RS_kp10_seed123,0.1,0.77,False,0.1,alexnet,0.1,CIFAR10_alexnet_RS_accuracy_kp1000_seed123,123,4000,651,42,accuracy,100123,0.77,4,0.6642964424610138,5.531076304614544,10,0.6642964424610138,valid,0.7675295914959601,0.7691237004963929,0.7699999999999999,100123
RS,0.7855,535,535,random,CIFAR10,652,main_b1000_cifar10_alexnet_RS_kp10_seed123,0.1,0.7734,False,0.1,alexnet,0.1,CIFAR10_alexnet_RS_accuracy_kp1000_seed123,123,4000,652,42,accuracy,100123,0.7734,4,0.6632529789447784,5.559173509478569,10,0.6632529789447784,valid,0.7727314452191878,0.7749267685120398,0.7733999999999999,100123
RS,0.7855,535,535,random,CIFAR10,653,main_b1000_cifar10_alexnet_RS_kp10_seed123,0.1,0.7742,False,0.1,alexnet,0.1,CIFAR10_alexnet_RS_accuracy_kp1000_seed123,123,4000,653,42,accuracy,100123,0.7742,4,0.6559885680675507,5.529010131955147,10,0.6559885680675507,valid,0.77324133622097,0.7765125614792471,0.7742,100123
RS,0.7855,535,535,random,CIFAR10,654,main_b1000_cifar10_alexnet_RS_kp10_seed123,0.1,0.7672,False,0.1,alexnet,0.1,CIFAR10_alexnet_RS_accuracy_kp1000_seed123,123,4000,654,42,accuracy,100123,0.7672,2,0.6697571084022522,5.573084495961666,10,0.6697571084022522,valid,0.7659746195628158,0.7699427110945514,0.7672,100123
RS,0.7855,535,535,random,CIFAR10,655,main_b1000_cifar10_alexnet_RS_kp10_seed123,0.1,0.7745,False,0.1,alexnet,0.1,CIFAR10_alexnet_RS_accuracy_kp1000_seed123,123,4000,655,42,accuracy,100123,0.7745,2,0.646824143409729,5.526239924132824,10,0.646824143409729,valid,0.7744247160605781,0.7769399568960371,0.7745,100123
RS,0.7855,535,535,random,CIFAR10,656,main_b1000_cifar10_alexnet_RS_kp10_seed123,0.1,0.7699,False,0.1,alexnet,0.1,CIFAR10_alexnet_RS_accuracy_kp1000_seed123,123,4000,656,42,accuracy,100123,0.7699,4,0.677845677614212,5.546435706317425,10,0.677845677614212,valid,0.7692687598657724,0.7712941173427736,0.7699,100123
RS,0.7855,535,535,random,CIFAR10,657,main_b1000_cifar10_alexnet_RS_kp10_seed123,0.1,0.7736,False,0.1,alexnet,0.1,CIFAR10_alexnet_RS_accuracy_kp1000_seed123,123,4000,657,42,accuracy,100123,0.7736,2,0.6600669171810151,5.550268769264221,10,0.6600669171810151,valid,0.7717759354113329,0.7738437346687559,0.7736,100123
RS,0.7855,535,535,random,CIFAR10,658,main_b1000_cifar10_alexnet_RS_kp10_seed123,0.1,0.7715,False,0.1,alexnet,0.1,CIFAR10_alexnet_RS_accuracy_kp1000_seed123,123,4000,658,42,accuracy,100123,0.7715,3,0.6466214694023132,5.554943233728409,10,0.6466214694023132,valid,0.7712906876998118,0.7748033939418182,0.7715,100123
RS,0.7855,535,535,random,CIFAR10,659,main_b1000_cifar10_alexnet_RS_kp10_seed123,0.1,0.7722,False,0.1,alexnet,0.1,CIFAR10_alexnet_RS_accuracy_kp1000_seed123,123,4000,659,42,accuracy,100123,0.7722,3,0.6500142942428588,5.57207727432251,10,0.6500142942428588,valid,0.7714400237098842,0.7737217185573353,0.7722,100123
RS,0.7855,535,535,random,CIFAR10,660,main_b1000_cifar10_alexnet_RS_kp10_seed123,0.1,0.7779,False,0.1,alexnet,0.1,CIFAR10_alexnet_RS_accuracy_kp1000_seed123,123,4000,660,42,accuracy,100123,0.7779,3,0.6432283399105072,5.538579538464546,10,0.6432283399105072,valid,0.7783826127639236,0.7817560591847379,0.7779,100123
RS,0.7855,535,535,random,CIFAR10,661,main_b1000_cifar10_alexnet_RS_kp10_seed123,0.1,0.7768,False,0.1,alexnet,0.1,CIFAR10_alexnet_RS_accuracy_kp1000_seed123,123,4000,661,42,accuracy,100123,0.7768,5,0.6666026188850402,5.5192641988396645,10,0.6666026188850402,valid,0.7760331249738244,0.7770335077700873,0.7768,100123
RS,0.7855,535,535,random,CIFAR10,662,main_b1000_cifar10_alexnet_RS_kp10_seed123,0.1,0.7747,False,0.1,alexnet,0.1,CIFAR10_alexnet_RS_accuracy_kp1000_seed123,123,4000,662,42,accuracy,100123,0.7747,4,0.6538340940475463,5.528960719704628,10,0.6538340940475463,valid,0.7747556305304097,0.7779850903651011,0.7747,100123
RS,0.7855,535,535,random,CIFAR10,663,main_b1000_cifar10_alexnet_RS_kp10_seed123,0.1,0.7756,False,0.1,alexnet,0.1,CIFAR10_alexnet_RS_accuracy_kp1000_seed123,123,4000,663,42,accuracy,100123,0.7756,3,0.6536259355545044,5.5252097845077515,10,0.6536259355545044,valid,0.7758966699596569,0.7807163305413317,0.7756000000000001,100123
RS,0.7855,535,535,random,CIFAR10,664,main_b1000_cifar10_alexnet_RS_kp10_seed123,0.1,0.7676,False,0.1,alexnet,0.1,CIFAR10_alexnet_RS_accuracy_kp1000_seed123,123,4000,664,42,accuracy,100123,0.7676,2,0.6724581015586854,5.572912938892841,10,0.6724581015586854,valid,0.7671431243918858,0.7688285620061963,0.7676000000000001,100123
RS,0.7855,535,535,random,CIFAR10,665,main_b1000_cifar10_alexnet_RS_kp10_seed123,0.1,0.7718,False,0.1,alexnet,0.1,CIFAR10_alexnet_RS_accuracy_kp1000_seed123,123,4000,665,42,accuracy,100123,0.7718,5,0.6703064610481262,5.561705760657787,10,0.6703064610481262,valid,0.7726370021982244,0.7759804842563687,0.7718,100123
RS,0.7855,535,535,random,CIFAR10,666,main_b1000_cifar10_alexnet_RS_kp10_seed123,0.1,0.7762,False,0.1,alexnet,0.1,CIFAR10_alexnet_RS_accuracy_kp1000_seed123,123,4000,666,42,accuracy,100123,0.7762,3,0.6442898409366608,5.558725781738758,10,0.6442898409366608,valid,0.7753032799795619,0.7788946469550776,0.7762,100123
RS,0.7855,535,535,random,CIFAR10,667,main_b1000_cifar10_alexnet_RS_kp10_seed123,0.1,0.7762,False,0.1,alexnet,0.1,CIFAR10_alexnet_RS_accuracy_kp1000_seed123,123,4000,667,42,accuracy,100123,0.7762,4,0.6448148163795471,5.528935819864273,10,0.6448148163795471,valid,0.7758524811702461,0.7771960193247955,0.7762,100123
RS,0.7855,535,535,random,CIFAR10,668,main_b1000_cifar10_alexnet_RS_kp10_seed123,0.1,0.7712,False,0.1,alexnet,0.1,CIFAR10_alexnet_RS_accuracy_kp1000_seed123,123,4000,668,42,accuracy,100123,0.7712,4,0.6696936849594116,5.557450793683529,10,0.6696936849594116,valid,0.770487430518019,0.774145365879594,0.7712,100123
RS,0.7855,535,535,random,CIFAR10,669,main_b1000_cifar10_alexnet_RS_kp10_seed123,0.1,0.7737,False,0.1,alexnet,0.1,CIFAR10_alexnet_RS_accuracy_kp1000_seed123,123,4000,669,42,accuracy,100123,0.7737,4,0.6651478025436401,5.61526682972908,10,0.6651478025436401,valid,0.7731831107414923,0.7731848194367036,0.7737,100123
RS,0.7855,535,535,random,CIFAR10,670,main_b1000_cifar10_alexnet_RS_kp10_seed123,0.1,0.7744,False,0.1,alexnet,0.1,CIFAR10_alexnet_RS_accuracy_kp1000_seed123,123,4000,670,42,accuracy,100123,0.7744,4,0.6558992631912232,5.97799576818943,10,0.6558992631912232,valid,0.7740308653307512,0.7793436255778693,0.7744,100123
RS,0.7855,535,535,random,CIFAR10,671,main_b1000_cifar10_alexnet_RS_kp10_seed123,0.1,0.7684,False,0.1,alexnet,0.1,CIFAR10_alexnet_RS_accuracy_kp1000_seed123,123,4000,671,42,accuracy,100123,0.7684,2,0.6579728138446808,5.590006746351719,10,0.6579728138446808,valid,0.7698805911950612,0.7739219120000929,0.7684,100123
RS,0.7855,535,535,random,CIFAR10,672,main_b1000_cifar10_alexnet_RS_kp10_seed123,0.1,0.7749,False,0.1,alexnet,0.1,CIFAR10_alexnet_RS_accuracy_kp1000_seed123,123,4000,672,42,accuracy,100123,0.7749,5,0.662098280286789,5.612378358840942,10,0.662098280286789,valid,0.775645805958023,0.7799402579969535,0.7748999999999999,100123
RS,0.7855,535,535,random,CIFAR10,673,main_b1000_cifar10_alexnet_RS_kp10_seed123,0.1,0.7734,False,0.1,alexnet,0.1,CIFAR10_alexnet_RS_accuracy_kp1000_seed123,123,4000,673,42,accuracy,100123,0.7734,3,0.651287327671051,5.601493276655674,10,0.651287327671051,valid,0.7737890971537162,0.7798347357073804,0.7734,100123
RS,0.7855,535,535,random,CIFAR10,674,main_b1000_cifar10_alexnet_RS_kp10_seed123,0.1,0.7745,False,0.1,alexnet,0.1,CIFAR10_alexnet_RS_accuracy_kp1000_seed123,123,4000,674,42,accuracy,100123,0.7745,4,0.6469761098861694,5.6554334461688995,10,0.6469761098861694,valid,0.7734421879782757,0.7741807897542544,0.7745,100123
RS,0.7855,535,535,random,CIFAR10,675,main_b1000_cifar10_alexnet_RS_kp10_seed123,0.1,0.7738,False,0.1,alexnet,0.1,CIFAR10_alexnet_RS_accuracy_kp1000_seed123,123,4000,675,42,accuracy,100123,0.7738,6,0.6764022331237793,5.684591881930828,10,0.6764022331237793,valid,0.7725853281015549,0.7724698357303148,0.7737999999999999,100123
RS,0.7855,535,535,random,CIFAR10,676,main_b1000_cifar10_alexnet_RS_kp10_seed123,0.1,0.7696,False,0.1,alexnet,0.1,CIFAR10_alexnet_RS_accuracy_kp1000_seed123,123,4000,676,42,accuracy,100123,0.7696,4,0.6692505405426026,5.682966850697994,10,0.6692505405426026,valid,0.7689106025856713,0.7725442774673388,0.7696,100123
RS,0.7855,535,535,random,CIFAR10,677,main_b1000_cifar10_alexnet_RS_kp10_seed123,0.1,0.7699,False,0.1,alexnet,0.1,CIFAR10_alexnet_RS_accuracy_kp1000_seed123,123,4000,677,42,accuracy,100123,0.7699,3,0.6521300001621246,5.643864318728447,10,0.6521300001621246,valid,0.76936839645818,0.773316401638796,0.7699,100123
RS,0.7855,535,535,random,CIFAR10,678,main_b1000_cifar10_alexnet_RS_kp10_seed123,0.1,0.7696,False,0.1,alexnet,0.1,CIFAR10_alexnet_RS_accuracy_kp1000_seed123,123,4000,678,42,accuracy,100123,0.7696,5,0.677872563123703,5.61790731549263,10,0.677872563123703,valid,0.7694171987736126,0.7713123699300749,0.7696000000000001,100123
RS,0.7855,535,535,random,CIFAR10,679,main_b1000_cifar10_alexnet_RS_kp10_seed123,0.1,0.7725,False,0.1,alexnet,0.1,CIFAR10_alexnet_RS_accuracy_kp1000_seed123,123,4000,679,42,accuracy,100123,0.7725,3,0.658911332654953,5.597129613161087,10,0.658911332654953,valid,0.7731790360315932,0.7794871677135713,0.7725000000000001,100123
RS,0.7855,535,535,random,CIFAR10,680,main_b1000_cifar10_alexnet_RS_kp10_seed123,0.1,0.7696,False,0.1,alexnet,0.1,CIFAR10_alexnet_RS_accuracy_kp1000_seed123,123,4000,680,42,accuracy,100123,0.7696,3,0.6654686621189118,5.646722711622715,10,0.6654686621189118,valid,0.7716302763100895,0.7818910584131982,0.7696,100123
RS,0.7855,535,535,random,CIFAR10,681,main_b1000_cifar10_alexnet_RS_kp10_seed123,0.1,0.7675,False,0.1,alexnet,0.1,CIFAR10_alexnet_RS_accuracy_kp1000_seed123,123,4000,681,42,accuracy,100123,0.7675,3,0.6640938416004181,5.624034553766251,10,0.6640938416004181,valid,0.7673523298688972,0.772837856597946,0.7675,100123
RS,0.7855,535,535,random,CIFAR10,682,main_b1000_cifar10_alexnet_RS_kp10_seed123,0.1,0.7806,False,0.1,alexnet,0.1,CIFAR10_alexnet_RS_accuracy_kp1000_seed123,123,4000,682,42,accuracy,100123,0.7806,5,0.6520265591621399,5.580855779349804,10,0.6520265591621399,valid,0.7805384527048169,0.7822358678488542,0.7806000000000001,100123
RS,0.7855,535,535,random,CIFAR10,683,main_b1000_cifar10_alexnet_RS_kp10_seed123,0.1,0.772,False,0.1,alexnet,0.1,CIFAR10_alexnet_RS_accuracy_kp1000_seed123,123,4000,683,42,accuracy,100123,0.772,2,0.652610028553009,5.6313591077923775,10,0.652610028553009,valid,0.7712404544026138,0.7724592660996323,0.772,100123
RS,0.7855,535,535,random,CIFAR10,684,main_b1000_cifar10_alexnet_RS_kp10_seed123,0.1,0.7714,False,0.1,alexnet,0.1,CIFAR10_alexnet_RS_accuracy_kp1000_seed123,123,4000,684,42,accuracy,100123,0.7714,4,0.6795714628696442,5.61444703489542,10,0.6795714628696442,valid,0.7726602736367935,0.7770985888031238,0.7714000000000001,100123
RS,0.7855,535,535,random,CIFAR10,685,main_b1000_cifar10_alexnet_RS_kp10_seed123,0.1,0.7644,False,0.1,alexnet,0.1,CIFAR10_alexnet_RS_accuracy_kp1000_seed123,123,4000,685,42,accuracy,100123,0.7644,4,0.6780393352508545,5.653052270412445,10,0.6780393352508545,valid,0.7624242688014022,0.7661384199858993,0.7644,100123
RS,0.7855,535,535,random,CIFAR10,686,main_b1000_cifar10_alexnet_RS_kp10_seed123,0.1,0.7789,False,0.1,alexnet,0.1,CIFAR10_alexnet_RS_accuracy_kp1000_seed123,123,4000,686,42,accuracy,100123,0.7789,5,0.6599661947727203,5.6650539338588715,10,0.6599661947727203,valid,0.7776419302619733,0.7795823197619527,0.7789,100123
RS,0.7855,535,535,random,CIFAR10,687,main_b1000_cifar10_alexnet_RS_kp10_seed123,0.1,0.7697,False,0.1,alexnet,0.1,CIFAR10_alexnet_RS_accuracy_kp1000_seed123,123,4000,687,42,accuracy,100123,0.7697,4,0.6681581396102906,5.630365304648876,10,0.6681581396102906,valid,0.7704341227688662,0.775271595548225,0.7697,100123
RS,0.7855,535,535,random,CIFAR10,688,main_b1000_cifar10_alexnet_RS_kp10_seed123,0.1,0.7738,False,0.1,alexnet,0.1,CIFAR10_alexnet_RS_accuracy_kp1000_seed123,123,4000,688,42,accuracy,100123,0.7738,3,0.6612295624732971,5.620062552392483,10,0.6612295624732971,valid,0.7717289496645205,0.7753271963268802,0.7738,100123
RS,0.7855,535,535,random,CIFAR10,689,main_b1000_cifar10_alexnet_RS_kp10_seed123,0.1,0.7732,False,0.1,alexnet,0.1,CIFAR10_alexnet_RS_accuracy_kp1000_seed123,123,4000,689,42,accuracy,100123,0.7732,3,0.6584175284385682,5.608819052577019,10,0.6584175284385682,valid,0.774479719648031,0.7800313533060874,0.7731999999999999,100123
RS,0.7855,535,535,random,CIFAR10,690,main_b1000_cifar10_alexnet_RS_kp10_seed123,0.1,0.7711,False,0.1,alexnet,0.1,CIFAR10_alexnet_RS_accuracy_kp1000_seed123,123,4000,690,42,accuracy,100123,0.7711,3,0.6648733705997467,5.6128671914339066,10,0.6648733705997467,valid,0.7701111359348367,0.7722298268008423,0.7710999999999999,100123
RS,0.7855,535,535,random,CIFAR10,691,main_b1000_cifar10_alexnet_RS_kp10_seed123,0.1,0.7739,False,0.1,alexnet,0.1,CIFAR10_alexnet_RS_accuracy_kp1000_seed123,123,4000,691,42,accuracy,100123,0.7739,3,0.6628472370624542,5.59598296135664,10,0.6628472370624542,valid,0.7741015998332437,0.7779238068711443,0.7739,100123
RS,0.7855,535,535,random,CIFAR10,692,main_b1000_cifar10_alexnet_RS_kp10_seed123,0.1,0.7716,False,0.1,alexnet,0.1,CIFAR10_alexnet_RS_accuracy_kp1000_seed123,123,4000,692,42,accuracy,100123,0.7716,3,0.6541714125156403,5.615423329174519,10,0.6541714125156403,valid,0.7702992483063001,0.7727642243827104,0.7716000000000001,100123
RS,0.7855,535,535,random,CIFAR10,693,main_b1000_cifar10_alexnet_RS_kp10_seed123,0.1,0.7677,False,0.1,alexnet,0.1,CIFAR10_alexnet_RS_accuracy_kp1000_seed123,123,4000,693,42,accuracy,100123,0.7677,2,0.6613226878166198,5.646733686327934,10,0.6613226878166198,valid,0.7663464117131866,0.771645815653662,0.7676999999999999,100123
RS,0.7855,535,535,random,CIFAR10,694,main_b1000_cifar10_alexnet_RS_kp10_seed123,0.1,0.7721,False,0.1,alexnet,0.1,CIFAR10_alexnet_RS_accuracy_kp1000_seed123,123,4000,694,42,accuracy,100123,0.7721,3,0.6594529159069061,5.6269656121730804,10,0.6594529159069061,valid,0.7720559311164761,0.7746176631384102,0.7720999999999999,100123
RS,0.7855,535,535,random,CIFAR10,695,main_b1000_cifar10_alexnet_RS_kp10_seed123,0.1,0.7715,False,0.1,alexnet,0.1,CIFAR10_alexnet_RS_accuracy_kp1000_seed123,123,4000,695,42,accuracy,100123,0.7715,2,0.6574779956817627,5.627059698104858,10,0.6574779956817627,valid,0.7717949328994533,0.7745672306150186,0.7715,100123
RS,0.7855,535,535,random,CIFAR10,696,main_b1000_cifar10_alexnet_RS_kp10_seed123,0.1,0.7664,False,0.1,alexnet,0.1,CIFAR10_alexnet_RS_accuracy_kp1000_seed123,123,4000,696,42,accuracy,100123,0.7664,3,0.6827465124130249,5.599949240684509,10,0.6827465124130249,valid,0.7650778161188375,0.7696278996576332,0.7664,100123
RS,0.7855,535,535,random,CIFAR10,697,main_b1000_cifar10_alexnet_RS_kp10_seed123,0.1,0.7711,False,0.1,alexnet,0.1,CIFAR10_alexnet_RS_accuracy_kp1000_seed123,123,4000,697,42,accuracy,100123,0.7711,4,0.6626890899658203,5.602519549429417,10,0.6626890899658203,valid,0.7717830536004141,0.7768427805070065,0.7710999999999999,100123
RS,0.7855,535,535,random,CIFAR10,698,main_b1000_cifar10_alexnet_RS_kp10_seed123,0.1,0.7697,False,0.1,alexnet,0.1,CIFAR10_alexnet_RS_accuracy_kp1000_seed123,123,4000,698,42,accuracy,100123,0.7697,4,0.6725174025535583,5.612866550683975,10,0.6725174025535583,valid,0.7699111707392327,0.7720538853856482,0.7697,100123
RS,0.7855,535,535,random,CIFAR10,699,main_b1000_cifar10_alexnet_RS_kp10_seed123,0.1,0.7705,False,0.1,alexnet,0.1,CIFAR10_alexnet_RS_accuracy_kp1000_seed123,123,4000,699,42,accuracy,100123,0.7705,3,0.6560716595172882,5.593885272741318,10,0.6560716595172882,valid,0.771265135643135,0.7753493438322736,0.7705,100123
RS,0.7855,535,535,random,CIFAR10,700,main_b1000_cifar10_alexnet_RS_kp10_seed123,0.1,0.7629,False,0.1,alexnet,0.1,CIFAR10_alexnet_RS_accuracy_kp1000_seed123,123,4000,700,42,accuracy,100123,0.7629,4,0.6749759541034699,5.595288597047329,10,0.6749759541034699,valid,0.7632203696500988,0.7673117562953118,0.7629,100123
RS,0.7855,535,535,random,CIFAR10,701,main_b1000_cifar10_alexnet_RS_kp10_seed123,0.1,0.7741,False,0.1,alexnet,0.1,CIFAR10_alexnet_RS_accuracy_kp1000_seed123,123,4000,701,42,accuracy,100123,0.7741,4,0.6607845140457154,5.628198876976967,10,0.6607845140457154,valid,0.7754248192036574,0.7810826853111996,0.7741,100123
RS,0.7855,535,535,random,CIFAR10,702,main_b1000_cifar10_alexnet_RS_kp10_seed123,0.1,0.7705,False,0.1,alexnet,0.1,CIFAR10_alexnet_RS_accuracy_kp1000_seed123,123,4000,702,42,accuracy,100123,0.7705,3,0.6500879156112671,5.614804193377495,10,0.6500879156112671,valid,0.7688762906429838,0.7731959178974593,0.7705,100123
RS,0.7855,535,535,random,CIFAR10,703,main_b1000_cifar10_alexnet_RS_kp10_seed123,0.1,0.7673,False,0.1,alexnet,0.1,CIFAR10_alexnet_RS_accuracy_kp1000_seed123,123,4000,703,42,accuracy,100123,0.7673,3,0.6506530074119568,5.662353500723839,10,0.6506530074119568,valid,0.7676835942616613,0.7701342807373945,0.7672999999999999,100123
RS,0.7855,535,535,random,CIFAR10,704,main_b1000_cifar10_alexnet_RS_kp10_seed123,0.1,0.7705,False,0.1,alexnet,0.1,CIFAR10_alexnet_RS_accuracy_kp1000_seed123,123,4000,704,42,accuracy,100123,0.7705,3,0.6760205093383789,5.613061279058456,10,0.6760205093383789,valid,0.7688449775545336,0.7713537703383864,0.7705,100123
RS,0.7855,535,535,random,CIFAR10,705,main_b1000_cifar10_alexnet_RS_kp10_seed123,0.1,0.7754,False,0.1,alexnet,0.1,CIFAR10_alexnet_RS_accuracy_kp1000_seed123,123,4000,705,42,accuracy,100123,0.7754,4,0.6544261376857757,5.619179122149944,10,0.6544261376857757,valid,0.774548206559054,0.7762568224554725,0.7754,100123
RS,0.7855,535,535,random,CIFAR10,706,main_b1000_cifar10_alexnet_RS_kp10_seed123,0.1,0.7706,False,0.1,alexnet,0.1,CIFAR10_alexnet_RS_accuracy_kp1000_seed123,123,4000,706,42,accuracy,100123,0.7706,3,0.6543980034828186,5.611702628433704,10,0.6543980034828186,valid,0.7688787420108528,0.7735789607230499,0.7706000000000001,100123
RS,0.7855,535,535,random,CIFAR10,707,main_b1000_cifar10_alexnet_RS_kp10_seed123,0.1,0.7822,False,0.1,alexnet,0.1,CIFAR10_alexnet_RS_accuracy_kp1000_seed123,123,4000,707,42,accuracy,100123,0.7822,5,0.6477926149368286,5.621453866362572,10,0.6477926149368286,valid,0.781825539979149,0.7836356660824266,0.7821999999999999,100123
RS,0.7855,535,535,random,CIFAR10,708,main_b1000_cifar10_alexnet_RS_kp10_seed123,0.1,0.7719,False,0.1,alexnet,0.1,CIFAR10_alexnet_RS_accuracy_kp1000_seed123,123,4000,708,42,accuracy,100123,0.7719,3,0.6683859954833984,5.6471007242798805,10,0.6683859954833984,valid,0.772719099330591,0.7784493852117855,0.7719,100123
RS,0.7855,535,535,random,CIFAR10,709,main_b1000_cifar10_alexnet_RS_kp10_seed123,0.1,0.7698,False,0.1,alexnet,0.1,CIFAR10_alexnet_RS_accuracy_kp1000_seed123,123,4000,709,42,accuracy,100123,0.7698,3,0.6692647929668426,5.614875115454197,10,0.6692647929668426,valid,0.7692485905003683,0.77266916187509,0.7697999999999999,100123
RS,0.7855,535,535,random,CIFAR10,710,main_b1000_cifar10_alexnet_RS_kp10_seed123,0.1,0.7805,False,0.1,alexnet,0.1,CIFAR10_alexnet_RS_accuracy_kp1000_seed123,123,4000,710,42,accuracy,100123,0.7805,4,0.6483709990978241,5.6188328713178635,10,0.6483709990978241,valid,0.7799128478129258,0.7813877022994996,0.7805,100123
RS,0.7855,535,535,random,CIFAR10,711,main_b1000_cifar10_alexnet_RS_kp10_seed123,0.1,0.7755,False,0.1,alexnet,0.1,CIFAR10_alexnet_RS_accuracy_kp1000_seed123,123,4000,711,42,accuracy,100123,0.7755,4,0.6569224171638489,5.617338374257088,10,0.6569224171638489,valid,0.7757723681583037,0.776791085206224,0.7755,100123
RS,0.7855,535,535,random,CIFAR10,712,main_b1000_cifar10_alexnet_RS_kp10_seed123,0.1,0.7779,False,0.1,alexnet,0.1,CIFAR10_alexnet_RS_accuracy_kp1000_seed123,123,4000,712,42,accuracy,100123,0.7779,5,0.6671742050647735,5.569620311260223,10,0.6671742050647735,valid,0.7776414543909931,0.7795964950181331,0.7779,100123
RS,0.7855,535,535,random,CIFAR10,713,main_b1000_cifar10_alexnet_RS_kp10_seed123,0.1,0.7742,False,0.1,alexnet,0.1,CIFAR10_alexnet_RS_accuracy_kp1000_seed123,123,4000,713,42,accuracy,100123,0.7742,6,0.671790843296051,5.596556298434734,10,0.671790843296051,valid,0.7745231541294338,0.776244862303361,0.7742,100123
RS,0.7855,535,535,random,CIFAR10,714,main_b1000_cifar10_alexnet_RS_kp10_seed123,0.1,0.7604,False,0.1,alexnet,0.1,CIFAR10_alexnet_RS_accuracy_kp1000_seed123,123,4000,714,42,accuracy,100123,0.7604,3,0.6909706894874573,5.558882109820843,10,0.6909706894874573,valid,0.7589142386571217,0.7675185180345937,0.7604,100123
RS,0.7855,535,535,random,CIFAR10,715,main_b1000_cifar10_alexnet_RS_kp10_seed123,0.1,0.7705,False,0.1,alexnet,0.1,CIFAR10_alexnet_RS_accuracy_kp1000_seed123,123,4000,715,42,accuracy,100123,0.7705,2,0.664724367904663,5.658809050917625,10,0.664724367904663,valid,0.7694180364895548,0.7728884150932301,0.7705,100123
RS,0.7855,535,535,random,CIFAR10,716,main_b1000_cifar10_alexnet_RS_kp10_seed123,0.1,0.7702,False,0.1,alexnet,0.1,CIFAR10_alexnet_RS_accuracy_kp1000_seed123,123,4000,716,42,accuracy,100123,0.7702,3,0.6576194422721863,5.619969867169857,10,0.6576194422721863,valid,0.7705367960554702,0.7762990038540327,0.7702000000000001,100123
RS,0.7855,535,535,random,CIFAR10,717,main_b1000_cifar10_alexnet_RS_kp10_seed123,0.1,0.7731,False,0.1,alexnet,0.1,CIFAR10_alexnet_RS_accuracy_kp1000_seed123,123,4000,717,42,accuracy,100123,0.7731,6,0.6794929646968841,5.572278872132301,10,0.6794929646968841,valid,0.7742918315987574,0.7800453508315841,0.7731,100123
RS,0.7855,535,535,random,CIFAR10,718,main_b1000_cifar10_alexnet_RS_kp10_seed123,0.1,0.7689,False,0.1,alexnet,0.1,CIFAR10_alexnet_RS_accuracy_kp1000_seed123,123,4000,718,42,accuracy,100123,0.7689,2,0.6558778848648071,5.582950636744499,10,0.6558778848648071,valid,0.7686553323574336,0.7743307211035255,0.7689,100123
RS,0.7855,535,535,random,CIFAR10,719,main_b1000_cifar10_alexnet_RS_kp10_seed123,0.1,0.7706,False,0.1,alexnet,0.1,CIFAR10_alexnet_RS_accuracy_kp1000_seed123,123,4000,719,42,accuracy,100123,0.7706,3,0.6583324987411499,5.600616782903671,10,0.6583324987411499,valid,0.770592983010617,0.7724604137528501,0.7706,100123
RS,0.7855,535,535,random,CIFAR10,720,main_b1000_cifar10_alexnet_RS_kp10_seed123,0.1,0.7715,False,0.1,alexnet,0.1,CIFAR10_alexnet_RS_accuracy_kp1000_seed123,123,4000,720,42,accuracy,100123,0.7715,4,0.6596046617507935,5.620291918516159,10,0.6596046617507935,valid,0.7725450973824963,0.775659609504864,0.7715,100123
RS,0.7855,535,535,random,CIFAR10,721,main_b1000_cifar10_alexnet_RS_kp10_seed123,0.1,0.7676,False,0.1,alexnet,0.1,CIFAR10_alexnet_RS_accuracy_kp1000_seed123,123,4000,721,42,accuracy,100123,0.7676,4,0.6767556876659393,5.679403990507126,10,0.6767556876659393,valid,0.7694134033582861,0.7767786596554147,0.7676000000000001,100123
RS,0.7855,535,535,random,CIFAR10,722,main_b1000_cifar10_alexnet_RS_kp10_seed123,0.1,0.7792,False,0.1,alexnet,0.1,CIFAR10_alexnet_RS_accuracy_kp1000_seed123,123,4000,722,42,accuracy,100123,0.7792,5,0.6607448688030243,5.646079391241074,10,0.6607448688030243,valid,0.7792274671138789,0.7803162077371261,0.7792,100123
RS,0.7855,535,535,random,CIFAR10,723,main_b1000_cifar10_alexnet_RS_kp10_seed123,0.1,0.7729,False,0.1,alexnet,0.1,CIFAR10_alexnet_RS_accuracy_kp1000_seed123,123,4000,723,42,accuracy,100123,0.7729,3,0.6612125318527222,5.667399577796459,10,0.6612125318527222,valid,0.7726517595251158,0.7739600740242806,0.7729000000000001,100123
RS,0.7855,535,535,random,CIFAR10,724,main_b1000_cifar10_alexnet_RS_kp10_seed123,0.1,0.7703,False,0.1,alexnet,0.1,CIFAR10_alexnet_RS_accuracy_kp1000_seed123,123,4000,724,42,accuracy,100123,0.7703,4,0.6681967792510987,5.680012583732605,10,0.6681967792510987,valid,0.7703005081974279,0.7744426283805627,0.7703,100123
RS,0.7855,535,535,random,CIFAR10,725,main_b1000_cifar10_alexnet_RS_kp10_seed123,0.1,0.7811,False,0.1,alexnet,0.1,CIFAR10_alexnet_RS_accuracy_kp1000_seed123,123,4000,725,42,accuracy,100123,0.7811,4,0.6530323112487793,5.669267050921917,10,0.6530323112487793,valid,0.7822592144509348,0.786262507237222,0.7811,100123
RS,0.7855,535,535,random,CIFAR10,726,main_b1000_cifar10_alexnet_RS_kp10_seed123,0.1,0.7737,False,0.1,alexnet,0.1,CIFAR10_alexnet_RS_accuracy_kp1000_seed123,123,4000,726,42,accuracy,100123,0.7737,3,0.6548179793834686,5.633690766990185,10,0.6548179793834686,valid,0.7734173033171846,0.7747494597392841,0.7736999999999999,100123
RS,0.7855,535,535,random,CIFAR10,727,main_b1000_cifar10_alexnet_RS_kp10_seed123,0.1,0.769,False,0.1,alexnet,0.1,CIFAR10_alexnet_RS_accuracy_kp1000_seed123,123,4000,727,42,accuracy,100123,0.769,3,0.6541112205505372,5.671232953667641,10,0.6541112205505372,valid,0.7686879342214078,0.7718970495366598,0.7689999999999999,100123
RS,0.7855,535,535,random,CIFAR10,728,main_b1000_cifar10_alexnet_RS_kp10_seed123,0.1,0.7688,False,0.1,alexnet,0.1,CIFAR10_alexnet_RS_accuracy_kp1000_seed123,123,4000,728,42,accuracy,100123,0.7688,4,0.6674828366279602,5.619647853076458,10,0.6674828366279602,valid,0.7681588436896674,0.7742157390568962,0.7688,100123
RS,0.7855,535,535,random,CIFAR10,729,main_b1000_cifar10_alexnet_RS_kp10_seed123,0.1,0.7666,False,0.1,alexnet,0.1,CIFAR10_alexnet_RS_accuracy_kp1000_seed123,123,4000,729,42,accuracy,100123,0.7666,5,0.6783777863502503,5.648860365152359,10,0.6783777863502503,valid,0.7668647473180064,0.7725405678468004,0.7666000000000001,100123
RS,0.7855,535,535,random,CIFAR10,730,main_b1000_cifar10_alexnet_RS_kp10_seed123,0.1,0.771,False,0.1,alexnet,0.1,CIFAR10_alexnet_RS_accuracy_kp1000_seed123,123,4000,730,42,accuracy,100123,0.771,4,0.6671883345127105,5.584271535277367,10,0.6671883345127105,valid,0.7705287272386468,0.774366243216557,0.771,100123
RS,0.7855,535,535,random,CIFAR10,731,main_b1000_cifar10_alexnet_RS_kp10_seed123,0.1,0.7672,False,0.1,alexnet,0.1,CIFAR10_alexnet_RS_accuracy_kp1000_seed123,123,4000,731,42,accuracy,100123,0.7672,4,0.6712390683174133,5.5842088386416435,10,0.6712390683174133,valid,0.7683838473710611,0.7725936466804693,0.7672000000000001,100123
RS,0.7855,535,535,random,CIFAR10,732,main_b1000_cifar10_alexnet_RS_kp10_seed123,0.1,0.7774,False,0.1,alexnet,0.1,CIFAR10_alexnet_RS_accuracy_kp1000_seed123,123,4000,732,42,accuracy,100123,0.7774,4,0.6507122992515564,5.579966224730015,10,0.6507122992515564,valid,0.7776770514936394,0.7796515291795421,0.7774000000000001,100123
RS,0.7855,535,535,random,CIFAR10,733,main_b1000_cifar10_alexnet_RS_kp10_seed123,0.1,0.7558,False,0.1,alexnet,0.1,CIFAR10_alexnet_RS_accuracy_kp1000_seed123,123,4000,733,42,accuracy,100123,0.7558,2,0.683020828819275,5.606263257563114,10,0.683020828819275,valid,0.7575684293305596,0.7662484921748766,0.7558,100123
RS,0.7855,535,535,random,CIFAR10,734,main_b1000_cifar10_alexnet_RS_kp10_seed123,0.1,0.7735,False,0.1,alexnet,0.1,CIFAR10_alexnet_RS_accuracy_kp1000_seed123,123,4000,734,42,accuracy,100123,0.7735,5,0.6673371345043182,5.695619158446789,10,0.6673371345043182,valid,0.7729019746737692,0.7754541643741287,0.7735,100123
RS,0.7855,535,535,random,CIFAR10,735,main_b1000_cifar10_alexnet_RS_kp10_seed123,0.1,0.7791,False,0.1,alexnet,0.1,CIFAR10_alexnet_RS_accuracy_kp1000_seed123,123,4000,735,42,accuracy,100123,0.7791,5,0.665422754240036,5.662882313132286,10,0.665422754240036,valid,0.778202811745715,0.780346455257886,0.7791,100123
RS,0.7855,535,535,random,CIFAR10,736,main_b1000_cifar10_alexnet_RS_kp10_seed123,0.1,0.7732,False,0.1,alexnet,0.1,CIFAR10_alexnet_RS_accuracy_kp1000_seed123,123,4000,736,42,accuracy,100123,0.7732,3,0.6551956508636475,5.662506803870201,10,0.6551956508636475,valid,0.7735820498917798,0.7779499369127324,0.7732,100123
RS,0.7855,535,535,random,CIFAR10,737,main_b1000_cifar10_alexnet_RS_kp10_seed123,0.1,0.7673,False,0.1,alexnet,0.1,CIFAR10_alexnet_RS_accuracy_kp1000_seed123,123,4000,737,42,accuracy,100123,0.7673,4,0.6817941889762879,5.616116024553776,10,0.6817941889762879,valid,0.7659963844783431,0.7688888157169812,0.7673,100123
RS,0.7855,535,535,random,CIFAR10,738,main_b1000_cifar10_alexnet_RS_kp10_seed123,0.1,0.7674,False,0.1,alexnet,0.1,CIFAR10_alexnet_RS_accuracy_kp1000_seed123,123,4000,738,42,accuracy,100123,0.7674,2,0.657818142414093,5.60937038064003,10,0.657818142414093,valid,0.7655309324290815,0.7692425735402115,0.7674000000000001,100123
RS,0.7855,535,535,random,CIFAR10,739,main_b1000_cifar10_alexnet_RS_kp10_seed123,0.1,0.7701,False,0.1,alexnet,0.1,CIFAR10_alexnet_RS_accuracy_kp1000_seed123,123,4000,739,42,accuracy,100123,0.7701,4,0.6611261315822601,5.649897262454033,10,0.6611261315822601,valid,0.769996788684152,0.7734571080659081,0.7700999999999999,100123
RS,0.7855,535,535,random,CIFAR10,740,main_b1000_cifar10_alexnet_RS_kp10_seed123,0.1,0.7734,False,0.1,alexnet,0.1,CIFAR10_alexnet_RS_accuracy_kp1000_seed123,123,4000,740,42,accuracy,100123,0.7734,4,0.6657744835853576,5.619912795722485,10,0.6657744835853576,valid,0.7728957763447399,0.7744343547239231,0.7734,100123
RS,0.7855,535,535,random,CIFAR10,741,main_b1000_cifar10_alexnet_RS_kp10_seed123,0.1,0.7661,False,0.1,alexnet,0.1,CIFAR10_alexnet_RS_accuracy_kp1000_seed123,123,4000,741,42,accuracy,100123,0.7661,3,0.6850502812385559,5.648308135569096,10,0.6850502812385559,valid,0.765237019195451,0.7735989451231802,0.7661,100123
RS,0.7855,535,535,random,CIFAR10,742,main_b1000_cifar10_alexnet_RS_kp10_seed123,0.1,0.7718,False,0.1,alexnet,0.1,CIFAR10_alexnet_RS_accuracy_kp1000_seed123,123,4000,742,42,accuracy,100123,0.7718,5,0.6636606708526611,5.657445505261421,10,0.6636606708526611,valid,0.7706214439170582,0.770375834182284,0.7717999999999999,100123
RS,0.7855,535,535,random,CIFAR10,743,main_b1000_cifar10_alexnet_RS_kp10_seed123,0.1,0.772,False,0.1,alexnet,0.1,CIFAR10_alexnet_RS_accuracy_kp1000_seed123,123,4000,743,42,accuracy,100123,0.772,4,0.6830664596557617,5.633188836276531,10,0.6830664596557617,valid,0.7742153575425014,0.7845359727525129,0.772,100123
RS,0.7855,535,535,random,CIFAR10,744,main_b1000_cifar10_alexnet_RS_kp10_seed123,0.1,0.7756,False,0.1,alexnet,0.1,CIFAR10_alexnet_RS_accuracy_kp1000_seed123,123,4000,744,42,accuracy,100123,0.7756,3,0.6529277577877045,5.597289651632309,10,0.6529277577877045,valid,0.7743318349112581,0.7781106271223182,0.7756,100123
RS,0.7855,535,535,random,CIFAR10,745,main_b1000_cifar10_alexnet_RS_kp10_seed123,0.1,0.7746,False,0.1,alexnet,0.1,CIFAR10_alexnet_RS_accuracy_kp1000_seed123,123,4000,745,42,accuracy,100123,0.7746,5,0.6737777309417725,5.640907809138298,10,0.6737777309417725,valid,0.7741031526206376,0.7752739237350912,0.7746000000000001,100123
RS,0.7855,535,535,random,CIFAR10,746,main_b1000_cifar10_alexnet_RS_kp10_seed123,0.1,0.7691,False,0.1,alexnet,0.1,CIFAR10_alexnet_RS_accuracy_kp1000_seed123,123,4000,746,42,accuracy,100123,0.7691,6,0.6759635377883911,5.616085521876812,10,0.6759635377883911,valid,0.7689591950819917,0.7700882857774034,0.7691,100123
RS,0.7855,535,535,random,CIFAR10,747,main_b1000_cifar10_alexnet_RS_kp10_seed123,0.1,0.7743,False,0.1,alexnet,0.1,CIFAR10_alexnet_RS_accuracy_kp1000_seed123,123,4000,747,42,accuracy,100123,0.7743,4,0.6557161958694459,5.600798882544041,10,0.6557161958694459,valid,0.7741432565697386,0.7768145042025341,0.7743,100123
RS,0.7855,535,535,random,CIFAR10,748,main_b1000_cifar10_alexnet_RS_kp10_seed123,0.1,0.7707,False,0.1,alexnet,0.1,CIFAR10_alexnet_RS_accuracy_kp1000_seed123,123,4000,748,42,accuracy,100123,0.7707,5,0.6709670001983643,5.650289952754974,10,0.6709670001983643,valid,0.7695770023864277,0.7727312380879532,0.7706999999999999,100123
RS,0.7855,535,535,random,CIFAR10,749,main_b1000_cifar10_alexnet_RS_kp10_seed123,0.1,0.7705,False,0.1,alexnet,0.1,CIFAR10_alexnet_RS_accuracy_kp1000_seed123,123,4000,749,42,accuracy,100123,0.7705,4,0.6784268959999085,5.574512131512165,10,0.6784268959999085,valid,0.768959143073161,0.7729057978675841,0.7705,100123
RS,0.7855,535,535,random,CIFAR10,750,main_b1000_cifar10_alexnet_RS_kp10_seed123,0.1,0.7741,False,0.1,alexnet,0.1,CIFAR10_alexnet_RS_accuracy_kp1000_seed123,123,4000,750,42,accuracy,100123,0.7741,4,0.6686426553726196,5.5945237800478935,10,0.6686426553726196,valid,0.7747082174915577,0.7836881339053484,0.7741,100123
RS,0.7855,535,535,random,CIFAR10,751,main_b1000_cifar10_alexnet_RS_kp10_seed123,0.1,0.7742,False,0.1,alexnet,0.1,CIFAR10_alexnet_RS_accuracy_kp1000_seed123,123,4000,751,42,accuracy,100123,0.7742,5,0.6625034233093262,5.6991787776350975,10,0.6625034233093262,valid,0.7742550939086679,0.7761236871373092,0.7742,100123
RS,0.7855,535,535,random,CIFAR10,752,main_b1000_cifar10_alexnet_RS_kp10_seed123,0.1,0.7714,False,0.1,alexnet,0.1,CIFAR10_alexnet_RS_accuracy_kp1000_seed123,123,4000,752,42,accuracy,100123,0.7714,4,0.6708228652954101,5.679024331271648,10,0.6708228652954101,valid,0.7719639282919499,0.7780643430967854,0.7714000000000001,100123
RS,0.7855,535,535,random,CIFAR10,753,main_b1000_cifar10_alexnet_RS_kp10_seed123,0.1,0.7688,False,0.1,alexnet,0.1,CIFAR10_alexnet_RS_accuracy_kp1000_seed123,123,4000,753,42,accuracy,100123,0.7688,3,0.6677988906383514,5.681973084807396,10,0.6677988906383514,valid,0.7672684299775189,0.7696509618154176,0.7688,100123
RS,0.7855,535,535,random,CIFAR10,754,main_b1000_cifar10_alexnet_RS_kp10_seed123,0.1,0.7714,False,0.1,alexnet,0.1,CIFAR10_alexnet_RS_accuracy_kp1000_seed123,123,4000,754,42,accuracy,100123,0.7714,4,0.6761762138843537,5.707252129912376,10,0.6761762138843537,valid,0.7727370877232198,0.7802008274339561,0.7714,100123
RS,0.7855,535,535,random,CIFAR10,755,main_b1000_cifar10_alexnet_RS_kp10_seed123,0.1,0.7711,False,0.1,alexnet,0.1,CIFAR10_alexnet_RS_accuracy_kp1000_seed123,123,4000,755,42,accuracy,100123,0.7711,4,0.6638667555809021,5.706600673496723,10,0.6638667555809021,valid,0.7702346660641575,0.7713622363902071,0.7710999999999999,100123
RS,0.7855,535,535,random,CIFAR10,756,main_b1000_cifar10_alexnet_RS_kp10_seed123,0.1,0.7616,False,0.1,alexnet,0.1,CIFAR10_alexnet_RS_accuracy_kp1000_seed123,123,4000,756,42,accuracy,100123,0.7616,2,0.6786862873077393,5.667026214301586,10,0.6786862873077393,valid,0.761723772489358,0.7634596505581874,0.7616,100123
RS,0.7855,535,535,random,CIFAR10,757,main_b1000_cifar10_alexnet_RS_kp10_seed123,0.1,0.7771,False,0.1,alexnet,0.1,CIFAR10_alexnet_RS_accuracy_kp1000_seed123,123,4000,757,42,accuracy,100123,0.7771,4,0.65615486536026,5.663486950099468,10,0.65615486536026,valid,0.7769224269506065,0.7802737107178688,0.7771,100123
RS,0.7855,535,535,random,CIFAR10,758,main_b1000_cifar10_alexnet_RS_kp10_seed123,0.1,0.7706,False,0.1,alexnet,0.1,CIFAR10_alexnet_RS_accuracy_kp1000_seed123,123,4000,758,42,accuracy,100123,0.7706,4,0.6590999905586242,5.657388798892498,10,0.6590999905586242,valid,0.7698938345126487,0.7719911273158745,0.7705999999999998,100123
RS,0.7855,535,535,random,CIFAR10,759,main_b1000_cifar10_alexnet_RS_kp10_seed123,0.1,0.7737,False,0.1,alexnet,0.1,CIFAR10_alexnet_RS_accuracy_kp1000_seed123,123,4000,759,42,accuracy,100123,0.7737,4,0.6573912383079529,5.654617473483086,10,0.6573912383079529,valid,0.7745010608368057,0.7785817766958318,0.7737,100123
RS,0.7855,535,535,random,CIFAR10,760,main_b1000_cifar10_alexnet_RS_kp10_seed123,0.1,0.7745,False,0.1,alexnet,0.1,CIFAR10_alexnet_RS_accuracy_kp1000_seed123,123,4000,760,42,accuracy,100123,0.7745,5,0.6612410526752472,5.711381644010544,10,0.6612410526752472,valid,0.7762571097283265,0.7813875121016002,0.7745,100123
RS,0.7855,535,535,random,CIFAR10,761,main_b1000_cifar10_alexnet_RS_kp10_seed123,0.1,0.7679,False,0.1,alexnet,0.1,CIFAR10_alexnet_RS_accuracy_kp1000_seed123,123,4000,761,42,accuracy,100123,0.7679,4,0.6727291780471801,5.695525862276554,10,0.6727291780471801,valid,0.7696269208253731,0.774242858324205,0.7679,100123
RS,0.7855,535,535,random,CIFAR10,762,main_b1000_cifar10_alexnet_RS_kp10_seed123,0.1,0.7687,False,0.1,alexnet,0.1,CIFAR10_alexnet_RS_accuracy_kp1000_seed123,123,4000,762,42,accuracy,100123,0.7687,3,0.6626427386283874,5.711035676300526,10,0.6626427386283874,valid,0.7711290155592733,0.7773054295500147,0.7687,100123
RS,0.7855,535,535,random,CIFAR10,763,main_b1000_cifar10_alexnet_RS_kp10_seed123,0.1,0.77,False,0.1,alexnet,0.1,CIFAR10_alexnet_RS_accuracy_kp1000_seed123,123,4000,763,42,accuracy,100123,0.77,2,0.656776387500763,5.711265049874783,10,0.656776387500763,valid,0.767548924728372,0.7718671369576615,0.77,100123
RS,0.7855,535,535,random,CIFAR10,764,main_b1000_cifar10_alexnet_RS_kp10_seed123,0.1,0.7787,False,0.1,alexnet,0.1,CIFAR10_alexnet_RS_accuracy_kp1000_seed123,123,4000,764,42,accuracy,100123,0.7787,3,0.6482076745510101,5.699978791177273,10,0.6482076745510101,valid,0.7797167717060305,0.7829992552994341,0.7787,100123
RS,0.7855,535,535,random,CIFAR10,765,main_b1000_cifar10_alexnet_RS_kp10_seed123,0.1,0.7648,False,0.1,alexnet,0.1,CIFAR10_alexnet_RS_accuracy_kp1000_seed123,123,4000,765,42,accuracy,100123,0.7648,3,0.6861672701358795,5.706341840326786,10,0.6861672701358795,valid,0.765603788985682,0.7754942228440395,0.7647999999999999,100123
RS,0.7855,535,535,random,CIFAR10,766,main_b1000_cifar10_alexnet_RS_kp10_seed123,0.1,0.7699,False,0.1,alexnet,0.1,CIFAR10_alexnet_RS_accuracy_kp1000_seed123,123,4000,766,42,accuracy,100123,0.7699,5,0.6804429614067078,5.7221521735191345,10,0.6804429614067078,valid,0.768775053278574,0.7690701998484665,0.7699,100123
RS,0.7855,535,535,random,CIFAR10,767,main_b1000_cifar10_alexnet_RS_kp10_seed123,0.1,0.7665,False,0.1,alexnet,0.1,CIFAR10_alexnet_RS_accuracy_kp1000_seed123,123,4000,767,42,accuracy,100123,0.7665,2,0.6764826728820801,5.701933704316616,10,0.6764826728820801,valid,0.7664422019628079,0.769393661097358,0.7665,100123
RS,0.7855,535,535,random,CIFAR10,768,main_b1000_cifar10_alexnet_RS_kp10_seed123,0.1,0.7762,False,0.1,alexnet,0.1,CIFAR10_alexnet_RS_accuracy_kp1000_seed123,123,4000,768,42,accuracy,100123,0.7762,5,0.6509958887577056,5.648891679942608,10,0.6509958887577056,valid,0.7760421796642409,0.779163865072445,0.7762,100123
RS,0.7855,535,535,random,CIFAR10,769,main_b1000_cifar10_alexnet_RS_kp10_seed123,0.1,0.769,False,0.1,alexnet,0.1,CIFAR10_alexnet_RS_accuracy_kp1000_seed123,123,4000,769,42,accuracy,100123,0.769,2,0.6593041498661041,5.648162826895714,10,0.6593041498661041,valid,0.7679037255794243,0.7713288486285548,0.7689999999999999,100123
RS,0.7855,535,535,random,CIFAR10,770,main_b1000_cifar10_alexnet_RS_kp10_seed123,0.1,0.7748,False,0.1,alexnet,0.1,CIFAR10_alexnet_RS_accuracy_kp1000_seed123,123,4000,770,42,accuracy,100123,0.7748,3,0.6540332549095154,5.671885676681995,10,0.6540332549095154,valid,0.7753351510250295,0.7779345291679851,0.7747999999999999,100123
RS,0.7855,535,535,random,CIFAR10,771,main_b1000_cifar10_alexnet_RS_kp10_seed123,0.1,0.7726,False,0.1,alexnet,0.1,CIFAR10_alexnet_RS_accuracy_kp1000_seed123,123,4000,771,42,accuracy,100123,0.7726,4,0.6451531229972839,5.663634188473225,10,0.6451531229972839,valid,0.7731493574078933,0.7765830269922684,0.7726,100123
RS,0.7855,535,535,random,CIFAR10,772,main_b1000_cifar10_alexnet_RS_kp10_seed123,0.1,0.7709,False,0.1,alexnet,0.1,CIFAR10_alexnet_RS_accuracy_kp1000_seed123,123,4000,772,42,accuracy,100123,0.7709,3,0.6593017593383789,5.6968687400221825,10,0.6593017593383789,valid,0.7699823411428223,0.7742075960661747,0.7708999999999999,100123
RS,0.7855,535,535,random,CIFAR10,773,main_b1000_cifar10_alexnet_RS_kp10_seed123,0.1,0.7676,False,0.1,alexnet,0.1,CIFAR10_alexnet_RS_accuracy_kp1000_seed123,123,4000,773,42,accuracy,100123,0.7676,2,0.6545345479011536,5.712904781103134,10,0.6545345479011536,valid,0.7682516442237005,0.7743245432516594,0.7676000000000001,100123
RS,0.7855,535,535,random,CIFAR10,774,main_b1000_cifar10_alexnet_RS_kp10_seed123,0.1,0.7643,False,0.1,alexnet,0.1,CIFAR10_alexnet_RS_accuracy_kp1000_seed123,123,4000,774,42,accuracy,100123,0.7643,3,0.6740755268573762,5.714346349239349,10,0.6740755268573762,valid,0.7648332214645044,0.7699028623947151,0.7643,100123
RS,0.7855,535,535,random,CIFAR10,775,main_b1000_cifar10_alexnet_RS_kp10_seed123,0.1,0.7697,False,0.1,alexnet,0.1,CIFAR10_alexnet_RS_accuracy_kp1000_seed123,123,4000,775,42,accuracy,100123,0.7697,3,0.6605489330291748,5.720794856548309,10,0.6605489330291748,valid,0.7697635088043965,0.7729470260511839,0.7697,100123
RS,0.7855,535,535,random,CIFAR10,776,main_b1000_cifar10_alexnet_RS_kp10_seed123,0.1,0.7664,False,0.1,alexnet,0.1,CIFAR10_alexnet_RS_accuracy_kp1000_seed123,123,4000,776,42,accuracy,100123,0.7664,3,0.6831357492923736,5.719599008560181,10,0.6831357492923736,valid,0.7660976400665664,0.7680293334536094,0.7664,100123
RS,0.7855,535,535,random,CIFAR10,777,main_b1000_cifar10_alexnet_RS_kp10_seed123,0.1,0.7701,False,0.1,alexnet,0.1,CIFAR10_alexnet_RS_accuracy_kp1000_seed123,123,4000,777,42,accuracy,100123,0.7701,4,0.6672935745716095,5.727799721062183,10,0.6672935745716095,valid,0.7696417905333279,0.773477686437673,0.7701,100123
RS,0.7855,535,535,random,CIFAR10,778,main_b1000_cifar10_alexnet_RS_kp10_seed123,0.1,0.7744,False,0.1,alexnet,0.1,CIFAR10_alexnet_RS_accuracy_kp1000_seed123,123,4000,778,42,accuracy,100123,0.7744,4,0.6540246384620666,5.698094606399536,10,0.6540246384620666,valid,0.7740143101910881,0.776145021997711,0.7744,100123
RS,0.7855,535,535,random,CIFAR10,779,main_b1000_cifar10_alexnet_RS_kp10_seed123,0.1,0.7654,False,0.1,alexnet,0.1,CIFAR10_alexnet_RS_accuracy_kp1000_seed123,123,4000,779,42,accuracy,100123,0.7654,5,0.6909512292861939,5.66719875484705,10,0.6909512292861939,valid,0.7660770576479046,0.7694316940348631,0.7654000000000001,100123
RS,0.7855,535,535,random,CIFAR10,780,main_b1000_cifar10_alexnet_RS_kp10_seed123,0.1,0.7705,False,0.1,alexnet,0.1,CIFAR10_alexnet_RS_accuracy_kp1000_seed123,123,4000,780,42,accuracy,100123,0.7705,4,0.6612907528400421,5.709836557507515,10,0.6612907528400421,valid,0.7697172479742849,0.7733642350570706,0.7705,100123
RS,0.7855,535,535,random,CIFAR10,781,main_b1000_cifar10_alexnet_RS_kp10_seed123,0.1,0.7735,False,0.1,alexnet,0.1,CIFAR10_alexnet_RS_accuracy_kp1000_seed123,123,4000,781,42,accuracy,100123,0.7735,3,0.6596972483634949,5.730164557695389,10,0.6596972483634949,valid,0.7742857836958599,0.7772884138714719,0.7735,100123
RS,0.7855,535,535,random,CIFAR10,782,main_b1000_cifar10_alexnet_RS_kp10_seed123,0.1,0.7718,False,0.1,alexnet,0.1,CIFAR10_alexnet_RS_accuracy_kp1000_seed123,123,4000,782,42,accuracy,100123,0.7718,3,0.6630705677509308,5.707165986299515,10,0.6630705677509308,valid,0.7714653491528094,0.7790942698676747,0.7717999999999999,100123
RS,0.7855,535,535,random,CIFAR10,783,main_b1000_cifar10_alexnet_RS_kp10_seed123,0.1,0.7748,False,0.1,alexnet,0.1,CIFAR10_alexnet_RS_accuracy_kp1000_seed123,123,4000,783,42,accuracy,100123,0.7748,3,0.6508096005439759,5.734215274453163,10,0.6508096005439759,valid,0.7749250744647906,0.7796952823863944,0.7748,100123
RS,0.7855,535,535,random,CIFAR10,784,main_b1000_cifar10_alexnet_RS_kp10_seed123,0.1,0.7712,False,0.1,alexnet,0.1,CIFAR10_alexnet_RS_accuracy_kp1000_seed123,123,4000,784,42,accuracy,100123,0.7712,3,0.6507246974945068,5.696633510291576,10,0.6507246974945068,valid,0.7711684206323508,0.7731279301081948,0.7712000000000001,100123
RS,0.7855,535,535,random,CIFAR10,785,main_b1000_cifar10_alexnet_RS_kp10_seed123,0.1,0.772,False,0.1,alexnet,0.1,CIFAR10_alexnet_RS_accuracy_kp1000_seed123,123,4000,785,42,accuracy,100123,0.772,3,0.6534024208068848,5.675426192581654,10,0.6534024208068848,valid,0.7720637708071953,0.7742412981963025,0.772,100123
RS,0.7855,535,535,random,CIFAR10,786,main_b1000_cifar10_alexnet_RS_kp10_seed123,0.1,0.7727,False,0.1,alexnet,0.1,CIFAR10_alexnet_RS_accuracy_kp1000_seed123,123,4000,786,42,accuracy,100123,0.7727,4,0.6594691329956055,5.666063837707043,10,0.6594691329956055,valid,0.7720488678227955,0.7721120293077869,0.7727,100123
RS,0.7855,535,535,random,CIFAR10,787,main_b1000_cifar10_alexnet_RS_kp10_seed123,0.1,0.771,False,0.1,alexnet,0.1,CIFAR10_alexnet_RS_accuracy_kp1000_seed123,123,4000,787,42,accuracy,100123,0.771,4,0.6571423253536225,5.675641365349293,10,0.6571423253536225,valid,0.7716280459800302,0.7749194779019868,0.771,100123
RS,0.7855,535,535,random,CIFAR10,788,main_b1000_cifar10_alexnet_RS_kp10_seed123,0.1,0.7765,False,0.1,alexnet,0.1,CIFAR10_alexnet_RS_accuracy_kp1000_seed123,123,4000,788,42,accuracy,100123,0.7765,6,0.6704946478843689,5.686061352491379,10,0.6704946478843689,valid,0.7758655152662313,0.7775737459420637,0.7765,100123
RS,0.7855,535,535,random,CIFAR10,789,main_b1000_cifar10_alexnet_RS_kp10_seed123,0.1,0.772,False,0.1,alexnet,0.1,CIFAR10_alexnet_RS_accuracy_kp1000_seed123,123,4000,789,42,accuracy,100123,0.772,5,0.6748864541530609,5.677521899342537,10,0.6748864541530609,valid,0.7715029767235576,0.772184500770651,0.772,100123
RS,0.7855,535,535,random,CIFAR10,790,main_b1000_cifar10_alexnet_RS_kp10_seed123,0.1,0.7694,False,0.1,alexnet,0.1,CIFAR10_alexnet_RS_accuracy_kp1000_seed123,123,4000,790,42,accuracy,100123,0.7694,3,0.6628081370353699,5.699610807001591,10,0.6628081370353699,valid,0.769382824349056,0.772197331116413,0.7693999999999999,100123
RS,0.7855,535,535,random,CIFAR10,791,main_b1000_cifar10_alexnet_RS_kp10_seed123,0.1,0.7691,False,0.1,alexnet,0.1,CIFAR10_alexnet_RS_accuracy_kp1000_seed123,123,4000,791,42,accuracy,100123,0.7691,4,0.6695080375671387,5.745297804474831,10,0.6695080375671387,valid,0.7689751274654695,0.7745705276071939,0.7691,100123
RS,0.7855,535,535,random,CIFAR10,792,main_b1000_cifar10_alexnet_RS_kp10_seed123,0.1,0.7642,False,0.1,alexnet,0.1,CIFAR10_alexnet_RS_accuracy_kp1000_seed123,123,4000,792,42,accuracy,100123,0.7642,2,0.6748195355415344,5.682955801486969,10,0.6748195355415344,valid,0.7606092897437234,0.7656836421875765,0.7642000000000001,100123
RS,0.7855,535,535,random,CIFAR10,793,main_b1000_cifar10_alexnet_RS_kp10_seed123,0.1,0.7694,False,0.1,alexnet,0.1,CIFAR10_alexnet_RS_accuracy_kp1000_seed123,123,4000,793,42,accuracy,100123,0.7694,5,0.6752844108104705,5.703754462301731,10,0.6752844108104705,valid,0.7700058640993236,0.7743968323550475,0.7694,100123
RS,0.7855,535,535,random,CIFAR10,794,main_b1000_cifar10_alexnet_RS_kp10_seed123,0.1,0.7681,False,0.1,alexnet,0.1,CIFAR10_alexnet_RS_accuracy_kp1000_seed123,123,4000,794,42,accuracy,100123,0.7681,3,0.6758596923828125,5.677557669579983,10,0.6758596923828125,valid,0.7669742731386225,0.7689602516377122,0.7681,100123
RS,0.7855,535,535,random,CIFAR10,795,main_b1000_cifar10_alexnet_RS_kp10_seed123,0.1,0.7762,False,0.1,alexnet,0.1,CIFAR10_alexnet_RS_accuracy_kp1000_seed123,123,4000,795,42,accuracy,100123,0.7762,3,0.6463636124610901,5.660292766988277,10,0.6463636124610901,valid,0.7765389782169769,0.7810552809365465,0.7762,100123
RS,0.7855,535,535,random,CIFAR10,796,main_b1000_cifar10_alexnet_RS_kp10_seed123,0.1,0.7735,False,0.1,alexnet,0.1,CIFAR10_alexnet_RS_accuracy_kp1000_seed123,123,4000,796,42,accuracy,100123,0.7735,4,0.6627724510669708,5.684291943907738,10,0.6627724510669708,valid,0.7742584170937953,0.7776346508082954,0.7735,100123
RS,0.7855,535,535,random,CIFAR10,797,main_b1000_cifar10_alexnet_RS_kp10_seed123,0.1,0.7667,False,0.1,alexnet,0.1,CIFAR10_alexnet_RS_accuracy_kp1000_seed123,123,4000,797,42,accuracy,100123,0.7667,2,0.6664968232154846,5.691014744341373,10,0.6664968232154846,valid,0.7681789048426527,0.7754554257548776,0.7666999999999999,100123
RS,0.7855,535,535,random,CIFAR10,798,main_b1000_cifar10_alexnet_RS_kp10_seed123,0.1,0.7716,False,0.1,alexnet,0.1,CIFAR10_alexnet_RS_accuracy_kp1000_seed123,123,4000,798,42,accuracy,100123,0.7716,3,0.6494218020439148,5.71103959530592,10,0.6494218020439148,valid,0.7707255940483744,0.7754825921376344,0.7715999999999998,100123
RS,0.7855,535,535,random,CIFAR10,799,main_b1000_cifar10_alexnet_RS_kp10_seed123,0.1,0.7774,False,0.1,alexnet,0.1,CIFAR10_alexnet_RS_accuracy_kp1000_seed123,123,4000,799,42,accuracy,100123,0.7774,5,0.664493531370163,5.687556102871895,10,0.664493531370163,valid,0.7776601399642932,0.7812393172508241,0.7774,100123
RS,0.7855,535,535,random,CIFAR10,800,main_b1000_cifar10_alexnet_RS_kp10_seed123,0.1,0.7774,False,0.1,alexnet,0.1,CIFAR10_alexnet_RS_accuracy_kp1000_seed123,123,4000,800,42,accuracy,100123,0.7774,3,0.6434855539798736,5.729788579046726,10,0.6434855539798736,valid,0.7772556784933146,0.7780456637593463,0.7774,100123
RS,0.7855,535,535,random,CIFAR10,801,main_b1000_cifar10_alexnet_RS_kp10_seed123,0.1,0.7801,False,0.1,alexnet,0.1,CIFAR10_alexnet_RS_accuracy_kp1000_seed123,123,4000,801,42,accuracy,100123,0.7801,4,0.658392998790741,5.729544453322887,10,0.658392998790741,valid,0.7793524302824001,0.7823829562323742,0.7801000000000001,100123
RS,0.7855,535,535,random,CIFAR10,802,main_b1000_cifar10_alexnet_RS_kp10_seed123,0.1,0.7707,False,0.1,alexnet,0.1,CIFAR10_alexnet_RS_accuracy_kp1000_seed123,123,4000,802,42,accuracy,100123,0.7707,3,0.6613791964054108,5.739691510796547,10,0.6613791964054108,valid,0.7707840613176977,0.7776093347700834,0.7706999999999999,100123
RS,0.7855,535,535,random,CIFAR10,803,main_b1000_cifar10_alexnet_RS_kp10_seed123,0.1,0.7781,False,0.1,alexnet,0.1,CIFAR10_alexnet_RS_accuracy_kp1000_seed123,123,4000,803,42,accuracy,100123,0.7781,4,0.6534932345867157,5.70885344594717,10,0.6534932345867157,valid,0.7780622133292261,0.7788257019185354,0.7780999999999999,100123
RS,0.7855,535,535,random,CIFAR10,804,main_b1000_cifar10_alexnet_RS_kp10_seed123,0.1,0.775,False,0.1,alexnet,0.1,CIFAR10_alexnet_RS_accuracy_kp1000_seed123,123,4000,804,42,accuracy,100123,0.775,5,0.6541672848701477,5.727569051086903,10,0.6541672848701477,valid,0.7756549489717837,0.7794970009021941,0.775,100123
RS,0.7855,535,535,random,CIFAR10,805,main_b1000_cifar10_alexnet_RS_kp10_seed123,0.1,0.7711,False,0.1,alexnet,0.1,CIFAR10_alexnet_RS_accuracy_kp1000_seed123,123,4000,805,42,accuracy,100123,0.7711,3,0.6658791922569275,5.682867027819157,10,0.6658791922569275,valid,0.7714829456300472,0.7771254900603092,0.7710999999999999,100123
RS,0.7855,535,535,random,CIFAR10,806,main_b1000_cifar10_alexnet_RS_kp10_seed123,0.1,0.7764,False,0.1,alexnet,0.1,CIFAR10_alexnet_RS_accuracy_kp1000_seed123,123,4000,806,42,accuracy,100123,0.7764,4,0.6592373907089233,5.695285998284817,10,0.6592373907089233,valid,0.7753408632194227,0.7776880038354668,0.7764,100123
RS,0.7855,535,535,random,CIFAR10,807,main_b1000_cifar10_alexnet_RS_kp10_seed123,0.1,0.7763,False,0.1,alexnet,0.1,CIFAR10_alexnet_RS_accuracy_kp1000_seed123,123,4000,807,42,accuracy,100123,0.7763,4,0.6436889378547669,5.726220838725567,10,0.6436889378547669,valid,0.7775092383166686,0.7817641685874875,0.7763,100123
RS,0.7855,535,535,random,CIFAR10,808,main_b1000_cifar10_alexnet_RS_kp10_seed123,0.1,0.7723,False,0.1,alexnet,0.1,CIFAR10_alexnet_RS_accuracy_kp1000_seed123,123,4000,808,42,accuracy,100123,0.7723,5,0.6693452982902527,5.721390947699547,10,0.6693452982902527,valid,0.7720418675161843,0.7736072947021111,0.7723,100123
RS,0.7855,535,535,random,CIFAR10,809,main_b1000_cifar10_alexnet_RS_kp10_seed123,0.1,0.7756,False,0.1,alexnet,0.1,CIFAR10_alexnet_RS_accuracy_kp1000_seed123,123,4000,809,42,accuracy,100123,0.7756,4,0.6633242995738983,5.708493731915951,10,0.6633242995738983,valid,0.7752390937695892,0.7781811747426309,0.7756000000000001,100123
RS,0.7855,535,535,random,CIFAR10,810,main_b1000_cifar10_alexnet_RS_kp10_seed123,0.1,0.7767,False,0.1,alexnet,0.1,CIFAR10_alexnet_RS_accuracy_kp1000_seed123,123,4000,810,42,accuracy,100123,0.7767,5,0.6585703075885773,5.757387712597847,10,0.6585703075885773,valid,0.7767508867629862,0.7788054816440755,0.7767,100123
RS,0.7855,535,535,random,CIFAR10,811,main_b1000_cifar10_alexnet_RS_kp10_seed123,0.1,0.7669,False,0.1,alexnet,0.1,CIFAR10_alexnet_RS_accuracy_kp1000_seed123,123,4000,811,42,accuracy,100123,0.7669,3,0.6680597756385803,5.75489929318428,10,0.6680597756385803,valid,0.7645699232505101,0.7707261402793707,0.7669,100123
RS,0.7855,535,535,random,CIFAR10,812,main_b1000_cifar10_alexnet_RS_kp10_seed123,0.1,0.7687,False,0.1,alexnet,0.1,CIFAR10_alexnet_RS_accuracy_kp1000_seed123,123,4000,812,42,accuracy,100123,0.7687,2,0.6634048615455628,5.7682430893182755,10,0.6634048615455628,valid,0.7700561106550334,0.775188938326419,0.7687,100123
RS,0.7855,535,535,random,CIFAR10,813,main_b1000_cifar10_alexnet_RS_kp10_seed123,0.1,0.7691,False,0.1,alexnet,0.1,CIFAR10_alexnet_RS_accuracy_kp1000_seed123,123,4000,813,42,accuracy,100123,0.7691,4,0.6829922553062439,5.690372385084629,10,0.6829922553062439,valid,0.7701106264630335,0.7753176200995584,0.7691000000000001,100123
RS,0.7855,535,535,random,CIFAR10,814,main_b1000_cifar10_alexnet_RS_kp10_seed123,0.1,0.7704,False,0.1,alexnet,0.1,CIFAR10_alexnet_RS_accuracy_kp1000_seed123,123,4000,814,42,accuracy,100123,0.7704,3,0.6570015047073364,5.72363044321537,10,0.6570015047073364,valid,0.77059416926695,0.774139389765157,0.7704,100123
RS,0.7855,535,535,random,CIFAR10,815,main_b1000_cifar10_alexnet_RS_kp10_seed123,0.1,0.7614,False,0.1,alexnet,0.1,CIFAR10_alexnet_RS_accuracy_kp1000_seed123,123,4000,815,42,accuracy,100123,0.7614,2,0.6825362753868103,5.6940926387906075,10,0.6825362753868103,valid,0.7603640196999886,0.7648341870572443,0.7614,100123
RS,0.7855,535,535,random,CIFAR10,816,main_b1000_cifar10_alexnet_RS_kp10_seed123,0.1,0.7697,False,0.1,alexnet,0.1,CIFAR10_alexnet_RS_accuracy_kp1000_seed123,123,4000,816,42,accuracy,100123,0.7697,5,0.679272759437561,5.684277251362801,10,0.679272759437561,valid,0.7713377967695152,0.7763160948814549,0.7696999999999999,100123
RS,0.7855,535,535,random,CIFAR10,817,main_b1000_cifar10_alexnet_RS_kp10_seed123,0.1,0.7696,False,0.1,alexnet,0.1,CIFAR10_alexnet_RS_accuracy_kp1000_seed123,123,4000,817,42,accuracy,100123,0.7696,3,0.6609777682304382,5.6817473247647285,10,0.6609777682304382,valid,0.7698105625326321,0.771728857849623,0.7696,100123
RS,0.7855,535,535,random,CIFAR10,818,main_b1000_cifar10_alexnet_RS_kp10_seed123,0.1,0.7734,False,0.1,alexnet,0.1,CIFAR10_alexnet_RS_accuracy_kp1000_seed123,123,4000,818,42,accuracy,100123,0.7734,3,0.6475262242794037,5.707293815910816,10,0.6475262242794037,valid,0.7734880632258154,0.7772410676426296,0.7734,100123
RS,0.7855,535,535,random,CIFAR10,819,main_b1000_cifar10_alexnet_RS_kp10_seed123,0.1,0.7762,False,0.1,alexnet,0.1,CIFAR10_alexnet_RS_accuracy_kp1000_seed123,123,4000,819,42,accuracy,100123,0.7762,5,0.6692155447483062,5.69661732763052,10,0.6692155447483062,valid,0.7769562931773601,0.7814531969266783,0.7762,100123
RS,0.7855,535,535,random,CIFAR10,820,main_b1000_cifar10_alexnet_RS_kp10_seed123,0.1,0.776,False,0.1,alexnet,0.1,CIFAR10_alexnet_RS_accuracy_kp1000_seed123,123,4000,820,42,accuracy,100123,0.776,5,0.6601871651172638,5.678912855684757,10,0.6601871651172638,valid,0.7739688147877302,0.7761813450074009,0.776,100123
RS,0.7855,535,535,random,CIFAR10,821,main_b1000_cifar10_alexnet_RS_kp10_seed123,0.1,0.7726,False,0.1,alexnet,0.1,CIFAR10_alexnet_RS_accuracy_kp1000_seed123,123,4000,821,42,accuracy,100123,0.7726,3,0.6561966824531555,5.752008855342865,10,0.6561966824531555,valid,0.7729960645533903,0.7765575037535211,0.7726,100123
RS,0.7855,535,535,random,CIFAR10,822,main_b1000_cifar10_alexnet_RS_kp10_seed123,0.1,0.7818,False,0.1,alexnet,0.1,CIFAR10_alexnet_RS_accuracy_kp1000_seed123,123,4000,822,42,accuracy,100123,0.7818,5,0.6577763770103454,5.760095104575157,10,0.6577763770103454,valid,0.7812556249654339,0.78183418745216,0.7817999999999999,100123
RS,0.7855,535,535,random,CIFAR10,823,main_b1000_cifar10_alexnet_RS_kp10_seed123,0.1,0.7656,False,0.1,alexnet,0.1,CIFAR10_alexnet_RS_accuracy_kp1000_seed123,123,4000,823,42,accuracy,100123,0.7656,2,0.6613274162769318,5.6731865629553795,10,0.6613274162769318,valid,0.7648379940417824,0.7673305351404847,0.7656,100123
RS,0.7855,535,535,random,CIFAR10,824,main_b1000_cifar10_alexnet_RS_kp10_seed123,0.1,0.7751,False,0.1,alexnet,0.1,CIFAR10_alexnet_RS_accuracy_kp1000_seed123,123,4000,824,42,accuracy,100123,0.7751,4,0.6473022099494934,5.668227717280388,10,0.6473022099494934,valid,0.7750170936169727,0.777760337447295,0.7750999999999999,100123
RS,0.7855,535,535,random,CIFAR10,825,main_b1000_cifar10_alexnet_RS_kp10_seed123,0.1,0.7642,False,0.1,alexnet,0.1,CIFAR10_alexnet_RS_accuracy_kp1000_seed123,123,4000,825,42,accuracy,100123,0.7642,3,0.6653317268848419,5.655113071203232,10,0.6653317268848419,valid,0.7626056950606703,0.7642888849863224,0.7642,100123
RS,0.7855,535,535,random,CIFAR10,826,main_b1000_cifar10_alexnet_RS_kp10_seed123,0.1,0.7723,False,0.1,alexnet,0.1,CIFAR10_alexnet_RS_accuracy_kp1000_seed123,123,4000,826,42,accuracy,100123,0.7723,3,0.6624071992874145,5.666788652539253,10,0.6624071992874145,valid,0.7713507854532293,0.775902298424013,0.7723000000000001,100123
RS,0.7855,535,535,random,CIFAR10,827,main_b1000_cifar10_alexnet_RS_kp10_seed123,0.1,0.7755,False,0.1,alexnet,0.1,CIFAR10_alexnet_RS_accuracy_kp1000_seed123,123,4000,827,42,accuracy,100123,0.7755,6,0.6717111894607544,5.665910042822361,10,0.6717111894607544,valid,0.7741563659775103,0.7755338644641705,0.7755000000000001,100123
RS,0.7855,535,535,random,CIFAR10,828,main_b1000_cifar10_alexnet_RS_kp10_seed123,0.1,0.7721,False,0.1,alexnet,0.1,CIFAR10_alexnet_RS_accuracy_kp1000_seed123,123,4000,828,42,accuracy,100123,0.7721,3,0.6500811324119568,5.716521143913269,10,0.6500811324119568,valid,0.7721660910275572,0.7744980974664886,0.7721,100123
RS,0.7855,535,535,random,CIFAR10,829,main_b1000_cifar10_alexnet_RS_kp10_seed123,0.1,0.7751,False,0.1,alexnet,0.1,CIFAR10_alexnet_RS_accuracy_kp1000_seed123,123,4000,829,42,accuracy,100123,0.7751,4,0.6537514617443084,5.748524986207485,10,0.6537514617443084,valid,0.7755693752252483,0.7777171859504499,0.7750999999999999,100123
RS,0.7855,535,535,random,CIFAR10,830,main_b1000_cifar10_alexnet_RS_kp10_seed123,0.1,0.7769,False,0.1,alexnet,0.1,CIFAR10_alexnet_RS_accuracy_kp1000_seed123,123,4000,830,42,accuracy,100123,0.7769,3,0.6505573153972626,5.743901751935482,10,0.6505573153972626,valid,0.7776880374325075,0.7811191021790505,0.7769,100123
RS,0.7855,535,535,random,CIFAR10,831,main_b1000_cifar10_alexnet_RS_kp10_seed123,0.1,0.7698,False,0.1,alexnet,0.1,CIFAR10_alexnet_RS_accuracy_kp1000_seed123,123,4000,831,42,accuracy,100123,0.7698,3,0.6681427760601044,5.73608523607254,10,0.6681427760601044,valid,0.770924840603756,0.7760162104096932,0.7697999999999999,100123
RS,0.7855,535,535,random,CIFAR10,832,main_b1000_cifar10_alexnet_RS_kp10_seed123,0.1,0.7743,False,0.1,alexnet,0.1,CIFAR10_alexnet_RS_accuracy_kp1000_seed123,123,4000,832,42,accuracy,100123,0.7743,4,0.6641011885643006,5.72774963080883,10,0.6641011885643006,valid,0.7741928331829624,0.7763324029223457,0.7743,100123
RS,0.7855,535,535,random,CIFAR10,833,main_b1000_cifar10_alexnet_RS_kp10_seed123,0.1,0.773,False,0.1,alexnet,0.1,CIFAR10_alexnet_RS_accuracy_kp1000_seed123,123,4000,833,42,accuracy,100123,0.773,3,0.6611410406589509,5.6938003078103065,10,0.6611410406589509,valid,0.7740285614022764,0.7791571858157437,0.7729999999999999,100123
RS,0.7855,535,535,random,CIFAR10,834,main_b1000_cifar10_alexnet_RS_kp10_seed123,0.1,0.7736,False,0.1,alexnet,0.1,CIFAR10_alexnet_RS_accuracy_kp1000_seed123,123,4000,834,42,accuracy,100123,0.7736,5,0.6747331036567688,5.70645909011364,10,0.6747331036567688,valid,0.7725349740095997,0.778862892801305,0.7736,100123
RS,0.7855,535,535,random,CIFAR10,835,main_b1000_cifar10_alexnet_RS_kp10_seed123,0.1,0.7701,False,0.1,alexnet,0.1,CIFAR10_alexnet_RS_accuracy_kp1000_seed123,123,4000,835,42,accuracy,100123,0.7701,4,0.6675221305370331,5.677146889269352,10,0.6675221305370331,valid,0.7699238776525021,0.7732223888456351,0.7701,100123
RS,0.7855,535,535,random,CIFAR10,836,main_b1000_cifar10_alexnet_RS_kp10_seed123,0.1,0.7822,False,0.1,alexnet,0.1,CIFAR10_alexnet_RS_accuracy_kp1000_seed123,123,4000,836,42,accuracy,100123,0.7822,6,0.6592743373394012,5.692513778805733,10,0.6592743373394012,valid,0.7818344895903651,0.7836211793299187,0.7822,100123
RS,0.7855,535,535,random,CIFAR10,837,main_b1000_cifar10_alexnet_RS_kp10_seed123,0.1,0.7718,False,0.1,alexnet,0.1,CIFAR10_alexnet_RS_accuracy_kp1000_seed123,123,4000,837,42,accuracy,100123,0.7718,3,0.6604421735763549,5.690098598599434,10,0.6604421735763549,valid,0.771088717084953,0.7730456820465837,0.7718,100123
RS,0.7855,535,535,random,CIFAR10,838,main_b1000_cifar10_alexnet_RS_kp10_seed123,0.1,0.7762,False,0.1,alexnet,0.1,CIFAR10_alexnet_RS_accuracy_kp1000_seed123,123,4000,838,42,accuracy,100123,0.7762,4,0.6504285495758056,5.699896894395351,10,0.6504285495758056,valid,0.7759085153912659,0.7777249317942422,0.7762,100123
RS,0.7855,535,535,random,CIFAR10,839,main_b1000_cifar10_alexnet_RS_kp10_seed123,0.1,0.7769,False,0.1,alexnet,0.1,CIFAR10_alexnet_RS_accuracy_kp1000_seed123,123,4000,839,42,accuracy,100123,0.7769,6,0.6673443580627442,5.712195351719856,10,0.6673443580627442,valid,0.7759421049605313,0.7784021492223892,0.7769,100123
RS,0.7855,535,535,random,CIFAR10,840,main_b1000_cifar10_alexnet_RS_kp10_seed123,0.1,0.7695,False,0.1,alexnet,0.1,CIFAR10_alexnet_RS_accuracy_kp1000_seed123,123,4000,840,42,accuracy,100123,0.7695,4,0.6755678166866302,5.730360724031925,10,0.6755678166866302,valid,0.7704374046979712,0.775505811862349,0.7695,100123
RS,0.7855,535,535,random,CIFAR10,841,main_b1000_cifar10_alexnet_RS_kp10_seed123,0.1,0.7749,False,0.1,alexnet,0.1,CIFAR10_alexnet_RS_accuracy_kp1000_seed123,123,4000,841,42,accuracy,100123,0.7749,6,0.6714426701545715,5.697586417198181,10,0.6714426701545715,valid,0.7755460550108069,0.7787187690699501,0.7748999999999999,100123
RS,0.7855,535,535,random,CIFAR10,842,main_b1000_cifar10_alexnet_RS_kp10_seed123,0.1,0.7705,False,0.1,alexnet,0.1,CIFAR10_alexnet_RS_accuracy_kp1000_seed123,123,4000,842,42,accuracy,100123,0.7705,5,0.6705908989906311,5.683285735547543,10,0.6705908989906311,valid,0.7695228867125994,0.7709896336535776,0.7705,100123
RS,0.7855,535,535,random,CIFAR10,843,main_b1000_cifar10_alexnet_RS_kp10_seed123,0.1,0.7744,False,0.1,alexnet,0.1,CIFAR10_alexnet_RS_accuracy_kp1000_seed123,123,4000,843,42,accuracy,100123,0.7744,5,0.6805567617893219,5.676136165857315,10,0.6805567617893219,valid,0.7738682803525262,0.773799151519335,0.7743999999999999,100123
RS,0.7855,535,535,random,CIFAR10,844,main_b1000_cifar10_alexnet_RS_kp10_seed123,0.1,0.7756,False,0.1,alexnet,0.1,CIFAR10_alexnet_RS_accuracy_kp1000_seed123,123,4000,844,42,accuracy,100123,0.7756,4,0.6522539156913757,5.605547338724136,10,0.6522539156913757,valid,0.774843468347888,0.7768963341458902,0.7756,100123
RS,0.7855,535,535,random,CIFAR10,845,main_b1000_cifar10_alexnet_RS_kp10_seed123,0.1,0.7698,False,0.1,alexnet,0.1,CIFAR10_alexnet_RS_accuracy_kp1000_seed123,123,4000,845,42,accuracy,100123,0.7698,3,0.6630750149250031,5.592597953975201,10,0.6630750149250031,valid,0.7706753906683839,0.7745889381982398,0.7698,100123
RS,0.7855,535,535,random,CIFAR10,846,main_b1000_cifar10_alexnet_RS_kp10_seed123,0.1,0.7693,False,0.1,alexnet,0.1,CIFAR10_alexnet_RS_accuracy_kp1000_seed123,123,4000,846,42,accuracy,100123,0.7693,3,0.6606854324340821,5.583212003111839,10,0.6606854324340821,valid,0.7685179504081149,0.7749279374995595,0.7693000000000001,100123
RS,0.7855,535,535,random,CIFAR10,847,main_b1000_cifar10_alexnet_RS_kp10_seed123,0.1,0.767,False,0.1,alexnet,0.1,CIFAR10_alexnet_RS_accuracy_kp1000_seed123,123,4000,847,42,accuracy,100123,0.767,3,0.6677832032680512,5.596826881170273,10,0.6677832032680512,valid,0.767654262817988,0.7741737733544688,0.767,100123
RS,0.7855,535,535,random,CIFAR10,848,main_b1000_cifar10_alexnet_RS_kp10_seed123,0.1,0.7751,False,0.1,alexnet,0.1,CIFAR10_alexnet_RS_accuracy_kp1000_seed123,123,4000,848,42,accuracy,100123,0.7751,3,0.665159250164032,5.6149338856339455,10,0.665159250164032,valid,0.7758544556263431,0.7822775442268046,0.7750999999999999,100123
RS,0.7855,535,535,random,CIFAR10,849,main_b1000_cifar10_alexnet_RS_kp10_seed123,0.1,0.7688,False,0.1,alexnet,0.1,CIFAR10_alexnet_RS_accuracy_kp1000_seed123,123,4000,849,42,accuracy,100123,0.7688,3,0.6614751852512359,5.643709607422352,10,0.6614751852512359,valid,0.76799306674233,0.770710717053897,0.7687999999999999,100123
RS,0.7855,535,535,random,CIFAR10,850,main_b1000_cifar10_alexnet_RS_kp10_seed123,0.1,0.7703,False,0.1,alexnet,0.1,CIFAR10_alexnet_RS_accuracy_kp1000_seed123,123,4000,850,42,accuracy,100123,0.7703,4,0.6742535813808441,5.638117782771587,10,0.6742535813808441,valid,0.7708924098047141,0.776795597567837,0.7703,100123
RS,0.7855,535,535,random,CIFAR10,851,main_b1000_cifar10_alexnet_RS_kp10_seed123,0.1,0.7696,False,0.1,alexnet,0.1,CIFAR10_alexnet_RS_accuracy_kp1000_seed123,123,4000,851,42,accuracy,100123,0.7696,5,0.6832945764541626,5.580317169427872,10,0.6832945764541626,valid,0.7704533386751384,0.776496652154595,0.7696000000000001,100123
RS,0.7855,535,535,random,CIFAR10,852,main_b1000_cifar10_alexnet_RS_kp10_seed123,0.1,0.7763,False,0.1,alexnet,0.1,CIFAR10_alexnet_RS_accuracy_kp1000_seed123,123,4000,852,42,accuracy,100123,0.7763,6,0.6783754620552063,5.5877125933766365,10,0.6783754620552063,valid,0.7761348071986448,0.777018087665623,0.7763,100123
RS,0.7855,535,535,random,CIFAR10,853,main_b1000_cifar10_alexnet_RS_kp10_seed123,0.1,0.7723,False,0.1,alexnet,0.1,CIFAR10_alexnet_RS_accuracy_kp1000_seed123,123,4000,853,42,accuracy,100123,0.7723,3,0.6667838366031646,5.6071381866931915,10,0.6667838366031646,valid,0.7719912321134378,0.7758794447691886,0.7723000000000001,100123
RS,0.7855,535,535,random,CIFAR10,854,main_b1000_cifar10_alexnet_RS_kp10_seed123,0.1,0.7601,False,0.1,alexnet,0.1,CIFAR10_alexnet_RS_accuracy_kp1000_seed123,123,4000,854,42,accuracy,100123,0.7601,3,0.6902769173622131,5.584423318505287,10,0.6902769173622131,valid,0.7571762575944178,0.7674394004753016,0.7601000000000001,100123
RS,0.7855,535,535,random,CIFAR10,855,main_b1000_cifar10_alexnet_RS_kp10_seed123,0.1,0.7746,False,0.1,alexnet,0.1,CIFAR10_alexnet_RS_accuracy_kp1000_seed123,123,4000,855,42,accuracy,100123,0.7746,5,0.6799001977443695,5.570812478661537,10,0.6799001977443695,valid,0.7745541440555186,0.7821542292707259,0.7746,100123
RS,0.7855,535,535,random,CIFAR10,856,main_b1000_cifar10_alexnet_RS_kp10_seed123,0.1,0.7831,False,0.1,alexnet,0.1,CIFAR10_alexnet_RS_accuracy_kp1000_seed123,123,4000,856,42,accuracy,100123,0.7831,5,0.6433797417163849,5.549731589853764,10,0.6433797417163849,valid,0.7833241962046996,0.7847705067918156,0.7830999999999999,100123
RS,0.7855,535,535,random,CIFAR10,857,main_b1000_cifar10_alexnet_RS_kp10_seed123,0.1,0.7712,False,0.1,alexnet,0.1,CIFAR10_alexnet_RS_accuracy_kp1000_seed123,123,4000,857,42,accuracy,100123,0.7712,3,0.6599049375534057,5.542179338634014,10,0.6599049375534057,valid,0.772549142176902,0.7806877680147706,0.7712,100123
RS,0.7855,535,535,random,CIFAR10,858,main_b1000_cifar10_alexnet_RS_kp10_seed123,0.1,0.7669,False,0.1,alexnet,0.1,CIFAR10_alexnet_RS_accuracy_kp1000_seed123,123,4000,858,42,accuracy,100123,0.7669,3,0.6703624009609223,5.567531161010265,10,0.6703624009609223,valid,0.7672046108141323,0.7770049623375898,0.7668999999999999,100123
RS,0.7855,535,535,random,CIFAR10,859,main_b1000_cifar10_alexnet_RS_kp10_seed123,0.1,0.7752,False,0.1,alexnet,0.1,CIFAR10_alexnet_RS_accuracy_kp1000_seed123,123,4000,859,42,accuracy,100123,0.7752,4,0.6571109265327454,5.560573369264603,10,0.6571109265327454,valid,0.7758952899731119,0.7777589795108719,0.7752000000000001,100123
RS,0.7855,535,535,random,CIFAR10,860,main_b1000_cifar10_alexnet_RS_kp10_seed123,0.1,0.7662,False,0.1,alexnet,0.1,CIFAR10_alexnet_RS_accuracy_kp1000_seed123,123,4000,860,42,accuracy,100123,0.7662,3,0.6730963426589965,5.534167252480984,10,0.6730963426589965,valid,0.7630715310537338,0.7689514526572578,0.7662,100123
RS,0.7855,535,535,random,CIFAR10,861,main_b1000_cifar10_alexnet_RS_kp10_seed123,0.1,0.7757,False,0.1,alexnet,0.1,CIFAR10_alexnet_RS_accuracy_kp1000_seed123,123,4000,861,42,accuracy,100123,0.7757,5,0.675477792263031,5.554094389081001,10,0.675477792263031,valid,0.7764111203276823,0.7800449793982993,0.7757000000000001,100123
RS,0.7855,535,535,random,CIFAR10,862,main_b1000_cifar10_alexnet_RS_kp10_seed123,0.1,0.7707,False,0.1,alexnet,0.1,CIFAR10_alexnet_RS_accuracy_kp1000_seed123,123,4000,862,42,accuracy,100123,0.7707,3,0.657794355392456,5.58575576543808,10,0.657794355392456,valid,0.7711483925860472,0.7769501211570653,0.7706999999999999,100123
RS,0.7855,535,535,random,CIFAR10,863,main_b1000_cifar10_alexnet_RS_kp10_seed123,0.1,0.7696,False,0.1,alexnet,0.1,CIFAR10_alexnet_RS_accuracy_kp1000_seed123,123,4000,863,42,accuracy,100123,0.7696,3,0.6582281505584717,5.629344545304775,10,0.6582281505584717,valid,0.7690299221266361,0.7716608690724656,0.7696000000000001,100123
RS,0.7855,535,535,random,CIFAR10,864,main_b1000_cifar10_alexnet_RS_kp10_seed123,0.1,0.77,False,0.1,alexnet,0.1,CIFAR10_alexnet_RS_accuracy_kp1000_seed123,123,4000,864,42,accuracy,100123,0.77,4,0.6686234375476837,5.639126166701317,10,0.6686234375476837,valid,0.7701692903166013,0.7796398551252219,0.77,100123
RS,0.7855,535,535,random,CIFAR10,865,main_b1000_cifar10_alexnet_RS_kp10_seed123,0.1,0.7756,False,0.1,alexnet,0.1,CIFAR10_alexnet_RS_accuracy_kp1000_seed123,123,4000,865,42,accuracy,100123,0.7756,3,0.647701188325882,5.6534988060593605,10,0.647701188325882,valid,0.7743273673620229,0.7774273283361661,0.7756000000000001,100123
RS,0.7855,535,535,random,CIFAR10,866,main_b1000_cifar10_alexnet_RS_kp10_seed123,0.1,0.7797,False,0.1,alexnet,0.1,CIFAR10_alexnet_RS_accuracy_kp1000_seed123,123,4000,866,42,accuracy,100123,0.7797,5,0.6563485163688659,5.659037664532661,10,0.6563485163688659,valid,0.7792492384284214,0.7794433558332579,0.7797,100123
RS,0.7855,535,535,random,CIFAR10,867,main_b1000_cifar10_alexnet_RS_kp10_seed123,0.1,0.7721,False,0.1,alexnet,0.1,CIFAR10_alexnet_RS_accuracy_kp1000_seed123,123,4000,867,42,accuracy,100123,0.7721,4,0.6637992976665497,5.61059483140707,10,0.6637992976665497,valid,0.7717354557797231,0.7738501425688964,0.7720999999999999,100123
RS,0.7855,535,535,random,CIFAR10,868,main_b1000_cifar10_alexnet_RS_kp10_seed123,0.1,0.7736,False,0.1,alexnet,0.1,CIFAR10_alexnet_RS_accuracy_kp1000_seed123,123,4000,868,42,accuracy,100123,0.7736,5,0.6707001281261444,5.625778041779995,10,0.6707001281261444,valid,0.774612865705264,0.7806922488895923,0.7736000000000001,100123
RS,0.7855,535,535,random,CIFAR10,869,main_b1000_cifar10_alexnet_RS_kp10_seed123,0.1,0.7771,False,0.1,alexnet,0.1,CIFAR10_alexnet_RS_accuracy_kp1000_seed123,123,4000,869,42,accuracy,100123,0.7771,4,0.6515218072414398,5.656512372195721,10,0.6515218072414398,valid,0.7764065064635282,0.7772611646840237,0.7771000000000001,100123
RS,0.7855,535,535,random,CIFAR10,870,main_b1000_cifar10_alexnet_RS_kp10_seed123,0.1,0.7702,False,0.1,alexnet,0.1,CIFAR10_alexnet_RS_accuracy_kp1000_seed123,123,4000,870,42,accuracy,100123,0.7702,4,0.667182806110382,5.6445546224713326,10,0.667182806110382,valid,0.770463833331962,0.773609732854182,0.7702,100123
RS,0.7855,535,535,random,CIFAR10,871,main_b1000_cifar10_alexnet_RS_kp10_seed123,0.1,0.7642,False,0.1,alexnet,0.1,CIFAR10_alexnet_RS_accuracy_kp1000_seed123,123,4000,871,42,accuracy,100123,0.7642,3,0.6698117622852325,5.632616758346558,10,0.6698117622852325,valid,0.7649855555328846,0.7717139753542963,0.7642,100123
RS,0.7855,535,535,random,CIFAR10,872,main_b1000_cifar10_alexnet_RS_kp10_seed123,0.1,0.7712,False,0.1,alexnet,0.1,CIFAR10_alexnet_RS_accuracy_kp1000_seed123,123,4000,872,42,accuracy,100123,0.7712,3,0.6631408697128296,5.62904891371727,10,0.6631408697128296,valid,0.7718902482768474,0.779691134537042,0.7712,100123
RS,0.7855,535,535,random,CIFAR10,873,main_b1000_cifar10_alexnet_RS_kp10_seed123,0.1,0.7769,False,0.1,alexnet,0.1,CIFAR10_alexnet_RS_accuracy_kp1000_seed123,123,4000,873,42,accuracy,100123,0.7769,5,0.6653676318645477,5.554142318665981,10,0.6653676318645477,valid,0.7748989396356464,0.7784583273976758,0.7769000000000001,100123
RS,0.7855,535,535,random,CIFAR10,874,main_b1000_cifar10_alexnet_RS_kp10_seed123,0.1,0.7687,False,0.1,alexnet,0.1,CIFAR10_alexnet_RS_accuracy_kp1000_seed123,123,4000,874,42,accuracy,100123,0.7687,3,0.6624405704498291,5.620080143213272,10,0.6624405704498291,valid,0.7703056808092498,0.7758010439934317,0.7687,100123
RS,0.7855,535,535,random,CIFAR10,875,main_b1000_cifar10_alexnet_RS_kp10_seed123,0.1,0.7738,False,0.1,alexnet,0.1,CIFAR10_alexnet_RS_accuracy_kp1000_seed123,123,4000,875,42,accuracy,100123,0.7738,3,0.653026836013794,5.638616591691971,10,0.653026836013794,valid,0.7724791473781385,0.7735117954656703,0.7738,100123
RS,0.7855,535,535,random,CIFAR10,876,main_b1000_cifar10_alexnet_RS_kp10_seed123,0.1,0.7699,False,0.1,alexnet,0.1,CIFAR10_alexnet_RS_accuracy_kp1000_seed123,123,4000,876,42,accuracy,100123,0.7699,5,0.6805279781341552,5.640278078615665,10,0.6805279781341552,valid,0.7703480259617768,0.7740673193426133,0.7699,100123
RS,0.7855,535,535,random,CIFAR10,877,main_b1000_cifar10_alexnet_RS_kp10_seed123,0.1,0.7762,False,0.1,alexnet,0.1,CIFAR10_alexnet_RS_accuracy_kp1000_seed123,123,4000,877,42,accuracy,100123,0.7762,5,0.6547918935775757,5.64752147346735,10,0.6547918935775757,valid,0.7765449330380512,0.781221995112388,0.7762,100123
RS,0.7855,535,535,random,CIFAR10,878,main_b1000_cifar10_alexnet_RS_kp10_seed123,0.1,0.7736,False,0.1,alexnet,0.1,CIFAR10_alexnet_RS_accuracy_kp1000_seed123,123,4000,878,42,accuracy,100123,0.7736,6,0.6846374173164368,5.644699700176716,10,0.6846374173164368,valid,0.7735510791107936,0.7749015011639868,0.7735999999999998,100123
RS,0.7855,535,535,random,CIFAR10,879,main_b1000_cifar10_alexnet_RS_kp10_seed123,0.1,0.7729,False,0.1,alexnet,0.1,CIFAR10_alexnet_RS_accuracy_kp1000_seed123,123,4000,879,42,accuracy,100123,0.7729,4,0.6659766607284546,5.638634733855724,10,0.6659766607284546,valid,0.7712996364472928,0.7753259106619546,0.7729000000000001,100123
RS,0.7855,535,535,random,CIFAR10,880,main_b1000_cifar10_alexnet_RS_kp10_seed123,0.1,0.7707,False,0.1,alexnet,0.1,CIFAR10_alexnet_RS_accuracy_kp1000_seed123,123,4000,880,42,accuracy,100123,0.7707,4,0.6647203308105468,5.652614027261734,10,0.6647203308105468,valid,0.771071033003118,0.775328122614939,0.7706999999999999,100123
RS,0.7855,535,535,random,CIFAR10,881,main_b1000_cifar10_alexnet_RS_kp10_seed123,0.1,0.7796,False,0.1,alexnet,0.1,CIFAR10_alexnet_RS_accuracy_kp1000_seed123,123,4000,881,42,accuracy,100123,0.7796,5,0.6563974637985229,5.612293303012848,10,0.6563974637985229,valid,0.7787852079593962,0.7819538371637946,0.7796000000000001,100123
RS,0.7855,535,535,random,CIFAR10,882,main_b1000_cifar10_alexnet_RS_kp10_seed123,0.1,0.7776,False,0.1,alexnet,0.1,CIFAR10_alexnet_RS_accuracy_kp1000_seed123,123,4000,882,42,accuracy,100123,0.7776,4,0.6410960021018982,5.577199064195156,10,0.6410960021018982,valid,0.7769864749839911,0.7776677526834066,0.7776,100123
RS,0.7855,535,535,random,CIFAR10,883,main_b1000_cifar10_alexnet_RS_kp10_seed123,0.1,0.7742,False,0.1,alexnet,0.1,CIFAR10_alexnet_RS_accuracy_kp1000_seed123,123,4000,883,42,accuracy,100123,0.7742,3,0.6584991297245025,5.588954120874405,10,0.6584991297245025,valid,0.7750546938052086,0.7800180831721076,0.7741999999999999,100123
RS,0.7855,535,535,random,CIFAR10,884,main_b1000_cifar10_alexnet_RS_kp10_seed123,0.1,0.7731,False,0.1,alexnet,0.1,CIFAR10_alexnet_RS_accuracy_kp1000_seed123,123,4000,884,42,accuracy,100123,0.7731,5,0.6617613475322723,5.600759506225586,10,0.6617613475322723,valid,0.7741239376250082,0.7774316423168848,0.7731,100123
RS,0.7855,535,535,random,CIFAR10,885,main_b1000_cifar10_alexnet_RS_kp10_seed123,0.1,0.7737,False,0.1,alexnet,0.1,CIFAR10_alexnet_RS_accuracy_kp1000_seed123,123,4000,885,42,accuracy,100123,0.7737,4,0.6561789266586304,5.59286305308342,10,0.6561789266586304,valid,0.772752942545767,0.7777749942676688,0.7737,100123
RS,0.7855,535,535,random,CIFAR10,886,main_b1000_cifar10_alexnet_RS_kp10_seed123,0.1,0.7819,False,0.1,alexnet,0.1,CIFAR10_alexnet_RS_accuracy_kp1000_seed123,123,4000,886,42,accuracy,100123,0.7819,5,0.642542354297638,5.64103551954031,10,0.642542354297638,valid,0.7816405968347516,0.7838448866494522,0.7819,100123
RS,0.7855,535,535,random,CIFAR10,887,main_b1000_cifar10_alexnet_RS_kp10_seed123,0.1,0.7696,False,0.1,alexnet,0.1,CIFAR10_alexnet_RS_accuracy_kp1000_seed123,123,4000,887,42,accuracy,100123,0.7696,3,0.6619724320411682,5.633780382573605,10,0.6619724320411682,valid,0.769323418110897,0.774267681937804,0.7696,100123
RS,0.7855,535,535,random,CIFAR10,888,main_b1000_cifar10_alexnet_RS_kp10_seed123,0.1,0.7759,False,0.1,alexnet,0.1,CIFAR10_alexnet_RS_accuracy_kp1000_seed123,123,4000,888,42,accuracy,100123,0.7759,4,0.6565365770339966,5.658486783504486,10,0.6565365770339966,valid,0.7750649707573525,0.7808580270141834,0.7759,100123
RS,0.7855,535,535,random,CIFAR10,889,main_b1000_cifar10_alexnet_RS_kp10_seed123,0.1,0.7654,False,0.1,alexnet,0.1,CIFAR10_alexnet_RS_accuracy_kp1000_seed123,123,4000,889,42,accuracy,100123,0.7654,2,0.6608361102581024,5.652877658605576,10,0.6608361102581024,valid,0.7653866251810486,0.7675963366866727,0.7654000000000001,100123
RS,0.7855,535,535,random,CIFAR10,890,main_b1000_cifar10_alexnet_RS_kp10_seed123,0.1,0.765,False,0.1,alexnet,0.1,CIFAR10_alexnet_RS_accuracy_kp1000_seed123,123,4000,890,42,accuracy,100123,0.765,2,0.6724571705818176,5.619698032736778,10,0.6724571705818176,valid,0.7631757795049771,0.7649148684237131,0.765,100123
RS,0.7855,535,535,random,CIFAR10,891,main_b1000_cifar10_alexnet_RS_kp10_seed123,0.1,0.7755,False,0.1,alexnet,0.1,CIFAR10_alexnet_RS_accuracy_kp1000_seed123,123,4000,891,42,accuracy,100123,0.7755,5,0.672924072265625,5.630433954298496,10,0.672924072265625,valid,0.7752741075984949,0.7798143771862861,0.7755,100123
RS,0.7855,535,535,random,CIFAR10,892,main_b1000_cifar10_alexnet_RS_kp10_seed123,0.1,0.7668,False,0.1,alexnet,0.1,CIFAR10_alexnet_RS_accuracy_kp1000_seed123,123,4000,892,42,accuracy,100123,0.7668,2,0.6756633336544037,5.637411206960678,10,0.6756633336544037,valid,0.7668467218649921,0.7743091183816103,0.7667999999999999,100123
RS,0.7855,535,535,random,CIFAR10,893,main_b1000_cifar10_alexnet_RS_kp10_seed123,0.1,0.7748,False,0.1,alexnet,0.1,CIFAR10_alexnet_RS_accuracy_kp1000_seed123,123,4000,893,42,accuracy,100123,0.7748,4,0.6748166343688965,5.604745402932167,10,0.6748166343688965,valid,0.773668101377178,0.7775478179256323,0.7748,100123
RS,0.7855,535,535,random,CIFAR10,894,main_b1000_cifar10_alexnet_RS_kp10_seed123,0.1,0.7685,False,0.1,alexnet,0.1,CIFAR10_alexnet_RS_accuracy_kp1000_seed123,123,4000,894,42,accuracy,100123,0.7685,3,0.6732650077342988,5.633203744888306,10,0.6732650077342988,valid,0.7685769806252676,0.7763173874151705,0.7685,100123
RS,0.7855,535,535,random,CIFAR10,895,main_b1000_cifar10_alexnet_RS_kp10_seed123,0.1,0.7741,False,0.1,alexnet,0.1,CIFAR10_alexnet_RS_accuracy_kp1000_seed123,123,4000,895,42,accuracy,100123,0.7741,4,0.6618737488746643,5.614358142018318,10,0.6618737488746643,valid,0.7734995551458195,0.7789510426502605,0.7741,100123
RS,0.7855,535,535,random,CIFAR10,896,main_b1000_cifar10_alexnet_RS_kp10_seed123,0.1,0.767,False,0.1,alexnet,0.1,CIFAR10_alexnet_RS_accuracy_kp1000_seed123,123,4000,896,42,accuracy,100123,0.767,2,0.6701552368164062,5.631913833320141,10,0.6701552368164062,valid,0.7648084217232055,0.7707632407832039,0.767,100123
RS,0.7855,535,535,random,CIFAR10,897,main_b1000_cifar10_alexnet_RS_kp10_seed123,0.1,0.7786,False,0.1,alexnet,0.1,CIFAR10_alexnet_RS_accuracy_kp1000_seed123,123,4000,897,42,accuracy,100123,0.7786,4,0.6519271664142609,5.6758434027433395,10,0.6519271664142609,valid,0.7784774247056729,0.7799219189948151,0.7786,100123
RS,0.7855,535,535,random,CIFAR10,898,main_b1000_cifar10_alexnet_RS_kp10_seed123,0.1,0.7711,False,0.1,alexnet,0.1,CIFAR10_alexnet_RS_accuracy_kp1000_seed123,123,4000,898,42,accuracy,100123,0.7711,3,0.6583525133609772,5.645854592323303,10,0.6583525133609772,valid,0.7719661543667617,0.7762409648341044,0.7711,100123
RS,0.7855,535,535,random,CIFAR10,899,main_b1000_cifar10_alexnet_RS_kp10_seed123,0.1,0.7648,False,0.1,alexnet,0.1,CIFAR10_alexnet_RS_accuracy_kp1000_seed123,123,4000,899,42,accuracy,100123,0.7648,4,0.6718995256900787,5.632215671241283,10,0.6718995256900787,valid,0.7640741292232084,0.7674507139787278,0.7648,100123
RS,0.7855,535,535,random,CIFAR10,900,main_b1000_cifar10_alexnet_RS_kp10_seed123,0.1,0.7744,False,0.1,alexnet,0.1,CIFAR10_alexnet_RS_accuracy_kp1000_seed123,123,4000,900,42,accuracy,100123,0.7744,3,0.6587645661354065,5.619850739836693,10,0.6587645661354065,valid,0.7731459389696289,0.7757573293543392,0.7744,100123
RS,0.7855,535,535,random,CIFAR10,901,main_b1000_cifar10_alexnet_RS_kp10_seed123,0.1,0.7773,False,0.1,alexnet,0.1,CIFAR10_alexnet_RS_accuracy_kp1000_seed123,123,4000,901,42,accuracy,100123,0.7773,4,0.6552687520980836,5.61189641803503,10,0.6552687520980836,valid,0.7757732533367566,0.778856896420082,0.7772999999999999,100123
RS,0.7855,535,535,random,CIFAR10,902,main_b1000_cifar10_alexnet_RS_kp10_seed123,0.1,0.7663,False,0.1,alexnet,0.1,CIFAR10_alexnet_RS_accuracy_kp1000_seed123,123,4000,902,42,accuracy,100123,0.7663,2,0.6561103965759277,5.613178983330727,10,0.6561103965759277,valid,0.7666854526138077,0.7698534423786558,0.7663,100123
RS,0.7855,535,535,random,CIFAR10,903,main_b1000_cifar10_alexnet_RS_kp10_seed123,0.1,0.7706,False,0.1,alexnet,0.1,CIFAR10_alexnet_RS_accuracy_kp1000_seed123,123,4000,903,42,accuracy,100123,0.7706,4,0.6742817530632019,5.607163123786449,10,0.6742817530632019,valid,0.7717895479747265,0.7755383713737614,0.7706000000000001,100123
RS,0.7855,535,535,random,CIFAR10,904,main_b1000_cifar10_alexnet_RS_kp10_seed123,0.1,0.7671,False,0.1,alexnet,0.1,CIFAR10_alexnet_RS_accuracy_kp1000_seed123,123,4000,904,42,accuracy,100123,0.7671,5,0.6914805023670196,5.61636658012867,10,0.6914805023670196,valid,0.7678287362903276,0.7727852910384642,0.7671,100123
RS,0.7855,535,535,random,CIFAR10,905,main_b1000_cifar10_alexnet_RS_kp10_seed123,0.1,0.7751,False,0.1,alexnet,0.1,CIFAR10_alexnet_RS_accuracy_kp1000_seed123,123,4000,905,42,accuracy,100123,0.7751,4,0.6663929527282715,5.612646259367466,10,0.6663929527282715,valid,0.7739862880898917,0.7786780842140073,0.7750999999999999,100123
RS,0.7855,535,535,random,CIFAR10,906,main_b1000_cifar10_alexnet_RS_kp10_seed123,0.1,0.7748,False,0.1,alexnet,0.1,CIFAR10_alexnet_RS_accuracy_kp1000_seed123,123,4000,906,42,accuracy,100123,0.7748,3,0.6524708113193513,5.611604236066341,10,0.6524708113193513,valid,0.7753158873354515,0.7795527415799137,0.7748,100123
RS,0.7855,535,535,random,CIFAR10,907,main_b1000_cifar10_alexnet_RS_kp10_seed123,0.1,0.7684,False,0.1,alexnet,0.1,CIFAR10_alexnet_RS_accuracy_kp1000_seed123,123,4000,907,42,accuracy,100123,0.7684,4,0.6646345828056336,5.649781599640846,10,0.6646345828056336,valid,0.7682279856559323,0.7714115681600638,0.7684,100123
RS,0.7855,535,535,random,CIFAR10,908,main_b1000_cifar10_alexnet_RS_kp10_seed123,0.1,0.7604,False,0.1,alexnet,0.1,CIFAR10_alexnet_RS_accuracy_kp1000_seed123,123,4000,908,42,accuracy,100123,0.7604,3,0.681459529876709,5.633870534598827,10,0.681459529876709,valid,0.7593005757759232,0.7635263034672548,0.7604,100123
RS,0.7855,535,535,random,CIFAR10,909,main_b1000_cifar10_alexnet_RS_kp10_seed123,0.1,0.7739,False,0.1,alexnet,0.1,CIFAR10_alexnet_RS_accuracy_kp1000_seed123,123,4000,909,42,accuracy,100123,0.7739,4,0.6619005311489106,5.632676616311073,10,0.6619005311489106,valid,0.7726523563494637,0.7740833379060759,0.7739,100123
RS,0.7855,535,535,random,CIFAR10,910,main_b1000_cifar10_alexnet_RS_kp10_seed123,0.1,0.7778,False,0.1,alexnet,0.1,CIFAR10_alexnet_RS_accuracy_kp1000_seed123,123,4000,910,42,accuracy,100123,0.7778,5,0.6614444336891174,5.643532432615757,10,0.6614444336891174,valid,0.7784620234938473,0.784953451601607,0.7778,100123
RS,0.7855,535,535,random,CIFAR10,911,main_b1000_cifar10_alexnet_RS_kp10_seed123,0.1,0.7737,False,0.1,alexnet,0.1,CIFAR10_alexnet_RS_accuracy_kp1000_seed123,123,4000,911,42,accuracy,100123,0.7737,4,0.6708051077842713,5.5858805403113365,10,0.6708051077842713,valid,0.7720503408890459,0.7742950803176146,0.7737,100123
RS,0.7855,535,535,random,CIFAR10,912,main_b1000_cifar10_alexnet_RS_kp10_seed123,0.1,0.7689,False,0.1,alexnet,0.1,CIFAR10_alexnet_RS_accuracy_kp1000_seed123,123,4000,912,42,accuracy,100123,0.7689,4,0.673017389202118,5.6037096455693245,10,0.673017389202118,valid,0.7673252102868653,0.771714840275375,0.7688999999999999,100123
RS,0.7855,535,535,random,CIFAR10,913,main_b1000_cifar10_alexnet_RS_kp10_seed123,0.1,0.7784,False,0.1,alexnet,0.1,CIFAR10_alexnet_RS_accuracy_kp1000_seed123,123,4000,913,42,accuracy,100123,0.7784,5,0.6588076351165771,5.628282874822617,10,0.6588076351165771,valid,0.7778601742969184,0.7800013667646072,0.7784000000000001,100123
RS,0.7855,535,535,random,CIFAR10,914,main_b1000_cifar10_alexnet_RS_kp10_seed123,0.1,0.7624,False,0.1,alexnet,0.1,CIFAR10_alexnet_RS_accuracy_kp1000_seed123,123,4000,914,42,accuracy,100123,0.7624,3,0.690372068786621,5.651500433683395,10,0.690372068786621,valid,0.7620754910908567,0.7706366818032565,0.7624000000000001,100123
RS,0.7855,535,535,random,CIFAR10,915,main_b1000_cifar10_alexnet_RS_kp10_seed123,0.1,0.7755,False,0.1,alexnet,0.1,CIFAR10_alexnet_RS_accuracy_kp1000_seed123,123,4000,915,42,accuracy,100123,0.7755,4,0.6593382227420806,5.628665342926979,10,0.6593382227420806,valid,0.7763291947696241,0.781341028285546,0.7755000000000001,100123
RS,0.7855,535,535,random,CIFAR10,916,main_b1000_cifar10_alexnet_RS_kp10_seed123,0.1,0.7693,False,0.1,alexnet,0.1,CIFAR10_alexnet_RS_accuracy_kp1000_seed123,123,4000,916,42,accuracy,100123,0.7693,4,0.6645342554569245,5.626062817871571,10,0.6645342554569245,valid,0.7680491772916803,0.7712920347173853,0.7693000000000001,100123
RS,0.7855,535,535,random,CIFAR10,917,main_b1000_cifar10_alexnet_RS_kp10_seed123,0.1,0.766,False,0.1,alexnet,0.1,CIFAR10_alexnet_RS_accuracy_kp1000_seed123,123,4000,917,42,accuracy,100123,0.766,3,0.667275419330597,5.648987911641598,10,0.667275419330597,valid,0.7654113906373368,0.7726517126675339,0.7659999999999999,100123
RS,0.7855,535,535,random,CIFAR10,918,main_b1000_cifar10_alexnet_RS_kp10_seed123,0.1,0.7645,False,0.1,alexnet,0.1,CIFAR10_alexnet_RS_accuracy_kp1000_seed123,123,4000,918,42,accuracy,100123,0.7645,3,0.6749443141937256,5.664643213152885,10,0.6749443141937256,valid,0.764650192931325,0.7700573881241413,0.7645000000000001,100123
RS,0.7855,535,535,random,CIFAR10,919,main_b1000_cifar10_alexnet_RS_kp10_seed123,0.1,0.7688,False,0.1,alexnet,0.1,CIFAR10_alexnet_RS_accuracy_kp1000_seed123,123,4000,919,42,accuracy,100123,0.7688,3,0.6540426950454712,5.634435057640076,10,0.6540426950454712,valid,0.7689948940296396,0.7748038103673139,0.7687999999999999,100123
RS,0.7855,535,535,random,CIFAR10,920,main_b1000_cifar10_alexnet_RS_kp10_seed123,0.1,0.7702,False,0.1,alexnet,0.1,CIFAR10_alexnet_RS_accuracy_kp1000_seed123,123,4000,920,42,accuracy,100123,0.7702,4,0.6764288657665253,5.636713989078999,10,0.6764288657665253,valid,0.7693204479440635,0.7730088464438308,0.7702,100123
RS,0.7855,535,535,random,CIFAR10,921,main_b1000_cifar10_alexnet_RS_kp10_seed123,0.1,0.775,False,0.1,alexnet,0.1,CIFAR10_alexnet_RS_accuracy_kp1000_seed123,123,4000,921,42,accuracy,100123,0.775,4,0.6609579550266266,5.631410397589207,10,0.6609579550266266,valid,0.7750683836551913,0.7787500890958279,0.775,100123
RS,0.7855,535,535,random,CIFAR10,922,main_b1000_cifar10_alexnet_RS_kp10_seed123,0.1,0.7807,False,0.1,alexnet,0.1,CIFAR10_alexnet_RS_accuracy_kp1000_seed123,123,4000,922,42,accuracy,100123,0.7807,5,0.6599508234500885,5.625357508659363,10,0.6599508234500885,valid,0.7804096934850173,0.782087187504236,0.7807000000000001,100123
RS,0.7855,535,535,random,CIFAR10,923,main_b1000_cifar10_alexnet_RS_kp10_seed123,0.1,0.7754,False,0.1,alexnet,0.1,CIFAR10_alexnet_RS_accuracy_kp1000_seed123,123,4000,923,42,accuracy,100123,0.7754,3,0.6542088396072387,5.625655896961689,10,0.6542088396072387,valid,0.775404254319843,0.778208757748992,0.7754,100123
RS,0.7855,535,535,random,CIFAR10,924,main_b1000_cifar10_alexnet_RS_kp10_seed123,0.1,0.7741,False,0.1,alexnet,0.1,CIFAR10_alexnet_RS_accuracy_kp1000_seed123,123,4000,924,42,accuracy,100123,0.7741,5,0.6742235777854919,5.634010314941406,10,0.6742235777854919,valid,0.7737235540826279,0.7778747716544061,0.7741,100123
RS,0.7855,535,535,random,CIFAR10,925,main_b1000_cifar10_alexnet_RS_kp10_seed123,0.1,0.7746,False,0.1,alexnet,0.1,CIFAR10_alexnet_RS_accuracy_kp1000_seed123,123,4000,925,42,accuracy,100123,0.7746,3,0.6472032677173615,5.634507782757282,10,0.6472032677173615,valid,0.7740300372560692,0.7752122043156398,0.7745999999999998,100123
RS,0.7855,535,535,random,CIFAR10,926,main_b1000_cifar10_alexnet_RS_kp10_seed123,0.1,0.7697,False,0.1,alexnet,0.1,CIFAR10_alexnet_RS_accuracy_kp1000_seed123,123,4000,926,42,accuracy,100123,0.7697,3,0.6681649771213531,5.651012308895588,10,0.6681649771213531,valid,0.7691813982427398,0.7735078983944919,0.7697,100123
RS,0.7855,535,535,random,CIFAR10,927,main_b1000_cifar10_alexnet_RS_kp10_seed123,0.1,0.7776,False,0.1,alexnet,0.1,CIFAR10_alexnet_RS_accuracy_kp1000_seed123,123,4000,927,42,accuracy,100123,0.7776,6,0.6573576208591461,5.6551298424601555,10,0.6573576208591461,valid,0.7773539439664784,0.7781083373046439,0.7776,100123
RS,0.7855,535,535,random,CIFAR10,928,main_b1000_cifar10_alexnet_RS_kp10_seed123,0.1,0.7701,False,0.1,alexnet,0.1,CIFAR10_alexnet_RS_accuracy_kp1000_seed123,123,4000,928,42,accuracy,100123,0.7701,3,0.6696768528938294,5.623658515512943,10,0.6696768528938294,valid,0.7704761172366861,0.7775379243459489,0.7701,100123
RS,0.7855,535,535,random,CIFAR10,929,main_b1000_cifar10_alexnet_RS_kp10_seed123,0.1,0.7747,False,0.1,alexnet,0.1,CIFAR10_alexnet_RS_accuracy_kp1000_seed123,123,4000,929,42,accuracy,100123,0.7747,5,0.6706944361686706,5.64266861975193,10,0.6706944361686706,valid,0.7747607923429943,0.7769471362624689,0.7746999999999999,100123
RS,0.7855,535,535,random,CIFAR10,930,main_b1000_cifar10_alexnet_RS_kp10_seed123,0.1,0.767,False,0.1,alexnet,0.1,CIFAR10_alexnet_RS_accuracy_kp1000_seed123,123,4000,930,42,accuracy,100123,0.767,3,0.6658548049926758,5.6413305178284645,10,0.6658548049926758,valid,0.7684755356535565,0.7764380999016152,0.767,100123
RS,0.7855,535,535,random,CIFAR10,931,main_b1000_cifar10_alexnet_RS_kp10_seed123,0.1,0.7684,False,0.1,alexnet,0.1,CIFAR10_alexnet_RS_accuracy_kp1000_seed123,123,4000,931,42,accuracy,100123,0.7684,2,0.6636748567581177,5.640872873365879,10,0.6636748567581177,valid,0.7687577068879472,0.7736564448054877,0.7684000000000001,100123
RS,0.7855,535,535,random,CIFAR10,932,main_b1000_cifar10_alexnet_RS_kp10_seed123,0.1,0.7703,False,0.1,alexnet,0.1,CIFAR10_alexnet_RS_accuracy_kp1000_seed123,123,4000,932,42,accuracy,100123,0.7703,3,0.674847955942154,5.620292402803898,10,0.674847955942154,valid,0.7701087991798624,0.7754764349221739,0.7703,100123
RS,0.7855,535,535,random,CIFAR10,933,main_b1000_cifar10_alexnet_RS_kp10_seed123,0.1,0.7774,False,0.1,alexnet,0.1,CIFAR10_alexnet_RS_accuracy_kp1000_seed123,123,4000,933,42,accuracy,100123,0.7774,8,0.6863457644939422,5.625405482947826,10,0.6863457644939422,valid,0.7768925696233306,0.777387774774984,0.7774,100123
RS,0.7855,535,535,random,CIFAR10,934,main_b1000_cifar10_alexnet_RS_kp10_seed123,0.1,0.7741,False,0.1,alexnet,0.1,CIFAR10_alexnet_RS_accuracy_kp1000_seed123,123,4000,934,42,accuracy,100123,0.7741,4,0.6578762552261352,5.622928328812122,10,0.6578762552261352,valid,0.773398141128384,0.775076100673797,0.7741,100123
RS,0.7855,535,535,random,CIFAR10,935,main_b1000_cifar10_alexnet_RS_kp10_seed123,0.1,0.7706,False,0.1,alexnet,0.1,CIFAR10_alexnet_RS_accuracy_kp1000_seed123,123,4000,935,42,accuracy,100123,0.7706,4,0.6616536318778992,5.604149274528027,10,0.6616536318778992,valid,0.769965311324101,0.7743589810578299,0.7706,100123
RS,0.7855,535,535,random,CIFAR10,936,main_b1000_cifar10_alexnet_RS_kp10_seed123,0.1,0.7752,False,0.1,alexnet,0.1,CIFAR10_alexnet_RS_accuracy_kp1000_seed123,123,4000,936,42,accuracy,100123,0.7752,4,0.6499131546020508,5.639273889362812,10,0.6499131546020508,valid,0.7740345179114043,0.7776025649737589,0.7752,100123
RS,0.7855,535,535,random,CIFAR10,937,main_b1000_cifar10_alexnet_RS_kp10_seed123,0.1,0.7752,False,0.1,alexnet,0.1,CIFAR10_alexnet_RS_accuracy_kp1000_seed123,123,4000,937,42,accuracy,100123,0.7752,3,0.660767666387558,5.6607651039958,10,0.660767666387558,valid,0.775196274872702,0.7769703234640153,0.7752,100123
RS,0.7855,535,535,random,CIFAR10,938,main_b1000_cifar10_alexnet_RS_kp10_seed123,0.1,0.7717,False,0.1,alexnet,0.1,CIFAR10_alexnet_RS_accuracy_kp1000_seed123,123,4000,938,42,accuracy,100123,0.7717,3,0.6553694584369659,5.6204744055867195,10,0.6553694584369659,valid,0.7698969454298522,0.7738837116853319,0.7717,100123
RS,0.7855,535,535,random,CIFAR10,939,main_b1000_cifar10_alexnet_RS_kp10_seed123,0.1,0.7762,False,0.1,alexnet,0.1,CIFAR10_alexnet_RS_accuracy_kp1000_seed123,123,4000,939,42,accuracy,100123,0.7762,4,0.6618749885082245,5.601240396499634,10,0.6618749885082245,valid,0.7772542116683646,0.7828857299376175,0.7762,100123
RS,0.7855,535,535,random,CIFAR10,940,main_b1000_cifar10_alexnet_RS_kp10_seed123,0.1,0.766,False,0.1,alexnet,0.1,CIFAR10_alexnet_RS_accuracy_kp1000_seed123,123,4000,940,42,accuracy,100123,0.766,3,0.6703584581375122,5.579028531908989,10,0.6703584581375122,valid,0.7646523897052437,0.7710950126533247,0.7659999999999999,100123
RS,0.7855,535,535,random,CIFAR10,941,main_b1000_cifar10_alexnet_RS_kp10_seed123,0.1,0.7762,False,0.1,alexnet,0.1,CIFAR10_alexnet_RS_accuracy_kp1000_seed123,123,4000,941,42,accuracy,100123,0.7762,4,0.6640991639614106,5.561441697180271,10,0.6640991639614106,valid,0.7767348203919962,0.7810233157210853,0.7762000000000001,100123
RS,0.7855,535,535,random,CIFAR10,942,main_b1000_cifar10_alexnet_RS_kp10_seed123,0.1,0.7762,False,0.1,alexnet,0.1,CIFAR10_alexnet_RS_accuracy_kp1000_seed123,123,4000,942,42,accuracy,100123,0.7762,4,0.6509015187263488,5.598246231675148,10,0.6509015187263488,valid,0.7773831061179036,0.7815401195130516,0.7762,100123
RS,0.7855,535,535,random,CIFAR10,943,main_b1000_cifar10_alexnet_RS_kp10_seed123,0.1,0.7721,False,0.1,alexnet,0.1,CIFAR10_alexnet_RS_accuracy_kp1000_seed123,123,4000,943,42,accuracy,100123,0.7721,4,0.6627284266471862,5.5790388733148575,10,0.6627284266471862,valid,0.7708431926714343,0.7723881466740163,0.7721,100123
RS,0.7855,535,535,random,CIFAR10,944,main_b1000_cifar10_alexnet_RS_kp10_seed123,0.1,0.7633,False,0.1,alexnet,0.1,CIFAR10_alexnet_RS_accuracy_kp1000_seed123,123,4000,944,42,accuracy,100123,0.7633,3,0.6722801910400391,5.596799202263355,10,0.6722801910400391,valid,0.7628885898370859,0.7679731338319274,0.7633,100123
RS,0.7855,535,535,random,CIFAR10,945,main_b1000_cifar10_alexnet_RS_kp10_seed123,0.1,0.7636,False,0.1,alexnet,0.1,CIFAR10_alexnet_RS_accuracy_kp1000_seed123,123,4000,945,42,accuracy,100123,0.7636,3,0.6899766919136048,5.566516198217869,10,0.6899766919136048,valid,0.760973530543207,0.770729945848095,0.7636000000000001,100123
RS,0.7855,535,535,random,CIFAR10,946,main_b1000_cifar10_alexnet_RS_kp10_seed123,0.1,0.7732,False,0.1,alexnet,0.1,CIFAR10_alexnet_RS_accuracy_kp1000_seed123,123,4000,946,42,accuracy,100123,0.7732,5,0.6666593362808227,5.639357767999172,10,0.6666593362808227,valid,0.7734739551228775,0.7781260805315858,0.7732,100123
RS,0.7855,535,535,random,CIFAR10,947,main_b1000_cifar10_alexnet_RS_kp10_seed123,0.1,0.7776,False,0.1,alexnet,0.1,CIFAR10_alexnet_RS_accuracy_kp1000_seed123,123,4000,947,42,accuracy,100123,0.7776,6,0.6676032947540284,5.6690489128232,10,0.6676032947540284,valid,0.7775059408318997,0.778476884943122,0.7776,100123
RS,0.7855,535,535,random,CIFAR10,948,main_b1000_cifar10_alexnet_RS_kp10_seed123,0.1,0.772,False,0.1,alexnet,0.1,CIFAR10_alexnet_RS_accuracy_kp1000_seed123,123,4000,948,42,accuracy,100123,0.772,4,0.6801664933681488,5.616630464792252,10,0.6801664933681488,valid,0.7710814701593249,0.7776452886741041,0.772,100123
RS,0.7855,535,535,random,CIFAR10,949,main_b1000_cifar10_alexnet_RS_kp10_seed123,0.1,0.7684,False,0.1,alexnet,0.1,CIFAR10_alexnet_RS_accuracy_kp1000_seed123,123,4000,949,42,accuracy,100123,0.7684,2,0.6636791806221009,5.623901836574078,10,0.6636791806221009,valid,0.769472144003863,0.7717585250922185,0.7684,100123
RS,0.7855,535,535,random,CIFAR10,950,main_b1000_cifar10_alexnet_RS_kp10_seed123,0.1,0.768,False,0.1,alexnet,0.1,CIFAR10_alexnet_RS_accuracy_kp1000_seed123,123,4000,950,42,accuracy,100123,0.768,4,0.6815442482471467,5.623604878783226,10,0.6815442482471467,valid,0.7668622891034105,0.7707770819463288,0.768,100123
RS,0.7855,535,535,random,CIFAR10,951,main_b1000_cifar10_alexnet_RS_kp10_seed123,0.1,0.7768,False,0.1,alexnet,0.1,CIFAR10_alexnet_RS_accuracy_kp1000_seed123,123,4000,951,42,accuracy,100123,0.7768,6,0.6685377245903015,5.617430582642555,10,0.6685377245903015,valid,0.7763837159757034,0.7764534195443322,0.7768,100123
RS,0.7855,535,535,random,CIFAR10,952,main_b1000_cifar10_alexnet_RS_kp10_seed123,0.1,0.7742,False,0.1,alexnet,0.1,CIFAR10_alexnet_RS_accuracy_kp1000_seed123,123,4000,952,42,accuracy,100123,0.7742,3,0.6611220462799072,5.652894511818886,10,0.6611220462799072,valid,0.774173882517492,0.777430669159364,0.7742,100123
RS,0.7855,535,535,random,CIFAR10,953,main_b1000_cifar10_alexnet_RS_kp10_seed123,0.1,0.7728,False,0.1,alexnet,0.1,CIFAR10_alexnet_RS_accuracy_kp1000_seed123,123,4000,953,42,accuracy,100123,0.7728,4,0.6603436669826508,5.642827324569225,10,0.6603436669826508,valid,0.7741278401524233,0.7799952997229445,0.7727999999999999,100123
RS,0.7855,535,535,random,CIFAR10,954,main_b1000_cifar10_alexnet_RS_kp10_seed123,0.1,0.7705,False,0.1,alexnet,0.1,CIFAR10_alexnet_RS_accuracy_kp1000_seed123,123,4000,954,42,accuracy,100123,0.7705,3,0.664634694480896,5.583077639341354,10,0.664634694480896,valid,0.7702118091409327,0.7743743958684846,0.7705000000000001,100123
RS,0.7855,535,535,random,CIFAR10,955,main_b1000_cifar10_alexnet_RS_kp10_seed123,0.1,0.7652,False,0.1,alexnet,0.1,CIFAR10_alexnet_RS_accuracy_kp1000_seed123,123,4000,955,42,accuracy,100123,0.7652,4,0.6608347858905792,5.56949407607317,10,0.6608347858905792,valid,0.7662608903746962,0.7700878435472925,0.7651999999999999,100123
RS,0.7855,535,535,random,CIFAR10,956,main_b1000_cifar10_alexnet_RS_kp10_seed123,0.1,0.775,False,0.1,alexnet,0.1,CIFAR10_alexnet_RS_accuracy_kp1000_seed123,123,4000,956,42,accuracy,100123,0.775,7,0.6778460013866424,5.647682465612888,10,0.6778460013866424,valid,0.7742155775673476,0.7750248793737771,0.775,100123
RS,0.7855,535,535,random,CIFAR10,957,main_b1000_cifar10_alexnet_RS_kp10_seed123,0.1,0.7724,False,0.1,alexnet,0.1,CIFAR10_alexnet_RS_accuracy_kp1000_seed123,123,4000,957,42,accuracy,100123,0.7724,4,0.6650169669151306,5.615120813250542,10,0.6650169669151306,valid,0.7720046321703171,0.7780519868289318,0.7724,100123
RS,0.7855,535,535,random,CIFAR10,958,main_b1000_cifar10_alexnet_RS_kp10_seed123,0.1,0.7682,False,0.1,alexnet,0.1,CIFAR10_alexnet_RS_accuracy_kp1000_seed123,123,4000,958,42,accuracy,100123,0.7682,2,0.6663972362041474,5.606980077922344,10,0.6663972362041474,valid,0.7660295938521056,0.7688855421991313,0.7682,100123
RS,0.7855,535,535,random,CIFAR10,959,main_b1000_cifar10_alexnet_RS_kp10_seed123,0.1,0.7736,False,0.1,alexnet,0.1,CIFAR10_alexnet_RS_accuracy_kp1000_seed123,123,4000,959,42,accuracy,100123,0.7736,4,0.661191753911972,5.573846630752087,10,0.661191753911972,valid,0.7728023851816708,0.7770339607023073,0.7736000000000001,100123
RS,0.7855,535,535,random,CIFAR10,960,main_b1000_cifar10_alexnet_RS_kp10_seed123,0.1,0.7727,False,0.1,alexnet,0.1,CIFAR10_alexnet_RS_accuracy_kp1000_seed123,123,4000,960,42,accuracy,100123,0.7727,3,0.6626946854114533,5.572303764522076,10,0.6626946854114533,valid,0.7727306033734122,0.774751667442199,0.7726999999999999,100123
RS,0.7855,535,535,random,CIFAR10,961,main_b1000_cifar10_alexnet_RS_kp10_seed123,0.1,0.7615,False,0.1,alexnet,0.1,CIFAR10_alexnet_RS_accuracy_kp1000_seed123,123,4000,961,42,accuracy,100123,0.7615,3,0.6736583508968353,5.603781685233116,10,0.6736583508968353,valid,0.7614874675457417,0.7673501135095068,0.7615000000000001,100123
RS,0.7855,535,535,random,CIFAR10,962,main_b1000_cifar10_alexnet_RS_kp10_seed123,0.1,0.7799,False,0.1,alexnet,0.1,CIFAR10_alexnet_RS_accuracy_kp1000_seed123,123,4000,962,42,accuracy,100123,0.7799,5,0.6714093143463135,5.617795675992966,10,0.6714093143463135,valid,0.779012589641227,0.7807960581756128,0.7799,100123
RS,0.7855,535,535,random,CIFAR10,963,main_b1000_cifar10_alexnet_RS_kp10_seed123,0.1,0.7676,False,0.1,alexnet,0.1,CIFAR10_alexnet_RS_accuracy_kp1000_seed123,123,4000,963,42,accuracy,100123,0.7676,3,0.6649341462612152,5.632371135056019,10,0.6649341462612152,valid,0.7667616563060022,0.7702505431819175,0.7676000000000001,100123
RS,0.7855,535,535,random,CIFAR10,964,main_b1000_cifar10_alexnet_RS_kp10_seed123,0.1,0.7677,False,0.1,alexnet,0.1,CIFAR10_alexnet_RS_accuracy_kp1000_seed123,123,4000,964,42,accuracy,100123,0.7677,4,0.6908149856090545,5.613184593617916,10,0.6908149856090545,valid,0.7680217156702881,0.7716074043648019,0.7676999999999999,100123
RS,0.7855,535,535,random,CIFAR10,965,main_b1000_cifar10_alexnet_RS_kp10_seed123,0.1,0.7711,False,0.1,alexnet,0.1,CIFAR10_alexnet_RS_accuracy_kp1000_seed123,123,4000,965,42,accuracy,100123,0.7711,4,0.6651727127075195,5.593427710235119,10,0.6651727127075195,valid,0.7692119078422369,0.7732488104190969,0.7711,100123
RS,0.7855,535,535,random,CIFAR10,966,main_b1000_cifar10_alexnet_RS_kp10_seed123,0.1,0.7666,False,0.1,alexnet,0.1,CIFAR10_alexnet_RS_accuracy_kp1000_seed123,123,4000,966,42,accuracy,100123,0.7666,4,0.6738374872684478,5.592509053647518,10,0.6738374872684478,valid,0.7652423184654673,0.7694365218769703,0.7666000000000001,100123
RS,0.7855,535,535,random,CIFAR10,967,main_b1000_cifar10_alexnet_RS_kp10_seed123,0.1,0.7686,False,0.1,alexnet,0.1,CIFAR10_alexnet_RS_accuracy_kp1000_seed123,123,4000,967,42,accuracy,100123,0.7686,4,0.6743962629795075,5.577744923532009,10,0.6743962629795075,valid,0.7681020102911578,0.7706782174818609,0.7686,100123
RS,0.7855,535,535,random,CIFAR10,968,main_b1000_cifar10_alexnet_RS_kp10_seed123,0.1,0.7656,False,0.1,alexnet,0.1,CIFAR10_alexnet_RS_accuracy_kp1000_seed123,123,4000,968,42,accuracy,100123,0.7656,2,0.6668192070484161,5.603026509284973,10,0.6668192070484161,valid,0.7667357579238179,0.7748202121452408,0.7656,100123
RS,0.7855,535,535,random,CIFAR10,969,main_b1000_cifar10_alexnet_RS_kp10_seed123,0.1,0.774,False,0.1,alexnet,0.1,CIFAR10_alexnet_RS_accuracy_kp1000_seed123,123,4000,969,42,accuracy,100123,0.774,3,0.6564860142707825,5.573314912617207,10,0.6564860142707825,valid,0.7744848572611448,0.7781825631257412,0.7740000000000001,100123
RS,0.7855,535,535,random,CIFAR10,970,main_b1000_cifar10_alexnet_RS_kp10_seed123,0.1,0.77,False,0.1,alexnet,0.1,CIFAR10_alexnet_RS_accuracy_kp1000_seed123,123,4000,970,42,accuracy,100123,0.77,4,0.6696267064094543,5.593646325170994,10,0.6696267064094543,valid,0.7688236239804487,0.772901946892288,0.77,100123
RS,0.7855,535,535,random,CIFAR10,971,main_b1000_cifar10_alexnet_RS_kp10_seed123,0.1,0.7748,False,0.1,alexnet,0.1,CIFAR10_alexnet_RS_accuracy_kp1000_seed123,123,4000,971,42,accuracy,100123,0.7748,4,0.6636321915626526,5.577009007334709,10,0.6636321915626526,valid,0.7755209323342375,0.7792116467256893,0.7748,100123
RS,0.7855,535,535,random,CIFAR10,972,main_b1000_cifar10_alexnet_RS_kp10_seed123,0.1,0.7798,False,0.1,alexnet,0.1,CIFAR10_alexnet_RS_accuracy_kp1000_seed123,123,4000,972,42,accuracy,100123,0.7798,5,0.6566019228935241,5.5891527608036995,10,0.6566019228935241,valid,0.7793204178442797,0.782249933070881,0.7798,100123
RS,0.7855,535,535,random,CIFAR10,973,main_b1000_cifar10_alexnet_RS_kp10_seed123,0.1,0.7729,False,0.1,alexnet,0.1,CIFAR10_alexnet_RS_accuracy_kp1000_seed123,123,4000,973,42,accuracy,100123,0.7729,4,0.6678663424968719,5.6237972676754,10,0.6678663424968719,valid,0.7735722506909551,0.7786005301559893,0.7729,100123
RS,0.7855,535,535,random,CIFAR10,974,main_b1000_cifar10_alexnet_RS_kp10_seed123,0.1,0.7713,False,0.1,alexnet,0.1,CIFAR10_alexnet_RS_accuracy_kp1000_seed123,123,4000,974,42,accuracy,100123,0.7713,4,0.6686386041641236,5.595557525753975,10,0.6686386041641236,valid,0.7717720405822257,0.777199976182987,0.7713,100123
RS,0.7855,535,535,random,CIFAR10,975,main_b1000_cifar10_alexnet_RS_kp10_seed123,0.1,0.7735,False,0.1,alexnet,0.1,CIFAR10_alexnet_RS_accuracy_kp1000_seed123,123,4000,975,42,accuracy,100123,0.7735,4,0.6576273622989655,5.6321791261434555,10,0.6576273622989655,valid,0.7755401699327737,0.7831203518315347,0.7735000000000001,100123
RS,0.7855,535,535,random,CIFAR10,976,main_b1000_cifar10_alexnet_RS_kp10_seed123,0.1,0.766,False,0.1,alexnet,0.1,CIFAR10_alexnet_RS_accuracy_kp1000_seed123,123,4000,976,42,accuracy,100123,0.766,2,0.6684928729057312,5.640448726713657,10,0.6684928729057312,valid,0.7670883100850955,0.7728967825350581,0.766,100123
RS,0.7855,535,535,random,CIFAR10,977,main_b1000_cifar10_alexnet_RS_kp10_seed123,0.1,0.7723,False,0.1,alexnet,0.1,CIFAR10_alexnet_RS_accuracy_kp1000_seed123,123,4000,977,42,accuracy,100123,0.7723,5,0.6727625864982605,5.6173165589571,10,0.6727625864982605,valid,0.7713601291057764,0.7721962545972614,0.7723,100123
RS,0.7855,535,535,random,CIFAR10,978,main_b1000_cifar10_alexnet_RS_kp10_seed123,0.1,0.7643,False,0.1,alexnet,0.1,CIFAR10_alexnet_RS_accuracy_kp1000_seed123,123,4000,978,42,accuracy,100123,0.7643,2,0.6667226598262787,5.616687424480915,10,0.6667226598262787,valid,0.7658852161692181,0.7714213508354274,0.7643,100123
RS,0.7855,535,535,random,CIFAR10,979,main_b1000_cifar10_alexnet_RS_kp10_seed123,0.1,0.7711,False,0.1,alexnet,0.1,CIFAR10_alexnet_RS_accuracy_kp1000_seed123,123,4000,979,42,accuracy,100123,0.7711,5,0.6757660960197449,5.628007583320141,10,0.6757660960197449,valid,0.7710531605987487,0.7736836920643734,0.7710999999999999,100123
RS,0.7855,535,535,random,CIFAR10,980,main_b1000_cifar10_alexnet_RS_kp10_seed123,0.1,0.7758,False,0.1,alexnet,0.1,CIFAR10_alexnet_RS_accuracy_kp1000_seed123,123,4000,980,42,accuracy,100123,0.7758,5,0.6640008275032043,5.617341697216034,10,0.6640008275032043,valid,0.776250196978575,0.7787218289924559,0.7758,100123
RS,0.7855,535,535,random,CIFAR10,981,main_b1000_cifar10_alexnet_RS_kp10_seed123,0.1,0.7637,False,0.1,alexnet,0.1,CIFAR10_alexnet_RS_accuracy_kp1000_seed123,123,4000,981,42,accuracy,100123,0.7637,2,0.6697543953895568,5.621168427169323,10,0.6697543953895568,valid,0.7622804099851854,0.7641202160074281,0.7636999999999999,100123
RS,0.7855,535,535,random,CIFAR10,982,main_b1000_cifar10_alexnet_RS_kp10_seed123,0.1,0.7742,False,0.1,alexnet,0.1,CIFAR10_alexnet_RS_accuracy_kp1000_seed123,123,4000,982,42,accuracy,100123,0.7742,3,0.6582047828197479,5.60676908493042,10,0.6582047828197479,valid,0.7759837621876968,0.7827393698771548,0.7742,100123
RS,0.7855,535,535,random,CIFAR10,983,main_b1000_cifar10_alexnet_RS_kp10_seed123,0.1,0.7735,False,0.1,alexnet,0.1,CIFAR10_alexnet_RS_accuracy_kp1000_seed123,123,4000,983,42,accuracy,100123,0.7735,4,0.662633583498001,5.609187230467796,10,0.662633583498001,valid,0.775100048117498,0.7797954687371366,0.7735000000000001,100123
RS,0.7855,535,535,random,CIFAR10,984,main_b1000_cifar10_alexnet_RS_kp10_seed123,0.1,0.7704,False,0.1,alexnet,0.1,CIFAR10_alexnet_RS_accuracy_kp1000_seed123,123,4000,984,42,accuracy,100123,0.7704,3,0.6671414455890655,5.60039534419775,10,0.6671414455890655,valid,0.771351607549873,0.7787178712189105,0.7704,100123
RS,0.7855,535,535,random,CIFAR10,985,main_b1000_cifar10_alexnet_RS_kp10_seed123,0.1,0.7712,False,0.1,alexnet,0.1,CIFAR10_alexnet_RS_accuracy_kp1000_seed123,123,4000,985,42,accuracy,100123,0.7712,5,0.6756498055934906,5.631000846624374,10,0.6756498055934906,valid,0.7700290921147311,0.7737659338042917,0.7712,100123
RS,0.7855,535,535,random,CIFAR10,986,main_b1000_cifar10_alexnet_RS_kp10_seed123,0.1,0.7754,False,0.1,alexnet,0.1,CIFAR10_alexnet_RS_accuracy_kp1000_seed123,123,4000,986,42,accuracy,100123,0.7754,4,0.6653976748466491,5.6393101662397385,10,0.6653976748466491,valid,0.7755380150471269,0.7791855898449616,0.7754,100123
RS,0.7855,535,535,random,CIFAR10,987,main_b1000_cifar10_alexnet_RS_kp10_seed123,0.1,0.7712,False,0.1,alexnet,0.1,CIFAR10_alexnet_RS_accuracy_kp1000_seed123,123,4000,987,42,accuracy,100123,0.7712,4,0.6696101003170013,5.629566915333271,10,0.6696101003170013,valid,0.7694741815838537,0.7728647411158787,0.7712000000000001,100123
RS,0.7855,535,535,random,CIFAR10,988,main_b1000_cifar10_alexnet_RS_kp10_seed123,0.1,0.7621,False,0.1,alexnet,0.1,CIFAR10_alexnet_RS_accuracy_kp1000_seed123,123,4000,988,42,accuracy,100123,0.7621,2,0.6710919979095459,5.588986314833164,10,0.6710919979095459,valid,0.7618673999019427,0.7684919283733797,0.7621,100123
RS,0.7855,535,535,random,CIFAR10,989,main_b1000_cifar10_alexnet_RS_kp10_seed123,0.1,0.7711,False,0.1,alexnet,0.1,CIFAR10_alexnet_RS_accuracy_kp1000_seed123,123,4000,989,42,accuracy,100123,0.7711,4,0.672728625011444,5.556711994111538,10,0.672728625011444,valid,0.769617530865214,0.7738197667135052,0.7710999999999999,100123
RS,0.7855,535,535,random,CIFAR10,990,main_b1000_cifar10_alexnet_RS_kp10_seed123,0.1,0.767,False,0.1,alexnet,0.1,CIFAR10_alexnet_RS_accuracy_kp1000_seed123,123,4000,990,42,accuracy,100123,0.767,4,0.6715271026134491,5.595221176743507,10,0.6715271026134491,valid,0.7669526749017135,0.7719884198079187,0.767,100123
RS,0.7855,535,535,random,CIFAR10,991,main_b1000_cifar10_alexnet_RS_kp10_seed123,0.1,0.77,False,0.1,alexnet,0.1,CIFAR10_alexnet_RS_accuracy_kp1000_seed123,123,4000,991,42,accuracy,100123,0.77,4,0.6710270534515381,5.599941544234753,10,0.6710270534515381,valid,0.7709605593523199,0.7755222495588561,0.77,100123
RS,0.7855,535,535,random,CIFAR10,992,main_b1000_cifar10_alexnet_RS_kp10_seed123,0.1,0.7677,False,0.1,alexnet,0.1,CIFAR10_alexnet_RS_accuracy_kp1000_seed123,123,4000,992,42,accuracy,100123,0.7677,2,0.6714741458892822,5.586845085024834,10,0.6714741458892822,valid,0.7659776025363023,0.7704836852436945,0.7677,100123
RS,0.7855,535,535,random,CIFAR10,993,main_b1000_cifar10_alexnet_RS_kp10_seed123,0.1,0.7671,False,0.1,alexnet,0.1,CIFAR10_alexnet_RS_accuracy_kp1000_seed123,123,4000,993,42,accuracy,100123,0.7671,3,0.6658903808116913,5.599467597901821,10,0.6658903808116913,valid,0.7679225753171777,0.7763596706383018,0.7670999999999999,100123
RS,0.7855,535,535,random,CIFAR10,994,main_b1000_cifar10_alexnet_RS_kp10_seed123,0.1,0.7735,False,0.1,alexnet,0.1,CIFAR10_alexnet_RS_accuracy_kp1000_seed123,123,4000,994,42,accuracy,100123,0.7735,5,0.6721365601539612,5.637856885790825,10,0.6721365601539612,valid,0.7743345248950704,0.7777283932902929,0.7735000000000001,100123
RS,0.7855,535,535,random,CIFAR10,995,main_b1000_cifar10_alexnet_RS_kp10_seed123,0.1,0.7711,False,0.1,alexnet,0.1,CIFAR10_alexnet_RS_accuracy_kp1000_seed123,123,4000,995,42,accuracy,100123,0.7711,3,0.6649199187755584,5.630870409309864,10,0.6649199187755584,valid,0.7700594149347013,0.7772504695454909,0.7710999999999999,100123
RS,0.7855,535,535,random,CIFAR10,996,main_b1000_cifar10_alexnet_RS_kp10_seed123,0.1,0.7648,False,0.1,alexnet,0.1,CIFAR10_alexnet_RS_accuracy_kp1000_seed123,123,4000,996,42,accuracy,100123,0.7648,3,0.6752350026130677,5.642255254089832,10,0.6752350026130677,valid,0.7657743042073233,0.7708128039117665,0.7647999999999999,100123
RS,0.7855,535,535,random,CIFAR10,997,main_b1000_cifar10_alexnet_RS_kp10_seed123,0.1,0.7693,False,0.1,alexnet,0.1,CIFAR10_alexnet_RS_accuracy_kp1000_seed123,123,4000,997,42,accuracy,100123,0.7693,4,0.6735366827964783,5.633534789085388,10,0.6735366827964783,valid,0.768774709554881,0.7711708330956467,0.7693,100123
RS,0.7855,535,535,random,CIFAR10,998,main_b1000_cifar10_alexnet_RS_kp10_seed123,0.1,0.7701,False,0.1,alexnet,0.1,CIFAR10_alexnet_RS_accuracy_kp1000_seed123,123,4000,998,42,accuracy,100123,0.7701,3,0.6688491079330444,5.600499518215656,10,0.6688491079330444,valid,0.770128141490619,0.7722910595316994,0.7700999999999999,100123
RS,0.7855,535,535,random,CIFAR10,999,main_b1000_cifar10_alexnet_RS_kp10_seed123,0.1,0.7706,False,0.1,alexnet,0.1,CIFAR10_alexnet_RS_accuracy_kp1000_seed123,123,4000,999,42,accuracy,100123,0.7706,5,0.6734221695423126,5.59425226598978,10,0.6734221695423126,valid,0.7714476780235942,0.7754307459552344,0.7706,100123
RS,0.7855,535,535,random,CIFAR10,1000,main_b1000_cifar10_alexnet_RS_kp10_seed123,0.1,0.7649,False,0.1,alexnet,0.1,CIFAR10_alexnet_RS_accuracy_kp1000_seed123,123,4000,1000,42,accuracy,100123,0.7649,2,0.6648243729114532,5.623434528708458,10,0.6648243729114532,valid,0.7635337288228774,0.765353201173871,0.7649,100123
