Algorithm,Best Fitness,Best Found At Evaluation,Best Solution ID,Candidate Type,Crossover Hamming Parent 1,Crossover Hamming Parent 2,Dataset,Evaluation,Experiment Name,Final Percentage,Fitness,Generation,Improved Best,Initial Percentage,Model,Mutation Applied,Mutation Hamming Distance,Mutation Swaps,Offspring Number,Parent 1 Fitness,Parent 1 ID,Parent 1 Index,Parent 2 Fitness,Parent 2 ID,Parent 2 Index,Parent Hamming Distance,Population Slot,Requested Keep Percentage,Run ID,Search Seed,Selected Instances,Solution ID,Split Seed,Target Metric,Training Seed,accuracy,best_epoch,best_validation_loss,candidate_duration_seconds,epochs_trained,evaluation_loss,evaluation_split,f1,precision,recall,training_seed
GEN,0.7674,1,1,initial,,,CIFAR10,1,main_b1000_cifar10_alexnet_GEN_kp10_seed42,0.1,0.7674,0,True,0.1,alexnet,False,0,0,,,,,,,,,1,0.1,CIFAR10_alexnet_GEN_accuracy_kp1000_seed42,42,4000,1,42,accuracy,100042,0.7674,4,0.6571664136886597,6.240558832883835,10,0.6571664136886597,valid,0.7679688887208254,0.7722099256462458,0.7674,100042
GEN,0.7683,2,2,initial,,,CIFAR10,2,main_b1000_cifar10_alexnet_GEN_kp10_seed42,0.1,0.7683,0,True,0.1,alexnet,False,0,0,,,,,,,,,2,0.1,CIFAR10_alexnet_GEN_accuracy_kp1000_seed42,42,4000,2,42,accuracy,100042,0.7683,3,0.6705276638031006,5.621163062751293,10,0.6705276638031006,valid,0.7672856529337417,0.7692909441006928,0.7683,100042
GEN,0.7688,3,3,initial,,,CIFAR10,3,main_b1000_cifar10_alexnet_GEN_kp10_seed42,0.1,0.7688,0,True,0.1,alexnet,False,0,0,,,,,,,,,3,0.1,CIFAR10_alexnet_GEN_accuracy_kp1000_seed42,42,4000,3,42,accuracy,100042,0.7688,3,0.6594803457736969,5.627187505364418,10,0.6594803457736969,valid,0.7685957643182726,0.7709492308616024,0.7687999999999999,100042
GEN,0.7742,4,4,initial,,,CIFAR10,4,main_b1000_cifar10_alexnet_GEN_kp10_seed42,0.1,0.7742,0,True,0.1,alexnet,False,0,0,,,,,,,,,4,0.1,CIFAR10_alexnet_GEN_accuracy_kp1000_seed42,42,4000,4,42,accuracy,100042,0.7742,4,0.6623416124820709,5.514011986553669,10,0.6623416124820709,valid,0.7732248755317754,0.7782677263725604,0.7742,100042
GEN,0.7742,4,4,initial,,,CIFAR10,5,main_b1000_cifar10_alexnet_GEN_kp10_seed42,0.1,0.7694,0,False,0.1,alexnet,False,0,0,,,,,,,,,5,0.1,CIFAR10_alexnet_GEN_accuracy_kp1000_seed42,42,4000,5,42,accuracy,100042,0.7694,5,0.6713914436340332,5.612784795463085,10,0.6713914436340332,valid,0.7685654479625248,0.7717437790455326,0.7694,100042
GEN,0.7742,4,4,initial,,,CIFAR10,6,main_b1000_cifar10_alexnet_GEN_kp10_seed42,0.1,0.7682,0,False,0.1,alexnet,False,0,0,,,,,,,,,6,0.1,CIFAR10_alexnet_GEN_accuracy_kp1000_seed42,42,4000,6,42,accuracy,100042,0.7682,3,0.6671045210838318,5.519401974976063,10,0.6671045210838318,valid,0.7680366455938666,0.7696004624849387,0.7682,100042
GEN,0.7742,4,4,initial,,,CIFAR10,7,main_b1000_cifar10_alexnet_GEN_kp10_seed42,0.1,0.7716,0,False,0.1,alexnet,False,0,0,,,,,,,,,7,0.1,CIFAR10_alexnet_GEN_accuracy_kp1000_seed42,42,4000,7,42,accuracy,100042,0.7716,4,0.6609307138442994,5.628647305071354,10,0.6609307138442994,valid,0.771434608047688,0.7731769915324483,0.7716000000000001,100042
GEN,0.7753,8,8,initial,,,CIFAR10,8,main_b1000_cifar10_alexnet_GEN_kp10_seed42,0.1,0.7753,0,True,0.1,alexnet,False,0,0,,,,,,,,,8,0.1,CIFAR10_alexnet_GEN_accuracy_kp1000_seed42,42,4000,8,42,accuracy,100042,0.7753,5,0.6666222560405731,5.52557997405529,10,0.6666222560405731,valid,0.7751204316831107,0.7803111191873048,0.7753,100042
GEN,0.7753,8,8,initial,,,CIFAR10,9,main_b1000_cifar10_alexnet_GEN_kp10_seed42,0.1,0.7674,0,False,0.1,alexnet,False,0,0,,,,,,,,,9,0.1,CIFAR10_alexnet_GEN_accuracy_kp1000_seed42,42,4000,9,42,accuracy,100042,0.7674,3,0.6697079975128174,5.634948492050171,10,0.6697079975128174,valid,0.7665195011387531,0.7725841036583349,0.7674000000000001,100042
GEN,0.7815,10,10,initial,,,CIFAR10,10,main_b1000_cifar10_alexnet_GEN_kp10_seed42,0.1,0.7815,0,True,0.1,alexnet,False,0,0,,,,,,,,,10,0.1,CIFAR10_alexnet_GEN_accuracy_kp1000_seed42,42,4000,10,42,accuracy,100042,0.7815,4,0.6612616829872131,5.5521568059921265,10,0.6612616829872131,valid,0.7815689385154211,0.7827326274895205,0.7815000000000001,100042
GEN,0.7815,10,10,offspring,3576,3636,CIFAR10,11,main_b1000_cifar10_alexnet_GEN_kp10_seed42,0.1,0.77,1,False,0.1,alexnet,False,0,0,1,0.7742,4,4,0.7815,10,10,7212,2,0.1,CIFAR10_alexnet_GEN_accuracy_kp1000_seed42,42,4000,11,42,accuracy,100042,0.77,3,0.6562807695388794,5.489410564303398,10,0.6562807695388794,valid,0.7708531180296109,0.7754253024179544,0.77,100042
GEN,0.7815,10,10,offspring,3636,3576,CIFAR10,12,main_b1000_cifar10_alexnet_GEN_kp10_seed42,0.1,0.775,1,False,0.1,alexnet,False,0,0,2,0.7742,4,4,0.7815,10,10,7212,3,0.1,CIFAR10_alexnet_GEN_accuracy_kp1000_seed42,42,4000,12,42,accuracy,100042,0.775,4,0.6679511399269104,5.5945665538311005,10,0.6679511399269104,valid,0.774527420009697,0.7776877632960165,0.775,100042
GEN,0.7815,10,10,offspring,3570,3660,CIFAR10,13,main_b1000_cifar10_alexnet_GEN_kp10_seed42,0.1,0.7737,1,False,0.1,alexnet,False,0,0,1,0.7815,10,10,0.7682,6,6,7230,4,0.1,CIFAR10_alexnet_GEN_accuracy_kp1000_seed42,42,4000,13,42,accuracy,100042,0.7737,4,0.6671682257175445,5.543815426528454,10,0.6671682257175445,valid,0.773937900554995,0.7796936580525415,0.7737,100042
GEN,0.7815,10,10,offspring,3660,3570,CIFAR10,14,main_b1000_cifar10_alexnet_GEN_kp10_seed42,0.1,0.7764,1,False,0.1,alexnet,True,400,200,2,0.7815,10,10,0.7682,6,6,7230,5,0.1,CIFAR10_alexnet_GEN_accuracy_kp1000_seed42,42,4000,14,42,accuracy,100042,0.7764,5,0.6617667853355408,5.5093225091695786,10,0.6617667853355408,valid,0.7758327977462938,0.7766429346617285,0.7764,100042
GEN,0.7815,10,10,offspring,3594,3588,CIFAR10,15,main_b1000_cifar10_alexnet_GEN_kp10_seed42,0.1,0.7739,1,False,0.1,alexnet,False,0,0,1,0.7716,7,7,0.7742,4,4,7182,6,0.1,CIFAR10_alexnet_GEN_accuracy_kp1000_seed42,42,4000,15,42,accuracy,100042,0.7739,5,0.6786037562847137,5.534754231572151,10,0.6786037562847137,valid,0.7733630389033412,0.7745740131003975,0.7739,100042
GEN,0.7815,10,10,offspring,3588,3594,CIFAR10,16,main_b1000_cifar10_alexnet_GEN_kp10_seed42,0.1,0.7753,1,False,0.1,alexnet,False,0,0,2,0.7716,7,7,0.7742,4,4,7182,7,0.1,CIFAR10_alexnet_GEN_accuracy_kp1000_seed42,42,4000,16,42,accuracy,100042,0.7753,5,0.6624794408798218,5.4965783804655075,10,0.6624794408798218,valid,0.7746330499875269,0.7769595832228103,0.7753,100042
GEN,0.7815,10,10,offspring,3682,3600,CIFAR10,17,main_b1000_cifar10_alexnet_GEN_kp10_seed42,0.1,0.7725,1,False,0.1,alexnet,False,0,0,1,0.7815,10,10,0.7753,8,8,7282,8,0.1,CIFAR10_alexnet_GEN_accuracy_kp1000_seed42,42,4000,17,42,accuracy,100042,0.7725,4,0.6661963431358338,5.575430370867252,10,0.6661963431358338,valid,0.7730955715475287,0.7765249821013562,0.7725,100042
GEN,0.7815,10,10,offspring,3600,3682,CIFAR10,18,main_b1000_cifar10_alexnet_GEN_kp10_seed42,0.1,0.7707,1,False,0.1,alexnet,False,0,0,2,0.7815,10,10,0.7753,8,8,7282,9,0.1,CIFAR10_alexnet_GEN_accuracy_kp1000_seed42,42,4000,18,42,accuracy,100042,0.7707,2,0.6576016107559204,5.587406948208809,10,0.6576016107559204,valid,0.7709654198572513,0.7732556118956454,0.7706999999999999,100042
GEN,0.7815,10,10,offspring,3514,3676,CIFAR10,19,main_b1000_cifar10_alexnet_GEN_kp10_seed42,0.1,0.7721,1,False,0.1,alexnet,False,0,0,1,0.7694,5,5,0.7753,8,8,7190,10,0.1,CIFAR10_alexnet_GEN_accuracy_kp1000_seed42,42,4000,19,42,accuracy,100042,0.7721,4,0.6631939973831177,5.570426680147648,10,0.6631939973831177,valid,0.769872483899236,0.7726481765543532,0.7721,100042
GEN,0.7815,10,10,offspring,3628,3622,CIFAR10,20,main_b1000_cifar10_alexnet_GEN_kp10_seed42,0.1,0.7669,2,False,0.1,alexnet,False,0,0,1,0.7764,14,5,0.7753,16,7,7250,2,0.1,CIFAR10_alexnet_GEN_accuracy_kp1000_seed42,42,4000,20,42,accuracy,100042,0.7669,3,0.657135401391983,5.5066079795360565,10,0.657135401391983,valid,0.7690072568061098,0.7746662522084933,0.7669,100042
GEN,0.7815,10,10,offspring,3622,3628,CIFAR10,21,main_b1000_cifar10_alexnet_GEN_kp10_seed42,0.1,0.7795,2,False,0.1,alexnet,False,0,0,2,0.7764,14,5,0.7753,16,7,7250,3,0.1,CIFAR10_alexnet_GEN_accuracy_kp1000_seed42,42,4000,21,42,accuracy,100042,0.7795,4,0.6435644677639007,5.508555114269257,10,0.6435644677639007,valid,0.7796494982936389,0.7832849135241261,0.7795,100042
GEN,0.7815,10,10,offspring,3654,3596,CIFAR10,22,main_b1000_cifar10_alexnet_GEN_kp10_seed42,0.1,0.7723,2,False,0.1,alexnet,False,0,0,1,0.7764,14,5,0.7753,16,7,7250,4,0.1,CIFAR10_alexnet_GEN_accuracy_kp1000_seed42,42,4000,22,42,accuracy,100042,0.7723,3,0.6523792626857757,5.529165022075176,10,0.6523792626857757,valid,0.7722457387143173,0.7774990570000485,0.7723,100042
GEN,0.7815,10,10,offspring,3596,3654,CIFAR10,23,main_b1000_cifar10_alexnet_GEN_kp10_seed42,0.1,0.7717,2,False,0.1,alexnet,False,0,0,2,0.7764,14,5,0.7753,16,7,7250,5,0.1,CIFAR10_alexnet_GEN_accuracy_kp1000_seed42,42,4000,23,42,accuracy,100042,0.7717,5,0.6732675486564637,5.52893840521574,10,0.6732675486564637,valid,0.771376324308826,0.7748220660919062,0.7716999999999998,100042
GEN,0.7815,10,10,offspring,1774,1802,CIFAR10,24,main_b1000_cifar10_alexnet_GEN_kp10_seed42,0.1,0.7773,2,False,0.1,alexnet,False,0,0,1,0.775,12,3,0.7815,10,1,3576,6,0.1,CIFAR10_alexnet_GEN_accuracy_kp1000_seed42,42,4000,24,42,accuracy,100042,0.7773,4,0.6580872740745545,5.538927875459194,10,0.6580872740745545,valid,0.7781298062122047,0.7811342559224603,0.7773,100042
GEN,0.7815,10,10,offspring,1802,1774,CIFAR10,25,main_b1000_cifar10_alexnet_GEN_kp10_seed42,0.1,0.7719,2,False,0.1,alexnet,False,0,0,2,0.775,12,3,0.7815,10,1,3576,7,0.1,CIFAR10_alexnet_GEN_accuracy_kp1000_seed42,42,4000,25,42,accuracy,100042,0.7719,3,0.6670925337314606,5.495761051774025,10,0.6670925337314606,valid,0.7720760652293619,0.7766488083512082,0.7719,100042
GEN,0.7815,10,10,offspring,3618,3564,CIFAR10,26,main_b1000_cifar10_alexnet_GEN_kp10_seed42,0.1,0.7743,2,False,0.1,alexnet,False,0,0,1,0.7753,16,7,0.7739,15,6,7182,8,0.1,CIFAR10_alexnet_GEN_accuracy_kp1000_seed42,42,4000,26,42,accuracy,100042,0.7743,6,0.6677045663356781,5.517203003168106,10,0.6677045663356781,valid,0.7743923580494438,0.776175353342752,0.7743,100042
GEN,0.7815,10,10,offspring,3564,3618,CIFAR10,27,main_b1000_cifar10_alexnet_GEN_kp10_seed42,0.1,0.7729,2,False,0.1,alexnet,True,400,200,2,0.7753,16,7,0.7739,15,6,7182,9,0.1,CIFAR10_alexnet_GEN_accuracy_kp1000_seed42,42,4000,27,42,accuracy,100042,0.7729,3,0.6475530881881714,5.511909380555153,10,0.6475530881881714,valid,0.7718622896294138,0.7730953781438135,0.7728999999999999,100042
GEN,0.7815,10,10,offspring,3606,3660,CIFAR10,28,main_b1000_cifar10_alexnet_GEN_kp10_seed42,0.1,0.7666,2,False,0.1,alexnet,True,400,200,1,0.7815,10,1,0.7753,16,7,7266,10,0.1,CIFAR10_alexnet_GEN_accuracy_kp1000_seed42,42,4000,28,42,accuracy,100042,0.7666,2,0.6603993746757507,5.513135232031345,10,0.6603993746757507,valid,0.7674438947745694,0.771634030904666,0.7666000000000001,100042
GEN,0.7815,10,10,offspring,2676,2826,CIFAR10,29,main_b1000_cifar10_alexnet_GEN_kp10_seed42,0.1,0.7667,3,False,0.1,alexnet,True,400,200,1,0.7795,21,3,0.7719,25,7,5502,2,0.1,CIFAR10_alexnet_GEN_accuracy_kp1000_seed42,42,4000,29,42,accuracy,100042,0.7667,2,0.6611742963314057,5.552643172442913,10,0.6611742963314057,valid,0.76824376069458,0.7764364934384653,0.7666999999999999,100042
GEN,0.7815,10,10,offspring,2826,2676,CIFAR10,30,main_b1000_cifar10_alexnet_GEN_kp10_seed42,0.1,0.7705,3,False,0.1,alexnet,False,0,0,2,0.7795,21,3,0.7719,25,7,5502,3,0.1,CIFAR10_alexnet_GEN_accuracy_kp1000_seed42,42,4000,30,42,accuracy,100042,0.7705,5,0.676499734210968,5.560635216534138,10,0.676499734210968,valid,0.7701962285614359,0.7730448547173563,0.7705,100042
GEN,0.7815,10,10,offspring,2728,2782,CIFAR10,31,main_b1000_cifar10_alexnet_GEN_kp10_seed42,0.1,0.7696,3,False,0.1,alexnet,False,0,0,1,0.7795,21,3,0.7815,10,1,5510,4,0.1,CIFAR10_alexnet_GEN_accuracy_kp1000_seed42,42,4000,31,42,accuracy,100042,0.7696,3,0.6655468427658081,5.51033878326416,10,0.6655468427658081,valid,0.7681546095458571,0.769468296846656,0.7696,100042
GEN,0.7815,10,10,offspring,2782,2728,CIFAR10,32,main_b1000_cifar10_alexnet_GEN_kp10_seed42,0.1,0.7758,3,False,0.1,alexnet,False,0,0,2,0.7795,21,3,0.7815,10,1,5510,5,0.1,CIFAR10_alexnet_GEN_accuracy_kp1000_seed42,42,4000,32,42,accuracy,100042,0.7758,5,0.6631530153274536,5.500139690935612,10,0.6631530153274536,valid,0.7749157494685127,0.7789112683593161,0.7757999999999999,100042
GEN,0.7815,10,10,offspring,1718,1824,CIFAR10,33,main_b1000_cifar10_alexnet_GEN_kp10_seed42,0.1,0.7739,3,False,0.1,alexnet,False,0,0,1,0.7795,21,3,0.7723,22,4,3542,6,0.1,CIFAR10_alexnet_GEN_accuracy_kp1000_seed42,42,4000,33,42,accuracy,100042,0.7739,4,0.6560839391708374,5.516077384352684,10,0.6560839391708374,valid,0.774335831616162,0.7799656464794997,0.7738999999999999,100042
GEN,0.7815,10,10,offspring,1824,1718,CIFAR10,34,main_b1000_cifar10_alexnet_GEN_kp10_seed42,0.1,0.7712,3,False,0.1,alexnet,False,0,0,2,0.7795,21,3,0.7723,22,4,3542,7,0.1,CIFAR10_alexnet_GEN_accuracy_kp1000_seed42,42,4000,34,42,accuracy,100042,0.7712,4,0.6572207126617432,5.504877388477325,10,0.6572207126617432,valid,0.7718264036027832,0.7801719054829397,0.7712000000000001,100042
GEN,0.7815,10,10,offspring,2834,2674,CIFAR10,35,main_b1000_cifar10_alexnet_GEN_kp10_seed42,0.1,0.7723,3,False,0.1,alexnet,False,0,0,1,0.7773,24,6,0.7723,22,4,5508,8,0.1,CIFAR10_alexnet_GEN_accuracy_kp1000_seed42,42,4000,35,42,accuracy,100042,0.7723,3,0.6582326272964477,5.5393432676792145,10,0.6582326272964477,valid,0.7728139923517211,0.7782229559329826,0.7723,100042
GEN,0.7815,10,10,offspring,2674,2834,CIFAR10,36,main_b1000_cifar10_alexnet_GEN_kp10_seed42,0.1,0.765,3,False,0.1,alexnet,True,400,200,2,0.7773,24,6,0.7723,22,4,5508,9,0.1,CIFAR10_alexnet_GEN_accuracy_kp1000_seed42,42,4000,36,42,accuracy,100042,0.765,3,0.6771068253517151,5.562644369900227,10,0.6771068253517151,valid,0.7664211528938786,0.7738531828940043,0.765,100042
GEN,0.7815,10,10,offspring,3540,3652,CIFAR10,37,main_b1000_cifar10_alexnet_GEN_kp10_seed42,0.1,0.7628,3,False,0.1,alexnet,False,0,0,1,0.7815,10,1,0.7743,26,8,7192,10,0.1,CIFAR10_alexnet_GEN_accuracy_kp1000_seed42,42,4000,37,42,accuracy,100042,0.7628,2,0.6834711324214935,5.576383888721466,10,0.6834711324214935,valid,0.7606869298025443,0.7654843981952297,0.7628,100042
GEN,0.7815,10,10,offspring,2030,1990,CIFAR10,38,main_b1000_cifar10_alexnet_GEN_kp10_seed42,0.1,0.7767,4,False,0.1,alexnet,False,0,0,1,0.7696,31,4,0.7723,35,8,4020,2,0.1,CIFAR10_alexnet_GEN_accuracy_kp1000_seed42,42,4000,38,42,accuracy,100042,0.7767,6,0.6637652227878571,5.51164998114109,10,0.6637652227878571,valid,0.7771898245974365,0.7799579227427589,0.7767,100042
GEN,0.7815,10,10,offspring,1990,2030,CIFAR10,39,main_b1000_cifar10_alexnet_GEN_kp10_seed42,0.1,0.7697,4,False,0.1,alexnet,False,0,0,2,0.7696,31,4,0.7723,35,8,4020,3,0.1,CIFAR10_alexnet_GEN_accuracy_kp1000_seed42,42,4000,39,42,accuracy,100042,0.7697,2,0.6521823391914368,5.532512426376343,10,0.6521823391914368,valid,0.7704425404803141,0.7751546177983585,0.7697,100042
GEN,0.7815,10,10,offspring,1800,1806,CIFAR10,40,main_b1000_cifar10_alexnet_GEN_kp10_seed42,0.1,0.7695,4,False,0.1,alexnet,False,0,0,1,0.7723,35,8,0.7739,33,6,3606,4,0.1,CIFAR10_alexnet_GEN_accuracy_kp1000_seed42,42,4000,40,42,accuracy,100042,0.7695,3,0.661859234714508,5.576056554913521,10,0.661859234714508,valid,0.7706297519001611,0.7773919876138419,0.7695000000000001,100042
GEN,0.7815,10,10,offspring,1806,1800,CIFAR10,41,main_b1000_cifar10_alexnet_GEN_kp10_seed42,0.1,0.7788,4,False,0.1,alexnet,False,0,0,2,0.7723,35,8,0.7739,33,6,3606,5,0.1,CIFAR10_alexnet_GEN_accuracy_kp1000_seed42,42,4000,41,42,accuracy,100042,0.7788,5,0.6534942537784576,5.496327988803387,10,0.6534942537784576,valid,0.7781036241599613,0.7788228317017958,0.7787999999999999,100042
GEN,0.7815,10,10,offspring,2300,2254,CIFAR10,42,main_b1000_cifar10_alexnet_GEN_kp10_seed42,0.1,0.7731,4,False,0.1,alexnet,False,0,0,1,0.7723,35,8,0.7705,30,3,4554,6,0.1,CIFAR10_alexnet_GEN_accuracy_kp1000_seed42,42,4000,42,42,accuracy,100042,0.7731,3,0.6528276445388794,5.525901265442371,10,0.6528276445388794,valid,0.7722366173581096,0.7766108305399426,0.7731,100042
GEN,0.7815,10,10,offspring,2254,2300,CIFAR10,43,main_b1000_cifar10_alexnet_GEN_kp10_seed42,0.1,0.7604,4,False,0.1,alexnet,False,0,0,2,0.7723,35,8,0.7705,30,3,4554,7,0.1,CIFAR10_alexnet_GEN_accuracy_kp1000_seed42,42,4000,43,42,accuracy,100042,0.7604,2,0.6859400413990021,5.568027146160603,10,0.6859400413990021,valid,0.7599885565401496,0.768439096813694,0.7604,100042
GEN,0.7815,10,10,offspring,1782,1844,CIFAR10,44,main_b1000_cifar10_alexnet_GEN_kp10_seed42,0.1,0.7773,4,False,0.1,alexnet,False,0,0,1,0.7739,33,6,0.7696,31,4,3626,8,0.1,CIFAR10_alexnet_GEN_accuracy_kp1000_seed42,42,4000,44,42,accuracy,100042,0.7773,5,0.6621531974792481,5.585281632840633,10,0.6621531974792481,valid,0.7771282978489487,0.7796995046561603,0.7773000000000001,100042
GEN,0.7815,10,10,offspring,1844,1782,CIFAR10,45,main_b1000_cifar10_alexnet_GEN_kp10_seed42,0.1,0.7658,4,False,0.1,alexnet,False,0,0,2,0.7739,33,6,0.7696,31,4,3626,9,0.1,CIFAR10_alexnet_GEN_accuracy_kp1000_seed42,42,4000,45,42,accuracy,100042,0.7658,2,0.6644609889030456,5.560126043856144,10,0.6644609889030456,valid,0.7645562161392038,0.7662603619217971,0.7658,100042
GEN,0.7815,10,10,offspring,2288,2334,CIFAR10,46,main_b1000_cifar10_alexnet_GEN_kp10_seed42,0.1,0.7761,4,False,0.1,alexnet,False,0,0,1,0.7667,29,2,0.7723,35,8,4622,10,0.1,CIFAR10_alexnet_GEN_accuracy_kp1000_seed42,42,4000,46,42,accuracy,100042,0.7761,5,0.669423544883728,5.523271054029465,10,0.669423544883728,valid,0.7763903459447267,0.7790813846381214,0.7761,100042
GEN,0.7821,47,47,offspring,1836,1862,CIFAR10,47,main_b1000_cifar10_alexnet_GEN_kp10_seed42,0.1,0.7821,5,True,0.1,alexnet,False,0,0,1,0.7761,46,10,0.7773,44,8,3698,2,0.1,CIFAR10_alexnet_GEN_accuracy_kp1000_seed42,42,4000,47,42,accuracy,100042,0.7821,5,0.6536065199375153,5.4764259532094,10,0.6536065199375153,valid,0.7815581511372447,0.7832097423151501,0.7821,100042
GEN,0.7821,47,47,offspring,1862,1836,CIFAR10,48,main_b1000_cifar10_alexnet_GEN_kp10_seed42,0.1,0.7711,5,False,0.1,alexnet,False,0,0,2,0.7761,46,10,0.7773,44,8,3698,3,0.1,CIFAR10_alexnet_GEN_accuracy_kp1000_seed42,42,4000,48,42,accuracy,100042,0.7711,4,0.6682442982673645,5.47370471060276,10,0.6682442982673645,valid,0.7710193451782057,0.7752667390201446,0.7711,100042
GEN,0.7821,47,47,offspring,1884,1932,CIFAR10,49,main_b1000_cifar10_alexnet_GEN_kp10_seed42,0.1,0.7799,5,False,0.1,alexnet,False,0,0,1,0.7761,46,10,0.7815,10,1,3816,4,0.1,CIFAR10_alexnet_GEN_accuracy_kp1000_seed42,42,4000,49,42,accuracy,100042,0.7799,5,0.6592903710842133,5.481140203773975,10,0.6592903710842133,valid,0.7797651722186798,0.7806135865981304,0.7798999999999998,100042
GEN,0.7821,47,47,offspring,1932,1884,CIFAR10,50,main_b1000_cifar10_alexnet_GEN_kp10_seed42,0.1,0.7729,5,False,0.1,alexnet,False,0,0,2,0.7761,46,10,0.7815,10,1,3816,5,0.1,CIFAR10_alexnet_GEN_accuracy_kp1000_seed42,42,4000,50,42,accuracy,100042,0.7729,3,0.6698627984523773,5.478090912103653,10,0.6698627984523773,valid,0.7718588106156901,0.7757596173791316,0.7729000000000001,100042
GEN,0.7821,47,47,offspring,1908,1790,CIFAR10,51,main_b1000_cifar10_alexnet_GEN_kp10_seed42,0.1,0.7683,5,False,0.1,alexnet,False,0,0,1,0.7773,44,8,0.7761,46,10,3698,6,0.1,CIFAR10_alexnet_GEN_accuracy_kp1000_seed42,42,4000,51,42,accuracy,100042,0.7683,2,0.6600739780902862,5.518299624323845,10,0.6600739780902862,valid,0.7685774337536626,0.7731743098512421,0.7683,100042
GEN,0.7821,47,47,offspring,1790,1908,CIFAR10,52,main_b1000_cifar10_alexnet_GEN_kp10_seed42,0.1,0.7717,5,False,0.1,alexnet,False,0,0,2,0.7773,44,8,0.7761,46,10,3698,7,0.1,CIFAR10_alexnet_GEN_accuracy_kp1000_seed42,42,4000,52,42,accuracy,100042,0.7717,4,0.6776829647541046,5.564234904944897,10,0.6776829647541046,valid,0.7734210724476005,0.7817832659592849,0.7717,100042
GEN,0.7821,47,47,offspring,1514,1474,CIFAR10,53,main_b1000_cifar10_alexnet_GEN_kp10_seed42,0.1,0.7742,5,False,0.1,alexnet,False,0,0,1,0.7761,46,10,0.7788,41,5,2988,8,0.1,CIFAR10_alexnet_GEN_accuracy_kp1000_seed42,42,4000,53,42,accuracy,100042,0.7742,4,0.670742916059494,5.710096791386604,10,0.670742916059494,valid,0.7753321563212665,0.7798900205105006,0.7741999999999999,100042
GEN,0.7821,47,47,offspring,1474,1514,CIFAR10,54,main_b1000_cifar10_alexnet_GEN_kp10_seed42,0.1,0.7739,5,False,0.1,alexnet,False,0,0,2,0.7761,46,10,0.7788,41,5,2988,9,0.1,CIFAR10_alexnet_GEN_accuracy_kp1000_seed42,42,4000,54,42,accuracy,100042,0.7739,5,0.6683843705177307,5.49572529643774,10,0.6683843705177307,valid,0.7740352676578626,0.7769458805823717,0.7739,100042
GEN,0.7821,47,47,offspring,1386,1374,CIFAR10,55,main_b1000_cifar10_alexnet_GEN_kp10_seed42,0.1,0.782,5,False,0.1,alexnet,False,0,0,1,0.7788,41,5,0.7773,44,8,2760,10,0.1,CIFAR10_alexnet_GEN_accuracy_kp1000_seed42,42,4000,55,42,accuracy,100042,0.782,3,0.6423754589557648,5.537063039839268,10,0.6423754589557648,valid,0.7813138687802038,0.7840433516777293,0.782,100042
GEN,0.7821,47,47,offspring,2116,2068,CIFAR10,56,main_b1000_cifar10_alexnet_GEN_kp10_seed42,0.1,0.7773,6,False,0.1,alexnet,False,0,0,1,0.7742,53,8,0.7815,10,1,4184,2,0.1,CIFAR10_alexnet_GEN_accuracy_kp1000_seed42,42,4000,56,42,accuracy,100042,0.7773,5,0.6773369668960572,5.520997546613216,10,0.6773369668960572,valid,0.7775129543258437,0.7808279076264284,0.7773000000000001,100042
GEN,0.7821,47,47,offspring,2068,2116,CIFAR10,57,main_b1000_cifar10_alexnet_GEN_kp10_seed42,0.1,0.7708,6,False,0.1,alexnet,False,0,0,2,0.7742,53,8,0.7815,10,1,4184,3,0.1,CIFAR10_alexnet_GEN_accuracy_kp1000_seed42,42,4000,57,42,accuracy,100042,0.7708,4,0.66399100856781,5.48822346329689,10,0.66399100856781,valid,0.7715461945561752,0.7796532751730771,0.7707999999999999,100042
GEN,0.7821,47,47,offspring,2254,2126,CIFAR10,58,main_b1000_cifar10_alexnet_GEN_kp10_seed42,0.1,0.7593,6,False,0.1,alexnet,False,0,0,1,0.7815,10,1,0.782,55,10,4380,4,0.1,CIFAR10_alexnet_GEN_accuracy_kp1000_seed42,42,4000,58,42,accuracy,100042,0.7593,2,0.690466364479065,5.468594923615456,10,0.690466364479065,valid,0.760664410250492,0.7703192060131783,0.7593,100042
GEN,0.7842,59,59,offspring,2126,2254,CIFAR10,59,main_b1000_cifar10_alexnet_GEN_kp10_seed42,0.1,0.7842,6,True,0.1,alexnet,False,0,0,2,0.7815,10,1,0.782,55,10,4380,5,0.1,CIFAR10_alexnet_GEN_accuracy_kp1000_seed42,42,4000,59,42,accuracy,100042,0.7842,4,0.6484936922073364,5.492841549217701,10,0.6484936922073364,valid,0.7848364112053037,0.7878455687469679,0.7842,100042
GEN,0.7842,59,59,offspring,1428,1472,CIFAR10,60,main_b1000_cifar10_alexnet_GEN_kp10_seed42,0.1,0.7758,6,False,0.1,alexnet,False,0,0,1,0.7821,47,2,0.7799,49,4,2900,6,0.1,CIFAR10_alexnet_GEN_accuracy_kp1000_seed42,42,4000,60,42,accuracy,100042,0.7758,3,0.6579524851322174,5.491454862058163,10,0.6579524851322174,valid,0.775568374164249,0.7767391772446699,0.7758,100042
GEN,0.7842,59,59,offspring,1472,1428,CIFAR10,61,main_b1000_cifar10_alexnet_GEN_kp10_seed42,0.1,0.7679,6,False,0.1,alexnet,False,0,0,2,0.7821,47,2,0.7799,49,4,2900,7,0.1,CIFAR10_alexnet_GEN_accuracy_kp1000_seed42,42,4000,61,42,accuracy,100042,0.7679,2,0.6726683544635773,5.528259448707104,10,0.6726683544635773,valid,0.7681074771166367,0.7710839716815322,0.7679,100042
GEN,0.7842,59,59,offspring,1454,1446,CIFAR10,62,main_b1000_cifar10_alexnet_GEN_kp10_seed42,0.1,0.7766,6,False,0.1,alexnet,False,0,0,1,0.7799,49,4,0.7821,47,2,2900,8,0.1,CIFAR10_alexnet_GEN_accuracy_kp1000_seed42,42,4000,62,42,accuracy,100042,0.7766,3,0.6640837740898132,5.522945210337639,10,0.6640837740898132,valid,0.7753294058311885,0.7801031045871256,0.7766,100042
GEN,0.7842,59,59,offspring,1446,1454,CIFAR10,63,main_b1000_cifar10_alexnet_GEN_kp10_seed42,0.1,0.7679,6,False,0.1,alexnet,False,0,0,2,0.7799,49,4,0.7821,47,2,2900,9,0.1,CIFAR10_alexnet_GEN_accuracy_kp1000_seed42,42,4000,63,42,accuracy,100042,0.7679,3,0.6765367568016052,5.5279325023293495,10,0.6765367568016052,valid,0.765275609083651,0.7724409249387256,0.7679,100042
GEN,0.7842,59,59,offspring,1472,1428,CIFAR10,64,main_b1000_cifar10_alexnet_GEN_kp10_seed42,0.1,0.7784,6,False,0.1,alexnet,False,0,0,1,0.7799,49,4,0.7821,47,2,2900,10,0.1,CIFAR10_alexnet_GEN_accuracy_kp1000_seed42,42,4000,64,42,accuracy,100042,0.7784,4,0.6659425682544708,5.558482840657234,10,0.6659425682544708,valid,0.7790169880943615,0.7825731780763237,0.7784000000000001,100042
GEN,0.7842,59,59,offspring,700,728,CIFAR10,65,main_b1000_cifar10_alexnet_GEN_kp10_seed42,0.1,0.765,7,False,0.1,alexnet,False,0,0,1,0.7784,64,10,0.7821,47,1,1428,2,0.1,CIFAR10_alexnet_GEN_accuracy_kp1000_seed42,42,4000,65,42,accuracy,100042,0.765,2,0.6640338285923004,5.493930801749229,10,0.6640338285923004,valid,0.7643765790543597,0.7678100971155388,0.765,100042
GEN,0.7842,59,59,offspring,728,700,CIFAR10,66,main_b1000_cifar10_alexnet_GEN_kp10_seed42,0.1,0.7742,7,False,0.1,alexnet,False,0,0,2,0.7784,64,10,0.7821,47,1,1428,3,0.1,CIFAR10_alexnet_GEN_accuracy_kp1000_seed42,42,4000,66,42,accuracy,100042,0.7742,3,0.6496532883167266,5.512014642357826,10,0.6496532883167266,valid,0.7752354294700183,0.780498158028841,0.7742,100042
GEN,0.7842,59,59,offspring,720,726,CIFAR10,67,main_b1000_cifar10_alexnet_GEN_kp10_seed42,0.1,0.7819,7,False,0.1,alexnet,False,0,0,1,0.7821,47,1,0.7766,62,8,1446,4,0.1,CIFAR10_alexnet_GEN_accuracy_kp1000_seed42,42,4000,67,42,accuracy,100042,0.7819,5,0.6621332796096802,5.509108394384384,10,0.6621332796096802,valid,0.7817506744807969,0.7836361322694032,0.7819,100042
GEN,0.7842,59,59,offspring,726,720,CIFAR10,68,main_b1000_cifar10_alexnet_GEN_kp10_seed42,0.1,0.7791,7,False,0.1,alexnet,False,0,0,2,0.7821,47,1,0.7766,62,8,1446,5,0.1,CIFAR10_alexnet_GEN_accuracy_kp1000_seed42,42,4000,68,42,accuracy,100042,0.7791,3,0.6556685521602631,5.505311109125614,10,0.6556685521602631,valid,0.7800507437408516,0.7840923797465674,0.7790999999999999,100042
GEN,0.7842,59,59,offspring,710,718,CIFAR10,69,main_b1000_cifar10_alexnet_GEN_kp10_seed42,0.1,0.7776,7,False,0.1,alexnet,False,0,0,1,0.7821,47,1,0.7784,64,10,1428,6,0.1,CIFAR10_alexnet_GEN_accuracy_kp1000_seed42,42,4000,69,42,accuracy,100042,0.7776,3,0.65813538107872,5.496757388114929,10,0.65813538107872,valid,0.7777006066047465,0.7804230513926214,0.7775999999999998,100042
GEN,0.7842,59,59,offspring,718,710,CIFAR10,70,main_b1000_cifar10_alexnet_GEN_kp10_seed42,0.1,0.7785,7,False,0.1,alexnet,False,0,0,2,0.7821,47,1,0.7784,64,10,1428,7,0.1,CIFAR10_alexnet_GEN_accuracy_kp1000_seed42,42,4000,70,42,accuracy,100042,0.7785,4,0.6564150763988494,5.490565367043018,10,0.6564150763988494,valid,0.778768802858472,0.781006752567247,0.7785,100042
GEN,0.7842,59,59,offspring,1660,1584,CIFAR10,71,main_b1000_cifar10_alexnet_GEN_kp10_seed42,0.1,0.7776,7,False,0.1,alexnet,False,0,0,1,0.7842,59,5,0.7821,47,1,3244,8,0.1,CIFAR10_alexnet_GEN_accuracy_kp1000_seed42,42,4000,71,42,accuracy,100042,0.7776,4,0.6573529725551606,5.546577543020248,10,0.6573529725551606,valid,0.7783877201960641,0.7810977122770628,0.7776,100042
GEN,0.7842,59,59,offspring,1584,1660,CIFAR10,72,main_b1000_cifar10_alexnet_GEN_kp10_seed42,0.1,0.7828,7,False,0.1,alexnet,False,0,0,2,0.7842,59,5,0.7821,47,1,3244,9,0.1,CIFAR10_alexnet_GEN_accuracy_kp1000_seed42,42,4000,72,42,accuracy,100042,0.7828,4,0.6520049275398254,5.537263713777065,10,0.6520049275398254,valid,0.7822920380117507,0.7836036570177088,0.7828,100042
GEN,0.7842,59,59,offspring,730,718,CIFAR10,73,main_b1000_cifar10_alexnet_GEN_kp10_seed42,0.1,0.7714,7,False,0.1,alexnet,False,0,0,1,0.7679,63,9,0.7784,64,10,1448,10,0.1,CIFAR10_alexnet_GEN_accuracy_kp1000_seed42,42,4000,73,42,accuracy,100042,0.7714,3,0.6694977271556855,5.53002393245697,10,0.6694977271556855,valid,0.7710093478335238,0.779743339299372,0.7714000000000001,100042
GEN,0.7842,59,59,offspring,980,982,CIFAR10,74,main_b1000_cifar10_alexnet_GEN_kp10_seed42,0.1,0.7842,8,False,0.1,alexnet,True,400,200,1,0.7828,72,9,0.7819,67,4,1962,2,0.1,CIFAR10_alexnet_GEN_accuracy_kp1000_seed42,42,4000,74,42,accuracy,100042,0.7842,6,0.656132901096344,5.539316341280937,10,0.656132901096344,valid,0.7843511531219077,0.7857075337598017,0.7842,100042
GEN,0.7842,59,59,offspring,982,980,CIFAR10,75,main_b1000_cifar10_alexnet_GEN_kp10_seed42,0.1,0.7736,8,False,0.1,alexnet,False,0,0,2,0.7828,72,9,0.7819,67,4,1962,3,0.1,CIFAR10_alexnet_GEN_accuracy_kp1000_seed42,42,4000,75,42,accuracy,100042,0.7736,3,0.6538923906803131,5.525129981338978,10,0.6538923906803131,valid,0.7734887941463053,0.7782452188885843,0.7736,100042
GEN,0.7842,59,59,offspring,1558,1620,CIFAR10,76,main_b1000_cifar10_alexnet_GEN_kp10_seed42,0.1,0.7771,8,False,0.1,alexnet,False,0,0,1,0.7785,70,7,0.7842,59,1,3178,4,0.1,CIFAR10_alexnet_GEN_accuracy_kp1000_seed42,42,4000,76,42,accuracy,100042,0.7771,4,0.6539694986820221,5.505903415381908,10,0.6539694986820221,valid,0.7774297119102863,0.7817003552888468,0.7771,100042
GEN,0.7842,59,59,offspring,1620,1558,CIFAR10,77,main_b1000_cifar10_alexnet_GEN_kp10_seed42,0.1,0.7732,8,False,0.1,alexnet,False,0,0,2,0.7785,70,7,0.7842,59,1,3178,5,0.1,CIFAR10_alexnet_GEN_accuracy_kp1000_seed42,42,4000,77,42,accuracy,100042,0.7732,3,0.658649684047699,5.501535631716251,10,0.658649684047699,valid,0.7722349101251228,0.7741027229820746,0.7731999999999999,100042
GEN,0.7842,59,59,offspring,778,806,CIFAR10,78,main_b1000_cifar10_alexnet_GEN_kp10_seed42,0.1,0.775,8,False,0.1,alexnet,False,0,0,1,0.7828,72,9,0.7842,59,1,1584,6,0.1,CIFAR10_alexnet_GEN_accuracy_kp1000_seed42,42,4000,78,42,accuracy,100042,0.775,4,0.6723560795783997,5.508698999881744,10,0.6723560795783997,valid,0.7747697373528725,0.7823849606035462,0.775,100042
GEN,0.7842,59,59,offspring,806,778,CIFAR10,79,main_b1000_cifar10_alexnet_GEN_kp10_seed42,0.1,0.772,8,False,0.1,alexnet,False,0,0,2,0.7828,72,9,0.7842,59,1,1584,7,0.1,CIFAR10_alexnet_GEN_accuracy_kp1000_seed42,42,4000,79,42,accuracy,100042,0.772,3,0.6600000388145447,5.508238732814789,10,0.6600000388145447,valid,0.7713941848209483,0.7769589339356975,0.772,100042
GEN,0.7842,59,59,offspring,1566,1612,CIFAR10,80,main_b1000_cifar10_alexnet_GEN_kp10_seed42,0.1,0.7756,8,False,0.1,alexnet,False,0,0,1,0.7842,59,1,0.7785,70,7,3178,8,0.1,CIFAR10_alexnet_GEN_accuracy_kp1000_seed42,42,4000,80,42,accuracy,100042,0.7756,4,0.6590860551357269,5.502499081194401,10,0.6590860551357269,valid,0.7749705464614839,0.7788908110696335,0.7756000000000001,100042
GEN,0.7842,59,59,offspring,1612,1566,CIFAR10,81,main_b1000_cifar10_alexnet_GEN_kp10_seed42,0.1,0.783,8,False,0.1,alexnet,False,0,0,2,0.7842,59,1,0.7785,70,7,3178,9,0.1,CIFAR10_alexnet_GEN_accuracy_kp1000_seed42,42,4000,81,42,accuracy,100042,0.783,5,0.6569066866874694,5.561320975422859,10,0.6569066866874694,valid,0.782276216303436,0.782460373360259,0.783,100042
GEN,0.7842,59,59,offspring,724,722,CIFAR10,82,main_b1000_cifar10_alexnet_GEN_kp10_seed42,0.1,0.7771,8,False,0.1,alexnet,False,0,0,1,0.7791,68,5,0.7819,67,4,1446,10,0.1,CIFAR10_alexnet_GEN_accuracy_kp1000_seed42,42,4000,82,42,accuracy,100042,0.7771,4,0.6622253454685211,5.566533647477627,10,0.6622253454685211,valid,0.7761038424668694,0.7804519054968704,0.7771,100042
GEN,0.7842,59,59,offspring,1262,1388,CIFAR10,83,main_b1000_cifar10_alexnet_GEN_kp10_seed42,0.1,0.7791,9,False,0.1,alexnet,False,0,0,1,0.7842,74,2,0.7842,59,1,2650,2,0.1,CIFAR10_alexnet_GEN_accuracy_kp1000_seed42,42,4000,83,42,accuracy,100042,0.7791,4,0.6503996577262878,5.50968312472105,10,0.6503996577262878,valid,0.7783019306512298,0.7801369123672606,0.7790999999999999,100042
GEN,0.7842,59,59,offspring,1388,1262,CIFAR10,84,main_b1000_cifar10_alexnet_GEN_kp10_seed42,0.1,0.7809,9,False,0.1,alexnet,False,0,0,2,0.7842,74,2,0.7842,59,1,2650,3,0.1,CIFAR10_alexnet_GEN_accuracy_kp1000_seed42,42,4000,84,42,accuracy,100042,0.7809,3,0.6404278458595276,5.5527330338954926,10,0.6404278458595276,valid,0.7807160501790703,0.7831183010898388,0.7809,100042
GEN,0.7842,59,59,offspring,1114,1080,CIFAR10,85,main_b1000_cifar10_alexnet_GEN_kp10_seed42,0.1,0.7745,9,False,0.1,alexnet,False,0,0,1,0.7842,74,2,0.7756,80,8,2194,4,0.1,CIFAR10_alexnet_GEN_accuracy_kp1000_seed42,42,4000,85,42,accuracy,100042,0.7745,2,0.6485125862121582,5.545143984258175,10,0.6485125862121582,valid,0.7742083763141704,0.7754250677405072,0.7745,100042
GEN,0.7842,59,59,offspring,1080,1114,CIFAR10,86,main_b1000_cifar10_alexnet_GEN_kp10_seed42,0.1,0.7744,9,False,0.1,alexnet,False,0,0,2,0.7842,74,2,0.7756,80,8,2194,5,0.1,CIFAR10_alexnet_GEN_accuracy_kp1000_seed42,42,4000,86,42,accuracy,100042,0.7744,3,0.6517654941082001,5.5189313516020775,10,0.6517654941082001,valid,0.7747451885197377,0.7773431357799045,0.7744,100042
GEN,0.7842,59,59,offspring,816,772,CIFAR10,87,main_b1000_cifar10_alexnet_GEN_kp10_seed42,0.1,0.7715,9,False,0.1,alexnet,False,0,0,1,0.7771,76,4,0.783,81,9,1588,6,0.1,CIFAR10_alexnet_GEN_accuracy_kp1000_seed42,42,4000,87,42,accuracy,100042,0.7715,2,0.6579424366474151,5.524664975702763,10,0.6579424366474151,valid,0.7708805700913537,0.7726783432763243,0.7715,100042
GEN,0.7842,59,59,offspring,772,816,CIFAR10,88,main_b1000_cifar10_alexnet_GEN_kp10_seed42,0.1,0.7757,9,False,0.1,alexnet,True,400,200,2,0.7771,76,4,0.783,81,9,1588,7,0.1,CIFAR10_alexnet_GEN_accuracy_kp1000_seed42,42,4000,88,42,accuracy,100042,0.7757,3,0.6574093994617463,5.602498158812523,10,0.6574093994617463,valid,0.774761491462193,0.7772788337821332,0.7757,100042
GEN,0.7842,59,59,offspring,1336,1314,CIFAR10,89,main_b1000_cifar10_alexnet_GEN_kp10_seed42,0.1,0.7769,9,False,0.1,alexnet,False,0,0,1,0.7842,59,1,0.7842,74,2,2650,8,0.1,CIFAR10_alexnet_GEN_accuracy_kp1000_seed42,42,4000,89,42,accuracy,100042,0.7769,4,0.665135402059555,5.542639270424843,10,0.665135402059555,valid,0.7752650022374226,0.7776165610373176,0.7768999999999999,100042
GEN,0.7842,59,59,offspring,1314,1336,CIFAR10,90,main_b1000_cifar10_alexnet_GEN_kp10_seed42,0.1,0.7804,9,False,0.1,alexnet,False,0,0,2,0.7842,59,1,0.7842,74,2,2650,9,0.1,CIFAR10_alexnet_GEN_accuracy_kp1000_seed42,42,4000,90,42,accuracy,100042,0.7804,5,0.6517815324783325,5.530801668763161,10,0.6517815324783325,valid,0.780186617663081,0.7813325510555028,0.7804,100042
GEN,0.7842,59,59,offspring,830,836,CIFAR10,91,main_b1000_cifar10_alexnet_GEN_kp10_seed42,0.1,0.7827,9,False,0.1,alexnet,False,0,0,1,0.7842,74,2,0.7771,82,10,1666,10,0.1,CIFAR10_alexnet_GEN_accuracy_kp1000_seed42,42,4000,91,42,accuracy,100042,0.7827,6,0.6694162948131561,5.561725057661533,10,0.6694162948131561,valid,0.7842169867673718,0.7882446614036998,0.7827,100042
GEN,0.7842,59,59,offspring,1466,1398,CIFAR10,92,main_b1000_cifar10_alexnet_GEN_kp10_seed42,0.1,0.7724,10,False,0.1,alexnet,False,0,0,1,0.7827,91,10,0.7842,59,1,2864,2,0.1,CIFAR10_alexnet_GEN_accuracy_kp1000_seed42,42,4000,92,42,accuracy,100042,0.7724,4,0.6666286354541778,5.571562483906746,10,0.6666286354541778,valid,0.7706760736940822,0.7732133549106991,0.7724,100042
GEN,0.7842,59,59,offspring,1398,1466,CIFAR10,93,main_b1000_cifar10_alexnet_GEN_kp10_seed42,0.1,0.7716,10,False,0.1,alexnet,False,0,0,2,0.7827,91,10,0.7842,59,1,2864,3,0.1,CIFAR10_alexnet_GEN_accuracy_kp1000_seed42,42,4000,93,42,accuracy,100042,0.7716,3,0.6612722059249878,5.592939615249634,10,0.6612722059249878,valid,0.7704269789850423,0.7728639493394052,0.7716000000000001,100042
GEN,0.7842,59,59,offspring,916,950,CIFAR10,94,main_b1000_cifar10_alexnet_GEN_kp10_seed42,0.1,0.7749,10,False,0.1,alexnet,False,0,0,1,0.7827,91,10,0.7804,90,9,1866,4,0.1,CIFAR10_alexnet_GEN_accuracy_kp1000_seed42,42,4000,94,42,accuracy,100042,0.7749,4,0.6536116076946259,5.514980636537075,10,0.6536116076946259,valid,0.7758074197370297,0.7788945357605846,0.7749,100042
GEN,0.7842,59,59,offspring,950,916,CIFAR10,95,main_b1000_cifar10_alexnet_GEN_kp10_seed42,0.1,0.7774,10,False,0.1,alexnet,False,0,0,2,0.7827,91,10,0.7804,90,9,1866,5,0.1,CIFAR10_alexnet_GEN_accuracy_kp1000_seed42,42,4000,95,42,accuracy,100042,0.7774,3,0.6531411605834961,5.5347476825118065,10,0.6531411605834961,valid,0.7784304902989141,0.7829363947338022,0.7774000000000001,100042
GEN,0.7842,59,59,offspring,1136,1142,CIFAR10,96,main_b1000_cifar10_alexnet_GEN_kp10_seed42,0.1,0.7738,10,False,0.1,alexnet,False,0,0,1,0.7809,84,3,0.7757,88,7,2278,6,0.1,CIFAR10_alexnet_GEN_accuracy_kp1000_seed42,42,4000,96,42,accuracy,100042,0.7738,4,0.6741354434490204,5.5478155091404915,10,0.6741354434490204,valid,0.7737197992039173,0.7777402615064235,0.7738,100042
GEN,0.7842,59,59,offspring,1142,1136,CIFAR10,97,main_b1000_cifar10_alexnet_GEN_kp10_seed42,0.1,0.7782,10,False,0.1,alexnet,False,0,0,2,0.7809,84,3,0.7757,88,7,2278,7,0.1,CIFAR10_alexnet_GEN_accuracy_kp1000_seed42,42,4000,97,42,accuracy,100042,0.7782,5,0.6639800057888031,5.506152093410492,10,0.6639800057888031,valid,0.7774738224840345,0.779659432943925,0.7782,100042
GEN,0.7842,59,59,offspring,640,674,CIFAR10,98,main_b1000_cifar10_alexnet_GEN_kp10_seed42,0.1,0.7759,10,False,0.1,alexnet,False,0,0,1,0.7842,59,1,0.7804,90,9,1314,8,0.1,CIFAR10_alexnet_GEN_accuracy_kp1000_seed42,42,4000,98,42,accuracy,100042,0.7759,3,0.6562112898349762,5.5385917872190475,10,0.6562112898349762,valid,0.7733187976485796,0.7765000862484278,0.7758999999999999,100042
GEN,0.7842,59,59,offspring,674,640,CIFAR10,99,main_b1000_cifar10_alexnet_GEN_kp10_seed42,0.1,0.776,10,False,0.1,alexnet,False,0,0,2,0.7842,59,1,0.7804,90,9,1314,9,0.1,CIFAR10_alexnet_GEN_accuracy_kp1000_seed42,42,4000,99,42,accuracy,100042,0.776,2,0.652532824754715,5.520964697003365,10,0.652532824754715,valid,0.7744036560158604,0.7754705976198182,0.776,100042
GEN,0.7842,59,59,offspring,656,674,CIFAR10,100,main_b1000_cifar10_alexnet_GEN_kp10_seed42,0.1,0.7782,10,False,0.1,alexnet,False,0,0,1,0.7804,90,9,0.7809,84,3,1330,10,0.1,CIFAR10_alexnet_GEN_accuracy_kp1000_seed42,42,4000,100,42,accuracy,100042,0.7782,3,0.655025319814682,5.5313088074326515,10,0.655025319814682,valid,0.7782932559205256,0.781429714541562,0.7782000000000001,100042
GEN,0.7842,59,59,offspring,474,504,CIFAR10,101,main_b1000_cifar10_alexnet_GEN_kp10_seed42,0.1,0.7755,11,False,0.1,alexnet,False,0,0,1,0.7759,98,8,0.7782,100,10,978,2,0.1,CIFAR10_alexnet_GEN_accuracy_kp1000_seed42,42,4000,101,42,accuracy,100042,0.7755,4,0.662799056339264,5.517637982964516,10,0.662799056339264,valid,0.7765214169617964,0.7801657248622653,0.7755000000000001,100042
GEN,0.7842,59,59,offspring,504,474,CIFAR10,102,main_b1000_cifar10_alexnet_GEN_kp10_seed42,0.1,0.7796,11,False,0.1,alexnet,False,0,0,2,0.7759,98,8,0.7782,100,10,978,3,0.1,CIFAR10_alexnet_GEN_accuracy_kp1000_seed42,42,4000,102,42,accuracy,100042,0.7796,5,0.6618057893276215,5.549801632761955,10,0.6618057893276215,valid,0.7789407646345057,0.7811491061230434,0.7796000000000001,100042
GEN,0.7842,59,59,offspring,614,612,CIFAR10,103,main_b1000_cifar10_alexnet_GEN_kp10_seed42,0.1,0.7798,11,False,0.1,alexnet,False,0,0,1,0.7774,95,5,0.7782,100,10,1226,4,0.1,CIFAR10_alexnet_GEN_accuracy_kp1000_seed42,42,4000,103,42,accuracy,100042,0.7798,3,0.6477307887077332,5.595365412533283,10,0.6477307887077332,valid,0.7797613733683968,0.7823188810141983,0.7798,100042
GEN,0.7842,59,59,offspring,612,614,CIFAR10,104,main_b1000_cifar10_alexnet_GEN_kp10_seed42,0.1,0.7759,11,False,0.1,alexnet,False,0,0,2,0.7774,95,5,0.7782,100,10,1226,5,0.1,CIFAR10_alexnet_GEN_accuracy_kp1000_seed42,42,4000,104,42,accuracy,100042,0.7759,3,0.652781614112854,5.526105538010597,10,0.652781614112854,valid,0.7760381582249017,0.7792706951048017,0.7758999999999999,100042
GEN,0.7842,59,59,offspring,1042,1050,CIFAR10,105,main_b1000_cifar10_alexnet_GEN_kp10_seed42,0.1,0.7742,11,False,0.1,alexnet,False,0,0,1,0.7774,95,5,0.7842,59,1,2092,6,0.1,CIFAR10_alexnet_GEN_accuracy_kp1000_seed42,42,4000,105,42,accuracy,100042,0.7742,3,0.6570772329807282,5.526858098804951,10,0.6570772329807282,valid,0.7745742743835125,0.7777893230471092,0.7742,100042
GEN,0.7842,59,59,offspring,1050,1042,CIFAR10,106,main_b1000_cifar10_alexnet_GEN_kp10_seed42,0.1,0.7806,11,False,0.1,alexnet,False,0,0,2,0.7774,95,5,0.7842,59,1,2092,7,0.1,CIFAR10_alexnet_GEN_accuracy_kp1000_seed42,42,4000,106,42,accuracy,100042,0.7806,4,0.6551088065624237,5.55179701000452,10,0.6551088065624237,valid,0.7807016251379807,0.7839502519339803,0.7806,100042
GEN,0.7842,59,59,offspring,792,816,CIFAR10,107,main_b1000_cifar10_alexnet_GEN_kp10_seed42,0.1,0.7679,11,False,0.1,alexnet,False,0,0,1,0.7782,97,7,0.7842,59,1,1608,8,0.1,CIFAR10_alexnet_GEN_accuracy_kp1000_seed42,42,4000,107,42,accuracy,100042,0.7679,3,0.6883050038814544,5.522632442414761,10,0.6883050038814544,valid,0.7647833830029694,0.7726655791828542,0.7679,100042
GEN,0.7842,59,59,offspring,816,792,CIFAR10,108,main_b1000_cifar10_alexnet_GEN_kp10_seed42,0.1,0.7775,11,False,0.1,alexnet,False,0,0,2,0.7782,97,7,0.7842,59,1,1608,9,0.1,CIFAR10_alexnet_GEN_accuracy_kp1000_seed42,42,4000,108,42,accuracy,100042,0.7775,4,0.66141150598526,5.507909759879112,10,0.66141150598526,valid,0.7768388847163735,0.7796183422086657,0.7775000000000001,100042
GEN,0.7842,59,59,offspring,740,746,CIFAR10,109,main_b1000_cifar10_alexnet_GEN_kp10_seed42,0.1,0.7788,11,False,0.1,alexnet,False,0,0,1,0.7782,100,10,0.7782,97,7,1486,10,0.1,CIFAR10_alexnet_GEN_accuracy_kp1000_seed42,42,4000,109,42,accuracy,100042,0.7788,5,0.6714286192417145,5.513950511813164,10,0.6714286192417145,valid,0.778856842142013,0.7836952119398187,0.7788,100042
GEN,0.7842,59,59,offspring,636,632,CIFAR10,110,main_b1000_cifar10_alexnet_GEN_kp10_seed42,0.1,0.7798,12,False,0.1,alexnet,False,0,0,1,0.7796,102,3,0.7775,108,9,1268,2,0.1,CIFAR10_alexnet_GEN_accuracy_kp1000_seed42,42,4000,110,42,accuracy,100042,0.7798,5,0.6579046293735504,5.510804854333401,10,0.6579046293735504,valid,0.7800638288028734,0.7828726983053088,0.7797999999999999,100042
GEN,0.7842,59,59,offspring,632,636,CIFAR10,111,main_b1000_cifar10_alexnet_GEN_kp10_seed42,0.1,0.7803,12,False,0.1,alexnet,False,0,0,2,0.7796,102,3,0.7775,108,9,1268,3,0.1,CIFAR10_alexnet_GEN_accuracy_kp1000_seed42,42,4000,111,42,accuracy,100042,0.7803,5,0.664547974729538,5.516606576740742,10,0.664547974729538,valid,0.7799272315429338,0.7815171791337882,0.7802999999999999,100042
GEN,0.7842,59,59,offspring,718,696,CIFAR10,112,main_b1000_cifar10_alexnet_GEN_kp10_seed42,0.1,0.7763,12,False,0.1,alexnet,False,0,0,1,0.7788,109,10,0.7842,59,1,1414,4,0.1,CIFAR10_alexnet_GEN_accuracy_kp1000_seed42,42,4000,112,42,accuracy,100042,0.7763,3,0.6505960224628449,5.49095518887043,10,0.6505960224628449,valid,0.775381910671608,0.7784601065021745,0.7763000000000001,100042
GEN,0.7842,59,59,offspring,696,718,CIFAR10,113,main_b1000_cifar10_alexnet_GEN_kp10_seed42,0.1,0.7756,12,False,0.1,alexnet,False,0,0,2,0.7788,109,10,0.7842,59,1,1414,5,0.1,CIFAR10_alexnet_GEN_accuracy_kp1000_seed42,42,4000,113,42,accuracy,100042,0.7756,4,0.6710836967945099,5.528042800724506,10,0.6710836967945099,valid,0.7755897296021741,0.778975082465821,0.7756000000000001,100042
GEN,0.7842,59,59,offspring,520,522,CIFAR10,114,main_b1000_cifar10_alexnet_GEN_kp10_seed42,0.1,0.7795,12,False,0.1,alexnet,False,0,0,1,0.7842,59,1,0.7806,106,7,1042,6,0.1,CIFAR10_alexnet_GEN_accuracy_kp1000_seed42,42,4000,114,42,accuracy,100042,0.7795,5,0.6694660183429718,5.563254326581955,10,0.6694660183429718,valid,0.7780650374178958,0.7790174385782853,0.7795,100042
GEN,0.7842,59,59,offspring,522,520,CIFAR10,115,main_b1000_cifar10_alexnet_GEN_kp10_seed42,0.1,0.7806,12,False,0.1,alexnet,True,400,200,2,0.7842,59,1,0.7806,106,7,1042,7,0.1,CIFAR10_alexnet_GEN_accuracy_kp1000_seed42,42,4000,115,42,accuracy,100042,0.7806,3,0.6518672310829162,5.487111106514931,10,0.6518672310829162,valid,0.7809906496615686,0.786231197077584,0.7806,100042
GEN,0.7842,59,59,offspring,442,466,CIFAR10,116,main_b1000_cifar10_alexnet_GEN_kp10_seed42,0.1,0.781,12,False,0.1,alexnet,False,0,0,1,0.7796,102,3,0.7798,103,4,908,8,0.1,CIFAR10_alexnet_GEN_accuracy_kp1000_seed42,42,4000,116,42,accuracy,100042,0.781,6,0.6642052813053131,5.479988113045692,10,0.6642052813053131,valid,0.7804243563631152,0.7806596605538538,0.781,100042
GEN,0.7842,59,59,offspring,466,442,CIFAR10,117,main_b1000_cifar10_alexnet_GEN_kp10_seed42,0.1,0.7767,12,False,0.1,alexnet,False,0,0,2,0.7796,102,3,0.7798,103,4,908,9,0.1,CIFAR10_alexnet_GEN_accuracy_kp1000_seed42,42,4000,117,42,accuracy,100042,0.7767,3,0.6504088160037994,5.529863499104977,10,0.6504088160037994,valid,0.7757286763975991,0.7776838995974902,0.7767000000000001,100042
GEN,0.7842,59,59,offspring,502,540,CIFAR10,118,main_b1000_cifar10_alexnet_GEN_kp10_seed42,0.1,0.7771,12,False,0.1,alexnet,False,0,0,1,0.7842,59,1,0.7806,106,7,1042,10,0.1,CIFAR10_alexnet_GEN_accuracy_kp1000_seed42,42,4000,118,42,accuracy,100042,0.7771,3,0.655996313381195,5.52146639674902,10,0.655996313381195,valid,0.7757824354287597,0.776221364083292,0.7771,100042
GEN,0.7842,59,59,offspring,796,760,CIFAR10,119,main_b1000_cifar10_alexnet_GEN_kp10_seed42,0.1,0.7838,13,False,0.1,alexnet,False,0,0,1,0.7806,115,7,0.781,116,8,1556,2,0.1,CIFAR10_alexnet_GEN_accuracy_kp1000_seed42,42,4000,119,42,accuracy,100042,0.7838,6,0.664880933046341,5.505771346390247,10,0.664880933046341,valid,0.7842645750766387,0.7858882834876868,0.7837999999999999,100042
GEN,0.7842,59,59,offspring,760,796,CIFAR10,120,main_b1000_cifar10_alexnet_GEN_kp10_seed42,0.1,0.7821,13,False,0.1,alexnet,False,0,0,2,0.7806,115,7,0.781,116,8,1556,3,0.1,CIFAR10_alexnet_GEN_accuracy_kp1000_seed42,42,4000,120,42,accuracy,100042,0.7821,5,0.6544476098537445,5.523489646613598,10,0.6544476098537445,valid,0.7826551961810851,0.7865341106021766,0.7821,100042
GEN,0.7842,59,59,offspring,664,554,CIFAR10,121,main_b1000_cifar10_alexnet_GEN_kp10_seed42,0.1,0.7776,13,False,0.1,alexnet,False,0,0,1,0.7771,118,10,0.781,116,8,1218,4,0.1,CIFAR10_alexnet_GEN_accuracy_kp1000_seed42,42,4000,121,42,accuracy,100042,0.7776,4,0.6529945418834686,5.535427957773209,10,0.6529945418834686,valid,0.7769105386394447,0.7788967241037436,0.7776,100042
GEN,0.7842,59,59,offspring,554,664,CIFAR10,122,main_b1000_cifar10_alexnet_GEN_kp10_seed42,0.1,0.7784,13,False,0.1,alexnet,False,0,0,2,0.7771,118,10,0.781,116,8,1218,5,0.1,CIFAR10_alexnet_GEN_accuracy_kp1000_seed42,42,4000,122,42,accuracy,100042,0.7784,3,0.6508849265575409,5.53203347325325,10,0.6508849265575409,valid,0.7779545572385205,0.7813225068763426,0.7784000000000001,100042
GEN,0.7842,59,59,offspring,484,464,CIFAR10,123,main_b1000_cifar10_alexnet_GEN_kp10_seed42,0.1,0.7745,13,False,0.1,alexnet,False,0,0,1,0.781,116,8,0.7803,111,3,948,6,0.1,CIFAR10_alexnet_GEN_accuracy_kp1000_seed42,42,4000,123,42,accuracy,100042,0.7745,4,0.657821923828125,5.490408532321453,10,0.657821923828125,valid,0.7739556284040143,0.776909937818935,0.7745,100042
GEN,0.7842,59,59,offspring,464,484,CIFAR10,124,main_b1000_cifar10_alexnet_GEN_kp10_seed42,0.1,0.7738,13,False,0.1,alexnet,False,0,0,2,0.781,116,8,0.7803,111,3,948,7,0.1,CIFAR10_alexnet_GEN_accuracy_kp1000_seed42,42,4000,124,42,accuracy,100042,0.7738,3,0.6566331011772156,5.505763299763203,10,0.6566331011772156,valid,0.773642047326925,0.7785270786404641,0.7737999999999999,100042
GEN,0.7842,59,59,offspring,768,788,CIFAR10,125,main_b1000_cifar10_alexnet_GEN_kp10_seed42,0.1,0.7761,13,False,0.1,alexnet,False,0,0,1,0.7806,115,7,0.781,116,8,1556,8,0.1,CIFAR10_alexnet_GEN_accuracy_kp1000_seed42,42,4000,125,42,accuracy,100042,0.7761,3,0.651798059797287,5.517322696745396,10,0.651798059797287,valid,0.7774144409924614,0.7818776527596881,0.7761,100042
GEN,0.7842,59,59,offspring,788,768,CIFAR10,126,main_b1000_cifar10_alexnet_GEN_kp10_seed42,0.1,0.7713,13,False,0.1,alexnet,False,0,0,2,0.7806,115,7,0.781,116,8,1556,9,0.1,CIFAR10_alexnet_GEN_accuracy_kp1000_seed42,42,4000,126,42,accuracy,100042,0.7713,4,0.6703183715820312,5.486742824316025,10,0.6703183715820312,valid,0.770545504158535,0.778486596536681,0.7712999999999999,100042
GEN,0.7842,59,59,offspring,440,440,CIFAR10,127,main_b1000_cifar10_alexnet_GEN_kp10_seed42,0.1,0.776,13,False,0.1,alexnet,False,0,0,1,0.7798,110,2,0.7842,59,1,880,10,0.1,CIFAR10_alexnet_GEN_accuracy_kp1000_seed42,42,4000,127,42,accuracy,100042,0.776,4,0.6644422220706939,5.471386633813381,10,0.6644422220706939,valid,0.7758827017930116,0.7805111462810477,0.776,100042
GEN,0.7842,59,59,offspring,566,526,CIFAR10,128,main_b1000_cifar10_alexnet_GEN_kp10_seed42,0.1,0.7725,14,False,0.1,alexnet,True,400,200,1,0.7842,59,1,0.7821,120,3,1092,2,0.1,CIFAR10_alexnet_GEN_accuracy_kp1000_seed42,42,4000,128,42,accuracy,100042,0.7725,4,0.6646523771762848,5.493428036570549,10,0.6646523771762848,valid,0.7738298940152438,0.780993212035898,0.7725,100042
GEN,0.7842,59,59,offspring,526,566,CIFAR10,129,main_b1000_cifar10_alexnet_GEN_kp10_seed42,0.1,0.7792,14,False,0.1,alexnet,False,0,0,2,0.7842,59,1,0.7821,120,3,1092,3,0.1,CIFAR10_alexnet_GEN_accuracy_kp1000_seed42,42,4000,129,42,accuracy,100042,0.7792,5,0.6549585083484649,5.529216885566711,10,0.6549585083484649,valid,0.7789930815923912,0.7817719773269995,0.7792,100042
GEN,0.7842,59,59,offspring,434,476,CIFAR10,130,main_b1000_cifar10_alexnet_GEN_kp10_seed42,0.1,0.771,14,False,0.1,alexnet,False,0,0,1,0.7821,120,3,0.7776,121,4,910,4,0.1,CIFAR10_alexnet_GEN_accuracy_kp1000_seed42,42,4000,130,42,accuracy,100042,0.771,2,0.652698774433136,5.488572083413601,10,0.652698774433136,valid,0.7710401231333426,0.7721825386227705,0.771,100042
GEN,0.7842,59,59,offspring,476,434,CIFAR10,131,main_b1000_cifar10_alexnet_GEN_kp10_seed42,0.1,0.7775,14,False,0.1,alexnet,False,0,0,2,0.7821,120,3,0.7776,121,4,910,5,0.1,CIFAR10_alexnet_GEN_accuracy_kp1000_seed42,42,4000,131,42,accuracy,100042,0.7775,3,0.6535792838096619,5.537840001285076,10,0.6535792838096619,valid,0.7779458994301708,0.7823221562216722,0.7775000000000001,100042
GEN,0.7842,59,59,offspring,556,536,CIFAR10,132,main_b1000_cifar10_alexnet_GEN_kp10_seed42,0.1,0.772,14,False,0.1,alexnet,True,400,200,1,0.7821,120,3,0.7842,59,1,1092,6,0.1,CIFAR10_alexnet_GEN_accuracy_kp1000_seed42,42,4000,132,42,accuracy,100042,0.772,5,0.6755573976039887,5.5537348836660385,10,0.6755573976039887,valid,0.7705802311060215,0.7751174807872934,0.772,100042
GEN,0.7842,59,59,offspring,536,556,CIFAR10,133,main_b1000_cifar10_alexnet_GEN_kp10_seed42,0.1,0.7771,14,False,0.1,alexnet,True,400,200,2,0.7821,120,3,0.7842,59,1,1092,7,0.1,CIFAR10_alexnet_GEN_accuracy_kp1000_seed42,42,4000,133,42,accuracy,100042,0.7771,3,0.6579449460029602,5.51076440513134,10,0.6579449460029602,valid,0.777200465960185,0.7821478942309342,0.7771000000000001,100042
GEN,0.7842,59,59,offspring,550,542,CIFAR10,134,main_b1000_cifar10_alexnet_GEN_kp10_seed42,0.1,0.7784,14,False,0.1,alexnet,False,0,0,1,0.7842,59,1,0.7821,120,3,1092,8,0.1,CIFAR10_alexnet_GEN_accuracy_kp1000_seed42,42,4000,134,42,accuracy,100042,0.7784,4,0.6565876825809479,5.489416033029556,10,0.6565876825809479,valid,0.7791759465593703,0.7838265640642883,0.7784000000000001,100042
GEN,0.7842,59,59,offspring,542,550,CIFAR10,135,main_b1000_cifar10_alexnet_GEN_kp10_seed42,0.1,0.7745,14,False,0.1,alexnet,False,0,0,2,0.7842,59,1,0.7821,120,3,1092,9,0.1,CIFAR10_alexnet_GEN_accuracy_kp1000_seed42,42,4000,135,42,accuracy,100042,0.7745,3,0.6543991574764252,5.531558148562908,10,0.6543991574764252,valid,0.7744414293947013,0.7756052957055813,0.7745,100042
GEN,0.7842,59,59,offspring,522,570,CIFAR10,136,main_b1000_cifar10_alexnet_GEN_kp10_seed42,0.1,0.774,14,False,0.1,alexnet,False,0,0,1,0.7842,59,1,0.7821,120,3,1092,10,0.1,CIFAR10_alexnet_GEN_accuracy_kp1000_seed42,42,4000,136,42,accuracy,100042,0.774,4,0.665221545124054,5.525200895965099,10,0.665221545124054,valid,0.7740983515117875,0.7799816138513102,0.774,100042
GEN,0.7842,59,59,offspring,456,468,CIFAR10,137,main_b1000_cifar10_alexnet_GEN_kp10_seed42,0.1,0.7831,15,False,0.1,alexnet,False,0,0,1,0.7771,133,7,0.7842,59,1,924,2,0.1,CIFAR10_alexnet_GEN_accuracy_kp1000_seed42,42,4000,137,42,accuracy,100042,0.7831,4,0.6425139753818512,5.490686312317848,10,0.6425139753818512,valid,0.7825071667232925,0.7836399102791463,0.7830999999999999,100042
GEN,0.7842,59,59,offspring,468,456,CIFAR10,138,main_b1000_cifar10_alexnet_GEN_kp10_seed42,0.1,0.7782,15,False,0.1,alexnet,False,0,0,2,0.7771,133,7,0.7842,59,1,924,3,0.1,CIFAR10_alexnet_GEN_accuracy_kp1000_seed42,42,4000,138,42,accuracy,100042,0.7782,3,0.6587240443706512,5.494420044124126,10,0.6587240443706512,valid,0.7773710460424067,0.7781790689920575,0.7782000000000001,100042
GEN,0.7842,59,59,offspring,250,276,CIFAR10,139,main_b1000_cifar10_alexnet_GEN_kp10_seed42,0.1,0.7784,15,False,0.1,alexnet,False,0,0,1,0.7792,129,3,0.7842,59,1,526,4,0.1,CIFAR10_alexnet_GEN_accuracy_kp1000_seed42,42,4000,139,42,accuracy,100042,0.7784,6,0.6677523595333099,5.5161541774868965,10,0.6677523595333099,valid,0.7771711210462382,0.7781302227337401,0.7784000000000001,100042
GEN,0.7842,59,59,offspring,276,250,CIFAR10,140,main_b1000_cifar10_alexnet_GEN_kp10_seed42,0.1,0.7742,15,False,0.1,alexnet,False,0,0,2,0.7792,129,3,0.7842,59,1,526,5,0.1,CIFAR10_alexnet_GEN_accuracy_kp1000_seed42,42,4000,140,42,accuracy,100042,0.7742,4,0.6634893805980683,5.534454800188541,10,0.6634893805980683,valid,0.7734957665048663,0.7770865371214043,0.7741999999999999,100042
GEN,0.7842,59,59,offspring,574,530,CIFAR10,141,main_b1000_cifar10_alexnet_GEN_kp10_seed42,0.1,0.7803,15,False,0.1,alexnet,False,0,0,1,0.7775,131,5,0.7771,133,7,1104,6,0.1,CIFAR10_alexnet_GEN_accuracy_kp1000_seed42,42,4000,141,42,accuracy,100042,0.7803,5,0.6575028965950013,5.474753424525261,10,0.6575028965950013,valid,0.7806845439731255,0.7840005897033857,0.7803,100042
GEN,0.7842,59,59,offspring,530,574,CIFAR10,142,main_b1000_cifar10_alexnet_GEN_kp10_seed42,0.1,0.7726,15,False,0.1,alexnet,False,0,0,2,0.7775,131,5,0.7771,133,7,1104,7,0.1,CIFAR10_alexnet_GEN_accuracy_kp1000_seed42,42,4000,142,42,accuracy,100042,0.7726,3,0.6584523612976074,5.517564691603184,10,0.6584523612976074,valid,0.7706252654762207,0.7745217074415625,0.7726000000000001,100042
GEN,0.7842,59,59,offspring,284,266,CIFAR10,143,main_b1000_cifar10_alexnet_GEN_kp10_seed42,0.1,0.7758,15,False,0.1,alexnet,False,0,0,1,0.7842,59,1,0.7784,134,8,550,8,0.1,CIFAR10_alexnet_GEN_accuracy_kp1000_seed42,42,4000,143,42,accuracy,100042,0.7758,4,0.6673907737255096,5.5061976462602615,10,0.6673907737255096,valid,0.7760391382018083,0.7794150002565723,0.7757999999999999,100042
GEN,0.7842,59,59,offspring,266,284,CIFAR10,144,main_b1000_cifar10_alexnet_GEN_kp10_seed42,0.1,0.7795,15,False,0.1,alexnet,False,0,0,2,0.7842,59,1,0.7784,134,8,550,9,0.1,CIFAR10_alexnet_GEN_accuracy_kp1000_seed42,42,4000,144,42,accuracy,100042,0.7795,3,0.6478003745079041,5.477624393999577,10,0.6478003745079041,valid,0.7796388507743869,0.7822199560038245,0.7794999999999999,100042
GEN,0.7842,59,59,offspring,258,268,CIFAR10,145,main_b1000_cifar10_alexnet_GEN_kp10_seed42,0.1,0.7709,15,False,0.1,alexnet,False,0,0,1,0.7792,129,3,0.7842,59,1,526,10,0.1,CIFAR10_alexnet_GEN_accuracy_kp1000_seed42,42,4000,145,42,accuracy,100042,0.7709,4,0.6704113750457764,5.490810915827751,10,0.6704113750457764,valid,0.7691419971348659,0.7707297504187649,0.7708999999999999,100042
GEN,0.7842,59,59,offspring,234,234,CIFAR10,146,main_b1000_cifar10_alexnet_GEN_kp10_seed42,0.1,0.7749,16,False,0.1,alexnet,False,0,0,1,0.7831,137,2,0.7842,59,1,468,2,0.1,CIFAR10_alexnet_GEN_accuracy_kp1000_seed42,42,4000,146,42,accuracy,100042,0.7749,4,0.659834469985962,5.515072330832481,10,0.659834469985962,valid,0.7742265439902871,0.7761595053834235,0.7749,100042
GEN,0.7842,59,59,offspring,234,234,CIFAR10,147,main_b1000_cifar10_alexnet_GEN_kp10_seed42,0.1,0.7654,16,False,0.1,alexnet,False,0,0,2,0.7831,137,2,0.7842,59,1,468,3,0.1,CIFAR10_alexnet_GEN_accuracy_kp1000_seed42,42,4000,147,42,accuracy,100042,0.7654,2,0.6718737337112427,5.510980881750584,10,0.6718737337112427,valid,0.7652615371260951,0.7707434129205467,0.7654,100042
GEN,0.7842,59,59,offspring,206,250,CIFAR10,148,main_b1000_cifar10_alexnet_GEN_kp10_seed42,0.1,0.7738,16,False,0.1,alexnet,False,0,0,1,0.7842,59,1,0.7782,138,3,456,4,0.1,CIFAR10_alexnet_GEN_accuracy_kp1000_seed42,42,4000,148,42,accuracy,100042,0.7738,2,0.6566021453857422,5.504103593528271,10,0.6566021453857422,valid,0.7742300508689468,0.776093540948869,0.7738,100042
GEN,0.7842,59,59,offspring,250,206,CIFAR10,149,main_b1000_cifar10_alexnet_GEN_kp10_seed42,0.1,0.7712,16,False,0.1,alexnet,False,0,0,2,0.7842,59,1,0.7782,138,3,456,5,0.1,CIFAR10_alexnet_GEN_accuracy_kp1000_seed42,42,4000,149,42,accuracy,100042,0.7712,3,0.6744352743148804,5.498169921338558,10,0.6744352743148804,valid,0.7734524734219892,0.7840691559105805,0.7712,100042
GEN,0.7842,59,59,offspring,484,490,CIFAR10,150,main_b1000_cifar10_alexnet_GEN_kp10_seed42,0.1,0.7715,16,False,0.1,alexnet,False,0,0,1,0.7842,59,1,0.7803,141,6,974,6,0.1,CIFAR10_alexnet_GEN_accuracy_kp1000_seed42,42,4000,150,42,accuracy,100042,0.7715,2,0.6598711259365082,5.500261552631855,10,0.6598711259365082,valid,0.7722401112830263,0.7789508109820711,0.7714999999999999,100042
GEN,0.7842,59,59,offspring,490,484,CIFAR10,151,main_b1000_cifar10_alexnet_GEN_kp10_seed42,0.1,0.7774,16,False,0.1,alexnet,False,0,0,2,0.7842,59,1,0.7803,141,6,974,7,0.1,CIFAR10_alexnet_GEN_accuracy_kp1000_seed42,42,4000,151,42,accuracy,100042,0.7774,3,0.6561686876296997,5.506433129310608,10,0.6561686876296997,valid,0.777388360012781,0.7807883464549306,0.7774000000000001,100042
GEN,0.7842,59,59,offspring,436,452,CIFAR10,152,main_b1000_cifar10_alexnet_GEN_kp10_seed42,0.1,0.778,16,False,0.1,alexnet,False,0,0,1,0.7803,141,6,0.7795,144,9,888,8,0.1,CIFAR10_alexnet_GEN_accuracy_kp1000_seed42,42,4000,152,42,accuracy,100042,0.778,4,0.6512055252075195,5.4988294541835785,10,0.6512055252075195,valid,0.7784701121384525,0.7842240809348053,0.778,100042
GEN,0.7842,59,59,offspring,452,436,CIFAR10,153,main_b1000_cifar10_alexnet_GEN_kp10_seed42,0.1,0.7811,16,False,0.1,alexnet,False,0,0,2,0.7803,141,6,0.7795,144,9,888,9,0.1,CIFAR10_alexnet_GEN_accuracy_kp1000_seed42,42,4000,153,42,accuracy,100042,0.7811,5,0.6567744188308716,5.524756170809269,10,0.6567744188308716,valid,0.7830562192860728,0.7885397053925104,0.7811,100042
GEN,0.7855,154,154,offspring,372,372,CIFAR10,154,main_b1000_cifar10_alexnet_GEN_kp10_seed42,0.1,0.7855,16,True,0.1,alexnet,False,0,0,1,0.7831,137,2,0.7803,141,6,744,10,0.1,CIFAR10_alexnet_GEN_accuracy_kp1000_seed42,42,4000,154,42,accuracy,100042,0.7855,5,0.6448739161491394,5.483425922691822,10,0.6448739161491394,valid,0.7856192541976494,0.7866470914617849,0.7855,100042
GEN,0.7855,154,154,offspring,258,302,CIFAR10,155,main_b1000_cifar10_alexnet_GEN_kp10_seed42,0.1,0.7805,17,False,0.1,alexnet,False,0,0,1,0.7811,153,9,0.7855,154,10,560,2,0.1,CIFAR10_alexnet_GEN_accuracy_kp1000_seed42,42,4000,155,42,accuracy,100042,0.7805,6,0.6709766899585724,5.500357441604137,10,0.6709766899585724,valid,0.7808073270479416,0.7840980621481911,0.7805000000000001,100042
GEN,0.7855,154,154,offspring,302,258,CIFAR10,156,main_b1000_cifar10_alexnet_GEN_kp10_seed42,0.1,0.7816,17,False,0.1,alexnet,False,0,0,2,0.7811,153,9,0.7855,154,10,560,3,0.1,CIFAR10_alexnet_GEN_accuracy_kp1000_seed42,42,4000,156,42,accuracy,100042,0.7816,3,0.6448409061908722,5.542482241988182,10,0.6448409061908722,valid,0.7815515323557871,0.7830763740938035,0.7816,100042
GEN,0.7855,154,154,offspring,312,300,CIFAR10,157,main_b1000_cifar10_alexnet_GEN_kp10_seed42,0.1,0.783,17,False,0.1,alexnet,False,0,0,1,0.7811,153,9,0.7842,59,1,612,4,0.1,CIFAR10_alexnet_GEN_accuracy_kp1000_seed42,42,4000,157,42,accuracy,100042,0.783,6,0.6642623121738434,5.5044538751244545,10,0.6642623121738434,valid,0.7829312491647148,0.7842148759756824,0.7829999999999999,100042
GEN,0.7855,154,154,offspring,300,312,CIFAR10,158,main_b1000_cifar10_alexnet_GEN_kp10_seed42,0.1,0.7764,17,False,0.1,alexnet,False,0,0,2,0.7811,153,9,0.7842,59,1,612,5,0.1,CIFAR10_alexnet_GEN_accuracy_kp1000_seed42,42,4000,158,42,accuracy,100042,0.7764,4,0.667772373342514,5.541025742888451,10,0.667772373342514,valid,0.7761905125739015,0.7810206176079846,0.7764,100042
GEN,0.7855,154,154,offspring,252,288,CIFAR10,159,main_b1000_cifar10_alexnet_GEN_kp10_seed42,0.1,0.7823,17,False,0.1,alexnet,False,0,0,1,0.7774,151,7,0.7855,154,10,540,6,0.1,CIFAR10_alexnet_GEN_accuracy_kp1000_seed42,42,4000,159,42,accuracy,100042,0.7823,5,0.6560070129871368,5.492874883115292,10,0.6560070129871368,valid,0.7821021376408697,0.7829887193182683,0.7823,100042
GEN,0.7855,154,154,offspring,288,252,CIFAR10,160,main_b1000_cifar10_alexnet_GEN_kp10_seed42,0.1,0.774,17,False,0.1,alexnet,False,0,0,2,0.7774,151,7,0.7855,154,10,540,7,0.1,CIFAR10_alexnet_GEN_accuracy_kp1000_seed42,42,4000,160,42,accuracy,100042,0.774,3,0.6644284505844116,5.572657786309719,10,0.6644284505844116,valid,0.7739549568547178,0.7824424193709418,0.774,100042
GEN,0.7855,154,154,offspring,94,112,CIFAR10,161,main_b1000_cifar10_alexnet_GEN_kp10_seed42,0.1,0.7742,17,False,0.1,alexnet,True,400,200,1,0.7842,59,1,0.7738,148,4,206,8,0.1,CIFAR10_alexnet_GEN_accuracy_kp1000_seed42,42,4000,161,42,accuracy,100042,0.7742,4,0.6587983367443084,5.541118837893009,10,0.6587983367443084,valid,0.7737062549869502,0.7747505554610715,0.7742,100042
GEN,0.7855,154,154,offspring,112,94,CIFAR10,162,main_b1000_cifar10_alexnet_GEN_kp10_seed42,0.1,0.7673,17,False,0.1,alexnet,True,400,200,2,0.7842,59,1,0.7738,148,4,206,9,0.1,CIFAR10_alexnet_GEN_accuracy_kp1000_seed42,42,4000,162,42,accuracy,100042,0.7673,2,0.6631208674430847,5.5383962988853455,10,0.6631208674430847,valid,0.7669345131785474,0.7728547595392642,0.7673,100042
GEN,0.7855,154,154,offspring,374,352,CIFAR10,163,main_b1000_cifar10_alexnet_GEN_kp10_seed42,0.1,0.7742,17,False,0.1,alexnet,False,0,0,1,0.7855,154,10,0.7842,59,1,726,10,0.1,CIFAR10_alexnet_GEN_accuracy_kp1000_seed42,42,4000,163,42,accuracy,100042,0.7742,4,0.654764302110672,5.492566145956516,10,0.654764302110672,valid,0.7749308837479008,0.7790882557556403,0.7742,100042
GEN,0.7855,154,154,offspring,336,314,CIFAR10,164,main_b1000_cifar10_alexnet_GEN_kp10_seed42,0.1,0.7758,18,False,0.1,alexnet,False,0,0,1,0.7855,154,1,0.7764,158,5,650,2,0.1,CIFAR10_alexnet_GEN_accuracy_kp1000_seed42,42,4000,164,42,accuracy,100042,0.7758,4,0.6617463512897491,5.524852305650711,10,0.6617463512897491,valid,0.7754688365606901,0.7802053057530183,0.7758,100042
GEN,0.7855,154,154,offspring,314,336,CIFAR10,165,main_b1000_cifar10_alexnet_GEN_kp10_seed42,0.1,0.7841,18,False,0.1,alexnet,False,0,0,2,0.7855,154,1,0.7764,158,5,650,3,0.1,CIFAR10_alexnet_GEN_accuracy_kp1000_seed42,42,4000,165,42,accuracy,100042,0.7841,5,0.6438648929595947,5.527262702584267,10,0.6438648929595947,valid,0.783404663543834,0.7837348104848895,0.7840999999999999,100042
GEN,0.7855,154,154,offspring,334,316,CIFAR10,166,main_b1000_cifar10_alexnet_GEN_kp10_seed42,0.1,0.7819,18,False,0.1,alexnet,False,0,0,1,0.7855,154,1,0.7764,158,5,650,4,0.1,CIFAR10_alexnet_GEN_accuracy_kp1000_seed42,42,4000,166,42,accuracy,100042,0.7819,3,0.6417575937271118,5.517318218946457,10,0.6417575937271118,valid,0.7813709469625079,0.7824161516151722,0.7819,100042
GEN,0.7855,154,154,offspring,316,334,CIFAR10,167,main_b1000_cifar10_alexnet_GEN_kp10_seed42,0.1,0.7796,18,False,0.1,alexnet,False,0,0,2,0.7855,154,1,0.7764,158,5,650,5,0.1,CIFAR10_alexnet_GEN_accuracy_kp1000_seed42,42,4000,167,42,accuracy,100042,0.7796,3,0.6446768230438232,5.581463776528835,10,0.6446768230438232,valid,0.7790040693569246,0.7814045842204875,0.7796000000000001,100042
GEN,0.7855,154,154,offspring,148,154,CIFAR10,168,main_b1000_cifar10_alexnet_GEN_kp10_seed42,0.1,0.782,18,False,0.1,alexnet,False,0,0,1,0.7855,154,1,0.7805,155,2,302,6,0.1,CIFAR10_alexnet_GEN_accuracy_kp1000_seed42,42,4000,168,42,accuracy,100042,0.782,4,0.6509783622741699,5.544212847948074,10,0.6509783622741699,valid,0.7809449483247302,0.7822630889447798,0.7819999999999999,100042
GEN,0.7855,154,154,offspring,154,148,CIFAR10,169,main_b1000_cifar10_alexnet_GEN_kp10_seed42,0.1,0.779,18,False,0.1,alexnet,False,0,0,2,0.7855,154,1,0.7805,155,2,302,7,0.1,CIFAR10_alexnet_GEN_accuracy_kp1000_seed42,42,4000,169,42,accuracy,100042,0.779,4,0.6556792695999145,5.53997453302145,10,0.6556792695999145,valid,0.7787798693423744,0.7831232004508155,0.7789999999999999,100042
GEN,0.7864,170,170,offspring,128,130,CIFAR10,170,main_b1000_cifar10_alexnet_GEN_kp10_seed42,0.1,0.7864,18,True,0.1,alexnet,False,0,0,1,0.7855,154,1,0.7816,156,3,258,8,0.1,CIFAR10_alexnet_GEN_accuracy_kp1000_seed42,42,4000,170,42,accuracy,100042,0.7864,5,0.652364189529419,5.5416014567017555,10,0.652364189529419,valid,0.7862098302333279,0.7874840451620112,0.7864000000000001,100042
GEN,0.7864,170,170,offspring,130,128,CIFAR10,171,main_b1000_cifar10_alexnet_GEN_kp10_seed42,0.1,0.7798,18,False,0.1,alexnet,True,400,200,2,0.7855,154,1,0.7816,156,3,258,9,0.1,CIFAR10_alexnet_GEN_accuracy_kp1000_seed42,42,4000,171,42,accuracy,100042,0.7798,5,0.6578444912433624,5.539728730916977,10,0.6578444912433624,valid,0.7805469565487744,0.7868184620861596,0.7798,100042
GEN,0.7864,170,170,offspring,136,122,CIFAR10,172,main_b1000_cifar10_alexnet_GEN_kp10_seed42,0.1,0.7838,18,False,0.1,alexnet,False,0,0,1,0.7816,156,3,0.7855,154,1,258,10,0.1,CIFAR10_alexnet_GEN_accuracy_kp1000_seed42,42,4000,172,42,accuracy,100042,0.7838,4,0.6408823653221131,5.523904465138912,10,0.6408823653221131,valid,0.783916090973387,0.7878001415424277,0.7838,100042
GEN,0.7864,170,170,offspring,66,62,CIFAR10,173,main_b1000_cifar10_alexnet_GEN_kp10_seed42,0.1,0.7836,19,False,0.1,alexnet,False,0,0,1,0.7864,170,8,0.7855,154,1,128,2,0.1,CIFAR10_alexnet_GEN_accuracy_kp1000_seed42,42,4000,173,42,accuracy,100042,0.7836,4,0.6332461172103881,5.537140384316444,10,0.6332461172103881,valid,0.7830945030989063,0.7848273769789684,0.7836,100042
GEN,0.7864,170,170,offspring,62,66,CIFAR10,174,main_b1000_cifar10_alexnet_GEN_kp10_seed42,0.1,0.7846,19,False,0.1,alexnet,False,0,0,2,0.7864,170,8,0.7855,154,1,128,3,0.1,CIFAR10_alexnet_GEN_accuracy_kp1000_seed42,42,4000,174,42,accuracy,100042,0.7846,6,0.6540908884048462,5.557509310543537,10,0.6540908884048462,valid,0.7836462575780571,0.7834361594054766,0.7846,100042
GEN,0.7864,170,170,offspring,138,176,CIFAR10,175,main_b1000_cifar10_alexnet_GEN_kp10_seed42,0.1,0.7835,19,False,0.1,alexnet,False,0,0,1,0.7841,165,3,0.7855,154,1,314,4,0.1,CIFAR10_alexnet_GEN_accuracy_kp1000_seed42,42,4000,175,42,accuracy,100042,0.7835,4,0.6484572330474854,5.561792582273483,10,0.6484572330474854,valid,0.782122452119534,0.7838453754124626,0.7835000000000001,100042
GEN,0.7864,170,170,offspring,176,138,CIFAR10,176,main_b1000_cifar10_alexnet_GEN_kp10_seed42,0.1,0.7794,19,False,0.1,alexnet,False,0,0,2,0.7841,165,3,0.7855,154,1,314,5,0.1,CIFAR10_alexnet_GEN_accuracy_kp1000_seed42,42,4000,176,42,accuracy,100042,0.7794,3,0.6476765484809875,5.5165044367313385,10,0.6476765484809875,valid,0.779775538792413,0.7842624043855074,0.7794000000000001,100042
GEN,0.7864,170,170,offspring,148,208,CIFAR10,177,main_b1000_cifar10_alexnet_GEN_kp10_seed42,0.1,0.7826,19,False,0.1,alexnet,False,0,0,1,0.7841,165,3,0.7864,170,8,356,6,0.1,CIFAR10_alexnet_GEN_accuracy_kp1000_seed42,42,4000,177,42,accuracy,100042,0.7826,4,0.6425252520561219,5.536012694239616,10,0.6425252520561219,valid,0.7831609528935903,0.7868773317863716,0.7826000000000001,100042
GEN,0.7864,170,170,offspring,208,148,CIFAR10,178,main_b1000_cifar10_alexnet_GEN_kp10_seed42,0.1,0.7801,19,False,0.1,alexnet,False,0,0,2,0.7841,165,3,0.7864,170,8,356,7,0.1,CIFAR10_alexnet_GEN_accuracy_kp1000_seed42,42,4000,178,42,accuracy,100042,0.7801,3,0.6456742136955261,5.497048459947109,10,0.6456742136955261,valid,0.7805773884776306,0.7838961073628654,0.7801,100042
GEN,0.7864,170,170,offspring,74,48,CIFAR10,179,main_b1000_cifar10_alexnet_GEN_kp10_seed42,0.1,0.7756,19,False,0.1,alexnet,False,0,0,1,0.7838,172,10,0.7855,154,1,122,8,0.1,CIFAR10_alexnet_GEN_accuracy_kp1000_seed42,42,4000,179,42,accuracy,100042,0.7756,3,0.6572703408241272,5.527056850492954,10,0.6572703408241272,valid,0.7739504968602633,0.776890747141702,0.7756000000000001,100042
GEN,0.7864,170,170,offspring,48,74,CIFAR10,180,main_b1000_cifar10_alexnet_GEN_kp10_seed42,0.1,0.7821,19,False,0.1,alexnet,False,0,0,2,0.7838,172,10,0.7855,154,1,122,9,0.1,CIFAR10_alexnet_GEN_accuracy_kp1000_seed42,42,4000,180,42,accuracy,100042,0.7821,6,0.6540874537467957,5.5418499782681465,10,0.6540874537467957,valid,0.7815127556852915,0.783281641984714,0.7821,100042
GEN,0.7864,170,170,offspring,184,154,CIFAR10,181,main_b1000_cifar10_alexnet_GEN_kp10_seed42,0.1,0.7731,19,False,0.1,alexnet,False,0,0,1,0.782,168,6,0.7841,165,3,338,10,0.1,CIFAR10_alexnet_GEN_accuracy_kp1000_seed42,42,4000,181,42,accuracy,100042,0.7731,2,0.662182572889328,5.503438584506512,10,0.662182572889328,valid,0.7733058784031417,0.7800202936487511,0.7731,100042
GEN,0.7864,170,170,offspring,110,100,CIFAR10,182,main_b1000_cifar10_alexnet_GEN_kp10_seed42,0.1,0.7812,20,False,0.1,alexnet,True,400,200,1,0.7846,174,3,0.7835,175,4,210,2,0.1,CIFAR10_alexnet_GEN_accuracy_kp1000_seed42,42,4000,182,42,accuracy,100042,0.7812,4,0.6466034258842468,5.49801966547966,10,0.6466034258842468,valid,0.7814657823581894,0.7839902050892743,0.7812,100042
GEN,0.7864,170,170,offspring,100,110,CIFAR10,183,main_b1000_cifar10_alexnet_GEN_kp10_seed42,0.1,0.7802,20,False,0.1,alexnet,False,0,0,2,0.7846,174,3,0.7835,175,4,210,3,0.1,CIFAR10_alexnet_GEN_accuracy_kp1000_seed42,42,4000,183,42,accuracy,100042,0.7802,4,0.6449934387683869,5.498526729643345,10,0.6449934387683869,valid,0.7805746677079319,0.7841690800107761,0.7802,100042
GEN,0.7864,170,170,offspring,30,32,CIFAR10,184,main_b1000_cifar10_alexnet_GEN_kp10_seed42,0.1,0.7795,20,False,0.1,alexnet,False,0,0,1,0.7864,170,1,0.7846,174,3,62,4,0.1,CIFAR10_alexnet_GEN_accuracy_kp1000_seed42,42,4000,184,42,accuracy,100042,0.7795,4,0.6513657475948333,5.507726341485977,10,0.6513657475948333,valid,0.7788449060191704,0.7801210678634881,0.7795,100042
GEN,0.7864,170,170,offspring,32,30,CIFAR10,185,main_b1000_cifar10_alexnet_GEN_kp10_seed42,0.1,0.7834,20,False,0.1,alexnet,True,400,200,2,0.7864,170,1,0.7846,174,3,62,5,0.1,CIFAR10_alexnet_GEN_accuracy_kp1000_seed42,42,4000,185,42,accuracy,100042,0.7834,5,0.6600416090965271,5.500479966402054,10,0.6600416090965271,valid,0.785125579357311,0.791826602121344,0.7834000000000001,100042
GEN,0.7864,170,170,offspring,38,28,CIFAR10,186,main_b1000_cifar10_alexnet_GEN_kp10_seed42,0.1,0.7783,20,False,0.1,alexnet,False,0,0,1,0.7864,170,1,0.7836,173,2,66,6,0.1,CIFAR10_alexnet_GEN_accuracy_kp1000_seed42,42,4000,186,42,accuracy,100042,0.7783,3,0.6444932659626007,5.504652567207813,10,0.6444932659626007,valid,0.7786412543328763,0.783282835613408,0.7783,100042
GEN,0.7864,170,170,offspring,28,38,CIFAR10,187,main_b1000_cifar10_alexnet_GEN_kp10_seed42,0.1,0.7727,20,False,0.1,alexnet,False,0,0,2,0.7864,170,1,0.7836,173,2,66,7,0.1,CIFAR10_alexnet_GEN_accuracy_kp1000_seed42,42,4000,187,42,accuracy,100042,0.7727,3,0.6622661207675934,5.531674273312092,10,0.6622661207675934,valid,0.7731882774342436,0.7807129317685647,0.7727,100042
GEN,0.7864,170,170,offspring,114,116,CIFAR10,188,main_b1000_cifar10_alexnet_GEN_kp10_seed42,0.1,0.7802,20,False,0.1,alexnet,False,0,0,1,0.7864,170,1,0.7794,176,5,230,8,0.1,CIFAR10_alexnet_GEN_accuracy_kp1000_seed42,42,4000,188,42,accuracy,100042,0.7802,4,0.6398600554943085,5.57073163241148,10,0.6398600554943085,valid,0.7805864945027244,0.7829048879306755,0.7802,100042
GEN,0.7864,170,170,offspring,116,114,CIFAR10,189,main_b1000_cifar10_alexnet_GEN_kp10_seed42,0.1,0.7754,20,False,0.1,alexnet,False,0,0,2,0.7864,170,1,0.7794,176,5,230,9,0.1,CIFAR10_alexnet_GEN_accuracy_kp1000_seed42,42,4000,189,42,accuracy,100042,0.7754,3,0.6522938672542572,5.488928012549877,10,0.6522938672542572,valid,0.7746351708850655,0.7790863917394003,0.7754000000000001,100042
GEN,0.7864,170,170,offspring,36,30,CIFAR10,190,main_b1000_cifar10_alexnet_GEN_kp10_seed42,0.1,0.7808,20,False,0.1,alexnet,False,0,0,1,0.7836,173,2,0.7864,170,1,66,10,0.1,CIFAR10_alexnet_GEN_accuracy_kp1000_seed42,42,4000,190,42,accuracy,100042,0.7808,7,0.6693524628162384,5.524151027202606,10,0.6693524628162384,valid,0.7798513128326945,0.7822043939939305,0.7808,100042
GEN,0.7864,170,170,offspring,68,50,CIFAR10,191,main_b1000_cifar10_alexnet_GEN_kp10_seed42,0.1,0.7771,21,False,0.1,alexnet,True,400,200,1,0.7802,188,8,0.7808,190,10,118,2,0.1,CIFAR10_alexnet_GEN_accuracy_kp1000_seed42,42,4000,191,42,accuracy,100042,0.7771,5,0.6629111207008361,5.51365289837122,10,0.6629111207008361,valid,0.7773419082031635,0.781541902403534,0.7771000000000001,100042
GEN,0.7864,170,170,offspring,50,68,CIFAR10,192,main_b1000_cifar10_alexnet_GEN_kp10_seed42,0.1,0.7711,21,False,0.1,alexnet,False,0,0,2,0.7802,188,8,0.7808,190,10,118,3,0.1,CIFAR10_alexnet_GEN_accuracy_kp1000_seed42,42,4000,192,42,accuracy,100042,0.7711,2,0.6609017127513885,5.501562900841236,10,0.6609017127513885,valid,0.7704595027594203,0.775024366320916,0.7711,100042
GEN,0.7864,170,170,offspring,60,58,CIFAR10,193,main_b1000_cifar10_alexnet_GEN_kp10_seed42,0.1,0.7797,21,False,0.1,alexnet,False,0,0,1,0.7802,188,8,0.7808,190,10,118,4,0.1,CIFAR10_alexnet_GEN_accuracy_kp1000_seed42,42,4000,193,42,accuracy,100042,0.7797,3,0.6420838304042816,5.484547659754753,10,0.6420838304042816,valid,0.7801956040581316,0.7838176038426797,0.7797,100042
GEN,0.7864,170,170,offspring,58,60,CIFAR10,194,main_b1000_cifar10_alexnet_GEN_kp10_seed42,0.1,0.778,21,False,0.1,alexnet,False,0,0,2,0.7802,188,8,0.7808,190,10,118,5,0.1,CIFAR10_alexnet_GEN_accuracy_kp1000_seed42,42,4000,194,42,accuracy,100042,0.778,3,0.6516198832988739,5.501398384571075,10,0.6516198832988739,valid,0.7779404384373259,0.7796749179750195,0.7779999999999999,100042
GEN,0.7864,170,170,offspring,224,232,CIFAR10,195,main_b1000_cifar10_alexnet_GEN_kp10_seed42,0.1,0.7773,21,False,0.1,alexnet,False,0,0,1,0.7795,184,4,0.7834,185,5,456,6,0.1,CIFAR10_alexnet_GEN_accuracy_kp1000_seed42,42,4000,195,42,accuracy,100042,0.7773,2,0.6504114823818207,5.511861585080624,10,0.6504114823818207,valid,0.7775537950147967,0.7815362663635357,0.7773,100042
GEN,0.7864,170,170,offspring,232,224,CIFAR10,196,main_b1000_cifar10_alexnet_GEN_kp10_seed42,0.1,0.7763,21,False,0.1,alexnet,True,400,200,2,0.7795,184,4,0.7834,185,5,456,7,0.1,CIFAR10_alexnet_GEN_accuracy_kp1000_seed42,42,4000,196,42,accuracy,100042,0.7763,4,0.6585740569114685,5.4984801933169365,10,0.6585740569114685,valid,0.7770695142819114,0.7833558148884693,0.7763000000000001,100042
GEN,0.7864,170,170,offspring,68,50,CIFAR10,197,main_b1000_cifar10_alexnet_GEN_kp10_seed42,0.1,0.781,21,False,0.1,alexnet,False,0,0,1,0.7808,190,10,0.7802,188,8,118,8,0.1,CIFAR10_alexnet_GEN_accuracy_kp1000_seed42,42,4000,197,42,accuracy,100042,0.781,4,0.645000328207016,5.536396451294422,10,0.645000328207016,valid,0.7798108905068235,0.7830255996327806,0.7809999999999999,100042
GEN,0.7864,170,170,offspring,50,68,CIFAR10,198,main_b1000_cifar10_alexnet_GEN_kp10_seed42,0.1,0.7788,21,False,0.1,alexnet,False,0,0,2,0.7808,190,10,0.7802,188,8,118,9,0.1,CIFAR10_alexnet_GEN_accuracy_kp1000_seed42,42,4000,198,42,accuracy,100042,0.7788,4,0.6523084987163543,5.561401151120663,10,0.6523084987163543,valid,0.7805172421673774,0.7910219945935538,0.7788,100042
GEN,0.7864,170,170,offspring,62,52,CIFAR10,199,main_b1000_cifar10_alexnet_GEN_kp10_seed42,0.1,0.7721,21,False,0.1,alexnet,False,0,0,1,0.7802,188,8,0.7864,170,1,114,10,0.1,CIFAR10_alexnet_GEN_accuracy_kp1000_seed42,42,4000,199,42,accuracy,100042,0.7721,2,0.6503874515533448,5.577239438891411,10,0.6503874515533448,valid,0.7704245420850481,0.7743586345014017,0.7721000000000001,100042
GEN,0.7864,170,170,offspring,328,344,CIFAR10,200,main_b1000_cifar10_alexnet_GEN_kp10_seed42,0.1,0.7782,22,False,0.1,alexnet,False,0,0,1,0.7797,193,4,0.7763,196,7,672,2,0.1,CIFAR10_alexnet_GEN_accuracy_kp1000_seed42,42,4000,200,42,accuracy,100042,0.7782,3,0.660555013847351,5.491085886955261,10,0.660555013847351,valid,0.7787172678624802,0.7852156951821175,0.7782,100042
GEN,0.7864,170,170,offspring,344,328,CIFAR10,201,main_b1000_cifar10_alexnet_GEN_kp10_seed42,0.1,0.7833,22,False,0.1,alexnet,False,0,0,2,0.7797,193,4,0.7763,196,7,672,3,0.1,CIFAR10_alexnet_GEN_accuracy_kp1000_seed42,42,4000,201,42,accuracy,100042,0.7833,4,0.6412380571842193,5.518781282007694,10,0.6412380571842193,valid,0.7835176437917688,0.7854235561284851,0.7833,100042
GEN,0.7864,170,170,offspring,38,40,CIFAR10,202,main_b1000_cifar10_alexnet_GEN_kp10_seed42,0.1,0.7821,22,False,0.1,alexnet,False,0,0,1,0.7864,170,1,0.781,197,8,78,4,0.1,CIFAR10_alexnet_GEN_accuracy_kp1000_seed42,42,4000,202,42,accuracy,100042,0.7821,4,0.6434622068881989,5.509871281683445,10,0.6434622068881989,valid,0.7812779780969418,0.7840217774199988,0.7821,100042
GEN,0.7864,170,170,offspring,40,38,CIFAR10,203,main_b1000_cifar10_alexnet_GEN_kp10_seed42,0.1,0.7715,22,False,0.1,alexnet,False,0,0,2,0.7864,170,1,0.781,197,8,78,5,0.1,CIFAR10_alexnet_GEN_accuracy_kp1000_seed42,42,4000,203,42,accuracy,100042,0.7715,2,0.6605024204254151,5.502598792314529,10,0.6605024204254151,valid,0.7725770608419341,0.7790356305993089,0.7715,100042
GEN,0.7864,170,170,offspring,226,232,CIFAR10,204,main_b1000_cifar10_alexnet_GEN_kp10_seed42,0.1,0.7772,22,False,0.1,alexnet,True,400,200,1,0.781,197,8,0.7771,191,2,458,6,0.1,CIFAR10_alexnet_GEN_accuracy_kp1000_seed42,42,4000,204,42,accuracy,100042,0.7772,4,0.661980865573883,5.542752228677273,10,0.661980865573883,valid,0.7754917907446691,0.7788924761722027,0.7772,100042
GEN,0.7864,170,170,offspring,232,226,CIFAR10,205,main_b1000_cifar10_alexnet_GEN_kp10_seed42,0.1,0.7732,22,False,0.1,alexnet,True,400,200,2,0.781,197,8,0.7771,191,2,458,7,0.1,CIFAR10_alexnet_GEN_accuracy_kp1000_seed42,42,4000,205,42,accuracy,100042,0.7732,3,0.6626314885616302,5.54092039167881,10,0.6626314885616302,valid,0.7727656081369249,0.7771113880181837,0.7731999999999999,100042
GEN,0.7864,170,170,offspring,360,320,CIFAR10,206,main_b1000_cifar10_alexnet_GEN_kp10_seed42,0.1,0.7777,22,False,0.1,alexnet,False,0,0,1,0.781,197,8,0.7763,196,7,680,8,0.1,CIFAR10_alexnet_GEN_accuracy_kp1000_seed42,42,4000,206,42,accuracy,100042,0.7777,3,0.6480272513866424,5.574317365884781,10,0.6480272513866424,valid,0.7773411305150171,0.7807695508681495,0.7777,100042
GEN,0.7864,170,170,offspring,320,360,CIFAR10,207,main_b1000_cifar10_alexnet_GEN_kp10_seed42,0.1,0.7798,22,False,0.1,alexnet,False,0,0,2,0.781,197,8,0.7763,196,7,680,9,0.1,CIFAR10_alexnet_GEN_accuracy_kp1000_seed42,42,4000,207,42,accuracy,100042,0.7798,5,0.6570329888343811,5.528882309794426,10,0.6570329888343811,valid,0.7790634943271648,0.7801808315813746,0.7798,100042
GEN,0.7864,170,170,offspring,124,106,CIFAR10,208,main_b1000_cifar10_alexnet_GEN_kp10_seed42,0.1,0.7844,22,False,0.1,alexnet,False,0,0,1,0.7864,170,1,0.7773,195,6,230,10,0.1,CIFAR10_alexnet_GEN_accuracy_kp1000_seed42,42,4000,208,42,accuracy,100042,0.7844,5,0.6551173371315002,5.565465986728668,10,0.6551173371315002,valid,0.7846385806381831,0.788808125370138,0.7844,100042
GEN,0.7864,170,170,offspring,234,214,CIFAR10,209,main_b1000_cifar10_alexnet_GEN_kp10_seed42,0.1,0.7847,23,False,0.1,alexnet,False,0,0,1,0.7844,208,10,0.7798,207,9,448,2,0.1,CIFAR10_alexnet_GEN_accuracy_kp1000_seed42,42,4000,209,42,accuracy,100042,0.7847,6,0.650806264925003,5.597662806510925,10,0.650806264925003,valid,0.7849226791238978,0.7857151502148625,0.7847000000000002,100042
GEN,0.7864,170,170,offspring,214,234,CIFAR10,210,main_b1000_cifar10_alexnet_GEN_kp10_seed42,0.1,0.7753,23,False,0.1,alexnet,False,0,0,2,0.7844,208,10,0.7798,207,9,448,3,0.1,CIFAR10_alexnet_GEN_accuracy_kp1000_seed42,42,4000,210,42,accuracy,100042,0.7753,3,0.6507188353061676,5.513999812304974,10,0.6507188353061676,valid,0.775737891447294,0.778038435815452,0.7753,100042
GEN,0.7864,170,170,offspring,168,166,CIFAR10,211,main_b1000_cifar10_alexnet_GEN_kp10_seed42,0.1,0.7789,23,False,0.1,alexnet,True,400,200,1,0.7798,207,9,0.7864,170,1,334,4,0.1,CIFAR10_alexnet_GEN_accuracy_kp1000_seed42,42,4000,211,42,accuracy,100042,0.7789,3,0.6462269476890564,5.506324157118797,10,0.6462269476890564,valid,0.7790412255984219,0.7822030213237953,0.7788999999999999,100042
GEN,0.7864,170,170,offspring,166,168,CIFAR10,212,main_b1000_cifar10_alexnet_GEN_kp10_seed42,0.1,0.7736,23,False,0.1,alexnet,False,0,0,2,0.7798,207,9,0.7864,170,1,334,5,0.1,CIFAR10_alexnet_GEN_accuracy_kp1000_seed42,42,4000,212,42,accuracy,100042,0.7736,3,0.6617642534255982,5.496488943696022,10,0.6617642534255982,valid,0.7736785376738785,0.7800744860564208,0.7736000000000001,100042
GEN,0.7864,170,170,offspring,222,236,CIFAR10,213,main_b1000_cifar10_alexnet_GEN_kp10_seed42,0.1,0.7817,23,False,0.1,alexnet,False,0,0,1,0.7844,208,10,0.7833,201,3,458,6,0.1,CIFAR10_alexnet_GEN_accuracy_kp1000_seed42,42,4000,213,42,accuracy,100042,0.7817,5,0.6540772865772247,5.535034164786339,10,0.6540772865772247,valid,0.7835391524833598,0.7884502606620808,0.7817000000000001,100042
GEN,0.7864,170,170,offspring,236,222,CIFAR10,214,main_b1000_cifar10_alexnet_GEN_kp10_seed42,0.1,0.7804,23,False,0.1,alexnet,False,0,0,2,0.7844,208,10,0.7833,201,3,458,7,0.1,CIFAR10_alexnet_GEN_accuracy_kp1000_seed42,42,4000,214,42,accuracy,100042,0.7804,4,0.6501654283523559,5.520716108381748,10,0.6501654283523559,valid,0.7796422756381226,0.7847006302308681,0.7804,100042
GEN,0.7864,170,170,offspring,232,226,CIFAR10,215,main_b1000_cifar10_alexnet_GEN_kp10_seed42,0.1,0.7793,23,False,0.1,alexnet,True,400,200,1,0.7844,208,10,0.7833,201,3,458,8,0.1,CIFAR10_alexnet_GEN_accuracy_kp1000_seed42,42,4000,215,42,accuracy,100042,0.7793,4,0.6462906909942627,5.498496860265732,10,0.6462906909942627,valid,0.7786399087716684,0.7807977362289017,0.7792999999999999,100042
GEN,0.7864,170,170,offspring,226,232,CIFAR10,216,main_b1000_cifar10_alexnet_GEN_kp10_seed42,0.1,0.7758,23,False,0.1,alexnet,False,0,0,2,0.7844,208,10,0.7833,201,3,458,9,0.1,CIFAR10_alexnet_GEN_accuracy_kp1000_seed42,42,4000,216,42,accuracy,100042,0.7758,2,0.648849266576767,5.566301390528679,10,0.648849266576767,valid,0.7755870195287674,0.7781166592398414,0.7758,100042
GEN,0.7864,170,170,offspring,242,216,CIFAR10,217,main_b1000_cifar10_alexnet_GEN_kp10_seed42,0.1,0.7777,23,False,0.1,alexnet,False,0,0,1,0.7833,201,3,0.7844,208,10,458,10,0.1,CIFAR10_alexnet_GEN_accuracy_kp1000_seed42,42,4000,217,42,accuracy,100042,0.7777,4,0.6573299578666687,5.562099188566208,10,0.6573299578666687,valid,0.775357882336725,0.7818237905910064,0.7777000000000001,100042
GEN,0.7864,170,170,offspring,162,158,CIFAR10,218,main_b1000_cifar10_alexnet_GEN_kp10_seed42,0.1,0.7812,24,False,0.1,alexnet,False,0,0,1,0.7847,209,2,0.7804,214,7,320,2,0.1,CIFAR10_alexnet_GEN_accuracy_kp1000_seed42,42,4000,218,42,accuracy,100042,0.7812,7,0.6702896341800689,5.512161627411842,10,0.6702896341800689,valid,0.7802204546528662,0.7817498034368914,0.7812,100042
GEN,0.7864,170,170,offspring,158,162,CIFAR10,219,main_b1000_cifar10_alexnet_GEN_kp10_seed42,0.1,0.772,24,False,0.1,alexnet,False,0,0,2,0.7847,209,2,0.7804,214,7,320,3,0.1,CIFAR10_alexnet_GEN_accuracy_kp1000_seed42,42,4000,219,42,accuracy,100042,0.772,2,0.6491825767993927,5.550561226904392,10,0.6491825767993927,valid,0.7694389956934395,0.7741392204741286,0.772,100042
GEN,0.7864,170,170,offspring,118,116,CIFAR10,220,main_b1000_cifar10_alexnet_GEN_kp10_seed42,0.1,0.7731,24,False,0.1,alexnet,False,0,0,1,0.7864,170,1,0.7804,214,7,234,4,0.1,CIFAR10_alexnet_GEN_accuracy_kp1000_seed42,42,4000,220,42,accuracy,100042,0.7731,2,0.6593709694862365,5.580477491021156,10,0.6593709694862365,valid,0.7706462124784255,0.7749252991914057,0.7731,100042
GEN,0.7864,170,170,offspring,116,118,CIFAR10,221,main_b1000_cifar10_alexnet_GEN_kp10_seed42,0.1,0.7845,24,False,0.1,alexnet,False,0,0,2,0.7864,170,1,0.7804,214,7,234,5,0.1,CIFAR10_alexnet_GEN_accuracy_kp1000_seed42,42,4000,221,42,accuracy,100042,0.7845,4,0.6454235076904297,5.505143851041794,10,0.6454235076904297,valid,0.7849935945105254,0.7864093586402328,0.7845,100042
GEN,0.7864,170,170,offspring,112,114,CIFAR10,222,main_b1000_cifar10_alexnet_GEN_kp10_seed42,0.1,0.7804,24,False,0.1,alexnet,False,0,0,1,0.7817,213,6,0.7864,170,1,226,6,0.1,CIFAR10_alexnet_GEN_accuracy_kp1000_seed42,42,4000,222,42,accuracy,100042,0.7804,4,0.6452655923843383,5.512181580066681,10,0.6452655923843383,valid,0.7795579742672396,0.7826220394831255,0.7804,100042
GEN,0.7864,170,170,offspring,114,112,CIFAR10,223,main_b1000_cifar10_alexnet_GEN_kp10_seed42,0.1,0.7766,24,False,0.1,alexnet,False,0,0,2,0.7817,213,6,0.7864,170,1,226,7,0.1,CIFAR10_alexnet_GEN_accuracy_kp1000_seed42,42,4000,223,42,accuracy,100042,0.7766,3,0.651741822195053,5.501816987991333,10,0.651741822195053,valid,0.7773530379712237,0.7847939387396334,0.7766000000000001,100042
GEN,0.7864,170,170,offspring,300,314,CIFAR10,224,main_b1000_cifar10_alexnet_GEN_kp10_seed42,0.1,0.7831,24,False,0.1,alexnet,False,0,0,1,0.7804,214,7,0.7793,215,8,614,8,0.1,CIFAR10_alexnet_GEN_accuracy_kp1000_seed42,42,4000,224,42,accuracy,100042,0.7831,6,0.6548852298736573,5.540231436491013,10,0.6548852298736573,valid,0.7828020817275958,0.7844306657532935,0.7831,100042
GEN,0.7864,170,170,offspring,314,300,CIFAR10,225,main_b1000_cifar10_alexnet_GEN_kp10_seed42,0.1,0.7749,24,False,0.1,alexnet,False,0,0,2,0.7804,214,7,0.7793,215,8,614,9,0.1,CIFAR10_alexnet_GEN_accuracy_kp1000_seed42,42,4000,225,42,accuracy,100042,0.7749,3,0.6562217475891113,5.555081494152546,10,0.6562217475891113,valid,0.7760013677547698,0.7839725342651327,0.7749,100042
GEN,0.7864,170,170,offspring,118,116,CIFAR10,226,main_b1000_cifar10_alexnet_GEN_kp10_seed42,0.1,0.7783,24,False,0.1,alexnet,False,0,0,1,0.7864,170,1,0.7804,214,7,234,10,0.1,CIFAR10_alexnet_GEN_accuracy_kp1000_seed42,42,4000,226,42,accuracy,100042,0.7783,4,0.6593974245548249,5.52920014411211,10,0.6593974245548249,valid,0.7786605363671641,0.7843851906132693,0.7783000000000001,100042
GEN,0.7864,170,170,offspring,60,58,CIFAR10,227,main_b1000_cifar10_alexnet_GEN_kp10_seed42,0.1,0.7796,25,False,0.1,alexnet,False,0,0,1,0.7864,170,1,0.7783,226,10,118,2,0.1,CIFAR10_alexnet_GEN_accuracy_kp1000_seed42,42,4000,227,42,accuracy,100042,0.7796,4,0.6462058011054993,5.556530207395554,10,0.6462058011054993,valid,0.7805041785065366,0.7859533576569342,0.7796,100042
GEN,0.7864,170,170,offspring,58,60,CIFAR10,228,main_b1000_cifar10_alexnet_GEN_kp10_seed42,0.1,0.7789,25,False,0.1,alexnet,False,0,0,2,0.7864,170,1,0.7783,226,10,118,3,0.1,CIFAR10_alexnet_GEN_accuracy_kp1000_seed42,42,4000,228,42,accuracy,100042,0.7789,5,0.6610675434589386,5.541624486446381,10,0.6610675434589386,valid,0.7794560093672698,0.7841023520740399,0.7788999999999999,100042
GEN,0.7864,170,170,offspring,112,124,CIFAR10,229,main_b1000_cifar10_alexnet_GEN_kp10_seed42,0.1,0.7822,25,False,0.1,alexnet,False,0,0,1,0.7812,218,2,0.7864,170,1,236,4,0.1,CIFAR10_alexnet_GEN_accuracy_kp1000_seed42,42,4000,229,42,accuracy,100042,0.7822,5,0.6499488885879516,5.5130541399121284,10,0.6499488885879516,valid,0.7816095127442722,0.7826847722221302,0.7822,100042
GEN,0.7864,170,170,offspring,124,112,CIFAR10,230,main_b1000_cifar10_alexnet_GEN_kp10_seed42,0.1,0.771,25,False,0.1,alexnet,False,0,0,2,0.7812,218,2,0.7864,170,1,236,5,0.1,CIFAR10_alexnet_GEN_accuracy_kp1000_seed42,42,4000,230,42,accuracy,100042,0.771,3,0.6676453820228576,5.555833645164967,10,0.6676453820228576,valid,0.7715458688449347,0.7762262418460816,0.7709999999999999,100042
GEN,0.7864,170,170,offspring,52,64,CIFAR10,231,main_b1000_cifar10_alexnet_GEN_kp10_seed42,0.1,0.7843,25,False,0.1,alexnet,False,0,0,1,0.7845,221,5,0.7864,170,1,116,6,0.1,CIFAR10_alexnet_GEN_accuracy_kp1000_seed42,42,4000,231,42,accuracy,100042,0.7843,5,0.6500328842163086,5.516643695533276,10,0.6500328842163086,valid,0.7833823336846811,0.7849878866067198,0.7843,100042
GEN,0.7864,170,170,offspring,64,52,CIFAR10,232,main_b1000_cifar10_alexnet_GEN_kp10_seed42,0.1,0.776,25,False,0.1,alexnet,False,0,0,2,0.7845,221,5,0.7864,170,1,116,7,0.1,CIFAR10_alexnet_GEN_accuracy_kp1000_seed42,42,4000,232,42,accuracy,100042,0.776,4,0.655445618057251,5.52154678851366,10,0.655445618057251,valid,0.7764518759926712,0.7805078625934352,0.776,100042
GEN,0.7864,170,170,offspring,112,124,CIFAR10,233,main_b1000_cifar10_alexnet_GEN_kp10_seed42,0.1,0.7744,25,False,0.1,alexnet,False,0,0,1,0.7864,170,1,0.7812,218,2,236,8,0.1,CIFAR10_alexnet_GEN_accuracy_kp1000_seed42,42,4000,233,42,accuracy,100042,0.7744,4,0.6632180740356445,5.511883974075317,10,0.6632180740356445,valid,0.7726600126537911,0.7803019753454438,0.7744000000000001,100042
GEN,0.7864,170,170,offspring,124,112,CIFAR10,234,main_b1000_cifar10_alexnet_GEN_kp10_seed42,0.1,0.7737,25,False,0.1,alexnet,False,0,0,2,0.7864,170,1,0.7812,218,2,236,9,0.1,CIFAR10_alexnet_GEN_accuracy_kp1000_seed42,42,4000,234,42,accuracy,100042,0.7737,4,0.6624275128364563,5.5444043800234795,10,0.6624275128364563,valid,0.7745476779356091,0.7800595509392946,0.7737,100042
GEN,0.7864,170,170,offspring,222,206,CIFAR10,235,main_b1000_cifar10_alexnet_GEN_kp10_seed42,0.1,0.7804,25,False,0.1,alexnet,False,0,0,1,0.7831,224,8,0.7864,170,1,428,10,0.1,CIFAR10_alexnet_GEN_accuracy_kp1000_seed42,42,4000,235,42,accuracy,100042,0.7804,4,0.6420237216949463,5.560312047600746,10,0.6420237216949463,valid,0.7805940551818994,0.7836264399585641,0.7804,100042
GEN,0.7864,170,170,offspring,114,112,CIFAR10,236,main_b1000_cifar10_alexnet_GEN_kp10_seed42,0.1,0.7852,26,False,0.1,alexnet,False,0,0,1,0.7796,227,2,0.7804,235,10,226,2,0.1,CIFAR10_alexnet_GEN_accuracy_kp1000_seed42,42,4000,236,42,accuracy,100042,0.7852,5,0.6436224803447723,5.550509348511696,10,0.6436224803447723,valid,0.7845867800490712,0.7863774039432704,0.7852000000000001,100042
GEN,0.7864,170,170,offspring,112,114,CIFAR10,237,main_b1000_cifar10_alexnet_GEN_kp10_seed42,0.1,0.7821,26,False,0.1,alexnet,False,0,0,2,0.7796,227,2,0.7804,235,10,226,3,0.1,CIFAR10_alexnet_GEN_accuracy_kp1000_seed42,42,4000,237,42,accuracy,100042,0.7821,5,0.6499456351280213,5.5256072878837585,10,0.6499456351280213,valid,0.7826331674692051,0.7849454166746351,0.7820999999999999,100042
GEN,0.7864,170,170,offspring,46,42,CIFAR10,238,main_b1000_cifar10_alexnet_GEN_kp10_seed42,0.1,0.7795,26,False,0.1,alexnet,False,0,0,1,0.776,232,7,0.7796,227,2,88,4,0.1,CIFAR10_alexnet_GEN_accuracy_kp1000_seed42,42,4000,238,42,accuracy,100042,0.7795,5,0.6550398613929749,5.549952425062656,10,0.6550398613929749,valid,0.7808418252426119,0.7864728160923009,0.7794999999999999,100042
GEN,0.7864,170,170,offspring,42,46,CIFAR10,239,main_b1000_cifar10_alexnet_GEN_kp10_seed42,0.1,0.7749,26,False,0.1,alexnet,False,0,0,2,0.776,232,7,0.7796,227,2,88,5,0.1,CIFAR10_alexnet_GEN_accuracy_kp1000_seed42,42,4000,239,42,accuracy,100042,0.7749,4,0.6538564655780792,5.558309569954872,10,0.6538564655780792,valid,0.7727169303159835,0.7802995249397507,0.7748999999999999,100042
GEN,0.7864,170,170,offspring,62,78,CIFAR10,240,main_b1000_cifar10_alexnet_GEN_kp10_seed42,0.1,0.779,26,False,0.1,alexnet,False,0,0,1,0.7796,227,2,0.7822,229,4,140,6,0.1,CIFAR10_alexnet_GEN_accuracy_kp1000_seed42,42,4000,240,42,accuracy,100042,0.779,4,0.6532656891822815,5.534779720008373,10,0.6532656891822815,valid,0.7807358594905598,0.7891386272341854,0.7790000000000001,100042
GEN,0.7864,170,170,offspring,78,62,CIFAR10,241,main_b1000_cifar10_alexnet_GEN_kp10_seed42,0.1,0.7802,26,False,0.1,alexnet,False,0,0,2,0.7796,227,2,0.7822,229,4,140,7,0.1,CIFAR10_alexnet_GEN_accuracy_kp1000_seed42,42,4000,241,42,accuracy,100042,0.7802,5,0.650290441274643,5.516947537660599,10,0.650290441274643,valid,0.7814035411476542,0.7880212795242574,0.7802,100042
GEN,0.7864,170,170,offspring,110,96,CIFAR10,242,main_b1000_cifar10_alexnet_GEN_kp10_seed42,0.1,0.7705,26,False,0.1,alexnet,False,0,0,1,0.7804,235,10,0.7864,170,1,206,8,0.1,CIFAR10_alexnet_GEN_accuracy_kp1000_seed42,42,4000,242,42,accuracy,100042,0.7705,3,0.6662124386787415,5.542908035218716,10,0.6662124386787415,valid,0.7677903980549081,0.7747991497250207,0.7705,100042
GEN,0.7864,170,170,offspring,96,110,CIFAR10,243,main_b1000_cifar10_alexnet_GEN_kp10_seed42,0.1,0.7818,26,False,0.1,alexnet,False,0,0,2,0.7804,235,10,0.7864,170,1,206,9,0.1,CIFAR10_alexnet_GEN_accuracy_kp1000_seed42,42,4000,243,42,accuracy,100042,0.7818,4,0.6421610995769501,5.534719899296761,10,0.6421610995769501,valid,0.7825780772071257,0.7878517507063194,0.7818,100042
GEN,0.7864,170,170,offspring,120,86,CIFAR10,244,main_b1000_cifar10_alexnet_GEN_kp10_seed42,0.1,0.7833,26,False,0.1,alexnet,False,0,0,1,0.7804,235,10,0.7864,170,1,206,10,0.1,CIFAR10_alexnet_GEN_accuracy_kp1000_seed42,42,4000,244,42,accuracy,100042,0.7833,5,0.6545205160140991,5.525259852409363,10,0.6545205160140991,valid,0.7836414287647646,0.7867409912567302,0.7833,100042
GEN,0.7864,170,170,offspring,72,50,CIFAR10,245,main_b1000_cifar10_alexnet_GEN_kp10_seed42,0.1,0.7739,27,False,0.1,alexnet,False,0,0,1,0.7852,236,2,0.7833,244,10,122,2,0.1,CIFAR10_alexnet_GEN_accuracy_kp1000_seed42,42,4000,245,42,accuracy,100042,0.7739,3,0.6539781304359435,5.5306691005826,10,0.6539781304359435,valid,0.7735824641877996,0.7822193426384672,0.7738999999999999,100042
GEN,0.7864,170,170,offspring,50,72,CIFAR10,246,main_b1000_cifar10_alexnet_GEN_kp10_seed42,0.1,0.7776,27,False,0.1,alexnet,False,0,0,2,0.7852,236,2,0.7833,244,10,122,3,0.1,CIFAR10_alexnet_GEN_accuracy_kp1000_seed42,42,4000,246,42,accuracy,100042,0.7776,4,0.648899759054184,5.559896059334278,10,0.648899759054184,valid,0.7779673880264929,0.7829184765182372,0.7776,100042
GEN,0.7864,170,170,offspring,26,30,CIFAR10,247,main_b1000_cifar10_alexnet_GEN_kp10_seed42,0.1,0.7813,27,False,0.1,alexnet,False,0,0,1,0.7864,170,1,0.7795,238,4,56,4,0.1,CIFAR10_alexnet_GEN_accuracy_kp1000_seed42,42,4000,247,42,accuracy,100042,0.7813,4,0.6475451269626618,5.548201747238636,10,0.6475451269626618,valid,0.7821189762366771,0.7859087237944218,0.7813,100042
GEN,0.7864,170,170,offspring,30,26,CIFAR10,248,main_b1000_cifar10_alexnet_GEN_kp10_seed42,0.1,0.778,27,False,0.1,alexnet,False,0,0,2,0.7864,170,1,0.7795,238,4,56,5,0.1,CIFAR10_alexnet_GEN_accuracy_kp1000_seed42,42,4000,248,42,accuracy,100042,0.778,4,0.6471555809974671,5.509934112429619,10,0.6471555809974671,valid,0.7795617500302289,0.7860435188820063,0.7779999999999999,100042
GEN,0.7864,170,170,offspring,28,28,CIFAR10,249,main_b1000_cifar10_alexnet_GEN_kp10_seed42,0.1,0.7799,27,False,0.1,alexnet,True,400,200,1,0.7864,170,1,0.7795,238,4,56,6,0.1,CIFAR10_alexnet_GEN_accuracy_kp1000_seed42,42,4000,249,42,accuracy,100042,0.7799,4,0.6531153996944428,5.546201325953007,10,0.6531153996944428,valid,0.7800459180796314,0.7834665792453475,0.7798999999999999,100042
GEN,0.7864,170,170,offspring,28,28,CIFAR10,250,main_b1000_cifar10_alexnet_GEN_kp10_seed42,0.1,0.7814,27,False,0.1,alexnet,False,0,0,2,0.7864,170,1,0.7795,238,4,56,7,0.1,CIFAR10_alexnet_GEN_accuracy_kp1000_seed42,42,4000,250,42,accuracy,100042,0.7814,6,0.6632319693088532,5.523568645119667,10,0.6632319693088532,valid,0.7822229102114517,0.785604513286047,0.7813999999999999,100042
GEN,0.7864,170,170,offspring,82,64,CIFAR10,251,main_b1000_cifar10_alexnet_GEN_kp10_seed42,0.1,0.7769,27,False,0.1,alexnet,False,0,0,1,0.7833,244,10,0.779,240,6,146,8,0.1,CIFAR10_alexnet_GEN_accuracy_kp1000_seed42,42,4000,251,42,accuracy,100042,0.7769,3,0.6539599028110504,5.5469759330153465,10,0.6539599028110504,valid,0.7780604689656607,0.7851544088796347,0.7769,100042
GEN,0.7864,170,170,offspring,64,82,CIFAR10,252,main_b1000_cifar10_alexnet_GEN_kp10_seed42,0.1,0.7781,27,False,0.1,alexnet,False,0,0,2,0.7833,244,10,0.779,240,6,146,9,0.1,CIFAR10_alexnet_GEN_accuracy_kp1000_seed42,42,4000,252,42,accuracy,100042,0.7781,5,0.6562033081054688,5.513776116073132,10,0.6562033081054688,valid,0.7789634399544877,0.7840065211970003,0.7781,100042
GEN,0.7864,170,170,offspring,48,38,CIFAR10,253,main_b1000_cifar10_alexnet_GEN_kp10_seed42,0.1,0.7821,27,False,0.1,alexnet,False,0,0,1,0.7833,244,10,0.7864,170,1,86,10,0.1,CIFAR10_alexnet_GEN_accuracy_kp1000_seed42,42,4000,253,42,accuracy,100042,0.7821,5,0.6478476373672485,5.5307736322283745,10,0.6478476373672485,valid,0.7826265538101341,0.7847370254150714,0.7821,100042
GEN,0.7864,170,170,offspring,10,16,CIFAR10,254,main_b1000_cifar10_alexnet_GEN_kp10_seed42,0.1,0.7774,28,False,0.1,alexnet,False,0,0,1,0.7813,247,4,0.7864,170,1,26,2,0.1,CIFAR10_alexnet_GEN_accuracy_kp1000_seed42,42,4000,254,42,accuracy,100042,0.7774,4,0.6530092446327209,5.5275483429431915,10,0.6530092446327209,valid,0.77687484233558,0.7832651311631477,0.7774000000000001,100042
GEN,0.7864,170,170,offspring,16,10,CIFAR10,255,main_b1000_cifar10_alexnet_GEN_kp10_seed42,0.1,0.7758,28,False,0.1,alexnet,False,0,0,2,0.7813,247,4,0.7864,170,1,26,3,0.1,CIFAR10_alexnet_GEN_accuracy_kp1000_seed42,42,4000,255,42,accuracy,100042,0.7758,3,0.6533898010253906,5.525553464889526,10,0.6533898010253906,valid,0.7741568141095487,0.7754254445565893,0.7758,100042
GEN,0.7864,170,170,offspring,10,18,CIFAR10,256,main_b1000_cifar10_alexnet_GEN_kp10_seed42,0.1,0.7841,28,False,0.1,alexnet,False,0,0,1,0.7814,250,7,0.7864,170,1,28,4,0.1,CIFAR10_alexnet_GEN_accuracy_kp1000_seed42,42,4000,256,42,accuracy,100042,0.7841,5,0.6451899883747101,5.544091321527958,10,0.6451899883747101,valid,0.7837909635691902,0.7843989770447449,0.7840999999999999,100042
GEN,0.7864,170,170,offspring,18,10,CIFAR10,257,main_b1000_cifar10_alexnet_GEN_kp10_seed42,0.1,0.7776,28,False,0.1,alexnet,True,400,200,2,0.7814,250,7,0.7864,170,1,28,5,0.1,CIFAR10_alexnet_GEN_accuracy_kp1000_seed42,42,4000,257,42,accuracy,100042,0.7776,3,0.6449404772758484,5.5566281378269196,10,0.6449404772758484,valid,0.7767865811680206,0.777534872353135,0.7776000000000001,100042
GEN,0.7864,170,170,offspring,232,220,CIFAR10,258,main_b1000_cifar10_alexnet_GEN_kp10_seed42,0.1,0.7738,28,False,0.1,alexnet,True,400,200,1,0.7821,253,10,0.7799,249,6,452,6,0.1,CIFAR10_alexnet_GEN_accuracy_kp1000_seed42,42,4000,258,42,accuracy,100042,0.7738,4,0.6597850122928619,5.53199128061533,10,0.6597850122928619,valid,0.7731019300327553,0.7783717928573223,0.7738,100042
GEN,0.7864,170,170,offspring,220,232,CIFAR10,259,main_b1000_cifar10_alexnet_GEN_kp10_seed42,0.1,0.7694,28,False,0.1,alexnet,False,0,0,2,0.7821,253,10,0.7799,249,6,452,7,0.1,CIFAR10_alexnet_GEN_accuracy_kp1000_seed42,42,4000,259,42,accuracy,100042,0.7694,4,0.664548086309433,5.496168963611126,10,0.664548086309433,valid,0.7695890180822166,0.7751284261571818,0.7694,100042
GEN,0.7864,170,170,offspring,210,236,CIFAR10,260,main_b1000_cifar10_alexnet_GEN_kp10_seed42,0.1,0.7798,28,False,0.1,alexnet,False,0,0,1,0.7814,250,7,0.7799,249,6,446,8,0.1,CIFAR10_alexnet_GEN_accuracy_kp1000_seed42,42,4000,260,42,accuracy,100042,0.7798,5,0.6503977462768554,5.530398927628994,10,0.6503977462768554,valid,0.7805650434518545,0.7833076798817524,0.7798,100042
GEN,0.7864,170,170,offspring,236,210,CIFAR10,261,main_b1000_cifar10_alexnet_GEN_kp10_seed42,0.1,0.7746,28,False,0.1,alexnet,False,0,0,2,0.7814,250,7,0.7799,249,6,446,9,0.1,CIFAR10_alexnet_GEN_accuracy_kp1000_seed42,42,4000,261,42,accuracy,100042,0.7746,2,0.6525802072048187,5.525762282311916,10,0.6525802072048187,valid,0.7758895863737756,0.7819559903063946,0.7746000000000001,100042
GEN,0.7864,170,170,offspring,226,226,CIFAR10,262,main_b1000_cifar10_alexnet_GEN_kp10_seed42,0.1,0.7799,28,False,0.1,alexnet,False,0,0,1,0.7821,253,10,0.7799,249,6,452,10,0.1,CIFAR10_alexnet_GEN_accuracy_kp1000_seed42,42,4000,262,42,accuracy,100042,0.7799,3,0.6420214064598083,5.549130365252495,10,0.6420214064598083,valid,0.7796680621766487,0.781881605648219,0.7799,100042
GEN,0.7864,170,170,offspring,96,116,CIFAR10,263,main_b1000_cifar10_alexnet_GEN_kp10_seed42,0.1,0.7753,29,False,0.1,alexnet,False,0,0,1,0.7864,170,1,0.7798,260,8,212,2,0.1,CIFAR10_alexnet_GEN_accuracy_kp1000_seed42,42,4000,263,42,accuracy,100042,0.7753,3,0.6631931979656219,5.580212309956551,10,0.6631931979656219,valid,0.7757301753709582,0.779850499965185,0.7753,100042
GEN,0.7864,170,170,offspring,116,96,CIFAR10,264,main_b1000_cifar10_alexnet_GEN_kp10_seed42,0.1,0.7774,29,False,0.1,alexnet,False,0,0,2,0.7864,170,1,0.7798,260,8,212,3,0.1,CIFAR10_alexnet_GEN_accuracy_kp1000_seed42,42,4000,264,42,accuracy,100042,0.7774,4,0.6540382991313934,5.518501736223698,10,0.6540382991313934,valid,0.7770997426154034,0.7784292176091382,0.7773999999999999,100042
GEN,0.7864,170,170,offspring,118,94,CIFAR10,265,main_b1000_cifar10_alexnet_GEN_kp10_seed42,0.1,0.7806,29,False,0.1,alexnet,False,0,0,1,0.7798,260,8,0.7864,170,1,212,4,0.1,CIFAR10_alexnet_GEN_accuracy_kp1000_seed42,42,4000,265,42,accuracy,100042,0.7806,4,0.6486604278087615,5.563784956932068,10,0.6486604278087615,valid,0.7811825082666929,0.7893097708332074,0.7806000000000001,100042
GEN,0.7864,170,170,offspring,94,118,CIFAR10,266,main_b1000_cifar10_alexnet_GEN_kp10_seed42,0.1,0.7817,29,False,0.1,alexnet,False,0,0,2,0.7798,260,8,0.7864,170,1,212,5,0.1,CIFAR10_alexnet_GEN_accuracy_kp1000_seed42,42,4000,266,42,accuracy,100042,0.7817,3,0.6438682326793671,5.513511776924133,10,0.6438682326793671,valid,0.78175384071201,0.784741842198587,0.7817000000000001,100042
GEN,0.7864,170,170,offspring,230,192,CIFAR10,267,main_b1000_cifar10_alexnet_GEN_kp10_seed42,0.1,0.7777,29,False,0.1,alexnet,False,0,0,1,0.7776,257,5,0.7774,254,2,422,6,0.1,CIFAR10_alexnet_GEN_accuracy_kp1000_seed42,42,4000,267,42,accuracy,100042,0.7777,4,0.6450179798126221,5.55232036113739,10,0.6450179798126221,valid,0.7781490425022427,0.7822252502229006,0.7777000000000001,100042
GEN,0.7864,170,170,offspring,192,230,CIFAR10,268,main_b1000_cifar10_alexnet_GEN_kp10_seed42,0.1,0.7804,29,False,0.1,alexnet,False,0,0,2,0.7776,257,5,0.7774,254,2,422,7,0.1,CIFAR10_alexnet_GEN_accuracy_kp1000_seed42,42,4000,268,42,accuracy,100042,0.7804,6,0.6561677652835846,5.536670245230198,10,0.6561677652835846,valid,0.7803535709952315,0.7830867567405744,0.7804,100042
GEN,0.7864,170,170,offspring,96,116,CIFAR10,269,main_b1000_cifar10_alexnet_GEN_kp10_seed42,0.1,0.7744,29,False,0.1,alexnet,False,0,0,1,0.7774,254,2,0.7798,260,8,212,8,0.1,CIFAR10_alexnet_GEN_accuracy_kp1000_seed42,42,4000,269,42,accuracy,100042,0.7744,4,0.6596098330974579,5.565745115280151,10,0.6596098330974579,valid,0.7753473534652775,0.7847477597086586,0.7744,100042
GEN,0.7864,170,170,offspring,116,96,CIFAR10,270,main_b1000_cifar10_alexnet_GEN_kp10_seed42,0.1,0.7744,29,False,0.1,alexnet,True,400,200,2,0.7774,254,2,0.7798,260,8,212,9,0.1,CIFAR10_alexnet_GEN_accuracy_kp1000_seed42,42,4000,270,42,accuracy,100042,0.7744,3,0.6543160269260406,5.533907264471054,10,0.6543160269260406,valid,0.7757736189020005,0.7827172222339006,0.7744000000000001,100042
GEN,0.7864,170,170,offspring,212,214,CIFAR10,271,main_b1000_cifar10_alexnet_GEN_kp10_seed42,0.1,0.7755,29,False,0.1,alexnet,False,0,0,1,0.7776,257,5,0.7841,256,4,426,10,0.1,CIFAR10_alexnet_GEN_accuracy_kp1000_seed42,42,4000,271,42,accuracy,100042,0.7755,4,0.6566420465946198,5.521353483200073,10,0.6566420465946198,valid,0.7740208365162133,0.778077108575489,0.7755,100042
GEN,0.7864,170,170,offspring,166,138,CIFAR10,272,main_b1000_cifar10_alexnet_GEN_kp10_seed42,0.1,0.7845,30,False,0.1,alexnet,False,0,0,1,0.7777,267,6,0.7817,266,5,304,2,0.1,CIFAR10_alexnet_GEN_accuracy_kp1000_seed42,42,4000,272,42,accuracy,100042,0.7845,5,0.6506958241462708,5.535704039037228,10,0.6506958241462708,valid,0.7841340806005096,0.7849598279014288,0.7845,100042
GEN,0.7864,170,170,offspring,138,166,CIFAR10,273,main_b1000_cifar10_alexnet_GEN_kp10_seed42,0.1,0.7784,30,False,0.1,alexnet,False,0,0,2,0.7777,267,6,0.7817,266,5,304,3,0.1,CIFAR10_alexnet_GEN_accuracy_kp1000_seed42,42,4000,273,42,accuracy,100042,0.7784,5,0.6572082383155823,5.5225110575556755,10,0.6572082383155823,valid,0.7781242052575832,0.7794351078292261,0.7784,100042
GEN,0.7864,170,170,offspring,44,60,CIFAR10,274,main_b1000_cifar10_alexnet_GEN_kp10_seed42,0.1,0.7791,30,False,0.1,alexnet,False,0,0,1,0.7817,266,5,0.7774,264,3,104,4,0.1,CIFAR10_alexnet_GEN_accuracy_kp1000_seed42,42,4000,274,42,accuracy,100042,0.7791,4,0.6521000916481018,5.5177125707268715,10,0.6521000916481018,valid,0.777637331937875,0.7802793271209923,0.7791,100042
GEN,0.7864,170,170,offspring,60,44,CIFAR10,275,main_b1000_cifar10_alexnet_GEN_kp10_seed42,0.1,0.7799,30,False,0.1,alexnet,False,0,0,2,0.7817,266,5,0.7774,264,3,104,5,0.1,CIFAR10_alexnet_GEN_accuracy_kp1000_seed42,42,4000,275,42,accuracy,100042,0.7799,4,0.6492238108634949,5.564629651606083,10,0.6492238108634949,valid,0.7788425844946213,0.7805271659528247,0.7799000000000001,100042
GEN,0.7864,170,170,offspring,168,146,CIFAR10,276,main_b1000_cifar10_alexnet_GEN_kp10_seed42,0.1,0.7784,30,False,0.1,alexnet,False,0,0,1,0.7804,268,7,0.7806,265,4,314,6,0.1,CIFAR10_alexnet_GEN_accuracy_kp1000_seed42,42,4000,276,42,accuracy,100042,0.7784,3,0.6487210520744324,5.576875038444996,10,0.6487210520744324,valid,0.7786889566089477,0.7832226917223749,0.7784,100042
GEN,0.7864,170,170,offspring,146,168,CIFAR10,277,main_b1000_cifar10_alexnet_GEN_kp10_seed42,0.1,0.7811,30,False,0.1,alexnet,False,0,0,2,0.7804,268,7,0.7806,265,4,314,7,0.1,CIFAR10_alexnet_GEN_accuracy_kp1000_seed42,42,4000,277,42,accuracy,100042,0.7811,4,0.6430898442268371,5.503585934638977,10,0.6430898442268371,valid,0.7824379031114903,0.7890608099444147,0.7811000000000001,100042
GEN,0.7864,170,170,offspring,140,138,CIFAR10,278,main_b1000_cifar10_alexnet_GEN_kp10_seed42,0.1,0.776,30,False,0.1,alexnet,False,0,0,1,0.7806,265,4,0.7777,267,6,278,8,0.1,CIFAR10_alexnet_GEN_accuracy_kp1000_seed42,42,4000,278,42,accuracy,100042,0.776,4,0.6576502327919006,5.566109098494053,10,0.6576502327919006,valid,0.7766441006030638,0.7836264738770506,0.776,100042
GEN,0.7864,170,170,offspring,138,140,CIFAR10,279,main_b1000_cifar10_alexnet_GEN_kp10_seed42,0.1,0.7832,30,False,0.1,alexnet,False,0,0,2,0.7806,265,4,0.7777,267,6,278,9,0.1,CIFAR10_alexnet_GEN_accuracy_kp1000_seed42,42,4000,279,42,accuracy,100042,0.7832,4,0.645473288822174,5.523896232247353,10,0.645473288822174,valid,0.7823439804677806,0.7850725117982014,0.7832000000000001,100042
GEN,0.7864,170,170,offspring,220,202,CIFAR10,280,main_b1000_cifar10_alexnet_GEN_kp10_seed42,0.1,0.7832,30,False,0.1,alexnet,False,0,0,1,0.7804,268,7,0.7777,267,6,422,10,0.1,CIFAR10_alexnet_GEN_accuracy_kp1000_seed42,42,4000,280,42,accuracy,100042,0.7832,5,0.651037253332138,5.542857460677624,10,0.651037253332138,valid,0.7831778344365179,0.7842320427372349,0.7831999999999999,100042
GEN,0.7864,170,170,offspring,106,86,CIFAR10,281,main_b1000_cifar10_alexnet_GEN_kp10_seed42,0.1,0.7825,31,False,0.1,alexnet,False,0,0,1,0.7864,170,1,0.7832,280,10,192,2,0.1,CIFAR10_alexnet_GEN_accuracy_kp1000_seed42,42,4000,281,42,accuracy,100042,0.7825,4,0.6455377642631531,5.513118505477905,10,0.6455377642631531,valid,0.7833119656722299,0.787948160053969,0.7825,100042
GEN,0.7864,170,170,offspring,86,106,CIFAR10,282,main_b1000_cifar10_alexnet_GEN_kp10_seed42,0.1,0.7825,31,False,0.1,alexnet,False,0,0,2,0.7864,170,1,0.7832,280,10,192,3,0.1,CIFAR10_alexnet_GEN_accuracy_kp1000_seed42,42,4000,282,42,accuracy,100042,0.7825,3,0.6456793000221253,5.543351203203201,10,0.6456793000221253,valid,0.782685660515814,0.7841441975286085,0.7825,100042
GEN,0.7864,170,170,offspring,48,60,CIFAR10,283,main_b1000_cifar10_alexnet_GEN_kp10_seed42,0.1,0.7817,31,False,0.1,alexnet,False,0,0,1,0.7864,170,1,0.7799,275,5,108,4,0.1,CIFAR10_alexnet_GEN_accuracy_kp1000_seed42,42,4000,283,42,accuracy,100042,0.7817,4,0.6505292677402497,5.550262860953808,10,0.6505292677402497,valid,0.7818697345315343,0.7859370034909824,0.7817,100042
GEN,0.7864,170,170,offspring,60,48,CIFAR10,284,main_b1000_cifar10_alexnet_GEN_kp10_seed42,0.1,0.781,31,False,0.1,alexnet,False,0,0,2,0.7864,170,1,0.7799,275,5,108,5,0.1,CIFAR10_alexnet_GEN_accuracy_kp1000_seed42,42,4000,284,42,accuracy,100042,0.781,4,0.6426825862884521,5.552167467772961,10,0.6426825862884521,valid,0.7807445837547066,0.7834089596173873,0.7809999999999999,100042
GEN,0.7864,170,170,offspring,132,150,CIFAR10,285,main_b1000_cifar10_alexnet_GEN_kp10_seed42,0.1,0.7779,31,False,0.1,alexnet,False,0,0,1,0.7845,272,2,0.7832,280,10,282,6,0.1,CIFAR10_alexnet_GEN_accuracy_kp1000_seed42,42,4000,285,42,accuracy,100042,0.7779,4,0.6546903462886811,5.537372522056103,10,0.6546903462886811,valid,0.776056142752757,0.7784387690684172,0.7779,100042
GEN,0.7864,170,170,offspring,150,132,CIFAR10,286,main_b1000_cifar10_alexnet_GEN_kp10_seed42,0.1,0.7756,31,False,0.1,alexnet,False,0,0,2,0.7845,272,2,0.7832,280,10,282,7,0.1,CIFAR10_alexnet_GEN_accuracy_kp1000_seed42,42,4000,286,42,accuracy,100042,0.7756,4,0.6541767401695251,5.587618313729763,10,0.6541767401695251,valid,0.7729487414718662,0.7778130726720456,0.7756000000000001,100042
GEN,0.7864,170,170,offspring,86,72,CIFAR10,287,main_b1000_cifar10_alexnet_GEN_kp10_seed42,0.1,0.7759,31,False,0.1,alexnet,False,0,0,1,0.7864,170,1,0.7845,272,2,158,8,0.1,CIFAR10_alexnet_GEN_accuracy_kp1000_seed42,42,4000,287,42,accuracy,100042,0.7759,3,0.6578932567119599,5.552405551075935,10,0.6578932567119599,valid,0.777008588911434,0.7831767100989502,0.7758999999999999,100042
GEN,0.7864,170,170,offspring,72,86,CIFAR10,288,main_b1000_cifar10_alexnet_GEN_kp10_seed42,0.1,0.7767,31,False,0.1,alexnet,False,0,0,2,0.7864,170,1,0.7845,272,2,158,9,0.1,CIFAR10_alexnet_GEN_accuracy_kp1000_seed42,42,4000,288,42,accuracy,100042,0.7767,4,0.6631087475776672,5.51737305521965,10,0.6631087475776672,valid,0.776409517842167,0.7778495502729001,0.7767,100042
GEN,0.7864,170,170,offspring,74,84,CIFAR10,289,main_b1000_cifar10_alexnet_GEN_kp10_seed42,0.1,0.7756,31,False,0.1,alexnet,False,0,0,1,0.7864,170,1,0.7845,272,2,158,10,0.1,CIFAR10_alexnet_GEN_accuracy_kp1000_seed42,42,4000,289,42,accuracy,100042,0.7756,2,0.65307390999794,5.495494961738586,10,0.65307390999794,valid,0.7752995350845396,0.7809440975519518,0.7756000000000001,100042
GEN,0.7864,170,170,offspring,80,112,CIFAR10,290,main_b1000_cifar10_alexnet_GEN_kp10_seed42,0.1,0.7789,32,False,0.1,alexnet,True,400,200,1,0.7825,281,2,0.7825,282,3,192,2,0.1,CIFAR10_alexnet_GEN_accuracy_kp1000_seed42,42,4000,290,42,accuracy,100042,0.7789,5,0.657022512435913,5.514082588255405,10,0.657022512435913,valid,0.778720655054514,0.7814408088311622,0.7789,100042
GEN,0.7864,170,170,offspring,112,80,CIFAR10,291,main_b1000_cifar10_alexnet_GEN_kp10_seed42,0.1,0.7795,32,False,0.1,alexnet,False,0,0,2,0.7825,281,2,0.7825,282,3,192,3,0.1,CIFAR10_alexnet_GEN_accuracy_kp1000_seed42,42,4000,291,42,accuracy,100042,0.7795,4,0.6458967924118042,5.505551941692829,10,0.6458967924118042,valid,0.780494515407745,0.7861532533716795,0.7795,100042
GEN,0.7864,170,170,offspring,76,70,CIFAR10,292,main_b1000_cifar10_alexnet_GEN_kp10_seed42,0.1,0.7741,32,False,0.1,alexnet,False,0,0,1,0.7825,282,3,0.781,284,5,146,4,0.1,CIFAR10_alexnet_GEN_accuracy_kp1000_seed42,42,4000,292,42,accuracy,100042,0.7741,3,0.6476269847869873,5.485252223908901,10,0.6476269847869873,valid,0.7743856810800784,0.7773097977068442,0.7741,100042
GEN,0.7864,170,170,offspring,70,76,CIFAR10,293,main_b1000_cifar10_alexnet_GEN_kp10_seed42,0.1,0.7841,32,False,0.1,alexnet,False,0,0,2,0.7825,282,3,0.781,284,5,146,5,0.1,CIFAR10_alexnet_GEN_accuracy_kp1000_seed42,42,4000,293,42,accuracy,100042,0.7841,4,0.6465603737831116,5.520915225148201,10,0.6465603737831116,valid,0.7842228683768091,0.7868707602141967,0.7841,100042
GEN,0.7864,170,170,offspring,76,78,CIFAR10,294,main_b1000_cifar10_alexnet_GEN_kp10_seed42,0.1,0.7828,32,False,0.1,alexnet,False,0,0,1,0.7817,283,4,0.7825,281,2,154,6,0.1,CIFAR10_alexnet_GEN_accuracy_kp1000_seed42,42,4000,294,42,accuracy,100042,0.7828,5,0.6438301349163056,5.570423975586891,10,0.6438301349163056,valid,0.783011294873402,0.7837676639585236,0.7828000000000002,100042
GEN,0.7864,170,170,offspring,78,76,CIFAR10,295,main_b1000_cifar10_alexnet_GEN_kp10_seed42,0.1,0.7791,32,False,0.1,alexnet,False,0,0,2,0.7817,283,4,0.7825,281,2,154,7,0.1,CIFAR10_alexnet_GEN_accuracy_kp1000_seed42,42,4000,295,42,accuracy,100042,0.7791,5,0.6514744227409363,5.642321206629276,10,0.6514744227409363,valid,0.7790507776331441,0.7813036603290023,0.7791,100042
GEN,0.7864,170,170,offspring,110,82,CIFAR10,296,main_b1000_cifar10_alexnet_GEN_kp10_seed42,0.1,0.7751,32,False,0.1,alexnet,False,0,0,1,0.7825,281,2,0.7825,282,3,192,8,0.1,CIFAR10_alexnet_GEN_accuracy_kp1000_seed42,42,4000,296,42,accuracy,100042,0.7751,3,0.6556268869876861,5.942333951592445,10,0.6556268869876861,valid,0.7754096970784954,0.7817269235529979,0.7750999999999999,100042
GEN,0.7864,170,170,offspring,82,110,CIFAR10,297,main_b1000_cifar10_alexnet_GEN_kp10_seed42,0.1,0.7804,32,False,0.1,alexnet,False,0,0,2,0.7825,281,2,0.7825,282,3,192,9,0.1,CIFAR10_alexnet_GEN_accuracy_kp1000_seed42,42,4000,297,42,accuracy,100042,0.7804,7,0.6651346719264984,5.560895927250385,10,0.6651346719264984,valid,0.7809261779562005,0.7828263958897859,0.7804,100042
GEN,0.7864,170,170,offspring,40,46,CIFAR10,298,main_b1000_cifar10_alexnet_GEN_kp10_seed42,0.1,0.7826,32,False,0.1,alexnet,False,0,0,1,0.7825,282,3,0.7864,170,1,86,10,0.1,CIFAR10_alexnet_GEN_accuracy_kp1000_seed42,42,4000,298,42,accuracy,100042,0.7826,5,0.6504084618568421,5.532141953706741,10,0.6504084618568421,valid,0.7820170839510211,0.7837614542492165,0.7826,100042
GEN,0.7864,170,170,offspring,56,68,CIFAR10,299,main_b1000_cifar10_alexnet_GEN_kp10_seed42,0.1,0.7801,33,False,0.1,alexnet,False,0,0,1,0.7828,294,6,0.7826,298,10,124,2,0.1,CIFAR10_alexnet_GEN_accuracy_kp1000_seed42,42,4000,299,42,accuracy,100042,0.7801,5,0.6517355140209198,5.510410785675049,10,0.6517355140209198,valid,0.7811034919937551,0.784024241440952,0.7801,100042
GEN,0.7864,170,170,offspring,68,56,CIFAR10,300,main_b1000_cifar10_alexnet_GEN_kp10_seed42,0.1,0.7788,33,False,0.1,alexnet,True,400,200,2,0.7828,294,6,0.7826,298,10,124,3,0.1,CIFAR10_alexnet_GEN_accuracy_kp1000_seed42,42,4000,300,42,accuracy,100042,0.7788,3,0.6514778049468994,5.522100865840912,10,0.6514778049468994,valid,0.778086833596712,0.7837695655022767,0.7787999999999999,100042
GEN,0.7864,170,170,offspring,32,46,CIFAR10,301,main_b1000_cifar10_alexnet_GEN_kp10_seed42,0.1,0.78,33,False,0.1,alexnet,False,0,0,1,0.7826,298,10,0.7841,293,5,78,4,0.1,CIFAR10_alexnet_GEN_accuracy_kp1000_seed42,42,4000,301,42,accuracy,100042,0.78,4,0.6530370164871215,5.513461038470268,10,0.6530370164871215,valid,0.7783417687603635,0.7818654010992943,0.78,100042
GEN,0.7864,170,170,offspring,46,32,CIFAR10,302,main_b1000_cifar10_alexnet_GEN_kp10_seed42,0.1,0.7854,33,False,0.1,alexnet,False,0,0,2,0.7826,298,10,0.7841,293,5,78,5,0.1,CIFAR10_alexnet_GEN_accuracy_kp1000_seed42,42,4000,302,42,accuracy,100042,0.7854,6,0.649152941608429,5.523009844124317,10,0.649152941608429,valid,0.7858248630384507,0.787750745724382,0.7853999999999999,100042
GEN,0.7864,170,170,offspring,64,60,CIFAR10,303,main_b1000_cifar10_alexnet_GEN_kp10_seed42,0.1,0.7767,33,False,0.1,alexnet,False,0,0,1,0.7826,298,10,0.7828,294,6,124,6,0.1,CIFAR10_alexnet_GEN_accuracy_kp1000_seed42,42,4000,303,42,accuracy,100042,0.7767,2,0.6494345537185668,5.53336238861084,10,0.6494345537185668,valid,0.7749991474209389,0.7769039052416085,0.7767,100042
GEN,0.7864,170,170,offspring,60,64,CIFAR10,304,main_b1000_cifar10_alexnet_GEN_kp10_seed42,0.1,0.772,33,False,0.1,alexnet,False,0,0,2,0.7826,298,10,0.7828,294,6,124,7,0.1,CIFAR10_alexnet_GEN_accuracy_kp1000_seed42,42,4000,304,42,accuracy,100042,0.772,2,0.6563796229362487,5.593758299946785,10,0.6563796229362487,valid,0.7718536604113929,0.7797534284845831,0.772,100042
GEN,0.7864,170,170,offspring,38,44,CIFAR10,305,main_b1000_cifar10_alexnet_GEN_kp10_seed42,0.1,0.7736,33,False,0.1,alexnet,False,0,0,1,0.7864,170,1,0.7828,294,6,82,8,0.1,CIFAR10_alexnet_GEN_accuracy_kp1000_seed42,42,4000,305,42,accuracy,100042,0.7736,3,0.65637819480896,5.544646002352238,10,0.65637819480896,valid,0.7726079940424326,0.774222352297395,0.7736,100042
GEN,0.7864,170,170,offspring,44,38,CIFAR10,306,main_b1000_cifar10_alexnet_GEN_kp10_seed42,0.1,0.7686,33,False,0.1,alexnet,False,0,0,2,0.7864,170,1,0.7828,294,6,82,9,0.1,CIFAR10_alexnet_GEN_accuracy_kp1000_seed42,42,4000,306,42,accuracy,100042,0.7686,2,0.6542299207210541,5.55240735411644,10,0.6542299207210541,valid,0.7700789697836999,0.7779171637258189,0.7686,100042
GEN,0.7864,170,170,offspring,54,46,CIFAR10,307,main_b1000_cifar10_alexnet_GEN_kp10_seed42,0.1,0.7752,33,False,0.1,alexnet,False,0,0,1,0.7864,170,1,0.7795,291,3,100,10,0.1,CIFAR10_alexnet_GEN_accuracy_kp1000_seed42,42,4000,307,42,accuracy,100042,0.7752,5,0.6614367480754852,5.522234983742237,10,0.6614367480754852,valid,0.7762822375896132,0.7834368833197367,0.7752,100042
GEN,0.7864,170,170,offspring,46,48,CIFAR10,308,main_b1000_cifar10_alexnet_GEN_kp10_seed42,0.1,0.7801,34,False,0.1,alexnet,False,0,0,1,0.7801,299,2,0.7854,302,5,94,2,0.1,CIFAR10_alexnet_GEN_accuracy_kp1000_seed42,42,4000,308,42,accuracy,100042,0.7801,4,0.6469240854263306,5.533356614410877,10,0.6469240854263306,valid,0.7794116381943346,0.7811577761892314,0.7801,100042
GEN,0.7864,170,170,offspring,48,46,CIFAR10,309,main_b1000_cifar10_alexnet_GEN_kp10_seed42,0.1,0.7849,34,False,0.1,alexnet,False,0,0,2,0.7801,299,2,0.7854,302,5,94,3,0.1,CIFAR10_alexnet_GEN_accuracy_kp1000_seed42,42,4000,309,42,accuracy,100042,0.7849,4,0.6356943555831909,5.543749704957008,10,0.6356943555831909,valid,0.7851891283863424,0.7869452974062332,0.7849,100042
GEN,0.7864,170,170,offspring,34,26,CIFAR10,310,main_b1000_cifar10_alexnet_GEN_kp10_seed42,0.1,0.7801,34,False,0.1,alexnet,False,0,0,1,0.7864,170,1,0.7801,299,2,60,4,0.1,CIFAR10_alexnet_GEN_accuracy_kp1000_seed42,42,4000,310,42,accuracy,100042,0.7801,5,0.6603814432144165,5.52418502420187,10,0.6603814432144165,valid,0.7795431891342521,0.783172631489913,0.7800999999999999,100042
GEN,0.7864,170,170,offspring,26,34,CIFAR10,311,main_b1000_cifar10_alexnet_GEN_kp10_seed42,0.1,0.7838,34,False,0.1,alexnet,True,400,200,2,0.7864,170,1,0.7801,299,2,60,5,0.1,CIFAR10_alexnet_GEN_accuracy_kp1000_seed42,42,4000,311,42,accuracy,100042,0.7838,3,0.6418404604434967,5.52484080940485,10,0.6418404604434967,valid,0.7834808616351255,0.7845448434540462,0.7837999999999999,100042
GEN,0.7864,170,170,offspring,18,20,CIFAR10,312,main_b1000_cifar10_alexnet_GEN_kp10_seed42,0.1,0.7809,34,False,0.1,alexnet,False,0,0,1,0.7864,170,1,0.7736,305,8,38,6,0.1,CIFAR10_alexnet_GEN_accuracy_kp1000_seed42,42,4000,312,42,accuracy,100042,0.7809,4,0.6488998251914978,5.543376095592976,10,0.6488998251914978,valid,0.7815853699099701,0.7857274446378941,0.7809000000000001,100042
GEN,0.7864,170,170,offspring,20,18,CIFAR10,313,main_b1000_cifar10_alexnet_GEN_kp10_seed42,0.1,0.7795,34,False,0.1,alexnet,False,0,0,2,0.7864,170,1,0.7736,305,8,38,7,0.1,CIFAR10_alexnet_GEN_accuracy_kp1000_seed42,42,4000,313,42,accuracy,100042,0.7795,4,0.6560864126205445,5.5538546442985535,10,0.6560864126205445,valid,0.7789672091945785,0.7809736531018163,0.7795000000000001,100042
GEN,0.7864,170,170,offspring,244,272,CIFAR10,314,main_b1000_cifar10_alexnet_GEN_kp10_seed42,0.1,0.7807,34,False,0.1,alexnet,False,0,0,1,0.7801,299,2,0.7788,300,3,516,8,0.1,CIFAR10_alexnet_GEN_accuracy_kp1000_seed42,42,4000,314,42,accuracy,100042,0.7807,4,0.6519640561580657,5.546158090233803,10,0.6519640561580657,valid,0.779965335433612,0.7836253705613397,0.7807000000000001,100042
GEN,0.7864,170,170,offspring,272,244,CIFAR10,315,main_b1000_cifar10_alexnet_GEN_kp10_seed42,0.1,0.7758,34,False,0.1,alexnet,False,0,0,2,0.7801,299,2,0.7788,300,3,516,9,0.1,CIFAR10_alexnet_GEN_accuracy_kp1000_seed42,42,4000,315,42,accuracy,100042,0.7758,3,0.6452768164634705,5.586878038942814,10,0.6452768164634705,valid,0.7771597598281021,0.7867468864668262,0.7758,100042
GEN,0.7864,170,170,offspring,26,34,CIFAR10,316,main_b1000_cifar10_alexnet_GEN_kp10_seed42,0.1,0.7736,34,False,0.1,alexnet,False,0,0,1,0.7854,302,5,0.7864,170,1,60,10,0.1,CIFAR10_alexnet_GEN_accuracy_kp1000_seed42,42,4000,316,42,accuracy,100042,0.7736,4,0.6583907910823822,5.55448704212904,10,0.6583907910823822,valid,0.7753117926879743,0.7828120124581653,0.7736000000000001,100042
GEN,0.7864,170,170,offspring,34,24,CIFAR10,317,main_b1000_cifar10_alexnet_GEN_kp10_seed42,0.1,0.779,35,False,0.1,alexnet,False,0,0,1,0.7864,170,1,0.7849,309,3,58,2,0.1,CIFAR10_alexnet_GEN_accuracy_kp1000_seed42,42,4000,317,42,accuracy,100042,0.779,4,0.645000957775116,5.530268512666225,10,0.645000957775116,valid,0.778624118443042,0.7816573111543595,0.7790000000000001,100042
GEN,0.7864,170,170,offspring,24,34,CIFAR10,318,main_b1000_cifar10_alexnet_GEN_kp10_seed42,0.1,0.7763,35,False,0.1,alexnet,False,0,0,2,0.7864,170,1,0.7849,309,3,58,3,0.1,CIFAR10_alexnet_GEN_accuracy_kp1000_seed42,42,4000,318,42,accuracy,100042,0.7763,3,0.6552155024051666,5.552501179277897,10,0.6552155024051666,valid,0.7765623199167183,0.7802365408894797,0.7763000000000001,100042
GEN,0.7864,170,170,offspring,128,130,CIFAR10,319,main_b1000_cifar10_alexnet_GEN_kp10_seed42,0.1,0.7796,35,False,0.1,alexnet,False,0,0,1,0.7795,313,7,0.7807,314,8,258,4,0.1,CIFAR10_alexnet_GEN_accuracy_kp1000_seed42,42,4000,319,42,accuracy,100042,0.7796,3,0.6460131310462952,5.537515796720982,10,0.6460131310462952,valid,0.7785067041891283,0.7798345396299008,0.7796,100042
GEN,0.7864,170,170,offspring,130,128,CIFAR10,320,main_b1000_cifar10_alexnet_GEN_kp10_seed42,0.1,0.781,35,False,0.1,alexnet,False,0,0,2,0.7795,313,7,0.7807,314,8,258,5,0.1,CIFAR10_alexnet_GEN_accuracy_kp1000_seed42,42,4000,320,42,accuracy,100042,0.781,7,0.6693889936447144,5.535796836018562,10,0.6693889936447144,valid,0.7805283276057378,0.7813356357009267,0.781,100042
GEN,0.7864,170,170,offspring,28,30,CIFAR10,321,main_b1000_cifar10_alexnet_GEN_kp10_seed42,0.1,0.7846,35,False,0.1,alexnet,False,0,0,1,0.7864,170,1,0.7849,309,3,58,6,0.1,CIFAR10_alexnet_GEN_accuracy_kp1000_seed42,42,4000,321,42,accuracy,100042,0.7846,4,0.6407094791412353,5.5044315829873085,10,0.6407094791412353,valid,0.7839134156853456,0.7867256550699037,0.7846000000000001,100042
GEN,0.7864,170,170,offspring,30,28,CIFAR10,322,main_b1000_cifar10_alexnet_GEN_kp10_seed42,0.1,0.7848,35,False,0.1,alexnet,False,0,0,2,0.7864,170,1,0.7849,309,3,58,7,0.1,CIFAR10_alexnet_GEN_accuracy_kp1000_seed42,42,4000,322,42,accuracy,100042,0.7848,4,0.634871757698059,5.5213421285152435,10,0.634871757698059,valid,0.7844144587171646,0.7860541233297946,0.7848,100042
GEN,0.7864,170,170,offspring,26,32,CIFAR10,323,main_b1000_cifar10_alexnet_GEN_kp10_seed42,0.1,0.7831,35,False,0.1,alexnet,False,0,0,1,0.7864,170,1,0.7849,309,3,58,8,0.1,CIFAR10_alexnet_GEN_accuracy_kp1000_seed42,42,4000,323,42,accuracy,100042,0.7831,5,0.6443274719238281,5.56640137732029,10,0.6443274719238281,valid,0.7836613397083776,0.7855909515711007,0.7830999999999999,100042
GEN,0.7864,170,170,offspring,32,26,CIFAR10,324,main_b1000_cifar10_alexnet_GEN_kp10_seed42,0.1,0.7802,35,False,0.1,alexnet,False,0,0,2,0.7864,170,1,0.7849,309,3,58,9,0.1,CIFAR10_alexnet_GEN_accuracy_kp1000_seed42,42,4000,324,42,accuracy,100042,0.7802,4,0.64806409907341,5.558799363672733,10,0.64806409907341,valid,0.7805766385100539,0.7872868690497361,0.7802,100042
GEN,0.7864,170,170,offspring,132,134,CIFAR10,325,main_b1000_cifar10_alexnet_GEN_kp10_seed42,0.1,0.7827,35,False,0.1,alexnet,True,400,200,1,0.7849,309,3,0.7807,314,8,266,10,0.1,CIFAR10_alexnet_GEN_accuracy_kp1000_seed42,42,4000,325,42,accuracy,100042,0.7827,7,0.6689949428081512,5.546449787914753,10,0.6689949428081512,valid,0.7842608167528906,0.7899925415829678,0.7827,100042
GEN,0.7864,170,170,offspring,16,12,CIFAR10,326,main_b1000_cifar10_alexnet_GEN_kp10_seed42,0.1,0.7812,36,False,0.1,alexnet,False,0,0,1,0.7864,170,1,0.7846,321,6,28,2,0.1,CIFAR10_alexnet_GEN_accuracy_kp1000_seed42,42,4000,326,42,accuracy,100042,0.7812,4,0.6446707133293151,5.543415077030659,10,0.6446707133293151,valid,0.7813020546323342,0.7852372819195965,0.7812,100042
GEN,0.7864,170,170,offspring,12,16,CIFAR10,327,main_b1000_cifar10_alexnet_GEN_kp10_seed42,0.1,0.7843,36,False,0.1,alexnet,False,0,0,2,0.7864,170,1,0.7846,321,6,28,3,0.1,CIFAR10_alexnet_GEN_accuracy_kp1000_seed42,42,4000,327,42,accuracy,100042,0.7843,5,0.6516377807617187,5.527915820479393,10,0.6516377807617187,valid,0.7841962858129724,0.7849990916059028,0.7843,100042
GEN,0.7864,170,170,offspring,80,76,CIFAR10,328,main_b1000_cifar10_alexnet_GEN_kp10_seed42,0.1,0.7795,36,False,0.1,alexnet,False,0,0,1,0.7831,323,8,0.781,320,5,156,4,0.1,CIFAR10_alexnet_GEN_accuracy_kp1000_seed42,42,4000,328,42,accuracy,100042,0.7795,4,0.649079306602478,5.520413316786289,10,0.649079306602478,valid,0.7786977917146127,0.7838895184163073,0.7795,100042
GEN,0.7864,170,170,offspring,76,80,CIFAR10,329,main_b1000_cifar10_alexnet_GEN_kp10_seed42,0.1,0.7751,36,False,0.1,alexnet,False,0,0,2,0.7831,323,8,0.781,320,5,156,5,0.1,CIFAR10_alexnet_GEN_accuracy_kp1000_seed42,42,4000,329,42,accuracy,100042,0.7751,3,0.6578834835052491,5.498756587505341,10,0.6578834835052491,valid,0.7732760820994522,0.7780445254551978,0.7750999999999999,100042
GEN,0.7864,170,170,offspring,18,12,CIFAR10,330,main_b1000_cifar10_alexnet_GEN_kp10_seed42,0.1,0.7838,36,False,0.1,alexnet,False,0,0,1,0.7864,170,1,0.7848,322,7,30,6,0.1,CIFAR10_alexnet_GEN_accuracy_kp1000_seed42,42,4000,330,42,accuracy,100042,0.7838,4,0.6367838292121887,5.528231479227543,10,0.6367838292121887,valid,0.7842773348127177,0.7867048739177462,0.7838,100042
GEN,0.7864,170,170,offspring,12,18,CIFAR10,331,main_b1000_cifar10_alexnet_GEN_kp10_seed42,0.1,0.7799,36,False,0.1,alexnet,False,0,0,2,0.7864,170,1,0.7848,322,7,30,7,0.1,CIFAR10_alexnet_GEN_accuracy_kp1000_seed42,42,4000,331,42,accuracy,100042,0.7799,4,0.6499319499969483,5.532367676496506,10,0.6499319499969483,valid,0.7791869569218063,0.781007793451366,0.7798999999999999,100042
GEN,0.7864,170,170,offspring,14,14,CIFAR10,332,main_b1000_cifar10_alexnet_GEN_kp10_seed42,0.1,0.7833,36,False,0.1,alexnet,False,0,0,1,0.7846,321,6,0.7864,170,1,28,8,0.1,CIFAR10_alexnet_GEN_accuracy_kp1000_seed42,42,4000,332,42,accuracy,100042,0.7833,5,0.6496997316360473,5.559776067733765,10,0.6496997316360473,valid,0.7825395715225317,0.7837943978958284,0.7833,100042
GEN,0.7864,170,170,offspring,14,14,CIFAR10,333,main_b1000_cifar10_alexnet_GEN_kp10_seed42,0.1,0.7819,36,False,0.1,alexnet,False,0,0,2,0.7846,321,6,0.7864,170,1,28,9,0.1,CIFAR10_alexnet_GEN_accuracy_kp1000_seed42,42,4000,333,42,accuracy,100042,0.7819,5,0.6451455923080445,5.541537366807461,10,0.6451455923080445,valid,0.7817852721038845,0.7837376753929172,0.7819,100042
GEN,0.7864,170,170,offspring,280,252,CIFAR10,334,main_b1000_cifar10_alexnet_GEN_kp10_seed42,0.1,0.7776,36,False,0.1,alexnet,True,400,200,1,0.7827,325,10,0.7848,322,7,532,10,0.1,CIFAR10_alexnet_GEN_accuracy_kp1000_seed42,42,4000,334,42,accuracy,100042,0.7776,4,0.6519055223941803,5.546584479510784,10,0.6519055223941803,valid,0.7780409488619182,0.7812872785014056,0.7776,100042
GEN,0.7864,170,170,offspring,6,8,CIFAR10,335,main_b1000_cifar10_alexnet_GEN_kp10_seed42,0.1,0.775,37,False,0.1,alexnet,False,0,0,1,0.7864,170,1,0.7833,332,8,14,2,0.1,CIFAR10_alexnet_GEN_accuracy_kp1000_seed42,42,4000,335,42,accuracy,100042,0.775,3,0.649297406578064,5.560895659029484,10,0.649297406578064,valid,0.7745115068285064,0.7767618559801734,0.775,100042
GEN,0.7864,170,170,offspring,8,6,CIFAR10,336,main_b1000_cifar10_alexnet_GEN_kp10_seed42,0.1,0.7774,37,False,0.1,alexnet,False,0,0,2,0.7864,170,1,0.7833,332,8,14,3,0.1,CIFAR10_alexnet_GEN_accuracy_kp1000_seed42,42,4000,336,42,accuracy,100042,0.7774,4,0.6478752606391907,5.502892531454563,10,0.6478752606391907,valid,0.7789083007201992,0.7860837366753043,0.7773999999999999,100042
GEN,0.7864,170,170,offspring,8,4,CIFAR10,337,main_b1000_cifar10_alexnet_GEN_kp10_seed42,0.1,0.7744,37,False,0.1,alexnet,False,0,0,1,0.7864,170,1,0.7843,327,3,12,4,0.1,CIFAR10_alexnet_GEN_accuracy_kp1000_seed42,42,4000,337,42,accuracy,100042,0.7744,3,0.6531812603950501,5.500408098101616,10,0.6531812603950501,valid,0.7746234911240535,0.7796571341589499,0.7744000000000001,100042
GEN,0.7864,170,170,offspring,4,8,CIFAR10,338,main_b1000_cifar10_alexnet_GEN_kp10_seed42,0.1,0.781,37,False,0.1,alexnet,True,400,200,2,0.7864,170,1,0.7843,327,3,12,5,0.1,CIFAR10_alexnet_GEN_accuracy_kp1000_seed42,42,4000,338,42,accuracy,100042,0.781,4,0.648822957611084,5.517034657299519,10,0.648822957611084,valid,0.7804576827580896,0.7822191407865373,0.781,100042
GEN,0.7864,170,170,offspring,4,8,CIFAR10,339,main_b1000_cifar10_alexnet_GEN_kp10_seed42,0.1,0.7833,37,False,0.1,alexnet,False,0,0,1,0.7864,170,1,0.7843,327,3,12,6,0.1,CIFAR10_alexnet_GEN_accuracy_kp1000_seed42,42,4000,339,42,accuracy,100042,0.7833,5,0.6562932723999023,5.510724700987339,10,0.6562932723999023,valid,0.783775182327786,0.7872199475092234,0.7833,100042
GEN,0.7864,170,170,offspring,8,4,CIFAR10,340,main_b1000_cifar10_alexnet_GEN_kp10_seed42,0.1,0.7799,37,False,0.1,alexnet,False,0,0,2,0.7864,170,1,0.7843,327,3,12,7,0.1,CIFAR10_alexnet_GEN_accuracy_kp1000_seed42,42,4000,340,42,accuracy,100042,0.7799,4,0.6435805437088012,5.522195883095264,10,0.6435805437088012,valid,0.7824749415232576,0.7925386653034201,0.7799,100042
GEN,0.7864,170,170,offspring,8,6,CIFAR10,341,main_b1000_cifar10_alexnet_GEN_kp10_seed42,0.1,0.7754,37,False,0.1,alexnet,False,0,0,1,0.7819,333,9,0.7864,170,1,14,8,0.1,CIFAR10_alexnet_GEN_accuracy_kp1000_seed42,42,4000,341,42,accuracy,100042,0.7754,4,0.6527249270439148,5.5285350531339645,10,0.6527249270439148,valid,0.7769206156021703,0.7847177769699057,0.7754,100042
GEN,0.7864,170,170,offspring,6,8,CIFAR10,342,main_b1000_cifar10_alexnet_GEN_kp10_seed42,0.1,0.7798,37,False,0.1,alexnet,False,0,0,2,0.7819,333,9,0.7864,170,1,14,9,0.1,CIFAR10_alexnet_GEN_accuracy_kp1000_seed42,42,4000,342,42,accuracy,100042,0.7798,5,0.6520569931983948,5.582401476800442,10,0.6520569931983948,valid,0.7794298453044392,0.7815921188603105,0.7798,100042
GEN,0.7864,170,170,offspring,12,18,CIFAR10,343,main_b1000_cifar10_alexnet_GEN_kp10_seed42,0.1,0.7796,37,False,0.1,alexnet,False,0,0,1,0.7838,330,6,0.7843,327,3,30,10,0.1,CIFAR10_alexnet_GEN_accuracy_kp1000_seed42,42,4000,343,42,accuracy,100042,0.7796,4,0.6424209332942963,5.5482262670993805,10,0.6424209332942963,valid,0.7791832541191837,0.7808377021040597,0.7796000000000001,100042
GEN,0.7864,170,170,offspring,12,10,CIFAR10,344,main_b1000_cifar10_alexnet_GEN_kp10_seed42,0.1,0.7796,38,False,0.1,alexnet,False,0,0,1,0.7796,343,10,0.7833,339,6,22,2,0.1,CIFAR10_alexnet_GEN_accuracy_kp1000_seed42,42,4000,344,42,accuracy,100042,0.7796,4,0.6486704982280731,5.514395132660866,10,0.6486704982280731,valid,0.7806332086299864,0.7858576278777981,0.7796,100042
GEN,0.7864,170,170,offspring,10,12,CIFAR10,345,main_b1000_cifar10_alexnet_GEN_kp10_seed42,0.1,0.7854,38,False,0.1,alexnet,False,0,0,2,0.7796,343,10,0.7833,339,6,22,3,0.1,CIFAR10_alexnet_GEN_accuracy_kp1000_seed42,42,4000,345,42,accuracy,100042,0.7854,4,0.6333655190467834,5.556379891932011,10,0.6333655190467834,valid,0.7853901338811544,0.7867597077795254,0.7853999999999999,100042
GEN,0.7864,170,170,offspring,4,4,CIFAR10,346,main_b1000_cifar10_alexnet_GEN_kp10_seed42,0.1,0.7758,38,False,0.1,alexnet,False,0,0,1,0.7799,340,7,0.7864,170,1,8,4,0.1,CIFAR10_alexnet_GEN_accuracy_kp1000_seed42,42,4000,346,42,accuracy,100042,0.7758,4,0.6550947199344636,5.5614293217659,10,0.6550947199344636,valid,0.7779975365185055,0.7873861998574169,0.7758,100042
GEN,0.7864,170,170,offspring,4,4,CIFAR10,347,main_b1000_cifar10_alexnet_GEN_kp10_seed42,0.1,0.7811,38,False,0.1,alexnet,True,400,200,2,0.7799,340,7,0.7864,170,1,8,5,0.1,CIFAR10_alexnet_GEN_accuracy_kp1000_seed42,42,4000,347,42,accuracy,100042,0.7811,3,0.637133249950409,5.505517922341824,10,0.637133249950409,valid,0.7814055421094933,0.7846133662701342,0.7811,100042
GEN,0.7864,170,170,offspring,2,2,CIFAR10,348,main_b1000_cifar10_alexnet_GEN_kp10_seed42,0.1,0.7795,38,False,0.1,alexnet,False,0,0,1,0.7833,339,6,0.7864,170,1,4,6,0.1,CIFAR10_alexnet_GEN_accuracy_kp1000_seed42,42,4000,348,42,accuracy,100042,0.7795,5,0.6606839955806733,5.532005712389946,10,0.6606839955806733,valid,0.77934969394414,0.7823017640673532,0.7795,100042
GEN,0.7864,170,170,offspring,2,2,CIFAR10,349,main_b1000_cifar10_alexnet_GEN_kp10_seed42,0.1,0.7827,38,False,0.1,alexnet,False,0,0,2,0.7833,339,6,0.7864,170,1,4,7,0.1,CIFAR10_alexnet_GEN_accuracy_kp1000_seed42,42,4000,349,42,accuracy,100042,0.7827,5,0.65481336312294,5.552621468901634,10,0.65481336312294,valid,0.7823313792072024,0.7855238439010086,0.7827000000000001,100042
GEN,0.7864,170,170,offspring,6,6,CIFAR10,350,main_b1000_cifar10_alexnet_GEN_kp10_seed42,0.1,0.7741,38,False,0.1,alexnet,False,0,0,1,0.7833,339,6,0.7799,340,7,12,8,0.1,CIFAR10_alexnet_GEN_accuracy_kp1000_seed42,42,4000,350,42,accuracy,100042,0.7741,2,0.6531120139598846,5.522501416504383,10,0.6531120139598846,valid,0.7733960200577311,0.774474111593726,0.7741,100042
GEN,0.7864,170,170,offspring,6,6,CIFAR10,351,main_b1000_cifar10_alexnet_GEN_kp10_seed42,0.1,0.7766,38,False,0.1,alexnet,False,0,0,2,0.7833,339,6,0.7799,340,7,12,9,0.1,CIFAR10_alexnet_GEN_accuracy_kp1000_seed42,42,4000,351,42,accuracy,100042,0.7766,4,0.6549446002960205,5.512893982231617,10,0.6549446002960205,valid,0.7784602660138933,0.7879258009198099,0.7766,100042
GEN,0.7864,170,170,offspring,8,14,CIFAR10,352,main_b1000_cifar10_alexnet_GEN_kp10_seed42,0.1,0.7826,38,False,0.1,alexnet,False,0,0,1,0.7796,343,10,0.7833,339,6,22,10,0.1,CIFAR10_alexnet_GEN_accuracy_kp1000_seed42,42,4000,352,42,accuracy,100042,0.7826,4,0.6411802557468415,5.55381041765213,10,0.6411802557468415,valid,0.7835785030401737,0.7881931061621488,0.7826,100042
GEN,0.7864,170,170,offspring,2,4,CIFAR10,353,main_b1000_cifar10_alexnet_GEN_kp10_seed42,0.1,0.7748,39,False,0.1,alexnet,False,0,0,1,0.7854,345,3,0.7826,352,10,6,2,0.1,CIFAR10_alexnet_GEN_accuracy_kp1000_seed42,42,4000,353,42,accuracy,100042,0.7748,4,0.6611187121391296,5.572166018188,10,0.6611187121391296,valid,0.7743978793513848,0.7815676421187903,0.7748,100042
GEN,0.7864,170,170,offspring,4,2,CIFAR10,354,main_b1000_cifar10_alexnet_GEN_kp10_seed42,0.1,0.779,39,False,0.1,alexnet,False,0,0,2,0.7854,345,3,0.7826,352,10,6,3,0.1,CIFAR10_alexnet_GEN_accuracy_kp1000_seed42,42,4000,354,42,accuracy,100042,0.779,5,0.6591205654144288,5.569240562617779,10,0.6591205654144288,valid,0.7796130537559475,0.7841471664894116,0.779,100042
GEN,0.7864,170,170,offspring,12,2,CIFAR10,355,main_b1000_cifar10_alexnet_GEN_kp10_seed42,0.1,0.7715,39,False,0.1,alexnet,False,0,0,1,0.7827,349,7,0.7854,345,3,14,4,0.1,CIFAR10_alexnet_GEN_accuracy_kp1000_seed42,42,4000,355,42,accuracy,100042,0.7715,2,0.661755095243454,5.518361359834671,10,0.661755095243454,valid,0.770684564790912,0.7726025957170893,0.7715,100042
GEN,0.7864,170,170,offspring,2,12,CIFAR10,356,main_b1000_cifar10_alexnet_GEN_kp10_seed42,0.1,0.7733,39,False,0.1,alexnet,False,0,0,2,0.7827,349,7,0.7854,345,3,14,5,0.1,CIFAR10_alexnet_GEN_accuracy_kp1000_seed42,42,4000,356,42,accuracy,100042,0.7733,3,0.6556622687339783,5.583155512809753,10,0.6556622687339783,valid,0.773248439034028,0.7796954059905854,0.7733000000000001,100042
GEN,0.7864,170,170,offspring,4,2,CIFAR10,357,main_b1000_cifar10_alexnet_GEN_kp10_seed42,0.1,0.778,39,False,0.1,alexnet,False,0,0,1,0.7826,352,10,0.7854,345,3,6,6,0.1,CIFAR10_alexnet_GEN_accuracy_kp1000_seed42,42,4000,357,42,accuracy,100042,0.778,4,0.6531746863365173,5.5434838980436325,10,0.6531746863365173,valid,0.7792366249661246,0.7841589737401009,0.778,100042
GEN,0.7864,170,170,offspring,2,4,CIFAR10,358,main_b1000_cifar10_alexnet_GEN_kp10_seed42,0.1,0.7814,39,False,0.1,alexnet,False,0,0,2,0.7826,352,10,0.7854,345,3,6,7,0.1,CIFAR10_alexnet_GEN_accuracy_kp1000_seed42,42,4000,358,42,accuracy,100042,0.7814,5,0.6508456520080567,5.501942627131939,10,0.6508456520080567,valid,0.7816342567035222,0.7834924888357487,0.7814000000000001,100042
GEN,0.7864,170,170,offspring,2,0,CIFAR10,359,main_b1000_cifar10_alexnet_GEN_kp10_seed42,0.1,0.7864,39,False,0.1,alexnet,False,0,0,1,0.7827,349,7,0.7864,170,1,2,8,0.1,CIFAR10_alexnet_GEN_accuracy_kp1000_seed42,42,4000,359,42,accuracy,100042,0.7864,5,0.652364189529419,5.5150726065039635,10,0.652364189529419,valid,0.7862098302333279,0.7874840451620112,0.7864000000000001,100042
GEN,0.7864,170,170,offspring,0,2,CIFAR10,360,main_b1000_cifar10_alexnet_GEN_kp10_seed42,0.1,0.7827,39,False,0.1,alexnet,False,0,0,2,0.7827,349,7,0.7864,170,1,2,9,0.1,CIFAR10_alexnet_GEN_accuracy_kp1000_seed42,42,4000,360,42,accuracy,100042,0.7827,5,0.65481336312294,5.530356220901012,10,0.65481336312294,valid,0.7823313792072024,0.7855238439010086,0.7827000000000001,100042
GEN,0.7864,170,170,offspring,8,6,CIFAR10,361,main_b1000_cifar10_alexnet_GEN_kp10_seed42,0.1,0.7822,39,False,0.1,alexnet,False,0,0,1,0.7854,345,3,0.7827,349,7,14,10,0.1,CIFAR10_alexnet_GEN_accuracy_kp1000_seed42,42,4000,361,42,accuracy,100042,0.7822,5,0.651163233757019,5.555407002568245,10,0.651163233757019,valid,0.782221348576067,0.7857983631351606,0.7821999999999999,100042
GEN,0.7864,170,170,offspring,6,10,CIFAR10,362,main_b1000_cifar10_alexnet_GEN_kp10_seed42,0.1,0.7814,40,False,0.1,alexnet,False,0,0,1,0.7827,360,9,0.7814,358,7,16,2,0.1,CIFAR10_alexnet_GEN_accuracy_kp1000_seed42,42,4000,362,42,accuracy,100042,0.7814,5,0.653649754858017,5.528947025537491,10,0.653649754858017,valid,0.7814504552815962,0.7844961666916003,0.7813999999999999,100042
GEN,0.7864,170,170,offspring,10,6,CIFAR10,363,main_b1000_cifar10_alexnet_GEN_kp10_seed42,0.1,0.778,40,False,0.1,alexnet,False,0,0,2,0.7827,360,9,0.7814,358,7,16,3,0.1,CIFAR10_alexnet_GEN_accuracy_kp1000_seed42,42,4000,363,42,accuracy,100042,0.778,4,0.654525339126587,5.533265940845013,10,0.654525339126587,valid,0.7774642459749697,0.7816783216416042,0.778,100042
GEN,0.7864,170,170,offspring,2,12,CIFAR10,364,main_b1000_cifar10_alexnet_GEN_kp10_seed42,0.1,0.7788,40,False,0.1,alexnet,False,0,0,1,0.779,354,3,0.7864,359,8,14,4,0.1,CIFAR10_alexnet_GEN_accuracy_kp1000_seed42,42,4000,364,42,accuracy,100042,0.7788,4,0.6489425096988678,5.561409585177898,10,0.6489425096988678,valid,0.7801013268086121,0.786010525010168,0.7787999999999999,100042
GEN,0.7864,170,170,offspring,12,2,CIFAR10,365,main_b1000_cifar10_alexnet_GEN_kp10_seed42,0.1,0.7848,40,False,0.1,alexnet,True,400,200,2,0.779,354,3,0.7864,359,8,14,5,0.1,CIFAR10_alexnet_GEN_accuracy_kp1000_seed42,42,4000,365,42,accuracy,100042,0.7848,4,0.6357716549396515,5.562273673713207,10,0.6357716549396515,valid,0.7849071974008199,0.7855378047714145,0.7847999999999999,100042
GEN,0.7864,170,170,offspring,6,8,CIFAR10,366,main_b1000_cifar10_alexnet_GEN_kp10_seed42,0.1,0.7802,40,False,0.1,alexnet,False,0,0,1,0.7864,170,1,0.779,354,3,14,6,0.1,CIFAR10_alexnet_GEN_accuracy_kp1000_seed42,42,4000,366,42,accuracy,100042,0.7802,5,0.649565776014328,5.550698235630989,10,0.649565776014328,valid,0.7808980955105702,0.7845265171132021,0.7802,100042
GEN,0.7864,170,170,offspring,8,6,CIFAR10,367,main_b1000_cifar10_alexnet_GEN_kp10_seed42,0.1,0.7717,40,False,0.1,alexnet,False,0,0,2,0.7864,170,1,0.779,354,3,14,7,0.1,CIFAR10_alexnet_GEN_accuracy_kp1000_seed42,42,4000,367,42,accuracy,100042,0.7717,2,0.6527605693817139,5.560104586184025,10,0.6527605693817139,valid,0.7712025206466333,0.7728197698542167,0.7716999999999999,100042
GEN,0.7864,170,170,offspring,4,4,CIFAR10,368,main_b1000_cifar10_alexnet_GEN_kp10_seed42,0.1,0.774,40,False,0.1,alexnet,False,0,0,1,0.7864,359,8,0.7822,361,10,8,8,0.1,CIFAR10_alexnet_GEN_accuracy_kp1000_seed42,42,4000,368,42,accuracy,100042,0.774,4,0.6597232284069061,5.516429670155048,10,0.6597232284069061,valid,0.7762813040375975,0.789717116375747,0.774,100042
GEN,0.7864,170,170,offspring,4,4,CIFAR10,369,main_b1000_cifar10_alexnet_GEN_kp10_seed42,0.1,0.7726,40,False,0.1,alexnet,False,0,0,2,0.7864,359,8,0.7822,361,10,8,9,0.1,CIFAR10_alexnet_GEN_accuracy_kp1000_seed42,42,4000,369,42,accuracy,100042,0.7726,3,0.6552497304916381,5.5063425451517105,10,0.6552497304916381,valid,0.7728220490495319,0.7795256014145415,0.7726,100042
GEN,0.7864,170,170,offspring,0,2,CIFAR10,370,main_b1000_cifar10_alexnet_GEN_kp10_seed42,0.1,0.7827,40,False,0.1,alexnet,False,0,0,1,0.7827,360,9,0.7864,170,1,2,10,0.1,CIFAR10_alexnet_GEN_accuracy_kp1000_seed42,42,4000,370,42,accuracy,100042,0.7827,5,0.65481336312294,5.548508107662201,10,0.65481336312294,valid,0.7823313792072024,0.7855238439010086,0.7827000000000001,100042
GEN,0.7864,170,170,offspring,6,2,CIFAR10,371,main_b1000_cifar10_alexnet_GEN_kp10_seed42,0.1,0.781,41,False,0.1,alexnet,False,0,0,1,0.7802,366,6,0.7814,362,2,8,2,0.1,CIFAR10_alexnet_GEN_accuracy_kp1000_seed42,42,4000,371,42,accuracy,100042,0.781,5,0.6537202153682709,5.550515711307526,10,0.6537202153682709,valid,0.7810593568746487,0.7841511862752812,0.7809999999999999,100042
GEN,0.7864,170,170,offspring,2,6,CIFAR10,372,main_b1000_cifar10_alexnet_GEN_kp10_seed42,0.1,0.7798,41,False,0.1,alexnet,False,0,0,2,0.7802,366,6,0.7814,362,2,8,3,0.1,CIFAR10_alexnet_GEN_accuracy_kp1000_seed42,42,4000,372,42,accuracy,100042,0.7798,5,0.6502689378261566,5.550678327679634,10,0.6502689378261566,valid,0.7804526016427348,0.7839724455353945,0.7798,100042
GEN,0.7864,170,170,offspring,4,2,CIFAR10,373,main_b1000_cifar10_alexnet_GEN_kp10_seed42,0.1,0.7827,41,False,0.1,alexnet,False,0,0,1,0.7814,362,2,0.7827,370,10,6,4,0.1,CIFAR10_alexnet_GEN_accuracy_kp1000_seed42,42,4000,373,42,accuracy,100042,0.7827,6,0.6572154764175415,5.527296110987663,10,0.6572154764175415,valid,0.7824405086190672,0.7841929902681088,0.7827,100042
GEN,0.7864,170,170,offspring,2,4,CIFAR10,374,main_b1000_cifar10_alexnet_GEN_kp10_seed42,0.1,0.7793,41,False,0.1,alexnet,False,0,0,2,0.7814,362,2,0.7827,370,10,6,5,0.1,CIFAR10_alexnet_GEN_accuracy_kp1000_seed42,42,4000,374,42,accuracy,100042,0.7793,5,0.6590915490627289,5.558974891901016,10,0.6590915490627289,valid,0.779359749349646,0.7825559196532146,0.7793,100042
GEN,0.7864,170,170,offspring,192,212,CIFAR10,375,main_b1000_cifar10_alexnet_GEN_kp10_seed42,0.1,0.7815,41,False,0.1,alexnet,True,400,200,1,0.7802,366,6,0.7848,365,5,404,6,0.1,CIFAR10_alexnet_GEN_accuracy_kp1000_seed42,42,4000,375,42,accuracy,100042,0.7815,4,0.6471497751235962,5.576949417591095,10,0.6471497751235962,valid,0.7813135049735604,0.7831692051824845,0.7815000000000001,100042
GEN,0.7864,170,170,offspring,212,192,CIFAR10,376,main_b1000_cifar10_alexnet_GEN_kp10_seed42,0.1,0.7774,41,False,0.1,alexnet,False,0,0,2,0.7802,366,6,0.7848,365,5,404,7,0.1,CIFAR10_alexnet_GEN_accuracy_kp1000_seed42,42,4000,376,42,accuracy,100042,0.7774,3,0.654040381860733,5.562122106552124,10,0.654040381860733,valid,0.7764103294327118,0.7795634803388826,0.7774,100042
GEN,0.7864,170,170,offspring,0,6,CIFAR10,377,main_b1000_cifar10_alexnet_GEN_kp10_seed42,0.1,0.7864,41,False,0.1,alexnet,False,0,0,1,0.7864,170,1,0.7802,366,6,6,8,0.1,CIFAR10_alexnet_GEN_accuracy_kp1000_seed42,42,4000,377,42,accuracy,100042,0.7864,5,0.652364189529419,5.573269076645374,10,0.652364189529419,valid,0.7862098302333279,0.7874840451620112,0.7864000000000001,100042
GEN,0.7864,170,170,offspring,6,0,CIFAR10,378,main_b1000_cifar10_alexnet_GEN_kp10_seed42,0.1,0.7802,41,False,0.1,alexnet,False,0,0,2,0.7864,170,1,0.7802,366,6,6,9,0.1,CIFAR10_alexnet_GEN_accuracy_kp1000_seed42,42,4000,378,42,accuracy,100042,0.7802,5,0.649565776014328,5.514672577381134,10,0.649565776014328,valid,0.7808980955105702,0.7845265171132021,0.7802,100042
GEN,0.7864,170,170,offspring,200,206,CIFAR10,379,main_b1000_cifar10_alexnet_GEN_kp10_seed42,0.1,0.7831,41,False,0.1,alexnet,False,0,0,1,0.7848,365,5,0.7814,362,2,406,10,0.1,CIFAR10_alexnet_GEN_accuracy_kp1000_seed42,42,4000,379,42,accuracy,100042,0.7831,6,0.6621152792453766,5.511431448161602,10,0.6621152792453766,valid,0.7834588321621287,0.7851297214567241,0.7831,100042
GEN,0.7864,170,170,offspring,288,302,CIFAR10,380,main_b1000_cifar10_alexnet_GEN_kp10_seed42,0.1,0.7803,42,False,0.1,alexnet,False,0,0,1,0.7864,377,8,0.7815,375,6,590,2,0.1,CIFAR10_alexnet_GEN_accuracy_kp1000_seed42,42,4000,380,42,accuracy,100042,0.7803,4,0.652075553369522,5.521196164190769,10,0.652075553369522,valid,0.7788766255786613,0.7827724935619187,0.7803,100042
GEN,0.7864,170,170,offspring,302,288,CIFAR10,381,main_b1000_cifar10_alexnet_GEN_kp10_seed42,0.1,0.7785,42,False,0.1,alexnet,False,0,0,2,0.7864,377,8,0.7815,375,6,590,3,0.1,CIFAR10_alexnet_GEN_accuracy_kp1000_seed42,42,4000,381,42,accuracy,100042,0.7785,3,0.6509485206127167,5.5133853778243065,10,0.6509485206127167,valid,0.7775483335797644,0.7806548496042639,0.7785,100042
GEN,0.7864,170,170,offspring,98,108,CIFAR10,382,main_b1000_cifar10_alexnet_GEN_kp10_seed42,0.1,0.7805,42,False,0.1,alexnet,False,0,0,1,0.7864,377,8,0.7831,379,10,206,4,0.1,CIFAR10_alexnet_GEN_accuracy_kp1000_seed42,42,4000,382,42,accuracy,100042,0.7805,5,0.6588801924705505,5.519994273781776,10,0.6588801924705505,valid,0.7819522274656127,0.7875792497690065,0.7805,100042
GEN,0.7864,170,170,offspring,108,98,CIFAR10,383,main_b1000_cifar10_alexnet_GEN_kp10_seed42,0.1,0.7782,42,False,0.1,alexnet,False,0,0,2,0.7864,377,8,0.7831,379,10,206,5,0.1,CIFAR10_alexnet_GEN_accuracy_kp1000_seed42,42,4000,383,42,accuracy,100042,0.7782,3,0.6493885531425476,5.519053153693676,10,0.6493885531425476,valid,0.7769039869057922,0.7802270144027796,0.7782,100042
GEN,0.7864,170,170,offspring,294,296,CIFAR10,384,main_b1000_cifar10_alexnet_GEN_kp10_seed42,0.1,0.7799,42,False,0.1,alexnet,False,0,0,1,0.7864,170,1,0.7815,375,6,590,6,0.1,CIFAR10_alexnet_GEN_accuracy_kp1000_seed42,42,4000,384,42,accuracy,100042,0.7799,4,0.6521416980266571,5.564889080822468,10,0.6521416980266571,valid,0.7788575622115304,0.7830556147169493,0.7799,100042
GEN,0.7864,170,170,offspring,296,294,CIFAR10,385,main_b1000_cifar10_alexnet_GEN_kp10_seed42,0.1,0.7814,42,False,0.1,alexnet,False,0,0,2,0.7864,170,1,0.7815,375,6,590,7,0.1,CIFAR10_alexnet_GEN_accuracy_kp1000_seed42,42,4000,385,42,accuracy,100042,0.7814,6,0.6537518939495087,5.547173470258713,10,0.6537518939495087,valid,0.7799166991493375,0.7807179503107096,0.7814,100042
GEN,0.7864,170,170,offspring,110,98,CIFAR10,386,main_b1000_cifar10_alexnet_GEN_kp10_seed42,0.1,0.7794,42,False,0.1,alexnet,False,0,0,1,0.7831,379,10,0.7802,378,9,208,8,0.1,CIFAR10_alexnet_GEN_accuracy_kp1000_seed42,42,4000,386,42,accuracy,100042,0.7794,4,0.6395621715068817,5.546387493610382,10,0.6395621715068817,valid,0.7780037101835029,0.7804657166100115,0.7794000000000001,100042
GEN,0.7864,170,170,offspring,98,110,CIFAR10,387,main_b1000_cifar10_alexnet_GEN_kp10_seed42,0.1,0.7756,42,False,0.1,alexnet,False,0,0,2,0.7831,379,10,0.7802,378,9,208,9,0.1,CIFAR10_alexnet_GEN_accuracy_kp1000_seed42,42,4000,387,42,accuracy,100042,0.7756,4,0.6556962660312653,5.5257144793868065,10,0.6556962660312653,valid,0.7741943446988158,0.7768389829068677,0.7756000000000001,100042
GEN,0.7864,170,170,offspring,2,2,CIFAR10,388,main_b1000_cifar10_alexnet_GEN_kp10_seed42,0.1,0.7851,42,False,0.1,alexnet,False,0,0,1,0.7827,373,4,0.7864,170,1,4,10,0.1,CIFAR10_alexnet_GEN_accuracy_kp1000_seed42,42,4000,388,42,accuracy,100042,0.7851,7,0.6600255033016205,5.542335331439972,10,0.6600255033016205,valid,0.7848132207633454,0.7855640930315573,0.7851,100042
GEN,0.7864,170,170,offspring,0,2,CIFAR10,389,main_b1000_cifar10_alexnet_GEN_kp10_seed42,0.1,0.7864,43,False,0.1,alexnet,False,0,0,1,0.7864,170,1,0.7851,388,10,2,2,0.1,CIFAR10_alexnet_GEN_accuracy_kp1000_seed42,42,4000,389,42,accuracy,100042,0.7864,5,0.652364189529419,5.505235105752945,10,0.652364189529419,valid,0.7862098302333279,0.7874840451620112,0.7864000000000001,100042
GEN,0.7864,170,170,offspring,2,0,CIFAR10,390,main_b1000_cifar10_alexnet_GEN_kp10_seed42,0.1,0.7851,43,False,0.1,alexnet,False,0,0,2,0.7864,170,1,0.7851,388,10,2,3,0.1,CIFAR10_alexnet_GEN_accuracy_kp1000_seed42,42,4000,390,42,accuracy,100042,0.7851,7,0.6600255033016205,5.529260769486427,10,0.6600255033016205,valid,0.7848132207633454,0.7855640930315573,0.7851,100042
GEN,0.7864,170,170,offspring,166,130,CIFAR10,391,main_b1000_cifar10_alexnet_GEN_kp10_seed42,0.1,0.7831,43,False,0.1,alexnet,False,0,0,1,0.7851,388,10,0.7814,385,7,296,4,0.1,CIFAR10_alexnet_GEN_accuracy_kp1000_seed42,42,4000,391,42,accuracy,100042,0.7831,4,0.6455567683696747,5.566507399082184,10,0.6455567683696747,valid,0.7820826029271403,0.7864743270282635,0.7830999999999999,100042
GEN,0.7864,170,170,offspring,130,166,CIFAR10,392,main_b1000_cifar10_alexnet_GEN_kp10_seed42,0.1,0.7849,43,False,0.1,alexnet,False,0,0,2,0.7851,388,10,0.7814,385,7,296,5,0.1,CIFAR10_alexnet_GEN_accuracy_kp1000_seed42,42,4000,392,42,accuracy,100042,0.7849,3,0.6350204391002655,5.545038059353828,10,0.6350204391002655,valid,0.7848417328258211,0.7859184235637432,0.7849000000000002,100042
GEN,0.7864,170,170,offspring,148,142,CIFAR10,393,main_b1000_cifar10_alexnet_GEN_kp10_seed42,0.1,0.7817,43,False,0.1,alexnet,False,0,0,1,0.7851,388,10,0.7803,380,2,290,6,0.1,CIFAR10_alexnet_GEN_accuracy_kp1000_seed42,42,4000,393,42,accuracy,100042,0.7817,5,0.649352337551117,5.581154011189938,10,0.649352337551117,valid,0.7832947298727061,0.7903832811508057,0.7817,100042
GEN,0.7864,170,170,offspring,142,148,CIFAR10,394,main_b1000_cifar10_alexnet_GEN_kp10_seed42,0.1,0.7796,43,False,0.1,alexnet,False,0,0,2,0.7851,388,10,0.7803,380,2,290,7,0.1,CIFAR10_alexnet_GEN_accuracy_kp1000_seed42,42,4000,394,42,accuracy,100042,0.7796,4,0.6453362082958222,5.529298812150955,10,0.6453362082958222,valid,0.7803172684563341,0.7855694124593539,0.7796,100042
GEN,0.7864,170,170,offspring,56,42,CIFAR10,395,main_b1000_cifar10_alexnet_GEN_kp10_seed42,0.1,0.7792,43,False,0.1,alexnet,False,0,0,1,0.7864,170,1,0.7805,382,4,98,8,0.1,CIFAR10_alexnet_GEN_accuracy_kp1000_seed42,42,4000,395,42,accuracy,100042,0.7792,4,0.651744000530243,5.57218824326992,10,0.651744000530243,valid,0.7781878647061367,0.7814940715698547,0.7792,100042
GEN,0.7864,170,170,offspring,42,56,CIFAR10,396,main_b1000_cifar10_alexnet_GEN_kp10_seed42,0.1,0.7778,43,False,0.1,alexnet,True,400,200,2,0.7864,170,1,0.7805,382,4,98,9,0.1,CIFAR10_alexnet_GEN_accuracy_kp1000_seed42,42,4000,396,42,accuracy,100042,0.7778,4,0.6551758174896241,5.554287493228912,10,0.6551758174896241,valid,0.7763680940039658,0.7796911175900577,0.7777999999999999,100042
GEN,0.7864,170,170,offspring,154,142,CIFAR10,397,main_b1000_cifar10_alexnet_GEN_kp10_seed42,0.1,0.7807,43,False,0.1,alexnet,False,0,0,1,0.7785,381,3,0.7814,385,7,296,10,0.1,CIFAR10_alexnet_GEN_accuracy_kp1000_seed42,42,4000,397,42,accuracy,100042,0.7807,5,0.6560360662937165,5.536590598523617,10,0.6560360662937165,valid,0.7790147591678406,0.781795724641652,0.7807000000000001,100042
GEN,0.7864,170,170,offspring,74,68,CIFAR10,398,main_b1000_cifar10_alexnet_GEN_kp10_seed42,0.1,0.7781,44,False,0.1,alexnet,True,400,200,1,0.7851,390,3,0.7796,394,7,142,2,0.1,CIFAR10_alexnet_GEN_accuracy_kp1000_seed42,42,4000,398,42,accuracy,100042,0.7781,4,0.6454306435585022,5.564560800790787,10,0.6454306435585022,valid,0.7778759600985159,0.7831270797055107,0.7781,100042
GEN,0.7864,170,170,offspring,68,74,CIFAR10,399,main_b1000_cifar10_alexnet_GEN_kp10_seed42,0.1,0.7832,44,False,0.1,alexnet,False,0,0,2,0.7851,390,3,0.7796,394,7,142,3,0.1,CIFAR10_alexnet_GEN_accuracy_kp1000_seed42,42,4000,399,42,accuracy,100042,0.7832,6,0.6589346809864044,5.544566243886948,10,0.6589346809864044,valid,0.7845661298282728,0.7892257622037328,0.7831999999999999,100042
GEN,0.7864,170,170,offspring,80,86,CIFAR10,400,main_b1000_cifar10_alexnet_GEN_kp10_seed42,0.1,0.78,44,False,0.1,alexnet,False,0,0,1,0.7864,170,1,0.7831,391,4,166,4,0.1,CIFAR10_alexnet_GEN_accuracy_kp1000_seed42,42,4000,400,42,accuracy,100042,0.78,4,0.6528241174221039,5.525732770562172,10,0.6528241174221039,valid,0.7796333197627956,0.7825707769011511,0.78,100042
GEN,0.7864,170,170,offspring,86,80,CIFAR10,401,main_b1000_cifar10_alexnet_GEN_kp10_seed42,0.1,0.7853,44,False,0.1,alexnet,False,0,0,2,0.7864,170,1,0.7831,391,4,166,5,0.1,CIFAR10_alexnet_GEN_accuracy_kp1000_seed42,42,4000,401,42,accuracy,100042,0.7853,4,0.6385382082939148,5.543605372309685,10,0.6385382082939148,valid,0.7845170582879568,0.7854804342659645,0.7853000000000001,100042
GEN,0.7864,170,170,offspring,150,130,CIFAR10,402,main_b1000_cifar10_alexnet_GEN_kp10_seed42,0.1,0.7757,44,False,0.1,alexnet,False,0,0,1,0.7807,397,10,0.7851,390,3,280,6,0.1,CIFAR10_alexnet_GEN_accuracy_kp1000_seed42,42,4000,402,42,accuracy,100042,0.7757,4,0.6598314083099365,5.549774743616581,10,0.6598314083099365,valid,0.7762385959759281,0.783292917732493,0.7757,100042
GEN,0.7864,170,170,offspring,130,150,CIFAR10,403,main_b1000_cifar10_alexnet_GEN_kp10_seed42,0.1,0.7746,44,False,0.1,alexnet,False,0,0,2,0.7807,397,10,0.7851,390,3,280,7,0.1,CIFAR10_alexnet_GEN_accuracy_kp1000_seed42,42,4000,403,42,accuracy,100042,0.7746,2,0.6538422142982483,5.546645455062389,10,0.6538422142982483,valid,0.7736054253401081,0.7757764139885095,0.7745999999999998,100042
GEN,0.7864,170,170,offspring,0,2,CIFAR10,404,main_b1000_cifar10_alexnet_GEN_kp10_seed42,0.1,0.7782,44,False,0.1,alexnet,True,400,200,1,0.7851,390,3,0.7864,170,1,2,8,0.1,CIFAR10_alexnet_GEN_accuracy_kp1000_seed42,42,4000,404,42,accuracy,100042,0.7782,3,0.6420242434978485,5.543120861053467,10,0.6420242434978485,valid,0.7777302980578017,0.7814752617019172,0.7782,100042
GEN,0.7864,170,170,offspring,2,0,CIFAR10,405,main_b1000_cifar10_alexnet_GEN_kp10_seed42,0.1,0.7864,44,False,0.1,alexnet,False,0,0,2,0.7851,390,3,0.7864,170,1,2,9,0.1,CIFAR10_alexnet_GEN_accuracy_kp1000_seed42,42,4000,405,42,accuracy,100042,0.7864,5,0.652364189529419,5.541365519165993,10,0.652364189529419,valid,0.7862098302333279,0.7874840451620112,0.7864000000000001,100042
GEN,0.7864,170,170,offspring,66,64,CIFAR10,406,main_b1000_cifar10_alexnet_GEN_kp10_seed42,0.1,0.7795,44,False,0.1,alexnet,False,0,0,1,0.7849,392,5,0.7851,390,3,130,10,0.1,CIFAR10_alexnet_GEN_accuracy_kp1000_seed42,42,4000,406,42,accuracy,100042,0.7795,4,0.6547439759254455,5.54919146746397,10,0.6547439759254455,valid,0.7806621847533884,0.78592877657061,0.7795,100042
GEN,0.7864,170,170,offspring,34,36,CIFAR10,407,main_b1000_cifar10_alexnet_GEN_kp10_seed42,0.1,0.7793,45,False,0.1,alexnet,False,0,0,1,0.7832,399,3,0.7864,170,1,70,2,0.1,CIFAR10_alexnet_GEN_accuracy_kp1000_seed42,42,4000,407,42,accuracy,100042,0.7793,5,0.6582196123600006,5.523943394422531,10,0.6582196123600006,valid,0.779536514092889,0.7821230685723651,0.7792999999999999,100042
GEN,0.7864,170,170,offspring,36,34,CIFAR10,408,main_b1000_cifar10_alexnet_GEN_kp10_seed42,0.1,0.7825,45,False,0.1,alexnet,False,0,0,2,0.7832,399,3,0.7864,170,1,70,3,0.1,CIFAR10_alexnet_GEN_accuracy_kp1000_seed42,42,4000,408,42,accuracy,100042,0.7825,6,0.6622467754364013,5.543206214904785,10,0.6622467754364013,valid,0.7823332724205443,0.7846983752801411,0.7825000000000001,100042
GEN,0.7864,170,170,offspring,88,78,CIFAR10,409,main_b1000_cifar10_alexnet_GEN_kp10_seed42,0.1,0.7673,45,False,0.1,alexnet,False,0,0,1,0.78,400,4,0.7853,401,5,166,4,0.1,CIFAR10_alexnet_GEN_accuracy_kp1000_seed42,42,4000,409,42,accuracy,100042,0.7673,2,0.6577269319534301,5.57420390099287,10,0.6577269319534301,valid,0.768761038906209,0.7770378412670808,0.7673,100042
GEN,0.7864,170,170,offspring,78,88,CIFAR10,410,main_b1000_cifar10_alexnet_GEN_kp10_seed42,0.1,0.7754,45,False,0.1,alexnet,False,0,0,2,0.78,400,4,0.7853,401,5,166,5,0.1,CIFAR10_alexnet_GEN_accuracy_kp1000_seed42,42,4000,410,42,accuracy,100042,0.7754,3,0.6527606891155243,5.520202487707138,10,0.6527606891155243,valid,0.7767595932621159,0.7822177603025533,0.7754,100042
GEN,0.7864,170,170,offspring,0,0,CIFAR10,411,main_b1000_cifar10_alexnet_GEN_kp10_seed42,0.1,0.7864,45,False,0.1,alexnet,False,0,0,1,0.7864,170,1,0.7864,405,9,0,6,0.1,CIFAR10_alexnet_GEN_accuracy_kp1000_seed42,42,4000,411,42,accuracy,100042,0.7864,5,0.652364189529419,5.543451763689518,10,0.652364189529419,valid,0.7862098302333279,0.7874840451620112,0.7864000000000001,100042
GEN,0.7864,170,170,offspring,0,0,CIFAR10,412,main_b1000_cifar10_alexnet_GEN_kp10_seed42,0.1,0.7864,45,False,0.1,alexnet,False,0,0,2,0.7864,170,1,0.7864,405,9,0,7,0.1,CIFAR10_alexnet_GEN_accuracy_kp1000_seed42,42,4000,412,42,accuracy,100042,0.7864,5,0.652364189529419,5.518848769366741,10,0.652364189529419,valid,0.7862098302333279,0.7874840451620112,0.7864000000000001,100042
GEN,0.7864,170,170,offspring,0,0,CIFAR10,413,main_b1000_cifar10_alexnet_GEN_kp10_seed42,0.1,0.7864,45,False,0.1,alexnet,False,0,0,1,0.7864,170,1,0.7864,405,9,0,8,0.1,CIFAR10_alexnet_GEN_accuracy_kp1000_seed42,42,4000,413,42,accuracy,100042,0.7864,5,0.652364189529419,5.549894317984581,10,0.652364189529419,valid,0.7862098302333279,0.7874840451620112,0.7864000000000001,100042
GEN,0.7864,170,170,offspring,0,0,CIFAR10,414,main_b1000_cifar10_alexnet_GEN_kp10_seed42,0.1,0.7864,45,False,0.1,alexnet,False,0,0,2,0.7864,170,1,0.7864,405,9,0,9,0.1,CIFAR10_alexnet_GEN_accuracy_kp1000_seed42,42,4000,414,42,accuracy,100042,0.7864,5,0.652364189529419,5.54112035036087,10,0.652364189529419,valid,0.7862098302333279,0.7874840451620112,0.7864000000000001,100042
GEN,0.7864,170,170,offspring,50,36,CIFAR10,415,main_b1000_cifar10_alexnet_GEN_kp10_seed42,0.1,0.7841,45,False,0.1,alexnet,False,0,0,1,0.7853,401,5,0.7864,405,9,86,10,0.1,CIFAR10_alexnet_GEN_accuracy_kp1000_seed42,42,4000,415,42,accuracy,100042,0.7841,5,0.6410609348773957,5.541162058711052,10,0.6410609348773957,valid,0.7841660264198677,0.7859742024466712,0.7840999999999999,100042
GEN,0.7864,170,170,offspring,16,20,CIFAR10,416,main_b1000_cifar10_alexnet_GEN_kp10_seed42,0.1,0.7786,46,False,0.1,alexnet,False,0,0,1,0.7864,411,6,0.7841,415,10,36,2,0.1,CIFAR10_alexnet_GEN_accuracy_kp1000_seed42,42,4000,416,42,accuracy,100042,0.7786,4,0.6448708865165711,5.564202331006527,10,0.6448708865165711,valid,0.7797183640952559,0.7844505817487427,0.7786000000000001,100042
GEN,0.7864,170,170,offspring,20,16,CIFAR10,417,main_b1000_cifar10_alexnet_GEN_kp10_seed42,0.1,0.7818,46,False,0.1,alexnet,False,0,0,2,0.7864,411,6,0.7841,415,10,36,3,0.1,CIFAR10_alexnet_GEN_accuracy_kp1000_seed42,42,4000,417,42,accuracy,100042,0.7818,3,0.6385577991008758,5.601145043969154,10,0.6385577991008758,valid,0.7818389230430783,0.7845445878974641,0.7817999999999999,100042
GEN,0.7864,170,170,offspring,0,0,CIFAR10,418,main_b1000_cifar10_alexnet_GEN_kp10_seed42,0.1,0.7864,46,False,0.1,alexnet,False,0,0,1,0.7864,412,7,0.7864,170,1,0,4,0.1,CIFAR10_alexnet_GEN_accuracy_kp1000_seed42,42,4000,418,42,accuracy,100042,0.7864,5,0.652364189529419,5.538842976093292,10,0.652364189529419,valid,0.7862098302333279,0.7874840451620112,0.7864000000000001,100042
GEN,0.7864,170,170,offspring,0,0,CIFAR10,419,main_b1000_cifar10_alexnet_GEN_kp10_seed42,0.1,0.7864,46,False,0.1,alexnet,False,0,0,2,0.7864,412,7,0.7864,170,1,0,5,0.1,CIFAR10_alexnet_GEN_accuracy_kp1000_seed42,42,4000,419,42,accuracy,100042,0.7864,5,0.652364189529419,5.5777968391776085,10,0.652364189529419,valid,0.7862098302333279,0.7874840451620112,0.7864000000000001,100042
GEN,0.7864,170,170,offspring,0,0,CIFAR10,420,main_b1000_cifar10_alexnet_GEN_kp10_seed42,0.1,0.7793,46,False,0.1,alexnet,True,400,200,1,0.7864,170,1,0.7864,412,7,0,6,0.1,CIFAR10_alexnet_GEN_accuracy_kp1000_seed42,42,4000,420,42,accuracy,100042,0.7793,4,0.6459817098617554,5.535205349326134,10,0.6459817098617554,valid,0.7789152744862318,0.782608276719192,0.7793,100042
GEN,0.7864,170,170,offspring,0,0,CIFAR10,421,main_b1000_cifar10_alexnet_GEN_kp10_seed42,0.1,0.7864,46,False,0.1,alexnet,False,0,0,2,0.7864,170,1,0.7864,412,7,0,7,0.1,CIFAR10_alexnet_GEN_accuracy_kp1000_seed42,42,4000,421,42,accuracy,100042,0.7864,5,0.652364189529419,5.53152397274971,10,0.652364189529419,valid,0.7862098302333279,0.7874840451620112,0.7864000000000001,100042
GEN,0.7864,170,170,offspring,0,0,CIFAR10,422,main_b1000_cifar10_alexnet_GEN_kp10_seed42,0.1,0.7864,46,False,0.1,alexnet,False,0,0,1,0.7864,413,8,0.7864,412,7,0,8,0.1,CIFAR10_alexnet_GEN_accuracy_kp1000_seed42,42,4000,422,42,accuracy,100042,0.7864,5,0.652364189529419,5.519175685942173,10,0.652364189529419,valid,0.7862098302333279,0.7874840451620112,0.7864000000000001,100042
GEN,0.7864,170,170,offspring,0,0,CIFAR10,423,main_b1000_cifar10_alexnet_GEN_kp10_seed42,0.1,0.7864,46,False,0.1,alexnet,False,0,0,2,0.7864,413,8,0.7864,412,7,0,9,0.1,CIFAR10_alexnet_GEN_accuracy_kp1000_seed42,42,4000,423,42,accuracy,100042,0.7864,5,0.652364189529419,5.55469835549593,10,0.652364189529419,valid,0.7862098302333279,0.7874840451620112,0.7864000000000001,100042
GEN,0.7864,170,170,offspring,0,0,CIFAR10,424,main_b1000_cifar10_alexnet_GEN_kp10_seed42,0.1,0.7864,46,False,0.1,alexnet,False,0,0,1,0.7864,170,1,0.7864,414,9,0,10,0.1,CIFAR10_alexnet_GEN_accuracy_kp1000_seed42,42,4000,424,42,accuracy,100042,0.7864,5,0.652364189529419,5.607991568744183,10,0.652364189529419,valid,0.7862098302333279,0.7874840451620112,0.7864000000000001,100042
GEN,0.7864,170,170,offspring,0,0,CIFAR10,425,main_b1000_cifar10_alexnet_GEN_kp10_seed42,0.1,0.7864,47,False,0.1,alexnet,False,0,0,1,0.7864,421,7,0.7864,419,5,0,2,0.1,CIFAR10_alexnet_GEN_accuracy_kp1000_seed42,42,4000,425,42,accuracy,100042,0.7864,5,0.652364189529419,5.572642743587494,10,0.652364189529419,valid,0.7862098302333279,0.7874840451620112,0.7864000000000001,100042
GEN,0.7864,170,170,offspring,0,0,CIFAR10,426,main_b1000_cifar10_alexnet_GEN_kp10_seed42,0.1,0.7752,47,False,0.1,alexnet,True,400,200,2,0.7864,421,7,0.7864,419,5,0,3,0.1,CIFAR10_alexnet_GEN_accuracy_kp1000_seed42,42,4000,426,42,accuracy,100042,0.7752,4,0.6589143487930298,5.543242827057838,10,0.6589143487930298,valid,0.7755693914575,0.7826283332578277,0.7752,100042
GEN,0.7864,170,170,offspring,0,0,CIFAR10,427,main_b1000_cifar10_alexnet_GEN_kp10_seed42,0.1,0.7864,47,False,0.1,alexnet,False,0,0,1,0.7864,421,7,0.7864,418,4,0,4,0.1,CIFAR10_alexnet_GEN_accuracy_kp1000_seed42,42,4000,427,42,accuracy,100042,0.7864,5,0.652364189529419,5.5099004209041595,10,0.652364189529419,valid,0.7862098302333279,0.7874840451620112,0.7864000000000001,100042
GEN,0.7864,170,170,offspring,0,0,CIFAR10,428,main_b1000_cifar10_alexnet_GEN_kp10_seed42,0.1,0.7823,47,False,0.1,alexnet,True,400,200,2,0.7864,421,7,0.7864,418,4,0,5,0.1,CIFAR10_alexnet_GEN_accuracy_kp1000_seed42,42,4000,428,42,accuracy,100042,0.7823,5,0.6527047329902649,5.526788622140884,10,0.6527047329902649,valid,0.7831141843464369,0.7856643674735792,0.7823,100042
GEN,0.7864,170,170,offspring,0,0,CIFAR10,429,main_b1000_cifar10_alexnet_GEN_kp10_seed42,0.1,0.7864,47,False,0.1,alexnet,False,0,0,1,0.7864,419,5,0.7864,424,10,0,6,0.1,CIFAR10_alexnet_GEN_accuracy_kp1000_seed42,42,4000,429,42,accuracy,100042,0.7864,5,0.652364189529419,5.514969661831856,10,0.652364189529419,valid,0.7862098302333279,0.7874840451620112,0.7864000000000001,100042
GEN,0.7864,170,170,offspring,0,0,CIFAR10,430,main_b1000_cifar10_alexnet_GEN_kp10_seed42,0.1,0.7864,47,False,0.1,alexnet,False,0,0,2,0.7864,419,5,0.7864,424,10,0,7,0.1,CIFAR10_alexnet_GEN_accuracy_kp1000_seed42,42,4000,430,42,accuracy,100042,0.7864,5,0.652364189529419,5.553783535957336,10,0.652364189529419,valid,0.7862098302333279,0.7874840451620112,0.7864000000000001,100042
GEN,0.7864,170,170,offspring,0,0,CIFAR10,431,main_b1000_cifar10_alexnet_GEN_kp10_seed42,0.1,0.7864,47,False,0.1,alexnet,False,0,0,1,0.7864,418,4,0.7864,423,9,0,8,0.1,CIFAR10_alexnet_GEN_accuracy_kp1000_seed42,42,4000,431,42,accuracy,100042,0.7864,5,0.652364189529419,5.517804883420467,10,0.652364189529419,valid,0.7862098302333279,0.7874840451620112,0.7864000000000001,100042
GEN,0.7864,170,170,offspring,0,0,CIFAR10,432,main_b1000_cifar10_alexnet_GEN_kp10_seed42,0.1,0.7864,47,False,0.1,alexnet,False,0,0,2,0.7864,418,4,0.7864,423,9,0,9,0.1,CIFAR10_alexnet_GEN_accuracy_kp1000_seed42,42,4000,432,42,accuracy,100042,0.7864,5,0.652364189529419,5.533244505524635,10,0.652364189529419,valid,0.7862098302333279,0.7874840451620112,0.7864000000000001,100042
GEN,0.7864,170,170,offspring,0,0,CIFAR10,433,main_b1000_cifar10_alexnet_GEN_kp10_seed42,0.1,0.7864,47,False,0.1,alexnet,False,0,0,1,0.7864,421,7,0.7864,423,9,0,10,0.1,CIFAR10_alexnet_GEN_accuracy_kp1000_seed42,42,4000,433,42,accuracy,100042,0.7864,5,0.652364189529419,5.565501227974892,10,0.652364189529419,valid,0.7862098302333279,0.7874840451620112,0.7864000000000001,100042
GEN,0.7864,170,170,offspring,0,0,CIFAR10,434,main_b1000_cifar10_alexnet_GEN_kp10_seed42,0.1,0.7864,48,False,0.1,alexnet,False,0,0,1,0.7864,430,7,0.7864,432,9,0,2,0.1,CIFAR10_alexnet_GEN_accuracy_kp1000_seed42,42,4000,434,42,accuracy,100042,0.7864,5,0.652364189529419,5.5505527183413506,10,0.652364189529419,valid,0.7862098302333279,0.7874840451620112,0.7864000000000001,100042
GEN,0.7864,170,170,offspring,0,0,CIFAR10,435,main_b1000_cifar10_alexnet_GEN_kp10_seed42,0.1,0.7864,48,False,0.1,alexnet,False,0,0,2,0.7864,430,7,0.7864,432,9,0,3,0.1,CIFAR10_alexnet_GEN_accuracy_kp1000_seed42,42,4000,435,42,accuracy,100042,0.7864,5,0.652364189529419,5.554836705327034,10,0.652364189529419,valid,0.7862098302333279,0.7874840451620112,0.7864000000000001,100042
GEN,0.7864,170,170,offspring,0,0,CIFAR10,436,main_b1000_cifar10_alexnet_GEN_kp10_seed42,0.1,0.7864,48,False,0.1,alexnet,False,0,0,1,0.7864,429,6,0.7864,170,1,0,4,0.1,CIFAR10_alexnet_GEN_accuracy_kp1000_seed42,42,4000,436,42,accuracy,100042,0.7864,5,0.652364189529419,5.541508756577969,10,0.652364189529419,valid,0.7862098302333279,0.7874840451620112,0.7864000000000001,100042
GEN,0.7864,170,170,offspring,0,0,CIFAR10,437,main_b1000_cifar10_alexnet_GEN_kp10_seed42,0.1,0.7864,48,False,0.1,alexnet,False,0,0,2,0.7864,429,6,0.7864,170,1,0,5,0.1,CIFAR10_alexnet_GEN_accuracy_kp1000_seed42,42,4000,437,42,accuracy,100042,0.7864,5,0.652364189529419,5.518358863890171,10,0.652364189529419,valid,0.7862098302333279,0.7874840451620112,0.7864000000000001,100042
GEN,0.7864,170,170,offspring,0,0,CIFAR10,438,main_b1000_cifar10_alexnet_GEN_kp10_seed42,0.1,0.7864,48,False,0.1,alexnet,False,0,0,1,0.7864,425,2,0.7864,432,9,0,6,0.1,CIFAR10_alexnet_GEN_accuracy_kp1000_seed42,42,4000,438,42,accuracy,100042,0.7864,5,0.652364189529419,5.49985409528017,10,0.652364189529419,valid,0.7862098302333279,0.7874840451620112,0.7864000000000001,100042
GEN,0.7864,170,170,offspring,0,0,CIFAR10,439,main_b1000_cifar10_alexnet_GEN_kp10_seed42,0.1,0.7864,48,False,0.1,alexnet,False,0,0,2,0.7864,425,2,0.7864,432,9,0,7,0.1,CIFAR10_alexnet_GEN_accuracy_kp1000_seed42,42,4000,439,42,accuracy,100042,0.7864,5,0.652364189529419,5.509322673082352,10,0.652364189529419,valid,0.7862098302333279,0.7874840451620112,0.7864000000000001,100042
GEN,0.7864,170,170,offspring,0,0,CIFAR10,440,main_b1000_cifar10_alexnet_GEN_kp10_seed42,0.1,0.7864,48,False,0.1,alexnet,False,0,0,1,0.7864,430,7,0.7864,427,4,0,8,0.1,CIFAR10_alexnet_GEN_accuracy_kp1000_seed42,42,4000,440,42,accuracy,100042,0.7864,5,0.652364189529419,5.527190826833248,10,0.652364189529419,valid,0.7862098302333279,0.7874840451620112,0.7864000000000001,100042
GEN,0.7864,170,170,offspring,0,0,CIFAR10,441,main_b1000_cifar10_alexnet_GEN_kp10_seed42,0.1,0.7864,48,False,0.1,alexnet,False,0,0,2,0.7864,430,7,0.7864,427,4,0,9,0.1,CIFAR10_alexnet_GEN_accuracy_kp1000_seed42,42,4000,441,42,accuracy,100042,0.7864,5,0.652364189529419,5.554207630455494,10,0.652364189529419,valid,0.7862098302333279,0.7874840451620112,0.7864000000000001,100042
GEN,0.7864,170,170,offspring,0,0,CIFAR10,442,main_b1000_cifar10_alexnet_GEN_kp10_seed42,0.1,0.7864,48,False,0.1,alexnet,False,0,0,1,0.7864,430,7,0.7864,425,2,0,10,0.1,CIFAR10_alexnet_GEN_accuracy_kp1000_seed42,42,4000,442,42,accuracy,100042,0.7864,5,0.652364189529419,5.55530010163784,10,0.652364189529419,valid,0.7862098302333279,0.7874840451620112,0.7864000000000001,100042
GEN,0.7864,170,170,offspring,0,0,CIFAR10,443,main_b1000_cifar10_alexnet_GEN_kp10_seed42,0.1,0.7864,49,False,0.1,alexnet,False,0,0,1,0.7864,439,7,0.7864,438,6,0,2,0.1,CIFAR10_alexnet_GEN_accuracy_kp1000_seed42,42,4000,443,42,accuracy,100042,0.7864,5,0.652364189529419,5.54113807529211,10,0.652364189529419,valid,0.7862098302333279,0.7874840451620112,0.7864000000000001,100042
GEN,0.7864,170,170,offspring,0,0,CIFAR10,444,main_b1000_cifar10_alexnet_GEN_kp10_seed42,0.1,0.7864,49,False,0.1,alexnet,False,0,0,2,0.7864,439,7,0.7864,438,6,0,3,0.1,CIFAR10_alexnet_GEN_accuracy_kp1000_seed42,42,4000,444,42,accuracy,100042,0.7864,5,0.652364189529419,5.5170144736766815,10,0.652364189529419,valid,0.7862098302333279,0.7874840451620112,0.7864000000000001,100042
GEN,0.7864,170,170,offspring,0,0,CIFAR10,445,main_b1000_cifar10_alexnet_GEN_kp10_seed42,0.1,0.7864,49,False,0.1,alexnet,False,0,0,1,0.7864,436,4,0.7864,438,6,0,4,0.1,CIFAR10_alexnet_GEN_accuracy_kp1000_seed42,42,4000,445,42,accuracy,100042,0.7864,5,0.652364189529419,5.541297748684883,10,0.652364189529419,valid,0.7862098302333279,0.7874840451620112,0.7864000000000001,100042
GEN,0.7864,170,170,offspring,0,0,CIFAR10,446,main_b1000_cifar10_alexnet_GEN_kp10_seed42,0.1,0.7864,49,False,0.1,alexnet,False,0,0,2,0.7864,436,4,0.7864,438,6,0,5,0.1,CIFAR10_alexnet_GEN_accuracy_kp1000_seed42,42,4000,446,42,accuracy,100042,0.7864,5,0.652364189529419,5.515199758112431,10,0.652364189529419,valid,0.7862098302333279,0.7874840451620112,0.7864000000000001,100042
GEN,0.7864,170,170,offspring,0,0,CIFAR10,447,main_b1000_cifar10_alexnet_GEN_kp10_seed42,0.1,0.7864,49,False,0.1,alexnet,False,0,0,1,0.7864,439,7,0.7864,440,8,0,6,0.1,CIFAR10_alexnet_GEN_accuracy_kp1000_seed42,42,4000,447,42,accuracy,100042,0.7864,5,0.652364189529419,5.520738162100315,10,0.652364189529419,valid,0.7862098302333279,0.7874840451620112,0.7864000000000001,100042
GEN,0.7864,170,170,offspring,0,0,CIFAR10,448,main_b1000_cifar10_alexnet_GEN_kp10_seed42,0.1,0.7864,49,False,0.1,alexnet,False,0,0,2,0.7864,439,7,0.7864,440,8,0,7,0.1,CIFAR10_alexnet_GEN_accuracy_kp1000_seed42,42,4000,448,42,accuracy,100042,0.7864,5,0.652364189529419,5.493629090487957,10,0.652364189529419,valid,0.7862098302333279,0.7874840451620112,0.7864000000000001,100042
GEN,0.7864,170,170,offspring,0,0,CIFAR10,449,main_b1000_cifar10_alexnet_GEN_kp10_seed42,0.1,0.7864,49,False,0.1,alexnet,False,0,0,1,0.7864,441,9,0.7864,436,4,0,8,0.1,CIFAR10_alexnet_GEN_accuracy_kp1000_seed42,42,4000,449,42,accuracy,100042,0.7864,5,0.652364189529419,5.5063052996993065,10,0.652364189529419,valid,0.7862098302333279,0.7874840451620112,0.7864000000000001,100042
GEN,0.7864,170,170,offspring,0,0,CIFAR10,450,main_b1000_cifar10_alexnet_GEN_kp10_seed42,0.1,0.7864,49,False,0.1,alexnet,False,0,0,2,0.7864,441,9,0.7864,436,4,0,9,0.1,CIFAR10_alexnet_GEN_accuracy_kp1000_seed42,42,4000,450,42,accuracy,100042,0.7864,5,0.652364189529419,5.52931559830904,10,0.652364189529419,valid,0.7862098302333279,0.7874840451620112,0.7864000000000001,100042
GEN,0.7864,170,170,offspring,0,0,CIFAR10,451,main_b1000_cifar10_alexnet_GEN_kp10_seed42,0.1,0.7864,49,False,0.1,alexnet,False,0,0,1,0.7864,442,10,0.7864,436,4,0,10,0.1,CIFAR10_alexnet_GEN_accuracy_kp1000_seed42,42,4000,451,42,accuracy,100042,0.7864,5,0.652364189529419,5.552471242845058,10,0.652364189529419,valid,0.7862098302333279,0.7874840451620112,0.7864000000000001,100042
GEN,0.7864,170,170,offspring,0,0,CIFAR10,452,main_b1000_cifar10_alexnet_GEN_kp10_seed42,0.1,0.7864,50,False,0.1,alexnet,False,0,0,1,0.7864,444,3,0.7864,445,4,0,2,0.1,CIFAR10_alexnet_GEN_accuracy_kp1000_seed42,42,4000,452,42,accuracy,100042,0.7864,5,0.652364189529419,5.532215490937233,10,0.652364189529419,valid,0.7862098302333279,0.7874840451620112,0.7864000000000001,100042
GEN,0.7864,170,170,offspring,0,0,CIFAR10,453,main_b1000_cifar10_alexnet_GEN_kp10_seed42,0.1,0.7864,50,False,0.1,alexnet,False,0,0,2,0.7864,444,3,0.7864,445,4,0,3,0.1,CIFAR10_alexnet_GEN_accuracy_kp1000_seed42,42,4000,453,42,accuracy,100042,0.7864,5,0.652364189529419,5.560302712023258,10,0.652364189529419,valid,0.7862098302333279,0.7874840451620112,0.7864000000000001,100042
GEN,0.7864,170,170,offspring,0,0,CIFAR10,454,main_b1000_cifar10_alexnet_GEN_kp10_seed42,0.1,0.7864,50,False,0.1,alexnet,False,0,0,1,0.7864,451,10,0.7864,448,7,0,4,0.1,CIFAR10_alexnet_GEN_accuracy_kp1000_seed42,42,4000,454,42,accuracy,100042,0.7864,5,0.652364189529419,5.580543287098408,10,0.652364189529419,valid,0.7862098302333279,0.7874840451620112,0.7864000000000001,100042
GEN,0.7864,170,170,offspring,0,0,CIFAR10,455,main_b1000_cifar10_alexnet_GEN_kp10_seed42,0.1,0.7864,50,False,0.1,alexnet,False,0,0,2,0.7864,451,10,0.7864,448,7,0,5,0.1,CIFAR10_alexnet_GEN_accuracy_kp1000_seed42,42,4000,455,42,accuracy,100042,0.7864,5,0.652364189529419,5.498335897922516,10,0.652364189529419,valid,0.7862098302333279,0.7874840451620112,0.7864000000000001,100042
GEN,0.7864,170,170,offspring,0,0,CIFAR10,456,main_b1000_cifar10_alexnet_GEN_kp10_seed42,0.1,0.7864,50,False,0.1,alexnet,False,0,0,1,0.7864,445,4,0.7864,443,2,0,6,0.1,CIFAR10_alexnet_GEN_accuracy_kp1000_seed42,42,4000,456,42,accuracy,100042,0.7864,5,0.652364189529419,5.521307289600372,10,0.652364189529419,valid,0.7862098302333279,0.7874840451620112,0.7864000000000001,100042
GEN,0.7864,170,170,offspring,0,0,CIFAR10,457,main_b1000_cifar10_alexnet_GEN_kp10_seed42,0.1,0.7864,50,False,0.1,alexnet,False,0,0,2,0.7864,445,4,0.7864,443,2,0,7,0.1,CIFAR10_alexnet_GEN_accuracy_kp1000_seed42,42,4000,457,42,accuracy,100042,0.7864,5,0.652364189529419,5.505024209618568,10,0.652364189529419,valid,0.7862098302333279,0.7874840451620112,0.7864000000000001,100042
GEN,0.7864,170,170,offspring,0,0,CIFAR10,458,main_b1000_cifar10_alexnet_GEN_kp10_seed42,0.1,0.7864,50,False,0.1,alexnet,False,0,0,1,0.7864,449,8,0.7864,450,9,0,8,0.1,CIFAR10_alexnet_GEN_accuracy_kp1000_seed42,42,4000,458,42,accuracy,100042,0.7864,5,0.652364189529419,5.5593926683068275,10,0.652364189529419,valid,0.7862098302333279,0.7874840451620112,0.7864000000000001,100042
GEN,0.7864,170,170,offspring,0,0,CIFAR10,459,main_b1000_cifar10_alexnet_GEN_kp10_seed42,0.1,0.7864,50,False,0.1,alexnet,False,0,0,2,0.7864,449,8,0.7864,450,9,0,9,0.1,CIFAR10_alexnet_GEN_accuracy_kp1000_seed42,42,4000,459,42,accuracy,100042,0.7864,5,0.652364189529419,5.5118033438920975,10,0.652364189529419,valid,0.7862098302333279,0.7874840451620112,0.7864000000000001,100042
GEN,0.7864,170,170,offspring,0,0,CIFAR10,460,main_b1000_cifar10_alexnet_GEN_kp10_seed42,0.1,0.7864,50,False,0.1,alexnet,False,0,0,1,0.7864,445,4,0.7864,450,9,0,10,0.1,CIFAR10_alexnet_GEN_accuracy_kp1000_seed42,42,4000,460,42,accuracy,100042,0.7864,5,0.652364189529419,5.53910867869854,10,0.652364189529419,valid,0.7862098302333279,0.7874840451620112,0.7864000000000001,100042
GEN,0.7864,170,170,offspring,0,0,CIFAR10,461,main_b1000_cifar10_alexnet_GEN_kp10_seed42,0.1,0.7864,51,False,0.1,alexnet,False,0,0,1,0.7864,452,2,0.7864,454,4,0,2,0.1,CIFAR10_alexnet_GEN_accuracy_kp1000_seed42,42,4000,461,42,accuracy,100042,0.7864,5,0.652364189529419,5.617401666939259,10,0.652364189529419,valid,0.7862098302333279,0.7874840451620112,0.7864000000000001,100042
GEN,0.7864,170,170,offspring,0,0,CIFAR10,462,main_b1000_cifar10_alexnet_GEN_kp10_seed42,0.1,0.7864,51,False,0.1,alexnet,False,0,0,2,0.7864,452,2,0.7864,454,4,0,3,0.1,CIFAR10_alexnet_GEN_accuracy_kp1000_seed42,42,4000,462,42,accuracy,100042,0.7864,5,0.652364189529419,5.626317702233791,10,0.652364189529419,valid,0.7862098302333279,0.7874840451620112,0.7864000000000001,100042
GEN,0.7864,170,170,offspring,0,0,CIFAR10,463,main_b1000_cifar10_alexnet_GEN_kp10_seed42,0.1,0.7835,51,False,0.1,alexnet,True,400,200,1,0.7864,457,7,0.7864,453,3,0,4,0.1,CIFAR10_alexnet_GEN_accuracy_kp1000_seed42,42,4000,463,42,accuracy,100042,0.7835,5,0.6480932361125946,5.571704618632793,10,0.6480932361125946,valid,0.7835251155495391,0.7874998151517403,0.7834999999999999,100042
GEN,0.7864,170,170,offspring,0,0,CIFAR10,464,main_b1000_cifar10_alexnet_GEN_kp10_seed42,0.1,0.7864,51,False,0.1,alexnet,False,0,0,2,0.7864,457,7,0.7864,453,3,0,5,0.1,CIFAR10_alexnet_GEN_accuracy_kp1000_seed42,42,4000,464,42,accuracy,100042,0.7864,5,0.652364189529419,5.584641046822071,10,0.652364189529419,valid,0.7862098302333279,0.7874840451620112,0.7864000000000001,100042
GEN,0.7864,170,170,offspring,0,0,CIFAR10,465,main_b1000_cifar10_alexnet_GEN_kp10_seed42,0.1,0.7864,51,False,0.1,alexnet,False,0,0,1,0.7864,457,7,0.7864,170,1,0,6,0.1,CIFAR10_alexnet_GEN_accuracy_kp1000_seed42,42,4000,465,42,accuracy,100042,0.7864,5,0.652364189529419,5.540923275053501,10,0.652364189529419,valid,0.7862098302333279,0.7874840451620112,0.7864000000000001,100042
GEN,0.7864,170,170,offspring,0,0,CIFAR10,466,main_b1000_cifar10_alexnet_GEN_kp10_seed42,0.1,0.7864,51,False,0.1,alexnet,False,0,0,2,0.7864,457,7,0.7864,170,1,0,7,0.1,CIFAR10_alexnet_GEN_accuracy_kp1000_seed42,42,4000,466,42,accuracy,100042,0.7864,5,0.652364189529419,5.506034858524799,10,0.652364189529419,valid,0.7862098302333279,0.7874840451620112,0.7864000000000001,100042
GEN,0.7864,170,170,offspring,0,0,CIFAR10,467,main_b1000_cifar10_alexnet_GEN_kp10_seed42,0.1,0.7864,51,False,0.1,alexnet,False,0,0,1,0.7864,457,7,0.7864,452,2,0,8,0.1,CIFAR10_alexnet_GEN_accuracy_kp1000_seed42,42,4000,467,42,accuracy,100042,0.7864,5,0.652364189529419,5.513379842042923,10,0.652364189529419,valid,0.7862098302333279,0.7874840451620112,0.7864000000000001,100042
GEN,0.7864,170,170,offspring,0,0,CIFAR10,468,main_b1000_cifar10_alexnet_GEN_kp10_seed42,0.1,0.7864,51,False,0.1,alexnet,False,0,0,2,0.7864,457,7,0.7864,452,2,0,9,0.1,CIFAR10_alexnet_GEN_accuracy_kp1000_seed42,42,4000,468,42,accuracy,100042,0.7864,5,0.652364189529419,5.512465916574001,10,0.652364189529419,valid,0.7862098302333279,0.7874840451620112,0.7864000000000001,100042
GEN,0.7864,170,170,offspring,0,0,CIFAR10,469,main_b1000_cifar10_alexnet_GEN_kp10_seed42,0.1,0.7791,51,False,0.1,alexnet,True,400,200,1,0.7864,458,8,0.7864,453,3,0,10,0.1,CIFAR10_alexnet_GEN_accuracy_kp1000_seed42,42,4000,469,42,accuracy,100042,0.7791,4,0.6575942707061767,5.511210806667805,10,0.6575942707061767,valid,0.7792498003377153,0.7855663001297248,0.7790999999999999,100042
GEN,0.7864,170,170,offspring,0,0,CIFAR10,470,main_b1000_cifar10_alexnet_GEN_kp10_seed42,0.1,0.7864,52,False,0.1,alexnet,False,0,0,1,0.7864,170,1,0.7864,468,9,0,2,0.1,CIFAR10_alexnet_GEN_accuracy_kp1000_seed42,42,4000,470,42,accuracy,100042,0.7864,5,0.652364189529419,5.497855879366398,10,0.652364189529419,valid,0.7862098302333279,0.7874840451620112,0.7864000000000001,100042
GEN,0.7864,170,170,offspring,0,0,CIFAR10,471,main_b1000_cifar10_alexnet_GEN_kp10_seed42,0.1,0.7864,52,False,0.1,alexnet,False,0,0,2,0.7864,170,1,0.7864,468,9,0,3,0.1,CIFAR10_alexnet_GEN_accuracy_kp1000_seed42,42,4000,471,42,accuracy,100042,0.7864,5,0.652364189529419,5.508317314088345,10,0.652364189529419,valid,0.7862098302333279,0.7874840451620112,0.7864000000000001,100042
GEN,0.7864,170,170,offspring,0,0,CIFAR10,472,main_b1000_cifar10_alexnet_GEN_kp10_seed42,0.1,0.7864,52,False,0.1,alexnet,False,0,0,1,0.7864,468,9,0.7864,464,5,0,4,0.1,CIFAR10_alexnet_GEN_accuracy_kp1000_seed42,42,4000,472,42,accuracy,100042,0.7864,5,0.652364189529419,5.541984744369984,10,0.652364189529419,valid,0.7862098302333279,0.7874840451620112,0.7864000000000001,100042
GEN,0.7864,170,170,offspring,0,0,CIFAR10,473,main_b1000_cifar10_alexnet_GEN_kp10_seed42,0.1,0.7864,52,False,0.1,alexnet,False,0,0,2,0.7864,468,9,0.7864,464,5,0,5,0.1,CIFAR10_alexnet_GEN_accuracy_kp1000_seed42,42,4000,473,42,accuracy,100042,0.7864,5,0.652364189529419,5.538543410599232,10,0.652364189529419,valid,0.7862098302333279,0.7874840451620112,0.7864000000000001,100042
GEN,0.7864,170,170,offspring,0,0,CIFAR10,474,main_b1000_cifar10_alexnet_GEN_kp10_seed42,0.1,0.7864,52,False,0.1,alexnet,False,0,0,1,0.7864,465,6,0.7864,462,3,0,6,0.1,CIFAR10_alexnet_GEN_accuracy_kp1000_seed42,42,4000,474,42,accuracy,100042,0.7864,5,0.652364189529419,5.539410375058651,10,0.652364189529419,valid,0.7862098302333279,0.7874840451620112,0.7864000000000001,100042
GEN,0.7864,170,170,offspring,0,0,CIFAR10,475,main_b1000_cifar10_alexnet_GEN_kp10_seed42,0.1,0.7864,52,False,0.1,alexnet,False,0,0,2,0.7864,465,6,0.7864,462,3,0,7,0.1,CIFAR10_alexnet_GEN_accuracy_kp1000_seed42,42,4000,475,42,accuracy,100042,0.7864,5,0.652364189529419,5.527948506176472,10,0.652364189529419,valid,0.7862098302333279,0.7874840451620112,0.7864000000000001,100042
GEN,0.7864,170,170,offspring,0,0,CIFAR10,476,main_b1000_cifar10_alexnet_GEN_kp10_seed42,0.1,0.7864,52,False,0.1,alexnet,False,0,0,1,0.7864,464,5,0.7864,461,2,0,8,0.1,CIFAR10_alexnet_GEN_accuracy_kp1000_seed42,42,4000,476,42,accuracy,100042,0.7864,5,0.652364189529419,5.535774387419224,10,0.652364189529419,valid,0.7862098302333279,0.7874840451620112,0.7864000000000001,100042
GEN,0.7864,170,170,offspring,0,0,CIFAR10,477,main_b1000_cifar10_alexnet_GEN_kp10_seed42,0.1,0.7864,52,False,0.1,alexnet,False,0,0,2,0.7864,464,5,0.7864,461,2,0,9,0.1,CIFAR10_alexnet_GEN_accuracy_kp1000_seed42,42,4000,477,42,accuracy,100042,0.7864,5,0.652364189529419,5.4963147565722466,10,0.652364189529419,valid,0.7862098302333279,0.7874840451620112,0.7864000000000001,100042
GEN,0.7864,170,170,offspring,0,0,CIFAR10,478,main_b1000_cifar10_alexnet_GEN_kp10_seed42,0.1,0.7864,52,False,0.1,alexnet,False,0,0,1,0.7864,467,8,0.7864,468,9,0,10,0.1,CIFAR10_alexnet_GEN_accuracy_kp1000_seed42,42,4000,478,42,accuracy,100042,0.7864,5,0.652364189529419,5.571438640356064,10,0.652364189529419,valid,0.7862098302333279,0.7874840451620112,0.7864000000000001,100042
GEN,0.7864,170,170,offspring,0,0,CIFAR10,479,main_b1000_cifar10_alexnet_GEN_kp10_seed42,0.1,0.7864,53,False,0.1,alexnet,False,0,0,1,0.7864,476,8,0.7864,170,1,0,2,0.1,CIFAR10_alexnet_GEN_accuracy_kp1000_seed42,42,4000,479,42,accuracy,100042,0.7864,5,0.652364189529419,5.57032872736454,10,0.652364189529419,valid,0.7862098302333279,0.7874840451620112,0.7864000000000001,100042
GEN,0.7864,170,170,offspring,0,0,CIFAR10,480,main_b1000_cifar10_alexnet_GEN_kp10_seed42,0.1,0.7864,53,False,0.1,alexnet,False,0,0,2,0.7864,476,8,0.7864,170,1,0,3,0.1,CIFAR10_alexnet_GEN_accuracy_kp1000_seed42,42,4000,480,42,accuracy,100042,0.7864,5,0.652364189529419,5.567942917346954,10,0.652364189529419,valid,0.7862098302333279,0.7874840451620112,0.7864000000000001,100042
GEN,0.7864,170,170,offspring,0,0,CIFAR10,481,main_b1000_cifar10_alexnet_GEN_kp10_seed42,0.1,0.7864,53,False,0.1,alexnet,False,0,0,1,0.7864,478,10,0.7864,474,6,0,4,0.1,CIFAR10_alexnet_GEN_accuracy_kp1000_seed42,42,4000,481,42,accuracy,100042,0.7864,5,0.652364189529419,5.583438903093338,10,0.652364189529419,valid,0.7862098302333279,0.7874840451620112,0.7864000000000001,100042
GEN,0.7864,170,170,offspring,0,0,CIFAR10,482,main_b1000_cifar10_alexnet_GEN_kp10_seed42,0.1,0.7829,53,False,0.1,alexnet,True,400,200,2,0.7864,478,10,0.7864,474,6,0,5,0.1,CIFAR10_alexnet_GEN_accuracy_kp1000_seed42,42,4000,482,42,accuracy,100042,0.7829,4,0.6481814505100251,5.58996394276619,10,0.6481814505100251,valid,0.7818679302888987,0.7845125669507448,0.7828999999999999,100042
GEN,0.7864,170,170,offspring,0,0,CIFAR10,483,main_b1000_cifar10_alexnet_GEN_kp10_seed42,0.1,0.7864,53,False,0.1,alexnet,False,0,0,1,0.7864,475,7,0.7864,473,5,0,6,0.1,CIFAR10_alexnet_GEN_accuracy_kp1000_seed42,42,4000,483,42,accuracy,100042,0.7864,5,0.652364189529419,5.5752303674817085,10,0.652364189529419,valid,0.7862098302333279,0.7874840451620112,0.7864000000000001,100042
GEN,0.7864,170,170,offspring,0,0,CIFAR10,484,main_b1000_cifar10_alexnet_GEN_kp10_seed42,0.1,0.7864,53,False,0.1,alexnet,False,0,0,2,0.7864,475,7,0.7864,473,5,0,7,0.1,CIFAR10_alexnet_GEN_accuracy_kp1000_seed42,42,4000,484,42,accuracy,100042,0.7864,5,0.652364189529419,5.598065547645092,10,0.652364189529419,valid,0.7862098302333279,0.7874840451620112,0.7864000000000001,100042
GEN,0.7864,170,170,offspring,0,0,CIFAR10,485,main_b1000_cifar10_alexnet_GEN_kp10_seed42,0.1,0.7797,53,False,0.1,alexnet,True,400,200,1,0.7864,478,10,0.7864,477,9,0,8,0.1,CIFAR10_alexnet_GEN_accuracy_kp1000_seed42,42,4000,485,42,accuracy,100042,0.7797,4,0.6528174590110779,5.565759599208832,10,0.6528174590110779,valid,0.7794270880718189,0.7824918315615503,0.7797,100042
GEN,0.7864,170,170,offspring,0,0,CIFAR10,486,main_b1000_cifar10_alexnet_GEN_kp10_seed42,0.1,0.7864,53,False,0.1,alexnet,False,0,0,2,0.7864,478,10,0.7864,477,9,0,9,0.1,CIFAR10_alexnet_GEN_accuracy_kp1000_seed42,42,4000,486,42,accuracy,100042,0.7864,5,0.652364189529419,5.553212970495224,10,0.652364189529419,valid,0.7862098302333279,0.7874840451620112,0.7864000000000001,100042
GEN,0.7864,170,170,offspring,0,0,CIFAR10,487,main_b1000_cifar10_alexnet_GEN_kp10_seed42,0.1,0.7864,53,False,0.1,alexnet,False,0,0,1,0.7864,473,5,0.7864,170,1,0,10,0.1,CIFAR10_alexnet_GEN_accuracy_kp1000_seed42,42,4000,487,42,accuracy,100042,0.7864,5,0.652364189529419,5.555264435708523,10,0.652364189529419,valid,0.7862098302333279,0.7874840451620112,0.7864000000000001,100042
GEN,0.7864,170,170,offspring,0,0,CIFAR10,488,main_b1000_cifar10_alexnet_GEN_kp10_seed42,0.1,0.7864,54,False,0.1,alexnet,False,0,0,1,0.7864,170,1,0.7864,484,7,0,2,0.1,CIFAR10_alexnet_GEN_accuracy_kp1000_seed42,42,4000,488,42,accuracy,100042,0.7864,5,0.652364189529419,5.56427613645792,10,0.652364189529419,valid,0.7862098302333279,0.7874840451620112,0.7864000000000001,100042
GEN,0.7864,170,170,offspring,0,0,CIFAR10,489,main_b1000_cifar10_alexnet_GEN_kp10_seed42,0.1,0.7864,54,False,0.1,alexnet,False,0,0,2,0.7864,170,1,0.7864,484,7,0,3,0.1,CIFAR10_alexnet_GEN_accuracy_kp1000_seed42,42,4000,489,42,accuracy,100042,0.7864,5,0.652364189529419,5.545323543250561,10,0.652364189529419,valid,0.7862098302333279,0.7874840451620112,0.7864000000000001,100042
GEN,0.7864,170,170,offspring,0,0,CIFAR10,490,main_b1000_cifar10_alexnet_GEN_kp10_seed42,0.1,0.7864,54,False,0.1,alexnet,False,0,0,1,0.7864,486,9,0.7864,480,3,0,4,0.1,CIFAR10_alexnet_GEN_accuracy_kp1000_seed42,42,4000,490,42,accuracy,100042,0.7864,5,0.652364189529419,5.5621244087815285,10,0.652364189529419,valid,0.7862098302333279,0.7874840451620112,0.7864000000000001,100042
GEN,0.7864,170,170,offspring,0,0,CIFAR10,491,main_b1000_cifar10_alexnet_GEN_kp10_seed42,0.1,0.7864,54,False,0.1,alexnet,False,0,0,2,0.7864,486,9,0.7864,480,3,0,5,0.1,CIFAR10_alexnet_GEN_accuracy_kp1000_seed42,42,4000,491,42,accuracy,100042,0.7864,5,0.652364189529419,5.568314507603645,10,0.652364189529419,valid,0.7862098302333279,0.7874840451620112,0.7864000000000001,100042
GEN,0.7864,170,170,offspring,0,0,CIFAR10,492,main_b1000_cifar10_alexnet_GEN_kp10_seed42,0.1,0.7864,54,False,0.1,alexnet,False,0,0,1,0.7864,480,3,0.7864,487,10,0,6,0.1,CIFAR10_alexnet_GEN_accuracy_kp1000_seed42,42,4000,492,42,accuracy,100042,0.7864,5,0.652364189529419,5.591215521097183,10,0.652364189529419,valid,0.7862098302333279,0.7874840451620112,0.7864000000000001,100042
GEN,0.7864,170,170,offspring,0,0,CIFAR10,493,main_b1000_cifar10_alexnet_GEN_kp10_seed42,0.1,0.7864,54,False,0.1,alexnet,False,0,0,2,0.7864,480,3,0.7864,487,10,0,7,0.1,CIFAR10_alexnet_GEN_accuracy_kp1000_seed42,42,4000,493,42,accuracy,100042,0.7864,5,0.652364189529419,5.634898327291012,10,0.652364189529419,valid,0.7862098302333279,0.7874840451620112,0.7864000000000001,100042
GEN,0.7864,170,170,offspring,0,0,CIFAR10,494,main_b1000_cifar10_alexnet_GEN_kp10_seed42,0.1,0.7864,54,False,0.1,alexnet,False,0,0,1,0.7864,486,9,0.7864,481,4,0,8,0.1,CIFAR10_alexnet_GEN_accuracy_kp1000_seed42,42,4000,494,42,accuracy,100042,0.7864,5,0.652364189529419,5.540920048952103,10,0.652364189529419,valid,0.7862098302333279,0.7874840451620112,0.7864000000000001,100042
GEN,0.7864,170,170,offspring,0,0,CIFAR10,495,main_b1000_cifar10_alexnet_GEN_kp10_seed42,0.1,0.7864,54,False,0.1,alexnet,False,0,0,2,0.7864,486,9,0.7864,481,4,0,9,0.1,CIFAR10_alexnet_GEN_accuracy_kp1000_seed42,42,4000,495,42,accuracy,100042,0.7864,5,0.652364189529419,5.560250371694565,10,0.652364189529419,valid,0.7862098302333279,0.7874840451620112,0.7864000000000001,100042
GEN,0.7864,170,170,offspring,0,0,CIFAR10,496,main_b1000_cifar10_alexnet_GEN_kp10_seed42,0.1,0.7864,54,False,0.1,alexnet,False,0,0,1,0.7864,479,2,0.7864,483,6,0,10,0.1,CIFAR10_alexnet_GEN_accuracy_kp1000_seed42,42,4000,496,42,accuracy,100042,0.7864,5,0.652364189529419,5.558121830224991,10,0.652364189529419,valid,0.7862098302333279,0.7874840451620112,0.7864000000000001,100042
GEN,0.7864,170,170,offspring,0,0,CIFAR10,497,main_b1000_cifar10_alexnet_GEN_kp10_seed42,0.1,0.7864,55,False,0.1,alexnet,False,0,0,1,0.7864,490,4,0.7864,170,1,0,2,0.1,CIFAR10_alexnet_GEN_accuracy_kp1000_seed42,42,4000,497,42,accuracy,100042,0.7864,5,0.652364189529419,5.565687708556652,10,0.652364189529419,valid,0.7862098302333279,0.7874840451620112,0.7864000000000001,100042
GEN,0.7864,170,170,offspring,0,0,CIFAR10,498,main_b1000_cifar10_alexnet_GEN_kp10_seed42,0.1,0.7864,55,False,0.1,alexnet,False,0,0,2,0.7864,490,4,0.7864,170,1,0,3,0.1,CIFAR10_alexnet_GEN_accuracy_kp1000_seed42,42,4000,498,42,accuracy,100042,0.7864,5,0.652364189529419,5.580429665744305,10,0.652364189529419,valid,0.7862098302333279,0.7874840451620112,0.7864000000000001,100042
GEN,0.7864,170,170,offspring,0,0,CIFAR10,499,main_b1000_cifar10_alexnet_GEN_kp10_seed42,0.1,0.7864,55,False,0.1,alexnet,False,0,0,1,0.7864,492,6,0.7864,496,10,0,4,0.1,CIFAR10_alexnet_GEN_accuracy_kp1000_seed42,42,4000,499,42,accuracy,100042,0.7864,5,0.652364189529419,5.555724680423737,10,0.652364189529419,valid,0.7862098302333279,0.7874840451620112,0.7864000000000001,100042
GEN,0.7864,170,170,offspring,0,0,CIFAR10,500,main_b1000_cifar10_alexnet_GEN_kp10_seed42,0.1,0.7864,55,False,0.1,alexnet,False,0,0,2,0.7864,492,6,0.7864,496,10,0,5,0.1,CIFAR10_alexnet_GEN_accuracy_kp1000_seed42,42,4000,500,42,accuracy,100042,0.7864,5,0.652364189529419,5.544727683067322,10,0.652364189529419,valid,0.7862098302333279,0.7874840451620112,0.7864000000000001,100042
GEN,0.7864,170,170,offspring,0,0,CIFAR10,501,main_b1000_cifar10_alexnet_GEN_kp10_seed42,0.1,0.7864,55,False,0.1,alexnet,False,0,0,1,0.7864,496,10,0.7864,170,1,0,6,0.1,CIFAR10_alexnet_GEN_accuracy_kp1000_seed42,42,4000,501,42,accuracy,100042,0.7864,5,0.652364189529419,5.588154897093773,10,0.652364189529419,valid,0.7862098302333279,0.7874840451620112,0.7864000000000001,100042
GEN,0.7864,170,170,offspring,0,0,CIFAR10,502,main_b1000_cifar10_alexnet_GEN_kp10_seed42,0.1,0.7864,55,False,0.1,alexnet,False,0,0,2,0.7864,496,10,0.7864,170,1,0,7,0.1,CIFAR10_alexnet_GEN_accuracy_kp1000_seed42,42,4000,502,42,accuracy,100042,0.7864,5,0.652364189529419,5.61949510872364,10,0.652364189529419,valid,0.7862098302333279,0.7874840451620112,0.7864000000000001,100042
GEN,0.7864,170,170,offspring,0,0,CIFAR10,503,main_b1000_cifar10_alexnet_GEN_kp10_seed42,0.1,0.7864,55,False,0.1,alexnet,False,0,0,1,0.7864,488,2,0.7864,492,6,0,8,0.1,CIFAR10_alexnet_GEN_accuracy_kp1000_seed42,42,4000,503,42,accuracy,100042,0.7864,5,0.652364189529419,5.585981041193008,10,0.652364189529419,valid,0.7862098302333279,0.7874840451620112,0.7864000000000001,100042
GEN,0.7864,170,170,offspring,0,0,CIFAR10,504,main_b1000_cifar10_alexnet_GEN_kp10_seed42,0.1,0.7864,55,False,0.1,alexnet,False,0,0,2,0.7864,488,2,0.7864,492,6,0,9,0.1,CIFAR10_alexnet_GEN_accuracy_kp1000_seed42,42,4000,504,42,accuracy,100042,0.7864,5,0.652364189529419,5.603700399398804,10,0.652364189529419,valid,0.7862098302333279,0.7874840451620112,0.7864000000000001,100042
GEN,0.7864,170,170,offspring,0,0,CIFAR10,505,main_b1000_cifar10_alexnet_GEN_kp10_seed42,0.1,0.7864,55,False,0.1,alexnet,False,0,0,1,0.7864,170,1,0.7864,494,8,0,10,0.1,CIFAR10_alexnet_GEN_accuracy_kp1000_seed42,42,4000,505,42,accuracy,100042,0.7864,5,0.652364189529419,5.5963737443089485,10,0.652364189529419,valid,0.7862098302333279,0.7874840451620112,0.7864000000000001,100042
GEN,0.7864,170,170,offspring,0,0,CIFAR10,506,main_b1000_cifar10_alexnet_GEN_kp10_seed42,0.1,0.7864,56,False,0.1,alexnet,False,0,0,1,0.7864,499,4,0.7864,498,3,0,2,0.1,CIFAR10_alexnet_GEN_accuracy_kp1000_seed42,42,4000,506,42,accuracy,100042,0.7864,5,0.652364189529419,5.5492441058158875,10,0.652364189529419,valid,0.7862098302333279,0.7874840451620112,0.7864000000000001,100042
GEN,0.7864,170,170,offspring,0,0,CIFAR10,507,main_b1000_cifar10_alexnet_GEN_kp10_seed42,0.1,0.7864,56,False,0.1,alexnet,False,0,0,2,0.7864,499,4,0.7864,498,3,0,3,0.1,CIFAR10_alexnet_GEN_accuracy_kp1000_seed42,42,4000,507,42,accuracy,100042,0.7864,5,0.652364189529419,5.576382860541344,10,0.652364189529419,valid,0.7862098302333279,0.7874840451620112,0.7864000000000001,100042
GEN,0.7864,170,170,offspring,0,0,CIFAR10,508,main_b1000_cifar10_alexnet_GEN_kp10_seed42,0.1,0.7864,56,False,0.1,alexnet,False,0,0,1,0.7864,502,7,0.7864,501,6,0,4,0.1,CIFAR10_alexnet_GEN_accuracy_kp1000_seed42,42,4000,508,42,accuracy,100042,0.7864,5,0.652364189529419,5.5749117732048035,10,0.652364189529419,valid,0.7862098302333279,0.7874840451620112,0.7864000000000001,100042
GEN,0.7864,170,170,offspring,0,0,CIFAR10,509,main_b1000_cifar10_alexnet_GEN_kp10_seed42,0.1,0.7864,56,False,0.1,alexnet,False,0,0,2,0.7864,502,7,0.7864,501,6,0,5,0.1,CIFAR10_alexnet_GEN_accuracy_kp1000_seed42,42,4000,509,42,accuracy,100042,0.7864,5,0.652364189529419,5.5760155618190765,10,0.652364189529419,valid,0.7862098302333279,0.7874840451620112,0.7864000000000001,100042
GEN,0.7864,170,170,offspring,0,0,CIFAR10,510,main_b1000_cifar10_alexnet_GEN_kp10_seed42,0.1,0.7864,56,False,0.1,alexnet,False,0,0,1,0.7864,504,9,0.7864,499,4,0,6,0.1,CIFAR10_alexnet_GEN_accuracy_kp1000_seed42,42,4000,510,42,accuracy,100042,0.7864,5,0.652364189529419,5.587555035948753,10,0.652364189529419,valid,0.7862098302333279,0.7874840451620112,0.7864000000000001,100042
GEN,0.7864,170,170,offspring,0,0,CIFAR10,511,main_b1000_cifar10_alexnet_GEN_kp10_seed42,0.1,0.7864,56,False,0.1,alexnet,False,0,0,2,0.7864,504,9,0.7864,499,4,0,7,0.1,CIFAR10_alexnet_GEN_accuracy_kp1000_seed42,42,4000,511,42,accuracy,100042,0.7864,5,0.652364189529419,5.576686717569828,10,0.652364189529419,valid,0.7862098302333279,0.7874840451620112,0.7864000000000001,100042
GEN,0.7864,170,170,offspring,0,0,CIFAR10,512,main_b1000_cifar10_alexnet_GEN_kp10_seed42,0.1,0.7864,56,False,0.1,alexnet,False,0,0,1,0.7864,502,7,0.7864,497,2,0,8,0.1,CIFAR10_alexnet_GEN_accuracy_kp1000_seed42,42,4000,512,42,accuracy,100042,0.7864,5,0.652364189529419,5.604144647717476,10,0.652364189529419,valid,0.7862098302333279,0.7874840451620112,0.7864000000000001,100042
GEN,0.7864,170,170,offspring,0,0,CIFAR10,513,main_b1000_cifar10_alexnet_GEN_kp10_seed42,0.1,0.7864,56,False,0.1,alexnet,False,0,0,2,0.7864,502,7,0.7864,497,2,0,9,0.1,CIFAR10_alexnet_GEN_accuracy_kp1000_seed42,42,4000,513,42,accuracy,100042,0.7864,5,0.652364189529419,5.585695885121822,10,0.652364189529419,valid,0.7862098302333279,0.7874840451620112,0.7864000000000001,100042
GEN,0.7864,170,170,offspring,0,0,CIFAR10,514,main_b1000_cifar10_alexnet_GEN_kp10_seed42,0.1,0.7864,56,False,0.1,alexnet,False,0,0,1,0.7864,503,8,0.7864,499,4,0,10,0.1,CIFAR10_alexnet_GEN_accuracy_kp1000_seed42,42,4000,514,42,accuracy,100042,0.7864,5,0.652364189529419,5.5974460542202,10,0.652364189529419,valid,0.7862098302333279,0.7874840451620112,0.7864000000000001,100042
GEN,0.7864,170,170,offspring,0,0,CIFAR10,515,main_b1000_cifar10_alexnet_GEN_kp10_seed42,0.1,0.7864,57,False,0.1,alexnet,False,0,0,1,0.7864,508,4,0.7864,510,6,0,2,0.1,CIFAR10_alexnet_GEN_accuracy_kp1000_seed42,42,4000,515,42,accuracy,100042,0.7864,5,0.652364189529419,5.578928492963314,10,0.652364189529419,valid,0.7862098302333279,0.7874840451620112,0.7864000000000001,100042
GEN,0.7864,170,170,offspring,0,0,CIFAR10,516,main_b1000_cifar10_alexnet_GEN_kp10_seed42,0.1,0.779,57,False,0.1,alexnet,True,400,200,2,0.7864,508,4,0.7864,510,6,0,3,0.1,CIFAR10_alexnet_GEN_accuracy_kp1000_seed42,42,4000,516,42,accuracy,100042,0.779,3,0.6472477931022644,5.572963587939739,10,0.6472477931022644,valid,0.7781440000321455,0.7826303547761186,0.7790000000000001,100042
GEN,0.7864,170,170,offspring,0,0,CIFAR10,517,main_b1000_cifar10_alexnet_GEN_kp10_seed42,0.1,0.7864,57,False,0.1,alexnet,False,0,0,1,0.7864,509,5,0.7864,513,9,0,4,0.1,CIFAR10_alexnet_GEN_accuracy_kp1000_seed42,42,4000,517,42,accuracy,100042,0.7864,5,0.652364189529419,5.576311603188515,10,0.652364189529419,valid,0.7862098302333279,0.7874840451620112,0.7864000000000001,100042
GEN,0.7864,170,170,offspring,0,0,CIFAR10,518,main_b1000_cifar10_alexnet_GEN_kp10_seed42,0.1,0.7864,57,False,0.1,alexnet,False,0,0,2,0.7864,509,5,0.7864,513,9,0,5,0.1,CIFAR10_alexnet_GEN_accuracy_kp1000_seed42,42,4000,518,42,accuracy,100042,0.7864,5,0.652364189529419,5.562098115682602,10,0.652364189529419,valid,0.7862098302333279,0.7874840451620112,0.7864000000000001,100042
GEN,0.7864,170,170,offspring,0,0,CIFAR10,519,main_b1000_cifar10_alexnet_GEN_kp10_seed42,0.1,0.7864,57,False,0.1,alexnet,False,0,0,1,0.7864,511,7,0.7864,507,3,0,6,0.1,CIFAR10_alexnet_GEN_accuracy_kp1000_seed42,42,4000,519,42,accuracy,100042,0.7864,5,0.652364189529419,5.555843822658062,10,0.652364189529419,valid,0.7862098302333279,0.7874840451620112,0.7864000000000001,100042
GEN,0.7864,170,170,offspring,0,0,CIFAR10,520,main_b1000_cifar10_alexnet_GEN_kp10_seed42,0.1,0.7864,57,False,0.1,alexnet,False,0,0,2,0.7864,511,7,0.7864,507,3,0,7,0.1,CIFAR10_alexnet_GEN_accuracy_kp1000_seed42,42,4000,520,42,accuracy,100042,0.7864,5,0.652364189529419,5.636364370584488,10,0.652364189529419,valid,0.7862098302333279,0.7874840451620112,0.7864000000000001,100042
GEN,0.7864,170,170,offspring,0,0,CIFAR10,521,main_b1000_cifar10_alexnet_GEN_kp10_seed42,0.1,0.7864,57,False,0.1,alexnet,False,0,0,1,0.7864,510,6,0.7864,508,4,0,8,0.1,CIFAR10_alexnet_GEN_accuracy_kp1000_seed42,42,4000,521,42,accuracy,100042,0.7864,5,0.652364189529419,5.651528529822826,10,0.652364189529419,valid,0.7862098302333279,0.7874840451620112,0.7864000000000001,100042
GEN,0.7864,170,170,offspring,0,0,CIFAR10,522,main_b1000_cifar10_alexnet_GEN_kp10_seed42,0.1,0.7864,57,False,0.1,alexnet,False,0,0,2,0.7864,510,6,0.7864,508,4,0,9,0.1,CIFAR10_alexnet_GEN_accuracy_kp1000_seed42,42,4000,522,42,accuracy,100042,0.7864,5,0.652364189529419,5.643026635050774,10,0.652364189529419,valid,0.7862098302333279,0.7874840451620112,0.7864000000000001,100042
GEN,0.7864,170,170,offspring,0,0,CIFAR10,523,main_b1000_cifar10_alexnet_GEN_kp10_seed42,0.1,0.7864,57,False,0.1,alexnet,False,0,0,1,0.7864,512,8,0.7864,507,3,0,10,0.1,CIFAR10_alexnet_GEN_accuracy_kp1000_seed42,42,4000,523,42,accuracy,100042,0.7864,5,0.652364189529419,5.605302564799786,10,0.652364189529419,valid,0.7862098302333279,0.7874840451620112,0.7864000000000001,100042
GEN,0.7864,170,170,offspring,0,0,CIFAR10,524,main_b1000_cifar10_alexnet_GEN_kp10_seed42,0.1,0.7864,58,False,0.1,alexnet,False,0,0,1,0.7864,523,10,0.7864,520,7,0,2,0.1,CIFAR10_alexnet_GEN_accuracy_kp1000_seed42,42,4000,524,42,accuracy,100042,0.7864,5,0.652364189529419,5.628291815519333,10,0.652364189529419,valid,0.7862098302333279,0.7874840451620112,0.7864000000000001,100042
GEN,0.7864,170,170,offspring,0,0,CIFAR10,525,main_b1000_cifar10_alexnet_GEN_kp10_seed42,0.1,0.7864,58,False,0.1,alexnet,False,0,0,2,0.7864,523,10,0.7864,520,7,0,3,0.1,CIFAR10_alexnet_GEN_accuracy_kp1000_seed42,42,4000,525,42,accuracy,100042,0.7864,5,0.652364189529419,5.617432005703449,10,0.652364189529419,valid,0.7862098302333279,0.7874840451620112,0.7864000000000001,100042
GEN,0.7864,170,170,offspring,0,0,CIFAR10,526,main_b1000_cifar10_alexnet_GEN_kp10_seed42,0.1,0.7864,58,False,0.1,alexnet,False,0,0,1,0.7864,523,10,0.7864,515,2,0,4,0.1,CIFAR10_alexnet_GEN_accuracy_kp1000_seed42,42,4000,526,42,accuracy,100042,0.7864,5,0.652364189529419,5.600373812019825,10,0.652364189529419,valid,0.7862098302333279,0.7874840451620112,0.7864000000000001,100042
GEN,0.7864,170,170,offspring,0,0,CIFAR10,527,main_b1000_cifar10_alexnet_GEN_kp10_seed42,0.1,0.7864,58,False,0.1,alexnet,False,0,0,2,0.7864,523,10,0.7864,515,2,0,5,0.1,CIFAR10_alexnet_GEN_accuracy_kp1000_seed42,42,4000,527,42,accuracy,100042,0.7864,5,0.652364189529419,5.5934108048677444,10,0.652364189529419,valid,0.7862098302333279,0.7874840451620112,0.7864000000000001,100042
GEN,0.7864,170,170,offspring,0,0,CIFAR10,528,main_b1000_cifar10_alexnet_GEN_kp10_seed42,0.1,0.7864,58,False,0.1,alexnet,False,0,0,1,0.7864,521,8,0.7864,523,10,0,6,0.1,CIFAR10_alexnet_GEN_accuracy_kp1000_seed42,42,4000,528,42,accuracy,100042,0.7864,5,0.652364189529419,5.578420080244541,10,0.652364189529419,valid,0.7862098302333279,0.7874840451620112,0.7864000000000001,100042
GEN,0.7864,170,170,offspring,0,0,CIFAR10,529,main_b1000_cifar10_alexnet_GEN_kp10_seed42,0.1,0.7864,58,False,0.1,alexnet,False,0,0,2,0.7864,521,8,0.7864,523,10,0,7,0.1,CIFAR10_alexnet_GEN_accuracy_kp1000_seed42,42,4000,529,42,accuracy,100042,0.7864,5,0.652364189529419,5.585073485970497,10,0.652364189529419,valid,0.7862098302333279,0.7874840451620112,0.7864000000000001,100042
GEN,0.7864,170,170,offspring,0,0,CIFAR10,530,main_b1000_cifar10_alexnet_GEN_kp10_seed42,0.1,0.7864,58,False,0.1,alexnet,False,0,0,1,0.7864,523,10,0.7864,522,9,0,8,0.1,CIFAR10_alexnet_GEN_accuracy_kp1000_seed42,42,4000,530,42,accuracy,100042,0.7864,5,0.652364189529419,5.641160003840923,10,0.652364189529419,valid,0.7862098302333279,0.7874840451620112,0.7864000000000001,100042
GEN,0.7864,170,170,offspring,0,0,CIFAR10,531,main_b1000_cifar10_alexnet_GEN_kp10_seed42,0.1,0.771,58,False,0.1,alexnet,True,400,200,2,0.7864,523,10,0.7864,522,9,0,9,0.1,CIFAR10_alexnet_GEN_accuracy_kp1000_seed42,42,4000,531,42,accuracy,100042,0.771,2,0.6512569943904877,5.693415805697441,10,0.6512569943904877,valid,0.7712340700323559,0.7741427582522155,0.771,100042
GEN,0.7864,170,170,offspring,0,0,CIFAR10,532,main_b1000_cifar10_alexnet_GEN_kp10_seed42,0.1,0.7864,58,False,0.1,alexnet,False,0,0,1,0.7864,518,5,0.7864,522,9,0,10,0.1,CIFAR10_alexnet_GEN_accuracy_kp1000_seed42,42,4000,532,42,accuracy,100042,0.7864,5,0.652364189529419,5.617367051541805,10,0.652364189529419,valid,0.7862098302333279,0.7874840451620112,0.7864000000000001,100042
GEN,0.7864,170,170,offspring,0,0,CIFAR10,533,main_b1000_cifar10_alexnet_GEN_kp10_seed42,0.1,0.7864,59,False,0.1,alexnet,False,0,0,1,0.7864,526,4,0.7864,528,6,0,2,0.1,CIFAR10_alexnet_GEN_accuracy_kp1000_seed42,42,4000,533,42,accuracy,100042,0.7864,5,0.652364189529419,5.584690622985363,10,0.652364189529419,valid,0.7862098302333279,0.7874840451620112,0.7864000000000001,100042
GEN,0.7864,170,170,offspring,0,0,CIFAR10,534,main_b1000_cifar10_alexnet_GEN_kp10_seed42,0.1,0.7864,59,False,0.1,alexnet,False,0,0,2,0.7864,526,4,0.7864,528,6,0,3,0.1,CIFAR10_alexnet_GEN_accuracy_kp1000_seed42,42,4000,534,42,accuracy,100042,0.7864,5,0.652364189529419,5.594003401696682,10,0.652364189529419,valid,0.7862098302333279,0.7874840451620112,0.7864000000000001,100042
GEN,0.7864,170,170,offspring,0,0,CIFAR10,535,main_b1000_cifar10_alexnet_GEN_kp10_seed42,0.1,0.7864,59,False,0.1,alexnet,False,0,0,1,0.7864,524,2,0.7864,532,10,0,4,0.1,CIFAR10_alexnet_GEN_accuracy_kp1000_seed42,42,4000,535,42,accuracy,100042,0.7864,5,0.652364189529419,5.637028209865093,10,0.652364189529419,valid,0.7862098302333279,0.7874840451620112,0.7864000000000001,100042
GEN,0.7864,170,170,offspring,0,0,CIFAR10,536,main_b1000_cifar10_alexnet_GEN_kp10_seed42,0.1,0.7864,59,False,0.1,alexnet,False,0,0,2,0.7864,524,2,0.7864,532,10,0,5,0.1,CIFAR10_alexnet_GEN_accuracy_kp1000_seed42,42,4000,536,42,accuracy,100042,0.7864,5,0.652364189529419,5.582618169486523,10,0.652364189529419,valid,0.7862098302333279,0.7874840451620112,0.7864000000000001,100042
GEN,0.7864,170,170,offspring,0,0,CIFAR10,537,main_b1000_cifar10_alexnet_GEN_kp10_seed42,0.1,0.7864,59,False,0.1,alexnet,False,0,0,1,0.7864,530,8,0.7864,170,1,0,6,0.1,CIFAR10_alexnet_GEN_accuracy_kp1000_seed42,42,4000,537,42,accuracy,100042,0.7864,5,0.652364189529419,5.587446577847004,10,0.652364189529419,valid,0.7862098302333279,0.7874840451620112,0.7864000000000001,100042
GEN,0.7864,170,170,offspring,0,0,CIFAR10,538,main_b1000_cifar10_alexnet_GEN_kp10_seed42,0.1,0.7864,59,False,0.1,alexnet,False,0,0,2,0.7864,530,8,0.7864,170,1,0,7,0.1,CIFAR10_alexnet_GEN_accuracy_kp1000_seed42,42,4000,538,42,accuracy,100042,0.7864,5,0.652364189529419,5.592748828232288,10,0.652364189529419,valid,0.7862098302333279,0.7874840451620112,0.7864000000000001,100042
GEN,0.7864,170,170,offspring,0,0,CIFAR10,539,main_b1000_cifar10_alexnet_GEN_kp10_seed42,0.1,0.7864,59,False,0.1,alexnet,False,0,0,1,0.7864,525,3,0.7864,524,2,0,8,0.1,CIFAR10_alexnet_GEN_accuracy_kp1000_seed42,42,4000,539,42,accuracy,100042,0.7864,5,0.652364189529419,5.627444565296173,10,0.652364189529419,valid,0.7862098302333279,0.7874840451620112,0.7864000000000001,100042
GEN,0.7864,170,170,offspring,0,0,CIFAR10,540,main_b1000_cifar10_alexnet_GEN_kp10_seed42,0.1,0.7864,59,False,0.1,alexnet,False,0,0,2,0.7864,525,3,0.7864,524,2,0,9,0.1,CIFAR10_alexnet_GEN_accuracy_kp1000_seed42,42,4000,540,42,accuracy,100042,0.7864,5,0.652364189529419,5.598153091967106,10,0.652364189529419,valid,0.7862098302333279,0.7874840451620112,0.7864000000000001,100042
GEN,0.7864,170,170,offspring,0,0,CIFAR10,541,main_b1000_cifar10_alexnet_GEN_kp10_seed42,0.1,0.7864,59,False,0.1,alexnet,False,0,0,1,0.7864,526,4,0.7864,170,1,0,10,0.1,CIFAR10_alexnet_GEN_accuracy_kp1000_seed42,42,4000,541,42,accuracy,100042,0.7864,5,0.652364189529419,5.576217420399189,10,0.652364189529419,valid,0.7862098302333279,0.7874840451620112,0.7864000000000001,100042
GEN,0.7864,170,170,offspring,0,0,CIFAR10,542,main_b1000_cifar10_alexnet_GEN_kp10_seed42,0.1,0.7864,60,False,0.1,alexnet,False,0,0,1,0.7864,533,2,0.7864,536,5,0,2,0.1,CIFAR10_alexnet_GEN_accuracy_kp1000_seed42,42,4000,542,42,accuracy,100042,0.7864,5,0.652364189529419,5.608559809625149,10,0.652364189529419,valid,0.7862098302333279,0.7874840451620112,0.7864000000000001,100042
GEN,0.7864,170,170,offspring,0,0,CIFAR10,543,main_b1000_cifar10_alexnet_GEN_kp10_seed42,0.1,0.7864,60,False,0.1,alexnet,False,0,0,2,0.7864,533,2,0.7864,536,5,0,3,0.1,CIFAR10_alexnet_GEN_accuracy_kp1000_seed42,42,4000,543,42,accuracy,100042,0.7864,5,0.652364189529419,5.622730039060116,10,0.652364189529419,valid,0.7862098302333279,0.7874840451620112,0.7864000000000001,100042
GEN,0.7864,170,170,offspring,0,0,CIFAR10,544,main_b1000_cifar10_alexnet_GEN_kp10_seed42,0.1,0.7864,60,False,0.1,alexnet,False,0,0,1,0.7864,539,8,0.7864,537,6,0,4,0.1,CIFAR10_alexnet_GEN_accuracy_kp1000_seed42,42,4000,544,42,accuracy,100042,0.7864,5,0.652364189529419,5.592713229358196,10,0.652364189529419,valid,0.7862098302333279,0.7874840451620112,0.7864000000000001,100042
GEN,0.7864,170,170,offspring,0,0,CIFAR10,545,main_b1000_cifar10_alexnet_GEN_kp10_seed42,0.1,0.7864,60,False,0.1,alexnet,False,0,0,2,0.7864,539,8,0.7864,537,6,0,5,0.1,CIFAR10_alexnet_GEN_accuracy_kp1000_seed42,42,4000,545,42,accuracy,100042,0.7864,5,0.652364189529419,5.642443306744099,10,0.652364189529419,valid,0.7862098302333279,0.7874840451620112,0.7864000000000001,100042
GEN,0.7864,170,170,offspring,0,0,CIFAR10,546,main_b1000_cifar10_alexnet_GEN_kp10_seed42,0.1,0.7864,60,False,0.1,alexnet,False,0,0,1,0.7864,533,2,0.7864,535,4,0,6,0.1,CIFAR10_alexnet_GEN_accuracy_kp1000_seed42,42,4000,546,42,accuracy,100042,0.7864,5,0.652364189529419,5.60297866910696,10,0.652364189529419,valid,0.7862098302333279,0.7874840451620112,0.7864000000000001,100042
GEN,0.7864,170,170,offspring,0,0,CIFAR10,547,main_b1000_cifar10_alexnet_GEN_kp10_seed42,0.1,0.7864,60,False,0.1,alexnet,False,0,0,2,0.7864,533,2,0.7864,535,4,0,7,0.1,CIFAR10_alexnet_GEN_accuracy_kp1000_seed42,42,4000,547,42,accuracy,100042,0.7864,5,0.652364189529419,5.627258650958538,10,0.652364189529419,valid,0.7862098302333279,0.7874840451620112,0.7864000000000001,100042
GEN,0.7864,170,170,offspring,0,0,CIFAR10,548,main_b1000_cifar10_alexnet_GEN_kp10_seed42,0.1,0.7864,60,False,0.1,alexnet,False,0,0,1,0.7864,538,7,0.7864,537,6,0,8,0.1,CIFAR10_alexnet_GEN_accuracy_kp1000_seed42,42,4000,548,42,accuracy,100042,0.7864,5,0.652364189529419,5.651319980621338,10,0.652364189529419,valid,0.7862098302333279,0.7874840451620112,0.7864000000000001,100042
GEN,0.7864,170,170,offspring,0,0,CIFAR10,549,main_b1000_cifar10_alexnet_GEN_kp10_seed42,0.1,0.7771,60,False,0.1,alexnet,True,400,200,2,0.7864,538,7,0.7864,537,6,0,9,0.1,CIFAR10_alexnet_GEN_accuracy_kp1000_seed42,42,4000,549,42,accuracy,100042,0.7771,4,0.64965921459198,5.6570210084319115,10,0.64965921459198,valid,0.7773356860047942,0.7806818927509716,0.7771,100042
GEN,0.7864,170,170,offspring,0,0,CIFAR10,550,main_b1000_cifar10_alexnet_GEN_kp10_seed42,0.1,0.7864,60,False,0.1,alexnet,False,0,0,1,0.7864,540,9,0.7864,539,8,0,10,0.1,CIFAR10_alexnet_GEN_accuracy_kp1000_seed42,42,4000,550,42,accuracy,100042,0.7864,5,0.652364189529419,5.667042516171932,10,0.652364189529419,valid,0.7862098302333279,0.7874840451620112,0.7864000000000001,100042
GEN,0.7864,170,170,offspring,0,0,CIFAR10,551,main_b1000_cifar10_alexnet_GEN_kp10_seed42,0.1,0.7864,61,False,0.1,alexnet,False,0,0,1,0.7864,545,5,0.7864,547,7,0,2,0.1,CIFAR10_alexnet_GEN_accuracy_kp1000_seed42,42,4000,551,42,accuracy,100042,0.7864,5,0.652364189529419,5.678075447678566,10,0.652364189529419,valid,0.7862098302333279,0.7874840451620112,0.7864000000000001,100042
GEN,0.7864,170,170,offspring,0,0,CIFAR10,552,main_b1000_cifar10_alexnet_GEN_kp10_seed42,0.1,0.7864,61,False,0.1,alexnet,False,0,0,2,0.7864,545,5,0.7864,547,7,0,3,0.1,CIFAR10_alexnet_GEN_accuracy_kp1000_seed42,42,4000,552,42,accuracy,100042,0.7864,5,0.652364189529419,5.646945185959339,10,0.652364189529419,valid,0.7862098302333279,0.7874840451620112,0.7864000000000001,100042
GEN,0.7864,170,170,offspring,0,0,CIFAR10,553,main_b1000_cifar10_alexnet_GEN_kp10_seed42,0.1,0.7864,61,False,0.1,alexnet,False,0,0,1,0.7864,545,5,0.7864,542,2,0,4,0.1,CIFAR10_alexnet_GEN_accuracy_kp1000_seed42,42,4000,553,42,accuracy,100042,0.7864,5,0.652364189529419,5.625355079770088,10,0.652364189529419,valid,0.7862098302333279,0.7874840451620112,0.7864000000000001,100042
GEN,0.7864,170,170,offspring,0,0,CIFAR10,554,main_b1000_cifar10_alexnet_GEN_kp10_seed42,0.1,0.7864,61,False,0.1,alexnet,False,0,0,2,0.7864,545,5,0.7864,542,2,0,5,0.1,CIFAR10_alexnet_GEN_accuracy_kp1000_seed42,42,4000,554,42,accuracy,100042,0.7864,5,0.652364189529419,5.622221060097218,10,0.652364189529419,valid,0.7862098302333279,0.7874840451620112,0.7864000000000001,100042
GEN,0.7864,170,170,offspring,0,0,CIFAR10,555,main_b1000_cifar10_alexnet_GEN_kp10_seed42,0.1,0.7864,61,False,0.1,alexnet,False,0,0,1,0.7864,547,7,0.7864,550,10,0,6,0.1,CIFAR10_alexnet_GEN_accuracy_kp1000_seed42,42,4000,555,42,accuracy,100042,0.7864,5,0.652364189529419,5.6426257491111755,10,0.652364189529419,valid,0.7862098302333279,0.7874840451620112,0.7864000000000001,100042
GEN,0.7864,170,170,offspring,0,0,CIFAR10,556,main_b1000_cifar10_alexnet_GEN_kp10_seed42,0.1,0.7864,61,False,0.1,alexnet,False,0,0,2,0.7864,547,7,0.7864,550,10,0,7,0.1,CIFAR10_alexnet_GEN_accuracy_kp1000_seed42,42,4000,556,42,accuracy,100042,0.7864,5,0.652364189529419,5.624995596706867,10,0.652364189529419,valid,0.7862098302333279,0.7874840451620112,0.7864000000000001,100042
GEN,0.7864,170,170,offspring,0,0,CIFAR10,557,main_b1000_cifar10_alexnet_GEN_kp10_seed42,0.1,0.7864,61,False,0.1,alexnet,False,0,0,1,0.7864,547,7,0.7864,545,5,0,8,0.1,CIFAR10_alexnet_GEN_accuracy_kp1000_seed42,42,4000,557,42,accuracy,100042,0.7864,5,0.652364189529419,5.6209414675831795,10,0.652364189529419,valid,0.7862098302333279,0.7874840451620112,0.7864000000000001,100042
GEN,0.7864,170,170,offspring,0,0,CIFAR10,558,main_b1000_cifar10_alexnet_GEN_kp10_seed42,0.1,0.7864,61,False,0.1,alexnet,False,0,0,2,0.7864,547,7,0.7864,545,5,0,9,0.1,CIFAR10_alexnet_GEN_accuracy_kp1000_seed42,42,4000,558,42,accuracy,100042,0.7864,5,0.652364189529419,5.63025539368391,10,0.652364189529419,valid,0.7862098302333279,0.7874840451620112,0.7864000000000001,100042
GEN,0.7864,170,170,offspring,0,0,CIFAR10,559,main_b1000_cifar10_alexnet_GEN_kp10_seed42,0.1,0.7864,61,False,0.1,alexnet,False,0,0,1,0.7864,545,5,0.7864,542,2,0,10,0.1,CIFAR10_alexnet_GEN_accuracy_kp1000_seed42,42,4000,559,42,accuracy,100042,0.7864,5,0.652364189529419,5.615751966834068,10,0.652364189529419,valid,0.7862098302333279,0.7874840451620112,0.7864000000000001,100042
GEN,0.7864,170,170,offspring,0,0,CIFAR10,560,main_b1000_cifar10_alexnet_GEN_kp10_seed42,0.1,0.7864,62,False,0.1,alexnet,False,0,0,1,0.7864,559,10,0.7864,552,3,0,2,0.1,CIFAR10_alexnet_GEN_accuracy_kp1000_seed42,42,4000,560,42,accuracy,100042,0.7864,5,0.652364189529419,5.643603593111038,10,0.652364189529419,valid,0.7862098302333279,0.7874840451620112,0.7864000000000001,100042
GEN,0.7864,170,170,offspring,0,0,CIFAR10,561,main_b1000_cifar10_alexnet_GEN_kp10_seed42,0.1,0.7864,62,False,0.1,alexnet,False,0,0,2,0.7864,559,10,0.7864,552,3,0,3,0.1,CIFAR10_alexnet_GEN_accuracy_kp1000_seed42,42,4000,561,42,accuracy,100042,0.7864,5,0.652364189529419,5.618086472153664,10,0.652364189529419,valid,0.7862098302333279,0.7874840451620112,0.7864000000000001,100042
GEN,0.7864,170,170,offspring,0,0,CIFAR10,562,main_b1000_cifar10_alexnet_GEN_kp10_seed42,0.1,0.7864,62,False,0.1,alexnet,False,0,0,1,0.7864,552,3,0.7864,551,2,0,4,0.1,CIFAR10_alexnet_GEN_accuracy_kp1000_seed42,42,4000,562,42,accuracy,100042,0.7864,5,0.652364189529419,5.614177033305168,10,0.652364189529419,valid,0.7862098302333279,0.7874840451620112,0.7864000000000001,100042
GEN,0.7864,170,170,offspring,0,0,CIFAR10,563,main_b1000_cifar10_alexnet_GEN_kp10_seed42,0.1,0.7864,62,False,0.1,alexnet,False,0,0,2,0.7864,552,3,0.7864,551,2,0,5,0.1,CIFAR10_alexnet_GEN_accuracy_kp1000_seed42,42,4000,563,42,accuracy,100042,0.7864,5,0.652364189529419,5.58052421361208,10,0.652364189529419,valid,0.7862098302333279,0.7874840451620112,0.7864000000000001,100042
GEN,0.7864,170,170,offspring,0,0,CIFAR10,564,main_b1000_cifar10_alexnet_GEN_kp10_seed42,0.1,0.7864,62,False,0.1,alexnet,False,0,0,1,0.7864,557,8,0.7864,556,7,0,6,0.1,CIFAR10_alexnet_GEN_accuracy_kp1000_seed42,42,4000,564,42,accuracy,100042,0.7864,5,0.652364189529419,5.602216444909573,10,0.652364189529419,valid,0.7862098302333279,0.7874840451620112,0.7864000000000001,100042
GEN,0.7864,170,170,offspring,0,0,CIFAR10,565,main_b1000_cifar10_alexnet_GEN_kp10_seed42,0.1,0.7864,62,False,0.1,alexnet,False,0,0,2,0.7864,557,8,0.7864,556,7,0,7,0.1,CIFAR10_alexnet_GEN_accuracy_kp1000_seed42,42,4000,565,42,accuracy,100042,0.7864,5,0.652364189529419,5.599765971302986,10,0.652364189529419,valid,0.7862098302333279,0.7874840451620112,0.7864000000000001,100042
GEN,0.7864,170,170,offspring,0,0,CIFAR10,566,main_b1000_cifar10_alexnet_GEN_kp10_seed42,0.1,0.7864,62,False,0.1,alexnet,False,0,0,1,0.7864,558,9,0.7864,170,1,0,8,0.1,CIFAR10_alexnet_GEN_accuracy_kp1000_seed42,42,4000,566,42,accuracy,100042,0.7864,5,0.652364189529419,5.604294516146183,10,0.652364189529419,valid,0.7862098302333279,0.7874840451620112,0.7864000000000001,100042
GEN,0.7864,170,170,offspring,0,0,CIFAR10,567,main_b1000_cifar10_alexnet_GEN_kp10_seed42,0.1,0.7864,62,False,0.1,alexnet,False,0,0,2,0.7864,558,9,0.7864,170,1,0,9,0.1,CIFAR10_alexnet_GEN_accuracy_kp1000_seed42,42,4000,567,42,accuracy,100042,0.7864,5,0.652364189529419,5.630641661584377,10,0.652364189529419,valid,0.7862098302333279,0.7874840451620112,0.7864000000000001,100042
GEN,0.7864,170,170,offspring,0,0,CIFAR10,568,main_b1000_cifar10_alexnet_GEN_kp10_seed42,0.1,0.7864,62,False,0.1,alexnet,False,0,0,1,0.7864,170,1,0.7864,554,5,0,10,0.1,CIFAR10_alexnet_GEN_accuracy_kp1000_seed42,42,4000,568,42,accuracy,100042,0.7864,5,0.652364189529419,5.643690712749958,10,0.652364189529419,valid,0.7862098302333279,0.7874840451620112,0.7864000000000001,100042
GEN,0.7864,170,170,offspring,0,0,CIFAR10,569,main_b1000_cifar10_alexnet_GEN_kp10_seed42,0.1,0.7864,63,False,0.1,alexnet,False,0,0,1,0.7864,568,10,0.7864,170,1,0,2,0.1,CIFAR10_alexnet_GEN_accuracy_kp1000_seed42,42,4000,569,42,accuracy,100042,0.7864,5,0.652364189529419,5.597936742007732,10,0.652364189529419,valid,0.7862098302333279,0.7874840451620112,0.7864000000000001,100042
GEN,0.7864,170,170,offspring,0,0,CIFAR10,570,main_b1000_cifar10_alexnet_GEN_kp10_seed42,0.1,0.7864,63,False,0.1,alexnet,False,0,0,2,0.7864,568,10,0.7864,170,1,0,3,0.1,CIFAR10_alexnet_GEN_accuracy_kp1000_seed42,42,4000,570,42,accuracy,100042,0.7864,5,0.652364189529419,5.642566621303558,10,0.652364189529419,valid,0.7862098302333279,0.7874840451620112,0.7864000000000001,100042
GEN,0.7864,170,170,offspring,0,0,CIFAR10,571,main_b1000_cifar10_alexnet_GEN_kp10_seed42,0.1,0.7711,63,False,0.1,alexnet,True,400,200,1,0.7864,568,10,0.7864,560,2,0,4,0.1,CIFAR10_alexnet_GEN_accuracy_kp1000_seed42,42,4000,571,42,accuracy,100042,0.7711,3,0.664572000169754,5.585486404597759,10,0.664572000169754,valid,0.7689367752773192,0.772961530354585,0.7711,100042
GEN,0.7864,170,170,offspring,0,0,CIFAR10,572,main_b1000_cifar10_alexnet_GEN_kp10_seed42,0.1,0.7864,63,False,0.1,alexnet,False,0,0,2,0.7864,568,10,0.7864,560,2,0,5,0.1,CIFAR10_alexnet_GEN_accuracy_kp1000_seed42,42,4000,572,42,accuracy,100042,0.7864,5,0.652364189529419,5.638884611427784,10,0.652364189529419,valid,0.7862098302333279,0.7874840451620112,0.7864000000000001,100042
GEN,0.7864,170,170,offspring,0,0,CIFAR10,573,main_b1000_cifar10_alexnet_GEN_kp10_seed42,0.1,0.7864,63,False,0.1,alexnet,False,0,0,1,0.7864,563,5,0.7864,560,2,0,6,0.1,CIFAR10_alexnet_GEN_accuracy_kp1000_seed42,42,4000,573,42,accuracy,100042,0.7864,5,0.652364189529419,5.633532091975212,10,0.652364189529419,valid,0.7862098302333279,0.7874840451620112,0.7864000000000001,100042
GEN,0.7864,170,170,offspring,0,0,CIFAR10,574,main_b1000_cifar10_alexnet_GEN_kp10_seed42,0.1,0.7864,63,False,0.1,alexnet,False,0,0,2,0.7864,563,5,0.7864,560,2,0,7,0.1,CIFAR10_alexnet_GEN_accuracy_kp1000_seed42,42,4000,574,42,accuracy,100042,0.7864,5,0.652364189529419,5.617435432970524,10,0.652364189529419,valid,0.7862098302333279,0.7874840451620112,0.7864000000000001,100042
GEN,0.7864,170,170,offspring,0,0,CIFAR10,575,main_b1000_cifar10_alexnet_GEN_kp10_seed42,0.1,0.7864,63,False,0.1,alexnet,False,0,0,1,0.7864,562,4,0.7864,560,2,0,8,0.1,CIFAR10_alexnet_GEN_accuracy_kp1000_seed42,42,4000,575,42,accuracy,100042,0.7864,5,0.652364189529419,5.638168983161449,10,0.652364189529419,valid,0.7862098302333279,0.7874840451620112,0.7864000000000001,100042
GEN,0.7864,170,170,offspring,0,0,CIFAR10,576,main_b1000_cifar10_alexnet_GEN_kp10_seed42,0.1,0.7864,63,False,0.1,alexnet,False,0,0,2,0.7864,562,4,0.7864,560,2,0,9,0.1,CIFAR10_alexnet_GEN_accuracy_kp1000_seed42,42,4000,576,42,accuracy,100042,0.7864,5,0.652364189529419,5.6416055634617805,10,0.652364189529419,valid,0.7862098302333279,0.7874840451620112,0.7864000000000001,100042
GEN,0.7864,170,170,offspring,0,0,CIFAR10,577,main_b1000_cifar10_alexnet_GEN_kp10_seed42,0.1,0.7864,63,False,0.1,alexnet,False,0,0,1,0.7864,567,9,0.7864,562,4,0,10,0.1,CIFAR10_alexnet_GEN_accuracy_kp1000_seed42,42,4000,577,42,accuracy,100042,0.7864,5,0.652364189529419,5.58839114010334,10,0.652364189529419,valid,0.7862098302333279,0.7874840451620112,0.7864000000000001,100042
GEN,0.7864,170,170,offspring,0,0,CIFAR10,578,main_b1000_cifar10_alexnet_GEN_kp10_seed42,0.1,0.7864,64,False,0.1,alexnet,False,0,0,1,0.7864,574,7,0.7864,576,9,0,2,0.1,CIFAR10_alexnet_GEN_accuracy_kp1000_seed42,42,4000,578,42,accuracy,100042,0.7864,5,0.652364189529419,5.594998359680176,10,0.652364189529419,valid,0.7862098302333279,0.7874840451620112,0.7864000000000001,100042
GEN,0.7864,170,170,offspring,0,0,CIFAR10,579,main_b1000_cifar10_alexnet_GEN_kp10_seed42,0.1,0.7813,64,False,0.1,alexnet,True,400,200,2,0.7864,574,7,0.7864,576,9,0,3,0.1,CIFAR10_alexnet_GEN_accuracy_kp1000_seed42,42,4000,579,42,accuracy,100042,0.7813,5,0.6577580756187439,5.596673354506493,10,0.6577580756187439,valid,0.7798383593021485,0.7829735631958281,0.7813,100042
GEN,0.7864,170,170,offspring,0,0,CIFAR10,580,main_b1000_cifar10_alexnet_GEN_kp10_seed42,0.1,0.7864,64,False,0.1,alexnet,False,0,0,1,0.7864,577,10,0.7864,572,5,0,4,0.1,CIFAR10_alexnet_GEN_accuracy_kp1000_seed42,42,4000,580,42,accuracy,100042,0.7864,5,0.652364189529419,5.629895709455013,10,0.652364189529419,valid,0.7862098302333279,0.7874840451620112,0.7864000000000001,100042
GEN,0.7864,170,170,offspring,0,0,CIFAR10,581,main_b1000_cifar10_alexnet_GEN_kp10_seed42,0.1,0.7864,64,False,0.1,alexnet,False,0,0,2,0.7864,577,10,0.7864,572,5,0,5,0.1,CIFAR10_alexnet_GEN_accuracy_kp1000_seed42,42,4000,581,42,accuracy,100042,0.7864,5,0.652364189529419,5.649957597255707,10,0.652364189529419,valid,0.7862098302333279,0.7874840451620112,0.7864000000000001,100042
GEN,0.7864,170,170,offspring,0,0,CIFAR10,582,main_b1000_cifar10_alexnet_GEN_kp10_seed42,0.1,0.7864,64,False,0.1,alexnet,False,0,0,1,0.7864,577,10,0.7864,569,2,0,6,0.1,CIFAR10_alexnet_GEN_accuracy_kp1000_seed42,42,4000,582,42,accuracy,100042,0.7864,5,0.652364189529419,5.595464378595352,10,0.652364189529419,valid,0.7862098302333279,0.7874840451620112,0.7864000000000001,100042
GEN,0.7864,170,170,offspring,0,0,CIFAR10,583,main_b1000_cifar10_alexnet_GEN_kp10_seed42,0.1,0.7864,64,False,0.1,alexnet,False,0,0,2,0.7864,577,10,0.7864,569,2,0,7,0.1,CIFAR10_alexnet_GEN_accuracy_kp1000_seed42,42,4000,583,42,accuracy,100042,0.7864,5,0.652364189529419,5.602727897465229,10,0.652364189529419,valid,0.7862098302333279,0.7874840451620112,0.7864000000000001,100042
GEN,0.7864,170,170,offspring,0,0,CIFAR10,584,main_b1000_cifar10_alexnet_GEN_kp10_seed42,0.1,0.7852,64,False,0.1,alexnet,True,400,200,1,0.7864,575,8,0.7864,569,2,0,8,0.1,CIFAR10_alexnet_GEN_accuracy_kp1000_seed42,42,4000,584,42,accuracy,100042,0.7852,5,0.649001288986206,5.579020641744137,10,0.649001288986206,valid,0.7847488795381714,0.7866778984039156,0.7851999999999999,100042
GEN,0.7864,170,170,offspring,0,0,CIFAR10,585,main_b1000_cifar10_alexnet_GEN_kp10_seed42,0.1,0.7864,64,False,0.1,alexnet,False,0,0,2,0.7864,575,8,0.7864,569,2,0,9,0.1,CIFAR10_alexnet_GEN_accuracy_kp1000_seed42,42,4000,585,42,accuracy,100042,0.7864,5,0.652364189529419,5.593991622328758,10,0.652364189529419,valid,0.7862098302333279,0.7874840451620112,0.7864000000000001,100042
GEN,0.7864,170,170,offspring,0,0,CIFAR10,586,main_b1000_cifar10_alexnet_GEN_kp10_seed42,0.1,0.7864,64,False,0.1,alexnet,False,0,0,1,0.7864,574,7,0.7864,576,9,0,10,0.1,CIFAR10_alexnet_GEN_accuracy_kp1000_seed42,42,4000,586,42,accuracy,100042,0.7864,5,0.652364189529419,5.616677463054657,10,0.652364189529419,valid,0.7862098302333279,0.7874840451620112,0.7864000000000001,100042
GEN,0.7864,170,170,offspring,0,0,CIFAR10,587,main_b1000_cifar10_alexnet_GEN_kp10_seed42,0.1,0.7864,65,False,0.1,alexnet,False,0,0,1,0.7864,585,9,0.7864,583,7,0,2,0.1,CIFAR10_alexnet_GEN_accuracy_kp1000_seed42,42,4000,587,42,accuracy,100042,0.7864,5,0.652364189529419,5.6160793751478195,10,0.652364189529419,valid,0.7862098302333279,0.7874840451620112,0.7864000000000001,100042
GEN,0.7864,170,170,offspring,0,0,CIFAR10,588,main_b1000_cifar10_alexnet_GEN_kp10_seed42,0.1,0.7864,65,False,0.1,alexnet,False,0,0,2,0.7864,585,9,0.7864,583,7,0,3,0.1,CIFAR10_alexnet_GEN_accuracy_kp1000_seed42,42,4000,588,42,accuracy,100042,0.7864,5,0.652364189529419,5.624677784740925,10,0.652364189529419,valid,0.7862098302333279,0.7874840451620112,0.7864000000000001,100042
GEN,0.7864,170,170,offspring,0,0,CIFAR10,589,main_b1000_cifar10_alexnet_GEN_kp10_seed42,0.1,0.7864,65,False,0.1,alexnet,False,0,0,1,0.7864,586,10,0.7864,583,7,0,4,0.1,CIFAR10_alexnet_GEN_accuracy_kp1000_seed42,42,4000,589,42,accuracy,100042,0.7864,5,0.652364189529419,5.57830236107111,10,0.652364189529419,valid,0.7862098302333279,0.7874840451620112,0.7864000000000001,100042
GEN,0.7864,170,170,offspring,0,0,CIFAR10,590,main_b1000_cifar10_alexnet_GEN_kp10_seed42,0.1,0.7864,65,False,0.1,alexnet,False,0,0,2,0.7864,586,10,0.7864,583,7,0,5,0.1,CIFAR10_alexnet_GEN_accuracy_kp1000_seed42,42,4000,590,42,accuracy,100042,0.7864,5,0.652364189529419,5.655213661491871,10,0.652364189529419,valid,0.7862098302333279,0.7874840451620112,0.7864000000000001,100042
GEN,0.7864,170,170,offspring,0,0,CIFAR10,591,main_b1000_cifar10_alexnet_GEN_kp10_seed42,0.1,0.7864,65,False,0.1,alexnet,False,0,0,1,0.7864,586,10,0.7864,583,7,0,6,0.1,CIFAR10_alexnet_GEN_accuracy_kp1000_seed42,42,4000,591,42,accuracy,100042,0.7864,5,0.652364189529419,5.647448405623436,10,0.652364189529419,valid,0.7862098302333279,0.7874840451620112,0.7864000000000001,100042
GEN,0.7864,170,170,offspring,0,0,CIFAR10,592,main_b1000_cifar10_alexnet_GEN_kp10_seed42,0.1,0.7864,65,False,0.1,alexnet,False,0,0,2,0.7864,586,10,0.7864,583,7,0,7,0.1,CIFAR10_alexnet_GEN_accuracy_kp1000_seed42,42,4000,592,42,accuracy,100042,0.7864,5,0.652364189529419,5.6228068843483925,10,0.652364189529419,valid,0.7862098302333279,0.7874840451620112,0.7864000000000001,100042
GEN,0.7864,170,170,offspring,0,0,CIFAR10,593,main_b1000_cifar10_alexnet_GEN_kp10_seed42,0.1,0.7864,65,False,0.1,alexnet,False,0,0,1,0.7864,585,9,0.7864,580,4,0,8,0.1,CIFAR10_alexnet_GEN_accuracy_kp1000_seed42,42,4000,593,42,accuracy,100042,0.7864,5,0.652364189529419,5.620610602200031,10,0.652364189529419,valid,0.7862098302333279,0.7874840451620112,0.7864000000000001,100042
GEN,0.7864,170,170,offspring,0,0,CIFAR10,594,main_b1000_cifar10_alexnet_GEN_kp10_seed42,0.1,0.7864,65,False,0.1,alexnet,False,0,0,2,0.7864,585,9,0.7864,580,4,0,9,0.1,CIFAR10_alexnet_GEN_accuracy_kp1000_seed42,42,4000,594,42,accuracy,100042,0.7864,5,0.652364189529419,5.60253444314003,10,0.652364189529419,valid,0.7862098302333279,0.7874840451620112,0.7864000000000001,100042
GEN,0.7864,170,170,offspring,0,0,CIFAR10,595,main_b1000_cifar10_alexnet_GEN_kp10_seed42,0.1,0.7807,65,False,0.1,alexnet,True,400,200,1,0.7864,170,1,0.7864,583,7,0,10,0.1,CIFAR10_alexnet_GEN_accuracy_kp1000_seed42,42,4000,595,42,accuracy,100042,0.7807,3,0.6374636579036712,5.588794216513634,10,0.6374636579036712,valid,0.7819513765268009,0.7877018312249847,0.7807000000000001,100042
GEN,0.7864,170,170,offspring,0,0,CIFAR10,596,main_b1000_cifar10_alexnet_GEN_kp10_seed42,0.1,0.7864,66,False,0.1,alexnet,False,0,0,1,0.7864,589,4,0.7864,591,6,0,2,0.1,CIFAR10_alexnet_GEN_accuracy_kp1000_seed42,42,4000,596,42,accuracy,100042,0.7864,5,0.652364189529419,5.587750963866711,10,0.652364189529419,valid,0.7862098302333279,0.7874840451620112,0.7864000000000001,100042
GEN,0.7864,170,170,offspring,0,0,CIFAR10,597,main_b1000_cifar10_alexnet_GEN_kp10_seed42,0.1,0.7864,66,False,0.1,alexnet,False,0,0,2,0.7864,589,4,0.7864,591,6,0,3,0.1,CIFAR10_alexnet_GEN_accuracy_kp1000_seed42,42,4000,597,42,accuracy,100042,0.7864,5,0.652364189529419,5.622430048882961,10,0.652364189529419,valid,0.7862098302333279,0.7874840451620112,0.7864000000000001,100042
GEN,0.7864,170,170,offspring,0,0,CIFAR10,598,main_b1000_cifar10_alexnet_GEN_kp10_seed42,0.1,0.7864,66,False,0.1,alexnet,False,0,0,1,0.7864,587,2,0.7864,588,3,0,4,0.1,CIFAR10_alexnet_GEN_accuracy_kp1000_seed42,42,4000,598,42,accuracy,100042,0.7864,5,0.652364189529419,5.587458901107311,10,0.652364189529419,valid,0.7862098302333279,0.7874840451620112,0.7864000000000001,100042
GEN,0.7864,170,170,offspring,0,0,CIFAR10,599,main_b1000_cifar10_alexnet_GEN_kp10_seed42,0.1,0.7864,66,False,0.1,alexnet,False,0,0,2,0.7864,587,2,0.7864,588,3,0,5,0.1,CIFAR10_alexnet_GEN_accuracy_kp1000_seed42,42,4000,599,42,accuracy,100042,0.7864,5,0.652364189529419,5.6288062036037445,10,0.652364189529419,valid,0.7862098302333279,0.7874840451620112,0.7864000000000001,100042
GEN,0.7864,170,170,offspring,0,0,CIFAR10,600,main_b1000_cifar10_alexnet_GEN_kp10_seed42,0.1,0.7864,66,False,0.1,alexnet,False,0,0,1,0.7864,592,7,0.7864,587,2,0,6,0.1,CIFAR10_alexnet_GEN_accuracy_kp1000_seed42,42,4000,600,42,accuracy,100042,0.7864,5,0.652364189529419,5.608229398727417,10,0.652364189529419,valid,0.7862098302333279,0.7874840451620112,0.7864000000000001,100042
GEN,0.7864,170,170,offspring,0,0,CIFAR10,601,main_b1000_cifar10_alexnet_GEN_kp10_seed42,0.1,0.7864,66,False,0.1,alexnet,False,0,0,2,0.7864,592,7,0.7864,587,2,0,7,0.1,CIFAR10_alexnet_GEN_accuracy_kp1000_seed42,42,4000,601,42,accuracy,100042,0.7864,5,0.652364189529419,5.553540736436844,10,0.652364189529419,valid,0.7862098302333279,0.7874840451620112,0.7864000000000001,100042
GEN,0.7864,170,170,offspring,0,0,CIFAR10,602,main_b1000_cifar10_alexnet_GEN_kp10_seed42,0.1,0.7864,66,False,0.1,alexnet,False,0,0,1,0.7864,592,7,0.7864,590,5,0,8,0.1,CIFAR10_alexnet_GEN_accuracy_kp1000_seed42,42,4000,602,42,accuracy,100042,0.7864,5,0.652364189529419,5.5852866768836975,10,0.652364189529419,valid,0.7862098302333279,0.7874840451620112,0.7864000000000001,100042
GEN,0.7864,170,170,offspring,0,0,CIFAR10,603,main_b1000_cifar10_alexnet_GEN_kp10_seed42,0.1,0.7864,66,False,0.1,alexnet,False,0,0,2,0.7864,592,7,0.7864,590,5,0,9,0.1,CIFAR10_alexnet_GEN_accuracy_kp1000_seed42,42,4000,603,42,accuracy,100042,0.7864,5,0.652364189529419,5.603868246078491,10,0.652364189529419,valid,0.7862098302333279,0.7874840451620112,0.7864000000000001,100042
GEN,0.7864,170,170,offspring,0,0,CIFAR10,604,main_b1000_cifar10_alexnet_GEN_kp10_seed42,0.1,0.7808,66,False,0.1,alexnet,True,400,200,1,0.7864,589,4,0.7864,587,2,0,10,0.1,CIFAR10_alexnet_GEN_accuracy_kp1000_seed42,42,4000,604,42,accuracy,100042,0.7808,4,0.6511906547069549,5.61182925850153,10,0.6511906547069549,valid,0.7818359645136154,0.7878613350432122,0.7807999999999999,100042
GEN,0.7864,170,170,offspring,0,0,CIFAR10,605,main_b1000_cifar10_alexnet_GEN_kp10_seed42,0.1,0.7864,67,False,0.1,alexnet,False,0,0,1,0.7864,599,5,0.7864,596,2,0,2,0.1,CIFAR10_alexnet_GEN_accuracy_kp1000_seed42,42,4000,605,42,accuracy,100042,0.7864,5,0.652364189529419,5.639359347522259,10,0.652364189529419,valid,0.7862098302333279,0.7874840451620112,0.7864000000000001,100042
GEN,0.7864,170,170,offspring,0,0,CIFAR10,606,main_b1000_cifar10_alexnet_GEN_kp10_seed42,0.1,0.7864,67,False,0.1,alexnet,False,0,0,2,0.7864,599,5,0.7864,596,2,0,3,0.1,CIFAR10_alexnet_GEN_accuracy_kp1000_seed42,42,4000,606,42,accuracy,100042,0.7864,5,0.652364189529419,5.62488529831171,10,0.652364189529419,valid,0.7862098302333279,0.7874840451620112,0.7864000000000001,100042
GEN,0.7864,170,170,offspring,0,0,CIFAR10,607,main_b1000_cifar10_alexnet_GEN_kp10_seed42,0.1,0.7864,67,False,0.1,alexnet,False,0,0,1,0.7864,598,4,0.7864,603,9,0,4,0.1,CIFAR10_alexnet_GEN_accuracy_kp1000_seed42,42,4000,607,42,accuracy,100042,0.7864,5,0.652364189529419,5.612896658480167,10,0.652364189529419,valid,0.7862098302333279,0.7874840451620112,0.7864000000000001,100042
GEN,0.7864,170,170,offspring,0,0,CIFAR10,608,main_b1000_cifar10_alexnet_GEN_kp10_seed42,0.1,0.7864,67,False,0.1,alexnet,False,0,0,2,0.7864,598,4,0.7864,603,9,0,5,0.1,CIFAR10_alexnet_GEN_accuracy_kp1000_seed42,42,4000,608,42,accuracy,100042,0.7864,5,0.652364189529419,5.670011669397354,10,0.652364189529419,valid,0.7862098302333279,0.7874840451620112,0.7864000000000001,100042
GEN,0.7864,170,170,offspring,0,0,CIFAR10,609,main_b1000_cifar10_alexnet_GEN_kp10_seed42,0.1,0.7764,67,False,0.1,alexnet,True,400,200,1,0.7864,597,3,0.7864,599,5,0,6,0.1,CIFAR10_alexnet_GEN_accuracy_kp1000_seed42,42,4000,609,42,accuracy,100042,0.7764,3,0.6482280058383941,5.660449109971523,10,0.6482280058383941,valid,0.7757363600026432,0.7802292779887537,0.7764,100042
GEN,0.7864,170,170,offspring,0,0,CIFAR10,610,main_b1000_cifar10_alexnet_GEN_kp10_seed42,0.1,0.7864,67,False,0.1,alexnet,False,0,0,2,0.7864,597,3,0.7864,599,5,0,7,0.1,CIFAR10_alexnet_GEN_accuracy_kp1000_seed42,42,4000,610,42,accuracy,100042,0.7864,5,0.652364189529419,5.64678018540144,10,0.652364189529419,valid,0.7862098302333279,0.7874840451620112,0.7864000000000001,100042
GEN,0.7864,170,170,offspring,0,0,CIFAR10,611,main_b1000_cifar10_alexnet_GEN_kp10_seed42,0.1,0.7864,67,False,0.1,alexnet,False,0,0,1,0.7864,597,3,0.7864,602,8,0,8,0.1,CIFAR10_alexnet_GEN_accuracy_kp1000_seed42,42,4000,611,42,accuracy,100042,0.7864,5,0.652364189529419,5.59642967581749,10,0.652364189529419,valid,0.7862098302333279,0.7874840451620112,0.7864000000000001,100042
GEN,0.7864,170,170,offspring,0,0,CIFAR10,612,main_b1000_cifar10_alexnet_GEN_kp10_seed42,0.1,0.7864,67,False,0.1,alexnet,False,0,0,2,0.7864,597,3,0.7864,602,8,0,9,0.1,CIFAR10_alexnet_GEN_accuracy_kp1000_seed42,42,4000,612,42,accuracy,100042,0.7864,5,0.652364189529419,5.620683193206787,10,0.652364189529419,valid,0.7862098302333279,0.7874840451620112,0.7864000000000001,100042
GEN,0.7864,170,170,offspring,0,0,CIFAR10,613,main_b1000_cifar10_alexnet_GEN_kp10_seed42,0.1,0.7864,67,False,0.1,alexnet,False,0,0,1,0.7864,598,4,0.7864,597,3,0,10,0.1,CIFAR10_alexnet_GEN_accuracy_kp1000_seed42,42,4000,613,42,accuracy,100042,0.7864,5,0.652364189529419,5.6124434769153595,10,0.652364189529419,valid,0.7862098302333279,0.7874840451620112,0.7864000000000001,100042
GEN,0.7864,170,170,offspring,0,0,CIFAR10,614,main_b1000_cifar10_alexnet_GEN_kp10_seed42,0.1,0.7864,68,False,0.1,alexnet,False,0,0,1,0.7864,610,7,0.7864,613,10,0,2,0.1,CIFAR10_alexnet_GEN_accuracy_kp1000_seed42,42,4000,614,42,accuracy,100042,0.7864,5,0.652364189529419,5.630421221256256,10,0.652364189529419,valid,0.7862098302333279,0.7874840451620112,0.7864000000000001,100042
GEN,0.7864,170,170,offspring,0,0,CIFAR10,615,main_b1000_cifar10_alexnet_GEN_kp10_seed42,0.1,0.7777,68,False,0.1,alexnet,True,400,200,2,0.7864,610,7,0.7864,613,10,0,3,0.1,CIFAR10_alexnet_GEN_accuracy_kp1000_seed42,42,4000,615,42,accuracy,100042,0.7777,4,0.6449695195674896,5.605653285980225,10,0.6449695195674896,valid,0.7777567662194707,0.7822076308076716,0.7777000000000001,100042
GEN,0.7864,170,170,offspring,0,0,CIFAR10,616,main_b1000_cifar10_alexnet_GEN_kp10_seed42,0.1,0.7864,68,False,0.1,alexnet,False,0,0,1,0.7864,612,9,0.7864,608,5,0,4,0.1,CIFAR10_alexnet_GEN_accuracy_kp1000_seed42,42,4000,616,42,accuracy,100042,0.7864,5,0.652364189529419,5.6286617666482925,10,0.652364189529419,valid,0.7862098302333279,0.7874840451620112,0.7864000000000001,100042
GEN,0.7864,170,170,offspring,0,0,CIFAR10,617,main_b1000_cifar10_alexnet_GEN_kp10_seed42,0.1,0.7864,68,False,0.1,alexnet,False,0,0,2,0.7864,612,9,0.7864,608,5,0,5,0.1,CIFAR10_alexnet_GEN_accuracy_kp1000_seed42,42,4000,617,42,accuracy,100042,0.7864,5,0.652364189529419,5.618176110088825,10,0.652364189529419,valid,0.7862098302333279,0.7874840451620112,0.7864000000000001,100042
GEN,0.7864,170,170,offspring,0,0,CIFAR10,618,main_b1000_cifar10_alexnet_GEN_kp10_seed42,0.1,0.7864,68,False,0.1,alexnet,False,0,0,1,0.7864,613,10,0.7864,607,4,0,6,0.1,CIFAR10_alexnet_GEN_accuracy_kp1000_seed42,42,4000,618,42,accuracy,100042,0.7864,5,0.652364189529419,5.627706557512283,10,0.652364189529419,valid,0.7862098302333279,0.7874840451620112,0.7864000000000001,100042
GEN,0.7864,170,170,offspring,0,0,CIFAR10,619,main_b1000_cifar10_alexnet_GEN_kp10_seed42,0.1,0.7864,68,False,0.1,alexnet,False,0,0,2,0.7864,613,10,0.7864,607,4,0,7,0.1,CIFAR10_alexnet_GEN_accuracy_kp1000_seed42,42,4000,619,42,accuracy,100042,0.7864,5,0.652364189529419,5.633621767163277,10,0.652364189529419,valid,0.7862098302333279,0.7874840451620112,0.7864000000000001,100042
GEN,0.7864,170,170,offspring,0,0,CIFAR10,620,main_b1000_cifar10_alexnet_GEN_kp10_seed42,0.1,0.7864,68,False,0.1,alexnet,False,0,0,1,0.7864,610,7,0.7864,608,5,0,8,0.1,CIFAR10_alexnet_GEN_accuracy_kp1000_seed42,42,4000,620,42,accuracy,100042,0.7864,5,0.652364189529419,5.62580519169569,10,0.652364189529419,valid,0.7862098302333279,0.7874840451620112,0.7864000000000001,100042
GEN,0.7864,170,170,offspring,0,0,CIFAR10,621,main_b1000_cifar10_alexnet_GEN_kp10_seed42,0.1,0.7864,68,False,0.1,alexnet,False,0,0,2,0.7864,610,7,0.7864,608,5,0,9,0.1,CIFAR10_alexnet_GEN_accuracy_kp1000_seed42,42,4000,621,42,accuracy,100042,0.7864,5,0.652364189529419,5.573174737393856,10,0.652364189529419,valid,0.7862098302333279,0.7874840451620112,0.7864000000000001,100042
GEN,0.7864,170,170,offspring,0,0,CIFAR10,622,main_b1000_cifar10_alexnet_GEN_kp10_seed42,0.1,0.7864,68,False,0.1,alexnet,False,0,0,1,0.7864,610,7,0.7864,611,8,0,10,0.1,CIFAR10_alexnet_GEN_accuracy_kp1000_seed42,42,4000,622,42,accuracy,100042,0.7864,5,0.652364189529419,5.596887521445751,10,0.652364189529419,valid,0.7862098302333279,0.7874840451620112,0.7864000000000001,100042
GEN,0.7864,170,170,offspring,0,0,CIFAR10,623,main_b1000_cifar10_alexnet_GEN_kp10_seed42,0.1,0.7864,69,False,0.1,alexnet,False,0,0,1,0.7864,616,4,0.7864,170,1,0,2,0.1,CIFAR10_alexnet_GEN_accuracy_kp1000_seed42,42,4000,623,42,accuracy,100042,0.7864,5,0.652364189529419,5.621296681463718,10,0.652364189529419,valid,0.7862098302333279,0.7874840451620112,0.7864000000000001,100042
GEN,0.7864,170,170,offspring,0,0,CIFAR10,624,main_b1000_cifar10_alexnet_GEN_kp10_seed42,0.1,0.7864,69,False,0.1,alexnet,False,0,0,2,0.7864,616,4,0.7864,170,1,0,3,0.1,CIFAR10_alexnet_GEN_accuracy_kp1000_seed42,42,4000,624,42,accuracy,100042,0.7864,5,0.652364189529419,5.622574225068092,10,0.652364189529419,valid,0.7862098302333279,0.7874840451620112,0.7864000000000001,100042
GEN,0.7864,170,170,offspring,0,0,CIFAR10,625,main_b1000_cifar10_alexnet_GEN_kp10_seed42,0.1,0.7864,69,False,0.1,alexnet,False,0,0,1,0.7864,170,1,0.7864,620,8,0,4,0.1,CIFAR10_alexnet_GEN_accuracy_kp1000_seed42,42,4000,625,42,accuracy,100042,0.7864,5,0.652364189529419,5.585618458688259,10,0.652364189529419,valid,0.7862098302333279,0.7874840451620112,0.7864000000000001,100042
GEN,0.7864,170,170,offspring,0,0,CIFAR10,626,main_b1000_cifar10_alexnet_GEN_kp10_seed42,0.1,0.7864,69,False,0.1,alexnet,False,0,0,2,0.7864,170,1,0.7864,620,8,0,5,0.1,CIFAR10_alexnet_GEN_accuracy_kp1000_seed42,42,4000,626,42,accuracy,100042,0.7864,5,0.652364189529419,5.621878795325756,10,0.652364189529419,valid,0.7862098302333279,0.7874840451620112,0.7864000000000001,100042
GEN,0.7864,170,170,offspring,0,0,CIFAR10,627,main_b1000_cifar10_alexnet_GEN_kp10_seed42,0.1,0.7864,69,False,0.1,alexnet,False,0,0,1,0.7864,617,5,0.7864,618,6,0,6,0.1,CIFAR10_alexnet_GEN_accuracy_kp1000_seed42,42,4000,627,42,accuracy,100042,0.7864,5,0.652364189529419,5.678763195872307,10,0.652364189529419,valid,0.7862098302333279,0.7874840451620112,0.7864000000000001,100042
GEN,0.7864,170,170,offspring,0,0,CIFAR10,628,main_b1000_cifar10_alexnet_GEN_kp10_seed42,0.1,0.7864,69,False,0.1,alexnet,False,0,0,2,0.7864,617,5,0.7864,618,6,0,7,0.1,CIFAR10_alexnet_GEN_accuracy_kp1000_seed42,42,4000,628,42,accuracy,100042,0.7864,5,0.652364189529419,5.644916646182537,10,0.652364189529419,valid,0.7862098302333279,0.7874840451620112,0.7864000000000001,100042
GEN,0.7864,170,170,offspring,0,0,CIFAR10,629,main_b1000_cifar10_alexnet_GEN_kp10_seed42,0.1,0.7864,69,False,0.1,alexnet,False,0,0,1,0.7864,622,10,0.7864,170,1,0,8,0.1,CIFAR10_alexnet_GEN_accuracy_kp1000_seed42,42,4000,629,42,accuracy,100042,0.7864,5,0.652364189529419,5.642631150782108,10,0.652364189529419,valid,0.7862098302333279,0.7874840451620112,0.7864000000000001,100042
GEN,0.7864,170,170,offspring,0,0,CIFAR10,630,main_b1000_cifar10_alexnet_GEN_kp10_seed42,0.1,0.7864,69,False,0.1,alexnet,False,0,0,2,0.7864,622,10,0.7864,170,1,0,9,0.1,CIFAR10_alexnet_GEN_accuracy_kp1000_seed42,42,4000,630,42,accuracy,100042,0.7864,5,0.652364189529419,5.618689559400082,10,0.652364189529419,valid,0.7862098302333279,0.7874840451620112,0.7864000000000001,100042
GEN,0.7864,170,170,offspring,0,0,CIFAR10,631,main_b1000_cifar10_alexnet_GEN_kp10_seed42,0.1,0.7864,69,False,0.1,alexnet,False,0,0,1,0.7864,170,1,0.7864,622,10,0,10,0.1,CIFAR10_alexnet_GEN_accuracy_kp1000_seed42,42,4000,631,42,accuracy,100042,0.7864,5,0.652364189529419,5.5886747017502785,10,0.652364189529419,valid,0.7862098302333279,0.7874840451620112,0.7864000000000001,100042
GEN,0.7864,170,170,offspring,0,0,CIFAR10,632,main_b1000_cifar10_alexnet_GEN_kp10_seed42,0.1,0.7744,70,False,0.1,alexnet,True,400,200,1,0.7864,624,3,0.7864,625,4,0,2,0.1,CIFAR10_alexnet_GEN_accuracy_kp1000_seed42,42,4000,632,42,accuracy,100042,0.7744,4,0.6534866145133972,5.615346163511276,10,0.6534866145133972,valid,0.7743189254699541,0.7791645669290529,0.7743999999999999,100042
GEN,0.7864,170,170,offspring,0,0,CIFAR10,633,main_b1000_cifar10_alexnet_GEN_kp10_seed42,0.1,0.7864,70,False,0.1,alexnet,False,0,0,2,0.7864,624,3,0.7864,625,4,0,3,0.1,CIFAR10_alexnet_GEN_accuracy_kp1000_seed42,42,4000,633,42,accuracy,100042,0.7864,5,0.652364189529419,5.602576062083244,10,0.652364189529419,valid,0.7862098302333279,0.7874840451620112,0.7864000000000001,100042
GEN,0.7864,170,170,offspring,0,0,CIFAR10,634,main_b1000_cifar10_alexnet_GEN_kp10_seed42,0.1,0.7864,70,False,0.1,alexnet,False,0,0,1,0.7864,630,9,0.7864,628,7,0,4,0.1,CIFAR10_alexnet_GEN_accuracy_kp1000_seed42,42,4000,634,42,accuracy,100042,0.7864,5,0.652364189529419,5.620231345295906,10,0.652364189529419,valid,0.7862098302333279,0.7874840451620112,0.7864000000000001,100042
GEN,0.7864,170,170,offspring,0,0,CIFAR10,635,main_b1000_cifar10_alexnet_GEN_kp10_seed42,0.1,0.7864,70,False,0.1,alexnet,False,0,0,2,0.7864,630,9,0.7864,628,7,0,5,0.1,CIFAR10_alexnet_GEN_accuracy_kp1000_seed42,42,4000,635,42,accuracy,100042,0.7864,5,0.652364189529419,5.637344762682915,10,0.652364189529419,valid,0.7862098302333279,0.7874840451620112,0.7864000000000001,100042
GEN,0.7864,170,170,offspring,0,0,CIFAR10,636,main_b1000_cifar10_alexnet_GEN_kp10_seed42,0.1,0.7864,70,False,0.1,alexnet,False,0,0,1,0.7864,625,4,0.7864,170,1,0,6,0.1,CIFAR10_alexnet_GEN_accuracy_kp1000_seed42,42,4000,636,42,accuracy,100042,0.7864,5,0.652364189529419,5.670971371233463,10,0.652364189529419,valid,0.7862098302333279,0.7874840451620112,0.7864000000000001,100042
GEN,0.7864,170,170,offspring,0,0,CIFAR10,637,main_b1000_cifar10_alexnet_GEN_kp10_seed42,0.1,0.7823,70,False,0.1,alexnet,True,400,200,2,0.7864,625,4,0.7864,170,1,0,7,0.1,CIFAR10_alexnet_GEN_accuracy_kp1000_seed42,42,4000,637,42,accuracy,100042,0.7823,4,0.6392142769813538,5.70178534835577,10,0.6392142769813538,valid,0.7821023867964862,0.7845570290229863,0.7823,100042
GEN,0.7864,170,170,offspring,0,0,CIFAR10,638,main_b1000_cifar10_alexnet_GEN_kp10_seed42,0.1,0.7864,70,False,0.1,alexnet,False,0,0,1,0.7864,627,6,0.7864,624,3,0,8,0.1,CIFAR10_alexnet_GEN_accuracy_kp1000_seed42,42,4000,638,42,accuracy,100042,0.7864,5,0.652364189529419,5.7104616314172745,10,0.652364189529419,valid,0.7862098302333279,0.7874840451620112,0.7864000000000001,100042
GEN,0.7864,170,170,offspring,0,0,CIFAR10,639,main_b1000_cifar10_alexnet_GEN_kp10_seed42,0.1,0.7864,70,False,0.1,alexnet,False,0,0,2,0.7864,627,6,0.7864,624,3,0,9,0.1,CIFAR10_alexnet_GEN_accuracy_kp1000_seed42,42,4000,639,42,accuracy,100042,0.7864,5,0.652364189529419,5.659989878535271,10,0.652364189529419,valid,0.7862098302333279,0.7874840451620112,0.7864000000000001,100042
GEN,0.7864,170,170,offspring,0,0,CIFAR10,640,main_b1000_cifar10_alexnet_GEN_kp10_seed42,0.1,0.7864,70,False,0.1,alexnet,False,0,0,1,0.7864,623,2,0.7864,624,3,0,10,0.1,CIFAR10_alexnet_GEN_accuracy_kp1000_seed42,42,4000,640,42,accuracy,100042,0.7864,5,0.652364189529419,5.626236319541931,10,0.652364189529419,valid,0.7862098302333279,0.7874840451620112,0.7864000000000001,100042
GEN,0.7864,170,170,offspring,0,0,CIFAR10,641,main_b1000_cifar10_alexnet_GEN_kp10_seed42,0.1,0.7864,71,False,0.1,alexnet,False,0,0,1,0.7864,633,3,0.7864,170,1,0,2,0.1,CIFAR10_alexnet_GEN_accuracy_kp1000_seed42,42,4000,641,42,accuracy,100042,0.7864,5,0.652364189529419,5.593363784253597,10,0.652364189529419,valid,0.7862098302333279,0.7874840451620112,0.7864000000000001,100042
GEN,0.7864,170,170,offspring,0,0,CIFAR10,642,main_b1000_cifar10_alexnet_GEN_kp10_seed42,0.1,0.777,71,False,0.1,alexnet,True,400,200,2,0.7864,633,3,0.7864,170,1,0,3,0.1,CIFAR10_alexnet_GEN_accuracy_kp1000_seed42,42,4000,642,42,accuracy,100042,0.777,4,0.6488505873680115,5.5834943279623985,10,0.6488505873680115,valid,0.776989016353561,0.7791107233932633,0.7769999999999999,100042
GEN,0.7864,170,170,offspring,0,0,CIFAR10,643,main_b1000_cifar10_alexnet_GEN_kp10_seed42,0.1,0.7864,71,False,0.1,alexnet,False,0,0,1,0.7864,636,6,0.7864,633,3,0,4,0.1,CIFAR10_alexnet_GEN_accuracy_kp1000_seed42,42,4000,643,42,accuracy,100042,0.7864,5,0.652364189529419,5.601355716586113,10,0.652364189529419,valid,0.7862098302333279,0.7874840451620112,0.7864000000000001,100042
GEN,0.7864,170,170,offspring,0,0,CIFAR10,644,main_b1000_cifar10_alexnet_GEN_kp10_seed42,0.1,0.7864,71,False,0.1,alexnet,False,0,0,2,0.7864,636,6,0.7864,633,3,0,5,0.1,CIFAR10_alexnet_GEN_accuracy_kp1000_seed42,42,4000,644,42,accuracy,100042,0.7864,5,0.652364189529419,5.611813634634018,10,0.652364189529419,valid,0.7862098302333279,0.7874840451620112,0.7864000000000001,100042
GEN,0.7864,170,170,offspring,0,0,CIFAR10,645,main_b1000_cifar10_alexnet_GEN_kp10_seed42,0.1,0.7864,71,False,0.1,alexnet,False,0,0,1,0.7864,634,4,0.7864,636,6,0,6,0.1,CIFAR10_alexnet_GEN_accuracy_kp1000_seed42,42,4000,645,42,accuracy,100042,0.7864,5,0.652364189529419,5.633484750986099,10,0.652364189529419,valid,0.7862098302333279,0.7874840451620112,0.7864000000000001,100042
GEN,0.7864,170,170,offspring,0,0,CIFAR10,646,main_b1000_cifar10_alexnet_GEN_kp10_seed42,0.1,0.7864,71,False,0.1,alexnet,False,0,0,2,0.7864,634,4,0.7864,636,6,0,7,0.1,CIFAR10_alexnet_GEN_accuracy_kp1000_seed42,42,4000,646,42,accuracy,100042,0.7864,5,0.652364189529419,5.630180634558201,10,0.652364189529419,valid,0.7862098302333279,0.7874840451620112,0.7864000000000001,100042
GEN,0.7864,170,170,offspring,0,0,CIFAR10,647,main_b1000_cifar10_alexnet_GEN_kp10_seed42,0.1,0.7864,71,False,0.1,alexnet,False,0,0,1,0.7864,634,4,0.7864,636,6,0,8,0.1,CIFAR10_alexnet_GEN_accuracy_kp1000_seed42,42,4000,647,42,accuracy,100042,0.7864,5,0.652364189529419,5.621146261692047,10,0.652364189529419,valid,0.7862098302333279,0.7874840451620112,0.7864000000000001,100042
GEN,0.7864,170,170,offspring,0,0,CIFAR10,648,main_b1000_cifar10_alexnet_GEN_kp10_seed42,0.1,0.7864,71,False,0.1,alexnet,False,0,0,2,0.7864,634,4,0.7864,636,6,0,9,0.1,CIFAR10_alexnet_GEN_accuracy_kp1000_seed42,42,4000,648,42,accuracy,100042,0.7864,5,0.652364189529419,5.627614453434944,10,0.652364189529419,valid,0.7862098302333279,0.7874840451620112,0.7864000000000001,100042
GEN,0.7864,170,170,offspring,0,0,CIFAR10,649,main_b1000_cifar10_alexnet_GEN_kp10_seed42,0.1,0.7864,71,False,0.1,alexnet,False,0,0,1,0.7864,639,9,0.7864,640,10,0,10,0.1,CIFAR10_alexnet_GEN_accuracy_kp1000_seed42,42,4000,649,42,accuracy,100042,0.7864,5,0.652364189529419,5.614054895937443,10,0.652364189529419,valid,0.7862098302333279,0.7874840451620112,0.7864000000000001,100042
GEN,0.7864,170,170,offspring,0,0,CIFAR10,650,main_b1000_cifar10_alexnet_GEN_kp10_seed42,0.1,0.7864,72,False,0.1,alexnet,False,0,0,1,0.7864,643,4,0.7864,646,7,0,2,0.1,CIFAR10_alexnet_GEN_accuracy_kp1000_seed42,42,4000,650,42,accuracy,100042,0.7864,5,0.652364189529419,5.527435295283794,10,0.652364189529419,valid,0.7862098302333279,0.7874840451620112,0.7864000000000001,100042
GEN,0.7864,170,170,offspring,0,0,CIFAR10,651,main_b1000_cifar10_alexnet_GEN_kp10_seed42,0.1,0.7864,72,False,0.1,alexnet,False,0,0,2,0.7864,643,4,0.7864,646,7,0,3,0.1,CIFAR10_alexnet_GEN_accuracy_kp1000_seed42,42,4000,651,42,accuracy,100042,0.7864,5,0.652364189529419,5.589042641222477,10,0.652364189529419,valid,0.7862098302333279,0.7874840451620112,0.7864000000000001,100042
GEN,0.7864,170,170,offspring,0,0,CIFAR10,652,main_b1000_cifar10_alexnet_GEN_kp10_seed42,0.1,0.7756,72,False,0.1,alexnet,True,400,200,1,0.7864,646,7,0.7864,647,8,0,4,0.1,CIFAR10_alexnet_GEN_accuracy_kp1000_seed42,42,4000,652,42,accuracy,100042,0.7756,2,0.6490311784744263,5.571963921189308,10,0.6490311784744263,valid,0.7764470177166647,0.780015484314131,0.7756,100042
GEN,0.7864,170,170,offspring,0,0,CIFAR10,653,main_b1000_cifar10_alexnet_GEN_kp10_seed42,0.1,0.7864,72,False,0.1,alexnet,False,0,0,2,0.7864,646,7,0.7864,647,8,0,5,0.1,CIFAR10_alexnet_GEN_accuracy_kp1000_seed42,42,4000,653,42,accuracy,100042,0.7864,5,0.652364189529419,5.620885394513607,10,0.652364189529419,valid,0.7862098302333279,0.7874840451620112,0.7864000000000001,100042
GEN,0.7864,170,170,offspring,0,0,CIFAR10,654,main_b1000_cifar10_alexnet_GEN_kp10_seed42,0.1,0.7864,72,False,0.1,alexnet,False,0,0,1,0.7864,645,6,0.7864,648,9,0,6,0.1,CIFAR10_alexnet_GEN_accuracy_kp1000_seed42,42,4000,654,42,accuracy,100042,0.7864,5,0.652364189529419,5.583463490009308,10,0.652364189529419,valid,0.7862098302333279,0.7874840451620112,0.7864000000000001,100042
GEN,0.7864,170,170,offspring,0,0,CIFAR10,655,main_b1000_cifar10_alexnet_GEN_kp10_seed42,0.1,0.7721,72,False,0.1,alexnet,True,400,200,2,0.7864,645,6,0.7864,648,9,0,7,0.1,CIFAR10_alexnet_GEN_accuracy_kp1000_seed42,42,4000,655,42,accuracy,100042,0.7721,3,0.6587916101455689,5.628266029059887,10,0.6587916101455689,valid,0.7696828629585462,0.774562241573024,0.7720999999999999,100042
GEN,0.7864,170,170,offspring,0,0,CIFAR10,656,main_b1000_cifar10_alexnet_GEN_kp10_seed42,0.1,0.7864,72,False,0.1,alexnet,False,0,0,1,0.7864,648,9,0.7864,649,10,0,8,0.1,CIFAR10_alexnet_GEN_accuracy_kp1000_seed42,42,4000,656,42,accuracy,100042,0.7864,5,0.652364189529419,5.649369098246098,10,0.652364189529419,valid,0.7862098302333279,0.7874840451620112,0.7864000000000001,100042
GEN,0.7864,170,170,offspring,0,0,CIFAR10,657,main_b1000_cifar10_alexnet_GEN_kp10_seed42,0.1,0.7864,72,False,0.1,alexnet,False,0,0,2,0.7864,648,9,0.7864,649,10,0,9,0.1,CIFAR10_alexnet_GEN_accuracy_kp1000_seed42,42,4000,657,42,accuracy,100042,0.7864,5,0.652364189529419,5.664162449538708,10,0.652364189529419,valid,0.7862098302333279,0.7874840451620112,0.7864000000000001,100042
GEN,0.7864,170,170,offspring,0,0,CIFAR10,658,main_b1000_cifar10_alexnet_GEN_kp10_seed42,0.1,0.7864,72,False,0.1,alexnet,False,0,0,1,0.7864,170,1,0.7864,649,10,0,10,0.1,CIFAR10_alexnet_GEN_accuracy_kp1000_seed42,42,4000,658,42,accuracy,100042,0.7864,5,0.652364189529419,5.634977258741856,10,0.652364189529419,valid,0.7862098302333279,0.7874840451620112,0.7864000000000001,100042
GEN,0.7864,170,170,offspring,0,0,CIFAR10,659,main_b1000_cifar10_alexnet_GEN_kp10_seed42,0.1,0.7864,73,False,0.1,alexnet,False,0,0,1,0.7864,650,2,0.7864,657,9,0,2,0.1,CIFAR10_alexnet_GEN_accuracy_kp1000_seed42,42,4000,659,42,accuracy,100042,0.7864,5,0.652364189529419,5.611410602927208,10,0.652364189529419,valid,0.7862098302333279,0.7874840451620112,0.7864000000000001,100042
GEN,0.7864,170,170,offspring,0,0,CIFAR10,660,main_b1000_cifar10_alexnet_GEN_kp10_seed42,0.1,0.7864,73,False,0.1,alexnet,False,0,0,2,0.7864,650,2,0.7864,657,9,0,3,0.1,CIFAR10_alexnet_GEN_accuracy_kp1000_seed42,42,4000,660,42,accuracy,100042,0.7864,5,0.652364189529419,5.617157571017742,10,0.652364189529419,valid,0.7862098302333279,0.7874840451620112,0.7864000000000001,100042
GEN,0.7864,170,170,offspring,0,0,CIFAR10,661,main_b1000_cifar10_alexnet_GEN_kp10_seed42,0.1,0.7864,73,False,0.1,alexnet,False,0,0,1,0.7864,170,1,0.7864,656,8,0,4,0.1,CIFAR10_alexnet_GEN_accuracy_kp1000_seed42,42,4000,661,42,accuracy,100042,0.7864,5,0.652364189529419,5.59312342107296,10,0.652364189529419,valid,0.7862098302333279,0.7874840451620112,0.7864000000000001,100042
GEN,0.7864,170,170,offspring,0,0,CIFAR10,662,main_b1000_cifar10_alexnet_GEN_kp10_seed42,0.1,0.7864,73,False,0.1,alexnet,False,0,0,2,0.7864,170,1,0.7864,656,8,0,5,0.1,CIFAR10_alexnet_GEN_accuracy_kp1000_seed42,42,4000,662,42,accuracy,100042,0.7864,5,0.652364189529419,5.596426263451576,10,0.652364189529419,valid,0.7862098302333279,0.7874840451620112,0.7864000000000001,100042
GEN,0.7864,170,170,offspring,0,0,CIFAR10,663,main_b1000_cifar10_alexnet_GEN_kp10_seed42,0.1,0.7864,73,False,0.1,alexnet,False,0,0,1,0.7864,651,3,0.7864,658,10,0,6,0.1,CIFAR10_alexnet_GEN_accuracy_kp1000_seed42,42,4000,663,42,accuracy,100042,0.7864,5,0.652364189529419,5.565257273614407,10,0.652364189529419,valid,0.7862098302333279,0.7874840451620112,0.7864000000000001,100042
GEN,0.7864,170,170,offspring,0,0,CIFAR10,664,main_b1000_cifar10_alexnet_GEN_kp10_seed42,0.1,0.7864,73,False,0.1,alexnet,False,0,0,2,0.7864,651,3,0.7864,658,10,0,7,0.1,CIFAR10_alexnet_GEN_accuracy_kp1000_seed42,42,4000,664,42,accuracy,100042,0.7864,5,0.652364189529419,5.563319347798824,10,0.652364189529419,valid,0.7862098302333279,0.7874840451620112,0.7864000000000001,100042
GEN,0.7864,170,170,offspring,0,0,CIFAR10,665,main_b1000_cifar10_alexnet_GEN_kp10_seed42,0.1,0.7864,73,False,0.1,alexnet,False,0,0,1,0.7864,657,9,0.7864,654,6,0,8,0.1,CIFAR10_alexnet_GEN_accuracy_kp1000_seed42,42,4000,665,42,accuracy,100042,0.7864,5,0.652364189529419,5.636668764054775,10,0.652364189529419,valid,0.7862098302333279,0.7874840451620112,0.7864000000000001,100042
GEN,0.7864,170,170,offspring,0,0,CIFAR10,666,main_b1000_cifar10_alexnet_GEN_kp10_seed42,0.1,0.7864,73,False,0.1,alexnet,False,0,0,2,0.7864,657,9,0.7864,654,6,0,9,0.1,CIFAR10_alexnet_GEN_accuracy_kp1000_seed42,42,4000,666,42,accuracy,100042,0.7864,5,0.652364189529419,5.623494662344456,10,0.652364189529419,valid,0.7862098302333279,0.7874840451620112,0.7864000000000001,100042
GEN,0.7864,170,170,offspring,0,0,CIFAR10,667,main_b1000_cifar10_alexnet_GEN_kp10_seed42,0.1,0.7864,73,False,0.1,alexnet,False,0,0,1,0.7864,651,3,0.7864,650,2,0,10,0.1,CIFAR10_alexnet_GEN_accuracy_kp1000_seed42,42,4000,667,42,accuracy,100042,0.7864,5,0.652364189529419,5.700217619538307,10,0.652364189529419,valid,0.7862098302333279,0.7874840451620112,0.7864000000000001,100042
GEN,0.7864,170,170,offspring,0,0,CIFAR10,668,main_b1000_cifar10_alexnet_GEN_kp10_seed42,0.1,0.7864,74,False,0.1,alexnet,False,0,0,1,0.7864,663,6,0.7864,659,2,0,2,0.1,CIFAR10_alexnet_GEN_accuracy_kp1000_seed42,42,4000,668,42,accuracy,100042,0.7864,5,0.652364189529419,5.6659592017531395,10,0.652364189529419,valid,0.7862098302333279,0.7874840451620112,0.7864000000000001,100042
GEN,0.7864,170,170,offspring,0,0,CIFAR10,669,main_b1000_cifar10_alexnet_GEN_kp10_seed42,0.1,0.7864,74,False,0.1,alexnet,False,0,0,2,0.7864,663,6,0.7864,659,2,0,3,0.1,CIFAR10_alexnet_GEN_accuracy_kp1000_seed42,42,4000,669,42,accuracy,100042,0.7864,5,0.652364189529419,5.619002521038055,10,0.652364189529419,valid,0.7862098302333279,0.7874840451620112,0.7864000000000001,100042
GEN,0.7864,170,170,offspring,0,0,CIFAR10,670,main_b1000_cifar10_alexnet_GEN_kp10_seed42,0.1,0.7864,74,False,0.1,alexnet,False,0,0,1,0.7864,170,1,0.7864,659,2,0,4,0.1,CIFAR10_alexnet_GEN_accuracy_kp1000_seed42,42,4000,670,42,accuracy,100042,0.7864,5,0.652364189529419,5.649085268378258,10,0.652364189529419,valid,0.7862098302333279,0.7874840451620112,0.7864000000000001,100042
GEN,0.7864,170,170,offspring,0,0,CIFAR10,671,main_b1000_cifar10_alexnet_GEN_kp10_seed42,0.1,0.7864,74,False,0.1,alexnet,False,0,0,2,0.7864,170,1,0.7864,659,2,0,5,0.1,CIFAR10_alexnet_GEN_accuracy_kp1000_seed42,42,4000,671,42,accuracy,100042,0.7864,5,0.652364189529419,5.654683209955692,10,0.652364189529419,valid,0.7862098302333279,0.7874840451620112,0.7864000000000001,100042
GEN,0.7864,170,170,offspring,0,0,CIFAR10,672,main_b1000_cifar10_alexnet_GEN_kp10_seed42,0.1,0.7864,74,False,0.1,alexnet,False,0,0,1,0.7864,662,5,0.7864,661,4,0,6,0.1,CIFAR10_alexnet_GEN_accuracy_kp1000_seed42,42,4000,672,42,accuracy,100042,0.7864,5,0.652364189529419,5.608252175152302,10,0.652364189529419,valid,0.7862098302333279,0.7874840451620112,0.7864000000000001,100042
GEN,0.7864,170,170,offspring,0,0,CIFAR10,673,main_b1000_cifar10_alexnet_GEN_kp10_seed42,0.1,0.7864,74,False,0.1,alexnet,False,0,0,2,0.7864,662,5,0.7864,661,4,0,7,0.1,CIFAR10_alexnet_GEN_accuracy_kp1000_seed42,42,4000,673,42,accuracy,100042,0.7864,5,0.652364189529419,5.602766990661621,10,0.652364189529419,valid,0.7862098302333279,0.7874840451620112,0.7864000000000001,100042
GEN,0.7864,170,170,offspring,0,0,CIFAR10,674,main_b1000_cifar10_alexnet_GEN_kp10_seed42,0.1,0.7864,74,False,0.1,alexnet,False,0,0,1,0.7864,667,10,0.7864,665,8,0,8,0.1,CIFAR10_alexnet_GEN_accuracy_kp1000_seed42,42,4000,674,42,accuracy,100042,0.7864,5,0.652364189529419,5.624878063797951,10,0.652364189529419,valid,0.7862098302333279,0.7874840451620112,0.7864000000000001,100042
GEN,0.7864,170,170,offspring,0,0,CIFAR10,675,main_b1000_cifar10_alexnet_GEN_kp10_seed42,0.1,0.7864,74,False,0.1,alexnet,False,0,0,2,0.7864,667,10,0.7864,665,8,0,9,0.1,CIFAR10_alexnet_GEN_accuracy_kp1000_seed42,42,4000,675,42,accuracy,100042,0.7864,5,0.652364189529419,5.614489264786243,10,0.652364189529419,valid,0.7862098302333279,0.7874840451620112,0.7864000000000001,100042
GEN,0.7864,170,170,offspring,0,0,CIFAR10,676,main_b1000_cifar10_alexnet_GEN_kp10_seed42,0.1,0.7864,74,False,0.1,alexnet,False,0,0,1,0.7864,661,4,0.7864,663,6,0,10,0.1,CIFAR10_alexnet_GEN_accuracy_kp1000_seed42,42,4000,676,42,accuracy,100042,0.7864,5,0.652364189529419,5.649919457733631,10,0.652364189529419,valid,0.7862098302333279,0.7874840451620112,0.7864000000000001,100042
GEN,0.7864,170,170,offspring,0,0,CIFAR10,677,main_b1000_cifar10_alexnet_GEN_kp10_seed42,0.1,0.7864,75,False,0.1,alexnet,False,0,0,1,0.7864,672,6,0.7864,673,7,0,2,0.1,CIFAR10_alexnet_GEN_accuracy_kp1000_seed42,42,4000,677,42,accuracy,100042,0.7864,5,0.652364189529419,5.644476771354675,10,0.652364189529419,valid,0.7862098302333279,0.7874840451620112,0.7864000000000001,100042
GEN,0.7864,170,170,offspring,0,0,CIFAR10,678,main_b1000_cifar10_alexnet_GEN_kp10_seed42,0.1,0.7864,75,False,0.1,alexnet,False,0,0,2,0.7864,672,6,0.7864,673,7,0,3,0.1,CIFAR10_alexnet_GEN_accuracy_kp1000_seed42,42,4000,678,42,accuracy,100042,0.7864,5,0.652364189529419,5.6280191242694855,10,0.652364189529419,valid,0.7862098302333279,0.7874840451620112,0.7864000000000001,100042
GEN,0.7864,170,170,offspring,0,0,CIFAR10,679,main_b1000_cifar10_alexnet_GEN_kp10_seed42,0.1,0.7864,75,False,0.1,alexnet,False,0,0,1,0.7864,670,4,0.7864,675,9,0,4,0.1,CIFAR10_alexnet_GEN_accuracy_kp1000_seed42,42,4000,679,42,accuracy,100042,0.7864,5,0.652364189529419,5.616461046040058,10,0.652364189529419,valid,0.7862098302333279,0.7874840451620112,0.7864000000000001,100042
GEN,0.7864,170,170,offspring,0,0,CIFAR10,680,main_b1000_cifar10_alexnet_GEN_kp10_seed42,0.1,0.7864,75,False,0.1,alexnet,False,0,0,2,0.7864,670,4,0.7864,675,9,0,5,0.1,CIFAR10_alexnet_GEN_accuracy_kp1000_seed42,42,4000,680,42,accuracy,100042,0.7864,5,0.652364189529419,5.637658126652241,10,0.652364189529419,valid,0.7862098302333279,0.7874840451620112,0.7864000000000001,100042
GEN,0.7864,170,170,offspring,0,0,CIFAR10,681,main_b1000_cifar10_alexnet_GEN_kp10_seed42,0.1,0.7864,75,False,0.1,alexnet,False,0,0,1,0.7864,672,6,0.7864,669,3,0,6,0.1,CIFAR10_alexnet_GEN_accuracy_kp1000_seed42,42,4000,681,42,accuracy,100042,0.7864,5,0.652364189529419,5.593304693698883,10,0.652364189529419,valid,0.7862098302333279,0.7874840451620112,0.7864000000000001,100042
GEN,0.7864,170,170,offspring,0,0,CIFAR10,682,main_b1000_cifar10_alexnet_GEN_kp10_seed42,0.1,0.7864,75,False,0.1,alexnet,False,0,0,2,0.7864,672,6,0.7864,669,3,0,7,0.1,CIFAR10_alexnet_GEN_accuracy_kp1000_seed42,42,4000,682,42,accuracy,100042,0.7864,5,0.652364189529419,5.590316399931908,10,0.652364189529419,valid,0.7862098302333279,0.7874840451620112,0.7864000000000001,100042
GEN,0.7864,170,170,offspring,0,0,CIFAR10,683,main_b1000_cifar10_alexnet_GEN_kp10_seed42,0.1,0.7758,75,False,0.1,alexnet,True,400,200,1,0.7864,673,7,0.7864,668,2,0,8,0.1,CIFAR10_alexnet_GEN_accuracy_kp1000_seed42,42,4000,683,42,accuracy,100042,0.7758,3,0.65545226187706,5.594197727739811,10,0.65545226187706,valid,0.7770667264478446,0.7866870441752951,0.7758,100042
GEN,0.7864,170,170,offspring,0,0,CIFAR10,684,main_b1000_cifar10_alexnet_GEN_kp10_seed42,0.1,0.7768,75,False,0.1,alexnet,True,400,200,2,0.7864,673,7,0.7864,668,2,0,9,0.1,CIFAR10_alexnet_GEN_accuracy_kp1000_seed42,42,4000,684,42,accuracy,100042,0.7768,3,0.6443053544998169,5.6124220341444016,10,0.6443053544998169,valid,0.7756682472095962,0.7776298697515067,0.7768,100042
GEN,0.7864,170,170,offspring,0,0,CIFAR10,685,main_b1000_cifar10_alexnet_GEN_kp10_seed42,0.1,0.7864,75,False,0.1,alexnet,False,0,0,1,0.7864,673,7,0.7864,170,1,0,10,0.1,CIFAR10_alexnet_GEN_accuracy_kp1000_seed42,42,4000,685,42,accuracy,100042,0.7864,5,0.652364189529419,5.66024025529623,10,0.652364189529419,valid,0.7862098302333279,0.7874840451620112,0.7864000000000001,100042
GEN,0.7864,170,170,offspring,0,0,CIFAR10,686,main_b1000_cifar10_alexnet_GEN_kp10_seed42,0.1,0.7864,76,False,0.1,alexnet,False,0,0,1,0.7864,677,2,0.7864,679,4,0,2,0.1,CIFAR10_alexnet_GEN_accuracy_kp1000_seed42,42,4000,686,42,accuracy,100042,0.7864,5,0.652364189529419,5.664379134774208,10,0.652364189529419,valid,0.7862098302333279,0.7874840451620112,0.7864000000000001,100042
GEN,0.7864,170,170,offspring,0,0,CIFAR10,687,main_b1000_cifar10_alexnet_GEN_kp10_seed42,0.1,0.7864,76,False,0.1,alexnet,False,0,0,2,0.7864,677,2,0.7864,679,4,0,3,0.1,CIFAR10_alexnet_GEN_accuracy_kp1000_seed42,42,4000,687,42,accuracy,100042,0.7864,5,0.652364189529419,5.65736024081707,10,0.652364189529419,valid,0.7862098302333279,0.7874840451620112,0.7864000000000001,100042
GEN,0.7864,170,170,offspring,0,0,CIFAR10,688,main_b1000_cifar10_alexnet_GEN_kp10_seed42,0.1,0.7864,76,False,0.1,alexnet,False,0,0,1,0.7864,170,1,0.7864,678,3,0,4,0.1,CIFAR10_alexnet_GEN_accuracy_kp1000_seed42,42,4000,688,42,accuracy,100042,0.7864,5,0.652364189529419,5.618283309042454,10,0.652364189529419,valid,0.7862098302333279,0.7874840451620112,0.7864000000000001,100042
GEN,0.7864,170,170,offspring,0,0,CIFAR10,689,main_b1000_cifar10_alexnet_GEN_kp10_seed42,0.1,0.7864,76,False,0.1,alexnet,False,0,0,2,0.7864,170,1,0.7864,678,3,0,5,0.1,CIFAR10_alexnet_GEN_accuracy_kp1000_seed42,42,4000,689,42,accuracy,100042,0.7864,5,0.652364189529419,5.630610190331936,10,0.652364189529419,valid,0.7862098302333279,0.7874840451620112,0.7864000000000001,100042
GEN,0.7864,170,170,offspring,0,0,CIFAR10,690,main_b1000_cifar10_alexnet_GEN_kp10_seed42,0.1,0.7864,76,False,0.1,alexnet,False,0,0,1,0.7864,677,2,0.7864,679,4,0,6,0.1,CIFAR10_alexnet_GEN_accuracy_kp1000_seed42,42,4000,690,42,accuracy,100042,0.7864,5,0.652364189529419,5.609629988670349,10,0.652364189529419,valid,0.7862098302333279,0.7874840451620112,0.7864000000000001,100042
GEN,0.7864,170,170,offspring,0,0,CIFAR10,691,main_b1000_cifar10_alexnet_GEN_kp10_seed42,0.1,0.7864,76,False,0.1,alexnet,False,0,0,2,0.7864,677,2,0.7864,679,4,0,7,0.1,CIFAR10_alexnet_GEN_accuracy_kp1000_seed42,42,4000,691,42,accuracy,100042,0.7864,5,0.652364189529419,5.62146483361721,10,0.652364189529419,valid,0.7862098302333279,0.7874840451620112,0.7864000000000001,100042
GEN,0.7864,170,170,offspring,0,0,CIFAR10,692,main_b1000_cifar10_alexnet_GEN_kp10_seed42,0.1,0.7864,76,False,0.1,alexnet,False,0,0,1,0.7864,170,1,0.7864,677,2,0,8,0.1,CIFAR10_alexnet_GEN_accuracy_kp1000_seed42,42,4000,692,42,accuracy,100042,0.7864,5,0.652364189529419,5.595312401652336,10,0.652364189529419,valid,0.7862098302333279,0.7874840451620112,0.7864000000000001,100042
GEN,0.7864,170,170,offspring,0,0,CIFAR10,693,main_b1000_cifar10_alexnet_GEN_kp10_seed42,0.1,0.7864,76,False,0.1,alexnet,False,0,0,2,0.7864,170,1,0.7864,677,2,0,9,0.1,CIFAR10_alexnet_GEN_accuracy_kp1000_seed42,42,4000,693,42,accuracy,100042,0.7864,5,0.652364189529419,5.575990587472916,10,0.652364189529419,valid,0.7862098302333279,0.7874840451620112,0.7864000000000001,100042
GEN,0.7864,170,170,offspring,0,0,CIFAR10,694,main_b1000_cifar10_alexnet_GEN_kp10_seed42,0.1,0.7864,76,False,0.1,alexnet,False,0,0,1,0.7864,679,4,0.7864,680,5,0,10,0.1,CIFAR10_alexnet_GEN_accuracy_kp1000_seed42,42,4000,694,42,accuracy,100042,0.7864,5,0.652364189529419,5.605436630547047,10,0.652364189529419,valid,0.7862098302333279,0.7874840451620112,0.7864000000000001,100042
GEN,0.7864,170,170,offspring,0,0,CIFAR10,695,main_b1000_cifar10_alexnet_GEN_kp10_seed42,0.1,0.7864,77,False,0.1,alexnet,False,0,0,1,0.7864,689,5,0.7864,170,1,0,2,0.1,CIFAR10_alexnet_GEN_accuracy_kp1000_seed42,42,4000,695,42,accuracy,100042,0.7864,5,0.652364189529419,5.635658584535122,10,0.652364189529419,valid,0.7862098302333279,0.7874840451620112,0.7864000000000001,100042
GEN,0.7864,170,170,offspring,0,0,CIFAR10,696,main_b1000_cifar10_alexnet_GEN_kp10_seed42,0.1,0.7864,77,False,0.1,alexnet,False,0,0,2,0.7864,689,5,0.7864,170,1,0,3,0.1,CIFAR10_alexnet_GEN_accuracy_kp1000_seed42,42,4000,696,42,accuracy,100042,0.7864,5,0.652364189529419,5.573965571820736,10,0.652364189529419,valid,0.7862098302333279,0.7874840451620112,0.7864000000000001,100042
GEN,0.7864,170,170,offspring,0,0,CIFAR10,697,main_b1000_cifar10_alexnet_GEN_kp10_seed42,0.1,0.7864,77,False,0.1,alexnet,False,0,0,1,0.7864,170,1,0.7864,689,5,0,4,0.1,CIFAR10_alexnet_GEN_accuracy_kp1000_seed42,42,4000,697,42,accuracy,100042,0.7864,5,0.652364189529419,5.61086293309927,10,0.652364189529419,valid,0.7862098302333279,0.7874840451620112,0.7864000000000001,100042
GEN,0.7864,170,170,offspring,0,0,CIFAR10,698,main_b1000_cifar10_alexnet_GEN_kp10_seed42,0.1,0.7864,77,False,0.1,alexnet,False,0,0,2,0.7864,170,1,0.7864,689,5,0,5,0.1,CIFAR10_alexnet_GEN_accuracy_kp1000_seed42,42,4000,698,42,accuracy,100042,0.7864,5,0.652364189529419,5.612951770424843,10,0.652364189529419,valid,0.7862098302333279,0.7874840451620112,0.7864000000000001,100042
GEN,0.7864,170,170,offspring,0,0,CIFAR10,699,main_b1000_cifar10_alexnet_GEN_kp10_seed42,0.1,0.7864,77,False,0.1,alexnet,False,0,0,1,0.7864,691,7,0.7864,693,9,0,6,0.1,CIFAR10_alexnet_GEN_accuracy_kp1000_seed42,42,4000,699,42,accuracy,100042,0.7864,5,0.652364189529419,5.613754034042358,10,0.652364189529419,valid,0.7862098302333279,0.7874840451620112,0.7864000000000001,100042
GEN,0.7864,170,170,offspring,0,0,CIFAR10,700,main_b1000_cifar10_alexnet_GEN_kp10_seed42,0.1,0.7864,77,False,0.1,alexnet,False,0,0,2,0.7864,691,7,0.7864,693,9,0,7,0.1,CIFAR10_alexnet_GEN_accuracy_kp1000_seed42,42,4000,700,42,accuracy,100042,0.7864,5,0.652364189529419,5.613424427807331,10,0.652364189529419,valid,0.7862098302333279,0.7874840451620112,0.7864000000000001,100042
GEN,0.7864,170,170,offspring,0,0,CIFAR10,701,main_b1000_cifar10_alexnet_GEN_kp10_seed42,0.1,0.7864,77,False,0.1,alexnet,False,0,0,1,0.7864,687,3,0.7864,686,2,0,8,0.1,CIFAR10_alexnet_GEN_accuracy_kp1000_seed42,42,4000,701,42,accuracy,100042,0.7864,5,0.652364189529419,5.623033590614796,10,0.652364189529419,valid,0.7862098302333279,0.7874840451620112,0.7864000000000001,100042
GEN,0.7864,170,170,offspring,0,0,CIFAR10,702,main_b1000_cifar10_alexnet_GEN_kp10_seed42,0.1,0.7864,77,False,0.1,alexnet,False,0,0,2,0.7864,687,3,0.7864,686,2,0,9,0.1,CIFAR10_alexnet_GEN_accuracy_kp1000_seed42,42,4000,702,42,accuracy,100042,0.7864,5,0.652364189529419,5.566084027290344,10,0.652364189529419,valid,0.7862098302333279,0.7874840451620112,0.7864000000000001,100042
GEN,0.7864,170,170,offspring,0,0,CIFAR10,703,main_b1000_cifar10_alexnet_GEN_kp10_seed42,0.1,0.7864,77,False,0.1,alexnet,False,0,0,1,0.7864,693,9,0.7864,690,6,0,10,0.1,CIFAR10_alexnet_GEN_accuracy_kp1000_seed42,42,4000,703,42,accuracy,100042,0.7864,5,0.652364189529419,5.624744929373264,10,0.652364189529419,valid,0.7862098302333279,0.7874840451620112,0.7864000000000001,100042
GEN,0.7864,170,170,offspring,0,0,CIFAR10,704,main_b1000_cifar10_alexnet_GEN_kp10_seed42,0.1,0.7864,78,False,0.1,alexnet,False,0,0,1,0.7864,700,7,0.7864,703,10,0,2,0.1,CIFAR10_alexnet_GEN_accuracy_kp1000_seed42,42,4000,704,42,accuracy,100042,0.7864,5,0.652364189529419,5.597856678068638,10,0.652364189529419,valid,0.7862098302333279,0.7874840451620112,0.7864000000000001,100042
GEN,0.7864,170,170,offspring,0,0,CIFAR10,705,main_b1000_cifar10_alexnet_GEN_kp10_seed42,0.1,0.7708,78,False,0.1,alexnet,True,400,200,2,0.7864,700,7,0.7864,703,10,0,3,0.1,CIFAR10_alexnet_GEN_accuracy_kp1000_seed42,42,4000,705,42,accuracy,100042,0.7708,3,0.6630847373962402,5.612421408295631,10,0.6630847373962402,valid,0.7703314476019794,0.7755780858693875,0.7708,100042
GEN,0.7864,170,170,offspring,0,0,CIFAR10,706,main_b1000_cifar10_alexnet_GEN_kp10_seed42,0.1,0.7864,78,False,0.1,alexnet,False,0,0,1,0.7864,702,9,0.7864,699,6,0,4,0.1,CIFAR10_alexnet_GEN_accuracy_kp1000_seed42,42,4000,706,42,accuracy,100042,0.7864,5,0.652364189529419,5.622127026319504,10,0.652364189529419,valid,0.7862098302333279,0.7874840451620112,0.7864000000000001,100042
GEN,0.7864,170,170,offspring,0,0,CIFAR10,707,main_b1000_cifar10_alexnet_GEN_kp10_seed42,0.1,0.769,78,False,0.1,alexnet,True,400,200,2,0.7864,702,9,0.7864,699,6,0,5,0.1,CIFAR10_alexnet_GEN_accuracy_kp1000_seed42,42,4000,707,42,accuracy,100042,0.769,2,0.6637364091873169,5.630004234611988,10,0.6637364091873169,valid,0.7690601147515465,0.7791740328079255,0.7689999999999999,100042
GEN,0.7864,170,170,offspring,0,0,CIFAR10,708,main_b1000_cifar10_alexnet_GEN_kp10_seed42,0.1,0.7864,78,False,0.1,alexnet,False,0,0,1,0.7864,703,10,0.7864,170,1,0,6,0.1,CIFAR10_alexnet_GEN_accuracy_kp1000_seed42,42,4000,708,42,accuracy,100042,0.7864,5,0.652364189529419,5.603662975132465,10,0.652364189529419,valid,0.7862098302333279,0.7874840451620112,0.7864000000000001,100042
GEN,0.7864,170,170,offspring,0,0,CIFAR10,709,main_b1000_cifar10_alexnet_GEN_kp10_seed42,0.1,0.7864,78,False,0.1,alexnet,False,0,0,2,0.7864,703,10,0.7864,170,1,0,7,0.1,CIFAR10_alexnet_GEN_accuracy_kp1000_seed42,42,4000,709,42,accuracy,100042,0.7864,5,0.652364189529419,5.619757816195488,10,0.652364189529419,valid,0.7862098302333279,0.7874840451620112,0.7864000000000001,100042
GEN,0.7864,170,170,offspring,0,0,CIFAR10,710,main_b1000_cifar10_alexnet_GEN_kp10_seed42,0.1,0.7802,78,False,0.1,alexnet,True,400,200,1,0.7864,696,3,0.7864,701,8,0,8,0.1,CIFAR10_alexnet_GEN_accuracy_kp1000_seed42,42,4000,710,42,accuracy,100042,0.7802,5,0.6555924628257751,5.580687202513218,10,0.6555924628257751,valid,0.780063871894707,0.7831985495090938,0.7802,100042
GEN,0.7864,170,170,offspring,0,0,CIFAR10,711,main_b1000_cifar10_alexnet_GEN_kp10_seed42,0.1,0.7864,78,False,0.1,alexnet,False,0,0,2,0.7864,696,3,0.7864,701,8,0,9,0.1,CIFAR10_alexnet_GEN_accuracy_kp1000_seed42,42,4000,711,42,accuracy,100042,0.7864,5,0.652364189529419,5.617894276976585,10,0.652364189529419,valid,0.7862098302333279,0.7874840451620112,0.7864000000000001,100042
GEN,0.7864,170,170,offspring,0,0,CIFAR10,712,main_b1000_cifar10_alexnet_GEN_kp10_seed42,0.1,0.7864,78,False,0.1,alexnet,False,0,0,1,0.7864,701,8,0.7864,697,4,0,10,0.1,CIFAR10_alexnet_GEN_accuracy_kp1000_seed42,42,4000,712,42,accuracy,100042,0.7864,5,0.652364189529419,5.568538799881935,10,0.652364189529419,valid,0.7862098302333279,0.7874840451620112,0.7864000000000001,100042
GEN,0.7864,170,170,offspring,0,0,CIFAR10,713,main_b1000_cifar10_alexnet_GEN_kp10_seed42,0.1,0.7846,79,False,0.1,alexnet,True,400,200,1,0.7864,170,1,0.7864,704,2,0,2,0.1,CIFAR10_alexnet_GEN_accuracy_kp1000_seed42,42,4000,713,42,accuracy,100042,0.7846,6,0.6536906868934631,5.567692995071411,10,0.6536906868934631,valid,0.7847262544962891,0.7875793942389144,0.7846,100042
GEN,0.7864,170,170,offspring,0,0,CIFAR10,714,main_b1000_cifar10_alexnet_GEN_kp10_seed42,0.1,0.7864,79,False,0.1,alexnet,False,0,0,2,0.7864,170,1,0.7864,704,2,0,3,0.1,CIFAR10_alexnet_GEN_accuracy_kp1000_seed42,42,4000,714,42,accuracy,100042,0.7864,5,0.652364189529419,5.614564456045628,10,0.652364189529419,valid,0.7862098302333279,0.7874840451620112,0.7864000000000001,100042
GEN,0.7864,170,170,offspring,0,0,CIFAR10,715,main_b1000_cifar10_alexnet_GEN_kp10_seed42,0.1,0.7864,79,False,0.1,alexnet,False,0,0,1,0.7864,170,1,0.7864,708,6,0,4,0.1,CIFAR10_alexnet_GEN_accuracy_kp1000_seed42,42,4000,715,42,accuracy,100042,0.7864,5,0.652364189529419,5.584912747144699,10,0.652364189529419,valid,0.7862098302333279,0.7874840451620112,0.7864000000000001,100042
GEN,0.7864,170,170,offspring,0,0,CIFAR10,716,main_b1000_cifar10_alexnet_GEN_kp10_seed42,0.1,0.7864,79,False,0.1,alexnet,False,0,0,2,0.7864,170,1,0.7864,708,6,0,5,0.1,CIFAR10_alexnet_GEN_accuracy_kp1000_seed42,42,4000,716,42,accuracy,100042,0.7864,5,0.652364189529419,5.631424158811569,10,0.652364189529419,valid,0.7862098302333279,0.7874840451620112,0.7864000000000001,100042
GEN,0.7864,170,170,offspring,0,0,CIFAR10,717,main_b1000_cifar10_alexnet_GEN_kp10_seed42,0.1,0.7864,79,False,0.1,alexnet,False,0,0,1,0.7864,709,7,0.7864,170,1,0,6,0.1,CIFAR10_alexnet_GEN_accuracy_kp1000_seed42,42,4000,717,42,accuracy,100042,0.7864,5,0.652364189529419,5.604728668928146,10,0.652364189529419,valid,0.7862098302333279,0.7874840451620112,0.7864000000000001,100042
GEN,0.7864,170,170,offspring,0,0,CIFAR10,718,main_b1000_cifar10_alexnet_GEN_kp10_seed42,0.1,0.7864,79,False,0.1,alexnet,False,0,0,2,0.7864,709,7,0.7864,170,1,0,7,0.1,CIFAR10_alexnet_GEN_accuracy_kp1000_seed42,42,4000,718,42,accuracy,100042,0.7864,5,0.652364189529419,5.622678749263287,10,0.652364189529419,valid,0.7862098302333279,0.7874840451620112,0.7864000000000001,100042
GEN,0.7864,170,170,offspring,0,0,CIFAR10,719,main_b1000_cifar10_alexnet_GEN_kp10_seed42,0.1,0.7864,79,False,0.1,alexnet,False,0,0,1,0.7864,706,4,0.7864,708,6,0,8,0.1,CIFAR10_alexnet_GEN_accuracy_kp1000_seed42,42,4000,719,42,accuracy,100042,0.7864,5,0.652364189529419,5.58277540653944,10,0.652364189529419,valid,0.7862098302333279,0.7874840451620112,0.7864000000000001,100042
GEN,0.7864,170,170,offspring,0,0,CIFAR10,720,main_b1000_cifar10_alexnet_GEN_kp10_seed42,0.1,0.7864,79,False,0.1,alexnet,False,0,0,2,0.7864,706,4,0.7864,708,6,0,9,0.1,CIFAR10_alexnet_GEN_accuracy_kp1000_seed42,42,4000,720,42,accuracy,100042,0.7864,5,0.652364189529419,5.592909224331379,10,0.652364189529419,valid,0.7862098302333279,0.7874840451620112,0.7864000000000001,100042
GEN,0.7864,170,170,offspring,0,0,CIFAR10,721,main_b1000_cifar10_alexnet_GEN_kp10_seed42,0.1,0.7864,79,False,0.1,alexnet,False,0,0,1,0.7864,712,10,0.7864,711,9,0,10,0.1,CIFAR10_alexnet_GEN_accuracy_kp1000_seed42,42,4000,721,42,accuracy,100042,0.7864,5,0.652364189529419,5.5895253866910934,10,0.652364189529419,valid,0.7862098302333279,0.7874840451620112,0.7864000000000001,100042
GEN,0.7864,170,170,offspring,0,0,CIFAR10,722,main_b1000_cifar10_alexnet_GEN_kp10_seed42,0.1,0.7864,80,False,0.1,alexnet,False,0,0,1,0.7864,718,7,0.7864,719,8,0,2,0.1,CIFAR10_alexnet_GEN_accuracy_kp1000_seed42,42,4000,722,42,accuracy,100042,0.7864,5,0.652364189529419,5.634119264781475,10,0.652364189529419,valid,0.7862098302333279,0.7874840451620112,0.7864000000000001,100042
GEN,0.7864,170,170,offspring,0,0,CIFAR10,723,main_b1000_cifar10_alexnet_GEN_kp10_seed42,0.1,0.7864,80,False,0.1,alexnet,False,0,0,2,0.7864,718,7,0.7864,719,8,0,3,0.1,CIFAR10_alexnet_GEN_accuracy_kp1000_seed42,42,4000,723,42,accuracy,100042,0.7864,5,0.652364189529419,5.591504693031311,10,0.652364189529419,valid,0.7862098302333279,0.7874840451620112,0.7864000000000001,100042
GEN,0.7864,170,170,offspring,0,0,CIFAR10,724,main_b1000_cifar10_alexnet_GEN_kp10_seed42,0.1,0.7864,80,False,0.1,alexnet,False,0,0,1,0.7864,714,3,0.7864,721,10,0,4,0.1,CIFAR10_alexnet_GEN_accuracy_kp1000_seed42,42,4000,724,42,accuracy,100042,0.7864,5,0.652364189529419,5.606547236442566,10,0.652364189529419,valid,0.7862098302333279,0.7874840451620112,0.7864000000000001,100042
GEN,0.7864,170,170,offspring,0,0,CIFAR10,725,main_b1000_cifar10_alexnet_GEN_kp10_seed42,0.1,0.7864,80,False,0.1,alexnet,False,0,0,2,0.7864,714,3,0.7864,721,10,0,5,0.1,CIFAR10_alexnet_GEN_accuracy_kp1000_seed42,42,4000,725,42,accuracy,100042,0.7864,5,0.652364189529419,5.6224691942334175,10,0.652364189529419,valid,0.7862098302333279,0.7874840451620112,0.7864000000000001,100042
GEN,0.7864,170,170,offspring,0,0,CIFAR10,726,main_b1000_cifar10_alexnet_GEN_kp10_seed42,0.1,0.7864,80,False,0.1,alexnet,False,0,0,1,0.7864,717,6,0.7864,715,4,0,6,0.1,CIFAR10_alexnet_GEN_accuracy_kp1000_seed42,42,4000,726,42,accuracy,100042,0.7864,5,0.652364189529419,5.632341809570789,10,0.652364189529419,valid,0.7862098302333279,0.7874840451620112,0.7864000000000001,100042
GEN,0.7864,170,170,offspring,0,0,CIFAR10,727,main_b1000_cifar10_alexnet_GEN_kp10_seed42,0.1,0.7864,80,False,0.1,alexnet,False,0,0,2,0.7864,717,6,0.7864,715,4,0,7,0.1,CIFAR10_alexnet_GEN_accuracy_kp1000_seed42,42,4000,727,42,accuracy,100042,0.7864,5,0.652364189529419,5.637910299003124,10,0.652364189529419,valid,0.7862098302333279,0.7874840451620112,0.7864000000000001,100042
GEN,0.7864,170,170,offspring,0,0,CIFAR10,728,main_b1000_cifar10_alexnet_GEN_kp10_seed42,0.1,0.7864,80,False,0.1,alexnet,False,0,0,1,0.7864,714,3,0.7864,718,7,0,8,0.1,CIFAR10_alexnet_GEN_accuracy_kp1000_seed42,42,4000,728,42,accuracy,100042,0.7864,5,0.652364189529419,5.666263230144978,10,0.652364189529419,valid,0.7862098302333279,0.7874840451620112,0.7864000000000001,100042
GEN,0.7864,170,170,offspring,0,0,CIFAR10,729,main_b1000_cifar10_alexnet_GEN_kp10_seed42,0.1,0.7864,80,False,0.1,alexnet,False,0,0,2,0.7864,714,3,0.7864,718,7,0,9,0.1,CIFAR10_alexnet_GEN_accuracy_kp1000_seed42,42,4000,729,42,accuracy,100042,0.7864,5,0.652364189529419,5.570155315101147,10,0.652364189529419,valid,0.7862098302333279,0.7874840451620112,0.7864000000000001,100042
GEN,0.7864,170,170,offspring,0,0,CIFAR10,730,main_b1000_cifar10_alexnet_GEN_kp10_seed42,0.1,0.7864,80,False,0.1,alexnet,False,0,0,1,0.7864,718,7,0.7864,716,5,0,10,0.1,CIFAR10_alexnet_GEN_accuracy_kp1000_seed42,42,4000,730,42,accuracy,100042,0.7864,5,0.652364189529419,5.5478285402059555,10,0.652364189529419,valid,0.7862098302333279,0.7874840451620112,0.7864000000000001,100042
GEN,0.7864,170,170,offspring,0,0,CIFAR10,731,main_b1000_cifar10_alexnet_GEN_kp10_seed42,0.1,0.7802,81,False,0.1,alexnet,True,400,200,1,0.7864,170,1,0.7864,728,8,0,2,0.1,CIFAR10_alexnet_GEN_accuracy_kp1000_seed42,42,4000,731,42,accuracy,100042,0.7802,5,0.654654583311081,5.550646863877773,10,0.654654583311081,valid,0.779759858387703,0.7828356651963785,0.7802,100042
GEN,0.7864,170,170,offspring,0,0,CIFAR10,732,main_b1000_cifar10_alexnet_GEN_kp10_seed42,0.1,0.7864,81,False,0.1,alexnet,False,0,0,2,0.7864,170,1,0.7864,728,8,0,3,0.1,CIFAR10_alexnet_GEN_accuracy_kp1000_seed42,42,4000,732,42,accuracy,100042,0.7864,5,0.652364189529419,5.604355603456497,10,0.652364189529419,valid,0.7862098302333279,0.7874840451620112,0.7864000000000001,100042
GEN,0.7864,170,170,offspring,0,0,CIFAR10,733,main_b1000_cifar10_alexnet_GEN_kp10_seed42,0.1,0.7864,81,False,0.1,alexnet,False,0,0,1,0.7864,725,5,0.7864,730,10,0,4,0.1,CIFAR10_alexnet_GEN_accuracy_kp1000_seed42,42,4000,733,42,accuracy,100042,0.7864,5,0.652364189529419,5.621747173368931,10,0.652364189529419,valid,0.7862098302333279,0.7874840451620112,0.7864000000000001,100042
GEN,0.7864,170,170,offspring,0,0,CIFAR10,734,main_b1000_cifar10_alexnet_GEN_kp10_seed42,0.1,0.7864,81,False,0.1,alexnet,False,0,0,2,0.7864,725,5,0.7864,730,10,0,5,0.1,CIFAR10_alexnet_GEN_accuracy_kp1000_seed42,42,4000,734,42,accuracy,100042,0.7864,5,0.652364189529419,5.619686163961887,10,0.652364189529419,valid,0.7862098302333279,0.7874840451620112,0.7864000000000001,100042
GEN,0.7864,170,170,offspring,0,0,CIFAR10,735,main_b1000_cifar10_alexnet_GEN_kp10_seed42,0.1,0.7864,81,False,0.1,alexnet,False,0,0,1,0.7864,722,2,0.7864,725,5,0,6,0.1,CIFAR10_alexnet_GEN_accuracy_kp1000_seed42,42,4000,735,42,accuracy,100042,0.7864,5,0.652364189529419,5.6273899376392365,10,0.652364189529419,valid,0.7862098302333279,0.7874840451620112,0.7864000000000001,100042
GEN,0.7864,170,170,offspring,0,0,CIFAR10,736,main_b1000_cifar10_alexnet_GEN_kp10_seed42,0.1,0.7864,81,False,0.1,alexnet,False,0,0,2,0.7864,722,2,0.7864,725,5,0,7,0.1,CIFAR10_alexnet_GEN_accuracy_kp1000_seed42,42,4000,736,42,accuracy,100042,0.7864,5,0.652364189529419,5.650975309312344,10,0.652364189529419,valid,0.7862098302333279,0.7874840451620112,0.7864000000000001,100042
GEN,0.7864,170,170,offspring,0,0,CIFAR10,737,main_b1000_cifar10_alexnet_GEN_kp10_seed42,0.1,0.7864,81,False,0.1,alexnet,False,0,0,1,0.7864,723,3,0.7864,730,10,0,8,0.1,CIFAR10_alexnet_GEN_accuracy_kp1000_seed42,42,4000,737,42,accuracy,100042,0.7864,5,0.652364189529419,5.645182214677334,10,0.652364189529419,valid,0.7862098302333279,0.7874840451620112,0.7864000000000001,100042
GEN,0.7864,170,170,offspring,0,0,CIFAR10,738,main_b1000_cifar10_alexnet_GEN_kp10_seed42,0.1,0.7864,81,False,0.1,alexnet,False,0,0,2,0.7864,723,3,0.7864,730,10,0,9,0.1,CIFAR10_alexnet_GEN_accuracy_kp1000_seed42,42,4000,738,42,accuracy,100042,0.7864,5,0.652364189529419,5.593658238649368,10,0.652364189529419,valid,0.7862098302333279,0.7874840451620112,0.7864000000000001,100042
GEN,0.7864,170,170,offspring,0,0,CIFAR10,739,main_b1000_cifar10_alexnet_GEN_kp10_seed42,0.1,0.7864,81,False,0.1,alexnet,False,0,0,1,0.7864,725,5,0.7864,729,9,0,10,0.1,CIFAR10_alexnet_GEN_accuracy_kp1000_seed42,42,4000,739,42,accuracy,100042,0.7864,5,0.652364189529419,5.602184437215328,10,0.652364189529419,valid,0.7862098302333279,0.7874840451620112,0.7864000000000001,100042
GEN,0.7864,170,170,offspring,0,0,CIFAR10,740,main_b1000_cifar10_alexnet_GEN_kp10_seed42,0.1,0.7864,82,False,0.1,alexnet,False,0,0,1,0.7864,735,6,0.7864,739,10,0,2,0.1,CIFAR10_alexnet_GEN_accuracy_kp1000_seed42,42,4000,740,42,accuracy,100042,0.7864,5,0.652364189529419,5.585681818425655,10,0.652364189529419,valid,0.7862098302333279,0.7874840451620112,0.7864000000000001,100042
GEN,0.7864,170,170,offspring,0,0,CIFAR10,741,main_b1000_cifar10_alexnet_GEN_kp10_seed42,0.1,0.7864,82,False,0.1,alexnet,False,0,0,2,0.7864,735,6,0.7864,739,10,0,3,0.1,CIFAR10_alexnet_GEN_accuracy_kp1000_seed42,42,4000,741,42,accuracy,100042,0.7864,5,0.652364189529419,5.600781172513962,10,0.652364189529419,valid,0.7862098302333279,0.7874840451620112,0.7864000000000001,100042
GEN,0.7864,170,170,offspring,0,0,CIFAR10,742,main_b1000_cifar10_alexnet_GEN_kp10_seed42,0.1,0.78,82,False,0.1,alexnet,True,400,200,1,0.7864,737,8,0.7864,732,3,0,4,0.1,CIFAR10_alexnet_GEN_accuracy_kp1000_seed42,42,4000,742,42,accuracy,100042,0.78,4,0.6526373136520386,5.598521701991558,10,0.6526373136520386,valid,0.7789340743711868,0.7832207546731682,0.7799999999999999,100042
GEN,0.7864,170,170,offspring,0,0,CIFAR10,743,main_b1000_cifar10_alexnet_GEN_kp10_seed42,0.1,0.7864,82,False,0.1,alexnet,False,0,0,2,0.7864,737,8,0.7864,732,3,0,5,0.1,CIFAR10_alexnet_GEN_accuracy_kp1000_seed42,42,4000,743,42,accuracy,100042,0.7864,5,0.652364189529419,5.5874191746115685,10,0.652364189529419,valid,0.7862098302333279,0.7874840451620112,0.7864000000000001,100042
GEN,0.7864,170,170,offspring,0,0,CIFAR10,744,main_b1000_cifar10_alexnet_GEN_kp10_seed42,0.1,0.7708,82,False,0.1,alexnet,True,400,200,1,0.7864,738,9,0.7864,739,10,0,6,0.1,CIFAR10_alexnet_GEN_accuracy_kp1000_seed42,42,4000,744,42,accuracy,100042,0.7708,2,0.656985487318039,5.550212271511555,10,0.656985487318039,valid,0.7707582612358258,0.7739034212971952,0.7708000000000002,100042
GEN,0.7864,170,170,offspring,0,0,CIFAR10,745,main_b1000_cifar10_alexnet_GEN_kp10_seed42,0.1,0.7864,82,False,0.1,alexnet,False,0,0,2,0.7864,738,9,0.7864,739,10,0,7,0.1,CIFAR10_alexnet_GEN_accuracy_kp1000_seed42,42,4000,745,42,accuracy,100042,0.7864,5,0.652364189529419,5.556986875832081,10,0.652364189529419,valid,0.7862098302333279,0.7874840451620112,0.7864000000000001,100042
GEN,0.7864,170,170,offspring,0,0,CIFAR10,746,main_b1000_cifar10_alexnet_GEN_kp10_seed42,0.1,0.7864,82,False,0.1,alexnet,False,0,0,1,0.7864,739,10,0.7864,735,6,0,8,0.1,CIFAR10_alexnet_GEN_accuracy_kp1000_seed42,42,4000,746,42,accuracy,100042,0.7864,5,0.652364189529419,5.6115593910217285,10,0.652364189529419,valid,0.7862098302333279,0.7874840451620112,0.7864000000000001,100042
GEN,0.7864,170,170,offspring,0,0,CIFAR10,747,main_b1000_cifar10_alexnet_GEN_kp10_seed42,0.1,0.7864,82,False,0.1,alexnet,False,0,0,2,0.7864,739,10,0.7864,735,6,0,9,0.1,CIFAR10_alexnet_GEN_accuracy_kp1000_seed42,42,4000,747,42,accuracy,100042,0.7864,5,0.652364189529419,5.60987726598978,10,0.652364189529419,valid,0.7862098302333279,0.7874840451620112,0.7864000000000001,100042
GEN,0.7864,170,170,offspring,0,0,CIFAR10,748,main_b1000_cifar10_alexnet_GEN_kp10_seed42,0.1,0.7864,82,False,0.1,alexnet,False,0,0,1,0.7864,734,5,0.7864,739,10,0,10,0.1,CIFAR10_alexnet_GEN_accuracy_kp1000_seed42,42,4000,748,42,accuracy,100042,0.7864,5,0.652364189529419,5.595636740326881,10,0.652364189529419,valid,0.7862098302333279,0.7874840451620112,0.7864000000000001,100042
GEN,0.7864,170,170,offspring,0,0,CIFAR10,749,main_b1000_cifar10_alexnet_GEN_kp10_seed42,0.1,0.7864,83,False,0.1,alexnet,False,0,0,1,0.7864,748,10,0.7864,746,8,0,2,0.1,CIFAR10_alexnet_GEN_accuracy_kp1000_seed42,42,4000,749,42,accuracy,100042,0.7864,5,0.652364189529419,5.5643295571208,10,0.652364189529419,valid,0.7862098302333279,0.7874840451620112,0.7864000000000001,100042
GEN,0.7864,170,170,offspring,0,0,CIFAR10,750,main_b1000_cifar10_alexnet_GEN_kp10_seed42,0.1,0.7864,83,False,0.1,alexnet,False,0,0,2,0.7864,748,10,0.7864,746,8,0,3,0.1,CIFAR10_alexnet_GEN_accuracy_kp1000_seed42,42,4000,750,42,accuracy,100042,0.7864,5,0.652364189529419,5.561421245336533,10,0.652364189529419,valid,0.7862098302333279,0.7874840451620112,0.7864000000000001,100042
GEN,0.7864,170,170,offspring,0,0,CIFAR10,751,main_b1000_cifar10_alexnet_GEN_kp10_seed42,0.1,0.7864,83,False,0.1,alexnet,False,0,0,1,0.7864,745,7,0.7864,170,1,0,4,0.1,CIFAR10_alexnet_GEN_accuracy_kp1000_seed42,42,4000,751,42,accuracy,100042,0.7864,5,0.652364189529419,5.576063737273216,10,0.652364189529419,valid,0.7862098302333279,0.7874840451620112,0.7864000000000001,100042
GEN,0.7864,170,170,offspring,0,0,CIFAR10,752,main_b1000_cifar10_alexnet_GEN_kp10_seed42,0.1,0.7864,83,False,0.1,alexnet,False,0,0,2,0.7864,745,7,0.7864,170,1,0,5,0.1,CIFAR10_alexnet_GEN_accuracy_kp1000_seed42,42,4000,752,42,accuracy,100042,0.7864,5,0.652364189529419,5.573853589594364,10,0.652364189529419,valid,0.7862098302333279,0.7874840451620112,0.7864000000000001,100042
GEN,0.7864,170,170,offspring,0,0,CIFAR10,753,main_b1000_cifar10_alexnet_GEN_kp10_seed42,0.1,0.7864,83,False,0.1,alexnet,False,0,0,1,0.7864,747,9,0.7864,746,8,0,6,0.1,CIFAR10_alexnet_GEN_accuracy_kp1000_seed42,42,4000,753,42,accuracy,100042,0.7864,5,0.652364189529419,5.617476053535938,10,0.652364189529419,valid,0.7862098302333279,0.7874840451620112,0.7864000000000001,100042
GEN,0.7864,170,170,offspring,0,0,CIFAR10,754,main_b1000_cifar10_alexnet_GEN_kp10_seed42,0.1,0.7864,83,False,0.1,alexnet,False,0,0,2,0.7864,747,9,0.7864,746,8,0,7,0.1,CIFAR10_alexnet_GEN_accuracy_kp1000_seed42,42,4000,754,42,accuracy,100042,0.7864,5,0.652364189529419,5.569496385753155,10,0.652364189529419,valid,0.7862098302333279,0.7874840451620112,0.7864000000000001,100042
GEN,0.7864,170,170,offspring,0,0,CIFAR10,755,main_b1000_cifar10_alexnet_GEN_kp10_seed42,0.1,0.7864,83,False,0.1,alexnet,False,0,0,1,0.7864,740,2,0.7864,746,8,0,8,0.1,CIFAR10_alexnet_GEN_accuracy_kp1000_seed42,42,4000,755,42,accuracy,100042,0.7864,5,0.652364189529419,5.59559578448534,10,0.652364189529419,valid,0.7862098302333279,0.7874840451620112,0.7864000000000001,100042
GEN,0.7864,170,170,offspring,0,0,CIFAR10,756,main_b1000_cifar10_alexnet_GEN_kp10_seed42,0.1,0.7864,83,False,0.1,alexnet,False,0,0,2,0.7864,740,2,0.7864,746,8,0,9,0.1,CIFAR10_alexnet_GEN_accuracy_kp1000_seed42,42,4000,756,42,accuracy,100042,0.7864,5,0.652364189529419,5.579298786818981,10,0.652364189529419,valid,0.7862098302333279,0.7874840451620112,0.7864000000000001,100042
GEN,0.7864,170,170,offspring,0,0,CIFAR10,757,main_b1000_cifar10_alexnet_GEN_kp10_seed42,0.1,0.7864,83,False,0.1,alexnet,False,0,0,1,0.7864,748,10,0.7864,740,2,0,10,0.1,CIFAR10_alexnet_GEN_accuracy_kp1000_seed42,42,4000,757,42,accuracy,100042,0.7864,5,0.652364189529419,5.588626496493816,10,0.652364189529419,valid,0.7862098302333279,0.7874840451620112,0.7864000000000001,100042
GEN,0.7864,170,170,offspring,0,0,CIFAR10,758,main_b1000_cifar10_alexnet_GEN_kp10_seed42,0.1,0.7864,84,False,0.1,alexnet,False,0,0,1,0.7864,751,4,0.7864,756,9,0,2,0.1,CIFAR10_alexnet_GEN_accuracy_kp1000_seed42,42,4000,758,42,accuracy,100042,0.7864,5,0.652364189529419,5.584012791514397,10,0.652364189529419,valid,0.7862098302333279,0.7874840451620112,0.7864000000000001,100042
GEN,0.7864,170,170,offspring,0,0,CIFAR10,759,main_b1000_cifar10_alexnet_GEN_kp10_seed42,0.1,0.7864,84,False,0.1,alexnet,False,0,0,2,0.7864,751,4,0.7864,756,9,0,3,0.1,CIFAR10_alexnet_GEN_accuracy_kp1000_seed42,42,4000,759,42,accuracy,100042,0.7864,5,0.652364189529419,5.601960726082325,10,0.652364189529419,valid,0.7862098302333279,0.7874840451620112,0.7864000000000001,100042
GEN,0.7864,170,170,offspring,0,0,CIFAR10,760,main_b1000_cifar10_alexnet_GEN_kp10_seed42,0.1,0.7864,84,False,0.1,alexnet,False,0,0,1,0.7864,170,1,0.7864,754,7,0,4,0.1,CIFAR10_alexnet_GEN_accuracy_kp1000_seed42,42,4000,760,42,accuracy,100042,0.7864,5,0.652364189529419,5.617407940328121,10,0.652364189529419,valid,0.7862098302333279,0.7874840451620112,0.7864000000000001,100042
GEN,0.7864,170,170,offspring,0,0,CIFAR10,761,main_b1000_cifar10_alexnet_GEN_kp10_seed42,0.1,0.7864,84,False,0.1,alexnet,False,0,0,2,0.7864,170,1,0.7864,754,7,0,5,0.1,CIFAR10_alexnet_GEN_accuracy_kp1000_seed42,42,4000,761,42,accuracy,100042,0.7864,5,0.652364189529419,5.618178494274616,10,0.652364189529419,valid,0.7862098302333279,0.7874840451620112,0.7864000000000001,100042
GEN,0.7864,170,170,offspring,0,0,CIFAR10,762,main_b1000_cifar10_alexnet_GEN_kp10_seed42,0.1,0.7864,84,False,0.1,alexnet,False,0,0,1,0.7864,752,5,0.7864,757,10,0,6,0.1,CIFAR10_alexnet_GEN_accuracy_kp1000_seed42,42,4000,762,42,accuracy,100042,0.7864,5,0.652364189529419,5.6267920807003975,10,0.652364189529419,valid,0.7862098302333279,0.7874840451620112,0.7864000000000001,100042
GEN,0.7864,170,170,offspring,0,0,CIFAR10,763,main_b1000_cifar10_alexnet_GEN_kp10_seed42,0.1,0.7864,84,False,0.1,alexnet,False,0,0,2,0.7864,752,5,0.7864,757,10,0,7,0.1,CIFAR10_alexnet_GEN_accuracy_kp1000_seed42,42,4000,763,42,accuracy,100042,0.7864,5,0.652364189529419,5.654852122068405,10,0.652364189529419,valid,0.7862098302333279,0.7874840451620112,0.7864000000000001,100042
GEN,0.7864,170,170,offspring,0,0,CIFAR10,764,main_b1000_cifar10_alexnet_GEN_kp10_seed42,0.1,0.7864,84,False,0.1,alexnet,False,0,0,1,0.7864,752,5,0.7864,757,10,0,8,0.1,CIFAR10_alexnet_GEN_accuracy_kp1000_seed42,42,4000,764,42,accuracy,100042,0.7864,5,0.652364189529419,5.601192899048328,10,0.652364189529419,valid,0.7862098302333279,0.7874840451620112,0.7864000000000001,100042
GEN,0.7864,170,170,offspring,0,0,CIFAR10,765,main_b1000_cifar10_alexnet_GEN_kp10_seed42,0.1,0.7815,84,False,0.1,alexnet,True,400,200,2,0.7864,752,5,0.7864,757,10,0,9,0.1,CIFAR10_alexnet_GEN_accuracy_kp1000_seed42,42,4000,765,42,accuracy,100042,0.7815,4,0.6441452023506165,5.641666270792484,10,0.6441452023506165,valid,0.7810830448770367,0.7831137523630507,0.7815,100042
GEN,0.7864,170,170,offspring,0,0,CIFAR10,766,main_b1000_cifar10_alexnet_GEN_kp10_seed42,0.1,0.7864,84,False,0.1,alexnet,False,0,0,1,0.7864,752,5,0.7864,757,10,0,10,0.1,CIFAR10_alexnet_GEN_accuracy_kp1000_seed42,42,4000,766,42,accuracy,100042,0.7864,5,0.652364189529419,5.628857679665089,10,0.652364189529419,valid,0.7862098302333279,0.7874840451620112,0.7864000000000001,100042
GEN,0.7864,170,170,offspring,0,0,CIFAR10,767,main_b1000_cifar10_alexnet_GEN_kp10_seed42,0.1,0.7864,85,False,0.1,alexnet,False,0,0,1,0.7864,760,4,0.7864,759,3,0,2,0.1,CIFAR10_alexnet_GEN_accuracy_kp1000_seed42,42,4000,767,42,accuracy,100042,0.7864,5,0.652364189529419,5.610735602676868,10,0.652364189529419,valid,0.7862098302333279,0.7874840451620112,0.7864000000000001,100042
GEN,0.7864,170,170,offspring,0,0,CIFAR10,768,main_b1000_cifar10_alexnet_GEN_kp10_seed42,0.1,0.7864,85,False,0.1,alexnet,False,0,0,2,0.7864,760,4,0.7864,759,3,0,3,0.1,CIFAR10_alexnet_GEN_accuracy_kp1000_seed42,42,4000,768,42,accuracy,100042,0.7864,5,0.652364189529419,5.587638355791569,10,0.652364189529419,valid,0.7862098302333279,0.7874840451620112,0.7864000000000001,100042
GEN,0.7864,170,170,offspring,0,0,CIFAR10,769,main_b1000_cifar10_alexnet_GEN_kp10_seed42,0.1,0.7864,85,False,0.1,alexnet,False,0,0,1,0.7864,764,8,0.7864,766,10,0,4,0.1,CIFAR10_alexnet_GEN_accuracy_kp1000_seed42,42,4000,769,42,accuracy,100042,0.7864,5,0.652364189529419,5.587087772786617,10,0.652364189529419,valid,0.7862098302333279,0.7874840451620112,0.7864000000000001,100042
GEN,0.7864,170,170,offspring,0,0,CIFAR10,770,main_b1000_cifar10_alexnet_GEN_kp10_seed42,0.1,0.7864,85,False,0.1,alexnet,False,0,0,2,0.7864,764,8,0.7864,766,10,0,5,0.1,CIFAR10_alexnet_GEN_accuracy_kp1000_seed42,42,4000,770,42,accuracy,100042,0.7864,5,0.652364189529419,5.6006875187158585,10,0.652364189529419,valid,0.7862098302333279,0.7874840451620112,0.7864000000000001,100042
GEN,0.7864,170,170,offspring,0,0,CIFAR10,771,main_b1000_cifar10_alexnet_GEN_kp10_seed42,0.1,0.7864,85,False,0.1,alexnet,False,0,0,1,0.7864,761,5,0.7864,170,1,0,6,0.1,CIFAR10_alexnet_GEN_accuracy_kp1000_seed42,42,4000,771,42,accuracy,100042,0.7864,5,0.652364189529419,5.558626428246498,10,0.652364189529419,valid,0.7862098302333279,0.7874840451620112,0.7864000000000001,100042
GEN,0.7864,170,170,offspring,0,0,CIFAR10,772,main_b1000_cifar10_alexnet_GEN_kp10_seed42,0.1,0.7864,85,False,0.1,alexnet,False,0,0,2,0.7864,761,5,0.7864,170,1,0,7,0.1,CIFAR10_alexnet_GEN_accuracy_kp1000_seed42,42,4000,772,42,accuracy,100042,0.7864,5,0.652364189529419,5.568394787609577,10,0.652364189529419,valid,0.7862098302333279,0.7874840451620112,0.7864000000000001,100042
GEN,0.7864,170,170,offspring,0,0,CIFAR10,773,main_b1000_cifar10_alexnet_GEN_kp10_seed42,0.1,0.7864,85,False,0.1,alexnet,False,0,0,1,0.7864,758,2,0.7864,766,10,0,8,0.1,CIFAR10_alexnet_GEN_accuracy_kp1000_seed42,42,4000,773,42,accuracy,100042,0.7864,5,0.652364189529419,5.552247181534767,10,0.652364189529419,valid,0.7862098302333279,0.7874840451620112,0.7864000000000001,100042
GEN,0.7864,170,170,offspring,0,0,CIFAR10,774,main_b1000_cifar10_alexnet_GEN_kp10_seed42,0.1,0.7864,85,False,0.1,alexnet,False,0,0,2,0.7864,758,2,0.7864,766,10,0,9,0.1,CIFAR10_alexnet_GEN_accuracy_kp1000_seed42,42,4000,774,42,accuracy,100042,0.7864,5,0.652364189529419,5.591601774096489,10,0.652364189529419,valid,0.7862098302333279,0.7874840451620112,0.7864000000000001,100042
GEN,0.7864,170,170,offspring,0,0,CIFAR10,775,main_b1000_cifar10_alexnet_GEN_kp10_seed42,0.1,0.7843,85,False,0.1,alexnet,True,400,200,1,0.7864,766,10,0.7864,758,2,0,10,0.1,CIFAR10_alexnet_GEN_accuracy_kp1000_seed42,42,4000,775,42,accuracy,100042,0.7843,5,0.6502811170578003,5.594937868416309,10,0.6502811170578003,valid,0.7847558023812873,0.7869579642034824,0.7843000000000001,100042
GEN,0.7864,170,170,offspring,0,0,CIFAR10,776,main_b1000_cifar10_alexnet_GEN_kp10_seed42,0.1,0.7864,86,False,0.1,alexnet,False,0,0,1,0.7864,170,1,0.7864,773,8,0,2,0.1,CIFAR10_alexnet_GEN_accuracy_kp1000_seed42,42,4000,776,42,accuracy,100042,0.7864,5,0.652364189529419,5.575068332254887,10,0.652364189529419,valid,0.7862098302333279,0.7874840451620112,0.7864000000000001,100042
GEN,0.7864,170,170,offspring,0,0,CIFAR10,777,main_b1000_cifar10_alexnet_GEN_kp10_seed42,0.1,0.7793,86,False,0.1,alexnet,True,400,200,2,0.7864,170,1,0.7864,773,8,0,3,0.1,CIFAR10_alexnet_GEN_accuracy_kp1000_seed42,42,4000,777,42,accuracy,100042,0.7793,3,0.6436509153366089,5.587418965995312,10,0.6436509153366089,valid,0.7795294417325258,0.784829864579887,0.7793,100042
GEN,0.7864,170,170,offspring,0,0,CIFAR10,778,main_b1000_cifar10_alexnet_GEN_kp10_seed42,0.1,0.7864,86,False,0.1,alexnet,False,0,0,1,0.7864,772,7,0.7864,767,2,0,4,0.1,CIFAR10_alexnet_GEN_accuracy_kp1000_seed42,42,4000,778,42,accuracy,100042,0.7864,5,0.652364189529419,5.608663402497768,10,0.652364189529419,valid,0.7862098302333279,0.7874840451620112,0.7864000000000001,100042
GEN,0.7864,170,170,offspring,0,0,CIFAR10,779,main_b1000_cifar10_alexnet_GEN_kp10_seed42,0.1,0.7864,86,False,0.1,alexnet,False,0,0,2,0.7864,772,7,0.7864,767,2,0,5,0.1,CIFAR10_alexnet_GEN_accuracy_kp1000_seed42,42,4000,779,42,accuracy,100042,0.7864,5,0.652364189529419,5.60811610519886,10,0.652364189529419,valid,0.7862098302333279,0.7874840451620112,0.7864000000000001,100042
GEN,0.7864,170,170,offspring,0,0,CIFAR10,780,main_b1000_cifar10_alexnet_GEN_kp10_seed42,0.1,0.7811,86,False,0.1,alexnet,True,400,200,1,0.7864,770,5,0.7864,170,1,0,6,0.1,CIFAR10_alexnet_GEN_accuracy_kp1000_seed42,42,4000,780,42,accuracy,100042,0.7811,5,0.6477362804889679,5.610211469233036,10,0.6477362804889679,valid,0.7793889158170045,0.7808433017913646,0.7811,100042
GEN,0.7864,170,170,offspring,0,0,CIFAR10,781,main_b1000_cifar10_alexnet_GEN_kp10_seed42,0.1,0.7864,86,False,0.1,alexnet,False,0,0,2,0.7864,770,5,0.7864,170,1,0,7,0.1,CIFAR10_alexnet_GEN_accuracy_kp1000_seed42,42,4000,781,42,accuracy,100042,0.7864,5,0.652364189529419,5.628656506538391,10,0.652364189529419,valid,0.7862098302333279,0.7874840451620112,0.7864000000000001,100042
GEN,0.7864,170,170,offspring,0,0,CIFAR10,782,main_b1000_cifar10_alexnet_GEN_kp10_seed42,0.1,0.7864,86,False,0.1,alexnet,False,0,0,1,0.7864,768,3,0.7864,769,4,0,8,0.1,CIFAR10_alexnet_GEN_accuracy_kp1000_seed42,42,4000,782,42,accuracy,100042,0.7864,5,0.652364189529419,5.646513305604458,10,0.652364189529419,valid,0.7862098302333279,0.7874840451620112,0.7864000000000001,100042
GEN,0.7864,170,170,offspring,0,0,CIFAR10,783,main_b1000_cifar10_alexnet_GEN_kp10_seed42,0.1,0.7689,86,False,0.1,alexnet,True,400,200,2,0.7864,768,3,0.7864,769,4,0,9,0.1,CIFAR10_alexnet_GEN_accuracy_kp1000_seed42,42,4000,783,42,accuracy,100042,0.7689,3,0.66537508020401,5.639556638896465,10,0.66537508020401,valid,0.7702915509064863,0.7837376212285746,0.7688999999999999,100042
GEN,0.7864,170,170,offspring,0,0,CIFAR10,784,main_b1000_cifar10_alexnet_GEN_kp10_seed42,0.1,0.7864,86,False,0.1,alexnet,False,0,0,1,0.7864,769,4,0.7864,771,6,0,10,0.1,CIFAR10_alexnet_GEN_accuracy_kp1000_seed42,42,4000,784,42,accuracy,100042,0.7864,5,0.652364189529419,5.616046890616417,10,0.652364189529419,valid,0.7862098302333279,0.7874840451620112,0.7864000000000001,100042
GEN,0.7864,170,170,offspring,0,0,CIFAR10,785,main_b1000_cifar10_alexnet_GEN_kp10_seed42,0.1,0.7864,87,False,0.1,alexnet,False,0,0,1,0.7864,170,1,0.7864,784,10,0,2,0.1,CIFAR10_alexnet_GEN_accuracy_kp1000_seed42,42,4000,785,42,accuracy,100042,0.7864,5,0.652364189529419,5.575508043169975,10,0.652364189529419,valid,0.7862098302333279,0.7874840451620112,0.7864000000000001,100042
GEN,0.7864,170,170,offspring,0,0,CIFAR10,786,main_b1000_cifar10_alexnet_GEN_kp10_seed42,0.1,0.7864,87,False,0.1,alexnet,False,0,0,2,0.7864,170,1,0.7864,784,10,0,3,0.1,CIFAR10_alexnet_GEN_accuracy_kp1000_seed42,42,4000,786,42,accuracy,100042,0.7864,5,0.652364189529419,5.623926803469658,10,0.652364189529419,valid,0.7862098302333279,0.7874840451620112,0.7864000000000001,100042
GEN,0.7864,170,170,offspring,0,0,CIFAR10,787,main_b1000_cifar10_alexnet_GEN_kp10_seed42,0.1,0.7864,87,False,0.1,alexnet,False,0,0,1,0.7864,781,7,0.7864,784,10,0,4,0.1,CIFAR10_alexnet_GEN_accuracy_kp1000_seed42,42,4000,787,42,accuracy,100042,0.7864,5,0.652364189529419,5.633560813963413,10,0.652364189529419,valid,0.7862098302333279,0.7874840451620112,0.7864000000000001,100042
GEN,0.7864,170,170,offspring,0,0,CIFAR10,788,main_b1000_cifar10_alexnet_GEN_kp10_seed42,0.1,0.7864,87,False,0.1,alexnet,False,0,0,2,0.7864,781,7,0.7864,784,10,0,5,0.1,CIFAR10_alexnet_GEN_accuracy_kp1000_seed42,42,4000,788,42,accuracy,100042,0.7864,5,0.652364189529419,5.615048818290234,10,0.652364189529419,valid,0.7862098302333279,0.7874840451620112,0.7864000000000001,100042
GEN,0.7864,170,170,offspring,0,0,CIFAR10,789,main_b1000_cifar10_alexnet_GEN_kp10_seed42,0.1,0.7864,87,False,0.1,alexnet,False,0,0,1,0.7864,781,7,0.7864,784,10,0,6,0.1,CIFAR10_alexnet_GEN_accuracy_kp1000_seed42,42,4000,789,42,accuracy,100042,0.7864,5,0.652364189529419,5.580432750284672,10,0.652364189529419,valid,0.7862098302333279,0.7874840451620112,0.7864000000000001,100042
GEN,0.7864,170,170,offspring,0,0,CIFAR10,790,main_b1000_cifar10_alexnet_GEN_kp10_seed42,0.1,0.7864,87,False,0.1,alexnet,False,0,0,2,0.7864,781,7,0.7864,784,10,0,7,0.1,CIFAR10_alexnet_GEN_accuracy_kp1000_seed42,42,4000,790,42,accuracy,100042,0.7864,5,0.652364189529419,5.554054573178291,10,0.652364189529419,valid,0.7862098302333279,0.7874840451620112,0.7864000000000001,100042
GEN,0.7864,170,170,offspring,0,0,CIFAR10,791,main_b1000_cifar10_alexnet_GEN_kp10_seed42,0.1,0.7864,87,False,0.1,alexnet,False,0,0,1,0.7864,784,10,0.7864,778,4,0,8,0.1,CIFAR10_alexnet_GEN_accuracy_kp1000_seed42,42,4000,791,42,accuracy,100042,0.7864,5,0.652364189529419,5.622012250125408,10,0.652364189529419,valid,0.7862098302333279,0.7874840451620112,0.7864000000000001,100042
GEN,0.7864,170,170,offspring,0,0,CIFAR10,792,main_b1000_cifar10_alexnet_GEN_kp10_seed42,0.1,0.7864,87,False,0.1,alexnet,False,0,0,2,0.7864,784,10,0.7864,778,4,0,9,0.1,CIFAR10_alexnet_GEN_accuracy_kp1000_seed42,42,4000,792,42,accuracy,100042,0.7864,5,0.652364189529419,5.613540694117546,10,0.652364189529419,valid,0.7862098302333279,0.7874840451620112,0.7864000000000001,100042
GEN,0.7864,170,170,offspring,0,0,CIFAR10,793,main_b1000_cifar10_alexnet_GEN_kp10_seed42,0.1,0.7832,87,False,0.1,alexnet,True,400,200,1,0.7864,776,2,0.7864,779,5,0,10,0.1,CIFAR10_alexnet_GEN_accuracy_kp1000_seed42,42,4000,793,42,accuracy,100042,0.7832,5,0.6513970473766327,5.6084961369633675,10,0.6513970473766327,valid,0.7839331903893535,0.7882517990369919,0.7831999999999999,100042
GEN,0.7864,170,170,offspring,0,0,CIFAR10,794,main_b1000_cifar10_alexnet_GEN_kp10_seed42,0.1,0.7864,88,False,0.1,alexnet,False,0,0,1,0.7864,786,3,0.7864,791,8,0,2,0.1,CIFAR10_alexnet_GEN_accuracy_kp1000_seed42,42,4000,794,42,accuracy,100042,0.7864,5,0.652364189529419,5.566879138350487,10,0.652364189529419,valid,0.7862098302333279,0.7874840451620112,0.7864000000000001,100042
GEN,0.7864,170,170,offspring,0,0,CIFAR10,795,main_b1000_cifar10_alexnet_GEN_kp10_seed42,0.1,0.7864,88,False,0.1,alexnet,False,0,0,2,0.7864,786,3,0.7864,791,8,0,3,0.1,CIFAR10_alexnet_GEN_accuracy_kp1000_seed42,42,4000,795,42,accuracy,100042,0.7864,5,0.652364189529419,5.62041474878788,10,0.652364189529419,valid,0.7862098302333279,0.7874840451620112,0.7864000000000001,100042
GEN,0.7864,170,170,offspring,0,0,CIFAR10,796,main_b1000_cifar10_alexnet_GEN_kp10_seed42,0.1,0.774,88,False,0.1,alexnet,True,400,200,1,0.7864,170,1,0.7864,785,2,0,4,0.1,CIFAR10_alexnet_GEN_accuracy_kp1000_seed42,42,4000,796,42,accuracy,100042,0.774,3,0.6525180137634278,5.637350395321846,10,0.6525180137634278,valid,0.7737228259219604,0.7777206720924934,0.774,100042
GEN,0.7864,170,170,offspring,0,0,CIFAR10,797,main_b1000_cifar10_alexnet_GEN_kp10_seed42,0.1,0.7864,88,False,0.1,alexnet,False,0,0,2,0.7864,170,1,0.7864,785,2,0,5,0.1,CIFAR10_alexnet_GEN_accuracy_kp1000_seed42,42,4000,797,42,accuracy,100042,0.7864,5,0.652364189529419,5.632755108177662,10,0.652364189529419,valid,0.7862098302333279,0.7874840451620112,0.7864000000000001,100042
GEN,0.7864,170,170,offspring,0,0,CIFAR10,798,main_b1000_cifar10_alexnet_GEN_kp10_seed42,0.1,0.7864,88,False,0.1,alexnet,False,0,0,1,0.7864,788,5,0.7864,792,9,0,6,0.1,CIFAR10_alexnet_GEN_accuracy_kp1000_seed42,42,4000,798,42,accuracy,100042,0.7864,5,0.652364189529419,5.607341565191746,10,0.652364189529419,valid,0.7862098302333279,0.7874840451620112,0.7864000000000001,100042
GEN,0.7864,170,170,offspring,0,0,CIFAR10,799,main_b1000_cifar10_alexnet_GEN_kp10_seed42,0.1,0.7864,88,False,0.1,alexnet,False,0,0,2,0.7864,788,5,0.7864,792,9,0,7,0.1,CIFAR10_alexnet_GEN_accuracy_kp1000_seed42,42,4000,799,42,accuracy,100042,0.7864,5,0.652364189529419,5.610266759991646,10,0.652364189529419,valid,0.7862098302333279,0.7874840451620112,0.7864000000000001,100042
GEN,0.7864,170,170,offspring,0,0,CIFAR10,800,main_b1000_cifar10_alexnet_GEN_kp10_seed42,0.1,0.7864,88,False,0.1,alexnet,False,0,0,1,0.7864,791,8,0.7864,786,3,0,8,0.1,CIFAR10_alexnet_GEN_accuracy_kp1000_seed42,42,4000,800,42,accuracy,100042,0.7864,5,0.652364189529419,5.573806434869766,10,0.652364189529419,valid,0.7862098302333279,0.7874840451620112,0.7864000000000001,100042
GEN,0.7864,170,170,offspring,0,0,CIFAR10,801,main_b1000_cifar10_alexnet_GEN_kp10_seed42,0.1,0.7864,88,False,0.1,alexnet,False,0,0,2,0.7864,791,8,0.7864,786,3,0,9,0.1,CIFAR10_alexnet_GEN_accuracy_kp1000_seed42,42,4000,801,42,accuracy,100042,0.7864,5,0.652364189529419,5.5740043967962265,10,0.652364189529419,valid,0.7862098302333279,0.7874840451620112,0.7864000000000001,100042
GEN,0.7864,170,170,offspring,0,0,CIFAR10,802,main_b1000_cifar10_alexnet_GEN_kp10_seed42,0.1,0.7864,88,False,0.1,alexnet,False,0,0,1,0.7864,792,9,0.7864,786,3,0,10,0.1,CIFAR10_alexnet_GEN_accuracy_kp1000_seed42,42,4000,802,42,accuracy,100042,0.7864,5,0.652364189529419,5.5690861493349075,10,0.652364189529419,valid,0.7862098302333279,0.7874840451620112,0.7864000000000001,100042
GEN,0.7864,170,170,offspring,0,0,CIFAR10,803,main_b1000_cifar10_alexnet_GEN_kp10_seed42,0.1,0.7864,89,False,0.1,alexnet,False,0,0,1,0.7864,797,5,0.7864,800,8,0,2,0.1,CIFAR10_alexnet_GEN_accuracy_kp1000_seed42,42,4000,803,42,accuracy,100042,0.7864,5,0.652364189529419,5.563392817974091,10,0.652364189529419,valid,0.7862098302333279,0.7874840451620112,0.7864000000000001,100042
GEN,0.7864,170,170,offspring,0,0,CIFAR10,804,main_b1000_cifar10_alexnet_GEN_kp10_seed42,0.1,0.7864,89,False,0.1,alexnet,False,0,0,2,0.7864,797,5,0.7864,800,8,0,3,0.1,CIFAR10_alexnet_GEN_accuracy_kp1000_seed42,42,4000,804,42,accuracy,100042,0.7864,5,0.652364189529419,5.611351892352104,10,0.652364189529419,valid,0.7862098302333279,0.7874840451620112,0.7864000000000001,100042
GEN,0.7864,170,170,offspring,0,0,CIFAR10,805,main_b1000_cifar10_alexnet_GEN_kp10_seed42,0.1,0.7864,89,False,0.1,alexnet,False,0,0,1,0.7864,795,3,0.7864,798,6,0,4,0.1,CIFAR10_alexnet_GEN_accuracy_kp1000_seed42,42,4000,805,42,accuracy,100042,0.7864,5,0.652364189529419,5.6510458663105965,10,0.652364189529419,valid,0.7862098302333279,0.7874840451620112,0.7864000000000001,100042
GEN,0.7864,170,170,offspring,0,0,CIFAR10,806,main_b1000_cifar10_alexnet_GEN_kp10_seed42,0.1,0.7864,89,False,0.1,alexnet,False,0,0,2,0.7864,795,3,0.7864,798,6,0,5,0.1,CIFAR10_alexnet_GEN_accuracy_kp1000_seed42,42,4000,806,42,accuracy,100042,0.7864,5,0.652364189529419,5.55562286823988,10,0.652364189529419,valid,0.7862098302333279,0.7874840451620112,0.7864000000000001,100042
GEN,0.7864,170,170,offspring,0,0,CIFAR10,807,main_b1000_cifar10_alexnet_GEN_kp10_seed42,0.1,0.7864,89,False,0.1,alexnet,False,0,0,1,0.7864,170,1,0.7864,799,7,0,6,0.1,CIFAR10_alexnet_GEN_accuracy_kp1000_seed42,42,4000,807,42,accuracy,100042,0.7864,5,0.652364189529419,5.581275053322315,10,0.652364189529419,valid,0.7862098302333279,0.7874840451620112,0.7864000000000001,100042
GEN,0.7864,170,170,offspring,0,0,CIFAR10,808,main_b1000_cifar10_alexnet_GEN_kp10_seed42,0.1,0.7864,89,False,0.1,alexnet,False,0,0,2,0.7864,170,1,0.7864,799,7,0,7,0.1,CIFAR10_alexnet_GEN_accuracy_kp1000_seed42,42,4000,808,42,accuracy,100042,0.7864,5,0.652364189529419,5.553952053189278,10,0.652364189529419,valid,0.7862098302333279,0.7874840451620112,0.7864000000000001,100042
GEN,0.7864,170,170,offspring,0,0,CIFAR10,809,main_b1000_cifar10_alexnet_GEN_kp10_seed42,0.1,0.7814,89,False,0.1,alexnet,True,400,200,1,0.7864,795,3,0.7864,797,5,0,8,0.1,CIFAR10_alexnet_GEN_accuracy_kp1000_seed42,42,4000,809,42,accuracy,100042,0.7814,3,0.6445276376724243,5.5758213847875595,10,0.6445276376724243,valid,0.7812463316460011,0.7836436210172935,0.7814,100042
GEN,0.7864,170,170,offspring,0,0,CIFAR10,810,main_b1000_cifar10_alexnet_GEN_kp10_seed42,0.1,0.7864,89,False,0.1,alexnet,False,0,0,2,0.7864,795,3,0.7864,797,5,0,9,0.1,CIFAR10_alexnet_GEN_accuracy_kp1000_seed42,42,4000,810,42,accuracy,100042,0.7864,5,0.652364189529419,5.553505092859268,10,0.652364189529419,valid,0.7862098302333279,0.7874840451620112,0.7864000000000001,100042
GEN,0.7864,170,170,offspring,0,0,CIFAR10,811,main_b1000_cifar10_alexnet_GEN_kp10_seed42,0.1,0.7864,89,False,0.1,alexnet,False,0,0,1,0.7864,795,3,0.7864,802,10,0,10,0.1,CIFAR10_alexnet_GEN_accuracy_kp1000_seed42,42,4000,811,42,accuracy,100042,0.7864,5,0.652364189529419,5.570388644933701,10,0.652364189529419,valid,0.7862098302333279,0.7874840451620112,0.7864000000000001,100042
GEN,0.7864,170,170,offspring,0,0,CIFAR10,812,main_b1000_cifar10_alexnet_GEN_kp10_seed42,0.1,0.7864,90,False,0.1,alexnet,False,0,0,1,0.7864,170,1,0.7864,803,2,0,2,0.1,CIFAR10_alexnet_GEN_accuracy_kp1000_seed42,42,4000,812,42,accuracy,100042,0.7864,5,0.652364189529419,5.548104800283909,10,0.652364189529419,valid,0.7862098302333279,0.7874840451620112,0.7864000000000001,100042
GEN,0.7864,170,170,offspring,0,0,CIFAR10,813,main_b1000_cifar10_alexnet_GEN_kp10_seed42,0.1,0.7864,90,False,0.1,alexnet,False,0,0,2,0.7864,170,1,0.7864,803,2,0,3,0.1,CIFAR10_alexnet_GEN_accuracy_kp1000_seed42,42,4000,813,42,accuracy,100042,0.7864,5,0.652364189529419,5.538010381162167,10,0.652364189529419,valid,0.7862098302333279,0.7874840451620112,0.7864000000000001,100042
GEN,0.7864,170,170,offspring,0,0,CIFAR10,814,main_b1000_cifar10_alexnet_GEN_kp10_seed42,0.1,0.7864,90,False,0.1,alexnet,False,0,0,1,0.7864,804,3,0.7864,805,4,0,4,0.1,CIFAR10_alexnet_GEN_accuracy_kp1000_seed42,42,4000,814,42,accuracy,100042,0.7864,5,0.652364189529419,5.5795678794384,10,0.652364189529419,valid,0.7862098302333279,0.7874840451620112,0.7864000000000001,100042
GEN,0.7864,170,170,offspring,0,0,CIFAR10,815,main_b1000_cifar10_alexnet_GEN_kp10_seed42,0.1,0.7864,90,False,0.1,alexnet,False,0,0,2,0.7864,804,3,0.7864,805,4,0,5,0.1,CIFAR10_alexnet_GEN_accuracy_kp1000_seed42,42,4000,815,42,accuracy,100042,0.7864,5,0.652364189529419,5.586414650082588,10,0.652364189529419,valid,0.7862098302333279,0.7874840451620112,0.7864000000000001,100042
GEN,0.7864,170,170,offspring,0,0,CIFAR10,816,main_b1000_cifar10_alexnet_GEN_kp10_seed42,0.1,0.7864,90,False,0.1,alexnet,False,0,0,1,0.7864,804,3,0.7864,811,10,0,6,0.1,CIFAR10_alexnet_GEN_accuracy_kp1000_seed42,42,4000,816,42,accuracy,100042,0.7864,5,0.652364189529419,5.625038020312786,10,0.652364189529419,valid,0.7862098302333279,0.7874840451620112,0.7864000000000001,100042
GEN,0.7864,170,170,offspring,0,0,CIFAR10,817,main_b1000_cifar10_alexnet_GEN_kp10_seed42,0.1,0.7845,90,False,0.1,alexnet,True,400,200,2,0.7864,804,3,0.7864,811,10,0,7,0.1,CIFAR10_alexnet_GEN_accuracy_kp1000_seed42,42,4000,817,42,accuracy,100042,0.7845,6,0.6571293776512146,5.617372669279575,10,0.6571293776512146,valid,0.7846733445931326,0.7880289305496885,0.7845,100042
GEN,0.7864,170,170,offspring,0,0,CIFAR10,818,main_b1000_cifar10_alexnet_GEN_kp10_seed42,0.1,0.7864,90,False,0.1,alexnet,False,0,0,1,0.7864,803,2,0.7864,807,6,0,8,0.1,CIFAR10_alexnet_GEN_accuracy_kp1000_seed42,42,4000,818,42,accuracy,100042,0.7864,5,0.652364189529419,5.558358296751976,10,0.652364189529419,valid,0.7862098302333279,0.7874840451620112,0.7864000000000001,100042
GEN,0.7864,170,170,offspring,0,0,CIFAR10,819,main_b1000_cifar10_alexnet_GEN_kp10_seed42,0.1,0.7864,90,False,0.1,alexnet,False,0,0,2,0.7864,803,2,0.7864,807,6,0,9,0.1,CIFAR10_alexnet_GEN_accuracy_kp1000_seed42,42,4000,819,42,accuracy,100042,0.7864,5,0.652364189529419,5.510921858251095,10,0.652364189529419,valid,0.7862098302333279,0.7874840451620112,0.7864000000000001,100042
GEN,0.7864,170,170,offspring,0,0,CIFAR10,820,main_b1000_cifar10_alexnet_GEN_kp10_seed42,0.1,0.7864,90,False,0.1,alexnet,False,0,0,1,0.7864,805,4,0.7864,811,10,0,10,0.1,CIFAR10_alexnet_GEN_accuracy_kp1000_seed42,42,4000,820,42,accuracy,100042,0.7864,5,0.652364189529419,5.6009193658828735,10,0.652364189529419,valid,0.7862098302333279,0.7874840451620112,0.7864000000000001,100042
GEN,0.7864,170,170,offspring,0,0,CIFAR10,821,main_b1000_cifar10_alexnet_GEN_kp10_seed42,0.1,0.7864,91,False,0.1,alexnet,False,0,0,1,0.7864,815,5,0.7864,820,10,0,2,0.1,CIFAR10_alexnet_GEN_accuracy_kp1000_seed42,42,4000,821,42,accuracy,100042,0.7864,5,0.652364189529419,5.573255680501461,10,0.652364189529419,valid,0.7862098302333279,0.7874840451620112,0.7864000000000001,100042
GEN,0.7864,170,170,offspring,0,0,CIFAR10,822,main_b1000_cifar10_alexnet_GEN_kp10_seed42,0.1,0.7864,91,False,0.1,alexnet,False,0,0,2,0.7864,815,5,0.7864,820,10,0,3,0.1,CIFAR10_alexnet_GEN_accuracy_kp1000_seed42,42,4000,822,42,accuracy,100042,0.7864,5,0.652364189529419,5.562265172600746,10,0.652364189529419,valid,0.7862098302333279,0.7874840451620112,0.7864000000000001,100042
GEN,0.7864,170,170,offspring,0,0,CIFAR10,823,main_b1000_cifar10_alexnet_GEN_kp10_seed42,0.1,0.7864,91,False,0.1,alexnet,False,0,0,1,0.7864,820,10,0.7864,814,4,0,4,0.1,CIFAR10_alexnet_GEN_accuracy_kp1000_seed42,42,4000,823,42,accuracy,100042,0.7864,5,0.652364189529419,5.556297563016415,10,0.652364189529419,valid,0.7862098302333279,0.7874840451620112,0.7864000000000001,100042
GEN,0.7864,170,170,offspring,0,0,CIFAR10,824,main_b1000_cifar10_alexnet_GEN_kp10_seed42,0.1,0.7852,91,False,0.1,alexnet,True,400,200,2,0.7864,820,10,0.7864,814,4,0,5,0.1,CIFAR10_alexnet_GEN_accuracy_kp1000_seed42,42,4000,824,42,accuracy,100042,0.7852,4,0.6501395415782929,5.559975564479828,10,0.6501395415782929,valid,0.7857164331265039,0.7897522520716257,0.7852,100042
GEN,0.7864,170,170,offspring,0,0,CIFAR10,825,main_b1000_cifar10_alexnet_GEN_kp10_seed42,0.1,0.7864,91,False,0.1,alexnet,False,0,0,1,0.7864,170,1,0.7864,815,5,0,6,0.1,CIFAR10_alexnet_GEN_accuracy_kp1000_seed42,42,4000,825,42,accuracy,100042,0.7864,5,0.652364189529419,5.571108512580395,10,0.652364189529419,valid,0.7862098302333279,0.7874840451620112,0.7864000000000001,100042
GEN,0.7864,170,170,offspring,0,0,CIFAR10,826,main_b1000_cifar10_alexnet_GEN_kp10_seed42,0.1,0.7864,91,False,0.1,alexnet,False,0,0,2,0.7864,170,1,0.7864,815,5,0,7,0.1,CIFAR10_alexnet_GEN_accuracy_kp1000_seed42,42,4000,826,42,accuracy,100042,0.7864,5,0.652364189529419,5.617448516190052,10,0.652364189529419,valid,0.7862098302333279,0.7874840451620112,0.7864000000000001,100042
GEN,0.7864,170,170,offspring,0,0,CIFAR10,827,main_b1000_cifar10_alexnet_GEN_kp10_seed42,0.1,0.7864,91,False,0.1,alexnet,False,0,0,1,0.7864,820,10,0.7864,814,4,0,8,0.1,CIFAR10_alexnet_GEN_accuracy_kp1000_seed42,42,4000,827,42,accuracy,100042,0.7864,5,0.652364189529419,5.596485078334808,10,0.652364189529419,valid,0.7862098302333279,0.7874840451620112,0.7864000000000001,100042
GEN,0.7864,170,170,offspring,0,0,CIFAR10,828,main_b1000_cifar10_alexnet_GEN_kp10_seed42,0.1,0.7864,91,False,0.1,alexnet,False,0,0,2,0.7864,820,10,0.7864,814,4,0,9,0.1,CIFAR10_alexnet_GEN_accuracy_kp1000_seed42,42,4000,828,42,accuracy,100042,0.7864,5,0.652364189529419,5.563816763460636,10,0.652364189529419,valid,0.7862098302333279,0.7874840451620112,0.7864000000000001,100042
GEN,0.7864,170,170,offspring,0,0,CIFAR10,829,main_b1000_cifar10_alexnet_GEN_kp10_seed42,0.1,0.7864,91,False,0.1,alexnet,False,0,0,1,0.7864,812,2,0.7864,814,4,0,10,0.1,CIFAR10_alexnet_GEN_accuracy_kp1000_seed42,42,4000,829,42,accuracy,100042,0.7864,5,0.652364189529419,5.5891264751553535,10,0.652364189529419,valid,0.7862098302333279,0.7874840451620112,0.7864000000000001,100042
GEN,0.7864,170,170,offspring,0,0,CIFAR10,830,main_b1000_cifar10_alexnet_GEN_kp10_seed42,0.1,0.7864,92,False,0.1,alexnet,False,0,0,1,0.7864,826,7,0.7864,825,6,0,2,0.1,CIFAR10_alexnet_GEN_accuracy_kp1000_seed42,42,4000,830,42,accuracy,100042,0.7864,5,0.652364189529419,5.576835103332996,10,0.652364189529419,valid,0.7862098302333279,0.7874840451620112,0.7864000000000001,100042
GEN,0.7864,170,170,offspring,0,0,CIFAR10,831,main_b1000_cifar10_alexnet_GEN_kp10_seed42,0.1,0.7864,92,False,0.1,alexnet,False,0,0,2,0.7864,826,7,0.7864,825,6,0,3,0.1,CIFAR10_alexnet_GEN_accuracy_kp1000_seed42,42,4000,831,42,accuracy,100042,0.7864,5,0.652364189529419,5.591418042778969,10,0.652364189529419,valid,0.7862098302333279,0.7874840451620112,0.7864000000000001,100042
GEN,0.7864,170,170,offspring,0,0,CIFAR10,832,main_b1000_cifar10_alexnet_GEN_kp10_seed42,0.1,0.7864,92,False,0.1,alexnet,False,0,0,1,0.7864,825,6,0.7864,828,9,0,4,0.1,CIFAR10_alexnet_GEN_accuracy_kp1000_seed42,42,4000,832,42,accuracy,100042,0.7864,5,0.652364189529419,5.580294482409954,10,0.652364189529419,valid,0.7862098302333279,0.7874840451620112,0.7864000000000001,100042
GEN,0.7864,170,170,offspring,0,0,CIFAR10,833,main_b1000_cifar10_alexnet_GEN_kp10_seed42,0.1,0.7864,92,False,0.1,alexnet,False,0,0,2,0.7864,825,6,0.7864,828,9,0,5,0.1,CIFAR10_alexnet_GEN_accuracy_kp1000_seed42,42,4000,833,42,accuracy,100042,0.7864,5,0.652364189529419,5.57829599827528,10,0.652364189529419,valid,0.7862098302333279,0.7874840451620112,0.7864000000000001,100042
GEN,0.7864,170,170,offspring,0,0,CIFAR10,834,main_b1000_cifar10_alexnet_GEN_kp10_seed42,0.1,0.7864,92,False,0.1,alexnet,False,0,0,1,0.7864,827,8,0.7864,822,3,0,6,0.1,CIFAR10_alexnet_GEN_accuracy_kp1000_seed42,42,4000,834,42,accuracy,100042,0.7864,5,0.652364189529419,5.598198771476746,10,0.652364189529419,valid,0.7862098302333279,0.7874840451620112,0.7864000000000001,100042
GEN,0.7864,170,170,offspring,0,0,CIFAR10,835,main_b1000_cifar10_alexnet_GEN_kp10_seed42,0.1,0.7864,92,False,0.1,alexnet,False,0,0,2,0.7864,827,8,0.7864,822,3,0,7,0.1,CIFAR10_alexnet_GEN_accuracy_kp1000_seed42,42,4000,835,42,accuracy,100042,0.7864,5,0.652364189529419,5.621490404009819,10,0.652364189529419,valid,0.7862098302333279,0.7874840451620112,0.7864000000000001,100042
GEN,0.7864,170,170,offspring,0,0,CIFAR10,836,main_b1000_cifar10_alexnet_GEN_kp10_seed42,0.1,0.7864,92,False,0.1,alexnet,False,0,0,1,0.7864,827,8,0.7864,821,2,0,8,0.1,CIFAR10_alexnet_GEN_accuracy_kp1000_seed42,42,4000,836,42,accuracy,100042,0.7864,5,0.652364189529419,5.610365562140942,10,0.652364189529419,valid,0.7862098302333279,0.7874840451620112,0.7864000000000001,100042
GEN,0.7864,170,170,offspring,0,0,CIFAR10,837,main_b1000_cifar10_alexnet_GEN_kp10_seed42,0.1,0.7864,92,False,0.1,alexnet,False,0,0,2,0.7864,827,8,0.7864,821,2,0,9,0.1,CIFAR10_alexnet_GEN_accuracy_kp1000_seed42,42,4000,837,42,accuracy,100042,0.7864,5,0.652364189529419,5.61814571171999,10,0.652364189529419,valid,0.7862098302333279,0.7874840451620112,0.7864000000000001,100042
GEN,0.7864,170,170,offspring,0,0,CIFAR10,838,main_b1000_cifar10_alexnet_GEN_kp10_seed42,0.1,0.7864,92,False,0.1,alexnet,False,0,0,1,0.7864,828,9,0.7864,826,7,0,10,0.1,CIFAR10_alexnet_GEN_accuracy_kp1000_seed42,42,4000,838,42,accuracy,100042,0.7864,5,0.652364189529419,5.555601574480534,10,0.652364189529419,valid,0.7862098302333279,0.7874840451620112,0.7864000000000001,100042
GEN,0.7864,170,170,offspring,0,0,CIFAR10,839,main_b1000_cifar10_alexnet_GEN_kp10_seed42,0.1,0.7864,93,False,0.1,alexnet,False,0,0,1,0.7864,836,8,0.7864,831,3,0,2,0.1,CIFAR10_alexnet_GEN_accuracy_kp1000_seed42,42,4000,839,42,accuracy,100042,0.7864,5,0.652364189529419,5.551232621073723,10,0.652364189529419,valid,0.7862098302333279,0.7874840451620112,0.7864000000000001,100042
GEN,0.7864,170,170,offspring,0,0,CIFAR10,840,main_b1000_cifar10_alexnet_GEN_kp10_seed42,0.1,0.7747,93,False,0.1,alexnet,True,400,200,2,0.7864,836,8,0.7864,831,3,0,3,0.1,CIFAR10_alexnet_GEN_accuracy_kp1000_seed42,42,4000,840,42,accuracy,100042,0.7747,3,0.6610302995204925,5.651921279728413,10,0.6610302995204925,valid,0.7745889556344415,0.7824498670737532,0.7746999999999999,100042
GEN,0.7864,170,170,offspring,0,0,CIFAR10,841,main_b1000_cifar10_alexnet_GEN_kp10_seed42,0.1,0.7797,93,False,0.1,alexnet,True,400,200,1,0.7864,170,1,0.7864,833,5,0,4,0.1,CIFAR10_alexnet_GEN_accuracy_kp1000_seed42,42,4000,841,42,accuracy,100042,0.7797,5,0.6598965078830719,5.5807803720235825,10,0.6598965078830719,valid,0.7797920858944152,0.782247945146729,0.7797000000000001,100042
GEN,0.7864,170,170,offspring,0,0,CIFAR10,842,main_b1000_cifar10_alexnet_GEN_kp10_seed42,0.1,0.7864,93,False,0.1,alexnet,False,0,0,2,0.7864,170,1,0.7864,833,5,0,5,0.1,CIFAR10_alexnet_GEN_accuracy_kp1000_seed42,42,4000,842,42,accuracy,100042,0.7864,5,0.652364189529419,5.584379218518734,10,0.652364189529419,valid,0.7862098302333279,0.7874840451620112,0.7864000000000001,100042
GEN,0.7864,170,170,offspring,0,0,CIFAR10,843,main_b1000_cifar10_alexnet_GEN_kp10_seed42,0.1,0.7864,93,False,0.1,alexnet,False,0,0,1,0.7864,834,6,0.7864,836,8,0,6,0.1,CIFAR10_alexnet_GEN_accuracy_kp1000_seed42,42,4000,843,42,accuracy,100042,0.7864,5,0.652364189529419,5.57266004383564,10,0.652364189529419,valid,0.7862098302333279,0.7874840451620112,0.7864000000000001,100042
GEN,0.7864,170,170,offspring,0,0,CIFAR10,844,main_b1000_cifar10_alexnet_GEN_kp10_seed42,0.1,0.7864,93,False,0.1,alexnet,False,0,0,2,0.7864,834,6,0.7864,836,8,0,7,0.1,CIFAR10_alexnet_GEN_accuracy_kp1000_seed42,42,4000,844,42,accuracy,100042,0.7864,5,0.652364189529419,5.585051104426384,10,0.652364189529419,valid,0.7862098302333279,0.7874840451620112,0.7864000000000001,100042
GEN,0.7864,170,170,offspring,0,0,CIFAR10,845,main_b1000_cifar10_alexnet_GEN_kp10_seed42,0.1,0.7864,93,False,0.1,alexnet,False,0,0,1,0.7864,170,1,0.7864,830,2,0,8,0.1,CIFAR10_alexnet_GEN_accuracy_kp1000_seed42,42,4000,845,42,accuracy,100042,0.7864,5,0.652364189529419,5.809646770358086,10,0.652364189529419,valid,0.7862098302333279,0.7874840451620112,0.7864000000000001,100042
GEN,0.7864,170,170,offspring,0,0,CIFAR10,846,main_b1000_cifar10_alexnet_GEN_kp10_seed42,0.1,0.7864,93,False,0.1,alexnet,False,0,0,2,0.7864,170,1,0.7864,830,2,0,9,0.1,CIFAR10_alexnet_GEN_accuracy_kp1000_seed42,42,4000,846,42,accuracy,100042,0.7864,5,0.652364189529419,5.7003274485468864,10,0.652364189529419,valid,0.7862098302333279,0.7874840451620112,0.7864000000000001,100042
GEN,0.7864,170,170,offspring,0,0,CIFAR10,847,main_b1000_cifar10_alexnet_GEN_kp10_seed42,0.1,0.7864,93,False,0.1,alexnet,False,0,0,1,0.7864,831,3,0.7864,832,4,0,10,0.1,CIFAR10_alexnet_GEN_accuracy_kp1000_seed42,42,4000,847,42,accuracy,100042,0.7864,5,0.652364189529419,5.644123367965221,10,0.652364189529419,valid,0.7862098302333279,0.7874840451620112,0.7864000000000001,100042
GEN,0.7864,170,170,offspring,0,0,CIFAR10,848,main_b1000_cifar10_alexnet_GEN_kp10_seed42,0.1,0.7864,94,False,0.1,alexnet,False,0,0,1,0.7864,842,5,0.7864,847,10,0,2,0.1,CIFAR10_alexnet_GEN_accuracy_kp1000_seed42,42,4000,848,42,accuracy,100042,0.7864,5,0.652364189529419,5.584440626204014,10,0.652364189529419,valid,0.7862098302333279,0.7874840451620112,0.7864000000000001,100042
GEN,0.7864,170,170,offspring,0,0,CIFAR10,849,main_b1000_cifar10_alexnet_GEN_kp10_seed42,0.1,0.7864,94,False,0.1,alexnet,False,0,0,2,0.7864,842,5,0.7864,847,10,0,3,0.1,CIFAR10_alexnet_GEN_accuracy_kp1000_seed42,42,4000,849,42,accuracy,100042,0.7864,5,0.652364189529419,5.609041236341,10,0.652364189529419,valid,0.7862098302333279,0.7874840451620112,0.7864000000000001,100042
GEN,0.7864,170,170,offspring,0,0,CIFAR10,850,main_b1000_cifar10_alexnet_GEN_kp10_seed42,0.1,0.7864,94,False,0.1,alexnet,False,0,0,1,0.7864,845,8,0.7864,844,7,0,4,0.1,CIFAR10_alexnet_GEN_accuracy_kp1000_seed42,42,4000,850,42,accuracy,100042,0.7864,5,0.652364189529419,5.6524104699492455,10,0.652364189529419,valid,0.7862098302333279,0.7874840451620112,0.7864000000000001,100042
GEN,0.7864,170,170,offspring,0,0,CIFAR10,851,main_b1000_cifar10_alexnet_GEN_kp10_seed42,0.1,0.7864,94,False,0.1,alexnet,False,0,0,2,0.7864,845,8,0.7864,844,7,0,5,0.1,CIFAR10_alexnet_GEN_accuracy_kp1000_seed42,42,4000,851,42,accuracy,100042,0.7864,5,0.652364189529419,5.562967576086521,10,0.652364189529419,valid,0.7862098302333279,0.7874840451620112,0.7864000000000001,100042
GEN,0.7864,170,170,offspring,0,0,CIFAR10,852,main_b1000_cifar10_alexnet_GEN_kp10_seed42,0.1,0.7864,94,False,0.1,alexnet,False,0,0,1,0.7864,839,2,0.7864,170,1,0,6,0.1,CIFAR10_alexnet_GEN_accuracy_kp1000_seed42,42,4000,852,42,accuracy,100042,0.7864,5,0.652364189529419,5.550606265664101,10,0.652364189529419,valid,0.7862098302333279,0.7874840451620112,0.7864000000000001,100042
GEN,0.7864,170,170,offspring,0,0,CIFAR10,853,main_b1000_cifar10_alexnet_GEN_kp10_seed42,0.1,0.7864,94,False,0.1,alexnet,False,0,0,2,0.7864,839,2,0.7864,170,1,0,7,0.1,CIFAR10_alexnet_GEN_accuracy_kp1000_seed42,42,4000,853,42,accuracy,100042,0.7864,5,0.652364189529419,5.581507258117199,10,0.652364189529419,valid,0.7862098302333279,0.7874840451620112,0.7864000000000001,100042
GEN,0.7864,170,170,offspring,0,0,CIFAR10,854,main_b1000_cifar10_alexnet_GEN_kp10_seed42,0.1,0.7864,94,False,0.1,alexnet,False,0,0,1,0.7864,843,6,0.7864,846,9,0,8,0.1,CIFAR10_alexnet_GEN_accuracy_kp1000_seed42,42,4000,854,42,accuracy,100042,0.7864,5,0.652364189529419,5.58529145270586,10,0.652364189529419,valid,0.7862098302333279,0.7874840451620112,0.7864000000000001,100042
GEN,0.7864,170,170,offspring,0,0,CIFAR10,855,main_b1000_cifar10_alexnet_GEN_kp10_seed42,0.1,0.7864,94,False,0.1,alexnet,False,0,0,2,0.7864,843,6,0.7864,846,9,0,9,0.1,CIFAR10_alexnet_GEN_accuracy_kp1000_seed42,42,4000,855,42,accuracy,100042,0.7864,5,0.652364189529419,5.619983144104481,10,0.652364189529419,valid,0.7862098302333279,0.7874840451620112,0.7864000000000001,100042
GEN,0.7864,170,170,offspring,0,0,CIFAR10,856,main_b1000_cifar10_alexnet_GEN_kp10_seed42,0.1,0.7864,94,False,0.1,alexnet,False,0,0,1,0.7864,843,6,0.7864,839,2,0,10,0.1,CIFAR10_alexnet_GEN_accuracy_kp1000_seed42,42,4000,856,42,accuracy,100042,0.7864,5,0.652364189529419,5.624287895858288,10,0.652364189529419,valid,0.7862098302333279,0.7874840451620112,0.7864000000000001,100042
GEN,0.7864,170,170,offspring,0,0,CIFAR10,857,main_b1000_cifar10_alexnet_GEN_kp10_seed42,0.1,0.775,95,False,0.1,alexnet,True,400,200,1,0.7864,848,2,0.7864,854,8,0,2,0.1,CIFAR10_alexnet_GEN_accuracy_kp1000_seed42,42,4000,857,42,accuracy,100042,0.775,4,0.6582137401580811,5.620135180652142,10,0.6582137401580811,valid,0.7740307292384652,0.7795821516228074,0.775,100042
GEN,0.7864,170,170,offspring,0,0,CIFAR10,858,main_b1000_cifar10_alexnet_GEN_kp10_seed42,0.1,0.7864,95,False,0.1,alexnet,False,0,0,2,0.7864,848,2,0.7864,854,8,0,3,0.1,CIFAR10_alexnet_GEN_accuracy_kp1000_seed42,42,4000,858,42,accuracy,100042,0.7864,5,0.652364189529419,5.547426328063011,10,0.652364189529419,valid,0.7862098302333279,0.7874840451620112,0.7864000000000001,100042
GEN,0.7864,170,170,offspring,0,0,CIFAR10,859,main_b1000_cifar10_alexnet_GEN_kp10_seed42,0.1,0.7864,95,False,0.1,alexnet,False,0,0,1,0.7864,170,1,0.7864,848,2,0,4,0.1,CIFAR10_alexnet_GEN_accuracy_kp1000_seed42,42,4000,859,42,accuracy,100042,0.7864,5,0.652364189529419,5.56754843890667,10,0.652364189529419,valid,0.7862098302333279,0.7874840451620112,0.7864000000000001,100042
GEN,0.7864,170,170,offspring,0,0,CIFAR10,860,main_b1000_cifar10_alexnet_GEN_kp10_seed42,0.1,0.7693,95,False,0.1,alexnet,True,400,200,2,0.7864,170,1,0.7864,848,2,0,5,0.1,CIFAR10_alexnet_GEN_accuracy_kp1000_seed42,42,4000,860,42,accuracy,100042,0.7693,2,0.6605532961845398,5.562467955052853,10,0.6605532961845398,valid,0.7715205455428384,0.7793442487848412,0.7693,100042
GEN,0.7864,170,170,offspring,0,0,CIFAR10,861,main_b1000_cifar10_alexnet_GEN_kp10_seed42,0.1,0.7864,95,False,0.1,alexnet,False,0,0,1,0.7864,848,2,0.7864,170,1,0,6,0.1,CIFAR10_alexnet_GEN_accuracy_kp1000_seed42,42,4000,861,42,accuracy,100042,0.7864,5,0.652364189529419,5.553147867321968,10,0.652364189529419,valid,0.7862098302333279,0.7874840451620112,0.7864000000000001,100042
GEN,0.7864,170,170,offspring,0,0,CIFAR10,862,main_b1000_cifar10_alexnet_GEN_kp10_seed42,0.1,0.7864,95,False,0.1,alexnet,False,0,0,2,0.7864,848,2,0.7864,170,1,0,7,0.1,CIFAR10_alexnet_GEN_accuracy_kp1000_seed42,42,4000,862,42,accuracy,100042,0.7864,5,0.652364189529419,5.563524216413498,10,0.652364189529419,valid,0.7862098302333279,0.7874840451620112,0.7864000000000001,100042
GEN,0.7864,170,170,offspring,0,0,CIFAR10,863,main_b1000_cifar10_alexnet_GEN_kp10_seed42,0.1,0.7864,95,False,0.1,alexnet,False,0,0,1,0.7864,851,5,0.7864,856,10,0,8,0.1,CIFAR10_alexnet_GEN_accuracy_kp1000_seed42,42,4000,863,42,accuracy,100042,0.7864,5,0.652364189529419,5.55975665897131,10,0.652364189529419,valid,0.7862098302333279,0.7874840451620112,0.7864000000000001,100042
GEN,0.7864,170,170,offspring,0,0,CIFAR10,864,main_b1000_cifar10_alexnet_GEN_kp10_seed42,0.1,0.7864,95,False,0.1,alexnet,False,0,0,2,0.7864,851,5,0.7864,856,10,0,9,0.1,CIFAR10_alexnet_GEN_accuracy_kp1000_seed42,42,4000,864,42,accuracy,100042,0.7864,5,0.652364189529419,5.553254850208759,10,0.652364189529419,valid,0.7862098302333279,0.7874840451620112,0.7864000000000001,100042
GEN,0.7864,170,170,offspring,0,0,CIFAR10,865,main_b1000_cifar10_alexnet_GEN_kp10_seed42,0.1,0.7864,95,False,0.1,alexnet,False,0,0,1,0.7864,856,10,0.7864,855,9,0,10,0.1,CIFAR10_alexnet_GEN_accuracy_kp1000_seed42,42,4000,865,42,accuracy,100042,0.7864,5,0.652364189529419,5.597936846315861,10,0.652364189529419,valid,0.7862098302333279,0.7874840451620112,0.7864000000000001,100042
GEN,0.7864,170,170,offspring,0,0,CIFAR10,866,main_b1000_cifar10_alexnet_GEN_kp10_seed42,0.1,0.7844,96,False,0.1,alexnet,True,400,200,1,0.7864,859,4,0.7864,861,6,0,2,0.1,CIFAR10_alexnet_GEN_accuracy_kp1000_seed42,42,4000,866,42,accuracy,100042,0.7844,6,0.6580151698112487,5.594833269715309,10,0.6580151698112487,valid,0.7842056427057867,0.7851814486090494,0.7844,100042
GEN,0.7864,170,170,offspring,0,0,CIFAR10,867,main_b1000_cifar10_alexnet_GEN_kp10_seed42,0.1,0.7864,96,False,0.1,alexnet,False,0,0,2,0.7864,859,4,0.7864,861,6,0,3,0.1,CIFAR10_alexnet_GEN_accuracy_kp1000_seed42,42,4000,867,42,accuracy,100042,0.7864,5,0.652364189529419,5.614756725728512,10,0.652364189529419,valid,0.7862098302333279,0.7874840451620112,0.7864000000000001,100042
GEN,0.7864,170,170,offspring,0,0,CIFAR10,868,main_b1000_cifar10_alexnet_GEN_kp10_seed42,0.1,0.7864,96,False,0.1,alexnet,False,0,0,1,0.7864,861,6,0.7864,865,10,0,4,0.1,CIFAR10_alexnet_GEN_accuracy_kp1000_seed42,42,4000,868,42,accuracy,100042,0.7864,5,0.652364189529419,5.632618643343449,10,0.652364189529419,valid,0.7862098302333279,0.7874840451620112,0.7864000000000001,100042
GEN,0.7864,170,170,offspring,0,0,CIFAR10,869,main_b1000_cifar10_alexnet_GEN_kp10_seed42,0.1,0.7864,96,False,0.1,alexnet,False,0,0,2,0.7864,861,6,0.7864,865,10,0,5,0.1,CIFAR10_alexnet_GEN_accuracy_kp1000_seed42,42,4000,869,42,accuracy,100042,0.7864,5,0.652364189529419,5.553137220442295,10,0.652364189529419,valid,0.7862098302333279,0.7874840451620112,0.7864000000000001,100042
GEN,0.7864,170,170,offspring,0,0,CIFAR10,870,main_b1000_cifar10_alexnet_GEN_kp10_seed42,0.1,0.7864,96,False,0.1,alexnet,False,0,0,1,0.7864,865,10,0.7864,861,6,0,6,0.1,CIFAR10_alexnet_GEN_accuracy_kp1000_seed42,42,4000,870,42,accuracy,100042,0.7864,5,0.652364189529419,5.573460929095745,10,0.652364189529419,valid,0.7862098302333279,0.7874840451620112,0.7864000000000001,100042
GEN,0.7864,170,170,offspring,0,0,CIFAR10,871,main_b1000_cifar10_alexnet_GEN_kp10_seed42,0.1,0.7864,96,False,0.1,alexnet,False,0,0,2,0.7864,865,10,0.7864,861,6,0,7,0.1,CIFAR10_alexnet_GEN_accuracy_kp1000_seed42,42,4000,871,42,accuracy,100042,0.7864,5,0.652364189529419,5.616215728223324,10,0.652364189529419,valid,0.7862098302333279,0.7874840451620112,0.7864000000000001,100042
GEN,0.7864,170,170,offspring,0,0,CIFAR10,872,main_b1000_cifar10_alexnet_GEN_kp10_seed42,0.1,0.7864,96,False,0.1,alexnet,False,0,0,1,0.7864,861,6,0.7864,865,10,0,8,0.1,CIFAR10_alexnet_GEN_accuracy_kp1000_seed42,42,4000,872,42,accuracy,100042,0.7864,5,0.652364189529419,5.5946155190467834,10,0.652364189529419,valid,0.7862098302333279,0.7874840451620112,0.7864000000000001,100042
GEN,0.7864,170,170,offspring,0,0,CIFAR10,873,main_b1000_cifar10_alexnet_GEN_kp10_seed42,0.1,0.7864,96,False,0.1,alexnet,False,0,0,2,0.7864,861,6,0.7864,865,10,0,9,0.1,CIFAR10_alexnet_GEN_accuracy_kp1000_seed42,42,4000,873,42,accuracy,100042,0.7864,5,0.652364189529419,5.588441275060177,10,0.652364189529419,valid,0.7862098302333279,0.7874840451620112,0.7864000000000001,100042
GEN,0.7864,170,170,offspring,0,0,CIFAR10,874,main_b1000_cifar10_alexnet_GEN_kp10_seed42,0.1,0.7864,96,False,0.1,alexnet,False,0,0,1,0.7864,858,3,0.7864,861,6,0,10,0.1,CIFAR10_alexnet_GEN_accuracy_kp1000_seed42,42,4000,874,42,accuracy,100042,0.7864,5,0.652364189529419,5.6019346341490746,10,0.652364189529419,valid,0.7862098302333279,0.7874840451620112,0.7864000000000001,100042
GEN,0.7864,170,170,offspring,0,0,CIFAR10,875,main_b1000_cifar10_alexnet_GEN_kp10_seed42,0.1,0.7864,97,False,0.1,alexnet,False,0,0,1,0.7864,871,7,0.7864,870,6,0,2,0.1,CIFAR10_alexnet_GEN_accuracy_kp1000_seed42,42,4000,875,42,accuracy,100042,0.7864,5,0.652364189529419,5.569458246231079,10,0.652364189529419,valid,0.7862098302333279,0.7874840451620112,0.7864000000000001,100042
GEN,0.7864,170,170,offspring,0,0,CIFAR10,876,main_b1000_cifar10_alexnet_GEN_kp10_seed42,0.1,0.7864,97,False,0.1,alexnet,False,0,0,2,0.7864,871,7,0.7864,870,6,0,3,0.1,CIFAR10_alexnet_GEN_accuracy_kp1000_seed42,42,4000,876,42,accuracy,100042,0.7864,5,0.652364189529419,5.620920971035957,10,0.652364189529419,valid,0.7862098302333279,0.7874840451620112,0.7864000000000001,100042
GEN,0.7864,170,170,offspring,0,0,CIFAR10,877,main_b1000_cifar10_alexnet_GEN_kp10_seed42,0.1,0.7864,97,False,0.1,alexnet,False,0,0,1,0.7864,873,9,0.7864,170,1,0,4,0.1,CIFAR10_alexnet_GEN_accuracy_kp1000_seed42,42,4000,877,42,accuracy,100042,0.7864,5,0.652364189529419,5.609350331127644,10,0.652364189529419,valid,0.7862098302333279,0.7874840451620112,0.7864000000000001,100042
GEN,0.7864,170,170,offspring,0,0,CIFAR10,878,main_b1000_cifar10_alexnet_GEN_kp10_seed42,0.1,0.782,97,False,0.1,alexnet,True,400,200,2,0.7864,873,9,0.7864,170,1,0,5,0.1,CIFAR10_alexnet_GEN_accuracy_kp1000_seed42,42,4000,878,42,accuracy,100042,0.782,4,0.6479293099403381,5.634064666926861,10,0.6479293099403381,valid,0.7808552512205188,0.782246636619576,0.7819999999999999,100042
GEN,0.7864,170,170,offspring,0,0,CIFAR10,879,main_b1000_cifar10_alexnet_GEN_kp10_seed42,0.1,0.7864,97,False,0.1,alexnet,False,0,0,1,0.7864,870,6,0.7864,869,5,0,6,0.1,CIFAR10_alexnet_GEN_accuracy_kp1000_seed42,42,4000,879,42,accuracy,100042,0.7864,5,0.652364189529419,5.5975452065467834,10,0.652364189529419,valid,0.7862098302333279,0.7874840451620112,0.7864000000000001,100042
GEN,0.7864,170,170,offspring,0,0,CIFAR10,880,main_b1000_cifar10_alexnet_GEN_kp10_seed42,0.1,0.7864,97,False,0.1,alexnet,False,0,0,2,0.7864,870,6,0.7864,869,5,0,7,0.1,CIFAR10_alexnet_GEN_accuracy_kp1000_seed42,42,4000,880,42,accuracy,100042,0.7864,5,0.652364189529419,5.579101391136646,10,0.652364189529419,valid,0.7862098302333279,0.7874840451620112,0.7864000000000001,100042
GEN,0.7864,170,170,offspring,0,0,CIFAR10,881,main_b1000_cifar10_alexnet_GEN_kp10_seed42,0.1,0.7864,97,False,0.1,alexnet,False,0,0,1,0.7864,874,10,0.7864,872,8,0,8,0.1,CIFAR10_alexnet_GEN_accuracy_kp1000_seed42,42,4000,881,42,accuracy,100042,0.7864,5,0.652364189529419,5.563623927533627,10,0.652364189529419,valid,0.7862098302333279,0.7874840451620112,0.7864000000000001,100042
GEN,0.7864,170,170,offspring,0,0,CIFAR10,882,main_b1000_cifar10_alexnet_GEN_kp10_seed42,0.1,0.7864,97,False,0.1,alexnet,False,0,0,2,0.7864,874,10,0.7864,872,8,0,9,0.1,CIFAR10_alexnet_GEN_accuracy_kp1000_seed42,42,4000,882,42,accuracy,100042,0.7864,5,0.652364189529419,5.5539005771279335,10,0.652364189529419,valid,0.7862098302333279,0.7874840451620112,0.7864000000000001,100042
GEN,0.7864,170,170,offspring,0,0,CIFAR10,883,main_b1000_cifar10_alexnet_GEN_kp10_seed42,0.1,0.7864,97,False,0.1,alexnet,False,0,0,1,0.7864,170,1,0.7864,872,8,0,10,0.1,CIFAR10_alexnet_GEN_accuracy_kp1000_seed42,42,4000,883,42,accuracy,100042,0.7864,5,0.652364189529419,5.586671516299248,10,0.652364189529419,valid,0.7862098302333279,0.7874840451620112,0.7864000000000001,100042
GEN,0.7864,170,170,offspring,0,0,CIFAR10,884,main_b1000_cifar10_alexnet_GEN_kp10_seed42,0.1,0.7864,98,False,0.1,alexnet,False,0,0,1,0.7864,170,1,0.7864,881,8,0,2,0.1,CIFAR10_alexnet_GEN_accuracy_kp1000_seed42,42,4000,884,42,accuracy,100042,0.7864,5,0.652364189529419,5.546968325972557,10,0.652364189529419,valid,0.7862098302333279,0.7874840451620112,0.7864000000000001,100042
GEN,0.7864,170,170,offspring,0,0,CIFAR10,885,main_b1000_cifar10_alexnet_GEN_kp10_seed42,0.1,0.7864,98,False,0.1,alexnet,False,0,0,2,0.7864,170,1,0.7864,881,8,0,3,0.1,CIFAR10_alexnet_GEN_accuracy_kp1000_seed42,42,4000,885,42,accuracy,100042,0.7864,5,0.652364189529419,5.553966470062733,10,0.652364189529419,valid,0.7862098302333279,0.7874840451620112,0.7864000000000001,100042
GEN,0.7864,170,170,offspring,0,0,CIFAR10,886,main_b1000_cifar10_alexnet_GEN_kp10_seed42,0.1,0.7864,98,False,0.1,alexnet,False,0,0,1,0.7864,879,6,0.7864,880,7,0,4,0.1,CIFAR10_alexnet_GEN_accuracy_kp1000_seed42,42,4000,886,42,accuracy,100042,0.7864,5,0.652364189529419,5.569870553910732,10,0.652364189529419,valid,0.7862098302333279,0.7874840451620112,0.7864000000000001,100042
GEN,0.7864,170,170,offspring,0,0,CIFAR10,887,main_b1000_cifar10_alexnet_GEN_kp10_seed42,0.1,0.7864,98,False,0.1,alexnet,False,0,0,2,0.7864,879,6,0.7864,880,7,0,5,0.1,CIFAR10_alexnet_GEN_accuracy_kp1000_seed42,42,4000,887,42,accuracy,100042,0.7864,5,0.652364189529419,5.5737844333052635,10,0.652364189529419,valid,0.7862098302333279,0.7874840451620112,0.7864000000000001,100042
GEN,0.7864,170,170,offspring,0,0,CIFAR10,888,main_b1000_cifar10_alexnet_GEN_kp10_seed42,0.1,0.7864,98,False,0.1,alexnet,False,0,0,1,0.7864,876,3,0.7864,170,1,0,6,0.1,CIFAR10_alexnet_GEN_accuracy_kp1000_seed42,42,4000,888,42,accuracy,100042,0.7864,5,0.652364189529419,5.594797097146511,10,0.652364189529419,valid,0.7862098302333279,0.7874840451620112,0.7864000000000001,100042
GEN,0.7864,170,170,offspring,0,0,CIFAR10,889,main_b1000_cifar10_alexnet_GEN_kp10_seed42,0.1,0.7864,98,False,0.1,alexnet,False,0,0,2,0.7864,876,3,0.7864,170,1,0,7,0.1,CIFAR10_alexnet_GEN_accuracy_kp1000_seed42,42,4000,889,42,accuracy,100042,0.7864,5,0.652364189529419,5.6605721563100815,10,0.652364189529419,valid,0.7862098302333279,0.7874840451620112,0.7864000000000001,100042
GEN,0.7864,170,170,offspring,0,0,CIFAR10,890,main_b1000_cifar10_alexnet_GEN_kp10_seed42,0.1,0.7864,98,False,0.1,alexnet,False,0,0,1,0.7864,879,6,0.7864,883,10,0,8,0.1,CIFAR10_alexnet_GEN_accuracy_kp1000_seed42,42,4000,890,42,accuracy,100042,0.7864,5,0.652364189529419,5.613461188971996,10,0.652364189529419,valid,0.7862098302333279,0.7874840451620112,0.7864000000000001,100042
GEN,0.7864,170,170,offspring,0,0,CIFAR10,891,main_b1000_cifar10_alexnet_GEN_kp10_seed42,0.1,0.7864,98,False,0.1,alexnet,False,0,0,2,0.7864,879,6,0.7864,883,10,0,9,0.1,CIFAR10_alexnet_GEN_accuracy_kp1000_seed42,42,4000,891,42,accuracy,100042,0.7864,5,0.652364189529419,5.586925268173218,10,0.652364189529419,valid,0.7862098302333279,0.7874840451620112,0.7864000000000001,100042
GEN,0.7864,170,170,offspring,0,0,CIFAR10,892,main_b1000_cifar10_alexnet_GEN_kp10_seed42,0.1,0.7864,98,False,0.1,alexnet,False,0,0,1,0.7864,875,2,0.7864,882,9,0,10,0.1,CIFAR10_alexnet_GEN_accuracy_kp1000_seed42,42,4000,892,42,accuracy,100042,0.7864,5,0.652364189529419,5.5690212324261665,10,0.652364189529419,valid,0.7862098302333279,0.7874840451620112,0.7864000000000001,100042
GEN,0.7864,170,170,offspring,0,0,CIFAR10,893,main_b1000_cifar10_alexnet_GEN_kp10_seed42,0.1,0.7864,99,False,0.1,alexnet,False,0,0,1,0.7864,890,8,0.7864,892,10,0,2,0.1,CIFAR10_alexnet_GEN_accuracy_kp1000_seed42,42,4000,893,42,accuracy,100042,0.7864,5,0.652364189529419,5.559503845870495,10,0.652364189529419,valid,0.7862098302333279,0.7874840451620112,0.7864000000000001,100042
GEN,0.7864,170,170,offspring,0,0,CIFAR10,894,main_b1000_cifar10_alexnet_GEN_kp10_seed42,0.1,0.7864,99,False,0.1,alexnet,False,0,0,2,0.7864,890,8,0.7864,892,10,0,3,0.1,CIFAR10_alexnet_GEN_accuracy_kp1000_seed42,42,4000,894,42,accuracy,100042,0.7864,5,0.652364189529419,5.555318005383015,10,0.652364189529419,valid,0.7862098302333279,0.7874840451620112,0.7864000000000001,100042
GEN,0.7864,170,170,offspring,0,0,CIFAR10,895,main_b1000_cifar10_alexnet_GEN_kp10_seed42,0.1,0.7864,99,False,0.1,alexnet,False,0,0,1,0.7864,170,1,0.7864,885,3,0,4,0.1,CIFAR10_alexnet_GEN_accuracy_kp1000_seed42,42,4000,895,42,accuracy,100042,0.7864,5,0.652364189529419,5.5505764707922935,10,0.652364189529419,valid,0.7862098302333279,0.7874840451620112,0.7864000000000001,100042
GEN,0.7864,170,170,offspring,0,0,CIFAR10,896,main_b1000_cifar10_alexnet_GEN_kp10_seed42,0.1,0.7864,99,False,0.1,alexnet,False,0,0,2,0.7864,170,1,0.7864,885,3,0,5,0.1,CIFAR10_alexnet_GEN_accuracy_kp1000_seed42,42,4000,896,42,accuracy,100042,0.7864,5,0.652364189529419,5.572566404938698,10,0.652364189529419,valid,0.7862098302333279,0.7874840451620112,0.7864000000000001,100042
GEN,0.7864,170,170,offspring,0,0,CIFAR10,897,main_b1000_cifar10_alexnet_GEN_kp10_seed42,0.1,0.7864,99,False,0.1,alexnet,False,0,0,1,0.7864,887,5,0.7864,170,1,0,6,0.1,CIFAR10_alexnet_GEN_accuracy_kp1000_seed42,42,4000,897,42,accuracy,100042,0.7864,5,0.652364189529419,5.587708719074726,10,0.652364189529419,valid,0.7862098302333279,0.7874840451620112,0.7864000000000001,100042
GEN,0.7864,170,170,offspring,0,0,CIFAR10,898,main_b1000_cifar10_alexnet_GEN_kp10_seed42,0.1,0.7864,99,False,0.1,alexnet,False,0,0,2,0.7864,887,5,0.7864,170,1,0,7,0.1,CIFAR10_alexnet_GEN_accuracy_kp1000_seed42,42,4000,898,42,accuracy,100042,0.7864,5,0.652364189529419,5.569439604878426,10,0.652364189529419,valid,0.7862098302333279,0.7874840451620112,0.7864000000000001,100042
GEN,0.7864,170,170,offspring,0,0,CIFAR10,899,main_b1000_cifar10_alexnet_GEN_kp10_seed42,0.1,0.7864,99,False,0.1,alexnet,False,0,0,1,0.7864,888,6,0.7864,170,1,0,8,0.1,CIFAR10_alexnet_GEN_accuracy_kp1000_seed42,42,4000,899,42,accuracy,100042,0.7864,5,0.652364189529419,5.648586131632328,10,0.652364189529419,valid,0.7862098302333279,0.7874840451620112,0.7864000000000001,100042
GEN,0.7864,170,170,offspring,0,0,CIFAR10,900,main_b1000_cifar10_alexnet_GEN_kp10_seed42,0.1,0.7864,99,False,0.1,alexnet,False,0,0,2,0.7864,888,6,0.7864,170,1,0,9,0.1,CIFAR10_alexnet_GEN_accuracy_kp1000_seed42,42,4000,900,42,accuracy,100042,0.7864,5,0.652364189529419,5.626082718372345,10,0.652364189529419,valid,0.7862098302333279,0.7874840451620112,0.7864000000000001,100042
GEN,0.7864,170,170,offspring,0,0,CIFAR10,901,main_b1000_cifar10_alexnet_GEN_kp10_seed42,0.1,0.7864,99,False,0.1,alexnet,False,0,0,1,0.7864,170,1,0.7864,892,10,0,10,0.1,CIFAR10_alexnet_GEN_accuracy_kp1000_seed42,42,4000,901,42,accuracy,100042,0.7864,5,0.652364189529419,5.563729703426361,10,0.652364189529419,valid,0.7862098302333279,0.7874840451620112,0.7864000000000001,100042
GEN,0.7864,170,170,offspring,0,0,CIFAR10,902,main_b1000_cifar10_alexnet_GEN_kp10_seed42,0.1,0.7852,100,False,0.1,alexnet,True,400,200,1,0.7864,897,6,0.7864,893,2,0,2,0.1,CIFAR10_alexnet_GEN_accuracy_kp1000_seed42,42,4000,902,42,accuracy,100042,0.7852,4,0.6354407636642456,5.538730271160603,10,0.6354407636642456,valid,0.7851767039592891,0.7856630171875254,0.7851999999999999,100042
GEN,0.7864,170,170,offspring,0,0,CIFAR10,903,main_b1000_cifar10_alexnet_GEN_kp10_seed42,0.1,0.7864,100,False,0.1,alexnet,False,0,0,2,0.7864,897,6,0.7864,893,2,0,3,0.1,CIFAR10_alexnet_GEN_accuracy_kp1000_seed42,42,4000,903,42,accuracy,100042,0.7864,5,0.652364189529419,5.519012443721294,10,0.652364189529419,valid,0.7862098302333279,0.7874840451620112,0.7864000000000001,100042
GEN,0.7864,170,170,offspring,0,0,CIFAR10,904,main_b1000_cifar10_alexnet_GEN_kp10_seed42,0.1,0.7864,100,False,0.1,alexnet,False,0,0,1,0.7864,895,4,0.7864,897,6,0,4,0.1,CIFAR10_alexnet_GEN_accuracy_kp1000_seed42,42,4000,904,42,accuracy,100042,0.7864,5,0.652364189529419,5.503675580024719,10,0.652364189529419,valid,0.7862098302333279,0.7874840451620112,0.7864000000000001,100042
GEN,0.7864,170,170,offspring,0,0,CIFAR10,905,main_b1000_cifar10_alexnet_GEN_kp10_seed42,0.1,0.7864,100,False,0.1,alexnet,False,0,0,2,0.7864,895,4,0.7864,897,6,0,5,0.1,CIFAR10_alexnet_GEN_accuracy_kp1000_seed42,42,4000,905,42,accuracy,100042,0.7864,5,0.652364189529419,5.543140918016434,10,0.652364189529419,valid,0.7862098302333279,0.7874840451620112,0.7864000000000001,100042
GEN,0.7864,170,170,offspring,0,0,CIFAR10,906,main_b1000_cifar10_alexnet_GEN_kp10_seed42,0.1,0.7781,100,False,0.1,alexnet,True,400,200,1,0.7864,900,9,0.7864,893,2,0,6,0.1,CIFAR10_alexnet_GEN_accuracy_kp1000_seed42,42,4000,906,42,accuracy,100042,0.7781,4,0.6476292639255524,5.523025169968605,10,0.6476292639255524,valid,0.778930766761503,0.7821699153270409,0.7781,100042
GEN,0.7864,170,170,offspring,0,0,CIFAR10,907,main_b1000_cifar10_alexnet_GEN_kp10_seed42,0.1,0.7864,100,False,0.1,alexnet,False,0,0,2,0.7864,900,9,0.7864,893,2,0,7,0.1,CIFAR10_alexnet_GEN_accuracy_kp1000_seed42,42,4000,907,42,accuracy,100042,0.7864,5,0.652364189529419,5.538125209510326,10,0.652364189529419,valid,0.7862098302333279,0.7874840451620112,0.7864000000000001,100042
GEN,0.7864,170,170,offspring,0,0,CIFAR10,908,main_b1000_cifar10_alexnet_GEN_kp10_seed42,0.1,0.7864,100,False,0.1,alexnet,False,0,0,1,0.7864,897,6,0.7864,900,9,0,8,0.1,CIFAR10_alexnet_GEN_accuracy_kp1000_seed42,42,4000,908,42,accuracy,100042,0.7864,5,0.652364189529419,5.543208472430706,10,0.652364189529419,valid,0.7862098302333279,0.7874840451620112,0.7864000000000001,100042
GEN,0.7864,170,170,offspring,0,0,CIFAR10,909,main_b1000_cifar10_alexnet_GEN_kp10_seed42,0.1,0.7864,100,False,0.1,alexnet,False,0,0,2,0.7864,897,6,0.7864,900,9,0,9,0.1,CIFAR10_alexnet_GEN_accuracy_kp1000_seed42,42,4000,909,42,accuracy,100042,0.7864,5,0.652364189529419,5.57113841176033,10,0.652364189529419,valid,0.7862098302333279,0.7874840451620112,0.7864000000000001,100042
GEN,0.7864,170,170,offspring,0,0,CIFAR10,910,main_b1000_cifar10_alexnet_GEN_kp10_seed42,0.1,0.7864,100,False,0.1,alexnet,False,0,0,1,0.7864,170,1,0.7864,901,10,0,10,0.1,CIFAR10_alexnet_GEN_accuracy_kp1000_seed42,42,4000,910,42,accuracy,100042,0.7864,5,0.652364189529419,5.573918282985687,10,0.652364189529419,valid,0.7862098302333279,0.7874840451620112,0.7864000000000001,100042
GEN,0.7864,170,170,offspring,0,0,CIFAR10,911,main_b1000_cifar10_alexnet_GEN_kp10_seed42,0.1,0.7864,101,False,0.1,alexnet,False,0,0,1,0.7864,910,10,0.7864,907,7,0,2,0.1,CIFAR10_alexnet_GEN_accuracy_kp1000_seed42,42,4000,911,42,accuracy,100042,0.7864,5,0.652364189529419,5.555743411183357,10,0.652364189529419,valid,0.7862098302333279,0.7874840451620112,0.7864000000000001,100042
GEN,0.7864,170,170,offspring,0,0,CIFAR10,912,main_b1000_cifar10_alexnet_GEN_kp10_seed42,0.1,0.7864,101,False,0.1,alexnet,False,0,0,2,0.7864,910,10,0.7864,907,7,0,3,0.1,CIFAR10_alexnet_GEN_accuracy_kp1000_seed42,42,4000,912,42,accuracy,100042,0.7864,5,0.652364189529419,5.560217030346394,10,0.652364189529419,valid,0.7862098302333279,0.7874840451620112,0.7864000000000001,100042
GEN,0.7864,170,170,offspring,0,0,CIFAR10,913,main_b1000_cifar10_alexnet_GEN_kp10_seed42,0.1,0.7864,101,False,0.1,alexnet,False,0,0,1,0.7864,909,9,0.7864,905,5,0,4,0.1,CIFAR10_alexnet_GEN_accuracy_kp1000_seed42,42,4000,913,42,accuracy,100042,0.7864,5,0.652364189529419,5.530381396412849,10,0.652364189529419,valid,0.7862098302333279,0.7874840451620112,0.7864000000000001,100042
GEN,0.7864,170,170,offspring,0,0,CIFAR10,914,main_b1000_cifar10_alexnet_GEN_kp10_seed42,0.1,0.7864,101,False,0.1,alexnet,False,0,0,2,0.7864,909,9,0.7864,905,5,0,5,0.1,CIFAR10_alexnet_GEN_accuracy_kp1000_seed42,42,4000,914,42,accuracy,100042,0.7864,5,0.652364189529419,5.5290331691503525,10,0.652364189529419,valid,0.7862098302333279,0.7874840451620112,0.7864000000000001,100042
GEN,0.7864,170,170,offspring,0,0,CIFAR10,915,main_b1000_cifar10_alexnet_GEN_kp10_seed42,0.1,0.7864,101,False,0.1,alexnet,False,0,0,1,0.7864,909,9,0.7864,908,8,0,6,0.1,CIFAR10_alexnet_GEN_accuracy_kp1000_seed42,42,4000,915,42,accuracy,100042,0.7864,5,0.652364189529419,5.529185421764851,10,0.652364189529419,valid,0.7862098302333279,0.7874840451620112,0.7864000000000001,100042
GEN,0.7864,170,170,offspring,0,0,CIFAR10,916,main_b1000_cifar10_alexnet_GEN_kp10_seed42,0.1,0.7864,101,False,0.1,alexnet,False,0,0,2,0.7864,909,9,0.7864,908,8,0,7,0.1,CIFAR10_alexnet_GEN_accuracy_kp1000_seed42,42,4000,916,42,accuracy,100042,0.7864,5,0.652364189529419,5.5208825170993805,10,0.652364189529419,valid,0.7862098302333279,0.7874840451620112,0.7864000000000001,100042
GEN,0.7864,170,170,offspring,0,0,CIFAR10,917,main_b1000_cifar10_alexnet_GEN_kp10_seed42,0.1,0.7864,101,False,0.1,alexnet,False,0,0,1,0.7864,908,8,0.7864,910,10,0,8,0.1,CIFAR10_alexnet_GEN_accuracy_kp1000_seed42,42,4000,917,42,accuracy,100042,0.7864,5,0.652364189529419,5.543379992246628,10,0.652364189529419,valid,0.7862098302333279,0.7874840451620112,0.7864000000000001,100042
GEN,0.7864,170,170,offspring,0,0,CIFAR10,918,main_b1000_cifar10_alexnet_GEN_kp10_seed42,0.1,0.7864,101,False,0.1,alexnet,False,0,0,2,0.7864,908,8,0.7864,910,10,0,9,0.1,CIFAR10_alexnet_GEN_accuracy_kp1000_seed42,42,4000,918,42,accuracy,100042,0.7864,5,0.652364189529419,5.541815057396889,10,0.652364189529419,valid,0.7862098302333279,0.7874840451620112,0.7864000000000001,100042
GEN,0.7864,170,170,offspring,0,0,CIFAR10,919,main_b1000_cifar10_alexnet_GEN_kp10_seed42,0.1,0.7832,101,False,0.1,alexnet,True,400,200,1,0.7864,907,7,0.7864,904,4,0,10,0.1,CIFAR10_alexnet_GEN_accuracy_kp1000_seed42,42,4000,919,42,accuracy,100042,0.7832,4,0.6435671398639679,5.555304691195488,10,0.6435671398639679,valid,0.7834199904993518,0.7844871930046794,0.7831999999999999,100042
GEN,0.7864,170,170,offspring,0,0,CIFAR10,920,main_b1000_cifar10_alexnet_GEN_kp10_seed42,0.1,0.7864,102,False,0.1,alexnet,False,0,0,1,0.7864,918,9,0.7864,913,4,0,2,0.1,CIFAR10_alexnet_GEN_accuracy_kp1000_seed42,42,4000,920,42,accuracy,100042,0.7864,5,0.652364189529419,5.600849784910679,10,0.652364189529419,valid,0.7862098302333279,0.7874840451620112,0.7864000000000001,100042
GEN,0.7864,170,170,offspring,0,0,CIFAR10,921,main_b1000_cifar10_alexnet_GEN_kp10_seed42,0.1,0.7864,102,False,0.1,alexnet,False,0,0,2,0.7864,918,9,0.7864,913,4,0,3,0.1,CIFAR10_alexnet_GEN_accuracy_kp1000_seed42,42,4000,921,42,accuracy,100042,0.7864,5,0.652364189529419,5.525404177606106,10,0.652364189529419,valid,0.7862098302333279,0.7874840451620112,0.7864000000000001,100042
GEN,0.7864,170,170,offspring,0,0,CIFAR10,922,main_b1000_cifar10_alexnet_GEN_kp10_seed42,0.1,0.7864,102,False,0.1,alexnet,False,0,0,1,0.7864,916,7,0.7864,914,5,0,4,0.1,CIFAR10_alexnet_GEN_accuracy_kp1000_seed42,42,4000,922,42,accuracy,100042,0.7864,5,0.652364189529419,5.5516370087862015,10,0.652364189529419,valid,0.7862098302333279,0.7874840451620112,0.7864000000000001,100042
GEN,0.7864,170,170,offspring,0,0,CIFAR10,923,main_b1000_cifar10_alexnet_GEN_kp10_seed42,0.1,0.7864,102,False,0.1,alexnet,False,0,0,2,0.7864,916,7,0.7864,914,5,0,5,0.1,CIFAR10_alexnet_GEN_accuracy_kp1000_seed42,42,4000,923,42,accuracy,100042,0.7864,5,0.652364189529419,5.558964446187019,10,0.652364189529419,valid,0.7862098302333279,0.7874840451620112,0.7864000000000001,100042
GEN,0.7864,170,170,offspring,0,0,CIFAR10,924,main_b1000_cifar10_alexnet_GEN_kp10_seed42,0.1,0.7864,102,False,0.1,alexnet,False,0,0,1,0.7864,911,2,0.7864,918,9,0,6,0.1,CIFAR10_alexnet_GEN_accuracy_kp1000_seed42,42,4000,924,42,accuracy,100042,0.7864,5,0.652364189529419,5.536012798547745,10,0.652364189529419,valid,0.7862098302333279,0.7874840451620112,0.7864000000000001,100042
GEN,0.7864,170,170,offspring,0,0,CIFAR10,925,main_b1000_cifar10_alexnet_GEN_kp10_seed42,0.1,0.7864,102,False,0.1,alexnet,False,0,0,2,0.7864,911,2,0.7864,918,9,0,7,0.1,CIFAR10_alexnet_GEN_accuracy_kp1000_seed42,42,4000,925,42,accuracy,100042,0.7864,5,0.652364189529419,5.5364382937550545,10,0.652364189529419,valid,0.7862098302333279,0.7874840451620112,0.7864000000000001,100042
GEN,0.7864,170,170,offspring,0,0,CIFAR10,926,main_b1000_cifar10_alexnet_GEN_kp10_seed42,0.1,0.7864,102,False,0.1,alexnet,False,0,0,1,0.7864,915,6,0.7864,917,8,0,8,0.1,CIFAR10_alexnet_GEN_accuracy_kp1000_seed42,42,4000,926,42,accuracy,100042,0.7864,5,0.652364189529419,5.515817478299141,10,0.652364189529419,valid,0.7862098302333279,0.7874840451620112,0.7864000000000001,100042
GEN,0.7864,170,170,offspring,0,0,CIFAR10,927,main_b1000_cifar10_alexnet_GEN_kp10_seed42,0.1,0.7864,102,False,0.1,alexnet,False,0,0,2,0.7864,915,6,0.7864,917,8,0,9,0.1,CIFAR10_alexnet_GEN_accuracy_kp1000_seed42,42,4000,927,42,accuracy,100042,0.7864,5,0.652364189529419,5.518145754933357,10,0.652364189529419,valid,0.7862098302333279,0.7874840451620112,0.7864000000000001,100042
GEN,0.7864,170,170,offspring,0,0,CIFAR10,928,main_b1000_cifar10_alexnet_GEN_kp10_seed42,0.1,0.7864,102,False,0.1,alexnet,False,0,0,1,0.7864,170,1,0.7864,917,8,0,10,0.1,CIFAR10_alexnet_GEN_accuracy_kp1000_seed42,42,4000,928,42,accuracy,100042,0.7864,5,0.652364189529419,5.543814919888973,10,0.652364189529419,valid,0.7862098302333279,0.7874840451620112,0.7864000000000001,100042
GEN,0.7864,170,170,offspring,0,0,CIFAR10,929,main_b1000_cifar10_alexnet_GEN_kp10_seed42,0.1,0.7864,103,False,0.1,alexnet,False,0,0,1,0.7864,925,7,0.7864,928,10,0,2,0.1,CIFAR10_alexnet_GEN_accuracy_kp1000_seed42,42,4000,929,42,accuracy,100042,0.7864,5,0.652364189529419,5.543197117745876,10,0.652364189529419,valid,0.7862098302333279,0.7874840451620112,0.7864000000000001,100042
GEN,0.7864,170,170,offspring,0,0,CIFAR10,930,main_b1000_cifar10_alexnet_GEN_kp10_seed42,0.1,0.7864,103,False,0.1,alexnet,False,0,0,2,0.7864,925,7,0.7864,928,10,0,3,0.1,CIFAR10_alexnet_GEN_accuracy_kp1000_seed42,42,4000,930,42,accuracy,100042,0.7864,5,0.652364189529419,5.538332976400852,10,0.652364189529419,valid,0.7862098302333279,0.7874840451620112,0.7864000000000001,100042
GEN,0.7864,170,170,offspring,0,0,CIFAR10,931,main_b1000_cifar10_alexnet_GEN_kp10_seed42,0.1,0.7864,103,False,0.1,alexnet,False,0,0,1,0.7864,928,10,0.7864,926,8,0,4,0.1,CIFAR10_alexnet_GEN_accuracy_kp1000_seed42,42,4000,931,42,accuracy,100042,0.7864,5,0.652364189529419,5.632403656840324,10,0.652364189529419,valid,0.7862098302333279,0.7874840451620112,0.7864000000000001,100042
GEN,0.7864,170,170,offspring,0,0,CIFAR10,932,main_b1000_cifar10_alexnet_GEN_kp10_seed42,0.1,0.7864,103,False,0.1,alexnet,False,0,0,2,0.7864,928,10,0.7864,926,8,0,5,0.1,CIFAR10_alexnet_GEN_accuracy_kp1000_seed42,42,4000,932,42,accuracy,100042,0.7864,5,0.652364189529419,5.701057970523834,10,0.652364189529419,valid,0.7862098302333279,0.7874840451620112,0.7864000000000001,100042
GEN,0.7864,170,170,offspring,0,0,CIFAR10,933,main_b1000_cifar10_alexnet_GEN_kp10_seed42,0.1,0.7725,103,False,0.1,alexnet,True,400,200,1,0.7864,925,7,0.7864,924,6,0,6,0.1,CIFAR10_alexnet_GEN_accuracy_kp1000_seed42,42,4000,933,42,accuracy,100042,0.7725,3,0.6580941926956176,5.539081186056137,10,0.6580941926956176,valid,0.7726164236178773,0.7786546474636439,0.7725,100042
GEN,0.7864,170,170,offspring,0,0,CIFAR10,934,main_b1000_cifar10_alexnet_GEN_kp10_seed42,0.1,0.7864,103,False,0.1,alexnet,False,0,0,2,0.7864,925,7,0.7864,924,6,0,7,0.1,CIFAR10_alexnet_GEN_accuracy_kp1000_seed42,42,4000,934,42,accuracy,100042,0.7864,5,0.652364189529419,5.551443159580231,10,0.652364189529419,valid,0.7862098302333279,0.7874840451620112,0.7864000000000001,100042
GEN,0.7864,170,170,offspring,0,0,CIFAR10,935,main_b1000_cifar10_alexnet_GEN_kp10_seed42,0.1,0.7864,103,False,0.1,alexnet,False,0,0,1,0.7864,928,10,0.7864,924,6,0,8,0.1,CIFAR10_alexnet_GEN_accuracy_kp1000_seed42,42,4000,935,42,accuracy,100042,0.7864,5,0.652364189529419,5.521799743175507,10,0.652364189529419,valid,0.7862098302333279,0.7874840451620112,0.7864000000000001,100042
GEN,0.7864,170,170,offspring,0,0,CIFAR10,936,main_b1000_cifar10_alexnet_GEN_kp10_seed42,0.1,0.7864,103,False,0.1,alexnet,False,0,0,2,0.7864,928,10,0.7864,924,6,0,9,0.1,CIFAR10_alexnet_GEN_accuracy_kp1000_seed42,42,4000,936,42,accuracy,100042,0.7864,5,0.652364189529419,5.539314866065979,10,0.652364189529419,valid,0.7862098302333279,0.7874840451620112,0.7864000000000001,100042
GEN,0.7864,170,170,offspring,0,0,CIFAR10,937,main_b1000_cifar10_alexnet_GEN_kp10_seed42,0.1,0.7864,103,False,0.1,alexnet,False,0,0,1,0.7864,920,2,0.7864,926,8,0,10,0.1,CIFAR10_alexnet_GEN_accuracy_kp1000_seed42,42,4000,937,42,accuracy,100042,0.7864,5,0.652364189529419,5.5255719274282455,10,0.652364189529419,valid,0.7862098302333279,0.7874840451620112,0.7864000000000001,100042
GEN,0.7864,170,170,offspring,0,0,CIFAR10,938,main_b1000_cifar10_alexnet_GEN_kp10_seed42,0.1,0.7729,104,False,0.1,alexnet,True,400,200,1,0.7864,930,3,0.7864,929,2,0,2,0.1,CIFAR10_alexnet_GEN_accuracy_kp1000_seed42,42,4000,938,42,accuracy,100042,0.7729,3,0.6550179848194122,5.528881072998047,10,0.6550179848194122,valid,0.7735329247831741,0.7806636233875899,0.7728999999999999,100042
GEN,0.7864,170,170,offspring,0,0,CIFAR10,939,main_b1000_cifar10_alexnet_GEN_kp10_seed42,0.1,0.7864,104,False,0.1,alexnet,False,0,0,2,0.7864,930,3,0.7864,929,2,0,3,0.1,CIFAR10_alexnet_GEN_accuracy_kp1000_seed42,42,4000,939,42,accuracy,100042,0.7864,5,0.652364189529419,5.5304568111896515,10,0.652364189529419,valid,0.7862098302333279,0.7874840451620112,0.7864000000000001,100042
GEN,0.7864,170,170,offspring,0,0,CIFAR10,940,main_b1000_cifar10_alexnet_GEN_kp10_seed42,0.1,0.7864,104,False,0.1,alexnet,False,0,0,1,0.7864,929,2,0.7864,170,1,0,4,0.1,CIFAR10_alexnet_GEN_accuracy_kp1000_seed42,42,4000,940,42,accuracy,100042,0.7864,5,0.652364189529419,5.52021761983633,10,0.652364189529419,valid,0.7862098302333279,0.7874840451620112,0.7864000000000001,100042
GEN,0.7864,170,170,offspring,0,0,CIFAR10,941,main_b1000_cifar10_alexnet_GEN_kp10_seed42,0.1,0.7864,104,False,0.1,alexnet,False,0,0,2,0.7864,929,2,0.7864,170,1,0,5,0.1,CIFAR10_alexnet_GEN_accuracy_kp1000_seed42,42,4000,941,42,accuracy,100042,0.7864,5,0.652364189529419,5.5544406324625015,10,0.652364189529419,valid,0.7862098302333279,0.7874840451620112,0.7864000000000001,100042
GEN,0.7864,170,170,offspring,0,0,CIFAR10,942,main_b1000_cifar10_alexnet_GEN_kp10_seed42,0.1,0.7864,104,False,0.1,alexnet,False,0,0,1,0.7864,937,10,0.7864,930,3,0,6,0.1,CIFAR10_alexnet_GEN_accuracy_kp1000_seed42,42,4000,942,42,accuracy,100042,0.7864,5,0.652364189529419,5.5607297122478485,10,0.652364189529419,valid,0.7862098302333279,0.7874840451620112,0.7864000000000001,100042
GEN,0.7864,170,170,offspring,0,0,CIFAR10,943,main_b1000_cifar10_alexnet_GEN_kp10_seed42,0.1,0.7864,104,False,0.1,alexnet,False,0,0,2,0.7864,937,10,0.7864,930,3,0,7,0.1,CIFAR10_alexnet_GEN_accuracy_kp1000_seed42,42,4000,943,42,accuracy,100042,0.7864,5,0.652364189529419,5.561044946312904,10,0.652364189529419,valid,0.7862098302333279,0.7874840451620112,0.7864000000000001,100042
GEN,0.7864,170,170,offspring,0,0,CIFAR10,944,main_b1000_cifar10_alexnet_GEN_kp10_seed42,0.1,0.7864,104,False,0.1,alexnet,False,0,0,1,0.7864,170,1,0.7864,936,9,0,8,0.1,CIFAR10_alexnet_GEN_accuracy_kp1000_seed42,42,4000,944,42,accuracy,100042,0.7864,5,0.652364189529419,5.553208082914352,10,0.652364189529419,valid,0.7862098302333279,0.7874840451620112,0.7864000000000001,100042
GEN,0.7864,170,170,offspring,0,0,CIFAR10,945,main_b1000_cifar10_alexnet_GEN_kp10_seed42,0.1,0.7864,104,False,0.1,alexnet,False,0,0,2,0.7864,170,1,0.7864,936,9,0,9,0.1,CIFAR10_alexnet_GEN_accuracy_kp1000_seed42,42,4000,945,42,accuracy,100042,0.7864,5,0.652364189529419,5.530716687440872,10,0.652364189529419,valid,0.7862098302333279,0.7874840451620112,0.7864000000000001,100042
GEN,0.7864,170,170,offspring,0,0,CIFAR10,946,main_b1000_cifar10_alexnet_GEN_kp10_seed42,0.1,0.7803,104,False,0.1,alexnet,True,400,200,1,0.7864,170,1,0.7864,929,2,0,10,0.1,CIFAR10_alexnet_GEN_accuracy_kp1000_seed42,42,4000,946,42,accuracy,100042,0.7803,6,0.6631977580547332,5.545942060649395,10,0.6631977580547332,valid,0.7818584157368683,0.7859047531256713,0.7803000000000001,100042
GEN,0.7864,170,170,offspring,0,0,CIFAR10,947,main_b1000_cifar10_alexnet_GEN_kp10_seed42,0.1,0.7864,105,False,0.1,alexnet,False,0,0,1,0.7864,944,8,0.7864,939,3,0,2,0.1,CIFAR10_alexnet_GEN_accuracy_kp1000_seed42,42,4000,947,42,accuracy,100042,0.7864,5,0.652364189529419,5.534302316606045,10,0.652364189529419,valid,0.7862098302333279,0.7874840451620112,0.7864000000000001,100042
GEN,0.7864,170,170,offspring,0,0,CIFAR10,948,main_b1000_cifar10_alexnet_GEN_kp10_seed42,0.1,0.7864,105,False,0.1,alexnet,False,0,0,2,0.7864,944,8,0.7864,939,3,0,3,0.1,CIFAR10_alexnet_GEN_accuracy_kp1000_seed42,42,4000,948,42,accuracy,100042,0.7864,5,0.652364189529419,5.522023357450962,10,0.652364189529419,valid,0.7862098302333279,0.7874840451620112,0.7864000000000001,100042
GEN,0.7864,170,170,offspring,0,0,CIFAR10,949,main_b1000_cifar10_alexnet_GEN_kp10_seed42,0.1,0.7864,105,False,0.1,alexnet,False,0,0,1,0.7864,944,8,0.7864,941,5,0,4,0.1,CIFAR10_alexnet_GEN_accuracy_kp1000_seed42,42,4000,949,42,accuracy,100042,0.7864,5,0.652364189529419,5.514571867883205,10,0.652364189529419,valid,0.7862098302333279,0.7874840451620112,0.7864000000000001,100042
GEN,0.7864,170,170,offspring,0,0,CIFAR10,950,main_b1000_cifar10_alexnet_GEN_kp10_seed42,0.1,0.7864,105,False,0.1,alexnet,False,0,0,2,0.7864,944,8,0.7864,941,5,0,5,0.1,CIFAR10_alexnet_GEN_accuracy_kp1000_seed42,42,4000,950,42,accuracy,100042,0.7864,5,0.652364189529419,5.531887486577034,10,0.652364189529419,valid,0.7862098302333279,0.7874840451620112,0.7864000000000001,100042
GEN,0.7864,170,170,offspring,0,0,CIFAR10,951,main_b1000_cifar10_alexnet_GEN_kp10_seed42,0.1,0.7864,105,False,0.1,alexnet,False,0,0,1,0.7864,940,4,0.7864,944,8,0,6,0.1,CIFAR10_alexnet_GEN_accuracy_kp1000_seed42,42,4000,951,42,accuracy,100042,0.7864,5,0.652364189529419,5.526835314929485,10,0.652364189529419,valid,0.7862098302333279,0.7874840451620112,0.7864000000000001,100042
GEN,0.7864,170,170,offspring,0,0,CIFAR10,952,main_b1000_cifar10_alexnet_GEN_kp10_seed42,0.1,0.7864,105,False,0.1,alexnet,False,0,0,2,0.7864,940,4,0.7864,944,8,0,7,0.1,CIFAR10_alexnet_GEN_accuracy_kp1000_seed42,42,4000,952,42,accuracy,100042,0.7864,5,0.652364189529419,5.575703635811806,10,0.652364189529419,valid,0.7862098302333279,0.7874840451620112,0.7864000000000001,100042
GEN,0.7864,170,170,offspring,0,0,CIFAR10,953,main_b1000_cifar10_alexnet_GEN_kp10_seed42,0.1,0.7864,105,False,0.1,alexnet,False,0,0,1,0.7864,943,7,0.7864,940,4,0,8,0.1,CIFAR10_alexnet_GEN_accuracy_kp1000_seed42,42,4000,953,42,accuracy,100042,0.7864,5,0.652364189529419,5.517481774091721,10,0.652364189529419,valid,0.7862098302333279,0.7874840451620112,0.7864000000000001,100042
GEN,0.7864,170,170,offspring,0,0,CIFAR10,954,main_b1000_cifar10_alexnet_GEN_kp10_seed42,0.1,0.7773,105,False,0.1,alexnet,True,400,200,2,0.7864,943,7,0.7864,940,4,0,9,0.1,CIFAR10_alexnet_GEN_accuracy_kp1000_seed42,42,4000,954,42,accuracy,100042,0.7773,2,0.6493688426971436,5.571959003806114,10,0.6493688426971436,valid,0.7766262246976376,0.7783804230241069,0.7773,100042
GEN,0.7864,170,170,offspring,0,0,CIFAR10,955,main_b1000_cifar10_alexnet_GEN_kp10_seed42,0.1,0.7864,105,False,0.1,alexnet,False,0,0,1,0.7864,170,1,0.7864,939,3,0,10,0.1,CIFAR10_alexnet_GEN_accuracy_kp1000_seed42,42,4000,955,42,accuracy,100042,0.7864,5,0.652364189529419,5.540152043104172,10,0.652364189529419,valid,0.7862098302333279,0.7874840451620112,0.7864000000000001,100042
GEN,0.7864,170,170,offspring,0,0,CIFAR10,956,main_b1000_cifar10_alexnet_GEN_kp10_seed42,0.1,0.7864,106,False,0.1,alexnet,False,0,0,1,0.7864,948,3,0.7864,952,7,0,2,0.1,CIFAR10_alexnet_GEN_accuracy_kp1000_seed42,42,4000,956,42,accuracy,100042,0.7864,5,0.652364189529419,5.518411710858345,10,0.652364189529419,valid,0.7862098302333279,0.7874840451620112,0.7864000000000001,100042
GEN,0.7864,170,170,offspring,0,0,CIFAR10,957,main_b1000_cifar10_alexnet_GEN_kp10_seed42,0.1,0.7864,106,False,0.1,alexnet,False,0,0,2,0.7864,948,3,0.7864,952,7,0,3,0.1,CIFAR10_alexnet_GEN_accuracy_kp1000_seed42,42,4000,957,42,accuracy,100042,0.7864,5,0.652364189529419,5.5348315089941025,10,0.652364189529419,valid,0.7862098302333279,0.7874840451620112,0.7864000000000001,100042
GEN,0.7864,170,170,offspring,0,0,CIFAR10,958,main_b1000_cifar10_alexnet_GEN_kp10_seed42,0.1,0.7864,106,False,0.1,alexnet,False,0,0,1,0.7864,950,5,0.7864,947,2,0,4,0.1,CIFAR10_alexnet_GEN_accuracy_kp1000_seed42,42,4000,958,42,accuracy,100042,0.7864,5,0.652364189529419,5.502756297588348,10,0.652364189529419,valid,0.7862098302333279,0.7874840451620112,0.7864000000000001,100042
GEN,0.7864,170,170,offspring,0,0,CIFAR10,959,main_b1000_cifar10_alexnet_GEN_kp10_seed42,0.1,0.7864,106,False,0.1,alexnet,False,0,0,2,0.7864,950,5,0.7864,947,2,0,5,0.1,CIFAR10_alexnet_GEN_accuracy_kp1000_seed42,42,4000,959,42,accuracy,100042,0.7864,5,0.652364189529419,5.528701633214951,10,0.652364189529419,valid,0.7862098302333279,0.7874840451620112,0.7864000000000001,100042
GEN,0.7864,170,170,offspring,0,0,CIFAR10,960,main_b1000_cifar10_alexnet_GEN_kp10_seed42,0.1,0.7864,106,False,0.1,alexnet,False,0,0,1,0.7864,952,7,0.7864,948,3,0,6,0.1,CIFAR10_alexnet_GEN_accuracy_kp1000_seed42,42,4000,960,42,accuracy,100042,0.7864,5,0.652364189529419,5.522627405822277,10,0.652364189529419,valid,0.7862098302333279,0.7874840451620112,0.7864000000000001,100042
GEN,0.7864,170,170,offspring,0,0,CIFAR10,961,main_b1000_cifar10_alexnet_GEN_kp10_seed42,0.1,0.7864,106,False,0.1,alexnet,False,0,0,2,0.7864,952,7,0.7864,948,3,0,7,0.1,CIFAR10_alexnet_GEN_accuracy_kp1000_seed42,42,4000,961,42,accuracy,100042,0.7864,5,0.652364189529419,5.508612670004368,10,0.652364189529419,valid,0.7862098302333279,0.7874840451620112,0.7864000000000001,100042
GEN,0.7864,170,170,offspring,0,0,CIFAR10,962,main_b1000_cifar10_alexnet_GEN_kp10_seed42,0.1,0.7864,106,False,0.1,alexnet,False,0,0,1,0.7864,949,4,0.7864,952,7,0,8,0.1,CIFAR10_alexnet_GEN_accuracy_kp1000_seed42,42,4000,962,42,accuracy,100042,0.7864,5,0.652364189529419,5.605502352118492,10,0.652364189529419,valid,0.7862098302333279,0.7874840451620112,0.7864000000000001,100042
GEN,0.7864,170,170,offspring,0,0,CIFAR10,963,main_b1000_cifar10_alexnet_GEN_kp10_seed42,0.1,0.7864,106,False,0.1,alexnet,False,0,0,2,0.7864,949,4,0.7864,952,7,0,9,0.1,CIFAR10_alexnet_GEN_accuracy_kp1000_seed42,42,4000,963,42,accuracy,100042,0.7864,5,0.652364189529419,5.566423773765564,10,0.652364189529419,valid,0.7862098302333279,0.7874840451620112,0.7864000000000001,100042
GEN,0.7864,170,170,offspring,0,0,CIFAR10,964,main_b1000_cifar10_alexnet_GEN_kp10_seed42,0.1,0.7864,106,False,0.1,alexnet,False,0,0,1,0.7864,949,4,0.7864,947,2,0,10,0.1,CIFAR10_alexnet_GEN_accuracy_kp1000_seed42,42,4000,964,42,accuracy,100042,0.7864,5,0.652364189529419,5.545674078166485,10,0.652364189529419,valid,0.7862098302333279,0.7874840451620112,0.7864000000000001,100042
GEN,0.7864,170,170,offspring,0,0,CIFAR10,965,main_b1000_cifar10_alexnet_GEN_kp10_seed42,0.1,0.7864,107,False,0.1,alexnet,False,0,0,1,0.7864,958,4,0.7864,960,6,0,2,0.1,CIFAR10_alexnet_GEN_accuracy_kp1000_seed42,42,4000,965,42,accuracy,100042,0.7864,5,0.652364189529419,5.572967454791069,10,0.652364189529419,valid,0.7862098302333279,0.7874840451620112,0.7864000000000001,100042
GEN,0.7864,170,170,offspring,0,0,CIFAR10,966,main_b1000_cifar10_alexnet_GEN_kp10_seed42,0.1,0.7864,107,False,0.1,alexnet,False,0,0,2,0.7864,958,4,0.7864,960,6,0,3,0.1,CIFAR10_alexnet_GEN_accuracy_kp1000_seed42,42,4000,966,42,accuracy,100042,0.7864,5,0.652364189529419,5.525231473147869,10,0.652364189529419,valid,0.7862098302333279,0.7874840451620112,0.7864000000000001,100042
GEN,0.7864,170,170,offspring,0,0,CIFAR10,967,main_b1000_cifar10_alexnet_GEN_kp10_seed42,0.1,0.7864,107,False,0.1,alexnet,False,0,0,1,0.7864,959,5,0.7864,958,4,0,4,0.1,CIFAR10_alexnet_GEN_accuracy_kp1000_seed42,42,4000,967,42,accuracy,100042,0.7864,5,0.652364189529419,5.519805684685707,10,0.652364189529419,valid,0.7862098302333279,0.7874840451620112,0.7864000000000001,100042
GEN,0.7864,170,170,offspring,0,0,CIFAR10,968,main_b1000_cifar10_alexnet_GEN_kp10_seed42,0.1,0.7864,107,False,0.1,alexnet,False,0,0,2,0.7864,959,5,0.7864,958,4,0,5,0.1,CIFAR10_alexnet_GEN_accuracy_kp1000_seed42,42,4000,968,42,accuracy,100042,0.7864,5,0.652364189529419,5.516769647598267,10,0.652364189529419,valid,0.7862098302333279,0.7874840451620112,0.7864000000000001,100042
GEN,0.7864,170,170,offspring,0,0,CIFAR10,969,main_b1000_cifar10_alexnet_GEN_kp10_seed42,0.1,0.7864,107,False,0.1,alexnet,False,0,0,1,0.7864,961,7,0.7864,963,9,0,6,0.1,CIFAR10_alexnet_GEN_accuracy_kp1000_seed42,42,4000,969,42,accuracy,100042,0.7864,5,0.652364189529419,5.514489233493805,10,0.652364189529419,valid,0.7862098302333279,0.7874840451620112,0.7864000000000001,100042
GEN,0.7864,170,170,offspring,0,0,CIFAR10,970,main_b1000_cifar10_alexnet_GEN_kp10_seed42,0.1,0.7864,107,False,0.1,alexnet,False,0,0,2,0.7864,961,7,0.7864,963,9,0,7,0.1,CIFAR10_alexnet_GEN_accuracy_kp1000_seed42,42,4000,970,42,accuracy,100042,0.7864,5,0.652364189529419,5.534736566245556,10,0.652364189529419,valid,0.7862098302333279,0.7874840451620112,0.7864000000000001,100042
GEN,0.7864,170,170,offspring,0,0,CIFAR10,971,main_b1000_cifar10_alexnet_GEN_kp10_seed42,0.1,0.7864,107,False,0.1,alexnet,False,0,0,1,0.7864,957,3,0.7864,962,8,0,8,0.1,CIFAR10_alexnet_GEN_accuracy_kp1000_seed42,42,4000,971,42,accuracy,100042,0.7864,5,0.652364189529419,5.525411389768124,10,0.652364189529419,valid,0.7862098302333279,0.7874840451620112,0.7864000000000001,100042
GEN,0.7864,170,170,offspring,0,0,CIFAR10,972,main_b1000_cifar10_alexnet_GEN_kp10_seed42,0.1,0.7864,107,False,0.1,alexnet,False,0,0,2,0.7864,957,3,0.7864,962,8,0,9,0.1,CIFAR10_alexnet_GEN_accuracy_kp1000_seed42,42,4000,972,42,accuracy,100042,0.7864,5,0.652364189529419,5.5783248990774155,10,0.652364189529419,valid,0.7862098302333279,0.7874840451620112,0.7864000000000001,100042
GEN,0.7864,170,170,offspring,0,0,CIFAR10,973,main_b1000_cifar10_alexnet_GEN_kp10_seed42,0.1,0.7864,107,False,0.1,alexnet,False,0,0,1,0.7864,961,7,0.7864,170,1,0,10,0.1,CIFAR10_alexnet_GEN_accuracy_kp1000_seed42,42,4000,973,42,accuracy,100042,0.7864,5,0.652364189529419,5.598858259618282,10,0.652364189529419,valid,0.7862098302333279,0.7874840451620112,0.7864000000000001,100042
GEN,0.7864,170,170,offspring,0,0,CIFAR10,974,main_b1000_cifar10_alexnet_GEN_kp10_seed42,0.1,0.7864,108,False,0.1,alexnet,False,0,0,1,0.7864,970,7,0.7864,170,1,0,2,0.1,CIFAR10_alexnet_GEN_accuracy_kp1000_seed42,42,4000,974,42,accuracy,100042,0.7864,5,0.652364189529419,5.552305638790131,10,0.652364189529419,valid,0.7862098302333279,0.7874840451620112,0.7864000000000001,100042
GEN,0.7864,170,170,offspring,0,0,CIFAR10,975,main_b1000_cifar10_alexnet_GEN_kp10_seed42,0.1,0.7864,108,False,0.1,alexnet,False,0,0,2,0.7864,970,7,0.7864,170,1,0,3,0.1,CIFAR10_alexnet_GEN_accuracy_kp1000_seed42,42,4000,975,42,accuracy,100042,0.7864,5,0.652364189529419,5.5210068598389626,10,0.652364189529419,valid,0.7862098302333279,0.7874840451620112,0.7864000000000001,100042
GEN,0.7864,170,170,offspring,0,0,CIFAR10,976,main_b1000_cifar10_alexnet_GEN_kp10_seed42,0.1,0.7833,108,False,0.1,alexnet,True,400,200,1,0.7864,970,7,0.7864,973,10,0,4,0.1,CIFAR10_alexnet_GEN_accuracy_kp1000_seed42,42,4000,976,42,accuracy,100042,0.7833,5,0.6478670659542084,5.550485514104366,10,0.6478670659542084,valid,0.7833831084000201,0.7866937101340861,0.7833,100042
GEN,0.7864,170,170,offspring,0,0,CIFAR10,977,main_b1000_cifar10_alexnet_GEN_kp10_seed42,0.1,0.7864,108,False,0.1,alexnet,False,0,0,2,0.7864,970,7,0.7864,973,10,0,5,0.1,CIFAR10_alexnet_GEN_accuracy_kp1000_seed42,42,4000,977,42,accuracy,100042,0.7864,5,0.652364189529419,5.5431879088282585,10,0.652364189529419,valid,0.7862098302333279,0.7874840451620112,0.7864000000000001,100042
GEN,0.7864,170,170,offspring,0,0,CIFAR10,978,main_b1000_cifar10_alexnet_GEN_kp10_seed42,0.1,0.7864,108,False,0.1,alexnet,False,0,0,1,0.7864,968,5,0.7864,170,1,0,6,0.1,CIFAR10_alexnet_GEN_accuracy_kp1000_seed42,42,4000,978,42,accuracy,100042,0.7864,5,0.652364189529419,5.541493631899357,10,0.652364189529419,valid,0.7862098302333279,0.7874840451620112,0.7864000000000001,100042
GEN,0.7864,170,170,offspring,0,0,CIFAR10,979,main_b1000_cifar10_alexnet_GEN_kp10_seed42,0.1,0.7864,108,False,0.1,alexnet,False,0,0,2,0.7864,968,5,0.7864,170,1,0,7,0.1,CIFAR10_alexnet_GEN_accuracy_kp1000_seed42,42,4000,979,42,accuracy,100042,0.7864,5,0.652364189529419,5.549261763691902,10,0.652364189529419,valid,0.7862098302333279,0.7874840451620112,0.7864000000000001,100042
GEN,0.7864,170,170,offspring,0,0,CIFAR10,980,main_b1000_cifar10_alexnet_GEN_kp10_seed42,0.1,0.7864,108,False,0.1,alexnet,False,0,0,1,0.7864,966,3,0.7864,968,5,0,8,0.1,CIFAR10_alexnet_GEN_accuracy_kp1000_seed42,42,4000,980,42,accuracy,100042,0.7864,5,0.652364189529419,5.551737949252129,10,0.652364189529419,valid,0.7862098302333279,0.7874840451620112,0.7864000000000001,100042
GEN,0.7864,170,170,offspring,0,0,CIFAR10,981,main_b1000_cifar10_alexnet_GEN_kp10_seed42,0.1,0.7864,108,False,0.1,alexnet,False,0,0,2,0.7864,966,3,0.7864,968,5,0,9,0.1,CIFAR10_alexnet_GEN_accuracy_kp1000_seed42,42,4000,981,42,accuracy,100042,0.7864,5,0.652364189529419,5.509876102209091,10,0.652364189529419,valid,0.7862098302333279,0.7874840451620112,0.7864000000000001,100042
GEN,0.7864,170,170,offspring,0,0,CIFAR10,982,main_b1000_cifar10_alexnet_GEN_kp10_seed42,0.1,0.7817,108,False,0.1,alexnet,True,400,200,1,0.7864,969,6,0.7864,965,2,0,10,0.1,CIFAR10_alexnet_GEN_accuracy_kp1000_seed42,42,4000,982,42,accuracy,100042,0.7817,4,0.640473532819748,5.577467225492001,10,0.640473532819748,valid,0.7813289787686193,0.78251693939642,0.7817000000000001,100042
GEN,0.7864,170,170,offspring,0,0,CIFAR10,983,main_b1000_cifar10_alexnet_GEN_kp10_seed42,0.1,0.7864,109,False,0.1,alexnet,False,0,0,1,0.7864,170,1,0.7864,980,8,0,2,0.1,CIFAR10_alexnet_GEN_accuracy_kp1000_seed42,42,4000,983,42,accuracy,100042,0.7864,5,0.652364189529419,5.583396308124065,10,0.652364189529419,valid,0.7862098302333279,0.7874840451620112,0.7864000000000001,100042
GEN,0.7864,170,170,offspring,0,0,CIFAR10,984,main_b1000_cifar10_alexnet_GEN_kp10_seed42,0.1,0.7864,109,False,0.1,alexnet,False,0,0,2,0.7864,170,1,0.7864,980,8,0,3,0.1,CIFAR10_alexnet_GEN_accuracy_kp1000_seed42,42,4000,984,42,accuracy,100042,0.7864,5,0.652364189529419,5.563965789973736,10,0.652364189529419,valid,0.7862098302333279,0.7874840451620112,0.7864000000000001,100042
GEN,0.7864,170,170,offspring,0,0,CIFAR10,985,main_b1000_cifar10_alexnet_GEN_kp10_seed42,0.1,0.7864,109,False,0.1,alexnet,False,0,0,1,0.7864,981,9,0.7864,978,6,0,4,0.1,CIFAR10_alexnet_GEN_accuracy_kp1000_seed42,42,4000,985,42,accuracy,100042,0.7864,5,0.652364189529419,5.54923614859581,10,0.652364189529419,valid,0.7862098302333279,0.7874840451620112,0.7864000000000001,100042
GEN,0.7864,170,170,offspring,0,0,CIFAR10,986,main_b1000_cifar10_alexnet_GEN_kp10_seed42,0.1,0.7864,109,False,0.1,alexnet,False,0,0,2,0.7864,981,9,0.7864,978,6,0,5,0.1,CIFAR10_alexnet_GEN_accuracy_kp1000_seed42,42,4000,986,42,accuracy,100042,0.7864,5,0.652364189529419,5.532018892467022,10,0.652364189529419,valid,0.7862098302333279,0.7874840451620112,0.7864000000000001,100042
GEN,0.7864,170,170,offspring,0,0,CIFAR10,987,main_b1000_cifar10_alexnet_GEN_kp10_seed42,0.1,0.7864,109,False,0.1,alexnet,False,0,0,1,0.7864,977,5,0.7864,974,2,0,6,0.1,CIFAR10_alexnet_GEN_accuracy_kp1000_seed42,42,4000,987,42,accuracy,100042,0.7864,5,0.652364189529419,5.5191445723176,10,0.652364189529419,valid,0.7862098302333279,0.7874840451620112,0.7864000000000001,100042
GEN,0.7864,170,170,offspring,0,0,CIFAR10,988,main_b1000_cifar10_alexnet_GEN_kp10_seed42,0.1,0.7864,109,False,0.1,alexnet,False,0,0,2,0.7864,977,5,0.7864,974,2,0,7,0.1,CIFAR10_alexnet_GEN_accuracy_kp1000_seed42,42,4000,988,42,accuracy,100042,0.7864,5,0.652364189529419,5.5362048000097275,10,0.652364189529419,valid,0.7862098302333279,0.7874840451620112,0.7864000000000001,100042
GEN,0.7864,170,170,offspring,0,0,CIFAR10,989,main_b1000_cifar10_alexnet_GEN_kp10_seed42,0.1,0.7864,109,False,0.1,alexnet,False,0,0,1,0.7864,980,8,0.7864,979,7,0,8,0.1,CIFAR10_alexnet_GEN_accuracy_kp1000_seed42,42,4000,989,42,accuracy,100042,0.7864,5,0.652364189529419,5.5234657898545265,10,0.652364189529419,valid,0.7862098302333279,0.7874840451620112,0.7864000000000001,100042
GEN,0.7864,170,170,offspring,0,0,CIFAR10,990,main_b1000_cifar10_alexnet_GEN_kp10_seed42,0.1,0.7864,109,False,0.1,alexnet,False,0,0,2,0.7864,980,8,0.7864,979,7,0,9,0.1,CIFAR10_alexnet_GEN_accuracy_kp1000_seed42,42,4000,990,42,accuracy,100042,0.7864,5,0.652364189529419,5.541357807815075,10,0.652364189529419,valid,0.7862098302333279,0.7874840451620112,0.7864000000000001,100042
GEN,0.7864,170,170,offspring,0,0,CIFAR10,991,main_b1000_cifar10_alexnet_GEN_kp10_seed42,0.1,0.785,109,False,0.1,alexnet,True,400,200,1,0.7864,170,1,0.7864,979,7,0,10,0.1,CIFAR10_alexnet_GEN_accuracy_kp1000_seed42,42,4000,991,42,accuracy,100042,0.785,4,0.6396647558212281,5.5525598004460335,10,0.6396647558212281,valid,0.7848714593996247,0.7859030125668774,0.7849999999999999,100042
GEN,0.7864,170,170,offspring,0,0,CIFAR10,992,main_b1000_cifar10_alexnet_GEN_kp10_seed42,0.1,0.7864,110,False,0.1,alexnet,False,0,0,1,0.7864,985,4,0.7864,983,2,0,2,0.1,CIFAR10_alexnet_GEN_accuracy_kp1000_seed42,42,4000,992,42,accuracy,100042,0.7864,5,0.652364189529419,5.5236203372478485,10,0.652364189529419,valid,0.7862098302333279,0.7874840451620112,0.7864000000000001,100042
GEN,0.7864,170,170,offspring,0,0,CIFAR10,993,main_b1000_cifar10_alexnet_GEN_kp10_seed42,0.1,0.7816,110,False,0.1,alexnet,True,400,200,2,0.7864,985,4,0.7864,983,2,0,3,0.1,CIFAR10_alexnet_GEN_accuracy_kp1000_seed42,42,4000,993,42,accuracy,100042,0.7816,6,0.6626489871025085,5.5744438618421555,10,0.6626489871025085,valid,0.7818679026596043,0.7839501364713786,0.7815999999999999,100042
GEN,0.7864,170,170,offspring,0,0,CIFAR10,994,main_b1000_cifar10_alexnet_GEN_kp10_seed42,0.1,0.7864,110,False,0.1,alexnet,False,0,0,1,0.7864,985,4,0.7864,987,6,0,4,0.1,CIFAR10_alexnet_GEN_accuracy_kp1000_seed42,42,4000,994,42,accuracy,100042,0.7864,5,0.652364189529419,5.6014497727155685,10,0.652364189529419,valid,0.7862098302333279,0.7874840451620112,0.7864000000000001,100042
GEN,0.7864,170,170,offspring,0,0,CIFAR10,995,main_b1000_cifar10_alexnet_GEN_kp10_seed42,0.1,0.7864,110,False,0.1,alexnet,False,0,0,2,0.7864,985,4,0.7864,987,6,0,5,0.1,CIFAR10_alexnet_GEN_accuracy_kp1000_seed42,42,4000,995,42,accuracy,100042,0.7864,5,0.652364189529419,5.553332932293415,10,0.652364189529419,valid,0.7862098302333279,0.7874840451620112,0.7864000000000001,100042
GEN,0.7864,170,170,offspring,0,0,CIFAR10,996,main_b1000_cifar10_alexnet_GEN_kp10_seed42,0.1,0.784,110,False,0.1,alexnet,True,400,200,1,0.7864,986,5,0.7864,988,7,0,6,0.1,CIFAR10_alexnet_GEN_accuracy_kp1000_seed42,42,4000,996,42,accuracy,100042,0.784,6,0.6492656301021575,5.52817003428936,10,0.6492656301021575,valid,0.7835652404632334,0.7835108317414796,0.784,100042
GEN,0.7864,170,170,offspring,0,0,CIFAR10,997,main_b1000_cifar10_alexnet_GEN_kp10_seed42,0.1,0.7864,110,False,0.1,alexnet,False,0,0,2,0.7864,986,5,0.7864,988,7,0,7,0.1,CIFAR10_alexnet_GEN_accuracy_kp1000_seed42,42,4000,997,42,accuracy,100042,0.7864,5,0.652364189529419,5.5299515798687935,10,0.652364189529419,valid,0.7862098302333279,0.7874840451620112,0.7864000000000001,100042
GEN,0.7864,170,170,offspring,0,0,CIFAR10,998,main_b1000_cifar10_alexnet_GEN_kp10_seed42,0.1,0.7864,110,False,0.1,alexnet,False,0,0,1,0.7864,983,2,0.7864,987,6,0,8,0.1,CIFAR10_alexnet_GEN_accuracy_kp1000_seed42,42,4000,998,42,accuracy,100042,0.7864,5,0.652364189529419,5.5321676805615425,10,0.652364189529419,valid,0.7862098302333279,0.7874840451620112,0.7864000000000001,100042
GEN,0.7864,170,170,offspring,0,0,CIFAR10,999,main_b1000_cifar10_alexnet_GEN_kp10_seed42,0.1,0.7864,110,False,0.1,alexnet,False,0,0,2,0.7864,983,2,0.7864,987,6,0,9,0.1,CIFAR10_alexnet_GEN_accuracy_kp1000_seed42,42,4000,999,42,accuracy,100042,0.7864,5,0.652364189529419,5.520571053028107,10,0.652364189529419,valid,0.7862098302333279,0.7874840451620112,0.7864000000000001,100042
GEN,0.7864,170,170,offspring,0,0,CIFAR10,1000,main_b1000_cifar10_alexnet_GEN_kp10_seed42,0.1,0.7864,110,False,0.1,alexnet,False,0,0,1,0.7864,170,1,0.7864,986,5,0,10,0.1,CIFAR10_alexnet_GEN_accuracy_kp1000_seed42,42,4000,1000,42,accuracy,100042,0.7864,5,0.652364189529419,5.542074158787727,10,0.652364189529419,valid,0.7862098302333279,0.7874840451620112,0.7864000000000001,100042
