Algorithm,Best Fitness,Best Found At Evaluation,Best Solution ID,Candidate Type,Dataset,Evaluation,Experiment Name,Final Percentage,Fitness,Improved Best,Initial Percentage,Model,Requested Keep Percentage,Run ID,Search Seed,Selected Instances,Solution ID,Split Seed,Target Metric,Training Seed,accuracy,best_epoch,best_validation_loss,candidate_duration_seconds,epochs_trained,evaluation_loss,evaluation_split,f1,precision,recall,training_seed
RS,0.7916,1,1,random,CIFAR10,1,main_b1000_cifar10_alexnet_RS_kp25_seed789,0.25,0.7916,True,0.25,alexnet,0.25,CIFAR10_alexnet_RS_accuracy_kp2500_seed789,789,10000,1,42,accuracy,100789,0.7916,2,0.6065126979827881,9.654452107846737,10,0.6065126979827881,valid,0.7917878076876109,0.794937018220098,0.7916,100789
RS,0.798,2,2,random,CIFAR10,2,main_b1000_cifar10_alexnet_RS_kp25_seed789,0.25,0.798,True,0.25,alexnet,0.25,CIFAR10_alexnet_RS_accuracy_kp2500_seed789,789,10000,2,42,accuracy,100789,0.798,3,0.5903786083221435,8.979718044400215,10,0.5903786083221435,valid,0.7971636906696589,0.7990006298506993,0.7979999999999999,100789
RS,0.798,2,2,random,CIFAR10,3,main_b1000_cifar10_alexnet_RS_kp25_seed789,0.25,0.795,False,0.25,alexnet,0.25,CIFAR10_alexnet_RS_accuracy_kp2500_seed789,789,10000,3,42,accuracy,100789,0.795,4,0.6059472428798676,9.107442982494831,10,0.6059472428798676,valid,0.7958151885032934,0.8023268184872301,0.7950000000000002,100789
RS,0.798,2,2,random,CIFAR10,4,main_b1000_cifar10_alexnet_RS_kp25_seed789,0.25,0.7929,False,0.25,alexnet,0.25,CIFAR10_alexnet_RS_accuracy_kp2500_seed789,789,10000,4,42,accuracy,100789,0.7929,5,0.6175395019054413,9.039931878447533,10,0.6175395019054413,valid,0.792109002792179,0.793460047844542,0.7929000000000002,100789
RS,0.7981,5,5,random,CIFAR10,5,main_b1000_cifar10_alexnet_RS_kp25_seed789,0.25,0.7981,True,0.25,alexnet,0.25,CIFAR10_alexnet_RS_accuracy_kp2500_seed789,789,10000,5,42,accuracy,100789,0.7981,3,0.6005526350975037,9.105981476604939,10,0.6005526350975037,valid,0.7977922390647316,0.8008540304056131,0.7981,100789
RS,0.7981,5,5,random,CIFAR10,6,main_b1000_cifar10_alexnet_RS_kp25_seed789,0.25,0.7938,False,0.25,alexnet,0.25,CIFAR10_alexnet_RS_accuracy_kp2500_seed789,789,10000,6,42,accuracy,100789,0.7938,5,0.6307673480033874,9.027048230171204,10,0.6307673480033874,valid,0.7936885769247383,0.7952927459699444,0.7938000000000001,100789
RS,0.7981,5,5,random,CIFAR10,7,main_b1000_cifar10_alexnet_RS_kp25_seed789,0.25,0.7912,False,0.25,alexnet,0.25,CIFAR10_alexnet_RS_accuracy_kp2500_seed789,789,10000,7,42,accuracy,100789,0.7912,2,0.609164589357376,9.06615974009037,10,0.609164589357376,valid,0.7911588984353737,0.7930682186983871,0.7911999999999999,100789
RS,0.7981,5,5,random,CIFAR10,8,main_b1000_cifar10_alexnet_RS_kp25_seed789,0.25,0.79,False,0.25,alexnet,0.25,CIFAR10_alexnet_RS_accuracy_kp2500_seed789,789,10000,8,42,accuracy,100789,0.79,3,0.6218412195205688,8.969588905572891,10,0.6218412195205688,valid,0.7895906378986931,0.7976524660980397,0.7899999999999999,100789
RS,0.7981,5,5,random,CIFAR10,9,main_b1000_cifar10_alexnet_RS_kp25_seed789,0.25,0.7967,False,0.25,alexnet,0.25,CIFAR10_alexnet_RS_accuracy_kp2500_seed789,789,10000,9,42,accuracy,100789,0.7967,4,0.6112913544654847,8.983409568667412,10,0.6112913544654847,valid,0.7970636033154515,0.8000508088377878,0.7967,100789
RS,0.7981,5,5,random,CIFAR10,10,main_b1000_cifar10_alexnet_RS_kp25_seed789,0.25,0.7946,False,0.25,alexnet,0.25,CIFAR10_alexnet_RS_accuracy_kp2500_seed789,789,10000,10,42,accuracy,100789,0.7946,3,0.597671601819992,9.01222712546587,10,0.597671601819992,valid,0.7940455478318315,0.7972335607756914,0.7946,100789
RS,0.7981,5,5,random,CIFAR10,11,main_b1000_cifar10_alexnet_RS_kp25_seed789,0.25,0.7932,False,0.25,alexnet,0.25,CIFAR10_alexnet_RS_accuracy_kp2500_seed789,789,10000,11,42,accuracy,100789,0.7932,5,0.6197255988121033,8.976965516805649,10,0.6197255988121033,valid,0.7928290973961124,0.7929751909379436,0.7932,100789
RS,0.7981,5,5,random,CIFAR10,12,main_b1000_cifar10_alexnet_RS_kp25_seed789,0.25,0.7981,False,0.25,alexnet,0.25,CIFAR10_alexnet_RS_accuracy_kp2500_seed789,789,10000,12,42,accuracy,100789,0.7981,3,0.5982069666862487,9.05813093483448,10,0.5982069666862487,valid,0.7979672896119853,0.8027227153697376,0.7980999999999999,100789
RS,0.7981,5,5,random,CIFAR10,13,main_b1000_cifar10_alexnet_RS_kp25_seed789,0.25,0.7906,False,0.25,alexnet,0.25,CIFAR10_alexnet_RS_accuracy_kp2500_seed789,789,10000,13,42,accuracy,100789,0.7906,2,0.5984662400245666,9.075043216347694,10,0.5984662400245666,valid,0.7897350629621557,0.7935211461217675,0.7906,100789
RS,0.7981,5,5,random,CIFAR10,14,main_b1000_cifar10_alexnet_RS_kp25_seed789,0.25,0.7904,False,0.25,alexnet,0.25,CIFAR10_alexnet_RS_accuracy_kp2500_seed789,789,10000,14,42,accuracy,100789,0.7904,3,0.6120689293384552,9.016332723200321,10,0.6120689293384552,valid,0.7899111964041454,0.7930654787047474,0.7904,100789
RS,0.7981,5,5,random,CIFAR10,15,main_b1000_cifar10_alexnet_RS_kp25_seed789,0.25,0.7906,False,0.25,alexnet,0.25,CIFAR10_alexnet_RS_accuracy_kp2500_seed789,789,10000,15,42,accuracy,100789,0.7906,3,0.613839353609085,8.981455639004707,10,0.613839353609085,valid,0.7916391948979731,0.7972502447124933,0.7906,100789
RS,0.7981,5,5,random,CIFAR10,16,main_b1000_cifar10_alexnet_RS_kp25_seed789,0.25,0.7977,False,0.25,alexnet,0.25,CIFAR10_alexnet_RS_accuracy_kp2500_seed789,789,10000,16,42,accuracy,100789,0.7977,3,0.5981514734268188,8.965596139431,10,0.5981514734268188,valid,0.7983146906447436,0.7998716191771951,0.7977000000000001,100789
RS,0.7981,5,5,random,CIFAR10,17,main_b1000_cifar10_alexnet_RS_kp25_seed789,0.25,0.793,False,0.25,alexnet,0.25,CIFAR10_alexnet_RS_accuracy_kp2500_seed789,789,10000,17,42,accuracy,100789,0.793,3,0.6119292109251022,8.995161592960358,10,0.6119292109251022,valid,0.792051487363896,0.7959752099969128,0.7929999999999999,100789
RS,0.7981,5,5,random,CIFAR10,18,main_b1000_cifar10_alexnet_RS_kp25_seed789,0.25,0.7867,False,0.25,alexnet,0.25,CIFAR10_alexnet_RS_accuracy_kp2500_seed789,789,10000,18,42,accuracy,100789,0.7867,2,0.6298850239753723,9.051781423389912,10,0.6298850239753723,valid,0.7857632157089754,0.7938540723876728,0.7867,100789
RS,0.7981,5,5,random,CIFAR10,19,main_b1000_cifar10_alexnet_RS_kp25_seed789,0.25,0.7888,False,0.25,alexnet,0.25,CIFAR10_alexnet_RS_accuracy_kp2500_seed789,789,10000,19,42,accuracy,100789,0.7888,3,0.6209562861442566,9.039159834384918,10,0.6209562861442566,valid,0.7874932489428003,0.7922209098445162,0.7888,100789
RS,0.7981,5,5,random,CIFAR10,20,main_b1000_cifar10_alexnet_RS_kp25_seed789,0.25,0.7953,False,0.25,alexnet,0.25,CIFAR10_alexnet_RS_accuracy_kp2500_seed789,789,10000,20,42,accuracy,100789,0.7953,4,0.6173740469932556,9.002242848277092,10,0.6173740469932556,valid,0.7946255640486337,0.7996664683117342,0.7953,100789
RS,0.7981,5,5,random,CIFAR10,21,main_b1000_cifar10_alexnet_RS_kp25_seed789,0.25,0.7895,False,0.25,alexnet,0.25,CIFAR10_alexnet_RS_accuracy_kp2500_seed789,789,10000,21,42,accuracy,100789,0.7895,2,0.6082411216259003,9.031508639454842,10,0.6082411216259003,valid,0.7887146927141047,0.7913835729163841,0.7895,100789
RS,0.7981,5,5,random,CIFAR10,22,main_b1000_cifar10_alexnet_RS_kp25_seed789,0.25,0.7905,False,0.25,alexnet,0.25,CIFAR10_alexnet_RS_accuracy_kp2500_seed789,789,10000,22,42,accuracy,100789,0.7905,3,0.6195616379737854,9.04441349953413,10,0.6195616379737854,valid,0.7913058026637599,0.7969893303073083,0.7905,100789
RS,0.7981,5,5,random,CIFAR10,23,main_b1000_cifar10_alexnet_RS_kp25_seed789,0.25,0.7963,False,0.25,alexnet,0.25,CIFAR10_alexnet_RS_accuracy_kp2500_seed789,789,10000,23,42,accuracy,100789,0.7963,5,0.6108099891662597,8.996129408478737,10,0.6108099891662597,valid,0.7959565829853823,0.7976992081334078,0.7963000000000001,100789
RS,0.7981,5,5,random,CIFAR10,24,main_b1000_cifar10_alexnet_RS_kp25_seed789,0.25,0.798,False,0.25,alexnet,0.25,CIFAR10_alexnet_RS_accuracy_kp2500_seed789,789,10000,24,42,accuracy,100789,0.798,3,0.6074637047290802,8.975319646298885,10,0.6074637047290802,valid,0.7981140797327118,0.8031317883619602,0.7979999999999999,100789
RS,0.7981,5,5,random,CIFAR10,25,main_b1000_cifar10_alexnet_RS_kp25_seed789,0.25,0.7884,False,0.25,alexnet,0.25,CIFAR10_alexnet_RS_accuracy_kp2500_seed789,789,10000,25,42,accuracy,100789,0.7884,3,0.6163708770751953,9.02975132316351,10,0.6163708770751953,valid,0.7893539808788479,0.7958116104013137,0.7884,100789
RS,0.7981,5,5,random,CIFAR10,26,main_b1000_cifar10_alexnet_RS_kp25_seed789,0.25,0.7934,False,0.25,alexnet,0.25,CIFAR10_alexnet_RS_accuracy_kp2500_seed789,789,10000,26,42,accuracy,100789,0.7934,3,0.6110490184307098,9.019448190927505,10,0.6110490184307098,valid,0.7935950672977442,0.7977352831523385,0.7934,100789
RS,0.7981,5,5,random,CIFAR10,27,main_b1000_cifar10_alexnet_RS_kp25_seed789,0.25,0.7825,False,0.25,alexnet,0.25,CIFAR10_alexnet_RS_accuracy_kp2500_seed789,789,10000,27,42,accuracy,100789,0.7825,2,0.6266388105869293,9.0322782471776,10,0.6266388105869293,valid,0.7826018435666235,0.7897668029133909,0.7825,100789
RS,0.7981,5,5,random,CIFAR10,28,main_b1000_cifar10_alexnet_RS_kp25_seed789,0.25,0.7855,False,0.25,alexnet,0.25,CIFAR10_alexnet_RS_accuracy_kp2500_seed789,789,10000,28,42,accuracy,100789,0.7855,2,0.625685834312439,9.067456677556038,10,0.625685834312439,valid,0.7872579666475128,0.7958128092690269,0.7855000000000001,100789
RS,0.7981,5,5,random,CIFAR10,29,main_b1000_cifar10_alexnet_RS_kp25_seed789,0.25,0.7962,False,0.25,alexnet,0.25,CIFAR10_alexnet_RS_accuracy_kp2500_seed789,789,10000,29,42,accuracy,100789,0.7962,4,0.6148856614589692,9.016536049544811,10,0.6148856614589692,valid,0.7952909057782178,0.7989613770743375,0.7962,100789
RS,0.7981,5,5,random,CIFAR10,30,main_b1000_cifar10_alexnet_RS_kp25_seed789,0.25,0.7908,False,0.25,alexnet,0.25,CIFAR10_alexnet_RS_accuracy_kp2500_seed789,789,10000,30,42,accuracy,100789,0.7908,2,0.6178303083896637,8.98340192437172,10,0.6178303083896637,valid,0.7905380351619989,0.7979491377537361,0.7908,100789
RS,0.7981,5,5,random,CIFAR10,31,main_b1000_cifar10_alexnet_RS_kp25_seed789,0.25,0.7953,False,0.25,alexnet,0.25,CIFAR10_alexnet_RS_accuracy_kp2500_seed789,789,10000,31,42,accuracy,100789,0.7953,5,0.6352773823738098,9.03093709051609,10,0.6352773823738098,valid,0.7950253894068839,0.7991141136018285,0.7953,100789
RS,0.7981,5,5,random,CIFAR10,32,main_b1000_cifar10_alexnet_RS_kp25_seed789,0.25,0.798,False,0.25,alexnet,0.25,CIFAR10_alexnet_RS_accuracy_kp2500_seed789,789,10000,32,42,accuracy,100789,0.798,5,0.6129436823129654,9.072819396853447,10,0.6129436823129654,valid,0.7971889777927179,0.8010423115310623,0.798,100789
RS,0.7981,5,5,random,CIFAR10,33,main_b1000_cifar10_alexnet_RS_kp25_seed789,0.25,0.7843,False,0.25,alexnet,0.25,CIFAR10_alexnet_RS_accuracy_kp2500_seed789,789,10000,33,42,accuracy,100789,0.7843,2,0.6177355461120605,9.008612297475338,10,0.6177355461120605,valid,0.7836666173120664,0.7887351225272557,0.7842999999999999,100789
RS,0.7981,5,5,random,CIFAR10,34,main_b1000_cifar10_alexnet_RS_kp25_seed789,0.25,0.7933,False,0.25,alexnet,0.25,CIFAR10_alexnet_RS_accuracy_kp2500_seed789,789,10000,34,42,accuracy,100789,0.7933,3,0.6171169944286347,9.052041038870811,10,0.6171169944286347,valid,0.7913130700519867,0.7950805670333905,0.7933000000000001,100789
RS,0.7981,5,5,random,CIFAR10,35,main_b1000_cifar10_alexnet_RS_kp25_seed789,0.25,0.7898,False,0.25,alexnet,0.25,CIFAR10_alexnet_RS_accuracy_kp2500_seed789,789,10000,35,42,accuracy,100789,0.7898,3,0.6172204120159149,8.970169886946678,10,0.6172204120159149,valid,0.7899361063586209,0.7938121824855819,0.7897999999999998,100789
RS,0.7981,5,5,random,CIFAR10,36,main_b1000_cifar10_alexnet_RS_kp25_seed789,0.25,0.7935,False,0.25,alexnet,0.25,CIFAR10_alexnet_RS_accuracy_kp2500_seed789,789,10000,36,42,accuracy,100789,0.7935,4,0.6098328073501587,9.002859488129616,10,0.6098328073501587,valid,0.793292435418636,0.794973756167463,0.7935000000000001,100789
RS,0.7981,5,5,random,CIFAR10,37,main_b1000_cifar10_alexnet_RS_kp25_seed789,0.25,0.7945,False,0.25,alexnet,0.25,CIFAR10_alexnet_RS_accuracy_kp2500_seed789,789,10000,37,42,accuracy,100789,0.7945,3,0.6111755921840668,8.996190756559372,10,0.6111755921840668,valid,0.7932168166644449,0.7960021406295057,0.7945,100789
RS,0.7981,5,5,random,CIFAR10,38,main_b1000_cifar10_alexnet_RS_kp25_seed789,0.25,0.7876,False,0.25,alexnet,0.25,CIFAR10_alexnet_RS_accuracy_kp2500_seed789,789,10000,38,42,accuracy,100789,0.7876,4,0.6292432339668274,9.071896195411682,10,0.6292432339668274,valid,0.7879307567927617,0.7930991230290971,0.7876,100789
RS,0.7981,5,5,random,CIFAR10,39,main_b1000_cifar10_alexnet_RS_kp25_seed789,0.25,0.7824,False,0.25,alexnet,0.25,CIFAR10_alexnet_RS_accuracy_kp2500_seed789,789,10000,39,42,accuracy,100789,0.7824,1,0.6208357674121857,9.005876123905182,10,0.6208357674121857,valid,0.782869549083667,0.7862611496704802,0.7824,100789
RS,0.7981,5,5,random,CIFAR10,40,main_b1000_cifar10_alexnet_RS_kp25_seed789,0.25,0.7939,False,0.25,alexnet,0.25,CIFAR10_alexnet_RS_accuracy_kp2500_seed789,789,10000,40,42,accuracy,100789,0.7939,2,0.6043202863693238,8.943873636424541,10,0.6043202863693238,valid,0.7940200004800044,0.7977149483394058,0.7939,100789
RS,0.7981,5,5,random,CIFAR10,41,main_b1000_cifar10_alexnet_RS_kp25_seed789,0.25,0.7882,False,0.25,alexnet,0.25,CIFAR10_alexnet_RS_accuracy_kp2500_seed789,789,10000,41,42,accuracy,100789,0.7882,2,0.6187702533245086,8.918191604316235,10,0.6187702533245086,valid,0.7868425836671626,0.7893517482615318,0.7882,100789
RS,0.8008,42,42,random,CIFAR10,42,main_b1000_cifar10_alexnet_RS_kp25_seed789,0.25,0.8008,True,0.25,alexnet,0.25,CIFAR10_alexnet_RS_accuracy_kp2500_seed789,789,10000,42,42,accuracy,100789,0.8008,3,0.5965244897842408,8.972872778773308,10,0.5965244897842408,valid,0.8005394145352589,0.8030458361799994,0.8008000000000001,100789
RS,0.8032,43,43,random,CIFAR10,43,main_b1000_cifar10_alexnet_RS_kp25_seed789,0.25,0.8032,True,0.25,alexnet,0.25,CIFAR10_alexnet_RS_accuracy_kp2500_seed789,789,10000,43,42,accuracy,100789,0.8032,5,0.6138613255500793,9.019602447748184,10,0.6138613255500793,valid,0.8038072064387976,0.8056483142843105,0.8032,100789
RS,0.8032,43,43,random,CIFAR10,44,main_b1000_cifar10_alexnet_RS_kp25_seed789,0.25,0.7933,False,0.25,alexnet,0.25,CIFAR10_alexnet_RS_accuracy_kp2500_seed789,789,10000,44,42,accuracy,100789,0.7933,3,0.609807446050644,9.000085711479187,10,0.609807446050644,valid,0.794505791736312,0.7991149151553602,0.7932999999999999,100789
RS,0.8032,43,43,random,CIFAR10,45,main_b1000_cifar10_alexnet_RS_kp25_seed789,0.25,0.7886,False,0.25,alexnet,0.25,CIFAR10_alexnet_RS_accuracy_kp2500_seed789,789,10000,45,42,accuracy,100789,0.7886,2,0.6082039239406586,9.038588620722294,10,0.6082039239406586,valid,0.7880548519873648,0.7912760921145652,0.7886,100789
RS,0.8032,43,43,random,CIFAR10,46,main_b1000_cifar10_alexnet_RS_kp25_seed789,0.25,0.7973,False,0.25,alexnet,0.25,CIFAR10_alexnet_RS_accuracy_kp2500_seed789,789,10000,46,42,accuracy,100789,0.7973,4,0.6123567234992982,8.959946125745773,10,0.6123567234992982,valid,0.7982268693049115,0.8069693130599909,0.7973000000000001,100789
RS,0.8032,43,43,random,CIFAR10,47,main_b1000_cifar10_alexnet_RS_kp25_seed789,0.25,0.7929,False,0.25,alexnet,0.25,CIFAR10_alexnet_RS_accuracy_kp2500_seed789,789,10000,47,42,accuracy,100789,0.7929,4,0.6256010337591171,8.957334451377392,10,0.6256010337591171,valid,0.7930593654328384,0.7956842454935571,0.7929,100789
RS,0.8032,43,43,random,CIFAR10,48,main_b1000_cifar10_alexnet_RS_kp25_seed789,0.25,0.7829,False,0.25,alexnet,0.25,CIFAR10_alexnet_RS_accuracy_kp2500_seed789,789,10000,48,42,accuracy,100789,0.7829,1,0.6237697122573852,9.074175201356411,10,0.6237697122573852,valid,0.7829674604612239,0.7855049193960869,0.7828999999999999,100789
RS,0.8032,43,43,random,CIFAR10,49,main_b1000_cifar10_alexnet_RS_kp25_seed789,0.25,0.7915,False,0.25,alexnet,0.25,CIFAR10_alexnet_RS_accuracy_kp2500_seed789,789,10000,49,42,accuracy,100789,0.7915,4,0.6349634558677674,9.017710603773594,10,0.6349634558677674,valid,0.7904979818010427,0.7924890740865844,0.7915,100789
RS,0.8032,43,43,random,CIFAR10,50,main_b1000_cifar10_alexnet_RS_kp25_seed789,0.25,0.7978,False,0.25,alexnet,0.25,CIFAR10_alexnet_RS_accuracy_kp2500_seed789,789,10000,50,42,accuracy,100789,0.7978,4,0.6169015937805176,9.051625296473503,10,0.6169015937805176,valid,0.79929014336318,0.8045602795680322,0.7978,100789
RS,0.8032,43,43,random,CIFAR10,51,main_b1000_cifar10_alexnet_RS_kp25_seed789,0.25,0.8019,False,0.25,alexnet,0.25,CIFAR10_alexnet_RS_accuracy_kp2500_seed789,789,10000,51,42,accuracy,100789,0.8019,4,0.6082445715904236,9.040680713951588,10,0.6082445715904236,valid,0.8011273526675977,0.8034672322994199,0.8019000000000001,100789
RS,0.8032,43,43,random,CIFAR10,52,main_b1000_cifar10_alexnet_RS_kp25_seed789,0.25,0.7843,False,0.25,alexnet,0.25,CIFAR10_alexnet_RS_accuracy_kp2500_seed789,789,10000,52,42,accuracy,100789,0.7843,2,0.6215922955989838,9.03100049495697,10,0.6215922955989838,valid,0.7830924720893683,0.7889363133858253,0.7843,100789
RS,0.8032,43,43,random,CIFAR10,53,main_b1000_cifar10_alexnet_RS_kp25_seed789,0.25,0.8017,False,0.25,alexnet,0.25,CIFAR10_alexnet_RS_accuracy_kp2500_seed789,789,10000,53,42,accuracy,100789,0.8017,5,0.6081750851154327,9.008662052452564,10,0.6081750851154327,valid,0.8017555841704397,0.8029638364524393,0.8017,100789
RS,0.8032,43,43,random,CIFAR10,54,main_b1000_cifar10_alexnet_RS_kp25_seed789,0.25,0.7904,False,0.25,alexnet,0.25,CIFAR10_alexnet_RS_accuracy_kp2500_seed789,789,10000,54,42,accuracy,100789,0.7904,2,0.6028735124111175,9.085876151919365,10,0.6028735124111175,valid,0.7913441689632866,0.7963789339179137,0.7904,100789
RS,0.8032,43,43,random,CIFAR10,55,main_b1000_cifar10_alexnet_RS_kp25_seed789,0.25,0.7875,False,0.25,alexnet,0.25,CIFAR10_alexnet_RS_accuracy_kp2500_seed789,789,10000,55,42,accuracy,100789,0.7875,2,0.6101464237689972,9.061032883822918,10,0.6101464237689972,valid,0.7863895339193994,0.7909431741011866,0.7875,100789
RS,0.8032,43,43,random,CIFAR10,56,main_b1000_cifar10_alexnet_RS_kp25_seed789,0.25,0.7904,False,0.25,alexnet,0.25,CIFAR10_alexnet_RS_accuracy_kp2500_seed789,789,10000,56,42,accuracy,100789,0.7904,3,0.6044277938365936,8.959746159613132,10,0.6044277938365936,valid,0.7910739210623919,0.7948313919682761,0.7904,100789
RS,0.8032,43,43,random,CIFAR10,57,main_b1000_cifar10_alexnet_RS_kp25_seed789,0.25,0.7923,False,0.25,alexnet,0.25,CIFAR10_alexnet_RS_accuracy_kp2500_seed789,789,10000,57,42,accuracy,100789,0.7923,4,0.6054483256816864,8.94583024829626,10,0.6054483256816864,valid,0.7916407368994627,0.7953096908517457,0.7923,100789
RS,0.8032,43,43,random,CIFAR10,58,main_b1000_cifar10_alexnet_RS_kp25_seed789,0.25,0.7924,False,0.25,alexnet,0.25,CIFAR10_alexnet_RS_accuracy_kp2500_seed789,789,10000,58,42,accuracy,100789,0.7924,3,0.6228006701469422,8.990852154791355,10,0.6228006701469422,valid,0.7914105941934639,0.7974513470003501,0.7924,100789
RS,0.8032,43,43,random,CIFAR10,59,main_b1000_cifar10_alexnet_RS_kp25_seed789,0.25,0.7962,False,0.25,alexnet,0.25,CIFAR10_alexnet_RS_accuracy_kp2500_seed789,789,10000,59,42,accuracy,100789,0.7962,4,0.6023702684879303,9.116078719496727,10,0.6023702684879303,valid,0.7955218723212413,0.7971147164405422,0.7962,100789
RS,0.8032,43,43,random,CIFAR10,60,main_b1000_cifar10_alexnet_RS_kp25_seed789,0.25,0.7875,False,0.25,alexnet,0.25,CIFAR10_alexnet_RS_accuracy_kp2500_seed789,789,10000,60,42,accuracy,100789,0.7875,3,0.6181614478111267,9.100920990109444,10,0.6181614478111267,valid,0.7865848884777952,0.7907127587356171,0.7875,100789
RS,0.8032,43,43,random,CIFAR10,61,main_b1000_cifar10_alexnet_RS_kp25_seed789,0.25,0.7974,False,0.25,alexnet,0.25,CIFAR10_alexnet_RS_accuracy_kp2500_seed789,789,10000,61,42,accuracy,100789,0.7974,3,0.6137225625991821,8.990689851343632,10,0.6137225625991821,valid,0.7978367676435097,0.8034522982042566,0.7973999999999999,100789
RS,0.8032,43,43,random,CIFAR10,62,main_b1000_cifar10_alexnet_RS_kp25_seed789,0.25,0.7986,False,0.25,alexnet,0.25,CIFAR10_alexnet_RS_accuracy_kp2500_seed789,789,10000,62,42,accuracy,100789,0.7986,3,0.5935631362438202,8.944924734532833,10,0.5935631362438202,valid,0.7985882301481643,0.8019610267041537,0.7985999999999999,100789
RS,0.8032,43,43,random,CIFAR10,63,main_b1000_cifar10_alexnet_RS_kp25_seed789,0.25,0.7902,False,0.25,alexnet,0.25,CIFAR10_alexnet_RS_accuracy_kp2500_seed789,789,10000,63,42,accuracy,100789,0.7902,2,0.6105171528339386,8.96783721446991,10,0.6105171528339386,valid,0.7891878292308638,0.7916001061989124,0.7901999999999999,100789
RS,0.8032,43,43,random,CIFAR10,64,main_b1000_cifar10_alexnet_RS_kp25_seed789,0.25,0.7974,False,0.25,alexnet,0.25,CIFAR10_alexnet_RS_accuracy_kp2500_seed789,789,10000,64,42,accuracy,100789,0.7974,4,0.5965862904548646,8.976636290550232,10,0.5965862904548646,valid,0.7968095327940842,0.7978532547147271,0.7974,100789
RS,0.8032,43,43,random,CIFAR10,65,main_b1000_cifar10_alexnet_RS_kp25_seed789,0.25,0.7837,False,0.25,alexnet,0.25,CIFAR10_alexnet_RS_accuracy_kp2500_seed789,789,10000,65,42,accuracy,100789,0.7837,1,0.6351536390304565,9.042659677565098,10,0.6351536390304565,valid,0.7832853972313549,0.7883920878697793,0.7837,100789
RS,0.8032,43,43,random,CIFAR10,66,main_b1000_cifar10_alexnet_RS_kp25_seed789,0.25,0.7945,False,0.25,alexnet,0.25,CIFAR10_alexnet_RS_accuracy_kp2500_seed789,789,10000,66,42,accuracy,100789,0.7945,5,0.6178688238143921,9.032742992043495,10,0.6178688238143921,valid,0.7946475190862354,0.7962538709142211,0.7945,100789
RS,0.8032,43,43,random,CIFAR10,67,main_b1000_cifar10_alexnet_RS_kp25_seed789,0.25,0.7942,False,0.25,alexnet,0.25,CIFAR10_alexnet_RS_accuracy_kp2500_seed789,789,10000,67,42,accuracy,100789,0.7942,2,0.6005525571346283,9.022481352090836,10,0.6005525571346283,valid,0.7953840396484233,0.7997298006344566,0.7941999999999999,100789
RS,0.8032,43,43,random,CIFAR10,68,main_b1000_cifar10_alexnet_RS_kp25_seed789,0.25,0.7895,False,0.25,alexnet,0.25,CIFAR10_alexnet_RS_accuracy_kp2500_seed789,789,10000,68,42,accuracy,100789,0.7895,4,0.6186341975212097,8.967867404222488,10,0.6186341975212097,valid,0.7889985870601885,0.7907092371849779,0.7895000000000001,100789
RS,0.8032,43,43,random,CIFAR10,69,main_b1000_cifar10_alexnet_RS_kp25_seed789,0.25,0.8009,False,0.25,alexnet,0.25,CIFAR10_alexnet_RS_accuracy_kp2500_seed789,789,10000,69,42,accuracy,100789,0.8009,5,0.6148067078590393,8.984793156385422,10,0.6148067078590393,valid,0.7995893291633643,0.8006853020120053,0.8009000000000001,100789
RS,0.8032,43,43,random,CIFAR10,70,main_b1000_cifar10_alexnet_RS_kp25_seed789,0.25,0.7862,False,0.25,alexnet,0.25,CIFAR10_alexnet_RS_accuracy_kp2500_seed789,789,10000,70,42,accuracy,100789,0.7862,3,0.6242792621612548,8.977266170084476,10,0.6242792621612548,valid,0.7863134335336888,0.7927143360173774,0.7862000000000001,100789
RS,0.8032,43,43,random,CIFAR10,71,main_b1000_cifar10_alexnet_RS_kp25_seed789,0.25,0.7978,False,0.25,alexnet,0.25,CIFAR10_alexnet_RS_accuracy_kp2500_seed789,789,10000,71,42,accuracy,100789,0.7978,4,0.6129715615749359,9.061191253364086,10,0.6129715615749359,valid,0.7979984866039614,0.8023375901315051,0.7978,100789
RS,0.8032,43,43,random,CIFAR10,72,main_b1000_cifar10_alexnet_RS_kp25_seed789,0.25,0.7981,False,0.25,alexnet,0.25,CIFAR10_alexnet_RS_accuracy_kp2500_seed789,789,10000,72,42,accuracy,100789,0.7981,3,0.5977624829769135,8.999744065105915,10,0.5977624829769135,valid,0.7977153188557651,0.7983250873596679,0.7981,100789
RS,0.8032,43,43,random,CIFAR10,73,main_b1000_cifar10_alexnet_RS_kp25_seed789,0.25,0.791,False,0.25,alexnet,0.25,CIFAR10_alexnet_RS_accuracy_kp2500_seed789,789,10000,73,42,accuracy,100789,0.791,3,0.6106496207237244,8.995329484343529,10,0.6106496207237244,valid,0.7900352726323628,0.7943562778526181,0.7909999999999999,100789
RS,0.8032,43,43,random,CIFAR10,74,main_b1000_cifar10_alexnet_RS_kp25_seed789,0.25,0.787,False,0.25,alexnet,0.25,CIFAR10_alexnet_RS_accuracy_kp2500_seed789,789,10000,74,42,accuracy,100789,0.787,2,0.6144697016716003,9.001120448112488,10,0.6144697016716003,valid,0.7867605143151108,0.7913746406893402,0.7869999999999999,100789
RS,0.8032,43,43,random,CIFAR10,75,main_b1000_cifar10_alexnet_RS_kp25_seed789,0.25,0.7774,False,0.25,alexnet,0.25,CIFAR10_alexnet_RS_accuracy_kp2500_seed789,789,10000,75,42,accuracy,100789,0.7774,1,0.6202642507076264,8.9867337718606,10,0.6202642507076264,valid,0.7768036661805018,0.7791830010050385,0.7774,100789
RS,0.8032,43,43,random,CIFAR10,76,main_b1000_cifar10_alexnet_RS_kp25_seed789,0.25,0.7965,False,0.25,alexnet,0.25,CIFAR10_alexnet_RS_accuracy_kp2500_seed789,789,10000,76,42,accuracy,100789,0.7965,4,0.6083896837711334,9.009139232337475,10,0.6083896837711334,valid,0.7969977194305512,0.7984878176849511,0.7965,100789
RS,0.8032,43,43,random,CIFAR10,77,main_b1000_cifar10_alexnet_RS_kp25_seed789,0.25,0.7952,False,0.25,alexnet,0.25,CIFAR10_alexnet_RS_accuracy_kp2500_seed789,789,10000,77,42,accuracy,100789,0.7952,2,0.6015884260654449,9.033347517251968,10,0.6015884260654449,valid,0.7954383177332758,0.7987072954163669,0.7952,100789
RS,0.8032,43,43,random,CIFAR10,78,main_b1000_cifar10_alexnet_RS_kp25_seed789,0.25,0.7897,False,0.25,alexnet,0.25,CIFAR10_alexnet_RS_accuracy_kp2500_seed789,789,10000,78,42,accuracy,100789,0.7897,2,0.6066616682052612,9.05496322363615,10,0.6066616682052612,valid,0.7895704438206044,0.7925835345387438,0.7897000000000001,100789
RS,0.8032,43,43,random,CIFAR10,79,main_b1000_cifar10_alexnet_RS_kp25_seed789,0.25,0.7925,False,0.25,alexnet,0.25,CIFAR10_alexnet_RS_accuracy_kp2500_seed789,789,10000,79,42,accuracy,100789,0.7925,4,0.6235040563821792,9.022626280784607,10,0.6235040563821792,valid,0.7924204512021572,0.7964396968421369,0.7925,100789
RS,0.8032,43,43,random,CIFAR10,80,main_b1000_cifar10_alexnet_RS_kp25_seed789,0.25,0.7925,False,0.25,alexnet,0.25,CIFAR10_alexnet_RS_accuracy_kp2500_seed789,789,10000,80,42,accuracy,100789,0.7925,2,0.606827082324028,9.00550101697445,10,0.606827082324028,valid,0.7916535656790541,0.7935273130946915,0.7925000000000001,100789
RS,0.8032,43,43,random,CIFAR10,81,main_b1000_cifar10_alexnet_RS_kp25_seed789,0.25,0.7909,False,0.25,alexnet,0.25,CIFAR10_alexnet_RS_accuracy_kp2500_seed789,789,10000,81,42,accuracy,100789,0.7909,2,0.6135462446212768,8.982689402997494,10,0.6135462446212768,valid,0.7905269709219336,0.793091454366868,0.7908999999999999,100789
RS,0.8032,43,43,random,CIFAR10,82,main_b1000_cifar10_alexnet_RS_kp25_seed789,0.25,0.7931,False,0.25,alexnet,0.25,CIFAR10_alexnet_RS_accuracy_kp2500_seed789,789,10000,82,42,accuracy,100789,0.7931,3,0.6089670796871185,8.98063388466835,10,0.6089670796871185,valid,0.7936950304664888,0.7967060349937627,0.7931,100789
RS,0.8032,43,43,random,CIFAR10,83,main_b1000_cifar10_alexnet_RS_kp25_seed789,0.25,0.7877,False,0.25,alexnet,0.25,CIFAR10_alexnet_RS_accuracy_kp2500_seed789,789,10000,83,42,accuracy,100789,0.7877,2,0.6059845049858094,9.016235329210758,10,0.6059845049858094,valid,0.7864910792402575,0.7901557357496231,0.7877000000000001,100789
RS,0.8032,43,43,random,CIFAR10,84,main_b1000_cifar10_alexnet_RS_kp25_seed789,0.25,0.7936,False,0.25,alexnet,0.25,CIFAR10_alexnet_RS_accuracy_kp2500_seed789,789,10000,84,42,accuracy,100789,0.7936,4,0.6239209265708924,9.053972534835339,10,0.6239209265708924,valid,0.7952607329518645,0.8014485465399804,0.7936,100789
RS,0.8032,43,43,random,CIFAR10,85,main_b1000_cifar10_alexnet_RS_kp25_seed789,0.25,0.7972,False,0.25,alexnet,0.25,CIFAR10_alexnet_RS_accuracy_kp2500_seed789,789,10000,85,42,accuracy,100789,0.7972,5,0.6153564465045929,9.025861665606499,10,0.6153564465045929,valid,0.7965853912782352,0.8008309111100752,0.7972,100789
RS,0.8032,43,43,random,CIFAR10,86,main_b1000_cifar10_alexnet_RS_kp25_seed789,0.25,0.7942,False,0.25,alexnet,0.25,CIFAR10_alexnet_RS_accuracy_kp2500_seed789,789,10000,86,42,accuracy,100789,0.7942,3,0.5998501969337463,8.99386052787304,10,0.5998501969337463,valid,0.7953312717090935,0.800199765643425,0.7942,100789
RS,0.8032,43,43,random,CIFAR10,87,main_b1000_cifar10_alexnet_RS_kp25_seed789,0.25,0.7953,False,0.25,alexnet,0.25,CIFAR10_alexnet_RS_accuracy_kp2500_seed789,789,10000,87,42,accuracy,100789,0.7953,4,0.6209714223861694,8.974964961409569,10,0.6209714223861694,valid,0.7958489319960742,0.8005556984411838,0.7953000000000001,100789
RS,0.8032,43,43,random,CIFAR10,88,main_b1000_cifar10_alexnet_RS_kp25_seed789,0.25,0.7906,False,0.25,alexnet,0.25,CIFAR10_alexnet_RS_accuracy_kp2500_seed789,789,10000,88,42,accuracy,100789,0.7906,3,0.6118317083358764,8.976472593843937,10,0.6118317083358764,valid,0.7897007865948071,0.7943909233468823,0.7906000000000001,100789
RS,0.8032,43,43,random,CIFAR10,89,main_b1000_cifar10_alexnet_RS_kp25_seed789,0.25,0.7862,False,0.25,alexnet,0.25,CIFAR10_alexnet_RS_accuracy_kp2500_seed789,789,10000,89,42,accuracy,100789,0.7862,2,0.6331693158149719,9.014233991503716,10,0.6331693158149719,valid,0.7872835532411548,0.7955496730122606,0.7861999999999999,100789
RS,0.8032,43,43,random,CIFAR10,90,main_b1000_cifar10_alexnet_RS_kp25_seed789,0.25,0.7917,False,0.25,alexnet,0.25,CIFAR10_alexnet_RS_accuracy_kp2500_seed789,789,10000,90,42,accuracy,100789,0.7917,4,0.6192073654651642,9.042766451835632,10,0.6192073654651642,valid,0.7913482388266566,0.7934711800534564,0.7917,100789
RS,0.8032,43,43,random,CIFAR10,91,main_b1000_cifar10_alexnet_RS_kp25_seed789,0.25,0.796,False,0.25,alexnet,0.25,CIFAR10_alexnet_RS_accuracy_kp2500_seed789,789,10000,91,42,accuracy,100789,0.796,3,0.6076706070899963,9.093428991734982,10,0.6076706070899963,valid,0.7956824640379538,0.7993497964279028,0.796,100789
RS,0.8032,43,43,random,CIFAR10,92,main_b1000_cifar10_alexnet_RS_kp25_seed789,0.25,0.7893,False,0.25,alexnet,0.25,CIFAR10_alexnet_RS_accuracy_kp2500_seed789,789,10000,92,42,accuracy,100789,0.7893,3,0.6148388116836548,9.002422779798508,10,0.6148388116836548,valid,0.7895605576730409,0.7928313207216011,0.7893,100789
RS,0.8032,43,43,random,CIFAR10,93,main_b1000_cifar10_alexnet_RS_kp25_seed789,0.25,0.7825,False,0.25,alexnet,0.25,CIFAR10_alexnet_RS_accuracy_kp2500_seed789,789,10000,93,42,accuracy,100789,0.7825,1,0.6204866116523743,8.99909670650959,10,0.6204866116523743,valid,0.7818967561115787,0.7837653625549432,0.7825,100789
RS,0.8032,43,43,random,CIFAR10,94,main_b1000_cifar10_alexnet_RS_kp25_seed789,0.25,0.792,False,0.25,alexnet,0.25,CIFAR10_alexnet_RS_accuracy_kp2500_seed789,789,10000,94,42,accuracy,100789,0.792,4,0.6186152174949646,8.98902227729559,10,0.6186152174949646,valid,0.7930018095891761,0.79920468003062,0.792,100789
RS,0.8032,43,43,random,CIFAR10,95,main_b1000_cifar10_alexnet_RS_kp25_seed789,0.25,0.7908,False,0.25,alexnet,0.25,CIFAR10_alexnet_RS_accuracy_kp2500_seed789,789,10000,95,42,accuracy,100789,0.7908,3,0.6153179723739624,9.03401743620634,10,0.6153179723739624,valid,0.790157504564948,0.7961082697411958,0.7908,100789
RS,0.8032,43,43,random,CIFAR10,96,main_b1000_cifar10_alexnet_RS_kp25_seed789,0.25,0.7902,False,0.25,alexnet,0.25,CIFAR10_alexnet_RS_accuracy_kp2500_seed789,789,10000,96,42,accuracy,100789,0.7902,2,0.6147467188835144,9.083637051284313,10,0.6147467188835144,valid,0.7912090979300219,0.7961921048364203,0.7902,100789
RS,0.8032,43,43,random,CIFAR10,97,main_b1000_cifar10_alexnet_RS_kp25_seed789,0.25,0.787,False,0.25,alexnet,0.25,CIFAR10_alexnet_RS_accuracy_kp2500_seed789,789,10000,97,42,accuracy,100789,0.787,3,0.6258389760017395,9.032851226627827,10,0.6258389760017395,valid,0.7870522759955009,0.7950598353988176,0.7869999999999999,100789
RS,0.8032,43,43,random,CIFAR10,98,main_b1000_cifar10_alexnet_RS_kp25_seed789,0.25,0.7919,False,0.25,alexnet,0.25,CIFAR10_alexnet_RS_accuracy_kp2500_seed789,789,10000,98,42,accuracy,100789,0.7919,3,0.6174313969135284,8.994552098214626,10,0.6174313969135284,valid,0.7889916433733275,0.796129030483978,0.7918999999999999,100789
RS,0.8032,43,43,random,CIFAR10,99,main_b1000_cifar10_alexnet_RS_kp25_seed789,0.25,0.793,False,0.25,alexnet,0.25,CIFAR10_alexnet_RS_accuracy_kp2500_seed789,789,10000,99,42,accuracy,100789,0.793,3,0.6022524615764618,8.983035415410995,10,0.6022524615764618,valid,0.792673949287672,0.7951160161606976,0.7929999999999999,100789
RS,0.8032,43,43,random,CIFAR10,100,main_b1000_cifar10_alexnet_RS_kp25_seed789,0.25,0.7893,False,0.25,alexnet,0.25,CIFAR10_alexnet_RS_accuracy_kp2500_seed789,789,10000,100,42,accuracy,100789,0.7893,3,0.620906756067276,9.00282210111618,10,0.620906756067276,valid,0.7902648745788695,0.7998785806456523,0.7893,100789
RS,0.8032,43,43,random,CIFAR10,101,main_b1000_cifar10_alexnet_RS_kp25_seed789,0.25,0.7846,False,0.25,alexnet,0.25,CIFAR10_alexnet_RS_accuracy_kp2500_seed789,789,10000,101,42,accuracy,100789,0.7846,2,0.6216991706371308,9.045036159455776,10,0.6216991706371308,valid,0.7865918313191361,0.7954388268504347,0.7846,100789
RS,0.8032,43,43,random,CIFAR10,102,main_b1000_cifar10_alexnet_RS_kp25_seed789,0.25,0.7975,False,0.25,alexnet,0.25,CIFAR10_alexnet_RS_accuracy_kp2500_seed789,789,10000,102,42,accuracy,100789,0.7975,4,0.608771191072464,9.050101600587368,10,0.608771191072464,valid,0.7976446719364205,0.8020666615490933,0.7974999999999999,100789
RS,0.8032,43,43,random,CIFAR10,103,main_b1000_cifar10_alexnet_RS_kp25_seed789,0.25,0.8002,False,0.25,alexnet,0.25,CIFAR10_alexnet_RS_accuracy_kp2500_seed789,789,10000,103,42,accuracy,100789,0.8002,4,0.6074008931159973,9.006528742611408,10,0.6074008931159973,valid,0.8004487789298705,0.8021681542291519,0.8001999999999999,100789
RS,0.8032,43,43,random,CIFAR10,104,main_b1000_cifar10_alexnet_RS_kp25_seed789,0.25,0.79,False,0.25,alexnet,0.25,CIFAR10_alexnet_RS_accuracy_kp2500_seed789,789,10000,104,42,accuracy,100789,0.79,3,0.6206971374511718,9.038522467017174,10,0.6206971374511718,valid,0.7907832753000822,0.7993709190800037,0.79,100789
RS,0.8032,43,43,random,CIFAR10,105,main_b1000_cifar10_alexnet_RS_kp25_seed789,0.25,0.7889,False,0.25,alexnet,0.25,CIFAR10_alexnet_RS_accuracy_kp2500_seed789,789,10000,105,42,accuracy,100789,0.7889,3,0.6287821732997895,9.012627862393856,10,0.6287821732997895,valid,0.7887547261514792,0.7957695517678365,0.7888999999999999,100789
RS,0.8032,43,43,random,CIFAR10,106,main_b1000_cifar10_alexnet_RS_kp25_seed789,0.25,0.7929,False,0.25,alexnet,0.25,CIFAR10_alexnet_RS_accuracy_kp2500_seed789,789,10000,106,42,accuracy,100789,0.7929,5,0.633286438035965,9.045428164303303,10,0.633286438035965,valid,0.7926251659160329,0.7946816626565311,0.7928999999999999,100789
RS,0.8032,43,43,random,CIFAR10,107,main_b1000_cifar10_alexnet_RS_kp25_seed789,0.25,0.7966,False,0.25,alexnet,0.25,CIFAR10_alexnet_RS_accuracy_kp2500_seed789,789,10000,107,42,accuracy,100789,0.7966,4,0.6179655020236969,9.08260478079319,10,0.6179655020236969,valid,0.7974290955165207,0.8049962203795997,0.7966,100789
RS,0.8032,43,43,random,CIFAR10,108,main_b1000_cifar10_alexnet_RS_kp25_seed789,0.25,0.79,False,0.25,alexnet,0.25,CIFAR10_alexnet_RS_accuracy_kp2500_seed789,789,10000,108,42,accuracy,100789,0.79,2,0.6168613018989563,9.036225356161594,10,0.6168613018989563,valid,0.7900261448136469,0.7921227285886404,0.79,100789
RS,0.8032,43,43,random,CIFAR10,109,main_b1000_cifar10_alexnet_RS_kp25_seed789,0.25,0.7871,False,0.25,alexnet,0.25,CIFAR10_alexnet_RS_accuracy_kp2500_seed789,789,10000,109,42,accuracy,100789,0.7871,3,0.6249196368217468,9.011204704642296,10,0.6249196368217468,valid,0.7870809056514556,0.7936452371142186,0.7870999999999999,100789
RS,0.8032,43,43,random,CIFAR10,110,main_b1000_cifar10_alexnet_RS_kp25_seed789,0.25,0.7947,False,0.25,alexnet,0.25,CIFAR10_alexnet_RS_accuracy_kp2500_seed789,789,10000,110,42,accuracy,100789,0.7947,3,0.6040295011997223,9.006192326545715,10,0.6040295011997223,valid,0.7955642503855026,0.8003086811773772,0.7947,100789
RS,0.8032,43,43,random,CIFAR10,111,main_b1000_cifar10_alexnet_RS_kp25_seed789,0.25,0.7968,False,0.25,alexnet,0.25,CIFAR10_alexnet_RS_accuracy_kp2500_seed789,789,10000,111,42,accuracy,100789,0.7968,4,0.6113031556129456,8.995291098952293,10,0.6113031556129456,valid,0.7965909632182724,0.7996246471530479,0.7968000000000001,100789
RS,0.8032,43,43,random,CIFAR10,112,main_b1000_cifar10_alexnet_RS_kp25_seed789,0.25,0.7987,False,0.25,alexnet,0.25,CIFAR10_alexnet_RS_accuracy_kp2500_seed789,789,10000,112,42,accuracy,100789,0.7987,4,0.6090099996566772,9.090925611555576,10,0.6090099996566772,valid,0.7984547955335717,0.802714086768104,0.7987,100789
RS,0.8032,43,43,random,CIFAR10,113,main_b1000_cifar10_alexnet_RS_kp25_seed789,0.25,0.7893,False,0.25,alexnet,0.25,CIFAR10_alexnet_RS_accuracy_kp2500_seed789,789,10000,113,42,accuracy,100789,0.7893,2,0.6041926123619079,9.03479628264904,10,0.6041926123619079,valid,0.7894533650365811,0.7908311262652103,0.7893000000000001,100789
RS,0.8032,43,43,random,CIFAR10,114,main_b1000_cifar10_alexnet_RS_kp25_seed789,0.25,0.7936,False,0.25,alexnet,0.25,CIFAR10_alexnet_RS_accuracy_kp2500_seed789,789,10000,114,42,accuracy,100789,0.7936,3,0.6040114068984985,8.991330087184906,10,0.6040114068984985,valid,0.793101945310376,0.7946371773374261,0.7935999999999999,100789
RS,0.8032,43,43,random,CIFAR10,115,main_b1000_cifar10_alexnet_RS_kp25_seed789,0.25,0.7984,False,0.25,alexnet,0.25,CIFAR10_alexnet_RS_accuracy_kp2500_seed789,789,10000,115,42,accuracy,100789,0.7984,2,0.5831482888698578,8.985003530979156,10,0.5831482888698578,valid,0.7978745310309158,0.7986183789114237,0.7984,100789
RS,0.8032,43,43,random,CIFAR10,116,main_b1000_cifar10_alexnet_RS_kp25_seed789,0.25,0.793,False,0.25,alexnet,0.25,CIFAR10_alexnet_RS_accuracy_kp2500_seed789,789,10000,116,42,accuracy,100789,0.793,4,0.6235846241950989,8.986690856516361,10,0.6235846241950989,valid,0.7927462803841894,0.794672780086288,0.7929999999999999,100789
RS,0.8032,43,43,random,CIFAR10,117,main_b1000_cifar10_alexnet_RS_kp25_seed789,0.25,0.8011,False,0.25,alexnet,0.25,CIFAR10_alexnet_RS_accuracy_kp2500_seed789,789,10000,117,42,accuracy,100789,0.8011,6,0.6196956987857819,9.03660762310028,10,0.6196956987857819,valid,0.8006790599357242,0.8018269160652125,0.8010999999999999,100789
RS,0.8032,43,43,random,CIFAR10,118,main_b1000_cifar10_alexnet_RS_kp25_seed789,0.25,0.7919,False,0.25,alexnet,0.25,CIFAR10_alexnet_RS_accuracy_kp2500_seed789,789,10000,118,42,accuracy,100789,0.7919,3,0.6098180812835693,9.059651680290699,10,0.6098180812835693,valid,0.7916557154725735,0.7963412423157428,0.7918999999999999,100789
RS,0.8032,43,43,random,CIFAR10,119,main_b1000_cifar10_alexnet_RS_kp25_seed789,0.25,0.7815,False,0.25,alexnet,0.25,CIFAR10_alexnet_RS_accuracy_kp2500_seed789,789,10000,119,42,accuracy,100789,0.7815,2,0.6353295091152191,8.966841898858547,10,0.6353295091152191,valid,0.7815660307338753,0.7940755411568227,0.7815,100789
RS,0.8032,43,43,random,CIFAR10,120,main_b1000_cifar10_alexnet_RS_kp25_seed789,0.25,0.7968,False,0.25,alexnet,0.25,CIFAR10_alexnet_RS_accuracy_kp2500_seed789,789,10000,120,42,accuracy,100789,0.7968,4,0.6201109849452973,8.966100133955479,10,0.6201109849452973,valid,0.7967864528345447,0.7990320962519374,0.7968,100789
RS,0.8032,43,43,random,CIFAR10,121,main_b1000_cifar10_alexnet_RS_kp25_seed789,0.25,0.7921,False,0.25,alexnet,0.25,CIFAR10_alexnet_RS_accuracy_kp2500_seed789,789,10000,121,42,accuracy,100789,0.7921,4,0.6190271245479584,9.000950276851654,10,0.6190271245479584,valid,0.7914628468862929,0.7926943494144616,0.7921,100789
RS,0.8032,43,43,random,CIFAR10,122,main_b1000_cifar10_alexnet_RS_kp25_seed789,0.25,0.7878,False,0.25,alexnet,0.25,CIFAR10_alexnet_RS_accuracy_kp2500_seed789,789,10000,122,42,accuracy,100789,0.7878,3,0.6261254335403442,9.0274668186903,10,0.6261254335403442,valid,0.7879800275149497,0.7920446187796906,0.7878000000000001,100789
RS,0.8032,43,43,random,CIFAR10,123,main_b1000_cifar10_alexnet_RS_kp25_seed789,0.25,0.7888,False,0.25,alexnet,0.25,CIFAR10_alexnet_RS_accuracy_kp2500_seed789,789,10000,123,42,accuracy,100789,0.7888,2,0.6137459765911102,9.010701768100262,10,0.6137459765911102,valid,0.7881260015557698,0.7912642073624127,0.7888,100789
RS,0.8032,43,43,random,CIFAR10,124,main_b1000_cifar10_alexnet_RS_kp25_seed789,0.25,0.796,False,0.25,alexnet,0.25,CIFAR10_alexnet_RS_accuracy_kp2500_seed789,789,10000,124,42,accuracy,100789,0.796,3,0.6030938652992248,9.125106610357761,10,0.6030938652992248,valid,0.7958383309149086,0.8000259474914898,0.796,100789
RS,0.8032,43,43,random,CIFAR10,125,main_b1000_cifar10_alexnet_RS_kp25_seed789,0.25,0.7976,False,0.25,alexnet,0.25,CIFAR10_alexnet_RS_accuracy_kp2500_seed789,789,10000,125,42,accuracy,100789,0.7976,3,0.5982827593803406,9.010717421770096,10,0.5982827593803406,valid,0.7966200819934242,0.7981226492990098,0.7976000000000001,100789
RS,0.8032,43,43,random,CIFAR10,126,main_b1000_cifar10_alexnet_RS_kp25_seed789,0.25,0.7899,False,0.25,alexnet,0.25,CIFAR10_alexnet_RS_accuracy_kp2500_seed789,789,10000,126,42,accuracy,100789,0.7899,3,0.6172061884403228,8.993405155837536,10,0.6172061884403228,valid,0.7899036172026032,0.7943228020820521,0.7899,100789
RS,0.8032,43,43,random,CIFAR10,127,main_b1000_cifar10_alexnet_RS_kp25_seed789,0.25,0.789,False,0.25,alexnet,0.25,CIFAR10_alexnet_RS_accuracy_kp2500_seed789,789,10000,127,42,accuracy,100789,0.789,2,0.6150385840892791,9.045424699783325,10,0.6150385840892791,valid,0.7869597549827966,0.7918911808020828,0.789,100789
RS,0.8032,43,43,random,CIFAR10,128,main_b1000_cifar10_alexnet_RS_kp25_seed789,0.25,0.7911,False,0.25,alexnet,0.25,CIFAR10_alexnet_RS_accuracy_kp2500_seed789,789,10000,128,42,accuracy,100789,0.7911,2,0.6012818362236023,9.04899875074625,10,0.6012818362236023,valid,0.7908622160931983,0.7929546157691144,0.7910999999999999,100789
RS,0.8032,43,43,random,CIFAR10,129,main_b1000_cifar10_alexnet_RS_kp25_seed789,0.25,0.7929,False,0.25,alexnet,0.25,CIFAR10_alexnet_RS_accuracy_kp2500_seed789,789,10000,129,42,accuracy,100789,0.7929,4,0.6388601312637329,9.036559522151947,10,0.6388601312637329,valid,0.7930841131557852,0.8014733447901126,0.7929,100789
RS,0.8032,43,43,random,CIFAR10,130,main_b1000_cifar10_alexnet_RS_kp25_seed789,0.25,0.7879,False,0.25,alexnet,0.25,CIFAR10_alexnet_RS_accuracy_kp2500_seed789,789,10000,130,42,accuracy,100789,0.7879,2,0.6198276379108429,9.089619114995003,10,0.6198276379108429,valid,0.7891313375223481,0.7971657408351772,0.7878999999999999,100789
RS,0.8032,43,43,random,CIFAR10,131,main_b1000_cifar10_alexnet_RS_kp25_seed789,0.25,0.7978,False,0.25,alexnet,0.25,CIFAR10_alexnet_RS_accuracy_kp2500_seed789,789,10000,131,42,accuracy,100789,0.7978,5,0.6126843778133393,9.001791298389435,10,0.6126843778133393,valid,0.7983115108082964,0.7999353763747229,0.7978000000000001,100789
RS,0.8032,43,43,random,CIFAR10,132,main_b1000_cifar10_alexnet_RS_kp25_seed789,0.25,0.7892,False,0.25,alexnet,0.25,CIFAR10_alexnet_RS_accuracy_kp2500_seed789,789,10000,132,42,accuracy,100789,0.7892,4,0.6261167106628418,9.02741201967001,10,0.6261167106628418,valid,0.7875079256404894,0.793407761234227,0.7892,100789
RS,0.8032,43,43,random,CIFAR10,133,main_b1000_cifar10_alexnet_RS_kp25_seed789,0.25,0.7862,False,0.25,alexnet,0.25,CIFAR10_alexnet_RS_accuracy_kp2500_seed789,789,10000,133,42,accuracy,100789,0.7862,2,0.6207434226036072,9.074322871863842,10,0.6207434226036072,valid,0.7856146446614631,0.7901014194337422,0.7862,100789
RS,0.8032,43,43,random,CIFAR10,134,main_b1000_cifar10_alexnet_RS_kp25_seed789,0.25,0.7929,False,0.25,alexnet,0.25,CIFAR10_alexnet_RS_accuracy_kp2500_seed789,789,10000,134,42,accuracy,100789,0.7929,2,0.6175789497375488,9.048502676188946,10,0.6175789497375488,valid,0.790371768420893,0.7954938697761194,0.7928999999999998,100789
RS,0.8032,43,43,random,CIFAR10,135,main_b1000_cifar10_alexnet_RS_kp25_seed789,0.25,0.7913,False,0.25,alexnet,0.25,CIFAR10_alexnet_RS_accuracy_kp2500_seed789,789,10000,135,42,accuracy,100789,0.7913,2,0.6002548918247222,9.089644610881805,10,0.6002548918247222,valid,0.7899485590759734,0.7927843898726411,0.7912999999999999,100789
RS,0.8032,43,43,random,CIFAR10,136,main_b1000_cifar10_alexnet_RS_kp25_seed789,0.25,0.7865,False,0.25,alexnet,0.25,CIFAR10_alexnet_RS_accuracy_kp2500_seed789,789,10000,136,42,accuracy,100789,0.7865,2,0.6121739729881287,9.143899574875832,10,0.6121739729881287,valid,0.7846940330552116,0.7875072220525168,0.7865,100789
RS,0.8032,43,43,random,CIFAR10,137,main_b1000_cifar10_alexnet_RS_kp25_seed789,0.25,0.7884,False,0.25,alexnet,0.25,CIFAR10_alexnet_RS_accuracy_kp2500_seed789,789,10000,137,42,accuracy,100789,0.7884,3,0.6165837287902832,9.036881357431412,10,0.6165837287902832,valid,0.7864817775457226,0.7903459396342112,0.7884,100789
RS,0.8032,43,43,random,CIFAR10,138,main_b1000_cifar10_alexnet_RS_kp25_seed789,0.25,0.7976,False,0.25,alexnet,0.25,CIFAR10_alexnet_RS_accuracy_kp2500_seed789,789,10000,138,42,accuracy,100789,0.7976,3,0.5922075947761536,9.049784623086452,10,0.5922075947761536,valid,0.797813525489161,0.8002874477477426,0.7976,100789
RS,0.8032,43,43,random,CIFAR10,139,main_b1000_cifar10_alexnet_RS_kp25_seed789,0.25,0.7964,False,0.25,alexnet,0.25,CIFAR10_alexnet_RS_accuracy_kp2500_seed789,789,10000,139,42,accuracy,100789,0.7964,4,0.6131172430515289,9.087527699768543,10,0.6131172430515289,valid,0.7965112938401374,0.7991036911641531,0.7964,100789
RS,0.8032,43,43,random,CIFAR10,140,main_b1000_cifar10_alexnet_RS_kp25_seed789,0.25,0.7917,False,0.25,alexnet,0.25,CIFAR10_alexnet_RS_accuracy_kp2500_seed789,789,10000,140,42,accuracy,100789,0.7917,2,0.6022129434585571,9.017909370362759,10,0.6022129434585571,valid,0.7906658530921392,0.7921027941502681,0.7917,100789
RS,0.8032,43,43,random,CIFAR10,141,main_b1000_cifar10_alexnet_RS_kp25_seed789,0.25,0.7986,False,0.25,alexnet,0.25,CIFAR10_alexnet_RS_accuracy_kp2500_seed789,789,10000,141,42,accuracy,100789,0.7986,4,0.6130957679271698,9.016563788056374,10,0.6130957679271698,valid,0.7983986947173551,0.799502246784667,0.7986000000000001,100789
RS,0.8032,43,43,random,CIFAR10,142,main_b1000_cifar10_alexnet_RS_kp25_seed789,0.25,0.7886,False,0.25,alexnet,0.25,CIFAR10_alexnet_RS_accuracy_kp2500_seed789,789,10000,142,42,accuracy,100789,0.7886,2,0.6113682690620422,9.042187787592411,10,0.6113682690620422,valid,0.7882170326922123,0.7927689491421642,0.7886000000000001,100789
RS,0.8032,43,43,random,CIFAR10,143,main_b1000_cifar10_alexnet_RS_kp25_seed789,0.25,0.7938,False,0.25,alexnet,0.25,CIFAR10_alexnet_RS_accuracy_kp2500_seed789,789,10000,143,42,accuracy,100789,0.7938,3,0.6170969336509705,9.074529729783535,10,0.6170969336509705,valid,0.7940301876139001,0.7981335327798748,0.7938,100789
RS,0.8032,43,43,random,CIFAR10,144,main_b1000_cifar10_alexnet_RS_kp25_seed789,0.25,0.7917,False,0.25,alexnet,0.25,CIFAR10_alexnet_RS_accuracy_kp2500_seed789,789,10000,144,42,accuracy,100789,0.7917,2,0.6058045684337616,9.052077189087868,10,0.6058045684337616,valid,0.7918279569171732,0.8007754028053574,0.7916999999999998,100789
RS,0.8032,43,43,random,CIFAR10,145,main_b1000_cifar10_alexnet_RS_kp25_seed789,0.25,0.7944,False,0.25,alexnet,0.25,CIFAR10_alexnet_RS_accuracy_kp2500_seed789,789,10000,145,42,accuracy,100789,0.7944,4,0.5907841572284699,9.072933070361614,10,0.5907841572284699,valid,0.7945150799058375,0.7957288086999997,0.7943999999999999,100789
RS,0.8032,43,43,random,CIFAR10,146,main_b1000_cifar10_alexnet_RS_kp25_seed789,0.25,0.7808,False,0.25,alexnet,0.25,CIFAR10_alexnet_RS_accuracy_kp2500_seed789,789,10000,146,42,accuracy,100789,0.7808,2,0.635793037891388,9.007020317018032,10,0.635793037891388,valid,0.7829371447187582,0.7934077549353095,0.7807999999999999,100789
RS,0.8032,43,43,random,CIFAR10,147,main_b1000_cifar10_alexnet_RS_kp25_seed789,0.25,0.7857,False,0.25,alexnet,0.25,CIFAR10_alexnet_RS_accuracy_kp2500_seed789,789,10000,147,42,accuracy,100789,0.7857,3,0.6376384016513824,8.975154720246792,10,0.6376384016513824,valid,0.7853830112910728,0.7953738769448704,0.7857000000000001,100789
RS,0.8032,43,43,random,CIFAR10,148,main_b1000_cifar10_alexnet_RS_kp25_seed789,0.25,0.7909,False,0.25,alexnet,0.25,CIFAR10_alexnet_RS_accuracy_kp2500_seed789,789,10000,148,42,accuracy,100789,0.7909,2,0.6004378935813904,9.063203282654285,10,0.6004378935813904,valid,0.7909792165079459,0.7924526540745311,0.7908999999999999,100789
RS,0.8032,43,43,random,CIFAR10,149,main_b1000_cifar10_alexnet_RS_kp25_seed789,0.25,0.7856,False,0.25,alexnet,0.25,CIFAR10_alexnet_RS_accuracy_kp2500_seed789,789,10000,149,42,accuracy,100789,0.7856,2,0.6181665877342224,9.057236775755882,10,0.6181665877342224,valid,0.7843021537208321,0.7928812991411067,0.7856000000000001,100789
RS,0.8032,43,43,random,CIFAR10,150,main_b1000_cifar10_alexnet_RS_kp25_seed789,0.25,0.7905,False,0.25,alexnet,0.25,CIFAR10_alexnet_RS_accuracy_kp2500_seed789,789,10000,150,42,accuracy,100789,0.7905,4,0.6274382500648499,9.097635313868523,10,0.6274382500648499,valid,0.7913504954518916,0.7953557798222983,0.7905,100789
RS,0.8032,43,43,random,CIFAR10,151,main_b1000_cifar10_alexnet_RS_kp25_seed789,0.25,0.783,False,0.25,alexnet,0.25,CIFAR10_alexnet_RS_accuracy_kp2500_seed789,789,10000,151,42,accuracy,100789,0.783,2,0.6203518321037292,9.019463375210762,10,0.6203518321037292,valid,0.7814463947905292,0.7842124975110368,0.783,100789
RS,0.8032,43,43,random,CIFAR10,152,main_b1000_cifar10_alexnet_RS_kp25_seed789,0.25,0.7749,False,0.25,alexnet,0.25,CIFAR10_alexnet_RS_accuracy_kp2500_seed789,789,10000,152,42,accuracy,100789,0.7749,1,0.6309375006198883,8.992863938212395,10,0.6309375006198883,valid,0.7735075038985788,0.7761268432128022,0.7748999999999999,100789
RS,0.8032,43,43,random,CIFAR10,153,main_b1000_cifar10_alexnet_RS_kp25_seed789,0.25,0.8001,False,0.25,alexnet,0.25,CIFAR10_alexnet_RS_accuracy_kp2500_seed789,789,10000,153,42,accuracy,100789,0.8001,5,0.6073954773902893,9.010779075324535,10,0.6073954773902893,valid,0.7994961794451857,0.7999711915255772,0.8000999999999999,100789
RS,0.8032,43,43,random,CIFAR10,154,main_b1000_cifar10_alexnet_RS_kp25_seed789,0.25,0.7938,False,0.25,alexnet,0.25,CIFAR10_alexnet_RS_accuracy_kp2500_seed789,789,10000,154,42,accuracy,100789,0.7938,3,0.6052100348472595,9.051725812256336,10,0.6052100348472595,valid,0.7922338113205558,0.7957642438171667,0.7938000000000001,100789
RS,0.8032,43,43,random,CIFAR10,155,main_b1000_cifar10_alexnet_RS_kp25_seed789,0.25,0.7884,False,0.25,alexnet,0.25,CIFAR10_alexnet_RS_accuracy_kp2500_seed789,789,10000,155,42,accuracy,100789,0.7884,3,0.6160997421741485,9.045327059924603,10,0.6160997421741485,valid,0.7890512724562346,0.7907902702903853,0.7884,100789
RS,0.8032,43,43,random,CIFAR10,156,main_b1000_cifar10_alexnet_RS_kp25_seed789,0.25,0.7876,False,0.25,alexnet,0.25,CIFAR10_alexnet_RS_accuracy_kp2500_seed789,789,10000,156,42,accuracy,100789,0.7876,2,0.6254604403018952,9.085893921554089,10,0.6254604403018952,valid,0.7876952688364594,0.7951306578864291,0.7876,100789
RS,0.8032,43,43,random,CIFAR10,157,main_b1000_cifar10_alexnet_RS_kp25_seed789,0.25,0.7928,False,0.25,alexnet,0.25,CIFAR10_alexnet_RS_accuracy_kp2500_seed789,789,10000,157,42,accuracy,100789,0.7928,3,0.6069306704044342,9.042441956698895,10,0.6069306704044342,valid,0.793198249308093,0.7957600812448689,0.7928,100789
RS,0.8032,43,43,random,CIFAR10,158,main_b1000_cifar10_alexnet_RS_kp25_seed789,0.25,0.7922,False,0.25,alexnet,0.25,CIFAR10_alexnet_RS_accuracy_kp2500_seed789,789,10000,158,42,accuracy,100789,0.7922,3,0.6041039624214173,9.026652581989765,10,0.6041039624214173,valid,0.7934950634292376,0.798212445021435,0.7922,100789
RS,0.8032,43,43,random,CIFAR10,159,main_b1000_cifar10_alexnet_RS_kp25_seed789,0.25,0.7952,False,0.25,alexnet,0.25,CIFAR10_alexnet_RS_accuracy_kp2500_seed789,789,10000,159,42,accuracy,100789,0.7952,3,0.6059007717609406,9.012295432388783,10,0.6059007717609406,valid,0.7943621269621234,0.796394699450419,0.7952,100789
RS,0.8032,43,43,random,CIFAR10,160,main_b1000_cifar10_alexnet_RS_kp25_seed789,0.25,0.7893,False,0.25,alexnet,0.25,CIFAR10_alexnet_RS_accuracy_kp2500_seed789,789,10000,160,42,accuracy,100789,0.7893,3,0.6165040019512177,8.998722724616528,10,0.6165040019512177,valid,0.7886396367666462,0.7946173603986889,0.7893,100789
RS,0.8032,43,43,random,CIFAR10,161,main_b1000_cifar10_alexnet_RS_kp25_seed789,0.25,0.7841,False,0.25,alexnet,0.25,CIFAR10_alexnet_RS_accuracy_kp2500_seed789,789,10000,161,42,accuracy,100789,0.7841,2,0.632054398393631,9.032787054777145,10,0.632054398393631,valid,0.7842850910337075,0.7920514013397917,0.7841,100789
RS,0.8032,43,43,random,CIFAR10,162,main_b1000_cifar10_alexnet_RS_kp25_seed789,0.25,0.7941,False,0.25,alexnet,0.25,CIFAR10_alexnet_RS_accuracy_kp2500_seed789,789,10000,162,42,accuracy,100789,0.7941,2,0.6072055078029632,9.078279621899128,10,0.6072055078029632,valid,0.7948636321776261,0.8004073463900152,0.7941,100789
RS,0.8032,43,43,random,CIFAR10,163,main_b1000_cifar10_alexnet_RS_kp25_seed789,0.25,0.7912,False,0.25,alexnet,0.25,CIFAR10_alexnet_RS_accuracy_kp2500_seed789,789,10000,163,42,accuracy,100789,0.7912,3,0.6172281640052796,9.099589213728905,10,0.6172281640052796,valid,0.7897748294279554,0.7929337352170596,0.7912,100789
RS,0.8032,43,43,random,CIFAR10,164,main_b1000_cifar10_alexnet_RS_kp25_seed789,0.25,0.7858,False,0.25,alexnet,0.25,CIFAR10_alexnet_RS_accuracy_kp2500_seed789,789,10000,164,42,accuracy,100789,0.7858,2,0.6245366044044495,9.036289356648922,10,0.6245366044044495,valid,0.7864127764006676,0.7961719014836399,0.7857999999999999,100789
RS,0.8032,43,43,random,CIFAR10,165,main_b1000_cifar10_alexnet_RS_kp25_seed789,0.25,0.7875,False,0.25,alexnet,0.25,CIFAR10_alexnet_RS_accuracy_kp2500_seed789,789,10000,165,42,accuracy,100789,0.7875,2,0.6118203851222992,9.013444267213345,10,0.6118203851222992,valid,0.7870546811405704,0.7918047833292549,0.7875,100789
RS,0.8032,43,43,random,CIFAR10,166,main_b1000_cifar10_alexnet_RS_kp25_seed789,0.25,0.7978,False,0.25,alexnet,0.25,CIFAR10_alexnet_RS_accuracy_kp2500_seed789,789,10000,166,42,accuracy,100789,0.7978,4,0.6081748599052429,9.010977558791637,10,0.6081748599052429,valid,0.7976609207759451,0.7991747612853101,0.7977999999999998,100789
RS,0.8032,43,43,random,CIFAR10,167,main_b1000_cifar10_alexnet_RS_kp25_seed789,0.25,0.7987,False,0.25,alexnet,0.25,CIFAR10_alexnet_RS_accuracy_kp2500_seed789,789,10000,167,42,accuracy,100789,0.7987,5,0.6143469362258911,9.05769070982933,10,0.6143469362258911,valid,0.7985359140542527,0.8003833265703362,0.7987,100789
RS,0.8032,43,43,random,CIFAR10,168,main_b1000_cifar10_alexnet_RS_kp25_seed789,0.25,0.802,False,0.25,alexnet,0.25,CIFAR10_alexnet_RS_accuracy_kp2500_seed789,789,10000,168,42,accuracy,100789,0.802,3,0.5944502255439759,9.092705003917217,10,0.5944502255439759,valid,0.8015918130775381,0.80360886395573,0.8019999999999999,100789
RS,0.8032,43,43,random,CIFAR10,169,main_b1000_cifar10_alexnet_RS_kp25_seed789,0.25,0.7892,False,0.25,alexnet,0.25,CIFAR10_alexnet_RS_accuracy_kp2500_seed789,789,10000,169,42,accuracy,100789,0.7892,2,0.612903422164917,9.083832263946533,10,0.612903422164917,valid,0.7887798273921844,0.7901623611386638,0.7891999999999999,100789
RS,0.8032,43,43,random,CIFAR10,170,main_b1000_cifar10_alexnet_RS_kp25_seed789,0.25,0.7896,False,0.25,alexnet,0.25,CIFAR10_alexnet_RS_accuracy_kp2500_seed789,789,10000,170,42,accuracy,100789,0.7896,2,0.6109552902698517,9.023231998085976,10,0.6109552902698517,valid,0.7901252889591052,0.7956006901818239,0.7896,100789
RS,0.8032,43,43,random,CIFAR10,171,main_b1000_cifar10_alexnet_RS_kp25_seed789,0.25,0.7849,False,0.25,alexnet,0.25,CIFAR10_alexnet_RS_accuracy_kp2500_seed789,789,10000,171,42,accuracy,100789,0.7849,2,0.6131174648284912,9.039795182645321,10,0.6131174648284912,valid,0.786076077132195,0.7918781913444508,0.7849,100789
RS,0.8032,43,43,random,CIFAR10,172,main_b1000_cifar10_alexnet_RS_kp25_seed789,0.25,0.7912,False,0.25,alexnet,0.25,CIFAR10_alexnet_RS_accuracy_kp2500_seed789,789,10000,172,42,accuracy,100789,0.7912,2,0.605812455034256,9.00783707946539,10,0.605812455034256,valid,0.7915569993450277,0.7957303192295624,0.7912,100789
RS,0.8032,43,43,random,CIFAR10,173,main_b1000_cifar10_alexnet_RS_kp25_seed789,0.25,0.7915,False,0.25,alexnet,0.25,CIFAR10_alexnet_RS_accuracy_kp2500_seed789,789,10000,173,42,accuracy,100789,0.7915,2,0.604823641204834,9.02612829208374,10,0.604823641204834,valid,0.7921902045398459,0.7956959857454248,0.7915,100789
RS,0.8032,43,43,random,CIFAR10,174,main_b1000_cifar10_alexnet_RS_kp25_seed789,0.25,0.7896,False,0.25,alexnet,0.25,CIFAR10_alexnet_RS_accuracy_kp2500_seed789,789,10000,174,42,accuracy,100789,0.7896,2,0.6051946274280549,9.057748533785343,10,0.6051946274280549,valid,0.7898526206211912,0.7945784083735823,0.7896,100789
RS,0.8032,43,43,random,CIFAR10,175,main_b1000_cifar10_alexnet_RS_kp25_seed789,0.25,0.7941,False,0.25,alexnet,0.25,CIFAR10_alexnet_RS_accuracy_kp2500_seed789,789,10000,175,42,accuracy,100789,0.7941,3,0.6042956550598144,9.018759995698929,10,0.6042956550598144,valid,0.7933018239984955,0.796679519514468,0.7941,100789
RS,0.8032,43,43,random,CIFAR10,176,main_b1000_cifar10_alexnet_RS_kp25_seed789,0.25,0.7954,False,0.25,alexnet,0.25,CIFAR10_alexnet_RS_accuracy_kp2500_seed789,789,10000,176,42,accuracy,100789,0.7954,3,0.6020185429811478,9.028936237096786,10,0.6020185429811478,valid,0.7957647630493411,0.7984090745068242,0.7954,100789
RS,0.8032,43,43,random,CIFAR10,177,main_b1000_cifar10_alexnet_RS_kp25_seed789,0.25,0.79,False,0.25,alexnet,0.25,CIFAR10_alexnet_RS_accuracy_kp2500_seed789,789,10000,177,42,accuracy,100789,0.79,2,0.613816026353836,9.004882894456387,10,0.613816026353836,valid,0.7913138368113322,0.7984630310453438,0.79,100789
RS,0.8032,43,43,random,CIFAR10,178,main_b1000_cifar10_alexnet_RS_kp25_seed789,0.25,0.7904,False,0.25,alexnet,0.25,CIFAR10_alexnet_RS_accuracy_kp2500_seed789,789,10000,178,42,accuracy,100789,0.7904,2,0.6103199147701264,9.035487182438374,10,0.6103199147701264,valid,0.7902612266509952,0.7940401556070996,0.7904,100789
RS,0.8032,43,43,random,CIFAR10,179,main_b1000_cifar10_alexnet_RS_kp25_seed789,0.25,0.7886,False,0.25,alexnet,0.25,CIFAR10_alexnet_RS_accuracy_kp2500_seed789,789,10000,179,42,accuracy,100789,0.7886,2,0.6198849074840546,9.054081238806248,10,0.6198849074840546,valid,0.7888828868660038,0.7928510914883045,0.7886,100789
RS,0.8032,43,43,random,CIFAR10,180,main_b1000_cifar10_alexnet_RS_kp25_seed789,0.25,0.7918,False,0.25,alexnet,0.25,CIFAR10_alexnet_RS_accuracy_kp2500_seed789,789,10000,180,42,accuracy,100789,0.7918,4,0.6102335472106933,9.122513093054295,10,0.6102335472106933,valid,0.7911589346488718,0.7929900347199332,0.7918000000000001,100789
RS,0.8032,43,43,random,CIFAR10,181,main_b1000_cifar10_alexnet_RS_kp25_seed789,0.25,0.7944,False,0.25,alexnet,0.25,CIFAR10_alexnet_RS_accuracy_kp2500_seed789,789,10000,181,42,accuracy,100789,0.7944,2,0.6074549028158188,9.051053568720818,10,0.6074549028158188,valid,0.7933909096960781,0.7950080725599478,0.7944,100789
RS,0.8032,43,43,random,CIFAR10,182,main_b1000_cifar10_alexnet_RS_kp25_seed789,0.25,0.7944,False,0.25,alexnet,0.25,CIFAR10_alexnet_RS_accuracy_kp2500_seed789,789,10000,182,42,accuracy,100789,0.7944,4,0.6199619083404541,9.033403173089027,10,0.6199619083404541,valid,0.7938490919145849,0.7963484837338431,0.7944,100789
RS,0.8032,43,43,random,CIFAR10,183,main_b1000_cifar10_alexnet_RS_kp25_seed789,0.25,0.7967,False,0.25,alexnet,0.25,CIFAR10_alexnet_RS_accuracy_kp2500_seed789,789,10000,183,42,accuracy,100789,0.7967,4,0.6100234436988831,9.029455780982971,10,0.6100234436988831,valid,0.7965672592881643,0.80008555313412,0.7967000000000001,100789
RS,0.8032,43,43,random,CIFAR10,184,main_b1000_cifar10_alexnet_RS_kp25_seed789,0.25,0.7916,False,0.25,alexnet,0.25,CIFAR10_alexnet_RS_accuracy_kp2500_seed789,789,10000,184,42,accuracy,100789,0.7916,3,0.6030868057727814,8.985648475587368,10,0.6030868057727814,valid,0.7906148356587178,0.7925517776951849,0.7916,100789
RS,0.8032,43,43,random,CIFAR10,185,main_b1000_cifar10_alexnet_RS_kp25_seed789,0.25,0.7851,False,0.25,alexnet,0.25,CIFAR10_alexnet_RS_accuracy_kp2500_seed789,789,10000,185,42,accuracy,100789,0.7851,2,0.6194176867961884,9.045326799154282,10,0.6194176867961884,valid,0.7852977786932231,0.7926099269875304,0.7851000000000001,100789
RS,0.8032,43,43,random,CIFAR10,186,main_b1000_cifar10_alexnet_RS_kp25_seed789,0.25,0.7915,False,0.25,alexnet,0.25,CIFAR10_alexnet_RS_accuracy_kp2500_seed789,789,10000,186,42,accuracy,100789,0.7915,4,0.6257536442756653,9.117552042007446,10,0.6257536442756653,valid,0.7926359034522833,0.7967045187883477,0.7915,100789
RS,0.8032,43,43,random,CIFAR10,187,main_b1000_cifar10_alexnet_RS_kp25_seed789,0.25,0.7985,False,0.25,alexnet,0.25,CIFAR10_alexnet_RS_accuracy_kp2500_seed789,789,10000,187,42,accuracy,100789,0.7985,6,0.6333614192008972,9.02499022334814,10,0.6333614192008972,valid,0.7989764687587769,0.8023659054262294,0.7985,100789
RS,0.8032,43,43,random,CIFAR10,188,main_b1000_cifar10_alexnet_RS_kp25_seed789,0.25,0.7874,False,0.25,alexnet,0.25,CIFAR10_alexnet_RS_accuracy_kp2500_seed789,789,10000,188,42,accuracy,100789,0.7874,3,0.6312682150363922,9.024358980357647,10,0.6312682150363922,valid,0.7855626177600815,0.7936168138209878,0.7874,100789
RS,0.8032,43,43,random,CIFAR10,189,main_b1000_cifar10_alexnet_RS_kp25_seed789,0.25,0.7934,False,0.25,alexnet,0.25,CIFAR10_alexnet_RS_accuracy_kp2500_seed789,789,10000,189,42,accuracy,100789,0.7934,3,0.6069019577026368,9.035696983337402,10,0.6069019577026368,valid,0.7934467418756322,0.7964288460375153,0.7934,100789
RS,0.8032,43,43,random,CIFAR10,190,main_b1000_cifar10_alexnet_RS_kp25_seed789,0.25,0.7916,False,0.25,alexnet,0.25,CIFAR10_alexnet_RS_accuracy_kp2500_seed789,789,10000,190,42,accuracy,100789,0.7916,5,0.6340156699180604,9.033116675913334,10,0.6340156699180604,valid,0.7916445586001755,0.7933493635969425,0.7916000000000001,100789
RS,0.8032,43,43,random,CIFAR10,191,main_b1000_cifar10_alexnet_RS_kp25_seed789,0.25,0.7936,False,0.25,alexnet,0.25,CIFAR10_alexnet_RS_accuracy_kp2500_seed789,789,10000,191,42,accuracy,100789,0.7936,3,0.6002670480251312,9.051872506737709,10,0.6002670480251312,valid,0.793975291830802,0.7996105724671714,0.7936,100789
RS,0.8032,43,43,random,CIFAR10,192,main_b1000_cifar10_alexnet_RS_kp25_seed789,0.25,0.7895,False,0.25,alexnet,0.25,CIFAR10_alexnet_RS_accuracy_kp2500_seed789,789,10000,192,42,accuracy,100789,0.7895,3,0.6135817501068115,9.130905851721764,10,0.6135817501068115,valid,0.7898851623176741,0.7932323241345067,0.7895,100789
RS,0.8032,43,43,random,CIFAR10,193,main_b1000_cifar10_alexnet_RS_kp25_seed789,0.25,0.7979,False,0.25,alexnet,0.25,CIFAR10_alexnet_RS_accuracy_kp2500_seed789,789,10000,193,42,accuracy,100789,0.7979,3,0.5990879710674286,9.072833999991417,10,0.5990879710674286,valid,0.7986835201385867,0.8020255069024197,0.7979,100789
RS,0.8032,43,43,random,CIFAR10,194,main_b1000_cifar10_alexnet_RS_kp25_seed789,0.25,0.7877,False,0.25,alexnet,0.25,CIFAR10_alexnet_RS_accuracy_kp2500_seed789,789,10000,194,42,accuracy,100789,0.7877,2,0.6151284612178802,9.038538485765457,10,0.6151284612178802,valid,0.786128086819357,0.792235034220261,0.7877,100789
RS,0.8032,43,43,random,CIFAR10,195,main_b1000_cifar10_alexnet_RS_kp25_seed789,0.25,0.79,False,0.25,alexnet,0.25,CIFAR10_alexnet_RS_accuracy_kp2500_seed789,789,10000,195,42,accuracy,100789,0.79,4,0.629248866558075,9.05337455868721,10,0.629248866558075,valid,0.7906591301397625,0.7967602308800181,0.7899999999999999,100789
RS,0.8032,43,43,random,CIFAR10,196,main_b1000_cifar10_alexnet_RS_kp25_seed789,0.25,0.7937,False,0.25,alexnet,0.25,CIFAR10_alexnet_RS_accuracy_kp2500_seed789,789,10000,196,42,accuracy,100789,0.7937,4,0.6159879507541657,9.05309222638607,10,0.6159879507541657,valid,0.7922224927607977,0.7959250269917394,0.7936999999999999,100789
RS,0.8032,43,43,random,CIFAR10,197,main_b1000_cifar10_alexnet_RS_kp25_seed789,0.25,0.7877,False,0.25,alexnet,0.25,CIFAR10_alexnet_RS_accuracy_kp2500_seed789,789,10000,197,42,accuracy,100789,0.7877,2,0.6209758563041687,9.103251539170742,10,0.6209758563041687,valid,0.7859523951742761,0.7934409227942238,0.7876999999999998,100789
RS,0.8032,43,43,random,CIFAR10,198,main_b1000_cifar10_alexnet_RS_kp25_seed789,0.25,0.7927,False,0.25,alexnet,0.25,CIFAR10_alexnet_RS_accuracy_kp2500_seed789,789,10000,198,42,accuracy,100789,0.7927,2,0.6008520690441131,9.061612136662006,10,0.6008520690441131,valid,0.7915440663517673,0.7935698679823463,0.7927000000000001,100789
RS,0.8032,43,43,random,CIFAR10,199,main_b1000_cifar10_alexnet_RS_kp25_seed789,0.25,0.7993,False,0.25,alexnet,0.25,CIFAR10_alexnet_RS_accuracy_kp2500_seed789,789,10000,199,42,accuracy,100789,0.7993,5,0.6185680027008057,9.056274592876434,10,0.6185680027008057,valid,0.7985539279026761,0.7987585096245546,0.7993,100789
RS,0.8032,43,43,random,CIFAR10,200,main_b1000_cifar10_alexnet_RS_kp25_seed789,0.25,0.7863,False,0.25,alexnet,0.25,CIFAR10_alexnet_RS_accuracy_kp2500_seed789,789,10000,200,42,accuracy,100789,0.7863,4,0.6398557157039643,9.018481276929379,10,0.6398557157039643,valid,0.7852818899032353,0.7906504344435087,0.7863,100789
RS,0.8032,43,43,random,CIFAR10,201,main_b1000_cifar10_alexnet_RS_kp25_seed789,0.25,0.7923,False,0.25,alexnet,0.25,CIFAR10_alexnet_RS_accuracy_kp2500_seed789,789,10000,201,42,accuracy,100789,0.7923,3,0.606769257736206,9.026613101363182,10,0.606769257736206,valid,0.7925171977247228,0.7940680585932753,0.7923,100789
RS,0.8032,43,43,random,CIFAR10,202,main_b1000_cifar10_alexnet_RS_kp25_seed789,0.25,0.7944,False,0.25,alexnet,0.25,CIFAR10_alexnet_RS_accuracy_kp2500_seed789,789,10000,202,42,accuracy,100789,0.7944,5,0.6320171860218048,9.069777928292751,10,0.6320171860218048,valid,0.7938129530228386,0.7967034377867979,0.7944,100789
RS,0.8032,43,43,random,CIFAR10,203,main_b1000_cifar10_alexnet_RS_kp25_seed789,0.25,0.7896,False,0.25,alexnet,0.25,CIFAR10_alexnet_RS_accuracy_kp2500_seed789,789,10000,203,42,accuracy,100789,0.7896,4,0.6237737212657929,9.116275325417519,10,0.6237737212657929,valid,0.7893711189081445,0.7958556942766808,0.7895999999999999,100789
RS,0.8032,43,43,random,CIFAR10,204,main_b1000_cifar10_alexnet_RS_kp25_seed789,0.25,0.7895,False,0.25,alexnet,0.25,CIFAR10_alexnet_RS_accuracy_kp2500_seed789,789,10000,204,42,accuracy,100789,0.7895,3,0.6086222354412079,9.05387881398201,10,0.6086222354412079,valid,0.7877598596487092,0.7908191217707069,0.7895000000000001,100789
RS,0.8032,43,43,random,CIFAR10,205,main_b1000_cifar10_alexnet_RS_kp25_seed789,0.25,0.787,False,0.25,alexnet,0.25,CIFAR10_alexnet_RS_accuracy_kp2500_seed789,789,10000,205,42,accuracy,100789,0.787,4,0.6304311859130859,9.025043964385986,10,0.6304311859130859,valid,0.786939139537312,0.7897386541766573,0.787,100789
RS,0.8032,43,43,random,CIFAR10,206,main_b1000_cifar10_alexnet_RS_kp25_seed789,0.25,0.7925,False,0.25,alexnet,0.25,CIFAR10_alexnet_RS_accuracy_kp2500_seed789,789,10000,206,42,accuracy,100789,0.7925,4,0.6344206739902496,9.014541886746883,10,0.6344206739902496,valid,0.79266518858754,0.8004460076645978,0.7925000000000001,100789
RS,0.8032,43,43,random,CIFAR10,207,main_b1000_cifar10_alexnet_RS_kp25_seed789,0.25,0.793,False,0.25,alexnet,0.25,CIFAR10_alexnet_RS_accuracy_kp2500_seed789,789,10000,207,42,accuracy,100789,0.793,3,0.6099236160755157,9.049214117228985,10,0.6099236160755157,valid,0.7931174205993095,0.7954457699632783,0.7929999999999999,100789
RS,0.8032,43,43,random,CIFAR10,208,main_b1000_cifar10_alexnet_RS_kp25_seed789,0.25,0.7867,False,0.25,alexnet,0.25,CIFAR10_alexnet_RS_accuracy_kp2500_seed789,789,10000,208,42,accuracy,100789,0.7867,2,0.6125898066043853,9.121718153357506,10,0.6125898066043853,valid,0.7869224601851542,0.791551217657988,0.7867,100789
RS,0.8032,43,43,random,CIFAR10,209,main_b1000_cifar10_alexnet_RS_kp25_seed789,0.25,0.7924,False,0.25,alexnet,0.25,CIFAR10_alexnet_RS_accuracy_kp2500_seed789,789,10000,209,42,accuracy,100789,0.7924,4,0.6154779959201813,9.187690608203411,10,0.6154779959201813,valid,0.7915172000788767,0.7947728009152614,0.7924,100789
RS,0.8032,43,43,random,CIFAR10,210,main_b1000_cifar10_alexnet_RS_kp25_seed789,0.25,0.7857,False,0.25,alexnet,0.25,CIFAR10_alexnet_RS_accuracy_kp2500_seed789,789,10000,210,42,accuracy,100789,0.7857,2,0.6218149681568146,9.053005792200565,10,0.6218149681568146,valid,0.784923850256347,0.7897355302046185,0.7857,100789
RS,0.8032,43,43,random,CIFAR10,211,main_b1000_cifar10_alexnet_RS_kp25_seed789,0.25,0.7926,False,0.25,alexnet,0.25,CIFAR10_alexnet_RS_accuracy_kp2500_seed789,789,10000,211,42,accuracy,100789,0.7926,3,0.6136369706153869,9.021614506840706,10,0.6136369706153869,valid,0.7924963239842387,0.7960226866465602,0.7926,100789
RS,0.8032,43,43,random,CIFAR10,212,main_b1000_cifar10_alexnet_RS_kp25_seed789,0.25,0.7939,False,0.25,alexnet,0.25,CIFAR10_alexnet_RS_accuracy_kp2500_seed789,789,10000,212,42,accuracy,100789,0.7939,4,0.615970730304718,8.991577543318272,10,0.615970730304718,valid,0.7938273529592215,0.8013224038810749,0.7939,100789
RS,0.8032,43,43,random,CIFAR10,213,main_b1000_cifar10_alexnet_RS_kp25_seed789,0.25,0.7921,False,0.25,alexnet,0.25,CIFAR10_alexnet_RS_accuracy_kp2500_seed789,789,10000,213,42,accuracy,100789,0.7921,2,0.6006334157943726,9.085589475929737,10,0.6006334157943726,valid,0.7917582075212132,0.7942530422830244,0.7920999999999999,100789
RS,0.8032,43,43,random,CIFAR10,214,main_b1000_cifar10_alexnet_RS_kp25_seed789,0.25,0.7982,False,0.25,alexnet,0.25,CIFAR10_alexnet_RS_accuracy_kp2500_seed789,789,10000,214,42,accuracy,100789,0.7982,3,0.603439212179184,9.073644421994686,10,0.603439212179184,valid,0.7972669449465216,0.7991035633204889,0.7981999999999999,100789
RS,0.8032,43,43,random,CIFAR10,215,main_b1000_cifar10_alexnet_RS_kp25_seed789,0.25,0.7988,False,0.25,alexnet,0.25,CIFAR10_alexnet_RS_accuracy_kp2500_seed789,789,10000,215,42,accuracy,100789,0.7988,3,0.5888491693973541,9.064409874379635,10,0.5888491693973541,valid,0.7982017040317116,0.7993485082271129,0.7988,100789
RS,0.8032,43,43,random,CIFAR10,216,main_b1000_cifar10_alexnet_RS_kp25_seed789,0.25,0.7824,False,0.25,alexnet,0.25,CIFAR10_alexnet_RS_accuracy_kp2500_seed789,789,10000,216,42,accuracy,100789,0.7824,2,0.6275598984241486,9.0525943338871,10,0.6275598984241486,valid,0.7826271409827348,0.7903402384607501,0.7824,100789
RS,0.8032,43,43,random,CIFAR10,217,main_b1000_cifar10_alexnet_RS_kp25_seed789,0.25,0.7963,False,0.25,alexnet,0.25,CIFAR10_alexnet_RS_accuracy_kp2500_seed789,789,10000,217,42,accuracy,100789,0.7963,3,0.6037105152606964,9.04716756939888,10,0.6037105152606964,valid,0.7959596954730788,0.7990416475023664,0.7963,100789
RS,0.8032,43,43,random,CIFAR10,218,main_b1000_cifar10_alexnet_RS_kp25_seed789,0.25,0.7894,False,0.25,alexnet,0.25,CIFAR10_alexnet_RS_accuracy_kp2500_seed789,789,10000,218,42,accuracy,100789,0.7894,2,0.6208106449127198,9.045630149543285,10,0.6208106449127198,valid,0.7895389940646297,0.7941156913007059,0.7894,100789
RS,0.8032,43,43,random,CIFAR10,219,main_b1000_cifar10_alexnet_RS_kp25_seed789,0.25,0.791,False,0.25,alexnet,0.25,CIFAR10_alexnet_RS_accuracy_kp2500_seed789,789,10000,219,42,accuracy,100789,0.791,4,0.6239900660514831,9.139842599630356,10,0.6239900660514831,valid,0.7926807376115341,0.7985058333903563,0.7909999999999999,100789
RS,0.8032,43,43,random,CIFAR10,220,main_b1000_cifar10_alexnet_RS_kp25_seed789,0.25,0.795,False,0.25,alexnet,0.25,CIFAR10_alexnet_RS_accuracy_kp2500_seed789,789,10000,220,42,accuracy,100789,0.795,3,0.5991482805252075,9.071467511355877,10,0.5991482805252075,valid,0.7949714588826718,0.7971320406649026,0.7949999999999999,100789
RS,0.8032,43,43,random,CIFAR10,221,main_b1000_cifar10_alexnet_RS_kp25_seed789,0.25,0.7847,False,0.25,alexnet,0.25,CIFAR10_alexnet_RS_accuracy_kp2500_seed789,789,10000,221,42,accuracy,100789,0.7847,3,0.6301140840530396,9.059834897518158,10,0.6301140840530396,valid,0.7852945514631294,0.7917290619149765,0.7847000000000001,100789
RS,0.8032,43,43,random,CIFAR10,222,main_b1000_cifar10_alexnet_RS_kp25_seed789,0.25,0.793,False,0.25,alexnet,0.25,CIFAR10_alexnet_RS_accuracy_kp2500_seed789,789,10000,222,42,accuracy,100789,0.793,4,0.6109980508327484,9.04340597987175,10,0.6109980508327484,valid,0.7928643103710775,0.7946809514273728,0.793,100789
RS,0.8032,43,43,random,CIFAR10,223,main_b1000_cifar10_alexnet_RS_kp25_seed789,0.25,0.7888,False,0.25,alexnet,0.25,CIFAR10_alexnet_RS_accuracy_kp2500_seed789,789,10000,223,42,accuracy,100789,0.7888,3,0.6221881778240204,9.045940294861794,10,0.6221881778240204,valid,0.7891785552751152,0.7943425087333804,0.7888000000000002,100789
RS,0.8032,43,43,random,CIFAR10,224,main_b1000_cifar10_alexnet_RS_kp25_seed789,0.25,0.794,False,0.25,alexnet,0.25,CIFAR10_alexnet_RS_accuracy_kp2500_seed789,789,10000,224,42,accuracy,100789,0.794,3,0.6090999125957489,9.065518952906132,10,0.6090999125957489,valid,0.7946590060473899,0.8001054035642448,0.794,100789
RS,0.8032,43,43,random,CIFAR10,225,main_b1000_cifar10_alexnet_RS_kp25_seed789,0.25,0.7894,False,0.25,alexnet,0.25,CIFAR10_alexnet_RS_accuracy_kp2500_seed789,789,10000,225,42,accuracy,100789,0.7894,4,0.6307690537929534,9.068475387990475,10,0.6307690537929534,valid,0.7894906304929334,0.7918646794007558,0.7894,100789
RS,0.8032,43,43,random,CIFAR10,226,main_b1000_cifar10_alexnet_RS_kp25_seed789,0.25,0.7985,False,0.25,alexnet,0.25,CIFAR10_alexnet_RS_accuracy_kp2500_seed789,789,10000,226,42,accuracy,100789,0.7985,5,0.6116018177509308,9.018427819013596,10,0.6116018177509308,valid,0.7988350318931265,0.8018954822324309,0.7985,100789
RS,0.8032,43,43,random,CIFAR10,227,main_b1000_cifar10_alexnet_RS_kp25_seed789,0.25,0.7971,False,0.25,alexnet,0.25,CIFAR10_alexnet_RS_accuracy_kp2500_seed789,789,10000,227,42,accuracy,100789,0.7971,3,0.6015876970529557,9.035482488572598,10,0.6015876970529557,valid,0.797108794233064,0.7997593568812882,0.7971,100789
RS,0.8032,43,43,random,CIFAR10,228,main_b1000_cifar10_alexnet_RS_kp25_seed789,0.25,0.7903,False,0.25,alexnet,0.25,CIFAR10_alexnet_RS_accuracy_kp2500_seed789,789,10000,228,42,accuracy,100789,0.7903,2,0.5927707951545715,9.032483384013176,10,0.5927707951545715,valid,0.7896916442478312,0.7901607435425945,0.7903,100789
RS,0.8032,43,43,random,CIFAR10,229,main_b1000_cifar10_alexnet_RS_kp25_seed789,0.25,0.7953,False,0.25,alexnet,0.25,CIFAR10_alexnet_RS_accuracy_kp2500_seed789,789,10000,229,42,accuracy,100789,0.7953,4,0.5967053453445434,9.044112831354141,10,0.5967053453445434,valid,0.7951842560887326,0.7963281007583525,0.7953,100789
RS,0.8032,43,43,random,CIFAR10,230,main_b1000_cifar10_alexnet_RS_kp25_seed789,0.25,0.792,False,0.25,alexnet,0.25,CIFAR10_alexnet_RS_accuracy_kp2500_seed789,789,10000,230,42,accuracy,100789,0.792,3,0.6041844682693481,9.089098624885082,10,0.6041844682693481,valid,0.7912221109325535,0.7938058929513623,0.792,100789
RS,0.8032,43,43,random,CIFAR10,231,main_b1000_cifar10_alexnet_RS_kp25_seed789,0.25,0.7881,False,0.25,alexnet,0.25,CIFAR10_alexnet_RS_accuracy_kp2500_seed789,789,10000,231,42,accuracy,100789,0.7881,2,0.6128940504074096,9.075462743639946,10,0.6128940504074096,valid,0.7879808758933683,0.7932756105081579,0.7881,100789
RS,0.8032,43,43,random,CIFAR10,232,main_b1000_cifar10_alexnet_RS_kp25_seed789,0.25,0.7901,False,0.25,alexnet,0.25,CIFAR10_alexnet_RS_accuracy_kp2500_seed789,789,10000,232,42,accuracy,100789,0.7901,2,0.6142967962741852,9.001402892172337,10,0.6142967962741852,valid,0.7907023205634952,0.795070025240244,0.7901,100789
RS,0.8032,43,43,random,CIFAR10,233,main_b1000_cifar10_alexnet_RS_kp25_seed789,0.25,0.7971,False,0.25,alexnet,0.25,CIFAR10_alexnet_RS_accuracy_kp2500_seed789,789,10000,233,42,accuracy,100789,0.7971,3,0.5985659020900727,9.016104817390442,10,0.5985659020900727,valid,0.7967624100050303,0.7984883083941977,0.7971,100789
RS,0.8032,43,43,random,CIFAR10,234,main_b1000_cifar10_alexnet_RS_kp25_seed789,0.25,0.7929,False,0.25,alexnet,0.25,CIFAR10_alexnet_RS_accuracy_kp2500_seed789,789,10000,234,42,accuracy,100789,0.7929,5,0.6254611253261566,9.060058139264584,10,0.6254611253261566,valid,0.7925741893123929,0.7952627411769007,0.7929,100789
RS,0.8032,43,43,random,CIFAR10,235,main_b1000_cifar10_alexnet_RS_kp25_seed789,0.25,0.7949,False,0.25,alexnet,0.25,CIFAR10_alexnet_RS_accuracy_kp2500_seed789,789,10000,235,42,accuracy,100789,0.7949,3,0.6119239506721497,9.059840597212315,10,0.6119239506721497,valid,0.7956309485480785,0.8006616833529607,0.7949,100789
RS,0.8032,43,43,random,CIFAR10,236,main_b1000_cifar10_alexnet_RS_kp25_seed789,0.25,0.7963,False,0.25,alexnet,0.25,CIFAR10_alexnet_RS_accuracy_kp2500_seed789,789,10000,236,42,accuracy,100789,0.7963,4,0.6178130850791931,9.097913265228271,10,0.6178130850791931,valid,0.795992455899927,0.7979495140370211,0.7963,100789
RS,0.8032,43,43,random,CIFAR10,237,main_b1000_cifar10_alexnet_RS_kp25_seed789,0.25,0.7899,False,0.25,alexnet,0.25,CIFAR10_alexnet_RS_accuracy_kp2500_seed789,789,10000,237,42,accuracy,100789,0.7899,3,0.6128741261005402,9.014441758394241,10,0.6128741261005402,valid,0.7908142429945708,0.7942109006847144,0.7899,100789
RS,0.8032,43,43,random,CIFAR10,238,main_b1000_cifar10_alexnet_RS_kp25_seed789,0.25,0.7963,False,0.25,alexnet,0.25,CIFAR10_alexnet_RS_accuracy_kp2500_seed789,789,10000,238,42,accuracy,100789,0.7963,3,0.5988150695323944,8.993859834969044,10,0.5988150695323944,valid,0.7962923280941341,0.7975139677299394,0.7963,100789
RS,0.8032,43,43,random,CIFAR10,239,main_b1000_cifar10_alexnet_RS_kp25_seed789,0.25,0.7945,False,0.25,alexnet,0.25,CIFAR10_alexnet_RS_accuracy_kp2500_seed789,789,10000,239,42,accuracy,100789,0.7945,4,0.610136723613739,8.997168406844139,10,0.610136723613739,valid,0.7942698163694667,0.7967147553997347,0.7945,100789
RS,0.8032,43,43,random,CIFAR10,240,main_b1000_cifar10_alexnet_RS_kp25_seed789,0.25,0.7862,False,0.25,alexnet,0.25,CIFAR10_alexnet_RS_accuracy_kp2500_seed789,789,10000,240,42,accuracy,100789,0.7862,2,0.6222843812942505,9.070933982729912,10,0.6222843812942505,valid,0.7865396763595234,0.7895650706592059,0.7862,100789
RS,0.8032,43,43,random,CIFAR10,241,main_b1000_cifar10_alexnet_RS_kp25_seed789,0.25,0.7974,False,0.25,alexnet,0.25,CIFAR10_alexnet_RS_accuracy_kp2500_seed789,789,10000,241,42,accuracy,100789,0.7974,5,0.6116416479587555,9.052041545510292,10,0.6116416479587555,valid,0.7976427825996282,0.799556699651408,0.7974,100789
RS,0.8032,43,43,random,CIFAR10,242,main_b1000_cifar10_alexnet_RS_kp25_seed789,0.25,0.7877,False,0.25,alexnet,0.25,CIFAR10_alexnet_RS_accuracy_kp2500_seed789,789,10000,242,42,accuracy,100789,0.7877,3,0.62168267121315,9.05248088389635,10,0.62168267121315,valid,0.7882406832802601,0.79117951501279,0.7877000000000001,100789
RS,0.8032,43,43,random,CIFAR10,243,main_b1000_cifar10_alexnet_RS_kp25_seed789,0.25,0.8002,False,0.25,alexnet,0.25,CIFAR10_alexnet_RS_accuracy_kp2500_seed789,789,10000,243,42,accuracy,100789,0.8002,4,0.6020963645935059,9.029346950352192,10,0.6020963645935059,valid,0.7993839284690886,0.8015277263764651,0.8001999999999999,100789
RS,0.8032,43,43,random,CIFAR10,244,main_b1000_cifar10_alexnet_RS_kp25_seed789,0.25,0.7968,False,0.25,alexnet,0.25,CIFAR10_alexnet_RS_accuracy_kp2500_seed789,789,10000,244,42,accuracy,100789,0.7968,3,0.5972185461997986,9.022011809051037,10,0.5972185461997986,valid,0.7968910306542176,0.7986362774565661,0.7968,100789
RS,0.8032,43,43,random,CIFAR10,245,main_b1000_cifar10_alexnet_RS_kp25_seed789,0.25,0.7909,False,0.25,alexnet,0.25,CIFAR10_alexnet_RS_accuracy_kp2500_seed789,789,10000,245,42,accuracy,100789,0.7909,2,0.6130622323036193,9.010825619101524,10,0.6130622323036193,valid,0.7909010507333809,0.794331088063297,0.7908999999999999,100789
RS,0.8032,43,43,random,CIFAR10,246,main_b1000_cifar10_alexnet_RS_kp25_seed789,0.25,0.7941,False,0.25,alexnet,0.25,CIFAR10_alexnet_RS_accuracy_kp2500_seed789,789,10000,246,42,accuracy,100789,0.7941,3,0.6131491735935212,9.134279161691666,10,0.6131491735935212,valid,0.7923315642059878,0.7972173935321261,0.7941,100789
RS,0.8032,43,43,random,CIFAR10,247,main_b1000_cifar10_alexnet_RS_kp25_seed789,0.25,0.7935,False,0.25,alexnet,0.25,CIFAR10_alexnet_RS_accuracy_kp2500_seed789,789,10000,247,42,accuracy,100789,0.7935,3,0.6094753724098205,9.055742889642715,10,0.6094753724098205,valid,0.7938227588850219,0.7965433071782169,0.7935,100789
RS,0.8032,43,43,random,CIFAR10,248,main_b1000_cifar10_alexnet_RS_kp25_seed789,0.25,0.7982,False,0.25,alexnet,0.25,CIFAR10_alexnet_RS_accuracy_kp2500_seed789,789,10000,248,42,accuracy,100789,0.7982,3,0.6006255642414093,9.041796185076237,10,0.6006255642414093,valid,0.7980304511188548,0.8004653863704027,0.7982,100789
RS,0.8032,43,43,random,CIFAR10,249,main_b1000_cifar10_alexnet_RS_kp25_seed789,0.25,0.7906,False,0.25,alexnet,0.25,CIFAR10_alexnet_RS_accuracy_kp2500_seed789,789,10000,249,42,accuracy,100789,0.7906,2,0.611869658613205,9.014407142996788,10,0.611869658613205,valid,0.7918357835178083,0.7997614147756978,0.7906,100789
RS,0.8032,43,43,random,CIFAR10,250,main_b1000_cifar10_alexnet_RS_kp25_seed789,0.25,0.796,False,0.25,alexnet,0.25,CIFAR10_alexnet_RS_accuracy_kp2500_seed789,789,10000,250,42,accuracy,100789,0.796,4,0.6121864043712616,9.05003047734499,10,0.6121864043712616,valid,0.7962693514169218,0.799017454101723,0.7959999999999999,100789
RS,0.8032,43,43,random,CIFAR10,251,main_b1000_cifar10_alexnet_RS_kp25_seed789,0.25,0.7909,False,0.25,alexnet,0.25,CIFAR10_alexnet_RS_accuracy_kp2500_seed789,789,10000,251,42,accuracy,100789,0.7909,4,0.6240454044342041,9.02789232134819,10,0.6240454044342041,valid,0.7921633730189058,0.7990239547911818,0.7908999999999999,100789
RS,0.8032,43,43,random,CIFAR10,252,main_b1000_cifar10_alexnet_RS_kp25_seed789,0.25,0.796,False,0.25,alexnet,0.25,CIFAR10_alexnet_RS_accuracy_kp2500_seed789,789,10000,252,42,accuracy,100789,0.796,5,0.6297662685871124,9.112237729132175,10,0.6297662685871124,valid,0.7942629749813201,0.7975048293415014,0.796,100789
RS,0.8032,43,43,random,CIFAR10,253,main_b1000_cifar10_alexnet_RS_kp25_seed789,0.25,0.7909,False,0.25,alexnet,0.25,CIFAR10_alexnet_RS_accuracy_kp2500_seed789,789,10000,253,42,accuracy,100789,0.7909,4,0.6190006607055664,9.022478632628918,10,0.6190006607055664,valid,0.7913719466076232,0.7949468920885037,0.7909,100789
RS,0.8032,43,43,random,CIFAR10,254,main_b1000_cifar10_alexnet_RS_kp25_seed789,0.25,0.7979,False,0.25,alexnet,0.25,CIFAR10_alexnet_RS_accuracy_kp2500_seed789,789,10000,254,42,accuracy,100789,0.7979,3,0.5978227920055389,9.046544998884201,10,0.5978227920055389,valid,0.7969928211354202,0.7978964221959807,0.7979,100789
RS,0.8032,43,43,random,CIFAR10,255,main_b1000_cifar10_alexnet_RS_kp25_seed789,0.25,0.7988,False,0.25,alexnet,0.25,CIFAR10_alexnet_RS_accuracy_kp2500_seed789,789,10000,255,42,accuracy,100789,0.7988,5,0.6042062529087067,8.991184771060944,10,0.6042062529087067,valid,0.7989612239856676,0.8011894437591977,0.7988,100789
RS,0.8032,43,43,random,CIFAR10,256,main_b1000_cifar10_alexnet_RS_kp25_seed789,0.25,0.7885,False,0.25,alexnet,0.25,CIFAR10_alexnet_RS_accuracy_kp2500_seed789,789,10000,256,42,accuracy,100789,0.7885,2,0.6132079065799713,9.08137783408165,10,0.6132079065799713,valid,0.7874388086421964,0.791835923713707,0.7885,100789
RS,0.8032,43,43,random,CIFAR10,257,main_b1000_cifar10_alexnet_RS_kp25_seed789,0.25,0.7997,False,0.25,alexnet,0.25,CIFAR10_alexnet_RS_accuracy_kp2500_seed789,789,10000,257,42,accuracy,100789,0.7997,4,0.6020845538139343,9.081687472760677,10,0.6020845538139343,valid,0.7995548898120101,0.801708837245168,0.7996999999999999,100789
RS,0.8032,43,43,random,CIFAR10,258,main_b1000_cifar10_alexnet_RS_kp25_seed789,0.25,0.7934,False,0.25,alexnet,0.25,CIFAR10_alexnet_RS_accuracy_kp2500_seed789,789,10000,258,42,accuracy,100789,0.7934,2,0.599221923494339,9.099087737500668,10,0.599221923494339,valid,0.7912943946349229,0.794022574575296,0.7934,100789
RS,0.8032,43,43,random,CIFAR10,259,main_b1000_cifar10_alexnet_RS_kp25_seed789,0.25,0.7931,False,0.25,alexnet,0.25,CIFAR10_alexnet_RS_accuracy_kp2500_seed789,789,10000,259,42,accuracy,100789,0.7931,3,0.6052240264892578,9.021302908658981,10,0.6052240264892578,valid,0.7928452086913413,0.79383385172002,0.7931,100789
RS,0.8032,43,43,random,CIFAR10,260,main_b1000_cifar10_alexnet_RS_kp25_seed789,0.25,0.798,False,0.25,alexnet,0.25,CIFAR10_alexnet_RS_accuracy_kp2500_seed789,789,10000,260,42,accuracy,100789,0.798,3,0.5933002477169037,9.058621853590012,10,0.5933002477169037,valid,0.7979695388374608,0.7997071624642873,0.798,100789
RS,0.8032,43,43,random,CIFAR10,261,main_b1000_cifar10_alexnet_RS_kp25_seed789,0.25,0.7977,False,0.25,alexnet,0.25,CIFAR10_alexnet_RS_accuracy_kp2500_seed789,789,10000,261,42,accuracy,100789,0.7977,5,0.6187853389263153,9.148023098707199,10,0.6187853389263153,valid,0.7973644686413108,0.8002142756782739,0.7977000000000001,100789
RS,0.8032,43,43,random,CIFAR10,262,main_b1000_cifar10_alexnet_RS_kp25_seed789,0.25,0.7886,False,0.25,alexnet,0.25,CIFAR10_alexnet_RS_accuracy_kp2500_seed789,789,10000,262,42,accuracy,100789,0.7886,3,0.6254187383174896,9.210875056684017,10,0.6254187383174896,valid,0.7876757130684031,0.7928067493427573,0.7886,100789
RS,0.8032,43,43,random,CIFAR10,263,main_b1000_cifar10_alexnet_RS_kp25_seed789,0.25,0.7957,False,0.25,alexnet,0.25,CIFAR10_alexnet_RS_accuracy_kp2500_seed789,789,10000,263,42,accuracy,100789,0.7957,4,0.6007510951042175,9.198473297059536,10,0.6007510951042175,valid,0.7953567305328381,0.7972737085084145,0.7957000000000001,100789
RS,0.8032,43,43,random,CIFAR10,264,main_b1000_cifar10_alexnet_RS_kp25_seed789,0.25,0.796,False,0.25,alexnet,0.25,CIFAR10_alexnet_RS_accuracy_kp2500_seed789,789,10000,264,42,accuracy,100789,0.796,3,0.5907983975887299,9.159839503467083,10,0.5907983975887299,valid,0.7959439316466411,0.7969710792442889,0.7959999999999999,100789
RS,0.8032,43,43,random,CIFAR10,265,main_b1000_cifar10_alexnet_RS_kp25_seed789,0.25,0.794,False,0.25,alexnet,0.25,CIFAR10_alexnet_RS_accuracy_kp2500_seed789,789,10000,265,42,accuracy,100789,0.794,3,0.6037001438140869,9.148252300918102,10,0.6037001438140869,valid,0.7936509012507404,0.7958750094582288,0.7939999999999999,100789
RS,0.8032,43,43,random,CIFAR10,266,main_b1000_cifar10_alexnet_RS_kp25_seed789,0.25,0.7889,False,0.25,alexnet,0.25,CIFAR10_alexnet_RS_accuracy_kp2500_seed789,789,10000,266,42,accuracy,100789,0.7889,2,0.6109300443649291,9.141996137797832,10,0.6109300443649291,valid,0.789744664605953,0.7962358090564078,0.7889,100789
RS,0.8032,43,43,random,CIFAR10,267,main_b1000_cifar10_alexnet_RS_kp25_seed789,0.25,0.7879,False,0.25,alexnet,0.25,CIFAR10_alexnet_RS_accuracy_kp2500_seed789,789,10000,267,42,accuracy,100789,0.7879,3,0.6133648682594299,9.169788651168346,10,0.6133648682594299,valid,0.7898364923803542,0.7993466645007677,0.7878999999999999,100789
RS,0.8032,43,43,random,CIFAR10,268,main_b1000_cifar10_alexnet_RS_kp25_seed789,0.25,0.7909,False,0.25,alexnet,0.25,CIFAR10_alexnet_RS_accuracy_kp2500_seed789,789,10000,268,42,accuracy,100789,0.7909,2,0.6093796616077423,9.198157839477062,10,0.6093796616077423,valid,0.7916841404474653,0.7983807927134039,0.7908999999999999,100789
RS,0.8032,43,43,random,CIFAR10,269,main_b1000_cifar10_alexnet_RS_kp25_seed789,0.25,0.7898,False,0.25,alexnet,0.25,CIFAR10_alexnet_RS_accuracy_kp2500_seed789,789,10000,269,42,accuracy,100789,0.7898,2,0.616138448381424,9.076125510036945,10,0.616138448381424,valid,0.7894884258113989,0.7938200945362153,0.7898000000000001,100789
RS,0.8032,43,43,random,CIFAR10,270,main_b1000_cifar10_alexnet_RS_kp25_seed789,0.25,0.8009,False,0.25,alexnet,0.25,CIFAR10_alexnet_RS_accuracy_kp2500_seed789,789,10000,270,42,accuracy,100789,0.8009,4,0.6037937891960145,9.143632538616657,10,0.6037937891960145,valid,0.8005768880710555,0.8019873311763961,0.8009000000000001,100789
RS,0.8032,43,43,random,CIFAR10,271,main_b1000_cifar10_alexnet_RS_kp25_seed789,0.25,0.7941,False,0.25,alexnet,0.25,CIFAR10_alexnet_RS_accuracy_kp2500_seed789,789,10000,271,42,accuracy,100789,0.7941,3,0.6028578335285186,9.106276169419289,10,0.6028578335285186,valid,0.7932188560323027,0.795562267885928,0.7941,100789
RS,0.8032,43,43,random,CIFAR10,272,main_b1000_cifar10_alexnet_RS_kp25_seed789,0.25,0.7976,False,0.25,alexnet,0.25,CIFAR10_alexnet_RS_accuracy_kp2500_seed789,789,10000,272,42,accuracy,100789,0.7976,3,0.6010090054035186,9.164907582104206,10,0.6010090054035186,valid,0.7971083201913368,0.798948741377952,0.7975999999999999,100789
RS,0.8032,43,43,random,CIFAR10,273,main_b1000_cifar10_alexnet_RS_kp25_seed789,0.25,0.7903,False,0.25,alexnet,0.25,CIFAR10_alexnet_RS_accuracy_kp2500_seed789,789,10000,273,42,accuracy,100789,0.7903,3,0.6211537925720215,9.176530957221985,10,0.6211537925720215,valid,0.7890941523290511,0.7942025999431978,0.7903,100789
RS,0.8032,43,43,random,CIFAR10,274,main_b1000_cifar10_alexnet_RS_kp25_seed789,0.25,0.7997,False,0.25,alexnet,0.25,CIFAR10_alexnet_RS_accuracy_kp2500_seed789,789,10000,274,42,accuracy,100789,0.7997,4,0.604898446559906,9.159424632787704,10,0.604898446559906,valid,0.7998754292416745,0.8011552772615523,0.7997,100789
RS,0.8032,43,43,random,CIFAR10,275,main_b1000_cifar10_alexnet_RS_kp25_seed789,0.25,0.7864,False,0.25,alexnet,0.25,CIFAR10_alexnet_RS_accuracy_kp2500_seed789,789,10000,275,42,accuracy,100789,0.7864,2,0.6114422623157502,9.094392091035843,10,0.6114422623157502,valid,0.7867480521743533,0.7921176908609929,0.7864,100789
RS,0.8032,43,43,random,CIFAR10,276,main_b1000_cifar10_alexnet_RS_kp25_seed789,0.25,0.7822,False,0.25,alexnet,0.25,CIFAR10_alexnet_RS_accuracy_kp2500_seed789,789,10000,276,42,accuracy,100789,0.7822,2,0.6263218312740326,9.125475533306599,10,0.6263218312740326,valid,0.7812371129431955,0.7886791726533946,0.7822,100789
RS,0.8032,43,43,random,CIFAR10,277,main_b1000_cifar10_alexnet_RS_kp25_seed789,0.25,0.7942,False,0.25,alexnet,0.25,CIFAR10_alexnet_RS_accuracy_kp2500_seed789,789,10000,277,42,accuracy,100789,0.7942,3,0.6106617683887482,9.121453322470188,10,0.6106617683887482,valid,0.7939409322737784,0.7966418860239202,0.7942000000000001,100789
RS,0.8032,43,43,random,CIFAR10,278,main_b1000_cifar10_alexnet_RS_kp25_seed789,0.25,0.7919,False,0.25,alexnet,0.25,CIFAR10_alexnet_RS_accuracy_kp2500_seed789,789,10000,278,42,accuracy,100789,0.7919,3,0.6279493375778198,9.211439117789268,10,0.6279493375778198,valid,0.7915825772498466,0.7968620220331837,0.7918999999999999,100789
RS,0.8032,43,43,random,CIFAR10,279,main_b1000_cifar10_alexnet_RS_kp25_seed789,0.25,0.7939,False,0.25,alexnet,0.25,CIFAR10_alexnet_RS_accuracy_kp2500_seed789,789,10000,279,42,accuracy,100789,0.7939,4,0.6166896072864533,9.156227372586727,10,0.6166896072864533,valid,0.792766408313512,0.7946940169172053,0.7939,100789
RS,0.8032,43,43,random,CIFAR10,280,main_b1000_cifar10_alexnet_RS_kp25_seed789,0.25,0.8013,False,0.25,alexnet,0.25,CIFAR10_alexnet_RS_accuracy_kp2500_seed789,789,10000,280,42,accuracy,100789,0.8013,4,0.6018252377986908,9.222535774111748,10,0.6018252377986908,valid,0.8014108831397957,0.8030519766491663,0.8013,100789
RS,0.8032,43,43,random,CIFAR10,281,main_b1000_cifar10_alexnet_RS_kp25_seed789,0.25,0.7929,False,0.25,alexnet,0.25,CIFAR10_alexnet_RS_accuracy_kp2500_seed789,789,10000,281,42,accuracy,100789,0.7929,3,0.6146989060401916,9.126966834068298,10,0.6146989060401916,valid,0.7938296988058735,0.8042842510996036,0.7929000000000002,100789
RS,0.8032,43,43,random,CIFAR10,282,main_b1000_cifar10_alexnet_RS_kp25_seed789,0.25,0.7977,False,0.25,alexnet,0.25,CIFAR10_alexnet_RS_accuracy_kp2500_seed789,789,10000,282,42,accuracy,100789,0.7977,4,0.6037251572132111,9.124276399612427,10,0.6037251572132111,valid,0.7977759667031281,0.7997480095278153,0.7976999999999999,100789
RS,0.8032,43,43,random,CIFAR10,283,main_b1000_cifar10_alexnet_RS_kp25_seed789,0.25,0.7947,False,0.25,alexnet,0.25,CIFAR10_alexnet_RS_accuracy_kp2500_seed789,789,10000,283,42,accuracy,100789,0.7947,2,0.602084894323349,9.096918374300003,10,0.602084894323349,valid,0.7935555508702558,0.796084901542116,0.7947000000000001,100789
RS,0.8032,43,43,random,CIFAR10,284,main_b1000_cifar10_alexnet_RS_kp25_seed789,0.25,0.7967,False,0.25,alexnet,0.25,CIFAR10_alexnet_RS_accuracy_kp2500_seed789,789,10000,284,42,accuracy,100789,0.7967,4,0.6113387159347534,9.182414039969444,10,0.6113387159347534,valid,0.7970988671596565,0.7995065655024568,0.7966999999999999,100789
RS,0.8032,43,43,random,CIFAR10,285,main_b1000_cifar10_alexnet_RS_kp25_seed789,0.25,0.7915,False,0.25,alexnet,0.25,CIFAR10_alexnet_RS_accuracy_kp2500_seed789,789,10000,285,42,accuracy,100789,0.7915,2,0.6013117562770843,9.205584719777107,10,0.6013117562770843,valid,0.7904523415327118,0.7937035586284636,0.7915,100789
RS,0.8032,43,43,random,CIFAR10,286,main_b1000_cifar10_alexnet_RS_kp25_seed789,0.25,0.7903,False,0.25,alexnet,0.25,CIFAR10_alexnet_RS_accuracy_kp2500_seed789,789,10000,286,42,accuracy,100789,0.7903,3,0.6197761138439178,9.250614389777184,10,0.6197761138439178,valid,0.7910243243850176,0.7977783568903215,0.7903,100789
RS,0.8032,43,43,random,CIFAR10,287,main_b1000_cifar10_alexnet_RS_kp25_seed789,0.25,0.7964,False,0.25,alexnet,0.25,CIFAR10_alexnet_RS_accuracy_kp2500_seed789,789,10000,287,42,accuracy,100789,0.7964,5,0.6133185425758362,9.115031406283379,10,0.6133185425758362,valid,0.7966830563040498,0.798629974905121,0.7964,100789
RS,0.8032,43,43,random,CIFAR10,288,main_b1000_cifar10_alexnet_RS_kp25_seed789,0.25,0.7915,False,0.25,alexnet,0.25,CIFAR10_alexnet_RS_accuracy_kp2500_seed789,789,10000,288,42,accuracy,100789,0.7915,3,0.6107887951374054,9.07958297431469,10,0.6107887951374054,valid,0.7916967496401166,0.7974185311918682,0.7915,100789
RS,0.8032,43,43,random,CIFAR10,289,main_b1000_cifar10_alexnet_RS_kp25_seed789,0.25,0.7926,False,0.25,alexnet,0.25,CIFAR10_alexnet_RS_accuracy_kp2500_seed789,789,10000,289,42,accuracy,100789,0.7926,3,0.6002534326553345,9.17809434235096,10,0.6002534326553345,valid,0.7921875685357451,0.7962421186449127,0.7926,100789
RS,0.8032,43,43,random,CIFAR10,290,main_b1000_cifar10_alexnet_RS_kp25_seed789,0.25,0.7933,False,0.25,alexnet,0.25,CIFAR10_alexnet_RS_accuracy_kp2500_seed789,789,10000,290,42,accuracy,100789,0.7933,2,0.5935946986198425,9.164872147142887,10,0.5935946986198425,valid,0.7933659051890855,0.7965142285169827,0.7933,100789
RS,0.8032,43,43,random,CIFAR10,291,main_b1000_cifar10_alexnet_RS_kp25_seed789,0.25,0.7873,False,0.25,alexnet,0.25,CIFAR10_alexnet_RS_accuracy_kp2500_seed789,789,10000,291,42,accuracy,100789,0.7873,2,0.6131433622837067,9.135666742920876,10,0.6131433622837067,valid,0.7874967057177874,0.7925249122926963,0.7873,100789
RS,0.8032,43,43,random,CIFAR10,292,main_b1000_cifar10_alexnet_RS_kp25_seed789,0.25,0.7943,False,0.25,alexnet,0.25,CIFAR10_alexnet_RS_accuracy_kp2500_seed789,789,10000,292,42,accuracy,100789,0.7943,4,0.604980253314972,9.090921975672245,10,0.604980253314972,valid,0.7938809563125332,0.7973170422280209,0.7943,100789
RS,0.8032,43,43,random,CIFAR10,293,main_b1000_cifar10_alexnet_RS_kp25_seed789,0.25,0.7911,False,0.25,alexnet,0.25,CIFAR10_alexnet_RS_accuracy_kp2500_seed789,789,10000,293,42,accuracy,100789,0.7911,2,0.6093925608634949,9.119253888726234,10,0.6093925608634949,valid,0.7916587094877542,0.7968981393886745,0.7911,100789
RS,0.8032,43,43,random,CIFAR10,294,main_b1000_cifar10_alexnet_RS_kp25_seed789,0.25,0.7874,False,0.25,alexnet,0.25,CIFAR10_alexnet_RS_accuracy_kp2500_seed789,789,10000,294,42,accuracy,100789,0.7874,2,0.6194022711753845,9.129659280180931,10,0.6194022711753845,valid,0.7876589911337766,0.7947324442807526,0.7874000000000001,100789
RS,0.8032,43,43,random,CIFAR10,295,main_b1000_cifar10_alexnet_RS_kp25_seed789,0.25,0.7967,False,0.25,alexnet,0.25,CIFAR10_alexnet_RS_accuracy_kp2500_seed789,789,10000,295,42,accuracy,100789,0.7967,4,0.6106464325428009,9.198343724012375,10,0.6106464325428009,valid,0.7965355549219881,0.798565885609632,0.7967,100789
RS,0.8032,43,43,random,CIFAR10,296,main_b1000_cifar10_alexnet_RS_kp25_seed789,0.25,0.7972,False,0.25,alexnet,0.25,CIFAR10_alexnet_RS_accuracy_kp2500_seed789,789,10000,296,42,accuracy,100789,0.7972,3,0.5944585320472717,9.143046334385872,10,0.5944585320472717,valid,0.7980138964712967,0.8017335480797396,0.7971999999999999,100789
RS,0.8032,43,43,random,CIFAR10,297,main_b1000_cifar10_alexnet_RS_kp25_seed789,0.25,0.7939,False,0.25,alexnet,0.25,CIFAR10_alexnet_RS_accuracy_kp2500_seed789,789,10000,297,42,accuracy,100789,0.7939,3,0.6050472091197967,9.099835962057114,10,0.6050472091197967,valid,0.7942061313993442,0.7960482967344832,0.7939,100789
RS,0.8032,43,43,random,CIFAR10,298,main_b1000_cifar10_alexnet_RS_kp25_seed789,0.25,0.7942,False,0.25,alexnet,0.25,CIFAR10_alexnet_RS_accuracy_kp2500_seed789,789,10000,298,42,accuracy,100789,0.7942,2,0.599965878200531,9.0869947001338,10,0.599965878200531,valid,0.7948669928269836,0.7966935470948806,0.7942,100789
RS,0.8032,43,43,random,CIFAR10,299,main_b1000_cifar10_alexnet_RS_kp25_seed789,0.25,0.788,False,0.25,alexnet,0.25,CIFAR10_alexnet_RS_accuracy_kp2500_seed789,789,10000,299,42,accuracy,100789,0.788,2,0.6183140141487121,9.127103380858898,10,0.6183140141487121,valid,0.7875976890061952,0.7900856219464983,0.788,100789
RS,0.8032,43,43,random,CIFAR10,300,main_b1000_cifar10_alexnet_RS_kp25_seed789,0.25,0.7907,False,0.25,alexnet,0.25,CIFAR10_alexnet_RS_accuracy_kp2500_seed789,789,10000,300,42,accuracy,100789,0.7907,2,0.6098098807811737,9.104661367833614,10,0.6098098807811737,valid,0.7903663984572645,0.7919226959342367,0.7907,100789
RS,0.8032,43,43,random,CIFAR10,301,main_b1000_cifar10_alexnet_RS_kp25_seed789,0.25,0.7861,False,0.25,alexnet,0.25,CIFAR10_alexnet_RS_accuracy_kp2500_seed789,789,10000,301,42,accuracy,100789,0.7861,2,0.6216043412685395,9.18859526515007,10,0.6216043412685395,valid,0.7877992388504071,0.7968144778316838,0.7861,100789
RS,0.8032,43,43,random,CIFAR10,302,main_b1000_cifar10_alexnet_RS_kp25_seed789,0.25,0.7909,False,0.25,alexnet,0.25,CIFAR10_alexnet_RS_accuracy_kp2500_seed789,789,10000,302,42,accuracy,100789,0.7909,3,0.6242907938480378,9.149706080555916,10,0.6242907938480378,valid,0.788273597592985,0.7933511419178955,0.7908999999999999,100789
RS,0.8032,43,43,random,CIFAR10,303,main_b1000_cifar10_alexnet_RS_kp25_seed789,0.25,0.7909,False,0.25,alexnet,0.25,CIFAR10_alexnet_RS_accuracy_kp2500_seed789,789,10000,303,42,accuracy,100789,0.7909,3,0.6093056717395783,9.100233510136604,10,0.6093056717395783,valid,0.7919346010246968,0.799131139399839,0.7909,100789
RS,0.8032,43,43,random,CIFAR10,304,main_b1000_cifar10_alexnet_RS_kp25_seed789,0.25,0.7806,False,0.25,alexnet,0.25,CIFAR10_alexnet_RS_accuracy_kp2500_seed789,789,10000,304,42,accuracy,100789,0.7806,2,0.6381573747634888,9.142172880470753,10,0.6381573747634888,valid,0.779503921107815,0.7845527449732204,0.7806,100789
RS,0.8032,43,43,random,CIFAR10,305,main_b1000_cifar10_alexnet_RS_kp25_seed789,0.25,0.7868,False,0.25,alexnet,0.25,CIFAR10_alexnet_RS_accuracy_kp2500_seed789,789,10000,305,42,accuracy,100789,0.7868,2,0.616600975561142,9.088675431907177,10,0.616600975561142,valid,0.7860041030086533,0.7879024218823117,0.7868,100789
RS,0.8032,43,43,random,CIFAR10,306,main_b1000_cifar10_alexnet_RS_kp25_seed789,0.25,0.7917,False,0.25,alexnet,0.25,CIFAR10_alexnet_RS_accuracy_kp2500_seed789,789,10000,306,42,accuracy,100789,0.7917,4,0.622145644569397,9.125629164278507,10,0.622145644569397,valid,0.7906200737045129,0.7932209619883703,0.7917,100789
RS,0.8032,43,43,random,CIFAR10,307,main_b1000_cifar10_alexnet_RS_kp25_seed789,0.25,0.7893,False,0.25,alexnet,0.25,CIFAR10_alexnet_RS_accuracy_kp2500_seed789,789,10000,307,42,accuracy,100789,0.7893,3,0.6168682442188262,9.182128101587296,10,0.6168682442188262,valid,0.7907373802059543,0.7967303742949504,0.7893,100789
RS,0.8032,43,43,random,CIFAR10,308,main_b1000_cifar10_alexnet_RS_kp25_seed789,0.25,0.7948,False,0.25,alexnet,0.25,CIFAR10_alexnet_RS_accuracy_kp2500_seed789,789,10000,308,42,accuracy,100789,0.7948,3,0.6180728356361389,9.120700493454933,10,0.6180728356361389,valid,0.7938230813154241,0.7974542741096409,0.7948000000000001,100789
RS,0.8032,43,43,random,CIFAR10,309,main_b1000_cifar10_alexnet_RS_kp25_seed789,0.25,0.7963,False,0.25,alexnet,0.25,CIFAR10_alexnet_RS_accuracy_kp2500_seed789,789,10000,309,42,accuracy,100789,0.7963,3,0.5940490638256073,9.173047848045826,10,0.5940490638256073,valid,0.7963499265763483,0.7983636186269558,0.7963000000000001,100789
RS,0.8032,43,43,random,CIFAR10,310,main_b1000_cifar10_alexnet_RS_kp25_seed789,0.25,0.8018,False,0.25,alexnet,0.25,CIFAR10_alexnet_RS_accuracy_kp2500_seed789,789,10000,310,42,accuracy,100789,0.8018,5,0.6154377096652984,9.094439692795277,10,0.6154377096652984,valid,0.802104037119932,0.8036591224929028,0.8017999999999998,100789
RS,0.8032,43,43,random,CIFAR10,311,main_b1000_cifar10_alexnet_RS_kp25_seed789,0.25,0.7901,False,0.25,alexnet,0.25,CIFAR10_alexnet_RS_accuracy_kp2500_seed789,789,10000,311,42,accuracy,100789,0.7901,2,0.6131498954296112,9.089996725320816,10,0.6131498954296112,valid,0.7898616658847433,0.7926801972243659,0.7901,100789
RS,0.8032,43,43,random,CIFAR10,312,main_b1000_cifar10_alexnet_RS_kp25_seed789,0.25,0.7892,False,0.25,alexnet,0.25,CIFAR10_alexnet_RS_accuracy_kp2500_seed789,789,10000,312,42,accuracy,100789,0.7892,3,0.6151655594348907,9.109171830117702,10,0.6151655594348907,valid,0.7896011304215903,0.7944440024804564,0.7891999999999999,100789
RS,0.8032,43,43,random,CIFAR10,313,main_b1000_cifar10_alexnet_RS_kp25_seed789,0.25,0.7948,False,0.25,alexnet,0.25,CIFAR10_alexnet_RS_accuracy_kp2500_seed789,789,10000,313,42,accuracy,100789,0.7948,4,0.6009978831291198,9.196880497038364,10,0.6009978831291198,valid,0.7949037902238965,0.7969654394339039,0.7948000000000001,100789
RS,0.8032,43,43,random,CIFAR10,314,main_b1000_cifar10_alexnet_RS_kp25_seed789,0.25,0.7958,False,0.25,alexnet,0.25,CIFAR10_alexnet_RS_accuracy_kp2500_seed789,789,10000,314,42,accuracy,100789,0.7958,4,0.6139285409450531,9.205035157501698,10,0.6139285409450531,valid,0.7958226963455978,0.7993818290684253,0.7958000000000001,100789
RS,0.8032,43,43,random,CIFAR10,315,main_b1000_cifar10_alexnet_RS_kp25_seed789,0.25,0.787,False,0.25,alexnet,0.25,CIFAR10_alexnet_RS_accuracy_kp2500_seed789,789,10000,315,42,accuracy,100789,0.787,2,0.630097682762146,9.148592054843903,10,0.630097682762146,valid,0.7893937514009022,0.8029306321844789,0.7870000000000001,100789
RS,0.8032,43,43,random,CIFAR10,316,main_b1000_cifar10_alexnet_RS_kp25_seed789,0.25,0.7969,False,0.25,alexnet,0.25,CIFAR10_alexnet_RS_accuracy_kp2500_seed789,789,10000,316,42,accuracy,100789,0.7969,4,0.6185873216629029,9.149496622383595,10,0.6185873216629029,valid,0.7970381833420497,0.8008976608910487,0.7969,100789
RS,0.8032,43,43,random,CIFAR10,317,main_b1000_cifar10_alexnet_RS_kp25_seed789,0.25,0.7932,False,0.25,alexnet,0.25,CIFAR10_alexnet_RS_accuracy_kp2500_seed789,789,10000,317,42,accuracy,100789,0.7932,3,0.6071271602153778,9.111175075173378,10,0.6071271602153778,valid,0.7947764011401806,0.7997673562011596,0.7932,100789
RS,0.8032,43,43,random,CIFAR10,318,main_b1000_cifar10_alexnet_RS_kp25_seed789,0.25,0.7906,False,0.25,alexnet,0.25,CIFAR10_alexnet_RS_accuracy_kp2500_seed789,789,10000,318,42,accuracy,100789,0.7906,4,0.6188900270938873,9.115805946290493,10,0.6188900270938873,valid,0.7909081119691883,0.7953793593083844,0.7906000000000001,100789
RS,0.8032,43,43,random,CIFAR10,319,main_b1000_cifar10_alexnet_RS_kp25_seed789,0.25,0.7989,False,0.25,alexnet,0.25,CIFAR10_alexnet_RS_accuracy_kp2500_seed789,789,10000,319,42,accuracy,100789,0.7989,4,0.5990829103469849,9.195844009518623,10,0.5990829103469849,valid,0.7981777563536501,0.7989758720003342,0.7989,100789
RS,0.8032,43,43,random,CIFAR10,320,main_b1000_cifar10_alexnet_RS_kp25_seed789,0.25,0.7947,False,0.25,alexnet,0.25,CIFAR10_alexnet_RS_accuracy_kp2500_seed789,789,10000,320,42,accuracy,100789,0.7947,3,0.622390180683136,9.187338761985302,10,0.622390180683136,valid,0.7944278612789868,0.7976636323895026,0.7947000000000001,100789
RS,0.8032,43,43,random,CIFAR10,321,main_b1000_cifar10_alexnet_RS_kp25_seed789,0.25,0.7903,False,0.25,alexnet,0.25,CIFAR10_alexnet_RS_accuracy_kp2500_seed789,789,10000,321,42,accuracy,100789,0.7903,2,0.6137026252269745,9.119760617613792,10,0.6137026252269745,valid,0.7909644240073008,0.7959240826051586,0.7903,100789
RS,0.8032,43,43,random,CIFAR10,322,main_b1000_cifar10_alexnet_RS_kp25_seed789,0.25,0.7886,False,0.25,alexnet,0.25,CIFAR10_alexnet_RS_accuracy_kp2500_seed789,789,10000,322,42,accuracy,100789,0.7886,2,0.6110434069156647,9.101130701601505,10,0.6110434069156647,valid,0.7884323387235131,0.7922204571509629,0.7886,100789
RS,0.8032,43,43,random,CIFAR10,323,main_b1000_cifar10_alexnet_RS_kp25_seed789,0.25,0.7862,False,0.25,alexnet,0.25,CIFAR10_alexnet_RS_accuracy_kp2500_seed789,789,10000,323,42,accuracy,100789,0.7862,2,0.6103046676635743,9.124042317271233,10,0.6103046676635743,valid,0.7874855616767042,0.7949118557302722,0.7862,100789
RS,0.8032,43,43,random,CIFAR10,324,main_b1000_cifar10_alexnet_RS_kp25_seed789,0.25,0.7942,False,0.25,alexnet,0.25,CIFAR10_alexnet_RS_accuracy_kp2500_seed789,789,10000,324,42,accuracy,100789,0.7942,2,0.5963127348423004,9.116295389831066,10,0.5963127348423004,valid,0.7937756743689509,0.794891453486029,0.7942,100789
RS,0.8032,43,43,random,CIFAR10,325,main_b1000_cifar10_alexnet_RS_kp25_seed789,0.25,0.7901,False,0.25,alexnet,0.25,CIFAR10_alexnet_RS_accuracy_kp2500_seed789,789,10000,325,42,accuracy,100789,0.7901,3,0.6190457525253296,9.230069302022457,10,0.6190457525253296,valid,0.7892766728231024,0.7935810882990423,0.7901,100789
RS,0.8032,43,43,random,CIFAR10,326,main_b1000_cifar10_alexnet_RS_kp25_seed789,0.25,0.789,False,0.25,alexnet,0.25,CIFAR10_alexnet_RS_accuracy_kp2500_seed789,789,10000,326,42,accuracy,100789,0.789,2,0.6219517709732055,9.184749886393547,10,0.6219517709732055,valid,0.7888770344650784,0.7953267078569285,0.7889999999999999,100789
RS,0.8032,43,43,random,CIFAR10,327,main_b1000_cifar10_alexnet_RS_kp25_seed789,0.25,0.7912,False,0.25,alexnet,0.25,CIFAR10_alexnet_RS_accuracy_kp2500_seed789,789,10000,327,42,accuracy,100789,0.7912,2,0.6079940286159515,9.132222138345242,10,0.6079940286159515,valid,0.7913295492567485,0.7975177249185366,0.7912000000000001,100789
RS,0.8032,43,43,random,CIFAR10,328,main_b1000_cifar10_alexnet_RS_kp25_seed789,0.25,0.7958,False,0.25,alexnet,0.25,CIFAR10_alexnet_RS_accuracy_kp2500_seed789,789,10000,328,42,accuracy,100789,0.7958,4,0.6141461776256562,9.110153548419476,10,0.6141461776256562,valid,0.7966504725462387,0.8000640267913649,0.7958000000000001,100789
RS,0.8032,43,43,random,CIFAR10,329,main_b1000_cifar10_alexnet_RS_kp25_seed789,0.25,0.7939,False,0.25,alexnet,0.25,CIFAR10_alexnet_RS_accuracy_kp2500_seed789,789,10000,329,42,accuracy,100789,0.7939,4,0.6169517820358277,9.129625976085663,10,0.6169517820358277,valid,0.7921374915528866,0.7977810230521308,0.7939,100789
RS,0.8032,43,43,random,CIFAR10,330,main_b1000_cifar10_alexnet_RS_kp25_seed789,0.25,0.7876,False,0.25,alexnet,0.25,CIFAR10_alexnet_RS_accuracy_kp2500_seed789,789,10000,330,42,accuracy,100789,0.7876,2,0.6132769360542297,9.148057252168655,10,0.6132769360542297,valid,0.7879586082964103,0.7916996131725168,0.7876,100789
RS,0.8032,43,43,random,CIFAR10,331,main_b1000_cifar10_alexnet_RS_kp25_seed789,0.25,0.7894,False,0.25,alexnet,0.25,CIFAR10_alexnet_RS_accuracy_kp2500_seed789,789,10000,331,42,accuracy,100789,0.7894,2,0.6065180471897125,9.224423326551914,10,0.6065180471897125,valid,0.7903279959500954,0.795139810840485,0.7893999999999999,100789
RS,0.8032,43,43,random,CIFAR10,332,main_b1000_cifar10_alexnet_RS_kp25_seed789,0.25,0.7909,False,0.25,alexnet,0.25,CIFAR10_alexnet_RS_accuracy_kp2500_seed789,789,10000,332,42,accuracy,100789,0.7909,4,0.6215327550411225,9.176466166973114,10,0.6215327550411225,valid,0.7905128799497152,0.792844338593151,0.7909,100789
RS,0.8032,43,43,random,CIFAR10,333,main_b1000_cifar10_alexnet_RS_kp25_seed789,0.25,0.7856,False,0.25,alexnet,0.25,CIFAR10_alexnet_RS_accuracy_kp2500_seed789,789,10000,333,42,accuracy,100789,0.7856,3,0.6159309528827667,9.123438075184822,10,0.6159309528827667,valid,0.7878683158874035,0.7981773458291581,0.7856,100789
RS,0.8032,43,43,random,CIFAR10,334,main_b1000_cifar10_alexnet_RS_kp25_seed789,0.25,0.7944,False,0.25,alexnet,0.25,CIFAR10_alexnet_RS_accuracy_kp2500_seed789,789,10000,334,42,accuracy,100789,0.7944,3,0.6124354795932769,9.092297449707985,10,0.6124354795932769,valid,0.7936124681201558,0.8003036843270295,0.7943999999999999,100789
RS,0.8032,43,43,random,CIFAR10,335,main_b1000_cifar10_alexnet_RS_kp25_seed789,0.25,0.7935,False,0.25,alexnet,0.25,CIFAR10_alexnet_RS_accuracy_kp2500_seed789,789,10000,335,42,accuracy,100789,0.7935,3,0.6117019531726837,9.10275985300541,10,0.6117019531726837,valid,0.7944370322896317,0.8024196948038472,0.7935000000000001,100789
RS,0.8032,43,43,random,CIFAR10,336,main_b1000_cifar10_alexnet_RS_kp25_seed789,0.25,0.7884,False,0.25,alexnet,0.25,CIFAR10_alexnet_RS_accuracy_kp2500_seed789,789,10000,336,42,accuracy,100789,0.7884,2,0.6178425781726837,9.097494676709175,10,0.6178425781726837,valid,0.7888079638799355,0.7968352758753408,0.7884,100789
RS,0.8032,43,43,random,CIFAR10,337,main_b1000_cifar10_alexnet_RS_kp25_seed789,0.25,0.7839,False,0.25,alexnet,0.25,CIFAR10_alexnet_RS_accuracy_kp2500_seed789,789,10000,337,42,accuracy,100789,0.7839,1,0.6113412620544434,9.18633334338665,10,0.6113412620544434,valid,0.7829101111735275,0.7856605522544713,0.7839,100789
RS,0.8032,43,43,random,CIFAR10,338,main_b1000_cifar10_alexnet_RS_kp25_seed789,0.25,0.7909,False,0.25,alexnet,0.25,CIFAR10_alexnet_RS_accuracy_kp2500_seed789,789,10000,338,42,accuracy,100789,0.7909,3,0.6051903353214264,9.16346999257803,10,0.6051903353214264,valid,0.7903169166506282,0.7918131527720437,0.7908999999999999,100789
RS,0.8032,43,43,random,CIFAR10,339,main_b1000_cifar10_alexnet_RS_kp25_seed789,0.25,0.7896,False,0.25,alexnet,0.25,CIFAR10_alexnet_RS_accuracy_kp2500_seed789,789,10000,339,42,accuracy,100789,0.7896,2,0.6171882895469666,9.118593715131283,10,0.6171882895469666,valid,0.7901068459623707,0.796483394309538,0.7896,100789
RS,0.8032,43,43,random,CIFAR10,340,main_b1000_cifar10_alexnet_RS_kp25_seed789,0.25,0.7883,False,0.25,alexnet,0.25,CIFAR10_alexnet_RS_accuracy_kp2500_seed789,789,10000,340,42,accuracy,100789,0.7883,5,0.6380277086257935,9.106473937630653,10,0.6380277086257935,valid,0.7893338281126099,0.7955638916511885,0.7882999999999999,100789
RS,0.8032,43,43,random,CIFAR10,341,main_b1000_cifar10_alexnet_RS_kp25_seed789,0.25,0.7846,False,0.25,alexnet,0.25,CIFAR10_alexnet_RS_accuracy_kp2500_seed789,789,10000,341,42,accuracy,100789,0.7846,2,0.6164597884654999,9.1102235019207,10,0.6164597884654999,valid,0.7824939709533151,0.7888299644940111,0.7846,100789
RS,0.8032,43,43,random,CIFAR10,342,main_b1000_cifar10_alexnet_RS_kp25_seed789,0.25,0.7993,False,0.25,alexnet,0.25,CIFAR10_alexnet_RS_accuracy_kp2500_seed789,789,10000,342,42,accuracy,100789,0.7993,5,0.6101139374732971,9.087850153446198,10,0.6101139374732971,valid,0.7997663096055421,0.8018615628890693,0.7993,100789
RS,0.8032,43,43,random,CIFAR10,343,main_b1000_cifar10_alexnet_RS_kp25_seed789,0.25,0.7909,False,0.25,alexnet,0.25,CIFAR10_alexnet_RS_accuracy_kp2500_seed789,789,10000,343,42,accuracy,100789,0.7909,3,0.6070092567920685,9.179733119904995,10,0.6070092567920685,valid,0.7903482687737221,0.792576649899213,0.7908999999999999,100789
RS,0.8032,43,43,random,CIFAR10,344,main_b1000_cifar10_alexnet_RS_kp25_seed789,0.25,0.792,False,0.25,alexnet,0.25,CIFAR10_alexnet_RS_accuracy_kp2500_seed789,789,10000,344,42,accuracy,100789,0.792,4,0.6113104749202728,9.16693989932537,10,0.6113104749202728,valid,0.7898633620997874,0.7918457938445344,0.792,100789
RS,0.8032,43,43,random,CIFAR10,345,main_b1000_cifar10_alexnet_RS_kp25_seed789,0.25,0.7924,False,0.25,alexnet,0.25,CIFAR10_alexnet_RS_accuracy_kp2500_seed789,789,10000,345,42,accuracy,100789,0.7924,4,0.6208695083141327,9.094398312270641,10,0.6208695083141327,valid,0.7936499338807452,0.7966163312996498,0.7924,100789
RS,0.8032,43,43,random,CIFAR10,346,main_b1000_cifar10_alexnet_RS_kp25_seed789,0.25,0.787,False,0.25,alexnet,0.25,CIFAR10_alexnet_RS_accuracy_kp2500_seed789,789,10000,346,42,accuracy,100789,0.787,3,0.6244318990707397,9.102240085601807,10,0.6244318990707397,valid,0.7877483958170906,0.7955287432071008,0.7869999999999999,100789
RS,0.8032,43,43,random,CIFAR10,347,main_b1000_cifar10_alexnet_RS_kp25_seed789,0.25,0.7922,False,0.25,alexnet,0.25,CIFAR10_alexnet_RS_accuracy_kp2500_seed789,789,10000,347,42,accuracy,100789,0.7922,3,0.6173092319965362,9.100766077637672,10,0.6173092319965362,valid,0.7924732869920994,0.7993574084166222,0.7922,100789
RS,0.8032,43,43,random,CIFAR10,348,main_b1000_cifar10_alexnet_RS_kp25_seed789,0.25,0.795,False,0.25,alexnet,0.25,CIFAR10_alexnet_RS_accuracy_kp2500_seed789,789,10000,348,42,accuracy,100789,0.795,3,0.5989391096115112,9.109944052994251,10,0.5989391096115112,valid,0.7948952795989662,0.7982620074203447,0.795,100789
RS,0.8032,43,43,random,CIFAR10,349,main_b1000_cifar10_alexnet_RS_kp25_seed789,0.25,0.7892,False,0.25,alexnet,0.25,CIFAR10_alexnet_RS_accuracy_kp2500_seed789,789,10000,349,42,accuracy,100789,0.7892,3,0.6185951746463776,9.202687107026577,10,0.6185951746463776,valid,0.7897039458586056,0.7967603707408573,0.7891999999999999,100789
RS,0.8032,43,43,random,CIFAR10,350,main_b1000_cifar10_alexnet_RS_kp25_seed789,0.25,0.7864,False,0.25,alexnet,0.25,CIFAR10_alexnet_RS_accuracy_kp2500_seed789,789,10000,350,42,accuracy,100789,0.7864,3,0.6207576972484589,9.18115995079279,10,0.6207576972484589,valid,0.7872352372745345,0.7927999630262639,0.7864,100789
RS,0.8032,43,43,random,CIFAR10,351,main_b1000_cifar10_alexnet_RS_kp25_seed789,0.25,0.7876,False,0.25,alexnet,0.25,CIFAR10_alexnet_RS_accuracy_kp2500_seed789,789,10000,351,42,accuracy,100789,0.7876,2,0.6238705968379974,9.166960269212723,10,0.6238705968379974,valid,0.7884078011195479,0.7921289242355978,0.7876000000000001,100789
RS,0.8032,43,43,random,CIFAR10,352,main_b1000_cifar10_alexnet_RS_kp25_seed789,0.25,0.7919,False,0.25,alexnet,0.25,CIFAR10_alexnet_RS_accuracy_kp2500_seed789,789,10000,352,42,accuracy,100789,0.7919,3,0.6047661417007446,9.112009510397911,10,0.6047661417007446,valid,0.7922757411875134,0.7985971930524515,0.7919,100789
RS,0.8032,43,43,random,CIFAR10,353,main_b1000_cifar10_alexnet_RS_kp25_seed789,0.25,0.7873,False,0.25,alexnet,0.25,CIFAR10_alexnet_RS_accuracy_kp2500_seed789,789,10000,353,42,accuracy,100789,0.7873,1,0.6141590693950653,9.087239004671574,10,0.6141590693950653,valid,0.7866740286144358,0.7900878630496225,0.7873,100789
RS,0.8032,43,43,random,CIFAR10,354,main_b1000_cifar10_alexnet_RS_kp25_seed789,0.25,0.7942,False,0.25,alexnet,0.25,CIFAR10_alexnet_RS_accuracy_kp2500_seed789,789,10000,354,42,accuracy,100789,0.7942,2,0.5997906699180603,9.106095440685749,10,0.5997906699180603,valid,0.7937044017102418,0.7951378845112234,0.7942000000000001,100789
RS,0.8032,43,43,random,CIFAR10,355,main_b1000_cifar10_alexnet_RS_kp25_seed789,0.25,0.7898,False,0.25,alexnet,0.25,CIFAR10_alexnet_RS_accuracy_kp2500_seed789,789,10000,355,42,accuracy,100789,0.7898,2,0.6058947928905487,9.171013377606869,10,0.6058947928905487,valid,0.7907355329810328,0.7949758730602833,0.7898,100789
RS,0.8032,43,43,random,CIFAR10,356,main_b1000_cifar10_alexnet_RS_kp25_seed789,0.25,0.7926,False,0.25,alexnet,0.25,CIFAR10_alexnet_RS_accuracy_kp2500_seed789,789,10000,356,42,accuracy,100789,0.7926,4,0.624911449956894,9.189984396100044,10,0.624911449956894,valid,0.7920610343786096,0.7980772087723369,0.7926,100789
RS,0.8032,43,43,random,CIFAR10,357,main_b1000_cifar10_alexnet_RS_kp25_seed789,0.25,0.7941,False,0.25,alexnet,0.25,CIFAR10_alexnet_RS_accuracy_kp2500_seed789,789,10000,357,42,accuracy,100789,0.7941,2,0.5958546151638031,9.175915502011776,10,0.5958546151638031,valid,0.7940981872166218,0.7976099622367753,0.7941,100789
RS,0.8032,43,43,random,CIFAR10,358,main_b1000_cifar10_alexnet_RS_kp25_seed789,0.25,0.798,False,0.25,alexnet,0.25,CIFAR10_alexnet_RS_accuracy_kp2500_seed789,789,10000,358,42,accuracy,100789,0.798,4,0.6033287496566773,9.11593658477068,10,0.6033287496566773,valid,0.7980191535229163,0.8015871186641235,0.7979999999999999,100789
RS,0.8032,43,43,random,CIFAR10,359,main_b1000_cifar10_alexnet_RS_kp25_seed789,0.25,0.7969,False,0.25,alexnet,0.25,CIFAR10_alexnet_RS_accuracy_kp2500_seed789,789,10000,359,42,accuracy,100789,0.7969,3,0.6051934416294098,9.09338491410017,10,0.6051934416294098,valid,0.7965888540880742,0.7974097834379786,0.7968999999999999,100789
RS,0.8032,43,43,random,CIFAR10,360,main_b1000_cifar10_alexnet_RS_kp25_seed789,0.25,0.7937,False,0.25,alexnet,0.25,CIFAR10_alexnet_RS_accuracy_kp2500_seed789,789,10000,360,42,accuracy,100789,0.7937,3,0.608903350353241,9.129775047302246,10,0.608903350353241,valid,0.7928660752542636,0.7974213919979276,0.7937000000000001,100789
RS,0.8032,43,43,random,CIFAR10,361,main_b1000_cifar10_alexnet_RS_kp25_seed789,0.25,0.7907,False,0.25,alexnet,0.25,CIFAR10_alexnet_RS_accuracy_kp2500_seed789,789,10000,361,42,accuracy,100789,0.7907,2,0.6048649533271789,9.246644519269466,10,0.6048649533271789,valid,0.7920337897175946,0.7970864992138212,0.7907,100789
RS,0.8032,43,43,random,CIFAR10,362,main_b1000_cifar10_alexnet_RS_kp25_seed789,0.25,0.7869,False,0.25,alexnet,0.25,CIFAR10_alexnet_RS_accuracy_kp2500_seed789,789,10000,362,42,accuracy,100789,0.7869,2,0.6237779166698456,9.15238718688488,10,0.6237779166698456,valid,0.7879813500935535,0.793438816358145,0.7868999999999999,100789
RS,0.8032,43,43,random,CIFAR10,363,main_b1000_cifar10_alexnet_RS_kp25_seed789,0.25,0.8007,False,0.25,alexnet,0.25,CIFAR10_alexnet_RS_accuracy_kp2500_seed789,789,10000,363,42,accuracy,100789,0.8007,3,0.5889001126766205,9.13572732359171,10,0.5889001126766205,valid,0.8001276949138102,0.801284930752059,0.8007,100789
RS,0.8032,43,43,random,CIFAR10,364,main_b1000_cifar10_alexnet_RS_kp25_seed789,0.25,0.7884,False,0.25,alexnet,0.25,CIFAR10_alexnet_RS_accuracy_kp2500_seed789,789,10000,364,42,accuracy,100789,0.7884,4,0.6343779139041901,9.148571513593197,10,0.6343779139041901,valid,0.788703160497912,0.7949782561883236,0.7884,100789
RS,0.8032,43,43,random,CIFAR10,365,main_b1000_cifar10_alexnet_RS_kp25_seed789,0.25,0.8018,False,0.25,alexnet,0.25,CIFAR10_alexnet_RS_accuracy_kp2500_seed789,789,10000,365,42,accuracy,100789,0.8018,4,0.5979834802627564,9.085592806339264,10,0.5979834802627564,valid,0.8020658503942022,0.804271521083388,0.8017999999999998,100789
RS,0.8032,43,43,random,CIFAR10,366,main_b1000_cifar10_alexnet_RS_kp25_seed789,0.25,0.7939,False,0.25,alexnet,0.25,CIFAR10_alexnet_RS_accuracy_kp2500_seed789,789,10000,366,42,accuracy,100789,0.7939,3,0.6068934706687927,9.162935271859169,10,0.6068934706687927,valid,0.7930085393388628,0.7968906077185167,0.7939,100789
RS,0.8032,43,43,random,CIFAR10,367,main_b1000_cifar10_alexnet_RS_kp25_seed789,0.25,0.7821,False,0.25,alexnet,0.25,CIFAR10_alexnet_RS_accuracy_kp2500_seed789,789,10000,367,42,accuracy,100789,0.7821,1,0.6223094002723694,9.135083317756653,10,0.6223094002723694,valid,0.782163555686973,0.7836980145220973,0.7821,100789
RS,0.8032,43,43,random,CIFAR10,368,main_b1000_cifar10_alexnet_RS_kp25_seed789,0.25,0.7889,False,0.25,alexnet,0.25,CIFAR10_alexnet_RS_accuracy_kp2500_seed789,789,10000,368,42,accuracy,100789,0.7889,2,0.6044295523166656,9.136895827949047,10,0.6044295523166656,valid,0.7890824753386135,0.7918378789950922,0.7889,100789
RS,0.8032,43,43,random,CIFAR10,369,main_b1000_cifar10_alexnet_RS_kp25_seed789,0.25,0.7985,False,0.25,alexnet,0.25,CIFAR10_alexnet_RS_accuracy_kp2500_seed789,789,10000,369,42,accuracy,100789,0.7985,5,0.6206030729770661,9.11256942898035,10,0.6206030729770661,valid,0.799093412711954,0.8029892721459275,0.7985,100789
RS,0.8032,43,43,random,CIFAR10,370,main_b1000_cifar10_alexnet_RS_kp25_seed789,0.25,0.7891,False,0.25,alexnet,0.25,CIFAR10_alexnet_RS_accuracy_kp2500_seed789,789,10000,370,42,accuracy,100789,0.7891,2,0.6314781111240387,9.147161439061165,10,0.6314781111240387,valid,0.7896523253617836,0.7944859002689062,0.7891,100789
RS,0.8032,43,43,random,CIFAR10,371,main_b1000_cifar10_alexnet_RS_kp25_seed789,0.25,0.7913,False,0.25,alexnet,0.25,CIFAR10_alexnet_RS_accuracy_kp2500_seed789,789,10000,371,42,accuracy,100789,0.7913,4,0.6289174840927124,9.074112251400948,10,0.6289174840927124,valid,0.792865293008575,0.803661415399881,0.7913,100789
RS,0.8032,43,43,random,CIFAR10,372,main_b1000_cifar10_alexnet_RS_kp25_seed789,0.25,0.7948,False,0.25,alexnet,0.25,CIFAR10_alexnet_RS_accuracy_kp2500_seed789,789,10000,372,42,accuracy,100789,0.7948,4,0.6141461153507233,9.07458622008562,10,0.6141461153507233,valid,0.7955160550436945,0.8005243756456967,0.7948000000000001,100789
RS,0.8032,43,43,random,CIFAR10,373,main_b1000_cifar10_alexnet_RS_kp25_seed789,0.25,0.7929,False,0.25,alexnet,0.25,CIFAR10_alexnet_RS_accuracy_kp2500_seed789,789,10000,373,42,accuracy,100789,0.7929,4,0.6154135214328766,9.20207667350769,10,0.6154135214328766,valid,0.794093738988422,0.7992336287246371,0.7929,100789
RS,0.8032,43,43,random,CIFAR10,374,main_b1000_cifar10_alexnet_RS_kp25_seed789,0.25,0.7895,False,0.25,alexnet,0.25,CIFAR10_alexnet_RS_accuracy_kp2500_seed789,789,10000,374,42,accuracy,100789,0.7895,2,0.6180298110485077,9.142427429556847,10,0.6180298110485077,valid,0.7909244802902134,0.7961855206519565,0.7895000000000001,100789
RS,0.8032,43,43,random,CIFAR10,375,main_b1000_cifar10_alexnet_RS_kp25_seed789,0.25,0.7951,False,0.25,alexnet,0.25,CIFAR10_alexnet_RS_accuracy_kp2500_seed789,789,10000,375,42,accuracy,100789,0.7951,4,0.615527972316742,9.108664311468601,10,0.615527972316742,valid,0.7945457598638948,0.7973815712394009,0.7950999999999999,100789
RS,0.8032,43,43,random,CIFAR10,376,main_b1000_cifar10_alexnet_RS_kp25_seed789,0.25,0.7894,False,0.25,alexnet,0.25,CIFAR10_alexnet_RS_accuracy_kp2500_seed789,789,10000,376,42,accuracy,100789,0.7894,2,0.6099368753910065,9.10928613692522,10,0.6099368753910065,valid,0.7911759653988005,0.7986677970003938,0.7894,100789
RS,0.8032,43,43,random,CIFAR10,377,main_b1000_cifar10_alexnet_RS_kp25_seed789,0.25,0.7954,False,0.25,alexnet,0.25,CIFAR10_alexnet_RS_accuracy_kp2500_seed789,789,10000,377,42,accuracy,100789,0.7954,4,0.6075095181941986,9.1344433426857,10,0.6075095181941986,valid,0.7957310912874289,0.7968368073990307,0.7954000000000001,100789
RS,0.8032,43,43,random,CIFAR10,378,main_b1000_cifar10_alexnet_RS_kp25_seed789,0.25,0.7932,False,0.25,alexnet,0.25,CIFAR10_alexnet_RS_accuracy_kp2500_seed789,789,10000,378,42,accuracy,100789,0.7932,3,0.6081879164695739,9.152121104300022,10,0.6081879164695739,valid,0.793070458410812,0.7943693097411153,0.7932,100789
RS,0.8032,43,43,random,CIFAR10,379,main_b1000_cifar10_alexnet_RS_kp25_seed789,0.25,0.7943,False,0.25,alexnet,0.25,CIFAR10_alexnet_RS_accuracy_kp2500_seed789,789,10000,379,42,accuracy,100789,0.7943,4,0.6125576018810273,9.254560947418213,10,0.6125576018810273,valid,0.7938853164742516,0.7947566477835899,0.7943,100789
RS,0.8032,43,43,random,CIFAR10,380,main_b1000_cifar10_alexnet_RS_kp25_seed789,0.25,0.7886,False,0.25,alexnet,0.25,CIFAR10_alexnet_RS_accuracy_kp2500_seed789,789,10000,380,42,accuracy,100789,0.7886,2,0.6012780901908874,9.119395203888416,10,0.6012780901908874,valid,0.788908494216986,0.7919634668725883,0.7886,100789
RS,0.8032,43,43,random,CIFAR10,381,main_b1000_cifar10_alexnet_RS_kp25_seed789,0.25,0.793,False,0.25,alexnet,0.25,CIFAR10_alexnet_RS_accuracy_kp2500_seed789,789,10000,381,42,accuracy,100789,0.793,3,0.5978401869773865,9.120931379497051,10,0.5978401869773865,valid,0.7921578926904729,0.7934918418651954,0.7929999999999999,100789
RS,0.8032,43,43,random,CIFAR10,382,main_b1000_cifar10_alexnet_RS_kp25_seed789,0.25,0.7973,False,0.25,alexnet,0.25,CIFAR10_alexnet_RS_accuracy_kp2500_seed789,789,10000,382,42,accuracy,100789,0.7973,5,0.619621585035324,9.129684127867222,10,0.619621585035324,valid,0.7976732553275937,0.799600917139611,0.7973,100789
RS,0.8032,43,43,random,CIFAR10,383,main_b1000_cifar10_alexnet_RS_kp25_seed789,0.25,0.7928,False,0.25,alexnet,0.25,CIFAR10_alexnet_RS_accuracy_kp2500_seed789,789,10000,383,42,accuracy,100789,0.7928,2,0.5965157813549041,9.150594152510166,10,0.5965157813549041,valid,0.7940463969000001,0.7998282585641647,0.7928,100789
RS,0.8032,43,43,random,CIFAR10,384,main_b1000_cifar10_alexnet_RS_kp25_seed789,0.25,0.7961,False,0.25,alexnet,0.25,CIFAR10_alexnet_RS_accuracy_kp2500_seed789,789,10000,384,42,accuracy,100789,0.7961,5,0.6291420290946961,9.192056767642498,10,0.6291420290946961,valid,0.797132798223539,0.8024704781748474,0.7961,100789
RS,0.8032,43,43,random,CIFAR10,385,main_b1000_cifar10_alexnet_RS_kp25_seed789,0.25,0.789,False,0.25,alexnet,0.25,CIFAR10_alexnet_RS_accuracy_kp2500_seed789,789,10000,385,42,accuracy,100789,0.789,2,0.604053039932251,9.158311046659946,10,0.604053039932251,valid,0.7890922797113881,0.7907904187607586,0.7889999999999999,100789
RS,0.8032,43,43,random,CIFAR10,386,main_b1000_cifar10_alexnet_RS_kp25_seed789,0.25,0.7971,False,0.25,alexnet,0.25,CIFAR10_alexnet_RS_accuracy_kp2500_seed789,789,10000,386,42,accuracy,100789,0.7971,4,0.6069481727600098,9.100571595132351,10,0.6069481727600098,valid,0.7973013682723235,0.800554945477659,0.7971,100789
RS,0.8032,43,43,random,CIFAR10,387,main_b1000_cifar10_alexnet_RS_kp25_seed789,0.25,0.7966,False,0.25,alexnet,0.25,CIFAR10_alexnet_RS_accuracy_kp2500_seed789,789,10000,387,42,accuracy,100789,0.7966,4,0.6051270843029022,9.1070556640625,10,0.6051270843029022,valid,0.7957919532413034,0.7976348284971204,0.7966,100789
RS,0.8032,43,43,random,CIFAR10,388,main_b1000_cifar10_alexnet_RS_kp25_seed789,0.25,0.7791,False,0.25,alexnet,0.25,CIFAR10_alexnet_RS_accuracy_kp2500_seed789,789,10000,388,42,accuracy,100789,0.7791,2,0.622138533782959,9.091936185956001,10,0.622138533782959,valid,0.7811745146160629,0.7907279206859565,0.7791,100789
RS,0.8032,43,43,random,CIFAR10,389,main_b1000_cifar10_alexnet_RS_kp25_seed789,0.25,0.786,False,0.25,alexnet,0.25,CIFAR10_alexnet_RS_accuracy_kp2500_seed789,789,10000,389,42,accuracy,100789,0.786,2,0.6251375814437866,9.184045068919659,10,0.6251375814437866,valid,0.7871487016173004,0.7936432279378443,0.786,100789
RS,0.8032,43,43,random,CIFAR10,390,main_b1000_cifar10_alexnet_RS_kp25_seed789,0.25,0.7899,False,0.25,alexnet,0.25,CIFAR10_alexnet_RS_accuracy_kp2500_seed789,789,10000,390,42,accuracy,100789,0.7899,3,0.6129188872337341,9.298868060112,10,0.6129188872337341,valid,0.7886431041463332,0.7921316858596392,0.7899,100789
RS,0.8032,43,43,random,CIFAR10,391,main_b1000_cifar10_alexnet_RS_kp25_seed789,0.25,0.7819,False,0.25,alexnet,0.25,CIFAR10_alexnet_RS_accuracy_kp2500_seed789,789,10000,391,42,accuracy,100789,0.7819,1,0.6235177613258361,9.104855850338936,10,0.6235177613258361,valid,0.7817380513902968,0.7820930133232131,0.7818999999999999,100789
RS,0.8032,43,43,random,CIFAR10,392,main_b1000_cifar10_alexnet_RS_kp25_seed789,0.25,0.7944,False,0.25,alexnet,0.25,CIFAR10_alexnet_RS_accuracy_kp2500_seed789,789,10000,392,42,accuracy,100789,0.7944,5,0.6212894352912903,9.108910769224167,10,0.6212894352912903,valid,0.7943819227599913,0.7983186510279088,0.7944000000000001,100789
RS,0.8032,43,43,random,CIFAR10,393,main_b1000_cifar10_alexnet_RS_kp25_seed789,0.25,0.7981,False,0.25,alexnet,0.25,CIFAR10_alexnet_RS_accuracy_kp2500_seed789,789,10000,393,42,accuracy,100789,0.7981,5,0.6063033892631531,9.127063021063805,10,0.6063033892631531,valid,0.7982104101110759,0.7988618979141527,0.7981,100789
RS,0.8032,43,43,random,CIFAR10,394,main_b1000_cifar10_alexnet_RS_kp25_seed789,0.25,0.7843,False,0.25,alexnet,0.25,CIFAR10_alexnet_RS_accuracy_kp2500_seed789,789,10000,394,42,accuracy,100789,0.7843,2,0.61696311044693,9.168202698230743,10,0.61696311044693,valid,0.7859815834611699,0.7920853620468731,0.7843,100789
RS,0.8032,43,43,random,CIFAR10,395,main_b1000_cifar10_alexnet_RS_kp25_seed789,0.25,0.794,False,0.25,alexnet,0.25,CIFAR10_alexnet_RS_accuracy_kp2500_seed789,789,10000,395,42,accuracy,100789,0.794,3,0.6096195362091065,9.137458100914955,10,0.6096195362091065,valid,0.7946081229316542,0.799138251677805,0.794,100789
RS,0.8032,43,43,random,CIFAR10,396,main_b1000_cifar10_alexnet_RS_kp25_seed789,0.25,0.7947,False,0.25,alexnet,0.25,CIFAR10_alexnet_RS_accuracy_kp2500_seed789,789,10000,396,42,accuracy,100789,0.7947,4,0.6059840544223786,9.274472258985043,10,0.6059840544223786,valid,0.7943707012879294,0.7961214960381607,0.7947,100789
RS,0.8032,43,43,random,CIFAR10,397,main_b1000_cifar10_alexnet_RS_kp25_seed789,0.25,0.7964,False,0.25,alexnet,0.25,CIFAR10_alexnet_RS_accuracy_kp2500_seed789,789,10000,397,42,accuracy,100789,0.7964,3,0.6014012094020843,9.141625195741653,10,0.6014012094020843,valid,0.7943518599113896,0.7977972896790685,0.7964,100789
RS,0.8032,43,43,random,CIFAR10,398,main_b1000_cifar10_alexnet_RS_kp25_seed789,0.25,0.7847,False,0.25,alexnet,0.25,CIFAR10_alexnet_RS_accuracy_kp2500_seed789,789,10000,398,42,accuracy,100789,0.7847,2,0.6234918814659118,9.116023175418377,10,0.6234918814659118,valid,0.7845398924359592,0.7899866735170341,0.7847,100789
RS,0.8032,43,43,random,CIFAR10,399,main_b1000_cifar10_alexnet_RS_kp25_seed789,0.25,0.7933,False,0.25,alexnet,0.25,CIFAR10_alexnet_RS_accuracy_kp2500_seed789,789,10000,399,42,accuracy,100789,0.7933,2,0.5951404808521271,9.102650061249733,10,0.5951404808521271,valid,0.7926688940735999,0.7939901008806987,0.7933,100789
RS,0.8032,43,43,random,CIFAR10,400,main_b1000_cifar10_alexnet_RS_kp25_seed789,0.25,0.7945,False,0.25,alexnet,0.25,CIFAR10_alexnet_RS_accuracy_kp2500_seed789,789,10000,400,42,accuracy,100789,0.7945,5,0.6215583574771881,9.173074804246426,10,0.6215583574771881,valid,0.7944717732951332,0.7961577508850641,0.7945,100789
RS,0.8032,43,43,random,CIFAR10,401,main_b1000_cifar10_alexnet_RS_kp25_seed789,0.25,0.791,False,0.25,alexnet,0.25,CIFAR10_alexnet_RS_accuracy_kp2500_seed789,789,10000,401,42,accuracy,100789,0.791,3,0.6127374749660492,9.161222733557224,10,0.6127374749660492,valid,0.7922979431231525,0.7964255618550937,0.791,100789
RS,0.8032,43,43,random,CIFAR10,402,main_b1000_cifar10_alexnet_RS_kp25_seed789,0.25,0.7883,False,0.25,alexnet,0.25,CIFAR10_alexnet_RS_accuracy_kp2500_seed789,789,10000,402,42,accuracy,100789,0.7883,2,0.6159542511463165,9.183940380811691,10,0.6159542511463165,valid,0.7864818024098877,0.7892025324187941,0.7883000000000001,100789
RS,0.8032,43,43,random,CIFAR10,403,main_b1000_cifar10_alexnet_RS_kp25_seed789,0.25,0.7905,False,0.25,alexnet,0.25,CIFAR10_alexnet_RS_accuracy_kp2500_seed789,789,10000,403,42,accuracy,100789,0.7905,2,0.6152911484241486,9.118691511452198,10,0.6152911484241486,valid,0.789386005443046,0.7909389074202322,0.7905,100789
RS,0.8032,43,43,random,CIFAR10,404,main_b1000_cifar10_alexnet_RS_kp25_seed789,0.25,0.7937,False,0.25,alexnet,0.25,CIFAR10_alexnet_RS_accuracy_kp2500_seed789,789,10000,404,42,accuracy,100789,0.7937,3,0.6170660494804382,9.154433101415634,10,0.6170660494804382,valid,0.7917344166852601,0.7955469273490212,0.7937000000000001,100789
RS,0.8032,43,43,random,CIFAR10,405,main_b1000_cifar10_alexnet_RS_kp25_seed789,0.25,0.7965,False,0.25,alexnet,0.25,CIFAR10_alexnet_RS_accuracy_kp2500_seed789,789,10000,405,42,accuracy,100789,0.7965,4,0.6057808815002441,9.135960690677166,10,0.6057808815002441,valid,0.7966049493103677,0.7982669787198047,0.7965,100789
RS,0.8032,43,43,random,CIFAR10,406,main_b1000_cifar10_alexnet_RS_kp25_seed789,0.25,0.7976,False,0.25,alexnet,0.25,CIFAR10_alexnet_RS_accuracy_kp2500_seed789,789,10000,406,42,accuracy,100789,0.7976,5,0.6085543457984924,9.197104446589947,10,0.6085543457984924,valid,0.7981387502019747,0.8005332141523045,0.7976000000000001,100789
RS,0.8032,43,43,random,CIFAR10,407,main_b1000_cifar10_alexnet_RS_kp25_seed789,0.25,0.7916,False,0.25,alexnet,0.25,CIFAR10_alexnet_RS_accuracy_kp2500_seed789,789,10000,407,42,accuracy,100789,0.7916,4,0.6144772594451904,9.179918512701988,10,0.6144772594451904,valid,0.7922271758887383,0.7948187695042173,0.7916000000000001,100789
RS,0.8032,43,43,random,CIFAR10,408,main_b1000_cifar10_alexnet_RS_kp25_seed789,0.25,0.7919,False,0.25,alexnet,0.25,CIFAR10_alexnet_RS_accuracy_kp2500_seed789,789,10000,408,42,accuracy,100789,0.7919,4,0.6153184335708618,9.132903546094894,10,0.6153184335708618,valid,0.7923190496008482,0.7963770723068784,0.7919,100789
RS,0.8032,43,43,random,CIFAR10,409,main_b1000_cifar10_alexnet_RS_kp25_seed789,0.25,0.7882,False,0.25,alexnet,0.25,CIFAR10_alexnet_RS_accuracy_kp2500_seed789,789,10000,409,42,accuracy,100789,0.7882,2,0.6105794054031372,9.196116022765636,10,0.6105794054031372,valid,0.788661405888044,0.7977362917599058,0.7881999999999999,100789
RS,0.8032,43,43,random,CIFAR10,410,main_b1000_cifar10_alexnet_RS_kp25_seed789,0.25,0.796,False,0.25,alexnet,0.25,CIFAR10_alexnet_RS_accuracy_kp2500_seed789,789,10000,410,42,accuracy,100789,0.796,5,0.618114325094223,9.144710309803486,10,0.618114325094223,valid,0.7967724274848444,0.8001470727159139,0.796,100789
RS,0.8032,43,43,random,CIFAR10,411,main_b1000_cifar10_alexnet_RS_kp25_seed789,0.25,0.7894,False,0.25,alexnet,0.25,CIFAR10_alexnet_RS_accuracy_kp2500_seed789,789,10000,411,42,accuracy,100789,0.7894,2,0.6135267952919007,9.18482742458582,10,0.6135267952919007,valid,0.788788803305677,0.7939655957535555,0.7894,100789
RS,0.8032,43,43,random,CIFAR10,412,main_b1000_cifar10_alexnet_RS_kp25_seed789,0.25,0.7902,False,0.25,alexnet,0.25,CIFAR10_alexnet_RS_accuracy_kp2500_seed789,789,10000,412,42,accuracy,100789,0.7902,2,0.6038236191749573,9.167648196220398,10,0.6038236191749573,valid,0.7899516241332774,0.7948821605575056,0.7902,100789
RS,0.8032,43,43,random,CIFAR10,413,main_b1000_cifar10_alexnet_RS_kp25_seed789,0.25,0.793,False,0.25,alexnet,0.25,CIFAR10_alexnet_RS_accuracy_kp2500_seed789,789,10000,413,42,accuracy,100789,0.793,2,0.6036093907356263,9.126118421554565,10,0.6036093907356263,valid,0.7929258645524305,0.795392339792994,0.7929999999999999,100789
RS,0.8032,43,43,random,CIFAR10,414,main_b1000_cifar10_alexnet_RS_kp25_seed789,0.25,0.7954,False,0.25,alexnet,0.25,CIFAR10_alexnet_RS_accuracy_kp2500_seed789,789,10000,414,42,accuracy,100789,0.7954,3,0.5974709481716156,9.115452691912651,10,0.5974709481716156,valid,0.7951049724708696,0.7967856406029168,0.7954000000000001,100789
RS,0.8032,43,43,random,CIFAR10,415,main_b1000_cifar10_alexnet_RS_kp25_seed789,0.25,0.7922,False,0.25,alexnet,0.25,CIFAR10_alexnet_RS_accuracy_kp2500_seed789,789,10000,415,42,accuracy,100789,0.7922,3,0.6178068058013916,9.11971627920866,10,0.6178068058013916,valid,0.79105001718993,0.7938384361285757,0.7922,100789
RS,0.8032,43,43,random,CIFAR10,416,main_b1000_cifar10_alexnet_RS_kp25_seed789,0.25,0.7971,False,0.25,alexnet,0.25,CIFAR10_alexnet_RS_accuracy_kp2500_seed789,789,10000,416,42,accuracy,100789,0.7971,3,0.6120998141765595,9.097188539803028,10,0.6120998141765595,valid,0.7971691616278863,0.8030050559118489,0.7970999999999999,100789
RS,0.8032,43,43,random,CIFAR10,417,main_b1000_cifar10_alexnet_RS_kp25_seed789,0.25,0.794,False,0.25,alexnet,0.25,CIFAR10_alexnet_RS_accuracy_kp2500_seed789,789,10000,417,42,accuracy,100789,0.794,3,0.6125892308235168,9.20637097209692,10,0.6125892308235168,valid,0.7934712700586717,0.7973595806327374,0.7939999999999999,100789
RS,0.8032,43,43,random,CIFAR10,418,main_b1000_cifar10_alexnet_RS_kp25_seed789,0.25,0.7969,False,0.25,alexnet,0.25,CIFAR10_alexnet_RS_accuracy_kp2500_seed789,789,10000,418,42,accuracy,100789,0.7969,3,0.6041748364925384,9.159149423241615,10,0.6041748364925384,valid,0.7954737779307438,0.797652347641477,0.7968999999999999,100789
RS,0.8032,43,43,random,CIFAR10,419,main_b1000_cifar10_alexnet_RS_kp25_seed789,0.25,0.7837,False,0.25,alexnet,0.25,CIFAR10_alexnet_RS_accuracy_kp2500_seed789,789,10000,419,42,accuracy,100789,0.7837,2,0.6216517479896545,9.08275941759348,10,0.6216517479896545,valid,0.7833329813514405,0.791926877242324,0.7837,100789
RS,0.8032,43,43,random,CIFAR10,420,main_b1000_cifar10_alexnet_RS_kp25_seed789,0.25,0.7927,False,0.25,alexnet,0.25,CIFAR10_alexnet_RS_accuracy_kp2500_seed789,789,10000,420,42,accuracy,100789,0.7927,4,0.6257263479232789,9.085368812084198,10,0.6257263479232789,valid,0.7919298034440747,0.7964496863739361,0.7927,100789
RS,0.8032,43,43,random,CIFAR10,421,main_b1000_cifar10_alexnet_RS_kp25_seed789,0.25,0.7933,False,0.25,alexnet,0.25,CIFAR10_alexnet_RS_accuracy_kp2500_seed789,789,10000,421,42,accuracy,100789,0.7933,3,0.6121903374195099,9.082391805946827,10,0.6121903374195099,valid,0.7924537196272373,0.7981895603994087,0.7932999999999999,100789
RS,0.8032,43,43,random,CIFAR10,422,main_b1000_cifar10_alexnet_RS_kp25_seed789,0.25,0.7867,False,0.25,alexnet,0.25,CIFAR10_alexnet_RS_accuracy_kp2500_seed789,789,10000,422,42,accuracy,100789,0.7867,2,0.614457593202591,9.162535853683949,10,0.614457593202591,valid,0.7849502010462173,0.7881397203416477,0.7867,100789
RS,0.8032,43,43,random,CIFAR10,423,main_b1000_cifar10_alexnet_RS_kp25_seed789,0.25,0.7879,False,0.25,alexnet,0.25,CIFAR10_alexnet_RS_accuracy_kp2500_seed789,789,10000,423,42,accuracy,100789,0.7879,3,0.6234146401882171,9.170672088861465,10,0.6234146401882171,valid,0.7867052915440269,0.7905540539785533,0.7878999999999999,100789
RS,0.8032,43,43,random,CIFAR10,424,main_b1000_cifar10_alexnet_RS_kp25_seed789,0.25,0.7977,False,0.25,alexnet,0.25,CIFAR10_alexnet_RS_accuracy_kp2500_seed789,789,10000,424,42,accuracy,100789,0.7977,5,0.6176373168945313,9.191809855401516,10,0.6176373168945313,valid,0.7975834682216365,0.7998487340615429,0.7977,100789
RS,0.8032,43,43,random,CIFAR10,425,main_b1000_cifar10_alexnet_RS_kp25_seed789,0.25,0.7924,False,0.25,alexnet,0.25,CIFAR10_alexnet_RS_accuracy_kp2500_seed789,789,10000,425,42,accuracy,100789,0.7924,2,0.611467453622818,9.13161451369524,10,0.611467453622818,valid,0.792183446542057,0.7965837092664472,0.7924,100789
RS,0.8032,43,43,random,CIFAR10,426,main_b1000_cifar10_alexnet_RS_kp25_seed789,0.25,0.7895,False,0.25,alexnet,0.25,CIFAR10_alexnet_RS_accuracy_kp2500_seed789,789,10000,426,42,accuracy,100789,0.7895,2,0.6114689967155457,9.107111968100071,10,0.6114689967155457,valid,0.7891932418033559,0.7915048738156407,0.7895000000000001,100789
RS,0.8032,43,43,random,CIFAR10,427,main_b1000_cifar10_alexnet_RS_kp25_seed789,0.25,0.793,False,0.25,alexnet,0.25,CIFAR10_alexnet_RS_accuracy_kp2500_seed789,789,10000,427,42,accuracy,100789,0.793,2,0.5966207713127136,9.118068501353264,10,0.5966207713127136,valid,0.79163805968096,0.7923323499713122,0.7929999999999999,100789
RS,0.8032,43,43,random,CIFAR10,428,main_b1000_cifar10_alexnet_RS_kp25_seed789,0.25,0.7889,False,0.25,alexnet,0.25,CIFAR10_alexnet_RS_accuracy_kp2500_seed789,789,10000,428,42,accuracy,100789,0.7889,2,0.6112234218120575,9.160696476697922,10,0.6112234218120575,valid,0.7897970902237238,0.7957532354038603,0.7888999999999999,100789
RS,0.8032,43,43,random,CIFAR10,429,main_b1000_cifar10_alexnet_RS_kp25_seed789,0.25,0.7949,False,0.25,alexnet,0.25,CIFAR10_alexnet_RS_accuracy_kp2500_seed789,789,10000,429,42,accuracy,100789,0.7949,4,0.6103412424087524,9.173878163099289,10,0.6103412424087524,valid,0.7955026000676865,0.7980579584750105,0.7948999999999999,100789
RS,0.8032,43,43,random,CIFAR10,430,main_b1000_cifar10_alexnet_RS_kp25_seed789,0.25,0.792,False,0.25,alexnet,0.25,CIFAR10_alexnet_RS_accuracy_kp2500_seed789,789,10000,430,42,accuracy,100789,0.792,2,0.5963227046966553,9.178925432264805,10,0.5963227046966553,valid,0.7919947110519173,0.7947706420583798,0.792,100789
RS,0.8032,43,43,random,CIFAR10,431,main_b1000_cifar10_alexnet_RS_kp25_seed789,0.25,0.7932,False,0.25,alexnet,0.25,CIFAR10_alexnet_RS_accuracy_kp2500_seed789,789,10000,431,42,accuracy,100789,0.7932,3,0.6103639117717743,9.144379928708076,10,0.6103639117717743,valid,0.7915909014575235,0.7949719665684579,0.7931999999999999,100789
RS,0.8032,43,43,random,CIFAR10,432,main_b1000_cifar10_alexnet_RS_kp25_seed789,0.25,0.798,False,0.25,alexnet,0.25,CIFAR10_alexnet_RS_accuracy_kp2500_seed789,789,10000,432,42,accuracy,100789,0.798,3,0.5966062440395355,9.210592307150364,10,0.5966062440395355,valid,0.7984024062754174,0.8024208042974571,0.798,100789
RS,0.8032,43,43,random,CIFAR10,433,main_b1000_cifar10_alexnet_RS_kp25_seed789,0.25,0.787,False,0.25,alexnet,0.25,CIFAR10_alexnet_RS_accuracy_kp2500_seed789,789,10000,433,42,accuracy,100789,0.787,2,0.6096632300376892,9.117821857333183,10,0.6096632300376892,valid,0.7860784393314629,0.7889413671898367,0.787,100789
RS,0.8032,43,43,random,CIFAR10,434,main_b1000_cifar10_alexnet_RS_kp25_seed789,0.25,0.7922,False,0.25,alexnet,0.25,CIFAR10_alexnet_RS_accuracy_kp2500_seed789,789,10000,434,42,accuracy,100789,0.7922,2,0.6087197071552276,9.093677766621113,10,0.6087197071552276,valid,0.7915197572611203,0.7937653723647986,0.7922,100789
RS,0.8032,43,43,random,CIFAR10,435,main_b1000_cifar10_alexnet_RS_kp25_seed789,0.25,0.7886,False,0.25,alexnet,0.25,CIFAR10_alexnet_RS_accuracy_kp2500_seed789,789,10000,435,42,accuracy,100789,0.7886,4,0.61583370013237,9.184932053089142,10,0.61583370013237,valid,0.7873168068888715,0.7913404988180522,0.7886000000000001,100789
RS,0.8032,43,43,random,CIFAR10,436,main_b1000_cifar10_alexnet_RS_kp25_seed789,0.25,0.7852,False,0.25,alexnet,0.25,CIFAR10_alexnet_RS_accuracy_kp2500_seed789,789,10000,436,42,accuracy,100789,0.7852,4,0.6309405724048615,9.273886062204838,10,0.6309405724048615,valid,0.7855621627661196,0.7939294957103731,0.7852,100789
RS,0.8032,43,43,random,CIFAR10,437,main_b1000_cifar10_alexnet_RS_kp25_seed789,0.25,0.7847,False,0.25,alexnet,0.25,CIFAR10_alexnet_RS_accuracy_kp2500_seed789,789,10000,437,42,accuracy,100789,0.7847,3,0.6337707660198212,9.206499889492989,10,0.6337707660198212,valid,0.7858710006730865,0.7941733837752085,0.7847000000000002,100789
RS,0.8032,43,43,random,CIFAR10,438,main_b1000_cifar10_alexnet_RS_kp25_seed789,0.25,0.7971,False,0.25,alexnet,0.25,CIFAR10_alexnet_RS_accuracy_kp2500_seed789,789,10000,438,42,accuracy,100789,0.7971,4,0.6006112927913666,9.134937524795532,10,0.6006112927913666,valid,0.7973376116943671,0.7999987261874416,0.7971,100789
RS,0.8032,43,43,random,CIFAR10,439,main_b1000_cifar10_alexnet_RS_kp25_seed789,0.25,0.7929,False,0.25,alexnet,0.25,CIFAR10_alexnet_RS_accuracy_kp2500_seed789,789,10000,439,42,accuracy,100789,0.7929,3,0.6013236529827118,9.078719556331635,10,0.6013236529827118,valid,0.7932311887489469,0.7985432821099758,0.7928999999999999,100789
RS,0.8032,43,43,random,CIFAR10,440,main_b1000_cifar10_alexnet_RS_kp25_seed789,0.25,0.7987,False,0.25,alexnet,0.25,CIFAR10_alexnet_RS_accuracy_kp2500_seed789,789,10000,440,42,accuracy,100789,0.7987,4,0.6100168065547943,9.100274570286274,10,0.6100168065547943,valid,0.7987652486719801,0.8002745869574073,0.7987,100789
RS,0.8032,43,43,random,CIFAR10,441,main_b1000_cifar10_alexnet_RS_kp25_seed789,0.25,0.7861,False,0.25,alexnet,0.25,CIFAR10_alexnet_RS_accuracy_kp2500_seed789,789,10000,441,42,accuracy,100789,0.7861,2,0.6163432886600494,9.207161203026772,10,0.6163432886600494,valid,0.7867387937983705,0.7929163291483354,0.7861,100789
RS,0.8032,43,43,random,CIFAR10,442,main_b1000_cifar10_alexnet_RS_kp25_seed789,0.25,0.791,False,0.25,alexnet,0.25,CIFAR10_alexnet_RS_accuracy_kp2500_seed789,789,10000,442,42,accuracy,100789,0.791,3,0.6087296558380126,9.170067429542542,10,0.6087296558380126,valid,0.7905574855516313,0.7946175624617322,0.791,100789
RS,0.8032,43,43,random,CIFAR10,443,main_b1000_cifar10_alexnet_RS_kp25_seed789,0.25,0.7931,False,0.25,alexnet,0.25,CIFAR10_alexnet_RS_accuracy_kp2500_seed789,789,10000,443,42,accuracy,100789,0.7931,3,0.5955451889514923,9.181995764374733,10,0.5955451889514923,valid,0.7941549490318534,0.797589435096592,0.7931,100789
RS,0.8032,43,43,random,CIFAR10,444,main_b1000_cifar10_alexnet_RS_kp25_seed789,0.25,0.7902,False,0.25,alexnet,0.25,CIFAR10_alexnet_RS_accuracy_kp2500_seed789,789,10000,444,42,accuracy,100789,0.7902,3,0.6271162250041962,9.128274276852608,10,0.6271162250041962,valid,0.7903701712408971,0.7974832684496742,0.7901999999999999,100789
RS,0.8032,43,43,random,CIFAR10,445,main_b1000_cifar10_alexnet_RS_kp25_seed789,0.25,0.7919,False,0.25,alexnet,0.25,CIFAR10_alexnet_RS_accuracy_kp2500_seed789,789,10000,445,42,accuracy,100789,0.7919,3,0.607840045261383,9.114749245345592,10,0.607840045261383,valid,0.7918889687540496,0.7975640824992165,0.7918999999999999,100789
RS,0.8032,43,43,random,CIFAR10,446,main_b1000_cifar10_alexnet_RS_kp25_seed789,0.25,0.7964,False,0.25,alexnet,0.25,CIFAR10_alexnet_RS_accuracy_kp2500_seed789,789,10000,446,42,accuracy,100789,0.7964,4,0.6105067858695984,9.131776928901672,10,0.6105067858695984,valid,0.796980053477606,0.800412283747131,0.7964,100789
RS,0.8032,43,43,random,CIFAR10,447,main_b1000_cifar10_alexnet_RS_kp25_seed789,0.25,0.7887,False,0.25,alexnet,0.25,CIFAR10_alexnet_RS_accuracy_kp2500_seed789,789,10000,447,42,accuracy,100789,0.7887,2,0.6113573728084564,9.154376335442066,10,0.6113573728084564,valid,0.7887828335861327,0.7927594885573643,0.7887000000000001,100789
RS,0.8032,43,43,random,CIFAR10,448,main_b1000_cifar10_alexnet_RS_kp25_seed789,0.25,0.7851,False,0.25,alexnet,0.25,CIFAR10_alexnet_RS_accuracy_kp2500_seed789,789,10000,448,42,accuracy,100789,0.7851,2,0.6102523687362671,9.18708997219801,10,0.6102523687362671,valid,0.7854398025815553,0.7887327207724699,0.7851,100789
RS,0.8032,43,43,random,CIFAR10,449,main_b1000_cifar10_alexnet_RS_kp25_seed789,0.25,0.7972,False,0.25,alexnet,0.25,CIFAR10_alexnet_RS_accuracy_kp2500_seed789,789,10000,449,42,accuracy,100789,0.7972,3,0.5967144360065461,9.163374185562134,10,0.5967144360065461,valid,0.7963476256435152,0.7966499216378492,0.7972,100789
RS,0.8032,43,43,random,CIFAR10,450,main_b1000_cifar10_alexnet_RS_kp25_seed789,0.25,0.7918,False,0.25,alexnet,0.25,CIFAR10_alexnet_RS_accuracy_kp2500_seed789,789,10000,450,42,accuracy,100789,0.7918,4,0.6102583811283112,9.149619966745377,10,0.6102583811283112,valid,0.7921937809234618,0.7971589499769183,0.7918,100789
RS,0.8032,43,43,random,CIFAR10,451,main_b1000_cifar10_alexnet_RS_kp25_seed789,0.25,0.787,False,0.25,alexnet,0.25,CIFAR10_alexnet_RS_accuracy_kp2500_seed789,789,10000,451,42,accuracy,100789,0.787,2,0.6065311744689942,9.106233678758144,10,0.6065311744689942,valid,0.7871164707075367,0.792749853786798,0.7869999999999999,100789
RS,0.8032,43,43,random,CIFAR10,452,main_b1000_cifar10_alexnet_RS_kp25_seed789,0.25,0.7918,False,0.25,alexnet,0.25,CIFAR10_alexnet_RS_accuracy_kp2500_seed789,789,10000,452,42,accuracy,100789,0.7918,3,0.6237534432411194,9.113646574318409,10,0.6237534432411194,valid,0.7883718642485091,0.7946699406665076,0.7918000000000001,100789
RS,0.8032,43,43,random,CIFAR10,453,main_b1000_cifar10_alexnet_RS_kp25_seed789,0.25,0.797,False,0.25,alexnet,0.25,CIFAR10_alexnet_RS_accuracy_kp2500_seed789,789,10000,453,42,accuracy,100789,0.797,4,0.6056728040218353,9.109567992389202,10,0.6056728040218353,valid,0.7968421873114148,0.8013752323643087,0.7969999999999999,100789
RS,0.8032,43,43,random,CIFAR10,454,main_b1000_cifar10_alexnet_RS_kp25_seed789,0.25,0.7934,False,0.25,alexnet,0.25,CIFAR10_alexnet_RS_accuracy_kp2500_seed789,789,10000,454,42,accuracy,100789,0.7934,4,0.6278545268058777,9.222943931818008,10,0.6278545268058777,valid,0.7938543170743446,0.8012776550696005,0.7934,100789
RS,0.8032,43,43,random,CIFAR10,455,main_b1000_cifar10_alexnet_RS_kp25_seed789,0.25,0.7913,False,0.25,alexnet,0.25,CIFAR10_alexnet_RS_accuracy_kp2500_seed789,789,10000,455,42,accuracy,100789,0.7913,2,0.598494427537918,9.174747884273529,10,0.598494427537918,valid,0.7913009668576944,0.791727022384801,0.7913,100789
RS,0.8032,43,43,random,CIFAR10,456,main_b1000_cifar10_alexnet_RS_kp25_seed789,0.25,0.789,False,0.25,alexnet,0.25,CIFAR10_alexnet_RS_accuracy_kp2500_seed789,789,10000,456,42,accuracy,100789,0.789,4,0.6325059450626374,9.146857149899006,10,0.6325059450626374,valid,0.7893883502820801,0.7951262376707121,0.7889999999999999,100789
RS,0.8032,43,43,random,CIFAR10,457,main_b1000_cifar10_alexnet_RS_kp25_seed789,0.25,0.8001,False,0.25,alexnet,0.25,CIFAR10_alexnet_RS_accuracy_kp2500_seed789,789,10000,457,42,accuracy,100789,0.8001,4,0.6071387310504913,9.086972795426846,10,0.6071387310504913,valid,0.8011033828304746,0.8048259864114333,0.8001000000000001,100789
RS,0.8032,43,43,random,CIFAR10,458,main_b1000_cifar10_alexnet_RS_kp25_seed789,0.25,0.7925,False,0.25,alexnet,0.25,CIFAR10_alexnet_RS_accuracy_kp2500_seed789,789,10000,458,42,accuracy,100789,0.7925,3,0.6149661111354828,9.108442284166813,10,0.6149661111354828,valid,0.7909188065136361,0.7943944049203328,0.7925000000000001,100789
RS,0.8032,43,43,random,CIFAR10,459,main_b1000_cifar10_alexnet_RS_kp25_seed789,0.25,0.7962,False,0.25,alexnet,0.25,CIFAR10_alexnet_RS_accuracy_kp2500_seed789,789,10000,459,42,accuracy,100789,0.7962,4,0.6081297987937927,9.148391649127007,10,0.6081297987937927,valid,0.7969130142240062,0.7992780429487847,0.7962,100789
RS,0.8032,43,43,random,CIFAR10,460,main_b1000_cifar10_alexnet_RS_kp25_seed789,0.25,0.7903,False,0.25,alexnet,0.25,CIFAR10_alexnet_RS_accuracy_kp2500_seed789,789,10000,460,42,accuracy,100789,0.7903,3,0.6160506372928619,9.188483387231827,10,0.6160506372928619,valid,0.7915167375411398,0.7987506324575138,0.7903,100789
RS,0.8032,43,43,random,CIFAR10,461,main_b1000_cifar10_alexnet_RS_kp25_seed789,0.25,0.7821,False,0.25,alexnet,0.25,CIFAR10_alexnet_RS_accuracy_kp2500_seed789,789,10000,461,42,accuracy,100789,0.7821,1,0.619919005870819,9.204077444970608,10,0.619919005870819,valid,0.7822848756449743,0.7847225030828365,0.7821,100789
RS,0.8032,43,43,random,CIFAR10,462,main_b1000_cifar10_alexnet_RS_kp25_seed789,0.25,0.791,False,0.25,alexnet,0.25,CIFAR10_alexnet_RS_accuracy_kp2500_seed789,789,10000,462,42,accuracy,100789,0.791,2,0.5997458803176879,9.137861922383308,10,0.5997458803176879,valid,0.7904347088843792,0.7912950470736556,0.791,100789
RS,0.8032,43,43,random,CIFAR10,463,main_b1000_cifar10_alexnet_RS_kp25_seed789,0.25,0.7853,False,0.25,alexnet,0.25,CIFAR10_alexnet_RS_accuracy_kp2500_seed789,789,10000,463,42,accuracy,100789,0.7853,2,0.6201452347278595,9.122694931924343,10,0.6201452347278595,valid,0.7849982660497308,0.7934310546044483,0.7853,100789
RS,0.8032,43,43,random,CIFAR10,464,main_b1000_cifar10_alexnet_RS_kp25_seed789,0.25,0.7863,False,0.25,alexnet,0.25,CIFAR10_alexnet_RS_accuracy_kp2500_seed789,789,10000,464,42,accuracy,100789,0.7863,3,0.6307212953567505,9.111484751105309,10,0.6307212953567505,valid,0.7870069494146248,0.795086021344586,0.7863,100789
RS,0.8032,43,43,random,CIFAR10,465,main_b1000_cifar10_alexnet_RS_kp25_seed789,0.25,0.7926,False,0.25,alexnet,0.25,CIFAR10_alexnet_RS_accuracy_kp2500_seed789,789,10000,465,42,accuracy,100789,0.7926,3,0.6018073187351227,9.1220049187541,10,0.6018073187351227,valid,0.7920254706089793,0.7931120518796514,0.7926,100789
RS,0.8032,43,43,random,CIFAR10,466,main_b1000_cifar10_alexnet_RS_kp25_seed789,0.25,0.7874,False,0.25,alexnet,0.25,CIFAR10_alexnet_RS_accuracy_kp2500_seed789,789,10000,466,42,accuracy,100789,0.7874,3,0.6342012351989746,9.146327577531338,10,0.6342012351989746,valid,0.7875800991056436,0.7996005179469428,0.7874,100789
RS,0.8032,43,43,random,CIFAR10,467,main_b1000_cifar10_alexnet_RS_kp25_seed789,0.25,0.7821,False,0.25,alexnet,0.25,CIFAR10_alexnet_RS_accuracy_kp2500_seed789,789,10000,467,42,accuracy,100789,0.7821,1,0.6213108203887939,9.209494292736053,10,0.6213108203887939,valid,0.7823568290820492,0.7869350332996741,0.7821,100789
RS,0.8032,43,43,random,CIFAR10,468,main_b1000_cifar10_alexnet_RS_kp25_seed789,0.25,0.7968,False,0.25,alexnet,0.25,CIFAR10_alexnet_RS_accuracy_kp2500_seed789,789,10000,468,42,accuracy,100789,0.7968,3,0.5915924042224884,9.140040829777718,10,0.5915924042224884,valid,0.7971351363944509,0.7990350792516656,0.7968,100789
RS,0.8032,43,43,random,CIFAR10,469,main_b1000_cifar10_alexnet_RS_kp25_seed789,0.25,0.7947,False,0.25,alexnet,0.25,CIFAR10_alexnet_RS_accuracy_kp2500_seed789,789,10000,469,42,accuracy,100789,0.7947,4,0.6125639340400696,9.275889217853546,10,0.6125639340400696,valid,0.7948329426771206,0.7977618103918657,0.7947,100789
RS,0.8032,43,43,random,CIFAR10,470,main_b1000_cifar10_alexnet_RS_kp25_seed789,0.25,0.7865,False,0.25,alexnet,0.25,CIFAR10_alexnet_RS_accuracy_kp2500_seed789,789,10000,470,42,accuracy,100789,0.7865,2,0.6126984214305877,9.182379066944122,10,0.6126984214305877,valid,0.7864422717498597,0.7907272948061767,0.7865,100789
RS,0.8032,43,43,random,CIFAR10,471,main_b1000_cifar10_alexnet_RS_kp25_seed789,0.25,0.7831,False,0.25,alexnet,0.25,CIFAR10_alexnet_RS_accuracy_kp2500_seed789,789,10000,471,42,accuracy,100789,0.7831,2,0.6166377587795258,9.16189842671156,10,0.6166377587795258,valid,0.7832958520005004,0.7909175753783894,0.7831,100789
RS,0.8032,43,43,random,CIFAR10,472,main_b1000_cifar10_alexnet_RS_kp25_seed789,0.25,0.782,False,0.25,alexnet,0.25,CIFAR10_alexnet_RS_accuracy_kp2500_seed789,789,10000,472,42,accuracy,100789,0.782,3,0.6314785959243775,9.198306135833263,10,0.6314785959243775,valid,0.7821093259215486,0.7886165949445976,0.782,100789
RS,0.8032,43,43,random,CIFAR10,473,main_b1000_cifar10_alexnet_RS_kp25_seed789,0.25,0.7944,False,0.25,alexnet,0.25,CIFAR10_alexnet_RS_accuracy_kp2500_seed789,789,10000,473,42,accuracy,100789,0.7944,3,0.6095798537254333,9.190266609191895,10,0.6095798537254333,valid,0.7945119552715376,0.8022492213351748,0.7944,100789
RS,0.8032,43,43,random,CIFAR10,474,main_b1000_cifar10_alexnet_RS_kp25_seed789,0.25,0.7982,False,0.25,alexnet,0.25,CIFAR10_alexnet_RS_accuracy_kp2500_seed789,789,10000,474,42,accuracy,100789,0.7982,4,0.6159244226455689,9.140411280095577,10,0.6159244226455689,valid,0.7971174339511264,0.7998955042253634,0.7981999999999999,100789
RS,0.8032,43,43,random,CIFAR10,475,main_b1000_cifar10_alexnet_RS_kp25_seed789,0.25,0.7895,False,0.25,alexnet,0.25,CIFAR10_alexnet_RS_accuracy_kp2500_seed789,789,10000,475,42,accuracy,100789,0.7895,3,0.6229882341861724,9.123859085142612,10,0.6229882341861724,valid,0.7887398411030057,0.7939313640164374,0.7895,100789
RS,0.8032,43,43,random,CIFAR10,476,main_b1000_cifar10_alexnet_RS_kp25_seed789,0.25,0.7921,False,0.25,alexnet,0.25,CIFAR10_alexnet_RS_accuracy_kp2500_seed789,789,10000,476,42,accuracy,100789,0.7921,4,0.6138423305988312,9.109975941479206,10,0.6138423305988312,valid,0.793474604737363,0.7991955030855674,0.7920999999999999,100789
RS,0.8032,43,43,random,CIFAR10,477,main_b1000_cifar10_alexnet_RS_kp25_seed789,0.25,0.797,False,0.25,alexnet,0.25,CIFAR10_alexnet_RS_accuracy_kp2500_seed789,789,10000,477,42,accuracy,100789,0.797,5,0.6155155278682709,9.18138226121664,10,0.6155155278682709,valid,0.798096839060603,0.8014405190074401,0.7969999999999999,100789
RS,0.8032,43,43,random,CIFAR10,478,main_b1000_cifar10_alexnet_RS_kp25_seed789,0.25,0.7886,False,0.25,alexnet,0.25,CIFAR10_alexnet_RS_accuracy_kp2500_seed789,789,10000,478,42,accuracy,100789,0.7886,3,0.6236367881774902,9.215674869716167,10,0.6236367881774902,valid,0.7891394700088433,0.7962775706737435,0.7886,100789
RS,0.8032,43,43,random,CIFAR10,479,main_b1000_cifar10_alexnet_RS_kp25_seed789,0.25,0.7941,False,0.25,alexnet,0.25,CIFAR10_alexnet_RS_accuracy_kp2500_seed789,789,10000,479,42,accuracy,100789,0.7941,3,0.6165992846012115,9.265088051557541,10,0.6165992846012115,valid,0.7947329385869686,0.8004753513816054,0.7940999999999999,100789
RS,0.8032,43,43,random,CIFAR10,480,main_b1000_cifar10_alexnet_RS_kp25_seed789,0.25,0.7947,False,0.25,alexnet,0.25,CIFAR10_alexnet_RS_accuracy_kp2500_seed789,789,10000,480,42,accuracy,100789,0.7947,4,0.6272020838737488,9.248430922627449,10,0.6272020838737488,valid,0.7954593791143023,0.799886674207002,0.7947,100789
RS,0.8032,43,43,random,CIFAR10,481,main_b1000_cifar10_alexnet_RS_kp25_seed789,0.25,0.7951,False,0.25,alexnet,0.25,CIFAR10_alexnet_RS_accuracy_kp2500_seed789,789,10000,481,42,accuracy,100789,0.7951,3,0.6168807331085205,9.179087325930595,10,0.6168807331085205,valid,0.7953035437452393,0.8025851778919157,0.7951,100789
RS,0.8032,43,43,random,CIFAR10,482,main_b1000_cifar10_alexnet_RS_kp25_seed789,0.25,0.7957,False,0.25,alexnet,0.25,CIFAR10_alexnet_RS_accuracy_kp2500_seed789,789,10000,482,42,accuracy,100789,0.7957,5,0.6181401354789734,9.126991130411625,10,0.6181401354789734,valid,0.7951755736184483,0.7989068775142304,0.7957,100789
RS,0.8032,43,43,random,CIFAR10,483,main_b1000_cifar10_alexnet_RS_kp25_seed789,0.25,0.7823,False,0.25,alexnet,0.25,CIFAR10_alexnet_RS_accuracy_kp2500_seed789,789,10000,483,42,accuracy,100789,0.7823,3,0.6394240085124969,9.149975940585136,10,0.6394240085124969,valid,0.7827164296429484,0.7897021027252957,0.7823,100789
RS,0.8032,43,43,random,CIFAR10,484,main_b1000_cifar10_alexnet_RS_kp25_seed789,0.25,0.7974,False,0.25,alexnet,0.25,CIFAR10_alexnet_RS_accuracy_kp2500_seed789,789,10000,484,42,accuracy,100789,0.7974,4,0.6144270273685455,9.213065005838871,10,0.6144270273685455,valid,0.7969792513788613,0.7980846279293801,0.7974,100789
RS,0.8032,43,43,random,CIFAR10,485,main_b1000_cifar10_alexnet_RS_kp25_seed789,0.25,0.7778,False,0.25,alexnet,0.25,CIFAR10_alexnet_RS_accuracy_kp2500_seed789,789,10000,485,42,accuracy,100789,0.7778,1,0.6227437594413757,9.135929808020592,10,0.6227437594413757,valid,0.7765793678086055,0.7802606778375447,0.7778,100789
RS,0.8032,43,43,random,CIFAR10,486,main_b1000_cifar10_alexnet_RS_kp25_seed789,0.25,0.7998,False,0.25,alexnet,0.25,CIFAR10_alexnet_RS_accuracy_kp2500_seed789,789,10000,486,42,accuracy,100789,0.7998,5,0.6155270795345307,9.195249311625957,10,0.6155270795345307,valid,0.7991641557080635,0.8003664186069088,0.7998000000000001,100789
RS,0.8032,43,43,random,CIFAR10,487,main_b1000_cifar10_alexnet_RS_kp25_seed789,0.25,0.7946,False,0.25,alexnet,0.25,CIFAR10_alexnet_RS_accuracy_kp2500_seed789,789,10000,487,42,accuracy,100789,0.7946,4,0.6289914442539215,9.114207491278648,10,0.6289914442539215,valid,0.7935048297760596,0.7980539717433095,0.7946,100789
RS,0.8032,43,43,random,CIFAR10,488,main_b1000_cifar10_alexnet_RS_kp25_seed789,0.25,0.7873,False,0.25,alexnet,0.25,CIFAR10_alexnet_RS_accuracy_kp2500_seed789,789,10000,488,42,accuracy,100789,0.7873,4,0.6349448553562165,9.095807000994682,10,0.6349448553562165,valid,0.787337488501874,0.7952326130585947,0.7873,100789
RS,0.8032,43,43,random,CIFAR10,489,main_b1000_cifar10_alexnet_RS_kp25_seed789,0.25,0.79,False,0.25,alexnet,0.25,CIFAR10_alexnet_RS_accuracy_kp2500_seed789,789,10000,489,42,accuracy,100789,0.79,3,0.6260029359340668,9.14676184952259,10,0.6260029359340668,valid,0.7918840340714881,0.8016102929801467,0.79,100789
RS,0.8032,43,43,random,CIFAR10,490,main_b1000_cifar10_alexnet_RS_kp25_seed789,0.25,0.7846,False,0.25,alexnet,0.25,CIFAR10_alexnet_RS_accuracy_kp2500_seed789,789,10000,490,42,accuracy,100789,0.7846,2,0.6308057745456696,9.232477597892284,10,0.6308057745456696,valid,0.7858133516387142,0.7924200537890711,0.7846,100789
RS,0.8032,43,43,random,CIFAR10,491,main_b1000_cifar10_alexnet_RS_kp25_seed789,0.25,0.7893,False,0.25,alexnet,0.25,CIFAR10_alexnet_RS_accuracy_kp2500_seed789,789,10000,491,42,accuracy,100789,0.7893,2,0.6102683520317078,9.124082058668137,10,0.6102683520317078,valid,0.7908312463383664,0.7966724365416993,0.7893,100789
RS,0.8032,43,43,random,CIFAR10,492,main_b1000_cifar10_alexnet_RS_kp25_seed789,0.25,0.791,False,0.25,alexnet,0.25,CIFAR10_alexnet_RS_accuracy_kp2500_seed789,789,10000,492,42,accuracy,100789,0.791,3,0.6072714292526246,9.175162322819233,10,0.6072714292526246,valid,0.7920090305555851,0.7980492581961997,0.791,100789
RS,0.8032,43,43,random,CIFAR10,493,main_b1000_cifar10_alexnet_RS_kp25_seed789,0.25,0.7938,False,0.25,alexnet,0.25,CIFAR10_alexnet_RS_accuracy_kp2500_seed789,789,10000,493,42,accuracy,100789,0.7938,5,0.6272354526042938,9.167867705225945,10,0.6272354526042938,valid,0.7930472336482859,0.7939654220248805,0.7937999999999998,100789
RS,0.8032,43,43,random,CIFAR10,494,main_b1000_cifar10_alexnet_RS_kp25_seed789,0.25,0.791,False,0.25,alexnet,0.25,CIFAR10_alexnet_RS_accuracy_kp2500_seed789,789,10000,494,42,accuracy,100789,0.791,4,0.6263360680103301,9.140992015600204,10,0.6263360680103301,valid,0.7906334193517887,0.7922696687104747,0.791,100789
RS,0.8032,43,43,random,CIFAR10,495,main_b1000_cifar10_alexnet_RS_kp25_seed789,0.25,0.781,False,0.25,alexnet,0.25,CIFAR10_alexnet_RS_accuracy_kp2500_seed789,789,10000,495,42,accuracy,100789,0.781,2,0.6334936014652253,9.155968651175499,10,0.6334936014652253,valid,0.7818192175652919,0.7970318882802666,0.7809999999999999,100789
RS,0.8032,43,43,random,CIFAR10,496,main_b1000_cifar10_alexnet_RS_kp25_seed789,0.25,0.7903,False,0.25,alexnet,0.25,CIFAR10_alexnet_RS_accuracy_kp2500_seed789,789,10000,496,42,accuracy,100789,0.7903,3,0.6273863042354584,9.15965286642313,10,0.6273863042354584,valid,0.788668516166861,0.792066900726096,0.7903,100789
RS,0.8032,43,43,random,CIFAR10,497,main_b1000_cifar10_alexnet_RS_kp25_seed789,0.25,0.7953,False,0.25,alexnet,0.25,CIFAR10_alexnet_RS_accuracy_kp2500_seed789,789,10000,497,42,accuracy,100789,0.7953,2,0.5995335799217224,9.123117662966251,10,0.5995335799217224,valid,0.7955362065641519,0.7977704795712028,0.7952999999999999,100789
RS,0.8032,43,43,random,CIFAR10,498,main_b1000_cifar10_alexnet_RS_kp25_seed789,0.25,0.7905,False,0.25,alexnet,0.25,CIFAR10_alexnet_RS_accuracy_kp2500_seed789,789,10000,498,42,accuracy,100789,0.7905,4,0.6117001715183258,9.136260993778706,10,0.6117001715183258,valid,0.7911560132716642,0.7931851714077714,0.7905,100789
RS,0.8032,43,43,random,CIFAR10,499,main_b1000_cifar10_alexnet_RS_kp25_seed789,0.25,0.7906,False,0.25,alexnet,0.25,CIFAR10_alexnet_RS_accuracy_kp2500_seed789,789,10000,499,42,accuracy,100789,0.7906,3,0.623263838481903,9.123487837612629,10,0.623263838481903,valid,0.7877383796569941,0.7937410606084596,0.7906000000000001,100789
RS,0.8032,43,43,random,CIFAR10,500,main_b1000_cifar10_alexnet_RS_kp25_seed789,0.25,0.7926,False,0.25,alexnet,0.25,CIFAR10_alexnet_RS_accuracy_kp2500_seed789,789,10000,500,42,accuracy,100789,0.7926,3,0.5995077105045319,9.122624099254608,10,0.5995077105045319,valid,0.792766389716095,0.796314071004316,0.7926,100789
RS,0.8032,43,43,random,CIFAR10,501,main_b1000_cifar10_alexnet_RS_kp25_seed789,0.25,0.7928,False,0.25,alexnet,0.25,CIFAR10_alexnet_RS_accuracy_kp2500_seed789,789,10000,501,42,accuracy,100789,0.7928,3,0.6073127821445465,9.163021564483643,10,0.6073127821445465,valid,0.7932616503686699,0.7990347699336526,0.7928,100789
RS,0.8032,43,43,random,CIFAR10,502,main_b1000_cifar10_alexnet_RS_kp25_seed789,0.25,0.7913,False,0.25,alexnet,0.25,CIFAR10_alexnet_RS_accuracy_kp2500_seed789,789,10000,502,42,accuracy,100789,0.7913,3,0.607477459859848,9.185402669012547,10,0.607477459859848,valid,0.7902672149777678,0.792782833809932,0.7913,100789
RS,0.8032,43,43,random,CIFAR10,503,main_b1000_cifar10_alexnet_RS_kp25_seed789,0.25,0.7937,False,0.25,alexnet,0.25,CIFAR10_alexnet_RS_accuracy_kp2500_seed789,789,10000,503,42,accuracy,100789,0.7937,4,0.6179908539295197,9.140549279749393,10,0.6179908539295197,valid,0.7934122944738263,0.7972870575829661,0.7937000000000001,100789
RS,0.8032,43,43,random,CIFAR10,504,main_b1000_cifar10_alexnet_RS_kp25_seed789,0.25,0.7957,False,0.25,alexnet,0.25,CIFAR10_alexnet_RS_accuracy_kp2500_seed789,789,10000,504,42,accuracy,100789,0.7957,3,0.5988723202228546,9.155285269021988,10,0.5988723202228546,valid,0.7946389553738353,0.7949790539222172,0.7957,100789
RS,0.8032,43,43,random,CIFAR10,505,main_b1000_cifar10_alexnet_RS_kp25_seed789,0.25,0.7893,False,0.25,alexnet,0.25,CIFAR10_alexnet_RS_accuracy_kp2500_seed789,789,10000,505,42,accuracy,100789,0.7893,3,0.623711760854721,9.164100430905819,10,0.623711760854721,valid,0.7899999977161576,0.7985666235779144,0.7893,100789
RS,0.8032,43,43,random,CIFAR10,506,main_b1000_cifar10_alexnet_RS_kp25_seed789,0.25,0.7949,False,0.25,alexnet,0.25,CIFAR10_alexnet_RS_accuracy_kp2500_seed789,789,10000,506,42,accuracy,100789,0.7949,3,0.6130012397289276,9.197183325886726,10,0.6130012397289276,valid,0.7948521180323311,0.7977050427938946,0.7948999999999999,100789
RS,0.8032,43,43,random,CIFAR10,507,main_b1000_cifar10_alexnet_RS_kp25_seed789,0.25,0.7987,False,0.25,alexnet,0.25,CIFAR10_alexnet_RS_accuracy_kp2500_seed789,789,10000,507,42,accuracy,100789,0.7987,4,0.6099531510829925,9.108996145427227,10,0.6099531510829925,valid,0.7977292269696468,0.799111114994408,0.7987,100789
RS,0.8032,43,43,random,CIFAR10,508,main_b1000_cifar10_alexnet_RS_kp25_seed789,0.25,0.7966,False,0.25,alexnet,0.25,CIFAR10_alexnet_RS_accuracy_kp2500_seed789,789,10000,508,42,accuracy,100789,0.7966,4,0.599330591583252,9.15331233292818,10,0.599330591583252,valid,0.7958100954651047,0.7963136202070662,0.7966,100789
RS,0.8032,43,43,random,CIFAR10,509,main_b1000_cifar10_alexnet_RS_kp25_seed789,0.25,0.7898,False,0.25,alexnet,0.25,CIFAR10_alexnet_RS_accuracy_kp2500_seed789,789,10000,509,42,accuracy,100789,0.7898,3,0.621967515707016,9.026025466620922,10,0.621967515707016,valid,0.7886691566410645,0.791885351721444,0.7898,100789
RS,0.8032,43,43,random,CIFAR10,510,main_b1000_cifar10_alexnet_RS_kp25_seed789,0.25,0.7968,False,0.25,alexnet,0.25,CIFAR10_alexnet_RS_accuracy_kp2500_seed789,789,10000,510,42,accuracy,100789,0.7968,4,0.6065004695892334,9.014187723398209,10,0.6065004695892334,valid,0.7967557658949087,0.8015565317915054,0.7968,100789
RS,0.8032,43,43,random,CIFAR10,511,main_b1000_cifar10_alexnet_RS_kp25_seed789,0.25,0.7924,False,0.25,alexnet,0.25,CIFAR10_alexnet_RS_accuracy_kp2500_seed789,789,10000,511,42,accuracy,100789,0.7924,2,0.6077210102558136,8.994242563843727,10,0.6077210102558136,valid,0.7921893229200851,0.7947516557008372,0.7924,100789
RS,0.8032,43,43,random,CIFAR10,512,main_b1000_cifar10_alexnet_RS_kp25_seed789,0.25,0.7911,False,0.25,alexnet,0.25,CIFAR10_alexnet_RS_accuracy_kp2500_seed789,789,10000,512,42,accuracy,100789,0.7911,3,0.6127356593608856,9.05546274036169,10,0.6127356593608856,valid,0.7914473792296592,0.7962626185828987,0.7911,100789
RS,0.8032,43,43,random,CIFAR10,513,main_b1000_cifar10_alexnet_RS_kp25_seed789,0.25,0.7876,False,0.25,alexnet,0.25,CIFAR10_alexnet_RS_accuracy_kp2500_seed789,789,10000,513,42,accuracy,100789,0.7876,3,0.6203581020355224,9.161413542926311,10,0.6203581020355224,valid,0.7876666967324066,0.7945957108536169,0.7876,100789
RS,0.8032,43,43,random,CIFAR10,514,main_b1000_cifar10_alexnet_RS_kp25_seed789,0.25,0.7882,False,0.25,alexnet,0.25,CIFAR10_alexnet_RS_accuracy_kp2500_seed789,789,10000,514,42,accuracy,100789,0.7882,2,0.6174731492042541,9.099280275404453,10,0.6174731492042541,valid,0.789128492827159,0.7931716952528826,0.7882,100789
RS,0.8032,43,43,random,CIFAR10,515,main_b1000_cifar10_alexnet_RS_kp25_seed789,0.25,0.795,False,0.25,alexnet,0.25,CIFAR10_alexnet_RS_accuracy_kp2500_seed789,789,10000,515,42,accuracy,100789,0.795,3,0.6103679140090943,9.035709701478481,10,0.6103679140090943,valid,0.7939262401781695,0.7963160800986817,0.795,100789
RS,0.8032,43,43,random,CIFAR10,516,main_b1000_cifar10_alexnet_RS_kp25_seed789,0.25,0.7893,False,0.25,alexnet,0.25,CIFAR10_alexnet_RS_accuracy_kp2500_seed789,789,10000,516,42,accuracy,100789,0.7893,3,0.6156101291179656,9.017914809286594,10,0.6156101291179656,valid,0.7886543549628275,0.7943098695865229,0.7893,100789
RS,0.8032,43,43,random,CIFAR10,517,main_b1000_cifar10_alexnet_RS_kp25_seed789,0.25,0.7928,False,0.25,alexnet,0.25,CIFAR10_alexnet_RS_accuracy_kp2500_seed789,789,10000,517,42,accuracy,100789,0.7928,5,0.6246579095840454,9.008937522768974,10,0.6246579095840454,valid,0.7924148565510822,0.792892129518564,0.7928000000000001,100789
RS,0.8032,43,43,random,CIFAR10,518,main_b1000_cifar10_alexnet_RS_kp25_seed789,0.25,0.7873,False,0.25,alexnet,0.25,CIFAR10_alexnet_RS_accuracy_kp2500_seed789,789,10000,518,42,accuracy,100789,0.7873,2,0.6170875511169434,9.036720968782902,10,0.6170875511169434,valid,0.786525913710416,0.7909516128390219,0.7873000000000001,100789
RS,0.8032,43,43,random,CIFAR10,519,main_b1000_cifar10_alexnet_RS_kp25_seed789,0.25,0.7877,False,0.25,alexnet,0.25,CIFAR10_alexnet_RS_accuracy_kp2500_seed789,789,10000,519,42,accuracy,100789,0.7877,3,0.6233503798007966,9.020248614251614,10,0.6233503798007966,valid,0.7875804721221904,0.7946816265095634,0.7877,100789
RS,0.8032,43,43,random,CIFAR10,520,main_b1000_cifar10_alexnet_RS_kp25_seed789,0.25,0.794,False,0.25,alexnet,0.25,CIFAR10_alexnet_RS_accuracy_kp2500_seed789,789,10000,520,42,accuracy,100789,0.794,3,0.6128379177093506,9.124615095555782,10,0.6128379177093506,valid,0.7944391754631386,0.7994338303217119,0.7939999999999999,100789
RS,0.8032,43,43,random,CIFAR10,521,main_b1000_cifar10_alexnet_RS_kp25_seed789,0.25,0.7944,False,0.25,alexnet,0.25,CIFAR10_alexnet_RS_accuracy_kp2500_seed789,789,10000,521,42,accuracy,100789,0.7944,4,0.6098274393081665,9.084922224283218,10,0.6098274393081665,valid,0.794896260447157,0.8006346765616541,0.7943999999999998,100789
RS,0.8032,43,43,random,CIFAR10,522,main_b1000_cifar10_alexnet_RS_kp25_seed789,0.25,0.7947,False,0.25,alexnet,0.25,CIFAR10_alexnet_RS_accuracy_kp2500_seed789,789,10000,522,42,accuracy,100789,0.7947,2,0.6060186131954193,9.035281121730804,10,0.6060186131954193,valid,0.7941789483716629,0.7960362154778481,0.7947,100789
RS,0.8032,43,43,random,CIFAR10,523,main_b1000_cifar10_alexnet_RS_kp25_seed789,0.25,0.7954,False,0.25,alexnet,0.25,CIFAR10_alexnet_RS_accuracy_kp2500_seed789,789,10000,523,42,accuracy,100789,0.7954,4,0.6066809478282928,9.011887021362782,10,0.6066809478282928,valid,0.7947177305233329,0.796750522109823,0.7954000000000001,100789
RS,0.8032,43,43,random,CIFAR10,524,main_b1000_cifar10_alexnet_RS_kp25_seed789,0.25,0.795,False,0.25,alexnet,0.25,CIFAR10_alexnet_RS_accuracy_kp2500_seed789,789,10000,524,42,accuracy,100789,0.795,4,0.6130498034000397,9.022573173046112,10,0.6130498034000397,valid,0.7952556760737302,0.7993009903372578,0.7949999999999999,100789
RS,0.8032,43,43,random,CIFAR10,525,main_b1000_cifar10_alexnet_RS_kp25_seed789,0.25,0.7899,False,0.25,alexnet,0.25,CIFAR10_alexnet_RS_accuracy_kp2500_seed789,789,10000,525,42,accuracy,100789,0.7899,3,0.6229541496276856,9.017458453774452,10,0.6229541496276856,valid,0.7874379455013755,0.793059993356272,0.7899,100789
RS,0.8032,43,43,random,CIFAR10,526,main_b1000_cifar10_alexnet_RS_kp25_seed789,0.25,0.7861,False,0.25,alexnet,0.25,CIFAR10_alexnet_RS_accuracy_kp2500_seed789,789,10000,526,42,accuracy,100789,0.7861,3,0.6184493398666382,9.100148476660252,10,0.6184493398666382,valid,0.7856981563917674,0.7887293641495476,0.7861,100789
RS,0.8032,43,43,random,CIFAR10,527,main_b1000_cifar10_alexnet_RS_kp25_seed789,0.25,0.7894,False,0.25,alexnet,0.25,CIFAR10_alexnet_RS_accuracy_kp2500_seed789,789,10000,527,42,accuracy,100789,0.7894,2,0.6187732647418975,9.05267072468996,10,0.6187732647418975,valid,0.7872817754426971,0.7936780066480064,0.7894,100789
RS,0.8032,43,43,random,CIFAR10,528,main_b1000_cifar10_alexnet_RS_kp25_seed789,0.25,0.7928,False,0.25,alexnet,0.25,CIFAR10_alexnet_RS_accuracy_kp2500_seed789,789,10000,528,42,accuracy,100789,0.7928,3,0.6199589679718017,9.001365073025227,10,0.6199589679718017,valid,0.7918105696299353,0.7956194592250497,0.7928,100789
RS,0.8032,43,43,random,CIFAR10,529,main_b1000_cifar10_alexnet_RS_kp25_seed789,0.25,0.7966,False,0.25,alexnet,0.25,CIFAR10_alexnet_RS_accuracy_kp2500_seed789,789,10000,529,42,accuracy,100789,0.7966,3,0.5980187595367432,9.034159488976002,10,0.5980187595367432,valid,0.7973658060191744,0.7999106877124609,0.7966000000000001,100789
RS,0.8032,43,43,random,CIFAR10,530,main_b1000_cifar10_alexnet_RS_kp25_seed789,0.25,0.7961,False,0.25,alexnet,0.25,CIFAR10_alexnet_RS_accuracy_kp2500_seed789,789,10000,530,42,accuracy,100789,0.7961,3,0.6073942811965942,9.035603441298008,10,0.6073942811965942,valid,0.7961218007379876,0.800066967879413,0.7961,100789
RS,0.8032,43,43,random,CIFAR10,531,main_b1000_cifar10_alexnet_RS_kp25_seed789,0.25,0.7912,False,0.25,alexnet,0.25,CIFAR10_alexnet_RS_accuracy_kp2500_seed789,789,10000,531,42,accuracy,100789,0.7912,4,0.6258391590595246,9.00696812570095,10,0.6258391590595246,valid,0.7903605170076142,0.7935468624456417,0.7912,100789
RS,0.8032,43,43,random,CIFAR10,532,main_b1000_cifar10_alexnet_RS_kp25_seed789,0.25,0.7884,False,0.25,alexnet,0.25,CIFAR10_alexnet_RS_accuracy_kp2500_seed789,789,10000,532,42,accuracy,100789,0.7884,2,0.6104176341056824,9.13895121961832,10,0.6104176341056824,valid,0.7881186210077112,0.7925469445454225,0.7884,100789
RS,0.8032,43,43,random,CIFAR10,533,main_b1000_cifar10_alexnet_RS_kp25_seed789,0.25,0.7996,False,0.25,alexnet,0.25,CIFAR10_alexnet_RS_accuracy_kp2500_seed789,789,10000,533,42,accuracy,100789,0.7996,4,0.5991342620372773,9.060453422367573,10,0.5991342620372773,valid,0.7988780237506896,0.7992262683773111,0.7996,100789
RS,0.8032,43,43,random,CIFAR10,534,main_b1000_cifar10_alexnet_RS_kp25_seed789,0.25,0.7875,False,0.25,alexnet,0.25,CIFAR10_alexnet_RS_accuracy_kp2500_seed789,789,10000,534,42,accuracy,100789,0.7875,4,0.6267775198936463,9.019089967012405,10,0.6267775198936463,valid,0.7871861130524547,0.7906264676571084,0.7875,100789
RS,0.8032,43,43,random,CIFAR10,535,main_b1000_cifar10_alexnet_RS_kp25_seed789,0.25,0.789,False,0.25,alexnet,0.25,CIFAR10_alexnet_RS_accuracy_kp2500_seed789,789,10000,535,42,accuracy,100789,0.789,3,0.613217370557785,9.040395431220531,10,0.613217370557785,valid,0.788612676969673,0.7937887725142792,0.7889999999999999,100789
RS,0.8032,43,43,random,CIFAR10,536,main_b1000_cifar10_alexnet_RS_kp25_seed789,0.25,0.7912,False,0.25,alexnet,0.25,CIFAR10_alexnet_RS_accuracy_kp2500_seed789,789,10000,536,42,accuracy,100789,0.7912,2,0.5971480591297149,9.030600979924202,10,0.5971480591297149,valid,0.7928184468730024,0.7993591122732173,0.7912000000000001,100789
RS,0.8032,43,43,random,CIFAR10,537,main_b1000_cifar10_alexnet_RS_kp25_seed789,0.25,0.7936,False,0.25,alexnet,0.25,CIFAR10_alexnet_RS_accuracy_kp2500_seed789,789,10000,537,42,accuracy,100789,0.7936,4,0.6235986392498016,9.037642747163773,10,0.6235986392498016,valid,0.7943022606365224,0.7982268742818068,0.7936,100789
RS,0.8032,43,43,random,CIFAR10,538,main_b1000_cifar10_alexnet_RS_kp25_seed789,0.25,0.7976,False,0.25,alexnet,0.25,CIFAR10_alexnet_RS_accuracy_kp2500_seed789,789,10000,538,42,accuracy,100789,0.7976,4,0.6177581408977508,9.11048698425293,10,0.6177581408977508,valid,0.7980635175865161,0.8035068988096276,0.7976,100789
RS,0.8032,43,43,random,CIFAR10,539,main_b1000_cifar10_alexnet_RS_kp25_seed789,0.25,0.7959,False,0.25,alexnet,0.25,CIFAR10_alexnet_RS_accuracy_kp2500_seed789,789,10000,539,42,accuracy,100789,0.7959,5,0.622269238615036,9.119807474315166,10,0.622269238615036,valid,0.7954180356325476,0.7976947350999091,0.7958999999999999,100789
RS,0.8032,43,43,random,CIFAR10,540,main_b1000_cifar10_alexnet_RS_kp25_seed789,0.25,0.7967,False,0.25,alexnet,0.25,CIFAR10_alexnet_RS_accuracy_kp2500_seed789,789,10000,540,42,accuracy,100789,0.7967,4,0.6092784991264343,9.042806155979633,10,0.6092784991264343,valid,0.7967929467356067,0.8003308458733566,0.7967,100789
RS,0.8032,43,43,random,CIFAR10,541,main_b1000_cifar10_alexnet_RS_kp25_seed789,0.25,0.7897,False,0.25,alexnet,0.25,CIFAR10_alexnet_RS_accuracy_kp2500_seed789,789,10000,541,42,accuracy,100789,0.7897,3,0.614464108991623,9.027311943471432,10,0.614464108991623,valid,0.7895873461911886,0.7913984644996263,0.7897,100789
RS,0.8032,43,43,random,CIFAR10,542,main_b1000_cifar10_alexnet_RS_kp25_seed789,0.25,0.7914,False,0.25,alexnet,0.25,CIFAR10_alexnet_RS_accuracy_kp2500_seed789,789,10000,542,42,accuracy,100789,0.7914,4,0.6203900845527649,9.031430564820766,10,0.6203900845527649,valid,0.7922235647443254,0.7953046773450371,0.7914000000000001,100789
RS,0.8032,43,43,random,CIFAR10,543,main_b1000_cifar10_alexnet_RS_kp25_seed789,0.25,0.7981,False,0.25,alexnet,0.25,CIFAR10_alexnet_RS_accuracy_kp2500_seed789,789,10000,543,42,accuracy,100789,0.7981,5,0.6146291276931762,8.981004014611244,10,0.6146291276931762,valid,0.7977913121797987,0.7994323852955368,0.7981,100789
RS,0.8032,43,43,random,CIFAR10,544,main_b1000_cifar10_alexnet_RS_kp25_seed789,0.25,0.7949,False,0.25,alexnet,0.25,CIFAR10_alexnet_RS_accuracy_kp2500_seed789,789,10000,544,42,accuracy,100789,0.7949,5,0.6268940141677857,9.067190907895565,10,0.6268940141677857,valid,0.7946755727456152,0.7981088092640855,0.7948999999999999,100789
RS,0.8032,43,43,random,CIFAR10,545,main_b1000_cifar10_alexnet_RS_kp25_seed789,0.25,0.7917,False,0.25,alexnet,0.25,CIFAR10_alexnet_RS_accuracy_kp2500_seed789,789,10000,545,42,accuracy,100789,0.7917,3,0.6190700366020203,9.129159301519394,10,0.6190700366020203,valid,0.7900112989679988,0.795451919595987,0.7917,100789
RS,0.8032,43,43,random,CIFAR10,546,main_b1000_cifar10_alexnet_RS_kp25_seed789,0.25,0.7837,False,0.25,alexnet,0.25,CIFAR10_alexnet_RS_accuracy_kp2500_seed789,789,10000,546,42,accuracy,100789,0.7837,1,0.6169983982086181,9.058823466300964,10,0.6169983982086181,valid,0.7832300027146494,0.7879801068153075,0.7837000000000001,100789
RS,0.8032,43,43,random,CIFAR10,547,main_b1000_cifar10_alexnet_RS_kp25_seed789,0.25,0.7891,False,0.25,alexnet,0.25,CIFAR10_alexnet_RS_accuracy_kp2500_seed789,789,10000,547,42,accuracy,100789,0.7891,3,0.6239072936058044,9.038010694086552,10,0.6239072936058044,valid,0.7881016878896528,0.7947860781752616,0.7891,100789
RS,0.8032,43,43,random,CIFAR10,548,main_b1000_cifar10_alexnet_RS_kp25_seed789,0.25,0.7858,False,0.25,alexnet,0.25,CIFAR10_alexnet_RS_accuracy_kp2500_seed789,789,10000,548,42,accuracy,100789,0.7858,3,0.6288793217658997,9.014431290328503,10,0.6288793217658997,valid,0.7827889293298524,0.7927800869261986,0.7858,100789
RS,0.8032,43,43,random,CIFAR10,549,main_b1000_cifar10_alexnet_RS_kp25_seed789,0.25,0.7878,False,0.25,alexnet,0.25,CIFAR10_alexnet_RS_accuracy_kp2500_seed789,789,10000,549,42,accuracy,100789,0.7878,3,0.6211914455413818,9.008242756128311,10,0.6211914455413818,valid,0.7879738731420612,0.7909688069351837,0.7878000000000001,100789
RS,0.8032,43,43,random,CIFAR10,550,main_b1000_cifar10_alexnet_RS_kp25_seed789,0.25,0.7889,False,0.25,alexnet,0.25,CIFAR10_alexnet_RS_accuracy_kp2500_seed789,789,10000,550,42,accuracy,100789,0.7889,3,0.6170542542934417,9.045132711529732,10,0.6170542542934417,valid,0.7897574777834951,0.794841181065588,0.7889,100789
RS,0.8032,43,43,random,CIFAR10,551,main_b1000_cifar10_alexnet_RS_kp25_seed789,0.25,0.7967,False,0.25,alexnet,0.25,CIFAR10_alexnet_RS_accuracy_kp2500_seed789,789,10000,551,42,accuracy,100789,0.7967,4,0.6010681875705719,9.139335863292217,10,0.6010681875705719,valid,0.795491551724768,0.7962901426662063,0.7967,100789
RS,0.8032,43,43,random,CIFAR10,552,main_b1000_cifar10_alexnet_RS_kp25_seed789,0.25,0.796,False,0.25,alexnet,0.25,CIFAR10_alexnet_RS_accuracy_kp2500_seed789,789,10000,552,42,accuracy,100789,0.796,4,0.6049749762535095,9.030994601547718,10,0.6049749762535095,valid,0.7955377659992584,0.7975468818165204,0.7959999999999999,100789
RS,0.8032,43,43,random,CIFAR10,553,main_b1000_cifar10_alexnet_RS_kp25_seed789,0.25,0.7898,False,0.25,alexnet,0.25,CIFAR10_alexnet_RS_accuracy_kp2500_seed789,789,10000,553,42,accuracy,100789,0.7898,2,0.6143824566364289,9.029541984200478,10,0.6143824566364289,valid,0.7879035698509699,0.792164471089827,0.7898,100789
RS,0.8032,43,43,random,CIFAR10,554,main_b1000_cifar10_alexnet_RS_kp25_seed789,0.25,0.7894,False,0.25,alexnet,0.25,CIFAR10_alexnet_RS_accuracy_kp2500_seed789,789,10000,554,42,accuracy,100789,0.7894,4,0.6313320246696472,9.05405979603529,10,0.6313320246696472,valid,0.788366291836778,0.7916989384246997,0.7894,100789
RS,0.8032,43,43,random,CIFAR10,555,main_b1000_cifar10_alexnet_RS_kp25_seed789,0.25,0.7932,False,0.25,alexnet,0.25,CIFAR10_alexnet_RS_accuracy_kp2500_seed789,789,10000,555,42,accuracy,100789,0.7932,4,0.6234480345726013,9.006876312196255,10,0.6234480345726013,valid,0.7922285887965368,0.7950281695649859,0.7931999999999999,100789
RS,0.8032,43,43,random,CIFAR10,556,main_b1000_cifar10_alexnet_RS_kp25_seed789,0.25,0.7951,False,0.25,alexnet,0.25,CIFAR10_alexnet_RS_accuracy_kp2500_seed789,789,10000,556,42,accuracy,100789,0.7951,3,0.6097425547122955,9.072401911020279,10,0.6097425547122955,valid,0.7920076713869049,0.7955185390990525,0.7951,100789
RS,0.8032,43,43,random,CIFAR10,557,main_b1000_cifar10_alexnet_RS_kp25_seed789,0.25,0.7865,False,0.25,alexnet,0.25,CIFAR10_alexnet_RS_accuracy_kp2500_seed789,789,10000,557,42,accuracy,100789,0.7865,2,0.6269396097660065,9.050351418554783,10,0.6269396097660065,valid,0.7856671964423135,0.7898257654501806,0.7865,100789
RS,0.8032,43,43,random,CIFAR10,558,main_b1000_cifar10_alexnet_RS_kp25_seed789,0.25,0.7928,False,0.25,alexnet,0.25,CIFAR10_alexnet_RS_accuracy_kp2500_seed789,789,10000,558,42,accuracy,100789,0.7928,3,0.5932881017208099,9.053268820047379,10,0.5932881017208099,valid,0.7918584111759521,0.7947812621003388,0.7928000000000001,100789
RS,0.8032,43,43,random,CIFAR10,559,main_b1000_cifar10_alexnet_RS_kp25_seed789,0.25,0.7991,False,0.25,alexnet,0.25,CIFAR10_alexnet_RS_accuracy_kp2500_seed789,789,10000,559,42,accuracy,100789,0.7991,5,0.6217905590057373,9.010836705565453,10,0.6217905590057373,valid,0.7990459339825916,0.8019804576496702,0.7991,100789
RS,0.8032,43,43,random,CIFAR10,560,main_b1000_cifar10_alexnet_RS_kp25_seed789,0.25,0.7837,False,0.25,alexnet,0.25,CIFAR10_alexnet_RS_accuracy_kp2500_seed789,789,10000,560,42,accuracy,100789,0.7837,2,0.6274868821144104,9.021610535681248,10,0.6274868821144104,valid,0.7846329551376694,0.7973590240682426,0.7837,100789
RS,0.8032,43,43,random,CIFAR10,561,main_b1000_cifar10_alexnet_RS_kp25_seed789,0.25,0.7815,False,0.25,alexnet,0.25,CIFAR10_alexnet_RS_accuracy_kp2500_seed789,789,10000,561,42,accuracy,100789,0.7815,1,0.6211485087394715,9.00848987698555,10,0.6211485087394715,valid,0.7813342166128386,0.7852339272669779,0.7815000000000001,100789
RS,0.8032,43,43,random,CIFAR10,562,main_b1000_cifar10_alexnet_RS_kp25_seed789,0.25,0.789,False,0.25,alexnet,0.25,CIFAR10_alexnet_RS_accuracy_kp2500_seed789,789,10000,562,42,accuracy,100789,0.789,2,0.6040589958667755,9.027261212468147,10,0.6040589958667755,valid,0.7875218428171451,0.791671753009893,0.7889999999999999,100789
RS,0.8032,43,43,random,CIFAR10,563,main_b1000_cifar10_alexnet_RS_kp25_seed789,0.25,0.7956,False,0.25,alexnet,0.25,CIFAR10_alexnet_RS_accuracy_kp2500_seed789,789,10000,563,42,accuracy,100789,0.7956,2,0.5974034007549286,9.115682058036327,10,0.5974034007549286,valid,0.7954191012511769,0.7985745160733307,0.7956,100789
RS,0.8032,43,43,random,CIFAR10,564,main_b1000_cifar10_alexnet_RS_kp25_seed789,0.25,0.7966,False,0.25,alexnet,0.25,CIFAR10_alexnet_RS_accuracy_kp2500_seed789,789,10000,564,42,accuracy,100789,0.7966,4,0.6062212644100189,9.099115833640099,10,0.6062212644100189,valid,0.7966323906065684,0.7987193152428255,0.7966,100789
RS,0.8032,43,43,random,CIFAR10,565,main_b1000_cifar10_alexnet_RS_kp25_seed789,0.25,0.7954,False,0.25,alexnet,0.25,CIFAR10_alexnet_RS_accuracy_kp2500_seed789,789,10000,565,42,accuracy,100789,0.7954,5,0.6117599334716797,9.041677638888359,10,0.6117599334716797,valid,0.7956637097224222,0.7982968245778391,0.7954,100789
RS,0.8032,43,43,random,CIFAR10,566,main_b1000_cifar10_alexnet_RS_kp25_seed789,0.25,0.7878,False,0.25,alexnet,0.25,CIFAR10_alexnet_RS_accuracy_kp2500_seed789,789,10000,566,42,accuracy,100789,0.7878,3,0.6189171288967132,9.020397633314133,10,0.6189171288967132,valid,0.7860556840688045,0.789552679980572,0.7878000000000001,100789
RS,0.8032,43,43,random,CIFAR10,567,main_b1000_cifar10_alexnet_RS_kp25_seed789,0.25,0.7911,False,0.25,alexnet,0.25,CIFAR10_alexnet_RS_accuracy_kp2500_seed789,789,10000,567,42,accuracy,100789,0.7911,3,0.6092682705879211,8.998105630278587,10,0.6092682705879211,valid,0.7928301050154142,0.8005999138145821,0.7910999999999999,100789
RS,0.8032,43,43,random,CIFAR10,568,main_b1000_cifar10_alexnet_RS_kp25_seed789,0.25,0.7797,False,0.25,alexnet,0.25,CIFAR10_alexnet_RS_accuracy_kp2500_seed789,789,10000,568,42,accuracy,100789,0.7797,3,0.6424400108337402,8.991115637123585,10,0.6424400108337402,valid,0.7785551948939426,0.7889723953545895,0.7797,100789
RS,0.8032,43,43,random,CIFAR10,569,main_b1000_cifar10_alexnet_RS_kp25_seed789,0.25,0.7866,False,0.25,alexnet,0.25,CIFAR10_alexnet_RS_accuracy_kp2500_seed789,789,10000,569,42,accuracy,100789,0.7866,2,0.6243648373126983,9.069697842001915,10,0.6243648373126983,valid,0.786111005440309,0.7890859903085882,0.7866,100789
RS,0.8032,43,43,random,CIFAR10,570,main_b1000_cifar10_alexnet_RS_kp25_seed789,0.25,0.7912,False,0.25,alexnet,0.25,CIFAR10_alexnet_RS_accuracy_kp2500_seed789,789,10000,570,42,accuracy,100789,0.7912,2,0.6154066087722778,9.041811063885689,10,0.6154066087722778,valid,0.7914087045441868,0.7952301904600197,0.7912000000000001,100789
RS,0.8032,43,43,random,CIFAR10,571,main_b1000_cifar10_alexnet_RS_kp25_seed789,0.25,0.7884,False,0.25,alexnet,0.25,CIFAR10_alexnet_RS_accuracy_kp2500_seed789,789,10000,571,42,accuracy,100789,0.7884,2,0.6162615647792816,9.01721340417862,10,0.6162615647792816,valid,0.7890425775408627,0.7942379550603286,0.7884,100789
RS,0.8032,43,43,random,CIFAR10,572,main_b1000_cifar10_alexnet_RS_kp25_seed789,0.25,0.7924,False,0.25,alexnet,0.25,CIFAR10_alexnet_RS_accuracy_kp2500_seed789,789,10000,572,42,accuracy,100789,0.7924,4,0.6124984305858612,9.024947471916676,10,0.6124984305858612,valid,0.792737872349059,0.7953335096290497,0.7924,100789
RS,0.8032,43,43,random,CIFAR10,573,main_b1000_cifar10_alexnet_RS_kp25_seed789,0.25,0.7919,False,0.25,alexnet,0.25,CIFAR10_alexnet_RS_accuracy_kp2500_seed789,789,10000,573,42,accuracy,100789,0.7919,3,0.6157672272205352,8.99941548705101,10,0.6157672272205352,valid,0.7904577323757566,0.7953840230745072,0.7919,100789
RS,0.8032,43,43,random,CIFAR10,574,main_b1000_cifar10_alexnet_RS_kp25_seed789,0.25,0.7985,False,0.25,alexnet,0.25,CIFAR10_alexnet_RS_accuracy_kp2500_seed789,789,10000,574,42,accuracy,100789,0.7985,5,0.6133133295059204,8.992129921913147,10,0.6133133295059204,valid,0.7973283811817717,0.7989251725083839,0.7985,100789
RS,0.8032,43,43,random,CIFAR10,575,main_b1000_cifar10_alexnet_RS_kp25_seed789,0.25,0.7922,False,0.25,alexnet,0.25,CIFAR10_alexnet_RS_accuracy_kp2500_seed789,789,10000,575,42,accuracy,100789,0.7922,4,0.6223158675193786,9.121816970407963,10,0.6223158675193786,valid,0.7926293290086968,0.7948499048536144,0.7922,100789
RS,0.8032,43,43,random,CIFAR10,576,main_b1000_cifar10_alexnet_RS_kp25_seed789,0.25,0.7895,False,0.25,alexnet,0.25,CIFAR10_alexnet_RS_accuracy_kp2500_seed789,789,10000,576,42,accuracy,100789,0.7895,4,0.6243842723369598,9.066859520971775,10,0.6243842723369598,valid,0.789357047247399,0.7930465945410544,0.7895000000000001,100789
RS,0.8032,43,43,random,CIFAR10,577,main_b1000_cifar10_alexnet_RS_kp25_seed789,0.25,0.7854,False,0.25,alexnet,0.25,CIFAR10_alexnet_RS_accuracy_kp2500_seed789,789,10000,577,42,accuracy,100789,0.7854,2,0.6226523853302002,9.071381099522114,10,0.6226523853302002,valid,0.7856248696253673,0.7920117397122427,0.7854,100789
RS,0.8032,43,43,random,CIFAR10,578,main_b1000_cifar10_alexnet_RS_kp25_seed789,0.25,0.8002,False,0.25,alexnet,0.25,CIFAR10_alexnet_RS_accuracy_kp2500_seed789,789,10000,578,42,accuracy,100789,0.8002,4,0.6030674703121185,9.040359325706959,10,0.6030674703121185,valid,0.7997817552127013,0.8010352356767976,0.8001999999999999,100789
RS,0.8032,43,43,random,CIFAR10,579,main_b1000_cifar10_alexnet_RS_kp25_seed789,0.25,0.7956,False,0.25,alexnet,0.25,CIFAR10_alexnet_RS_accuracy_kp2500_seed789,789,10000,579,42,accuracy,100789,0.7956,2,0.5966203313827515,9.042140625417233,10,0.5966203313827515,valid,0.7956667152414552,0.797444206811438,0.7956,100789
RS,0.8032,43,43,random,CIFAR10,580,main_b1000_cifar10_alexnet_RS_kp25_seed789,0.25,0.7977,False,0.25,alexnet,0.25,CIFAR10_alexnet_RS_accuracy_kp2500_seed789,789,10000,580,42,accuracy,100789,0.7977,3,0.6000735316753387,9.039497084915638,10,0.6000735316753387,valid,0.797500762013711,0.8006174716828983,0.7977,100789
RS,0.8032,43,43,random,CIFAR10,581,main_b1000_cifar10_alexnet_RS_kp25_seed789,0.25,0.8,False,0.25,alexnet,0.25,CIFAR10_alexnet_RS_accuracy_kp2500_seed789,789,10000,581,42,accuracy,100789,0.8,5,0.609147909784317,9.064932003617287,10,0.609147909784317,valid,0.7996592309406898,0.8018588805348138,0.8,100789
RS,0.8032,43,43,random,CIFAR10,582,main_b1000_cifar10_alexnet_RS_kp25_seed789,0.25,0.7894,False,0.25,alexnet,0.25,CIFAR10_alexnet_RS_accuracy_kp2500_seed789,789,10000,582,42,accuracy,100789,0.7894,2,0.6081457956314087,9.119678184390068,10,0.6081457956314087,valid,0.7885264287659944,0.7926483180543991,0.7894000000000001,100789
RS,0.8032,43,43,random,CIFAR10,583,main_b1000_cifar10_alexnet_RS_kp25_seed789,0.25,0.7989,False,0.25,alexnet,0.25,CIFAR10_alexnet_RS_accuracy_kp2500_seed789,789,10000,583,42,accuracy,100789,0.7989,5,0.6162242743968963,9.06813894212246,10,0.6162242743968963,valid,0.7999864600851427,0.8031413003264065,0.7988999999999999,100789
RS,0.8032,43,43,random,CIFAR10,584,main_b1000_cifar10_alexnet_RS_kp25_seed789,0.25,0.7829,False,0.25,alexnet,0.25,CIFAR10_alexnet_RS_accuracy_kp2500_seed789,789,10000,584,42,accuracy,100789,0.7829,2,0.6282730360984802,9.105636239051819,10,0.6282730360984802,valid,0.7811512339767492,0.7865059242716101,0.7829,100789
RS,0.8032,43,43,random,CIFAR10,585,main_b1000_cifar10_alexnet_RS_kp25_seed789,0.25,0.7883,False,0.25,alexnet,0.25,CIFAR10_alexnet_RS_accuracy_kp2500_seed789,789,10000,585,42,accuracy,100789,0.7883,3,0.6160352189540863,9.019125752151012,10,0.6160352189540863,valid,0.7873144546397216,0.7927100632199908,0.7882999999999999,100789
RS,0.8032,43,43,random,CIFAR10,586,main_b1000_cifar10_alexnet_RS_kp25_seed789,0.25,0.7872,False,0.25,alexnet,0.25,CIFAR10_alexnet_RS_accuracy_kp2500_seed789,789,10000,586,42,accuracy,100789,0.7872,3,0.6362811744213104,9.054398864507675,10,0.6362811744213104,valid,0.786381967201006,0.7927047930259243,0.7872000000000001,100789
RS,0.8032,43,43,random,CIFAR10,587,main_b1000_cifar10_alexnet_RS_kp25_seed789,0.25,0.7888,False,0.25,alexnet,0.25,CIFAR10_alexnet_RS_accuracy_kp2500_seed789,789,10000,587,42,accuracy,100789,0.7888,2,0.6087614968776703,9.044525727629662,10,0.6087614968776703,valid,0.7882217837730439,0.7916978365210957,0.7888,100789
RS,0.8032,43,43,random,CIFAR10,588,main_b1000_cifar10_alexnet_RS_kp25_seed789,0.25,0.7922,False,0.25,alexnet,0.25,CIFAR10_alexnet_RS_accuracy_kp2500_seed789,789,10000,588,42,accuracy,100789,0.7922,3,0.6285501527786255,9.207086525857449,10,0.6285501527786255,valid,0.7917817225124749,0.7974700440575011,0.7922,100789
RS,0.8032,43,43,random,CIFAR10,589,main_b1000_cifar10_alexnet_RS_kp25_seed789,0.25,0.7871,False,0.25,alexnet,0.25,CIFAR10_alexnet_RS_accuracy_kp2500_seed789,789,10000,589,42,accuracy,100789,0.7871,2,0.6146383989334107,9.234065674245358,10,0.6146383989334107,valid,0.7868625400869503,0.7889631004740305,0.7870999999999999,100789
RS,0.8032,43,43,random,CIFAR10,590,main_b1000_cifar10_alexnet_RS_kp25_seed789,0.25,0.784,False,0.25,alexnet,0.25,CIFAR10_alexnet_RS_accuracy_kp2500_seed789,789,10000,590,42,accuracy,100789,0.784,2,0.6275214488983154,9.062528558075428,10,0.6275214488983154,valid,0.7854932056530759,0.794193458664566,0.784,100789
RS,0.8032,43,43,random,CIFAR10,591,main_b1000_cifar10_alexnet_RS_kp25_seed789,0.25,0.7911,False,0.25,alexnet,0.25,CIFAR10_alexnet_RS_accuracy_kp2500_seed789,789,10000,591,42,accuracy,100789,0.7911,3,0.6274971342086793,9.03295686095953,10,0.6274971342086793,valid,0.7899892801290616,0.793237036350639,0.7910999999999999,100789
RS,0.8032,43,43,random,CIFAR10,592,main_b1000_cifar10_alexnet_RS_kp25_seed789,0.25,0.7898,False,0.25,alexnet,0.25,CIFAR10_alexnet_RS_accuracy_kp2500_seed789,789,10000,592,42,accuracy,100789,0.7898,2,0.617425366306305,9.017197735607624,10,0.617425366306305,valid,0.7903928302994837,0.7944111820473465,0.7898000000000001,100789
RS,0.8032,43,43,random,CIFAR10,593,main_b1000_cifar10_alexnet_RS_kp25_seed789,0.25,0.7955,False,0.25,alexnet,0.25,CIFAR10_alexnet_RS_accuracy_kp2500_seed789,789,10000,593,42,accuracy,100789,0.7955,2,0.598098923254013,9.00590045005083,10,0.598098923254013,valid,0.7952568316797,0.7976327390069187,0.7955,100789
RS,0.8032,43,43,random,CIFAR10,594,main_b1000_cifar10_alexnet_RS_kp25_seed789,0.25,0.7903,False,0.25,alexnet,0.25,CIFAR10_alexnet_RS_accuracy_kp2500_seed789,789,10000,594,42,accuracy,100789,0.7903,2,0.6164633852481842,9.054414615035057,10,0.6164633852481842,valid,0.7896531444665742,0.7956952000603028,0.7903,100789
RS,0.8032,43,43,random,CIFAR10,595,main_b1000_cifar10_alexnet_RS_kp25_seed789,0.25,0.791,False,0.25,alexnet,0.25,CIFAR10_alexnet_RS_accuracy_kp2500_seed789,789,10000,595,42,accuracy,100789,0.791,3,0.6069088590621948,9.114769607782364,10,0.6069088590621948,valid,0.7914895756790988,0.796270441121839,0.791,100789
RS,0.8032,43,43,random,CIFAR10,596,main_b1000_cifar10_alexnet_RS_kp25_seed789,0.25,0.7923,False,0.25,alexnet,0.25,CIFAR10_alexnet_RS_accuracy_kp2500_seed789,789,10000,596,42,accuracy,100789,0.7923,2,0.6088414069652557,9.038227163255215,10,0.6088414069652557,valid,0.7924012334081609,0.796872317456071,0.7923000000000001,100789
RS,0.8032,43,43,random,CIFAR10,597,main_b1000_cifar10_alexnet_RS_kp25_seed789,0.25,0.7914,False,0.25,alexnet,0.25,CIFAR10_alexnet_RS_accuracy_kp2500_seed789,789,10000,597,42,accuracy,100789,0.7914,2,0.6068143270492554,9.056635521352291,10,0.6068143270492554,valid,0.7907796248947513,0.7924772828567537,0.7914,100789
RS,0.8032,43,43,random,CIFAR10,598,main_b1000_cifar10_alexnet_RS_kp25_seed789,0.25,0.7948,False,0.25,alexnet,0.25,CIFAR10_alexnet_RS_accuracy_kp2500_seed789,789,10000,598,42,accuracy,100789,0.7948,3,0.5997815638065338,9.018174208700657,10,0.5997815638065338,valid,0.7937920503459895,0.7950188509302161,0.7948,100789
RS,0.8032,43,43,random,CIFAR10,599,main_b1000_cifar10_alexnet_RS_kp25_seed789,0.25,0.7916,False,0.25,alexnet,0.25,CIFAR10_alexnet_RS_accuracy_kp2500_seed789,789,10000,599,42,accuracy,100789,0.7916,3,0.614833644747734,8.998281516134739,10,0.614833644747734,valid,0.7916466444980581,0.7958949344961123,0.7916,100789
RS,0.8032,43,43,random,CIFAR10,600,main_b1000_cifar10_alexnet_RS_kp25_seed789,0.25,0.797,False,0.25,alexnet,0.25,CIFAR10_alexnet_RS_accuracy_kp2500_seed789,789,10000,600,42,accuracy,100789,0.797,4,0.6031100667476654,9.05563036352396,10,0.6031100667476654,valid,0.7966044317073718,0.8011414217411519,0.797,100789
RS,0.8032,43,43,random,CIFAR10,601,main_b1000_cifar10_alexnet_RS_kp25_seed789,0.25,0.7861,False,0.25,alexnet,0.25,CIFAR10_alexnet_RS_accuracy_kp2500_seed789,789,10000,601,42,accuracy,100789,0.7861,2,0.6116238485336304,9.072753921151161,10,0.6116238485336304,valid,0.7842429834185419,0.7887353502773609,0.7861,100789
RS,0.8032,43,43,random,CIFAR10,602,main_b1000_cifar10_alexnet_RS_kp25_seed789,0.25,0.796,False,0.25,alexnet,0.25,CIFAR10_alexnet_RS_accuracy_kp2500_seed789,789,10000,602,42,accuracy,100789,0.796,4,0.6144474076271057,9.02697990089655,10,0.6144474076271057,valid,0.7956557588573251,0.7988181029600361,0.7959999999999999,100789
RS,0.8032,43,43,random,CIFAR10,603,main_b1000_cifar10_alexnet_RS_kp25_seed789,0.25,0.7933,False,0.25,alexnet,0.25,CIFAR10_alexnet_RS_accuracy_kp2500_seed789,789,10000,603,42,accuracy,100789,0.7933,5,0.6391122382640838,9.083256863057613,10,0.6391122382640838,valid,0.7955262492732583,0.8056366095611013,0.7933,100789
RS,0.8034,604,604,random,CIFAR10,604,main_b1000_cifar10_alexnet_RS_kp25_seed789,0.25,0.8034,True,0.25,alexnet,0.25,CIFAR10_alexnet_RS_accuracy_kp2500_seed789,789,10000,604,42,accuracy,100789,0.8034,5,0.6043609942436218,9.014750070869923,10,0.6043609942436218,valid,0.8035718367004764,0.8051820474919655,0.8033999999999999,100789
RS,0.8034,604,604,random,CIFAR10,605,main_b1000_cifar10_alexnet_RS_kp25_seed789,0.25,0.7874,False,0.25,alexnet,0.25,CIFAR10_alexnet_RS_accuracy_kp2500_seed789,789,10000,605,42,accuracy,100789,0.7874,2,0.619028004693985,8.983600988984108,10,0.619028004693985,valid,0.788012385243154,0.7932503797554891,0.7874000000000001,100789
RS,0.8034,604,604,random,CIFAR10,606,main_b1000_cifar10_alexnet_RS_kp25_seed789,0.25,0.7863,False,0.25,alexnet,0.25,CIFAR10_alexnet_RS_accuracy_kp2500_seed789,789,10000,606,42,accuracy,100789,0.7863,2,0.6175624136447907,9.05451563000679,10,0.6175624136447907,valid,0.7868474449901014,0.7922222047547389,0.7863,100789
RS,0.8034,604,604,random,CIFAR10,607,main_b1000_cifar10_alexnet_RS_kp25_seed789,0.25,0.7954,False,0.25,alexnet,0.25,CIFAR10_alexnet_RS_accuracy_kp2500_seed789,789,10000,607,42,accuracy,100789,0.7954,4,0.6143467512130737,9.111589789390564,10,0.6143467512130737,valid,0.7961324495197599,0.8009336122106413,0.7954000000000001,100789
RS,0.8034,604,604,random,CIFAR10,608,main_b1000_cifar10_alexnet_RS_kp25_seed789,0.25,0.7926,False,0.25,alexnet,0.25,CIFAR10_alexnet_RS_accuracy_kp2500_seed789,789,10000,608,42,accuracy,100789,0.7926,2,0.6086448783874512,9.057001292705536,10,0.6086448783874512,valid,0.7924517010976218,0.7951536430222053,0.7926,100789
RS,0.8034,604,604,random,CIFAR10,609,main_b1000_cifar10_alexnet_RS_kp25_seed789,0.25,0.7902,False,0.25,alexnet,0.25,CIFAR10_alexnet_RS_accuracy_kp2500_seed789,789,10000,609,42,accuracy,100789,0.7902,3,0.6124512145519256,9.048820868134499,10,0.6124512145519256,valid,0.7908398133016984,0.7954226776660536,0.7902000000000001,100789
RS,0.8034,604,604,random,CIFAR10,610,main_b1000_cifar10_alexnet_RS_kp25_seed789,0.25,0.7989,False,0.25,alexnet,0.25,CIFAR10_alexnet_RS_accuracy_kp2500_seed789,789,10000,610,42,accuracy,100789,0.7989,4,0.6048233286380768,9.059282034635544,10,0.6048233286380768,valid,0.7990530220576899,0.8040287982692795,0.7989,100789
RS,0.8034,604,604,random,CIFAR10,611,main_b1000_cifar10_alexnet_RS_kp25_seed789,0.25,0.7898,False,0.25,alexnet,0.25,CIFAR10_alexnet_RS_accuracy_kp2500_seed789,789,10000,611,42,accuracy,100789,0.7898,3,0.6280827935218811,9.023376926779747,10,0.6280827935218811,valid,0.790514490109878,0.795465785210265,0.7898,100789
RS,0.8034,604,604,random,CIFAR10,612,main_b1000_cifar10_alexnet_RS_kp25_seed789,0.25,0.7934,False,0.25,alexnet,0.25,CIFAR10_alexnet_RS_accuracy_kp2500_seed789,789,10000,612,42,accuracy,100789,0.7934,4,0.628029475069046,9.015181951224804,10,0.628029475069046,valid,0.7948570512690167,0.7995984354731014,0.7934,100789
RS,0.8034,604,604,random,CIFAR10,613,main_b1000_cifar10_alexnet_RS_kp25_seed789,0.25,0.7893,False,0.25,alexnet,0.25,CIFAR10_alexnet_RS_accuracy_kp2500_seed789,789,10000,613,42,accuracy,100789,0.7893,2,0.6047344191551208,9.110284313559532,10,0.6047344191551208,valid,0.790606520366053,0.7943564363777798,0.7893,100789
RS,0.8034,604,604,random,CIFAR10,614,main_b1000_cifar10_alexnet_RS_kp25_seed789,0.25,0.7951,False,0.25,alexnet,0.25,CIFAR10_alexnet_RS_accuracy_kp2500_seed789,789,10000,614,42,accuracy,100789,0.7951,3,0.6072307555675507,9.086795307695866,10,0.6072307555675507,valid,0.7953320611815355,0.7989439057117546,0.7950999999999999,100789
RS,0.8034,604,604,random,CIFAR10,615,main_b1000_cifar10_alexnet_RS_kp25_seed789,0.25,0.7927,False,0.25,alexnet,0.25,CIFAR10_alexnet_RS_accuracy_kp2500_seed789,789,10000,615,42,accuracy,100789,0.7927,5,0.6225324480533599,9.034663900732994,10,0.6225324480533599,valid,0.7925705291985136,0.794597817840164,0.7927,100789
RS,0.8034,604,604,random,CIFAR10,616,main_b1000_cifar10_alexnet_RS_kp25_seed789,0.25,0.7949,False,0.25,alexnet,0.25,CIFAR10_alexnet_RS_accuracy_kp2500_seed789,789,10000,616,42,accuracy,100789,0.7949,3,0.6069148144721985,9.082930691540241,10,0.6069148144721985,valid,0.7960803193271098,0.8012280054284384,0.7948999999999999,100789
RS,0.8034,604,604,random,CIFAR10,617,main_b1000_cifar10_alexnet_RS_kp25_seed789,0.25,0.7951,False,0.25,alexnet,0.25,CIFAR10_alexnet_RS_accuracy_kp2500_seed789,789,10000,617,42,accuracy,100789,0.7951,5,0.6188709300518036,9.008217044174671,10,0.6188709300518036,valid,0.7951798471044828,0.7966736466614397,0.7951,100789
RS,0.8034,604,604,random,CIFAR10,618,main_b1000_cifar10_alexnet_RS_kp25_seed789,0.25,0.7921,False,0.25,alexnet,0.25,CIFAR10_alexnet_RS_accuracy_kp2500_seed789,789,10000,618,42,accuracy,100789,0.7921,2,0.6000891740322113,8.997740313410759,10,0.6000891740322113,valid,0.793373891699823,0.7988296751803141,0.7921000000000001,100789
RS,0.8034,604,604,random,CIFAR10,619,main_b1000_cifar10_alexnet_RS_kp25_seed789,0.25,0.7934,False,0.25,alexnet,0.25,CIFAR10_alexnet_RS_accuracy_kp2500_seed789,789,10000,619,42,accuracy,100789,0.7934,2,0.6036497826099396,9.12419019639492,10,0.6036497826099396,valid,0.7938181719581032,0.7964944373936382,0.7933999999999999,100789
RS,0.8034,604,604,random,CIFAR10,620,main_b1000_cifar10_alexnet_RS_kp25_seed789,0.25,0.7922,False,0.25,alexnet,0.25,CIFAR10_alexnet_RS_accuracy_kp2500_seed789,789,10000,620,42,accuracy,100789,0.7922,2,0.6120762653827667,9.088017955422401,10,0.6120762653827667,valid,0.7918743735627035,0.7951706798769885,0.7922,100789
RS,0.8034,604,604,random,CIFAR10,621,main_b1000_cifar10_alexnet_RS_kp25_seed789,0.25,0.795,False,0.25,alexnet,0.25,CIFAR10_alexnet_RS_accuracy_kp2500_seed789,789,10000,621,42,accuracy,100789,0.795,3,0.6063284705638885,9.027300022542477,10,0.6063284705638885,valid,0.7944561064899713,0.7972009355050634,0.795,100789
RS,0.8034,604,604,random,CIFAR10,622,main_b1000_cifar10_alexnet_RS_kp25_seed789,0.25,0.7892,False,0.25,alexnet,0.25,CIFAR10_alexnet_RS_accuracy_kp2500_seed789,789,10000,622,42,accuracy,100789,0.7892,2,0.6040640649318695,9.042629994452,10,0.6040640649318695,valid,0.7876926414191348,0.7897218407431932,0.7891999999999999,100789
RS,0.8034,604,604,random,CIFAR10,623,main_b1000_cifar10_alexnet_RS_kp25_seed789,0.25,0.7764,False,0.25,alexnet,0.25,CIFAR10_alexnet_RS_accuracy_kp2500_seed789,789,10000,623,42,accuracy,100789,0.7764,1,0.633599831867218,9.048991121351719,10,0.633599831867218,valid,0.776803340983427,0.7843010668624852,0.7764,100789
RS,0.8034,604,604,random,CIFAR10,624,main_b1000_cifar10_alexnet_RS_kp25_seed789,0.25,0.7866,False,0.25,alexnet,0.25,CIFAR10_alexnet_RS_accuracy_kp2500_seed789,789,10000,624,42,accuracy,100789,0.7866,2,0.6208370079994202,9.000360779464245,10,0.6208370079994202,valid,0.7868929003841242,0.8000749359469325,0.7866000000000001,100789
RS,0.8034,604,604,random,CIFAR10,625,main_b1000_cifar10_alexnet_RS_kp25_seed789,0.25,0.7928,False,0.25,alexnet,0.25,CIFAR10_alexnet_RS_accuracy_kp2500_seed789,789,10000,625,42,accuracy,100789,0.7928,3,0.6037837683677674,9.09632234275341,10,0.6037837683677674,valid,0.7910942954273986,0.7927933970251162,0.7928000000000001,100789
RS,0.8034,604,604,random,CIFAR10,626,main_b1000_cifar10_alexnet_RS_kp25_seed789,0.25,0.7928,False,0.25,alexnet,0.25,CIFAR10_alexnet_RS_accuracy_kp2500_seed789,789,10000,626,42,accuracy,100789,0.7928,2,0.6054969640731811,9.10325039178133,10,0.6054969640731811,valid,0.7919545579264099,0.7947144265037877,0.7928,100789
RS,0.8034,604,604,random,CIFAR10,627,main_b1000_cifar10_alexnet_RS_kp25_seed789,0.25,0.7866,False,0.25,alexnet,0.25,CIFAR10_alexnet_RS_accuracy_kp2500_seed789,789,10000,627,42,accuracy,100789,0.7866,2,0.6155034745693206,9.017373979091644,10,0.6155034745693206,valid,0.7869781228653688,0.7940760924777435,0.7866,100789
RS,0.8034,604,604,random,CIFAR10,628,main_b1000_cifar10_alexnet_RS_kp25_seed789,0.25,0.7988,False,0.25,alexnet,0.25,CIFAR10_alexnet_RS_accuracy_kp2500_seed789,789,10000,628,42,accuracy,100789,0.7988,4,0.6030362281799316,9.045069828629494,10,0.6030362281799316,valid,0.7986807435321019,0.8008031934122097,0.7988,100789
RS,0.8034,604,604,random,CIFAR10,629,main_b1000_cifar10_alexnet_RS_kp25_seed789,0.25,0.7882,False,0.25,alexnet,0.25,CIFAR10_alexnet_RS_accuracy_kp2500_seed789,789,10000,629,42,accuracy,100789,0.7882,3,0.6167515564918518,9.048490785062313,10,0.6167515564918518,valid,0.788887086110839,0.800155902162612,0.7882,100789
RS,0.8034,604,604,random,CIFAR10,630,main_b1000_cifar10_alexnet_RS_kp25_seed789,0.25,0.7944,False,0.25,alexnet,0.25,CIFAR10_alexnet_RS_accuracy_kp2500_seed789,789,10000,630,42,accuracy,100789,0.7944,4,0.6144065165519714,9.010426573455334,10,0.6144065165519714,valid,0.7945407097967327,0.7975203374136248,0.7944,100789
RS,0.8034,604,604,random,CIFAR10,631,main_b1000_cifar10_alexnet_RS_kp25_seed789,0.25,0.787,False,0.25,alexnet,0.25,CIFAR10_alexnet_RS_accuracy_kp2500_seed789,789,10000,631,42,accuracy,100789,0.787,3,0.6269654208183288,9.057016506791115,10,0.6269654208183288,valid,0.7880719163071512,0.794738622250276,0.7869999999999999,100789
RS,0.8034,604,604,random,CIFAR10,632,main_b1000_cifar10_alexnet_RS_kp25_seed789,0.25,0.795,False,0.25,alexnet,0.25,CIFAR10_alexnet_RS_accuracy_kp2500_seed789,789,10000,632,42,accuracy,100789,0.795,4,0.6239642148494721,9.10808239877224,10,0.6239642148494721,valid,0.7966233696957942,0.8034482560561408,0.7950000000000002,100789
RS,0.8034,604,604,random,CIFAR10,633,main_b1000_cifar10_alexnet_RS_kp25_seed789,0.25,0.7966,False,0.25,alexnet,0.25,CIFAR10_alexnet_RS_accuracy_kp2500_seed789,789,10000,633,42,accuracy,100789,0.7966,3,0.6036300488471985,9.022398851811886,10,0.6036300488471985,valid,0.7964878126325774,0.7987841952962779,0.7966,100789
RS,0.8034,604,604,random,CIFAR10,634,main_b1000_cifar10_alexnet_RS_kp25_seed789,0.25,0.7985,False,0.25,alexnet,0.25,CIFAR10_alexnet_RS_accuracy_kp2500_seed789,789,10000,634,42,accuracy,100789,0.7985,4,0.6164924338340759,9.00751979649067,10,0.6164924338340759,valid,0.79907396454992,0.8051579751858855,0.7985,100789
RS,0.8034,604,604,random,CIFAR10,635,main_b1000_cifar10_alexnet_RS_kp25_seed789,0.25,0.7938,False,0.25,alexnet,0.25,CIFAR10_alexnet_RS_accuracy_kp2500_seed789,789,10000,635,42,accuracy,100789,0.7938,2,0.612177856349945,9.033863253891468,10,0.612177856349945,valid,0.7941069347208851,0.7990958152091093,0.7938000000000001,100789
RS,0.8034,604,604,random,CIFAR10,636,main_b1000_cifar10_alexnet_RS_kp25_seed789,0.25,0.7931,False,0.25,alexnet,0.25,CIFAR10_alexnet_RS_accuracy_kp2500_seed789,789,10000,636,42,accuracy,100789,0.7931,4,0.6154510459899902,9.03039451688528,10,0.6154510459899902,valid,0.793461724368459,0.796184438580078,0.7931,100789
RS,0.8034,604,604,random,CIFAR10,637,main_b1000_cifar10_alexnet_RS_kp25_seed789,0.25,0.7871,False,0.25,alexnet,0.25,CIFAR10_alexnet_RS_accuracy_kp2500_seed789,789,10000,637,42,accuracy,100789,0.7871,2,0.6147145698547364,9.026872374117374,10,0.6147145698547364,valid,0.785359751427489,0.7909300576946081,0.7871,100789
RS,0.8034,604,604,random,CIFAR10,638,main_b1000_cifar10_alexnet_RS_kp25_seed789,0.25,0.7937,False,0.25,alexnet,0.25,CIFAR10_alexnet_RS_accuracy_kp2500_seed789,789,10000,638,42,accuracy,100789,0.7937,3,0.6141072372436523,9.097792841494083,10,0.6141072372436523,valid,0.7926908993995413,0.795249109992378,0.7937,100789
RS,0.8034,604,604,random,CIFAR10,639,main_b1000_cifar10_alexnet_RS_kp25_seed789,0.25,0.7837,False,0.25,alexnet,0.25,CIFAR10_alexnet_RS_accuracy_kp2500_seed789,789,10000,639,42,accuracy,100789,0.7837,3,0.6398290085792542,9.049460358917713,10,0.6398290085792542,valid,0.7845102019065544,0.7897312708977295,0.7837000000000001,100789
RS,0.8034,604,604,random,CIFAR10,640,main_b1000_cifar10_alexnet_RS_kp25_seed789,0.25,0.7917,False,0.25,alexnet,0.25,CIFAR10_alexnet_RS_accuracy_kp2500_seed789,789,10000,640,42,accuracy,100789,0.7917,2,0.6154061010360717,9.004126287996769,10,0.6154061010360717,valid,0.7922772056772269,0.7950045671080327,0.7917,100789
RS,0.8034,604,604,random,CIFAR10,641,main_b1000_cifar10_alexnet_RS_kp25_seed789,0.25,0.7957,False,0.25,alexnet,0.25,CIFAR10_alexnet_RS_accuracy_kp2500_seed789,789,10000,641,42,accuracy,100789,0.7957,2,0.6075468050003052,9.010457895696163,10,0.6075468050003052,valid,0.7964035859384456,0.8038954273986029,0.7957,100789
RS,0.8034,604,604,random,CIFAR10,642,main_b1000_cifar10_alexnet_RS_kp25_seed789,0.25,0.7881,False,0.25,alexnet,0.25,CIFAR10_alexnet_RS_accuracy_kp2500_seed789,789,10000,642,42,accuracy,100789,0.7881,2,0.6180790227413178,9.033529587090015,10,0.6180790227413178,valid,0.7885688042943515,0.7936171301782025,0.7880999999999998,100789
RS,0.8034,604,604,random,CIFAR10,643,main_b1000_cifar10_alexnet_RS_kp25_seed789,0.25,0.789,False,0.25,alexnet,0.25,CIFAR10_alexnet_RS_accuracy_kp2500_seed789,789,10000,643,42,accuracy,100789,0.789,2,0.6134350283145904,9.037598267197609,10,0.6134350283145904,valid,0.7898973590750931,0.7943524425272387,0.7889999999999999,100789
RS,0.8034,604,604,random,CIFAR10,644,main_b1000_cifar10_alexnet_RS_kp25_seed789,0.25,0.788,False,0.25,alexnet,0.25,CIFAR10_alexnet_RS_accuracy_kp2500_seed789,789,10000,644,42,accuracy,100789,0.788,3,0.6143783267974854,9.072466783225536,10,0.6143783267974854,valid,0.7882541469804163,0.7922467336817093,0.788,100789
RS,0.8034,604,604,random,CIFAR10,645,main_b1000_cifar10_alexnet_RS_kp25_seed789,0.25,0.7852,False,0.25,alexnet,0.25,CIFAR10_alexnet_RS_accuracy_kp2500_seed789,789,10000,645,42,accuracy,100789,0.7852,2,0.623886836385727,9.093924090266228,10,0.623886836385727,valid,0.7852197546678868,0.7908747122190929,0.7852000000000001,100789
RS,0.8034,604,604,random,CIFAR10,646,main_b1000_cifar10_alexnet_RS_kp25_seed789,0.25,0.787,False,0.25,alexnet,0.25,CIFAR10_alexnet_RS_accuracy_kp2500_seed789,789,10000,646,42,accuracy,100789,0.787,2,0.6274207853317261,9.027451932430267,10,0.6274207853317261,valid,0.7890531778668213,0.801908729964719,0.787,100789
RS,0.8034,604,604,random,CIFAR10,647,main_b1000_cifar10_alexnet_RS_kp25_seed789,0.25,0.7864,False,0.25,alexnet,0.25,CIFAR10_alexnet_RS_accuracy_kp2500_seed789,789,10000,647,42,accuracy,100789,0.7864,2,0.6185570482254028,9.076508551836014,10,0.6185570482254028,valid,0.7866287871595663,0.7916504243519146,0.7863999999999999,100789
RS,0.8034,604,604,random,CIFAR10,648,main_b1000_cifar10_alexnet_RS_kp25_seed789,0.25,0.7983,False,0.25,alexnet,0.25,CIFAR10_alexnet_RS_accuracy_kp2500_seed789,789,10000,648,42,accuracy,100789,0.7983,4,0.6165611068248749,9.041918367147446,10,0.6165611068248749,valid,0.7984337402081919,0.8015798645970053,0.7983,100789
RS,0.8034,604,604,random,CIFAR10,649,main_b1000_cifar10_alexnet_RS_kp25_seed789,0.25,0.7878,False,0.25,alexnet,0.25,CIFAR10_alexnet_RS_accuracy_kp2500_seed789,789,10000,649,42,accuracy,100789,0.7878,2,0.6119773181915283,9.02785836905241,10,0.6119773181915283,valid,0.7883921909164545,0.7918397252158219,0.7878000000000001,100789
RS,0.8034,604,604,random,CIFAR10,650,main_b1000_cifar10_alexnet_RS_kp25_seed789,0.25,0.7967,False,0.25,alexnet,0.25,CIFAR10_alexnet_RS_accuracy_kp2500_seed789,789,10000,650,42,accuracy,100789,0.7967,4,0.6097474368572235,9.067276030778885,10,0.6097474368572235,valid,0.7965236170363575,0.8004012842860107,0.7967000000000001,100789
RS,0.8034,604,604,random,CIFAR10,651,main_b1000_cifar10_alexnet_RS_kp25_seed789,0.25,0.7968,False,0.25,alexnet,0.25,CIFAR10_alexnet_RS_accuracy_kp2500_seed789,789,10000,651,42,accuracy,100789,0.7968,3,0.6026271424770355,9.136088609695435,10,0.6026271424770355,valid,0.7966660102554346,0.8011413135314968,0.7968000000000001,100789
RS,0.8034,604,604,random,CIFAR10,652,main_b1000_cifar10_alexnet_RS_kp25_seed789,0.25,0.7965,False,0.25,alexnet,0.25,CIFAR10_alexnet_RS_accuracy_kp2500_seed789,789,10000,652,42,accuracy,100789,0.7965,4,0.609464236330986,9.059773854911327,10,0.609464236330986,valid,0.7967048396258605,0.7993592450627269,0.7965000000000001,100789
RS,0.8034,604,604,random,CIFAR10,653,main_b1000_cifar10_alexnet_RS_kp25_seed789,0.25,0.7888,False,0.25,alexnet,0.25,CIFAR10_alexnet_RS_accuracy_kp2500_seed789,789,10000,653,42,accuracy,100789,0.7888,2,0.6071355823040009,9.05913956463337,10,0.6071355823040009,valid,0.7886619178639668,0.7938631879826028,0.7888,100789
RS,0.8034,604,604,random,CIFAR10,654,main_b1000_cifar10_alexnet_RS_kp25_seed789,0.25,0.788,False,0.25,alexnet,0.25,CIFAR10_alexnet_RS_accuracy_kp2500_seed789,789,10000,654,42,accuracy,100789,0.788,3,0.6185994640350342,9.054197296500206,10,0.6185994640350342,valid,0.7883100262890841,0.7948712828127279,0.788,100789
RS,0.8034,604,604,random,CIFAR10,655,main_b1000_cifar10_alexnet_RS_kp25_seed789,0.25,0.7891,False,0.25,alexnet,0.25,CIFAR10_alexnet_RS_accuracy_kp2500_seed789,789,10000,655,42,accuracy,100789,0.7891,2,0.6141995457172393,9.069977067410946,10,0.6141995457172393,valid,0.7892834665810836,0.7933743524421663,0.7891,100789
RS,0.8034,604,604,random,CIFAR10,656,main_b1000_cifar10_alexnet_RS_kp25_seed789,0.25,0.7892,False,0.25,alexnet,0.25,CIFAR10_alexnet_RS_accuracy_kp2500_seed789,789,10000,656,42,accuracy,100789,0.7892,2,0.5999715250492096,9.06096637248993,10,0.5999715250492096,valid,0.7902674254335339,0.7954203817616345,0.7891999999999999,100789
RS,0.8034,604,604,random,CIFAR10,657,main_b1000_cifar10_alexnet_RS_kp25_seed789,0.25,0.7962,False,0.25,alexnet,0.25,CIFAR10_alexnet_RS_accuracy_kp2500_seed789,789,10000,657,42,accuracy,100789,0.7962,3,0.597502857708931,9.128396525979042,10,0.597502857708931,valid,0.7958046618343906,0.7963922099739706,0.7962,100789
RS,0.8034,604,604,random,CIFAR10,658,main_b1000_cifar10_alexnet_RS_kp25_seed789,0.25,0.7967,False,0.25,alexnet,0.25,CIFAR10_alexnet_RS_accuracy_kp2500_seed789,789,10000,658,42,accuracy,100789,0.7967,3,0.6121871812820434,9.038162276148796,10,0.6121871812820434,valid,0.7970667818758315,0.8003692412115185,0.7967000000000001,100789
RS,0.8034,604,604,random,CIFAR10,659,main_b1000_cifar10_alexnet_RS_kp25_seed789,0.25,0.8015,False,0.25,alexnet,0.25,CIFAR10_alexnet_RS_accuracy_kp2500_seed789,789,10000,659,42,accuracy,100789,0.8015,5,0.6060191390275955,9.039349362254143,10,0.6060191390275955,valid,0.8019795459266961,0.8043962887822718,0.8015000000000001,100789
RS,0.8034,604,604,random,CIFAR10,660,main_b1000_cifar10_alexnet_RS_kp25_seed789,0.25,0.7962,False,0.25,alexnet,0.25,CIFAR10_alexnet_RS_accuracy_kp2500_seed789,789,10000,660,42,accuracy,100789,0.7962,3,0.5975792963027954,9.015761025249958,10,0.5975792963027954,valid,0.7957501620058653,0.7970186041034802,0.7962,100789
RS,0.8034,604,604,random,CIFAR10,661,main_b1000_cifar10_alexnet_RS_kp25_seed789,0.25,0.7834,False,0.25,alexnet,0.25,CIFAR10_alexnet_RS_accuracy_kp2500_seed789,789,10000,661,42,accuracy,100789,0.7834,1,0.6142410278320313,8.98380783945322,10,0.6142410278320313,valid,0.7835984091227963,0.7857175690511283,0.7834000000000001,100789
RS,0.8034,604,604,random,CIFAR10,662,main_b1000_cifar10_alexnet_RS_kp25_seed789,0.25,0.7911,False,0.25,alexnet,0.25,CIFAR10_alexnet_RS_accuracy_kp2500_seed789,789,10000,662,42,accuracy,100789,0.7911,2,0.5901860442161561,8.997453272342682,10,0.5901860442161561,valid,0.7913881212541558,0.7965704397884883,0.7911,100789
RS,0.8034,604,604,random,CIFAR10,663,main_b1000_cifar10_alexnet_RS_kp25_seed789,0.25,0.789,False,0.25,alexnet,0.25,CIFAR10_alexnet_RS_accuracy_kp2500_seed789,789,10000,663,42,accuracy,100789,0.789,2,0.6167053705692291,9.173852816224098,10,0.6167053705692291,valid,0.7895755939268827,0.7955374528855597,0.789,100789
RS,0.8034,604,604,random,CIFAR10,664,main_b1000_cifar10_alexnet_RS_kp25_seed789,0.25,0.79,False,0.25,alexnet,0.25,CIFAR10_alexnet_RS_accuracy_kp2500_seed789,789,10000,664,42,accuracy,100789,0.79,3,0.6235914094924927,9.159738935530186,10,0.6235914094924927,valid,0.7891613632187229,0.7923182689916622,0.7899999999999999,100789
RS,0.8034,604,604,random,CIFAR10,665,main_b1000_cifar10_alexnet_RS_kp25_seed789,0.25,0.7967,False,0.25,alexnet,0.25,CIFAR10_alexnet_RS_accuracy_kp2500_seed789,789,10000,665,42,accuracy,100789,0.7967,4,0.611218548297882,9.038783997297287,10,0.611218548297882,valid,0.7960091208439934,0.7974520633941486,0.7967000000000001,100789
RS,0.8034,604,604,random,CIFAR10,666,main_b1000_cifar10_alexnet_RS_kp25_seed789,0.25,0.7906,False,0.25,alexnet,0.25,CIFAR10_alexnet_RS_accuracy_kp2500_seed789,789,10000,666,42,accuracy,100789,0.7906,4,0.6234056878089905,9.039893113076687,10,0.6234056878089905,valid,0.7909267759884127,0.7961908540120974,0.7906,100789
RS,0.8034,604,604,random,CIFAR10,667,main_b1000_cifar10_alexnet_RS_kp25_seed789,0.25,0.7745,False,0.25,alexnet,0.25,CIFAR10_alexnet_RS_accuracy_kp2500_seed789,789,10000,667,42,accuracy,100789,0.7745,1,0.632885275220871,9.047584272921085,10,0.632885275220871,valid,0.7743762969920733,0.7776043972969113,0.7745,100789
RS,0.8034,604,604,random,CIFAR10,668,main_b1000_cifar10_alexnet_RS_kp25_seed789,0.25,0.7905,False,0.25,alexnet,0.25,CIFAR10_alexnet_RS_accuracy_kp2500_seed789,789,10000,668,42,accuracy,100789,0.7905,4,0.6215043229103089,9.060284838080406,10,0.6215043229103089,valid,0.7918075279090286,0.8027032246020349,0.7905,100789
RS,0.8034,604,604,random,CIFAR10,669,main_b1000_cifar10_alexnet_RS_kp25_seed789,0.25,0.7884,False,0.25,alexnet,0.25,CIFAR10_alexnet_RS_accuracy_kp2500_seed789,789,10000,669,42,accuracy,100789,0.7884,2,0.6052914914131164,9.067288346588612,10,0.6052914914131164,valid,0.7877720214761206,0.7897884076571366,0.7884,100789
RS,0.8034,604,604,random,CIFAR10,670,main_b1000_cifar10_alexnet_RS_kp25_seed789,0.25,0.7878,False,0.25,alexnet,0.25,CIFAR10_alexnet_RS_accuracy_kp2500_seed789,789,10000,670,42,accuracy,100789,0.7878,3,0.613147244310379,9.120764084160328,10,0.613147244310379,valid,0.7862443186292933,0.789461495503699,0.7878000000000001,100789
RS,0.8034,604,604,random,CIFAR10,671,main_b1000_cifar10_alexnet_RS_kp25_seed789,0.25,0.7919,False,0.25,alexnet,0.25,CIFAR10_alexnet_RS_accuracy_kp2500_seed789,789,10000,671,42,accuracy,100789,0.7919,3,0.6063558848381042,9.060096375644207,10,0.6063558848381042,valid,0.7921225274875715,0.7947352327643914,0.7918999999999999,100789
RS,0.8034,604,604,random,CIFAR10,672,main_b1000_cifar10_alexnet_RS_kp25_seed789,0.25,0.7936,False,0.25,alexnet,0.25,CIFAR10_alexnet_RS_accuracy_kp2500_seed789,789,10000,672,42,accuracy,100789,0.7936,3,0.6040017483711243,9.04922515898943,10,0.6040017483711243,valid,0.7939019803663885,0.7967419937522373,0.7936,100789
RS,0.8045,673,673,random,CIFAR10,673,main_b1000_cifar10_alexnet_RS_kp25_seed789,0.25,0.8045,True,0.25,alexnet,0.25,CIFAR10_alexnet_RS_accuracy_kp2500_seed789,789,10000,673,42,accuracy,100789,0.8045,4,0.5878095096826553,9.02701149880886,10,0.5878095096826553,valid,0.8050278679623659,0.8079709312691987,0.8045,100789
RS,0.8045,673,673,random,CIFAR10,674,main_b1000_cifar10_alexnet_RS_kp25_seed789,0.25,0.7952,False,0.25,alexnet,0.25,CIFAR10_alexnet_RS_accuracy_kp2500_seed789,789,10000,674,42,accuracy,100789,0.7952,3,0.6073687116146088,9.017642728984356,10,0.6073687116146088,valid,0.7962610399088098,0.8000179061950646,0.7952,100789
RS,0.8045,673,673,random,CIFAR10,675,main_b1000_cifar10_alexnet_RS_kp25_seed789,0.25,0.7804,False,0.25,alexnet,0.25,CIFAR10_alexnet_RS_accuracy_kp2500_seed789,789,10000,675,42,accuracy,100789,0.7804,1,0.6265879621982574,9.062263987958431,10,0.6265879621982574,valid,0.78002318357528,0.7854393624502802,0.7804,100789
RS,0.8045,673,673,random,CIFAR10,676,main_b1000_cifar10_alexnet_RS_kp25_seed789,0.25,0.7954,False,0.25,alexnet,0.25,CIFAR10_alexnet_RS_accuracy_kp2500_seed789,789,10000,676,42,accuracy,100789,0.7954,5,0.6233528149604798,9.047715939581394,10,0.6233528149604798,valid,0.7946690209240594,0.7963303361932405,0.7954,100789
RS,0.8045,673,673,random,CIFAR10,677,main_b1000_cifar10_alexnet_RS_kp25_seed789,0.25,0.7945,False,0.25,alexnet,0.25,CIFAR10_alexnet_RS_accuracy_kp2500_seed789,789,10000,677,42,accuracy,100789,0.7945,5,0.6287841142177581,9.129450432956219,10,0.6287841142177581,valid,0.7954683100353203,0.7999174676619767,0.7945,100789
RS,0.8045,673,673,random,CIFAR10,678,main_b1000_cifar10_alexnet_RS_kp25_seed789,0.25,0.7847,False,0.25,alexnet,0.25,CIFAR10_alexnet_RS_accuracy_kp2500_seed789,789,10000,678,42,accuracy,100789,0.7847,3,0.6210226263046265,9.042615093290806,10,0.6210226263046265,valid,0.7860383715952552,0.7941359311365046,0.7847,100789
RS,0.8045,673,673,random,CIFAR10,679,main_b1000_cifar10_alexnet_RS_kp25_seed789,0.25,0.7936,False,0.25,alexnet,0.25,CIFAR10_alexnet_RS_accuracy_kp2500_seed789,789,10000,679,42,accuracy,100789,0.7936,4,0.6106444528102875,9.034466497600079,10,0.6106444528102875,valid,0.7939288095691228,0.7998079608482194,0.7936,100789
RS,0.8045,673,673,random,CIFAR10,680,main_b1000_cifar10_alexnet_RS_kp25_seed789,0.25,0.7897,False,0.25,alexnet,0.25,CIFAR10_alexnet_RS_accuracy_kp2500_seed789,789,10000,680,42,accuracy,100789,0.7897,4,0.6273329645633697,9.004973374307156,10,0.6273329645633697,valid,0.7876353277533654,0.7934992326319739,0.7897000000000001,100789
RS,0.8045,673,673,random,CIFAR10,681,main_b1000_cifar10_alexnet_RS_kp25_seed789,0.25,0.7943,False,0.25,alexnet,0.25,CIFAR10_alexnet_RS_accuracy_kp2500_seed789,789,10000,681,42,accuracy,100789,0.7943,3,0.6039202156543731,9.029563315212727,10,0.6039202156543731,valid,0.7941402493386351,0.7960567164547642,0.7943,100789
RS,0.8045,673,673,random,CIFAR10,682,main_b1000_cifar10_alexnet_RS_kp25_seed789,0.25,0.7825,False,0.25,alexnet,0.25,CIFAR10_alexnet_RS_accuracy_kp2500_seed789,789,10000,682,42,accuracy,100789,0.7825,2,0.6255916841983795,9.08500687032938,10,0.6255916841983795,valid,0.7846113128459647,0.7976635661063111,0.7825,100789
RS,0.8045,673,673,random,CIFAR10,683,main_b1000_cifar10_alexnet_RS_kp25_seed789,0.25,0.7957,False,0.25,alexnet,0.25,CIFAR10_alexnet_RS_accuracy_kp2500_seed789,789,10000,683,42,accuracy,100789,0.7957,3,0.6042241383552551,9.121994003653526,10,0.6042241383552551,valid,0.7957674746015757,0.7981058621839972,0.7957,100789
RS,0.8045,673,673,random,CIFAR10,684,main_b1000_cifar10_alexnet_RS_kp25_seed789,0.25,0.7967,False,0.25,alexnet,0.25,CIFAR10_alexnet_RS_accuracy_kp2500_seed789,789,10000,684,42,accuracy,100789,0.7967,4,0.6041525720119476,9.050829842686653,10,0.6041525720119476,valid,0.7964572198688454,0.798824519829467,0.7967,100789
RS,0.8045,673,673,random,CIFAR10,685,main_b1000_cifar10_alexnet_RS_kp25_seed789,0.25,0.7916,False,0.25,alexnet,0.25,CIFAR10_alexnet_RS_accuracy_kp2500_seed789,789,10000,685,42,accuracy,100789,0.7916,4,0.6250848528385162,9.047742575407028,10,0.6250848528385162,valid,0.7922209770514735,0.7986267597645934,0.7916000000000001,100789
RS,0.8045,673,673,random,CIFAR10,686,main_b1000_cifar10_alexnet_RS_kp25_seed789,0.25,0.7935,False,0.25,alexnet,0.25,CIFAR10_alexnet_RS_accuracy_kp2500_seed789,789,10000,686,42,accuracy,100789,0.7935,2,0.6034623106956482,9.066422589123249,10,0.6034623106956482,valid,0.7928779440230463,0.7949854968884172,0.7935000000000001,100789
RS,0.8045,673,673,random,CIFAR10,687,main_b1000_cifar10_alexnet_RS_kp25_seed789,0.25,0.7898,False,0.25,alexnet,0.25,CIFAR10_alexnet_RS_accuracy_kp2500_seed789,789,10000,687,42,accuracy,100789,0.7898,3,0.6249552469730377,9.035657659173012,10,0.6249552469730377,valid,0.7892007225560297,0.795597069129859,0.7898000000000001,100789
RS,0.8045,673,673,random,CIFAR10,688,main_b1000_cifar10_alexnet_RS_kp25_seed789,0.25,0.7952,False,0.25,alexnet,0.25,CIFAR10_alexnet_RS_accuracy_kp2500_seed789,789,10000,688,42,accuracy,100789,0.7952,4,0.6086880400180816,9.025364249944687,10,0.6086880400180816,valid,0.7951194328707274,0.7957196823440824,0.7952,100789
RS,0.8045,673,673,random,CIFAR10,689,main_b1000_cifar10_alexnet_RS_kp25_seed789,0.25,0.7919,False,0.25,alexnet,0.25,CIFAR10_alexnet_RS_accuracy_kp2500_seed789,789,10000,689,42,accuracy,100789,0.7919,2,0.5928526749134063,9.039239816367626,10,0.5928526749134063,valid,0.7918191816209311,0.7946476435315422,0.7918999999999999,100789
RS,0.8045,673,673,random,CIFAR10,690,main_b1000_cifar10_alexnet_RS_kp25_seed789,0.25,0.7943,False,0.25,alexnet,0.25,CIFAR10_alexnet_RS_accuracy_kp2500_seed789,789,10000,690,42,accuracy,100789,0.7943,3,0.6012037336349487,9.101226642727852,10,0.6012037336349487,valid,0.7940243851268641,0.7956991771346843,0.7943,100789
RS,0.8045,673,673,random,CIFAR10,691,main_b1000_cifar10_alexnet_RS_kp25_seed789,0.25,0.7855,False,0.25,alexnet,0.25,CIFAR10_alexnet_RS_accuracy_kp2500_seed789,789,10000,691,42,accuracy,100789,0.7855,3,0.6264930944919587,9.042124263942242,10,0.6264930944919587,valid,0.7849897493702663,0.7912687110873865,0.7855,100789
RS,0.8045,673,673,random,CIFAR10,692,main_b1000_cifar10_alexnet_RS_kp25_seed789,0.25,0.7901,False,0.25,alexnet,0.25,CIFAR10_alexnet_RS_accuracy_kp2500_seed789,789,10000,692,42,accuracy,100789,0.7901,2,0.6080607668399811,9.0464389026165,10,0.6080607668399811,valid,0.7891272445934965,0.7936697680558118,0.7901,100789
RS,0.8045,673,673,random,CIFAR10,693,main_b1000_cifar10_alexnet_RS_kp25_seed789,0.25,0.7923,False,0.25,alexnet,0.25,CIFAR10_alexnet_RS_accuracy_kp2500_seed789,789,10000,693,42,accuracy,100789,0.7923,4,0.6296671304225921,9.012350581586361,10,0.6296671304225921,valid,0.7923549773549559,0.7965777595302981,0.7923,100789
RS,0.8045,673,673,random,CIFAR10,694,main_b1000_cifar10_alexnet_RS_kp25_seed789,0.25,0.7886,False,0.25,alexnet,0.25,CIFAR10_alexnet_RS_accuracy_kp2500_seed789,789,10000,694,42,accuracy,100789,0.7886,2,0.6181360067367554,9.033243454992771,10,0.6181360067367554,valid,0.7888942825413623,0.7935711138124153,0.7886,100789
RS,0.8045,673,673,random,CIFAR10,695,main_b1000_cifar10_alexnet_RS_kp25_seed789,0.25,0.7958,False,0.25,alexnet,0.25,CIFAR10_alexnet_RS_accuracy_kp2500_seed789,789,10000,695,42,accuracy,100789,0.7958,3,0.598168858718872,9.08921006321907,10,0.598168858718872,valid,0.7959315578188955,0.7984992160782728,0.7958000000000001,100789
RS,0.8045,673,673,random,CIFAR10,696,main_b1000_cifar10_alexnet_RS_kp25_seed789,0.25,0.7906,False,0.25,alexnet,0.25,CIFAR10_alexnet_RS_accuracy_kp2500_seed789,789,10000,696,42,accuracy,100789,0.7906,4,0.6203573909282685,9.125594206154346,10,0.6203573909282685,valid,0.7894868904912782,0.7938701056891102,0.7906,100789
RS,0.8045,673,673,random,CIFAR10,697,main_b1000_cifar10_alexnet_RS_kp25_seed789,0.25,0.794,False,0.25,alexnet,0.25,CIFAR10_alexnet_RS_accuracy_kp2500_seed789,789,10000,697,42,accuracy,100789,0.794,3,0.61232046957016,9.03514313697815,10,0.61232046957016,valid,0.7947038485019229,0.7995638436978949,0.794,100789
RS,0.8045,673,673,random,CIFAR10,698,main_b1000_cifar10_alexnet_RS_kp25_seed789,0.25,0.7939,False,0.25,alexnet,0.25,CIFAR10_alexnet_RS_accuracy_kp2500_seed789,789,10000,698,42,accuracy,100789,0.7939,3,0.5956692939758301,9.08090641349554,10,0.5956692939758301,valid,0.79446863028617,0.7965907935879841,0.7939,100789
RS,0.8045,673,673,random,CIFAR10,699,main_b1000_cifar10_alexnet_RS_kp25_seed789,0.25,0.7879,False,0.25,alexnet,0.25,CIFAR10_alexnet_RS_accuracy_kp2500_seed789,789,10000,699,42,accuracy,100789,0.7879,3,0.6099477323055267,9.04254736751318,10,0.6099477323055267,valid,0.7884125255188849,0.7949395435880641,0.7879,100789
RS,0.8045,673,673,random,CIFAR10,700,main_b1000_cifar10_alexnet_RS_kp25_seed789,0.25,0.788,False,0.25,alexnet,0.25,CIFAR10_alexnet_RS_accuracy_kp2500_seed789,789,10000,700,42,accuracy,100789,0.788,2,0.6060744884967804,9.044185906648636,10,0.6060744884967804,valid,0.7884194383665918,0.7912249788460508,0.7879999999999999,100789
RS,0.8045,673,673,random,CIFAR10,701,main_b1000_cifar10_alexnet_RS_kp25_seed789,0.25,0.7941,False,0.25,alexnet,0.25,CIFAR10_alexnet_RS_accuracy_kp2500_seed789,789,10000,701,42,accuracy,100789,0.7941,3,0.6065833104133606,9.059180468320847,10,0.6065833104133606,valid,0.7956503128397874,0.8011634802080619,0.7941,100789
RS,0.8045,673,673,random,CIFAR10,702,main_b1000_cifar10_alexnet_RS_kp25_seed789,0.25,0.7876,False,0.25,alexnet,0.25,CIFAR10_alexnet_RS_accuracy_kp2500_seed789,789,10000,702,42,accuracy,100789,0.7876,2,0.6164170979022979,9.12014540284872,10,0.6164170979022979,valid,0.787377443517013,0.7955449975457821,0.7876000000000001,100789
RS,0.8045,673,673,random,CIFAR10,703,main_b1000_cifar10_alexnet_RS_kp25_seed789,0.25,0.7857,False,0.25,alexnet,0.25,CIFAR10_alexnet_RS_accuracy_kp2500_seed789,789,10000,703,42,accuracy,100789,0.7857,3,0.6277512932777405,9.0441689863801,10,0.6277512932777405,valid,0.7852716740555403,0.7910100281242125,0.7857000000000001,100789
RS,0.8045,673,673,random,CIFAR10,704,main_b1000_cifar10_alexnet_RS_kp25_seed789,0.25,0.7897,False,0.25,alexnet,0.25,CIFAR10_alexnet_RS_accuracy_kp2500_seed789,789,10000,704,42,accuracy,100789,0.7897,2,0.6096264029026032,9.068502858281136,10,0.6096264029026032,valid,0.7889969899307283,0.7953320199079538,0.7897,100789
RS,0.8045,673,673,random,CIFAR10,705,main_b1000_cifar10_alexnet_RS_kp25_seed789,0.25,0.7947,False,0.25,alexnet,0.25,CIFAR10_alexnet_RS_accuracy_kp2500_seed789,789,10000,705,42,accuracy,100789,0.7947,3,0.6045184775352478,9.049232475459576,10,0.6045184775352478,valid,0.7955603790977616,0.7990945105325502,0.7947000000000001,100789
RS,0.8045,673,673,random,CIFAR10,706,main_b1000_cifar10_alexnet_RS_kp25_seed789,0.25,0.7905,False,0.25,alexnet,0.25,CIFAR10_alexnet_RS_accuracy_kp2500_seed789,789,10000,706,42,accuracy,100789,0.7905,3,0.6146694991588593,9.043284311890602,10,0.6146694991588593,valid,0.7890937791580479,0.7947862196948139,0.7905,100789
RS,0.8045,673,673,random,CIFAR10,707,main_b1000_cifar10_alexnet_RS_kp25_seed789,0.25,0.7862,False,0.25,alexnet,0.25,CIFAR10_alexnet_RS_accuracy_kp2500_seed789,789,10000,707,42,accuracy,100789,0.7862,2,0.6195906194210052,9.008244708180428,10,0.6195906194210052,valid,0.7851094759073783,0.7890882278795045,0.7862,100789
RS,0.8045,673,673,random,CIFAR10,708,main_b1000_cifar10_alexnet_RS_kp25_seed789,0.25,0.7826,False,0.25,alexnet,0.25,CIFAR10_alexnet_RS_accuracy_kp2500_seed789,789,10000,708,42,accuracy,100789,0.7826,3,0.6199951498508454,9.164597973227501,10,0.6199951498508454,valid,0.7825497460990433,0.7896435223451032,0.7826000000000001,100789
RS,0.8045,673,673,random,CIFAR10,709,main_b1000_cifar10_alexnet_RS_kp25_seed789,0.25,0.7897,False,0.25,alexnet,0.25,CIFAR10_alexnet_RS_accuracy_kp2500_seed789,789,10000,709,42,accuracy,100789,0.7897,4,0.6354078237056732,9.096752472221851,10,0.6354078237056732,valid,0.7905141947877561,0.7977577297091527,0.7897,100789
RS,0.8045,673,673,random,CIFAR10,710,main_b1000_cifar10_alexnet_RS_kp25_seed789,0.25,0.7949,False,0.25,alexnet,0.25,CIFAR10_alexnet_RS_accuracy_kp2500_seed789,789,10000,710,42,accuracy,100789,0.7949,3,0.6068063175201416,9.090285554528236,10,0.6068063175201416,valid,0.7951570124507069,0.7984016182168512,0.7948999999999999,100789
RS,0.8045,673,673,random,CIFAR10,711,main_b1000_cifar10_alexnet_RS_kp25_seed789,0.25,0.7925,False,0.25,alexnet,0.25,CIFAR10_alexnet_RS_accuracy_kp2500_seed789,789,10000,711,42,accuracy,100789,0.7925,3,0.610039708995819,9.10546039789915,10,0.610039708995819,valid,0.7931125532548411,0.7977963070409084,0.7924999999999999,100789
RS,0.8045,673,673,random,CIFAR10,712,main_b1000_cifar10_alexnet_RS_kp25_seed789,0.25,0.792,False,0.25,alexnet,0.25,CIFAR10_alexnet_RS_accuracy_kp2500_seed789,789,10000,712,42,accuracy,100789,0.792,5,0.6430604711532593,9.041235692799091,10,0.6430604711532593,valid,0.7913854294789617,0.7984257748292244,0.792,100789
RS,0.8045,673,673,random,CIFAR10,713,main_b1000_cifar10_alexnet_RS_kp25_seed789,0.25,0.7912,False,0.25,alexnet,0.25,CIFAR10_alexnet_RS_accuracy_kp2500_seed789,789,10000,713,42,accuracy,100789,0.7912,2,0.6095336978435516,9.031184449791908,10,0.6095336978435516,valid,0.7907580646497199,0.7933320525992253,0.7912,100789
RS,0.8045,673,673,random,CIFAR10,714,main_b1000_cifar10_alexnet_RS_kp25_seed789,0.25,0.7963,False,0.25,alexnet,0.25,CIFAR10_alexnet_RS_accuracy_kp2500_seed789,789,10000,714,42,accuracy,100789,0.7963,3,0.6098766924858093,9.14229753613472,10,0.6098766924858093,valid,0.7957567512261103,0.7981594681358182,0.7963,100789
RS,0.8045,673,673,random,CIFAR10,715,main_b1000_cifar10_alexnet_RS_kp25_seed789,0.25,0.7873,False,0.25,alexnet,0.25,CIFAR10_alexnet_RS_accuracy_kp2500_seed789,789,10000,715,42,accuracy,100789,0.7873,2,0.6131947947978973,9.09652429819107,10,0.6131947947978973,valid,0.7875154703636463,0.7918509183573091,0.7872999999999999,100789
RS,0.8045,673,673,random,CIFAR10,716,main_b1000_cifar10_alexnet_RS_kp25_seed789,0.25,0.7885,False,0.25,alexnet,0.25,CIFAR10_alexnet_RS_accuracy_kp2500_seed789,789,10000,716,42,accuracy,100789,0.7885,3,0.6149980451107026,9.035179197788239,10,0.6149980451107026,valid,0.790095170940359,0.7991672550582118,0.7885,100789
RS,0.8045,673,673,random,CIFAR10,717,main_b1000_cifar10_alexnet_RS_kp25_seed789,0.25,0.7905,False,0.25,alexnet,0.25,CIFAR10_alexnet_RS_accuracy_kp2500_seed789,789,10000,717,42,accuracy,100789,0.7905,2,0.6136532221794129,9.037120901048183,10,0.6136532221794129,valid,0.7912760737669925,0.7959986246693728,0.7905,100789
RS,0.8045,673,673,random,CIFAR10,718,main_b1000_cifar10_alexnet_RS_kp25_seed789,0.25,0.7961,False,0.25,alexnet,0.25,CIFAR10_alexnet_RS_accuracy_kp2500_seed789,789,10000,718,42,accuracy,100789,0.7961,4,0.6103058340549469,9.048343777656555,10,0.6103058340549469,valid,0.7964872657218486,0.7999837442758133,0.7961,100789
RS,0.8045,673,673,random,CIFAR10,719,main_b1000_cifar10_alexnet_RS_kp25_seed789,0.25,0.7766,False,0.25,alexnet,0.25,CIFAR10_alexnet_RS_accuracy_kp2500_seed789,789,10000,719,42,accuracy,100789,0.7766,1,0.6257983780384063,9.021835021674633,10,0.6257983780384063,valid,0.7767247515569777,0.7822164958300211,0.7766000000000001,100789
RS,0.8045,673,673,random,CIFAR10,720,main_b1000_cifar10_alexnet_RS_kp25_seed789,0.25,0.7882,False,0.25,alexnet,0.25,CIFAR10_alexnet_RS_accuracy_kp2500_seed789,789,10000,720,42,accuracy,100789,0.7882,3,0.6152023167610169,9.081539139151573,10,0.6152023167610169,valid,0.7875688372311176,0.7926513242544886,0.7882,100789
RS,0.8045,673,673,random,CIFAR10,721,main_b1000_cifar10_alexnet_RS_kp25_seed789,0.25,0.7873,False,0.25,alexnet,0.25,CIFAR10_alexnet_RS_accuracy_kp2500_seed789,789,10000,721,42,accuracy,100789,0.7873,2,0.6050114467144012,9.128128252923489,10,0.6050114467144012,valid,0.7892943850747924,0.7951772101666228,0.7873,100789
RS,0.8045,673,673,random,CIFAR10,722,main_b1000_cifar10_alexnet_RS_kp25_seed789,0.25,0.7923,False,0.25,alexnet,0.25,CIFAR10_alexnet_RS_accuracy_kp2500_seed789,789,10000,722,42,accuracy,100789,0.7923,3,0.6104898483276368,9.037456460297108,10,0.6104898483276368,valid,0.7928263795913723,0.8009311330885162,0.7923,100789
RS,0.8045,673,673,random,CIFAR10,723,main_b1000_cifar10_alexnet_RS_kp25_seed789,0.25,0.7953,False,0.25,alexnet,0.25,CIFAR10_alexnet_RS_accuracy_kp2500_seed789,789,10000,723,42,accuracy,100789,0.7953,3,0.6064263624191284,9.054672345519066,10,0.6064263624191284,valid,0.793554263109189,0.7951396686581281,0.7952999999999999,100789
RS,0.8045,673,673,random,CIFAR10,724,main_b1000_cifar10_alexnet_RS_kp25_seed789,0.25,0.7846,False,0.25,alexnet,0.25,CIFAR10_alexnet_RS_accuracy_kp2500_seed789,789,10000,724,42,accuracy,100789,0.7846,2,0.6213322630405426,9.059535183012486,10,0.6213322630405426,valid,0.7859651700396194,0.7952468670296892,0.7846,100789
RS,0.8045,673,673,random,CIFAR10,725,main_b1000_cifar10_alexnet_RS_kp25_seed789,0.25,0.7927,False,0.25,alexnet,0.25,CIFAR10_alexnet_RS_accuracy_kp2500_seed789,789,10000,725,42,accuracy,100789,0.7927,3,0.6131884082317353,9.025242567062378,10,0.6131884082317353,valid,0.7904178153649404,0.7921507134406633,0.7927000000000001,100789
RS,0.8045,673,673,random,CIFAR10,726,main_b1000_cifar10_alexnet_RS_kp25_seed789,0.25,0.7932,False,0.25,alexnet,0.25,CIFAR10_alexnet_RS_accuracy_kp2500_seed789,789,10000,726,42,accuracy,100789,0.7932,2,0.6037423019886017,9.093938507139683,10,0.6037423019886017,valid,0.7934301682627092,0.7953078013709731,0.7931999999999999,100789
RS,0.8045,673,673,random,CIFAR10,727,main_b1000_cifar10_alexnet_RS_kp25_seed789,0.25,0.7914,False,0.25,alexnet,0.25,CIFAR10_alexnet_RS_accuracy_kp2500_seed789,789,10000,727,42,accuracy,100789,0.7914,3,0.6142131229877472,9.161388650536537,10,0.6142131229877472,valid,0.792589867260668,0.7988842347347345,0.7914000000000001,100789
RS,0.8045,673,673,random,CIFAR10,728,main_b1000_cifar10_alexnet_RS_kp25_seed789,0.25,0.7889,False,0.25,alexnet,0.25,CIFAR10_alexnet_RS_accuracy_kp2500_seed789,789,10000,728,42,accuracy,100789,0.7889,4,0.6254015025615692,9.055620290338993,10,0.6254015025615692,valid,0.7894532474339789,0.7928638667502085,0.7888999999999999,100789
RS,0.8045,673,673,random,CIFAR10,729,main_b1000_cifar10_alexnet_RS_kp25_seed789,0.25,0.797,False,0.25,alexnet,0.25,CIFAR10_alexnet_RS_accuracy_kp2500_seed789,789,10000,729,42,accuracy,100789,0.797,5,0.6160791597366333,9.060690313577652,10,0.6160791597366333,valid,0.7968388848544695,0.7977129728769149,0.7969999999999999,100789
RS,0.8045,673,673,random,CIFAR10,730,main_b1000_cifar10_alexnet_RS_kp25_seed789,0.25,0.7959,False,0.25,alexnet,0.25,CIFAR10_alexnet_RS_accuracy_kp2500_seed789,789,10000,730,42,accuracy,100789,0.7959,3,0.6065205121040345,9.027051985263824,10,0.6065205121040345,valid,0.7971457409885938,0.8001569134245292,0.7959,100789
RS,0.8045,673,673,random,CIFAR10,731,main_b1000_cifar10_alexnet_RS_kp25_seed789,0.25,0.7976,False,0.25,alexnet,0.25,CIFAR10_alexnet_RS_accuracy_kp2500_seed789,789,10000,731,42,accuracy,100789,0.7976,4,0.6170618113040924,9.000832065939903,10,0.6170618113040924,valid,0.7971364326395889,0.7981154565972207,0.7976,100789
RS,0.8045,673,673,random,CIFAR10,732,main_b1000_cifar10_alexnet_RS_kp25_seed789,0.25,0.7878,False,0.25,alexnet,0.25,CIFAR10_alexnet_RS_accuracy_kp2500_seed789,789,10000,732,42,accuracy,100789,0.7878,2,0.6167925617218017,9.039440423250198,10,0.6167925617218017,valid,0.7888594421652909,0.7953990282320026,0.7878,100789
RS,0.8045,673,673,random,CIFAR10,733,main_b1000_cifar10_alexnet_RS_kp25_seed789,0.25,0.797,False,0.25,alexnet,0.25,CIFAR10_alexnet_RS_accuracy_kp2500_seed789,789,10000,733,42,accuracy,100789,0.797,4,0.593899965763092,9.113239333033562,10,0.593899965763092,valid,0.7966128532321299,0.7976595781454155,0.7969999999999999,100789
RS,0.8045,673,673,random,CIFAR10,734,main_b1000_cifar10_alexnet_RS_kp25_seed789,0.25,0.7896,False,0.25,alexnet,0.25,CIFAR10_alexnet_RS_accuracy_kp2500_seed789,789,10000,734,42,accuracy,100789,0.7896,2,0.6107031884670258,9.124997809529305,10,0.6107031884670258,valid,0.7885717498058852,0.7919401656852683,0.7896000000000001,100789
RS,0.8045,673,673,random,CIFAR10,735,main_b1000_cifar10_alexnet_RS_kp25_seed789,0.25,0.7967,False,0.25,alexnet,0.25,CIFAR10_alexnet_RS_accuracy_kp2500_seed789,789,10000,735,42,accuracy,100789,0.7967,3,0.6167649099826813,9.042665876448154,10,0.6167649099826813,valid,0.7969321105422955,0.8002299493537818,0.7967000000000001,100789
RS,0.8045,673,673,random,CIFAR10,736,main_b1000_cifar10_alexnet_RS_kp25_seed789,0.25,0.783,False,0.25,alexnet,0.25,CIFAR10_alexnet_RS_accuracy_kp2500_seed789,789,10000,736,42,accuracy,100789,0.783,1,0.6173809431552887,9.019318379461765,10,0.6173809431552887,valid,0.7844901475637939,0.7911613959775013,0.7830000000000001,100789
RS,0.8045,673,673,random,CIFAR10,737,main_b1000_cifar10_alexnet_RS_kp25_seed789,0.25,0.7838,False,0.25,alexnet,0.25,CIFAR10_alexnet_RS_accuracy_kp2500_seed789,789,10000,737,42,accuracy,100789,0.7838,2,0.6246847915172576,9.00189945101738,10,0.6246847915172576,valid,0.7818670447950123,0.786898121818688,0.7838,100789
RS,0.8045,673,673,random,CIFAR10,738,main_b1000_cifar10_alexnet_RS_kp25_seed789,0.25,0.7922,False,0.25,alexnet,0.25,CIFAR10_alexnet_RS_accuracy_kp2500_seed789,789,10000,738,42,accuracy,100789,0.7922,4,0.6189435238838196,9.0801210552454,10,0.6189435238838196,valid,0.7930509675562946,0.8003719970866925,0.7922,100789
RS,0.8045,673,673,random,CIFAR10,739,main_b1000_cifar10_alexnet_RS_kp25_seed789,0.25,0.7898,False,0.25,alexnet,0.25,CIFAR10_alexnet_RS_accuracy_kp2500_seed789,789,10000,739,42,accuracy,100789,0.7898,3,0.6164662693977356,9.21038831025362,10,0.6164662693977356,valid,0.7912545943713031,0.796700157592688,0.7898000000000001,100789
RS,0.8045,673,673,random,CIFAR10,740,main_b1000_cifar10_alexnet_RS_kp25_seed789,0.25,0.7938,False,0.25,alexnet,0.25,CIFAR10_alexnet_RS_accuracy_kp2500_seed789,789,10000,740,42,accuracy,100789,0.7938,3,0.6079487678050994,9.137919083237648,10,0.6079487678050994,valid,0.7926978265383877,0.7976698139528802,0.7938,100789
RS,0.8045,673,673,random,CIFAR10,741,main_b1000_cifar10_alexnet_RS_kp25_seed789,0.25,0.7888,False,0.25,alexnet,0.25,CIFAR10_alexnet_RS_accuracy_kp2500_seed789,789,10000,741,42,accuracy,100789,0.7888,3,0.6283946987152099,9.06299389898777,10,0.6283946987152099,valid,0.7884529733469723,0.7990218332376974,0.7888,100789
RS,0.8045,673,673,random,CIFAR10,742,main_b1000_cifar10_alexnet_RS_kp25_seed789,0.25,0.7939,False,0.25,alexnet,0.25,CIFAR10_alexnet_RS_accuracy_kp2500_seed789,789,10000,742,42,accuracy,100789,0.7939,6,0.6352137866973877,9.021195285022259,10,0.6352137866973877,valid,0.7935842142955946,0.7946094605507313,0.7939,100789
RS,0.8045,673,673,random,CIFAR10,743,main_b1000_cifar10_alexnet_RS_kp25_seed789,0.25,0.7914,False,0.25,alexnet,0.25,CIFAR10_alexnet_RS_accuracy_kp2500_seed789,789,10000,743,42,accuracy,100789,0.7914,3,0.6146166143894195,9.04762927442789,10,0.6146166143894195,valid,0.7916051270942959,0.7970452631537235,0.7914000000000001,100789
RS,0.8045,673,673,random,CIFAR10,744,main_b1000_cifar10_alexnet_RS_kp25_seed789,0.25,0.7856,False,0.25,alexnet,0.25,CIFAR10_alexnet_RS_accuracy_kp2500_seed789,789,10000,744,42,accuracy,100789,0.7856,3,0.6337162489891053,9.037276446819305,10,0.6337162489891053,valid,0.7849053013792896,0.7897933387276448,0.7856000000000001,100789
RS,0.8045,673,673,random,CIFAR10,745,main_b1000_cifar10_alexnet_RS_kp25_seed789,0.25,0.7865,False,0.25,alexnet,0.25,CIFAR10_alexnet_RS_accuracy_kp2500_seed789,789,10000,745,42,accuracy,100789,0.7865,2,0.6209781422615052,9.107883334159851,10,0.6209781422615052,valid,0.7864041802701465,0.7888390498025778,0.7865,100789
RS,0.8045,673,673,random,CIFAR10,746,main_b1000_cifar10_alexnet_RS_kp25_seed789,0.25,0.7942,False,0.25,alexnet,0.25,CIFAR10_alexnet_RS_accuracy_kp2500_seed789,789,10000,746,42,accuracy,100789,0.7942,3,0.6050693625450134,9.089490443468094,10,0.6050693625450134,valid,0.794030076305432,0.7961724335789749,0.7942,100789
RS,0.8045,673,673,random,CIFAR10,747,main_b1000_cifar10_alexnet_RS_kp25_seed789,0.25,0.7974,False,0.25,alexnet,0.25,CIFAR10_alexnet_RS_accuracy_kp2500_seed789,789,10000,747,42,accuracy,100789,0.7974,4,0.616825517988205,9.08320114761591,10,0.616825517988205,valid,0.7971462133504762,0.7993382712713493,0.7974,100789
RS,0.8045,673,673,random,CIFAR10,748,main_b1000_cifar10_alexnet_RS_kp25_seed789,0.25,0.7952,False,0.25,alexnet,0.25,CIFAR10_alexnet_RS_accuracy_kp2500_seed789,789,10000,748,42,accuracy,100789,0.7952,5,0.6238897768497467,9.057589657604694,10,0.6238897768497467,valid,0.7960578804320058,0.7998146024857453,0.7951999999999999,100789
RS,0.8045,673,673,random,CIFAR10,749,main_b1000_cifar10_alexnet_RS_kp25_seed789,0.25,0.7942,False,0.25,alexnet,0.25,CIFAR10_alexnet_RS_accuracy_kp2500_seed789,789,10000,749,42,accuracy,100789,0.7942,4,0.6123932773590088,9.031761571764946,10,0.6123932773590088,valid,0.7947863128934527,0.7977401820354828,0.7941999999999999,100789
RS,0.8045,673,673,random,CIFAR10,750,main_b1000_cifar10_alexnet_RS_kp25_seed789,0.25,0.795,False,0.25,alexnet,0.25,CIFAR10_alexnet_RS_accuracy_kp2500_seed789,789,10000,750,42,accuracy,100789,0.795,4,0.6142465389728546,9.04073266685009,10,0.6142465389728546,valid,0.7945491122346132,0.7985102137222324,0.7949999999999999,100789
RS,0.8045,673,673,random,CIFAR10,751,main_b1000_cifar10_alexnet_RS_kp25_seed789,0.25,0.7837,False,0.25,alexnet,0.25,CIFAR10_alexnet_RS_accuracy_kp2500_seed789,789,10000,751,42,accuracy,100789,0.7837,2,0.6197161034107208,9.066122360527515,10,0.6197161034107208,valid,0.7848262610194969,0.789987680953109,0.7837,100789
RS,0.8045,673,673,random,CIFAR10,752,main_b1000_cifar10_alexnet_RS_kp25_seed789,0.25,0.7889,False,0.25,alexnet,0.25,CIFAR10_alexnet_RS_accuracy_kp2500_seed789,789,10000,752,42,accuracy,100789,0.7889,3,0.616149379491806,9.103552363812923,10,0.616149379491806,valid,0.7883175758334647,0.7930723909664121,0.7888999999999999,100789
RS,0.8045,673,673,random,CIFAR10,753,main_b1000_cifar10_alexnet_RS_kp25_seed789,0.25,0.7982,False,0.25,alexnet,0.25,CIFAR10_alexnet_RS_accuracy_kp2500_seed789,789,10000,753,42,accuracy,100789,0.7982,4,0.5930719274520874,9.161006592214108,10,0.5930719274520874,valid,0.7983513932086732,0.8004212815093774,0.7982,100789
RS,0.8045,673,673,random,CIFAR10,754,main_b1000_cifar10_alexnet_RS_kp25_seed789,0.25,0.8002,False,0.25,alexnet,0.25,CIFAR10_alexnet_RS_accuracy_kp2500_seed789,789,10000,754,42,accuracy,100789,0.8002,3,0.5958249258041382,9.114172354340553,10,0.5958249258041382,valid,0.8014092190171116,0.8051713351478371,0.8001999999999999,100789
RS,0.8045,673,673,random,CIFAR10,755,main_b1000_cifar10_alexnet_RS_kp25_seed789,0.25,0.7956,False,0.25,alexnet,0.25,CIFAR10_alexnet_RS_accuracy_kp2500_seed789,789,10000,755,42,accuracy,100789,0.7956,4,0.6235070060253143,9.082064971327782,10,0.6235070060253143,valid,0.7965923158222588,0.8002131211591876,0.7956000000000001,100789
RS,0.8045,673,673,random,CIFAR10,756,main_b1000_cifar10_alexnet_RS_kp25_seed789,0.25,0.7894,False,0.25,alexnet,0.25,CIFAR10_alexnet_RS_accuracy_kp2500_seed789,789,10000,756,42,accuracy,100789,0.7894,3,0.6196947270393371,9.076878532767296,10,0.6196947270393371,valid,0.7888108203783485,0.7925050830159215,0.7894,100789
RS,0.8045,673,673,random,CIFAR10,757,main_b1000_cifar10_alexnet_RS_kp25_seed789,0.25,0.7835,False,0.25,alexnet,0.25,CIFAR10_alexnet_RS_accuracy_kp2500_seed789,789,10000,757,42,accuracy,100789,0.7835,3,0.6303543363094329,9.146701402962208,10,0.6303543363094329,valid,0.7822798478457035,0.7896163448602966,0.7834999999999999,100789
RS,0.8045,673,673,random,CIFAR10,758,main_b1000_cifar10_alexnet_RS_kp25_seed789,0.25,0.7909,False,0.25,alexnet,0.25,CIFAR10_alexnet_RS_accuracy_kp2500_seed789,789,10000,758,42,accuracy,100789,0.7909,3,0.6230530272006989,9.146831832826138,10,0.6230530272006989,valid,0.7907774164788416,0.7927656749959752,0.7908999999999999,100789
RS,0.8045,673,673,random,CIFAR10,759,main_b1000_cifar10_alexnet_RS_kp25_seed789,0.25,0.7827,False,0.25,alexnet,0.25,CIFAR10_alexnet_RS_accuracy_kp2500_seed789,789,10000,759,42,accuracy,100789,0.7827,2,0.6292045707702637,9.086677834391594,10,0.6292045707702637,valid,0.780637719739131,0.7860201966894766,0.7827,100789
RS,0.8045,673,673,random,CIFAR10,760,main_b1000_cifar10_alexnet_RS_kp25_seed789,0.25,0.7925,False,0.25,alexnet,0.25,CIFAR10_alexnet_RS_accuracy_kp2500_seed789,789,10000,760,42,accuracy,100789,0.7925,2,0.6031909753322602,9.125849917531013,10,0.6031909753322602,valid,0.7917781581282868,0.7939999058620656,0.7925000000000001,100789
RS,0.8045,673,673,random,CIFAR10,761,main_b1000_cifar10_alexnet_RS_kp25_seed789,0.25,0.7932,False,0.25,alexnet,0.25,CIFAR10_alexnet_RS_accuracy_kp2500_seed789,789,10000,761,42,accuracy,100789,0.7932,3,0.6023640371799469,9.139936737716198,10,0.6023640371799469,valid,0.7942261941546336,0.7985512205118829,0.7932,100789
RS,0.8045,673,673,random,CIFAR10,762,main_b1000_cifar10_alexnet_RS_kp25_seed789,0.25,0.7928,False,0.25,alexnet,0.25,CIFAR10_alexnet_RS_accuracy_kp2500_seed789,789,10000,762,42,accuracy,100789,0.7928,4,0.6162782269477844,9.064937189221382,10,0.6162782269477844,valid,0.7915407500276767,0.7944495844284615,0.7928,100789
RS,0.8045,673,673,random,CIFAR10,763,main_b1000_cifar10_alexnet_RS_kp25_seed789,0.25,0.789,False,0.25,alexnet,0.25,CIFAR10_alexnet_RS_accuracy_kp2500_seed789,789,10000,763,42,accuracy,100789,0.789,4,0.6272631536006927,9.103217341005802,10,0.6272631536006927,valid,0.7902958733190785,0.796383042576488,0.7889999999999999,100789
RS,0.8045,673,673,random,CIFAR10,764,main_b1000_cifar10_alexnet_RS_kp25_seed789,0.25,0.7886,False,0.25,alexnet,0.25,CIFAR10_alexnet_RS_accuracy_kp2500_seed789,789,10000,764,42,accuracy,100789,0.7886,2,0.6151871755599976,9.177584014832973,10,0.6151871755599976,valid,0.7878172192436254,0.793939321016136,0.7886,100789
RS,0.8045,673,673,random,CIFAR10,765,main_b1000_cifar10_alexnet_RS_kp25_seed789,0.25,0.7884,False,0.25,alexnet,0.25,CIFAR10_alexnet_RS_accuracy_kp2500_seed789,789,10000,765,42,accuracy,100789,0.7884,3,0.6413865555286408,9.154876291751862,10,0.6413865555286408,valid,0.7875143780262104,0.7944890504158721,0.7884,100789
RS,0.8045,673,673,random,CIFAR10,766,main_b1000_cifar10_alexnet_RS_kp25_seed789,0.25,0.7903,False,0.25,alexnet,0.25,CIFAR10_alexnet_RS_accuracy_kp2500_seed789,789,10000,766,42,accuracy,100789,0.7903,2,0.6090493661403656,9.266604609787464,10,0.6090493661403656,valid,0.789632307915629,0.7932615282974848,0.7903,100789
RS,0.8045,673,673,random,CIFAR10,767,main_b1000_cifar10_alexnet_RS_kp25_seed789,0.25,0.7874,False,0.25,alexnet,0.25,CIFAR10_alexnet_RS_accuracy_kp2500_seed789,789,10000,767,42,accuracy,100789,0.7874,2,0.6056313974380493,9.112882450222969,10,0.6056313974380493,valid,0.7858024919265982,0.7900476659914629,0.7874000000000001,100789
RS,0.8045,673,673,random,CIFAR10,768,main_b1000_cifar10_alexnet_RS_kp25_seed789,0.25,0.8025,False,0.25,alexnet,0.25,CIFAR10_alexnet_RS_accuracy_kp2500_seed789,789,10000,768,42,accuracy,100789,0.8025,3,0.5882654247760772,9.121200077235699,10,0.5882654247760772,valid,0.8023427208228743,0.8041853166059478,0.8025,100789
RS,0.8045,673,673,random,CIFAR10,769,main_b1000_cifar10_alexnet_RS_kp25_seed789,0.25,0.7929,False,0.25,alexnet,0.25,CIFAR10_alexnet_RS_accuracy_kp2500_seed789,789,10000,769,42,accuracy,100789,0.7929,3,0.6206944693088532,9.16886293888092,10,0.6206944693088532,valid,0.7930796863714233,0.7970462582386162,0.7929,100789
RS,0.8045,673,673,random,CIFAR10,770,main_b1000_cifar10_alexnet_RS_kp25_seed789,0.25,0.7906,False,0.25,alexnet,0.25,CIFAR10_alexnet_RS_accuracy_kp2500_seed789,789,10000,770,42,accuracy,100789,0.7906,3,0.6133088664054871,9.140473909676075,10,0.6133088664054871,valid,0.7903564301721031,0.7960449607678745,0.7906,100789
RS,0.8045,673,673,random,CIFAR10,771,main_b1000_cifar10_alexnet_RS_kp25_seed789,0.25,0.7922,False,0.25,alexnet,0.25,CIFAR10_alexnet_RS_accuracy_kp2500_seed789,789,10000,771,42,accuracy,100789,0.7922,4,0.6160289324760437,9.096457563340664,10,0.6160289324760437,valid,0.7922827464167029,0.7954491176075814,0.7922,100789
RS,0.8045,673,673,random,CIFAR10,772,main_b1000_cifar10_alexnet_RS_kp25_seed789,0.25,0.7909,False,0.25,alexnet,0.25,CIFAR10_alexnet_RS_accuracy_kp2500_seed789,789,10000,772,42,accuracy,100789,0.7909,4,0.6315601932525635,9.094501972198486,10,0.6315601932525635,valid,0.7889482644883511,0.7929690184703481,0.7908999999999999,100789
RS,0.8045,673,673,random,CIFAR10,773,main_b1000_cifar10_alexnet_RS_kp25_seed789,0.25,0.7832,False,0.25,alexnet,0.25,CIFAR10_alexnet_RS_accuracy_kp2500_seed789,789,10000,773,42,accuracy,100789,0.7832,2,0.6238256112098693,9.088019855320454,10,0.6238256112098693,valid,0.7845675141190398,0.7972679302668134,0.7832000000000001,100789
RS,0.8045,673,673,random,CIFAR10,774,main_b1000_cifar10_alexnet_RS_kp25_seed789,0.25,0.7882,False,0.25,alexnet,0.25,CIFAR10_alexnet_RS_accuracy_kp2500_seed789,789,10000,774,42,accuracy,100789,0.7882,2,0.6125321225643158,9.066936753690243,10,0.6125321225643158,valid,0.7894565048340471,0.7971005706109737,0.7882,100789
RS,0.8045,673,673,random,CIFAR10,775,main_b1000_cifar10_alexnet_RS_kp25_seed789,0.25,0.8002,False,0.25,alexnet,0.25,CIFAR10_alexnet_RS_accuracy_kp2500_seed789,789,10000,775,42,accuracy,100789,0.8002,5,0.6028487246990204,9.210522286593914,10,0.6028487246990204,valid,0.8001963362841114,0.8009235622079205,0.8002,100789
RS,0.8045,673,673,random,CIFAR10,776,main_b1000_cifar10_alexnet_RS_kp25_seed789,0.25,0.789,False,0.25,alexnet,0.25,CIFAR10_alexnet_RS_accuracy_kp2500_seed789,789,10000,776,42,accuracy,100789,0.789,4,0.62194841132164,9.195475339889526,10,0.62194841132164,valid,0.7893984921578714,0.7924028199060671,0.7889999999999999,100789
RS,0.8045,673,673,random,CIFAR10,777,main_b1000_cifar10_alexnet_RS_kp25_seed789,0.25,0.7934,False,0.25,alexnet,0.25,CIFAR10_alexnet_RS_accuracy_kp2500_seed789,789,10000,777,42,accuracy,100789,0.7934,2,0.6030871994495391,9.194217205047607,10,0.6030871994495391,valid,0.7944380930322951,0.7983449782914114,0.7933999999999999,100789
RS,0.8045,673,673,random,CIFAR10,778,main_b1000_cifar10_alexnet_RS_kp25_seed789,0.25,0.7941,False,0.25,alexnet,0.25,CIFAR10_alexnet_RS_accuracy_kp2500_seed789,789,10000,778,42,accuracy,100789,0.7941,4,0.6157038197994232,9.18722727894783,10,0.6157038197994232,valid,0.7934099854021326,0.7960521791657447,0.7941,100789
RS,0.8045,673,673,random,CIFAR10,779,main_b1000_cifar10_alexnet_RS_kp25_seed789,0.25,0.7947,False,0.25,alexnet,0.25,CIFAR10_alexnet_RS_accuracy_kp2500_seed789,789,10000,779,42,accuracy,100789,0.7947,4,0.6106452570915222,9.151387594640255,10,0.6106452570915222,valid,0.7938833049477629,0.7970135794978935,0.7947000000000001,100789
RS,0.8045,673,673,random,CIFAR10,780,main_b1000_cifar10_alexnet_RS_kp25_seed789,0.25,0.7879,False,0.25,alexnet,0.25,CIFAR10_alexnet_RS_accuracy_kp2500_seed789,789,10000,780,42,accuracy,100789,0.7879,2,0.6050274384498596,9.182269223034382,10,0.6050274384498596,valid,0.7888951432954746,0.7971445817709867,0.7879,100789
RS,0.8045,673,673,random,CIFAR10,781,main_b1000_cifar10_alexnet_RS_kp25_seed789,0.25,0.7982,False,0.25,alexnet,0.25,CIFAR10_alexnet_RS_accuracy_kp2500_seed789,789,10000,781,42,accuracy,100789,0.7982,3,0.6078712079524994,9.252224929630756,10,0.6078712079524994,valid,0.7984668148904112,0.8011572442046184,0.7982,100789
RS,0.8045,673,673,random,CIFAR10,782,main_b1000_cifar10_alexnet_RS_kp25_seed789,0.25,0.7799,False,0.25,alexnet,0.25,CIFAR10_alexnet_RS_accuracy_kp2500_seed789,789,10000,782,42,accuracy,100789,0.7799,2,0.622769139623642,9.174003601074219,10,0.622769139623642,valid,0.7797237881449164,0.7843520088600348,0.7798999999999999,100789
RS,0.8045,673,673,random,CIFAR10,783,main_b1000_cifar10_alexnet_RS_kp25_seed789,0.25,0.79,False,0.25,alexnet,0.25,CIFAR10_alexnet_RS_accuracy_kp2500_seed789,789,10000,783,42,accuracy,100789,0.79,3,0.6227395542144776,9.169038236141205,10,0.6227395542144776,valid,0.7917663475490573,0.7994278284946936,0.79,100789
RS,0.8045,673,673,random,CIFAR10,784,main_b1000_cifar10_alexnet_RS_kp25_seed789,0.25,0.7891,False,0.25,alexnet,0.25,CIFAR10_alexnet_RS_accuracy_kp2500_seed789,789,10000,784,42,accuracy,100789,0.7891,4,0.6282130187273025,9.177151046693325,10,0.6282130187273025,valid,0.7883393904752269,0.7945743980945189,0.7891,100789
RS,0.8045,673,673,random,CIFAR10,785,main_b1000_cifar10_alexnet_RS_kp25_seed789,0.25,0.7942,False,0.25,alexnet,0.25,CIFAR10_alexnet_RS_accuracy_kp2500_seed789,789,10000,785,42,accuracy,100789,0.7942,3,0.6148556686878205,9.194499030709267,10,0.6148556686878205,valid,0.793631091968076,0.7965350317993222,0.7942,100789
RS,0.8045,673,673,random,CIFAR10,786,main_b1000_cifar10_alexnet_RS_kp25_seed789,0.25,0.7914,False,0.25,alexnet,0.25,CIFAR10_alexnet_RS_accuracy_kp2500_seed789,789,10000,786,42,accuracy,100789,0.7914,3,0.6138498172283172,9.142966531217098,10,0.6138498172283172,valid,0.7924924929746209,0.7998883215792768,0.7914,100789
RS,0.8045,673,673,random,CIFAR10,787,main_b1000_cifar10_alexnet_RS_kp25_seed789,0.25,0.7909,False,0.25,alexnet,0.25,CIFAR10_alexnet_RS_accuracy_kp2500_seed789,789,10000,787,42,accuracy,100789,0.7909,3,0.6078752012729645,9.215992651879787,10,0.6078752012729645,valid,0.7898902556127402,0.7944061195797485,0.7908999999999999,100789
RS,0.8045,673,673,random,CIFAR10,788,main_b1000_cifar10_alexnet_RS_kp25_seed789,0.25,0.7986,False,0.25,alexnet,0.25,CIFAR10_alexnet_RS_accuracy_kp2500_seed789,789,10000,788,42,accuracy,100789,0.7986,3,0.6100506701946259,9.225021474063396,10,0.6100506701946259,valid,0.7974566354668794,0.7987745465112649,0.7986,100789
RS,0.8045,673,673,random,CIFAR10,789,main_b1000_cifar10_alexnet_RS_kp25_seed789,0.25,0.7987,False,0.25,alexnet,0.25,CIFAR10_alexnet_RS_accuracy_kp2500_seed789,789,10000,789,42,accuracy,100789,0.7987,4,0.6093629911899566,9.16807246208191,10,0.6093629911899566,valid,0.799133364188382,0.8022331374282705,0.7987,100789
RS,0.8045,673,673,random,CIFAR10,790,main_b1000_cifar10_alexnet_RS_kp25_seed789,0.25,0.7951,False,0.25,alexnet,0.25,CIFAR10_alexnet_RS_accuracy_kp2500_seed789,789,10000,790,42,accuracy,100789,0.7951,4,0.6010059677600861,9.1836042329669,10,0.6010059677600861,valid,0.7937148918727104,0.7975150859414787,0.7951,100789
RS,0.8045,673,673,random,CIFAR10,791,main_b1000_cifar10_alexnet_RS_kp25_seed789,0.25,0.7989,False,0.25,alexnet,0.25,CIFAR10_alexnet_RS_accuracy_kp2500_seed789,789,10000,791,42,accuracy,100789,0.7989,4,0.5968290038585663,9.153401970863342,10,0.5968290038585663,valid,0.7992649013106209,0.8006509988175422,0.7988999999999999,100789
RS,0.8045,673,673,random,CIFAR10,792,main_b1000_cifar10_alexnet_RS_kp25_seed789,0.25,0.7833,False,0.25,alexnet,0.25,CIFAR10_alexnet_RS_accuracy_kp2500_seed789,789,10000,792,42,accuracy,100789,0.7833,3,0.6449987572193145,9.209745183587074,10,0.6449987572193145,valid,0.7842218308633416,0.792178380307495,0.7833000000000001,100789
RS,0.8045,673,673,random,CIFAR10,793,main_b1000_cifar10_alexnet_RS_kp25_seed789,0.25,0.7895,False,0.25,alexnet,0.25,CIFAR10_alexnet_RS_accuracy_kp2500_seed789,789,10000,793,42,accuracy,100789,0.7895,4,0.6222247629165649,9.231872595846653,10,0.6222247629165649,valid,0.7889600086993109,0.7908800362026518,0.7895000000000001,100789
RS,0.8045,673,673,random,CIFAR10,794,main_b1000_cifar10_alexnet_RS_kp25_seed789,0.25,0.7881,False,0.25,alexnet,0.25,CIFAR10_alexnet_RS_accuracy_kp2500_seed789,789,10000,794,42,accuracy,100789,0.7881,3,0.6139964581012726,9.26092878729105,10,0.6139964581012726,valid,0.7871063054344887,0.7922751916581978,0.7881,100789
RS,0.8045,673,673,random,CIFAR10,795,main_b1000_cifar10_alexnet_RS_kp25_seed789,0.25,0.7902,False,0.25,alexnet,0.25,CIFAR10_alexnet_RS_accuracy_kp2500_seed789,789,10000,795,42,accuracy,100789,0.7902,2,0.6073340546131134,9.195279076695442,10,0.6073340546131134,valid,0.7904491314461004,0.7932760986970303,0.7902,100789
RS,0.8045,673,673,random,CIFAR10,796,main_b1000_cifar10_alexnet_RS_kp25_seed789,0.25,0.7968,False,0.25,alexnet,0.25,CIFAR10_alexnet_RS_accuracy_kp2500_seed789,789,10000,796,42,accuracy,100789,0.7968,5,0.6320968313217163,9.188191592693329,10,0.6320968313217163,valid,0.7970926831030491,0.800199838921286,0.7968,100789
RS,0.8045,673,673,random,CIFAR10,797,main_b1000_cifar10_alexnet_RS_kp25_seed789,0.25,0.7968,False,0.25,alexnet,0.25,CIFAR10_alexnet_RS_accuracy_kp2500_seed789,789,10000,797,42,accuracy,100789,0.7968,5,0.6193867126941681,9.16441161930561,10,0.6193867126941681,valid,0.7968257001995669,0.7980377268431175,0.7968,100789
RS,0.8045,673,673,random,CIFAR10,798,main_b1000_cifar10_alexnet_RS_kp25_seed789,0.25,0.7894,False,0.25,alexnet,0.25,CIFAR10_alexnet_RS_accuracy_kp2500_seed789,789,10000,798,42,accuracy,100789,0.7894,3,0.6157259181976318,9.197224110364914,10,0.6157259181976318,valid,0.7903028373016754,0.797088392913978,0.7893999999999999,100789
RS,0.8045,673,673,random,CIFAR10,799,main_b1000_cifar10_alexnet_RS_kp25_seed789,0.25,0.7939,False,0.25,alexnet,0.25,CIFAR10_alexnet_RS_accuracy_kp2500_seed789,789,10000,799,42,accuracy,100789,0.7939,3,0.6086870283126831,9.224929012358189,10,0.6086870283126831,valid,0.7943122396567652,0.7974254166724879,0.7939,100789
RS,0.8045,673,673,random,CIFAR10,800,main_b1000_cifar10_alexnet_RS_kp25_seed789,0.25,0.7944,False,0.25,alexnet,0.25,CIFAR10_alexnet_RS_accuracy_kp2500_seed789,789,10000,800,42,accuracy,100789,0.7944,2,0.5980552015781403,9.268691584467888,10,0.5980552015781403,valid,0.7932308952748917,0.7964576719593891,0.7944000000000001,100789
RS,0.8045,673,673,random,CIFAR10,801,main_b1000_cifar10_alexnet_RS_kp25_seed789,0.25,0.789,False,0.25,alexnet,0.25,CIFAR10_alexnet_RS_accuracy_kp2500_seed789,789,10000,801,42,accuracy,100789,0.789,3,0.6243906558513641,9.161210060119629,10,0.6243906558513641,valid,0.7874530903298507,0.7946403015135458,0.789,100789
RS,0.8045,673,673,random,CIFAR10,802,main_b1000_cifar10_alexnet_RS_kp25_seed789,0.25,0.7927,False,0.25,alexnet,0.25,CIFAR10_alexnet_RS_accuracy_kp2500_seed789,789,10000,802,42,accuracy,100789,0.7927,4,0.6227822897434234,9.242129422724247,10,0.6227822897434234,valid,0.791487077633308,0.7936792219604498,0.7927,100789
RS,0.8045,673,673,random,CIFAR10,803,main_b1000_cifar10_alexnet_RS_kp25_seed789,0.25,0.7944,False,0.25,alexnet,0.25,CIFAR10_alexnet_RS_accuracy_kp2500_seed789,789,10000,803,42,accuracy,100789,0.7944,3,0.6011894198894501,9.265276290476322,10,0.6011894198894501,valid,0.7947068025902867,0.8002513751025158,0.7944,100789
RS,0.8045,673,673,random,CIFAR10,804,main_b1000_cifar10_alexnet_RS_kp25_seed789,0.25,0.785,False,0.25,alexnet,0.25,CIFAR10_alexnet_RS_accuracy_kp2500_seed789,789,10000,804,42,accuracy,100789,0.785,2,0.6326141664981842,9.252241246402264,10,0.6326141664981842,valid,0.7851152250549024,0.794030447054181,0.785,100789
RS,0.8045,673,673,random,CIFAR10,805,main_b1000_cifar10_alexnet_RS_kp25_seed789,0.25,0.7914,False,0.25,alexnet,0.25,CIFAR10_alexnet_RS_accuracy_kp2500_seed789,789,10000,805,42,accuracy,100789,0.7914,3,0.6141819507598877,9.217328041791916,10,0.6141819507598877,valid,0.7894456776844143,0.7933786559762159,0.7914000000000001,100789
RS,0.8045,673,673,random,CIFAR10,806,main_b1000_cifar10_alexnet_RS_kp25_seed789,0.25,0.7956,False,0.25,alexnet,0.25,CIFAR10_alexnet_RS_accuracy_kp2500_seed789,789,10000,806,42,accuracy,100789,0.7956,3,0.5973177010536194,9.328831695020199,10,0.5973177010536194,valid,0.7955678221607084,0.7980736071018619,0.7956,100789
RS,0.8045,673,673,random,CIFAR10,807,main_b1000_cifar10_alexnet_RS_kp25_seed789,0.25,0.7954,False,0.25,alexnet,0.25,CIFAR10_alexnet_RS_accuracy_kp2500_seed789,789,10000,807,42,accuracy,100789,0.7954,2,0.6069416687488556,9.204013764858246,10,0.6069416687488556,valid,0.793982449446861,0.7980163322867097,0.7954000000000001,100789
RS,0.8045,673,673,random,CIFAR10,808,main_b1000_cifar10_alexnet_RS_kp25_seed789,0.25,0.7918,False,0.25,alexnet,0.25,CIFAR10_alexnet_RS_accuracy_kp2500_seed789,789,10000,808,42,accuracy,100789,0.7918,4,0.6235630892753601,9.28673230111599,10,0.6235630892753601,valid,0.7913999809169818,0.7961579983075172,0.7918,100789
RS,0.8045,673,673,random,CIFAR10,809,main_b1000_cifar10_alexnet_RS_kp25_seed789,0.25,0.7881,False,0.25,alexnet,0.25,CIFAR10_alexnet_RS_accuracy_kp2500_seed789,789,10000,809,42,accuracy,100789,0.7881,4,0.6329679804801941,9.24490113556385,10,0.6329679804801941,valid,0.7875191910355336,0.7937203568564243,0.7881,100789
RS,0.8045,673,673,random,CIFAR10,810,main_b1000_cifar10_alexnet_RS_kp25_seed789,0.25,0.7875,False,0.25,alexnet,0.25,CIFAR10_alexnet_RS_accuracy_kp2500_seed789,789,10000,810,42,accuracy,100789,0.7875,3,0.6143245475769042,9.213065080344677,10,0.6143245475769042,valid,0.7881862957951619,0.7929314903344361,0.7875000000000001,100789
RS,0.8045,673,673,random,CIFAR10,811,main_b1000_cifar10_alexnet_RS_kp25_seed789,0.25,0.7988,False,0.25,alexnet,0.25,CIFAR10_alexnet_RS_accuracy_kp2500_seed789,789,10000,811,42,accuracy,100789,0.7988,3,0.611545647764206,9.229269623756409,10,0.611545647764206,valid,0.7995515475074999,0.8051433000400048,0.7988,100789
RS,0.8045,673,673,random,CIFAR10,812,main_b1000_cifar10_alexnet_RS_kp25_seed789,0.25,0.7859,False,0.25,alexnet,0.25,CIFAR10_alexnet_RS_accuracy_kp2500_seed789,789,10000,812,42,accuracy,100789,0.7859,2,0.6128143750190734,9.295926749706268,10,0.6128143750190734,valid,0.7865510561122799,0.7905921425556285,0.7859,100789
RS,0.8045,673,673,random,CIFAR10,813,main_b1000_cifar10_alexnet_RS_kp25_seed789,0.25,0.7893,False,0.25,alexnet,0.25,CIFAR10_alexnet_RS_accuracy_kp2500_seed789,789,10000,813,42,accuracy,100789,0.7893,3,0.6146806817531586,9.302158571779728,10,0.6146806817531586,valid,0.7893330524600813,0.7939972031474846,0.7893,100789
RS,0.8045,673,673,random,CIFAR10,814,main_b1000_cifar10_alexnet_RS_kp25_seed789,0.25,0.7917,False,0.25,alexnet,0.25,CIFAR10_alexnet_RS_accuracy_kp2500_seed789,789,10000,814,42,accuracy,100789,0.7917,4,0.6174871825933457,9.192841440439224,10,0.6174871825933457,valid,0.791941999143229,0.7979579748229418,0.7917000000000001,100789
RS,0.8045,673,673,random,CIFAR10,815,main_b1000_cifar10_alexnet_RS_kp25_seed789,0.25,0.7981,False,0.25,alexnet,0.25,CIFAR10_alexnet_RS_accuracy_kp2500_seed789,789,10000,815,42,accuracy,100789,0.7981,4,0.6053405084609985,9.183150380849838,10,0.6053405084609985,valid,0.797159817717926,0.7985522353398832,0.7981,100789
RS,0.8045,673,673,random,CIFAR10,816,main_b1000_cifar10_alexnet_RS_kp25_seed789,0.25,0.7858,False,0.25,alexnet,0.25,CIFAR10_alexnet_RS_accuracy_kp2500_seed789,789,10000,816,42,accuracy,100789,0.7858,2,0.6135565495967865,9.236373759806156,10,0.6135565495967865,valid,0.784984516815886,0.7883887065007675,0.7857999999999999,100789
RS,0.8045,673,673,random,CIFAR10,817,main_b1000_cifar10_alexnet_RS_kp25_seed789,0.25,0.7989,False,0.25,alexnet,0.25,CIFAR10_alexnet_RS_accuracy_kp2500_seed789,789,10000,817,42,accuracy,100789,0.7989,4,0.6001132533550263,9.29385519772768,10,0.6001132533550263,valid,0.798038097291321,0.8006718145747443,0.7988999999999999,100789
RS,0.8045,673,673,random,CIFAR10,818,main_b1000_cifar10_alexnet_RS_kp25_seed789,0.25,0.7908,False,0.25,alexnet,0.25,CIFAR10_alexnet_RS_accuracy_kp2500_seed789,789,10000,818,42,accuracy,100789,0.7908,2,0.6090182032108307,9.328311443328857,10,0.6090182032108307,valid,0.7913653117279875,0.7975353732867083,0.7908000000000001,100789
RS,0.8045,673,673,random,CIFAR10,819,main_b1000_cifar10_alexnet_RS_kp25_seed789,0.25,0.7864,False,0.25,alexnet,0.25,CIFAR10_alexnet_RS_accuracy_kp2500_seed789,789,10000,819,42,accuracy,100789,0.7864,2,0.6197501130580902,9.291904963552952,10,0.6197501130580902,valid,0.7878082895461435,0.796624241927729,0.7864000000000001,100789
RS,0.8045,673,673,random,CIFAR10,820,main_b1000_cifar10_alexnet_RS_kp25_seed789,0.25,0.7921,False,0.25,alexnet,0.25,CIFAR10_alexnet_RS_accuracy_kp2500_seed789,789,10000,820,42,accuracy,100789,0.7921,4,0.6210722019672393,9.296454511582851,10,0.6210722019672393,valid,0.7928618733217807,0.7967653635709114,0.7921,100789
RS,0.8045,673,673,random,CIFAR10,821,main_b1000_cifar10_alexnet_RS_kp25_seed789,0.25,0.7882,False,0.25,alexnet,0.25,CIFAR10_alexnet_RS_accuracy_kp2500_seed789,789,10000,821,42,accuracy,100789,0.7882,2,0.6221595037460327,9.264850750565529,10,0.6221595037460327,valid,0.7878658887988397,0.7953590575835445,0.7882,100789
RS,0.8045,673,673,random,CIFAR10,822,main_b1000_cifar10_alexnet_RS_kp25_seed789,0.25,0.7917,False,0.25,alexnet,0.25,CIFAR10_alexnet_RS_accuracy_kp2500_seed789,789,10000,822,42,accuracy,100789,0.7917,3,0.6319302932262421,9.257140062749386,10,0.6319302932262421,valid,0.7909863687216883,0.7980283650538508,0.7917,100789
RS,0.8045,673,673,random,CIFAR10,823,main_b1000_cifar10_alexnet_RS_kp25_seed789,0.25,0.7912,False,0.25,alexnet,0.25,CIFAR10_alexnet_RS_accuracy_kp2500_seed789,789,10000,823,42,accuracy,100789,0.7912,3,0.6058540936946869,9.259264126420021,10,0.6058540936946869,valid,0.7914243105007917,0.792767796734372,0.7912000000000001,100789
RS,0.8045,673,673,random,CIFAR10,824,main_b1000_cifar10_alexnet_RS_kp25_seed789,0.25,0.7859,False,0.25,alexnet,0.25,CIFAR10_alexnet_RS_accuracy_kp2500_seed789,789,10000,824,42,accuracy,100789,0.7859,2,0.6119024384498596,9.345685176551342,10,0.6119024384498596,valid,0.7868964479303069,0.7939613748550911,0.7859,100789
RS,0.8045,673,673,random,CIFAR10,825,main_b1000_cifar10_alexnet_RS_kp25_seed789,0.25,0.799,False,0.25,alexnet,0.25,CIFAR10_alexnet_RS_accuracy_kp2500_seed789,789,10000,825,42,accuracy,100789,0.799,3,0.5961516530036927,9.283461414277554,10,0.5961516530036927,valid,0.798962406401907,0.8008448317454816,0.799,100789
RS,0.8045,673,673,random,CIFAR10,826,main_b1000_cifar10_alexnet_RS_kp25_seed789,0.25,0.795,False,0.25,alexnet,0.25,CIFAR10_alexnet_RS_accuracy_kp2500_seed789,789,10000,826,42,accuracy,100789,0.795,3,0.5979875025749206,9.28930377960205,10,0.5979875025749206,valid,0.7950058507123994,0.7987334044212933,0.7949999999999999,100789
RS,0.8045,673,673,random,CIFAR10,827,main_b1000_cifar10_alexnet_RS_kp25_seed789,0.25,0.7989,False,0.25,alexnet,0.25,CIFAR10_alexnet_RS_accuracy_kp2500_seed789,789,10000,827,42,accuracy,100789,0.7989,5,0.6264276312351227,9.236012004315853,10,0.6264276312351227,valid,0.7982868676282354,0.8011153883540336,0.7989,100789
RS,0.8045,673,673,random,CIFAR10,828,main_b1000_cifar10_alexnet_RS_kp25_seed789,0.25,0.7926,False,0.25,alexnet,0.25,CIFAR10_alexnet_RS_accuracy_kp2500_seed789,789,10000,828,42,accuracy,100789,0.7926,3,0.6181828032016754,9.1970304697752,10,0.6181828032016754,valid,0.7933647143181316,0.8002266038642954,0.7926,100789
RS,0.8045,673,673,random,CIFAR10,829,main_b1000_cifar10_alexnet_RS_kp25_seed789,0.25,0.791,False,0.25,alexnet,0.25,CIFAR10_alexnet_RS_accuracy_kp2500_seed789,789,10000,829,42,accuracy,100789,0.791,2,0.5961208470344543,9.207564182579517,10,0.5961208470344543,valid,0.7921987429326939,0.7969949087550379,0.791,100789
RS,0.8045,673,673,random,CIFAR10,830,main_b1000_cifar10_alexnet_RS_kp25_seed789,0.25,0.7846,False,0.25,alexnet,0.25,CIFAR10_alexnet_RS_accuracy_kp2500_seed789,789,10000,830,42,accuracy,100789,0.7846,1,0.6228145781040192,9.324109233915806,10,0.6228145781040192,valid,0.7840118660992559,0.7865070036055852,0.7846,100789
RS,0.8045,673,673,random,CIFAR10,831,main_b1000_cifar10_alexnet_RS_kp25_seed789,0.25,0.7933,False,0.25,alexnet,0.25,CIFAR10_alexnet_RS_accuracy_kp2500_seed789,789,10000,831,42,accuracy,100789,0.7933,3,0.6118559361457825,9.300162553787231,10,0.6118559361457825,valid,0.7937996189067548,0.8002123901473712,0.7933,100789
RS,0.8045,673,673,random,CIFAR10,832,main_b1000_cifar10_alexnet_RS_kp25_seed789,0.25,0.7938,False,0.25,alexnet,0.25,CIFAR10_alexnet_RS_accuracy_kp2500_seed789,789,10000,832,42,accuracy,100789,0.7938,3,0.6085928486824036,9.221098333597183,10,0.6085928486824036,valid,0.7935903371387046,0.7955797030153343,0.7938,100789
RS,0.8045,673,673,random,CIFAR10,833,main_b1000_cifar10_alexnet_RS_kp25_seed789,0.25,0.7897,False,0.25,alexnet,0.25,CIFAR10_alexnet_RS_accuracy_kp2500_seed789,789,10000,833,42,accuracy,100789,0.7897,3,0.6166065264225006,9.210184827446938,10,0.6166065264225006,valid,0.7888698265744607,0.7922107058825514,0.7897000000000001,100789
RS,0.8045,673,673,random,CIFAR10,834,main_b1000_cifar10_alexnet_RS_kp25_seed789,0.25,0.7962,False,0.25,alexnet,0.25,CIFAR10_alexnet_RS_accuracy_kp2500_seed789,789,10000,834,42,accuracy,100789,0.7962,5,0.6174756595134735,9.275818221271038,10,0.6174756595134735,valid,0.7967878277708664,0.7995581477712134,0.7962,100789
RS,0.8045,673,673,random,CIFAR10,835,main_b1000_cifar10_alexnet_RS_kp25_seed789,0.25,0.7841,False,0.25,alexnet,0.25,CIFAR10_alexnet_RS_accuracy_kp2500_seed789,789,10000,835,42,accuracy,100789,0.7841,3,0.6267957904815674,9.238613672554493,10,0.6267957904815674,valid,0.7849465515520869,0.7943087261529235,0.7840999999999999,100789
RS,0.8045,673,673,random,CIFAR10,836,main_b1000_cifar10_alexnet_RS_kp25_seed789,0.25,0.7848,False,0.25,alexnet,0.25,CIFAR10_alexnet_RS_accuracy_kp2500_seed789,789,10000,836,42,accuracy,100789,0.7848,3,0.6178903137683869,9.30442275851965,10,0.6178903137683869,valid,0.7841323470581992,0.7933178754870751,0.7848,100789
RS,0.8045,673,673,random,CIFAR10,837,main_b1000_cifar10_alexnet_RS_kp25_seed789,0.25,0.787,False,0.25,alexnet,0.25,CIFAR10_alexnet_RS_accuracy_kp2500_seed789,789,10000,837,42,accuracy,100789,0.787,3,0.6140088933467865,9.270930178463459,10,0.6140088933467865,valid,0.7870644272846985,0.7928776675073386,0.787,100789
RS,0.8045,673,673,random,CIFAR10,838,main_b1000_cifar10_alexnet_RS_kp25_seed789,0.25,0.7895,False,0.25,alexnet,0.25,CIFAR10_alexnet_RS_accuracy_kp2500_seed789,789,10000,838,42,accuracy,100789,0.7895,3,0.6057439972400666,9.189009331166744,10,0.6057439972400666,valid,0.7900580934577788,0.7911226072395386,0.7895,100789
RS,0.8045,673,673,random,CIFAR10,839,main_b1000_cifar10_alexnet_RS_kp25_seed789,0.25,0.7932,False,0.25,alexnet,0.25,CIFAR10_alexnet_RS_accuracy_kp2500_seed789,789,10000,839,42,accuracy,100789,0.7932,4,0.6131271105766296,9.25972094386816,10,0.6131271105766296,valid,0.793781943104659,0.7985304276697107,0.7932,100789
RS,0.8045,673,673,random,CIFAR10,840,main_b1000_cifar10_alexnet_RS_kp25_seed789,0.25,0.792,False,0.25,alexnet,0.25,CIFAR10_alexnet_RS_accuracy_kp2500_seed789,789,10000,840,42,accuracy,100789,0.792,4,0.6279929766178131,9.22547261416912,10,0.6279929766178131,valid,0.7932567615820612,0.799074562036139,0.792,100789
RS,0.8045,673,673,random,CIFAR10,841,main_b1000_cifar10_alexnet_RS_kp25_seed789,0.25,0.7909,False,0.25,alexnet,0.25,CIFAR10_alexnet_RS_accuracy_kp2500_seed789,789,10000,841,42,accuracy,100789,0.7909,2,0.6054560720920563,9.215576641261578,10,0.6054560720920563,valid,0.792704444237408,0.7983046803099956,0.7908999999999999,100789
RS,0.8045,673,673,random,CIFAR10,842,main_b1000_cifar10_alexnet_RS_kp25_seed789,0.25,0.7874,False,0.25,alexnet,0.25,CIFAR10_alexnet_RS_accuracy_kp2500_seed789,789,10000,842,42,accuracy,100789,0.7874,3,0.6200601706504821,9.24970904737711,10,0.6200601706504821,valid,0.7865178285068531,0.7945726401567746,0.7874,100789
RS,0.8045,673,673,random,CIFAR10,843,main_b1000_cifar10_alexnet_RS_kp25_seed789,0.25,0.7979,False,0.25,alexnet,0.25,CIFAR10_alexnet_RS_accuracy_kp2500_seed789,789,10000,843,42,accuracy,100789,0.7979,4,0.6129812563896179,9.303085938096046,10,0.6129812563896179,valid,0.7970682774987451,0.7973690418249119,0.7979,100789
RS,0.8045,673,673,random,CIFAR10,844,main_b1000_cifar10_alexnet_RS_kp25_seed789,0.25,0.7855,False,0.25,alexnet,0.25,CIFAR10_alexnet_RS_accuracy_kp2500_seed789,789,10000,844,42,accuracy,100789,0.7855,2,0.6194212047576905,9.195936992764473,10,0.6194212047576905,valid,0.7861851628059774,0.7907801215839262,0.7855000000000001,100789
RS,0.8045,673,673,random,CIFAR10,845,main_b1000_cifar10_alexnet_RS_kp25_seed789,0.25,0.7879,False,0.25,alexnet,0.25,CIFAR10_alexnet_RS_accuracy_kp2500_seed789,789,10000,845,42,accuracy,100789,0.7879,3,0.6160426195144654,9.290448226034641,10,0.6160426195144654,valid,0.7882379910211332,0.7927278086538961,0.7878999999999999,100789
RS,0.8045,673,673,random,CIFAR10,846,main_b1000_cifar10_alexnet_RS_kp25_seed789,0.25,0.8013,False,0.25,alexnet,0.25,CIFAR10_alexnet_RS_accuracy_kp2500_seed789,789,10000,846,42,accuracy,100789,0.8013,5,0.6079561936378479,9.284450821578503,10,0.6079561936378479,valid,0.8004659226602573,0.8017431113950522,0.8013,100789
RS,0.8045,673,673,random,CIFAR10,847,main_b1000_cifar10_alexnet_RS_kp25_seed789,0.25,0.7867,False,0.25,alexnet,0.25,CIFAR10_alexnet_RS_accuracy_kp2500_seed789,789,10000,847,42,accuracy,100789,0.7867,3,0.6223684478759766,9.233065888285637,10,0.6223684478759766,valid,0.7856649097231942,0.7892789928407041,0.7867,100789
RS,0.8045,673,673,random,CIFAR10,848,main_b1000_cifar10_alexnet_RS_kp25_seed789,0.25,0.7964,False,0.25,alexnet,0.25,CIFAR10_alexnet_RS_accuracy_kp2500_seed789,789,10000,848,42,accuracy,100789,0.7964,3,0.6183177145004273,9.192753255367279,10,0.6183177145004273,valid,0.7965567883807202,0.7990935584789735,0.7964000000000001,100789
RS,0.8045,673,673,random,CIFAR10,849,main_b1000_cifar10_alexnet_RS_kp25_seed789,0.25,0.7877,False,0.25,alexnet,0.25,CIFAR10_alexnet_RS_accuracy_kp2500_seed789,789,10000,849,42,accuracy,100789,0.7877,2,0.6154251728057861,9.362703785300255,10,0.6154251728057861,valid,0.7858252048129144,0.7903035681156436,0.7877000000000001,100789
RS,0.8045,673,673,random,CIFAR10,850,main_b1000_cifar10_alexnet_RS_kp25_seed789,0.25,0.7981,False,0.25,alexnet,0.25,CIFAR10_alexnet_RS_accuracy_kp2500_seed789,789,10000,850,42,accuracy,100789,0.7981,5,0.6226442502498627,9.205341100692749,10,0.6226442502498627,valid,0.7972765634875871,0.7983977697670883,0.7981,100789
RS,0.8045,673,673,random,CIFAR10,851,main_b1000_cifar10_alexnet_RS_kp25_seed789,0.25,0.7891,False,0.25,alexnet,0.25,CIFAR10_alexnet_RS_accuracy_kp2500_seed789,789,10000,851,42,accuracy,100789,0.7891,2,0.6147098297595978,9.22596538811922,10,0.6147098297595978,valid,0.7893682473957198,0.7945442352311628,0.7891,100789
RS,0.8045,673,673,random,CIFAR10,852,main_b1000_cifar10_alexnet_RS_kp25_seed789,0.25,0.7946,False,0.25,alexnet,0.25,CIFAR10_alexnet_RS_accuracy_kp2500_seed789,789,10000,852,42,accuracy,100789,0.7946,3,0.6046387456893921,9.201845191419125,10,0.6046387456893921,valid,0.7944084835705401,0.7979254894054097,0.7946,100789
RS,0.8045,673,673,random,CIFAR10,853,main_b1000_cifar10_alexnet_RS_kp25_seed789,0.25,0.7894,False,0.25,alexnet,0.25,CIFAR10_alexnet_RS_accuracy_kp2500_seed789,789,10000,853,42,accuracy,100789,0.7894,3,0.6198698547363282,9.193658597767353,10,0.6198698547363282,valid,0.7889496751406198,0.7929559432109389,0.7894,100789
RS,0.8045,673,673,random,CIFAR10,854,main_b1000_cifar10_alexnet_RS_kp25_seed789,0.25,0.7922,False,0.25,alexnet,0.25,CIFAR10_alexnet_RS_accuracy_kp2500_seed789,789,10000,854,42,accuracy,100789,0.7922,3,0.6098854571819305,9.2591752409935,10,0.6098854571819305,valid,0.7919463939147551,0.795539304627055,0.7922,100789
RS,0.8045,673,673,random,CIFAR10,855,main_b1000_cifar10_alexnet_RS_kp25_seed789,0.25,0.7924,False,0.25,alexnet,0.25,CIFAR10_alexnet_RS_accuracy_kp2500_seed789,789,10000,855,42,accuracy,100789,0.7924,4,0.6183141519546509,9.283588826656342,10,0.6183141519546509,valid,0.7930304299248367,0.79892946854149,0.7924,100789
RS,0.8045,673,673,random,CIFAR10,856,main_b1000_cifar10_alexnet_RS_kp25_seed789,0.25,0.7954,False,0.25,alexnet,0.25,CIFAR10_alexnet_RS_accuracy_kp2500_seed789,789,10000,856,42,accuracy,100789,0.7954,3,0.5933060820579529,9.296366140246391,10,0.5933060820579529,valid,0.7953679511922316,0.7971859248479133,0.7954,100789
RS,0.8045,673,673,random,CIFAR10,857,main_b1000_cifar10_alexnet_RS_kp25_seed789,0.25,0.7929,False,0.25,alexnet,0.25,CIFAR10_alexnet_RS_accuracy_kp2500_seed789,789,10000,857,42,accuracy,100789,0.7929,3,0.6044262636661529,9.163094751536846,10,0.6044262636661529,valid,0.7945226907374995,0.7990975078472569,0.7929,100789
RS,0.8045,673,673,random,CIFAR10,858,main_b1000_cifar10_alexnet_RS_kp25_seed789,0.25,0.7907,False,0.25,alexnet,0.25,CIFAR10_alexnet_RS_accuracy_kp2500_seed789,789,10000,858,42,accuracy,100789,0.7907,2,0.6106022572994232,9.162125065922737,10,0.6106022572994232,valid,0.7897084507502274,0.7927640716885691,0.7907,100789
RS,0.8045,673,673,random,CIFAR10,859,main_b1000_cifar10_alexnet_RS_kp25_seed789,0.25,0.7999,False,0.25,alexnet,0.25,CIFAR10_alexnet_RS_accuracy_kp2500_seed789,789,10000,859,42,accuracy,100789,0.7999,6,0.6230694756746292,9.186920538544655,10,0.6230694756746292,valid,0.8000253531010143,0.8039889212738073,0.7998999999999999,100789
RS,0.8045,673,673,random,CIFAR10,860,main_b1000_cifar10_alexnet_RS_kp25_seed789,0.25,0.7905,False,0.25,alexnet,0.25,CIFAR10_alexnet_RS_accuracy_kp2500_seed789,789,10000,860,42,accuracy,100789,0.7905,2,0.613051667881012,9.19010628759861,10,0.613051667881012,valid,0.7894655059782065,0.7939723993029156,0.7905,100789
RS,0.8045,673,673,random,CIFAR10,861,main_b1000_cifar10_alexnet_RS_kp25_seed789,0.25,0.793,False,0.25,alexnet,0.25,CIFAR10_alexnet_RS_accuracy_kp2500_seed789,789,10000,861,42,accuracy,100789,0.793,4,0.6351707133769989,9.285261295735836,10,0.6351707133769989,valid,0.7928290907785737,0.797331789168488,0.7929999999999999,100789
RS,0.8045,673,673,random,CIFAR10,862,main_b1000_cifar10_alexnet_RS_kp25_seed789,0.25,0.7946,False,0.25,alexnet,0.25,CIFAR10_alexnet_RS_accuracy_kp2500_seed789,789,10000,862,42,accuracy,100789,0.7946,3,0.5998230232715607,9.168613843619823,10,0.5998230232715607,valid,0.794238622902013,0.7970520080223961,0.7946000000000001,100789
RS,0.8045,673,673,random,CIFAR10,863,main_b1000_cifar10_alexnet_RS_kp25_seed789,0.25,0.7842,False,0.25,alexnet,0.25,CIFAR10_alexnet_RS_accuracy_kp2500_seed789,789,10000,863,42,accuracy,100789,0.7842,3,0.6303479160308838,9.206183195114136,10,0.6303479160308838,valid,0.7832545849030769,0.7878714363598508,0.7842,100789
RS,0.8045,673,673,random,CIFAR10,864,main_b1000_cifar10_alexnet_RS_kp25_seed789,0.25,0.7878,False,0.25,alexnet,0.25,CIFAR10_alexnet_RS_accuracy_kp2500_seed789,789,10000,864,42,accuracy,100789,0.7878,2,0.6028683269977569,9.131202042102814,10,0.6028683269977569,valid,0.7874208211511837,0.7885128111141151,0.7878000000000001,100789
RS,0.8045,673,673,random,CIFAR10,865,main_b1000_cifar10_alexnet_RS_kp25_seed789,0.25,0.7923,False,0.25,alexnet,0.25,CIFAR10_alexnet_RS_accuracy_kp2500_seed789,789,10000,865,42,accuracy,100789,0.7923,4,0.6169987574100494,9.183720134198666,10,0.6169987574100494,valid,0.79252138615276,0.7946751546934632,0.7923,100789
RS,0.8045,673,673,random,CIFAR10,866,main_b1000_cifar10_alexnet_RS_kp25_seed789,0.25,0.7907,False,0.25,alexnet,0.25,CIFAR10_alexnet_RS_accuracy_kp2500_seed789,789,10000,866,42,accuracy,100789,0.7907,3,0.6149914791107177,9.226869456470013,10,0.6149914791107177,valid,0.7913492820508985,0.7968529447972584,0.7907,100789
RS,0.8045,673,673,random,CIFAR10,867,main_b1000_cifar10_alexnet_RS_kp25_seed789,0.25,0.7951,False,0.25,alexnet,0.25,CIFAR10_alexnet_RS_accuracy_kp2500_seed789,789,10000,867,42,accuracy,100789,0.7951,3,0.6027043380260467,9.287537150084972,10,0.6027043380260467,valid,0.7957777788331306,0.7975527097354494,0.7951,100789
RS,0.8045,673,673,random,CIFAR10,868,main_b1000_cifar10_alexnet_RS_kp25_seed789,0.25,0.794,False,0.25,alexnet,0.25,CIFAR10_alexnet_RS_accuracy_kp2500_seed789,789,10000,868,42,accuracy,100789,0.794,3,0.6045446921825409,9.185209594666958,10,0.6045446921825409,valid,0.7942261675601197,0.7977877745662021,0.794,100789
RS,0.8045,673,673,random,CIFAR10,869,main_b1000_cifar10_alexnet_RS_kp25_seed789,0.25,0.79,False,0.25,alexnet,0.25,CIFAR10_alexnet_RS_accuracy_kp2500_seed789,789,10000,869,42,accuracy,100789,0.79,4,0.6210088702201844,9.165815636515617,10,0.6210088702201844,valid,0.7889535025013041,0.7904535523478009,0.79,100789
RS,0.8045,673,673,random,CIFAR10,870,main_b1000_cifar10_alexnet_RS_kp25_seed789,0.25,0.7806,False,0.25,alexnet,0.25,CIFAR10_alexnet_RS_accuracy_kp2500_seed789,789,10000,870,42,accuracy,100789,0.7806,2,0.6221822719573975,9.168513923883438,10,0.6221822719573975,valid,0.7813342819111244,0.7883136726947824,0.7806,100789
RS,0.8045,673,673,random,CIFAR10,871,main_b1000_cifar10_alexnet_RS_kp25_seed789,0.25,0.7919,False,0.25,alexnet,0.25,CIFAR10_alexnet_RS_accuracy_kp2500_seed789,789,10000,871,42,accuracy,100789,0.7919,3,0.6187838588237763,9.13454781472683,10,0.6187838588237763,valid,0.7913257304417769,0.7969097128621815,0.7919,100789
RS,0.8045,673,673,random,CIFAR10,872,main_b1000_cifar10_alexnet_RS_kp25_seed789,0.25,0.7889,False,0.25,alexnet,0.25,CIFAR10_alexnet_RS_accuracy_kp2500_seed789,789,10000,872,42,accuracy,100789,0.7889,2,0.6181277485847473,9.246955782175064,10,0.6181277485847473,valid,0.7887957929493832,0.7935262737202661,0.7889,100789
RS,0.8045,673,673,random,CIFAR10,873,main_b1000_cifar10_alexnet_RS_kp25_seed789,0.25,0.7929,False,0.25,alexnet,0.25,CIFAR10_alexnet_RS_accuracy_kp2500_seed789,789,10000,873,42,accuracy,100789,0.7929,4,0.616566205739975,9.262387469410896,10,0.616566205739975,valid,0.7935189925652338,0.7961861903727862,0.7929,100789
RS,0.8045,673,673,random,CIFAR10,874,main_b1000_cifar10_alexnet_RS_kp25_seed789,0.25,0.7958,False,0.25,alexnet,0.25,CIFAR10_alexnet_RS_accuracy_kp2500_seed789,789,10000,874,42,accuracy,100789,0.7958,2,0.6053769035816192,9.273586228489876,10,0.6053769035816192,valid,0.794515008364956,0.7991603021124892,0.7958000000000001,100789
RS,0.8045,673,673,random,CIFAR10,875,main_b1000_cifar10_alexnet_RS_kp25_seed789,0.25,0.792,False,0.25,alexnet,0.25,CIFAR10_alexnet_RS_accuracy_kp2500_seed789,789,10000,875,42,accuracy,100789,0.792,2,0.6084845812797547,9.204933300614357,10,0.6084845812797547,valid,0.7914015667929473,0.7933093312211877,0.792,100789
RS,0.8045,673,673,random,CIFAR10,876,main_b1000_cifar10_alexnet_RS_kp25_seed789,0.25,0.7927,False,0.25,alexnet,0.25,CIFAR10_alexnet_RS_accuracy_kp2500_seed789,789,10000,876,42,accuracy,100789,0.7927,3,0.6126985950946808,9.170356191694736,10,0.6126985950946808,valid,0.7911991681453581,0.7952320879439656,0.7927,100789
RS,0.8045,673,673,random,CIFAR10,877,main_b1000_cifar10_alexnet_RS_kp25_seed789,0.25,0.7959,False,0.25,alexnet,0.25,CIFAR10_alexnet_RS_accuracy_kp2500_seed789,789,10000,877,42,accuracy,100789,0.7959,2,0.5874984209060669,9.126050226390362,10,0.5874984209060669,valid,0.7962173043758722,0.7983537107524303,0.7959,100789
RS,0.8045,673,673,random,CIFAR10,878,main_b1000_cifar10_alexnet_RS_kp25_seed789,0.25,0.7945,False,0.25,alexnet,0.25,CIFAR10_alexnet_RS_accuracy_kp2500_seed789,789,10000,878,42,accuracy,100789,0.7945,3,0.6177496313095093,9.251649796962738,10,0.6177496313095093,valid,0.7954847593685586,0.7982817941516246,0.7945,100789
RS,0.8045,673,673,random,CIFAR10,879,main_b1000_cifar10_alexnet_RS_kp25_seed789,0.25,0.7896,False,0.25,alexnet,0.25,CIFAR10_alexnet_RS_accuracy_kp2500_seed789,789,10000,879,42,accuracy,100789,0.7896,3,0.6198176222801208,9.245683990418911,10,0.6198176222801208,valid,0.7909957900940955,0.7979564297754297,0.7895999999999999,100789
RS,0.8045,673,673,random,CIFAR10,880,main_b1000_cifar10_alexnet_RS_kp25_seed789,0.25,0.7966,False,0.25,alexnet,0.25,CIFAR10_alexnet_RS_accuracy_kp2500_seed789,789,10000,880,42,accuracy,100789,0.7966,4,0.6036510019302368,9.163297474384308,10,0.6036510019302368,valid,0.7959747800093331,0.7962355751135461,0.7966000000000001,100789
RS,0.8045,673,673,random,CIFAR10,881,main_b1000_cifar10_alexnet_RS_kp25_seed789,0.25,0.7838,False,0.25,alexnet,0.25,CIFAR10_alexnet_RS_accuracy_kp2500_seed789,789,10000,881,42,accuracy,100789,0.7838,2,0.6262309595108032,9.169979259371758,10,0.6262309595108032,valid,0.7838473036557165,0.7885045697336045,0.7837999999999999,100789
RS,0.8045,673,673,random,CIFAR10,882,main_b1000_cifar10_alexnet_RS_kp25_seed789,0.25,0.7858,False,0.25,alexnet,0.25,CIFAR10_alexnet_RS_accuracy_kp2500_seed789,789,10000,882,42,accuracy,100789,0.7858,2,0.6130970619678497,9.048216789960861,10,0.6130970619678497,valid,0.7862966962801281,0.7910655108134682,0.7857999999999999,100789
RS,0.8045,673,673,random,CIFAR10,883,main_b1000_cifar10_alexnet_RS_kp25_seed789,0.25,0.7929,False,0.25,alexnet,0.25,CIFAR10_alexnet_RS_accuracy_kp2500_seed789,789,10000,883,42,accuracy,100789,0.7929,4,0.6328376106262207,9.151830218732357,10,0.6328376106262207,valid,0.7919312632239397,0.7942908104708994,0.7929,100789
RS,0.8045,673,673,random,CIFAR10,884,main_b1000_cifar10_alexnet_RS_kp25_seed789,0.25,0.7822,False,0.25,alexnet,0.25,CIFAR10_alexnet_RS_accuracy_kp2500_seed789,789,10000,884,42,accuracy,100789,0.7822,2,0.6214657940864563,9.294490538537502,10,0.6214657940864563,valid,0.7822742095173264,0.7876532925902685,0.7822000000000001,100789
RS,0.8045,673,673,random,CIFAR10,885,main_b1000_cifar10_alexnet_RS_kp25_seed789,0.25,0.7809,False,0.25,alexnet,0.25,CIFAR10_alexnet_RS_accuracy_kp2500_seed789,789,10000,885,42,accuracy,100789,0.7809,2,0.6327173448085784,9.1908113732934,10,0.6327173448085784,valid,0.7811713626949162,0.7875729168213096,0.7809,100789
RS,0.8045,673,673,random,CIFAR10,886,main_b1000_cifar10_alexnet_RS_kp25_seed789,0.25,0.8009,False,0.25,alexnet,0.25,CIFAR10_alexnet_RS_accuracy_kp2500_seed789,789,10000,886,42,accuracy,100789,0.8009,5,0.612831597995758,9.19304659217596,10,0.612831597995758,valid,0.8013322841183216,0.8040196523917127,0.8009000000000001,100789
RS,0.8045,673,673,random,CIFAR10,887,main_b1000_cifar10_alexnet_RS_kp25_seed789,0.25,0.7886,False,0.25,alexnet,0.25,CIFAR10_alexnet_RS_accuracy_kp2500_seed789,789,10000,887,42,accuracy,100789,0.7886,3,0.6195355881690979,9.167966112494469,10,0.6195355881690979,valid,0.7886532334929537,0.7921798695526242,0.7886,100789
RS,0.8045,673,673,random,CIFAR10,888,main_b1000_cifar10_alexnet_RS_kp25_seed789,0.25,0.7909,False,0.25,alexnet,0.25,CIFAR10_alexnet_RS_accuracy_kp2500_seed789,789,10000,888,42,accuracy,100789,0.7909,3,0.6119629346847534,9.20138055831194,10,0.6119629346847534,valid,0.7906444750586643,0.795615114131154,0.7909,100789
RS,0.8045,673,673,random,CIFAR10,889,main_b1000_cifar10_alexnet_RS_kp25_seed789,0.25,0.8023,False,0.25,alexnet,0.25,CIFAR10_alexnet_RS_accuracy_kp2500_seed789,789,10000,889,42,accuracy,100789,0.8023,4,0.603580449962616,9.146317698061466,10,0.603580449962616,valid,0.8029043909387606,0.8048081208575963,0.8023,100789
RS,0.8045,673,673,random,CIFAR10,890,main_b1000_cifar10_alexnet_RS_kp25_seed789,0.25,0.7889,False,0.25,alexnet,0.25,CIFAR10_alexnet_RS_accuracy_kp2500_seed789,789,10000,890,42,accuracy,100789,0.7889,3,0.6229074090003968,9.12789835035801,10,0.6229074090003968,valid,0.7922038242110984,0.803522003033898,0.7888999999999999,100789
RS,0.8045,673,673,random,CIFAR10,891,main_b1000_cifar10_alexnet_RS_kp25_seed789,0.25,0.7966,False,0.25,alexnet,0.25,CIFAR10_alexnet_RS_accuracy_kp2500_seed789,789,10000,891,42,accuracy,100789,0.7966,4,0.6076796243667603,9.19889372587204,10,0.6076796243667603,valid,0.7955993977542927,0.7996801838517413,0.7966,100789
RS,0.8045,673,673,random,CIFAR10,892,main_b1000_cifar10_alexnet_RS_kp25_seed789,0.25,0.7872,False,0.25,alexnet,0.25,CIFAR10_alexnet_RS_accuracy_kp2500_seed789,789,10000,892,42,accuracy,100789,0.7872,2,0.6192378427505493,9.227782391011715,10,0.6192378427505493,valid,0.7856901984710994,0.7900361236679188,0.7872,100789
RS,0.8045,673,673,random,CIFAR10,893,main_b1000_cifar10_alexnet_RS_kp25_seed789,0.25,0.7924,False,0.25,alexnet,0.25,CIFAR10_alexnet_RS_accuracy_kp2500_seed789,789,10000,893,42,accuracy,100789,0.7924,4,0.6176512929439545,9.195616573095322,10,0.6176512929439545,valid,0.794012459465024,0.7996280829900553,0.7924,100789
RS,0.8045,673,673,random,CIFAR10,894,main_b1000_cifar10_alexnet_RS_kp25_seed789,0.25,0.7961,False,0.25,alexnet,0.25,CIFAR10_alexnet_RS_accuracy_kp2500_seed789,789,10000,894,42,accuracy,100789,0.7961,4,0.6173577843666077,9.228024236857891,10,0.6173577843666077,valid,0.7962053594872547,0.7978031408017489,0.7960999999999999,100789
RS,0.8045,673,673,random,CIFAR10,895,main_b1000_cifar10_alexnet_RS_kp25_seed789,0.25,0.7845,False,0.25,alexnet,0.25,CIFAR10_alexnet_RS_accuracy_kp2500_seed789,789,10000,895,42,accuracy,100789,0.7845,2,0.6102387623310089,9.19600760191679,10,0.6102387623310089,valid,0.7842769100690969,0.7860472151602672,0.7845,100789
RS,0.8045,673,673,random,CIFAR10,896,main_b1000_cifar10_alexnet_RS_kp25_seed789,0.25,0.7932,False,0.25,alexnet,0.25,CIFAR10_alexnet_RS_accuracy_kp2500_seed789,789,10000,896,42,accuracy,100789,0.7932,3,0.6015886014938354,9.170525088906288,10,0.6015886014938354,valid,0.7927927882815814,0.7982066712138107,0.7932,100789
RS,0.8045,673,673,random,CIFAR10,897,main_b1000_cifar10_alexnet_RS_kp25_seed789,0.25,0.7943,False,0.25,alexnet,0.25,CIFAR10_alexnet_RS_accuracy_kp2500_seed789,789,10000,897,42,accuracy,100789,0.7943,2,0.593444325876236,9.250989139080048,10,0.593444325876236,valid,0.7930415638044688,0.7948999522285225,0.7943,100789
RS,0.8045,673,673,random,CIFAR10,898,main_b1000_cifar10_alexnet_RS_kp25_seed789,0.25,0.7931,False,0.25,alexnet,0.25,CIFAR10_alexnet_RS_accuracy_kp2500_seed789,789,10000,898,42,accuracy,100789,0.7931,5,0.633866536808014,9.170928068459034,10,0.633866536808014,valid,0.7925259985315612,0.7939610400761982,0.7931000000000001,100789
RS,0.8045,673,673,random,CIFAR10,899,main_b1000_cifar10_alexnet_RS_kp25_seed789,0.25,0.7954,False,0.25,alexnet,0.25,CIFAR10_alexnet_RS_accuracy_kp2500_seed789,789,10000,899,42,accuracy,100789,0.7954,3,0.5997777918815613,9.227719612419605,10,0.5997777918815613,valid,0.7960454171947741,0.8006025721327024,0.7954000000000001,100789
RS,0.8045,673,673,random,CIFAR10,900,main_b1000_cifar10_alexnet_RS_kp25_seed789,0.25,0.7891,False,0.25,alexnet,0.25,CIFAR10_alexnet_RS_accuracy_kp2500_seed789,789,10000,900,42,accuracy,100789,0.7891,3,0.6315023337841034,9.191911071538925,10,0.6315023337841034,valid,0.7900807557808336,0.7963761285048674,0.7891,100789
RS,0.8045,673,673,random,CIFAR10,901,main_b1000_cifar10_alexnet_RS_kp25_seed789,0.25,0.7915,False,0.25,alexnet,0.25,CIFAR10_alexnet_RS_accuracy_kp2500_seed789,789,10000,901,42,accuracy,100789,0.7915,3,0.6066746409416198,9.154175892472267,10,0.6066746409416198,valid,0.7915466930819297,0.7944080358018737,0.7915,100789
RS,0.8045,673,673,random,CIFAR10,902,main_b1000_cifar10_alexnet_RS_kp25_seed789,0.25,0.7819,False,0.25,alexnet,0.25,CIFAR10_alexnet_RS_accuracy_kp2500_seed789,789,10000,902,42,accuracy,100789,0.7819,2,0.6168299789905548,9.130680277943611,10,0.6168299789905548,valid,0.7829509724533417,0.788129338517841,0.7819,100789
RS,0.8045,673,673,random,CIFAR10,903,main_b1000_cifar10_alexnet_RS_kp25_seed789,0.25,0.7984,False,0.25,alexnet,0.25,CIFAR10_alexnet_RS_accuracy_kp2500_seed789,789,10000,903,42,accuracy,100789,0.7984,3,0.5868984237670899,9.233973577618599,10,0.5868984237670899,valid,0.7993068024028769,0.8021939569926682,0.7984,100789
RS,0.8045,673,673,random,CIFAR10,904,main_b1000_cifar10_alexnet_RS_kp25_seed789,0.25,0.7966,False,0.25,alexnet,0.25,CIFAR10_alexnet_RS_accuracy_kp2500_seed789,789,10000,904,42,accuracy,100789,0.7966,4,0.6075123329162597,9.199611522257328,10,0.6075123329162597,valid,0.7961930247993705,0.797564213626391,0.7966,100789
RS,0.8045,673,673,random,CIFAR10,905,main_b1000_cifar10_alexnet_RS_kp25_seed789,0.25,0.8002,False,0.25,alexnet,0.25,CIFAR10_alexnet_RS_accuracy_kp2500_seed789,789,10000,905,42,accuracy,100789,0.8002,3,0.59851099691391,9.210740447044373,10,0.59851099691391,valid,0.8004016892246067,0.8028053244700614,0.8002,100789
RS,0.8045,673,673,random,CIFAR10,906,main_b1000_cifar10_alexnet_RS_kp25_seed789,0.25,0.7879,False,0.25,alexnet,0.25,CIFAR10_alexnet_RS_accuracy_kp2500_seed789,789,10000,906,42,accuracy,100789,0.7879,4,0.6348041272163392,9.21259743720293,10,0.6348041272163392,valid,0.7899480229052812,0.7982585126703068,0.7879,100789
RS,0.8045,673,673,random,CIFAR10,907,main_b1000_cifar10_alexnet_RS_kp25_seed789,0.25,0.7964,False,0.25,alexnet,0.25,CIFAR10_alexnet_RS_accuracy_kp2500_seed789,789,10000,907,42,accuracy,100789,0.7964,2,0.5961208528995514,9.206267841160297,10,0.5961208528995514,valid,0.7976161842081771,0.806672916211135,0.7964,100789
RS,0.8045,673,673,random,CIFAR10,908,main_b1000_cifar10_alexnet_RS_kp25_seed789,0.25,0.7933,False,0.25,alexnet,0.25,CIFAR10_alexnet_RS_accuracy_kp2500_seed789,789,10000,908,42,accuracy,100789,0.7933,2,0.6028276014328003,9.113484673202038,10,0.6028276014328003,valid,0.7932101097623776,0.7982634939081203,0.7933,100789
RS,0.8045,673,673,random,CIFAR10,909,main_b1000_cifar10_alexnet_RS_kp25_seed789,0.25,0.7863,False,0.25,alexnet,0.25,CIFAR10_alexnet_RS_accuracy_kp2500_seed789,789,10000,909,42,accuracy,100789,0.7863,2,0.6216017584323883,9.186175011098385,10,0.6216017584323883,valid,0.7883334667629345,0.7980355592200052,0.7863,100789
RS,0.8045,673,673,random,CIFAR10,910,main_b1000_cifar10_alexnet_RS_kp25_seed789,0.25,0.7888,False,0.25,alexnet,0.25,CIFAR10_alexnet_RS_accuracy_kp2500_seed789,789,10000,910,42,accuracy,100789,0.7888,3,0.6313416552066803,9.217022195458412,10,0.6313416552066803,valid,0.7891379812631178,0.7977373242090013,0.7888,100789
RS,0.8045,673,673,random,CIFAR10,911,main_b1000_cifar10_alexnet_RS_kp25_seed789,0.25,0.7958,False,0.25,alexnet,0.25,CIFAR10_alexnet_RS_accuracy_kp2500_seed789,789,10000,911,42,accuracy,100789,0.7958,4,0.6111028160572052,9.378267832100391,10,0.6111028160572052,valid,0.7940575352951564,0.7958507851173655,0.7958,100789
RS,0.8045,673,673,random,CIFAR10,912,main_b1000_cifar10_alexnet_RS_kp25_seed789,0.25,0.7914,False,0.25,alexnet,0.25,CIFAR10_alexnet_RS_accuracy_kp2500_seed789,789,10000,912,42,accuracy,100789,0.7914,3,0.6148741292953491,9.29348623007536,10,0.6148741292953491,valid,0.7903845517137438,0.7945826747064025,0.7914000000000001,100789
RS,0.8045,673,673,random,CIFAR10,913,main_b1000_cifar10_alexnet_RS_kp25_seed789,0.25,0.7857,False,0.25,alexnet,0.25,CIFAR10_alexnet_RS_accuracy_kp2500_seed789,789,10000,913,42,accuracy,100789,0.7857,2,0.6226038824081421,9.292280450463295,10,0.6226038824081421,valid,0.7862308915166117,0.7924620971445735,0.7857,100789
RS,0.8045,673,673,random,CIFAR10,914,main_b1000_cifar10_alexnet_RS_kp25_seed789,0.25,0.796,False,0.25,alexnet,0.25,CIFAR10_alexnet_RS_accuracy_kp2500_seed789,789,10000,914,42,accuracy,100789,0.796,5,0.6166951723098755,9.230297654867172,10,0.6166951723098755,valid,0.7957677178409562,0.7973385723281915,0.796,100789
RS,0.8045,673,673,random,CIFAR10,915,main_b1000_cifar10_alexnet_RS_kp25_seed789,0.25,0.7939,False,0.25,alexnet,0.25,CIFAR10_alexnet_RS_accuracy_kp2500_seed789,789,10000,915,42,accuracy,100789,0.7939,3,0.5976201494693756,9.316626571118832,10,0.5976201494693756,valid,0.7933869652506831,0.7944811229925823,0.7939,100789
RS,0.8045,673,673,random,CIFAR10,916,main_b1000_cifar10_alexnet_RS_kp25_seed789,0.25,0.7928,False,0.25,alexnet,0.25,CIFAR10_alexnet_RS_accuracy_kp2500_seed789,789,10000,916,42,accuracy,100789,0.7928,3,0.6244209683418274,9.309408865869045,10,0.6244209683418274,valid,0.7925211648276133,0.7971829927784067,0.7928,100789
RS,0.8045,673,673,random,CIFAR10,917,main_b1000_cifar10_alexnet_RS_kp25_seed789,0.25,0.7871,False,0.25,alexnet,0.25,CIFAR10_alexnet_RS_accuracy_kp2500_seed789,789,10000,917,42,accuracy,100789,0.7871,2,0.6118683285713196,9.296374291181564,10,0.6118683285713196,valid,0.7867979949802908,0.7909917541423812,0.7871,100789
RS,0.8045,673,673,random,CIFAR10,918,main_b1000_cifar10_alexnet_RS_kp25_seed789,0.25,0.7797,False,0.25,alexnet,0.25,CIFAR10_alexnet_RS_accuracy_kp2500_seed789,789,10000,918,42,accuracy,100789,0.7797,3,0.6342470658779145,9.329654850065708,10,0.6342470658779145,valid,0.7808148803528095,0.7911898284826173,0.7797,100789
RS,0.8045,673,673,random,CIFAR10,919,main_b1000_cifar10_alexnet_RS_kp25_seed789,0.25,0.7879,False,0.25,alexnet,0.25,CIFAR10_alexnet_RS_accuracy_kp2500_seed789,789,10000,919,42,accuracy,100789,0.7879,3,0.6289222622871399,9.261554278433323,10,0.6289222622871399,valid,0.7880422179886744,0.7941734784296022,0.7878999999999999,100789
RS,0.8045,673,673,random,CIFAR10,920,main_b1000_cifar10_alexnet_RS_kp25_seed789,0.25,0.7866,False,0.25,alexnet,0.25,CIFAR10_alexnet_RS_accuracy_kp2500_seed789,789,10000,920,42,accuracy,100789,0.7866,2,0.619978042793274,9.257437095046043,10,0.619978042793274,valid,0.7856712964077136,0.7917840061381525,0.7866,100789
RS,0.8045,673,673,random,CIFAR10,921,main_b1000_cifar10_alexnet_RS_kp25_seed789,0.25,0.7941,False,0.25,alexnet,0.25,CIFAR10_alexnet_RS_accuracy_kp2500_seed789,789,10000,921,42,accuracy,100789,0.7941,2,0.5950132791042327,9.292309708893299,10,0.5950132791042327,valid,0.7931547464757714,0.7945520201479073,0.7941,100789
RS,0.8045,673,673,random,CIFAR10,922,main_b1000_cifar10_alexnet_RS_kp25_seed789,0.25,0.788,False,0.25,alexnet,0.25,CIFAR10_alexnet_RS_accuracy_kp2500_seed789,789,10000,922,42,accuracy,100789,0.788,2,0.6176021990776062,9.319075919687748,10,0.6176021990776062,valid,0.7884449735220639,0.7947461470463196,0.788,100789
RS,0.8045,673,673,random,CIFAR10,923,main_b1000_cifar10_alexnet_RS_kp25_seed789,0.25,0.7831,False,0.25,alexnet,0.25,CIFAR10_alexnet_RS_accuracy_kp2500_seed789,789,10000,923,42,accuracy,100789,0.7831,3,0.6448236305713654,9.268517807126045,10,0.6448236305713654,valid,0.7834211775212017,0.7939718415490357,0.7830999999999999,100789
RS,0.8045,673,673,random,CIFAR10,924,main_b1000_cifar10_alexnet_RS_kp25_seed789,0.25,0.7906,False,0.25,alexnet,0.25,CIFAR10_alexnet_RS_accuracy_kp2500_seed789,789,10000,924,42,accuracy,100789,0.7906,3,0.6180004224300385,9.302401944994926,10,0.6180004224300385,valid,0.7912686742647187,0.7953647976955188,0.7906000000000001,100789
RS,0.8045,673,673,random,CIFAR10,925,main_b1000_cifar10_alexnet_RS_kp25_seed789,0.25,0.7985,False,0.25,alexnet,0.25,CIFAR10_alexnet_RS_accuracy_kp2500_seed789,789,10000,925,42,accuracy,100789,0.7985,3,0.6132193739891052,9.291748650372028,10,0.6132193739891052,valid,0.7980784371394254,0.8014561514820324,0.7985,100789
RS,0.8045,673,673,random,CIFAR10,926,main_b1000_cifar10_alexnet_RS_kp25_seed789,0.25,0.795,False,0.25,alexnet,0.25,CIFAR10_alexnet_RS_accuracy_kp2500_seed789,789,10000,926,42,accuracy,100789,0.795,3,0.6151281173229217,9.315684825181961,10,0.6151281173229217,valid,0.7958807674786412,0.800255423880535,0.7949999999999999,100789
RS,0.8045,673,673,random,CIFAR10,927,main_b1000_cifar10_alexnet_RS_kp25_seed789,0.25,0.7948,False,0.25,alexnet,0.25,CIFAR10_alexnet_RS_accuracy_kp2500_seed789,789,10000,927,42,accuracy,100789,0.7948,2,0.6006646792411804,9.28769400715828,10,0.6006646792411804,valid,0.7929814274596949,0.7940692556717471,0.7948000000000001,100789
RS,0.8045,673,673,random,CIFAR10,928,main_b1000_cifar10_alexnet_RS_kp25_seed789,0.25,0.7984,False,0.25,alexnet,0.25,CIFAR10_alexnet_RS_accuracy_kp2500_seed789,789,10000,928,42,accuracy,100789,0.7984,4,0.6005227643489838,9.340556666254997,10,0.6005227643489838,valid,0.7990240325126763,0.8015153297841264,0.7984,100789
RS,0.8045,673,673,random,CIFAR10,929,main_b1000_cifar10_alexnet_RS_kp25_seed789,0.25,0.7883,False,0.25,alexnet,0.25,CIFAR10_alexnet_RS_accuracy_kp2500_seed789,789,10000,929,42,accuracy,100789,0.7883,2,0.6037080746173858,9.278686195611954,10,0.6037080746173858,valid,0.7883730072201803,0.79238740874978,0.7882999999999999,100789
RS,0.8045,673,673,random,CIFAR10,930,main_b1000_cifar10_alexnet_RS_kp25_seed789,0.25,0.7976,False,0.25,alexnet,0.25,CIFAR10_alexnet_RS_accuracy_kp2500_seed789,789,10000,930,42,accuracy,100789,0.7976,4,0.6123461930513382,9.321690075099468,10,0.6123461930513382,valid,0.7970383895637265,0.7999249469979476,0.7976,100789
RS,0.8045,673,673,random,CIFAR10,931,main_b1000_cifar10_alexnet_RS_kp25_seed789,0.25,0.7901,False,0.25,alexnet,0.25,CIFAR10_alexnet_RS_accuracy_kp2500_seed789,789,10000,931,42,accuracy,100789,0.7901,3,0.6160278087615967,9.192610926926136,10,0.6160278087615967,valid,0.7900270342044413,0.7936773315908296,0.7901,100789
RS,0.8045,673,673,random,CIFAR10,932,main_b1000_cifar10_alexnet_RS_kp25_seed789,0.25,0.793,False,0.25,alexnet,0.25,CIFAR10_alexnet_RS_accuracy_kp2500_seed789,789,10000,932,42,accuracy,100789,0.793,3,0.6082683492183685,9.220783360302448,10,0.6082683492183685,valid,0.7938086462969863,0.7988387053663379,0.7929999999999999,100789
RS,0.8045,673,673,random,CIFAR10,933,main_b1000_cifar10_alexnet_RS_kp25_seed789,0.25,0.7865,False,0.25,alexnet,0.25,CIFAR10_alexnet_RS_accuracy_kp2500_seed789,789,10000,933,42,accuracy,100789,0.7865,3,0.6404419153213501,9.300627663731575,10,0.6404419153213501,valid,0.7855876541603062,0.7904740835655708,0.7865,100789
RS,0.8045,673,673,random,CIFAR10,934,main_b1000_cifar10_alexnet_RS_kp25_seed789,0.25,0.7927,False,0.25,alexnet,0.25,CIFAR10_alexnet_RS_accuracy_kp2500_seed789,789,10000,934,42,accuracy,100789,0.7927,4,0.6237712782859802,9.394256964325905,10,0.6237712782859802,valid,0.7934201901012725,0.7966365571175601,0.7927,100789
RS,0.8045,673,673,random,CIFAR10,935,main_b1000_cifar10_alexnet_RS_kp25_seed789,0.25,0.7895,False,0.25,alexnet,0.25,CIFAR10_alexnet_RS_accuracy_kp2500_seed789,789,10000,935,42,accuracy,100789,0.7895,2,0.6110842535495759,9.28130916506052,10,0.6110842535495759,valid,0.7901022406076548,0.7941314943822716,0.7895,100789
RS,0.8045,673,673,random,CIFAR10,936,main_b1000_cifar10_alexnet_RS_kp25_seed789,0.25,0.7865,False,0.25,alexnet,0.25,CIFAR10_alexnet_RS_accuracy_kp2500_seed789,789,10000,936,42,accuracy,100789,0.7865,3,0.6135322905540467,9.239972449839115,10,0.6135322905540467,valid,0.7875122269111764,0.7934861836085498,0.7865,100789
RS,0.8045,673,673,random,CIFAR10,937,main_b1000_cifar10_alexnet_RS_kp25_seed789,0.25,0.7922,False,0.25,alexnet,0.25,CIFAR10_alexnet_RS_accuracy_kp2500_seed789,789,10000,937,42,accuracy,100789,0.7922,2,0.6009658517837524,9.253872096538544,10,0.6009658517837524,valid,0.7923363801572256,0.7963015505312,0.7922,100789
RS,0.8045,673,673,random,CIFAR10,938,main_b1000_cifar10_alexnet_RS_kp25_seed789,0.25,0.7917,False,0.25,alexnet,0.25,CIFAR10_alexnet_RS_accuracy_kp2500_seed789,789,10000,938,42,accuracy,100789,0.7917,3,0.615445087146759,9.267643041908741,10,0.615445087146759,valid,0.7923318203308096,0.7968687668760976,0.7917000000000001,100789
RS,0.8045,673,673,random,CIFAR10,939,main_b1000_cifar10_alexnet_RS_kp25_seed789,0.25,0.7917,False,0.25,alexnet,0.25,CIFAR10_alexnet_RS_accuracy_kp2500_seed789,789,10000,939,42,accuracy,100789,0.7917,4,0.6205098609447479,9.20696023106575,10,0.6205098609447479,valid,0.7926832712361158,0.797950510095591,0.7917,100789
RS,0.8045,673,673,random,CIFAR10,940,main_b1000_cifar10_alexnet_RS_kp25_seed789,0.25,0.7911,False,0.25,alexnet,0.25,CIFAR10_alexnet_RS_accuracy_kp2500_seed789,789,10000,940,42,accuracy,100789,0.7911,3,0.6169994998931885,9.278495103120804,10,0.6169994998931885,valid,0.7924070659045144,0.7968336461843876,0.7911,100789
RS,0.8045,673,673,random,CIFAR10,941,main_b1000_cifar10_alexnet_RS_kp25_seed789,0.25,0.7939,False,0.25,alexnet,0.25,CIFAR10_alexnet_RS_accuracy_kp2500_seed789,789,10000,941,42,accuracy,100789,0.7939,2,0.5986634542942048,9.242194145917892,10,0.5986634542942048,valid,0.7931183432482742,0.7946718909628244,0.7939,100789
RS,0.8045,673,673,random,CIFAR10,942,main_b1000_cifar10_alexnet_RS_kp25_seed789,0.25,0.794,False,0.25,alexnet,0.25,CIFAR10_alexnet_RS_accuracy_kp2500_seed789,789,10000,942,42,accuracy,100789,0.794,3,0.6117728757858276,9.2433530241251,10,0.6117728757858276,valid,0.7931261050662501,0.796410473865997,0.7939999999999999,100789
RS,0.8045,673,673,random,CIFAR10,943,main_b1000_cifar10_alexnet_RS_kp25_seed789,0.25,0.7969,False,0.25,alexnet,0.25,CIFAR10_alexnet_RS_accuracy_kp2500_seed789,789,10000,943,42,accuracy,100789,0.7969,5,0.6297095784187317,9.213353343307972,10,0.6297095784187317,valid,0.7966788494113415,0.7983040344488213,0.7969,100789
RS,0.8045,673,673,random,CIFAR10,944,main_b1000_cifar10_alexnet_RS_kp25_seed789,0.25,0.7875,False,0.25,alexnet,0.25,CIFAR10_alexnet_RS_accuracy_kp2500_seed789,789,10000,944,42,accuracy,100789,0.7875,2,0.6093523370742798,9.22406193614006,10,0.6093523370742798,valid,0.7852023222397504,0.7887789547754579,0.7875,100789
RS,0.8045,673,673,random,CIFAR10,945,main_b1000_cifar10_alexnet_RS_kp25_seed789,0.25,0.7934,False,0.25,alexnet,0.25,CIFAR10_alexnet_RS_accuracy_kp2500_seed789,789,10000,945,42,accuracy,100789,0.7934,3,0.6108384961128235,9.266333945095539,10,0.6108384961128235,valid,0.7936409595206244,0.7974777281687215,0.7934,100789
RS,0.8045,673,673,random,CIFAR10,946,main_b1000_cifar10_alexnet_RS_kp25_seed789,0.25,0.7968,False,0.25,alexnet,0.25,CIFAR10_alexnet_RS_accuracy_kp2500_seed789,789,10000,946,42,accuracy,100789,0.7968,3,0.6100825898170471,9.298919409513474,10,0.6100825898170471,valid,0.795722333490418,0.7965408258967588,0.7968,100789
RS,0.8045,673,673,random,CIFAR10,947,main_b1000_cifar10_alexnet_RS_kp25_seed789,0.25,0.7911,False,0.25,alexnet,0.25,CIFAR10_alexnet_RS_accuracy_kp2500_seed789,789,10000,947,42,accuracy,100789,0.7911,3,0.6093306861400605,9.275399781763554,10,0.6093306861400605,valid,0.7928638343537534,0.7994879104012867,0.7911,100789
RS,0.8045,673,673,random,CIFAR10,948,main_b1000_cifar10_alexnet_RS_kp25_seed789,0.25,0.7925,False,0.25,alexnet,0.25,CIFAR10_alexnet_RS_accuracy_kp2500_seed789,789,10000,948,42,accuracy,100789,0.7925,2,0.608135274887085,9.214747793972492,10,0.608135274887085,valid,0.7917197435000569,0.7941944364598743,0.7925,100789
RS,0.8045,673,673,random,CIFAR10,949,main_b1000_cifar10_alexnet_RS_kp25_seed789,0.25,0.7926,False,0.25,alexnet,0.25,CIFAR10_alexnet_RS_accuracy_kp2500_seed789,789,10000,949,42,accuracy,100789,0.7926,5,0.6335522938966751,9.346349522471428,10,0.6335522938966751,valid,0.7935943171306764,0.7987124416404081,0.7926,100789
RS,0.8045,673,673,random,CIFAR10,950,main_b1000_cifar10_alexnet_RS_kp25_seed789,0.25,0.7932,False,0.25,alexnet,0.25,CIFAR10_alexnet_RS_accuracy_kp2500_seed789,789,10000,950,42,accuracy,100789,0.7932,4,0.6130698669433594,9.319822251796722,10,0.6130698669433594,valid,0.792671451447576,0.7967649471270177,0.7932,100789
RS,0.8045,673,673,random,CIFAR10,951,main_b1000_cifar10_alexnet_RS_kp25_seed789,0.25,0.7937,False,0.25,alexnet,0.25,CIFAR10_alexnet_RS_accuracy_kp2500_seed789,789,10000,951,42,accuracy,100789,0.7937,3,0.6140221753597259,9.339013732969761,10,0.6140221753597259,valid,0.7943537600088011,0.800100889637972,0.7937000000000001,100789
RS,0.8045,673,673,random,CIFAR10,952,main_b1000_cifar10_alexnet_RS_kp25_seed789,0.25,0.7869,False,0.25,alexnet,0.25,CIFAR10_alexnet_RS_accuracy_kp2500_seed789,789,10000,952,42,accuracy,100789,0.7869,2,0.6188605935573578,9.280767187476158,10,0.6188605935573578,valid,0.7879278398420688,0.79103344357041,0.7868999999999999,100789
RS,0.8045,673,673,random,CIFAR10,953,main_b1000_cifar10_alexnet_RS_kp25_seed789,0.25,0.7995,False,0.25,alexnet,0.25,CIFAR10_alexnet_RS_accuracy_kp2500_seed789,789,10000,953,42,accuracy,100789,0.7995,5,0.6231133400917053,9.38702692091465,10,0.6231133400917053,valid,0.7992420258663092,0.7997574152590573,0.7994999999999999,100789
RS,0.8045,673,673,random,CIFAR10,954,main_b1000_cifar10_alexnet_RS_kp25_seed789,0.25,0.7964,False,0.25,alexnet,0.25,CIFAR10_alexnet_RS_accuracy_kp2500_seed789,789,10000,954,42,accuracy,100789,0.7964,4,0.6291954847335816,9.246694602072239,10,0.6291954847335816,valid,0.796857783630385,0.8029251076989501,0.7964,100789
RS,0.8045,673,673,random,CIFAR10,955,main_b1000_cifar10_alexnet_RS_kp25_seed789,0.25,0.7841,False,0.25,alexnet,0.25,CIFAR10_alexnet_RS_accuracy_kp2500_seed789,789,10000,955,42,accuracy,100789,0.7841,3,0.6297958281517029,9.160322159528732,10,0.6297958281517029,valid,0.7854749751600953,0.7939786767853269,0.7840999999999999,100789
RS,0.8045,673,673,random,CIFAR10,956,main_b1000_cifar10_alexnet_RS_kp25_seed789,0.25,0.8016,False,0.25,alexnet,0.25,CIFAR10_alexnet_RS_accuracy_kp2500_seed789,789,10000,956,42,accuracy,100789,0.8016,4,0.6043910054683685,9.126373134553432,10,0.6043910054683685,valid,0.8021615512979163,0.8054153932822918,0.8016,100789
RS,0.8045,673,673,random,CIFAR10,957,main_b1000_cifar10_alexnet_RS_kp25_seed789,0.25,0.7959,False,0.25,alexnet,0.25,CIFAR10_alexnet_RS_accuracy_kp2500_seed789,789,10000,957,42,accuracy,100789,0.7959,4,0.6052541243553161,9.110307924449444,10,0.6052541243553161,valid,0.7958919455290714,0.7980844950223603,0.7958999999999999,100789
RS,0.8045,673,673,random,CIFAR10,958,main_b1000_cifar10_alexnet_RS_kp25_seed789,0.25,0.794,False,0.25,alexnet,0.25,CIFAR10_alexnet_RS_accuracy_kp2500_seed789,789,10000,958,42,accuracy,100789,0.794,3,0.6063322444915772,9.132249996066093,10,0.6063322444915772,valid,0.7938799119760714,0.7983782050575432,0.794,100789
RS,0.8045,673,673,random,CIFAR10,959,main_b1000_cifar10_alexnet_RS_kp25_seed789,0.25,0.7959,False,0.25,alexnet,0.25,CIFAR10_alexnet_RS_accuracy_kp2500_seed789,789,10000,959,42,accuracy,100789,0.7959,3,0.595170330286026,9.151030041277409,10,0.595170330286026,valid,0.7953951522746252,0.7963490915769945,0.7958999999999999,100789
RS,0.8045,673,673,random,CIFAR10,960,main_b1000_cifar10_alexnet_RS_kp25_seed789,0.25,0.7979,False,0.25,alexnet,0.25,CIFAR10_alexnet_RS_accuracy_kp2500_seed789,789,10000,960,42,accuracy,100789,0.7979,4,0.5988904475927352,9.164139680564404,10,0.5988904475927352,valid,0.7974816175552422,0.7981416322281724,0.7979,100789
RS,0.8045,673,673,random,CIFAR10,961,main_b1000_cifar10_alexnet_RS_kp25_seed789,0.25,0.7939,False,0.25,alexnet,0.25,CIFAR10_alexnet_RS_accuracy_kp2500_seed789,789,10000,961,42,accuracy,100789,0.7939,2,0.6063069491386414,9.231706127524376,10,0.6063069491386414,valid,0.793004731372845,0.7953584398521754,0.7939,100789
RS,0.8045,673,673,random,CIFAR10,962,main_b1000_cifar10_alexnet_RS_kp25_seed789,0.25,0.7873,False,0.25,alexnet,0.25,CIFAR10_alexnet_RS_accuracy_kp2500_seed789,789,10000,962,42,accuracy,100789,0.7873,2,0.6243499228000641,9.264464683830738,10,0.6243499228000641,valid,0.7865087776058048,0.7922991495487507,0.7873000000000001,100789
RS,0.8045,673,673,random,CIFAR10,963,main_b1000_cifar10_alexnet_RS_kp25_seed789,0.25,0.7957,False,0.25,alexnet,0.25,CIFAR10_alexnet_RS_accuracy_kp2500_seed789,789,10000,963,42,accuracy,100789,0.7957,3,0.6201005759239197,9.245682142674923,10,0.6201005759239197,valid,0.7959644469624133,0.8014225445181072,0.7957,100789
RS,0.8045,673,673,random,CIFAR10,964,main_b1000_cifar10_alexnet_RS_kp25_seed789,0.25,0.7942,False,0.25,alexnet,0.25,CIFAR10_alexnet_RS_accuracy_kp2500_seed789,789,10000,964,42,accuracy,100789,0.7942,4,0.6157428839683533,9.222448460757732,10,0.6157428839683533,valid,0.7946419401193837,0.7987297357004411,0.7942,100789
RS,0.8045,673,673,random,CIFAR10,965,main_b1000_cifar10_alexnet_RS_kp25_seed789,0.25,0.7859,False,0.25,alexnet,0.25,CIFAR10_alexnet_RS_accuracy_kp2500_seed789,789,10000,965,42,accuracy,100789,0.7859,3,0.6284947782993316,9.185081005096436,10,0.6284947782993316,valid,0.7847643210765674,0.7892712397507509,0.7859,100789
RS,0.8045,673,673,random,CIFAR10,966,main_b1000_cifar10_alexnet_RS_kp25_seed789,0.25,0.7905,False,0.25,alexnet,0.25,CIFAR10_alexnet_RS_accuracy_kp2500_seed789,789,10000,966,42,accuracy,100789,0.7905,5,0.6354348908424378,9.222865954041481,10,0.6354348908424378,valid,0.7895456420541163,0.7936482022252627,0.7905,100789
RS,0.8045,673,673,random,CIFAR10,967,main_b1000_cifar10_alexnet_RS_kp25_seed789,0.25,0.7896,False,0.25,alexnet,0.25,CIFAR10_alexnet_RS_accuracy_kp2500_seed789,789,10000,967,42,accuracy,100789,0.7896,2,0.6093301446914673,9.199461713433266,10,0.6093301446914673,valid,0.7891007391678923,0.7923216686350643,0.7896,100789
RS,0.8045,673,673,random,CIFAR10,968,main_b1000_cifar10_alexnet_RS_kp25_seed789,0.25,0.8002,False,0.25,alexnet,0.25,CIFAR10_alexnet_RS_accuracy_kp2500_seed789,789,10000,968,42,accuracy,100789,0.8002,5,0.6263908385753632,9.15572540462017,10,0.6263908385753632,valid,0.7994872523237424,0.8032374124775696,0.8001999999999999,100789
RS,0.8045,673,673,random,CIFAR10,969,main_b1000_cifar10_alexnet_RS_kp25_seed789,0.25,0.7886,False,0.25,alexnet,0.25,CIFAR10_alexnet_RS_accuracy_kp2500_seed789,789,10000,969,42,accuracy,100789,0.7886,2,0.6125506469249725,9.192230187356472,10,0.6125506469249725,valid,0.7875860123749336,0.7928208841504557,0.7886,100789
RS,0.8045,673,673,random,CIFAR10,970,main_b1000_cifar10_alexnet_RS_kp25_seed789,0.25,0.7906,False,0.25,alexnet,0.25,CIFAR10_alexnet_RS_accuracy_kp2500_seed789,789,10000,970,42,accuracy,100789,0.7906,3,0.605224708557129,9.160517826676369,10,0.605224708557129,valid,0.7908037275755435,0.7975326538346657,0.7906,100789
RS,0.8045,673,673,random,CIFAR10,971,main_b1000_cifar10_alexnet_RS_kp25_seed789,0.25,0.7969,False,0.25,alexnet,0.25,CIFAR10_alexnet_RS_accuracy_kp2500_seed789,789,10000,971,42,accuracy,100789,0.7969,4,0.609853249835968,9.210140392184258,10,0.609853249835968,valid,0.7980317482609189,0.8030683861744808,0.7969000000000002,100789
RS,0.8045,673,673,random,CIFAR10,972,main_b1000_cifar10_alexnet_RS_kp25_seed789,0.25,0.7984,False,0.25,alexnet,0.25,CIFAR10_alexnet_RS_accuracy_kp2500_seed789,789,10000,972,42,accuracy,100789,0.7984,4,0.6084891705513,9.273091584444046,10,0.6084891705513,valid,0.7983815759849853,0.8010969221916688,0.7984,100789
RS,0.8045,673,673,random,CIFAR10,973,main_b1000_cifar10_alexnet_RS_kp25_seed789,0.25,0.7804,False,0.25,alexnet,0.25,CIFAR10_alexnet_RS_accuracy_kp2500_seed789,789,10000,973,42,accuracy,100789,0.7804,2,0.6289614448547364,9.17243330180645,10,0.6289614448547364,valid,0.7775963120773499,0.7890062559882149,0.7804,100789
RS,0.8045,673,673,random,CIFAR10,974,main_b1000_cifar10_alexnet_RS_kp25_seed789,0.25,0.7864,False,0.25,alexnet,0.25,CIFAR10_alexnet_RS_accuracy_kp2500_seed789,789,10000,974,42,accuracy,100789,0.7864,2,0.6267894406557083,9.171019665896893,10,0.6267894406557083,valid,0.7843755239521155,0.7876689594386587,0.7863999999999999,100789
RS,0.8045,673,673,random,CIFAR10,975,main_b1000_cifar10_alexnet_RS_kp25_seed789,0.25,0.7962,False,0.25,alexnet,0.25,CIFAR10_alexnet_RS_accuracy_kp2500_seed789,789,10000,975,42,accuracy,100789,0.7962,3,0.6064362570524215,9.113803461194038,10,0.6064362570524215,valid,0.7975692553029347,0.8069322752608729,0.7962,100789
RS,0.8045,673,673,random,CIFAR10,976,main_b1000_cifar10_alexnet_RS_kp25_seed789,0.25,0.7865,False,0.25,alexnet,0.25,CIFAR10_alexnet_RS_accuracy_kp2500_seed789,789,10000,976,42,accuracy,100789,0.7865,2,0.6184225193023681,9.132265284657478,10,0.6184225193023681,valid,0.7878610349500178,0.7971661361243048,0.7865,100789
RS,0.8045,673,673,random,CIFAR10,977,main_b1000_cifar10_alexnet_RS_kp25_seed789,0.25,0.7979,False,0.25,alexnet,0.25,CIFAR10_alexnet_RS_accuracy_kp2500_seed789,789,10000,977,42,accuracy,100789,0.7979,2,0.5972456429481506,9.156318880617619,10,0.5972456429481506,valid,0.7984462399697272,0.8008528695089321,0.7979,100789
RS,0.8045,673,673,random,CIFAR10,978,main_b1000_cifar10_alexnet_RS_kp25_seed789,0.25,0.776,False,0.25,alexnet,0.25,CIFAR10_alexnet_RS_accuracy_kp2500_seed789,789,10000,978,42,accuracy,100789,0.776,2,0.640754718875885,9.187629126012325,10,0.640754718875885,valid,0.7719003623465487,0.7846146698120993,0.776,100789
RS,0.8045,673,673,random,CIFAR10,979,main_b1000_cifar10_alexnet_RS_kp25_seed789,0.25,0.789,False,0.25,alexnet,0.25,CIFAR10_alexnet_RS_accuracy_kp2500_seed789,789,10000,979,42,accuracy,100789,0.789,3,0.6210262477874756,9.127345532178879,10,0.6210262477874756,valid,0.7881686817638405,0.7925983218196173,0.789,100789
RS,0.8045,673,673,random,CIFAR10,980,main_b1000_cifar10_alexnet_RS_kp25_seed789,0.25,0.798,False,0.25,alexnet,0.25,CIFAR10_alexnet_RS_accuracy_kp2500_seed789,789,10000,980,42,accuracy,100789,0.798,3,0.5979398722171784,9.117392361164093,10,0.5979398722171784,valid,0.7974876364746379,0.7993902108323062,0.7980000000000002,100789
RS,0.8045,673,673,random,CIFAR10,981,main_b1000_cifar10_alexnet_RS_kp25_seed789,0.25,0.7886,False,0.25,alexnet,0.25,CIFAR10_alexnet_RS_accuracy_kp2500_seed789,789,10000,981,42,accuracy,100789,0.7886,4,0.624511783027649,9.101265795528889,10,0.624511783027649,valid,0.7885556440337087,0.7905815440850793,0.7886,100789
RS,0.8045,673,673,random,CIFAR10,982,main_b1000_cifar10_alexnet_RS_kp25_seed789,0.25,0.7948,False,0.25,alexnet,0.25,CIFAR10_alexnet_RS_accuracy_kp2500_seed789,789,10000,982,42,accuracy,100789,0.7948,4,0.6148683219432831,9.099596627056599,10,0.6148683219432831,valid,0.795293990397966,0.7978596050687756,0.7948,100789
RS,0.8045,673,673,random,CIFAR10,983,main_b1000_cifar10_alexnet_RS_kp25_seed789,0.25,0.7973,False,0.25,alexnet,0.25,CIFAR10_alexnet_RS_accuracy_kp2500_seed789,789,10000,983,42,accuracy,100789,0.7973,3,0.6010222756385803,9.09425389021635,10,0.6010222756385803,valid,0.7971392196575018,0.7999540785775239,0.7972999999999999,100789
RS,0.8045,673,673,random,CIFAR10,984,main_b1000_cifar10_alexnet_RS_kp25_seed789,0.25,0.7947,False,0.25,alexnet,0.25,CIFAR10_alexnet_RS_accuracy_kp2500_seed789,789,10000,984,42,accuracy,100789,0.7947,3,0.6136819302558899,9.24708604067564,10,0.6136819302558899,valid,0.7958697003695492,0.8064386570736884,0.7947,100789
RS,0.8045,673,673,random,CIFAR10,985,main_b1000_cifar10_alexnet_RS_kp25_seed789,0.25,0.7905,False,0.25,alexnet,0.25,CIFAR10_alexnet_RS_accuracy_kp2500_seed789,789,10000,985,42,accuracy,100789,0.7905,2,0.614865922832489,9.179444417357445,10,0.614865922832489,valid,0.788842639096724,0.7913025941146749,0.7905,100789
RS,0.8045,673,673,random,CIFAR10,986,main_b1000_cifar10_alexnet_RS_kp25_seed789,0.25,0.7897,False,0.25,alexnet,0.25,CIFAR10_alexnet_RS_accuracy_kp2500_seed789,789,10000,986,42,accuracy,100789,0.7897,2,0.6102544651985169,9.131736867129803,10,0.6102544651985169,valid,0.7903970531321232,0.7949657856148938,0.7897000000000001,100789
RS,0.8045,673,673,random,CIFAR10,987,main_b1000_cifar10_alexnet_RS_kp25_seed789,0.25,0.7866,False,0.25,alexnet,0.25,CIFAR10_alexnet_RS_accuracy_kp2500_seed789,789,10000,987,42,accuracy,100789,0.7866,2,0.6165198750019073,9.15995092689991,10,0.6165198750019073,valid,0.7875349843290075,0.792811487512208,0.7866,100789
RS,0.8045,673,673,random,CIFAR10,988,main_b1000_cifar10_alexnet_RS_kp25_seed789,0.25,0.7909,False,0.25,alexnet,0.25,CIFAR10_alexnet_RS_accuracy_kp2500_seed789,789,10000,988,42,accuracy,100789,0.7909,2,0.5966144090175629,9.091764479875565,10,0.5966144090175629,valid,0.7904129514096659,0.7917728613928874,0.7908999999999999,100789
RS,0.8045,673,673,random,CIFAR10,989,main_b1000_cifar10_alexnet_RS_kp25_seed789,0.25,0.7898,False,0.25,alexnet,0.25,CIFAR10_alexnet_RS_accuracy_kp2500_seed789,789,10000,989,42,accuracy,100789,0.7898,3,0.6078446236610413,9.073901548981667,10,0.6078446236610413,valid,0.791298276085991,0.7969364762398637,0.7898000000000001,100789
RS,0.8045,673,673,random,CIFAR10,990,main_b1000_cifar10_alexnet_RS_kp25_seed789,0.25,0.7939,False,0.25,alexnet,0.25,CIFAR10_alexnet_RS_accuracy_kp2500_seed789,789,10000,990,42,accuracy,100789,0.7939,4,0.629276991701126,9.220156341791153,10,0.629276991701126,valid,0.7944175786545522,0.7982539985239642,0.7938999999999999,100789
RS,0.8045,673,673,random,CIFAR10,991,main_b1000_cifar10_alexnet_RS_kp25_seed789,0.25,0.7981,False,0.25,alexnet,0.25,CIFAR10_alexnet_RS_accuracy_kp2500_seed789,789,10000,991,42,accuracy,100789,0.7981,3,0.592547032880783,9.196957662701607,10,0.592547032880783,valid,0.798011712025992,0.7991408089484296,0.7981,100789
RS,0.8045,673,673,random,CIFAR10,992,main_b1000_cifar10_alexnet_RS_kp25_seed789,0.25,0.7864,False,0.25,alexnet,0.25,CIFAR10_alexnet_RS_accuracy_kp2500_seed789,789,10000,992,42,accuracy,100789,0.7864,2,0.6233759579658509,9.19129130244255,10,0.6233759579658509,valid,0.7849482012428375,0.7871791876608002,0.7864,100789
RS,0.8045,673,673,random,CIFAR10,993,main_b1000_cifar10_alexnet_RS_kp25_seed789,0.25,0.7943,False,0.25,alexnet,0.25,CIFAR10_alexnet_RS_accuracy_kp2500_seed789,789,10000,993,42,accuracy,100789,0.7943,4,0.6164613703727723,9.14480059593916,10,0.6164613703727723,valid,0.7932152051639069,0.7981018823722581,0.7943,100789
RS,0.8045,673,673,random,CIFAR10,994,main_b1000_cifar10_alexnet_RS_kp25_seed789,0.25,0.7882,False,0.25,alexnet,0.25,CIFAR10_alexnet_RS_accuracy_kp2500_seed789,789,10000,994,42,accuracy,100789,0.7882,2,0.6111491970539094,9.160883121192455,10,0.6111491970539094,valid,0.78726029502357,0.7909530313634386,0.7882,100789
RS,0.8045,673,673,random,CIFAR10,995,main_b1000_cifar10_alexnet_RS_kp25_seed789,0.25,0.7876,False,0.25,alexnet,0.25,CIFAR10_alexnet_RS_accuracy_kp2500_seed789,789,10000,995,42,accuracy,100789,0.7876,2,0.6096292332649231,9.178486160933971,10,0.6096292332649231,valid,0.7877536664684947,0.793393966685296,0.7876,100789
RS,0.8045,673,673,random,CIFAR10,996,main_b1000_cifar10_alexnet_RS_kp25_seed789,0.25,0.7947,False,0.25,alexnet,0.25,CIFAR10_alexnet_RS_accuracy_kp2500_seed789,789,10000,996,42,accuracy,100789,0.7947,3,0.6090177257061005,9.181776821613312,10,0.6090177257061005,valid,0.7955048879237657,0.8011131703184704,0.7947000000000001,100789
RS,0.8045,673,673,random,CIFAR10,997,main_b1000_cifar10_alexnet_RS_kp25_seed789,0.25,0.7862,False,0.25,alexnet,0.25,CIFAR10_alexnet_RS_accuracy_kp2500_seed789,789,10000,997,42,accuracy,100789,0.7862,3,0.6252295283079148,9.251140668988228,10,0.6252295283079148,valid,0.7856034816616382,0.7917059327355815,0.7862000000000001,100789
RS,0.8045,673,673,random,CIFAR10,998,main_b1000_cifar10_alexnet_RS_kp25_seed789,0.25,0.7884,False,0.25,alexnet,0.25,CIFAR10_alexnet_RS_accuracy_kp2500_seed789,789,10000,998,42,accuracy,100789,0.7884,2,0.6173572407722473,9.152836129069328,10,0.6173572407722473,valid,0.7883253211269011,0.7931251334798726,0.7884,100789
RS,0.8045,673,673,random,CIFAR10,999,main_b1000_cifar10_alexnet_RS_kp25_seed789,0.25,0.7943,False,0.25,alexnet,0.25,CIFAR10_alexnet_RS_accuracy_kp2500_seed789,789,10000,999,42,accuracy,100789,0.7943,3,0.6057499475002289,9.145908117294312,10,0.6057499475002289,valid,0.7950248133650828,0.7994330392220999,0.7943,100789
RS,0.8045,673,673,random,CIFAR10,1000,main_b1000_cifar10_alexnet_RS_kp25_seed789,0.25,0.7866,False,0.25,alexnet,0.25,CIFAR10_alexnet_RS_accuracy_kp2500_seed789,789,10000,1000,42,accuracy,100789,0.7866,3,0.6252947808265686,9.138932816684246,10,0.6252947808265686,valid,0.7879366532056241,0.795597056982096,0.7866,100789
