Algorithm,Best Fitness,Best Found At Evaluation,Best Solution ID,Candidate Type,Crossover Hamming Parent 1,Crossover Hamming Parent 2,Dataset,Evaluation,Experiment Name,Final Percentage,Fitness,Generation,Improved Best,Initial Percentage,Model,Mutation Applied,Mutation Hamming Distance,Mutation Swaps,Offspring Number,Parent 1 Fitness,Parent 1 ID,Parent 1 Index,Parent 2 Fitness,Parent 2 ID,Parent 2 Index,Parent Hamming Distance,Population Slot,Requested Keep Percentage,Run ID,Search Seed,Selected Instances,Solution ID,Split Seed,Target Metric,Training Seed,accuracy,best_epoch,best_validation_loss,candidate_duration_seconds,epochs_trained,evaluation_loss,evaluation_split,f1,precision,recall,training_seed
GEN,0.44,1,1,initial,,,TINYIMAGENET,1,main_b1000_tinyimagenet_alexnet_GEN_kp50_seed42,0.5,0.44,0,True,0.5,alexnet,False,0,0,,,,,,,,,1,0.5,TINYIMAGENET_alexnet_GEN_accuracy_kp5000_seed42,42,40000,1,42,accuracy,100042,0.44,1,2.8770118475914,31.251099191606045,10,2.8770118475914,valid,0.4377812418770526,0.49579730540136296,0.44,100042
GEN,0.44,1,1,initial,,,TINYIMAGENET,2,main_b1000_tinyimagenet_alexnet_GEN_kp50_seed42,0.5,0.43995,0,False,0.5,alexnet,False,0,0,,,,,,,,,2,0.5,TINYIMAGENET_alexnet_GEN_accuracy_kp5000_seed42,42,40000,2,42,accuracy,100042,0.43995,1,2.823120727920532,29.631475433707237,10,2.823120727920532,valid,0.4379323758416514,0.488287870600594,0.43995000000000006,100042
GEN,0.44,1,1,initial,,,TINYIMAGENET,3,main_b1000_tinyimagenet_alexnet_GEN_kp50_seed42,0.5,0.4345,0,False,0.5,alexnet,False,0,0,,,,,,,,,3,0.5,TINYIMAGENET_alexnet_GEN_accuracy_kp5000_seed42,42,40000,3,42,accuracy,100042,0.4345,1,2.867889402151108,30.118141792714596,10,2.867889402151108,valid,0.43167817755076726,0.4853112202702428,0.43450000000000005,100042
GEN,0.44,1,1,initial,,,TINYIMAGENET,4,main_b1000_tinyimagenet_alexnet_GEN_kp50_seed42,0.5,0.43985,0,False,0.5,alexnet,False,0,0,,,,,,,,,4,0.5,TINYIMAGENET_alexnet_GEN_accuracy_kp5000_seed42,42,40000,4,42,accuracy,100042,0.43985,1,2.847242794036865,29.877004474401474,10,2.847242794036865,valid,0.43904791934691434,0.4965331705226518,0.43985,100042
GEN,0.44225,5,5,initial,,,TINYIMAGENET,5,main_b1000_tinyimagenet_alexnet_GEN_kp50_seed42,0.5,0.44225,0,True,0.5,alexnet,False,0,0,,,,,,,,,5,0.5,TINYIMAGENET_alexnet_GEN_accuracy_kp5000_seed42,42,40000,5,42,accuracy,100042,0.44225,1,2.822075945520401,29.754028618335724,10,2.822075945520401,valid,0.44020641994477844,0.49838227473959273,0.4422499999999999,100042
GEN,0.44225,5,5,initial,,,TINYIMAGENET,6,main_b1000_tinyimagenet_alexnet_GEN_kp50_seed42,0.5,0.4379,0,False,0.5,alexnet,False,0,0,,,,,,,,,6,0.5,TINYIMAGENET_alexnet_GEN_accuracy_kp5000_seed42,42,40000,6,42,accuracy,100042,0.4379,1,2.8693920140743256,29.50035858154297,10,2.8693920140743256,valid,0.43439488797515335,0.49335980159201137,0.43790000000000007,100042
GEN,0.44225,5,5,initial,,,TINYIMAGENET,7,main_b1000_tinyimagenet_alexnet_GEN_kp50_seed42,0.5,0.4367,0,False,0.5,alexnet,False,0,0,,,,,,,,,7,0.5,TINYIMAGENET_alexnet_GEN_accuracy_kp5000_seed42,42,40000,7,42,accuracy,100042,0.4367,1,2.8506939408302308,29.480868458747864,10,2.8506939408302308,valid,0.4374163203525018,0.4948828037388094,0.43670000000000003,100042
GEN,0.44225,5,5,initial,,,TINYIMAGENET,8,main_b1000_tinyimagenet_alexnet_GEN_kp50_seed42,0.5,0.43725,0,False,0.5,alexnet,False,0,0,,,,,,,,,8,0.5,TINYIMAGENET_alexnet_GEN_accuracy_kp5000_seed42,42,40000,8,42,accuracy,100042,0.43725,1,2.859153160619736,29.64129275083542,10,2.859153160619736,valid,0.4304682377274365,0.4884624933493641,0.43725,100042
GEN,0.44225,5,5,initial,,,TINYIMAGENET,9,main_b1000_tinyimagenet_alexnet_GEN_kp50_seed42,0.5,0.44105,0,False,0.5,alexnet,False,0,0,,,,,,,,,9,0.5,TINYIMAGENET_alexnet_GEN_accuracy_kp5000_seed42,42,40000,9,42,accuracy,100042,0.44105,1,2.8265831271648407,29.437646701931953,10,2.8265831271648407,valid,0.43769736257692243,0.4891545310126722,0.44105000000000005,100042
GEN,0.44225,5,5,initial,,,TINYIMAGENET,10,main_b1000_tinyimagenet_alexnet_GEN_kp50_seed42,0.5,0.43815,0,False,0.5,alexnet,False,0,0,,,,,,,,,10,0.5,TINYIMAGENET_alexnet_GEN_accuracy_kp5000_seed42,42,40000,10,42,accuracy,100042,0.43815,1,2.851830319929123,29.71032065153122,10,2.851830319929123,valid,0.43539957392975176,0.4951097942720034,0.43815,100042
GEN,0.44225,5,5,offspring,19900,20052,TINYIMAGENET,11,main_b1000_tinyimagenet_alexnet_GEN_kp50_seed42,0.5,0.4322,1,False,0.5,alexnet,False,0,0,1,0.44225,5,5,0.43995,2,2,39952,2,0.5,TINYIMAGENET_alexnet_GEN_accuracy_kp5000_seed42,42,40000,11,42,accuracy,100042,0.4322,1,2.870608704996109,29.42003683745861,10,2.870608704996109,valid,0.4311934294679088,0.49747467327890865,0.4322,100042
GEN,0.44225,5,5,offspring,20052,19900,TINYIMAGENET,12,main_b1000_tinyimagenet_alexnet_GEN_kp50_seed42,0.5,0.43605,1,False,0.5,alexnet,False,0,0,2,0.44225,5,5,0.43995,2,2,39952,3,0.5,TINYIMAGENET_alexnet_GEN_accuracy_kp5000_seed42,42,40000,12,42,accuracy,100042,0.43605,1,2.879528974199295,29.655603513121605,10,2.879528974199295,valid,0.4342553339526545,0.4970164154998069,0.43605000000000005,100042
GEN,0.44225,5,5,offspring,20268,19992,TINYIMAGENET,13,main_b1000_tinyimagenet_alexnet_GEN_kp50_seed42,0.5,0.44005,1,False,0.5,alexnet,False,0,0,1,0.44,1,1,0.44225,5,5,40260,4,0.5,TINYIMAGENET_alexnet_GEN_accuracy_kp5000_seed42,42,40000,13,42,accuracy,100042,0.44005,1,2.831322550535202,29.44774716347456,10,2.831322550535202,valid,0.4422878801236354,0.5059415785169555,0.44005000000000005,100042
GEN,0.44225,5,5,offspring,19992,20268,TINYIMAGENET,14,main_b1000_tinyimagenet_alexnet_GEN_kp50_seed42,0.5,0.4415,1,False,0.5,alexnet,False,0,0,2,0.44,1,1,0.44225,5,5,40260,5,0.5,TINYIMAGENET_alexnet_GEN_accuracy_kp5000_seed42,42,40000,14,42,accuracy,100042,0.4415,1,2.8132089711666106,29.578563384711742,10,2.8132089711666106,valid,0.44085091285922234,0.4921270899433312,0.44150000000000006,100042
GEN,0.44275,15,15,offspring,19894,20058,TINYIMAGENET,15,main_b1000_tinyimagenet_alexnet_GEN_kp50_seed42,0.5,0.44275,1,True,0.5,alexnet,False,0,0,1,0.44225,5,5,0.43995,2,2,39952,6,0.5,TINYIMAGENET_alexnet_GEN_accuracy_kp5000_seed42,42,40000,15,42,accuracy,100042,0.44275,1,2.8071538445472717,29.441494151949883,10,2.8071538445472717,valid,0.4406736078054074,0.49268580500238407,0.44275,100042
GEN,0.44425,16,16,offspring,20058,19894,TINYIMAGENET,16,main_b1000_tinyimagenet_alexnet_GEN_kp50_seed42,0.5,0.44425,1,True,0.5,alexnet,False,0,0,2,0.44225,5,5,0.43995,2,2,39952,7,0.5,TINYIMAGENET_alexnet_GEN_accuracy_kp5000_seed42,42,40000,16,42,accuracy,100042,0.44425,1,2.799545757222176,29.664245322346687,10,2.799545757222176,valid,0.44313195222468754,0.4946198946690839,0.44425000000000003,100042
GEN,0.44425,16,16,offspring,20030,19764,TINYIMAGENET,17,main_b1000_tinyimagenet_alexnet_GEN_kp50_seed42,0.5,0.4413,1,False,0.5,alexnet,False,0,0,1,0.44,1,1,0.43995,2,2,39794,8,0.5,TINYIMAGENET_alexnet_GEN_accuracy_kp5000_seed42,42,40000,17,42,accuracy,100042,0.4413,1,2.8329478198051454,29.358050674200058,10,2.8329478198051454,valid,0.4391853129835666,0.49906026057634806,0.44129999999999997,100042
GEN,0.44425,16,16,offspring,19764,20030,TINYIMAGENET,18,main_b1000_tinyimagenet_alexnet_GEN_kp50_seed42,0.5,0.44205,1,False,0.5,alexnet,False,0,0,2,0.44,1,1,0.43995,2,2,39794,9,0.5,TINYIMAGENET_alexnet_GEN_accuracy_kp5000_seed42,42,40000,18,42,accuracy,100042,0.44205,1,2.8675366618156435,29.65734599530697,10,2.8675366618156435,valid,0.4380819580990996,0.5023080479997174,0.44205000000000005,100042
GEN,0.44425,16,16,offspring,19798,19996,TINYIMAGENET,19,main_b1000_tinyimagenet_alexnet_GEN_kp50_seed42,0.5,0.4281,1,False,0.5,alexnet,False,0,0,1,0.44105,9,9,0.43995,2,2,39794,10,0.5,TINYIMAGENET_alexnet_GEN_accuracy_kp5000_seed42,42,40000,19,42,accuracy,100042,0.4281,1,2.9096898010730743,29.59077975153923,10,2.9096898010730743,valid,0.4257604887100112,0.49541058062350585,0.4280999999999999,100042
GEN,0.44425,16,16,offspring,19920,20032,TINYIMAGENET,20,main_b1000_tinyimagenet_alexnet_GEN_kp50_seed42,0.5,0.43075,2,False,0.5,alexnet,True,4000,2000,1,0.44275,15,6,0.44425,16,7,39952,2,0.5,TINYIMAGENET_alexnet_GEN_accuracy_kp5000_seed42,42,40000,20,42,accuracy,100042,0.43075,1,2.881376222372055,29.58476499468088,10,2.881376222372055,valid,0.4285559302545089,0.4860817100109535,0.43074999999999997,100042
GEN,0.44425,16,16,offspring,20032,19920,TINYIMAGENET,21,main_b1000_tinyimagenet_alexnet_GEN_kp50_seed42,0.5,0.4265,2,False,0.5,alexnet,False,0,0,2,0.44275,15,6,0.44425,16,7,39952,3,0.5,TINYIMAGENET_alexnet_GEN_accuracy_kp5000_seed42,42,40000,21,42,accuracy,100042,0.4265,1,2.906534686946869,29.820474199950695,10,2.906534686946869,valid,0.42854176951563766,0.4994079119824596,0.42650000000000005,100042
GEN,0.44425,16,16,offspring,15126,14972,TINYIMAGENET,22,main_b1000_tinyimagenet_alexnet_GEN_kp50_seed42,0.5,0.4335,2,False,0.5,alexnet,False,0,0,1,0.44275,15,6,0.4415,14,5,30098,4,0.5,TINYIMAGENET_alexnet_GEN_accuracy_kp5000_seed42,42,40000,22,42,accuracy,100042,0.4335,1,2.881622927904129,29.38033213466406,10,2.881622927904129,valid,0.4341265676600105,0.4996333176931924,0.43349999999999994,100042
GEN,0.44425,16,16,offspring,14972,15126,TINYIMAGENET,23,main_b1000_tinyimagenet_alexnet_GEN_kp50_seed42,0.5,0.43585,2,False,0.5,alexnet,False,0,0,2,0.44275,15,6,0.4415,14,5,30098,5,0.5,TINYIMAGENET_alexnet_GEN_accuracy_kp5000_seed42,42,40000,23,42,accuracy,100042,0.43585,1,2.880595648765564,29.730401873588562,10,2.880595648765564,valid,0.434573755887488,0.49910460666415785,0.43584999999999996,100042
GEN,0.44425,16,16,offspring,15026,14780,TINYIMAGENET,24,main_b1000_tinyimagenet_alexnet_GEN_kp50_seed42,0.5,0.4277,2,False,0.5,alexnet,True,4000,2000,1,0.44205,18,9,0.44425,16,7,29806,6,0.5,TINYIMAGENET_alexnet_GEN_accuracy_kp5000_seed42,42,40000,24,42,accuracy,100042,0.4277,1,2.919937104988098,29.42249871790409,10,2.919937104988098,valid,0.42580712222338185,0.4965791570138201,0.42769999999999997,100042
GEN,0.44425,16,16,offspring,14780,15026,TINYIMAGENET,25,main_b1000_tinyimagenet_alexnet_GEN_kp50_seed42,0.5,0.44315,2,False,0.5,alexnet,False,0,0,2,0.44205,18,9,0.44425,16,7,29806,7,0.5,TINYIMAGENET_alexnet_GEN_accuracy_kp5000_seed42,42,40000,25,42,accuracy,100042,0.44315,1,2.8433684876441956,29.73805096745491,10,2.8433684876441956,valid,0.4401658243170945,0.5002424143887277,0.44315,100042
GEN,0.44425,16,16,offspring,15118,15036,TINYIMAGENET,26,main_b1000_tinyimagenet_alexnet_GEN_kp50_seed42,0.5,0.4405,2,False,0.5,alexnet,False,0,0,1,0.44275,15,6,0.4413,17,8,30154,8,0.5,TINYIMAGENET_alexnet_GEN_accuracy_kp5000_seed42,42,40000,26,42,accuracy,100042,0.4405,1,2.8385696234703066,29.509518548846245,10,2.8385696234703066,valid,0.43477899886722776,0.48594330674343356,0.44049999999999995,100042
GEN,0.44425,16,16,offspring,15036,15118,TINYIMAGENET,27,main_b1000_tinyimagenet_alexnet_GEN_kp50_seed42,0.5,0.4351,2,False,0.5,alexnet,False,0,0,2,0.44275,15,6,0.4413,17,8,30154,9,0.5,TINYIMAGENET_alexnet_GEN_accuracy_kp5000_seed42,42,40000,27,42,accuracy,100042,0.4351,1,2.8737095534324646,29.82783619314432,10,2.8737095534324646,valid,0.42934669146162674,0.4857498809074429,0.4351,100042
GEN,0.44425,16,16,offspring,15030,15068,TINYIMAGENET,28,main_b1000_tinyimagenet_alexnet_GEN_kp50_seed42,0.5,0.43735,2,False,0.5,alexnet,False,0,0,1,0.4415,14,5,0.44275,15,6,30098,10,0.5,TINYIMAGENET_alexnet_GEN_accuracy_kp5000_seed42,42,40000,28,42,accuracy,100042,0.43735,1,2.826151724624634,29.615217678248882,10,2.826151724624634,valid,0.43442933073187484,0.4901533597088706,0.43735,100042
GEN,0.44425,16,16,offspring,7586,7580,TINYIMAGENET,29,main_b1000_tinyimagenet_alexnet_GEN_kp50_seed42,0.5,0.44185,3,False,0.5,alexnet,False,0,0,1,0.43585,23,5,0.43735,28,10,15166,2,0.5,TINYIMAGENET_alexnet_GEN_accuracy_kp5000_seed42,42,40000,29,42,accuracy,100042,0.44185,1,2.8185239715099333,29.666211791336536,10,2.8185239715099333,valid,0.44225617804454215,0.4973291646631585,0.44185,100042
GEN,0.44425,16,16,offspring,7580,7586,TINYIMAGENET,30,main_b1000_tinyimagenet_alexnet_GEN_kp50_seed42,0.5,0.43465,3,False,0.5,alexnet,False,0,0,2,0.43585,23,5,0.43735,28,10,15166,3,0.5,TINYIMAGENET_alexnet_GEN_accuracy_kp5000_seed42,42,40000,30,42,accuracy,100042,0.43465,1,2.873619643163681,29.671495765447617,10,2.873619643163681,valid,0.4306555834958625,0.49306948896511626,0.43465000000000004,100042
GEN,0.44425,16,16,offspring,17484,17418,TINYIMAGENET,31,main_b1000_tinyimagenet_alexnet_GEN_kp50_seed42,0.5,0.43505,3,False,0.5,alexnet,False,0,0,1,0.43585,23,5,0.44425,16,1,34902,4,0.5,TINYIMAGENET_alexnet_GEN_accuracy_kp5000_seed42,42,40000,31,42,accuracy,100042,0.43505,1,2.8554508260726927,29.605711840093136,10,2.8554508260726927,valid,0.4366678500312095,0.4957194590727292,0.43505000000000005,100042
GEN,0.44425,16,16,offspring,17418,17484,TINYIMAGENET,32,main_b1000_tinyimagenet_alexnet_GEN_kp50_seed42,0.5,0.44045,3,False,0.5,alexnet,False,0,0,2,0.43585,23,5,0.44425,16,1,34902,5,0.5,TINYIMAGENET_alexnet_GEN_accuracy_kp5000_seed42,42,40000,32,42,accuracy,100042,0.44045,1,2.858528766965866,29.63824738562107,10,2.858528766965866,valid,0.4418741057550335,0.5033594017044313,0.44045,100042
GEN,0.44425,16,16,offspring,11196,11290,TINYIMAGENET,33,main_b1000_tinyimagenet_alexnet_GEN_kp50_seed42,0.5,0.4402,3,False,0.5,alexnet,False,0,0,1,0.4405,26,8,0.43585,23,5,22486,6,0.5,TINYIMAGENET_alexnet_GEN_accuracy_kp5000_seed42,42,40000,33,42,accuracy,100042,0.4402,1,2.8563003809452057,29.58069060742855,10,2.8563003809452057,valid,0.43881863050282804,0.5031438020688479,0.4402,100042
GEN,0.44535,34,34,offspring,11290,11196,TINYIMAGENET,34,main_b1000_tinyimagenet_alexnet_GEN_kp50_seed42,0.5,0.44535,3,True,0.5,alexnet,True,4000,2000,2,0.4405,26,8,0.43585,23,5,22486,7,0.5,TINYIMAGENET_alexnet_GEN_accuracy_kp5000_seed42,42,40000,34,42,accuracy,100042,0.44535,1,2.7930248940944673,29.722377970814705,10,2.7930248940944673,valid,0.44149866438286056,0.4898527723704321,0.44535,100042
GEN,0.44535,34,34,offspring,11332,11418,TINYIMAGENET,35,main_b1000_tinyimagenet_alexnet_GEN_kp50_seed42,0.5,0.4355,3,False,0.5,alexnet,False,0,0,1,0.43735,28,10,0.4351,27,9,22750,8,0.5,TINYIMAGENET_alexnet_GEN_accuracy_kp5000_seed42,42,40000,35,42,accuracy,100042,0.4355,1,2.851094247484207,29.564985759556293,10,2.851094247484207,valid,0.4338729102063435,0.49294046886945736,0.4355,100042
GEN,0.44535,34,34,offspring,11418,11332,TINYIMAGENET,36,main_b1000_tinyimagenet_alexnet_GEN_kp50_seed42,0.5,0.4362,3,False,0.5,alexnet,False,0,0,2,0.43735,28,10,0.4351,27,9,22750,9,0.5,TINYIMAGENET_alexnet_GEN_accuracy_kp5000_seed42,42,40000,36,42,accuracy,100042,0.4362,1,2.8622787535667418,29.84963783621788,10,2.8622787535667418,valid,0.4351442326589607,0.4977197713006109,0.43620000000000003,100042
GEN,0.44535,34,34,offspring,16062,16296,TINYIMAGENET,37,main_b1000_tinyimagenet_alexnet_GEN_kp50_seed42,0.5,0.43435,3,False,0.5,alexnet,False,0,0,1,0.44315,25,7,0.43735,28,10,32358,10,0.5,TINYIMAGENET_alexnet_GEN_accuracy_kp5000_seed42,42,40000,37,42,accuracy,100042,0.43435,1,2.8955822677135465,29.424401871860027,10,2.8955822677135465,valid,0.4344127926624121,0.5043474408666038,0.43435,100042
GEN,0.44535,34,34,offspring,7450,7580,TINYIMAGENET,38,main_b1000_tinyimagenet_alexnet_GEN_kp50_seed42,0.5,0.43945,4,False,0.5,alexnet,False,0,0,1,0.44185,29,2,0.4402,33,6,15030,2,0.5,TINYIMAGENET_alexnet_GEN_accuracy_kp5000_seed42,42,40000,38,42,accuracy,100042,0.43945,1,2.855354984521866,29.758664153516293,10,2.855354984521866,valid,0.4370532775250483,0.5024228543559782,0.43945,100042
GEN,0.44535,34,34,offspring,7580,7450,TINYIMAGENET,39,main_b1000_tinyimagenet_alexnet_GEN_kp50_seed42,0.5,0.43565,4,False,0.5,alexnet,False,0,0,2,0.44185,29,2,0.4402,33,6,15030,3,0.5,TINYIMAGENET_alexnet_GEN_accuracy_kp5000_seed42,42,40000,39,42,accuracy,100042,0.43565,1,2.8818698914289476,29.526836052536964,10,2.8818698914289476,valid,0.4337368678392147,0.5017845898101069,0.43565,100042
GEN,0.44535,34,34,offspring,8716,8850,TINYIMAGENET,40,main_b1000_tinyimagenet_alexnet_GEN_kp50_seed42,0.5,0.4329,4,False,0.5,alexnet,False,0,0,1,0.44185,29,2,0.44535,34,7,17566,4,0.5,TINYIMAGENET_alexnet_GEN_accuracy_kp5000_seed42,42,40000,40,42,accuracy,100042,0.4329,1,2.8744348108291624,29.781720839440823,10,2.8744348108291624,valid,0.4316310835762897,0.4975533519275342,0.43290000000000006,100042
GEN,0.44535,34,34,offspring,8850,8716,TINYIMAGENET,41,main_b1000_tinyimagenet_alexnet_GEN_kp50_seed42,0.5,0.43805,4,False,0.5,alexnet,False,0,0,2,0.44185,29,2,0.44535,34,7,17566,5,0.5,TINYIMAGENET_alexnet_GEN_accuracy_kp5000_seed42,42,40000,41,42,accuracy,100042,0.43805,1,2.867528071641922,29.627285830676556,10,2.867528071641922,valid,0.4392851013144258,0.5042900615775554,0.43805,100042
GEN,0.44535,34,34,offspring,17660,17340,TINYIMAGENET,42,main_b1000_tinyimagenet_alexnet_GEN_kp50_seed42,0.5,0.43175,4,False,0.5,alexnet,False,0,0,1,0.44185,29,2,0.44425,16,1,35000,6,0.5,TINYIMAGENET_alexnet_GEN_accuracy_kp5000_seed42,42,40000,42,42,accuracy,100042,0.43175,1,2.897801425266266,29.798497781157494,10,2.897801425266266,valid,0.429393988239695,0.4949384181285998,0.43174999999999997,100042
GEN,0.44535,34,34,offspring,17340,17660,TINYIMAGENET,43,main_b1000_tinyimagenet_alexnet_GEN_kp50_seed42,0.5,0.44215,4,False,0.5,alexnet,False,0,0,2,0.44185,29,2,0.44425,16,1,35000,7,0.5,TINYIMAGENET_alexnet_GEN_accuracy_kp5000_seed42,42,40000,43,42,accuracy,100042,0.44215,1,2.8265436470031737,29.658483006060123,10,2.8265436470031737,valid,0.4411364604958965,0.5014136614100327,0.44215000000000004,100042
GEN,0.44535,34,34,offspring,11576,11506,TINYIMAGENET,44,main_b1000_tinyimagenet_alexnet_GEN_kp50_seed42,0.5,0.4445,4,False,0.5,alexnet,True,4000,2000,1,0.44045,32,5,0.4402,33,6,23082,8,0.5,TINYIMAGENET_alexnet_GEN_accuracy_kp5000_seed42,42,40000,44,42,accuracy,100042,0.4445,1,2.816174186897278,29.8108232319355,10,2.816174186897278,valid,0.44150530323616055,0.49569647105877523,0.4445,100042
GEN,0.44535,34,34,offspring,11506,11576,TINYIMAGENET,45,main_b1000_tinyimagenet_alexnet_GEN_kp50_seed42,0.5,0.4303,4,False,0.5,alexnet,False,0,0,2,0.44045,32,5,0.4402,33,6,23082,9,0.5,TINYIMAGENET_alexnet_GEN_accuracy_kp5000_seed42,42,40000,45,42,accuracy,100042,0.4303,1,2.874923776817322,29.475279077887535,10,2.874923776817322,valid,0.4345050324393773,0.498743591994408,0.4303,100042
GEN,0.44535,34,34,offspring,11954,12194,TINYIMAGENET,46,main_b1000_tinyimagenet_alexnet_GEN_kp50_seed42,0.5,0.43735,4,False,0.5,alexnet,False,0,0,1,0.4402,33,6,0.44535,34,7,24148,10,0.5,TINYIMAGENET_alexnet_GEN_accuracy_kp5000_seed42,42,40000,46,42,accuracy,100042,0.43735,1,2.8198513841629027,29.915017619729042,10,2.8198513841629027,valid,0.4383206474187975,0.49723444458389876,0.43735,100042
GEN,0.44535,34,34,offspring,10420,10464,TINYIMAGENET,47,main_b1000_tinyimagenet_alexnet_GEN_kp50_seed42,0.5,0.4383,5,False,0.5,alexnet,False,0,0,1,0.43945,38,2,0.44535,34,1,20884,2,0.5,TINYIMAGENET_alexnet_GEN_accuracy_kp5000_seed42,42,40000,47,42,accuracy,100042,0.4383,1,2.843548300361633,29.471932612359524,10,2.843548300361633,valid,0.43777474637874936,0.49944536804055883,0.43829999999999997,100042
GEN,0.44535,34,34,offspring,10464,10420,TINYIMAGENET,48,main_b1000_tinyimagenet_alexnet_GEN_kp50_seed42,0.5,0.43765,5,False,0.5,alexnet,False,0,0,2,0.43945,38,2,0.44535,34,1,20884,3,0.5,TINYIMAGENET_alexnet_GEN_accuracy_kp5000_seed42,42,40000,48,42,accuracy,100042,0.43765,1,2.8656048527717592,29.90091186016798,10,2.8656048527717592,valid,0.43435909812696466,0.5029729325729696,0.43765,100042
GEN,0.44565,49,49,offspring,11050,10972,TINYIMAGENET,49,main_b1000_tinyimagenet_alexnet_GEN_kp50_seed42,0.5,0.44565,5,True,0.5,alexnet,False,0,0,1,0.44215,43,7,0.43805,41,5,22022,4,0.5,TINYIMAGENET_alexnet_GEN_accuracy_kp5000_seed42,42,40000,49,42,accuracy,100042,0.44565,1,2.8107076996326446,29.43821991980076,10,2.8107076996326446,valid,0.4413716496914931,0.498874889818391,0.44565000000000005,100042
GEN,0.44565,49,49,offspring,10972,11050,TINYIMAGENET,50,main_b1000_tinyimagenet_alexnet_GEN_kp50_seed42,0.5,0.4367,5,False,0.5,alexnet,False,0,0,2,0.44215,43,7,0.43805,41,5,22022,5,0.5,TINYIMAGENET_alexnet_GEN_accuracy_kp5000_seed42,42,40000,50,42,accuracy,100042,0.4367,1,2.8635993467807768,29.821377247571945,10,2.8635993467807768,valid,0.4389329087918182,0.5097135386099917,0.43670000000000003,100042
GEN,0.44565,49,49,offspring,8624,8600,TINYIMAGENET,51,main_b1000_tinyimagenet_alexnet_GEN_kp50_seed42,0.5,0.4406,5,False,0.5,alexnet,False,0,0,1,0.4445,44,8,0.43945,38,2,17224,6,0.5,TINYIMAGENET_alexnet_GEN_accuracy_kp5000_seed42,42,40000,51,42,accuracy,100042,0.4406,1,2.8496172887802125,29.40650413930416,10,2.8496172887802125,valid,0.4351887864375334,0.487586306065426,0.44060000000000005,100042
GEN,0.44565,49,49,offspring,8600,8624,TINYIMAGENET,52,main_b1000_tinyimagenet_alexnet_GEN_kp50_seed42,0.5,0.4353,5,False,0.5,alexnet,False,0,0,2,0.4445,44,8,0.43945,38,2,17224,7,0.5,TINYIMAGENET_alexnet_GEN_accuracy_kp5000_seed42,42,40000,52,42,accuracy,100042,0.4353,1,2.885963051223755,29.730844728648663,10,2.885963051223755,valid,0.4341254069922137,0.5012152679099686,0.4353,100042
GEN,0.44565,49,49,offspring,8712,8512,TINYIMAGENET,53,main_b1000_tinyimagenet_alexnet_GEN_kp50_seed42,0.5,0.43205,5,False,0.5,alexnet,False,0,0,1,0.4445,44,8,0.43945,38,2,17224,8,0.5,TINYIMAGENET_alexnet_GEN_accuracy_kp5000_seed42,42,40000,53,42,accuracy,100042,0.43205,1,2.9218778759002686,29.417975276708603,10,2.9218778759002686,valid,0.4290841468138524,0.4893011443895084,0.43205,100042
GEN,0.44565,49,49,offspring,8512,8712,TINYIMAGENET,54,main_b1000_tinyimagenet_alexnet_GEN_kp50_seed42,0.5,0.4369,5,False,0.5,alexnet,False,0,0,2,0.4445,44,8,0.43945,38,2,17224,9,0.5,TINYIMAGENET_alexnet_GEN_accuracy_kp5000_seed42,42,40000,54,42,accuracy,100042,0.4369,1,2.8367095129728317,29.604862116277218,10,2.8367095129728317,valid,0.4319663968357533,0.48824520564261453,0.43689999999999996,100042
GEN,0.44565,49,49,offspring,4380,4336,TINYIMAGENET,55,main_b1000_tinyimagenet_alexnet_GEN_kp50_seed42,0.5,0.4346,5,False,0.5,alexnet,False,0,0,1,0.43805,41,5,0.44535,34,1,8716,10,0.5,TINYIMAGENET_alexnet_GEN_accuracy_kp5000_seed42,42,40000,55,42,accuracy,100042,0.4346,1,2.877486790943146,29.553052082657814,10,2.877486790943146,valid,0.43289053036066727,0.5021593937823038,0.4346,100042
GEN,0.44565,49,49,offspring,10310,10286,TINYIMAGENET,56,main_b1000_tinyimagenet_alexnet_GEN_kp50_seed42,0.5,0.43995,6,False,0.5,alexnet,False,0,0,1,0.44565,49,4,0.4406,51,6,20596,2,0.5,TINYIMAGENET_alexnet_GEN_accuracy_kp5000_seed42,42,40000,56,42,accuracy,100042,0.43995,1,2.839040985059738,29.779447592794895,10,2.839040985059738,valid,0.43836778529841525,0.49442351338237567,0.43995000000000006,100042
GEN,0.44565,49,49,offspring,10286,10310,TINYIMAGENET,57,main_b1000_tinyimagenet_alexnet_GEN_kp50_seed42,0.5,0.43495,6,False,0.5,alexnet,False,0,0,2,0.44565,49,4,0.4406,51,6,20596,3,0.5,TINYIMAGENET_alexnet_GEN_accuracy_kp5000_seed42,42,40000,57,42,accuracy,100042,0.43495,1,2.9101514924049376,29.429674096405506,10,2.9101514924049376,valid,0.4314505814104709,0.4918269352292134,0.43495000000000006,100042
GEN,0.44565,49,49,offspring,11706,11766,TINYIMAGENET,58,main_b1000_tinyimagenet_alexnet_GEN_kp50_seed42,0.5,0.4274,6,False,0.5,alexnet,True,4000,2000,1,0.44535,34,1,0.4406,51,6,23472,4,0.5,TINYIMAGENET_alexnet_GEN_accuracy_kp5000_seed42,42,40000,58,42,accuracy,100042,0.4274,1,2.8712423316955564,29.634893588721752,10,2.8712423316955564,valid,0.42873318392399357,0.502750181120762,0.42739999999999995,100042
GEN,0.44565,49,49,offspring,11766,11706,TINYIMAGENET,59,main_b1000_tinyimagenet_alexnet_GEN_kp50_seed42,0.5,0.4363,6,False,0.5,alexnet,False,0,0,2,0.44535,34,1,0.4406,51,6,23472,5,0.5,TINYIMAGENET_alexnet_GEN_accuracy_kp5000_seed42,42,40000,59,42,accuracy,100042,0.4363,1,2.8652356454372407,29.464906439185143,10,2.8652356454372407,valid,0.4367129363269211,0.4959878819393009,0.4363,100042
GEN,0.44565,49,49,offspring,5210,5210,TINYIMAGENET,60,main_b1000_tinyimagenet_alexnet_GEN_kp50_seed42,0.5,0.433,6,False,0.5,alexnet,False,0,0,1,0.44535,34,1,0.43765,48,3,10420,6,0.5,TINYIMAGENET_alexnet_GEN_accuracy_kp5000_seed42,42,40000,60,42,accuracy,100042,0.433,1,2.8880102067947386,29.59150305390358,10,2.8880102067947386,valid,0.433005361714419,0.5006773398038799,0.433,100042
GEN,0.44565,49,49,offspring,5210,5210,TINYIMAGENET,61,main_b1000_tinyimagenet_alexnet_GEN_kp50_seed42,0.5,0.4353,6,False,0.5,alexnet,False,0,0,2,0.44535,34,1,0.43765,48,3,10420,7,0.5,TINYIMAGENET_alexnet_GEN_accuracy_kp5000_seed42,42,40000,61,42,accuracy,100042,0.4353,1,2.8300262262344362,29.50388392806053,10,2.8300262262344362,valid,0.4328528118869056,0.49276502622144497,0.4353,100042
GEN,0.44565,49,49,offspring,10266,10330,TINYIMAGENET,62,main_b1000_tinyimagenet_alexnet_GEN_kp50_seed42,0.5,0.4444,6,False,0.5,alexnet,False,0,0,1,0.4406,51,6,0.44565,49,4,20596,8,0.5,TINYIMAGENET_alexnet_GEN_accuracy_kp5000_seed42,42,40000,62,42,accuracy,100042,0.4444,1,2.8195316451072694,29.68494100868702,10,2.8195316451072694,valid,0.44024729165999743,0.4879961465093118,0.44439999999999996,100042
GEN,0.44565,49,49,offspring,10330,10266,TINYIMAGENET,63,main_b1000_tinyimagenet_alexnet_GEN_kp50_seed42,0.5,0.439,6,False,0.5,alexnet,False,0,0,2,0.4406,51,6,0.44565,49,4,20596,9,0.5,TINYIMAGENET_alexnet_GEN_accuracy_kp5000_seed42,42,40000,63,42,accuracy,100042,0.439,1,2.854100028991699,29.530669778585434,10,2.854100028991699,valid,0.4370652391801558,0.49428601329626504,0.439,100042
GEN,0.44565,49,49,offspring,11710,11836,TINYIMAGENET,64,main_b1000_tinyimagenet_alexnet_GEN_kp50_seed42,0.5,0.4407,6,False,0.5,alexnet,False,0,0,1,0.4369,54,9,0.44535,34,1,23546,10,0.5,TINYIMAGENET_alexnet_GEN_accuracy_kp5000_seed42,42,40000,64,42,accuracy,100042,0.4407,1,2.8106728444576263,29.701322868466377,10,2.8106728444576263,valid,0.438713577719041,0.49197218710883084,0.4407,100042
GEN,0.44565,49,49,offspring,6206,6220,TINYIMAGENET,65,main_b1000_tinyimagenet_alexnet_GEN_kp50_seed42,0.5,0.43665,7,False,0.5,alexnet,False,0,0,1,0.4407,64,10,0.4353,61,7,12426,2,0.5,TINYIMAGENET_alexnet_GEN_accuracy_kp5000_seed42,42,40000,65,42,accuracy,100042,0.43665,1,2.9096204051494596,29.53082948923111,10,2.9096204051494596,valid,0.4350802823001102,0.5017943431423485,0.43665000000000004,100042
GEN,0.44565,49,49,offspring,6220,6206,TINYIMAGENET,66,main_b1000_tinyimagenet_alexnet_GEN_kp50_seed42,0.5,0.44075,7,False,0.5,alexnet,False,0,0,2,0.4407,64,10,0.4353,61,7,12426,3,0.5,TINYIMAGENET_alexnet_GEN_accuracy_kp5000_seed42,42,40000,66,42,accuracy,100042,0.44075,1,2.827784183549881,29.764666512608528,10,2.827784183549881,valid,0.43931224409444986,0.5030405941826548,0.44075000000000003,100042
GEN,0.44565,49,49,offspring,9562,9362,TINYIMAGENET,67,main_b1000_tinyimagenet_alexnet_GEN_kp50_seed42,0.5,0.43985,7,False,0.5,alexnet,False,0,0,1,0.44565,49,1,0.4407,64,10,18924,4,0.5,TINYIMAGENET_alexnet_GEN_accuracy_kp5000_seed42,42,40000,67,42,accuracy,100042,0.43985,1,2.8545902969360353,29.872325375676155,10,2.8545902969360353,valid,0.436495373453937,0.5026198711351116,0.43985,100042
GEN,0.44565,49,49,offspring,9362,9562,TINYIMAGENET,68,main_b1000_tinyimagenet_alexnet_GEN_kp50_seed42,0.5,0.44055,7,False,0.5,alexnet,False,0,0,2,0.44565,49,1,0.4407,64,10,18924,5,0.5,TINYIMAGENET_alexnet_GEN_accuracy_kp5000_seed42,42,40000,68,42,accuracy,100042,0.44055,1,2.835211755466461,30.248287059366703,10,2.835211755466461,valid,0.4405165965554213,0.4972501533174904,0.44055,100042
GEN,0.44565,49,49,offspring,9354,9344,TINYIMAGENET,69,main_b1000_tinyimagenet_alexnet_GEN_kp50_seed42,0.5,0.4432,7,False,0.5,alexnet,True,4000,2000,1,0.4444,62,8,0.4353,61,7,18698,6,0.5,TINYIMAGENET_alexnet_GEN_accuracy_kp5000_seed42,42,40000,69,42,accuracy,100042,0.4432,1,2.831894473648071,29.849661014974117,10,2.831894473648071,valid,0.44208164955191576,0.5007339773942389,0.4432,100042
GEN,0.44565,49,49,offspring,9344,9354,TINYIMAGENET,70,main_b1000_tinyimagenet_alexnet_GEN_kp50_seed42,0.5,0.4414,7,False,0.5,alexnet,False,0,0,2,0.4444,62,8,0.4353,61,7,18698,7,0.5,TINYIMAGENET_alexnet_GEN_accuracy_kp5000_seed42,42,40000,70,42,accuracy,100042,0.4414,1,2.8146373862743377,29.745273262262344,10,2.8146373862743377,valid,0.4402838455475638,0.4942199226279618,0.4414,100042
GEN,0.44565,49,49,offspring,9364,9560,TINYIMAGENET,71,main_b1000_tinyimagenet_alexnet_GEN_kp50_seed42,0.5,0.4384,7,False,0.5,alexnet,True,4000,2000,1,0.4407,64,10,0.44565,49,1,18924,8,0.5,TINYIMAGENET_alexnet_GEN_accuracy_kp5000_seed42,42,40000,71,42,accuracy,100042,0.4384,1,2.8726122929573057,29.60355293750763,10,2.8726122929573057,valid,0.43590539500043135,0.4992207529601632,0.43839999999999996,100042
GEN,0.44565,49,49,offspring,9560,9364,TINYIMAGENET,72,main_b1000_tinyimagenet_alexnet_GEN_kp50_seed42,0.5,0.4394,7,False,0.5,alexnet,False,0,0,2,0.4407,64,10,0.44565,49,1,18924,9,0.5,TINYIMAGENET_alexnet_GEN_accuracy_kp5000_seed42,42,40000,72,42,accuracy,100042,0.4394,1,2.859454016876221,29.689712189137936,10,2.859454016876221,valid,0.43859903334844574,0.49575953198307415,0.43939999999999996,100042
GEN,0.44565,49,49,offspring,9276,9422,TINYIMAGENET,73,main_b1000_tinyimagenet_alexnet_GEN_kp50_seed42,0.5,0.426,7,False,0.5,alexnet,False,0,0,1,0.4444,62,8,0.4353,61,7,18698,10,0.5,TINYIMAGENET_alexnet_GEN_accuracy_kp5000_seed42,42,40000,73,42,accuracy,100042,0.426,1,2.9649470499753954,29.532463163137436,10,2.9649470499753954,valid,0.42335773736555865,0.5048006734212929,0.426,100042
GEN,0.44565,49,49,offspring,8284,8258,TINYIMAGENET,74,main_b1000_tinyimagenet_alexnet_GEN_kp50_seed42,0.5,0.4389,8,False,0.5,alexnet,True,4000,2000,1,0.4432,69,6,0.44565,49,1,16542,2,0.5,TINYIMAGENET_alexnet_GEN_accuracy_kp5000_seed42,42,40000,74,42,accuracy,100042,0.4389,1,2.856884431362152,29.59560626745224,10,2.856884431362152,valid,0.4377252555531384,0.4978258723105596,0.4389,100042
GEN,0.44565,49,49,offspring,8258,8284,TINYIMAGENET,75,main_b1000_tinyimagenet_alexnet_GEN_kp50_seed42,0.5,0.44455,8,False,0.5,alexnet,False,0,0,2,0.4432,69,6,0.44565,49,1,16542,3,0.5,TINYIMAGENET_alexnet_GEN_accuracy_kp5000_seed42,42,40000,75,42,accuracy,100042,0.44455,1,2.809855147123337,29.60938584059477,10,2.809855147123337,valid,0.4412616950207452,0.4931759211302085,0.44455,100042
GEN,0.44565,49,49,offspring,4772,4754,TINYIMAGENET,76,main_b1000_tinyimagenet_alexnet_GEN_kp50_seed42,0.5,0.4409,8,False,0.5,alexnet,False,0,0,1,0.43985,67,4,0.4394,72,9,9526,4,0.5,TINYIMAGENET_alexnet_GEN_accuracy_kp5000_seed42,42,40000,76,42,accuracy,100042,0.4409,1,2.8214028375148774,29.555576607584953,10,2.8214028375148774,valid,0.43847343524288845,0.49712826638406404,0.4409,100042
GEN,0.44565,49,49,offspring,4754,4772,TINYIMAGENET,77,main_b1000_tinyimagenet_alexnet_GEN_kp50_seed42,0.5,0.4371,8,False,0.5,alexnet,True,4000,2000,2,0.43985,67,4,0.4394,72,9,9526,5,0.5,TINYIMAGENET_alexnet_GEN_accuracy_kp5000_seed42,42,40000,77,42,accuracy,100042,0.4371,1,2.838758800983429,29.700588673353195,10,2.838758800983429,valid,0.4318269094372911,0.4871163473841649,0.4371,100042
GEN,0.44565,49,49,offspring,8550,8540,TINYIMAGENET,78,main_b1000_tinyimagenet_alexnet_GEN_kp50_seed42,0.5,0.4409,8,False,0.5,alexnet,False,0,0,1,0.4414,70,7,0.4384,71,8,17090,6,0.5,TINYIMAGENET_alexnet_GEN_accuracy_kp5000_seed42,42,40000,78,42,accuracy,100042,0.4409,1,2.8415890877723693,29.464537121355534,10,2.8415890877723693,valid,0.438631084609589,0.49608734741840294,0.4409,100042
GEN,0.44565,49,49,offspring,8540,8550,TINYIMAGENET,79,main_b1000_tinyimagenet_alexnet_GEN_kp50_seed42,0.5,0.42675,8,False,0.5,alexnet,False,0,0,2,0.4414,70,7,0.4384,71,8,17090,7,0.5,TINYIMAGENET_alexnet_GEN_accuracy_kp5000_seed42,42,40000,79,42,accuracy,100042,0.42675,1,2.919749754047394,29.614044159650803,10,2.919749754047394,valid,0.42592712543902395,0.5042890496190061,0.42674999999999996,100042
GEN,0.44565,49,49,offspring,6124,6198,TINYIMAGENET,80,main_b1000_tinyimagenet_alexnet_GEN_kp50_seed42,0.5,0.4417,8,False,0.5,alexnet,False,0,0,1,0.44055,68,5,0.44075,66,3,12322,8,0.5,TINYIMAGENET_alexnet_GEN_accuracy_kp5000_seed42,42,40000,80,42,accuracy,100042,0.4417,1,2.8065941957950593,29.510753989219666,10,2.8065941957950593,valid,0.43820717919203134,0.49089092877820323,0.44170000000000004,100042
GEN,0.44565,49,49,offspring,6198,6124,TINYIMAGENET,81,main_b1000_tinyimagenet_alexnet_GEN_kp50_seed42,0.5,0.43295,8,False,0.5,alexnet,False,0,0,2,0.44055,68,5,0.44075,66,3,12322,9,0.5,TINYIMAGENET_alexnet_GEN_accuracy_kp5000_seed42,42,40000,81,42,accuracy,100042,0.43295,1,2.8945703147888184,29.705405794084072,10,2.8945703147888184,valid,0.43442532616235147,0.5079601310240897,0.43295,100042
GEN,0.449,82,82,offspring,8246,8296,TINYIMAGENET,82,main_b1000_tinyimagenet_alexnet_GEN_kp50_seed42,0.5,0.449,8,True,0.5,alexnet,False,0,0,1,0.44565,49,1,0.4432,69,6,16542,10,0.5,TINYIMAGENET_alexnet_GEN_accuracy_kp5000_seed42,42,40000,82,42,accuracy,100042,0.449,1,2.754460375452042,29.491486966609955,10,2.754460375452042,valid,0.4483652004832716,0.4943459001175768,0.44900000000000007,100042
GEN,0.449,82,82,offspring,4110,4156,TINYIMAGENET,83,main_b1000_tinyimagenet_alexnet_GEN_kp50_seed42,0.5,0.4413,9,False,0.5,alexnet,False,0,0,1,0.44455,75,3,0.449,82,10,8266,2,0.5,TINYIMAGENET_alexnet_GEN_accuracy_kp5000_seed42,42,40000,83,42,accuracy,100042,0.4413,1,2.8696148111343383,29.69488302618265,10,2.8696148111343383,valid,0.44145301710045387,0.5042600656439542,0.4413,100042
GEN,0.449,82,82,offspring,4156,4110,TINYIMAGENET,84,main_b1000_tinyimagenet_alexnet_GEN_kp50_seed42,0.5,0.4407,9,False,0.5,alexnet,False,0,0,2,0.44455,75,3,0.449,82,10,8266,3,0.5,TINYIMAGENET_alexnet_GEN_accuracy_kp5000_seed42,42,40000,84,42,accuracy,100042,0.4407,1,2.806205807876587,29.51974230259657,10,2.806205807876587,valid,0.4376910181977752,0.4954879017332318,0.4407000000000001,100042
GEN,0.449,82,82,offspring,4176,4070,TINYIMAGENET,85,main_b1000_tinyimagenet_alexnet_GEN_kp50_seed42,0.5,0.43815,9,False,0.5,alexnet,False,0,0,1,0.44565,49,1,0.449,82,10,8246,4,0.5,TINYIMAGENET_alexnet_GEN_accuracy_kp5000_seed42,42,40000,85,42,accuracy,100042,0.43815,1,2.8371385981082917,29.880850180983543,10,2.8371385981082917,valid,0.43776705294475526,0.49663198206617504,0.43815,100042
GEN,0.449,82,82,offspring,4070,4176,TINYIMAGENET,86,main_b1000_tinyimagenet_alexnet_GEN_kp50_seed42,0.5,0.43985,9,False,0.5,alexnet,False,0,0,2,0.44565,49,1,0.449,82,10,8246,5,0.5,TINYIMAGENET_alexnet_GEN_accuracy_kp5000_seed42,42,40000,86,42,accuracy,100042,0.43985,1,2.8486568964004517,29.553505279123783,10,2.8486568964004517,valid,0.4396309299788872,0.4973458892057559,0.43985,100042
GEN,0.449,82,82,offspring,7488,7562,TINYIMAGENET,87,main_b1000_tinyimagenet_alexnet_GEN_kp50_seed42,0.5,0.4424,9,False,0.5,alexnet,False,0,0,1,0.4417,80,8,0.449,82,10,15050,6,0.5,TINYIMAGENET_alexnet_GEN_accuracy_kp5000_seed42,42,40000,87,42,accuracy,100042,0.4424,1,2.822172654771805,29.7579475492239,10,2.822172654771805,valid,0.44569574244222737,0.5050102374945176,0.44239999999999996,100042
GEN,0.449,82,82,offspring,7562,7488,TINYIMAGENET,88,main_b1000_tinyimagenet_alexnet_GEN_kp50_seed42,0.5,0.4371,9,False,0.5,alexnet,False,0,0,2,0.4417,80,8,0.449,82,10,15050,7,0.5,TINYIMAGENET_alexnet_GEN_accuracy_kp5000_seed42,42,40000,88,42,accuracy,100042,0.4371,1,2.861969520378113,29.729255974292755,10,2.861969520378113,valid,0.4315406481598147,0.49375091992274767,0.4371,100042
GEN,0.449,82,82,offspring,4130,4116,TINYIMAGENET,89,main_b1000_tinyimagenet_alexnet_GEN_kp50_seed42,0.5,0.4369,9,False,0.5,alexnet,False,0,0,1,0.449,82,10,0.44565,49,1,8246,8,0.5,TINYIMAGENET_alexnet_GEN_accuracy_kp5000_seed42,42,40000,89,42,accuracy,100042,0.4369,1,2.8444573608875277,30.369001008570194,10,2.8444573608875277,valid,0.43414316757184346,0.48885642419853753,0.43689999999999996,100042
GEN,0.449,82,82,offspring,4116,4130,TINYIMAGENET,90,main_b1000_tinyimagenet_alexnet_GEN_kp50_seed42,0.5,0.43605,9,False,0.5,alexnet,False,0,0,2,0.449,82,10,0.44565,49,1,8246,9,0.5,TINYIMAGENET_alexnet_GEN_accuracy_kp5000_seed42,42,40000,90,42,accuracy,100042,0.43605,1,2.8483778414726255,29.79293315857649,10,2.8483778414726255,valid,0.4381429088339216,0.49800628185757845,0.43605000000000005,100042
GEN,0.449,82,82,offspring,7568,7298,TINYIMAGENET,91,main_b1000_tinyimagenet_alexnet_GEN_kp50_seed42,0.5,0.44205,9,False,0.5,alexnet,False,0,0,1,0.44455,75,3,0.4417,80,8,14866,10,0.5,TINYIMAGENET_alexnet_GEN_accuracy_kp5000_seed42,42,40000,91,42,accuracy,100042,0.44205,1,2.854203827381134,30.104897879064083,10,2.854203827381134,valid,0.44029047796149356,0.5048727907656952,0.44205,100042
GEN,0.449,82,82,offspring,2152,2024,TINYIMAGENET,92,main_b1000_tinyimagenet_alexnet_GEN_kp50_seed42,0.5,0.43345,10,False,0.5,alexnet,False,0,0,1,0.449,82,1,0.43985,86,5,4176,2,0.5,TINYIMAGENET_alexnet_GEN_accuracy_kp5000_seed42,42,40000,92,42,accuracy,100042,0.43345,1,2.8185385773181917,29.744249254465103,10,2.8185385773181917,valid,0.43358449908629765,0.4883971605202241,0.43345000000000006,100042
GEN,0.449,82,82,offspring,2024,2152,TINYIMAGENET,93,main_b1000_tinyimagenet_alexnet_GEN_kp50_seed42,0.5,0.44535,10,False,0.5,alexnet,False,0,0,2,0.449,82,1,0.43985,86,5,4176,3,0.5,TINYIMAGENET_alexnet_GEN_accuracy_kp5000_seed42,42,40000,93,42,accuracy,100042,0.44535,1,2.792514926815033,30.013041079044342,10,2.792514926815033,valid,0.4434935276393891,0.4946013723328012,0.44535,100042
GEN,0.449,82,82,offspring,4826,4694,TINYIMAGENET,94,main_b1000_tinyimagenet_alexnet_GEN_kp50_seed42,0.5,0.4318,10,False,0.5,alexnet,False,0,0,1,0.4413,83,2,0.4424,87,6,9520,4,0.5,TINYIMAGENET_alexnet_GEN_accuracy_kp5000_seed42,42,40000,94,42,accuracy,100042,0.4318,1,2.8871066049575806,29.674325577914715,10,2.8871066049575806,valid,0.43192078389444055,0.5002828036503675,0.4318,100042
GEN,0.449,82,82,offspring,4694,4826,TINYIMAGENET,95,main_b1000_tinyimagenet_alexnet_GEN_kp50_seed42,0.5,0.43795,10,False,0.5,alexnet,False,0,0,2,0.4413,83,2,0.4424,87,6,9520,5,0.5,TINYIMAGENET_alexnet_GEN_accuracy_kp5000_seed42,42,40000,95,42,accuracy,100042,0.43795,1,2.8623040748119353,30.12177585065365,10,2.8623040748119353,valid,0.43542384312987326,0.49882153627833936,0.43795,100042
GEN,0.449,82,82,offspring,5826,5842,TINYIMAGENET,96,main_b1000_tinyimagenet_alexnet_GEN_kp50_seed42,0.5,0.44075,10,False,0.5,alexnet,False,0,0,1,0.449,82,1,0.44205,91,10,11668,6,0.5,TINYIMAGENET_alexnet_GEN_accuracy_kp5000_seed42,42,40000,96,42,accuracy,100042,0.44075,1,2.8338708676338196,29.80419221520424,10,2.8338708676338196,valid,0.4371328575335203,0.4896312406617612,0.44075000000000003,100042
GEN,0.449,82,82,offspring,5842,5826,TINYIMAGENET,97,main_b1000_tinyimagenet_alexnet_GEN_kp50_seed42,0.5,0.4445,10,False,0.5,alexnet,True,4000,2000,2,0.449,82,1,0.44205,91,10,11668,7,0.5,TINYIMAGENET_alexnet_GEN_accuracy_kp5000_seed42,42,40000,97,42,accuracy,100042,0.4445,1,2.855072013902664,30.142293579876423,10,2.855072013902664,valid,0.44317638399258485,0.5021017620795092,0.4445,100042
GEN,0.449,82,82,offspring,4692,4764,TINYIMAGENET,98,main_b1000_tinyimagenet_alexnet_GEN_kp50_seed42,0.5,0.43835,10,False,0.5,alexnet,False,0,0,1,0.4424,87,6,0.44205,91,10,9456,8,0.5,TINYIMAGENET_alexnet_GEN_accuracy_kp5000_seed42,42,40000,98,42,accuracy,100042,0.43835,1,2.8607052364826204,29.74121332913637,10,2.8607052364826204,valid,0.4352623188624182,0.49757671357338146,0.43835,100042
GEN,0.449,82,82,offspring,4764,4692,TINYIMAGENET,99,main_b1000_tinyimagenet_alexnet_GEN_kp50_seed42,0.5,0.4336,10,False,0.5,alexnet,False,0,0,2,0.4424,87,6,0.44205,91,10,9456,9,0.5,TINYIMAGENET_alexnet_GEN_accuracy_kp5000_seed42,42,40000,99,42,accuracy,100042,0.4336,1,2.913676374769211,30.21686927229166,10,2.913676374769211,valid,0.42989788468084145,0.49923583277808875,0.4336,100042
GEN,0.449,82,82,offspring,2116,2040,TINYIMAGENET,100,main_b1000_tinyimagenet_alexnet_GEN_kp50_seed42,0.5,0.44295,10,False,0.5,alexnet,False,0,0,1,0.4413,83,2,0.449,82,1,4156,10,0.5,TINYIMAGENET_alexnet_GEN_accuracy_kp5000_seed42,42,40000,100,42,accuracy,100042,0.44295,1,2.805706739234924,29.90890647470951,10,2.805706739234924,valid,0.4415344372062821,0.49383364727953266,0.44295,100042
GEN,0.449,82,82,offspring,4878,4840,TINYIMAGENET,101,main_b1000_tinyimagenet_alexnet_GEN_kp50_seed42,0.5,0.44055,11,False,0.5,alexnet,False,0,0,1,0.44295,100,10,0.4445,97,7,9718,2,0.5,TINYIMAGENET_alexnet_GEN_accuracy_kp5000_seed42,42,40000,101,42,accuracy,100042,0.44055,1,2.8250661546707154,30.253129117190838,10,2.8250661546707154,valid,0.4383135614295617,0.499521554351095,0.44055000000000005,100042
GEN,0.449,82,82,offspring,4840,4878,TINYIMAGENET,102,main_b1000_tinyimagenet_alexnet_GEN_kp50_seed42,0.5,0.44165,11,False,0.5,alexnet,False,0,0,2,0.44295,100,10,0.4445,97,7,9718,3,0.5,TINYIMAGENET_alexnet_GEN_accuracy_kp5000_seed42,42,40000,102,42,accuracy,100042,0.44165,1,2.8623111968755723,29.922709122300148,10,2.8623111968755723,valid,0.4396082566443246,0.49716897094118706,0.44165,100042
GEN,0.449,82,82,offspring,2862,2936,TINYIMAGENET,103,main_b1000_tinyimagenet_alexnet_GEN_kp50_seed42,0.5,0.4427,11,False,0.5,alexnet,False,0,0,1,0.449,82,1,0.43795,95,5,5798,4,0.5,TINYIMAGENET_alexnet_GEN_accuracy_kp5000_seed42,42,40000,103,42,accuracy,100042,0.4427,1,2.816926862001419,30.19247382134199,10,2.816926862001419,valid,0.4368329614961767,0.4888136001206763,0.44270000000000004,100042
GEN,0.449,82,82,offspring,2936,2862,TINYIMAGENET,104,main_b1000_tinyimagenet_alexnet_GEN_kp50_seed42,0.5,0.4383,11,False,0.5,alexnet,False,0,0,2,0.449,82,1,0.43795,95,5,5798,5,0.5,TINYIMAGENET_alexnet_GEN_accuracy_kp5000_seed42,42,40000,104,42,accuracy,100042,0.4383,1,2.851875314998627,29.8472678437829,10,2.851875314998627,valid,0.4336814737094981,0.4963735831994303,0.43829999999999997,100042
GEN,0.449,82,82,offspring,1016,1008,TINYIMAGENET,105,main_b1000_tinyimagenet_alexnet_GEN_kp50_seed42,0.5,0.4449,11,False,0.5,alexnet,False,0,0,1,0.449,82,1,0.44535,93,3,2024,6,0.5,TINYIMAGENET_alexnet_GEN_accuracy_kp5000_seed42,42,40000,105,42,accuracy,100042,0.4449,1,2.823143246412277,30.05592782050371,10,2.823143246412277,valid,0.4426639442193676,0.496827252467525,0.4449000000000001,100042
GEN,0.449,82,82,offspring,1008,1016,TINYIMAGENET,106,main_b1000_tinyimagenet_alexnet_GEN_kp50_seed42,0.5,0.43365,11,False,0.5,alexnet,False,0,0,2,0.449,82,1,0.44535,93,3,2024,7,0.5,TINYIMAGENET_alexnet_GEN_accuracy_kp5000_seed42,42,40000,106,42,accuracy,100042,0.43365,1,2.8695829026699067,29.725377216935158,10,2.8695829026699067,valid,0.4280982097042657,0.4884372148239573,0.4336499999999999,100042
GEN,0.449,82,82,offspring,1014,1010,TINYIMAGENET,107,main_b1000_tinyimagenet_alexnet_GEN_kp50_seed42,0.5,0.4381,11,False,0.5,alexnet,False,0,0,1,0.44535,93,3,0.449,82,1,2024,8,0.5,TINYIMAGENET_alexnet_GEN_accuracy_kp5000_seed42,42,40000,107,42,accuracy,100042,0.4381,1,2.8555862969875334,30.116046525537968,10,2.8555862969875334,valid,0.4354488150834379,0.49891954510838027,0.43810000000000004,100042
GEN,0.449,82,82,offspring,1010,1014,TINYIMAGENET,108,main_b1000_tinyimagenet_alexnet_GEN_kp50_seed42,0.5,0.43915,11,False,0.5,alexnet,False,0,0,2,0.44535,93,3,0.449,82,1,2024,9,0.5,TINYIMAGENET_alexnet_GEN_accuracy_kp5000_seed42,42,40000,108,42,accuracy,100042,0.43915,1,2.883291952037811,29.910093180835247,10,2.883291952037811,valid,0.4355061513807733,0.5012250567450571,0.43915,100042
GEN,0.449,82,82,offspring,4888,4830,TINYIMAGENET,109,main_b1000_tinyimagenet_alexnet_GEN_kp50_seed42,0.5,0.4454,11,False,0.5,alexnet,True,4000,2000,1,0.4445,97,7,0.44295,100,10,9718,10,0.5,TINYIMAGENET_alexnet_GEN_accuracy_kp5000_seed42,42,40000,109,42,accuracy,100042,0.4454,1,2.8022281279087067,30.133584439754486,10,2.8022281279087067,valid,0.442072384528788,0.49918459055745645,0.4454000000000001,100042
GEN,0.449,82,82,offspring,4584,4432,TINYIMAGENET,110,main_b1000_tinyimagenet_alexnet_GEN_kp50_seed42,0.5,0.44205,12,False,0.5,alexnet,False,0,0,1,0.4454,109,10,0.449,82,1,9016,2,0.5,TINYIMAGENET_alexnet_GEN_accuracy_kp5000_seed42,42,40000,110,42,accuracy,100042,0.44205,1,2.84745965218544,29.865596115589142,10,2.84745965218544,valid,0.440510304477843,0.49741064246177863,0.44205,100042
GEN,0.449,82,82,offspring,4432,4584,TINYIMAGENET,111,main_b1000_tinyimagenet_alexnet_GEN_kp50_seed42,0.5,0.4368,12,False,0.5,alexnet,False,0,0,2,0.4454,109,10,0.449,82,1,9016,3,0.5,TINYIMAGENET_alexnet_GEN_accuracy_kp5000_seed42,42,40000,111,42,accuracy,100042,0.4368,1,2.840233968949318,30.071220628917217,10,2.840233968949318,valid,0.43625692606301536,0.4911145427594997,0.4368000000000001,100042
GEN,0.449,82,82,offspring,1436,1426,TINYIMAGENET,112,main_b1000_tinyimagenet_alexnet_GEN_kp50_seed42,0.5,0.4385,12,False,0.5,alexnet,False,0,0,1,0.449,82,1,0.4427,103,4,2862,4,0.5,TINYIMAGENET_alexnet_GEN_accuracy_kp5000_seed42,42,40000,112,42,accuracy,100042,0.4385,1,2.858152783870697,29.828977838158607,10,2.858152783870697,valid,0.4380959064561679,0.4981448972669879,0.4385,100042
GEN,0.449,82,82,offspring,1426,1436,TINYIMAGENET,113,main_b1000_tinyimagenet_alexnet_GEN_kp50_seed42,0.5,0.436,12,False,0.5,alexnet,False,0,0,2,0.449,82,1,0.4427,103,4,2862,5,0.5,TINYIMAGENET_alexnet_GEN_accuracy_kp5000_seed42,42,40000,113,42,accuracy,100042,0.436,1,2.860712366724014,30.15051095932722,10,2.860712366724014,valid,0.4315469086082675,0.49450045269023796,0.4360000000000001,100042
GEN,0.449,82,82,offspring,3058,3166,TINYIMAGENET,114,main_b1000_tinyimagenet_alexnet_GEN_kp50_seed42,0.5,0.4341,12,False,0.5,alexnet,False,0,0,1,0.4449,105,6,0.44165,102,3,6224,6,0.5,TINYIMAGENET_alexnet_GEN_accuracy_kp5000_seed42,42,40000,114,42,accuracy,100042,0.4341,1,2.9180664036273956,29.77904288470745,10,2.9180664036273956,valid,0.4342170734733649,0.5057986544742212,0.43410000000000004,100042
GEN,0.449,82,82,offspring,3166,3058,TINYIMAGENET,115,main_b1000_tinyimagenet_alexnet_GEN_kp50_seed42,0.5,0.44135,12,False,0.5,alexnet,False,0,0,2,0.4449,105,6,0.44165,102,3,6224,7,0.5,TINYIMAGENET_alexnet_GEN_accuracy_kp5000_seed42,42,40000,115,42,accuracy,100042,0.44135,1,2.827765720367432,30.025870323181152,10,2.827765720367432,valid,0.4390020582145629,0.4956870650930509,0.4413500000000001,100042
GEN,0.449,82,82,offspring,5026,5068,TINYIMAGENET,116,main_b1000_tinyimagenet_alexnet_GEN_kp50_seed42,0.5,0.43925,12,False,0.5,alexnet,False,0,0,1,0.4454,109,10,0.4427,103,4,10094,8,0.5,TINYIMAGENET_alexnet_GEN_accuracy_kp5000_seed42,42,40000,116,42,accuracy,100042,0.43925,1,2.8410925714492796,29.767201989889145,10,2.8410925714492796,valid,0.4346537905718648,0.49117473682137747,0.43925,100042
GEN,0.449,82,82,offspring,5068,5026,TINYIMAGENET,117,main_b1000_tinyimagenet_alexnet_GEN_kp50_seed42,0.5,0.4414,12,False,0.5,alexnet,False,0,0,2,0.4454,109,10,0.4427,103,4,10094,9,0.5,TINYIMAGENET_alexnet_GEN_accuracy_kp5000_seed42,42,40000,117,42,accuracy,100042,0.4414,1,2.8219658329963684,30.161529019474983,10,2.8219658329963684,valid,0.4392609678146204,0.49495280139634235,0.4414,100042
GEN,0.449,82,82,offspring,4558,4458,TINYIMAGENET,118,main_b1000_tinyimagenet_alexnet_GEN_kp50_seed42,0.5,0.44415,12,False,0.5,alexnet,False,0,0,1,0.4454,109,10,0.449,82,1,9016,10,0.5,TINYIMAGENET_alexnet_GEN_accuracy_kp5000_seed42,42,40000,118,42,accuracy,100042,0.44415,1,2.8519473185539246,29.775845736265182,10,2.8519473185539246,valid,0.43955060482204317,0.4928667504900525,0.44415000000000004,100042
GEN,0.449,82,82,offspring,2198,2234,TINYIMAGENET,119,main_b1000_tinyimagenet_alexnet_GEN_kp50_seed42,0.5,0.4321,13,False,0.5,alexnet,False,0,0,1,0.449,82,1,0.44205,110,2,4432,2,0.5,TINYIMAGENET_alexnet_GEN_accuracy_kp5000_seed42,42,40000,119,42,accuracy,100042,0.4321,1,2.8915396112918854,30.22120127826929,10,2.8915396112918854,valid,0.4289847046613099,0.4994477159332871,0.43209999999999993,100042
GEN,0.449,82,82,offspring,2234,2198,TINYIMAGENET,120,main_b1000_tinyimagenet_alexnet_GEN_kp50_seed42,0.5,0.4334,13,False,0.5,alexnet,False,0,0,2,0.449,82,1,0.44205,110,2,4432,3,0.5,TINYIMAGENET_alexnet_GEN_accuracy_kp5000_seed42,42,40000,120,42,accuracy,100042,0.4334,1,2.8643804012298584,29.91761414706707,10,2.8643804012298584,valid,0.434085596272231,0.5010705534150626,0.43339999999999995,100042
GEN,0.449,82,82,offspring,2276,2294,TINYIMAGENET,121,main_b1000_tinyimagenet_alexnet_GEN_kp50_seed42,0.5,0.43725,13,False,0.5,alexnet,False,0,0,1,0.44415,118,10,0.44205,110,2,4570,4,0.5,TINYIMAGENET_alexnet_GEN_accuracy_kp5000_seed42,42,40000,121,42,accuracy,100042,0.43725,1,2.8852617638111115,30.192667044699192,10,2.8852617638111115,valid,0.4306712159501542,0.4958023473185925,0.43725,100042
GEN,0.449,82,82,offspring,2294,2276,TINYIMAGENET,122,main_b1000_tinyimagenet_alexnet_GEN_kp50_seed42,0.5,0.4354,13,False,0.5,alexnet,False,0,0,2,0.44415,118,10,0.44205,110,2,4570,5,0.5,TINYIMAGENET_alexnet_GEN_accuracy_kp5000_seed42,42,40000,122,42,accuracy,100042,0.4354,1,2.861814356660843,29.840748004615307,10,2.861814356660843,valid,0.43111473200581996,0.4887063340483986,0.43540000000000006,100042
GEN,0.449,82,82,offspring,2246,2212,TINYIMAGENET,123,main_b1000_tinyimagenet_alexnet_GEN_kp50_seed42,0.5,0.4329,13,False,0.5,alexnet,False,0,0,1,0.449,82,1,0.44415,118,10,4458,6,0.5,TINYIMAGENET_alexnet_GEN_accuracy_kp5000_seed42,42,40000,123,42,accuracy,100042,0.4329,1,2.900315459251404,30.19340142607689,10,2.900315459251404,valid,0.43342536354092337,0.5039054602402012,0.43290000000000006,100042
GEN,0.449,82,82,offspring,2212,2246,TINYIMAGENET,124,main_b1000_tinyimagenet_alexnet_GEN_kp50_seed42,0.5,0.44515,13,False,0.5,alexnet,False,0,0,2,0.449,82,1,0.44415,118,10,4458,7,0.5,TINYIMAGENET_alexnet_GEN_accuracy_kp5000_seed42,42,40000,124,42,accuracy,100042,0.44515,1,2.7883184833526613,29.832153014838696,10,2.7883184833526613,valid,0.4447385731133031,0.4983266861938014,0.44515,100042
GEN,0.449,82,82,offspring,2968,2978,TINYIMAGENET,125,main_b1000_tinyimagenet_alexnet_GEN_kp50_seed42,0.5,0.4391,13,False,0.5,alexnet,False,0,0,1,0.449,82,1,0.43925,116,8,5946,8,0.5,TINYIMAGENET_alexnet_GEN_accuracy_kp5000_seed42,42,40000,125,42,accuracy,100042,0.4391,1,2.8531489783287047,30.079200856387615,10,2.8531489783287047,valid,0.43902133795212445,0.49820606902354386,0.43910000000000005,100042
GEN,0.449,82,82,offspring,2978,2968,TINYIMAGENET,126,main_b1000_tinyimagenet_alexnet_GEN_kp50_seed42,0.5,0.43815,13,False,0.5,alexnet,False,0,0,2,0.449,82,1,0.43925,116,8,5946,9,0.5,TINYIMAGENET_alexnet_GEN_accuracy_kp5000_seed42,42,40000,126,42,accuracy,100042,0.43815,1,2.8333998878479005,29.854023464024067,10,2.8333998878479005,valid,0.43627468664631847,0.4964401942802816,0.43815000000000004,100042
GEN,0.449,82,82,offspring,2204,2228,TINYIMAGENET,127,main_b1000_tinyimagenet_alexnet_GEN_kp50_seed42,0.5,0.4404,13,False,0.5,alexnet,False,0,0,1,0.449,82,1,0.44205,110,2,4432,10,0.5,TINYIMAGENET_alexnet_GEN_accuracy_kp5000_seed42,42,40000,127,42,accuracy,100042,0.4404,1,2.826530659532547,30.051466144621372,10,2.826530659532547,valid,0.4402333451177657,0.4967340007469258,0.4403999999999999,100042
GEN,0.449,82,82,offspring,2072,1982,TINYIMAGENET,128,main_b1000_tinyimagenet_alexnet_GEN_kp50_seed42,0.5,0.439,14,False,0.5,alexnet,False,0,0,1,0.44515,124,7,0.43815,126,9,4054,2,0.5,TINYIMAGENET_alexnet_GEN_accuracy_kp5000_seed42,42,40000,128,42,accuracy,100042,0.439,1,2.8579330306529998,29.892056979238987,10,2.8579330306529998,valid,0.4392908246398647,0.4964282810841118,0.43900000000000006,100042
GEN,0.449,82,82,offspring,1982,2072,TINYIMAGENET,129,main_b1000_tinyimagenet_alexnet_GEN_kp50_seed42,0.5,0.4344,14,False,0.5,alexnet,False,0,0,2,0.44515,124,7,0.43815,126,9,4054,3,0.5,TINYIMAGENET_alexnet_GEN_accuracy_kp5000_seed42,42,40000,129,42,accuracy,100042,0.4344,1,2.8696056252956392,30.13239787518978,10,2.8696056252956392,valid,0.43130998001776427,0.5007943718283864,0.43439999999999995,100042
GEN,0.449,82,82,offspring,1986,1964,TINYIMAGENET,130,main_b1000_tinyimagenet_alexnet_GEN_kp50_seed42,0.5,0.43725,14,False,0.5,alexnet,False,0,0,1,0.43815,126,9,0.4404,127,10,3950,4,0.5,TINYIMAGENET_alexnet_GEN_accuracy_kp5000_seed42,42,40000,130,42,accuracy,100042,0.43725,1,2.8889919313430785,29.902777642011642,10,2.8889919313430785,valid,0.4360547389552626,0.5074147846585063,0.43725,100042
GEN,0.449,82,82,offspring,1964,1986,TINYIMAGENET,131,main_b1000_tinyimagenet_alexnet_GEN_kp50_seed42,0.5,0.44225,14,False,0.5,alexnet,True,4000,2000,2,0.43815,126,9,0.4404,127,10,3950,5,0.5,TINYIMAGENET_alexnet_GEN_accuracy_kp5000_seed42,42,40000,131,42,accuracy,100042,0.44225,1,2.806156652855873,30.158332534134388,10,2.806156652855873,valid,0.4419949982128045,0.4948714977377652,0.44225000000000003,100042
GEN,0.449,82,82,offspring,1144,1068,TINYIMAGENET,132,main_b1000_tinyimagenet_alexnet_GEN_kp50_seed42,0.5,0.44,14,False,0.5,alexnet,False,0,0,1,0.449,82,1,0.44515,124,7,2212,6,0.5,TINYIMAGENET_alexnet_GEN_accuracy_kp5000_seed42,42,40000,132,42,accuracy,100042,0.44,1,2.844463060569763,29.90222278237343,10,2.844463060569763,valid,0.43572522574534545,0.4945875129739912,0.44,100042
GEN,0.449,82,82,offspring,1068,1144,TINYIMAGENET,133,main_b1000_tinyimagenet_alexnet_GEN_kp50_seed42,0.5,0.43495,14,False,0.5,alexnet,False,0,0,2,0.449,82,1,0.44515,124,7,2212,7,0.5,TINYIMAGENET_alexnet_GEN_accuracy_kp5000_seed42,42,40000,133,42,accuracy,100042,0.43495,1,2.8569499656677246,30.10292661190033,10,2.8569499656677246,valid,0.4359047272992839,0.49534756389717616,0.43494999999999995,100042
GEN,0.449,82,82,offspring,1490,1478,TINYIMAGENET,134,main_b1000_tinyimagenet_alexnet_GEN_kp50_seed42,0.5,0.44065,14,False,0.5,alexnet,False,0,0,1,0.449,82,1,0.4391,125,8,2968,8,0.5,TINYIMAGENET_alexnet_GEN_accuracy_kp5000_seed42,42,40000,134,42,accuracy,100042,0.44065,1,2.8334121095895766,29.991561450064182,10,2.8334121095895766,valid,0.4389567887606319,0.4953332998297103,0.44065,100042
GEN,0.449,82,82,offspring,1478,1490,TINYIMAGENET,135,main_b1000_tinyimagenet_alexnet_GEN_kp50_seed42,0.5,0.44135,14,False,0.5,alexnet,False,0,0,2,0.449,82,1,0.4391,125,8,2968,9,0.5,TINYIMAGENET_alexnet_GEN_accuracy_kp5000_seed42,42,40000,135,42,accuracy,100042,0.44135,1,2.8557091495513918,30.170178398489952,10,2.8557091495513918,valid,0.4383679625658163,0.497817481513481,0.44134999999999996,100042
GEN,0.449,82,82,offspring,1944,1976,TINYIMAGENET,136,main_b1000_tinyimagenet_alexnet_GEN_kp50_seed42,0.5,0.43875,14,False,0.5,alexnet,False,0,0,1,0.44515,124,7,0.4391,125,8,3920,10,0.5,TINYIMAGENET_alexnet_GEN_accuracy_kp5000_seed42,42,40000,136,42,accuracy,100042,0.43875,1,2.857081301879883,29.961282655596733,10,2.857081301879883,valid,0.43391429216118366,0.49932464102150975,0.43875,100042
GEN,0.449,82,82,offspring,1170,1150,TINYIMAGENET,137,main_b1000_tinyimagenet_alexnet_GEN_kp50_seed42,0.5,0.4338,15,False,0.5,alexnet,True,4000,2000,1,0.44,132,6,0.44065,134,8,2320,2,0.5,TINYIMAGENET_alexnet_GEN_accuracy_kp5000_seed42,42,40000,137,42,accuracy,100042,0.4338,1,2.8672105289936067,30.11970926821232,10,2.8672105289936067,valid,0.4335366280133796,0.4919562175071506,0.43379999999999996,100042
GEN,0.449,82,82,offspring,1150,1170,TINYIMAGENET,138,main_b1000_tinyimagenet_alexnet_GEN_kp50_seed42,0.5,0.4411,15,False,0.5,alexnet,False,0,0,2,0.44,132,6,0.44065,134,8,2320,3,0.5,TINYIMAGENET_alexnet_GEN_accuracy_kp5000_seed42,42,40000,138,42,accuracy,100042,0.4411,1,2.8253363983154296,29.914715938270092,10,2.8253363983154296,valid,0.43997017486206613,0.5029306616643582,0.4411,100042
GEN,0.449,82,82,offspring,716,774,TINYIMAGENET,139,main_b1000_tinyimagenet_alexnet_GEN_kp50_seed42,0.5,0.43705,15,False,0.5,alexnet,False,0,0,1,0.44065,134,8,0.449,82,1,1490,4,0.5,TINYIMAGENET_alexnet_GEN_accuracy_kp5000_seed42,42,40000,139,42,accuracy,100042,0.43705,1,2.8343583327293396,30.041122257709503,10,2.8343583327293396,valid,0.43752833210882147,0.4964685857852089,0.43705,100042
GEN,0.449,82,82,offspring,774,716,TINYIMAGENET,140,main_b1000_tinyimagenet_alexnet_GEN_kp50_seed42,0.5,0.44205,15,False,0.5,alexnet,False,0,0,2,0.44065,134,8,0.449,82,1,1490,5,0.5,TINYIMAGENET_alexnet_GEN_accuracy_kp5000_seed42,42,40000,140,42,accuracy,100042,0.44205,1,2.7733190686225893,29.926964357495308,10,2.7733190686225893,valid,0.43866148036163793,0.48648536467939424,0.44205,100042
GEN,0.449,82,82,offspring,3398,3448,TINYIMAGENET,141,main_b1000_tinyimagenet_alexnet_GEN_kp50_seed42,0.5,0.4376,15,False,0.5,alexnet,False,0,0,1,0.44225,131,5,0.44,132,6,6846,6,0.5,TINYIMAGENET_alexnet_GEN_accuracy_kp5000_seed42,42,40000,141,42,accuracy,100042,0.4376,1,2.866395023059845,29.982403300702572,10,2.866395023059845,valid,0.4350207777972752,0.5064118401987436,0.43760000000000004,100042
GEN,0.449,82,82,offspring,3448,3398,TINYIMAGENET,142,main_b1000_tinyimagenet_alexnet_GEN_kp50_seed42,0.5,0.43945,15,False,0.5,alexnet,False,0,0,2,0.44225,131,5,0.44,132,6,6846,7,0.5,TINYIMAGENET_alexnet_GEN_accuracy_kp5000_seed42,42,40000,142,42,accuracy,100042,0.43945,1,2.85679812207222,29.93726444989443,10,2.85679812207222,valid,0.4380115256742775,0.49904404322291696,0.43945,100042
GEN,0.449,82,82,offspring,3170,3162,TINYIMAGENET,143,main_b1000_tinyimagenet_alexnet_GEN_kp50_seed42,0.5,0.44155,15,False,0.5,alexnet,False,0,0,1,0.449,82,1,0.44225,131,5,6332,8,0.5,TINYIMAGENET_alexnet_GEN_accuracy_kp5000_seed42,42,40000,143,42,accuracy,100042,0.44155,1,2.8553504122257234,29.842430002987385,10,2.8553504122257234,valid,0.4384181528855518,0.49862168264446793,0.44155,100042
GEN,0.449,82,82,offspring,3162,3170,TINYIMAGENET,144,main_b1000_tinyimagenet_alexnet_GEN_kp50_seed42,0.5,0.43995,15,False,0.5,alexnet,False,0,0,2,0.449,82,1,0.44225,131,5,6332,9,0.5,TINYIMAGENET_alexnet_GEN_accuracy_kp5000_seed42,42,40000,144,42,accuracy,100042,0.43995,1,2.828511886882782,30.066573224961758,10,2.828511886882782,valid,0.43811720655452274,0.4912325411167956,0.43995000000000006,100042
GEN,0.449,82,82,offspring,1472,1496,TINYIMAGENET,145,main_b1000_tinyimagenet_alexnet_GEN_kp50_seed42,0.5,0.43375,15,False,0.5,alexnet,False,0,0,1,0.44065,134,8,0.44135,135,9,2968,10,0.5,TINYIMAGENET_alexnet_GEN_accuracy_kp5000_seed42,42,40000,145,42,accuracy,100042,0.43375,1,2.8956935628414153,30.031260885298252,10,2.8956935628414153,valid,0.4315314360320497,0.5012383599555941,0.43375,100042
GEN,0.449,82,82,offspring,1516,1646,TINYIMAGENET,146,main_b1000_tinyimagenet_alexnet_GEN_kp50_seed42,0.5,0.44415,16,False,0.5,alexnet,False,0,0,1,0.449,82,1,0.43995,144,9,3162,2,0.5,TINYIMAGENET_alexnet_GEN_accuracy_kp5000_seed42,42,40000,146,42,accuracy,100042,0.44415,1,2.8265663280010225,29.99174865335226,10,2.8265663280010225,valid,0.4400853986152022,0.4957321453551397,0.44415000000000004,100042
GEN,0.449,82,82,offspring,1646,1516,TINYIMAGENET,147,main_b1000_tinyimagenet_alexnet_GEN_kp50_seed42,0.5,0.43875,16,False,0.5,alexnet,False,0,0,2,0.449,82,1,0.43995,144,9,3162,3,0.5,TINYIMAGENET_alexnet_GEN_accuracy_kp5000_seed42,42,40000,147,42,accuracy,100042,0.43875,1,2.858332107114792,30.0022828951478,10,2.858332107114792,valid,0.43818341550510603,0.49564267500048914,0.4387500000000001,100042
GEN,0.449,82,82,offspring,1578,1584,TINYIMAGENET,148,main_b1000_tinyimagenet_alexnet_GEN_kp50_seed42,0.5,0.439,16,False,0.5,alexnet,False,0,0,1,0.449,82,1,0.43995,144,9,3162,4,0.5,TINYIMAGENET_alexnet_GEN_accuracy_kp5000_seed42,42,40000,148,42,accuracy,100042,0.439,1,2.8420320554494856,30.02379708737135,10,2.8420320554494856,valid,0.4353413102306098,0.4979538311699572,0.43900000000000006,100042
GEN,0.449,82,82,offspring,1584,1578,TINYIMAGENET,149,main_b1000_tinyimagenet_alexnet_GEN_kp50_seed42,0.5,0.4387,16,False,0.5,alexnet,True,4000,2000,2,0.449,82,1,0.43995,144,9,3162,5,0.5,TINYIMAGENET_alexnet_GEN_accuracy_kp5000_seed42,42,40000,149,42,accuracy,100042,0.4387,1,2.8312061625957488,30.002199791371822,10,2.8312061625957488,valid,0.438396733212273,0.49509711867899137,0.43870000000000003,100042
GEN,0.449,82,82,offspring,1856,1944,TINYIMAGENET,150,main_b1000_tinyimagenet_alexnet_GEN_kp50_seed42,0.5,0.44615,16,False,0.5,alexnet,False,0,0,1,0.44205,140,5,0.44155,143,8,3800,6,0.5,TINYIMAGENET_alexnet_GEN_accuracy_kp5000_seed42,42,40000,150,42,accuracy,100042,0.44615,1,2.7856199456214905,30.18501703441143,10,2.7856199456214905,valid,0.44812565318214115,0.502485415252572,0.44615000000000005,100042
GEN,0.449,82,82,offspring,1944,1856,TINYIMAGENET,151,main_b1000_tinyimagenet_alexnet_GEN_kp50_seed42,0.5,0.4326,16,False,0.5,alexnet,False,0,0,2,0.44205,140,5,0.44155,143,8,3800,7,0.5,TINYIMAGENET_alexnet_GEN_accuracy_kp5000_seed42,42,40000,151,42,accuracy,100042,0.4326,1,2.883071093082428,29.984231181442738,10,2.883071093082428,valid,0.43289730347064903,0.5071317724366804,0.4326,100042
GEN,0.449,82,82,offspring,1912,1888,TINYIMAGENET,152,main_b1000_tinyimagenet_alexnet_GEN_kp50_seed42,0.5,0.43655,16,False,0.5,alexnet,True,4000,2000,1,0.44205,140,5,0.44155,143,8,3800,8,0.5,TINYIMAGENET_alexnet_GEN_accuracy_kp5000_seed42,42,40000,152,42,accuracy,100042,0.43655,1,2.868366863489151,30.13601480424404,10,2.868366863489151,valid,0.43627192350689564,0.500322052324997,0.43655,100042
GEN,0.449,82,82,offspring,1888,1912,TINYIMAGENET,153,main_b1000_tinyimagenet_alexnet_GEN_kp50_seed42,0.5,0.43965,16,False,0.5,alexnet,False,0,0,2,0.44205,140,5,0.44155,143,8,3800,9,0.5,TINYIMAGENET_alexnet_GEN_accuracy_kp5000_seed42,42,40000,153,42,accuracy,100042,0.43965,1,2.838294081926346,29.92708644270897,10,2.838294081926346,valid,0.43897857825244435,0.4969254324645364,0.43965000000000004,100042
GEN,0.449,82,82,offspring,674,630,TINYIMAGENET,154,main_b1000_tinyimagenet_alexnet_GEN_kp50_seed42,0.5,0.44015,16,False,0.5,alexnet,False,0,0,1,0.449,82,1,0.4411,138,3,1304,10,0.5,TINYIMAGENET_alexnet_GEN_accuracy_kp5000_seed42,42,40000,154,42,accuracy,100042,0.44015,1,2.8404616974830628,30.158586338162422,10,2.8404616974830628,valid,0.4408191254684408,0.4987269840489107,0.44015,100042
GEN,0.449,82,82,offspring,1718,1664,TINYIMAGENET,155,main_b1000_tinyimagenet_alexnet_GEN_kp50_seed42,0.5,0.43655,17,False,0.5,alexnet,False,0,0,1,0.44615,150,6,0.44415,146,2,3382,2,0.5,TINYIMAGENET_alexnet_GEN_accuracy_kp5000_seed42,42,40000,155,42,accuracy,100042,0.43655,1,2.890208323907852,30.02838284522295,10,2.890208323907852,valid,0.4353262941156028,0.49332812403336773,0.43655,100042
GEN,0.449,82,82,offspring,1664,1718,TINYIMAGENET,156,main_b1000_tinyimagenet_alexnet_GEN_kp50_seed42,0.5,0.4388,17,False,0.5,alexnet,False,0,0,2,0.44615,150,6,0.44415,146,2,3382,3,0.5,TINYIMAGENET_alexnet_GEN_accuracy_kp5000_seed42,42,40000,156,42,accuracy,100042,0.4388,1,2.843275166749954,30.230245351791382,10,2.843275166749954,valid,0.44044101622118503,0.49649033196477604,0.4388,100042
GEN,0.449,82,82,offspring,1702,1700,TINYIMAGENET,157,main_b1000_tinyimagenet_alexnet_GEN_kp50_seed42,0.5,0.44725,17,False,0.5,alexnet,False,0,0,1,0.43965,153,9,0.44415,146,2,3402,4,0.5,TINYIMAGENET_alexnet_GEN_accuracy_kp5000_seed42,42,40000,157,42,accuracy,100042,0.44725,1,2.7885520842552185,29.96967624127865,10,2.7885520842552185,valid,0.44494263520773913,0.4949960075423451,0.44725000000000004,100042
GEN,0.449,82,82,offspring,1700,1702,TINYIMAGENET,158,main_b1000_tinyimagenet_alexnet_GEN_kp50_seed42,0.5,0.4424,17,False,0.5,alexnet,False,0,0,2,0.43965,153,9,0.44415,146,2,3402,5,0.5,TINYIMAGENET_alexnet_GEN_accuracy_kp5000_seed42,42,40000,158,42,accuracy,100042,0.4424,1,2.805479053592682,30.171369925141335,10,2.805479053592682,valid,0.44039712337048387,0.48916934258970374,0.44239999999999996,100042
GEN,0.449,82,82,offspring,1652,1730,TINYIMAGENET,159,main_b1000_tinyimagenet_alexnet_GEN_kp50_seed42,0.5,0.44045,17,False,0.5,alexnet,False,0,0,1,0.44415,146,2,0.44615,150,6,3382,6,0.5,TINYIMAGENET_alexnet_GEN_accuracy_kp5000_seed42,42,40000,159,42,accuracy,100042,0.44045,1,2.8327202190876006,29.812594823539257,10,2.8327202190876006,valid,0.44113883325143033,0.4938655241845988,0.44045,100042
GEN,0.449,82,82,offspring,1730,1652,TINYIMAGENET,160,main_b1000_tinyimagenet_alexnet_GEN_kp50_seed42,0.5,0.43965,17,False,0.5,alexnet,False,0,0,2,0.44415,146,2,0.44615,150,6,3382,7,0.5,TINYIMAGENET_alexnet_GEN_accuracy_kp5000_seed42,42,40000,160,42,accuracy,100042,0.43965,1,2.819296666431427,30.066955849528313,10,2.819296666431427,valid,0.43915577658502963,0.497691376887302,0.43965000000000004,100042
GEN,0.449,82,82,offspring,786,730,TINYIMAGENET,161,main_b1000_tinyimagenet_alexnet_GEN_kp50_seed42,0.5,0.4378,17,False,0.5,alexnet,True,4000,2000,1,0.449,82,1,0.44415,146,2,1516,8,0.5,TINYIMAGENET_alexnet_GEN_accuracy_kp5000_seed42,42,40000,161,42,accuracy,100042,0.4378,1,2.841921680164337,29.849146135151386,10,2.841921680164337,valid,0.4358904306618963,0.49795739403459666,0.4378,100042
GEN,0.449,82,82,offspring,730,786,TINYIMAGENET,162,main_b1000_tinyimagenet_alexnet_GEN_kp50_seed42,0.5,0.4374,17,False,0.5,alexnet,False,0,0,2,0.449,82,1,0.44415,146,2,1516,9,0.5,TINYIMAGENET_alexnet_GEN_accuracy_kp5000_seed42,42,40000,162,42,accuracy,100042,0.4374,1,2.852921146297455,30.313430599868298,10,2.852921146297455,valid,0.4379208705294836,0.5007825837103437,0.43740000000000007,100042
GEN,0.449,82,82,offspring,964,936,TINYIMAGENET,163,main_b1000_tinyimagenet_alexnet_GEN_kp50_seed42,0.5,0.4406,17,False,0.5,alexnet,False,0,0,1,0.449,82,1,0.44615,150,6,1900,10,0.5,TINYIMAGENET_alexnet_GEN_accuracy_kp5000_seed42,42,40000,163,42,accuracy,100042,0.4406,1,2.86526714925766,29.983913719654083,10,2.86526714925766,valid,0.4399731524129175,0.5032158969299421,0.44060000000000005,100042
GEN,0.449,82,82,offspring,894,832,TINYIMAGENET,164,main_b1000_tinyimagenet_alexnet_GEN_kp50_seed42,0.5,0.4426,18,False,0.5,alexnet,False,0,0,1,0.449,82,1,0.44045,159,6,1726,2,0.5,TINYIMAGENET_alexnet_GEN_accuracy_kp5000_seed42,42,40000,164,42,accuracy,100042,0.4426,1,2.820305405473709,30.13444794714451,10,2.820305405473709,valid,0.44136576857403936,0.4923944189099603,0.4426,100042
GEN,0.4498,165,165,offspring,832,894,TINYIMAGENET,165,main_b1000_tinyimagenet_alexnet_GEN_kp50_seed42,0.5,0.4498,18,True,0.5,alexnet,True,4000,2000,2,0.449,82,1,0.44045,159,6,1726,3,0.5,TINYIMAGENET_alexnet_GEN_accuracy_kp5000_seed42,42,40000,165,42,accuracy,100042,0.4498,1,2.7621318809986115,29.897264763712883,10,2.7621318809986115,valid,0.4456301036937262,0.49423208130334406,0.44980000000000003,100042
GEN,0.4498,165,165,offspring,844,872,TINYIMAGENET,166,main_b1000_tinyimagenet_alexnet_GEN_kp50_seed42,0.5,0.4486,18,False,0.5,alexnet,False,0,0,1,0.449,82,1,0.4388,156,3,1716,4,0.5,TINYIMAGENET_alexnet_GEN_accuracy_kp5000_seed42,42,40000,166,42,accuracy,100042,0.4486,1,2.7744941057682038,30.1565245911479,10,2.7744941057682038,valid,0.4457787371097522,0.4954902513596776,0.4486,100042
GEN,0.4498,165,165,offspring,872,844,TINYIMAGENET,167,main_b1000_tinyimagenet_alexnet_GEN_kp50_seed42,0.5,0.4268,18,False,0.5,alexnet,False,0,0,2,0.449,82,1,0.4388,156,3,1716,5,0.5,TINYIMAGENET_alexnet_GEN_accuracy_kp5000_seed42,42,40000,167,42,accuracy,100042,0.4268,1,2.9337946265220642,29.935739159584045,10,2.9337946265220642,valid,0.4261125645262777,0.5002313112922536,0.42680000000000007,100042
GEN,0.4498,165,165,offspring,490,474,TINYIMAGENET,168,main_b1000_tinyimagenet_alexnet_GEN_kp50_seed42,0.5,0.43755,18,False,0.5,alexnet,False,0,0,1,0.449,82,1,0.4406,163,10,964,6,0.5,TINYIMAGENET_alexnet_GEN_accuracy_kp5000_seed42,42,40000,168,42,accuracy,100042,0.43755,1,2.8610508759260176,30.109239771962166,10,2.8610508759260176,valid,0.43681211146538734,0.501958057063916,0.43754999999999994,100042
GEN,0.4498,165,165,offspring,474,490,TINYIMAGENET,169,main_b1000_tinyimagenet_alexnet_GEN_kp50_seed42,0.5,0.44765,18,False,0.5,alexnet,False,0,0,2,0.449,82,1,0.4406,163,10,964,7,0.5,TINYIMAGENET_alexnet_GEN_accuracy_kp5000_seed42,42,40000,169,42,accuracy,100042,0.44765,1,2.8158715187072754,30.03502343595028,10,2.8158715187072754,valid,0.44352242761238236,0.4987518176907573,0.44765,100042
GEN,0.4498,165,165,offspring,1082,1088,TINYIMAGENET,170,main_b1000_tinyimagenet_alexnet_GEN_kp50_seed42,0.5,0.4458,18,False,0.5,alexnet,False,0,0,1,0.44045,159,6,0.44725,157,4,2170,8,0.5,TINYIMAGENET_alexnet_GEN_accuracy_kp5000_seed42,42,40000,170,42,accuracy,100042,0.4458,1,2.768321256160736,30.138495214283466,10,2.768321256160736,valid,0.444577791335695,0.4937117246244822,0.4458,100042
GEN,0.4498,165,165,offspring,1088,1082,TINYIMAGENET,171,main_b1000_tinyimagenet_alexnet_GEN_kp50_seed42,0.5,0.43775,18,False,0.5,alexnet,True,4000,2000,2,0.44045,159,6,0.44725,157,4,2170,9,0.5,TINYIMAGENET_alexnet_GEN_accuracy_kp5000_seed42,42,40000,171,42,accuracy,100042,0.43775,1,2.852744522666931,30.005703821778297,10,2.852744522666931,valid,0.43663423268402496,0.4983918409985518,0.4377500000000001,100042
GEN,0.4498,165,165,offspring,870,868,TINYIMAGENET,172,main_b1000_tinyimagenet_alexnet_GEN_kp50_seed42,0.5,0.43635,18,False,0.5,alexnet,False,0,0,1,0.44725,157,4,0.449,82,1,1738,10,0.5,TINYIMAGENET_alexnet_GEN_accuracy_kp5000_seed42,42,40000,172,42,accuracy,100042,0.43635,1,2.915206359910965,30.15642550587654,10,2.915206359910965,valid,0.43080417762240836,0.5035940454502719,0.43634999999999996,100042
GEN,0.4498,165,165,offspring,452,442,TINYIMAGENET,173,main_b1000_tinyimagenet_alexnet_GEN_kp50_seed42,0.5,0.44215,19,False,0.5,alexnet,False,0,0,1,0.449,82,1,0.4426,164,2,894,2,0.5,TINYIMAGENET_alexnet_GEN_accuracy_kp5000_seed42,42,40000,173,42,accuracy,100042,0.44215,1,2.794452013587952,29.800745092332363,10,2.794452013587952,valid,0.4419215073062543,0.4973118724653224,0.44215000000000004,100042
GEN,0.4498,165,165,offspring,442,452,TINYIMAGENET,174,main_b1000_tinyimagenet_alexnet_GEN_kp50_seed42,0.5,0.4408,19,False,0.5,alexnet,False,0,0,2,0.449,82,1,0.4426,164,2,894,3,0.5,TINYIMAGENET_alexnet_GEN_accuracy_kp5000_seed42,42,40000,174,42,accuracy,100042,0.4408,1,2.8084909381866456,30.2124727293849,10,2.8084909381866456,valid,0.43665679441998173,0.49338928056143044,0.44079999999999997,100042
GEN,0.4498,165,165,offspring,2560,2630,TINYIMAGENET,175,main_b1000_tinyimagenet_alexnet_GEN_kp50_seed42,0.5,0.4385,19,False,0.5,alexnet,True,4000,2000,1,0.4486,166,4,0.4498,165,3,5190,4,0.5,TINYIMAGENET_alexnet_GEN_accuracy_kp5000_seed42,42,40000,175,42,accuracy,100042,0.4385,1,2.840425999426842,29.900596491992474,10,2.840425999426842,valid,0.43236031146853326,0.49073006589417717,0.4385,100042
GEN,0.4498,165,165,offspring,2630,2560,TINYIMAGENET,176,main_b1000_tinyimagenet_alexnet_GEN_kp50_seed42,0.5,0.4377,19,False,0.5,alexnet,False,0,0,2,0.4486,166,4,0.4498,165,3,5190,5,0.5,TINYIMAGENET_alexnet_GEN_accuracy_kp5000_seed42,42,40000,176,42,accuracy,100042,0.4377,1,2.8889608510017397,30.110191240906715,10,2.8889608510017397,valid,0.43732167580494574,0.5067372789758893,0.4377,100042
GEN,0.4498,165,165,offspring,2602,2588,TINYIMAGENET,177,main_b1000_tinyimagenet_alexnet_GEN_kp50_seed42,0.5,0.44305,19,False,0.5,alexnet,False,0,0,1,0.4498,165,3,0.4486,166,4,5190,6,0.5,TINYIMAGENET_alexnet_GEN_accuracy_kp5000_seed42,42,40000,177,42,accuracy,100042,0.44305,1,2.8159351482868193,29.898786470294,10,2.8159351482868193,valid,0.4447019451576132,0.49886942854957383,0.44305,100042
GEN,0.4498,165,165,offspring,2588,2602,TINYIMAGENET,178,main_b1000_tinyimagenet_alexnet_GEN_kp50_seed42,0.5,0.4432,19,False,0.5,alexnet,False,0,0,2,0.4498,165,3,0.4486,166,4,5190,7,0.5,TINYIMAGENET_alexnet_GEN_accuracy_kp5000_seed42,42,40000,178,42,accuracy,100042,0.4432,1,2.7994612226963045,30.19356144219637,10,2.7994612226963045,valid,0.44465795068590297,0.4982854738163421,0.4432000000000001,100042
GEN,0.4498,165,165,offspring,932,930,TINYIMAGENET,179,main_b1000_tinyimagenet_alexnet_GEN_kp50_seed42,0.5,0.4459,19,False,0.5,alexnet,False,0,0,1,0.43755,168,6,0.4458,170,8,1862,8,0.5,TINYIMAGENET_alexnet_GEN_accuracy_kp5000_seed42,42,40000,179,42,accuracy,100042,0.4459,1,2.8173326950550077,30.054956428706646,10,2.8173326950550077,valid,0.44221686735442167,0.5014511461868798,0.4459,100042
GEN,0.4498,165,165,offspring,930,932,TINYIMAGENET,180,main_b1000_tinyimagenet_alexnet_GEN_kp50_seed42,0.5,0.44655,19,False,0.5,alexnet,False,0,0,2,0.43755,168,6,0.4458,170,8,1862,9,0.5,TINYIMAGENET_alexnet_GEN_accuracy_kp5000_seed42,42,40000,180,42,accuracy,100042,0.44655,1,2.8131095502376557,30.17338375747204,10,2.8131095502376557,valid,0.4442967316008993,0.49873002840803843,0.44655,100042
GEN,0.4498,165,165,offspring,510,538,TINYIMAGENET,181,main_b1000_tinyimagenet_alexnet_GEN_kp50_seed42,0.5,0.4378,19,False,0.5,alexnet,False,0,0,1,0.4486,166,4,0.44765,169,7,1048,10,0.5,TINYIMAGENET_alexnet_GEN_accuracy_kp5000_seed42,42,40000,181,42,accuracy,100042,0.4378,1,2.8579635677337647,30.03353786468506,10,2.8579635677337647,valid,0.4360254256824645,0.4950783795111991,0.4378,100042
GEN,0.4498,165,165,offspring,2620,2556,TINYIMAGENET,182,main_b1000_tinyimagenet_alexnet_GEN_kp50_seed42,0.5,0.4324,20,False,0.5,alexnet,False,0,0,1,0.44215,173,2,0.4498,165,1,5176,2,0.5,TINYIMAGENET_alexnet_GEN_accuracy_kp5000_seed42,42,40000,182,42,accuracy,100042,0.4324,1,2.8940938761234283,30.174925178289413,10,2.8940938761234283,valid,0.43049769009841327,0.49320457714167226,0.4324,100042
GEN,0.4498,165,165,offspring,2556,2620,TINYIMAGENET,183,main_b1000_tinyimagenet_alexnet_GEN_kp50_seed42,0.5,0.44135,20,False,0.5,alexnet,True,4000,2000,2,0.44215,173,2,0.4498,165,1,5176,3,0.5,TINYIMAGENET_alexnet_GEN_accuracy_kp5000_seed42,42,40000,183,42,accuracy,100042,0.44135,1,2.862977744626999,30.04453770816326,10,2.862977744626999,valid,0.436758869353571,0.49364239980612806,0.4413500000000001,100042
GEN,0.4498,165,165,offspring,946,916,TINYIMAGENET,184,main_b1000_tinyimagenet_alexnet_GEN_kp50_seed42,0.5,0.44515,20,False,0.5,alexnet,False,0,0,1,0.4459,179,8,0.44655,180,9,1862,4,0.5,TINYIMAGENET_alexnet_GEN_accuracy_kp5000_seed42,42,40000,184,42,accuracy,100042,0.44515,1,2.802003848695755,30.27233586460352,10,2.802003848695755,valid,0.44200381541278444,0.4939979328618746,0.44515,100042
GEN,0.4498,165,165,offspring,916,946,TINYIMAGENET,185,main_b1000_tinyimagenet_alexnet_GEN_kp50_seed42,0.5,0.43385,20,False,0.5,alexnet,False,0,0,2,0.4459,179,8,0.44655,180,9,1862,5,0.5,TINYIMAGENET_alexnet_GEN_accuracy_kp5000_seed42,42,40000,185,42,accuracy,100042,0.43385,1,2.872379451608658,30.19180990755558,10,2.872379451608658,valid,0.43372389147079465,0.5050235449379559,0.43385000000000007,100042
GEN,0.4498,165,165,offspring,1638,1688,TINYIMAGENET,186,main_b1000_tinyimagenet_alexnet_GEN_kp50_seed42,0.5,0.4441,20,False,0.5,alexnet,False,0,0,1,0.4432,178,7,0.44655,180,9,3326,6,0.5,TINYIMAGENET_alexnet_GEN_accuracy_kp5000_seed42,42,40000,186,42,accuracy,100042,0.4441,1,2.8096647451400756,30.055826410651207,10,2.8096647451400756,valid,0.44137607832425063,0.49736619832531487,0.44409999999999994,100042
GEN,0.4498,165,165,offspring,1688,1638,TINYIMAGENET,187,main_b1000_tinyimagenet_alexnet_GEN_kp50_seed42,0.5,0.43575,20,False,0.5,alexnet,False,0,0,2,0.4432,178,7,0.44655,180,9,3326,7,0.5,TINYIMAGENET_alexnet_GEN_accuracy_kp5000_seed42,42,40000,187,42,accuracy,100042,0.43575,1,2.853203190135956,30.15532425045967,10,2.853203190135956,valid,0.430407666477727,0.48580323511730916,0.43575,100042
GEN,0.4498,165,165,offspring,2572,2558,TINYIMAGENET,188,main_b1000_tinyimagenet_alexnet_GEN_kp50_seed42,0.5,0.44055,20,False,0.5,alexnet,False,0,0,1,0.4498,165,1,0.44655,180,9,5130,8,0.5,TINYIMAGENET_alexnet_GEN_accuracy_kp5000_seed42,42,40000,188,42,accuracy,100042,0.44055,1,2.8156541121482848,30.039237812161446,10,2.8156541121482848,valid,0.43750452590785094,0.4892127638536512,0.44055000000000005,100042
GEN,0.4498,165,165,offspring,2558,2572,TINYIMAGENET,189,main_b1000_tinyimagenet_alexnet_GEN_kp50_seed42,0.5,0.4443,20,False,0.5,alexnet,False,0,0,2,0.4498,165,1,0.44655,180,9,5130,9,0.5,TINYIMAGENET_alexnet_GEN_accuracy_kp5000_seed42,42,40000,189,42,accuracy,100042,0.4443,1,2.7949900603294373,30.157495960593224,10,2.7949900603294373,valid,0.4440829051306131,0.4987812514233431,0.4442999999999999,100042
GEN,0.4498,165,165,offspring,2550,2580,TINYIMAGENET,190,main_b1000_tinyimagenet_alexnet_GEN_kp50_seed42,0.5,0.44295,20,False,0.5,alexnet,False,0,0,1,0.4498,165,1,0.44655,180,9,5130,10,0.5,TINYIMAGENET_alexnet_GEN_accuracy_kp5000_seed42,42,40000,190,42,accuracy,100042,0.44295,1,2.8267142207145692,30.08881762623787,10,2.8267142207145692,valid,0.44063857333754897,0.49572350019298805,0.44295,100042
GEN,0.4498,165,165,offspring,1286,1272,TINYIMAGENET,191,main_b1000_tinyimagenet_alexnet_GEN_kp50_seed42,0.5,0.44205,21,False,0.5,alexnet,False,0,0,1,0.4498,165,1,0.4443,189,9,2558,2,0.5,TINYIMAGENET_alexnet_GEN_accuracy_kp5000_seed42,42,40000,191,42,accuracy,100042,0.44205,1,2.801926298713684,30.10104352235794,10,2.801926298713684,valid,0.44361693431324895,0.49663018492878036,0.44205,100042
GEN,0.4498,165,165,offspring,1272,1286,TINYIMAGENET,192,main_b1000_tinyimagenet_alexnet_GEN_kp50_seed42,0.5,0.4395,21,False,0.5,alexnet,False,0,0,2,0.4498,165,1,0.4443,189,9,2558,3,0.5,TINYIMAGENET_alexnet_GEN_accuracy_kp5000_seed42,42,40000,192,42,accuracy,100042,0.4395,1,2.8440608613491056,29.989590644836426,10,2.8440608613491056,valid,0.4430788917970307,0.5077575223311313,0.4395,100042
GEN,0.4498,165,165,offspring,3164,3192,TINYIMAGENET,193,main_b1000_tinyimagenet_alexnet_GEN_kp50_seed42,0.5,0.4295,21,False,0.5,alexnet,False,0,0,1,0.4498,165,1,0.44135,183,3,6356,4,0.5,TINYIMAGENET_alexnet_GEN_accuracy_kp5000_seed42,42,40000,193,42,accuracy,100042,0.4295,1,2.924543555545807,30.151372730731964,10,2.924543555545807,valid,0.42735808987529794,0.49761875934523736,0.42950000000000005,100042
GEN,0.4498,165,165,offspring,3192,3164,TINYIMAGENET,194,main_b1000_tinyimagenet_alexnet_GEN_kp50_seed42,0.5,0.44155,21,False,0.5,alexnet,False,0,0,2,0.4498,165,1,0.44135,183,3,6356,5,0.5,TINYIMAGENET_alexnet_GEN_accuracy_kp5000_seed42,42,40000,194,42,accuracy,100042,0.44155,1,2.8223114734172823,30.052781745791435,10,2.8223114734172823,valid,0.4389733268611842,0.5008113071124449,0.44155,100042
GEN,0.4498,165,165,offspring,3168,3188,TINYIMAGENET,195,main_b1000_tinyimagenet_alexnet_GEN_kp50_seed42,0.5,0.4428,21,False,0.5,alexnet,True,4000,2000,1,0.4498,165,1,0.44135,183,3,6356,6,0.5,TINYIMAGENET_alexnet_GEN_accuracy_kp5000_seed42,42,40000,195,42,accuracy,100042,0.4428,1,2.8384782957315444,30.190076656639576,10,2.8384782957315444,valid,0.4388464941128366,0.4966005680676848,0.4428,100042
GEN,0.4498,165,165,offspring,3188,3168,TINYIMAGENET,196,main_b1000_tinyimagenet_alexnet_GEN_kp50_seed42,0.5,0.4418,21,False,0.5,alexnet,False,0,0,2,0.4498,165,1,0.44135,183,3,6356,7,0.5,TINYIMAGENET_alexnet_GEN_accuracy_kp5000_seed42,42,40000,196,42,accuracy,100042,0.4418,1,2.8453083214759824,30.210205100476742,10,2.8453083214759824,valid,0.4406475158713517,0.4952252158994917,0.44179999999999997,100042
GEN,0.4498,165,165,offspring,2626,2524,TINYIMAGENET,197,main_b1000_tinyimagenet_alexnet_GEN_kp50_seed42,0.5,0.43665,21,False,0.5,alexnet,False,0,0,1,0.4498,165,1,0.44515,184,4,5150,8,0.5,TINYIMAGENET_alexnet_GEN_accuracy_kp5000_seed42,42,40000,197,42,accuracy,100042,0.43665,1,2.8808105860710143,30.233348533511162,10,2.8808105860710143,valid,0.43773491678295334,0.5032141647554793,0.43665,100042
GEN,0.4498,165,165,offspring,2524,2626,TINYIMAGENET,198,main_b1000_tinyimagenet_alexnet_GEN_kp50_seed42,0.5,0.4383,21,False,0.5,alexnet,False,0,0,2,0.4498,165,1,0.44515,184,4,5150,9,0.5,TINYIMAGENET_alexnet_GEN_accuracy_kp5000_seed42,42,40000,198,42,accuracy,100042,0.4383,1,2.8483876051425936,30.194791078567505,10,2.8483876051425936,valid,0.4360109854790859,0.49332240903488134,0.43829999999999997,100042
GEN,0.4498,165,165,offspring,2564,2586,TINYIMAGENET,199,main_b1000_tinyimagenet_alexnet_GEN_kp50_seed42,0.5,0.4437,21,False,0.5,alexnet,True,4000,2000,1,0.4498,165,1,0.44515,184,4,5150,10,0.5,TINYIMAGENET_alexnet_GEN_accuracy_kp5000_seed42,42,40000,199,42,accuracy,100042,0.4437,1,2.86334367313385,30.270470917224884,10,2.86334367313385,valid,0.4406284289377552,0.49917619443957423,0.44370000000000004,100042
GEN,0.4498,165,165,offspring,3720,3700,TINYIMAGENET,200,main_b1000_tinyimagenet_alexnet_GEN_kp50_seed42,0.5,0.4391,22,False,0.5,alexnet,False,0,0,1,0.4395,192,3,0.4428,195,6,7420,2,0.5,TINYIMAGENET_alexnet_GEN_accuracy_kp5000_seed42,42,40000,200,42,accuracy,100042,0.4391,1,2.872560638141632,30.11061891168356,10,2.872560638141632,valid,0.4368753644390316,0.5004279693088455,0.43910000000000005,100042
GEN,0.4498,165,165,offspring,3700,3720,TINYIMAGENET,201,main_b1000_tinyimagenet_alexnet_GEN_kp50_seed42,0.5,0.43495,22,False,0.5,alexnet,False,0,0,2,0.4395,192,3,0.4428,195,6,7420,3,0.5,TINYIMAGENET_alexnet_GEN_accuracy_kp5000_seed42,42,40000,201,42,accuracy,100042,0.43495,1,2.8854879944801333,30.18017102777958,10,2.8854879944801333,valid,0.4350081443351691,0.5043073853948926,0.43495000000000006,100042
GEN,0.4498,165,165,offspring,5760,5584,TINYIMAGENET,202,main_b1000_tinyimagenet_alexnet_GEN_kp50_seed42,0.5,0.44115,22,False,0.5,alexnet,False,0,0,1,0.4428,195,6,0.4437,199,10,11344,4,0.5,TINYIMAGENET_alexnet_GEN_accuracy_kp5000_seed42,42,40000,202,42,accuracy,100042,0.44115,1,2.8102819792747495,30.18094167113304,10,2.8102819792747495,valid,0.43912923602796156,0.4946939245911711,0.44115000000000004,100042
GEN,0.4498,165,165,offspring,5584,5760,TINYIMAGENET,203,main_b1000_tinyimagenet_alexnet_GEN_kp50_seed42,0.5,0.43695,22,False,0.5,alexnet,False,0,0,2,0.4428,195,6,0.4437,199,10,11344,5,0.5,TINYIMAGENET_alexnet_GEN_accuracy_kp5000_seed42,42,40000,203,42,accuracy,100042,0.43695,1,2.8621103668212893,30.33017311990261,10,2.8621103668212893,valid,0.43673363997616604,0.5004973523295173,0.43695000000000006,100042
GEN,0.4498,165,165,offspring,4070,4080,TINYIMAGENET,204,main_b1000_tinyimagenet_alexnet_GEN_kp50_seed42,0.5,0.44215,22,False,0.5,alexnet,False,0,0,1,0.4418,196,7,0.4437,199,10,8150,6,0.5,TINYIMAGENET_alexnet_GEN_accuracy_kp5000_seed42,42,40000,204,42,accuracy,100042,0.44215,1,2.812641575527191,30.24899099767208,10,2.812641575527191,valid,0.438198316734818,0.4932214264751711,0.44215,100042
GEN,0.4498,165,165,offspring,4080,4070,TINYIMAGENET,205,main_b1000_tinyimagenet_alexnet_GEN_kp50_seed42,0.5,0.4409,22,False,0.5,alexnet,False,0,0,2,0.4418,196,7,0.4437,199,10,8150,7,0.5,TINYIMAGENET_alexnet_GEN_accuracy_kp5000_seed42,42,40000,205,42,accuracy,100042,0.4409,1,2.8412452910900114,30.5140236094594,10,2.8412452910900114,valid,0.4397745675423667,0.4975308084277243,0.4409,100042
GEN,0.4498,165,165,offspring,3122,3200,TINYIMAGENET,206,main_b1000_tinyimagenet_alexnet_GEN_kp50_seed42,0.5,0.4388,22,False,0.5,alexnet,False,0,0,1,0.4498,165,1,0.4437,199,10,6322,8,0.5,TINYIMAGENET_alexnet_GEN_accuracy_kp5000_seed42,42,40000,206,42,accuracy,100042,0.4388,1,2.8556689187049864,30.15031909942627,10,2.8556689187049864,valid,0.4378194712421266,0.5015895007302762,0.4388,100042
GEN,0.4498,165,165,offspring,3200,3122,TINYIMAGENET,207,main_b1000_tinyimagenet_alexnet_GEN_kp50_seed42,0.5,0.441,22,False,0.5,alexnet,False,0,0,2,0.4498,165,1,0.4437,199,10,6322,9,0.5,TINYIMAGENET_alexnet_GEN_accuracy_kp5000_seed42,42,40000,207,42,accuracy,100042,0.441,1,2.8087300355911253,30.55672211199999,10,2.8087300355911253,valid,0.4410156437263172,0.49691770923381157,0.441,100042
GEN,0.4498,165,165,offspring,636,650,TINYIMAGENET,208,main_b1000_tinyimagenet_alexnet_GEN_kp50_seed42,0.5,0.44485,22,False,0.5,alexnet,False,0,0,1,0.4498,165,1,0.44205,191,2,1286,10,0.5,TINYIMAGENET_alexnet_GEN_accuracy_kp5000_seed42,42,40000,208,42,accuracy,100042,0.44485,1,2.7994470950126646,30.14111004769802,10,2.7994470950126646,valid,0.44598295421661105,0.4988468552845735,0.44484999999999997,100042
GEN,0.4498,165,165,offspring,316,320,TINYIMAGENET,209,main_b1000_tinyimagenet_alexnet_GEN_kp50_seed42,0.5,0.4363,23,False,0.5,alexnet,False,0,0,1,0.4498,165,1,0.44485,208,10,636,2,0.5,TINYIMAGENET_alexnet_GEN_accuracy_kp5000_seed42,42,40000,209,42,accuracy,100042,0.4363,1,2.8430911116600037,30.34310170263052,10,2.8430911116600037,valid,0.43509267283238556,0.49377118025964967,0.4363,100042
GEN,0.4498,165,165,offspring,320,316,TINYIMAGENET,210,main_b1000_tinyimagenet_alexnet_GEN_kp50_seed42,0.5,0.44015,23,False,0.5,alexnet,False,0,0,2,0.4498,165,1,0.44485,208,10,636,3,0.5,TINYIMAGENET_alexnet_GEN_accuracy_kp5000_seed42,42,40000,210,42,accuracy,100042,0.44015,1,2.83870807800293,30.117663092911243,10,2.83870807800293,valid,0.44164884543151817,0.49659164017620533,0.44015,100042
GEN,0.4498,165,165,offspring,3446,3338,TINYIMAGENET,211,main_b1000_tinyimagenet_alexnet_GEN_kp50_seed42,0.5,0.44525,23,False,0.5,alexnet,False,0,0,1,0.44115,202,4,0.44485,208,10,6784,4,0.5,TINYIMAGENET_alexnet_GEN_accuracy_kp5000_seed42,42,40000,211,42,accuracy,100042,0.44525,1,2.8122943516731262,30.426012434065342,10,2.8122943516731262,valid,0.4436115585892783,0.5004433096425507,0.44525000000000003,100042
GEN,0.4498,165,165,offspring,3338,3446,TINYIMAGENET,212,main_b1000_tinyimagenet_alexnet_GEN_kp50_seed42,0.5,0.44325,23,False,0.5,alexnet,False,0,0,2,0.44115,202,4,0.44485,208,10,6784,5,0.5,TINYIMAGENET_alexnet_GEN_accuracy_kp5000_seed42,42,40000,212,42,accuracy,100042,0.44325,1,2.8352541632652284,30.117103539407253,10,2.8352541632652284,valid,0.44069997391724103,0.5041491049757676,0.44325000000000003,100042
GEN,0.4498,165,165,offspring,3400,3384,TINYIMAGENET,213,main_b1000_tinyimagenet_alexnet_GEN_kp50_seed42,0.5,0.43475,23,False,0.5,alexnet,False,0,0,1,0.44115,202,4,0.44485,208,10,6784,6,0.5,TINYIMAGENET_alexnet_GEN_accuracy_kp5000_seed42,42,40000,213,42,accuracy,100042,0.43475,1,2.864406343412399,30.560294970870018,10,2.864406343412399,valid,0.43309714241668296,0.4975948724539695,0.43475,100042
GEN,0.4498,165,165,offspring,3384,3400,TINYIMAGENET,214,main_b1000_tinyimagenet_alexnet_GEN_kp50_seed42,0.5,0.43365,23,False,0.5,alexnet,False,0,0,2,0.44115,202,4,0.44485,208,10,6784,7,0.5,TINYIMAGENET_alexnet_GEN_accuracy_kp5000_seed42,42,40000,214,42,accuracy,100042,0.43365,1,2.8914760828018187,30.092156171798706,10,2.8914760828018187,valid,0.433163457873722,0.49837382522878315,0.43365000000000004,100042
GEN,0.4498,165,165,offspring,3376,3408,TINYIMAGENET,215,main_b1000_tinyimagenet_alexnet_GEN_kp50_seed42,0.5,0.43915,23,False,0.5,alexnet,True,4000,2000,1,0.44485,208,10,0.44115,202,4,6784,8,0.5,TINYIMAGENET_alexnet_GEN_accuracy_kp5000_seed42,42,40000,215,42,accuracy,100042,0.43915,1,2.873652101278305,30.502840988337994,10,2.873652101278305,valid,0.43947343868342853,0.5051741802136277,0.43915,100042
GEN,0.4498,165,165,offspring,3408,3376,TINYIMAGENET,216,main_b1000_tinyimagenet_alexnet_GEN_kp50_seed42,0.5,0.4451,23,False,0.5,alexnet,False,0,0,2,0.44485,208,10,0.44115,202,4,6784,9,0.5,TINYIMAGENET_alexnet_GEN_accuracy_kp5000_seed42,42,40000,216,42,accuracy,100042,0.4451,1,2.8158993384361266,30.263053685426712,10,2.8158993384361266,valid,0.44388977614008096,0.49866119177245183,0.44510000000000005,100042
GEN,0.4498,165,165,offspring,318,318,TINYIMAGENET,217,main_b1000_tinyimagenet_alexnet_GEN_kp50_seed42,0.5,0.43525,23,False,0.5,alexnet,False,0,0,1,0.4498,165,1,0.44485,208,10,636,10,0.5,TINYIMAGENET_alexnet_GEN_accuracy_kp5000_seed42,42,40000,217,42,accuracy,100042,0.43525,1,2.852673878288269,30.482745617628098,10,2.852673878288269,valid,0.4337708414455876,0.49546236785950426,0.4352500000000001,100042
GEN,0.4498,165,165,offspring,3586,3532,TINYIMAGENET,218,main_b1000_tinyimagenet_alexnet_GEN_kp50_seed42,0.5,0.4458,24,False,0.5,alexnet,False,0,0,1,0.43915,215,8,0.4363,209,2,7118,2,0.5,TINYIMAGENET_alexnet_GEN_accuracy_kp5000_seed42,42,40000,218,42,accuracy,100042,0.4458,1,2.7867517881393433,29.876360520720482,10,2.7867517881393433,valid,0.4455244490779448,0.5016291711579315,0.44580000000000003,100042
GEN,0.4498,165,165,offspring,3532,3586,TINYIMAGENET,219,main_b1000_tinyimagenet_alexnet_GEN_kp50_seed42,0.5,0.43925,24,False,0.5,alexnet,False,0,0,2,0.43915,215,8,0.4363,209,2,7118,3,0.5,TINYIMAGENET_alexnet_GEN_accuracy_kp5000_seed42,42,40000,219,42,accuracy,100042,0.43925,1,2.845047526741028,30.4860749989748,10,2.845047526741028,valid,0.4365960642808088,0.49236089886731393,0.43925,100042
GEN,0.4498,165,165,offspring,128,196,TINYIMAGENET,220,main_b1000_tinyimagenet_alexnet_GEN_kp50_seed42,0.5,0.43585,24,False,0.5,alexnet,False,0,0,1,0.44015,210,3,0.43525,217,10,324,4,0.5,TINYIMAGENET_alexnet_GEN_accuracy_kp5000_seed42,42,40000,220,42,accuracy,100042,0.43585,1,2.867874284172058,29.882789120078087,10,2.867874284172058,valid,0.4409767980068428,0.5071588494898416,0.43585000000000007,100042
GEN,0.4498,165,165,offspring,196,128,TINYIMAGENET,221,main_b1000_tinyimagenet_alexnet_GEN_kp50_seed42,0.5,0.4423,24,False,0.5,alexnet,False,0,0,2,0.44015,210,3,0.43525,217,10,324,5,0.5,TINYIMAGENET_alexnet_GEN_accuracy_kp5000_seed42,42,40000,221,42,accuracy,100042,0.4423,1,2.846224523305893,30.45392467826605,10,2.846224523305893,valid,0.4430672223800659,0.5024388221396503,0.44229999999999997,100042
GEN,0.4498,165,165,offspring,1768,1864,TINYIMAGENET,222,main_b1000_tinyimagenet_alexnet_GEN_kp50_seed42,0.5,0.4456,24,False,0.5,alexnet,False,0,0,1,0.4498,165,1,0.4451,216,9,3632,6,0.5,TINYIMAGENET_alexnet_GEN_accuracy_kp5000_seed42,42,40000,222,42,accuracy,100042,0.4456,1,2.789070184516907,30.211292929947376,10,2.789070184516907,valid,0.4451081521988931,0.49362267573239876,0.4456,100042
GEN,0.4498,165,165,offspring,1864,1768,TINYIMAGENET,223,main_b1000_tinyimagenet_alexnet_GEN_kp50_seed42,0.5,0.438,24,False,0.5,alexnet,False,0,0,2,0.4498,165,1,0.4451,216,9,3632,7,0.5,TINYIMAGENET_alexnet_GEN_accuracy_kp5000_seed42,42,40000,223,42,accuracy,100042,0.438,1,2.8724243786334993,30.53313786536455,10,2.8724243786334993,valid,0.43799339125194975,0.5004436136722853,0.43800000000000006,100042
GEN,0.4498,165,165,offspring,1756,1818,TINYIMAGENET,224,main_b1000_tinyimagenet_alexnet_GEN_kp50_seed42,0.5,0.4425,24,False,0.5,alexnet,False,0,0,1,0.4498,165,1,0.44525,211,4,3574,8,0.5,TINYIMAGENET_alexnet_GEN_accuracy_kp5000_seed42,42,40000,224,42,accuracy,100042,0.4425,1,2.8379667887687683,30.185187362134457,10,2.8379667887687683,valid,0.4408632736001109,0.5044703281845366,0.4425,100042
GEN,0.4498,165,165,offspring,1818,1756,TINYIMAGENET,225,main_b1000_tinyimagenet_alexnet_GEN_kp50_seed42,0.5,0.43275,24,False,0.5,alexnet,False,0,0,2,0.4498,165,1,0.44525,211,4,3574,9,0.5,TINYIMAGENET_alexnet_GEN_accuracy_kp5000_seed42,42,40000,225,42,accuracy,100042,0.43275,1,2.914012509727478,30.627731762826443,10,2.914012509727478,valid,0.4310371925312728,0.5019683921770574,0.4327500000000001,100042
GEN,0.4498,165,165,offspring,3382,3402,TINYIMAGENET,226,main_b1000_tinyimagenet_alexnet_GEN_kp50_seed42,0.5,0.44095,24,False,0.5,alexnet,False,0,0,1,0.44525,211,4,0.44325,212,5,6784,10,0.5,TINYIMAGENET_alexnet_GEN_accuracy_kp5000_seed42,42,40000,226,42,accuracy,100042,0.44095,1,2.8238712884902952,30.232960127294064,10,2.8238712884902952,valid,0.4389268996600246,0.4936824793556547,0.44095,100042
GEN,0.4498,165,165,offspring,1902,1868,TINYIMAGENET,227,main_b1000_tinyimagenet_alexnet_GEN_kp50_seed42,0.5,0.44005,25,False,0.5,alexnet,False,0,0,1,0.4423,221,5,0.4458,218,2,3770,2,0.5,TINYIMAGENET_alexnet_GEN_accuracy_kp5000_seed42,42,40000,227,42,accuracy,100042,0.44005,1,2.8570521368026736,30.482293650507927,10,2.8570521368026736,valid,0.44121908012646677,0.5046301935939396,0.44005000000000005,100042
GEN,0.4498,165,165,offspring,1868,1902,TINYIMAGENET,228,main_b1000_tinyimagenet_alexnet_GEN_kp50_seed42,0.5,0.4423,25,False,0.5,alexnet,False,0,0,2,0.4423,221,5,0.4458,218,2,3770,3,0.5,TINYIMAGENET_alexnet_GEN_accuracy_kp5000_seed42,42,40000,228,42,accuracy,100042,0.4423,1,2.8294465452194215,30.178958773612976,10,2.8294465452194215,valid,0.4402397433043281,0.49242644184667383,0.4423,100042
GEN,0.4498,165,165,offspring,846,922,TINYIMAGENET,229,main_b1000_tinyimagenet_alexnet_GEN_kp50_seed42,0.5,0.44255,25,False,0.5,alexnet,False,0,0,1,0.4498,165,1,0.4456,222,6,1768,4,0.5,TINYIMAGENET_alexnet_GEN_accuracy_kp5000_seed42,42,40000,229,42,accuracy,100042,0.44255,1,2.810872611570358,30.71544173359871,10,2.810872611570358,valid,0.4402400672287657,0.4948889517183177,0.44255,100042
GEN,0.4498,165,165,offspring,922,846,TINYIMAGENET,230,main_b1000_tinyimagenet_alexnet_GEN_kp50_seed42,0.5,0.4434,25,False,0.5,alexnet,False,0,0,2,0.4498,165,1,0.4456,222,6,1768,5,0.5,TINYIMAGENET_alexnet_GEN_accuracy_kp5000_seed42,42,40000,230,42,accuracy,100042,0.4434,1,2.8344964261054995,30.170227617025375,10,2.8344964261054995,valid,0.4435218309883052,0.501432936924026,0.4434,100042
GEN,0.4498,165,165,offspring,950,932,TINYIMAGENET,231,main_b1000_tinyimagenet_alexnet_GEN_kp50_seed42,0.5,0.43745,25,False,0.5,alexnet,False,0,0,1,0.4456,222,6,0.4423,221,5,1882,6,0.5,TINYIMAGENET_alexnet_GEN_accuracy_kp5000_seed42,42,40000,231,42,accuracy,100042,0.43745,1,2.879031044960022,30.604446530342102,10,2.879031044960022,valid,0.4369315041820474,0.49971457819452864,0.43745000000000006,100042
GEN,0.4498,165,165,offspring,932,950,TINYIMAGENET,232,main_b1000_tinyimagenet_alexnet_GEN_kp50_seed42,0.5,0.4348,25,False,0.5,alexnet,False,0,0,2,0.4456,222,6,0.4423,221,5,1882,7,0.5,TINYIMAGENET_alexnet_GEN_accuracy_kp5000_seed42,42,40000,232,42,accuracy,100042,0.4348,1,2.9020072991371153,30.23212970048189,10,2.9020072991371153,valid,0.4346959425704176,0.49842320994659617,0.43479999999999996,100042
GEN,0.4498,165,165,offspring,162,164,TINYIMAGENET,233,main_b1000_tinyimagenet_alexnet_GEN_kp50_seed42,0.5,0.44215,25,False,0.5,alexnet,False,0,0,1,0.4498,165,1,0.4423,221,5,326,8,0.5,TINYIMAGENET_alexnet_GEN_accuracy_kp5000_seed42,42,40000,233,42,accuracy,100042,0.44215,1,2.842177938222885,30.567463643848896,10,2.842177938222885,valid,0.4450194844238504,0.5059181109571541,0.44215000000000004,100042
GEN,0.4498,165,165,offspring,164,162,TINYIMAGENET,234,main_b1000_tinyimagenet_alexnet_GEN_kp50_seed42,0.5,0.4374,25,False,0.5,alexnet,False,0,0,2,0.4498,165,1,0.4423,221,5,326,9,0.5,TINYIMAGENET_alexnet_GEN_accuracy_kp5000_seed42,42,40000,234,42,accuracy,100042,0.4374,1,2.837105213832855,30.333177715539932,10,2.837105213832855,valid,0.4372043871358743,0.4942109837498873,0.43739999999999996,100042
GEN,0.4498,165,165,offspring,156,170,TINYIMAGENET,235,main_b1000_tinyimagenet_alexnet_GEN_kp50_seed42,0.5,0.44795,25,False,0.5,alexnet,False,0,0,1,0.4498,165,1,0.4423,221,5,326,10,0.5,TINYIMAGENET_alexnet_GEN_accuracy_kp5000_seed42,42,40000,235,42,accuracy,100042,0.44795,1,2.780705515909195,30.503661401569843,10,2.780705515909195,valid,0.4453968776515191,0.4928996548546318,0.44795,100042
GEN,0.4498,165,165,offspring,86,70,TINYIMAGENET,236,main_b1000_tinyimagenet_alexnet_GEN_kp50_seed42,0.5,0.4381,26,False,0.5,alexnet,False,0,0,1,0.44795,235,10,0.4498,165,1,156,2,0.5,TINYIMAGENET_alexnet_GEN_accuracy_kp5000_seed42,42,40000,236,42,accuracy,100042,0.4381,1,2.8155013904094695,30.169838942587376,10,2.8155013904094695,valid,0.4383950990744341,0.491440791431961,0.43810000000000004,100042
GEN,0.4498,165,165,offspring,70,86,TINYIMAGENET,237,main_b1000_tinyimagenet_alexnet_GEN_kp50_seed42,0.5,0.44345,26,False,0.5,alexnet,False,0,0,2,0.44795,235,10,0.4498,165,1,156,3,0.5,TINYIMAGENET_alexnet_GEN_accuracy_kp5000_seed42,42,40000,237,42,accuracy,100042,0.44345,1,2.8056945127010344,30.246070317924023,10,2.8056945127010344,valid,0.4426076560731779,0.4936856934012826,0.44345,100042
GEN,0.4498,165,165,offspring,532,492,TINYIMAGENET,238,main_b1000_tinyimagenet_alexnet_GEN_kp50_seed42,0.5,0.43835,26,False,0.5,alexnet,False,0,0,1,0.4434,230,5,0.44795,235,10,1024,4,0.5,TINYIMAGENET_alexnet_GEN_accuracy_kp5000_seed42,42,40000,238,42,accuracy,100042,0.43835,1,2.847154574108124,30.132500000298023,10,2.847154574108124,valid,0.43641561200391776,0.4978634629714254,0.4383500000000001,100042
GEN,0.4498,165,165,offspring,492,532,TINYIMAGENET,239,main_b1000_tinyimagenet_alexnet_GEN_kp50_seed42,0.5,0.4335,26,False,0.5,alexnet,False,0,0,2,0.4434,230,5,0.44795,235,10,1024,5,0.5,TINYIMAGENET_alexnet_GEN_accuracy_kp5000_seed42,42,40000,239,42,accuracy,100042,0.4335,1,2.8870942989349366,30.350068524479866,10,2.8870942989349366,valid,0.43506406531748554,0.5008886287298386,0.4335,100042
GEN,0.4498,165,165,offspring,78,78,TINYIMAGENET,240,main_b1000_tinyimagenet_alexnet_GEN_kp50_seed42,0.5,0.4423,26,False,0.5,alexnet,False,0,0,1,0.44795,235,10,0.4498,165,1,156,6,0.5,TINYIMAGENET_alexnet_GEN_accuracy_kp5000_seed42,42,40000,240,42,accuracy,100042,0.4423,1,2.813945423793793,30.19316291809082,10,2.813945423793793,valid,0.4413883475696027,0.4900853938920953,0.44229999999999997,100042
GEN,0.4498,165,165,offspring,78,78,TINYIMAGENET,241,main_b1000_tinyimagenet_alexnet_GEN_kp50_seed42,0.5,0.4392,26,False,0.5,alexnet,False,0,0,2,0.44795,235,10,0.4498,165,1,156,7,0.5,TINYIMAGENET_alexnet_GEN_accuracy_kp5000_seed42,42,40000,241,42,accuracy,100042,0.4392,1,2.78555420050621,30.37765633314848,10,2.78555420050621,valid,0.4394946832658191,0.48726685802592584,0.43920000000000003,100042
GEN,0.4498,165,165,offspring,476,446,TINYIMAGENET,242,main_b1000_tinyimagenet_alexnet_GEN_kp50_seed42,0.5,0.4428,26,False,0.5,alexnet,False,0,0,1,0.4498,165,1,0.4434,230,5,922,8,0.5,TINYIMAGENET_alexnet_GEN_accuracy_kp5000_seed42,42,40000,242,42,accuracy,100042,0.4428,1,2.8271983246803285,30.2545205950737,10,2.8271983246803285,valid,0.4412402045244431,0.49525418213998357,0.4428,100042
GEN,0.4498,165,165,offspring,446,476,TINYIMAGENET,243,main_b1000_tinyimagenet_alexnet_GEN_kp50_seed42,0.5,0.44075,26,False,0.5,alexnet,False,0,0,2,0.4498,165,1,0.4434,230,5,922,9,0.5,TINYIMAGENET_alexnet_GEN_accuracy_kp5000_seed42,42,40000,243,42,accuracy,100042,0.44075,1,2.8072142654895784,30.57645110785961,10,2.8072142654895784,valid,0.440702030612216,0.48769498602974665,0.44075,100042
GEN,0.4498,165,165,offspring,1406,1390,TINYIMAGENET,244,main_b1000_tinyimagenet_alexnet_GEN_kp50_seed42,0.5,0.4346,26,False,0.5,alexnet,False,0,0,1,0.4434,230,5,0.4423,228,3,2796,10,0.5,TINYIMAGENET_alexnet_GEN_accuracy_kp5000_seed42,42,40000,244,42,accuracy,100042,0.4346,1,2.8576255855083468,30.61996651440859,10,2.8576255855083468,valid,0.4320163921632228,0.4939782592121873,0.4346,100042
GEN,0.4498,165,165,offspring,282,252,TINYIMAGENET,245,main_b1000_tinyimagenet_alexnet_GEN_kp50_seed42,0.5,0.44065,27,False,0.5,alexnet,False,0,0,1,0.4428,242,8,0.4392,241,7,534,2,0.5,TINYIMAGENET_alexnet_GEN_accuracy_kp5000_seed42,42,40000,245,42,accuracy,100042,0.44065,1,2.842143089771271,30.618662416934967,10,2.842143089771271,valid,0.4388474307881796,0.5031281383121954,0.44065,100042
GEN,0.4498,165,165,offspring,252,282,TINYIMAGENET,246,main_b1000_tinyimagenet_alexnet_GEN_kp50_seed42,0.5,0.43745,27,False,0.5,alexnet,False,0,0,2,0.4428,242,8,0.4392,241,7,534,3,0.5,TINYIMAGENET_alexnet_GEN_accuracy_kp5000_seed42,42,40000,246,42,accuracy,100042,0.43745,1,2.844827566766739,30.328014060854912,10,2.844827566766739,valid,0.4343335159834665,0.4957304728365046,0.43744999999999995,100042
GEN,0.4498,165,165,offspring,280,240,TINYIMAGENET,247,main_b1000_tinyimagenet_alexnet_GEN_kp50_seed42,0.5,0.4447,27,False,0.5,alexnet,False,0,0,1,0.44345,237,3,0.44075,243,9,520,4,0.5,TINYIMAGENET_alexnet_GEN_accuracy_kp5000_seed42,42,40000,247,42,accuracy,100042,0.4447,1,2.777570111274719,30.352649830281734,10,2.777570111274719,valid,0.44563885772236134,0.4988901661316289,0.4447,100042
GEN,0.4498,165,165,offspring,240,280,TINYIMAGENET,248,main_b1000_tinyimagenet_alexnet_GEN_kp50_seed42,0.5,0.4412,27,False,0.5,alexnet,False,0,0,2,0.44345,237,3,0.44075,243,9,520,5,0.5,TINYIMAGENET_alexnet_GEN_accuracy_kp5000_seed42,42,40000,248,42,accuracy,100042,0.4412,1,2.819750896501541,30.354833282530308,10,2.819750896501541,valid,0.44032464421775586,0.5037724333604323,0.4412,100042
GEN,0.4498,165,165,offspring,248,268,TINYIMAGENET,249,main_b1000_tinyimagenet_alexnet_GEN_kp50_seed42,0.5,0.44015,27,False,0.5,alexnet,False,0,0,1,0.44075,243,9,0.4423,240,6,516,6,0.5,TINYIMAGENET_alexnet_GEN_accuracy_kp5000_seed42,42,40000,249,42,accuracy,100042,0.44015,1,2.8233347067832946,30.32738108187914,10,2.8233347067832946,valid,0.4401344438956181,0.49750996294989547,0.44015,100042
GEN,0.4498,165,165,offspring,268,248,TINYIMAGENET,250,main_b1000_tinyimagenet_alexnet_GEN_kp50_seed42,0.5,0.44115,27,False,0.5,alexnet,False,0,0,2,0.44075,243,9,0.4423,240,6,516,7,0.5,TINYIMAGENET_alexnet_GEN_accuracy_kp5000_seed42,42,40000,250,42,accuracy,100042,0.44115,1,2.809619444179535,30.17771415412426,10,2.809619444179535,valid,0.4399315815988086,0.49355061199170935,0.44114999999999993,100042
GEN,0.4498,165,165,offspring,226,268,TINYIMAGENET,251,main_b1000_tinyimagenet_alexnet_GEN_kp50_seed42,0.5,0.4407,27,False,0.5,alexnet,False,0,0,1,0.43835,238,4,0.4428,242,8,494,8,0.5,TINYIMAGENET_alexnet_GEN_accuracy_kp5000_seed42,42,40000,251,42,accuracy,100042,0.4407,1,2.8101306500673293,30.3232102394104,10,2.8101306500673293,valid,0.4373173240623574,0.48899967111984743,0.4406999999999999,100042
GEN,0.4498,165,165,offspring,268,226,TINYIMAGENET,252,main_b1000_tinyimagenet_alexnet_GEN_kp50_seed42,0.5,0.44055,27,False,0.5,alexnet,False,0,0,2,0.43835,238,4,0.4428,242,8,494,9,0.5,TINYIMAGENET_alexnet_GEN_accuracy_kp5000_seed42,42,40000,252,42,accuracy,100042,0.44055,1,2.8221207612514494,30.11108785867691,10,2.8221207612514494,valid,0.43589429866535023,0.4893074745765631,0.44054999999999994,100042
GEN,0.4498,165,165,offspring,46,40,TINYIMAGENET,253,main_b1000_tinyimagenet_alexnet_GEN_kp50_seed42,0.5,0.4384,27,False,0.5,alexnet,False,0,0,1,0.4498,165,1,0.44345,237,3,86,10,0.5,TINYIMAGENET_alexnet_GEN_accuracy_kp5000_seed42,42,40000,253,42,accuracy,100042,0.4384,1,2.856675590467453,30.540017999708652,10,2.856675590467453,valid,0.43416211165264706,0.4925022161416777,0.4384,100042
GEN,0.4498,165,165,offspring,128,144,TINYIMAGENET,254,main_b1000_tinyimagenet_alexnet_GEN_kp50_seed42,0.5,0.4375,28,False,0.5,alexnet,False,0,0,1,0.4447,247,4,0.4498,165,1,272,2,0.5,TINYIMAGENET_alexnet_GEN_accuracy_kp5000_seed42,42,40000,254,42,accuracy,100042,0.4375,1,2.8916743433475496,30.29188036173582,10,2.8916743433475496,valid,0.43532724269736406,0.4964472644331812,0.4375,100042
GEN,0.4498,165,165,offspring,144,128,TINYIMAGENET,255,main_b1000_tinyimagenet_alexnet_GEN_kp50_seed42,0.5,0.43955,28,False,0.5,alexnet,True,4000,2000,2,0.4447,247,4,0.4498,165,1,272,3,0.5,TINYIMAGENET_alexnet_GEN_accuracy_kp5000_seed42,42,40000,255,42,accuracy,100042,0.43955,1,2.8546690912246704,30.52827599644661,10,2.8546690912246704,valid,0.4395270458631394,0.4986337040422624,0.43955000000000005,100042
GEN,0.4498,165,165,offspring,272,248,TINYIMAGENET,256,main_b1000_tinyimagenet_alexnet_GEN_kp50_seed42,0.5,0.44435,28,False,0.5,alexnet,False,0,0,1,0.4412,248,5,0.4447,247,4,520,4,0.5,TINYIMAGENET_alexnet_GEN_accuracy_kp5000_seed42,42,40000,256,42,accuracy,100042,0.44435,1,2.8340847973823546,29.286598324775696,10,2.8340847973823546,valid,0.4450645789519274,0.5019166788556197,0.44435,100042
GEN,0.4498,165,165,offspring,248,272,TINYIMAGENET,257,main_b1000_tinyimagenet_alexnet_GEN_kp50_seed42,0.5,0.43965,28,False,0.5,alexnet,False,0,0,2,0.4412,248,5,0.4447,247,4,520,5,0.5,TINYIMAGENET_alexnet_GEN_accuracy_kp5000_seed42,42,40000,257,42,accuracy,100042,0.43965,1,2.8355771304130553,30.377023726701736,10,2.8355771304130553,valid,0.43978614617693645,0.5020006863140063,0.43965000000000004,100042
GEN,0.4498,165,165,offspring,272,248,TINYIMAGENET,258,main_b1000_tinyimagenet_alexnet_GEN_kp50_seed42,0.5,0.43345,28,False,0.5,alexnet,False,0,0,1,0.4447,247,4,0.4412,248,5,520,6,0.5,TINYIMAGENET_alexnet_GEN_accuracy_kp5000_seed42,42,40000,258,42,accuracy,100042,0.43345,1,2.8691525994300844,30.431856513023376,10,2.8691525994300844,valid,0.43405633834103424,0.49879005447214775,0.43345,100042
GEN,0.4498,165,165,offspring,248,272,TINYIMAGENET,259,main_b1000_tinyimagenet_alexnet_GEN_kp50_seed42,0.5,0.4424,28,False,0.5,alexnet,False,0,0,2,0.4447,247,4,0.4412,248,5,520,7,0.5,TINYIMAGENET_alexnet_GEN_accuracy_kp5000_seed42,42,40000,259,42,accuracy,100042,0.4424,1,2.82857413649559,30.42628288269043,10,2.82857413649559,valid,0.44165256469771236,0.5049937362446634,0.44239999999999996,100042
GEN,0.4498,165,165,offspring,136,136,TINYIMAGENET,260,main_b1000_tinyimagenet_alexnet_GEN_kp50_seed42,0.5,0.43915,28,False,0.5,alexnet,False,0,0,1,0.4498,165,1,0.4447,247,4,272,8,0.5,TINYIMAGENET_alexnet_GEN_accuracy_kp5000_seed42,42,40000,260,42,accuracy,100042,0.43915,1,2.834322880744934,30.312067039310932,10,2.834322880744934,valid,0.4391724428509072,0.49367316086389423,0.43915,100042
GEN,0.4498,165,165,offspring,136,136,TINYIMAGENET,261,main_b1000_tinyimagenet_alexnet_GEN_kp50_seed42,0.5,0.43905,28,False,0.5,alexnet,False,0,0,2,0.4498,165,1,0.4447,247,4,272,9,0.5,TINYIMAGENET_alexnet_GEN_accuracy_kp5000_seed42,42,40000,261,42,accuracy,100042,0.43905,1,2.865930865955353,30.387435220181942,10,2.865930865955353,valid,0.4377358081437913,0.4978657391534424,0.43905,100042
GEN,0.4498,165,165,offspring,124,136,TINYIMAGENET,262,main_b1000_tinyimagenet_alexnet_GEN_kp50_seed42,0.5,0.44765,28,False,0.5,alexnet,False,0,0,1,0.4412,248,5,0.4498,165,1,260,10,0.5,TINYIMAGENET_alexnet_GEN_accuracy_kp5000_seed42,42,40000,262,42,accuracy,100042,0.44765,1,2.81844363527298,30.549043387174606,10,2.81844363527298,valid,0.44640548919236983,0.4969394080568243,0.44765,100042
GEN,0.4498,165,165,offspring,140,114,TINYIMAGENET,263,main_b1000_tinyimagenet_alexnet_GEN_kp50_seed42,0.5,0.43785,29,False,0.5,alexnet,False,0,0,1,0.44435,256,4,0.44765,262,10,254,2,0.5,TINYIMAGENET_alexnet_GEN_accuracy_kp5000_seed42,42,40000,263,42,accuracy,100042,0.43785,1,2.822204317522049,30.32787885516882,10,2.822204317522049,valid,0.4413387716020033,0.5004364781993926,0.43784999999999996,100042
GEN,0.4498,165,165,offspring,114,140,TINYIMAGENET,264,main_b1000_tinyimagenet_alexnet_GEN_kp50_seed42,0.5,0.4442,29,False,0.5,alexnet,False,0,0,2,0.44435,256,4,0.44765,262,10,254,3,0.5,TINYIMAGENET_alexnet_GEN_accuracy_kp5000_seed42,42,40000,264,42,accuracy,100042,0.4442,1,2.7956208333969115,30.37770040333271,10,2.7956208333969115,valid,0.4441820811735764,0.4968585956253994,0.44420000000000004,100042
GEN,0.4498,165,165,offspring,138,136,TINYIMAGENET,265,main_b1000_tinyimagenet_alexnet_GEN_kp50_seed42,0.5,0.44475,29,False,0.5,alexnet,False,0,0,1,0.44765,262,10,0.43965,257,5,274,4,0.5,TINYIMAGENET_alexnet_GEN_accuracy_kp5000_seed42,42,40000,265,42,accuracy,100042,0.44475,1,2.817649134016037,30.18228852748871,10,2.817649134016037,valid,0.4407016780004267,0.4906921154897041,0.4447500000000001,100042
GEN,0.4498,165,165,offspring,136,138,TINYIMAGENET,266,main_b1000_tinyimagenet_alexnet_GEN_kp50_seed42,0.5,0.44465,29,False,0.5,alexnet,False,0,0,2,0.44765,262,10,0.43965,257,5,274,5,0.5,TINYIMAGENET_alexnet_GEN_accuracy_kp5000_seed42,42,40000,266,42,accuracy,100042,0.44465,1,2.7805499711990356,30.339845091104507,10,2.7805499711990356,valid,0.4457877436181353,0.49552905684156223,0.44465000000000005,100042
GEN,0.4498,165,165,offspring,2130,2118,TINYIMAGENET,267,main_b1000_tinyimagenet_alexnet_GEN_kp50_seed42,0.5,0.4395,29,False,0.5,alexnet,False,0,0,1,0.43955,255,3,0.43965,257,5,4248,6,0.5,TINYIMAGENET_alexnet_GEN_accuracy_kp5000_seed42,42,40000,267,42,accuracy,100042,0.4395,1,2.8119902658462523,30.339992947876453,10,2.8119902658462523,valid,0.43558845038291255,0.4866549429222967,0.4395,100042
GEN,0.4498,165,165,offspring,2118,2130,TINYIMAGENET,268,main_b1000_tinyimagenet_alexnet_GEN_kp50_seed42,0.5,0.4316,29,False,0.5,alexnet,False,0,0,2,0.43955,255,3,0.43965,257,5,4248,7,0.5,TINYIMAGENET_alexnet_GEN_accuracy_kp5000_seed42,42,40000,268,42,accuracy,100042,0.4316,1,2.871256018733978,30.393873669207096,10,2.871256018733978,valid,0.4315214924468108,0.503148763815506,0.4316,100042
GEN,0.4498,165,165,offspring,122,134,TINYIMAGENET,269,main_b1000_tinyimagenet_alexnet_GEN_kp50_seed42,0.5,0.44035,29,False,0.5,alexnet,True,4000,2000,1,0.4424,259,7,0.4498,165,1,256,8,0.5,TINYIMAGENET_alexnet_GEN_accuracy_kp5000_seed42,42,40000,269,42,accuracy,100042,0.44035,1,2.846537261581421,30.26200283318758,10,2.846537261581421,valid,0.4401514078305351,0.5043306367833088,0.44035,100042
GEN,0.4498,165,165,offspring,134,122,TINYIMAGENET,270,main_b1000_tinyimagenet_alexnet_GEN_kp50_seed42,0.5,0.43955,29,False,0.5,alexnet,False,0,0,2,0.4424,259,7,0.4498,165,1,256,9,0.5,TINYIMAGENET_alexnet_GEN_accuracy_kp5000_seed42,42,40000,270,42,accuracy,100042,0.43955,1,2.867809534883499,30.372668646275997,10,2.867809534883499,valid,0.44013504583825125,0.5056348528030281,0.43955,100042
GEN,0.4498,165,165,offspring,138,124,TINYIMAGENET,271,main_b1000_tinyimagenet_alexnet_GEN_kp50_seed42,0.5,0.4405,29,False,0.5,alexnet,False,0,0,1,0.44765,262,10,0.4424,259,7,262,10,0.5,TINYIMAGENET_alexnet_GEN_accuracy_kp5000_seed42,42,40000,271,42,accuracy,100042,0.4405,1,2.863180035734177,30.357384726405144,10,2.863180035734177,valid,0.4429198907247578,0.5045361041539449,0.44050000000000006,100042
GEN,0.4498,165,165,offspring,104,102,TINYIMAGENET,272,main_b1000_tinyimagenet_alexnet_GEN_kp50_seed42,0.5,0.43785,30,False,0.5,alexnet,False,0,0,1,0.4442,264,3,0.4498,165,1,206,2,0.5,TINYIMAGENET_alexnet_GEN_accuracy_kp5000_seed42,42,40000,272,42,accuracy,100042,0.43785,1,2.8458335466861726,30.265352740883827,10,2.8458335466861726,valid,0.4352576804586363,0.49367556199352775,0.43785,100042
GEN,0.4498,165,165,offspring,102,104,TINYIMAGENET,273,main_b1000_tinyimagenet_alexnet_GEN_kp50_seed42,0.5,0.44225,30,False,0.5,alexnet,False,0,0,2,0.4442,264,3,0.4498,165,1,206,3,0.5,TINYIMAGENET_alexnet_GEN_accuracy_kp5000_seed42,42,40000,273,42,accuracy,100042,0.44225,1,2.803311604642868,30.227020628750324,10,2.803311604642868,valid,0.43900389611928814,0.4893785984876946,0.4422499999999999,100042
GEN,0.4498,165,165,offspring,100,102,TINYIMAGENET,274,main_b1000_tinyimagenet_alexnet_GEN_kp50_seed42,0.5,0.4372,30,False,0.5,alexnet,False,0,0,1,0.4498,165,1,0.44465,266,5,202,4,0.5,TINYIMAGENET_alexnet_GEN_accuracy_kp5000_seed42,42,40000,274,42,accuracy,100042,0.4372,1,2.8258632036685944,30.2315855845809,10,2.8258632036685944,valid,0.4378428644675505,0.4944551075571023,0.4372,100042
GEN,0.4498,165,165,offspring,102,100,TINYIMAGENET,275,main_b1000_tinyimagenet_alexnet_GEN_kp50_seed42,0.5,0.43735,30,False,0.5,alexnet,True,4000,2000,2,0.4498,165,1,0.44465,266,5,202,5,0.5,TINYIMAGENET_alexnet_GEN_accuracy_kp5000_seed42,42,40000,275,42,accuracy,100042,0.43735,1,2.8362697689056398,30.448145620524883,10,2.8362697689056398,valid,0.4369521019469849,0.4958649456640248,0.43735,100042
GEN,0.4498,165,165,offspring,96,98,TINYIMAGENET,276,main_b1000_tinyimagenet_alexnet_GEN_kp50_seed42,0.5,0.44295,30,False,0.5,alexnet,False,0,0,1,0.4405,271,10,0.4498,165,1,194,6,0.5,TINYIMAGENET_alexnet_GEN_accuracy_kp5000_seed42,42,40000,276,42,accuracy,100042,0.44295,1,2.8088067237854,30.36569533497095,10,2.8088067237854,valid,0.4410732265750265,0.49032353480830226,0.44295,100042
GEN,0.4498,165,165,offspring,98,96,TINYIMAGENET,277,main_b1000_tinyimagenet_alexnet_GEN_kp50_seed42,0.5,0.43925,30,False,0.5,alexnet,True,4000,2000,2,0.4405,271,10,0.4498,165,1,194,7,0.5,TINYIMAGENET_alexnet_GEN_accuracy_kp5000_seed42,42,40000,277,42,accuracy,100042,0.43925,1,2.8469811363697053,30.439240284264088,10,2.8469811363697053,valid,0.43776922977545046,0.49249726616215045,0.43925,100042
GEN,0.4498,165,165,offspring,134,142,TINYIMAGENET,278,main_b1000_tinyimagenet_alexnet_GEN_kp50_seed42,0.5,0.44735,30,False,0.5,alexnet,False,0,0,1,0.4442,264,3,0.44475,265,4,276,8,0.5,TINYIMAGENET_alexnet_GEN_accuracy_kp5000_seed42,42,40000,278,42,accuracy,100042,0.44735,1,2.7809441417217253,30.45718987286091,10,2.7809441417217253,valid,0.44463214878508844,0.49659438363133085,0.44734999999999997,100042
GEN,0.4498,165,165,offspring,142,134,TINYIMAGENET,279,main_b1000_tinyimagenet_alexnet_GEN_kp50_seed42,0.5,0.4407,30,False,0.5,alexnet,False,0,0,2,0.4442,264,3,0.44475,265,4,276,9,0.5,TINYIMAGENET_alexnet_GEN_accuracy_kp5000_seed42,42,40000,279,42,accuracy,100042,0.4407,1,2.823135153913498,30.417533107101917,10,2.823135153913498,valid,0.4376233989923217,0.49220034007675734,0.4407000000000001,100042
GEN,0.4498,165,165,offspring,102,100,TINYIMAGENET,280,main_b1000_tinyimagenet_alexnet_GEN_kp50_seed42,0.5,0.43975,30,False,0.5,alexnet,False,0,0,1,0.4498,165,1,0.44465,266,5,202,10,0.5,TINYIMAGENET_alexnet_GEN_accuracy_kp5000_seed42,42,40000,280,42,accuracy,100042,0.43975,1,2.8289068850517274,30.520643807947636,10,2.8289068850517274,valid,0.4398016313244314,0.5035637748797693,0.43975000000000003,100042
GEN,0.4498,165,165,offspring,2102,2068,TINYIMAGENET,281,main_b1000_tinyimagenet_alexnet_GEN_kp50_seed42,0.5,0.4395,31,False,0.5,alexnet,False,0,0,1,0.44295,276,6,0.43925,277,7,4170,2,0.5,TINYIMAGENET_alexnet_GEN_accuracy_kp5000_seed42,42,40000,281,42,accuracy,100042,0.4395,1,2.8565975906848906,30.319858476519585,10,2.8565975906848906,valid,0.44020998364948194,0.5027642487965932,0.4395,100042
GEN,0.4498,165,165,offspring,2068,2102,TINYIMAGENET,282,main_b1000_tinyimagenet_alexnet_GEN_kp50_seed42,0.5,0.4395,31,False,0.5,alexnet,True,4000,2000,2,0.44295,276,6,0.43925,277,7,4170,3,0.5,TINYIMAGENET_alexnet_GEN_accuracy_kp5000_seed42,42,40000,282,42,accuracy,100042,0.4395,1,2.8490358807086946,30.37790721654892,10,2.8490358807086946,valid,0.43737279799939976,0.4915295856006028,0.4395,100042
GEN,0.4498,165,165,offspring,78,72,TINYIMAGENET,283,main_b1000_tinyimagenet_alexnet_GEN_kp50_seed42,0.5,0.44515,31,False,0.5,alexnet,False,0,0,1,0.44225,273,3,0.44295,276,6,150,4,0.5,TINYIMAGENET_alexnet_GEN_accuracy_kp5000_seed42,42,40000,283,42,accuracy,100042,0.44515,1,2.758891013908386,30.39065518975258,10,2.758891013908386,valid,0.44257908056704826,0.4952020694664084,0.44515,100042
GEN,0.4498,165,165,offspring,72,78,TINYIMAGENET,284,main_b1000_tinyimagenet_alexnet_GEN_kp50_seed42,0.5,0.44765,31,False,0.5,alexnet,False,0,0,2,0.44225,273,3,0.44295,276,6,150,5,0.5,TINYIMAGENET_alexnet_GEN_accuracy_kp5000_seed42,42,40000,284,42,accuracy,100042,0.44765,1,2.7856350908756258,30.479146607220173,10,2.7856350908756258,valid,0.4457570080510399,0.4930403776662938,0.44765,100042
GEN,0.4498,165,165,offspring,54,50,TINYIMAGENET,285,main_b1000_tinyimagenet_alexnet_GEN_kp50_seed42,0.5,0.44235,31,False,0.5,alexnet,False,0,0,1,0.44225,273,3,0.4498,165,1,104,6,0.5,TINYIMAGENET_alexnet_GEN_accuracy_kp5000_seed42,42,40000,285,42,accuracy,100042,0.44235,1,2.8062842802524566,30.263421267271042,10,2.8062842802524566,valid,0.43935960293200765,0.49027493429533064,0.44235,100042
GEN,0.4498,165,165,offspring,50,54,TINYIMAGENET,286,main_b1000_tinyimagenet_alexnet_GEN_kp50_seed42,0.5,0.44115,31,False,0.5,alexnet,False,0,0,2,0.44225,273,3,0.4498,165,1,104,7,0.5,TINYIMAGENET_alexnet_GEN_accuracy_kp5000_seed42,42,40000,286,42,accuracy,100042,0.44115,1,2.8488602569103243,30.595526307821274,10,2.8488602569103243,valid,0.43810424347935467,0.4989570096907326,0.44115000000000004,100042
GEN,0.4498,165,165,offspring,110,106,TINYIMAGENET,287,main_b1000_tinyimagenet_alexnet_GEN_kp50_seed42,0.5,0.4339,31,False,0.5,alexnet,True,4000,2000,1,0.4498,165,1,0.4407,279,9,216,8,0.5,TINYIMAGENET_alexnet_GEN_accuracy_kp5000_seed42,42,40000,287,42,accuracy,100042,0.4339,1,2.8684598912715913,30.34332911670208,10,2.8684598912715913,valid,0.4301324363016778,0.4921061977366135,0.4339,100042
GEN,0.4498,165,165,offspring,106,110,TINYIMAGENET,288,main_b1000_tinyimagenet_alexnet_GEN_kp50_seed42,0.5,0.4363,31,False,0.5,alexnet,False,0,0,2,0.4498,165,1,0.4407,279,9,216,9,0.5,TINYIMAGENET_alexnet_GEN_accuracy_kp5000_seed42,42,40000,288,42,accuracy,100042,0.4363,1,2.8706699316978455,30.614136181771755,10,2.8706699316978455,valid,0.43441744614413097,0.49972269906330846,0.4363,100042
GEN,0.4498,165,165,offspring,50,48,TINYIMAGENET,289,main_b1000_tinyimagenet_alexnet_GEN_kp50_seed42,0.5,0.4411,31,False,0.5,alexnet,False,0,0,1,0.4498,165,1,0.44295,276,6,98,10,0.5,TINYIMAGENET_alexnet_GEN_accuracy_kp5000_seed42,42,40000,289,42,accuracy,100042,0.4411,1,2.8391060930252077,30.278530076146126,10,2.8391060930252077,valid,0.43760884051993665,0.4924057928274307,0.4411,100042
GEN,0.4498,165,165,offspring,48,52,TINYIMAGENET,290,main_b1000_tinyimagenet_alexnet_GEN_kp50_seed42,0.5,0.44055,32,False,0.5,alexnet,False,0,0,1,0.44765,284,5,0.4498,165,1,100,2,0.5,TINYIMAGENET_alexnet_GEN_accuracy_kp5000_seed42,42,40000,290,42,accuracy,100042,0.44055,1,2.8187448160648345,30.567974999547005,10,2.8187448160648345,valid,0.43671996773765637,0.4849915964408079,0.44054999999999994,100042
GEN,0.4498,165,165,offspring,52,48,TINYIMAGENET,291,main_b1000_tinyimagenet_alexnet_GEN_kp50_seed42,0.5,0.44445,32,False,0.5,alexnet,False,0,0,2,0.44765,284,5,0.4498,165,1,100,3,0.5,TINYIMAGENET_alexnet_GEN_accuracy_kp5000_seed42,42,40000,291,42,accuracy,100042,0.44445,1,2.792884589576721,30.375438325107098,10,2.792884589576721,valid,0.44146818572574736,0.4935115838559335,0.44445,100042
GEN,0.4498,165,165,offspring,30,24,TINYIMAGENET,292,main_b1000_tinyimagenet_alexnet_GEN_kp50_seed42,0.5,0.4434,32,False,0.5,alexnet,False,0,0,1,0.4498,165,1,0.44115,286,7,54,4,0.5,TINYIMAGENET_alexnet_GEN_accuracy_kp5000_seed42,42,40000,292,42,accuracy,100042,0.4434,1,2.809848328542709,30.374620608985424,10,2.809848328542709,valid,0.4427084456193861,0.49653808707447283,0.4434,100042
GEN,0.4498,165,165,offspring,24,30,TINYIMAGENET,293,main_b1000_tinyimagenet_alexnet_GEN_kp50_seed42,0.5,0.44045,32,False,0.5,alexnet,False,0,0,2,0.4498,165,1,0.44115,286,7,54,5,0.5,TINYIMAGENET_alexnet_GEN_accuracy_kp5000_seed42,42,40000,293,42,accuracy,100042,0.44045,1,2.8364104005336763,30.427724055945873,10,2.8364104005336763,valid,0.4386801209643895,0.4982088531506295,0.44045,100042
GEN,0.4498,165,165,offspring,58,42,TINYIMAGENET,294,main_b1000_tinyimagenet_alexnet_GEN_kp50_seed42,0.5,0.4427,32,False,0.5,alexnet,False,0,0,1,0.44765,284,5,0.4498,165,1,100,6,0.5,TINYIMAGENET_alexnet_GEN_accuracy_kp5000_seed42,42,40000,294,42,accuracy,100042,0.4427,1,2.8103355395317076,30.429210774600506,10,2.8103355395317076,valid,0.44006954433305934,0.4864846837387464,0.4427,100042
GEN,0.4498,165,165,offspring,42,58,TINYIMAGENET,295,main_b1000_tinyimagenet_alexnet_GEN_kp50_seed42,0.5,0.4406,32,False,0.5,alexnet,False,0,0,2,0.44765,284,5,0.4498,165,1,100,7,0.5,TINYIMAGENET_alexnet_GEN_accuracy_kp5000_seed42,42,40000,295,42,accuracy,100042,0.4406,1,2.8470311080217363,30.396671071648598,10,2.8470311080217363,valid,0.44334461631495586,0.5018250407227345,0.44060000000000005,100042
GEN,0.4498,165,165,offspring,22,28,TINYIMAGENET,296,main_b1000_tinyimagenet_alexnet_GEN_kp50_seed42,0.5,0.4453,32,False,0.5,alexnet,False,0,0,1,0.44235,285,6,0.4498,165,1,50,8,0.5,TINYIMAGENET_alexnet_GEN_accuracy_kp5000_seed42,42,40000,296,42,accuracy,100042,0.4453,1,2.79184711098671,30.551316626369953,10,2.79184711098671,valid,0.4418281471550703,0.49171315427421974,0.44530000000000003,100042
GEN,0.4498,165,165,offspring,28,22,TINYIMAGENET,297,main_b1000_tinyimagenet_alexnet_GEN_kp50_seed42,0.5,0.44285,32,False,0.5,alexnet,False,0,0,2,0.44235,285,6,0.4498,165,1,50,9,0.5,TINYIMAGENET_alexnet_GEN_accuracy_kp5000_seed42,42,40000,297,42,accuracy,100042,0.44285,1,2.823064285469055,30.385534167289734,10,2.823064285469055,valid,0.44334911738268856,0.49802315188763074,0.44284999999999997,100042
GEN,0.4498,165,165,offspring,56,48,TINYIMAGENET,298,main_b1000_tinyimagenet_alexnet_GEN_kp50_seed42,0.5,0.4408,32,False,0.5,alexnet,False,0,0,1,0.44115,286,7,0.44235,285,6,104,10,0.5,TINYIMAGENET_alexnet_GEN_accuracy_kp5000_seed42,42,40000,298,42,accuracy,100042,0.4408,1,2.8190763996124266,30.586047910153866,10,2.8190763996124266,valid,0.4401502336088538,0.4985007729611106,0.44079999999999997,100042
GEN,0.4498,165,165,offspring,24,26,TINYIMAGENET,299,main_b1000_tinyimagenet_alexnet_GEN_kp50_seed42,0.5,0.4455,33,False,0.5,alexnet,False,0,0,1,0.4427,294,6,0.4453,296,8,50,2,0.5,TINYIMAGENET_alexnet_GEN_accuracy_kp5000_seed42,42,40000,299,42,accuracy,100042,0.4455,1,2.79805508852005,30.267250701785088,10,2.79805508852005,valid,0.4437861794098524,0.49609499963524856,0.44549999999999995,100042
GEN,0.4498,165,165,offspring,26,24,TINYIMAGENET,300,main_b1000_tinyimagenet_alexnet_GEN_kp50_seed42,0.5,0.44145,33,False,0.5,alexnet,False,0,0,2,0.4427,294,6,0.4453,296,8,50,3,0.5,TINYIMAGENET_alexnet_GEN_accuracy_kp5000_seed42,42,40000,300,42,accuracy,100042,0.44145,1,2.8135661016702653,30.607486732304096,10,2.8135661016702653,valid,0.44037447358458964,0.49596492057477964,0.44144999999999995,100042
GEN,0.4498,165,165,offspring,34,18,TINYIMAGENET,301,main_b1000_tinyimagenet_alexnet_GEN_kp50_seed42,0.5,0.4387,33,False,0.5,alexnet,False,0,0,1,0.44285,297,9,0.4434,292,4,52,4,0.5,TINYIMAGENET_alexnet_GEN_accuracy_kp5000_seed42,42,40000,301,42,accuracy,100042,0.4387,1,2.8500206478118897,30.266971796751022,10,2.8500206478118897,valid,0.44267485295414943,0.5034806416529546,0.4387,100042
GEN,0.4498,165,165,offspring,18,34,TINYIMAGENET,302,main_b1000_tinyimagenet_alexnet_GEN_kp50_seed42,0.5,0.4449,33,False,0.5,alexnet,False,0,0,2,0.44285,297,9,0.4434,292,4,52,5,0.5,TINYIMAGENET_alexnet_GEN_accuracy_kp5000_seed42,42,40000,302,42,accuracy,100042,0.4449,1,2.7996561960697175,30.702108658850193,10,2.7996561960697175,valid,0.4409802478901639,0.4928779011007257,0.44489999999999996,100042
GEN,0.4498,165,165,offspring,20,8,TINYIMAGENET,303,main_b1000_tinyimagenet_alexnet_GEN_kp50_seed42,0.5,0.44245,33,False,0.5,alexnet,False,0,0,1,0.4453,296,8,0.4498,165,1,28,6,0.5,TINYIMAGENET_alexnet_GEN_accuracy_kp5000_seed42,42,40000,303,42,accuracy,100042,0.44245,1,2.7931529051303863,30.179677285254,10,2.7931529051303863,valid,0.4387922249458526,0.489201750754813,0.44245000000000007,100042
GEN,0.4498,165,165,offspring,8,20,TINYIMAGENET,304,main_b1000_tinyimagenet_alexnet_GEN_kp50_seed42,0.5,0.43905,33,False,0.5,alexnet,False,0,0,2,0.4453,296,8,0.4498,165,1,28,7,0.5,TINYIMAGENET_alexnet_GEN_accuracy_kp5000_seed42,42,40000,304,42,accuracy,100042,0.43905,1,2.8820786299705508,30.684168711304665,10,2.8820786299705508,valid,0.4398410406064018,0.5088313479462158,0.43905,100042
GEN,0.4498,165,165,offspring,34,30,TINYIMAGENET,305,main_b1000_tinyimagenet_alexnet_GEN_kp50_seed42,0.5,0.441,33,False,0.5,alexnet,False,0,0,1,0.4453,296,8,0.44445,291,3,64,8,0.5,TINYIMAGENET_alexnet_GEN_accuracy_kp5000_seed42,42,40000,305,42,accuracy,100042,0.441,1,2.82155506439209,30.30999916791916,10,2.82155506439209,valid,0.43910962007053056,0.4897610649238688,0.441,100042
GEN,0.4498,165,165,offspring,30,34,TINYIMAGENET,306,main_b1000_tinyimagenet_alexnet_GEN_kp50_seed42,0.5,0.44155,33,False,0.5,alexnet,False,0,0,2,0.4453,296,8,0.44445,291,3,64,9,0.5,TINYIMAGENET_alexnet_GEN_accuracy_kp5000_seed42,42,40000,306,42,accuracy,100042,0.44155,1,2.8355531976222994,30.611599139869213,10,2.8355531976222994,valid,0.4415475997247171,0.4990684538573165,0.44155,100042
GEN,0.4498,165,165,offspring,16,14,TINYIMAGENET,307,main_b1000_tinyimagenet_alexnet_GEN_kp50_seed42,0.5,0.43455,33,False,0.5,alexnet,False,0,0,1,0.4498,165,1,0.4434,292,4,30,10,0.5,TINYIMAGENET_alexnet_GEN_accuracy_kp5000_seed42,42,40000,307,42,accuracy,100042,0.43455,1,2.840585783433914,30.257855147123337,10,2.840585783433914,valid,0.4347606856987399,0.4963982082151462,0.43455,100042
GEN,0.4498,165,165,offspring,28,30,TINYIMAGENET,308,main_b1000_tinyimagenet_alexnet_GEN_kp50_seed42,0.5,0.44675,34,False,0.5,alexnet,False,0,0,1,0.4455,299,2,0.4449,302,5,58,2,0.5,TINYIMAGENET_alexnet_GEN_accuracy_kp5000_seed42,42,40000,308,42,accuracy,100042,0.44675,1,2.7876691565036773,30.5836418941617,10,2.7876691565036773,valid,0.4422830962631041,0.48747845019248204,0.44675000000000004,100042
GEN,0.4498,165,165,offspring,30,28,TINYIMAGENET,309,main_b1000_tinyimagenet_alexnet_GEN_kp50_seed42,0.5,0.44295,34,False,0.5,alexnet,False,0,0,2,0.4455,299,2,0.4449,302,5,58,3,0.5,TINYIMAGENET_alexnet_GEN_accuracy_kp5000_seed42,42,40000,309,42,accuracy,100042,0.44295,1,2.8076732471942902,30.217325568199158,10,2.8076732471942902,valid,0.44148464841738433,0.49682145858259225,0.44295,100042
GEN,0.4498,165,165,offspring,30,28,TINYIMAGENET,310,main_b1000_tinyimagenet_alexnet_GEN_kp50_seed42,0.5,0.44225,34,False,0.5,alexnet,False,0,0,1,0.4455,299,2,0.4449,302,5,58,4,0.5,TINYIMAGENET_alexnet_GEN_accuracy_kp5000_seed42,42,40000,310,42,accuracy,100042,0.44225,1,2.82648755505085,30.564175605773926,10,2.82648755505085,valid,0.43853184889201635,0.4961239158496201,0.44225000000000003,100042
GEN,0.4498,165,165,offspring,28,30,TINYIMAGENET,311,main_b1000_tinyimagenet_alexnet_GEN_kp50_seed42,0.5,0.43765,34,False,0.5,alexnet,False,0,0,2,0.4455,299,2,0.4449,302,5,58,5,0.5,TINYIMAGENET_alexnet_GEN_accuracy_kp5000_seed42,42,40000,311,42,accuracy,100042,0.43765,1,2.874871783256531,30.235246054828167,10,2.874871783256531,valid,0.439075755834042,0.5024998316319883,0.43765,100042
GEN,0.4498,165,165,offspring,14,20,TINYIMAGENET,312,main_b1000_tinyimagenet_alexnet_GEN_kp50_seed42,0.5,0.4379,34,False,0.5,alexnet,False,0,0,1,0.4498,165,1,0.4455,299,2,34,6,0.5,TINYIMAGENET_alexnet_GEN_accuracy_kp5000_seed42,42,40000,312,42,accuracy,100042,0.4379,1,2.8623590272903443,30.541879057884216,10,2.8623590272903443,valid,0.4363096117539027,0.4992492137067568,0.43790000000000007,100042
GEN,0.44985,313,313,offspring,20,14,TINYIMAGENET,313,main_b1000_tinyimagenet_alexnet_GEN_kp50_seed42,0.5,0.44985,34,True,0.5,alexnet,False,0,0,2,0.4498,165,1,0.4455,299,2,34,7,0.5,TINYIMAGENET_alexnet_GEN_accuracy_kp5000_seed42,42,40000,313,42,accuracy,100042,0.44985,1,2.781174186134338,30.27740464359522,10,2.781174186134338,valid,0.4445241890347097,0.49092237542182443,0.44984999999999997,100042
GEN,0.44985,313,313,offspring,16,18,TINYIMAGENET,314,main_b1000_tinyimagenet_alexnet_GEN_kp50_seed42,0.5,0.44985,34,False,0.5,alexnet,False,0,0,1,0.4498,165,1,0.4455,299,2,34,8,0.5,TINYIMAGENET_alexnet_GEN_accuracy_kp5000_seed42,42,40000,314,42,accuracy,100042,0.44985,1,2.7895900378704073,30.517162941396236,10,2.7895900378704073,valid,0.4456807195011524,0.49929659422705197,0.44984999999999997,100042
GEN,0.44985,313,313,offspring,18,16,TINYIMAGENET,315,main_b1000_tinyimagenet_alexnet_GEN_kp50_seed42,0.5,0.44615,34,False,0.5,alexnet,False,0,0,2,0.4498,165,1,0.4455,299,2,34,9,0.5,TINYIMAGENET_alexnet_GEN_accuracy_kp5000_seed42,42,40000,315,42,accuracy,100042,0.44615,1,2.8033402839183807,30.2401467487216,10,2.8033402839183807,valid,0.4440610115183831,0.4925292997590213,0.44615000000000005,100042
GEN,0.44985,313,313,offspring,32,26,TINYIMAGENET,316,main_b1000_tinyimagenet_alexnet_GEN_kp50_seed42,0.5,0.44465,34,False,0.5,alexnet,False,0,0,1,0.44145,300,3,0.4449,302,5,58,10,0.5,TINYIMAGENET_alexnet_GEN_accuracy_kp5000_seed42,42,40000,316,42,accuracy,100042,0.44465,1,2.8027015504360198,30.562924839556217,10,2.8027015504360198,valid,0.4425726325053672,0.4963510025547564,0.44465000000000005,100042
GEN,0.44985,313,313,offspring,8,12,TINYIMAGENET,317,main_b1000_tinyimagenet_alexnet_GEN_kp50_seed42,0.5,0.4435,35,False,0.5,alexnet,False,0,0,1,0.44985,313,7,0.4498,165,1,20,2,0.5,TINYIMAGENET_alexnet_GEN_accuracy_kp5000_seed42,42,40000,317,42,accuracy,100042,0.4435,1,2.81012672085762,30.293732166290283,10,2.81012672085762,valid,0.4393389510153121,0.4895232378025862,0.4435,100042
GEN,0.44985,313,313,offspring,12,8,TINYIMAGENET,318,main_b1000_tinyimagenet_alexnet_GEN_kp50_seed42,0.5,0.4382,35,False,0.5,alexnet,False,0,0,2,0.44985,313,7,0.4498,165,1,20,3,0.5,TINYIMAGENET_alexnet_GEN_accuracy_kp5000_seed42,42,40000,318,42,accuracy,100042,0.4382,1,2.8177549874782564,30.57729072868824,10,2.8177549874782564,valid,0.4371254093996674,0.48946958837392385,0.4382,100042
GEN,0.44985,313,313,offspring,12,8,TINYIMAGENET,319,main_b1000_tinyimagenet_alexnet_GEN_kp50_seed42,0.5,0.4458,35,False,0.5,alexnet,False,0,0,1,0.4498,165,1,0.44985,313,7,20,4,0.5,TINYIMAGENET_alexnet_GEN_accuracy_kp5000_seed42,42,40000,319,42,accuracy,100042,0.4458,1,2.779500279331207,30.578953579068184,10,2.779500279331207,valid,0.44637922542139186,0.496123887725977,0.4458,100042
GEN,0.44985,313,313,offspring,8,12,TINYIMAGENET,320,main_b1000_tinyimagenet_alexnet_GEN_kp50_seed42,0.5,0.44,35,False,0.5,alexnet,False,0,0,2,0.4498,165,1,0.44985,313,7,20,5,0.5,TINYIMAGENET_alexnet_GEN_accuracy_kp5000_seed42,42,40000,320,42,accuracy,100042,0.44,1,2.823747732639313,30.608125254511833,10,2.823747732639313,valid,0.4392435299370449,0.49269972117885485,0.44,100042
GEN,0.44985,313,313,offspring,12,8,TINYIMAGENET,321,main_b1000_tinyimagenet_alexnet_GEN_kp50_seed42,0.5,0.44275,35,False,0.5,alexnet,False,0,0,1,0.44985,314,8,0.44985,313,7,20,6,0.5,TINYIMAGENET_alexnet_GEN_accuracy_kp5000_seed42,42,40000,321,42,accuracy,100042,0.44275,1,2.7939202585220335,30.283956937491894,10,2.7939202585220335,valid,0.44115150887652943,0.49240615447806163,0.44275000000000003,100042
GEN,0.452,322,322,offspring,8,12,TINYIMAGENET,322,main_b1000_tinyimagenet_alexnet_GEN_kp50_seed42,0.5,0.452,35,True,0.5,alexnet,False,0,0,2,0.44985,314,8,0.44985,313,7,20,7,0.5,TINYIMAGENET_alexnet_GEN_accuracy_kp5000_seed42,42,40000,322,42,accuracy,100042,0.452,1,2.7509039333820344,30.59781063348055,10,2.7509039333820344,valid,0.44954587591846895,0.49455990430290114,0.452,100042
GEN,0.452,322,322,offspring,14,16,TINYIMAGENET,323,main_b1000_tinyimagenet_alexnet_GEN_kp50_seed42,0.5,0.44425,35,False,0.5,alexnet,False,0,0,1,0.44465,316,10,0.4498,165,1,30,8,0.5,TINYIMAGENET_alexnet_GEN_accuracy_kp5000_seed42,42,40000,323,42,accuracy,100042,0.44425,1,2.80242446937561,30.331264063715935,10,2.80242446937561,valid,0.44269687971832994,0.49227646455371654,0.44425000000000003,100042
GEN,0.452,322,322,offspring,16,14,TINYIMAGENET,324,main_b1000_tinyimagenet_alexnet_GEN_kp50_seed42,0.5,0.4479,35,False,0.5,alexnet,False,0,0,2,0.44465,316,10,0.4498,165,1,30,9,0.5,TINYIMAGENET_alexnet_GEN_accuracy_kp5000_seed42,42,40000,324,42,accuracy,100042,0.4479,1,2.7912198143959044,30.574800804257393,10,2.7912198143959044,valid,0.4442512376756989,0.4921156830710713,0.44789999999999996,100042
GEN,0.452,322,322,offspring,10,10,TINYIMAGENET,325,main_b1000_tinyimagenet_alexnet_GEN_kp50_seed42,0.5,0.44395,35,False,0.5,alexnet,False,0,0,1,0.44985,314,8,0.44985,313,7,20,10,0.5,TINYIMAGENET_alexnet_GEN_accuracy_kp5000_seed42,42,40000,325,42,accuracy,100042,0.44395,1,2.812363542604446,30.408135563135147,10,2.812363542604446,valid,0.4406588556943949,0.49495220376050925,0.44395,100042
GEN,0.452,322,322,offspring,6,6,TINYIMAGENET,326,main_b1000_tinyimagenet_alexnet_GEN_kp50_seed42,0.5,0.4479,36,False,0.5,alexnet,False,0,0,1,0.452,322,7,0.44985,313,1,12,2,0.5,TINYIMAGENET_alexnet_GEN_accuracy_kp5000_seed42,42,40000,326,42,accuracy,100042,0.4479,1,2.8051784371614454,30.552740335464478,10,2.8051784371614454,valid,0.44712599222040283,0.4984060341671242,0.44789999999999996,100042
GEN,0.452,322,322,offspring,6,6,TINYIMAGENET,327,main_b1000_tinyimagenet_alexnet_GEN_kp50_seed42,0.5,0.4449,36,False,0.5,alexnet,False,0,0,2,0.452,322,7,0.44985,313,1,12,3,0.5,TINYIMAGENET_alexnet_GEN_accuracy_kp5000_seed42,42,40000,327,42,accuracy,100042,0.4449,1,2.8137810799837113,30.431746929883957,10,2.8137810799837113,valid,0.43915473179808445,0.4865608105545561,0.4449,100042
GEN,0.452,322,322,offspring,2,10,TINYIMAGENET,328,main_b1000_tinyimagenet_alexnet_GEN_kp50_seed42,0.5,0.4415,36,False,0.5,alexnet,True,4000,2000,1,0.4458,319,4,0.452,322,7,12,4,0.5,TINYIMAGENET_alexnet_GEN_accuracy_kp5000_seed42,42,40000,328,42,accuracy,100042,0.4415,1,2.840535142993927,30.466326661407948,10,2.840535142993927,valid,0.43884772160390867,0.49869599866162195,0.44150000000000006,100042
GEN,0.452,322,322,offspring,10,2,TINYIMAGENET,329,main_b1000_tinyimagenet_alexnet_GEN_kp50_seed42,0.5,0.4517,36,False,0.5,alexnet,False,0,0,2,0.4458,319,4,0.452,322,7,12,5,0.5,TINYIMAGENET_alexnet_GEN_accuracy_kp5000_seed42,42,40000,329,42,accuracy,100042,0.4517,1,2.7581642894268037,30.410088025033474,10,2.7581642894268037,valid,0.4500809776406978,0.4952585493332884,0.4517,100042
GEN,0.452,322,322,offspring,10,20,TINYIMAGENET,330,main_b1000_tinyimagenet_alexnet_GEN_kp50_seed42,0.5,0.44515,36,False,0.5,alexnet,False,0,0,1,0.44395,325,10,0.4479,324,9,30,6,0.5,TINYIMAGENET_alexnet_GEN_accuracy_kp5000_seed42,42,40000,330,42,accuracy,100042,0.44515,1,2.796795599269867,30.649881921708584,10,2.796795599269867,valid,0.44340070026276407,0.49497393521767263,0.44515,100042
GEN,0.452,322,322,offspring,20,10,TINYIMAGENET,331,main_b1000_tinyimagenet_alexnet_GEN_kp50_seed42,0.5,0.44395,36,False,0.5,alexnet,False,0,0,2,0.44395,325,10,0.4479,324,9,30,7,0.5,TINYIMAGENET_alexnet_GEN_accuracy_kp5000_seed42,42,40000,331,42,accuracy,100042,0.44395,1,2.8089334617614745,30.38756100833416,10,2.8089334617614745,valid,0.44083728883696166,0.48815267566821186,0.44394999999999996,100042
GEN,0.452,322,322,offspring,6,6,TINYIMAGENET,332,main_b1000_tinyimagenet_alexnet_GEN_kp50_seed42,0.5,0.4462,36,False,0.5,alexnet,False,0,0,1,0.452,322,7,0.4458,319,4,12,8,0.5,TINYIMAGENET_alexnet_GEN_accuracy_kp5000_seed42,42,40000,332,42,accuracy,100042,0.4462,1,2.773814389657974,30.448454536497593,10,2.773814389657974,valid,0.44824540881529823,0.4963744597767083,0.4462,100042
GEN,0.452,322,322,offspring,6,6,TINYIMAGENET,333,main_b1000_tinyimagenet_alexnet_GEN_kp50_seed42,0.5,0.45165,36,False,0.5,alexnet,False,0,0,2,0.452,322,7,0.4458,319,4,12,9,0.5,TINYIMAGENET_alexnet_GEN_accuracy_kp5000_seed42,42,40000,333,42,accuracy,100042,0.45165,1,2.7577174373149873,30.566778860986233,10,2.7577174373149873,valid,0.44951072645782175,0.49471644130576353,0.45165000000000005,100042
GEN,0.4536,334,334,offspring,6,2,TINYIMAGENET,334,main_b1000_tinyimagenet_alexnet_GEN_kp50_seed42,0.5,0.4536,36,True,0.5,alexnet,False,0,0,1,0.4458,319,4,0.44985,313,1,8,10,0.5,TINYIMAGENET_alexnet_GEN_accuracy_kp5000_seed42,42,40000,334,42,accuracy,100042,0.4536,1,2.734258793830872,30.404176093637943,10,2.734258793830872,valid,0.44895783985430454,0.4881312131559561,0.4536,100042
GEN,0.4536,334,334,offspring,6,2,TINYIMAGENET,335,main_b1000_tinyimagenet_alexnet_GEN_kp50_seed42,0.5,0.45015,37,False,0.5,alexnet,False,0,0,1,0.4536,334,10,0.4462,332,8,8,2,0.5,TINYIMAGENET_alexnet_GEN_accuracy_kp5000_seed42,42,40000,335,42,accuracy,100042,0.45015,1,2.7555095881938936,30.574960507452488,10,2.7555095881938936,valid,0.4483950772727019,0.49476517033516454,0.45015,100042
GEN,0.4536,334,334,offspring,2,6,TINYIMAGENET,336,main_b1000_tinyimagenet_alexnet_GEN_kp50_seed42,0.5,0.44885,37,False,0.5,alexnet,False,0,0,2,0.4536,334,10,0.4462,332,8,8,3,0.5,TINYIMAGENET_alexnet_GEN_accuracy_kp5000_seed42,42,40000,336,42,accuracy,100042,0.44885,1,2.765016302537918,30.377871118485928,10,2.765016302537918,valid,0.4480090058954761,0.49776634444397116,0.44885,100042
GEN,0.4536,334,334,offspring,6,6,TINYIMAGENET,337,main_b1000_tinyimagenet_alexnet_GEN_kp50_seed42,0.5,0.43205,37,False,0.5,alexnet,False,0,0,1,0.4536,334,10,0.452,322,1,12,4,0.5,TINYIMAGENET_alexnet_GEN_accuracy_kp5000_seed42,42,40000,337,42,accuracy,100042,0.43205,1,2.9097545496463777,30.736716844141483,10,2.9097545496463777,valid,0.43228952813851945,0.5048981803908398,0.43205,100042
GEN,0.4536,334,334,offspring,6,6,TINYIMAGENET,338,main_b1000_tinyimagenet_alexnet_GEN_kp50_seed42,0.5,0.4389,37,False,0.5,alexnet,False,0,0,2,0.4536,334,10,0.452,322,1,12,5,0.5,TINYIMAGENET_alexnet_GEN_accuracy_kp5000_seed42,42,40000,338,42,accuracy,100042,0.4389,1,2.8498600461006163,30.255211770534515,10,2.8498600461006163,valid,0.43535113821627347,0.49643637557376025,0.4389,100042
GEN,0.4536,334,334,offspring,8,4,TINYIMAGENET,339,main_b1000_tinyimagenet_alexnet_GEN_kp50_seed42,0.5,0.45085,37,False,0.5,alexnet,False,0,0,1,0.452,322,1,0.4536,334,10,12,6,0.5,TINYIMAGENET_alexnet_GEN_accuracy_kp5000_seed42,42,40000,339,42,accuracy,100042,0.45085,1,2.7416056648254394,30.651884712278843,10,2.7416056648254394,valid,0.4495391970089709,0.49351710635701823,0.45085000000000003,100042
GEN,0.45445,340,340,offspring,4,8,TINYIMAGENET,340,main_b1000_tinyimagenet_alexnet_GEN_kp50_seed42,0.5,0.45445,37,True,0.5,alexnet,False,0,0,2,0.452,322,1,0.4536,334,10,12,7,0.5,TINYIMAGENET_alexnet_GEN_accuracy_kp5000_seed42,42,40000,340,42,accuracy,100042,0.45445,1,2.730811014699936,30.224920190870762,10,2.730811014699936,valid,0.4516842326118814,0.49184548101384623,0.45445,100042
GEN,0.45445,340,340,offspring,6,4,TINYIMAGENET,341,main_b1000_tinyimagenet_alexnet_GEN_kp50_seed42,0.5,0.44355,37,False,0.5,alexnet,False,0,0,1,0.4536,334,10,0.4517,329,5,10,8,0.5,TINYIMAGENET_alexnet_GEN_accuracy_kp5000_seed42,42,40000,341,42,accuracy,100042,0.44355,1,2.830433413052559,30.711286149919033,10,2.830433413052559,valid,0.43844033935949944,0.4897892531695644,0.44354999999999994,100042
GEN,0.45445,340,340,offspring,4,6,TINYIMAGENET,342,main_b1000_tinyimagenet_alexnet_GEN_kp50_seed42,0.5,0.44635,37,False,0.5,alexnet,False,0,0,2,0.4536,334,10,0.4517,329,5,10,9,0.5,TINYIMAGENET_alexnet_GEN_accuracy_kp5000_seed42,42,40000,342,42,accuracy,100042,0.44635,1,2.8075408553123475,30.21511595696211,10,2.8075408553123475,valid,0.44363727038439194,0.4961868428378864,0.44634999999999997,100042
GEN,0.45445,340,340,offspring,4,2,TINYIMAGENET,343,main_b1000_tinyimagenet_alexnet_GEN_kp50_seed42,0.5,0.43445,37,False,0.5,alexnet,False,0,0,1,0.4536,334,10,0.4479,326,2,6,10,0.5,TINYIMAGENET_alexnet_GEN_accuracy_kp5000_seed42,42,40000,343,42,accuracy,100042,0.43445,1,2.892466259813309,30.756662756204605,10,2.892466259813309,valid,0.43318925777075007,0.5006493391234584,0.43445000000000006,100042
GEN,0.45445,340,340,offspring,6,2,TINYIMAGENET,344,main_b1000_tinyimagenet_alexnet_GEN_kp50_seed42,0.5,0.4403,38,False,0.5,alexnet,False,0,0,1,0.4536,334,1,0.45445,340,7,8,2,0.5,TINYIMAGENET_alexnet_GEN_accuracy_kp5000_seed42,42,40000,344,42,accuracy,100042,0.4403,1,2.84384408826828,30.206897050142288,10,2.84384408826828,valid,0.4372098141547393,0.49808533038423247,0.4403,100042
GEN,0.45445,340,340,offspring,2,6,TINYIMAGENET,345,main_b1000_tinyimagenet_alexnet_GEN_kp50_seed42,0.5,0.44705,38,False,0.5,alexnet,False,0,0,2,0.4536,334,1,0.45445,340,7,8,3,0.5,TINYIMAGENET_alexnet_GEN_accuracy_kp5000_seed42,42,40000,345,42,accuracy,100042,0.44705,1,2.801094680929184,30.69842203706503,10,2.801094680929184,valid,0.4448140408561024,0.49512428183654217,0.44705,100042
GEN,0.45445,340,340,offspring,2,2,TINYIMAGENET,346,main_b1000_tinyimagenet_alexnet_GEN_kp50_seed42,0.5,0.45055,38,False,0.5,alexnet,False,0,0,1,0.4536,334,1,0.45085,339,6,4,4,0.5,TINYIMAGENET_alexnet_GEN_accuracy_kp5000_seed42,42,40000,346,42,accuracy,100042,0.45055,1,2.7530146938323976,30.307137742638588,10,2.7530146938323976,valid,0.4483453529162601,0.493731976490132,0.45055,100042
GEN,0.45445,340,340,offspring,2,2,TINYIMAGENET,347,main_b1000_tinyimagenet_alexnet_GEN_kp50_seed42,0.5,0.4511,38,False,0.5,alexnet,False,0,0,2,0.4536,334,1,0.45085,339,6,4,5,0.5,TINYIMAGENET_alexnet_GEN_accuracy_kp5000_seed42,42,40000,347,42,accuracy,100042,0.4511,1,2.7350275074481964,30.635012790560722,10,2.7350275074481964,valid,0.447862378651676,0.48825117928514955,0.4511,100042
GEN,0.45445,340,340,offspring,2,2,TINYIMAGENET,348,main_b1000_tinyimagenet_alexnet_GEN_kp50_seed42,0.5,0.44775,38,False,0.5,alexnet,False,0,0,1,0.44635,342,9,0.45085,339,6,4,6,0.5,TINYIMAGENET_alexnet_GEN_accuracy_kp5000_seed42,42,40000,348,42,accuracy,100042,0.44775,1,2.798879179382324,30.227806597948074,10,2.798879179382324,valid,0.4464739474949907,0.49809283290279566,0.44775000000000004,100042
GEN,0.45445,340,340,offspring,2,2,TINYIMAGENET,349,main_b1000_tinyimagenet_alexnet_GEN_kp50_seed42,0.5,0.4541,38,False,0.5,alexnet,False,0,0,2,0.44635,342,9,0.45085,339,6,4,7,0.5,TINYIMAGENET_alexnet_GEN_accuracy_kp5000_seed42,42,40000,349,42,accuracy,100042,0.4541,1,2.7485376589298247,30.512893743813038,10,2.7485376589298247,valid,0.45115932659408686,0.4990618744301487,0.45409999999999995,100042
GEN,0.45445,340,340,offspring,0,6,TINYIMAGENET,350,main_b1000_tinyimagenet_alexnet_GEN_kp50_seed42,0.5,0.4389,38,False,0.5,alexnet,False,0,0,1,0.4389,338,5,0.4536,334,1,6,8,0.5,TINYIMAGENET_alexnet_GEN_accuracy_kp5000_seed42,42,40000,350,42,accuracy,100042,0.4389,1,2.8498600461006163,30.30857516825199,10,2.8498600461006163,valid,0.43535113821627347,0.49643637557376025,0.4389,100042
GEN,0.45445,340,340,offspring,6,0,TINYIMAGENET,351,main_b1000_tinyimagenet_alexnet_GEN_kp50_seed42,0.5,0.4536,38,False,0.5,alexnet,False,0,0,2,0.4389,338,5,0.4536,334,1,6,9,0.5,TINYIMAGENET_alexnet_GEN_accuracy_kp5000_seed42,42,40000,351,42,accuracy,100042,0.4536,1,2.734258793830872,30.64037584513426,10,2.734258793830872,valid,0.44895783985430454,0.4881312131559561,0.4536,100042
GEN,0.45445,340,340,offspring,0,2,TINYIMAGENET,352,main_b1000_tinyimagenet_alexnet_GEN_kp50_seed42,0.5,0.44885,38,False,0.5,alexnet,False,0,0,1,0.44885,336,3,0.4536,334,1,2,10,0.5,TINYIMAGENET_alexnet_GEN_accuracy_kp5000_seed42,42,40000,352,42,accuracy,100042,0.44885,1,2.765016302537918,30.236808888614178,10,2.765016302537918,valid,0.4480090058954761,0.49776634444397116,0.44885,100042
GEN,0.456,353,353,offspring,6,2,TINYIMAGENET,353,main_b1000_tinyimagenet_alexnet_GEN_kp50_seed42,0.5,0.456,39,True,0.5,alexnet,False,0,0,1,0.45445,340,1,0.4536,351,9,8,2,0.5,TINYIMAGENET_alexnet_GEN_accuracy_kp5000_seed42,42,40000,353,42,accuracy,100042,0.456,1,2.731823280286789,30.65451517701149,10,2.731823280286789,valid,0.4521960919735929,0.4915185753507925,0.45599999999999996,100042
GEN,0.456,353,353,offspring,2,6,TINYIMAGENET,354,main_b1000_tinyimagenet_alexnet_GEN_kp50_seed42,0.5,0.45,39,False,0.5,alexnet,False,0,0,2,0.45445,340,1,0.4536,351,9,8,3,0.5,TINYIMAGENET_alexnet_GEN_accuracy_kp5000_seed42,42,40000,354,42,accuracy,100042,0.45,1,2.7446789388656616,30.34756615012884,10,2.7446789388656616,valid,0.4460115926253056,0.4859125446380178,0.45,100042
GEN,0.456,353,353,offspring,2,0,TINYIMAGENET,355,main_b1000_tinyimagenet_alexnet_GEN_kp50_seed42,0.5,0.4511,39,False,0.5,alexnet,False,0,0,1,0.4541,349,7,0.4511,347,5,2,4,0.5,TINYIMAGENET_alexnet_GEN_accuracy_kp5000_seed42,42,40000,355,42,accuracy,100042,0.4511,1,2.7350275074481964,30.659023381769657,10,2.7350275074481964,valid,0.447862378651676,0.48825117928514955,0.4511,100042
GEN,0.456,353,353,offspring,0,2,TINYIMAGENET,356,main_b1000_tinyimagenet_alexnet_GEN_kp50_seed42,0.5,0.4541,39,False,0.5,alexnet,False,0,0,2,0.4541,349,7,0.4511,347,5,2,5,0.5,TINYIMAGENET_alexnet_GEN_accuracy_kp5000_seed42,42,40000,356,42,accuracy,100042,0.4541,1,2.7485376589298247,30.48893813788891,10,2.7485376589298247,valid,0.45115932659408686,0.4990618744301487,0.45409999999999995,100042
GEN,0.456,353,353,offspring,2,6,TINYIMAGENET,357,main_b1000_tinyimagenet_alexnet_GEN_kp50_seed42,0.5,0.45215,39,False,0.5,alexnet,False,0,0,1,0.4536,351,9,0.45445,340,1,8,6,0.5,TINYIMAGENET_alexnet_GEN_accuracy_kp5000_seed42,42,40000,357,42,accuracy,100042,0.45215,1,2.7832239361763,30.598733343183994,10,2.7832239361763,valid,0.4473844497523147,0.49412306351855134,0.45215000000000005,100042
GEN,0.456,353,353,offspring,6,2,TINYIMAGENET,358,main_b1000_tinyimagenet_alexnet_GEN_kp50_seed42,0.5,0.4411,39,False,0.5,alexnet,False,0,0,2,0.4536,351,9,0.45445,340,1,8,7,0.5,TINYIMAGENET_alexnet_GEN_accuracy_kp5000_seed42,42,40000,358,42,accuracy,100042,0.4411,1,2.8377810561418535,30.460536770522594,10,2.8377810561418535,valid,0.43565222696307315,0.48629486508844666,0.4411,100042
GEN,0.456,353,353,offspring,6,2,TINYIMAGENET,359,main_b1000_tinyimagenet_alexnet_GEN_kp50_seed42,0.5,0.4353,39,False,0.5,alexnet,False,0,0,1,0.45445,340,1,0.4536,351,9,8,8,0.5,TINYIMAGENET_alexnet_GEN_accuracy_kp5000_seed42,42,40000,359,42,accuracy,100042,0.4353,1,2.8693937697410585,30.679968148469925,10,2.8693937697410585,valid,0.4337896087188642,0.493062116158126,0.4353,100042
GEN,0.456,353,353,offspring,2,6,TINYIMAGENET,360,main_b1000_tinyimagenet_alexnet_GEN_kp50_seed42,0.5,0.44555,39,False,0.5,alexnet,False,0,0,2,0.45445,340,1,0.4536,351,9,8,9,0.5,TINYIMAGENET_alexnet_GEN_accuracy_kp5000_seed42,42,40000,360,42,accuracy,100042,0.44555,1,2.785918199968338,30.437929674983025,10,2.785918199968338,valid,0.4410378596005827,0.4904929039929492,0.44555,100042
GEN,0.456,353,353,offspring,4,4,TINYIMAGENET,361,main_b1000_tinyimagenet_alexnet_GEN_kp50_seed42,0.5,0.45015,39,False,0.5,alexnet,False,0,0,1,0.45445,340,1,0.4536,351,9,8,10,0.5,TINYIMAGENET_alexnet_GEN_accuracy_kp5000_seed42,42,40000,361,42,accuracy,100042,0.45015,1,2.7630554139614105,30.487742073833942,10,2.7630554139614105,valid,0.44666165383020706,0.49040259328528224,0.45015,100042
GEN,0.456,353,353,offspring,6,4,TINYIMAGENET,362,main_b1000_tinyimagenet_alexnet_GEN_kp50_seed42,0.5,0.4487,40,False,0.5,alexnet,False,0,0,1,0.4511,355,4,0.45445,340,1,10,2,0.5,TINYIMAGENET_alexnet_GEN_accuracy_kp5000_seed42,42,40000,362,42,accuracy,100042,0.4487,1,2.75816711769104,30.521021850407124,10,2.75816711769104,valid,0.445790627493066,0.48671473245285524,0.44870000000000004,100042
GEN,0.456,353,353,offspring,4,6,TINYIMAGENET,363,main_b1000_tinyimagenet_alexnet_GEN_kp50_seed42,0.5,0.4413,40,False,0.5,alexnet,True,4000,2000,2,0.4511,355,4,0.45445,340,1,10,3,0.5,TINYIMAGENET_alexnet_GEN_accuracy_kp5000_seed42,42,40000,363,42,accuracy,100042,0.4413,1,2.8151238607883453,30.5117869079113,10,2.8151238607883453,valid,0.4418130095469745,0.4998959719429182,0.4413,100042
GEN,0.456,353,353,offspring,2,4,TINYIMAGENET,364,main_b1000_tinyimagenet_alexnet_GEN_kp50_seed42,0.5,0.45515,40,False,0.5,alexnet,False,0,0,1,0.456,353,2,0.45445,340,1,6,4,0.5,TINYIMAGENET_alexnet_GEN_accuracy_kp5000_seed42,42,40000,364,42,accuracy,100042,0.45515,1,2.724044671487808,30.51744683086872,10,2.724044671487808,valid,0.4527752926747896,0.4906271588365448,0.45515,100042
GEN,0.456,353,353,offspring,4,2,TINYIMAGENET,365,main_b1000_tinyimagenet_alexnet_GEN_kp50_seed42,0.5,0.453,40,False,0.5,alexnet,False,0,0,2,0.456,353,2,0.45445,340,1,6,5,0.5,TINYIMAGENET_alexnet_GEN_accuracy_kp5000_seed42,42,40000,365,42,accuracy,100042,0.453,1,2.7376441874980926,30.330356054008007,10,2.7376441874980926,valid,0.4503289400109389,0.49353682838769997,0.45299999999999996,100042
GEN,0.456,353,353,offspring,6,2,TINYIMAGENET,366,main_b1000_tinyimagenet_alexnet_GEN_kp50_seed42,0.5,0.45255,40,False,0.5,alexnet,False,0,0,1,0.45015,361,10,0.4541,356,5,8,6,0.5,TINYIMAGENET_alexnet_GEN_accuracy_kp5000_seed42,42,40000,366,42,accuracy,100042,0.45255,1,2.7239105523109437,30.57052318751812,10,2.7239105523109437,valid,0.4500028970861959,0.48889334425143105,0.45255,100042
GEN,0.456,353,353,offspring,2,6,TINYIMAGENET,367,main_b1000_tinyimagenet_alexnet_GEN_kp50_seed42,0.5,0.44765,40,False,0.5,alexnet,False,0,0,2,0.45015,361,10,0.4541,356,5,8,7,0.5,TINYIMAGENET_alexnet_GEN_accuracy_kp5000_seed42,42,40000,367,42,accuracy,100042,0.44765,1,2.799358157587051,30.37422788888216,10,2.799358157587051,valid,0.4443068007811635,0.4958435704123188,0.44765,100042
GEN,0.456,353,353,offspring,2,2,TINYIMAGENET,368,main_b1000_tinyimagenet_alexnet_GEN_kp50_seed42,0.5,0.45375,40,False,0.5,alexnet,False,0,0,1,0.45215,357,6,0.4511,355,4,4,8,0.5,TINYIMAGENET_alexnet_GEN_accuracy_kp5000_seed42,42,40000,368,42,accuracy,100042,0.45375,1,2.747739043998718,30.659271016716957,10,2.747739043998718,valid,0.44869235966452153,0.4891928643774066,0.45375,100042
GEN,0.456,353,353,offspring,2,2,TINYIMAGENET,369,main_b1000_tinyimagenet_alexnet_GEN_kp50_seed42,0.5,0.4462,40,False,0.5,alexnet,False,0,0,2,0.45215,357,6,0.4511,355,4,4,9,0.5,TINYIMAGENET_alexnet_GEN_accuracy_kp5000_seed42,42,40000,369,42,accuracy,100042,0.4462,1,2.789663119506836,30.365817867219448,10,2.789663119506836,valid,0.4439767025213448,0.49171190871131915,0.44620000000000004,100042
GEN,0.456,353,353,offspring,4,2,TINYIMAGENET,370,main_b1000_tinyimagenet_alexnet_GEN_kp50_seed42,0.5,0.4372,40,False,0.5,alexnet,True,4000,2000,1,0.456,353,2,0.45015,361,10,6,10,0.5,TINYIMAGENET_alexnet_GEN_accuracy_kp5000_seed42,42,40000,370,42,accuracy,100042,0.4372,1,2.8710345767259597,30.68557222187519,10,2.8710345767259597,valid,0.43791380947158065,0.5007252552273536,0.4372,100042
GEN,0.456,353,353,offspring,0,6,TINYIMAGENET,371,main_b1000_tinyimagenet_alexnet_GEN_kp50_seed42,0.5,0.456,41,False,0.5,alexnet,False,0,0,1,0.456,353,1,0.45255,366,6,6,2,0.5,TINYIMAGENET_alexnet_GEN_accuracy_kp5000_seed42,42,40000,371,42,accuracy,100042,0.456,1,2.731823280286789,30.230718843638897,10,2.731823280286789,valid,0.4521960919735929,0.4915185753507925,0.45599999999999996,100042
GEN,0.456,353,353,offspring,6,0,TINYIMAGENET,372,main_b1000_tinyimagenet_alexnet_GEN_kp50_seed42,0.5,0.439,41,False,0.5,alexnet,True,4000,2000,2,0.456,353,1,0.45255,366,6,6,3,0.5,TINYIMAGENET_alexnet_GEN_accuracy_kp5000_seed42,42,40000,372,42,accuracy,100042,0.439,1,2.875366706418991,30.738777220249176,10,2.875366706418991,valid,0.4379089386867821,0.5004383495163554,0.43900000000000006,100042
GEN,0.456,353,353,offspring,4,2,TINYIMAGENET,373,main_b1000_tinyimagenet_alexnet_GEN_kp50_seed42,0.5,0.45285,41,False,0.5,alexnet,False,0,0,1,0.45375,368,8,0.45515,364,4,6,4,0.5,TINYIMAGENET_alexnet_GEN_accuracy_kp5000_seed42,42,40000,373,42,accuracy,100042,0.45285,1,2.7518743303775786,30.303194515407085,10,2.7518743303775786,valid,0.45034626822760093,0.496000235395517,0.45285,100042
GEN,0.456,353,353,offspring,2,4,TINYIMAGENET,374,main_b1000_tinyimagenet_alexnet_GEN_kp50_seed42,0.5,0.44485,41,False,0.5,alexnet,False,0,0,2,0.45375,368,8,0.45515,364,4,6,5,0.5,TINYIMAGENET_alexnet_GEN_accuracy_kp5000_seed42,42,40000,374,42,accuracy,100042,0.44485,1,2.7864579791545867,30.761277183890343,10,2.7864579791545867,valid,0.443377844226368,0.49303929043609956,0.44484999999999997,100042
GEN,0.456,353,353,offspring,0,4,TINYIMAGENET,375,main_b1000_tinyimagenet_alexnet_GEN_kp50_seed42,0.5,0.456,41,False,0.5,alexnet,False,0,0,1,0.456,353,1,0.453,365,5,4,6,0.5,TINYIMAGENET_alexnet_GEN_accuracy_kp5000_seed42,42,40000,375,42,accuracy,100042,0.456,1,2.731823280286789,30.246703885495663,10,2.731823280286789,valid,0.4521960919735929,0.4915185753507925,0.45599999999999996,100042
GEN,0.456,353,353,offspring,4,0,TINYIMAGENET,376,main_b1000_tinyimagenet_alexnet_GEN_kp50_seed42,0.5,0.453,41,False,0.5,alexnet,False,0,0,2,0.456,353,1,0.453,365,5,4,7,0.5,TINYIMAGENET_alexnet_GEN_accuracy_kp5000_seed42,42,40000,376,42,accuracy,100042,0.453,1,2.7376441874980926,30.847966752946377,10,2.7376441874980926,valid,0.4503289400109389,0.49353682838769997,0.45299999999999996,100042
GEN,0.456,353,353,offspring,2,2,TINYIMAGENET,377,main_b1000_tinyimagenet_alexnet_GEN_kp50_seed42,0.5,0.4551,41,False,0.5,alexnet,False,0,0,1,0.456,353,1,0.45375,368,8,4,8,0.5,TINYIMAGENET_alexnet_GEN_accuracy_kp5000_seed42,42,40000,377,42,accuracy,100042,0.4551,1,2.737388480710983,30.19395223259926,10,2.737388480710983,valid,0.44998604185412927,0.48862577958996184,0.45510000000000006,100042
GEN,0.456,353,353,offspring,2,2,TINYIMAGENET,378,main_b1000_tinyimagenet_alexnet_GEN_kp50_seed42,0.5,0.4536,41,False,0.5,alexnet,False,0,0,2,0.456,353,1,0.45375,368,8,4,9,0.5,TINYIMAGENET_alexnet_GEN_accuracy_kp5000_seed42,42,40000,378,42,accuracy,100042,0.4536,1,2.734258793830872,30.696582451462746,10,2.734258793830872,valid,0.44895783985430454,0.4881312131559561,0.4536,100042
GEN,0.456,353,353,offspring,4,2,TINYIMAGENET,379,main_b1000_tinyimagenet_alexnet_GEN_kp50_seed42,0.5,0.43815,41,False,0.5,alexnet,True,4000,2000,1,0.45255,366,6,0.456,353,1,6,10,0.5,TINYIMAGENET_alexnet_GEN_accuracy_kp5000_seed42,42,40000,379,42,accuracy,100042,0.43815,1,2.834172580385208,30.218499660491943,10,2.834172580385208,valid,0.43795670078805476,0.49304008638294794,0.43815,100042
GEN,0.456,353,353,offspring,2,0,TINYIMAGENET,380,main_b1000_tinyimagenet_alexnet_GEN_kp50_seed42,0.5,0.456,42,False,0.5,alexnet,False,0,0,1,0.4551,377,8,0.456,353,1,2,2,0.5,TINYIMAGENET_alexnet_GEN_accuracy_kp5000_seed42,42,40000,380,42,accuracy,100042,0.456,1,2.731823280286789,30.774538554251194,10,2.731823280286789,valid,0.4521960919735929,0.4915185753507925,0.45599999999999996,100042
GEN,0.456,353,353,offspring,0,2,TINYIMAGENET,381,main_b1000_tinyimagenet_alexnet_GEN_kp50_seed42,0.5,0.4551,42,False,0.5,alexnet,False,0,0,2,0.4551,377,8,0.456,353,1,2,3,0.5,TINYIMAGENET_alexnet_GEN_accuracy_kp5000_seed42,42,40000,381,42,accuracy,100042,0.4551,1,2.737388480710983,30.217818930745125,10,2.737388480710983,valid,0.44998604185412927,0.48862577958996184,0.45510000000000006,100042
GEN,0.456,353,353,offspring,0,0,TINYIMAGENET,382,main_b1000_tinyimagenet_alexnet_GEN_kp50_seed42,0.5,0.456,42,False,0.5,alexnet,False,0,0,1,0.456,371,2,0.456,353,1,0,4,0.5,TINYIMAGENET_alexnet_GEN_accuracy_kp5000_seed42,42,40000,382,42,accuracy,100042,0.456,1,2.731823280286789,30.727704375982285,10,2.731823280286789,valid,0.4521960919735929,0.4915185753507925,0.45599999999999996,100042
GEN,0.456,353,353,offspring,0,0,TINYIMAGENET,383,main_b1000_tinyimagenet_alexnet_GEN_kp50_seed42,0.5,0.456,42,False,0.5,alexnet,False,0,0,2,0.456,371,2,0.456,353,1,0,5,0.5,TINYIMAGENET_alexnet_GEN_accuracy_kp5000_seed42,42,40000,383,42,accuracy,100042,0.456,1,2.731823280286789,30.397649198770523,10,2.731823280286789,valid,0.4521960919735929,0.4915185753507925,0.45599999999999996,100042
GEN,0.456,353,353,offspring,0,0,TINYIMAGENET,384,main_b1000_tinyimagenet_alexnet_GEN_kp50_seed42,0.5,0.456,42,False,0.5,alexnet,False,0,0,1,0.456,375,6,0.456,353,1,0,6,0.5,TINYIMAGENET_alexnet_GEN_accuracy_kp5000_seed42,42,40000,384,42,accuracy,100042,0.456,1,2.731823280286789,30.834228336811066,10,2.731823280286789,valid,0.4521960919735929,0.4915185753507925,0.45599999999999996,100042
GEN,0.456,353,353,offspring,0,0,TINYIMAGENET,385,main_b1000_tinyimagenet_alexnet_GEN_kp50_seed42,0.5,0.456,42,False,0.5,alexnet,False,0,0,2,0.456,375,6,0.456,353,1,0,7,0.5,TINYIMAGENET_alexnet_GEN_accuracy_kp5000_seed42,42,40000,385,42,accuracy,100042,0.456,1,2.731823280286789,30.376616537570953,10,2.731823280286789,valid,0.4521960919735929,0.4915185753507925,0.45599999999999996,100042
GEN,0.456,353,353,offspring,0,2,TINYIMAGENET,386,main_b1000_tinyimagenet_alexnet_GEN_kp50_seed42,0.5,0.4536,42,False,0.5,alexnet,False,0,0,1,0.4536,378,9,0.456,375,6,2,8,0.5,TINYIMAGENET_alexnet_GEN_accuracy_kp5000_seed42,42,40000,386,42,accuracy,100042,0.4536,1,2.734258793830872,30.78800644725561,10,2.734258793830872,valid,0.44895783985430454,0.4881312131559561,0.4536,100042
GEN,0.456,353,353,offspring,2,0,TINYIMAGENET,387,main_b1000_tinyimagenet_alexnet_GEN_kp50_seed42,0.5,0.456,42,False,0.5,alexnet,False,0,0,2,0.4536,378,9,0.456,375,6,2,9,0.5,TINYIMAGENET_alexnet_GEN_accuracy_kp5000_seed42,42,40000,387,42,accuracy,100042,0.456,1,2.731823280286789,30.328483372926712,10,2.731823280286789,valid,0.4521960919735929,0.4915185753507925,0.45599999999999996,100042
GEN,0.456,353,353,offspring,0,0,TINYIMAGENET,388,main_b1000_tinyimagenet_alexnet_GEN_kp50_seed42,0.5,0.456,42,False,0.5,alexnet,False,0,0,1,0.456,353,1,0.456,375,6,0,10,0.5,TINYIMAGENET_alexnet_GEN_accuracy_kp5000_seed42,42,40000,388,42,accuracy,100042,0.456,1,2.731823280286789,30.71069025993347,10,2.731823280286789,valid,0.4521960919735929,0.4915185753507925,0.45599999999999996,100042
GEN,0.456,353,353,offspring,0,0,TINYIMAGENET,389,main_b1000_tinyimagenet_alexnet_GEN_kp50_seed42,0.5,0.456,43,False,0.5,alexnet,False,0,0,1,0.456,383,5,0.456,382,4,0,2,0.5,TINYIMAGENET_alexnet_GEN_accuracy_kp5000_seed42,42,40000,389,42,accuracy,100042,0.456,1,2.731823280286789,30.310365177690983,10,2.731823280286789,valid,0.4521960919735929,0.4915185753507925,0.45599999999999996,100042
GEN,0.456,353,353,offspring,0,0,TINYIMAGENET,390,main_b1000_tinyimagenet_alexnet_GEN_kp50_seed42,0.5,0.456,43,False,0.5,alexnet,False,0,0,2,0.456,383,5,0.456,382,4,0,3,0.5,TINYIMAGENET_alexnet_GEN_accuracy_kp5000_seed42,42,40000,390,42,accuracy,100042,0.456,1,2.731823280286789,30.772787868976593,10,2.731823280286789,valid,0.4521960919735929,0.4915185753507925,0.45599999999999996,100042
GEN,0.456,353,353,offspring,0,0,TINYIMAGENET,391,main_b1000_tinyimagenet_alexnet_GEN_kp50_seed42,0.5,0.456,43,False,0.5,alexnet,False,0,0,1,0.456,380,2,0.456,384,6,0,4,0.5,TINYIMAGENET_alexnet_GEN_accuracy_kp5000_seed42,42,40000,391,42,accuracy,100042,0.456,1,2.731823280286789,30.387916021049023,10,2.731823280286789,valid,0.4521960919735929,0.4915185753507925,0.45599999999999996,100042
GEN,0.456,353,353,offspring,0,0,TINYIMAGENET,392,main_b1000_tinyimagenet_alexnet_GEN_kp50_seed42,0.5,0.456,43,False,0.5,alexnet,False,0,0,2,0.456,380,2,0.456,384,6,0,5,0.5,TINYIMAGENET_alexnet_GEN_accuracy_kp5000_seed42,42,40000,392,42,accuracy,100042,0.456,1,2.731823280286789,30.733779579401016,10,2.731823280286789,valid,0.4521960919735929,0.4915185753507925,0.45599999999999996,100042
GEN,0.456,353,353,offspring,0,0,TINYIMAGENET,393,main_b1000_tinyimagenet_alexnet_GEN_kp50_seed42,0.5,0.456,43,False,0.5,alexnet,False,0,0,1,0.456,383,5,0.456,353,1,0,6,0.5,TINYIMAGENET_alexnet_GEN_accuracy_kp5000_seed42,42,40000,393,42,accuracy,100042,0.456,1,2.731823280286789,30.446537144482136,10,2.731823280286789,valid,0.4521960919735929,0.4915185753507925,0.45599999999999996,100042
GEN,0.456,353,353,offspring,0,0,TINYIMAGENET,394,main_b1000_tinyimagenet_alexnet_GEN_kp50_seed42,0.5,0.456,43,False,0.5,alexnet,False,0,0,2,0.456,383,5,0.456,353,1,0,7,0.5,TINYIMAGENET_alexnet_GEN_accuracy_kp5000_seed42,42,40000,394,42,accuracy,100042,0.456,1,2.731823280286789,30.778098464012146,10,2.731823280286789,valid,0.4521960919735929,0.4915185753507925,0.45599999999999996,100042
GEN,0.456,353,353,offspring,0,0,TINYIMAGENET,395,main_b1000_tinyimagenet_alexnet_GEN_kp50_seed42,0.5,0.456,43,False,0.5,alexnet,False,0,0,1,0.456,383,5,0.456,380,2,0,8,0.5,TINYIMAGENET_alexnet_GEN_accuracy_kp5000_seed42,42,40000,395,42,accuracy,100042,0.456,1,2.731823280286789,30.426984027028084,10,2.731823280286789,valid,0.4521960919735929,0.4915185753507925,0.45599999999999996,100042
GEN,0.456,353,353,offspring,0,0,TINYIMAGENET,396,main_b1000_tinyimagenet_alexnet_GEN_kp50_seed42,0.5,0.456,43,False,0.5,alexnet,False,0,0,2,0.456,383,5,0.456,380,2,0,9,0.5,TINYIMAGENET_alexnet_GEN_accuracy_kp5000_seed42,42,40000,396,42,accuracy,100042,0.456,1,2.731823280286789,30.681010238826275,10,2.731823280286789,valid,0.4521960919735929,0.4915185753507925,0.45599999999999996,100042
GEN,0.456,353,353,offspring,0,0,TINYIMAGENET,397,main_b1000_tinyimagenet_alexnet_GEN_kp50_seed42,0.5,0.456,43,False,0.5,alexnet,False,0,0,1,0.456,384,6,0.456,388,10,0,10,0.5,TINYIMAGENET_alexnet_GEN_accuracy_kp5000_seed42,42,40000,397,42,accuracy,100042,0.456,1,2.731823280286789,30.413092352449894,10,2.731823280286789,valid,0.4521960919735929,0.4915185753507925,0.45599999999999996,100042
GEN,0.456,353,353,offspring,0,0,TINYIMAGENET,398,main_b1000_tinyimagenet_alexnet_GEN_kp50_seed42,0.5,0.456,44,False,0.5,alexnet,False,0,0,1,0.456,392,5,0.456,391,4,0,2,0.5,TINYIMAGENET_alexnet_GEN_accuracy_kp5000_seed42,42,40000,398,42,accuracy,100042,0.456,1,2.731823280286789,30.617434680461884,10,2.731823280286789,valid,0.4521960919735929,0.4915185753507925,0.45599999999999996,100042
GEN,0.456,353,353,offspring,0,0,TINYIMAGENET,399,main_b1000_tinyimagenet_alexnet_GEN_kp50_seed42,0.5,0.456,44,False,0.5,alexnet,False,0,0,2,0.456,392,5,0.456,391,4,0,3,0.5,TINYIMAGENET_alexnet_GEN_accuracy_kp5000_seed42,42,40000,399,42,accuracy,100042,0.456,1,2.731823280286789,30.404381923377514,10,2.731823280286789,valid,0.4521960919735929,0.4915185753507925,0.45599999999999996,100042
GEN,0.456,353,353,offspring,0,0,TINYIMAGENET,400,main_b1000_tinyimagenet_alexnet_GEN_kp50_seed42,0.5,0.456,44,False,0.5,alexnet,False,0,0,1,0.456,353,1,0.456,389,2,0,4,0.5,TINYIMAGENET_alexnet_GEN_accuracy_kp5000_seed42,42,40000,400,42,accuracy,100042,0.456,1,2.731823280286789,30.627951502799988,10,2.731823280286789,valid,0.4521960919735929,0.4915185753507925,0.45599999999999996,100042
GEN,0.456,353,353,offspring,0,0,TINYIMAGENET,401,main_b1000_tinyimagenet_alexnet_GEN_kp50_seed42,0.5,0.456,44,False,0.5,alexnet,False,0,0,2,0.456,353,1,0.456,389,2,0,5,0.5,TINYIMAGENET_alexnet_GEN_accuracy_kp5000_seed42,42,40000,401,42,accuracy,100042,0.456,1,2.731823280286789,30.51399816572666,10,2.731823280286789,valid,0.4521960919735929,0.4915185753507925,0.45599999999999996,100042
GEN,0.456,353,353,offspring,0,0,TINYIMAGENET,402,main_b1000_tinyimagenet_alexnet_GEN_kp50_seed42,0.5,0.456,44,False,0.5,alexnet,False,0,0,1,0.456,395,8,0.456,394,7,0,6,0.5,TINYIMAGENET_alexnet_GEN_accuracy_kp5000_seed42,42,40000,402,42,accuracy,100042,0.456,1,2.731823280286789,30.668518535792828,10,2.731823280286789,valid,0.4521960919735929,0.4915185753507925,0.45599999999999996,100042
GEN,0.456,353,353,offspring,0,0,TINYIMAGENET,403,main_b1000_tinyimagenet_alexnet_GEN_kp50_seed42,0.5,0.456,44,False,0.5,alexnet,False,0,0,2,0.456,395,8,0.456,394,7,0,7,0.5,TINYIMAGENET_alexnet_GEN_accuracy_kp5000_seed42,42,40000,403,42,accuracy,100042,0.456,1,2.731823280286789,30.536671109497547,10,2.731823280286789,valid,0.4521960919735929,0.4915185753507925,0.45599999999999996,100042
GEN,0.456,353,353,offspring,0,0,TINYIMAGENET,404,main_b1000_tinyimagenet_alexnet_GEN_kp50_seed42,0.5,0.456,44,False,0.5,alexnet,False,0,0,1,0.456,393,6,0.456,391,4,0,8,0.5,TINYIMAGENET_alexnet_GEN_accuracy_kp5000_seed42,42,40000,404,42,accuracy,100042,0.456,1,2.731823280286789,30.81417028605938,10,2.731823280286789,valid,0.4521960919735929,0.4915185753507925,0.45599999999999996,100042
GEN,0.456,353,353,offspring,0,0,TINYIMAGENET,405,main_b1000_tinyimagenet_alexnet_GEN_kp50_seed42,0.5,0.456,44,False,0.5,alexnet,False,0,0,2,0.456,393,6,0.456,391,4,0,9,0.5,TINYIMAGENET_alexnet_GEN_accuracy_kp5000_seed42,42,40000,405,42,accuracy,100042,0.456,1,2.731823280286789,30.530730165541172,10,2.731823280286789,valid,0.4521960919735929,0.4915185753507925,0.45599999999999996,100042
GEN,0.456,353,353,offspring,0,0,TINYIMAGENET,406,main_b1000_tinyimagenet_alexnet_GEN_kp50_seed42,0.5,0.456,44,False,0.5,alexnet,False,0,0,1,0.456,353,1,0.456,395,8,0,10,0.5,TINYIMAGENET_alexnet_GEN_accuracy_kp5000_seed42,42,40000,406,42,accuracy,100042,0.456,1,2.731823280286789,30.661601565778255,10,2.731823280286789,valid,0.4521960919735929,0.4915185753507925,0.45599999999999996,100042
GEN,0.456,353,353,offspring,0,0,TINYIMAGENET,407,main_b1000_tinyimagenet_alexnet_GEN_kp50_seed42,0.5,0.456,45,False,0.5,alexnet,False,0,0,1,0.456,402,6,0.456,405,9,0,2,0.5,TINYIMAGENET_alexnet_GEN_accuracy_kp5000_seed42,42,40000,407,42,accuracy,100042,0.456,1,2.731823280286789,30.502234257757664,10,2.731823280286789,valid,0.4521960919735929,0.4915185753507925,0.45599999999999996,100042
GEN,0.456,353,353,offspring,0,0,TINYIMAGENET,408,main_b1000_tinyimagenet_alexnet_GEN_kp50_seed42,0.5,0.456,45,False,0.5,alexnet,False,0,0,2,0.456,402,6,0.456,405,9,0,3,0.5,TINYIMAGENET_alexnet_GEN_accuracy_kp5000_seed42,42,40000,408,42,accuracy,100042,0.456,1,2.731823280286789,30.572923727333546,10,2.731823280286789,valid,0.4521960919735929,0.4915185753507925,0.45599999999999996,100042
GEN,0.456,353,353,offspring,0,0,TINYIMAGENET,409,main_b1000_tinyimagenet_alexnet_GEN_kp50_seed42,0.5,0.456,45,False,0.5,alexnet,False,0,0,1,0.456,400,4,0.456,405,9,0,4,0.5,TINYIMAGENET_alexnet_GEN_accuracy_kp5000_seed42,42,40000,409,42,accuracy,100042,0.456,1,2.731823280286789,30.5934499502182,10,2.731823280286789,valid,0.4521960919735929,0.4915185753507925,0.45599999999999996,100042
GEN,0.456,353,353,offspring,0,0,TINYIMAGENET,410,main_b1000_tinyimagenet_alexnet_GEN_kp50_seed42,0.5,0.456,45,False,0.5,alexnet,False,0,0,2,0.456,400,4,0.456,405,9,0,5,0.5,TINYIMAGENET_alexnet_GEN_accuracy_kp5000_seed42,42,40000,410,42,accuracy,100042,0.456,1,2.731823280286789,30.608168311417103,10,2.731823280286789,valid,0.4521960919735929,0.4915185753507925,0.45599999999999996,100042
GEN,0.456,353,353,offspring,0,0,TINYIMAGENET,411,main_b1000_tinyimagenet_alexnet_GEN_kp50_seed42,0.5,0.456,45,False,0.5,alexnet,False,0,0,1,0.456,400,4,0.456,404,8,0,6,0.5,TINYIMAGENET_alexnet_GEN_accuracy_kp5000_seed42,42,40000,411,42,accuracy,100042,0.456,1,2.731823280286789,30.490912705659866,10,2.731823280286789,valid,0.4521960919735929,0.4915185753507925,0.45599999999999996,100042
GEN,0.456,353,353,offspring,0,0,TINYIMAGENET,412,main_b1000_tinyimagenet_alexnet_GEN_kp50_seed42,0.5,0.456,45,False,0.5,alexnet,False,0,0,2,0.456,400,4,0.456,404,8,0,7,0.5,TINYIMAGENET_alexnet_GEN_accuracy_kp5000_seed42,42,40000,412,42,accuracy,100042,0.456,1,2.731823280286789,30.522148944437504,10,2.731823280286789,valid,0.4521960919735929,0.4915185753507925,0.45599999999999996,100042
GEN,0.456,353,353,offspring,0,0,TINYIMAGENET,413,main_b1000_tinyimagenet_alexnet_GEN_kp50_seed42,0.5,0.456,45,False,0.5,alexnet,False,0,0,1,0.456,405,9,0.456,403,7,0,8,0.5,TINYIMAGENET_alexnet_GEN_accuracy_kp5000_seed42,42,40000,413,42,accuracy,100042,0.456,1,2.731823280286789,30.712549448013306,10,2.731823280286789,valid,0.4521960919735929,0.4915185753507925,0.45599999999999996,100042
GEN,0.456,353,353,offspring,0,0,TINYIMAGENET,414,main_b1000_tinyimagenet_alexnet_GEN_kp50_seed42,0.5,0.456,45,False,0.5,alexnet,False,0,0,2,0.456,405,9,0.456,403,7,0,9,0.5,TINYIMAGENET_alexnet_GEN_accuracy_kp5000_seed42,42,40000,414,42,accuracy,100042,0.456,1,2.731823280286789,30.480862729251385,10,2.731823280286789,valid,0.4521960919735929,0.4915185753507925,0.45599999999999996,100042
GEN,0.456,353,353,offspring,0,0,TINYIMAGENET,415,main_b1000_tinyimagenet_alexnet_GEN_kp50_seed42,0.5,0.456,45,False,0.5,alexnet,False,0,0,1,0.456,402,6,0.456,353,1,0,10,0.5,TINYIMAGENET_alexnet_GEN_accuracy_kp5000_seed42,42,40000,415,42,accuracy,100042,0.456,1,2.731823280286789,30.655665203928947,10,2.731823280286789,valid,0.4521960919735929,0.4915185753507925,0.45599999999999996,100042
GEN,0.456,353,353,offspring,0,0,TINYIMAGENET,416,main_b1000_tinyimagenet_alexnet_GEN_kp50_seed42,0.5,0.456,46,False,0.5,alexnet,False,0,0,1,0.456,353,1,0.456,409,4,0,2,0.5,TINYIMAGENET_alexnet_GEN_accuracy_kp5000_seed42,42,40000,416,42,accuracy,100042,0.456,1,2.731823280286789,30.436280481517315,10,2.731823280286789,valid,0.4521960919735929,0.4915185753507925,0.45599999999999996,100042
GEN,0.456,353,353,offspring,0,0,TINYIMAGENET,417,main_b1000_tinyimagenet_alexnet_GEN_kp50_seed42,0.5,0.456,46,False,0.5,alexnet,False,0,0,2,0.456,353,1,0.456,409,4,0,3,0.5,TINYIMAGENET_alexnet_GEN_accuracy_kp5000_seed42,42,40000,417,42,accuracy,100042,0.456,1,2.731823280286789,30.7782189399004,10,2.731823280286789,valid,0.4521960919735929,0.4915185753507925,0.45599999999999996,100042
GEN,0.456,353,353,offspring,0,0,TINYIMAGENET,418,main_b1000_tinyimagenet_alexnet_GEN_kp50_seed42,0.5,0.456,46,False,0.5,alexnet,False,0,0,1,0.456,414,9,0.456,408,3,0,4,0.5,TINYIMAGENET_alexnet_GEN_accuracy_kp5000_seed42,42,40000,418,42,accuracy,100042,0.456,1,2.731823280286789,30.409005597233772,10,2.731823280286789,valid,0.4521960919735929,0.4915185753507925,0.45599999999999996,100042
GEN,0.456,353,353,offspring,0,0,TINYIMAGENET,419,main_b1000_tinyimagenet_alexnet_GEN_kp50_seed42,0.5,0.456,46,False,0.5,alexnet,False,0,0,2,0.456,414,9,0.456,408,3,0,5,0.5,TINYIMAGENET_alexnet_GEN_accuracy_kp5000_seed42,42,40000,419,42,accuracy,100042,0.456,1,2.731823280286789,31.00511770695448,10,2.731823280286789,valid,0.4521960919735929,0.4915185753507925,0.45599999999999996,100042
GEN,0.456,353,353,offspring,0,0,TINYIMAGENET,420,main_b1000_tinyimagenet_alexnet_GEN_kp50_seed42,0.5,0.456,46,False,0.5,alexnet,False,0,0,1,0.456,353,1,0.456,409,4,0,6,0.5,TINYIMAGENET_alexnet_GEN_accuracy_kp5000_seed42,42,40000,420,42,accuracy,100042,0.456,1,2.731823280286789,30.26504360884428,10,2.731823280286789,valid,0.4521960919735929,0.4915185753507925,0.45599999999999996,100042
GEN,0.456,353,353,offspring,0,0,TINYIMAGENET,421,main_b1000_tinyimagenet_alexnet_GEN_kp50_seed42,0.5,0.456,46,False,0.5,alexnet,False,0,0,2,0.456,353,1,0.456,409,4,0,7,0.5,TINYIMAGENET_alexnet_GEN_accuracy_kp5000_seed42,42,40000,421,42,accuracy,100042,0.456,1,2.731823280286789,30.93528439104557,10,2.731823280286789,valid,0.4521960919735929,0.4915185753507925,0.45599999999999996,100042
GEN,0.456,353,353,offspring,0,0,TINYIMAGENET,422,main_b1000_tinyimagenet_alexnet_GEN_kp50_seed42,0.5,0.456,46,False,0.5,alexnet,False,0,0,1,0.456,353,1,0.456,409,4,0,8,0.5,TINYIMAGENET_alexnet_GEN_accuracy_kp5000_seed42,42,40000,422,42,accuracy,100042,0.456,1,2.731823280286789,30.326501838862896,10,2.731823280286789,valid,0.4521960919735929,0.4915185753507925,0.45599999999999996,100042
GEN,0.456,353,353,offspring,0,0,TINYIMAGENET,423,main_b1000_tinyimagenet_alexnet_GEN_kp50_seed42,0.5,0.4447,46,False,0.5,alexnet,True,4000,2000,2,0.456,353,1,0.456,409,4,0,9,0.5,TINYIMAGENET_alexnet_GEN_accuracy_kp5000_seed42,42,40000,423,42,accuracy,100042,0.4447,1,2.803819022321701,30.85238405317068,10,2.803819022321701,valid,0.44482866881961614,0.4979719625358115,0.44470000000000004,100042
GEN,0.456,353,353,offspring,0,0,TINYIMAGENET,424,main_b1000_tinyimagenet_alexnet_GEN_kp50_seed42,0.5,0.456,46,False,0.5,alexnet,False,0,0,1,0.456,410,5,0.456,414,9,0,10,0.5,TINYIMAGENET_alexnet_GEN_accuracy_kp5000_seed42,42,40000,424,42,accuracy,100042,0.456,1,2.731823280286789,30.316348627209663,10,2.731823280286789,valid,0.4521960919735929,0.4915185753507925,0.45599999999999996,100042
GEN,0.456,353,353,offspring,0,0,TINYIMAGENET,425,main_b1000_tinyimagenet_alexnet_GEN_kp50_seed42,0.5,0.456,47,False,0.5,alexnet,False,0,0,1,0.456,424,10,0.456,417,3,0,2,0.5,TINYIMAGENET_alexnet_GEN_accuracy_kp5000_seed42,42,40000,425,42,accuracy,100042,0.456,1,2.731823280286789,30.860927917063236,10,2.731823280286789,valid,0.4521960919735929,0.4915185753507925,0.45599999999999996,100042
GEN,0.456,353,353,offspring,0,0,TINYIMAGENET,426,main_b1000_tinyimagenet_alexnet_GEN_kp50_seed42,0.5,0.456,47,False,0.5,alexnet,False,0,0,2,0.456,424,10,0.456,417,3,0,3,0.5,TINYIMAGENET_alexnet_GEN_accuracy_kp5000_seed42,42,40000,426,42,accuracy,100042,0.456,1,2.731823280286789,30.320264384150505,10,2.731823280286789,valid,0.4521960919735929,0.4915185753507925,0.45599999999999996,100042
GEN,0.456,353,353,offspring,0,0,TINYIMAGENET,427,main_b1000_tinyimagenet_alexnet_GEN_kp50_seed42,0.5,0.44415,47,False,0.5,alexnet,True,4000,2000,1,0.456,353,1,0.456,417,3,0,4,0.5,TINYIMAGENET_alexnet_GEN_accuracy_kp5000_seed42,42,40000,427,42,accuracy,100042,0.44415,1,2.802957872772217,30.706880748271942,10,2.802957872772217,valid,0.4442914774198994,0.49536716103025163,0.44415,100042
GEN,0.456,353,353,offspring,0,0,TINYIMAGENET,428,main_b1000_tinyimagenet_alexnet_GEN_kp50_seed42,0.5,0.456,47,False,0.5,alexnet,False,0,0,2,0.456,353,1,0.456,417,3,0,5,0.5,TINYIMAGENET_alexnet_GEN_accuracy_kp5000_seed42,42,40000,428,42,accuracy,100042,0.456,1,2.731823280286789,30.718337543308735,10,2.731823280286789,valid,0.4521960919735929,0.4915185753507925,0.45599999999999996,100042
GEN,0.456,353,353,offspring,0,0,TINYIMAGENET,429,main_b1000_tinyimagenet_alexnet_GEN_kp50_seed42,0.5,0.456,47,False,0.5,alexnet,False,0,0,1,0.456,424,10,0.456,417,3,0,6,0.5,TINYIMAGENET_alexnet_GEN_accuracy_kp5000_seed42,42,40000,429,42,accuracy,100042,0.456,1,2.731823280286789,30.753970086574554,10,2.731823280286789,valid,0.4521960919735929,0.4915185753507925,0.45599999999999996,100042
GEN,0.456,353,353,offspring,0,0,TINYIMAGENET,430,main_b1000_tinyimagenet_alexnet_GEN_kp50_seed42,0.5,0.456,47,False,0.5,alexnet,False,0,0,2,0.456,424,10,0.456,417,3,0,7,0.5,TINYIMAGENET_alexnet_GEN_accuracy_kp5000_seed42,42,40000,430,42,accuracy,100042,0.456,1,2.731823280286789,30.412962965667248,10,2.731823280286789,valid,0.4521960919735929,0.4915185753507925,0.45599999999999996,100042
GEN,0.456,353,353,offspring,0,0,TINYIMAGENET,431,main_b1000_tinyimagenet_alexnet_GEN_kp50_seed42,0.5,0.456,47,False,0.5,alexnet,False,0,0,1,0.456,421,7,0.456,420,6,0,8,0.5,TINYIMAGENET_alexnet_GEN_accuracy_kp5000_seed42,42,40000,431,42,accuracy,100042,0.456,1,2.731823280286789,30.856458753347397,10,2.731823280286789,valid,0.4521960919735929,0.4915185753507925,0.45599999999999996,100042
GEN,0.456,353,353,offspring,0,0,TINYIMAGENET,432,main_b1000_tinyimagenet_alexnet_GEN_kp50_seed42,0.5,0.456,47,False,0.5,alexnet,False,0,0,2,0.456,421,7,0.456,420,6,0,9,0.5,TINYIMAGENET_alexnet_GEN_accuracy_kp5000_seed42,42,40000,432,42,accuracy,100042,0.456,1,2.731823280286789,30.262029759585857,10,2.731823280286789,valid,0.4521960919735929,0.4915185753507925,0.45599999999999996,100042
GEN,0.456,353,353,offspring,0,0,TINYIMAGENET,433,main_b1000_tinyimagenet_alexnet_GEN_kp50_seed42,0.5,0.456,47,False,0.5,alexnet,False,0,0,1,0.456,420,6,0.456,416,2,0,10,0.5,TINYIMAGENET_alexnet_GEN_accuracy_kp5000_seed42,42,40000,433,42,accuracy,100042,0.456,1,2.731823280286789,30.82797585427761,10,2.731823280286789,valid,0.4521960919735929,0.4915185753507925,0.45599999999999996,100042
GEN,0.456,353,353,offspring,0,0,TINYIMAGENET,434,main_b1000_tinyimagenet_alexnet_GEN_kp50_seed42,0.5,0.456,48,False,0.5,alexnet,False,0,0,1,0.456,431,8,0.456,429,6,0,2,0.5,TINYIMAGENET_alexnet_GEN_accuracy_kp5000_seed42,42,40000,434,42,accuracy,100042,0.456,1,2.731823280286789,30.245808579027653,10,2.731823280286789,valid,0.4521960919735929,0.4915185753507925,0.45599999999999996,100042
GEN,0.456,353,353,offspring,0,0,TINYIMAGENET,435,main_b1000_tinyimagenet_alexnet_GEN_kp50_seed42,0.5,0.456,48,False,0.5,alexnet,False,0,0,2,0.456,431,8,0.456,429,6,0,3,0.5,TINYIMAGENET_alexnet_GEN_accuracy_kp5000_seed42,42,40000,435,42,accuracy,100042,0.456,1,2.731823280286789,30.75214560329914,10,2.731823280286789,valid,0.4521960919735929,0.4915185753507925,0.45599999999999996,100042
GEN,0.456,353,353,offspring,0,0,TINYIMAGENET,436,main_b1000_tinyimagenet_alexnet_GEN_kp50_seed42,0.5,0.456,48,False,0.5,alexnet,False,0,0,1,0.456,353,1,0.456,433,10,0,4,0.5,TINYIMAGENET_alexnet_GEN_accuracy_kp5000_seed42,42,40000,436,42,accuracy,100042,0.456,1,2.731823280286789,30.288291700184345,10,2.731823280286789,valid,0.4521960919735929,0.4915185753507925,0.45599999999999996,100042
GEN,0.456,353,353,offspring,0,0,TINYIMAGENET,437,main_b1000_tinyimagenet_alexnet_GEN_kp50_seed42,0.5,0.456,48,False,0.5,alexnet,False,0,0,2,0.456,353,1,0.456,433,10,0,5,0.5,TINYIMAGENET_alexnet_GEN_accuracy_kp5000_seed42,42,40000,437,42,accuracy,100042,0.456,1,2.731823280286789,30.787200316786766,10,2.731823280286789,valid,0.4521960919735929,0.4915185753507925,0.45599999999999996,100042
GEN,0.456,353,353,offspring,0,0,TINYIMAGENET,438,main_b1000_tinyimagenet_alexnet_GEN_kp50_seed42,0.5,0.456,48,False,0.5,alexnet,False,0,0,1,0.456,426,3,0.456,425,2,0,6,0.5,TINYIMAGENET_alexnet_GEN_accuracy_kp5000_seed42,42,40000,438,42,accuracy,100042,0.456,1,2.731823280286789,30.153867699205875,10,2.731823280286789,valid,0.4521960919735929,0.4915185753507925,0.45599999999999996,100042
GEN,0.456,353,353,offspring,0,0,TINYIMAGENET,439,main_b1000_tinyimagenet_alexnet_GEN_kp50_seed42,0.5,0.456,48,False,0.5,alexnet,False,0,0,2,0.456,426,3,0.456,425,2,0,7,0.5,TINYIMAGENET_alexnet_GEN_accuracy_kp5000_seed42,42,40000,439,42,accuracy,100042,0.456,1,2.731823280286789,30.660462997853756,10,2.731823280286789,valid,0.4521960919735929,0.4915185753507925,0.45599999999999996,100042
GEN,0.456,353,353,offspring,0,0,TINYIMAGENET,440,main_b1000_tinyimagenet_alexnet_GEN_kp50_seed42,0.5,0.456,48,False,0.5,alexnet,False,0,0,1,0.456,429,6,0.456,353,1,0,8,0.5,TINYIMAGENET_alexnet_GEN_accuracy_kp5000_seed42,42,40000,440,42,accuracy,100042,0.456,1,2.731823280286789,30.292253904044628,10,2.731823280286789,valid,0.4521960919735929,0.4915185753507925,0.45599999999999996,100042
GEN,0.456,353,353,offspring,0,0,TINYIMAGENET,441,main_b1000_tinyimagenet_alexnet_GEN_kp50_seed42,0.5,0.456,48,False,0.5,alexnet,False,0,0,2,0.456,429,6,0.456,353,1,0,9,0.5,TINYIMAGENET_alexnet_GEN_accuracy_kp5000_seed42,42,40000,441,42,accuracy,100042,0.456,1,2.731823280286789,30.74072014540434,10,2.731823280286789,valid,0.4521960919735929,0.4915185753507925,0.45599999999999996,100042
GEN,0.456,353,353,offspring,0,0,TINYIMAGENET,442,main_b1000_tinyimagenet_alexnet_GEN_kp50_seed42,0.5,0.456,48,False,0.5,alexnet,False,0,0,1,0.456,431,8,0.456,426,3,0,10,0.5,TINYIMAGENET_alexnet_GEN_accuracy_kp5000_seed42,42,40000,442,42,accuracy,100042,0.456,1,2.731823280286789,30.178452253341675,10,2.731823280286789,valid,0.4521960919735929,0.4915185753507925,0.45599999999999996,100042
GEN,0.456,353,353,offspring,0,0,TINYIMAGENET,443,main_b1000_tinyimagenet_alexnet_GEN_kp50_seed42,0.5,0.456,49,False,0.5,alexnet,False,0,0,1,0.456,438,6,0.456,436,4,0,2,0.5,TINYIMAGENET_alexnet_GEN_accuracy_kp5000_seed42,42,40000,443,42,accuracy,100042,0.456,1,2.731823280286789,30.757071644067764,10,2.731823280286789,valid,0.4521960919735929,0.4915185753507925,0.45599999999999996,100042
GEN,0.456,353,353,offspring,0,0,TINYIMAGENET,444,main_b1000_tinyimagenet_alexnet_GEN_kp50_seed42,0.5,0.456,49,False,0.5,alexnet,False,0,0,2,0.456,438,6,0.456,436,4,0,3,0.5,TINYIMAGENET_alexnet_GEN_accuracy_kp5000_seed42,42,40000,444,42,accuracy,100042,0.456,1,2.731823280286789,30.263933643698692,10,2.731823280286789,valid,0.4521960919735929,0.4915185753507925,0.45599999999999996,100042
GEN,0.456,353,353,offspring,0,0,TINYIMAGENET,445,main_b1000_tinyimagenet_alexnet_GEN_kp50_seed42,0.5,0.43465,49,False,0.5,alexnet,True,4000,2000,1,0.456,434,2,0.456,442,10,0,4,0.5,TINYIMAGENET_alexnet_GEN_accuracy_kp5000_seed42,42,40000,445,42,accuracy,100042,0.43465,1,2.882308018684387,30.758788540959358,10,2.882308018684387,valid,0.43422252827325614,0.502693103087713,0.43465000000000004,100042
GEN,0.456,353,353,offspring,0,0,TINYIMAGENET,446,main_b1000_tinyimagenet_alexnet_GEN_kp50_seed42,0.5,0.456,49,False,0.5,alexnet,False,0,0,2,0.456,434,2,0.456,442,10,0,5,0.5,TINYIMAGENET_alexnet_GEN_accuracy_kp5000_seed42,42,40000,446,42,accuracy,100042,0.456,1,2.731823280286789,30.28726101666689,10,2.731823280286789,valid,0.4521960919735929,0.4915185753507925,0.45599999999999996,100042
GEN,0.456,353,353,offspring,0,0,TINYIMAGENET,447,main_b1000_tinyimagenet_alexnet_GEN_kp50_seed42,0.5,0.456,49,False,0.5,alexnet,False,0,0,1,0.456,439,7,0.456,353,1,0,6,0.5,TINYIMAGENET_alexnet_GEN_accuracy_kp5000_seed42,42,40000,447,42,accuracy,100042,0.456,1,2.731823280286789,30.699950352311134,10,2.731823280286789,valid,0.4521960919735929,0.4915185753507925,0.45599999999999996,100042
GEN,0.456,353,353,offspring,0,0,TINYIMAGENET,448,main_b1000_tinyimagenet_alexnet_GEN_kp50_seed42,0.5,0.43895,49,False,0.5,alexnet,True,4000,2000,2,0.456,439,7,0.456,353,1,0,7,0.5,TINYIMAGENET_alexnet_GEN_accuracy_kp5000_seed42,42,40000,448,42,accuracy,100042,0.43895,1,2.84636108417511,30.29531141370535,10,2.84636108417511,valid,0.43764790071556425,0.4952956452711906,0.43894999999999995,100042
GEN,0.456,353,353,offspring,0,0,TINYIMAGENET,449,main_b1000_tinyimagenet_alexnet_GEN_kp50_seed42,0.5,0.456,49,False,0.5,alexnet,False,0,0,1,0.456,442,10,0.456,434,2,0,8,0.5,TINYIMAGENET_alexnet_GEN_accuracy_kp5000_seed42,42,40000,449,42,accuracy,100042,0.456,1,2.731823280286789,30.58221483975649,10,2.731823280286789,valid,0.4521960919735929,0.4915185753507925,0.45599999999999996,100042
GEN,0.456,353,353,offspring,0,0,TINYIMAGENET,450,main_b1000_tinyimagenet_alexnet_GEN_kp50_seed42,0.5,0.43515,49,False,0.5,alexnet,True,4000,2000,2,0.456,442,10,0.456,434,2,0,9,0.5,TINYIMAGENET_alexnet_GEN_accuracy_kp5000_seed42,42,40000,450,42,accuracy,100042,0.43515,1,2.8833373589515685,30.2484719902277,10,2.8833373589515685,valid,0.43619839953095935,0.5009425653109596,0.43515,100042
GEN,0.456,353,353,offspring,0,0,TINYIMAGENET,451,main_b1000_tinyimagenet_alexnet_GEN_kp50_seed42,0.5,0.456,49,False,0.5,alexnet,False,0,0,1,0.456,438,6,0.456,440,8,0,10,0.5,TINYIMAGENET_alexnet_GEN_accuracy_kp5000_seed42,42,40000,451,42,accuracy,100042,0.456,1,2.731823280286789,30.645783066749573,10,2.731823280286789,valid,0.4521960919735929,0.4915185753507925,0.45599999999999996,100042
GEN,0.456,353,353,offspring,0,0,TINYIMAGENET,452,main_b1000_tinyimagenet_alexnet_GEN_kp50_seed42,0.5,0.456,50,False,0.5,alexnet,False,0,0,1,0.456,449,8,0.456,446,5,0,2,0.5,TINYIMAGENET_alexnet_GEN_accuracy_kp5000_seed42,42,40000,452,42,accuracy,100042,0.456,1,2.731823280286789,30.271496161818504,10,2.731823280286789,valid,0.4521960919735929,0.4915185753507925,0.45599999999999996,100042
GEN,0.456,353,353,offspring,0,0,TINYIMAGENET,453,main_b1000_tinyimagenet_alexnet_GEN_kp50_seed42,0.5,0.456,50,False,0.5,alexnet,False,0,0,2,0.456,449,8,0.456,446,5,0,3,0.5,TINYIMAGENET_alexnet_GEN_accuracy_kp5000_seed42,42,40000,453,42,accuracy,100042,0.456,1,2.731823280286789,30.668622463941574,10,2.731823280286789,valid,0.4521960919735929,0.4915185753507925,0.45599999999999996,100042
GEN,0.456,353,353,offspring,0,0,TINYIMAGENET,454,main_b1000_tinyimagenet_alexnet_GEN_kp50_seed42,0.5,0.456,50,False,0.5,alexnet,False,0,0,1,0.456,443,2,0.456,447,6,0,4,0.5,TINYIMAGENET_alexnet_GEN_accuracy_kp5000_seed42,42,40000,454,42,accuracy,100042,0.456,1,2.731823280286789,30.265497475862503,10,2.731823280286789,valid,0.4521960919735929,0.4915185753507925,0.45599999999999996,100042
GEN,0.456,353,353,offspring,0,0,TINYIMAGENET,455,main_b1000_tinyimagenet_alexnet_GEN_kp50_seed42,0.5,0.456,50,False,0.5,alexnet,False,0,0,2,0.456,443,2,0.456,447,6,0,5,0.5,TINYIMAGENET_alexnet_GEN_accuracy_kp5000_seed42,42,40000,455,42,accuracy,100042,0.456,1,2.731823280286789,30.67830651253462,10,2.731823280286789,valid,0.4521960919735929,0.4915185753507925,0.45599999999999996,100042
GEN,0.456,353,353,offspring,0,0,TINYIMAGENET,456,main_b1000_tinyimagenet_alexnet_GEN_kp50_seed42,0.5,0.456,50,False,0.5,alexnet,False,0,0,1,0.456,451,10,0.456,353,1,0,6,0.5,TINYIMAGENET_alexnet_GEN_accuracy_kp5000_seed42,42,40000,456,42,accuracy,100042,0.456,1,2.731823280286789,30.40167548507452,10,2.731823280286789,valid,0.4521960919735929,0.4915185753507925,0.45599999999999996,100042
GEN,0.456,353,353,offspring,0,0,TINYIMAGENET,457,main_b1000_tinyimagenet_alexnet_GEN_kp50_seed42,0.5,0.456,50,False,0.5,alexnet,False,0,0,2,0.456,451,10,0.456,353,1,0,7,0.5,TINYIMAGENET_alexnet_GEN_accuracy_kp5000_seed42,42,40000,457,42,accuracy,100042,0.456,1,2.731823280286789,30.683195367455482,10,2.731823280286789,valid,0.4521960919735929,0.4915185753507925,0.45599999999999996,100042
GEN,0.456,353,353,offspring,0,0,TINYIMAGENET,458,main_b1000_tinyimagenet_alexnet_GEN_kp50_seed42,0.5,0.456,50,False,0.5,alexnet,False,0,0,1,0.456,447,6,0.456,451,10,0,8,0.5,TINYIMAGENET_alexnet_GEN_accuracy_kp5000_seed42,42,40000,458,42,accuracy,100042,0.456,1,2.731823280286789,30.223859786987305,10,2.731823280286789,valid,0.4521960919735929,0.4915185753507925,0.45599999999999996,100042
GEN,0.456,353,353,offspring,0,0,TINYIMAGENET,459,main_b1000_tinyimagenet_alexnet_GEN_kp50_seed42,0.5,0.456,50,False,0.5,alexnet,False,0,0,2,0.456,447,6,0.456,451,10,0,9,0.5,TINYIMAGENET_alexnet_GEN_accuracy_kp5000_seed42,42,40000,459,42,accuracy,100042,0.456,1,2.731823280286789,30.64504275470972,10,2.731823280286789,valid,0.4521960919735929,0.4915185753507925,0.45599999999999996,100042
GEN,0.456,353,353,offspring,0,0,TINYIMAGENET,460,main_b1000_tinyimagenet_alexnet_GEN_kp50_seed42,0.5,0.456,50,False,0.5,alexnet,False,0,0,1,0.456,446,5,0.456,353,1,0,10,0.5,TINYIMAGENET_alexnet_GEN_accuracy_kp5000_seed42,42,40000,460,42,accuracy,100042,0.456,1,2.731823280286789,30.3513490781188,10,2.731823280286789,valid,0.4521960919735929,0.4915185753507925,0.45599999999999996,100042
GEN,0.456,353,353,offspring,0,0,TINYIMAGENET,461,main_b1000_tinyimagenet_alexnet_GEN_kp50_seed42,0.5,0.456,51,False,0.5,alexnet,False,0,0,1,0.456,455,5,0.456,353,1,0,2,0.5,TINYIMAGENET_alexnet_GEN_accuracy_kp5000_seed42,42,40000,461,42,accuracy,100042,0.456,1,2.731823280286789,30.66056165844202,10,2.731823280286789,valid,0.4521960919735929,0.4915185753507925,0.45599999999999996,100042
GEN,0.456,353,353,offspring,0,0,TINYIMAGENET,462,main_b1000_tinyimagenet_alexnet_GEN_kp50_seed42,0.5,0.456,51,False,0.5,alexnet,False,0,0,2,0.456,455,5,0.456,353,1,0,3,0.5,TINYIMAGENET_alexnet_GEN_accuracy_kp5000_seed42,42,40000,462,42,accuracy,100042,0.456,1,2.731823280286789,30.338967390358448,10,2.731823280286789,valid,0.4521960919735929,0.4915185753507925,0.45599999999999996,100042
GEN,0.456,353,353,offspring,0,0,TINYIMAGENET,463,main_b1000_tinyimagenet_alexnet_GEN_kp50_seed42,0.5,0.456,51,False,0.5,alexnet,False,0,0,1,0.456,457,7,0.456,458,8,0,4,0.5,TINYIMAGENET_alexnet_GEN_accuracy_kp5000_seed42,42,40000,463,42,accuracy,100042,0.456,1,2.731823280286789,30.64000203460455,10,2.731823280286789,valid,0.4521960919735929,0.4915185753507925,0.45599999999999996,100042
GEN,0.456,353,353,offspring,0,0,TINYIMAGENET,464,main_b1000_tinyimagenet_alexnet_GEN_kp50_seed42,0.5,0.456,51,False,0.5,alexnet,False,0,0,2,0.456,457,7,0.456,458,8,0,5,0.5,TINYIMAGENET_alexnet_GEN_accuracy_kp5000_seed42,42,40000,464,42,accuracy,100042,0.456,1,2.731823280286789,30.325258001685143,10,2.731823280286789,valid,0.4521960919735929,0.4915185753507925,0.45599999999999996,100042
GEN,0.456,353,353,offspring,0,0,TINYIMAGENET,465,main_b1000_tinyimagenet_alexnet_GEN_kp50_seed42,0.5,0.456,51,False,0.5,alexnet,False,0,0,1,0.456,456,6,0.456,453,3,0,6,0.5,TINYIMAGENET_alexnet_GEN_accuracy_kp5000_seed42,42,40000,465,42,accuracy,100042,0.456,1,2.731823280286789,30.62056455016136,10,2.731823280286789,valid,0.4521960919735929,0.4915185753507925,0.45599999999999996,100042
GEN,0.456,353,353,offspring,0,0,TINYIMAGENET,466,main_b1000_tinyimagenet_alexnet_GEN_kp50_seed42,0.5,0.456,51,False,0.5,alexnet,False,0,0,2,0.456,456,6,0.456,453,3,0,7,0.5,TINYIMAGENET_alexnet_GEN_accuracy_kp5000_seed42,42,40000,466,42,accuracy,100042,0.456,1,2.731823280286789,30.39254219084978,10,2.731823280286789,valid,0.4521960919735929,0.4915185753507925,0.45599999999999996,100042
GEN,0.456,353,353,offspring,0,0,TINYIMAGENET,467,main_b1000_tinyimagenet_alexnet_GEN_kp50_seed42,0.5,0.456,51,False,0.5,alexnet,False,0,0,1,0.456,457,7,0.456,460,10,0,8,0.5,TINYIMAGENET_alexnet_GEN_accuracy_kp5000_seed42,42,40000,467,42,accuracy,100042,0.456,1,2.731823280286789,30.776082515716553,10,2.731823280286789,valid,0.4521960919735929,0.4915185753507925,0.45599999999999996,100042
GEN,0.456,353,353,offspring,0,0,TINYIMAGENET,468,main_b1000_tinyimagenet_alexnet_GEN_kp50_seed42,0.5,0.456,51,False,0.5,alexnet,False,0,0,2,0.456,457,7,0.456,460,10,0,9,0.5,TINYIMAGENET_alexnet_GEN_accuracy_kp5000_seed42,42,40000,468,42,accuracy,100042,0.456,1,2.731823280286789,30.461070351302624,10,2.731823280286789,valid,0.4521960919735929,0.4915185753507925,0.45599999999999996,100042
GEN,0.456,353,353,offspring,0,0,TINYIMAGENET,469,main_b1000_tinyimagenet_alexnet_GEN_kp50_seed42,0.5,0.456,51,False,0.5,alexnet,False,0,0,1,0.456,453,3,0.456,452,2,0,10,0.5,TINYIMAGENET_alexnet_GEN_accuracy_kp5000_seed42,42,40000,469,42,accuracy,100042,0.456,1,2.731823280286789,30.588109463453293,10,2.731823280286789,valid,0.4521960919735929,0.4915185753507925,0.45599999999999996,100042
GEN,0.456,353,353,offspring,0,0,TINYIMAGENET,470,main_b1000_tinyimagenet_alexnet_GEN_kp50_seed42,0.5,0.456,52,False,0.5,alexnet,False,0,0,1,0.456,464,5,0.456,467,8,0,2,0.5,TINYIMAGENET_alexnet_GEN_accuracy_kp5000_seed42,42,40000,470,42,accuracy,100042,0.456,1,2.731823280286789,30.417492657899857,10,2.731823280286789,valid,0.4521960919735929,0.4915185753507925,0.45599999999999996,100042
GEN,0.456,353,353,offspring,0,0,TINYIMAGENET,471,main_b1000_tinyimagenet_alexnet_GEN_kp50_seed42,0.5,0.456,52,False,0.5,alexnet,False,0,0,2,0.456,464,5,0.456,467,8,0,3,0.5,TINYIMAGENET_alexnet_GEN_accuracy_kp5000_seed42,42,40000,471,42,accuracy,100042,0.456,1,2.731823280286789,30.535283215343952,10,2.731823280286789,valid,0.4521960919735929,0.4915185753507925,0.45599999999999996,100042
GEN,0.456,353,353,offspring,0,0,TINYIMAGENET,472,main_b1000_tinyimagenet_alexnet_GEN_kp50_seed42,0.5,0.4412,52,False,0.5,alexnet,True,4000,2000,1,0.456,462,3,0.456,464,5,0,4,0.5,TINYIMAGENET_alexnet_GEN_accuracy_kp5000_seed42,42,40000,472,42,accuracy,100042,0.4412,1,2.8308803233146667,30.450463712215424,10,2.8308803233146667,valid,0.4405608846686434,0.49451554883009785,0.44120000000000004,100042
GEN,0.456,353,353,offspring,0,0,TINYIMAGENET,473,main_b1000_tinyimagenet_alexnet_GEN_kp50_seed42,0.5,0.456,52,False,0.5,alexnet,False,0,0,2,0.456,462,3,0.456,464,5,0,5,0.5,TINYIMAGENET_alexnet_GEN_accuracy_kp5000_seed42,42,40000,473,42,accuracy,100042,0.456,1,2.731823280286789,30.587646044790745,10,2.731823280286789,valid,0.4521960919735929,0.4915185753507925,0.45599999999999996,100042
GEN,0.456,353,353,offspring,0,0,TINYIMAGENET,474,main_b1000_tinyimagenet_alexnet_GEN_kp50_seed42,0.5,0.456,52,False,0.5,alexnet,False,0,0,1,0.456,462,3,0.456,466,7,0,6,0.5,TINYIMAGENET_alexnet_GEN_accuracy_kp5000_seed42,42,40000,474,42,accuracy,100042,0.456,1,2.731823280286789,30.412477061152458,10,2.731823280286789,valid,0.4521960919735929,0.4915185753507925,0.45599999999999996,100042
GEN,0.456,353,353,offspring,0,0,TINYIMAGENET,475,main_b1000_tinyimagenet_alexnet_GEN_kp50_seed42,0.5,0.4292,52,False,0.5,alexnet,True,4000,2000,2,0.456,462,3,0.456,466,7,0,7,0.5,TINYIMAGENET_alexnet_GEN_accuracy_kp5000_seed42,42,40000,475,42,accuracy,100042,0.4292,1,2.9020602705001832,30.600822672247887,10,2.9020602705001832,valid,0.4288599407817382,0.4955630039543631,0.4292,100042
GEN,0.456,353,353,offspring,0,0,TINYIMAGENET,476,main_b1000_tinyimagenet_alexnet_GEN_kp50_seed42,0.5,0.456,52,False,0.5,alexnet,False,0,0,1,0.456,464,5,0.456,468,9,0,8,0.5,TINYIMAGENET_alexnet_GEN_accuracy_kp5000_seed42,42,40000,476,42,accuracy,100042,0.456,1,2.731823280286789,30.486125700175762,10,2.731823280286789,valid,0.4521960919735929,0.4915185753507925,0.45599999999999996,100042
GEN,0.456,353,353,offspring,0,0,TINYIMAGENET,477,main_b1000_tinyimagenet_alexnet_GEN_kp50_seed42,0.5,0.456,52,False,0.5,alexnet,False,0,0,2,0.456,464,5,0.456,468,9,0,9,0.5,TINYIMAGENET_alexnet_GEN_accuracy_kp5000_seed42,42,40000,477,42,accuracy,100042,0.456,1,2.731823280286789,30.597966589033604,10,2.731823280286789,valid,0.4521960919735929,0.4915185753507925,0.45599999999999996,100042
GEN,0.456,353,353,offspring,0,0,TINYIMAGENET,478,main_b1000_tinyimagenet_alexnet_GEN_kp50_seed42,0.5,0.44,52,False,0.5,alexnet,True,4000,2000,1,0.456,353,1,0.456,462,3,0,10,0.5,TINYIMAGENET_alexnet_GEN_accuracy_kp5000_seed42,42,40000,478,42,accuracy,100042,0.44,1,2.8098291767120362,30.501337312161922,10,2.8098291767120362,valid,0.439492398800393,0.49071841167295416,0.44,100042
GEN,0.456,353,353,offspring,0,0,TINYIMAGENET,479,main_b1000_tinyimagenet_alexnet_GEN_kp50_seed42,0.5,0.456,53,False,0.5,alexnet,False,0,0,1,0.456,471,3,0.456,470,2,0,2,0.5,TINYIMAGENET_alexnet_GEN_accuracy_kp5000_seed42,42,40000,479,42,accuracy,100042,0.456,1,2.731823280286789,30.47570662945509,10,2.731823280286789,valid,0.4521960919735929,0.4915185753507925,0.45599999999999996,100042
GEN,0.456,353,353,offspring,0,0,TINYIMAGENET,480,main_b1000_tinyimagenet_alexnet_GEN_kp50_seed42,0.5,0.456,53,False,0.5,alexnet,False,0,0,2,0.456,471,3,0.456,470,2,0,3,0.5,TINYIMAGENET_alexnet_GEN_accuracy_kp5000_seed42,42,40000,480,42,accuracy,100042,0.456,1,2.731823280286789,30.47350850701332,10,2.731823280286789,valid,0.4521960919735929,0.4915185753507925,0.45599999999999996,100042
GEN,0.456,353,353,offspring,0,0,TINYIMAGENET,481,main_b1000_tinyimagenet_alexnet_GEN_kp50_seed42,0.5,0.456,53,False,0.5,alexnet,False,0,0,1,0.456,470,2,0.456,474,6,0,4,0.5,TINYIMAGENET_alexnet_GEN_accuracy_kp5000_seed42,42,40000,481,42,accuracy,100042,0.456,1,2.731823280286789,30.56330857425928,10,2.731823280286789,valid,0.4521960919735929,0.4915185753507925,0.45599999999999996,100042
GEN,0.456,353,353,offspring,0,0,TINYIMAGENET,482,main_b1000_tinyimagenet_alexnet_GEN_kp50_seed42,0.5,0.456,53,False,0.5,alexnet,False,0,0,2,0.456,470,2,0.456,474,6,0,5,0.5,TINYIMAGENET_alexnet_GEN_accuracy_kp5000_seed42,42,40000,482,42,accuracy,100042,0.456,1,2.731823280286789,30.541710019111633,10,2.731823280286789,valid,0.4521960919735929,0.4915185753507925,0.45599999999999996,100042
GEN,0.456,353,353,offspring,0,0,TINYIMAGENET,483,main_b1000_tinyimagenet_alexnet_GEN_kp50_seed42,0.5,0.456,53,False,0.5,alexnet,False,0,0,1,0.456,470,2,0.456,473,5,0,6,0.5,TINYIMAGENET_alexnet_GEN_accuracy_kp5000_seed42,42,40000,483,42,accuracy,100042,0.456,1,2.731823280286789,30.3739233314991,10,2.731823280286789,valid,0.4521960919735929,0.4915185753507925,0.45599999999999996,100042
GEN,0.456,353,353,offspring,0,0,TINYIMAGENET,484,main_b1000_tinyimagenet_alexnet_GEN_kp50_seed42,0.5,0.456,53,False,0.5,alexnet,False,0,0,2,0.456,470,2,0.456,473,5,0,7,0.5,TINYIMAGENET_alexnet_GEN_accuracy_kp5000_seed42,42,40000,484,42,accuracy,100042,0.456,1,2.731823280286789,30.572114199399948,10,2.731823280286789,valid,0.4521960919735929,0.4915185753507925,0.45599999999999996,100042
GEN,0.456,353,353,offspring,0,0,TINYIMAGENET,485,main_b1000_tinyimagenet_alexnet_GEN_kp50_seed42,0.5,0.456,53,False,0.5,alexnet,False,0,0,1,0.456,470,2,0.456,353,1,0,8,0.5,TINYIMAGENET_alexnet_GEN_accuracy_kp5000_seed42,42,40000,485,42,accuracy,100042,0.456,1,2.731823280286789,30.381390161812305,10,2.731823280286789,valid,0.4521960919735929,0.4915185753507925,0.45599999999999996,100042
GEN,0.456,353,353,offspring,0,0,TINYIMAGENET,486,main_b1000_tinyimagenet_alexnet_GEN_kp50_seed42,0.5,0.456,53,False,0.5,alexnet,False,0,0,2,0.456,470,2,0.456,353,1,0,9,0.5,TINYIMAGENET_alexnet_GEN_accuracy_kp5000_seed42,42,40000,486,42,accuracy,100042,0.456,1,2.731823280286789,30.674635402858257,10,2.731823280286789,valid,0.4521960919735929,0.4915185753507925,0.45599999999999996,100042
GEN,0.456,353,353,offspring,0,0,TINYIMAGENET,487,main_b1000_tinyimagenet_alexnet_GEN_kp50_seed42,0.5,0.456,53,False,0.5,alexnet,False,0,0,1,0.456,470,2,0.456,473,5,0,10,0.5,TINYIMAGENET_alexnet_GEN_accuracy_kp5000_seed42,42,40000,487,42,accuracy,100042,0.456,1,2.731823280286789,30.358168326318264,10,2.731823280286789,valid,0.4521960919735929,0.4915185753507925,0.45599999999999996,100042
GEN,0.456,353,353,offspring,0,0,TINYIMAGENET,488,main_b1000_tinyimagenet_alexnet_GEN_kp50_seed42,0.5,0.43175,54,False,0.5,alexnet,True,4000,2000,1,0.456,480,3,0.456,487,10,0,2,0.5,TINYIMAGENET_alexnet_GEN_accuracy_kp5000_seed42,42,40000,488,42,accuracy,100042,0.43175,1,2.8671572676181794,30.607169933617115,10,2.8671572676181794,valid,0.43192735004385424,0.49906917758059227,0.43174999999999997,100042
GEN,0.456,353,353,offspring,0,0,TINYIMAGENET,489,main_b1000_tinyimagenet_alexnet_GEN_kp50_seed42,0.5,0.456,54,False,0.5,alexnet,False,0,0,2,0.456,480,3,0.456,487,10,0,3,0.5,TINYIMAGENET_alexnet_GEN_accuracy_kp5000_seed42,42,40000,489,42,accuracy,100042,0.456,1,2.731823280286789,30.303631767630577,10,2.731823280286789,valid,0.4521960919735929,0.4915185753507925,0.45599999999999996,100042
GEN,0.456,353,353,offspring,0,0,TINYIMAGENET,490,main_b1000_tinyimagenet_alexnet_GEN_kp50_seed42,0.5,0.43355,54,False,0.5,alexnet,True,4000,2000,1,0.456,487,10,0.456,486,9,0,4,0.5,TINYIMAGENET_alexnet_GEN_accuracy_kp5000_seed42,42,40000,490,42,accuracy,100042,0.43355,1,2.8732875305175782,30.72248215228319,10,2.8732875305175782,valid,0.43268909232979735,0.4983880415765992,0.43355,100042
GEN,0.456,353,353,offspring,0,0,TINYIMAGENET,491,main_b1000_tinyimagenet_alexnet_GEN_kp50_seed42,0.5,0.456,54,False,0.5,alexnet,False,0,0,2,0.456,487,10,0.456,486,9,0,5,0.5,TINYIMAGENET_alexnet_GEN_accuracy_kp5000_seed42,42,40000,491,42,accuracy,100042,0.456,1,2.731823280286789,30.410435892641544,10,2.731823280286789,valid,0.4521960919735929,0.4915185753507925,0.45599999999999996,100042
GEN,0.456,353,353,offspring,0,0,TINYIMAGENET,492,main_b1000_tinyimagenet_alexnet_GEN_kp50_seed42,0.5,0.456,54,False,0.5,alexnet,False,0,0,1,0.456,480,3,0.456,483,6,0,6,0.5,TINYIMAGENET_alexnet_GEN_accuracy_kp5000_seed42,42,40000,492,42,accuracy,100042,0.456,1,2.731823280286789,30.799759075045586,10,2.731823280286789,valid,0.4521960919735929,0.4915185753507925,0.45599999999999996,100042
GEN,0.456,353,353,offspring,0,0,TINYIMAGENET,493,main_b1000_tinyimagenet_alexnet_GEN_kp50_seed42,0.5,0.456,54,False,0.5,alexnet,False,0,0,2,0.456,480,3,0.456,483,6,0,7,0.5,TINYIMAGENET_alexnet_GEN_accuracy_kp5000_seed42,42,40000,493,42,accuracy,100042,0.456,1,2.731823280286789,30.224641054868698,10,2.731823280286789,valid,0.4521960919735929,0.4915185753507925,0.45599999999999996,100042
GEN,0.456,353,353,offspring,0,0,TINYIMAGENET,494,main_b1000_tinyimagenet_alexnet_GEN_kp50_seed42,0.5,0.456,54,False,0.5,alexnet,False,0,0,1,0.456,487,10,0.456,353,1,0,8,0.5,TINYIMAGENET_alexnet_GEN_accuracy_kp5000_seed42,42,40000,494,42,accuracy,100042,0.456,1,2.731823280286789,30.72796144336462,10,2.731823280286789,valid,0.4521960919735929,0.4915185753507925,0.45599999999999996,100042
GEN,0.456,353,353,offspring,0,0,TINYIMAGENET,495,main_b1000_tinyimagenet_alexnet_GEN_kp50_seed42,0.5,0.4439,54,False,0.5,alexnet,True,4000,2000,2,0.456,487,10,0.456,353,1,0,9,0.5,TINYIMAGENET_alexnet_GEN_accuracy_kp5000_seed42,42,40000,495,42,accuracy,100042,0.4439,1,2.788851536369324,30.24699018150568,10,2.788851536369324,valid,0.4443825516850839,0.4962382992162756,0.4439,100042
GEN,0.456,353,353,offspring,0,0,TINYIMAGENET,496,main_b1000_tinyimagenet_alexnet_GEN_kp50_seed42,0.5,0.456,54,False,0.5,alexnet,False,0,0,1,0.456,353,1,0.456,480,3,0,10,0.5,TINYIMAGENET_alexnet_GEN_accuracy_kp5000_seed42,42,40000,496,42,accuracy,100042,0.456,1,2.731823280286789,30.769429847598076,10,2.731823280286789,valid,0.4521960919735929,0.4915185753507925,0.45599999999999996,100042
GEN,0.456,353,353,offspring,0,0,TINYIMAGENET,497,main_b1000_tinyimagenet_alexnet_GEN_kp50_seed42,0.5,0.456,55,False,0.5,alexnet,False,0,0,1,0.456,494,8,0.456,493,7,0,2,0.5,TINYIMAGENET_alexnet_GEN_accuracy_kp5000_seed42,42,40000,497,42,accuracy,100042,0.456,1,2.731823280286789,30.136528946459293,10,2.731823280286789,valid,0.4521960919735929,0.4915185753507925,0.45599999999999996,100042
GEN,0.456,353,353,offspring,0,0,TINYIMAGENET,498,main_b1000_tinyimagenet_alexnet_GEN_kp50_seed42,0.5,0.456,55,False,0.5,alexnet,False,0,0,2,0.456,494,8,0.456,493,7,0,3,0.5,TINYIMAGENET_alexnet_GEN_accuracy_kp5000_seed42,42,40000,498,42,accuracy,100042,0.456,1,2.731823280286789,30.69491795450449,10,2.731823280286789,valid,0.4521960919735929,0.4915185753507925,0.45599999999999996,100042
GEN,0.456,353,353,offspring,0,0,TINYIMAGENET,499,main_b1000_tinyimagenet_alexnet_GEN_kp50_seed42,0.5,0.456,55,False,0.5,alexnet,False,0,0,1,0.456,491,5,0.456,493,7,0,4,0.5,TINYIMAGENET_alexnet_GEN_accuracy_kp5000_seed42,42,40000,499,42,accuracy,100042,0.456,1,2.731823280286789,30.226321421563625,10,2.731823280286789,valid,0.4521960919735929,0.4915185753507925,0.45599999999999996,100042
GEN,0.456,353,353,offspring,0,0,TINYIMAGENET,500,main_b1000_tinyimagenet_alexnet_GEN_kp50_seed42,0.5,0.456,55,False,0.5,alexnet,False,0,0,2,0.456,491,5,0.456,493,7,0,5,0.5,TINYIMAGENET_alexnet_GEN_accuracy_kp5000_seed42,42,40000,500,42,accuracy,100042,0.456,1,2.731823280286789,30.821371346712112,10,2.731823280286789,valid,0.4521960919735929,0.4915185753507925,0.45599999999999996,100042
GEN,0.456,353,353,offspring,0,0,TINYIMAGENET,501,main_b1000_tinyimagenet_alexnet_GEN_kp50_seed42,0.5,0.456,55,False,0.5,alexnet,False,0,0,1,0.456,493,7,0.456,491,5,0,6,0.5,TINYIMAGENET_alexnet_GEN_accuracy_kp5000_seed42,42,40000,501,42,accuracy,100042,0.456,1,2.731823280286789,30.214741192758083,10,2.731823280286789,valid,0.4521960919735929,0.4915185753507925,0.45599999999999996,100042
GEN,0.456,353,353,offspring,0,0,TINYIMAGENET,502,main_b1000_tinyimagenet_alexnet_GEN_kp50_seed42,0.5,0.456,55,False,0.5,alexnet,False,0,0,2,0.456,493,7,0.456,491,5,0,7,0.5,TINYIMAGENET_alexnet_GEN_accuracy_kp5000_seed42,42,40000,502,42,accuracy,100042,0.456,1,2.731823280286789,30.87543299049139,10,2.731823280286789,valid,0.4521960919735929,0.4915185753507925,0.45599999999999996,100042
GEN,0.456,353,353,offspring,0,0,TINYIMAGENET,503,main_b1000_tinyimagenet_alexnet_GEN_kp50_seed42,0.5,0.456,55,False,0.5,alexnet,False,0,0,1,0.456,492,6,0.456,496,10,0,8,0.5,TINYIMAGENET_alexnet_GEN_accuracy_kp5000_seed42,42,40000,503,42,accuracy,100042,0.456,1,2.731823280286789,30.20695999264717,10,2.731823280286789,valid,0.4521960919735929,0.4915185753507925,0.45599999999999996,100042
GEN,0.456,353,353,offspring,0,0,TINYIMAGENET,504,main_b1000_tinyimagenet_alexnet_GEN_kp50_seed42,0.5,0.456,55,False,0.5,alexnet,False,0,0,2,0.456,492,6,0.456,496,10,0,9,0.5,TINYIMAGENET_alexnet_GEN_accuracy_kp5000_seed42,42,40000,504,42,accuracy,100042,0.456,1,2.731823280286789,30.930770464241505,10,2.731823280286789,valid,0.4521960919735929,0.4915185753507925,0.45599999999999996,100042
GEN,0.456,353,353,offspring,0,0,TINYIMAGENET,505,main_b1000_tinyimagenet_alexnet_GEN_kp50_seed42,0.5,0.456,55,False,0.5,alexnet,False,0,0,1,0.456,491,5,0.456,496,10,0,10,0.5,TINYIMAGENET_alexnet_GEN_accuracy_kp5000_seed42,42,40000,505,42,accuracy,100042,0.456,1,2.731823280286789,30.2452400252223,10,2.731823280286789,valid,0.4521960919735929,0.4915185753507925,0.45599999999999996,100042
GEN,0.456,353,353,offspring,0,0,TINYIMAGENET,506,main_b1000_tinyimagenet_alexnet_GEN_kp50_seed42,0.5,0.456,56,False,0.5,alexnet,False,0,0,1,0.456,501,6,0.456,503,8,0,2,0.5,TINYIMAGENET_alexnet_GEN_accuracy_kp5000_seed42,42,40000,506,42,accuracy,100042,0.456,1,2.731823280286789,30.813408061861992,10,2.731823280286789,valid,0.4521960919735929,0.4915185753507925,0.45599999999999996,100042
GEN,0.456,353,353,offspring,0,0,TINYIMAGENET,507,main_b1000_tinyimagenet_alexnet_GEN_kp50_seed42,0.5,0.456,56,False,0.5,alexnet,False,0,0,2,0.456,501,6,0.456,503,8,0,3,0.5,TINYIMAGENET_alexnet_GEN_accuracy_kp5000_seed42,42,40000,507,42,accuracy,100042,0.456,1,2.731823280286789,30.241942584514618,10,2.731823280286789,valid,0.4521960919735929,0.4915185753507925,0.45599999999999996,100042
GEN,0.456,353,353,offspring,0,0,TINYIMAGENET,508,main_b1000_tinyimagenet_alexnet_GEN_kp50_seed42,0.5,0.456,56,False,0.5,alexnet,False,0,0,1,0.456,501,6,0.456,505,10,0,4,0.5,TINYIMAGENET_alexnet_GEN_accuracy_kp5000_seed42,42,40000,508,42,accuracy,100042,0.456,1,2.731823280286789,30.747142106294632,10,2.731823280286789,valid,0.4521960919735929,0.4915185753507925,0.45599999999999996,100042
GEN,0.456,353,353,offspring,0,0,TINYIMAGENET,509,main_b1000_tinyimagenet_alexnet_GEN_kp50_seed42,0.5,0.456,56,False,0.5,alexnet,False,0,0,2,0.456,501,6,0.456,505,10,0,5,0.5,TINYIMAGENET_alexnet_GEN_accuracy_kp5000_seed42,42,40000,509,42,accuracy,100042,0.456,1,2.731823280286789,30.075499802827835,10,2.731823280286789,valid,0.4521960919735929,0.4915185753507925,0.45599999999999996,100042
GEN,0.456,353,353,offspring,0,0,TINYIMAGENET,510,main_b1000_tinyimagenet_alexnet_GEN_kp50_seed42,0.5,0.456,56,False,0.5,alexnet,False,0,0,1,0.456,502,7,0.456,498,3,0,6,0.5,TINYIMAGENET_alexnet_GEN_accuracy_kp5000_seed42,42,40000,510,42,accuracy,100042,0.456,1,2.731823280286789,30.705909363925457,10,2.731823280286789,valid,0.4521960919735929,0.4915185753507925,0.45599999999999996,100042
GEN,0.456,353,353,offspring,0,0,TINYIMAGENET,511,main_b1000_tinyimagenet_alexnet_GEN_kp50_seed42,0.5,0.456,56,False,0.5,alexnet,False,0,0,2,0.456,502,7,0.456,498,3,0,7,0.5,TINYIMAGENET_alexnet_GEN_accuracy_kp5000_seed42,42,40000,511,42,accuracy,100042,0.456,1,2.731823280286789,30.010982140898705,10,2.731823280286789,valid,0.4521960919735929,0.4915185753507925,0.45599999999999996,100042
GEN,0.456,353,353,offspring,0,0,TINYIMAGENET,512,main_b1000_tinyimagenet_alexnet_GEN_kp50_seed42,0.5,0.456,56,False,0.5,alexnet,False,0,0,1,0.456,497,2,0.456,503,8,0,8,0.5,TINYIMAGENET_alexnet_GEN_accuracy_kp5000_seed42,42,40000,512,42,accuracy,100042,0.456,1,2.731823280286789,30.806186482310295,10,2.731823280286789,valid,0.4521960919735929,0.4915185753507925,0.45599999999999996,100042
GEN,0.456,353,353,offspring,0,0,TINYIMAGENET,513,main_b1000_tinyimagenet_alexnet_GEN_kp50_seed42,0.5,0.456,56,False,0.5,alexnet,False,0,0,2,0.456,497,2,0.456,503,8,0,9,0.5,TINYIMAGENET_alexnet_GEN_accuracy_kp5000_seed42,42,40000,513,42,accuracy,100042,0.456,1,2.731823280286789,30.16979144513607,10,2.731823280286789,valid,0.4521960919735929,0.4915185753507925,0.45599999999999996,100042
GEN,0.456,353,353,offspring,0,0,TINYIMAGENET,514,main_b1000_tinyimagenet_alexnet_GEN_kp50_seed42,0.5,0.456,56,False,0.5,alexnet,False,0,0,1,0.456,501,6,0.456,504,9,0,10,0.5,TINYIMAGENET_alexnet_GEN_accuracy_kp5000_seed42,42,40000,514,42,accuracy,100042,0.456,1,2.731823280286789,30.86893615871668,10,2.731823280286789,valid,0.4521960919735929,0.4915185753507925,0.45599999999999996,100042
GEN,0.456,353,353,offspring,0,0,TINYIMAGENET,515,main_b1000_tinyimagenet_alexnet_GEN_kp50_seed42,0.5,0.456,57,False,0.5,alexnet,False,0,0,1,0.456,506,2,0.456,512,8,0,2,0.5,TINYIMAGENET_alexnet_GEN_accuracy_kp5000_seed42,42,40000,515,42,accuracy,100042,0.456,1,2.731823280286789,30.206712119281292,10,2.731823280286789,valid,0.4521960919735929,0.4915185753507925,0.45599999999999996,100042
GEN,0.456,353,353,offspring,0,0,TINYIMAGENET,516,main_b1000_tinyimagenet_alexnet_GEN_kp50_seed42,0.5,0.456,57,False,0.5,alexnet,False,0,0,2,0.456,506,2,0.456,512,8,0,3,0.5,TINYIMAGENET_alexnet_GEN_accuracy_kp5000_seed42,42,40000,516,42,accuracy,100042,0.456,1,2.731823280286789,30.85820909589529,10,2.731823280286789,valid,0.4521960919735929,0.4915185753507925,0.45599999999999996,100042
GEN,0.456,353,353,offspring,0,0,TINYIMAGENET,517,main_b1000_tinyimagenet_alexnet_GEN_kp50_seed42,0.5,0.456,57,False,0.5,alexnet,False,0,0,1,0.456,506,2,0.456,512,8,0,4,0.5,TINYIMAGENET_alexnet_GEN_accuracy_kp5000_seed42,42,40000,517,42,accuracy,100042,0.456,1,2.731823280286789,30.170755848288536,10,2.731823280286789,valid,0.4521960919735929,0.4915185753507925,0.45599999999999996,100042
GEN,0.456,353,353,offspring,0,0,TINYIMAGENET,518,main_b1000_tinyimagenet_alexnet_GEN_kp50_seed42,0.5,0.456,57,False,0.5,alexnet,False,0,0,2,0.456,506,2,0.456,512,8,0,5,0.5,TINYIMAGENET_alexnet_GEN_accuracy_kp5000_seed42,42,40000,518,42,accuracy,100042,0.456,1,2.731823280286789,30.825173765420914,10,2.731823280286789,valid,0.4521960919735929,0.4915185753507925,0.45599999999999996,100042
GEN,0.456,353,353,offspring,0,0,TINYIMAGENET,519,main_b1000_tinyimagenet_alexnet_GEN_kp50_seed42,0.5,0.456,57,False,0.5,alexnet,False,0,0,1,0.456,509,5,0.456,353,1,0,6,0.5,TINYIMAGENET_alexnet_GEN_accuracy_kp5000_seed42,42,40000,519,42,accuracy,100042,0.456,1,2.731823280286789,30.074769660830498,10,2.731823280286789,valid,0.4521960919735929,0.4915185753507925,0.45599999999999996,100042
GEN,0.456,353,353,offspring,0,0,TINYIMAGENET,520,main_b1000_tinyimagenet_alexnet_GEN_kp50_seed42,0.5,0.456,57,False,0.5,alexnet,False,0,0,2,0.456,509,5,0.456,353,1,0,7,0.5,TINYIMAGENET_alexnet_GEN_accuracy_kp5000_seed42,42,40000,520,42,accuracy,100042,0.456,1,2.731823280286789,30.71613498032093,10,2.731823280286789,valid,0.4521960919735929,0.4915185753507925,0.45599999999999996,100042
GEN,0.456,353,353,offspring,0,0,TINYIMAGENET,521,main_b1000_tinyimagenet_alexnet_GEN_kp50_seed42,0.5,0.456,57,False,0.5,alexnet,False,0,0,1,0.456,514,10,0.456,506,2,0,8,0.5,TINYIMAGENET_alexnet_GEN_accuracy_kp5000_seed42,42,40000,521,42,accuracy,100042,0.456,1,2.731823280286789,30.14512950927019,10,2.731823280286789,valid,0.4521960919735929,0.4915185753507925,0.45599999999999996,100042
GEN,0.456,353,353,offspring,0,0,TINYIMAGENET,522,main_b1000_tinyimagenet_alexnet_GEN_kp50_seed42,0.5,0.44495,57,False,0.5,alexnet,True,4000,2000,2,0.456,514,10,0.456,506,2,0,9,0.5,TINYIMAGENET_alexnet_GEN_accuracy_kp5000_seed42,42,40000,522,42,accuracy,100042,0.44495,1,2.8014938848495485,30.66813623905182,10,2.8014938848495485,valid,0.44388782789062536,0.4898634633110721,0.44495000000000007,100042
GEN,0.456,353,353,offspring,0,0,TINYIMAGENET,523,main_b1000_tinyimagenet_alexnet_GEN_kp50_seed42,0.5,0.456,57,False,0.5,alexnet,False,0,0,1,0.456,513,9,0.456,353,1,0,10,0.5,TINYIMAGENET_alexnet_GEN_accuracy_kp5000_seed42,42,40000,523,42,accuracy,100042,0.456,1,2.731823280286789,30.183215111494064,10,2.731823280286789,valid,0.4521960919735929,0.4915185753507925,0.45599999999999996,100042
GEN,0.456,353,353,offspring,0,0,TINYIMAGENET,524,main_b1000_tinyimagenet_alexnet_GEN_kp50_seed42,0.5,0.43915,58,False,0.5,alexnet,True,4000,2000,1,0.456,521,8,0.456,353,1,0,2,0.5,TINYIMAGENET_alexnet_GEN_accuracy_kp5000_seed42,42,40000,524,42,accuracy,100042,0.43915,1,2.8561027138233186,30.75464279949665,10,2.8561027138233186,valid,0.4389187393772474,0.4956527705086005,0.43915000000000004,100042
GEN,0.456,353,353,offspring,0,0,TINYIMAGENET,525,main_b1000_tinyimagenet_alexnet_GEN_kp50_seed42,0.5,0.456,58,False,0.5,alexnet,False,0,0,2,0.456,521,8,0.456,353,1,0,3,0.5,TINYIMAGENET_alexnet_GEN_accuracy_kp5000_seed42,42,40000,525,42,accuracy,100042,0.456,1,2.731823280286789,30.106903344392776,10,2.731823280286789,valid,0.4521960919735929,0.4915185753507925,0.45599999999999996,100042
GEN,0.456,353,353,offspring,0,0,TINYIMAGENET,526,main_b1000_tinyimagenet_alexnet_GEN_kp50_seed42,0.5,0.456,58,False,0.5,alexnet,False,0,0,1,0.456,523,10,0.456,515,2,0,4,0.5,TINYIMAGENET_alexnet_GEN_accuracy_kp5000_seed42,42,40000,526,42,accuracy,100042,0.456,1,2.731823280286789,30.68646890670061,10,2.731823280286789,valid,0.4521960919735929,0.4915185753507925,0.45599999999999996,100042
GEN,0.456,353,353,offspring,0,0,TINYIMAGENET,527,main_b1000_tinyimagenet_alexnet_GEN_kp50_seed42,0.5,0.456,58,False,0.5,alexnet,False,0,0,2,0.456,523,10,0.456,515,2,0,5,0.5,TINYIMAGENET_alexnet_GEN_accuracy_kp5000_seed42,42,40000,527,42,accuracy,100042,0.456,1,2.731823280286789,30.231351599097252,10,2.731823280286789,valid,0.4521960919735929,0.4915185753507925,0.45599999999999996,100042
GEN,0.456,353,353,offspring,0,0,TINYIMAGENET,528,main_b1000_tinyimagenet_alexnet_GEN_kp50_seed42,0.5,0.456,58,False,0.5,alexnet,False,0,0,1,0.456,518,5,0.456,520,7,0,6,0.5,TINYIMAGENET_alexnet_GEN_accuracy_kp5000_seed42,42,40000,528,42,accuracy,100042,0.456,1,2.731823280286789,30.643917232751846,10,2.731823280286789,valid,0.4521960919735929,0.4915185753507925,0.45599999999999996,100042
GEN,0.456,353,353,offspring,0,0,TINYIMAGENET,529,main_b1000_tinyimagenet_alexnet_GEN_kp50_seed42,0.5,0.456,58,False,0.5,alexnet,False,0,0,2,0.456,518,5,0.456,520,7,0,7,0.5,TINYIMAGENET_alexnet_GEN_accuracy_kp5000_seed42,42,40000,529,42,accuracy,100042,0.456,1,2.731823280286789,30.19744373857975,10,2.731823280286789,valid,0.4521960919735929,0.4915185753507925,0.45599999999999996,100042
GEN,0.456,353,353,offspring,0,0,TINYIMAGENET,530,main_b1000_tinyimagenet_alexnet_GEN_kp50_seed42,0.5,0.456,58,False,0.5,alexnet,False,0,0,1,0.456,523,10,0.456,518,5,0,8,0.5,TINYIMAGENET_alexnet_GEN_accuracy_kp5000_seed42,42,40000,530,42,accuracy,100042,0.456,1,2.731823280286789,30.709150090813637,10,2.731823280286789,valid,0.4521960919735929,0.4915185753507925,0.45599999999999996,100042
GEN,0.456,353,353,offspring,0,0,TINYIMAGENET,531,main_b1000_tinyimagenet_alexnet_GEN_kp50_seed42,0.5,0.456,58,False,0.5,alexnet,False,0,0,2,0.456,523,10,0.456,518,5,0,9,0.5,TINYIMAGENET_alexnet_GEN_accuracy_kp5000_seed42,42,40000,531,42,accuracy,100042,0.456,1,2.731823280286789,30.26427413523197,10,2.731823280286789,valid,0.4521960919735929,0.4915185753507925,0.45599999999999996,100042
GEN,0.456,353,353,offspring,0,0,TINYIMAGENET,532,main_b1000_tinyimagenet_alexnet_GEN_kp50_seed42,0.5,0.43715,58,False,0.5,alexnet,True,4000,2000,1,0.456,518,5,0.456,523,10,0,10,0.5,TINYIMAGENET_alexnet_GEN_accuracy_kp5000_seed42,42,40000,532,42,accuracy,100042,0.43715,1,2.8707961317539215,30.771861635148525,10,2.8707961317539215,valid,0.4339778687489488,0.5017832673958648,0.43715000000000004,100042
GEN,0.456,353,353,offspring,0,0,TINYIMAGENET,533,main_b1000_tinyimagenet_alexnet_GEN_kp50_seed42,0.5,0.456,59,False,0.5,alexnet,False,0,0,1,0.456,527,5,0.456,353,1,0,2,0.5,TINYIMAGENET_alexnet_GEN_accuracy_kp5000_seed42,42,40000,533,42,accuracy,100042,0.456,1,2.731823280286789,30.11571964621544,10,2.731823280286789,valid,0.4521960919735929,0.4915185753507925,0.45599999999999996,100042
GEN,0.456,353,353,offspring,0,0,TINYIMAGENET,534,main_b1000_tinyimagenet_alexnet_GEN_kp50_seed42,0.5,0.456,59,False,0.5,alexnet,False,0,0,2,0.456,527,5,0.456,353,1,0,3,0.5,TINYIMAGENET_alexnet_GEN_accuracy_kp5000_seed42,42,40000,534,42,accuracy,100042,0.456,1,2.731823280286789,30.63496208190918,10,2.731823280286789,valid,0.4521960919735929,0.4915185753507925,0.45599999999999996,100042
GEN,0.456,353,353,offspring,0,0,TINYIMAGENET,535,main_b1000_tinyimagenet_alexnet_GEN_kp50_seed42,0.5,0.456,59,False,0.5,alexnet,False,0,0,1,0.456,529,7,0.456,530,8,0,4,0.5,TINYIMAGENET_alexnet_GEN_accuracy_kp5000_seed42,42,40000,535,42,accuracy,100042,0.456,1,2.731823280286789,30.21908810734749,10,2.731823280286789,valid,0.4521960919735929,0.4915185753507925,0.45599999999999996,100042
GEN,0.456,353,353,offspring,0,0,TINYIMAGENET,536,main_b1000_tinyimagenet_alexnet_GEN_kp50_seed42,0.5,0.456,59,False,0.5,alexnet,False,0,0,2,0.456,529,7,0.456,530,8,0,5,0.5,TINYIMAGENET_alexnet_GEN_accuracy_kp5000_seed42,42,40000,536,42,accuracy,100042,0.456,1,2.731823280286789,30.75222370773554,10,2.731823280286789,valid,0.4521960919735929,0.4915185753507925,0.45599999999999996,100042
GEN,0.456,353,353,offspring,0,0,TINYIMAGENET,537,main_b1000_tinyimagenet_alexnet_GEN_kp50_seed42,0.5,0.456,59,False,0.5,alexnet,False,0,0,1,0.456,529,7,0.456,531,9,0,6,0.5,TINYIMAGENET_alexnet_GEN_accuracy_kp5000_seed42,42,40000,537,42,accuracy,100042,0.456,1,2.731823280286789,30.182874739170074,10,2.731823280286789,valid,0.4521960919735929,0.4915185753507925,0.45599999999999996,100042
GEN,0.456,353,353,offspring,0,0,TINYIMAGENET,538,main_b1000_tinyimagenet_alexnet_GEN_kp50_seed42,0.5,0.456,59,False,0.5,alexnet,False,0,0,2,0.456,529,7,0.456,531,9,0,7,0.5,TINYIMAGENET_alexnet_GEN_accuracy_kp5000_seed42,42,40000,538,42,accuracy,100042,0.456,1,2.731823280286789,30.62379490584135,10,2.731823280286789,valid,0.4521960919735929,0.4915185753507925,0.45599999999999996,100042
GEN,0.456,353,353,offspring,0,0,TINYIMAGENET,539,main_b1000_tinyimagenet_alexnet_GEN_kp50_seed42,0.5,0.436,59,False,0.5,alexnet,True,4000,2000,1,0.456,529,7,0.456,353,1,0,8,0.5,TINYIMAGENET_alexnet_GEN_accuracy_kp5000_seed42,42,40000,539,42,accuracy,100042,0.436,1,2.8620681596755984,30.100478760898113,10,2.8620681596755984,valid,0.4329325865139718,0.48362232862819526,0.43599999999999994,100042
GEN,0.456,353,353,offspring,0,0,TINYIMAGENET,540,main_b1000_tinyimagenet_alexnet_GEN_kp50_seed42,0.5,0.456,59,False,0.5,alexnet,False,0,0,2,0.456,529,7,0.456,353,1,0,9,0.5,TINYIMAGENET_alexnet_GEN_accuracy_kp5000_seed42,42,40000,540,42,accuracy,100042,0.456,1,2.731823280286789,30.661647506058216,10,2.731823280286789,valid,0.4521960919735929,0.4915185753507925,0.45599999999999996,100042
GEN,0.456,353,353,offspring,0,0,TINYIMAGENET,541,main_b1000_tinyimagenet_alexnet_GEN_kp50_seed42,0.5,0.456,59,False,0.5,alexnet,False,0,0,1,0.456,529,7,0.456,528,6,0,10,0.5,TINYIMAGENET_alexnet_GEN_accuracy_kp5000_seed42,42,40000,541,42,accuracy,100042,0.456,1,2.731823280286789,30.099574327468872,10,2.731823280286789,valid,0.4521960919735929,0.4915185753507925,0.45599999999999996,100042
GEN,0.456,353,353,offspring,0,0,TINYIMAGENET,542,main_b1000_tinyimagenet_alexnet_GEN_kp50_seed42,0.5,0.456,60,False,0.5,alexnet,False,0,0,1,0.456,540,9,0.456,533,2,0,2,0.5,TINYIMAGENET_alexnet_GEN_accuracy_kp5000_seed42,42,40000,542,42,accuracy,100042,0.456,1,2.731823280286789,30.684590876102448,10,2.731823280286789,valid,0.4521960919735929,0.4915185753507925,0.45599999999999996,100042
GEN,0.456,353,353,offspring,0,0,TINYIMAGENET,543,main_b1000_tinyimagenet_alexnet_GEN_kp50_seed42,0.5,0.4327,60,False,0.5,alexnet,True,4000,2000,2,0.456,540,9,0.456,533,2,0,3,0.5,TINYIMAGENET_alexnet_GEN_accuracy_kp5000_seed42,42,40000,543,42,accuracy,100042,0.4327,1,2.87152346663475,30.14200907200575,10,2.87152346663475,valid,0.4335060627339848,0.4990977194428167,0.4327,100042
GEN,0.456,353,353,offspring,0,0,TINYIMAGENET,544,main_b1000_tinyimagenet_alexnet_GEN_kp50_seed42,0.5,0.456,60,False,0.5,alexnet,False,0,0,1,0.456,353,1,0.456,536,5,0,4,0.5,TINYIMAGENET_alexnet_GEN_accuracy_kp5000_seed42,42,40000,544,42,accuracy,100042,0.456,1,2.731823280286789,30.691054835915565,10,2.731823280286789,valid,0.4521960919735929,0.4915185753507925,0.45599999999999996,100042
GEN,0.456,353,353,offspring,0,0,TINYIMAGENET,545,main_b1000_tinyimagenet_alexnet_GEN_kp50_seed42,0.5,0.456,60,False,0.5,alexnet,False,0,0,2,0.456,353,1,0.456,536,5,0,5,0.5,TINYIMAGENET_alexnet_GEN_accuracy_kp5000_seed42,42,40000,545,42,accuracy,100042,0.456,1,2.731823280286789,30.158775843679905,10,2.731823280286789,valid,0.4521960919735929,0.4915185753507925,0.45599999999999996,100042
GEN,0.456,353,353,offspring,0,0,TINYIMAGENET,546,main_b1000_tinyimagenet_alexnet_GEN_kp50_seed42,0.5,0.456,60,False,0.5,alexnet,False,0,0,1,0.456,353,1,0.456,533,2,0,6,0.5,TINYIMAGENET_alexnet_GEN_accuracy_kp5000_seed42,42,40000,546,42,accuracy,100042,0.456,1,2.731823280286789,30.5885868370533,10,2.731823280286789,valid,0.4521960919735929,0.4915185753507925,0.45599999999999996,100042
GEN,0.456,353,353,offspring,0,0,TINYIMAGENET,547,main_b1000_tinyimagenet_alexnet_GEN_kp50_seed42,0.5,0.456,60,False,0.5,alexnet,False,0,0,2,0.456,353,1,0.456,533,2,0,7,0.5,TINYIMAGENET_alexnet_GEN_accuracy_kp5000_seed42,42,40000,547,42,accuracy,100042,0.456,1,2.731823280286789,30.225598894059658,10,2.731823280286789,valid,0.4521960919735929,0.4915185753507925,0.45599999999999996,100042
GEN,0.456,353,353,offspring,0,0,TINYIMAGENET,548,main_b1000_tinyimagenet_alexnet_GEN_kp50_seed42,0.5,0.456,60,False,0.5,alexnet,False,0,0,1,0.456,537,6,0.456,353,1,0,8,0.5,TINYIMAGENET_alexnet_GEN_accuracy_kp5000_seed42,42,40000,548,42,accuracy,100042,0.456,1,2.731823280286789,30.515325501561165,10,2.731823280286789,valid,0.4521960919735929,0.4915185753507925,0.45599999999999996,100042
GEN,0.456,353,353,offspring,0,0,TINYIMAGENET,549,main_b1000_tinyimagenet_alexnet_GEN_kp50_seed42,0.5,0.456,60,False,0.5,alexnet,False,0,0,2,0.456,537,6,0.456,353,1,0,9,0.5,TINYIMAGENET_alexnet_GEN_accuracy_kp5000_seed42,42,40000,549,42,accuracy,100042,0.456,1,2.731823280286789,30.359101124107838,10,2.731823280286789,valid,0.4521960919735929,0.4915185753507925,0.45599999999999996,100042
GEN,0.456,353,353,offspring,0,0,TINYIMAGENET,550,main_b1000_tinyimagenet_alexnet_GEN_kp50_seed42,0.5,0.456,60,False,0.5,alexnet,False,0,0,1,0.456,353,1,0.456,540,9,0,10,0.5,TINYIMAGENET_alexnet_GEN_accuracy_kp5000_seed42,42,40000,550,42,accuracy,100042,0.456,1,2.731823280286789,30.69045789539814,10,2.731823280286789,valid,0.4521960919735929,0.4915185753507925,0.45599999999999996,100042
GEN,0.456,353,353,offspring,0,0,TINYIMAGENET,551,main_b1000_tinyimagenet_alexnet_GEN_kp50_seed42,0.5,0.4351,61,False,0.5,alexnet,True,4000,2000,1,0.456,545,5,0.456,548,8,0,2,0.5,TINYIMAGENET_alexnet_GEN_accuracy_kp5000_seed42,42,40000,551,42,accuracy,100042,0.4351,1,2.887590618801117,30.391217201948166,10,2.887590618801117,valid,0.43532016443212496,0.4927961363510214,0.43510000000000004,100042
GEN,0.456,353,353,offspring,0,0,TINYIMAGENET,552,main_b1000_tinyimagenet_alexnet_GEN_kp50_seed42,0.5,0.456,61,False,0.5,alexnet,False,0,0,2,0.456,545,5,0.456,548,8,0,3,0.5,TINYIMAGENET_alexnet_GEN_accuracy_kp5000_seed42,42,40000,552,42,accuracy,100042,0.456,1,2.731823280286789,30.500889040529728,10,2.731823280286789,valid,0.4521960919735929,0.4915185753507925,0.45599999999999996,100042
GEN,0.456,353,353,offspring,0,0,TINYIMAGENET,553,main_b1000_tinyimagenet_alexnet_GEN_kp50_seed42,0.5,0.456,61,False,0.5,alexnet,False,0,0,1,0.456,544,4,0.456,545,5,0,4,0.5,TINYIMAGENET_alexnet_GEN_accuracy_kp5000_seed42,42,40000,553,42,accuracy,100042,0.456,1,2.731823280286789,30.237645886838436,10,2.731823280286789,valid,0.4521960919735929,0.4915185753507925,0.45599999999999996,100042
GEN,0.456,353,353,offspring,0,0,TINYIMAGENET,554,main_b1000_tinyimagenet_alexnet_GEN_kp50_seed42,0.5,0.456,61,False,0.5,alexnet,False,0,0,2,0.456,544,4,0.456,545,5,0,5,0.5,TINYIMAGENET_alexnet_GEN_accuracy_kp5000_seed42,42,40000,554,42,accuracy,100042,0.456,1,2.731823280286789,30.5199373960495,10,2.731823280286789,valid,0.4521960919735929,0.4915185753507925,0.45599999999999996,100042
GEN,0.456,353,353,offspring,0,0,TINYIMAGENET,555,main_b1000_tinyimagenet_alexnet_GEN_kp50_seed42,0.5,0.456,61,False,0.5,alexnet,False,0,0,1,0.456,548,8,0.456,353,1,0,6,0.5,TINYIMAGENET_alexnet_GEN_accuracy_kp5000_seed42,42,40000,555,42,accuracy,100042,0.456,1,2.731823280286789,30.22266549617052,10,2.731823280286789,valid,0.4521960919735929,0.4915185753507925,0.45599999999999996,100042
GEN,0.456,353,353,offspring,0,0,TINYIMAGENET,556,main_b1000_tinyimagenet_alexnet_GEN_kp50_seed42,0.5,0.456,61,False,0.5,alexnet,False,0,0,2,0.456,548,8,0.456,353,1,0,7,0.5,TINYIMAGENET_alexnet_GEN_accuracy_kp5000_seed42,42,40000,556,42,accuracy,100042,0.456,1,2.731823280286789,30.565087623894215,10,2.731823280286789,valid,0.4521960919735929,0.4915185753507925,0.45599999999999996,100042
GEN,0.456,353,353,offspring,0,0,TINYIMAGENET,557,main_b1000_tinyimagenet_alexnet_GEN_kp50_seed42,0.5,0.456,61,False,0.5,alexnet,False,0,0,1,0.456,547,7,0.456,546,6,0,8,0.5,TINYIMAGENET_alexnet_GEN_accuracy_kp5000_seed42,42,40000,557,42,accuracy,100042,0.456,1,2.731823280286789,30.235345661640167,10,2.731823280286789,valid,0.4521960919735929,0.4915185753507925,0.45599999999999996,100042
GEN,0.456,353,353,offspring,0,0,TINYIMAGENET,558,main_b1000_tinyimagenet_alexnet_GEN_kp50_seed42,0.5,0.456,61,False,0.5,alexnet,False,0,0,2,0.456,547,7,0.456,546,6,0,9,0.5,TINYIMAGENET_alexnet_GEN_accuracy_kp5000_seed42,42,40000,558,42,accuracy,100042,0.456,1,2.731823280286789,30.515617556869984,10,2.731823280286789,valid,0.4521960919735929,0.4915185753507925,0.45599999999999996,100042
GEN,0.456,353,353,offspring,0,0,TINYIMAGENET,559,main_b1000_tinyimagenet_alexnet_GEN_kp50_seed42,0.5,0.456,61,False,0.5,alexnet,False,0,0,1,0.456,548,8,0.456,549,9,0,10,0.5,TINYIMAGENET_alexnet_GEN_accuracy_kp5000_seed42,42,40000,559,42,accuracy,100042,0.456,1,2.731823280286789,30.214110359549522,10,2.731823280286789,valid,0.4521960919735929,0.4915185753507925,0.45599999999999996,100042
GEN,0.456,353,353,offspring,0,0,TINYIMAGENET,560,main_b1000_tinyimagenet_alexnet_GEN_kp50_seed42,0.5,0.456,62,False,0.5,alexnet,False,0,0,1,0.456,556,7,0.456,558,9,0,2,0.5,TINYIMAGENET_alexnet_GEN_accuracy_kp5000_seed42,42,40000,560,42,accuracy,100042,0.456,1,2.731823280286789,30.57252085953951,10,2.731823280286789,valid,0.4521960919735929,0.4915185753507925,0.45599999999999996,100042
GEN,0.456,353,353,offspring,0,0,TINYIMAGENET,561,main_b1000_tinyimagenet_alexnet_GEN_kp50_seed42,0.5,0.456,62,False,0.5,alexnet,False,0,0,2,0.456,556,7,0.456,558,9,0,3,0.5,TINYIMAGENET_alexnet_GEN_accuracy_kp5000_seed42,42,40000,561,42,accuracy,100042,0.456,1,2.731823280286789,30.183496043086052,10,2.731823280286789,valid,0.4521960919735929,0.4915185753507925,0.45599999999999996,100042
GEN,0.456,353,353,offspring,0,0,TINYIMAGENET,562,main_b1000_tinyimagenet_alexnet_GEN_kp50_seed42,0.5,0.456,62,False,0.5,alexnet,False,0,0,1,0.456,558,9,0.456,555,6,0,4,0.5,TINYIMAGENET_alexnet_GEN_accuracy_kp5000_seed42,42,40000,562,42,accuracy,100042,0.456,1,2.731823280286789,30.61601320654154,10,2.731823280286789,valid,0.4521960919735929,0.4915185753507925,0.45599999999999996,100042
GEN,0.456,353,353,offspring,0,0,TINYIMAGENET,563,main_b1000_tinyimagenet_alexnet_GEN_kp50_seed42,0.5,0.456,62,False,0.5,alexnet,False,0,0,2,0.456,558,9,0.456,555,6,0,5,0.5,TINYIMAGENET_alexnet_GEN_accuracy_kp5000_seed42,42,40000,563,42,accuracy,100042,0.456,1,2.731823280286789,30.23965384811163,10,2.731823280286789,valid,0.4521960919735929,0.4915185753507925,0.45599999999999996,100042
GEN,0.456,353,353,offspring,0,0,TINYIMAGENET,564,main_b1000_tinyimagenet_alexnet_GEN_kp50_seed42,0.5,0.456,62,False,0.5,alexnet,False,0,0,1,0.456,554,5,0.456,556,7,0,6,0.5,TINYIMAGENET_alexnet_GEN_accuracy_kp5000_seed42,42,40000,564,42,accuracy,100042,0.456,1,2.731823280286789,30.472578577697277,10,2.731823280286789,valid,0.4521960919735929,0.4915185753507925,0.45599999999999996,100042
GEN,0.456,353,353,offspring,0,0,TINYIMAGENET,565,main_b1000_tinyimagenet_alexnet_GEN_kp50_seed42,0.5,0.4411,62,False,0.5,alexnet,True,4000,2000,2,0.456,554,5,0.456,556,7,0,7,0.5,TINYIMAGENET_alexnet_GEN_accuracy_kp5000_seed42,42,40000,565,42,accuracy,100042,0.4411,1,2.8630895559310914,30.39373143017292,10,2.8630895559310914,valid,0.4346616352684589,0.49211043202258753,0.4411,100042
GEN,0.456,353,353,offspring,0,0,TINYIMAGENET,566,main_b1000_tinyimagenet_alexnet_GEN_kp50_seed42,0.5,0.456,62,False,0.5,alexnet,False,0,0,1,0.456,554,5,0.456,559,10,0,8,0.5,TINYIMAGENET_alexnet_GEN_accuracy_kp5000_seed42,42,40000,566,42,accuracy,100042,0.456,1,2.731823280286789,30.507970541715622,10,2.731823280286789,valid,0.4521960919735929,0.4915185753507925,0.45599999999999996,100042
GEN,0.456,353,353,offspring,0,0,TINYIMAGENET,567,main_b1000_tinyimagenet_alexnet_GEN_kp50_seed42,0.5,0.456,62,False,0.5,alexnet,False,0,0,2,0.456,554,5,0.456,559,10,0,9,0.5,TINYIMAGENET_alexnet_GEN_accuracy_kp5000_seed42,42,40000,567,42,accuracy,100042,0.456,1,2.731823280286789,30.459301806986332,10,2.731823280286789,valid,0.4521960919735929,0.4915185753507925,0.45599999999999996,100042
GEN,0.456,353,353,offspring,0,0,TINYIMAGENET,568,main_b1000_tinyimagenet_alexnet_GEN_kp50_seed42,0.5,0.456,62,False,0.5,alexnet,False,0,0,1,0.456,557,8,0.456,552,3,0,10,0.5,TINYIMAGENET_alexnet_GEN_accuracy_kp5000_seed42,42,40000,568,42,accuracy,100042,0.456,1,2.731823280286789,30.267514996230602,10,2.731823280286789,valid,0.4521960919735929,0.4915185753507925,0.45599999999999996,100042
GEN,0.456,353,353,offspring,0,0,TINYIMAGENET,569,main_b1000_tinyimagenet_alexnet_GEN_kp50_seed42,0.5,0.456,63,False,0.5,alexnet,False,0,0,1,0.456,562,4,0.456,353,1,0,2,0.5,TINYIMAGENET_alexnet_GEN_accuracy_kp5000_seed42,42,40000,569,42,accuracy,100042,0.456,1,2.731823280286789,30.402153998613358,10,2.731823280286789,valid,0.4521960919735929,0.4915185753507925,0.45599999999999996,100042
GEN,0.456,353,353,offspring,0,0,TINYIMAGENET,570,main_b1000_tinyimagenet_alexnet_GEN_kp50_seed42,0.5,0.456,63,False,0.5,alexnet,False,0,0,2,0.456,562,4,0.456,353,1,0,3,0.5,TINYIMAGENET_alexnet_GEN_accuracy_kp5000_seed42,42,40000,570,42,accuracy,100042,0.456,1,2.731823280286789,30.312054120004177,10,2.731823280286789,valid,0.4521960919735929,0.4915185753507925,0.45599999999999996,100042
GEN,0.456,353,353,offspring,0,0,TINYIMAGENET,571,main_b1000_tinyimagenet_alexnet_GEN_kp50_seed42,0.5,0.456,63,False,0.5,alexnet,False,0,0,1,0.456,564,6,0.456,563,5,0,4,0.5,TINYIMAGENET_alexnet_GEN_accuracy_kp5000_seed42,42,40000,571,42,accuracy,100042,0.456,1,2.731823280286789,30.57797061651945,10,2.731823280286789,valid,0.4521960919735929,0.4915185753507925,0.45599999999999996,100042
GEN,0.456,353,353,offspring,0,0,TINYIMAGENET,572,main_b1000_tinyimagenet_alexnet_GEN_kp50_seed42,0.5,0.456,63,False,0.5,alexnet,False,0,0,2,0.456,564,6,0.456,563,5,0,5,0.5,TINYIMAGENET_alexnet_GEN_accuracy_kp5000_seed42,42,40000,572,42,accuracy,100042,0.456,1,2.731823280286789,30.315505422651768,10,2.731823280286789,valid,0.4521960919735929,0.4915185753507925,0.45599999999999996,100042
GEN,0.456,353,353,offspring,0,0,TINYIMAGENET,573,main_b1000_tinyimagenet_alexnet_GEN_kp50_seed42,0.5,0.43865,63,False,0.5,alexnet,True,4000,2000,1,0.456,353,1,0.456,566,8,0,6,0.5,TINYIMAGENET_alexnet_GEN_accuracy_kp5000_seed42,42,40000,573,42,accuracy,100042,0.43865,1,2.8414484258174895,30.553755037486553,10,2.8414484258174895,valid,0.44136140012398056,0.5017639258728995,0.43864999999999993,100042
GEN,0.456,353,353,offspring,0,0,TINYIMAGENET,574,main_b1000_tinyimagenet_alexnet_GEN_kp50_seed42,0.5,0.456,63,False,0.5,alexnet,False,0,0,2,0.456,353,1,0.456,566,8,0,7,0.5,TINYIMAGENET_alexnet_GEN_accuracy_kp5000_seed42,42,40000,574,42,accuracy,100042,0.456,1,2.731823280286789,30.24657490849495,10,2.731823280286789,valid,0.4521960919735929,0.4915185753507925,0.45599999999999996,100042
GEN,0.456,353,353,offspring,0,0,TINYIMAGENET,575,main_b1000_tinyimagenet_alexnet_GEN_kp50_seed42,0.5,0.456,63,False,0.5,alexnet,False,0,0,1,0.456,560,2,0.456,568,10,0,8,0.5,TINYIMAGENET_alexnet_GEN_accuracy_kp5000_seed42,42,40000,575,42,accuracy,100042,0.456,1,2.731823280286789,30.532560110092163,10,2.731823280286789,valid,0.4521960919735929,0.4915185753507925,0.45599999999999996,100042
GEN,0.456,353,353,offspring,0,0,TINYIMAGENET,576,main_b1000_tinyimagenet_alexnet_GEN_kp50_seed42,0.5,0.456,63,False,0.5,alexnet,False,0,0,2,0.456,560,2,0.456,568,10,0,9,0.5,TINYIMAGENET_alexnet_GEN_accuracy_kp5000_seed42,42,40000,576,42,accuracy,100042,0.456,1,2.731823280286789,30.22613140195608,10,2.731823280286789,valid,0.4521960919735929,0.4915185753507925,0.45599999999999996,100042
GEN,0.456,353,353,offspring,0,0,TINYIMAGENET,577,main_b1000_tinyimagenet_alexnet_GEN_kp50_seed42,0.5,0.4384,63,False,0.5,alexnet,True,4000,2000,1,0.456,566,8,0.456,561,3,0,10,0.5,TINYIMAGENET_alexnet_GEN_accuracy_kp5000_seed42,42,40000,577,42,accuracy,100042,0.4384,1,2.8457395203590394,30.567285753786564,10,2.8457395203590394,valid,0.43625820190339054,0.4899674981253292,0.4384,100042
GEN,0.456,353,353,offspring,0,0,TINYIMAGENET,578,main_b1000_tinyimagenet_alexnet_GEN_kp50_seed42,0.5,0.456,64,False,0.5,alexnet,False,0,0,1,0.456,569,2,0.456,571,4,0,2,0.5,TINYIMAGENET_alexnet_GEN_accuracy_kp5000_seed42,42,40000,578,42,accuracy,100042,0.456,1,2.731823280286789,30.286464139819145,10,2.731823280286789,valid,0.4521960919735929,0.4915185753507925,0.45599999999999996,100042
GEN,0.456,353,353,offspring,0,0,TINYIMAGENET,579,main_b1000_tinyimagenet_alexnet_GEN_kp50_seed42,0.5,0.456,64,False,0.5,alexnet,False,0,0,2,0.456,569,2,0.456,571,4,0,3,0.5,TINYIMAGENET_alexnet_GEN_accuracy_kp5000_seed42,42,40000,579,42,accuracy,100042,0.456,1,2.731823280286789,30.5589055493474,10,2.731823280286789,valid,0.4521960919735929,0.4915185753507925,0.45599999999999996,100042
GEN,0.456,353,353,offspring,0,0,TINYIMAGENET,580,main_b1000_tinyimagenet_alexnet_GEN_kp50_seed42,0.5,0.456,64,False,0.5,alexnet,False,0,0,1,0.456,569,2,0.456,570,3,0,4,0.5,TINYIMAGENET_alexnet_GEN_accuracy_kp5000_seed42,42,40000,580,42,accuracy,100042,0.456,1,2.731823280286789,30.27108247578144,10,2.731823280286789,valid,0.4521960919735929,0.4915185753507925,0.45599999999999996,100042
GEN,0.456,353,353,offspring,0,0,TINYIMAGENET,581,main_b1000_tinyimagenet_alexnet_GEN_kp50_seed42,0.5,0.456,64,False,0.5,alexnet,False,0,0,2,0.456,569,2,0.456,570,3,0,5,0.5,TINYIMAGENET_alexnet_GEN_accuracy_kp5000_seed42,42,40000,581,42,accuracy,100042,0.456,1,2.731823280286789,30.62595423310995,10,2.731823280286789,valid,0.4521960919735929,0.4915185753507925,0.45599999999999996,100042
GEN,0.456,353,353,offspring,0,0,TINYIMAGENET,582,main_b1000_tinyimagenet_alexnet_GEN_kp50_seed42,0.5,0.456,64,False,0.5,alexnet,False,0,0,1,0.456,353,1,0.456,571,4,0,6,0.5,TINYIMAGENET_alexnet_GEN_accuracy_kp5000_seed42,42,40000,582,42,accuracy,100042,0.456,1,2.731823280286789,30.15149987488985,10,2.731823280286789,valid,0.4521960919735929,0.4915185753507925,0.45599999999999996,100042
GEN,0.456,353,353,offspring,0,0,TINYIMAGENET,583,main_b1000_tinyimagenet_alexnet_GEN_kp50_seed42,0.5,0.456,64,False,0.5,alexnet,False,0,0,2,0.456,353,1,0.456,571,4,0,7,0.5,TINYIMAGENET_alexnet_GEN_accuracy_kp5000_seed42,42,40000,583,42,accuracy,100042,0.456,1,2.731823280286789,30.634475722908974,10,2.731823280286789,valid,0.4521960919735929,0.4915185753507925,0.45599999999999996,100042
GEN,0.456,353,353,offspring,0,0,TINYIMAGENET,584,main_b1000_tinyimagenet_alexnet_GEN_kp50_seed42,0.5,0.456,64,False,0.5,alexnet,False,0,0,1,0.456,571,4,0.456,575,8,0,8,0.5,TINYIMAGENET_alexnet_GEN_accuracy_kp5000_seed42,42,40000,584,42,accuracy,100042,0.456,1,2.731823280286789,30.301759742200375,10,2.731823280286789,valid,0.4521960919735929,0.4915185753507925,0.45599999999999996,100042
GEN,0.456,353,353,offspring,0,0,TINYIMAGENET,585,main_b1000_tinyimagenet_alexnet_GEN_kp50_seed42,0.5,0.4432,64,False,0.5,alexnet,True,4000,2000,2,0.456,571,4,0.456,575,8,0,9,0.5,TINYIMAGENET_alexnet_GEN_accuracy_kp5000_seed42,42,40000,585,42,accuracy,100042,0.4432,1,2.810387432527542,30.73792138695717,10,2.810387432527542,valid,0.4410609002041197,0.49585386769863204,0.4432,100042
GEN,0.456,353,353,offspring,0,0,TINYIMAGENET,586,main_b1000_tinyimagenet_alexnet_GEN_kp50_seed42,0.5,0.456,64,False,0.5,alexnet,False,0,0,1,0.456,572,5,0.456,574,7,0,10,0.5,TINYIMAGENET_alexnet_GEN_accuracy_kp5000_seed42,42,40000,586,42,accuracy,100042,0.456,1,2.731823280286789,30.20302552729845,10,2.731823280286789,valid,0.4521960919735929,0.4915185753507925,0.45599999999999996,100042
GEN,0.456,353,353,offspring,0,0,TINYIMAGENET,587,main_b1000_tinyimagenet_alexnet_GEN_kp50_seed42,0.5,0.456,65,False,0.5,alexnet,False,0,0,1,0.456,353,1,0.456,582,6,0,2,0.5,TINYIMAGENET_alexnet_GEN_accuracy_kp5000_seed42,42,40000,587,42,accuracy,100042,0.456,1,2.731823280286789,30.801044903695583,10,2.731823280286789,valid,0.4521960919735929,0.4915185753507925,0.45599999999999996,100042
GEN,0.456,353,353,offspring,0,0,TINYIMAGENET,588,main_b1000_tinyimagenet_alexnet_GEN_kp50_seed42,0.5,0.4363,65,False,0.5,alexnet,True,4000,2000,2,0.456,353,1,0.456,582,6,0,3,0.5,TINYIMAGENET_alexnet_GEN_accuracy_kp5000_seed42,42,40000,588,42,accuracy,100042,0.4363,1,2.8489463736057283,30.216686315834522,10,2.8489463736057283,valid,0.4379041278450947,0.4993452015199232,0.43629999999999997,100042
GEN,0.456,353,353,offspring,0,0,TINYIMAGENET,589,main_b1000_tinyimagenet_alexnet_GEN_kp50_seed42,0.5,0.456,65,False,0.5,alexnet,False,0,0,1,0.456,581,5,0.456,586,10,0,4,0.5,TINYIMAGENET_alexnet_GEN_accuracy_kp5000_seed42,42,40000,589,42,accuracy,100042,0.456,1,2.731823280286789,30.749181739985943,10,2.731823280286789,valid,0.4521960919735929,0.4915185753507925,0.45599999999999996,100042
GEN,0.456,353,353,offspring,0,0,TINYIMAGENET,590,main_b1000_tinyimagenet_alexnet_GEN_kp50_seed42,0.5,0.456,65,False,0.5,alexnet,False,0,0,2,0.456,581,5,0.456,586,10,0,5,0.5,TINYIMAGENET_alexnet_GEN_accuracy_kp5000_seed42,42,40000,590,42,accuracy,100042,0.456,1,2.731823280286789,30.082757718861103,10,2.731823280286789,valid,0.4521960919735929,0.4915185753507925,0.45599999999999996,100042
GEN,0.456,353,353,offspring,0,0,TINYIMAGENET,591,main_b1000_tinyimagenet_alexnet_GEN_kp50_seed42,0.5,0.456,65,False,0.5,alexnet,False,0,0,1,0.456,586,10,0.456,584,8,0,6,0.5,TINYIMAGENET_alexnet_GEN_accuracy_kp5000_seed42,42,40000,591,42,accuracy,100042,0.456,1,2.731823280286789,30.769269727170467,10,2.731823280286789,valid,0.4521960919735929,0.4915185753507925,0.45599999999999996,100042
GEN,0.456,353,353,offspring,0,0,TINYIMAGENET,592,main_b1000_tinyimagenet_alexnet_GEN_kp50_seed42,0.5,0.456,65,False,0.5,alexnet,False,0,0,2,0.456,586,10,0.456,584,8,0,7,0.5,TINYIMAGENET_alexnet_GEN_accuracy_kp5000_seed42,42,40000,592,42,accuracy,100042,0.456,1,2.731823280286789,30.148948907852173,10,2.731823280286789,valid,0.4521960919735929,0.4915185753507925,0.45599999999999996,100042
GEN,0.456,353,353,offspring,0,0,TINYIMAGENET,593,main_b1000_tinyimagenet_alexnet_GEN_kp50_seed42,0.5,0.456,65,False,0.5,alexnet,False,0,0,1,0.456,583,7,0.456,578,2,0,8,0.5,TINYIMAGENET_alexnet_GEN_accuracy_kp5000_seed42,42,40000,593,42,accuracy,100042,0.456,1,2.731823280286789,30.8203312009573,10,2.731823280286789,valid,0.4521960919735929,0.4915185753507925,0.45599999999999996,100042
GEN,0.456,353,353,offspring,0,0,TINYIMAGENET,594,main_b1000_tinyimagenet_alexnet_GEN_kp50_seed42,0.5,0.456,65,False,0.5,alexnet,False,0,0,2,0.456,583,7,0.456,578,2,0,9,0.5,TINYIMAGENET_alexnet_GEN_accuracy_kp5000_seed42,42,40000,594,42,accuracy,100042,0.456,1,2.731823280286789,30.16601201891899,10,2.731823280286789,valid,0.4521960919735929,0.4915185753507925,0.45599999999999996,100042
GEN,0.456,353,353,offspring,0,0,TINYIMAGENET,595,main_b1000_tinyimagenet_alexnet_GEN_kp50_seed42,0.5,0.456,65,False,0.5,alexnet,False,0,0,1,0.456,578,2,0.456,353,1,0,10,0.5,TINYIMAGENET_alexnet_GEN_accuracy_kp5000_seed42,42,40000,595,42,accuracy,100042,0.456,1,2.731823280286789,30.847364895045757,10,2.731823280286789,valid,0.4521960919735929,0.4915185753507925,0.45599999999999996,100042
GEN,0.456,353,353,offspring,0,0,TINYIMAGENET,596,main_b1000_tinyimagenet_alexnet_GEN_kp50_seed42,0.5,0.456,66,False,0.5,alexnet,False,0,0,1,0.456,589,4,0.456,592,7,0,2,0.5,TINYIMAGENET_alexnet_GEN_accuracy_kp5000_seed42,42,40000,596,42,accuracy,100042,0.456,1,2.731823280286789,30.393782429397106,10,2.731823280286789,valid,0.4521960919735929,0.4915185753507925,0.45599999999999996,100042
GEN,0.456,353,353,offspring,0,0,TINYIMAGENET,597,main_b1000_tinyimagenet_alexnet_GEN_kp50_seed42,0.5,0.456,66,False,0.5,alexnet,False,0,0,2,0.456,589,4,0.456,592,7,0,3,0.5,TINYIMAGENET_alexnet_GEN_accuracy_kp5000_seed42,42,40000,597,42,accuracy,100042,0.456,1,2.731823280286789,30.821515046060085,10,2.731823280286789,valid,0.4521960919735929,0.4915185753507925,0.45599999999999996,100042
GEN,0.456,353,353,offspring,0,0,TINYIMAGENET,598,main_b1000_tinyimagenet_alexnet_GEN_kp50_seed42,0.5,0.456,66,False,0.5,alexnet,False,0,0,1,0.456,595,10,0.456,590,5,0,4,0.5,TINYIMAGENET_alexnet_GEN_accuracy_kp5000_seed42,42,40000,598,42,accuracy,100042,0.456,1,2.731823280286789,30.18439006060362,10,2.731823280286789,valid,0.4521960919735929,0.4915185753507925,0.45599999999999996,100042
GEN,0.456,353,353,offspring,0,0,TINYIMAGENET,599,main_b1000_tinyimagenet_alexnet_GEN_kp50_seed42,0.5,0.456,66,False,0.5,alexnet,False,0,0,2,0.456,595,10,0.456,590,5,0,5,0.5,TINYIMAGENET_alexnet_GEN_accuracy_kp5000_seed42,42,40000,599,42,accuracy,100042,0.456,1,2.731823280286789,30.886744521558285,10,2.731823280286789,valid,0.4521960919735929,0.4915185753507925,0.45599999999999996,100042
GEN,0.456,353,353,offspring,0,0,TINYIMAGENET,600,main_b1000_tinyimagenet_alexnet_GEN_kp50_seed42,0.5,0.456,66,False,0.5,alexnet,False,0,0,1,0.456,593,8,0.456,595,10,0,6,0.5,TINYIMAGENET_alexnet_GEN_accuracy_kp5000_seed42,42,40000,600,42,accuracy,100042,0.456,1,2.731823280286789,30.341301649808884,10,2.731823280286789,valid,0.4521960919735929,0.4915185753507925,0.45599999999999996,100042
GEN,0.456,353,353,offspring,0,0,TINYIMAGENET,601,main_b1000_tinyimagenet_alexnet_GEN_kp50_seed42,0.5,0.456,66,False,0.5,alexnet,False,0,0,2,0.456,593,8,0.456,595,10,0,7,0.5,TINYIMAGENET_alexnet_GEN_accuracy_kp5000_seed42,42,40000,601,42,accuracy,100042,0.456,1,2.731823280286789,30.871257685124874,10,2.731823280286789,valid,0.4521960919735929,0.4915185753507925,0.45599999999999996,100042
GEN,0.456,353,353,offspring,0,0,TINYIMAGENET,602,main_b1000_tinyimagenet_alexnet_GEN_kp50_seed42,0.5,0.43745,66,False,0.5,alexnet,True,4000,2000,1,0.456,593,8,0.456,595,10,0,8,0.5,TINYIMAGENET_alexnet_GEN_accuracy_kp5000_seed42,42,40000,602,42,accuracy,100042,0.43745,1,2.8243191009521484,30.474527530372143,10,2.8243191009521484,valid,0.4349387322384999,0.48910718882121995,0.43745000000000006,100042
GEN,0.456,353,353,offspring,0,0,TINYIMAGENET,603,main_b1000_tinyimagenet_alexnet_GEN_kp50_seed42,0.5,0.456,66,False,0.5,alexnet,False,0,0,2,0.456,593,8,0.456,595,10,0,9,0.5,TINYIMAGENET_alexnet_GEN_accuracy_kp5000_seed42,42,40000,603,42,accuracy,100042,0.456,1,2.731823280286789,30.883423633873463,10,2.731823280286789,valid,0.4521960919735929,0.4915185753507925,0.45599999999999996,100042
GEN,0.456,353,353,offspring,0,0,TINYIMAGENET,604,main_b1000_tinyimagenet_alexnet_GEN_kp50_seed42,0.5,0.4325,66,False,0.5,alexnet,True,4000,2000,1,0.456,587,2,0.456,591,6,0,10,0.5,TINYIMAGENET_alexnet_GEN_accuracy_kp5000_seed42,42,40000,604,42,accuracy,100042,0.4325,1,2.8578655095100403,30.289924427866936,10,2.8578655095100403,valid,0.4322492066396056,0.4916502749228377,0.4325,100042
GEN,0.456,353,353,offspring,0,0,TINYIMAGENET,605,main_b1000_tinyimagenet_alexnet_GEN_kp50_seed42,0.5,0.44,67,False,0.5,alexnet,True,4000,2000,1,0.456,598,4,0.456,601,7,0,2,0.5,TINYIMAGENET_alexnet_GEN_accuracy_kp5000_seed42,42,40000,605,42,accuracy,100042,0.44,1,2.8628764105796813,30.883823670446873,10,2.8628764105796813,valid,0.44191505092835226,0.5049771985397257,0.44,100042
GEN,0.456,353,353,offspring,0,0,TINYIMAGENET,606,main_b1000_tinyimagenet_alexnet_GEN_kp50_seed42,0.5,0.456,67,False,0.5,alexnet,False,0,0,2,0.456,598,4,0.456,601,7,0,3,0.5,TINYIMAGENET_alexnet_GEN_accuracy_kp5000_seed42,42,40000,606,42,accuracy,100042,0.456,1,2.731823280286789,30.22665534168482,10,2.731823280286789,valid,0.4521960919735929,0.4915185753507925,0.45599999999999996,100042
GEN,0.456,353,353,offspring,0,0,TINYIMAGENET,607,main_b1000_tinyimagenet_alexnet_GEN_kp50_seed42,0.5,0.43695,67,False,0.5,alexnet,True,4000,2000,1,0.456,353,1,0.456,598,4,0,4,0.5,TINYIMAGENET_alexnet_GEN_accuracy_kp5000_seed42,42,40000,607,42,accuracy,100042,0.43695,1,2.851610012769699,30.808033481240273,10,2.851610012769699,valid,0.43487617610934165,0.4942283776548483,0.43695,100042
GEN,0.456,353,353,offspring,0,0,TINYIMAGENET,608,main_b1000_tinyimagenet_alexnet_GEN_kp50_seed42,0.5,0.456,67,False,0.5,alexnet,False,0,0,2,0.456,353,1,0.456,598,4,0,5,0.5,TINYIMAGENET_alexnet_GEN_accuracy_kp5000_seed42,42,40000,608,42,accuracy,100042,0.456,1,2.731823280286789,30.14686994254589,10,2.731823280286789,valid,0.4521960919735929,0.4915185753507925,0.45599999999999996,100042
GEN,0.456,353,353,offspring,0,0,TINYIMAGENET,609,main_b1000_tinyimagenet_alexnet_GEN_kp50_seed42,0.5,0.43935,67,False,0.5,alexnet,True,4000,2000,1,0.456,596,2,0.456,600,6,0,6,0.5,TINYIMAGENET_alexnet_GEN_accuracy_kp5000_seed42,42,40000,609,42,accuracy,100042,0.43935,1,2.815591066169739,30.626281812787056,10,2.815591066169739,valid,0.4395576220348062,0.4968388678596611,0.43935,100042
GEN,0.456,353,353,offspring,0,0,TINYIMAGENET,610,main_b1000_tinyimagenet_alexnet_GEN_kp50_seed42,0.5,0.456,67,False,0.5,alexnet,False,0,0,2,0.456,596,2,0.456,600,6,0,7,0.5,TINYIMAGENET_alexnet_GEN_accuracy_kp5000_seed42,42,40000,610,42,accuracy,100042,0.456,1,2.731823280286789,30.18366925418377,10,2.731823280286789,valid,0.4521960919735929,0.4915185753507925,0.45599999999999996,100042
GEN,0.456,353,353,offspring,0,0,TINYIMAGENET,611,main_b1000_tinyimagenet_alexnet_GEN_kp50_seed42,0.5,0.456,67,False,0.5,alexnet,False,0,0,1,0.456,597,3,0.456,603,9,0,8,0.5,TINYIMAGENET_alexnet_GEN_accuracy_kp5000_seed42,42,40000,611,42,accuracy,100042,0.456,1,2.731823280286789,30.755101047456264,10,2.731823280286789,valid,0.4521960919735929,0.4915185753507925,0.45599999999999996,100042
GEN,0.456,353,353,offspring,0,0,TINYIMAGENET,612,main_b1000_tinyimagenet_alexnet_GEN_kp50_seed42,0.5,0.456,67,False,0.5,alexnet,False,0,0,2,0.456,597,3,0.456,603,9,0,9,0.5,TINYIMAGENET_alexnet_GEN_accuracy_kp5000_seed42,42,40000,612,42,accuracy,100042,0.456,1,2.731823280286789,30.154905810952187,10,2.731823280286789,valid,0.4521960919735929,0.4915185753507925,0.45599999999999996,100042
GEN,0.456,353,353,offspring,0,0,TINYIMAGENET,613,main_b1000_tinyimagenet_alexnet_GEN_kp50_seed42,0.5,0.456,67,False,0.5,alexnet,False,0,0,1,0.456,353,1,0.456,598,4,0,10,0.5,TINYIMAGENET_alexnet_GEN_accuracy_kp5000_seed42,42,40000,613,42,accuracy,100042,0.456,1,2.731823280286789,30.696280494332314,10,2.731823280286789,valid,0.4521960919735929,0.4915185753507925,0.45599999999999996,100042
GEN,0.456,353,353,offspring,0,0,TINYIMAGENET,614,main_b1000_tinyimagenet_alexnet_GEN_kp50_seed42,0.5,0.456,68,False,0.5,alexnet,False,0,0,1,0.456,613,10,0.456,611,8,0,2,0.5,TINYIMAGENET_alexnet_GEN_accuracy_kp5000_seed42,42,40000,614,42,accuracy,100042,0.456,1,2.731823280286789,30.451237186789513,10,2.731823280286789,valid,0.4521960919735929,0.4915185753507925,0.45599999999999996,100042
GEN,0.456,353,353,offspring,0,0,TINYIMAGENET,615,main_b1000_tinyimagenet_alexnet_GEN_kp50_seed42,0.5,0.456,68,False,0.5,alexnet,False,0,0,2,0.456,613,10,0.456,611,8,0,3,0.5,TINYIMAGENET_alexnet_GEN_accuracy_kp5000_seed42,42,40000,615,42,accuracy,100042,0.456,1,2.731823280286789,30.938920125365257,10,2.731823280286789,valid,0.4521960919735929,0.4915185753507925,0.45599999999999996,100042
GEN,0.456,353,353,offspring,0,0,TINYIMAGENET,616,main_b1000_tinyimagenet_alexnet_GEN_kp50_seed42,0.5,0.456,68,False,0.5,alexnet,False,0,0,1,0.456,612,9,0.456,608,5,0,4,0.5,TINYIMAGENET_alexnet_GEN_accuracy_kp5000_seed42,42,40000,616,42,accuracy,100042,0.456,1,2.731823280286789,30.215575478971004,10,2.731823280286789,valid,0.4521960919735929,0.4915185753507925,0.45599999999999996,100042
GEN,0.456,353,353,offspring,0,0,TINYIMAGENET,617,main_b1000_tinyimagenet_alexnet_GEN_kp50_seed42,0.5,0.456,68,False,0.5,alexnet,False,0,0,2,0.456,612,9,0.456,608,5,0,5,0.5,TINYIMAGENET_alexnet_GEN_accuracy_kp5000_seed42,42,40000,617,42,accuracy,100042,0.456,1,2.731823280286789,30.743707455694675,10,2.731823280286789,valid,0.4521960919735929,0.4915185753507925,0.45599999999999996,100042
GEN,0.456,353,353,offspring,0,0,TINYIMAGENET,618,main_b1000_tinyimagenet_alexnet_GEN_kp50_seed42,0.5,0.456,68,False,0.5,alexnet,False,0,0,1,0.456,353,1,0.456,612,9,0,6,0.5,TINYIMAGENET_alexnet_GEN_accuracy_kp5000_seed42,42,40000,618,42,accuracy,100042,0.456,1,2.731823280286789,30.265222527086735,10,2.731823280286789,valid,0.4521960919735929,0.4915185753507925,0.45599999999999996,100042
GEN,0.456,353,353,offspring,0,0,TINYIMAGENET,619,main_b1000_tinyimagenet_alexnet_GEN_kp50_seed42,0.5,0.456,68,False,0.5,alexnet,False,0,0,2,0.456,353,1,0.456,612,9,0,7,0.5,TINYIMAGENET_alexnet_GEN_accuracy_kp5000_seed42,42,40000,619,42,accuracy,100042,0.456,1,2.731823280286789,30.690497159957886,10,2.731823280286789,valid,0.4521960919735929,0.4915185753507925,0.45599999999999996,100042
GEN,0.456,353,353,offspring,0,0,TINYIMAGENET,620,main_b1000_tinyimagenet_alexnet_GEN_kp50_seed42,0.5,0.4385,68,False,0.5,alexnet,True,4000,2000,1,0.456,353,1,0.456,611,8,0,8,0.5,TINYIMAGENET_alexnet_GEN_accuracy_kp5000_seed42,42,40000,620,42,accuracy,100042,0.4385,1,2.8226612736225127,30.233761310577393,10,2.8226612736225127,valid,0.43540063618647834,0.48879890017372346,0.4385,100042
GEN,0.456,353,353,offspring,0,0,TINYIMAGENET,621,main_b1000_tinyimagenet_alexnet_GEN_kp50_seed42,0.5,0.456,68,False,0.5,alexnet,False,0,0,2,0.456,353,1,0.456,611,8,0,9,0.5,TINYIMAGENET_alexnet_GEN_accuracy_kp5000_seed42,42,40000,621,42,accuracy,100042,0.456,1,2.731823280286789,30.771693602204323,10,2.731823280286789,valid,0.4521960919735929,0.4915185753507925,0.45599999999999996,100042
GEN,0.456,353,353,offspring,0,0,TINYIMAGENET,622,main_b1000_tinyimagenet_alexnet_GEN_kp50_seed42,0.5,0.43615,68,False,0.5,alexnet,True,4000,2000,1,0.456,612,9,0.456,353,1,0,10,0.5,TINYIMAGENET_alexnet_GEN_accuracy_kp5000_seed42,42,40000,622,42,accuracy,100042,0.43615,1,2.861345391130447,30.407824642956257,10,2.861345391130447,valid,0.43595881233694184,0.49659079837770653,0.43615000000000004,100042
GEN,0.456,353,353,offspring,0,0,TINYIMAGENET,623,main_b1000_tinyimagenet_alexnet_GEN_kp50_seed42,0.5,0.456,69,False,0.5,alexnet,False,0,0,1,0.456,614,2,0.456,618,6,0,2,0.5,TINYIMAGENET_alexnet_GEN_accuracy_kp5000_seed42,42,40000,623,42,accuracy,100042,0.456,1,2.731823280286789,30.789901807904243,10,2.731823280286789,valid,0.4521960919735929,0.4915185753507925,0.45599999999999996,100042
GEN,0.456,353,353,offspring,0,0,TINYIMAGENET,624,main_b1000_tinyimagenet_alexnet_GEN_kp50_seed42,0.5,0.456,69,False,0.5,alexnet,False,0,0,2,0.456,614,2,0.456,618,6,0,3,0.5,TINYIMAGENET_alexnet_GEN_accuracy_kp5000_seed42,42,40000,624,42,accuracy,100042,0.456,1,2.731823280286789,30.25785132497549,10,2.731823280286789,valid,0.4521960919735929,0.4915185753507925,0.45599999999999996,100042
GEN,0.456,353,353,offspring,0,0,TINYIMAGENET,625,main_b1000_tinyimagenet_alexnet_GEN_kp50_seed42,0.5,0.4313,69,False,0.5,alexnet,True,4000,2000,1,0.456,617,5,0.456,618,6,0,4,0.5,TINYIMAGENET_alexnet_GEN_accuracy_kp5000_seed42,42,40000,625,42,accuracy,100042,0.4313,1,2.887246106171608,30.779519729316235,10,2.887246106171608,valid,0.4305105919967649,0.4997739560310525,0.4313,100042
GEN,0.456,353,353,offspring,0,0,TINYIMAGENET,626,main_b1000_tinyimagenet_alexnet_GEN_kp50_seed42,0.5,0.456,69,False,0.5,alexnet,False,0,0,2,0.456,617,5,0.456,618,6,0,5,0.5,TINYIMAGENET_alexnet_GEN_accuracy_kp5000_seed42,42,40000,626,42,accuracy,100042,0.456,1,2.731823280286789,30.242577701807022,10,2.731823280286789,valid,0.4521960919735929,0.4915185753507925,0.45599999999999996,100042
GEN,0.456,353,353,offspring,0,0,TINYIMAGENET,627,main_b1000_tinyimagenet_alexnet_GEN_kp50_seed42,0.5,0.456,69,False,0.5,alexnet,False,0,0,1,0.456,353,1,0.456,619,7,0,6,0.5,TINYIMAGENET_alexnet_GEN_accuracy_kp5000_seed42,42,40000,627,42,accuracy,100042,0.456,1,2.731823280286789,30.807189278304577,10,2.731823280286789,valid,0.4521960919735929,0.4915185753507925,0.45599999999999996,100042
GEN,0.456,353,353,offspring,0,0,TINYIMAGENET,628,main_b1000_tinyimagenet_alexnet_GEN_kp50_seed42,0.5,0.456,69,False,0.5,alexnet,False,0,0,2,0.456,353,1,0.456,619,7,0,7,0.5,TINYIMAGENET_alexnet_GEN_accuracy_kp5000_seed42,42,40000,628,42,accuracy,100042,0.456,1,2.731823280286789,30.501922577619553,10,2.731823280286789,valid,0.4521960919735929,0.4915185753507925,0.45599999999999996,100042
GEN,0.456,353,353,offspring,0,0,TINYIMAGENET,629,main_b1000_tinyimagenet_alexnet_GEN_kp50_seed42,0.5,0.456,69,False,0.5,alexnet,False,0,0,1,0.456,619,7,0.456,616,4,0,8,0.5,TINYIMAGENET_alexnet_GEN_accuracy_kp5000_seed42,42,40000,629,42,accuracy,100042,0.456,1,2.731823280286789,30.78852855414152,10,2.731823280286789,valid,0.4521960919735929,0.4915185753507925,0.45599999999999996,100042
GEN,0.456,353,353,offspring,0,0,TINYIMAGENET,630,main_b1000_tinyimagenet_alexnet_GEN_kp50_seed42,0.5,0.456,69,False,0.5,alexnet,False,0,0,2,0.456,619,7,0.456,616,4,0,9,0.5,TINYIMAGENET_alexnet_GEN_accuracy_kp5000_seed42,42,40000,630,42,accuracy,100042,0.456,1,2.731823280286789,30.273750349879265,10,2.731823280286789,valid,0.4521960919735929,0.4915185753507925,0.45599999999999996,100042
GEN,0.456,353,353,offspring,0,0,TINYIMAGENET,631,main_b1000_tinyimagenet_alexnet_GEN_kp50_seed42,0.5,0.456,69,False,0.5,alexnet,False,0,0,1,0.456,615,3,0.456,619,7,0,10,0.5,TINYIMAGENET_alexnet_GEN_accuracy_kp5000_seed42,42,40000,631,42,accuracy,100042,0.456,1,2.731823280286789,30.69119916856289,10,2.731823280286789,valid,0.4521960919735929,0.4915185753507925,0.45599999999999996,100042
GEN,0.456,353,353,offspring,0,0,TINYIMAGENET,632,main_b1000_tinyimagenet_alexnet_GEN_kp50_seed42,0.5,0.456,70,False,0.5,alexnet,False,0,0,1,0.456,626,5,0.456,623,2,0,2,0.5,TINYIMAGENET_alexnet_GEN_accuracy_kp5000_seed42,42,40000,632,42,accuracy,100042,0.456,1,2.731823280286789,30.382231883704662,10,2.731823280286789,valid,0.4521960919735929,0.4915185753507925,0.45599999999999996,100042
GEN,0.456,353,353,offspring,0,0,TINYIMAGENET,633,main_b1000_tinyimagenet_alexnet_GEN_kp50_seed42,0.5,0.456,70,False,0.5,alexnet,False,0,0,2,0.456,626,5,0.456,623,2,0,3,0.5,TINYIMAGENET_alexnet_GEN_accuracy_kp5000_seed42,42,40000,633,42,accuracy,100042,0.456,1,2.731823280286789,30.711180217564106,10,2.731823280286789,valid,0.4521960919735929,0.4915185753507925,0.45599999999999996,100042
GEN,0.456,353,353,offspring,0,0,TINYIMAGENET,634,main_b1000_tinyimagenet_alexnet_GEN_kp50_seed42,0.5,0.456,70,False,0.5,alexnet,False,0,0,1,0.456,626,5,0.456,631,10,0,4,0.5,TINYIMAGENET_alexnet_GEN_accuracy_kp5000_seed42,42,40000,634,42,accuracy,100042,0.456,1,2.731823280286789,30.272963598370552,10,2.731823280286789,valid,0.4521960919735929,0.4915185753507925,0.45599999999999996,100042
GEN,0.456,353,353,offspring,0,0,TINYIMAGENET,635,main_b1000_tinyimagenet_alexnet_GEN_kp50_seed42,0.5,0.456,70,False,0.5,alexnet,False,0,0,2,0.456,626,5,0.456,631,10,0,5,0.5,TINYIMAGENET_alexnet_GEN_accuracy_kp5000_seed42,42,40000,635,42,accuracy,100042,0.456,1,2.731823280286789,30.848715364933014,10,2.731823280286789,valid,0.4521960919735929,0.4915185753507925,0.45599999999999996,100042
GEN,0.456,353,353,offspring,0,0,TINYIMAGENET,636,main_b1000_tinyimagenet_alexnet_GEN_kp50_seed42,0.5,0.43395,70,False,0.5,alexnet,True,4000,2000,1,0.456,630,9,0.456,624,3,0,6,0.5,TINYIMAGENET_alexnet_GEN_accuracy_kp5000_seed42,42,40000,636,42,accuracy,100042,0.43395,1,2.8928728495121003,30.473177298903465,10,2.8928728495121003,valid,0.4301202431339011,0.5010180519195335,0.43394999999999995,100042
GEN,0.456,353,353,offspring,0,0,TINYIMAGENET,637,main_b1000_tinyimagenet_alexnet_GEN_kp50_seed42,0.5,0.456,70,False,0.5,alexnet,False,0,0,2,0.456,630,9,0.456,624,3,0,7,0.5,TINYIMAGENET_alexnet_GEN_accuracy_kp5000_seed42,42,40000,637,42,accuracy,100042,0.456,1,2.731823280286789,30.817680299282074,10,2.731823280286789,valid,0.4521960919735929,0.4915185753507925,0.45599999999999996,100042
GEN,0.456,353,353,offspring,0,0,TINYIMAGENET,638,main_b1000_tinyimagenet_alexnet_GEN_kp50_seed42,0.5,0.456,70,False,0.5,alexnet,False,0,0,1,0.456,630,9,0.456,626,5,0,8,0.5,TINYIMAGENET_alexnet_GEN_accuracy_kp5000_seed42,42,40000,638,42,accuracy,100042,0.456,1,2.731823280286789,30.36152932047844,10,2.731823280286789,valid,0.4521960919735929,0.4915185753507925,0.45599999999999996,100042
GEN,0.456,353,353,offspring,0,0,TINYIMAGENET,639,main_b1000_tinyimagenet_alexnet_GEN_kp50_seed42,0.5,0.456,70,False,0.5,alexnet,False,0,0,2,0.456,630,9,0.456,626,5,0,9,0.5,TINYIMAGENET_alexnet_GEN_accuracy_kp5000_seed42,42,40000,639,42,accuracy,100042,0.456,1,2.731823280286789,30.662691332399845,10,2.731823280286789,valid,0.4521960919735929,0.4915185753507925,0.45599999999999996,100042
GEN,0.456,353,353,offspring,0,0,TINYIMAGENET,640,main_b1000_tinyimagenet_alexnet_GEN_kp50_seed42,0.5,0.43225,70,False,0.5,alexnet,True,4000,2000,1,0.456,630,9,0.456,624,3,0,10,0.5,TINYIMAGENET_alexnet_GEN_accuracy_kp5000_seed42,42,40000,640,42,accuracy,100042,0.43225,1,2.8951626080513,30.374340318143368,10,2.8951626080513,valid,0.4348204193276844,0.5076520838434696,0.43224999999999997,100042
GEN,0.456,353,353,offspring,0,0,TINYIMAGENET,641,main_b1000_tinyimagenet_alexnet_GEN_kp50_seed42,0.5,0.456,71,False,0.5,alexnet,False,0,0,1,0.456,639,9,0.456,638,8,0,2,0.5,TINYIMAGENET_alexnet_GEN_accuracy_kp5000_seed42,42,40000,641,42,accuracy,100042,0.456,1,2.731823280286789,30.53050983697176,10,2.731823280286789,valid,0.4521960919735929,0.4915185753507925,0.45599999999999996,100042
GEN,0.456,353,353,offspring,0,0,TINYIMAGENET,642,main_b1000_tinyimagenet_alexnet_GEN_kp50_seed42,0.5,0.456,71,False,0.5,alexnet,False,0,0,2,0.456,639,9,0.456,638,8,0,3,0.5,TINYIMAGENET_alexnet_GEN_accuracy_kp5000_seed42,42,40000,642,42,accuracy,100042,0.456,1,2.731823280286789,30.42831166833639,10,2.731823280286789,valid,0.4521960919735929,0.4915185753507925,0.45599999999999996,100042
GEN,0.456,353,353,offspring,0,0,TINYIMAGENET,643,main_b1000_tinyimagenet_alexnet_GEN_kp50_seed42,0.5,0.456,71,False,0.5,alexnet,False,0,0,1,0.456,633,3,0.456,353,1,0,4,0.5,TINYIMAGENET_alexnet_GEN_accuracy_kp5000_seed42,42,40000,643,42,accuracy,100042,0.456,1,2.731823280286789,30.756715834140778,10,2.731823280286789,valid,0.4521960919735929,0.4915185753507925,0.45599999999999996,100042
GEN,0.456,353,353,offspring,0,0,TINYIMAGENET,644,main_b1000_tinyimagenet_alexnet_GEN_kp50_seed42,0.5,0.456,71,False,0.5,alexnet,False,0,0,2,0.456,633,3,0.456,353,1,0,5,0.5,TINYIMAGENET_alexnet_GEN_accuracy_kp5000_seed42,42,40000,644,42,accuracy,100042,0.456,1,2.731823280286789,30.323275178670883,10,2.731823280286789,valid,0.4521960919735929,0.4915185753507925,0.45599999999999996,100042
GEN,0.456,353,353,offspring,0,0,TINYIMAGENET,645,main_b1000_tinyimagenet_alexnet_GEN_kp50_seed42,0.5,0.456,71,False,0.5,alexnet,False,0,0,1,0.456,632,2,0.456,637,7,0,6,0.5,TINYIMAGENET_alexnet_GEN_accuracy_kp5000_seed42,42,40000,645,42,accuracy,100042,0.456,1,2.731823280286789,30.687178798019886,10,2.731823280286789,valid,0.4521960919735929,0.4915185753507925,0.45599999999999996,100042
GEN,0.456,353,353,offspring,0,0,TINYIMAGENET,646,main_b1000_tinyimagenet_alexnet_GEN_kp50_seed42,0.5,0.456,71,False,0.5,alexnet,False,0,0,2,0.456,632,2,0.456,637,7,0,7,0.5,TINYIMAGENET_alexnet_GEN_accuracy_kp5000_seed42,42,40000,646,42,accuracy,100042,0.456,1,2.731823280286789,30.44254006445408,10,2.731823280286789,valid,0.4521960919735929,0.4915185753507925,0.45599999999999996,100042
GEN,0.456,353,353,offspring,0,0,TINYIMAGENET,647,main_b1000_tinyimagenet_alexnet_GEN_kp50_seed42,0.5,0.456,71,False,0.5,alexnet,False,0,0,1,0.456,637,7,0.456,632,2,0,8,0.5,TINYIMAGENET_alexnet_GEN_accuracy_kp5000_seed42,42,40000,647,42,accuracy,100042,0.456,1,2.731823280286789,30.901707619428635,10,2.731823280286789,valid,0.4521960919735929,0.4915185753507925,0.45599999999999996,100042
GEN,0.456,353,353,offspring,0,0,TINYIMAGENET,648,main_b1000_tinyimagenet_alexnet_GEN_kp50_seed42,0.5,0.456,71,False,0.5,alexnet,False,0,0,2,0.456,637,7,0.456,632,2,0,9,0.5,TINYIMAGENET_alexnet_GEN_accuracy_kp5000_seed42,42,40000,648,42,accuracy,100042,0.456,1,2.731823280286789,30.46089231222868,10,2.731823280286789,valid,0.4521960919735929,0.4915185753507925,0.45599999999999996,100042
GEN,0.456,353,353,offspring,0,0,TINYIMAGENET,649,main_b1000_tinyimagenet_alexnet_GEN_kp50_seed42,0.5,0.43845,71,False,0.5,alexnet,True,4000,2000,1,0.456,639,9,0.456,632,2,0,10,0.5,TINYIMAGENET_alexnet_GEN_accuracy_kp5000_seed42,42,40000,649,42,accuracy,100042,0.43845,1,2.8454829177856444,30.541059657931328,10,2.8454829177856444,valid,0.4375940309498622,0.5042236583172931,0.43845,100042
GEN,0.456,353,353,offspring,0,0,TINYIMAGENET,650,main_b1000_tinyimagenet_alexnet_GEN_kp50_seed42,0.5,0.456,72,False,0.5,alexnet,False,0,0,1,0.456,646,7,0.456,645,6,0,2,0.5,TINYIMAGENET_alexnet_GEN_accuracy_kp5000_seed42,42,40000,650,42,accuracy,100042,0.456,1,2.731823280286789,30.775785498321056,10,2.731823280286789,valid,0.4521960919735929,0.4915185753507925,0.45599999999999996,100042
GEN,0.456,353,353,offspring,0,0,TINYIMAGENET,651,main_b1000_tinyimagenet_alexnet_GEN_kp50_seed42,0.5,0.456,72,False,0.5,alexnet,False,0,0,2,0.456,646,7,0.456,645,6,0,3,0.5,TINYIMAGENET_alexnet_GEN_accuracy_kp5000_seed42,42,40000,651,42,accuracy,100042,0.456,1,2.731823280286789,30.57216826081276,10,2.731823280286789,valid,0.4521960919735929,0.4915185753507925,0.45599999999999996,100042
GEN,0.456,353,353,offspring,0,0,TINYIMAGENET,652,main_b1000_tinyimagenet_alexnet_GEN_kp50_seed42,0.5,0.456,72,False,0.5,alexnet,False,0,0,1,0.456,646,7,0.456,641,2,0,4,0.5,TINYIMAGENET_alexnet_GEN_accuracy_kp5000_seed42,42,40000,652,42,accuracy,100042,0.456,1,2.731823280286789,30.892659686505795,10,2.731823280286789,valid,0.4521960919735929,0.4915185753507925,0.45599999999999996,100042
GEN,0.456,353,353,offspring,0,0,TINYIMAGENET,653,main_b1000_tinyimagenet_alexnet_GEN_kp50_seed42,0.5,0.456,72,False,0.5,alexnet,False,0,0,2,0.456,646,7,0.456,641,2,0,5,0.5,TINYIMAGENET_alexnet_GEN_accuracy_kp5000_seed42,42,40000,653,42,accuracy,100042,0.456,1,2.731823280286789,30.498739130795002,10,2.731823280286789,valid,0.4521960919735929,0.4915185753507925,0.45599999999999996,100042
GEN,0.456,353,353,offspring,0,0,TINYIMAGENET,654,main_b1000_tinyimagenet_alexnet_GEN_kp50_seed42,0.5,0.456,72,False,0.5,alexnet,False,0,0,1,0.456,643,4,0.456,353,1,0,6,0.5,TINYIMAGENET_alexnet_GEN_accuracy_kp5000_seed42,42,40000,654,42,accuracy,100042,0.456,1,2.731823280286789,30.726030185818672,10,2.731823280286789,valid,0.4521960919735929,0.4915185753507925,0.45599999999999996,100042
GEN,0.456,353,353,offspring,0,0,TINYIMAGENET,655,main_b1000_tinyimagenet_alexnet_GEN_kp50_seed42,0.5,0.456,72,False,0.5,alexnet,False,0,0,2,0.456,643,4,0.456,353,1,0,7,0.5,TINYIMAGENET_alexnet_GEN_accuracy_kp5000_seed42,42,40000,655,42,accuracy,100042,0.456,1,2.731823280286789,30.312572844326496,10,2.731823280286789,valid,0.4521960919735929,0.4915185753507925,0.45599999999999996,100042
GEN,0.456,353,353,offspring,0,0,TINYIMAGENET,656,main_b1000_tinyimagenet_alexnet_GEN_kp50_seed42,0.5,0.456,72,False,0.5,alexnet,False,0,0,1,0.456,647,8,0.456,643,4,0,8,0.5,TINYIMAGENET_alexnet_GEN_accuracy_kp5000_seed42,42,40000,656,42,accuracy,100042,0.456,1,2.731823280286789,30.763839833438396,10,2.731823280286789,valid,0.4521960919735929,0.4915185753507925,0.45599999999999996,100042
GEN,0.456,353,353,offspring,0,0,TINYIMAGENET,657,main_b1000_tinyimagenet_alexnet_GEN_kp50_seed42,0.5,0.456,72,False,0.5,alexnet,False,0,0,2,0.456,647,8,0.456,643,4,0,9,0.5,TINYIMAGENET_alexnet_GEN_accuracy_kp5000_seed42,42,40000,657,42,accuracy,100042,0.456,1,2.731823280286789,30.32235649228096,10,2.731823280286789,valid,0.4521960919735929,0.4915185753507925,0.45599999999999996,100042
GEN,0.456,353,353,offspring,0,0,TINYIMAGENET,658,main_b1000_tinyimagenet_alexnet_GEN_kp50_seed42,0.5,0.456,72,False,0.5,alexnet,False,0,0,1,0.456,647,8,0.456,642,3,0,10,0.5,TINYIMAGENET_alexnet_GEN_accuracy_kp5000_seed42,42,40000,658,42,accuracy,100042,0.456,1,2.731823280286789,31.06322120130062,10,2.731823280286789,valid,0.4521960919735929,0.4915185753507925,0.45599999999999996,100042
GEN,0.456,353,353,offspring,0,0,TINYIMAGENET,659,main_b1000_tinyimagenet_alexnet_GEN_kp50_seed42,0.5,0.456,73,False,0.5,alexnet,False,0,0,1,0.456,656,8,0.456,652,4,0,2,0.5,TINYIMAGENET_alexnet_GEN_accuracy_kp5000_seed42,42,40000,659,42,accuracy,100042,0.456,1,2.731823280286789,30.69615826010704,10,2.731823280286789,valid,0.4521960919735929,0.4915185753507925,0.45599999999999996,100042
GEN,0.456,353,353,offspring,0,0,TINYIMAGENET,660,main_b1000_tinyimagenet_alexnet_GEN_kp50_seed42,0.5,0.456,73,False,0.5,alexnet,False,0,0,2,0.456,656,8,0.456,652,4,0,3,0.5,TINYIMAGENET_alexnet_GEN_accuracy_kp5000_seed42,42,40000,660,42,accuracy,100042,0.456,1,2.731823280286789,30.655607387423515,10,2.731823280286789,valid,0.4521960919735929,0.4915185753507925,0.45599999999999996,100042
GEN,0.456,353,353,offspring,0,0,TINYIMAGENET,661,main_b1000_tinyimagenet_alexnet_GEN_kp50_seed42,0.5,0.456,73,False,0.5,alexnet,False,0,0,1,0.456,656,8,0.456,654,6,0,4,0.5,TINYIMAGENET_alexnet_GEN_accuracy_kp5000_seed42,42,40000,661,42,accuracy,100042,0.456,1,2.731823280286789,30.06060215830803,10,2.731823280286789,valid,0.4521960919735929,0.4915185753507925,0.45599999999999996,100042
GEN,0.456,353,353,offspring,0,0,TINYIMAGENET,662,main_b1000_tinyimagenet_alexnet_GEN_kp50_seed42,0.5,0.456,73,False,0.5,alexnet,False,0,0,2,0.456,656,8,0.456,654,6,0,5,0.5,TINYIMAGENET_alexnet_GEN_accuracy_kp5000_seed42,42,40000,662,42,accuracy,100042,0.456,1,2.731823280286789,31.695339277386665,10,2.731823280286789,valid,0.4521960919735929,0.4915185753507925,0.45599999999999996,100042
GEN,0.456,353,353,offspring,0,0,TINYIMAGENET,663,main_b1000_tinyimagenet_alexnet_GEN_kp50_seed42,0.5,0.456,73,False,0.5,alexnet,False,0,0,1,0.456,656,8,0.456,657,9,0,6,0.5,TINYIMAGENET_alexnet_GEN_accuracy_kp5000_seed42,42,40000,663,42,accuracy,100042,0.456,1,2.731823280286789,30.215693660080433,10,2.731823280286789,valid,0.4521960919735929,0.4915185753507925,0.45599999999999996,100042
GEN,0.456,353,353,offspring,0,0,TINYIMAGENET,664,main_b1000_tinyimagenet_alexnet_GEN_kp50_seed42,0.5,0.456,73,False,0.5,alexnet,False,0,0,2,0.456,656,8,0.456,657,9,0,7,0.5,TINYIMAGENET_alexnet_GEN_accuracy_kp5000_seed42,42,40000,664,42,accuracy,100042,0.456,1,2.731823280286789,30.90602821856737,10,2.731823280286789,valid,0.4521960919735929,0.4915185753507925,0.45599999999999996,100042
GEN,0.456,353,353,offspring,0,0,TINYIMAGENET,665,main_b1000_tinyimagenet_alexnet_GEN_kp50_seed42,0.5,0.43745,73,False,0.5,alexnet,True,4000,2000,1,0.456,658,10,0.456,654,6,0,8,0.5,TINYIMAGENET_alexnet_GEN_accuracy_kp5000_seed42,42,40000,665,42,accuracy,100042,0.43745,1,2.8705517808675767,30.286145940423012,10,2.8705517808675767,valid,0.436814934156471,0.49999911368552746,0.43745000000000006,100042
GEN,0.456,353,353,offspring,0,0,TINYIMAGENET,666,main_b1000_tinyimagenet_alexnet_GEN_kp50_seed42,0.5,0.456,73,False,0.5,alexnet,False,0,0,2,0.456,658,10,0.456,654,6,0,9,0.5,TINYIMAGENET_alexnet_GEN_accuracy_kp5000_seed42,42,40000,666,42,accuracy,100042,0.456,1,2.731823280286789,30.766316771507263,10,2.731823280286789,valid,0.4521960919735929,0.4915185753507925,0.45599999999999996,100042
GEN,0.456,353,353,offspring,0,0,TINYIMAGENET,667,main_b1000_tinyimagenet_alexnet_GEN_kp50_seed42,0.5,0.456,73,False,0.5,alexnet,False,0,0,1,0.456,657,9,0.456,652,4,0,10,0.5,TINYIMAGENET_alexnet_GEN_accuracy_kp5000_seed42,42,40000,667,42,accuracy,100042,0.456,1,2.731823280286789,30.29220075905323,10,2.731823280286789,valid,0.4521960919735929,0.4915185753507925,0.45599999999999996,100042
GEN,0.456,353,353,offspring,0,0,TINYIMAGENET,668,main_b1000_tinyimagenet_alexnet_GEN_kp50_seed42,0.5,0.456,74,False,0.5,alexnet,False,0,0,1,0.456,667,10,0.456,353,1,0,2,0.5,TINYIMAGENET_alexnet_GEN_accuracy_kp5000_seed42,42,40000,668,42,accuracy,100042,0.456,1,2.731823280286789,30.858011841773987,10,2.731823280286789,valid,0.4521960919735929,0.4915185753507925,0.45599999999999996,100042
GEN,0.456,353,353,offspring,0,0,TINYIMAGENET,669,main_b1000_tinyimagenet_alexnet_GEN_kp50_seed42,0.5,0.456,74,False,0.5,alexnet,False,0,0,2,0.456,667,10,0.456,353,1,0,3,0.5,TINYIMAGENET_alexnet_GEN_accuracy_kp5000_seed42,42,40000,669,42,accuracy,100042,0.456,1,2.731823280286789,30.181207105517387,10,2.731823280286789,valid,0.4521960919735929,0.4915185753507925,0.45599999999999996,100042
GEN,0.456,353,353,offspring,0,0,TINYIMAGENET,670,main_b1000_tinyimagenet_alexnet_GEN_kp50_seed42,0.5,0.456,74,False,0.5,alexnet,False,0,0,1,0.456,664,7,0.456,666,9,0,4,0.5,TINYIMAGENET_alexnet_GEN_accuracy_kp5000_seed42,42,40000,670,42,accuracy,100042,0.456,1,2.731823280286789,30.838196612894535,10,2.731823280286789,valid,0.4521960919735929,0.4915185753507925,0.45599999999999996,100042
GEN,0.456,353,353,offspring,0,0,TINYIMAGENET,671,main_b1000_tinyimagenet_alexnet_GEN_kp50_seed42,0.5,0.456,74,False,0.5,alexnet,False,0,0,2,0.456,664,7,0.456,666,9,0,5,0.5,TINYIMAGENET_alexnet_GEN_accuracy_kp5000_seed42,42,40000,671,42,accuracy,100042,0.456,1,2.731823280286789,30.568051539361477,10,2.731823280286789,valid,0.4521960919735929,0.4915185753507925,0.45599999999999996,100042
GEN,0.456,353,353,offspring,0,0,TINYIMAGENET,672,main_b1000_tinyimagenet_alexnet_GEN_kp50_seed42,0.5,0.456,74,False,0.5,alexnet,False,0,0,1,0.456,663,6,0.456,666,9,0,6,0.5,TINYIMAGENET_alexnet_GEN_accuracy_kp5000_seed42,42,40000,672,42,accuracy,100042,0.456,1,2.731823280286789,30.876187667250633,10,2.731823280286789,valid,0.4521960919735929,0.4915185753507925,0.45599999999999996,100042
GEN,0.456,353,353,offspring,0,0,TINYIMAGENET,673,main_b1000_tinyimagenet_alexnet_GEN_kp50_seed42,0.5,0.456,74,False,0.5,alexnet,False,0,0,2,0.456,663,6,0.456,666,9,0,7,0.5,TINYIMAGENET_alexnet_GEN_accuracy_kp5000_seed42,42,40000,673,42,accuracy,100042,0.456,1,2.731823280286789,30.210626423358917,10,2.731823280286789,valid,0.4521960919735929,0.4915185753507925,0.45599999999999996,100042
GEN,0.456,353,353,offspring,0,0,TINYIMAGENET,674,main_b1000_tinyimagenet_alexnet_GEN_kp50_seed42,0.5,0.456,74,False,0.5,alexnet,False,0,0,1,0.456,662,5,0.456,666,9,0,8,0.5,TINYIMAGENET_alexnet_GEN_accuracy_kp5000_seed42,42,40000,674,42,accuracy,100042,0.456,1,2.731823280286789,30.842954732477665,10,2.731823280286789,valid,0.4521960919735929,0.4915185753507925,0.45599999999999996,100042
GEN,0.456,353,353,offspring,0,0,TINYIMAGENET,675,main_b1000_tinyimagenet_alexnet_GEN_kp50_seed42,0.5,0.456,74,False,0.5,alexnet,False,0,0,2,0.456,662,5,0.456,666,9,0,9,0.5,TINYIMAGENET_alexnet_GEN_accuracy_kp5000_seed42,42,40000,675,42,accuracy,100042,0.456,1,2.731823280286789,30.31907606869936,10,2.731823280286789,valid,0.4521960919735929,0.4915185753507925,0.45599999999999996,100042
GEN,0.456,353,353,offspring,0,0,TINYIMAGENET,676,main_b1000_tinyimagenet_alexnet_GEN_kp50_seed42,0.5,0.456,74,False,0.5,alexnet,False,0,0,1,0.456,661,4,0.456,662,5,0,10,0.5,TINYIMAGENET_alexnet_GEN_accuracy_kp5000_seed42,42,40000,676,42,accuracy,100042,0.456,1,2.731823280286789,30.759962268173695,10,2.731823280286789,valid,0.4521960919735929,0.4915185753507925,0.45599999999999996,100042
GEN,0.456,353,353,offspring,0,0,TINYIMAGENET,677,main_b1000_tinyimagenet_alexnet_GEN_kp50_seed42,0.5,0.456,75,False,0.5,alexnet,False,0,0,1,0.456,670,4,0.456,676,10,0,2,0.5,TINYIMAGENET_alexnet_GEN_accuracy_kp5000_seed42,42,40000,677,42,accuracy,100042,0.456,1,2.731823280286789,30.085927203297615,10,2.731823280286789,valid,0.4521960919735929,0.4915185753507925,0.45599999999999996,100042
GEN,0.456,353,353,offspring,0,0,TINYIMAGENET,678,main_b1000_tinyimagenet_alexnet_GEN_kp50_seed42,0.5,0.456,75,False,0.5,alexnet,False,0,0,2,0.456,670,4,0.456,676,10,0,3,0.5,TINYIMAGENET_alexnet_GEN_accuracy_kp5000_seed42,42,40000,678,42,accuracy,100042,0.456,1,2.731823280286789,30.896590024232864,10,2.731823280286789,valid,0.4521960919735929,0.4915185753507925,0.45599999999999996,100042
GEN,0.456,353,353,offspring,0,0,TINYIMAGENET,679,main_b1000_tinyimagenet_alexnet_GEN_kp50_seed42,0.5,0.456,75,False,0.5,alexnet,False,0,0,1,0.456,675,9,0.456,671,5,0,4,0.5,TINYIMAGENET_alexnet_GEN_accuracy_kp5000_seed42,42,40000,679,42,accuracy,100042,0.456,1,2.731823280286789,30.28241741657257,10,2.731823280286789,valid,0.4521960919735929,0.4915185753507925,0.45599999999999996,100042
GEN,0.456,353,353,offspring,0,0,TINYIMAGENET,680,main_b1000_tinyimagenet_alexnet_GEN_kp50_seed42,0.5,0.456,75,False,0.5,alexnet,False,0,0,2,0.456,675,9,0.456,671,5,0,5,0.5,TINYIMAGENET_alexnet_GEN_accuracy_kp5000_seed42,42,40000,680,42,accuracy,100042,0.456,1,2.731823280286789,30.918398030102253,10,2.731823280286789,valid,0.4521960919735929,0.4915185753507925,0.45599999999999996,100042
GEN,0.456,353,353,offspring,0,0,TINYIMAGENET,681,main_b1000_tinyimagenet_alexnet_GEN_kp50_seed42,0.5,0.456,75,False,0.5,alexnet,False,0,0,1,0.456,353,1,0.456,669,3,0,6,0.5,TINYIMAGENET_alexnet_GEN_accuracy_kp5000_seed42,42,40000,681,42,accuracy,100042,0.456,1,2.731823280286789,30.32621692866087,10,2.731823280286789,valid,0.4521960919735929,0.4915185753507925,0.45599999999999996,100042
GEN,0.456,353,353,offspring,0,0,TINYIMAGENET,682,main_b1000_tinyimagenet_alexnet_GEN_kp50_seed42,0.5,0.456,75,False,0.5,alexnet,False,0,0,2,0.456,353,1,0.456,669,3,0,7,0.5,TINYIMAGENET_alexnet_GEN_accuracy_kp5000_seed42,42,40000,682,42,accuracy,100042,0.456,1,2.731823280286789,30.975439861416817,10,2.731823280286789,valid,0.4521960919735929,0.4915185753507925,0.45599999999999996,100042
GEN,0.456,353,353,offspring,0,0,TINYIMAGENET,683,main_b1000_tinyimagenet_alexnet_GEN_kp50_seed42,0.5,0.456,75,False,0.5,alexnet,False,0,0,1,0.456,670,4,0.456,668,2,0,8,0.5,TINYIMAGENET_alexnet_GEN_accuracy_kp5000_seed42,42,40000,683,42,accuracy,100042,0.456,1,2.731823280286789,30.368335373699665,10,2.731823280286789,valid,0.4521960919735929,0.4915185753507925,0.45599999999999996,100042
GEN,0.456,353,353,offspring,0,0,TINYIMAGENET,684,main_b1000_tinyimagenet_alexnet_GEN_kp50_seed42,0.5,0.456,75,False,0.5,alexnet,False,0,0,2,0.456,670,4,0.456,668,2,0,9,0.5,TINYIMAGENET_alexnet_GEN_accuracy_kp5000_seed42,42,40000,684,42,accuracy,100042,0.456,1,2.731823280286789,31.02374590933323,10,2.731823280286789,valid,0.4521960919735929,0.4915185753507925,0.45599999999999996,100042
GEN,0.456,353,353,offspring,0,0,TINYIMAGENET,685,main_b1000_tinyimagenet_alexnet_GEN_kp50_seed42,0.5,0.456,75,False,0.5,alexnet,False,0,0,1,0.456,669,3,0.456,670,4,0,10,0.5,TINYIMAGENET_alexnet_GEN_accuracy_kp5000_seed42,42,40000,685,42,accuracy,100042,0.456,1,2.731823280286789,30.39497897028923,10,2.731823280286789,valid,0.4521960919735929,0.4915185753507925,0.45599999999999996,100042
GEN,0.456,353,353,offspring,0,0,TINYIMAGENET,686,main_b1000_tinyimagenet_alexnet_GEN_kp50_seed42,0.5,0.456,76,False,0.5,alexnet,False,0,0,1,0.456,678,3,0.456,683,8,0,2,0.5,TINYIMAGENET_alexnet_GEN_accuracy_kp5000_seed42,42,40000,686,42,accuracy,100042,0.456,1,2.731823280286789,30.80651281774044,10,2.731823280286789,valid,0.4521960919735929,0.4915185753507925,0.45599999999999996,100042
GEN,0.456,353,353,offspring,0,0,TINYIMAGENET,687,main_b1000_tinyimagenet_alexnet_GEN_kp50_seed42,0.5,0.4329,76,False,0.5,alexnet,True,4000,2000,2,0.456,678,3,0.456,683,8,0,3,0.5,TINYIMAGENET_alexnet_GEN_accuracy_kp5000_seed42,42,40000,687,42,accuracy,100042,0.4329,1,2.896577581214905,30.270647801458836,10,2.896577581214905,valid,0.4329569424986714,0.4989628302443232,0.4329,100042
GEN,0.456,353,353,offspring,0,0,TINYIMAGENET,688,main_b1000_tinyimagenet_alexnet_GEN_kp50_seed42,0.5,0.456,76,False,0.5,alexnet,False,0,0,1,0.456,679,4,0.456,678,3,0,4,0.5,TINYIMAGENET_alexnet_GEN_accuracy_kp5000_seed42,42,40000,688,42,accuracy,100042,0.456,1,2.731823280286789,30.713134340941906,10,2.731823280286789,valid,0.4521960919735929,0.4915185753507925,0.45599999999999996,100042
GEN,0.456,353,353,offspring,0,0,TINYIMAGENET,689,main_b1000_tinyimagenet_alexnet_GEN_kp50_seed42,0.5,0.44845,76,False,0.5,alexnet,True,4000,2000,2,0.456,679,4,0.456,678,3,0,5,0.5,TINYIMAGENET_alexnet_GEN_accuracy_kp5000_seed42,42,40000,689,42,accuracy,100042,0.44845,1,2.7913529480457306,30.424449421465397,10,2.7913529480457306,valid,0.4467060620224301,0.4986667005118599,0.44845,100042
GEN,0.456,353,353,offspring,0,0,TINYIMAGENET,690,main_b1000_tinyimagenet_alexnet_GEN_kp50_seed42,0.5,0.456,76,False,0.5,alexnet,False,0,0,1,0.456,353,1,0.456,685,10,0,6,0.5,TINYIMAGENET_alexnet_GEN_accuracy_kp5000_seed42,42,40000,690,42,accuracy,100042,0.456,1,2.731823280286789,30.832999400794506,10,2.731823280286789,valid,0.4521960919735929,0.4915185753507925,0.45599999999999996,100042
GEN,0.456,353,353,offspring,0,0,TINYIMAGENET,691,main_b1000_tinyimagenet_alexnet_GEN_kp50_seed42,0.5,0.456,76,False,0.5,alexnet,False,0,0,2,0.456,353,1,0.456,685,10,0,7,0.5,TINYIMAGENET_alexnet_GEN_accuracy_kp5000_seed42,42,40000,691,42,accuracy,100042,0.456,1,2.731823280286789,30.391034469008446,10,2.731823280286789,valid,0.4521960919735929,0.4915185753507925,0.45599999999999996,100042
GEN,0.456,353,353,offspring,0,0,TINYIMAGENET,692,main_b1000_tinyimagenet_alexnet_GEN_kp50_seed42,0.5,0.4422,76,False,0.5,alexnet,True,4000,2000,1,0.456,677,2,0.456,681,6,0,8,0.5,TINYIMAGENET_alexnet_GEN_accuracy_kp5000_seed42,42,40000,692,42,accuracy,100042,0.4422,1,2.8135299203157427,30.91917247325182,10,2.8135299203157427,valid,0.4404260125781662,0.4923940996310887,0.4422,100042
GEN,0.456,353,353,offspring,0,0,TINYIMAGENET,693,main_b1000_tinyimagenet_alexnet_GEN_kp50_seed42,0.5,0.456,76,False,0.5,alexnet,False,0,0,2,0.456,677,2,0.456,681,6,0,9,0.5,TINYIMAGENET_alexnet_GEN_accuracy_kp5000_seed42,42,40000,693,42,accuracy,100042,0.456,1,2.731823280286789,30.44022688269615,10,2.731823280286789,valid,0.4521960919735929,0.4915185753507925,0.45599999999999996,100042
GEN,0.456,353,353,offspring,0,0,TINYIMAGENET,694,main_b1000_tinyimagenet_alexnet_GEN_kp50_seed42,0.5,0.456,76,False,0.5,alexnet,False,0,0,1,0.456,681,6,0.456,683,8,0,10,0.5,TINYIMAGENET_alexnet_GEN_accuracy_kp5000_seed42,42,40000,694,42,accuracy,100042,0.456,1,2.731823280286789,30.788606241345406,10,2.731823280286789,valid,0.4521960919735929,0.4915185753507925,0.45599999999999996,100042
GEN,0.456,353,353,offspring,0,0,TINYIMAGENET,695,main_b1000_tinyimagenet_alexnet_GEN_kp50_seed42,0.5,0.4367,77,False,0.5,alexnet,True,4000,2000,1,0.456,686,2,0.456,691,7,0,2,0.5,TINYIMAGENET_alexnet_GEN_accuracy_kp5000_seed42,42,40000,695,42,accuracy,100042,0.4367,1,2.8709935720443727,30.55411632359028,10,2.8709935720443727,valid,0.4355982397046015,0.4988431414143295,0.43670000000000003,100042
GEN,0.456,353,353,offspring,0,0,TINYIMAGENET,696,main_b1000_tinyimagenet_alexnet_GEN_kp50_seed42,0.5,0.456,77,False,0.5,alexnet,False,0,0,2,0.456,686,2,0.456,691,7,0,3,0.5,TINYIMAGENET_alexnet_GEN_accuracy_kp5000_seed42,42,40000,696,42,accuracy,100042,0.456,1,2.731823280286789,30.6160484328866,10,2.731823280286789,valid,0.4521960919735929,0.4915185753507925,0.45599999999999996,100042
GEN,0.456,353,353,offspring,0,0,TINYIMAGENET,697,main_b1000_tinyimagenet_alexnet_GEN_kp50_seed42,0.5,0.456,77,False,0.5,alexnet,False,0,0,1,0.456,693,9,0.456,690,6,0,4,0.5,TINYIMAGENET_alexnet_GEN_accuracy_kp5000_seed42,42,40000,697,42,accuracy,100042,0.456,1,2.731823280286789,30.612913444638252,10,2.731823280286789,valid,0.4521960919735929,0.4915185753507925,0.45599999999999996,100042
GEN,0.456,353,353,offspring,0,0,TINYIMAGENET,698,main_b1000_tinyimagenet_alexnet_GEN_kp50_seed42,0.5,0.456,77,False,0.5,alexnet,False,0,0,2,0.456,693,9,0.456,690,6,0,5,0.5,TINYIMAGENET_alexnet_GEN_accuracy_kp5000_seed42,42,40000,698,42,accuracy,100042,0.456,1,2.731823280286789,30.565945856273174,10,2.731823280286789,valid,0.4521960919735929,0.4915185753507925,0.45599999999999996,100042
GEN,0.456,353,353,offspring,0,0,TINYIMAGENET,699,main_b1000_tinyimagenet_alexnet_GEN_kp50_seed42,0.5,0.456,77,False,0.5,alexnet,False,0,0,1,0.456,353,1,0.456,693,9,0,6,0.5,TINYIMAGENET_alexnet_GEN_accuracy_kp5000_seed42,42,40000,699,42,accuracy,100042,0.456,1,2.731823280286789,30.65885155647993,10,2.731823280286789,valid,0.4521960919735929,0.4915185753507925,0.45599999999999996,100042
GEN,0.456,353,353,offspring,0,0,TINYIMAGENET,700,main_b1000_tinyimagenet_alexnet_GEN_kp50_seed42,0.5,0.456,77,False,0.5,alexnet,False,0,0,2,0.456,353,1,0.456,693,9,0,7,0.5,TINYIMAGENET_alexnet_GEN_accuracy_kp5000_seed42,42,40000,700,42,accuracy,100042,0.456,1,2.731823280286789,30.45098526030779,10,2.731823280286789,valid,0.4521960919735929,0.4915185753507925,0.45599999999999996,100042
GEN,0.456,353,353,offspring,0,0,TINYIMAGENET,701,main_b1000_tinyimagenet_alexnet_GEN_kp50_seed42,0.5,0.456,77,False,0.5,alexnet,False,0,0,1,0.456,353,1,0.456,693,9,0,8,0.5,TINYIMAGENET_alexnet_GEN_accuracy_kp5000_seed42,42,40000,701,42,accuracy,100042,0.456,1,2.731823280286789,30.679800495505333,10,2.731823280286789,valid,0.4521960919735929,0.4915185753507925,0.45599999999999996,100042
GEN,0.456,353,353,offspring,0,0,TINYIMAGENET,702,main_b1000_tinyimagenet_alexnet_GEN_kp50_seed42,0.5,0.456,77,False,0.5,alexnet,False,0,0,2,0.456,353,1,0.456,693,9,0,9,0.5,TINYIMAGENET_alexnet_GEN_accuracy_kp5000_seed42,42,40000,702,42,accuracy,100042,0.456,1,2.731823280286789,30.28384394943714,10,2.731823280286789,valid,0.4521960919735929,0.4915185753507925,0.45599999999999996,100042
GEN,0.456,353,353,offspring,0,0,TINYIMAGENET,703,main_b1000_tinyimagenet_alexnet_GEN_kp50_seed42,0.5,0.456,77,False,0.5,alexnet,False,0,0,1,0.456,691,7,0.456,688,4,0,10,0.5,TINYIMAGENET_alexnet_GEN_accuracy_kp5000_seed42,42,40000,703,42,accuracy,100042,0.456,1,2.731823280286789,30.746040247380733,10,2.731823280286789,valid,0.4521960919735929,0.4915185753507925,0.45599999999999996,100042
GEN,0.456,353,353,offspring,0,0,TINYIMAGENET,704,main_b1000_tinyimagenet_alexnet_GEN_kp50_seed42,0.5,0.456,78,False,0.5,alexnet,False,0,0,1,0.456,698,5,0.456,699,6,0,2,0.5,TINYIMAGENET_alexnet_GEN_accuracy_kp5000_seed42,42,40000,704,42,accuracy,100042,0.456,1,2.731823280286789,30.173770271241665,10,2.731823280286789,valid,0.4521960919735929,0.4915185753507925,0.45599999999999996,100042
GEN,0.456,353,353,offspring,0,0,TINYIMAGENET,705,main_b1000_tinyimagenet_alexnet_GEN_kp50_seed42,0.5,0.456,78,False,0.5,alexnet,False,0,0,2,0.456,698,5,0.456,699,6,0,3,0.5,TINYIMAGENET_alexnet_GEN_accuracy_kp5000_seed42,42,40000,705,42,accuracy,100042,0.456,1,2.731823280286789,30.83892658352852,10,2.731823280286789,valid,0.4521960919735929,0.4915185753507925,0.45599999999999996,100042
GEN,0.456,353,353,offspring,0,0,TINYIMAGENET,706,main_b1000_tinyimagenet_alexnet_GEN_kp50_seed42,0.5,0.456,78,False,0.5,alexnet,False,0,0,1,0.456,696,3,0.456,697,4,0,4,0.5,TINYIMAGENET_alexnet_GEN_accuracy_kp5000_seed42,42,40000,706,42,accuracy,100042,0.456,1,2.731823280286789,30.167893208563328,10,2.731823280286789,valid,0.4521960919735929,0.4915185753507925,0.45599999999999996,100042
GEN,0.456,353,353,offspring,0,0,TINYIMAGENET,707,main_b1000_tinyimagenet_alexnet_GEN_kp50_seed42,0.5,0.456,78,False,0.5,alexnet,False,0,0,2,0.456,696,3,0.456,697,4,0,5,0.5,TINYIMAGENET_alexnet_GEN_accuracy_kp5000_seed42,42,40000,707,42,accuracy,100042,0.456,1,2.731823280286789,30.770348861813545,10,2.731823280286789,valid,0.4521960919735929,0.4915185753507925,0.45599999999999996,100042
GEN,0.456,353,353,offspring,0,0,TINYIMAGENET,708,main_b1000_tinyimagenet_alexnet_GEN_kp50_seed42,0.5,0.4393,78,False,0.5,alexnet,True,4000,2000,1,0.456,701,8,0.456,699,6,0,6,0.5,TINYIMAGENET_alexnet_GEN_accuracy_kp5000_seed42,42,40000,708,42,accuracy,100042,0.4393,1,2.8212515613555906,30.12581169605255,10,2.8212515613555906,valid,0.43756219809175806,0.4929902273874841,0.4393000000000001,100042
GEN,0.456,353,353,offspring,0,0,TINYIMAGENET,709,main_b1000_tinyimagenet_alexnet_GEN_kp50_seed42,0.5,0.456,78,False,0.5,alexnet,False,0,0,2,0.456,701,8,0.456,699,6,0,7,0.5,TINYIMAGENET_alexnet_GEN_accuracy_kp5000_seed42,42,40000,709,42,accuracy,100042,0.456,1,2.731823280286789,30.725823052227497,10,2.731823280286789,valid,0.4521960919735929,0.4915185753507925,0.45599999999999996,100042
GEN,0.456,353,353,offspring,0,0,TINYIMAGENET,710,main_b1000_tinyimagenet_alexnet_GEN_kp50_seed42,0.5,0.456,78,False,0.5,alexnet,False,0,0,1,0.456,699,6,0.456,700,7,0,8,0.5,TINYIMAGENET_alexnet_GEN_accuracy_kp5000_seed42,42,40000,710,42,accuracy,100042,0.456,1,2.731823280286789,30.10382431745529,10,2.731823280286789,valid,0.4521960919735929,0.4915185753507925,0.45599999999999996,100042
GEN,0.456,353,353,offspring,0,0,TINYIMAGENET,711,main_b1000_tinyimagenet_alexnet_GEN_kp50_seed42,0.5,0.456,78,False,0.5,alexnet,False,0,0,2,0.456,699,6,0.456,700,7,0,9,0.5,TINYIMAGENET_alexnet_GEN_accuracy_kp5000_seed42,42,40000,711,42,accuracy,100042,0.456,1,2.731823280286789,30.840488485991955,10,2.731823280286789,valid,0.4521960919735929,0.4915185753507925,0.45599999999999996,100042
GEN,0.456,353,353,offspring,0,0,TINYIMAGENET,712,main_b1000_tinyimagenet_alexnet_GEN_kp50_seed42,0.5,0.456,78,False,0.5,alexnet,False,0,0,1,0.456,696,3,0.456,353,1,0,10,0.5,TINYIMAGENET_alexnet_GEN_accuracy_kp5000_seed42,42,40000,712,42,accuracy,100042,0.456,1,2.731823280286789,30.125292606651783,10,2.731823280286789,valid,0.4521960919735929,0.4915185753507925,0.45599999999999996,100042
GEN,0.456,353,353,offspring,0,0,TINYIMAGENET,713,main_b1000_tinyimagenet_alexnet_GEN_kp50_seed42,0.5,0.456,79,False,0.5,alexnet,False,0,0,1,0.456,707,5,0.456,709,7,0,2,0.5,TINYIMAGENET_alexnet_GEN_accuracy_kp5000_seed42,42,40000,713,42,accuracy,100042,0.456,1,2.731823280286789,30.844518944621086,10,2.731823280286789,valid,0.4521960919735929,0.4915185753507925,0.45599999999999996,100042
GEN,0.456,353,353,offspring,0,0,TINYIMAGENET,714,main_b1000_tinyimagenet_alexnet_GEN_kp50_seed42,0.5,0.456,79,False,0.5,alexnet,False,0,0,2,0.456,707,5,0.456,709,7,0,3,0.5,TINYIMAGENET_alexnet_GEN_accuracy_kp5000_seed42,42,40000,714,42,accuracy,100042,0.456,1,2.731823280286789,30.152214348316193,10,2.731823280286789,valid,0.4521960919735929,0.4915185753507925,0.45599999999999996,100042
GEN,0.456,353,353,offspring,0,0,TINYIMAGENET,715,main_b1000_tinyimagenet_alexnet_GEN_kp50_seed42,0.5,0.456,79,False,0.5,alexnet,False,0,0,1,0.456,705,3,0.456,712,10,0,4,0.5,TINYIMAGENET_alexnet_GEN_accuracy_kp5000_seed42,42,40000,715,42,accuracy,100042,0.456,1,2.731823280286789,30.789706997573376,10,2.731823280286789,valid,0.4521960919735929,0.4915185753507925,0.45599999999999996,100042
GEN,0.456,353,353,offspring,0,0,TINYIMAGENET,716,main_b1000_tinyimagenet_alexnet_GEN_kp50_seed42,0.5,0.456,79,False,0.5,alexnet,False,0,0,2,0.456,705,3,0.456,712,10,0,5,0.5,TINYIMAGENET_alexnet_GEN_accuracy_kp5000_seed42,42,40000,716,42,accuracy,100042,0.456,1,2.731823280286789,30.128714464604855,10,2.731823280286789,valid,0.4521960919735929,0.4915185753507925,0.45599999999999996,100042
GEN,0.456,353,353,offspring,0,0,TINYIMAGENET,717,main_b1000_tinyimagenet_alexnet_GEN_kp50_seed42,0.5,0.456,79,False,0.5,alexnet,False,0,0,1,0.456,707,5,0.456,711,9,0,6,0.5,TINYIMAGENET_alexnet_GEN_accuracy_kp5000_seed42,42,40000,717,42,accuracy,100042,0.456,1,2.731823280286789,30.762338548898697,10,2.731823280286789,valid,0.4521960919735929,0.4915185753507925,0.45599999999999996,100042
GEN,0.456,353,353,offspring,0,0,TINYIMAGENET,718,main_b1000_tinyimagenet_alexnet_GEN_kp50_seed42,0.5,0.4385,79,False,0.5,alexnet,True,4000,2000,2,0.456,707,5,0.456,711,9,0,7,0.5,TINYIMAGENET_alexnet_GEN_accuracy_kp5000_seed42,42,40000,718,42,accuracy,100042,0.4385,1,2.8475101512908934,30.27492628991604,10,2.8475101512908934,valid,0.43595741741195426,0.49900976997604296,0.4385,100042
GEN,0.456,353,353,offspring,0,0,TINYIMAGENET,719,main_b1000_tinyimagenet_alexnet_GEN_kp50_seed42,0.5,0.456,79,False,0.5,alexnet,False,0,0,1,0.456,712,10,0.456,704,2,0,8,0.5,TINYIMAGENET_alexnet_GEN_accuracy_kp5000_seed42,42,40000,719,42,accuracy,100042,0.456,1,2.731823280286789,30.71452784538269,10,2.731823280286789,valid,0.4521960919735929,0.4915185753507925,0.45599999999999996,100042
GEN,0.456,353,353,offspring,0,0,TINYIMAGENET,720,main_b1000_tinyimagenet_alexnet_GEN_kp50_seed42,0.5,0.456,79,False,0.5,alexnet,False,0,0,2,0.456,712,10,0.456,704,2,0,9,0.5,TINYIMAGENET_alexnet_GEN_accuracy_kp5000_seed42,42,40000,720,42,accuracy,100042,0.456,1,2.731823280286789,30.230099454522133,10,2.731823280286789,valid,0.4521960919735929,0.4915185753507925,0.45599999999999996,100042
GEN,0.456,353,353,offspring,0,0,TINYIMAGENET,721,main_b1000_tinyimagenet_alexnet_GEN_kp50_seed42,0.5,0.43745,79,False,0.5,alexnet,True,4000,2000,1,0.456,705,3,0.456,353,1,0,10,0.5,TINYIMAGENET_alexnet_GEN_accuracy_kp5000_seed42,42,40000,721,42,accuracy,100042,0.43745,1,2.867009649515152,30.851999156177044,10,2.867009649515152,valid,0.4325009240501575,0.48922177744534534,0.43745000000000006,100042
GEN,0.456,353,353,offspring,0,0,TINYIMAGENET,722,main_b1000_tinyimagenet_alexnet_GEN_kp50_seed42,0.5,0.456,80,False,0.5,alexnet,False,0,0,1,0.456,720,9,0.456,715,4,0,2,0.5,TINYIMAGENET_alexnet_GEN_accuracy_kp5000_seed42,42,40000,722,42,accuracy,100042,0.456,1,2.731823280286789,30.25625930726528,10,2.731823280286789,valid,0.4521960919735929,0.4915185753507925,0.45599999999999996,100042
GEN,0.456,353,353,offspring,0,0,TINYIMAGENET,723,main_b1000_tinyimagenet_alexnet_GEN_kp50_seed42,0.5,0.456,80,False,0.5,alexnet,False,0,0,2,0.456,720,9,0.456,715,4,0,3,0.5,TINYIMAGENET_alexnet_GEN_accuracy_kp5000_seed42,42,40000,723,42,accuracy,100042,0.456,1,2.731823280286789,30.793064311146736,10,2.731823280286789,valid,0.4521960919735929,0.4915185753507925,0.45599999999999996,100042
GEN,0.456,353,353,offspring,0,0,TINYIMAGENET,724,main_b1000_tinyimagenet_alexnet_GEN_kp50_seed42,0.5,0.456,80,False,0.5,alexnet,False,0,0,1,0.456,353,1,0.456,720,9,0,4,0.5,TINYIMAGENET_alexnet_GEN_accuracy_kp5000_seed42,42,40000,724,42,accuracy,100042,0.456,1,2.731823280286789,30.214406475424767,10,2.731823280286789,valid,0.4521960919735929,0.4915185753507925,0.45599999999999996,100042
GEN,0.456,353,353,offspring,0,0,TINYIMAGENET,725,main_b1000_tinyimagenet_alexnet_GEN_kp50_seed42,0.5,0.456,80,False,0.5,alexnet,False,0,0,2,0.456,353,1,0.456,720,9,0,5,0.5,TINYIMAGENET_alexnet_GEN_accuracy_kp5000_seed42,42,40000,725,42,accuracy,100042,0.456,1,2.731823280286789,30.72421259433031,10,2.731823280286789,valid,0.4521960919735929,0.4915185753507925,0.45599999999999996,100042
GEN,0.456,353,353,offspring,0,0,TINYIMAGENET,726,main_b1000_tinyimagenet_alexnet_GEN_kp50_seed42,0.5,0.456,80,False,0.5,alexnet,False,0,0,1,0.456,714,3,0.456,717,6,0,6,0.5,TINYIMAGENET_alexnet_GEN_accuracy_kp5000_seed42,42,40000,726,42,accuracy,100042,0.456,1,2.731823280286789,30.276945896446705,10,2.731823280286789,valid,0.4521960919735929,0.4915185753507925,0.45599999999999996,100042
GEN,0.456,353,353,offspring,0,0,TINYIMAGENET,727,main_b1000_tinyimagenet_alexnet_GEN_kp50_seed42,0.5,0.456,80,False,0.5,alexnet,False,0,0,2,0.456,714,3,0.456,717,6,0,7,0.5,TINYIMAGENET_alexnet_GEN_accuracy_kp5000_seed42,42,40000,727,42,accuracy,100042,0.456,1,2.731823280286789,30.80883141607046,10,2.731823280286789,valid,0.4521960919735929,0.4915185753507925,0.45599999999999996,100042
GEN,0.456,353,353,offspring,0,0,TINYIMAGENET,728,main_b1000_tinyimagenet_alexnet_GEN_kp50_seed42,0.5,0.456,80,False,0.5,alexnet,False,0,0,1,0.456,714,3,0.456,720,9,0,8,0.5,TINYIMAGENET_alexnet_GEN_accuracy_kp5000_seed42,42,40000,728,42,accuracy,100042,0.456,1,2.731823280286789,30.243444085121155,10,2.731823280286789,valid,0.4521960919735929,0.4915185753507925,0.45599999999999996,100042
GEN,0.456,353,353,offspring,0,0,TINYIMAGENET,729,main_b1000_tinyimagenet_alexnet_GEN_kp50_seed42,0.5,0.456,80,False,0.5,alexnet,False,0,0,2,0.456,714,3,0.456,720,9,0,9,0.5,TINYIMAGENET_alexnet_GEN_accuracy_kp5000_seed42,42,40000,729,42,accuracy,100042,0.456,1,2.731823280286789,30.824339106678963,10,2.731823280286789,valid,0.4521960919735929,0.4915185753507925,0.45599999999999996,100042
GEN,0.456,353,353,offspring,0,0,TINYIMAGENET,730,main_b1000_tinyimagenet_alexnet_GEN_kp50_seed42,0.5,0.456,80,False,0.5,alexnet,False,0,0,1,0.456,713,2,0.456,717,6,0,10,0.5,TINYIMAGENET_alexnet_GEN_accuracy_kp5000_seed42,42,40000,730,42,accuracy,100042,0.456,1,2.731823280286789,30.240887843072414,10,2.731823280286789,valid,0.4521960919735929,0.4915185753507925,0.45599999999999996,100042
GEN,0.456,353,353,offspring,0,0,TINYIMAGENET,731,main_b1000_tinyimagenet_alexnet_GEN_kp50_seed42,0.5,0.456,81,False,0.5,alexnet,False,0,0,1,0.456,727,7,0.456,722,2,0,2,0.5,TINYIMAGENET_alexnet_GEN_accuracy_kp5000_seed42,42,40000,731,42,accuracy,100042,0.456,1,2.731823280286789,30.801247231662273,10,2.731823280286789,valid,0.4521960919735929,0.4915185753507925,0.45599999999999996,100042
GEN,0.456,353,353,offspring,0,0,TINYIMAGENET,732,main_b1000_tinyimagenet_alexnet_GEN_kp50_seed42,0.5,0.456,81,False,0.5,alexnet,False,0,0,2,0.456,727,7,0.456,722,2,0,3,0.5,TINYIMAGENET_alexnet_GEN_accuracy_kp5000_seed42,42,40000,732,42,accuracy,100042,0.456,1,2.731823280286789,30.20538879930973,10,2.731823280286789,valid,0.4521960919735929,0.4915185753507925,0.45599999999999996,100042
GEN,0.456,353,353,offspring,0,0,TINYIMAGENET,733,main_b1000_tinyimagenet_alexnet_GEN_kp50_seed42,0.5,0.456,81,False,0.5,alexnet,False,0,0,1,0.456,727,7,0.456,728,8,0,4,0.5,TINYIMAGENET_alexnet_GEN_accuracy_kp5000_seed42,42,40000,733,42,accuracy,100042,0.456,1,2.731823280286789,30.718923419713974,10,2.731823280286789,valid,0.4521960919735929,0.4915185753507925,0.45599999999999996,100042
GEN,0.456,353,353,offspring,0,0,TINYIMAGENET,734,main_b1000_tinyimagenet_alexnet_GEN_kp50_seed42,0.5,0.456,81,False,0.5,alexnet,False,0,0,2,0.456,727,7,0.456,728,8,0,5,0.5,TINYIMAGENET_alexnet_GEN_accuracy_kp5000_seed42,42,40000,734,42,accuracy,100042,0.456,1,2.731823280286789,30.275314554572105,10,2.731823280286789,valid,0.4521960919735929,0.4915185753507925,0.45599999999999996,100042
GEN,0.456,353,353,offspring,0,0,TINYIMAGENET,735,main_b1000_tinyimagenet_alexnet_GEN_kp50_seed42,0.5,0.456,81,False,0.5,alexnet,False,0,0,1,0.456,722,2,0.456,726,6,0,6,0.5,TINYIMAGENET_alexnet_GEN_accuracy_kp5000_seed42,42,40000,735,42,accuracy,100042,0.456,1,2.731823280286789,30.790507435798645,10,2.731823280286789,valid,0.4521960919735929,0.4915185753507925,0.45599999999999996,100042
GEN,0.456,353,353,offspring,0,0,TINYIMAGENET,736,main_b1000_tinyimagenet_alexnet_GEN_kp50_seed42,0.5,0.456,81,False,0.5,alexnet,False,0,0,2,0.456,722,2,0.456,726,6,0,7,0.5,TINYIMAGENET_alexnet_GEN_accuracy_kp5000_seed42,42,40000,736,42,accuracy,100042,0.456,1,2.731823280286789,30.284655213356018,10,2.731823280286789,valid,0.4521960919735929,0.4915185753507925,0.45599999999999996,100042
GEN,0.456,353,353,offspring,0,0,TINYIMAGENET,737,main_b1000_tinyimagenet_alexnet_GEN_kp50_seed42,0.5,0.456,81,False,0.5,alexnet,False,0,0,1,0.456,727,7,0.456,728,8,0,8,0.5,TINYIMAGENET_alexnet_GEN_accuracy_kp5000_seed42,42,40000,737,42,accuracy,100042,0.456,1,2.731823280286789,30.761889152228832,10,2.731823280286789,valid,0.4521960919735929,0.4915185753507925,0.45599999999999996,100042
GEN,0.456,353,353,offspring,0,0,TINYIMAGENET,738,main_b1000_tinyimagenet_alexnet_GEN_kp50_seed42,0.5,0.456,81,False,0.5,alexnet,False,0,0,2,0.456,727,7,0.456,728,8,0,9,0.5,TINYIMAGENET_alexnet_GEN_accuracy_kp5000_seed42,42,40000,738,42,accuracy,100042,0.456,1,2.731823280286789,30.218567840754986,10,2.731823280286789,valid,0.4521960919735929,0.4915185753507925,0.45599999999999996,100042
GEN,0.456,353,353,offspring,0,0,TINYIMAGENET,739,main_b1000_tinyimagenet_alexnet_GEN_kp50_seed42,0.5,0.456,81,False,0.5,alexnet,False,0,0,1,0.456,722,2,0.456,723,3,0,10,0.5,TINYIMAGENET_alexnet_GEN_accuracy_kp5000_seed42,42,40000,739,42,accuracy,100042,0.456,1,2.731823280286789,30.707925848662853,10,2.731823280286789,valid,0.4521960919735929,0.4915185753507925,0.45599999999999996,100042
GEN,0.456,353,353,offspring,0,0,TINYIMAGENET,740,main_b1000_tinyimagenet_alexnet_GEN_kp50_seed42,0.5,0.456,82,False,0.5,alexnet,False,0,0,1,0.456,353,1,0.456,737,8,0,2,0.5,TINYIMAGENET_alexnet_GEN_accuracy_kp5000_seed42,42,40000,740,42,accuracy,100042,0.456,1,2.731823280286789,30.191258490085602,10,2.731823280286789,valid,0.4521960919735929,0.4915185753507925,0.45599999999999996,100042
GEN,0.456,353,353,offspring,0,0,TINYIMAGENET,741,main_b1000_tinyimagenet_alexnet_GEN_kp50_seed42,0.5,0.456,82,False,0.5,alexnet,False,0,0,2,0.456,353,1,0.456,737,8,0,3,0.5,TINYIMAGENET_alexnet_GEN_accuracy_kp5000_seed42,42,40000,741,42,accuracy,100042,0.456,1,2.731823280286789,30.85492017120123,10,2.731823280286789,valid,0.4521960919735929,0.4915185753507925,0.45599999999999996,100042
GEN,0.456,353,353,offspring,0,0,TINYIMAGENET,742,main_b1000_tinyimagenet_alexnet_GEN_kp50_seed42,0.5,0.456,82,False,0.5,alexnet,False,0,0,1,0.456,731,2,0.456,732,3,0,4,0.5,TINYIMAGENET_alexnet_GEN_accuracy_kp5000_seed42,42,40000,742,42,accuracy,100042,0.456,1,2.731823280286789,30.611842073500156,10,2.731823280286789,valid,0.4521960919735929,0.4915185753507925,0.45599999999999996,100042
GEN,0.456,353,353,offspring,0,0,TINYIMAGENET,743,main_b1000_tinyimagenet_alexnet_GEN_kp50_seed42,0.5,0.4348,82,False,0.5,alexnet,True,4000,2000,2,0.456,731,2,0.456,732,3,0,5,0.5,TINYIMAGENET_alexnet_GEN_accuracy_kp5000_seed42,42,40000,743,42,accuracy,100042,0.4348,1,2.8720276785850527,30.779858350753784,10,2.8720276785850527,valid,0.43676500024583964,0.4943973873491822,0.4348,100042
GEN,0.456,353,353,offspring,0,0,TINYIMAGENET,744,main_b1000_tinyimagenet_alexnet_GEN_kp50_seed42,0.5,0.456,82,False,0.5,alexnet,False,0,0,1,0.456,736,7,0.456,733,4,0,6,0.5,TINYIMAGENET_alexnet_GEN_accuracy_kp5000_seed42,42,40000,744,42,accuracy,100042,0.456,1,2.731823280286789,30.176139660179615,10,2.731823280286789,valid,0.4521960919735929,0.4915185753507925,0.45599999999999996,100042
GEN,0.456,353,353,offspring,0,0,TINYIMAGENET,745,main_b1000_tinyimagenet_alexnet_GEN_kp50_seed42,0.5,0.456,82,False,0.5,alexnet,False,0,0,2,0.456,736,7,0.456,733,4,0,7,0.5,TINYIMAGENET_alexnet_GEN_accuracy_kp5000_seed42,42,40000,745,42,accuracy,100042,0.456,1,2.731823280286789,30.727343395352364,10,2.731823280286789,valid,0.4521960919735929,0.4915185753507925,0.45599999999999996,100042
GEN,0.456,353,353,offspring,0,0,TINYIMAGENET,746,main_b1000_tinyimagenet_alexnet_GEN_kp50_seed42,0.5,0.456,82,False,0.5,alexnet,False,0,0,1,0.456,739,10,0.456,736,7,0,8,0.5,TINYIMAGENET_alexnet_GEN_accuracy_kp5000_seed42,42,40000,746,42,accuracy,100042,0.456,1,2.731823280286789,30.339925296604633,10,2.731823280286789,valid,0.4521960919735929,0.4915185753507925,0.45599999999999996,100042
GEN,0.456,353,353,offspring,0,0,TINYIMAGENET,747,main_b1000_tinyimagenet_alexnet_GEN_kp50_seed42,0.5,0.456,82,False,0.5,alexnet,False,0,0,2,0.456,739,10,0.456,736,7,0,9,0.5,TINYIMAGENET_alexnet_GEN_accuracy_kp5000_seed42,42,40000,747,42,accuracy,100042,0.456,1,2.731823280286789,30.781345076858997,10,2.731823280286789,valid,0.4521960919735929,0.4915185753507925,0.45599999999999996,100042
GEN,0.456,353,353,offspring,0,0,TINYIMAGENET,748,main_b1000_tinyimagenet_alexnet_GEN_kp50_seed42,0.5,0.456,82,False,0.5,alexnet,False,0,0,1,0.456,739,10,0.456,738,9,0,10,0.5,TINYIMAGENET_alexnet_GEN_accuracy_kp5000_seed42,42,40000,748,42,accuracy,100042,0.456,1,2.731823280286789,30.35027013719082,10,2.731823280286789,valid,0.4521960919735929,0.4915185753507925,0.45599999999999996,100042
GEN,0.456,353,353,offspring,0,0,TINYIMAGENET,749,main_b1000_tinyimagenet_alexnet_GEN_kp50_seed42,0.5,0.456,83,False,0.5,alexnet,False,0,0,1,0.456,747,9,0.456,744,6,0,2,0.5,TINYIMAGENET_alexnet_GEN_accuracy_kp5000_seed42,42,40000,749,42,accuracy,100042,0.456,1,2.731823280286789,30.633547246456146,10,2.731823280286789,valid,0.4521960919735929,0.4915185753507925,0.45599999999999996,100042
GEN,0.456,353,353,offspring,0,0,TINYIMAGENET,750,main_b1000_tinyimagenet_alexnet_GEN_kp50_seed42,0.5,0.456,83,False,0.5,alexnet,False,0,0,2,0.456,747,9,0.456,744,6,0,3,0.5,TINYIMAGENET_alexnet_GEN_accuracy_kp5000_seed42,42,40000,750,42,accuracy,100042,0.456,1,2.731823280286789,30.420648515224457,10,2.731823280286789,valid,0.4521960919735929,0.4915185753507925,0.45599999999999996,100042
GEN,0.456,353,353,offspring,0,0,TINYIMAGENET,751,main_b1000_tinyimagenet_alexnet_GEN_kp50_seed42,0.5,0.456,83,False,0.5,alexnet,False,0,0,1,0.456,353,1,0.456,744,6,0,4,0.5,TINYIMAGENET_alexnet_GEN_accuracy_kp5000_seed42,42,40000,751,42,accuracy,100042,0.456,1,2.731823280286789,30.60471250116825,10,2.731823280286789,valid,0.4521960919735929,0.4915185753507925,0.45599999999999996,100042
GEN,0.456,353,353,offspring,0,0,TINYIMAGENET,752,main_b1000_tinyimagenet_alexnet_GEN_kp50_seed42,0.5,0.456,83,False,0.5,alexnet,False,0,0,2,0.456,353,1,0.456,744,6,0,5,0.5,TINYIMAGENET_alexnet_GEN_accuracy_kp5000_seed42,42,40000,752,42,accuracy,100042,0.456,1,2.731823280286789,30.48320811241865,10,2.731823280286789,valid,0.4521960919735929,0.4915185753507925,0.45599999999999996,100042
GEN,0.456,353,353,offspring,0,0,TINYIMAGENET,753,main_b1000_tinyimagenet_alexnet_GEN_kp50_seed42,0.5,0.456,83,False,0.5,alexnet,False,0,0,1,0.456,748,10,0.456,746,8,0,6,0.5,TINYIMAGENET_alexnet_GEN_accuracy_kp5000_seed42,42,40000,753,42,accuracy,100042,0.456,1,2.731823280286789,30.588507875800133,10,2.731823280286789,valid,0.4521960919735929,0.4915185753507925,0.45599999999999996,100042
GEN,0.456,353,353,offspring,0,0,TINYIMAGENET,754,main_b1000_tinyimagenet_alexnet_GEN_kp50_seed42,0.5,0.456,83,False,0.5,alexnet,False,0,0,2,0.456,748,10,0.456,746,8,0,7,0.5,TINYIMAGENET_alexnet_GEN_accuracy_kp5000_seed42,42,40000,754,42,accuracy,100042,0.456,1,2.731823280286789,30.561555832624435,10,2.731823280286789,valid,0.4521960919735929,0.4915185753507925,0.45599999999999996,100042
GEN,0.456,353,353,offspring,0,0,TINYIMAGENET,755,main_b1000_tinyimagenet_alexnet_GEN_kp50_seed42,0.5,0.44075,83,False,0.5,alexnet,True,4000,2000,1,0.456,740,2,0.456,748,10,0,8,0.5,TINYIMAGENET_alexnet_GEN_accuracy_kp5000_seed42,42,40000,755,42,accuracy,100042,0.44075,1,2.8561998987674713,30.50693380832672,10,2.8561998987674713,valid,0.4387510405812682,0.4989159789875481,0.44075000000000003,100042
GEN,0.456,353,353,offspring,0,0,TINYIMAGENET,756,main_b1000_tinyimagenet_alexnet_GEN_kp50_seed42,0.5,0.456,83,False,0.5,alexnet,False,0,0,2,0.456,740,2,0.456,748,10,0,9,0.5,TINYIMAGENET_alexnet_GEN_accuracy_kp5000_seed42,42,40000,756,42,accuracy,100042,0.456,1,2.731823280286789,30.716286815702915,10,2.731823280286789,valid,0.4521960919735929,0.4915185753507925,0.45599999999999996,100042
GEN,0.456,353,353,offspring,0,0,TINYIMAGENET,757,main_b1000_tinyimagenet_alexnet_GEN_kp50_seed42,0.5,0.456,83,False,0.5,alexnet,False,0,0,1,0.456,741,3,0.456,746,8,0,10,0.5,TINYIMAGENET_alexnet_GEN_accuracy_kp5000_seed42,42,40000,757,42,accuracy,100042,0.456,1,2.731823280286789,30.4086736664176,10,2.731823280286789,valid,0.4521960919735929,0.4915185753507925,0.45599999999999996,100042
GEN,0.456,353,353,offspring,0,0,TINYIMAGENET,758,main_b1000_tinyimagenet_alexnet_GEN_kp50_seed42,0.5,0.4332,84,False,0.5,alexnet,True,4000,2000,1,0.456,751,4,0.456,753,6,0,2,0.5,TINYIMAGENET_alexnet_GEN_accuracy_kp5000_seed42,42,40000,758,42,accuracy,100042,0.4332,1,2.8559901118278503,30.687135264277458,10,2.8559901118278503,valid,0.4332570253391772,0.5005255494261027,0.43320000000000003,100042
GEN,0.456,353,353,offspring,0,0,TINYIMAGENET,759,main_b1000_tinyimagenet_alexnet_GEN_kp50_seed42,0.5,0.4412,84,False,0.5,alexnet,True,4000,2000,2,0.456,751,4,0.456,753,6,0,3,0.5,TINYIMAGENET_alexnet_GEN_accuracy_kp5000_seed42,42,40000,759,42,accuracy,100042,0.4412,1,2.815166161775589,30.426074974238873,10,2.815166161775589,valid,0.4391483627706185,0.4908003441427745,0.44120000000000004,100042
GEN,0.456,353,353,offspring,0,0,TINYIMAGENET,760,main_b1000_tinyimagenet_alexnet_GEN_kp50_seed42,0.5,0.456,84,False,0.5,alexnet,False,0,0,1,0.456,749,2,0.456,754,7,0,4,0.5,TINYIMAGENET_alexnet_GEN_accuracy_kp5000_seed42,42,40000,760,42,accuracy,100042,0.456,1,2.731823280286789,30.731334924697876,10,2.731823280286789,valid,0.4521960919735929,0.4915185753507925,0.45599999999999996,100042
GEN,0.456,353,353,offspring,0,0,TINYIMAGENET,761,main_b1000_tinyimagenet_alexnet_GEN_kp50_seed42,0.5,0.456,84,False,0.5,alexnet,False,0,0,2,0.456,749,2,0.456,754,7,0,5,0.5,TINYIMAGENET_alexnet_GEN_accuracy_kp5000_seed42,42,40000,761,42,accuracy,100042,0.456,1,2.731823280286789,30.29885559529066,10,2.731823280286789,valid,0.4521960919735929,0.4915185753507925,0.45599999999999996,100042
GEN,0.456,353,353,offspring,0,0,TINYIMAGENET,762,main_b1000_tinyimagenet_alexnet_GEN_kp50_seed42,0.5,0.456,84,False,0.5,alexnet,False,0,0,1,0.456,750,3,0.456,749,2,0,6,0.5,TINYIMAGENET_alexnet_GEN_accuracy_kp5000_seed42,42,40000,762,42,accuracy,100042,0.456,1,2.731823280286789,30.803029611706734,10,2.731823280286789,valid,0.4521960919735929,0.4915185753507925,0.45599999999999996,100042
GEN,0.456,353,353,offspring,0,0,TINYIMAGENET,763,main_b1000_tinyimagenet_alexnet_GEN_kp50_seed42,0.5,0.456,84,False,0.5,alexnet,False,0,0,2,0.456,750,3,0.456,749,2,0,7,0.5,TINYIMAGENET_alexnet_GEN_accuracy_kp5000_seed42,42,40000,763,42,accuracy,100042,0.456,1,2.731823280286789,30.20535457879305,10,2.731823280286789,valid,0.4521960919735929,0.4915185753507925,0.45599999999999996,100042
GEN,0.456,353,353,offspring,0,0,TINYIMAGENET,764,main_b1000_tinyimagenet_alexnet_GEN_kp50_seed42,0.5,0.456,84,False,0.5,alexnet,False,0,0,1,0.456,353,1,0.456,756,9,0,8,0.5,TINYIMAGENET_alexnet_GEN_accuracy_kp5000_seed42,42,40000,764,42,accuracy,100042,0.456,1,2.731823280286789,30.884169086813927,10,2.731823280286789,valid,0.4521960919735929,0.4915185753507925,0.45599999999999996,100042
GEN,0.456,353,353,offspring,0,0,TINYIMAGENET,765,main_b1000_tinyimagenet_alexnet_GEN_kp50_seed42,0.5,0.456,84,False,0.5,alexnet,False,0,0,2,0.456,353,1,0.456,756,9,0,9,0.5,TINYIMAGENET_alexnet_GEN_accuracy_kp5000_seed42,42,40000,765,42,accuracy,100042,0.456,1,2.731823280286789,30.30300872027874,10,2.731823280286789,valid,0.4521960919735929,0.4915185753507925,0.45599999999999996,100042
GEN,0.456,353,353,offspring,0,0,TINYIMAGENET,766,main_b1000_tinyimagenet_alexnet_GEN_kp50_seed42,0.5,0.456,84,False,0.5,alexnet,False,0,0,1,0.456,752,5,0.456,753,6,0,10,0.5,TINYIMAGENET_alexnet_GEN_accuracy_kp5000_seed42,42,40000,766,42,accuracy,100042,0.456,1,2.731823280286789,30.854507982730865,10,2.731823280286789,valid,0.4521960919735929,0.4915185753507925,0.45599999999999996,100042
GEN,0.456,353,353,offspring,0,0,TINYIMAGENET,767,main_b1000_tinyimagenet_alexnet_GEN_kp50_seed42,0.5,0.456,85,False,0.5,alexnet,False,0,0,1,0.456,353,1,0.456,766,10,0,2,0.5,TINYIMAGENET_alexnet_GEN_accuracy_kp5000_seed42,42,40000,767,42,accuracy,100042,0.456,1,2.731823280286789,30.189437054097652,10,2.731823280286789,valid,0.4521960919735929,0.4915185753507925,0.45599999999999996,100042
GEN,0.456,353,353,offspring,0,0,TINYIMAGENET,768,main_b1000_tinyimagenet_alexnet_GEN_kp50_seed42,0.5,0.456,85,False,0.5,alexnet,False,0,0,2,0.456,353,1,0.456,766,10,0,3,0.5,TINYIMAGENET_alexnet_GEN_accuracy_kp5000_seed42,42,40000,768,42,accuracy,100042,0.456,1,2.731823280286789,30.818621784448624,10,2.731823280286789,valid,0.4521960919735929,0.4915185753507925,0.45599999999999996,100042
GEN,0.456,353,353,offspring,0,0,TINYIMAGENET,769,main_b1000_tinyimagenet_alexnet_GEN_kp50_seed42,0.5,0.456,85,False,0.5,alexnet,False,0,0,1,0.456,765,9,0.456,353,1,0,4,0.5,TINYIMAGENET_alexnet_GEN_accuracy_kp5000_seed42,42,40000,769,42,accuracy,100042,0.456,1,2.731823280286789,30.186065770685673,10,2.731823280286789,valid,0.4521960919735929,0.4915185753507925,0.45599999999999996,100042
GEN,0.456,353,353,offspring,0,0,TINYIMAGENET,770,main_b1000_tinyimagenet_alexnet_GEN_kp50_seed42,0.5,0.456,85,False,0.5,alexnet,False,0,0,2,0.456,765,9,0.456,353,1,0,5,0.5,TINYIMAGENET_alexnet_GEN_accuracy_kp5000_seed42,42,40000,770,42,accuracy,100042,0.456,1,2.731823280286789,30.858880154788494,10,2.731823280286789,valid,0.4521960919735929,0.4915185753507925,0.45599999999999996,100042
GEN,0.456,353,353,offspring,0,0,TINYIMAGENET,771,main_b1000_tinyimagenet_alexnet_GEN_kp50_seed42,0.5,0.456,85,False,0.5,alexnet,False,0,0,1,0.456,762,6,0.456,760,4,0,6,0.5,TINYIMAGENET_alexnet_GEN_accuracy_kp5000_seed42,42,40000,771,42,accuracy,100042,0.456,1,2.731823280286789,30.205151669681072,10,2.731823280286789,valid,0.4521960919735929,0.4915185753507925,0.45599999999999996,100042
GEN,0.456,353,353,offspring,0,0,TINYIMAGENET,772,main_b1000_tinyimagenet_alexnet_GEN_kp50_seed42,0.5,0.456,85,False,0.5,alexnet,False,0,0,2,0.456,762,6,0.456,760,4,0,7,0.5,TINYIMAGENET_alexnet_GEN_accuracy_kp5000_seed42,42,40000,772,42,accuracy,100042,0.456,1,2.731823280286789,30.843212820589542,10,2.731823280286789,valid,0.4521960919735929,0.4915185753507925,0.45599999999999996,100042
GEN,0.456,353,353,offspring,0,0,TINYIMAGENET,773,main_b1000_tinyimagenet_alexnet_GEN_kp50_seed42,0.5,0.456,85,False,0.5,alexnet,False,0,0,1,0.456,761,5,0.456,763,7,0,8,0.5,TINYIMAGENET_alexnet_GEN_accuracy_kp5000_seed42,42,40000,773,42,accuracy,100042,0.456,1,2.731823280286789,30.306611888110638,10,2.731823280286789,valid,0.4521960919735929,0.4915185753507925,0.45599999999999996,100042
GEN,0.456,353,353,offspring,0,0,TINYIMAGENET,774,main_b1000_tinyimagenet_alexnet_GEN_kp50_seed42,0.5,0.456,85,False,0.5,alexnet,False,0,0,2,0.456,761,5,0.456,763,7,0,9,0.5,TINYIMAGENET_alexnet_GEN_accuracy_kp5000_seed42,42,40000,774,42,accuracy,100042,0.456,1,2.731823280286789,30.77496086061001,10,2.731823280286789,valid,0.4521960919735929,0.4915185753507925,0.45599999999999996,100042
GEN,0.456,353,353,offspring,0,0,TINYIMAGENET,775,main_b1000_tinyimagenet_alexnet_GEN_kp50_seed42,0.5,0.4378,85,False,0.5,alexnet,True,4000,2000,1,0.456,766,10,0.456,764,8,0,10,0.5,TINYIMAGENET_alexnet_GEN_accuracy_kp5000_seed42,42,40000,775,42,accuracy,100042,0.4378,1,2.847961750459671,30.264196008443832,10,2.847961750459671,valid,0.4346881266802272,0.489266730885948,0.4378,100042
GEN,0.456,353,353,offspring,0,0,TINYIMAGENET,776,main_b1000_tinyimagenet_alexnet_GEN_kp50_seed42,0.5,0.456,86,False,0.5,alexnet,False,0,0,1,0.456,772,7,0.456,768,3,0,2,0.5,TINYIMAGENET_alexnet_GEN_accuracy_kp5000_seed42,42,40000,776,42,accuracy,100042,0.456,1,2.731823280286789,30.826722264289856,10,2.731823280286789,valid,0.4521960919735929,0.4915185753507925,0.45599999999999996,100042
GEN,0.456,353,353,offspring,0,0,TINYIMAGENET,777,main_b1000_tinyimagenet_alexnet_GEN_kp50_seed42,0.5,0.456,86,False,0.5,alexnet,False,0,0,2,0.456,772,7,0.456,768,3,0,3,0.5,TINYIMAGENET_alexnet_GEN_accuracy_kp5000_seed42,42,40000,777,42,accuracy,100042,0.456,1,2.731823280286789,30.166059404611588,10,2.731823280286789,valid,0.4521960919735929,0.4915185753507925,0.45599999999999996,100042
GEN,0.456,353,353,offspring,0,0,TINYIMAGENET,778,main_b1000_tinyimagenet_alexnet_GEN_kp50_seed42,0.5,0.456,86,False,0.5,alexnet,False,0,0,1,0.456,353,1,0.456,773,8,0,4,0.5,TINYIMAGENET_alexnet_GEN_accuracy_kp5000_seed42,42,40000,778,42,accuracy,100042,0.456,1,2.731823280286789,30.938230723142624,10,2.731823280286789,valid,0.4521960919735929,0.4915185753507925,0.45599999999999996,100042
GEN,0.456,353,353,offspring,0,0,TINYIMAGENET,779,main_b1000_tinyimagenet_alexnet_GEN_kp50_seed42,0.5,0.456,86,False,0.5,alexnet,False,0,0,2,0.456,353,1,0.456,773,8,0,5,0.5,TINYIMAGENET_alexnet_GEN_accuracy_kp5000_seed42,42,40000,779,42,accuracy,100042,0.456,1,2.731823280286789,30.290572315454483,10,2.731823280286789,valid,0.4521960919735929,0.4915185753507925,0.45599999999999996,100042
GEN,0.456,353,353,offspring,0,0,TINYIMAGENET,780,main_b1000_tinyimagenet_alexnet_GEN_kp50_seed42,0.5,0.456,86,False,0.5,alexnet,False,0,0,1,0.456,767,2,0.456,772,7,0,6,0.5,TINYIMAGENET_alexnet_GEN_accuracy_kp5000_seed42,42,40000,780,42,accuracy,100042,0.456,1,2.731823280286789,30.98245945572853,10,2.731823280286789,valid,0.4521960919735929,0.4915185753507925,0.45599999999999996,100042
GEN,0.456,353,353,offspring,0,0,TINYIMAGENET,781,main_b1000_tinyimagenet_alexnet_GEN_kp50_seed42,0.5,0.456,86,False,0.5,alexnet,False,0,0,2,0.456,767,2,0.456,772,7,0,7,0.5,TINYIMAGENET_alexnet_GEN_accuracy_kp5000_seed42,42,40000,781,42,accuracy,100042,0.456,1,2.731823280286789,30.3124837577343,10,2.731823280286789,valid,0.4521960919735929,0.4915185753507925,0.45599999999999996,100042
GEN,0.456,353,353,offspring,0,0,TINYIMAGENET,782,main_b1000_tinyimagenet_alexnet_GEN_kp50_seed42,0.5,0.456,86,False,0.5,alexnet,False,0,0,1,0.456,767,2,0.456,768,3,0,8,0.5,TINYIMAGENET_alexnet_GEN_accuracy_kp5000_seed42,42,40000,782,42,accuracy,100042,0.456,1,2.731823280286789,30.892534367740154,10,2.731823280286789,valid,0.4521960919735929,0.4915185753507925,0.45599999999999996,100042
GEN,0.456,353,353,offspring,0,0,TINYIMAGENET,783,main_b1000_tinyimagenet_alexnet_GEN_kp50_seed42,0.5,0.456,86,False,0.5,alexnet,False,0,0,2,0.456,767,2,0.456,768,3,0,9,0.5,TINYIMAGENET_alexnet_GEN_accuracy_kp5000_seed42,42,40000,783,42,accuracy,100042,0.456,1,2.731823280286789,30.265322022140026,10,2.731823280286789,valid,0.4521960919735929,0.4915185753507925,0.45599999999999996,100042
GEN,0.456,353,353,offspring,0,0,TINYIMAGENET,784,main_b1000_tinyimagenet_alexnet_GEN_kp50_seed42,0.5,0.456,86,False,0.5,alexnet,False,0,0,1,0.456,769,4,0.456,771,6,0,10,0.5,TINYIMAGENET_alexnet_GEN_accuracy_kp5000_seed42,42,40000,784,42,accuracy,100042,0.456,1,2.731823280286789,30.84573081880808,10,2.731823280286789,valid,0.4521960919735929,0.4915185753507925,0.45599999999999996,100042
GEN,0.456,353,353,offspring,0,0,TINYIMAGENET,785,main_b1000_tinyimagenet_alexnet_GEN_kp50_seed42,0.5,0.456,87,False,0.5,alexnet,False,0,0,1,0.456,779,5,0.456,784,10,0,2,0.5,TINYIMAGENET_alexnet_GEN_accuracy_kp5000_seed42,42,40000,785,42,accuracy,100042,0.456,1,2.731823280286789,30.327946595847607,10,2.731823280286789,valid,0.4521960919735929,0.4915185753507925,0.45599999999999996,100042
GEN,0.456,353,353,offspring,0,0,TINYIMAGENET,786,main_b1000_tinyimagenet_alexnet_GEN_kp50_seed42,0.5,0.456,87,False,0.5,alexnet,False,0,0,2,0.456,779,5,0.456,784,10,0,3,0.5,TINYIMAGENET_alexnet_GEN_accuracy_kp5000_seed42,42,40000,786,42,accuracy,100042,0.456,1,2.731823280286789,30.853829935193062,10,2.731823280286789,valid,0.4521960919735929,0.4915185753507925,0.45599999999999996,100042
GEN,0.456,353,353,offspring,0,0,TINYIMAGENET,787,main_b1000_tinyimagenet_alexnet_GEN_kp50_seed42,0.5,0.456,87,False,0.5,alexnet,False,0,0,1,0.456,778,4,0.456,777,3,0,4,0.5,TINYIMAGENET_alexnet_GEN_accuracy_kp5000_seed42,42,40000,787,42,accuracy,100042,0.456,1,2.731823280286789,30.26026352494955,10,2.731823280286789,valid,0.4521960919735929,0.4915185753507925,0.45599999999999996,100042
GEN,0.456,353,353,offspring,0,0,TINYIMAGENET,788,main_b1000_tinyimagenet_alexnet_GEN_kp50_seed42,0.5,0.456,87,False,0.5,alexnet,False,0,0,2,0.456,778,4,0.456,777,3,0,5,0.5,TINYIMAGENET_alexnet_GEN_accuracy_kp5000_seed42,42,40000,788,42,accuracy,100042,0.456,1,2.731823280286789,30.85603106766939,10,2.731823280286789,valid,0.4521960919735929,0.4915185753507925,0.45599999999999996,100042
GEN,0.456,353,353,offspring,0,0,TINYIMAGENET,789,main_b1000_tinyimagenet_alexnet_GEN_kp50_seed42,0.5,0.456,87,False,0.5,alexnet,False,0,0,1,0.456,777,3,0.456,784,10,0,6,0.5,TINYIMAGENET_alexnet_GEN_accuracy_kp5000_seed42,42,40000,789,42,accuracy,100042,0.456,1,2.731823280286789,30.348634496331215,10,2.731823280286789,valid,0.4521960919735929,0.4915185753507925,0.45599999999999996,100042
GEN,0.456,353,353,offspring,0,0,TINYIMAGENET,790,main_b1000_tinyimagenet_alexnet_GEN_kp50_seed42,0.5,0.456,87,False,0.5,alexnet,False,0,0,2,0.456,777,3,0.456,784,10,0,7,0.5,TINYIMAGENET_alexnet_GEN_accuracy_kp5000_seed42,42,40000,790,42,accuracy,100042,0.456,1,2.731823280286789,30.982387825846672,10,2.731823280286789,valid,0.4521960919735929,0.4915185753507925,0.45599999999999996,100042
GEN,0.456,353,353,offspring,0,0,TINYIMAGENET,791,main_b1000_tinyimagenet_alexnet_GEN_kp50_seed42,0.5,0.456,87,False,0.5,alexnet,False,0,0,1,0.456,783,9,0.456,784,10,0,8,0.5,TINYIMAGENET_alexnet_GEN_accuracy_kp5000_seed42,42,40000,791,42,accuracy,100042,0.456,1,2.731823280286789,30.31534904241562,10,2.731823280286789,valid,0.4521960919735929,0.4915185753507925,0.45599999999999996,100042
GEN,0.456,353,353,offspring,0,0,TINYIMAGENET,792,main_b1000_tinyimagenet_alexnet_GEN_kp50_seed42,0.5,0.456,87,False,0.5,alexnet,False,0,0,2,0.456,783,9,0.456,784,10,0,9,0.5,TINYIMAGENET_alexnet_GEN_accuracy_kp5000_seed42,42,40000,792,42,accuracy,100042,0.456,1,2.731823280286789,30.816444881260395,10,2.731823280286789,valid,0.4521960919735929,0.4915185753507925,0.45599999999999996,100042
GEN,0.456,353,353,offspring,0,0,TINYIMAGENET,793,main_b1000_tinyimagenet_alexnet_GEN_kp50_seed42,0.5,0.456,87,False,0.5,alexnet,False,0,0,1,0.456,783,9,0.456,782,8,0,10,0.5,TINYIMAGENET_alexnet_GEN_accuracy_kp5000_seed42,42,40000,793,42,accuracy,100042,0.456,1,2.731823280286789,30.355744391679764,10,2.731823280286789,valid,0.4521960919735929,0.4915185753507925,0.45599999999999996,100042
GEN,0.456,353,353,offspring,0,0,TINYIMAGENET,794,main_b1000_tinyimagenet_alexnet_GEN_kp50_seed42,0.5,0.456,88,False,0.5,alexnet,False,0,0,1,0.456,791,8,0.456,789,6,0,2,0.5,TINYIMAGENET_alexnet_GEN_accuracy_kp5000_seed42,42,40000,794,42,accuracy,100042,0.456,1,2.731823280286789,30.746414825320244,10,2.731823280286789,valid,0.4521960919735929,0.4915185753507925,0.45599999999999996,100042
GEN,0.456,353,353,offspring,0,0,TINYIMAGENET,795,main_b1000_tinyimagenet_alexnet_GEN_kp50_seed42,0.5,0.456,88,False,0.5,alexnet,False,0,0,2,0.456,791,8,0.456,789,6,0,3,0.5,TINYIMAGENET_alexnet_GEN_accuracy_kp5000_seed42,42,40000,795,42,accuracy,100042,0.456,1,2.731823280286789,30.343050576746464,10,2.731823280286789,valid,0.4521960919735929,0.4915185753507925,0.45599999999999996,100042
GEN,0.456,353,353,offspring,0,0,TINYIMAGENET,796,main_b1000_tinyimagenet_alexnet_GEN_kp50_seed42,0.5,0.456,88,False,0.5,alexnet,False,0,0,1,0.456,785,2,0.456,789,6,0,4,0.5,TINYIMAGENET_alexnet_GEN_accuracy_kp5000_seed42,42,40000,796,42,accuracy,100042,0.456,1,2.731823280286789,30.84738413989544,10,2.731823280286789,valid,0.4521960919735929,0.4915185753507925,0.45599999999999996,100042
GEN,0.456,353,353,offspring,0,0,TINYIMAGENET,797,main_b1000_tinyimagenet_alexnet_GEN_kp50_seed42,0.5,0.456,88,False,0.5,alexnet,False,0,0,2,0.456,785,2,0.456,789,6,0,5,0.5,TINYIMAGENET_alexnet_GEN_accuracy_kp5000_seed42,42,40000,797,42,accuracy,100042,0.456,1,2.731823280286789,30.34861209243536,10,2.731823280286789,valid,0.4521960919735929,0.4915185753507925,0.45599999999999996,100042
GEN,0.456,353,353,offspring,0,0,TINYIMAGENET,798,main_b1000_tinyimagenet_alexnet_GEN_kp50_seed42,0.5,0.456,88,False,0.5,alexnet,False,0,0,1,0.456,788,5,0.456,791,8,0,6,0.5,TINYIMAGENET_alexnet_GEN_accuracy_kp5000_seed42,42,40000,798,42,accuracy,100042,0.456,1,2.731823280286789,30.81181111931801,10,2.731823280286789,valid,0.4521960919735929,0.4915185753507925,0.45599999999999996,100042
GEN,0.456,353,353,offspring,0,0,TINYIMAGENET,799,main_b1000_tinyimagenet_alexnet_GEN_kp50_seed42,0.5,0.456,88,False,0.5,alexnet,False,0,0,2,0.456,788,5,0.456,791,8,0,7,0.5,TINYIMAGENET_alexnet_GEN_accuracy_kp5000_seed42,42,40000,799,42,accuracy,100042,0.456,1,2.731823280286789,30.38078523427248,10,2.731823280286789,valid,0.4521960919735929,0.4915185753507925,0.45599999999999996,100042
GEN,0.456,353,353,offspring,0,0,TINYIMAGENET,800,main_b1000_tinyimagenet_alexnet_GEN_kp50_seed42,0.5,0.456,88,False,0.5,alexnet,False,0,0,1,0.456,788,5,0.456,787,4,0,8,0.5,TINYIMAGENET_alexnet_GEN_accuracy_kp5000_seed42,42,40000,800,42,accuracy,100042,0.456,1,2.731823280286789,30.909069947898388,10,2.731823280286789,valid,0.4521960919735929,0.4915185753507925,0.45599999999999996,100042
GEN,0.456,353,353,offspring,0,0,TINYIMAGENET,801,main_b1000_tinyimagenet_alexnet_GEN_kp50_seed42,0.5,0.456,88,False,0.5,alexnet,False,0,0,2,0.456,788,5,0.456,787,4,0,9,0.5,TINYIMAGENET_alexnet_GEN_accuracy_kp5000_seed42,42,40000,801,42,accuracy,100042,0.456,1,2.731823280286789,30.35567706078291,10,2.731823280286789,valid,0.4521960919735929,0.4915185753507925,0.45599999999999996,100042
GEN,0.456,353,353,offspring,0,0,TINYIMAGENET,802,main_b1000_tinyimagenet_alexnet_GEN_kp50_seed42,0.5,0.456,88,False,0.5,alexnet,False,0,0,1,0.456,787,4,0.456,792,9,0,10,0.5,TINYIMAGENET_alexnet_GEN_accuracy_kp5000_seed42,42,40000,802,42,accuracy,100042,0.456,1,2.731823280286789,30.865266770124435,10,2.731823280286789,valid,0.4521960919735929,0.4915185753507925,0.45599999999999996,100042
GEN,0.456,353,353,offspring,0,0,TINYIMAGENET,803,main_b1000_tinyimagenet_alexnet_GEN_kp50_seed42,0.5,0.456,89,False,0.5,alexnet,False,0,0,1,0.456,800,8,0.456,353,1,0,2,0.5,TINYIMAGENET_alexnet_GEN_accuracy_kp5000_seed42,42,40000,803,42,accuracy,100042,0.456,1,2.731823280286789,30.36163706332445,10,2.731823280286789,valid,0.4521960919735929,0.4915185753507925,0.45599999999999996,100042
GEN,0.456,353,353,offspring,0,0,TINYIMAGENET,804,main_b1000_tinyimagenet_alexnet_GEN_kp50_seed42,0.5,0.456,89,False,0.5,alexnet,False,0,0,2,0.456,800,8,0.456,353,1,0,3,0.5,TINYIMAGENET_alexnet_GEN_accuracy_kp5000_seed42,42,40000,804,42,accuracy,100042,0.456,1,2.731823280286789,30.757622219622135,10,2.731823280286789,valid,0.4521960919735929,0.4915185753507925,0.45599999999999996,100042
GEN,0.456,353,353,offspring,0,0,TINYIMAGENET,805,main_b1000_tinyimagenet_alexnet_GEN_kp50_seed42,0.5,0.456,89,False,0.5,alexnet,False,0,0,1,0.456,353,1,0.456,798,6,0,4,0.5,TINYIMAGENET_alexnet_GEN_accuracy_kp5000_seed42,42,40000,805,42,accuracy,100042,0.456,1,2.731823280286789,30.35971786081791,10,2.731823280286789,valid,0.4521960919735929,0.4915185753507925,0.45599999999999996,100042
GEN,0.456,353,353,offspring,0,0,TINYIMAGENET,806,main_b1000_tinyimagenet_alexnet_GEN_kp50_seed42,0.5,0.456,89,False,0.5,alexnet,False,0,0,2,0.456,353,1,0.456,798,6,0,5,0.5,TINYIMAGENET_alexnet_GEN_accuracy_kp5000_seed42,42,40000,806,42,accuracy,100042,0.456,1,2.731823280286789,30.74227826297283,10,2.731823280286789,valid,0.4521960919735929,0.4915185753507925,0.45599999999999996,100042
GEN,0.456,353,353,offspring,0,0,TINYIMAGENET,807,main_b1000_tinyimagenet_alexnet_GEN_kp50_seed42,0.5,0.456,89,False,0.5,alexnet,False,0,0,1,0.456,801,9,0.456,798,6,0,6,0.5,TINYIMAGENET_alexnet_GEN_accuracy_kp5000_seed42,42,40000,807,42,accuracy,100042,0.456,1,2.731823280286789,30.51507467776537,10,2.731823280286789,valid,0.4521960919735929,0.4915185753507925,0.45599999999999996,100042
GEN,0.456,353,353,offspring,0,0,TINYIMAGENET,808,main_b1000_tinyimagenet_alexnet_GEN_kp50_seed42,0.5,0.456,89,False,0.5,alexnet,False,0,0,2,0.456,801,9,0.456,798,6,0,7,0.5,TINYIMAGENET_alexnet_GEN_accuracy_kp5000_seed42,42,40000,808,42,accuracy,100042,0.456,1,2.731823280286789,30.75855692476034,10,2.731823280286789,valid,0.4521960919735929,0.4915185753507925,0.45599999999999996,100042
GEN,0.456,353,353,offspring,0,0,TINYIMAGENET,809,main_b1000_tinyimagenet_alexnet_GEN_kp50_seed42,0.5,0.456,89,False,0.5,alexnet,False,0,0,1,0.456,796,4,0.456,795,3,0,8,0.5,TINYIMAGENET_alexnet_GEN_accuracy_kp5000_seed42,42,40000,809,42,accuracy,100042,0.456,1,2.731823280286789,31.13899275660515,10,2.731823280286789,valid,0.4521960919735929,0.4915185753507925,0.45599999999999996,100042
GEN,0.456,353,353,offspring,0,0,TINYIMAGENET,810,main_b1000_tinyimagenet_alexnet_GEN_kp50_seed42,0.5,0.456,89,False,0.5,alexnet,False,0,0,2,0.456,796,4,0.456,795,3,0,9,0.5,TINYIMAGENET_alexnet_GEN_accuracy_kp5000_seed42,42,40000,810,42,accuracy,100042,0.456,1,2.731823280286789,30.758543394505978,10,2.731823280286789,valid,0.4521960919735929,0.4915185753507925,0.45599999999999996,100042
GEN,0.456,353,353,offspring,0,0,TINYIMAGENET,811,main_b1000_tinyimagenet_alexnet_GEN_kp50_seed42,0.5,0.456,89,False,0.5,alexnet,False,0,0,1,0.456,801,9,0.456,798,6,0,10,0.5,TINYIMAGENET_alexnet_GEN_accuracy_kp5000_seed42,42,40000,811,42,accuracy,100042,0.456,1,2.731823280286789,30.63313487917185,10,2.731823280286789,valid,0.4521960919735929,0.4915185753507925,0.45599999999999996,100042
GEN,0.456,353,353,offspring,0,0,TINYIMAGENET,812,main_b1000_tinyimagenet_alexnet_GEN_kp50_seed42,0.5,0.456,90,False,0.5,alexnet,False,0,0,1,0.456,810,9,0.456,803,2,0,2,0.5,TINYIMAGENET_alexnet_GEN_accuracy_kp5000_seed42,42,40000,812,42,accuracy,100042,0.456,1,2.731823280286789,30.63426347821951,10,2.731823280286789,valid,0.4521960919735929,0.4915185753507925,0.45599999999999996,100042
GEN,0.456,353,353,offspring,0,0,TINYIMAGENET,813,main_b1000_tinyimagenet_alexnet_GEN_kp50_seed42,0.5,0.456,90,False,0.5,alexnet,False,0,0,2,0.456,810,9,0.456,803,2,0,3,0.5,TINYIMAGENET_alexnet_GEN_accuracy_kp5000_seed42,42,40000,813,42,accuracy,100042,0.456,1,2.731823280286789,30.675192959606647,10,2.731823280286789,valid,0.4521960919735929,0.4915185753507925,0.45599999999999996,100042
GEN,0.456,353,353,offspring,0,0,TINYIMAGENET,814,main_b1000_tinyimagenet_alexnet_GEN_kp50_seed42,0.5,0.456,90,False,0.5,alexnet,False,0,0,1,0.456,353,1,0.456,807,6,0,4,0.5,TINYIMAGENET_alexnet_GEN_accuracy_kp5000_seed42,42,40000,814,42,accuracy,100042,0.456,1,2.731823280286789,30.54375459998846,10,2.731823280286789,valid,0.4521960919735929,0.4915185753507925,0.45599999999999996,100042
GEN,0.456,353,353,offspring,0,0,TINYIMAGENET,815,main_b1000_tinyimagenet_alexnet_GEN_kp50_seed42,0.5,0.456,90,False,0.5,alexnet,False,0,0,2,0.456,353,1,0.456,807,6,0,5,0.5,TINYIMAGENET_alexnet_GEN_accuracy_kp5000_seed42,42,40000,815,42,accuracy,100042,0.456,1,2.731823280286789,30.60621177405119,10,2.731823280286789,valid,0.4521960919735929,0.4915185753507925,0.45599999999999996,100042
GEN,0.456,353,353,offspring,0,0,TINYIMAGENET,816,main_b1000_tinyimagenet_alexnet_GEN_kp50_seed42,0.5,0.456,90,False,0.5,alexnet,False,0,0,1,0.456,806,5,0.456,810,9,0,6,0.5,TINYIMAGENET_alexnet_GEN_accuracy_kp5000_seed42,42,40000,816,42,accuracy,100042,0.456,1,2.731823280286789,30.58320391923189,10,2.731823280286789,valid,0.4521960919735929,0.4915185753507925,0.45599999999999996,100042
GEN,0.456,353,353,offspring,0,0,TINYIMAGENET,817,main_b1000_tinyimagenet_alexnet_GEN_kp50_seed42,0.5,0.456,90,False,0.5,alexnet,False,0,0,2,0.456,806,5,0.456,810,9,0,7,0.5,TINYIMAGENET_alexnet_GEN_accuracy_kp5000_seed42,42,40000,817,42,accuracy,100042,0.456,1,2.731823280286789,30.62468260526657,10,2.731823280286789,valid,0.4521960919735929,0.4915185753507925,0.45599999999999996,100042
GEN,0.456,353,353,offspring,0,0,TINYIMAGENET,818,main_b1000_tinyimagenet_alexnet_GEN_kp50_seed42,0.5,0.456,90,False,0.5,alexnet,False,0,0,1,0.456,804,3,0.456,809,8,0,8,0.5,TINYIMAGENET_alexnet_GEN_accuracy_kp5000_seed42,42,40000,818,42,accuracy,100042,0.456,1,2.731823280286789,30.37234227359295,10,2.731823280286789,valid,0.4521960919735929,0.4915185753507925,0.45599999999999996,100042
GEN,0.456,353,353,offspring,0,0,TINYIMAGENET,819,main_b1000_tinyimagenet_alexnet_GEN_kp50_seed42,0.5,0.456,90,False,0.5,alexnet,False,0,0,2,0.456,804,3,0.456,809,8,0,9,0.5,TINYIMAGENET_alexnet_GEN_accuracy_kp5000_seed42,42,40000,819,42,accuracy,100042,0.456,1,2.731823280286789,30.65909356623888,10,2.731823280286789,valid,0.4521960919735929,0.4915185753507925,0.45599999999999996,100042
GEN,0.456,353,353,offspring,0,0,TINYIMAGENET,820,main_b1000_tinyimagenet_alexnet_GEN_kp50_seed42,0.5,0.456,90,False,0.5,alexnet,False,0,0,1,0.456,353,1,0.456,805,4,0,10,0.5,TINYIMAGENET_alexnet_GEN_accuracy_kp5000_seed42,42,40000,820,42,accuracy,100042,0.456,1,2.731823280286789,30.41357173770666,10,2.731823280286789,valid,0.4521960919735929,0.4915185753507925,0.45599999999999996,100042
GEN,0.456,353,353,offspring,0,0,TINYIMAGENET,821,main_b1000_tinyimagenet_alexnet_GEN_kp50_seed42,0.5,0.456,91,False,0.5,alexnet,False,0,0,1,0.456,820,10,0.456,815,5,0,2,0.5,TINYIMAGENET_alexnet_GEN_accuracy_kp5000_seed42,42,40000,821,42,accuracy,100042,0.456,1,2.731823280286789,30.7170200496912,10,2.731823280286789,valid,0.4521960919735929,0.4915185753507925,0.45599999999999996,100042
GEN,0.456,353,353,offspring,0,0,TINYIMAGENET,822,main_b1000_tinyimagenet_alexnet_GEN_kp50_seed42,0.5,0.456,91,False,0.5,alexnet,False,0,0,2,0.456,820,10,0.456,815,5,0,3,0.5,TINYIMAGENET_alexnet_GEN_accuracy_kp5000_seed42,42,40000,822,42,accuracy,100042,0.456,1,2.731823280286789,30.483623899519444,10,2.731823280286789,valid,0.4521960919735929,0.4915185753507925,0.45599999999999996,100042
GEN,0.456,353,353,offspring,0,0,TINYIMAGENET,823,main_b1000_tinyimagenet_alexnet_GEN_kp50_seed42,0.5,0.456,91,False,0.5,alexnet,False,0,0,1,0.456,816,6,0.456,814,4,0,4,0.5,TINYIMAGENET_alexnet_GEN_accuracy_kp5000_seed42,42,40000,823,42,accuracy,100042,0.456,1,2.731823280286789,30.85722679644823,10,2.731823280286789,valid,0.4521960919735929,0.4915185753507925,0.45599999999999996,100042
GEN,0.456,353,353,offspring,0,0,TINYIMAGENET,824,main_b1000_tinyimagenet_alexnet_GEN_kp50_seed42,0.5,0.456,91,False,0.5,alexnet,False,0,0,2,0.456,816,6,0.456,814,4,0,5,0.5,TINYIMAGENET_alexnet_GEN_accuracy_kp5000_seed42,42,40000,824,42,accuracy,100042,0.456,1,2.731823280286789,30.374249570071697,10,2.731823280286789,valid,0.4521960919735929,0.4915185753507925,0.45599999999999996,100042
GEN,0.456,353,353,offspring,0,0,TINYIMAGENET,825,main_b1000_tinyimagenet_alexnet_GEN_kp50_seed42,0.5,0.456,91,False,0.5,alexnet,False,0,0,1,0.456,353,1,0.456,816,6,0,6,0.5,TINYIMAGENET_alexnet_GEN_accuracy_kp5000_seed42,42,40000,825,42,accuracy,100042,0.456,1,2.731823280286789,30.913529202342033,10,2.731823280286789,valid,0.4521960919735929,0.4915185753507925,0.45599999999999996,100042
GEN,0.456,353,353,offspring,0,0,TINYIMAGENET,826,main_b1000_tinyimagenet_alexnet_GEN_kp50_seed42,0.5,0.456,91,False,0.5,alexnet,False,0,0,2,0.456,353,1,0.456,816,6,0,7,0.5,TINYIMAGENET_alexnet_GEN_accuracy_kp5000_seed42,42,40000,826,42,accuracy,100042,0.456,1,2.731823280286789,30.504825115203857,10,2.731823280286789,valid,0.4521960919735929,0.4915185753507925,0.45599999999999996,100042
GEN,0.456,353,353,offspring,0,0,TINYIMAGENET,827,main_b1000_tinyimagenet_alexnet_GEN_kp50_seed42,0.5,0.456,91,False,0.5,alexnet,False,0,0,1,0.456,819,9,0.456,817,7,0,8,0.5,TINYIMAGENET_alexnet_GEN_accuracy_kp5000_seed42,42,40000,827,42,accuracy,100042,0.456,1,2.731823280286789,30.804401144385338,10,2.731823280286789,valid,0.4521960919735929,0.4915185753507925,0.45599999999999996,100042
GEN,0.456,353,353,offspring,0,0,TINYIMAGENET,828,main_b1000_tinyimagenet_alexnet_GEN_kp50_seed42,0.5,0.456,91,False,0.5,alexnet,False,0,0,2,0.456,819,9,0.456,817,7,0,9,0.5,TINYIMAGENET_alexnet_GEN_accuracy_kp5000_seed42,42,40000,828,42,accuracy,100042,0.456,1,2.731823280286789,30.39436087757349,10,2.731823280286789,valid,0.4521960919735929,0.4915185753507925,0.45599999999999996,100042
GEN,0.456,353,353,offspring,0,0,TINYIMAGENET,829,main_b1000_tinyimagenet_alexnet_GEN_kp50_seed42,0.5,0.456,91,False,0.5,alexnet,False,0,0,1,0.456,820,10,0.456,817,7,0,10,0.5,TINYIMAGENET_alexnet_GEN_accuracy_kp5000_seed42,42,40000,829,42,accuracy,100042,0.456,1,2.731823280286789,30.934146411716938,10,2.731823280286789,valid,0.4521960919735929,0.4915185753507925,0.45599999999999996,100042
GEN,0.456,353,353,offspring,0,0,TINYIMAGENET,830,main_b1000_tinyimagenet_alexnet_GEN_kp50_seed42,0.5,0.456,92,False,0.5,alexnet,False,0,0,1,0.456,825,6,0.456,824,5,0,2,0.5,TINYIMAGENET_alexnet_GEN_accuracy_kp5000_seed42,42,40000,830,42,accuracy,100042,0.456,1,2.731823280286789,30.375592812895775,10,2.731823280286789,valid,0.4521960919735929,0.4915185753507925,0.45599999999999996,100042
GEN,0.456,353,353,offspring,0,0,TINYIMAGENET,831,main_b1000_tinyimagenet_alexnet_GEN_kp50_seed42,0.5,0.456,92,False,0.5,alexnet,False,0,0,2,0.456,825,6,0.456,824,5,0,3,0.5,TINYIMAGENET_alexnet_GEN_accuracy_kp5000_seed42,42,40000,831,42,accuracy,100042,0.456,1,2.731823280286789,30.844104878604412,10,2.731823280286789,valid,0.4521960919735929,0.4915185753507925,0.45599999999999996,100042
GEN,0.456,353,353,offspring,0,0,TINYIMAGENET,832,main_b1000_tinyimagenet_alexnet_GEN_kp50_seed42,0.5,0.44095,92,False,0.5,alexnet,True,4000,2000,1,0.456,353,1,0.456,829,10,0,4,0.5,TINYIMAGENET_alexnet_GEN_accuracy_kp5000_seed42,42,40000,832,42,accuracy,100042,0.44095,1,2.8131934950351716,30.392125114798546,10,2.8131934950351716,valid,0.43922765615969295,0.489113882216773,0.44095,100042
GEN,0.456,353,353,offspring,0,0,TINYIMAGENET,833,main_b1000_tinyimagenet_alexnet_GEN_kp50_seed42,0.5,0.456,92,False,0.5,alexnet,False,0,0,2,0.456,353,1,0.456,829,10,0,5,0.5,TINYIMAGENET_alexnet_GEN_accuracy_kp5000_seed42,42,40000,833,42,accuracy,100042,0.456,1,2.731823280286789,30.86643309146166,10,2.731823280286789,valid,0.4521960919735929,0.4915185753507925,0.45599999999999996,100042
GEN,0.456,353,353,offspring,0,0,TINYIMAGENET,834,main_b1000_tinyimagenet_alexnet_GEN_kp50_seed42,0.5,0.456,92,False,0.5,alexnet,False,0,0,1,0.456,822,3,0.456,826,7,0,6,0.5,TINYIMAGENET_alexnet_GEN_accuracy_kp5000_seed42,42,40000,834,42,accuracy,100042,0.456,1,2.731823280286789,30.345775447785854,10,2.731823280286789,valid,0.4521960919735929,0.4915185753507925,0.45599999999999996,100042
GEN,0.456,353,353,offspring,0,0,TINYIMAGENET,835,main_b1000_tinyimagenet_alexnet_GEN_kp50_seed42,0.5,0.456,92,False,0.5,alexnet,False,0,0,2,0.456,822,3,0.456,826,7,0,7,0.5,TINYIMAGENET_alexnet_GEN_accuracy_kp5000_seed42,42,40000,835,42,accuracy,100042,0.456,1,2.731823280286789,30.90781043469906,10,2.731823280286789,valid,0.4521960919735929,0.4915185753507925,0.45599999999999996,100042
GEN,0.456,353,353,offspring,0,0,TINYIMAGENET,836,main_b1000_tinyimagenet_alexnet_GEN_kp50_seed42,0.5,0.456,92,False,0.5,alexnet,False,0,0,1,0.456,822,3,0.456,825,6,0,8,0.5,TINYIMAGENET_alexnet_GEN_accuracy_kp5000_seed42,42,40000,836,42,accuracy,100042,0.456,1,2.731823280286789,30.399506464600563,10,2.731823280286789,valid,0.4521960919735929,0.4915185753507925,0.45599999999999996,100042
GEN,0.456,353,353,offspring,0,0,TINYIMAGENET,837,main_b1000_tinyimagenet_alexnet_GEN_kp50_seed42,0.5,0.44435,92,False,0.5,alexnet,True,4000,2000,2,0.456,822,3,0.456,825,6,0,9,0.5,TINYIMAGENET_alexnet_GEN_accuracy_kp5000_seed42,42,40000,837,42,accuracy,100042,0.44435,1,2.817989856815338,31.00828291475773,10,2.817989856815338,valid,0.4456393535068405,0.5021403854226697,0.44435,100042
GEN,0.456,353,353,offspring,0,0,TINYIMAGENET,838,main_b1000_tinyimagenet_alexnet_GEN_kp50_seed42,0.5,0.456,92,False,0.5,alexnet,False,0,0,1,0.456,821,2,0.456,828,9,0,10,0.5,TINYIMAGENET_alexnet_GEN_accuracy_kp5000_seed42,42,40000,838,42,accuracy,100042,0.456,1,2.731823280286789,30.421894878149033,10,2.731823280286789,valid,0.4521960919735929,0.4915185753507925,0.45599999999999996,100042
GEN,0.456,353,353,offspring,0,0,TINYIMAGENET,839,main_b1000_tinyimagenet_alexnet_GEN_kp50_seed42,0.5,0.456,93,False,0.5,alexnet,False,0,0,1,0.456,838,10,0.456,831,3,0,2,0.5,TINYIMAGENET_alexnet_GEN_accuracy_kp5000_seed42,42,40000,839,42,accuracy,100042,0.456,1,2.731823280286789,30.900804184377193,10,2.731823280286789,valid,0.4521960919735929,0.4915185753507925,0.45599999999999996,100042
GEN,0.456,353,353,offspring,0,0,TINYIMAGENET,840,main_b1000_tinyimagenet_alexnet_GEN_kp50_seed42,0.5,0.456,93,False,0.5,alexnet,False,0,0,2,0.456,838,10,0.456,831,3,0,3,0.5,TINYIMAGENET_alexnet_GEN_accuracy_kp5000_seed42,42,40000,840,42,accuracy,100042,0.456,1,2.731823280286789,30.409586437046528,10,2.731823280286789,valid,0.4521960919735929,0.4915185753507925,0.45599999999999996,100042
GEN,0.456,353,353,offspring,0,0,TINYIMAGENET,841,main_b1000_tinyimagenet_alexnet_GEN_kp50_seed42,0.5,0.456,93,False,0.5,alexnet,False,0,0,1,0.456,833,5,0.456,836,8,0,4,0.5,TINYIMAGENET_alexnet_GEN_accuracy_kp5000_seed42,42,40000,841,42,accuracy,100042,0.456,1,2.731823280286789,30.874241419136524,10,2.731823280286789,valid,0.4521960919735929,0.4915185753507925,0.45599999999999996,100042
GEN,0.456,353,353,offspring,0,0,TINYIMAGENET,842,main_b1000_tinyimagenet_alexnet_GEN_kp50_seed42,0.5,0.456,93,False,0.5,alexnet,False,0,0,2,0.456,833,5,0.456,836,8,0,5,0.5,TINYIMAGENET_alexnet_GEN_accuracy_kp5000_seed42,42,40000,842,42,accuracy,100042,0.456,1,2.731823280286789,30.40413958579302,10,2.731823280286789,valid,0.4521960919735929,0.4915185753507925,0.45599999999999996,100042
GEN,0.456,353,353,offspring,0,0,TINYIMAGENET,843,main_b1000_tinyimagenet_alexnet_GEN_kp50_seed42,0.5,0.4416,93,False,0.5,alexnet,True,4000,2000,1,0.456,833,5,0.456,834,6,0,6,0.5,TINYIMAGENET_alexnet_GEN_accuracy_kp5000_seed42,42,40000,843,42,accuracy,100042,0.4416,1,2.7869390625,30.84754417836666,10,2.7869390625,valid,0.44086685112147395,0.487638956459107,0.4416,100042
GEN,0.456,353,353,offspring,0,0,TINYIMAGENET,844,main_b1000_tinyimagenet_alexnet_GEN_kp50_seed42,0.5,0.456,93,False,0.5,alexnet,False,0,0,2,0.456,833,5,0.456,834,6,0,7,0.5,TINYIMAGENET_alexnet_GEN_accuracy_kp5000_seed42,42,40000,844,42,accuracy,100042,0.456,1,2.731823280286789,30.382677599787712,10,2.731823280286789,valid,0.4521960919735929,0.4915185753507925,0.45599999999999996,100042
GEN,0.456,353,353,offspring,0,0,TINYIMAGENET,845,main_b1000_tinyimagenet_alexnet_GEN_kp50_seed42,0.5,0.456,93,False,0.5,alexnet,False,0,0,1,0.456,833,5,0.456,835,7,0,8,0.5,TINYIMAGENET_alexnet_GEN_accuracy_kp5000_seed42,42,40000,845,42,accuracy,100042,0.456,1,2.731823280286789,30.814641788601875,10,2.731823280286789,valid,0.4521960919735929,0.4915185753507925,0.45599999999999996,100042
GEN,0.456,353,353,offspring,0,0,TINYIMAGENET,846,main_b1000_tinyimagenet_alexnet_GEN_kp50_seed42,0.5,0.456,93,False,0.5,alexnet,False,0,0,2,0.456,833,5,0.456,835,7,0,9,0.5,TINYIMAGENET_alexnet_GEN_accuracy_kp5000_seed42,42,40000,846,42,accuracy,100042,0.456,1,2.731823280286789,30.394354447722435,10,2.731823280286789,valid,0.4521960919735929,0.4915185753507925,0.45599999999999996,100042
GEN,0.456,353,353,offspring,0,0,TINYIMAGENET,847,main_b1000_tinyimagenet_alexnet_GEN_kp50_seed42,0.5,0.456,93,False,0.5,alexnet,False,0,0,1,0.456,830,2,0.456,835,7,0,10,0.5,TINYIMAGENET_alexnet_GEN_accuracy_kp5000_seed42,42,40000,847,42,accuracy,100042,0.456,1,2.731823280286789,30.758740827441216,10,2.731823280286789,valid,0.4521960919735929,0.4915185753507925,0.45599999999999996,100042
GEN,0.456,353,353,offspring,0,0,TINYIMAGENET,848,main_b1000_tinyimagenet_alexnet_GEN_kp50_seed42,0.5,0.456,94,False,0.5,alexnet,False,0,0,1,0.456,353,1,0.456,841,4,0,2,0.5,TINYIMAGENET_alexnet_GEN_accuracy_kp5000_seed42,42,40000,848,42,accuracy,100042,0.456,1,2.731823280286789,30.203857138752937,10,2.731823280286789,valid,0.4521960919735929,0.4915185753507925,0.45599999999999996,100042
GEN,0.456,353,353,offspring,0,0,TINYIMAGENET,849,main_b1000_tinyimagenet_alexnet_GEN_kp50_seed42,0.5,0.456,94,False,0.5,alexnet,False,0,0,2,0.456,353,1,0.456,841,4,0,3,0.5,TINYIMAGENET_alexnet_GEN_accuracy_kp5000_seed42,42,40000,849,42,accuracy,100042,0.456,1,2.731823280286789,30.888695649802685,10,2.731823280286789,valid,0.4521960919735929,0.4915185753507925,0.45599999999999996,100042
GEN,0.456,353,353,offspring,0,0,TINYIMAGENET,850,main_b1000_tinyimagenet_alexnet_GEN_kp50_seed42,0.5,0.456,94,False,0.5,alexnet,False,0,0,1,0.456,839,2,0.456,847,10,0,4,0.5,TINYIMAGENET_alexnet_GEN_accuracy_kp5000_seed42,42,40000,850,42,accuracy,100042,0.456,1,2.731823280286789,30.36136781424284,10,2.731823280286789,valid,0.4521960919735929,0.4915185753507925,0.45599999999999996,100042
GEN,0.456,353,353,offspring,0,0,TINYIMAGENET,851,main_b1000_tinyimagenet_alexnet_GEN_kp50_seed42,0.5,0.4393,94,False,0.5,alexnet,True,4000,2000,2,0.456,839,2,0.456,847,10,0,5,0.5,TINYIMAGENET_alexnet_GEN_accuracy_kp5000_seed42,42,40000,851,42,accuracy,100042,0.4393,1,2.8335289327144624,30.804939441382885,10,2.8335289327144624,valid,0.43905707476396444,0.499136847544257,0.4392999999999999,100042
GEN,0.456,353,353,offspring,0,0,TINYIMAGENET,852,main_b1000_tinyimagenet_alexnet_GEN_kp50_seed42,0.5,0.4366,94,False,0.5,alexnet,True,4000,2000,1,0.456,839,2,0.456,847,10,0,6,0.5,TINYIMAGENET_alexnet_GEN_accuracy_kp5000_seed42,42,40000,852,42,accuracy,100042,0.4366,1,2.8670102178573607,30.34363628178835,10,2.8670102178573607,valid,0.4372338722318097,0.5048582661864277,0.4366,100042
GEN,0.456,353,353,offspring,0,0,TINYIMAGENET,853,main_b1000_tinyimagenet_alexnet_GEN_kp50_seed42,0.5,0.456,94,False,0.5,alexnet,False,0,0,2,0.456,839,2,0.456,847,10,0,7,0.5,TINYIMAGENET_alexnet_GEN_accuracy_kp5000_seed42,42,40000,853,42,accuracy,100042,0.456,1,2.731823280286789,30.879607006907463,10,2.731823280286789,valid,0.4521960919735929,0.4915185753507925,0.45599999999999996,100042
GEN,0.456,353,353,offspring,0,0,TINYIMAGENET,854,main_b1000_tinyimagenet_alexnet_GEN_kp50_seed42,0.5,0.456,94,False,0.5,alexnet,False,0,0,1,0.456,846,9,0.456,353,1,0,8,0.5,TINYIMAGENET_alexnet_GEN_accuracy_kp5000_seed42,42,40000,854,42,accuracy,100042,0.456,1,2.731823280286789,30.39295795559883,10,2.731823280286789,valid,0.4521960919735929,0.4915185753507925,0.45599999999999996,100042
GEN,0.456,353,353,offspring,0,0,TINYIMAGENET,855,main_b1000_tinyimagenet_alexnet_GEN_kp50_seed42,0.5,0.456,94,False,0.5,alexnet,False,0,0,2,0.456,846,9,0.456,353,1,0,9,0.5,TINYIMAGENET_alexnet_GEN_accuracy_kp5000_seed42,42,40000,855,42,accuracy,100042,0.456,1,2.731823280286789,30.873181842267513,10,2.731823280286789,valid,0.4521960919735929,0.4915185753507925,0.45599999999999996,100042
GEN,0.456,353,353,offspring,0,0,TINYIMAGENET,856,main_b1000_tinyimagenet_alexnet_GEN_kp50_seed42,0.5,0.456,94,False,0.5,alexnet,False,0,0,1,0.456,353,1,0.456,844,7,0,10,0.5,TINYIMAGENET_alexnet_GEN_accuracy_kp5000_seed42,42,40000,856,42,accuracy,100042,0.456,1,2.731823280286789,30.34056005626917,10,2.731823280286789,valid,0.4521960919735929,0.4915185753507925,0.45599999999999996,100042
GEN,0.456,353,353,offspring,0,0,TINYIMAGENET,857,main_b1000_tinyimagenet_alexnet_GEN_kp50_seed42,0.5,0.456,95,False,0.5,alexnet,False,0,0,1,0.456,849,3,0.456,850,4,0,2,0.5,TINYIMAGENET_alexnet_GEN_accuracy_kp5000_seed42,42,40000,857,42,accuracy,100042,0.456,1,2.731823280286789,30.91521492600441,10,2.731823280286789,valid,0.4521960919735929,0.4915185753507925,0.45599999999999996,100042
GEN,0.456,353,353,offspring,0,0,TINYIMAGENET,858,main_b1000_tinyimagenet_alexnet_GEN_kp50_seed42,0.5,0.456,95,False,0.5,alexnet,False,0,0,2,0.456,849,3,0.456,850,4,0,3,0.5,TINYIMAGENET_alexnet_GEN_accuracy_kp5000_seed42,42,40000,858,42,accuracy,100042,0.456,1,2.731823280286789,30.276890821754932,10,2.731823280286789,valid,0.4521960919735929,0.4915185753507925,0.45599999999999996,100042
GEN,0.456,353,353,offspring,0,0,TINYIMAGENET,859,main_b1000_tinyimagenet_alexnet_GEN_kp50_seed42,0.5,0.456,95,False,0.5,alexnet,False,0,0,1,0.456,853,7,0.456,850,4,0,4,0.5,TINYIMAGENET_alexnet_GEN_accuracy_kp5000_seed42,42,40000,859,42,accuracy,100042,0.456,1,2.731823280286789,30.810607865452766,10,2.731823280286789,valid,0.4521960919735929,0.4915185753507925,0.45599999999999996,100042
GEN,0.456,353,353,offspring,0,0,TINYIMAGENET,860,main_b1000_tinyimagenet_alexnet_GEN_kp50_seed42,0.5,0.456,95,False,0.5,alexnet,False,0,0,2,0.456,853,7,0.456,850,4,0,5,0.5,TINYIMAGENET_alexnet_GEN_accuracy_kp5000_seed42,42,40000,860,42,accuracy,100042,0.456,1,2.731823280286789,30.336554192006588,10,2.731823280286789,valid,0.4521960919735929,0.4915185753507925,0.45599999999999996,100042
GEN,0.456,353,353,offspring,0,0,TINYIMAGENET,861,main_b1000_tinyimagenet_alexnet_GEN_kp50_seed42,0.5,0.456,95,False,0.5,alexnet,False,0,0,1,0.456,856,10,0.456,849,3,0,6,0.5,TINYIMAGENET_alexnet_GEN_accuracy_kp5000_seed42,42,40000,861,42,accuracy,100042,0.456,1,2.731823280286789,30.85118132084608,10,2.731823280286789,valid,0.4521960919735929,0.4915185753507925,0.45599999999999996,100042
GEN,0.456,353,353,offspring,0,0,TINYIMAGENET,862,main_b1000_tinyimagenet_alexnet_GEN_kp50_seed42,0.5,0.456,95,False,0.5,alexnet,False,0,0,2,0.456,856,10,0.456,849,3,0,7,0.5,TINYIMAGENET_alexnet_GEN_accuracy_kp5000_seed42,42,40000,862,42,accuracy,100042,0.456,1,2.731823280286789,30.471876084804535,10,2.731823280286789,valid,0.4521960919735929,0.4915185753507925,0.45599999999999996,100042
GEN,0.456,353,353,offspring,0,0,TINYIMAGENET,863,main_b1000_tinyimagenet_alexnet_GEN_kp50_seed42,0.5,0.456,95,False,0.5,alexnet,False,0,0,1,0.456,848,2,0.456,855,9,0,8,0.5,TINYIMAGENET_alexnet_GEN_accuracy_kp5000_seed42,42,40000,863,42,accuracy,100042,0.456,1,2.731823280286789,30.820939391851425,10,2.731823280286789,valid,0.4521960919735929,0.4915185753507925,0.45599999999999996,100042
GEN,0.456,353,353,offspring,0,0,TINYIMAGENET,864,main_b1000_tinyimagenet_alexnet_GEN_kp50_seed42,0.5,0.456,95,False,0.5,alexnet,False,0,0,2,0.456,848,2,0.456,855,9,0,9,0.5,TINYIMAGENET_alexnet_GEN_accuracy_kp5000_seed42,42,40000,864,42,accuracy,100042,0.456,1,2.731823280286789,30.531721480190754,10,2.731823280286789,valid,0.4521960919735929,0.4915185753507925,0.45599999999999996,100042
GEN,0.456,353,353,offspring,0,0,TINYIMAGENET,865,main_b1000_tinyimagenet_alexnet_GEN_kp50_seed42,0.5,0.456,95,False,0.5,alexnet,False,0,0,1,0.456,853,7,0.456,849,3,0,10,0.5,TINYIMAGENET_alexnet_GEN_accuracy_kp5000_seed42,42,40000,865,42,accuracy,100042,0.456,1,2.731823280286789,30.720811687409878,10,2.731823280286789,valid,0.4521960919735929,0.4915185753507925,0.45599999999999996,100042
GEN,0.456,353,353,offspring,0,0,TINYIMAGENET,866,main_b1000_tinyimagenet_alexnet_GEN_kp50_seed42,0.5,0.456,96,False,0.5,alexnet,False,0,0,1,0.456,353,1,0.456,863,8,0,2,0.5,TINYIMAGENET_alexnet_GEN_accuracy_kp5000_seed42,42,40000,866,42,accuracy,100042,0.456,1,2.731823280286789,30.604070350527763,10,2.731823280286789,valid,0.4521960919735929,0.4915185753507925,0.45599999999999996,100042
GEN,0.456,353,353,offspring,0,0,TINYIMAGENET,867,main_b1000_tinyimagenet_alexnet_GEN_kp50_seed42,0.5,0.456,96,False,0.5,alexnet,False,0,0,2,0.456,353,1,0.456,863,8,0,3,0.5,TINYIMAGENET_alexnet_GEN_accuracy_kp5000_seed42,42,40000,867,42,accuracy,100042,0.456,1,2.731823280286789,30.656689144670963,10,2.731823280286789,valid,0.4521960919735929,0.4915185753507925,0.45599999999999996,100042
GEN,0.456,353,353,offspring,0,0,TINYIMAGENET,868,main_b1000_tinyimagenet_alexnet_GEN_kp50_seed42,0.5,0.456,96,False,0.5,alexnet,False,0,0,1,0.456,857,2,0.456,864,9,0,4,0.5,TINYIMAGENET_alexnet_GEN_accuracy_kp5000_seed42,42,40000,868,42,accuracy,100042,0.456,1,2.731823280286789,30.56173351407051,10,2.731823280286789,valid,0.4521960919735929,0.4915185753507925,0.45599999999999996,100042
GEN,0.456,353,353,offspring,0,0,TINYIMAGENET,869,main_b1000_tinyimagenet_alexnet_GEN_kp50_seed42,0.5,0.456,96,False,0.5,alexnet,False,0,0,2,0.456,857,2,0.456,864,9,0,5,0.5,TINYIMAGENET_alexnet_GEN_accuracy_kp5000_seed42,42,40000,869,42,accuracy,100042,0.456,1,2.731823280286789,30.669095776975155,10,2.731823280286789,valid,0.4521960919735929,0.4915185753507925,0.45599999999999996,100042
GEN,0.456,353,353,offspring,0,0,TINYIMAGENET,870,main_b1000_tinyimagenet_alexnet_GEN_kp50_seed42,0.5,0.4441,96,False,0.5,alexnet,True,4000,2000,1,0.456,859,4,0.456,860,5,0,6,0.5,TINYIMAGENET_alexnet_GEN_accuracy_kp5000_seed42,42,40000,870,42,accuracy,100042,0.4441,1,2.812981683897972,30.654256030917168,10,2.812981683897972,valid,0.44134597076451343,0.49227707435680074,0.44409999999999994,100042
GEN,0.456,353,353,offspring,0,0,TINYIMAGENET,871,main_b1000_tinyimagenet_alexnet_GEN_kp50_seed42,0.5,0.456,96,False,0.5,alexnet,False,0,0,2,0.456,859,4,0.456,860,5,0,7,0.5,TINYIMAGENET_alexnet_GEN_accuracy_kp5000_seed42,42,40000,871,42,accuracy,100042,0.456,1,2.731823280286789,32.09431750327349,10,2.731823280286789,valid,0.4521960919735929,0.4915185753507925,0.45599999999999996,100042
GEN,0.456,353,353,offspring,0,0,TINYIMAGENET,872,main_b1000_tinyimagenet_alexnet_GEN_kp50_seed42,0.5,0.456,96,False,0.5,alexnet,False,0,0,1,0.456,864,9,0.456,862,7,0,8,0.5,TINYIMAGENET_alexnet_GEN_accuracy_kp5000_seed42,42,40000,872,42,accuracy,100042,0.456,1,2.731823280286789,30.821234315633774,10,2.731823280286789,valid,0.4521960919735929,0.4915185753507925,0.45599999999999996,100042
GEN,0.456,353,353,offspring,0,0,TINYIMAGENET,873,main_b1000_tinyimagenet_alexnet_GEN_kp50_seed42,0.5,0.456,96,False,0.5,alexnet,False,0,0,2,0.456,864,9,0.456,862,7,0,9,0.5,TINYIMAGENET_alexnet_GEN_accuracy_kp5000_seed42,42,40000,873,42,accuracy,100042,0.456,1,2.731823280286789,30.64792826026678,10,2.731823280286789,valid,0.4521960919735929,0.4915185753507925,0.45599999999999996,100042
GEN,0.456,353,353,offspring,0,0,TINYIMAGENET,874,main_b1000_tinyimagenet_alexnet_GEN_kp50_seed42,0.5,0.456,96,False,0.5,alexnet,False,0,0,1,0.456,865,10,0.456,353,1,0,10,0.5,TINYIMAGENET_alexnet_GEN_accuracy_kp5000_seed42,42,40000,874,42,accuracy,100042,0.456,1,2.731823280286789,31.110701873898506,10,2.731823280286789,valid,0.4521960919735929,0.4915185753507925,0.45599999999999996,100042
GEN,0.456,353,353,offspring,0,0,TINYIMAGENET,875,main_b1000_tinyimagenet_alexnet_GEN_kp50_seed42,0.5,0.456,97,False,0.5,alexnet,False,0,0,1,0.456,353,1,0.456,872,8,0,2,0.5,TINYIMAGENET_alexnet_GEN_accuracy_kp5000_seed42,42,40000,875,42,accuracy,100042,0.456,1,2.731823280286789,30.451425909996033,10,2.731823280286789,valid,0.4521960919735929,0.4915185753507925,0.45599999999999996,100042
GEN,0.456,353,353,offspring,0,0,TINYIMAGENET,876,main_b1000_tinyimagenet_alexnet_GEN_kp50_seed42,0.5,0.456,97,False,0.5,alexnet,False,0,0,2,0.456,353,1,0.456,872,8,0,3,0.5,TINYIMAGENET_alexnet_GEN_accuracy_kp5000_seed42,42,40000,876,42,accuracy,100042,0.456,1,2.731823280286789,31.004853896796703,10,2.731823280286789,valid,0.4521960919735929,0.4915185753507925,0.45599999999999996,100042
GEN,0.456,353,353,offspring,0,0,TINYIMAGENET,877,main_b1000_tinyimagenet_alexnet_GEN_kp50_seed42,0.5,0.456,97,False,0.5,alexnet,False,0,0,1,0.456,869,5,0.456,872,8,0,4,0.5,TINYIMAGENET_alexnet_GEN_accuracy_kp5000_seed42,42,40000,877,42,accuracy,100042,0.456,1,2.731823280286789,30.51087272912264,10,2.731823280286789,valid,0.4521960919735929,0.4915185753507925,0.45599999999999996,100042
GEN,0.456,353,353,offspring,0,0,TINYIMAGENET,878,main_b1000_tinyimagenet_alexnet_GEN_kp50_seed42,0.5,0.43765,97,False,0.5,alexnet,True,4000,2000,2,0.456,869,5,0.456,872,8,0,5,0.5,TINYIMAGENET_alexnet_GEN_accuracy_kp5000_seed42,42,40000,878,42,accuracy,100042,0.43765,1,2.8760052586555482,30.904385894536972,10,2.8760052586555482,valid,0.43493399860388193,0.4985573260629279,0.43765,100042
GEN,0.456,353,353,offspring,0,0,TINYIMAGENET,879,main_b1000_tinyimagenet_alexnet_GEN_kp50_seed42,0.5,0.4353,97,False,0.5,alexnet,True,4000,2000,1,0.456,866,2,0.456,872,8,0,6,0.5,TINYIMAGENET_alexnet_GEN_accuracy_kp5000_seed42,42,40000,879,42,accuracy,100042,0.4353,1,2.8746233513832093,30.497301302850246,10,2.8746233513832093,valid,0.4382030350938349,0.5077467699606651,0.4353,100042
GEN,0.456,353,353,offspring,0,0,TINYIMAGENET,880,main_b1000_tinyimagenet_alexnet_GEN_kp50_seed42,0.5,0.456,97,False,0.5,alexnet,False,0,0,2,0.456,866,2,0.456,872,8,0,7,0.5,TINYIMAGENET_alexnet_GEN_accuracy_kp5000_seed42,42,40000,880,42,accuracy,100042,0.456,1,2.731823280286789,30.946819983422756,10,2.731823280286789,valid,0.4521960919735929,0.4915185753507925,0.45599999999999996,100042
GEN,0.456,353,353,offspring,0,0,TINYIMAGENET,881,main_b1000_tinyimagenet_alexnet_GEN_kp50_seed42,0.5,0.456,97,False,0.5,alexnet,False,0,0,1,0.456,868,4,0.456,867,3,0,8,0.5,TINYIMAGENET_alexnet_GEN_accuracy_kp5000_seed42,42,40000,881,42,accuracy,100042,0.456,1,2.731823280286789,30.513138107955456,10,2.731823280286789,valid,0.4521960919735929,0.4915185753507925,0.45599999999999996,100042
GEN,0.456,353,353,offspring,0,0,TINYIMAGENET,882,main_b1000_tinyimagenet_alexnet_GEN_kp50_seed42,0.5,0.456,97,False,0.5,alexnet,False,0,0,2,0.456,868,4,0.456,867,3,0,9,0.5,TINYIMAGENET_alexnet_GEN_accuracy_kp5000_seed42,42,40000,882,42,accuracy,100042,0.456,1,2.731823280286789,30.97877389192581,10,2.731823280286789,valid,0.4521960919735929,0.4915185753507925,0.45599999999999996,100042
GEN,0.456,353,353,offspring,0,0,TINYIMAGENET,883,main_b1000_tinyimagenet_alexnet_GEN_kp50_seed42,0.5,0.456,97,False,0.5,alexnet,False,0,0,1,0.456,869,5,0.456,353,1,0,10,0.5,TINYIMAGENET_alexnet_GEN_accuracy_kp5000_seed42,42,40000,883,42,accuracy,100042,0.456,1,2.731823280286789,37.78662367910147,10,2.731823280286789,valid,0.4521960919735929,0.4915185753507925,0.45599999999999996,100042
GEN,0.456,353,353,offspring,0,0,TINYIMAGENET,884,main_b1000_tinyimagenet_alexnet_GEN_kp50_seed42,0.5,0.456,98,False,0.5,alexnet,False,0,0,1,0.456,876,3,0.456,353,1,0,2,0.5,TINYIMAGENET_alexnet_GEN_accuracy_kp5000_seed42,42,40000,884,42,accuracy,100042,0.456,1,2.731823280286789,30.968568854033947,10,2.731823280286789,valid,0.4521960919735929,0.4915185753507925,0.45599999999999996,100042
GEN,0.456,353,353,offspring,0,0,TINYIMAGENET,885,main_b1000_tinyimagenet_alexnet_GEN_kp50_seed42,0.5,0.456,98,False,0.5,alexnet,False,0,0,2,0.456,876,3,0.456,353,1,0,3,0.5,TINYIMAGENET_alexnet_GEN_accuracy_kp5000_seed42,42,40000,885,42,accuracy,100042,0.456,1,2.731823280286789,30.51952264457941,10,2.731823280286789,valid,0.4521960919735929,0.4915185753507925,0.45599999999999996,100042
GEN,0.456,353,353,offspring,0,0,TINYIMAGENET,886,main_b1000_tinyimagenet_alexnet_GEN_kp50_seed42,0.5,0.456,98,False,0.5,alexnet,False,0,0,1,0.456,883,10,0.456,877,4,0,4,0.5,TINYIMAGENET_alexnet_GEN_accuracy_kp5000_seed42,42,40000,886,42,accuracy,100042,0.456,1,2.731823280286789,31.110341757535934,10,2.731823280286789,valid,0.4521960919735929,0.4915185753507925,0.45599999999999996,100042
GEN,0.456,353,353,offspring,0,0,TINYIMAGENET,887,main_b1000_tinyimagenet_alexnet_GEN_kp50_seed42,0.5,0.456,98,False,0.5,alexnet,False,0,0,2,0.456,883,10,0.456,877,4,0,5,0.5,TINYIMAGENET_alexnet_GEN_accuracy_kp5000_seed42,42,40000,887,42,accuracy,100042,0.456,1,2.731823280286789,30.44419126212597,10,2.731823280286789,valid,0.4521960919735929,0.4915185753507925,0.45599999999999996,100042
GEN,0.456,353,353,offspring,0,0,TINYIMAGENET,888,main_b1000_tinyimagenet_alexnet_GEN_kp50_seed42,0.5,0.456,98,False,0.5,alexnet,False,0,0,1,0.456,877,4,0.456,882,9,0,6,0.5,TINYIMAGENET_alexnet_GEN_accuracy_kp5000_seed42,42,40000,888,42,accuracy,100042,0.456,1,2.731823280286789,30.997788220643997,10,2.731823280286789,valid,0.4521960919735929,0.4915185753507925,0.45599999999999996,100042
GEN,0.456,353,353,offspring,0,0,TINYIMAGENET,889,main_b1000_tinyimagenet_alexnet_GEN_kp50_seed42,0.5,0.456,98,False,0.5,alexnet,False,0,0,2,0.456,877,4,0.456,882,9,0,7,0.5,TINYIMAGENET_alexnet_GEN_accuracy_kp5000_seed42,42,40000,889,42,accuracy,100042,0.456,1,2.731823280286789,30.41376632452011,10,2.731823280286789,valid,0.4521960919735929,0.4915185753507925,0.45599999999999996,100042
GEN,0.456,353,353,offspring,0,0,TINYIMAGENET,890,main_b1000_tinyimagenet_alexnet_GEN_kp50_seed42,0.5,0.456,98,False,0.5,alexnet,False,0,0,1,0.456,875,2,0.456,880,7,0,8,0.5,TINYIMAGENET_alexnet_GEN_accuracy_kp5000_seed42,42,40000,890,42,accuracy,100042,0.456,1,2.731823280286789,31.06491645425558,10,2.731823280286789,valid,0.4521960919735929,0.4915185753507925,0.45599999999999996,100042
GEN,0.456,353,353,offspring,0,0,TINYIMAGENET,891,main_b1000_tinyimagenet_alexnet_GEN_kp50_seed42,0.5,0.456,98,False,0.5,alexnet,False,0,0,2,0.456,875,2,0.456,880,7,0,9,0.5,TINYIMAGENET_alexnet_GEN_accuracy_kp5000_seed42,42,40000,891,42,accuracy,100042,0.456,1,2.731823280286789,30.414853930473328,10,2.731823280286789,valid,0.4521960919735929,0.4915185753507925,0.45599999999999996,100042
GEN,0.456,353,353,offspring,0,0,TINYIMAGENET,892,main_b1000_tinyimagenet_alexnet_GEN_kp50_seed42,0.5,0.456,98,False,0.5,alexnet,False,0,0,1,0.456,876,3,0.456,882,9,0,10,0.5,TINYIMAGENET_alexnet_GEN_accuracy_kp5000_seed42,42,40000,892,42,accuracy,100042,0.456,1,2.731823280286789,31.04079084843397,10,2.731823280286789,valid,0.4521960919735929,0.4915185753507925,0.45599999999999996,100042
GEN,0.456,353,353,offspring,0,0,TINYIMAGENET,893,main_b1000_tinyimagenet_alexnet_GEN_kp50_seed42,0.5,0.456,99,False,0.5,alexnet,False,0,0,1,0.456,889,7,0.456,353,1,0,2,0.5,TINYIMAGENET_alexnet_GEN_accuracy_kp5000_seed42,42,40000,893,42,accuracy,100042,0.456,1,2.731823280286789,30.404910422861576,10,2.731823280286789,valid,0.4521960919735929,0.4915185753507925,0.45599999999999996,100042
GEN,0.456,353,353,offspring,0,0,TINYIMAGENET,894,main_b1000_tinyimagenet_alexnet_GEN_kp50_seed42,0.5,0.456,99,False,0.5,alexnet,False,0,0,2,0.456,889,7,0.456,353,1,0,3,0.5,TINYIMAGENET_alexnet_GEN_accuracy_kp5000_seed42,42,40000,894,42,accuracy,100042,0.456,1,2.731823280286789,31.10341688990593,10,2.731823280286789,valid,0.4521960919735929,0.4915185753507925,0.45599999999999996,100042
GEN,0.456,353,353,offspring,0,0,TINYIMAGENET,895,main_b1000_tinyimagenet_alexnet_GEN_kp50_seed42,0.5,0.456,99,False,0.5,alexnet,False,0,0,1,0.456,891,9,0.456,892,10,0,4,0.5,TINYIMAGENET_alexnet_GEN_accuracy_kp5000_seed42,42,40000,895,42,accuracy,100042,0.456,1,2.731823280286789,30.628049187362194,10,2.731823280286789,valid,0.4521960919735929,0.4915185753507925,0.45599999999999996,100042
GEN,0.456,353,353,offspring,0,0,TINYIMAGENET,896,main_b1000_tinyimagenet_alexnet_GEN_kp50_seed42,0.5,0.4373,99,False,0.5,alexnet,True,4000,2000,2,0.456,891,9,0.456,892,10,0,5,0.5,TINYIMAGENET_alexnet_GEN_accuracy_kp5000_seed42,42,40000,896,42,accuracy,100042,0.4373,1,2.854547373342514,30.937462002038956,10,2.854547373342514,valid,0.43639690580569895,0.49709646391669193,0.4373,100042
GEN,0.456,353,353,offspring,0,0,TINYIMAGENET,897,main_b1000_tinyimagenet_alexnet_GEN_kp50_seed42,0.5,0.456,99,False,0.5,alexnet,False,0,0,1,0.456,885,3,0.456,891,9,0,6,0.5,TINYIMAGENET_alexnet_GEN_accuracy_kp5000_seed42,42,40000,897,42,accuracy,100042,0.456,1,2.731823280286789,30.60281114280224,10,2.731823280286789,valid,0.4521960919735929,0.4915185753507925,0.45599999999999996,100042
GEN,0.456,353,353,offspring,0,0,TINYIMAGENET,898,main_b1000_tinyimagenet_alexnet_GEN_kp50_seed42,0.5,0.456,99,False,0.5,alexnet,False,0,0,2,0.456,885,3,0.456,891,9,0,7,0.5,TINYIMAGENET_alexnet_GEN_accuracy_kp5000_seed42,42,40000,898,42,accuracy,100042,0.456,1,2.731823280286789,31.058618552982807,10,2.731823280286789,valid,0.4521960919735929,0.4915185753507925,0.45599999999999996,100042
GEN,0.456,353,353,offspring,0,0,TINYIMAGENET,899,main_b1000_tinyimagenet_alexnet_GEN_kp50_seed42,0.5,0.456,99,False,0.5,alexnet,False,0,0,1,0.456,886,4,0.456,888,6,0,8,0.5,TINYIMAGENET_alexnet_GEN_accuracy_kp5000_seed42,42,40000,899,42,accuracy,100042,0.456,1,2.731823280286789,30.351916797459126,10,2.731823280286789,valid,0.4521960919735929,0.4915185753507925,0.45599999999999996,100042
GEN,0.456,353,353,offspring,0,0,TINYIMAGENET,900,main_b1000_tinyimagenet_alexnet_GEN_kp50_seed42,0.5,0.456,99,False,0.5,alexnet,False,0,0,2,0.456,886,4,0.456,888,6,0,9,0.5,TINYIMAGENET_alexnet_GEN_accuracy_kp5000_seed42,42,40000,900,42,accuracy,100042,0.456,1,2.731823280286789,30.918944872915745,10,2.731823280286789,valid,0.4521960919735929,0.4915185753507925,0.45599999999999996,100042
GEN,0.456,353,353,offspring,0,0,TINYIMAGENET,901,main_b1000_tinyimagenet_alexnet_GEN_kp50_seed42,0.5,0.456,99,False,0.5,alexnet,False,0,0,1,0.456,891,9,0.456,887,5,0,10,0.5,TINYIMAGENET_alexnet_GEN_accuracy_kp5000_seed42,42,40000,901,42,accuracy,100042,0.456,1,2.731823280286789,30.513493210077286,10,2.731823280286789,valid,0.4521960919735929,0.4915185753507925,0.45599999999999996,100042
GEN,0.456,353,353,offspring,0,0,TINYIMAGENET,902,main_b1000_tinyimagenet_alexnet_GEN_kp50_seed42,0.5,0.456,100,False,0.5,alexnet,False,0,0,1,0.456,893,2,0.456,900,9,0,2,0.5,TINYIMAGENET_alexnet_GEN_accuracy_kp5000_seed42,42,40000,902,42,accuracy,100042,0.456,1,2.731823280286789,30.929344452917576,10,2.731823280286789,valid,0.4521960919735929,0.4915185753507925,0.45599999999999996,100042
GEN,0.456,353,353,offspring,0,0,TINYIMAGENET,903,main_b1000_tinyimagenet_alexnet_GEN_kp50_seed42,0.5,0.456,100,False,0.5,alexnet,False,0,0,2,0.456,893,2,0.456,900,9,0,3,0.5,TINYIMAGENET_alexnet_GEN_accuracy_kp5000_seed42,42,40000,903,42,accuracy,100042,0.456,1,2.731823280286789,30.344403095543385,10,2.731823280286789,valid,0.4521960919735929,0.4915185753507925,0.45599999999999996,100042
GEN,0.456,353,353,offspring,0,0,TINYIMAGENET,904,main_b1000_tinyimagenet_alexnet_GEN_kp50_seed42,0.5,0.456,100,False,0.5,alexnet,False,0,0,1,0.456,894,3,0.456,895,4,0,4,0.5,TINYIMAGENET_alexnet_GEN_accuracy_kp5000_seed42,42,40000,904,42,accuracy,100042,0.456,1,2.731823280286789,31.099857173860073,10,2.731823280286789,valid,0.4521960919735929,0.4915185753507925,0.45599999999999996,100042
GEN,0.456,353,353,offspring,0,0,TINYIMAGENET,905,main_b1000_tinyimagenet_alexnet_GEN_kp50_seed42,0.5,0.43845,100,False,0.5,alexnet,True,4000,2000,2,0.456,894,3,0.456,895,4,0,5,0.5,TINYIMAGENET_alexnet_GEN_accuracy_kp5000_seed42,42,40000,905,42,accuracy,100042,0.43845,1,2.864072027301788,30.58322513103485,10,2.864072027301788,valid,0.4351660322560445,0.49374694383632844,0.43845,100042
GEN,0.456,353,353,offspring,0,0,TINYIMAGENET,906,main_b1000_tinyimagenet_alexnet_GEN_kp50_seed42,0.5,0.456,100,False,0.5,alexnet,False,0,0,1,0.456,893,2,0.456,895,4,0,6,0.5,TINYIMAGENET_alexnet_GEN_accuracy_kp5000_seed42,42,40000,906,42,accuracy,100042,0.456,1,2.731823280286789,31.02323293685913,10,2.731823280286789,valid,0.4521960919735929,0.4915185753507925,0.45599999999999996,100042
GEN,0.456,353,353,offspring,0,0,TINYIMAGENET,907,main_b1000_tinyimagenet_alexnet_GEN_kp50_seed42,0.5,0.456,100,False,0.5,alexnet,False,0,0,2,0.456,893,2,0.456,895,4,0,7,0.5,TINYIMAGENET_alexnet_GEN_accuracy_kp5000_seed42,42,40000,907,42,accuracy,100042,0.456,1,2.731823280286789,30.653284698724747,10,2.731823280286789,valid,0.4521960919735929,0.4915185753507925,0.45599999999999996,100042
GEN,0.456,353,353,offspring,0,0,TINYIMAGENET,908,main_b1000_tinyimagenet_alexnet_GEN_kp50_seed42,0.5,0.456,100,False,0.5,alexnet,False,0,0,1,0.456,899,8,0.456,897,6,0,8,0.5,TINYIMAGENET_alexnet_GEN_accuracy_kp5000_seed42,42,40000,908,42,accuracy,100042,0.456,1,2.731823280286789,30.88849826902151,10,2.731823280286789,valid,0.4521960919735929,0.4915185753507925,0.45599999999999996,100042
GEN,0.456,353,353,offspring,0,0,TINYIMAGENET,909,main_b1000_tinyimagenet_alexnet_GEN_kp50_seed42,0.5,0.456,100,False,0.5,alexnet,False,0,0,2,0.456,899,8,0.456,897,6,0,9,0.5,TINYIMAGENET_alexnet_GEN_accuracy_kp5000_seed42,42,40000,909,42,accuracy,100042,0.456,1,2.731823280286789,30.798054538667202,10,2.731823280286789,valid,0.4521960919735929,0.4915185753507925,0.45599999999999996,100042
GEN,0.456,353,353,offspring,0,0,TINYIMAGENET,910,main_b1000_tinyimagenet_alexnet_GEN_kp50_seed42,0.5,0.456,100,False,0.5,alexnet,False,0,0,1,0.456,901,10,0.456,897,6,0,10,0.5,TINYIMAGENET_alexnet_GEN_accuracy_kp5000_seed42,42,40000,910,42,accuracy,100042,0.456,1,2.731823280286789,30.64280241727829,10,2.731823280286789,valid,0.4521960919735929,0.4915185753507925,0.45599999999999996,100042
GEN,0.456,353,353,offspring,0,0,TINYIMAGENET,911,main_b1000_tinyimagenet_alexnet_GEN_kp50_seed42,0.5,0.456,101,False,0.5,alexnet,False,0,0,1,0.456,902,2,0.456,908,8,0,2,0.5,TINYIMAGENET_alexnet_GEN_accuracy_kp5000_seed42,42,40000,911,42,accuracy,100042,0.456,1,2.731823280286789,31.15636633336544,10,2.731823280286789,valid,0.4521960919735929,0.4915185753507925,0.45599999999999996,100042
GEN,0.456,353,353,offspring,0,0,TINYIMAGENET,912,main_b1000_tinyimagenet_alexnet_GEN_kp50_seed42,0.5,0.456,101,False,0.5,alexnet,False,0,0,2,0.456,902,2,0.456,908,8,0,3,0.5,TINYIMAGENET_alexnet_GEN_accuracy_kp5000_seed42,42,40000,912,42,accuracy,100042,0.456,1,2.731823280286789,30.710560649633408,10,2.731823280286789,valid,0.4521960919735929,0.4915185753507925,0.45599999999999996,100042
GEN,0.456,353,353,offspring,0,0,TINYIMAGENET,913,main_b1000_tinyimagenet_alexnet_GEN_kp50_seed42,0.5,0.456,101,False,0.5,alexnet,False,0,0,1,0.456,907,7,0.456,904,4,0,4,0.5,TINYIMAGENET_alexnet_GEN_accuracy_kp5000_seed42,42,40000,913,42,accuracy,100042,0.456,1,2.731823280286789,31.059041067957878,10,2.731823280286789,valid,0.4521960919735929,0.4915185753507925,0.45599999999999996,100042
GEN,0.456,353,353,offspring,0,0,TINYIMAGENET,914,main_b1000_tinyimagenet_alexnet_GEN_kp50_seed42,0.5,0.456,101,False,0.5,alexnet,False,0,0,2,0.456,907,7,0.456,904,4,0,5,0.5,TINYIMAGENET_alexnet_GEN_accuracy_kp5000_seed42,42,40000,914,42,accuracy,100042,0.456,1,2.731823280286789,30.62227438390255,10,2.731823280286789,valid,0.4521960919735929,0.4915185753507925,0.45599999999999996,100042
GEN,0.456,353,353,offspring,0,0,TINYIMAGENET,915,main_b1000_tinyimagenet_alexnet_GEN_kp50_seed42,0.5,0.456,101,False,0.5,alexnet,False,0,0,1,0.456,903,3,0.456,909,9,0,6,0.5,TINYIMAGENET_alexnet_GEN_accuracy_kp5000_seed42,42,40000,915,42,accuracy,100042,0.456,1,2.731823280286789,31.026046603918076,10,2.731823280286789,valid,0.4521960919735929,0.4915185753507925,0.45599999999999996,100042
GEN,0.456,353,353,offspring,0,0,TINYIMAGENET,916,main_b1000_tinyimagenet_alexnet_GEN_kp50_seed42,0.5,0.456,101,False,0.5,alexnet,False,0,0,2,0.456,903,3,0.456,909,9,0,7,0.5,TINYIMAGENET_alexnet_GEN_accuracy_kp5000_seed42,42,40000,916,42,accuracy,100042,0.456,1,2.731823280286789,30.6371313855052,10,2.731823280286789,valid,0.4521960919735929,0.4915185753507925,0.45599999999999996,100042
GEN,0.456,353,353,offspring,0,0,TINYIMAGENET,917,main_b1000_tinyimagenet_alexnet_GEN_kp50_seed42,0.5,0.43995,101,False,0.5,alexnet,True,4000,2000,1,0.456,903,3,0.456,910,10,0,8,0.5,TINYIMAGENET_alexnet_GEN_accuracy_kp5000_seed42,42,40000,917,42,accuracy,100042,0.43995,1,2.847822907114029,31.146946594119072,10,2.847822907114029,valid,0.4398494535270228,0.49686462328587644,0.43995000000000006,100042
GEN,0.456,353,353,offspring,0,0,TINYIMAGENET,918,main_b1000_tinyimagenet_alexnet_GEN_kp50_seed42,0.5,0.456,101,False,0.5,alexnet,False,0,0,2,0.456,903,3,0.456,910,10,0,9,0.5,TINYIMAGENET_alexnet_GEN_accuracy_kp5000_seed42,42,40000,918,42,accuracy,100042,0.456,1,2.731823280286789,30.568385526537895,10,2.731823280286789,valid,0.4521960919735929,0.4915185753507925,0.45599999999999996,100042
GEN,0.456,353,353,offspring,0,0,TINYIMAGENET,919,main_b1000_tinyimagenet_alexnet_GEN_kp50_seed42,0.5,0.456,101,False,0.5,alexnet,False,0,0,1,0.456,906,6,0.456,902,2,0,10,0.5,TINYIMAGENET_alexnet_GEN_accuracy_kp5000_seed42,42,40000,919,42,accuracy,100042,0.456,1,2.731823280286789,31.115341037511826,10,2.731823280286789,valid,0.4521960919735929,0.4915185753507925,0.45599999999999996,100042
GEN,0.456,353,353,offspring,0,0,TINYIMAGENET,920,main_b1000_tinyimagenet_alexnet_GEN_kp50_seed42,0.5,0.456,102,False,0.5,alexnet,False,0,0,1,0.456,919,10,0.456,915,6,0,2,0.5,TINYIMAGENET_alexnet_GEN_accuracy_kp5000_seed42,42,40000,920,42,accuracy,100042,0.456,1,2.731823280286789,30.481510624289513,10,2.731823280286789,valid,0.4521960919735929,0.4915185753507925,0.45599999999999996,100042
GEN,0.456,353,353,offspring,0,0,TINYIMAGENET,921,main_b1000_tinyimagenet_alexnet_GEN_kp50_seed42,0.5,0.456,102,False,0.5,alexnet,False,0,0,2,0.456,919,10,0.456,915,6,0,3,0.5,TINYIMAGENET_alexnet_GEN_accuracy_kp5000_seed42,42,40000,921,42,accuracy,100042,0.456,1,2.731823280286789,31.071766272187233,10,2.731823280286789,valid,0.4521960919735929,0.4915185753507925,0.45599999999999996,100042
GEN,0.456,353,353,offspring,0,0,TINYIMAGENET,922,main_b1000_tinyimagenet_alexnet_GEN_kp50_seed42,0.5,0.4364,102,False,0.5,alexnet,True,4000,2000,1,0.456,914,5,0.456,911,2,0,4,0.5,TINYIMAGENET_alexnet_GEN_accuracy_kp5000_seed42,42,40000,922,42,accuracy,100042,0.4364,1,2.832626773929596,30.565217025578022,10,2.832626773929596,valid,0.43534032380784793,0.4928108059979073,0.4364,100042
GEN,0.456,353,353,offspring,0,0,TINYIMAGENET,923,main_b1000_tinyimagenet_alexnet_GEN_kp50_seed42,0.5,0.456,102,False,0.5,alexnet,False,0,0,2,0.456,914,5,0.456,911,2,0,5,0.5,TINYIMAGENET_alexnet_GEN_accuracy_kp5000_seed42,42,40000,923,42,accuracy,100042,0.456,1,2.731823280286789,31.047951988875866,10,2.731823280286789,valid,0.4521960919735929,0.4915185753507925,0.45599999999999996,100042
GEN,0.456,353,353,offspring,0,0,TINYIMAGENET,924,main_b1000_tinyimagenet_alexnet_GEN_kp50_seed42,0.5,0.456,102,False,0.5,alexnet,False,0,0,1,0.456,912,3,0.456,915,6,0,6,0.5,TINYIMAGENET_alexnet_GEN_accuracy_kp5000_seed42,42,40000,924,42,accuracy,100042,0.456,1,2.731823280286789,30.458127297461033,10,2.731823280286789,valid,0.4521960919735929,0.4915185753507925,0.45599999999999996,100042
GEN,0.456,353,353,offspring,0,0,TINYIMAGENET,925,main_b1000_tinyimagenet_alexnet_GEN_kp50_seed42,0.5,0.456,102,False,0.5,alexnet,False,0,0,2,0.456,912,3,0.456,915,6,0,7,0.5,TINYIMAGENET_alexnet_GEN_accuracy_kp5000_seed42,42,40000,925,42,accuracy,100042,0.456,1,2.731823280286789,31.02779597043991,10,2.731823280286789,valid,0.4521960919735929,0.4915185753507925,0.45599999999999996,100042
GEN,0.456,353,353,offspring,0,0,TINYIMAGENET,926,main_b1000_tinyimagenet_alexnet_GEN_kp50_seed42,0.5,0.456,102,False,0.5,alexnet,False,0,0,1,0.456,918,9,0.456,919,10,0,8,0.5,TINYIMAGENET_alexnet_GEN_accuracy_kp5000_seed42,42,40000,926,42,accuracy,100042,0.456,1,2.731823280286789,30.50145860016346,10,2.731823280286789,valid,0.4521960919735929,0.4915185753507925,0.45599999999999996,100042
GEN,0.456,353,353,offspring,0,0,TINYIMAGENET,927,main_b1000_tinyimagenet_alexnet_GEN_kp50_seed42,0.5,0.456,102,False,0.5,alexnet,False,0,0,2,0.456,918,9,0.456,919,10,0,9,0.5,TINYIMAGENET_alexnet_GEN_accuracy_kp5000_seed42,42,40000,927,42,accuracy,100042,0.456,1,2.731823280286789,31.125895388424397,10,2.731823280286789,valid,0.4521960919735929,0.4915185753507925,0.45599999999999996,100042
GEN,0.456,353,353,offspring,0,0,TINYIMAGENET,928,main_b1000_tinyimagenet_alexnet_GEN_kp50_seed42,0.5,0.456,102,False,0.5,alexnet,False,0,0,1,0.456,912,3,0.456,916,7,0,10,0.5,TINYIMAGENET_alexnet_GEN_accuracy_kp5000_seed42,42,40000,928,42,accuracy,100042,0.456,1,2.731823280286789,30.498298570513725,10,2.731823280286789,valid,0.4521960919735929,0.4915185753507925,0.45599999999999996,100042
GEN,0.456,353,353,offspring,0,0,TINYIMAGENET,929,main_b1000_tinyimagenet_alexnet_GEN_kp50_seed42,0.5,0.456,103,False,0.5,alexnet,False,0,0,1,0.456,926,8,0.456,921,3,0,2,0.5,TINYIMAGENET_alexnet_GEN_accuracy_kp5000_seed42,42,40000,929,42,accuracy,100042,0.456,1,2.731823280286789,31.00854028761387,10,2.731823280286789,valid,0.4521960919735929,0.4915185753507925,0.45599999999999996,100042
GEN,0.456,353,353,offspring,0,0,TINYIMAGENET,930,main_b1000_tinyimagenet_alexnet_GEN_kp50_seed42,0.5,0.456,103,False,0.5,alexnet,False,0,0,2,0.456,926,8,0.456,921,3,0,3,0.5,TINYIMAGENET_alexnet_GEN_accuracy_kp5000_seed42,42,40000,930,42,accuracy,100042,0.456,1,2.731823280286789,30.496200926601887,10,2.731823280286789,valid,0.4521960919735929,0.4915185753507925,0.45599999999999996,100042
GEN,0.456,353,353,offspring,0,0,TINYIMAGENET,931,main_b1000_tinyimagenet_alexnet_GEN_kp50_seed42,0.5,0.4419,103,False,0.5,alexnet,True,4000,2000,1,0.456,920,2,0.456,923,5,0,4,0.5,TINYIMAGENET_alexnet_GEN_accuracy_kp5000_seed42,42,40000,931,42,accuracy,100042,0.4419,1,2.83055614862442,30.989343531429768,10,2.83055614862442,valid,0.4390785339658816,0.49580531728218574,0.44189999999999996,100042
GEN,0.456,353,353,offspring,0,0,TINYIMAGENET,932,main_b1000_tinyimagenet_alexnet_GEN_kp50_seed42,0.5,0.456,103,False,0.5,alexnet,False,0,0,2,0.456,920,2,0.456,923,5,0,5,0.5,TINYIMAGENET_alexnet_GEN_accuracy_kp5000_seed42,42,40000,932,42,accuracy,100042,0.456,1,2.731823280286789,30.50412005931139,10,2.731823280286789,valid,0.4521960919735929,0.4915185753507925,0.45599999999999996,100042
GEN,0.456,353,353,offspring,0,0,TINYIMAGENET,933,main_b1000_tinyimagenet_alexnet_GEN_kp50_seed42,0.5,0.456,103,False,0.5,alexnet,False,0,0,1,0.456,921,3,0.456,923,5,0,6,0.5,TINYIMAGENET_alexnet_GEN_accuracy_kp5000_seed42,42,40000,933,42,accuracy,100042,0.456,1,2.731823280286789,31.076101928949356,10,2.731823280286789,valid,0.4521960919735929,0.4915185753507925,0.45599999999999996,100042
GEN,0.456,353,353,offspring,0,0,TINYIMAGENET,934,main_b1000_tinyimagenet_alexnet_GEN_kp50_seed42,0.5,0.456,103,False,0.5,alexnet,False,0,0,2,0.456,921,3,0.456,923,5,0,7,0.5,TINYIMAGENET_alexnet_GEN_accuracy_kp5000_seed42,42,40000,934,42,accuracy,100042,0.456,1,2.731823280286789,30.534095220267773,10,2.731823280286789,valid,0.4521960919735929,0.4915185753507925,0.45599999999999996,100042
GEN,0.456,353,353,offspring,0,0,TINYIMAGENET,935,main_b1000_tinyimagenet_alexnet_GEN_kp50_seed42,0.5,0.456,103,False,0.5,alexnet,False,0,0,1,0.456,926,8,0.456,353,1,0,8,0.5,TINYIMAGENET_alexnet_GEN_accuracy_kp5000_seed42,42,40000,935,42,accuracy,100042,0.456,1,2.731823280286789,31.060325637459755,10,2.731823280286789,valid,0.4521960919735929,0.4915185753507925,0.45599999999999996,100042
GEN,0.456,353,353,offspring,0,0,TINYIMAGENET,936,main_b1000_tinyimagenet_alexnet_GEN_kp50_seed42,0.5,0.456,103,False,0.5,alexnet,False,0,0,2,0.456,926,8,0.456,353,1,0,9,0.5,TINYIMAGENET_alexnet_GEN_accuracy_kp5000_seed42,42,40000,936,42,accuracy,100042,0.456,1,2.731823280286789,30.726304672658443,10,2.731823280286789,valid,0.4521960919735929,0.4915185753507925,0.45599999999999996,100042
GEN,0.456,353,353,offspring,0,0,TINYIMAGENET,937,main_b1000_tinyimagenet_alexnet_GEN_kp50_seed42,0.5,0.456,103,False,0.5,alexnet,False,0,0,1,0.456,353,1,0.456,928,10,0,10,0.5,TINYIMAGENET_alexnet_GEN_accuracy_kp5000_seed42,42,40000,937,42,accuracy,100042,0.456,1,2.731823280286789,31.092577658593655,10,2.731823280286789,valid,0.4521960919735929,0.4915185753507925,0.45599999999999996,100042
GEN,0.456,353,353,offspring,0,0,TINYIMAGENET,938,main_b1000_tinyimagenet_alexnet_GEN_kp50_seed42,0.5,0.456,104,False,0.5,alexnet,False,0,0,1,0.456,929,2,0.456,934,7,0,2,0.5,TINYIMAGENET_alexnet_GEN_accuracy_kp5000_seed42,42,40000,938,42,accuracy,100042,0.456,1,2.731823280286789,30.54542914777994,10,2.731823280286789,valid,0.4521960919735929,0.4915185753507925,0.45599999999999996,100042
GEN,0.456,353,353,offspring,0,0,TINYIMAGENET,939,main_b1000_tinyimagenet_alexnet_GEN_kp50_seed42,0.5,0.456,104,False,0.5,alexnet,False,0,0,2,0.456,929,2,0.456,934,7,0,3,0.5,TINYIMAGENET_alexnet_GEN_accuracy_kp5000_seed42,42,40000,939,42,accuracy,100042,0.456,1,2.731823280286789,31.03449458628893,10,2.731823280286789,valid,0.4521960919735929,0.4915185753507925,0.45599999999999996,100042
GEN,0.456,353,353,offspring,0,0,TINYIMAGENET,940,main_b1000_tinyimagenet_alexnet_GEN_kp50_seed42,0.5,0.456,104,False,0.5,alexnet,False,0,0,1,0.456,932,5,0.456,929,2,0,4,0.5,TINYIMAGENET_alexnet_GEN_accuracy_kp5000_seed42,42,40000,940,42,accuracy,100042,0.456,1,2.731823280286789,30.608220264315605,10,2.731823280286789,valid,0.4521960919735929,0.4915185753507925,0.45599999999999996,100042
GEN,0.456,353,353,offspring,0,0,TINYIMAGENET,941,main_b1000_tinyimagenet_alexnet_GEN_kp50_seed42,0.5,0.43895,104,False,0.5,alexnet,True,4000,2000,2,0.456,932,5,0.456,929,2,0,5,0.5,TINYIMAGENET_alexnet_GEN_accuracy_kp5000_seed42,42,40000,941,42,accuracy,100042,0.43895,1,2.836722794008255,31.066398575901985,10,2.836722794008255,valid,0.43855424734841864,0.49725099196406247,0.43894999999999995,100042
GEN,0.456,353,353,offspring,0,0,TINYIMAGENET,942,main_b1000_tinyimagenet_alexnet_GEN_kp50_seed42,0.5,0.456,104,False,0.5,alexnet,False,0,0,1,0.456,935,8,0.456,936,9,0,6,0.5,TINYIMAGENET_alexnet_GEN_accuracy_kp5000_seed42,42,40000,942,42,accuracy,100042,0.456,1,2.731823280286789,30.82461042702198,10,2.731823280286789,valid,0.4521960919735929,0.4915185753507925,0.45599999999999996,100042
GEN,0.456,353,353,offspring,0,0,TINYIMAGENET,943,main_b1000_tinyimagenet_alexnet_GEN_kp50_seed42,0.5,0.4363,104,False,0.5,alexnet,True,4000,2000,2,0.456,935,8,0.456,936,9,0,7,0.5,TINYIMAGENET_alexnet_GEN_accuracy_kp5000_seed42,42,40000,943,42,accuracy,100042,0.4363,1,2.8817921132087707,30.9293045476079,10,2.8817921132087707,valid,0.43516984496249334,0.5041607406813285,0.43629999999999997,100042
GEN,0.456,353,353,offspring,0,0,TINYIMAGENET,944,main_b1000_tinyimagenet_alexnet_GEN_kp50_seed42,0.5,0.456,104,False,0.5,alexnet,False,0,0,1,0.456,935,8,0.456,929,2,0,8,0.5,TINYIMAGENET_alexnet_GEN_accuracy_kp5000_seed42,42,40000,944,42,accuracy,100042,0.456,1,2.731823280286789,31.00949539244175,10,2.731823280286789,valid,0.4521960919735929,0.4915185753507925,0.45599999999999996,100042
GEN,0.456,353,353,offspring,0,0,TINYIMAGENET,945,main_b1000_tinyimagenet_alexnet_GEN_kp50_seed42,0.5,0.456,104,False,0.5,alexnet,False,0,0,2,0.456,935,8,0.456,929,2,0,9,0.5,TINYIMAGENET_alexnet_GEN_accuracy_kp5000_seed42,42,40000,945,42,accuracy,100042,0.456,1,2.731823280286789,30.74232905358076,10,2.731823280286789,valid,0.4521960919735929,0.4915185753507925,0.45599999999999996,100042
GEN,0.456,353,353,offspring,0,0,TINYIMAGENET,946,main_b1000_tinyimagenet_alexnet_GEN_kp50_seed42,0.5,0.456,104,False,0.5,alexnet,False,0,0,1,0.456,929,2,0.456,933,6,0,10,0.5,TINYIMAGENET_alexnet_GEN_accuracy_kp5000_seed42,42,40000,946,42,accuracy,100042,0.456,1,2.731823280286789,31.19886562973261,10,2.731823280286789,valid,0.4521960919735929,0.4915185753507925,0.45599999999999996,100042
GEN,0.456,353,353,offspring,0,0,TINYIMAGENET,947,main_b1000_tinyimagenet_alexnet_GEN_kp50_seed42,0.5,0.456,105,False,0.5,alexnet,False,0,0,1,0.456,942,6,0.456,946,10,0,2,0.5,TINYIMAGENET_alexnet_GEN_accuracy_kp5000_seed42,42,40000,947,42,accuracy,100042,0.456,1,2.731823280286789,30.562679648399353,10,2.731823280286789,valid,0.4521960919735929,0.4915185753507925,0.45599999999999996,100042
GEN,0.456,353,353,offspring,0,0,TINYIMAGENET,948,main_b1000_tinyimagenet_alexnet_GEN_kp50_seed42,0.5,0.456,105,False,0.5,alexnet,False,0,0,2,0.456,942,6,0.456,946,10,0,3,0.5,TINYIMAGENET_alexnet_GEN_accuracy_kp5000_seed42,42,40000,948,42,accuracy,100042,0.456,1,2.731823280286789,31.054352529346943,10,2.731823280286789,valid,0.4521960919735929,0.4915185753507925,0.45599999999999996,100042
GEN,0.456,353,353,offspring,0,0,TINYIMAGENET,949,main_b1000_tinyimagenet_alexnet_GEN_kp50_seed42,0.5,0.456,105,False,0.5,alexnet,False,0,0,1,0.456,940,4,0.456,942,6,0,4,0.5,TINYIMAGENET_alexnet_GEN_accuracy_kp5000_seed42,42,40000,949,42,accuracy,100042,0.456,1,2.731823280286789,30.424572341144085,10,2.731823280286789,valid,0.4521960919735929,0.4915185753507925,0.45599999999999996,100042
GEN,0.456,353,353,offspring,0,0,TINYIMAGENET,950,main_b1000_tinyimagenet_alexnet_GEN_kp50_seed42,0.5,0.456,105,False,0.5,alexnet,False,0,0,2,0.456,940,4,0.456,942,6,0,5,0.5,TINYIMAGENET_alexnet_GEN_accuracy_kp5000_seed42,42,40000,950,42,accuracy,100042,0.456,1,2.731823280286789,31.025008156895638,10,2.731823280286789,valid,0.4521960919735929,0.4915185753507925,0.45599999999999996,100042
GEN,0.456,353,353,offspring,0,0,TINYIMAGENET,951,main_b1000_tinyimagenet_alexnet_GEN_kp50_seed42,0.5,0.456,105,False,0.5,alexnet,False,0,0,1,0.456,944,8,0.456,945,9,0,6,0.5,TINYIMAGENET_alexnet_GEN_accuracy_kp5000_seed42,42,40000,951,42,accuracy,100042,0.456,1,2.731823280286789,30.413209304213524,10,2.731823280286789,valid,0.4521960919735929,0.4915185753507925,0.45599999999999996,100042
GEN,0.456,353,353,offspring,0,0,TINYIMAGENET,952,main_b1000_tinyimagenet_alexnet_GEN_kp50_seed42,0.5,0.456,105,False,0.5,alexnet,False,0,0,2,0.456,944,8,0.456,945,9,0,7,0.5,TINYIMAGENET_alexnet_GEN_accuracy_kp5000_seed42,42,40000,952,42,accuracy,100042,0.456,1,2.731823280286789,31.232889868319035,10,2.731823280286789,valid,0.4521960919735929,0.4915185753507925,0.45599999999999996,100042
GEN,0.456,353,353,offspring,0,0,TINYIMAGENET,953,main_b1000_tinyimagenet_alexnet_GEN_kp50_seed42,0.5,0.456,105,False,0.5,alexnet,False,0,0,1,0.456,944,8,0.456,940,4,0,8,0.5,TINYIMAGENET_alexnet_GEN_accuracy_kp5000_seed42,42,40000,953,42,accuracy,100042,0.456,1,2.731823280286789,30.50055004656315,10,2.731823280286789,valid,0.4521960919735929,0.4915185753507925,0.45599999999999996,100042
GEN,0.456,353,353,offspring,0,0,TINYIMAGENET,954,main_b1000_tinyimagenet_alexnet_GEN_kp50_seed42,0.5,0.456,105,False,0.5,alexnet,False,0,0,2,0.456,944,8,0.456,940,4,0,9,0.5,TINYIMAGENET_alexnet_GEN_accuracy_kp5000_seed42,42,40000,954,42,accuracy,100042,0.456,1,2.731823280286789,31.088659666478634,10,2.731823280286789,valid,0.4521960919735929,0.4915185753507925,0.45599999999999996,100042
GEN,0.456,353,353,offspring,0,0,TINYIMAGENET,955,main_b1000_tinyimagenet_alexnet_GEN_kp50_seed42,0.5,0.456,105,False,0.5,alexnet,False,0,0,1,0.456,939,3,0.456,938,2,0,10,0.5,TINYIMAGENET_alexnet_GEN_accuracy_kp5000_seed42,42,40000,955,42,accuracy,100042,0.456,1,2.731823280286789,30.50172109156847,10,2.731823280286789,valid,0.4521960919735929,0.4915185753507925,0.45599999999999996,100042
GEN,0.456,353,353,offspring,0,0,TINYIMAGENET,956,main_b1000_tinyimagenet_alexnet_GEN_kp50_seed42,0.5,0.456,106,False,0.5,alexnet,False,0,0,1,0.456,955,10,0.456,947,2,0,2,0.5,TINYIMAGENET_alexnet_GEN_accuracy_kp5000_seed42,42,40000,956,42,accuracy,100042,0.456,1,2.731823280286789,30.968198157846928,10,2.731823280286789,valid,0.4521960919735929,0.4915185753507925,0.45599999999999996,100042
GEN,0.456,353,353,offspring,0,0,TINYIMAGENET,957,main_b1000_tinyimagenet_alexnet_GEN_kp50_seed42,0.5,0.456,106,False,0.5,alexnet,False,0,0,2,0.456,955,10,0.456,947,2,0,3,0.5,TINYIMAGENET_alexnet_GEN_accuracy_kp5000_seed42,42,40000,957,42,accuracy,100042,0.456,1,2.731823280286789,30.54322899878025,10,2.731823280286789,valid,0.4521960919735929,0.4915185753507925,0.45599999999999996,100042
GEN,0.456,353,353,offspring,0,0,TINYIMAGENET,958,main_b1000_tinyimagenet_alexnet_GEN_kp50_seed42,0.5,0.456,106,False,0.5,alexnet,False,0,0,1,0.456,952,7,0.456,955,10,0,4,0.5,TINYIMAGENET_alexnet_GEN_accuracy_kp5000_seed42,42,40000,958,42,accuracy,100042,0.456,1,2.731823280286789,31.073342323303223,10,2.731823280286789,valid,0.4521960919735929,0.4915185753507925,0.45599999999999996,100042
GEN,0.456,353,353,offspring,0,0,TINYIMAGENET,959,main_b1000_tinyimagenet_alexnet_GEN_kp50_seed42,0.5,0.456,106,False,0.5,alexnet,False,0,0,2,0.456,952,7,0.456,955,10,0,5,0.5,TINYIMAGENET_alexnet_GEN_accuracy_kp5000_seed42,42,40000,959,42,accuracy,100042,0.456,1,2.731823280286789,30.575654812157154,10,2.731823280286789,valid,0.4521960919735929,0.4915185753507925,0.45599999999999996,100042
GEN,0.456,353,353,offspring,0,0,TINYIMAGENET,960,main_b1000_tinyimagenet_alexnet_GEN_kp50_seed42,0.5,0.456,106,False,0.5,alexnet,False,0,0,1,0.456,949,4,0.456,947,2,0,6,0.5,TINYIMAGENET_alexnet_GEN_accuracy_kp5000_seed42,42,40000,960,42,accuracy,100042,0.456,1,2.731823280286789,31.068612821400166,10,2.731823280286789,valid,0.4521960919735929,0.4915185753507925,0.45599999999999996,100042
GEN,0.456,353,353,offspring,0,0,TINYIMAGENET,961,main_b1000_tinyimagenet_alexnet_GEN_kp50_seed42,0.5,0.456,106,False,0.5,alexnet,False,0,0,2,0.456,949,4,0.456,947,2,0,7,0.5,TINYIMAGENET_alexnet_GEN_accuracy_kp5000_seed42,42,40000,961,42,accuracy,100042,0.456,1,2.731823280286789,30.43139486759901,10,2.731823280286789,valid,0.4521960919735929,0.4915185753507925,0.45599999999999996,100042
GEN,0.456,353,353,offspring,0,0,TINYIMAGENET,962,main_b1000_tinyimagenet_alexnet_GEN_kp50_seed42,0.5,0.456,106,False,0.5,alexnet,False,0,0,1,0.456,949,4,0.456,954,9,0,8,0.5,TINYIMAGENET_alexnet_GEN_accuracy_kp5000_seed42,42,40000,962,42,accuracy,100042,0.456,1,2.731823280286789,31.11658512055874,10,2.731823280286789,valid,0.4521960919735929,0.4915185753507925,0.45599999999999996,100042
GEN,0.456,353,353,offspring,0,0,TINYIMAGENET,963,main_b1000_tinyimagenet_alexnet_GEN_kp50_seed42,0.5,0.43765,106,False,0.5,alexnet,True,4000,2000,2,0.456,949,4,0.456,954,9,0,9,0.5,TINYIMAGENET_alexnet_GEN_accuracy_kp5000_seed42,42,40000,963,42,accuracy,100042,0.43765,1,2.855658209657669,30.598039604723454,10,2.855658209657669,valid,0.43597467472499846,0.4944556922752554,0.43765,100042
GEN,0.456,353,353,offspring,0,0,TINYIMAGENET,964,main_b1000_tinyimagenet_alexnet_GEN_kp50_seed42,0.5,0.456,106,False,0.5,alexnet,False,0,0,1,0.456,951,6,0.456,947,2,0,10,0.5,TINYIMAGENET_alexnet_GEN_accuracy_kp5000_seed42,42,40000,964,42,accuracy,100042,0.456,1,2.731823280286789,31.182922668755054,10,2.731823280286789,valid,0.4521960919735929,0.4915185753507925,0.45599999999999996,100042
GEN,0.456,353,353,offspring,0,0,TINYIMAGENET,965,main_b1000_tinyimagenet_alexnet_GEN_kp50_seed42,0.5,0.456,107,False,0.5,alexnet,False,0,0,1,0.456,960,6,0.456,956,2,0,2,0.5,TINYIMAGENET_alexnet_GEN_accuracy_kp5000_seed42,42,40000,965,42,accuracy,100042,0.456,1,2.731823280286789,30.665306009352207,10,2.731823280286789,valid,0.4521960919735929,0.4915185753507925,0.45599999999999996,100042
GEN,0.456,353,353,offspring,0,0,TINYIMAGENET,966,main_b1000_tinyimagenet_alexnet_GEN_kp50_seed42,0.5,0.456,107,False,0.5,alexnet,False,0,0,2,0.456,960,6,0.456,956,2,0,3,0.5,TINYIMAGENET_alexnet_GEN_accuracy_kp5000_seed42,42,40000,966,42,accuracy,100042,0.456,1,2.731823280286789,31.120799407362938,10,2.731823280286789,valid,0.4521960919735929,0.4915185753507925,0.45599999999999996,100042
GEN,0.456,353,353,offspring,0,0,TINYIMAGENET,967,main_b1000_tinyimagenet_alexnet_GEN_kp50_seed42,0.5,0.456,107,False,0.5,alexnet,False,0,0,1,0.456,957,3,0.456,961,7,0,4,0.5,TINYIMAGENET_alexnet_GEN_accuracy_kp5000_seed42,42,40000,967,42,accuracy,100042,0.456,1,2.731823280286789,30.617124423384666,10,2.731823280286789,valid,0.4521960919735929,0.4915185753507925,0.45599999999999996,100042
GEN,0.456,353,353,offspring,0,0,TINYIMAGENET,968,main_b1000_tinyimagenet_alexnet_GEN_kp50_seed42,0.5,0.456,107,False,0.5,alexnet,False,0,0,2,0.456,957,3,0.456,961,7,0,5,0.5,TINYIMAGENET_alexnet_GEN_accuracy_kp5000_seed42,42,40000,968,42,accuracy,100042,0.456,1,2.731823280286789,31.12635874003172,10,2.731823280286789,valid,0.4521960919735929,0.4915185753507925,0.45599999999999996,100042
GEN,0.456,353,353,offspring,0,0,TINYIMAGENET,969,main_b1000_tinyimagenet_alexnet_GEN_kp50_seed42,0.5,0.4367,107,False,0.5,alexnet,True,4000,2000,1,0.456,960,6,0.456,961,7,0,6,0.5,TINYIMAGENET_alexnet_GEN_accuracy_kp5000_seed42,42,40000,969,42,accuracy,100042,0.4367,1,2.8603039639472962,30.72934541851282,10,2.8603039639472962,valid,0.43739829521714313,0.4987057840153314,0.43670000000000003,100042
GEN,0.456,353,353,offspring,0,0,TINYIMAGENET,970,main_b1000_tinyimagenet_alexnet_GEN_kp50_seed42,0.5,0.456,107,False,0.5,alexnet,False,0,0,2,0.456,960,6,0.456,961,7,0,7,0.5,TINYIMAGENET_alexnet_GEN_accuracy_kp5000_seed42,42,40000,970,42,accuracy,100042,0.456,1,2.731823280286789,31.15164455026388,10,2.731823280286789,valid,0.4521960919735929,0.4915185753507925,0.45599999999999996,100042
GEN,0.456,353,353,offspring,0,0,TINYIMAGENET,971,main_b1000_tinyimagenet_alexnet_GEN_kp50_seed42,0.5,0.456,107,False,0.5,alexnet,False,0,0,1,0.456,962,8,0.456,956,2,0,8,0.5,TINYIMAGENET_alexnet_GEN_accuracy_kp5000_seed42,42,40000,971,42,accuracy,100042,0.456,1,2.731823280286789,30.586054779589176,10,2.731823280286789,valid,0.4521960919735929,0.4915185753507925,0.45599999999999996,100042
GEN,0.456,353,353,offspring,0,0,TINYIMAGENET,972,main_b1000_tinyimagenet_alexnet_GEN_kp50_seed42,0.5,0.456,107,False,0.5,alexnet,False,0,0,2,0.456,962,8,0.456,956,2,0,9,0.5,TINYIMAGENET_alexnet_GEN_accuracy_kp5000_seed42,42,40000,972,42,accuracy,100042,0.456,1,2.731823280286789,31.05907393991947,10,2.731823280286789,valid,0.4521960919735929,0.4915185753507925,0.45599999999999996,100042
GEN,0.456,353,353,offspring,0,0,TINYIMAGENET,973,main_b1000_tinyimagenet_alexnet_GEN_kp50_seed42,0.5,0.456,107,False,0.5,alexnet,False,0,0,1,0.456,960,6,0.456,959,5,0,10,0.5,TINYIMAGENET_alexnet_GEN_accuracy_kp5000_seed42,42,40000,973,42,accuracy,100042,0.456,1,2.731823280286789,30.41745001077652,10,2.731823280286789,valid,0.4521960919735929,0.4915185753507925,0.45599999999999996,100042
GEN,0.456,353,353,offspring,0,0,TINYIMAGENET,974,main_b1000_tinyimagenet_alexnet_GEN_kp50_seed42,0.5,0.456,108,False,0.5,alexnet,False,0,0,1,0.456,966,3,0.456,353,1,0,2,0.5,TINYIMAGENET_alexnet_GEN_accuracy_kp5000_seed42,42,40000,974,42,accuracy,100042,0.456,1,2.731823280286789,30.82794491201639,10,2.731823280286789,valid,0.4521960919735929,0.4915185753507925,0.45599999999999996,100042
GEN,0.456,353,353,offspring,0,0,TINYIMAGENET,975,main_b1000_tinyimagenet_alexnet_GEN_kp50_seed42,0.5,0.456,108,False,0.5,alexnet,False,0,0,2,0.456,966,3,0.456,353,1,0,3,0.5,TINYIMAGENET_alexnet_GEN_accuracy_kp5000_seed42,42,40000,975,42,accuracy,100042,0.456,1,2.731823280286789,30.53832295536995,10,2.731823280286789,valid,0.4521960919735929,0.4915185753507925,0.45599999999999996,100042
GEN,0.456,353,353,offspring,0,0,TINYIMAGENET,976,main_b1000_tinyimagenet_alexnet_GEN_kp50_seed42,0.5,0.456,108,False,0.5,alexnet,False,0,0,1,0.456,971,8,0.456,970,7,0,4,0.5,TINYIMAGENET_alexnet_GEN_accuracy_kp5000_seed42,42,40000,976,42,accuracy,100042,0.456,1,2.731823280286789,31.25258933007717,10,2.731823280286789,valid,0.4521960919735929,0.4915185753507925,0.45599999999999996,100042
GEN,0.456,353,353,offspring,0,0,TINYIMAGENET,977,main_b1000_tinyimagenet_alexnet_GEN_kp50_seed42,0.5,0.456,108,False,0.5,alexnet,False,0,0,2,0.456,971,8,0.456,970,7,0,5,0.5,TINYIMAGENET_alexnet_GEN_accuracy_kp5000_seed42,42,40000,977,42,accuracy,100042,0.456,1,2.731823280286789,30.7674208432436,10,2.731823280286789,valid,0.4521960919735929,0.4915185753507925,0.45599999999999996,100042
GEN,0.456,353,353,offspring,0,0,TINYIMAGENET,978,main_b1000_tinyimagenet_alexnet_GEN_kp50_seed42,0.5,0.456,108,False,0.5,alexnet,False,0,0,1,0.456,353,1,0.456,970,7,0,6,0.5,TINYIMAGENET_alexnet_GEN_accuracy_kp5000_seed42,42,40000,978,42,accuracy,100042,0.456,1,2.731823280286789,30.796273075044155,10,2.731823280286789,valid,0.4521960919735929,0.4915185753507925,0.45599999999999996,100042
GEN,0.456,353,353,offspring,0,0,TINYIMAGENET,979,main_b1000_tinyimagenet_alexnet_GEN_kp50_seed42,0.5,0.456,108,False,0.5,alexnet,False,0,0,2,0.456,353,1,0.456,970,7,0,7,0.5,TINYIMAGENET_alexnet_GEN_accuracy_kp5000_seed42,42,40000,979,42,accuracy,100042,0.456,1,2.731823280286789,31.020945005118847,10,2.731823280286789,valid,0.4521960919735929,0.4915185753507925,0.45599999999999996,100042
GEN,0.456,353,353,offspring,0,0,TINYIMAGENET,980,main_b1000_tinyimagenet_alexnet_GEN_kp50_seed42,0.5,0.456,108,False,0.5,alexnet,False,0,0,1,0.456,973,10,0.456,965,2,0,8,0.5,TINYIMAGENET_alexnet_GEN_accuracy_kp5000_seed42,42,40000,980,42,accuracy,100042,0.456,1,2.731823280286789,30.85574259608984,10,2.731823280286789,valid,0.4521960919735929,0.4915185753507925,0.45599999999999996,100042
GEN,0.456,353,353,offspring,0,0,TINYIMAGENET,981,main_b1000_tinyimagenet_alexnet_GEN_kp50_seed42,0.5,0.4349,108,False,0.5,alexnet,True,4000,2000,2,0.456,973,10,0.456,965,2,0,9,0.5,TINYIMAGENET_alexnet_GEN_accuracy_kp5000_seed42,42,40000,981,42,accuracy,100042,0.4349,1,2.882548745250702,31.049415834248066,10,2.882548745250702,valid,0.43161088986932783,0.49667972788706194,0.4349,100042
GEN,0.456,353,353,offspring,0,0,TINYIMAGENET,982,main_b1000_tinyimagenet_alexnet_GEN_kp50_seed42,0.5,0.456,108,False,0.5,alexnet,False,0,0,1,0.456,965,2,0.456,972,9,0,10,0.5,TINYIMAGENET_alexnet_GEN_accuracy_kp5000_seed42,42,40000,982,42,accuracy,100042,0.456,1,2.731823280286789,30.64624697715044,10,2.731823280286789,valid,0.4521960919735929,0.4915185753507925,0.45599999999999996,100042
GEN,0.456,353,353,offspring,0,0,TINYIMAGENET,983,main_b1000_tinyimagenet_alexnet_GEN_kp50_seed42,0.5,0.456,109,False,0.5,alexnet,False,0,0,1,0.456,975,3,0.456,978,6,0,2,0.5,TINYIMAGENET_alexnet_GEN_accuracy_kp5000_seed42,42,40000,983,42,accuracy,100042,0.456,1,2.731823280286789,31.07050149142742,10,2.731823280286789,valid,0.4521960919735929,0.4915185753507925,0.45599999999999996,100042
GEN,0.456,353,353,offspring,0,0,TINYIMAGENET,984,main_b1000_tinyimagenet_alexnet_GEN_kp50_seed42,0.5,0.456,109,False,0.5,alexnet,False,0,0,2,0.456,975,3,0.456,978,6,0,3,0.5,TINYIMAGENET_alexnet_GEN_accuracy_kp5000_seed42,42,40000,984,42,accuracy,100042,0.456,1,2.731823280286789,30.627123199403286,10,2.731823280286789,valid,0.4521960919735929,0.4915185753507925,0.45599999999999996,100042
GEN,0.456,353,353,offspring,0,0,TINYIMAGENET,985,main_b1000_tinyimagenet_alexnet_GEN_kp50_seed42,0.5,0.44275,109,False,0.5,alexnet,True,4000,2000,1,0.456,979,7,0.456,980,8,0,4,0.5,TINYIMAGENET_alexnet_GEN_accuracy_kp5000_seed42,42,40000,985,42,accuracy,100042,0.44275,1,2.830005673980713,31.09511821717024,10,2.830005673980713,valid,0.44121123936734175,0.499746213070592,0.44275000000000003,100042
GEN,0.456,353,353,offspring,0,0,TINYIMAGENET,986,main_b1000_tinyimagenet_alexnet_GEN_kp50_seed42,0.5,0.456,109,False,0.5,alexnet,False,0,0,2,0.456,979,7,0.456,980,8,0,5,0.5,TINYIMAGENET_alexnet_GEN_accuracy_kp5000_seed42,42,40000,986,42,accuracy,100042,0.456,1,2.731823280286789,30.667272925376892,10,2.731823280286789,valid,0.4521960919735929,0.4915185753507925,0.45599999999999996,100042
GEN,0.456,353,353,offspring,0,0,TINYIMAGENET,987,main_b1000_tinyimagenet_alexnet_GEN_kp50_seed42,0.5,0.456,109,False,0.5,alexnet,False,0,0,1,0.456,977,5,0.456,353,1,0,6,0.5,TINYIMAGENET_alexnet_GEN_accuracy_kp5000_seed42,42,40000,987,42,accuracy,100042,0.456,1,2.731823280286789,31.145472936332226,10,2.731823280286789,valid,0.4521960919735929,0.4915185753507925,0.45599999999999996,100042
GEN,0.456,353,353,offspring,0,0,TINYIMAGENET,988,main_b1000_tinyimagenet_alexnet_GEN_kp50_seed42,0.5,0.456,109,False,0.5,alexnet,False,0,0,2,0.456,977,5,0.456,353,1,0,7,0.5,TINYIMAGENET_alexnet_GEN_accuracy_kp5000_seed42,42,40000,988,42,accuracy,100042,0.456,1,2.731823280286789,30.72735219448805,10,2.731823280286789,valid,0.4521960919735929,0.4915185753507925,0.45599999999999996,100042
GEN,0.456,353,353,offspring,0,0,TINYIMAGENET,989,main_b1000_tinyimagenet_alexnet_GEN_kp50_seed42,0.5,0.456,109,False,0.5,alexnet,False,0,0,1,0.456,979,7,0.456,982,10,0,8,0.5,TINYIMAGENET_alexnet_GEN_accuracy_kp5000_seed42,42,40000,989,42,accuracy,100042,0.456,1,2.731823280286789,30.846490636467934,10,2.731823280286789,valid,0.4521960919735929,0.4915185753507925,0.45599999999999996,100042
GEN,0.456,353,353,offspring,0,0,TINYIMAGENET,990,main_b1000_tinyimagenet_alexnet_GEN_kp50_seed42,0.5,0.456,109,False,0.5,alexnet,False,0,0,2,0.456,979,7,0.456,982,10,0,9,0.5,TINYIMAGENET_alexnet_GEN_accuracy_kp5000_seed42,42,40000,990,42,accuracy,100042,0.456,1,2.731823280286789,30.3821949288249,10,2.731823280286789,valid,0.4521960919735929,0.4915185753507925,0.45599999999999996,100042
GEN,0.456,353,353,offspring,0,0,TINYIMAGENET,991,main_b1000_tinyimagenet_alexnet_GEN_kp50_seed42,0.5,0.456,109,False,0.5,alexnet,False,0,0,1,0.456,977,5,0.456,982,10,0,10,0.5,TINYIMAGENET_alexnet_GEN_accuracy_kp5000_seed42,42,40000,991,42,accuracy,100042,0.456,1,2.731823280286789,30.855967566370964,10,2.731823280286789,valid,0.4521960919735929,0.4915185753507925,0.45599999999999996,100042
GEN,0.456,353,353,offspring,0,0,TINYIMAGENET,992,main_b1000_tinyimagenet_alexnet_GEN_kp50_seed42,0.5,0.456,110,False,0.5,alexnet,False,0,0,1,0.456,989,8,0.456,986,5,0,2,0.5,TINYIMAGENET_alexnet_GEN_accuracy_kp5000_seed42,42,40000,992,42,accuracy,100042,0.456,1,2.731823280286789,30.353127613663673,10,2.731823280286789,valid,0.4521960919735929,0.4915185753507925,0.45599999999999996,100042
GEN,0.456,353,353,offspring,0,0,TINYIMAGENET,993,main_b1000_tinyimagenet_alexnet_GEN_kp50_seed42,0.5,0.456,110,False,0.5,alexnet,False,0,0,2,0.456,989,8,0.456,986,5,0,3,0.5,TINYIMAGENET_alexnet_GEN_accuracy_kp5000_seed42,42,40000,993,42,accuracy,100042,0.456,1,2.731823280286789,30.82924747467041,10,2.731823280286789,valid,0.4521960919735929,0.4915185753507925,0.45599999999999996,100042
GEN,0.456,353,353,offspring,0,0,TINYIMAGENET,994,main_b1000_tinyimagenet_alexnet_GEN_kp50_seed42,0.5,0.456,110,False,0.5,alexnet,False,0,0,1,0.456,988,7,0.456,990,9,0,4,0.5,TINYIMAGENET_alexnet_GEN_accuracy_kp5000_seed42,42,40000,994,42,accuracy,100042,0.456,1,2.731823280286789,30.355076640844345,10,2.731823280286789,valid,0.4521960919735929,0.4915185753507925,0.45599999999999996,100042
GEN,0.456,353,353,offspring,0,0,TINYIMAGENET,995,main_b1000_tinyimagenet_alexnet_GEN_kp50_seed42,0.5,0.43865,110,False,0.5,alexnet,True,4000,2000,2,0.456,988,7,0.456,990,9,0,5,0.5,TINYIMAGENET_alexnet_GEN_accuracy_kp5000_seed42,42,40000,995,42,accuracy,100042,0.43865,1,2.8380731508731842,30.882408812642097,10,2.8380731508731842,valid,0.43781089115300575,0.4992711855965322,0.43865000000000004,100042
GEN,0.456,353,353,offspring,0,0,TINYIMAGENET,996,main_b1000_tinyimagenet_alexnet_GEN_kp50_seed42,0.5,0.456,110,False,0.5,alexnet,False,0,0,1,0.456,986,5,0.456,988,7,0,6,0.5,TINYIMAGENET_alexnet_GEN_accuracy_kp5000_seed42,42,40000,996,42,accuracy,100042,0.456,1,2.731823280286789,30.41557878255844,10,2.731823280286789,valid,0.4521960919735929,0.4915185753507925,0.45599999999999996,100042
GEN,0.456,353,353,offspring,0,0,TINYIMAGENET,997,main_b1000_tinyimagenet_alexnet_GEN_kp50_seed42,0.5,0.456,110,False,0.5,alexnet,False,0,0,2,0.456,986,5,0.456,988,7,0,7,0.5,TINYIMAGENET_alexnet_GEN_accuracy_kp5000_seed42,42,40000,997,42,accuracy,100042,0.456,1,2.731823280286789,30.87938480079174,10,2.731823280286789,valid,0.4521960919735929,0.4915185753507925,0.45599999999999996,100042
GEN,0.456,353,353,offspring,0,0,TINYIMAGENET,998,main_b1000_tinyimagenet_alexnet_GEN_kp50_seed42,0.5,0.456,110,False,0.5,alexnet,False,0,0,1,0.456,990,9,0.456,983,2,0,8,0.5,TINYIMAGENET_alexnet_GEN_accuracy_kp5000_seed42,42,40000,998,42,accuracy,100042,0.456,1,2.731823280286789,30.430813752114773,10,2.731823280286789,valid,0.4521960919735929,0.4915185753507925,0.45599999999999996,100042
GEN,0.456,353,353,offspring,0,0,TINYIMAGENET,999,main_b1000_tinyimagenet_alexnet_GEN_kp50_seed42,0.5,0.456,110,False,0.5,alexnet,False,0,0,2,0.456,990,9,0.456,983,2,0,9,0.5,TINYIMAGENET_alexnet_GEN_accuracy_kp5000_seed42,42,40000,999,42,accuracy,100042,0.456,1,2.731823280286789,30.826256841421127,10,2.731823280286789,valid,0.4521960919735929,0.4915185753507925,0.45599999999999996,100042
GEN,0.456,353,353,offspring,0,0,TINYIMAGENET,1000,main_b1000_tinyimagenet_alexnet_GEN_kp50_seed42,0.5,0.456,110,False,0.5,alexnet,False,0,0,1,0.456,991,10,0.456,990,9,0,10,0.5,TINYIMAGENET_alexnet_GEN_accuracy_kp5000_seed42,42,40000,1000,42,accuracy,100042,0.456,1,2.731823280286789,30.554058827459812,10,2.731823280286789,valid,0.4521960919735929,0.4915185753507925,0.45599999999999996,100042
