Algorithm,Best Fitness,Best Found At Evaluation,Best Solution ID,Candidate Type,Crossover Hamming Parent 1,Crossover Hamming Parent 2,Dataset,Evaluation,Experiment Name,Final Percentage,Fitness,Generation,Improved Best,Initial Percentage,Model,Mutation Applied,Mutation Hamming Distance,Mutation Swaps,Offspring Number,Parent 1 Fitness,Parent 1 ID,Parent 1 Index,Parent 2 Fitness,Parent 2 ID,Parent 2 Index,Parent Hamming Distance,Population Slot,Requested Keep Percentage,Run ID,Search Seed,Selected Instances,Solution ID,Split Seed,Target Metric,Training Seed,accuracy,best_epoch,best_validation_loss,candidate_duration_seconds,epochs_trained,evaluation_loss,evaluation_split,f1,precision,recall,training_seed
GEN,0.807,1,1,initial,,,CIFAR10,1,main_b1000_cifar10_alexnet_GEN_kp90_seed1024,0.9,0.807,0,True,0.9,alexnet,False,0,0,,,,,,,,,1,0.9,CIFAR10_alexnet_GEN_accuracy_kp9000_seed1024,1024,36000,1,42,accuracy,101024,0.807,2,0.5839515881061554,25.66569858044386,10,0.5839515881061554,valid,0.8085249431787727,0.8168328168141507,0.807,101024
GEN,0.815,2,2,initial,,,CIFAR10,2,main_b1000_cifar10_alexnet_GEN_kp90_seed1024,0.9,0.815,0,True,0.9,alexnet,False,0,0,,,,,,,,,2,0.9,CIFAR10_alexnet_GEN_accuracy_kp9000_seed1024,1024,36000,2,42,accuracy,101024,0.815,2,0.5607131529331207,24.71440064162016,10,0.5607131529331207,valid,0.8138709264186531,0.8168810130917151,0.8150000000000001,101024
GEN,0.8175,3,3,initial,,,CIFAR10,3,main_b1000_cifar10_alexnet_GEN_kp90_seed1024,0.9,0.8175,0,True,0.9,alexnet,False,0,0,,,,,,,,,3,0.9,CIFAR10_alexnet_GEN_accuracy_kp9000_seed1024,1024,36000,3,42,accuracy,101024,0.8175,2,0.5640262163639068,32.528092846274376,10,0.5640262163639068,valid,0.8167505922143097,0.8228446086639571,0.8175000000000001,101024
GEN,0.8175,3,3,initial,,,CIFAR10,4,main_b1000_cifar10_alexnet_GEN_kp90_seed1024,0.9,0.8145,0,False,0.9,alexnet,False,0,0,,,,,,,,,4,0.9,CIFAR10_alexnet_GEN_accuracy_kp9000_seed1024,1024,36000,4,42,accuracy,101024,0.8145,2,0.5563760286331176,23.73585944622755,10,0.5563760286331176,valid,0.8154756107703951,0.8203861863064681,0.8145,101024
GEN,0.8175,3,3,initial,,,CIFAR10,5,main_b1000_cifar10_alexnet_GEN_kp90_seed1024,0.9,0.8107,0,False,0.9,alexnet,False,0,0,,,,,,,,,5,0.9,CIFAR10_alexnet_GEN_accuracy_kp9000_seed1024,1024,36000,5,42,accuracy,101024,0.8107,2,0.5774023577928543,23.8347327709198,10,0.5774023577928543,valid,0.8101034946870806,0.8139753554116197,0.8107,101024
GEN,0.8175,3,3,initial,,,CIFAR10,6,main_b1000_cifar10_alexnet_GEN_kp90_seed1024,0.9,0.8146,0,False,0.9,alexnet,False,0,0,,,,,,,,,6,0.9,CIFAR10_alexnet_GEN_accuracy_kp9000_seed1024,1024,36000,6,42,accuracy,101024,0.8146,3,0.5676533129215241,23.740641549229622,10,0.5676533129215241,valid,0.8134707876147729,0.8192803536834996,0.8146000000000001,101024
GEN,0.8175,3,3,initial,,,CIFAR10,7,main_b1000_cifar10_alexnet_GEN_kp90_seed1024,0.9,0.8123,0,False,0.9,alexnet,False,0,0,,,,,,,,,7,0.9,CIFAR10_alexnet_GEN_accuracy_kp9000_seed1024,1024,36000,7,42,accuracy,101024,0.8123,2,0.5660881562709809,23.749608017504215,10,0.5660881562709809,valid,0.812801171024287,0.8168017313108749,0.8122999999999999,101024
GEN,0.8175,3,3,initial,,,CIFAR10,8,main_b1000_cifar10_alexnet_GEN_kp90_seed1024,0.9,0.8049,0,False,0.9,alexnet,False,0,0,,,,,,,,,8,0.9,CIFAR10_alexnet_GEN_accuracy_kp9000_seed1024,1024,36000,8,42,accuracy,101024,0.8049,1,0.5701210715770721,23.846669025719166,10,0.5701210715770721,valid,0.806479468323378,0.8118396449410419,0.8049000000000002,101024
GEN,0.8175,3,3,initial,,,CIFAR10,9,main_b1000_cifar10_alexnet_GEN_kp90_seed1024,0.9,0.8067,0,False,0.9,alexnet,False,0,0,,,,,,,,,9,0.9,CIFAR10_alexnet_GEN_accuracy_kp9000_seed1024,1024,36000,9,42,accuracy,101024,0.8067,1,0.5827228791713714,23.67054971307516,10,0.5827228791713714,valid,0.8059306428788815,0.8106707205001162,0.8066999999999999,101024
GEN,0.8175,3,3,initial,,,CIFAR10,10,main_b1000_cifar10_alexnet_GEN_kp90_seed1024,0.9,0.8131,0,False,0.9,alexnet,False,0,0,,,,,,,,,10,0.9,CIFAR10_alexnet_GEN_accuracy_kp9000_seed1024,1024,36000,10,42,accuracy,101024,0.8131,2,0.5777702030181885,23.840938478708267,10,0.5777702030181885,valid,0.8125006055317503,0.8150492984707507,0.8131,101024
GEN,0.8189,11,11,offspring,3608,3564,CIFAR10,11,main_b1000_cifar10_alexnet_GEN_kp90_seed1024,0.9,0.8189,1,True,0.9,alexnet,False,0,0,1,0.8146,6,6,0.8123,7,7,7172,2,0.9,CIFAR10_alexnet_GEN_accuracy_kp9000_seed1024,1024,36000,11,42,accuracy,101024,0.8189,3,0.5530338296890259,23.61446964740753,10,0.5530338296890259,valid,0.8190136103221228,0.8215809738302194,0.8189,101024
GEN,0.8189,11,11,offspring,3564,3608,CIFAR10,12,main_b1000_cifar10_alexnet_GEN_kp90_seed1024,0.9,0.8183,1,False,0.9,alexnet,False,0,0,2,0.8146,6,6,0.8123,7,7,7172,3,0.9,CIFAR10_alexnet_GEN_accuracy_kp9000_seed1024,1024,36000,12,42,accuracy,101024,0.8183,3,0.5624488096237182,23.7946118414402,10,0.5624488096237182,valid,0.8175022270711818,0.817884596738161,0.8183,101024
GEN,0.8189,11,11,offspring,3598,3652,CIFAR10,13,main_b1000_cifar10_alexnet_GEN_kp90_seed1024,0.9,0.8079,1,False,0.9,alexnet,False,0,0,1,0.8175,3,3,0.815,2,2,7250,4,0.9,CIFAR10_alexnet_GEN_accuracy_kp9000_seed1024,1024,36000,13,42,accuracy,101024,0.8079,1,0.5645213592052459,23.741532050073147,10,0.5645213592052459,valid,0.8077063839102916,0.8085825058769809,0.8079000000000001,101024
GEN,0.8189,11,11,offspring,3652,3598,CIFAR10,14,main_b1000_cifar10_alexnet_GEN_kp90_seed1024,0.9,0.803,1,False,0.9,alexnet,False,0,0,2,0.8175,3,3,0.815,2,2,7250,5,0.9,CIFAR10_alexnet_GEN_accuracy_kp9000_seed1024,1024,36000,14,42,accuracy,101024,0.803,1,0.5670131324768066,23.622276157140732,10,0.5670131324768066,valid,0.8022218421247684,0.8049587496625883,0.8029999999999999,101024
GEN,0.8189,11,11,offspring,3570,3632,CIFAR10,15,main_b1000_cifar10_alexnet_GEN_kp90_seed1024,0.9,0.8158,1,False,0.9,alexnet,False,0,0,1,0.8123,7,7,0.8175,3,3,7202,6,0.9,CIFAR10_alexnet_GEN_accuracy_kp9000_seed1024,1024,36000,15,42,accuracy,101024,0.8158,3,0.5760916224002838,23.85549756884575,10,0.5760916224002838,valid,0.815087582745566,0.8192729745069462,0.8158000000000001,101024
GEN,0.8189,11,11,offspring,3632,3570,CIFAR10,16,main_b1000_cifar10_alexnet_GEN_kp90_seed1024,0.9,0.8102,1,False,0.9,alexnet,False,0,0,2,0.8123,7,7,0.8175,3,3,7202,7,0.9,CIFAR10_alexnet_GEN_accuracy_kp9000_seed1024,1024,36000,16,42,accuracy,101024,0.8102,2,0.5766981899261474,23.621805794537067,10,0.5766981899261474,valid,0.8091816950574918,0.8153432678191826,0.8102,101024
GEN,0.8189,11,11,offspring,3662,3582,CIFAR10,17,main_b1000_cifar10_alexnet_GEN_kp90_seed1024,0.9,0.8108,1,False,0.9,alexnet,False,0,0,1,0.8145,4,4,0.815,2,2,7244,8,0.9,CIFAR10_alexnet_GEN_accuracy_kp9000_seed1024,1024,36000,17,42,accuracy,101024,0.8108,1,0.5663389961242675,23.87318257242441,10,0.5663389961242675,valid,0.8113902303712888,0.8144714452064632,0.8108000000000001,101024
GEN,0.8189,11,11,offspring,3582,3662,CIFAR10,18,main_b1000_cifar10_alexnet_GEN_kp90_seed1024,0.9,0.814,1,False,0.9,alexnet,False,0,0,2,0.8145,4,4,0.815,2,2,7244,9,0.9,CIFAR10_alexnet_GEN_accuracy_kp9000_seed1024,1024,36000,18,42,accuracy,101024,0.814,2,0.5481676376342773,23.602032534778118,10,0.5481676376342773,valid,0.8141259460151155,0.8166508022311385,0.8139999999999998,101024
GEN,0.8189,11,11,offspring,3692,3558,CIFAR10,19,main_b1000_cifar10_alexnet_GEN_kp90_seed1024,0.9,0.8186,1,False,0.9,alexnet,False,0,0,1,0.8175,3,3,0.815,2,2,7250,10,0.9,CIFAR10_alexnet_GEN_accuracy_kp9000_seed1024,1024,36000,19,42,accuracy,101024,0.8186,3,0.5665833788871765,23.802454881370068,10,0.5665833788871765,valid,0.8188904618735384,0.8204412064540012,0.8186,101024
GEN,0.8189,11,11,offspring,3632,3534,CIFAR10,20,main_b1000_cifar10_alexnet_GEN_kp90_seed1024,0.9,0.8017,2,False,0.9,alexnet,False,0,0,1,0.8186,19,10,0.8189,11,2,7166,2,0.9,CIFAR10_alexnet_GEN_accuracy_kp9000_seed1024,1024,36000,20,42,accuracy,101024,0.8017,1,0.5778891794204712,23.802299350500107,10,0.5778891794204712,valid,0.8034091620330488,0.8128221540280102,0.8017,101024
GEN,0.8189,11,11,offspring,3534,3632,CIFAR10,21,main_b1000_cifar10_alexnet_GEN_kp90_seed1024,0.9,0.8038,2,False,0.9,alexnet,False,0,0,2,0.8186,19,10,0.8189,11,2,7166,3,0.9,CIFAR10_alexnet_GEN_accuracy_kp9000_seed1024,1024,36000,21,42,accuracy,101024,0.8038,1,0.5699112915515899,23.768739603459835,10,0.5699112915515899,valid,0.8019361705834482,0.80549005380402,0.8038000000000001,101024
GEN,0.8189,11,11,offspring,2664,2718,CIFAR10,22,main_b1000_cifar10_alexnet_GEN_kp90_seed1024,0.9,0.8101,2,False,0.9,alexnet,False,0,0,1,0.8183,12,3,0.8158,15,6,5382,4,0.9,CIFAR10_alexnet_GEN_accuracy_kp9000_seed1024,1024,36000,22,42,accuracy,101024,0.8101,2,0.5650194148540497,23.768122754991055,10,0.5650194148540497,valid,0.811605607210946,0.8170245043170568,0.8100999999999999,101024
GEN,0.8189,11,11,offspring,2718,2664,CIFAR10,23,main_b1000_cifar10_alexnet_GEN_kp90_seed1024,0.9,0.8082,2,False,0.9,alexnet,False,0,0,2,0.8183,12,3,0.8158,15,6,5382,5,0.9,CIFAR10_alexnet_GEN_accuracy_kp9000_seed1024,1024,36000,23,42,accuracy,101024,0.8082,1,0.5606584583282471,23.636082537472248,10,0.5606584583282471,valid,0.8099327103196137,0.8156199171527941,0.8082,101024
GEN,0.8189,11,11,offspring,3514,3672,CIFAR10,24,main_b1000_cifar10_alexnet_GEN_kp90_seed1024,0.9,0.8124,2,False,0.9,alexnet,False,0,0,1,0.8175,3,1,0.8108,17,8,7186,6,0.9,CIFAR10_alexnet_GEN_accuracy_kp9000_seed1024,1024,36000,24,42,accuracy,101024,0.8124,1,0.5578373561382294,23.85974159836769,10,0.5578373561382294,valid,0.8120469227667513,0.8166413315393447,0.8124,101024
GEN,0.8189,11,11,offspring,3672,3514,CIFAR10,25,main_b1000_cifar10_alexnet_GEN_kp90_seed1024,0.9,0.8146,2,False,0.9,alexnet,False,0,0,2,0.8175,3,1,0.8108,17,8,7186,7,0.9,CIFAR10_alexnet_GEN_accuracy_kp9000_seed1024,1024,36000,25,42,accuracy,101024,0.8146,2,0.5458616067409515,23.685695871710777,10,0.5458616067409515,valid,0.8149242040845636,0.8167524942746637,0.8146000000000001,101024
GEN,0.8189,11,11,offspring,3572,3640,CIFAR10,26,main_b1000_cifar10_alexnet_GEN_kp90_seed1024,0.9,0.8156,2,False,0.9,alexnet,False,0,0,1,0.8175,3,1,0.8183,12,3,7212,8,0.9,CIFAR10_alexnet_GEN_accuracy_kp9000_seed1024,1024,36000,26,42,accuracy,101024,0.8156,2,0.5593013362884521,23.798442251980305,10,0.5593013362884521,valid,0.8163293630919115,0.820069708771134,0.8156000000000001,101024
GEN,0.8189,11,11,offspring,3640,3572,CIFAR10,27,main_b1000_cifar10_alexnet_GEN_kp90_seed1024,0.9,0.8166,2,False,0.9,alexnet,False,0,0,2,0.8175,3,1,0.8183,12,3,7212,9,0.9,CIFAR10_alexnet_GEN_accuracy_kp9000_seed1024,1024,36000,27,42,accuracy,101024,0.8166,2,0.5584853967428207,23.872115470468998,10,0.5584853967428207,valid,0.817138174694805,0.8224044559437902,0.8166,101024
GEN,0.8189,11,11,offspring,3662,3524,CIFAR10,28,main_b1000_cifar10_alexnet_GEN_kp90_seed1024,0.9,0.8063,2,False,0.9,alexnet,False,0,0,1,0.8175,3,1,0.8189,11,2,7186,10,0.9,CIFAR10_alexnet_GEN_accuracy_kp9000_seed1024,1024,36000,28,42,accuracy,101024,0.8063,1,0.5707513848781586,23.702230773866177,10,0.5707513848781586,valid,0.8065155431639741,0.8118426249338728,0.8063,101024
GEN,0.8189,11,11,offspring,3556,3650,CIFAR10,29,main_b1000_cifar10_alexnet_GEN_kp90_seed1024,0.9,0.8056,3,False,0.9,alexnet,False,0,0,1,0.8189,11,1,0.8156,26,8,7206,2,0.9,CIFAR10_alexnet_GEN_accuracy_kp9000_seed1024,1024,36000,29,42,accuracy,101024,0.8056,1,0.5655237170219422,23.88048403710127,10,0.5655237170219422,valid,0.8059778509306386,0.8091646679413531,0.8055999999999999,101024
GEN,0.8189,11,11,offspring,3650,3556,CIFAR10,30,main_b1000_cifar10_alexnet_GEN_kp90_seed1024,0.9,0.7991,3,False,0.9,alexnet,False,0,0,2,0.8189,11,1,0.8156,26,8,7206,3,0.9,CIFAR10_alexnet_GEN_accuracy_kp9000_seed1024,1024,36000,30,42,accuracy,101024,0.7991,1,0.5898565913677215,23.62168561667204,10,0.5898565913677215,valid,0.7979909709207507,0.8060967123052958,0.7991,101024
GEN,0.8189,11,11,offspring,3560,3656,CIFAR10,31,main_b1000_cifar10_alexnet_GEN_kp90_seed1024,0.9,0.8079,3,False,0.9,alexnet,False,0,0,1,0.8189,11,1,0.8124,24,6,7216,4,0.9,CIFAR10_alexnet_GEN_accuracy_kp9000_seed1024,1024,36000,31,42,accuracy,101024,0.8079,3,0.5940853031158447,23.90184461325407,10,0.5940853031158447,valid,0.8079382039584748,0.8151596191719548,0.8078999999999998,101024
GEN,0.8189,11,11,offspring,3656,3560,CIFAR10,32,main_b1000_cifar10_alexnet_GEN_kp90_seed1024,0.9,0.8171,3,False,0.9,alexnet,False,0,0,2,0.8189,11,1,0.8124,24,6,7216,5,0.9,CIFAR10_alexnet_GEN_accuracy_kp9000_seed1024,1024,36000,32,42,accuracy,101024,0.8171,3,0.5650575969696044,23.65736910700798,10,0.5650575969696044,valid,0.8179691933600338,0.8211329322783636,0.8171000000000002,101024
GEN,0.8189,11,11,offspring,2740,2684,CIFAR10,33,main_b1000_cifar10_alexnet_GEN_kp90_seed1024,0.9,0.8178,3,False,0.9,alexnet,False,0,0,1,0.8146,25,7,0.8156,26,8,5424,6,0.9,CIFAR10_alexnet_GEN_accuracy_kp9000_seed1024,1024,36000,33,42,accuracy,101024,0.8178,4,0.5793977634429932,23.861652687191963,10,0.5793977634429932,valid,0.8187594114025547,0.8228515051036205,0.8178000000000001,101024
GEN,0.8189,11,11,offspring,2684,2740,CIFAR10,34,main_b1000_cifar10_alexnet_GEN_kp90_seed1024,0.9,0.8108,3,False,0.9,alexnet,False,0,0,2,0.8146,25,7,0.8156,26,8,5424,7,0.9,CIFAR10_alexnet_GEN_accuracy_kp9000_seed1024,1024,36000,34,42,accuracy,101024,0.8108,1,0.559893640613556,23.752765387296677,10,0.559893640613556,valid,0.810674339366388,0.8133513405409273,0.8108000000000001,101024
GEN,0.8189,11,11,offspring,2680,2720,CIFAR10,35,main_b1000_cifar10_alexnet_GEN_kp90_seed1024,0.9,0.8139,3,False,0.9,alexnet,False,0,0,1,0.8124,24,6,0.8166,27,9,5400,8,0.9,CIFAR10_alexnet_GEN_accuracy_kp9000_seed1024,1024,36000,35,42,accuracy,101024,0.8139,2,0.5544455345630646,23.777874425053596,10,0.5544455345630646,valid,0.8146619704050181,0.8176004549271021,0.8139,101024
GEN,0.8189,11,11,offspring,2720,2680,CIFAR10,36,main_b1000_cifar10_alexnet_GEN_kp90_seed1024,0.9,0.815,3,False,0.9,alexnet,False,0,0,2,0.8124,24,6,0.8166,27,9,5400,9,0.9,CIFAR10_alexnet_GEN_accuracy_kp9000_seed1024,1024,36000,36,42,accuracy,101024,0.815,3,0.5792699988126755,23.872476413846016,10,0.5792699988126755,valid,0.8162375397442441,0.821082434766673,0.8150000000000001,101024
GEN,0.8189,11,11,offspring,3600,3620,CIFAR10,37,main_b1000_cifar10_alexnet_GEN_kp90_seed1024,0.9,0.8094,3,False,0.9,alexnet,False,0,0,1,0.8189,11,1,0.8146,25,7,7220,10,0.9,CIFAR10_alexnet_GEN_accuracy_kp9000_seed1024,1024,36000,37,42,accuracy,101024,0.8094,2,0.5708994441509246,23.739365734159946,10,0.5708994441509246,valid,0.8095782927587324,0.8133118162543402,0.8093999999999999,101024
GEN,0.8189,11,11,offspring,3434,3332,CIFAR10,38,main_b1000_cifar10_alexnet_GEN_kp90_seed1024,0.9,0.809,4,False,0.9,alexnet,False,0,0,1,0.8178,33,6,0.8171,32,5,6766,2,0.9,CIFAR10_alexnet_GEN_accuracy_kp9000_seed1024,1024,36000,38,42,accuracy,101024,0.809,2,0.5758061748981476,23.946473583579063,10,0.5758061748981476,valid,0.809873277430964,0.8211182392334628,0.8089999999999999,101024
GEN,0.8189,11,11,offspring,3332,3434,CIFAR10,39,main_b1000_cifar10_alexnet_GEN_kp90_seed1024,0.9,0.8135,4,False,0.9,alexnet,False,0,0,2,0.8178,33,6,0.8171,32,5,6766,3,0.9,CIFAR10_alexnet_GEN_accuracy_kp9000_seed1024,1024,36000,39,42,accuracy,101024,0.8135,2,0.5690813409328461,23.64512075483799,10,0.5690813409328461,valid,0.8131186483819752,0.8160499971875896,0.8135,101024
GEN,0.8202,40,40,offspring,1824,1832,CIFAR10,40,main_b1000_cifar10_alexnet_GEN_kp90_seed1024,0.9,0.8202,4,True,0.9,alexnet,False,0,0,1,0.8189,11,1,0.8171,32,5,3656,4,0.9,CIFAR10_alexnet_GEN_accuracy_kp9000_seed1024,1024,36000,40,42,accuracy,101024,0.8202,3,0.5577711579084397,23.94630141556263,10,0.5577711579084397,valid,0.8192957399019687,0.822234106786515,0.8202,101024
GEN,0.8202,40,40,offspring,1832,1824,CIFAR10,41,main_b1000_cifar10_alexnet_GEN_kp90_seed1024,0.9,0.8072,4,False,0.9,alexnet,True,3600,1800,2,0.8189,11,1,0.8171,32,5,3656,5,0.9,CIFAR10_alexnet_GEN_accuracy_kp9000_seed1024,1024,36000,41,42,accuracy,101024,0.8072,1,0.5622780200004578,23.677044183015823,10,0.5622780200004578,valid,0.8052350362941804,0.8093793816352415,0.8072000000000001,101024
GEN,0.8202,40,40,offspring,3144,3136,CIFAR10,42,main_b1000_cifar10_alexnet_GEN_kp90_seed1024,0.9,0.8148,4,False,0.9,alexnet,False,0,0,1,0.8178,33,6,0.815,36,9,6280,6,0.9,CIFAR10_alexnet_GEN_accuracy_kp9000_seed1024,1024,36000,42,42,accuracy,101024,0.8148,2,0.5634498757839203,23.89665137976408,10,0.5634498757839203,valid,0.8149089966360933,0.8217170250298169,0.8148,101024
GEN,0.8202,40,40,offspring,3136,3144,CIFAR10,43,main_b1000_cifar10_alexnet_GEN_kp90_seed1024,0.9,0.8158,4,False,0.9,alexnet,False,0,0,2,0.8178,33,6,0.815,36,9,6280,7,0.9,CIFAR10_alexnet_GEN_accuracy_kp9000_seed1024,1024,36000,43,42,accuracy,101024,0.8158,3,0.5627243916034699,23.79272274672985,10,0.5627243916034699,valid,0.8154059836783467,0.8171406343723613,0.8158,101024
GEN,0.8202,40,40,offspring,3632,3576,CIFAR10,44,main_b1000_cifar10_alexnet_GEN_kp90_seed1024,0.9,0.8132,4,False,0.9,alexnet,False,0,0,1,0.8189,11,1,0.815,36,9,7208,8,0.9,CIFAR10_alexnet_GEN_accuracy_kp9000_seed1024,1024,36000,44,42,accuracy,101024,0.8132,4,0.5906279065847397,23.690984189510345,10,0.5906279065847397,valid,0.8124722138110879,0.8150871132813202,0.8132000000000001,101024
GEN,0.8202,40,40,offspring,3576,3632,CIFAR10,45,main_b1000_cifar10_alexnet_GEN_kp90_seed1024,0.9,0.8027,4,False,0.9,alexnet,False,0,0,2,0.8189,11,1,0.815,36,9,7208,9,0.9,CIFAR10_alexnet_GEN_accuracy_kp9000_seed1024,1024,36000,45,42,accuracy,101024,0.8027,1,0.5796547595024109,24.346129454672337,10,0.5796547595024109,valid,0.8032743457539914,0.8079381141453366,0.8027000000000001,101024
GEN,0.8202,40,40,offspring,1734,1922,CIFAR10,46,main_b1000_cifar10_alexnet_GEN_kp90_seed1024,0.9,0.8113,4,False,0.9,alexnet,False,0,0,1,0.8171,32,5,0.8189,11,1,3656,10,0.9,CIFAR10_alexnet_GEN_accuracy_kp9000_seed1024,1024,36000,46,42,accuracy,101024,0.8113,2,0.5696061723709106,23.814512446522713,10,0.5696061723709106,valid,0.8119259130127254,0.8166763243860403,0.8112999999999999,101024
GEN,0.8202,40,40,offspring,2742,2736,CIFAR10,47,main_b1000_cifar10_alexnet_GEN_kp90_seed1024,0.9,0.8187,5,False,0.9,alexnet,False,0,0,1,0.8189,11,1,0.8135,39,3,5478,2,0.9,CIFAR10_alexnet_GEN_accuracy_kp9000_seed1024,1024,36000,47,42,accuracy,101024,0.8187,2,0.5424250978469849,24.035989336669445,10,0.5424250978469849,valid,0.8184509749301764,0.8192175813115424,0.8187000000000001,101024
GEN,0.8202,40,40,offspring,2736,2742,CIFAR10,48,main_b1000_cifar10_alexnet_GEN_kp90_seed1024,0.9,0.8188,5,False,0.9,alexnet,False,0,0,2,0.8189,11,1,0.8135,39,3,5478,3,0.9,CIFAR10_alexnet_GEN_accuracy_kp9000_seed1024,1024,36000,48,42,accuracy,101024,0.8188,4,0.572718169927597,23.761625058948994,10,0.572718169927597,valid,0.8194552986761012,0.8222737844989935,0.8187999999999999,101024
GEN,0.8202,40,40,offspring,2008,1928,CIFAR10,49,main_b1000_cifar10_alexnet_GEN_kp90_seed1024,0.9,0.8037,5,False,0.9,alexnet,False,0,0,1,0.8132,44,8,0.8202,40,4,3936,4,0.9,CIFAR10_alexnet_GEN_accuracy_kp9000_seed1024,1024,36000,49,42,accuracy,101024,0.8037,1,0.5636111315250397,23.987410619854927,10,0.5636111315250397,valid,0.8023801152063076,0.8038602241308347,0.8036999999999999,101024
GEN,0.8202,40,40,offspring,1928,2008,CIFAR10,50,main_b1000_cifar10_alexnet_GEN_kp90_seed1024,0.9,0.8107,5,False,0.9,alexnet,False,0,0,2,0.8132,44,8,0.8202,40,4,3936,5,0.9,CIFAR10_alexnet_GEN_accuracy_kp9000_seed1024,1024,36000,50,42,accuracy,101024,0.8107,2,0.5552201115131378,23.82843928784132,10,0.5552201115131378,valid,0.8108310214361627,0.8132609519621969,0.8107,101024
GEN,0.8202,40,40,offspring,3288,3250,CIFAR10,51,main_b1000_cifar10_alexnet_GEN_kp90_seed1024,0.9,0.807,5,False,0.9,alexnet,False,0,0,1,0.8158,43,7,0.8202,40,4,6538,6,0.9,CIFAR10_alexnet_GEN_accuracy_kp9000_seed1024,1024,36000,51,42,accuracy,101024,0.807,2,0.5862009576320648,41.6841124817729,10,0.5862009576320648,valid,0.8074474643012515,0.8113522979090076,0.807,101024
GEN,0.8202,40,40,offspring,3250,3288,CIFAR10,52,main_b1000_cifar10_alexnet_GEN_kp90_seed1024,0.9,0.8104,5,False,0.9,alexnet,False,0,0,2,0.8158,43,7,0.8202,40,4,6538,7,0.9,CIFAR10_alexnet_GEN_accuracy_kp9000_seed1024,1024,36000,52,42,accuracy,101024,0.8104,2,0.5721091608524322,23.982661455869675,10,0.5721091608524322,valid,0.8118668188684527,0.8188757995071315,0.8103999999999999,101024
GEN,0.8202,40,40,offspring,3206,3288,CIFAR10,53,main_b1000_cifar10_alexnet_GEN_kp90_seed1024,0.9,0.8148,5,False,0.9,alexnet,False,0,0,1,0.8113,46,10,0.8148,42,6,6494,8,0.9,CIFAR10_alexnet_GEN_accuracy_kp9000_seed1024,1024,36000,53,42,accuracy,101024,0.8148,2,0.5587819489479064,26.23020099848509,10,0.5587819489479064,valid,0.8144680847965372,0.8158072843671457,0.8148,101024
GEN,0.8202,40,40,offspring,3288,3206,CIFAR10,54,main_b1000_cifar10_alexnet_GEN_kp90_seed1024,0.9,0.8022,5,False,0.9,alexnet,False,0,0,2,0.8113,46,10,0.8148,42,6,6494,9,0.9,CIFAR10_alexnet_GEN_accuracy_kp9000_seed1024,1024,36000,54,42,accuracy,101024,0.8022,1,0.575137443113327,24.06263965368271,10,0.575137443113327,valid,0.8029191852556469,0.8089690247917538,0.8022,101024
GEN,0.8202,40,40,offspring,1820,1812,CIFAR10,55,main_b1000_cifar10_alexnet_GEN_kp90_seed1024,0.9,0.8099,5,False,0.9,alexnet,False,0,0,1,0.8189,11,1,0.8132,44,8,3632,10,0.9,CIFAR10_alexnet_GEN_accuracy_kp9000_seed1024,1024,36000,55,42,accuracy,101024,0.8099,2,0.5731688165187836,23.734215654432774,10,0.5731688165187836,valid,0.8100334125862656,0.8163338330201112,0.8099000000000001,101024
GEN,0.8202,40,40,offspring,2722,2756,CIFAR10,56,main_b1000_cifar10_alexnet_GEN_kp90_seed1024,0.9,0.8096,6,False,0.9,alexnet,False,0,0,1,0.8187,47,2,0.8188,48,3,5478,2,0.9,CIFAR10_alexnet_GEN_accuracy_kp9000_seed1024,1024,36000,56,42,accuracy,101024,0.8096,1,0.5681360760688782,24.030804455280304,10,0.5681360760688782,valid,0.8095691457412508,0.8122013991534331,0.8096,101024
GEN,0.8202,40,40,offspring,2756,2722,CIFAR10,57,main_b1000_cifar10_alexnet_GEN_kp90_seed1024,0.9,0.8186,6,False,0.9,alexnet,False,0,0,2,0.8187,47,2,0.8188,48,3,5478,3,0.9,CIFAR10_alexnet_GEN_accuracy_kp9000_seed1024,1024,36000,57,42,accuracy,101024,0.8186,2,0.5397136640071869,23.863825403153896,10,0.5397136640071869,valid,0.8189272813321896,0.8205047698134191,0.8186,101024
GEN,0.8202,40,40,offspring,2002,1896,CIFAR10,58,main_b1000_cifar10_alexnet_GEN_kp90_seed1024,0.9,0.8146,6,False,0.9,alexnet,False,0,0,1,0.8107,50,5,0.8188,48,3,3898,4,0.9,CIFAR10_alexnet_GEN_accuracy_kp9000_seed1024,1024,36000,58,42,accuracy,101024,0.8146,2,0.5522752692461014,23.894644618034363,10,0.5522752692461014,valid,0.8155561183583723,0.8195767979915496,0.8145999999999999,101024
GEN,0.8202,40,40,offspring,1896,2002,CIFAR10,59,main_b1000_cifar10_alexnet_GEN_kp90_seed1024,0.9,0.8092,6,False,0.9,alexnet,False,0,0,2,0.8107,50,5,0.8188,48,3,3898,5,0.9,CIFAR10_alexnet_GEN_accuracy_kp9000_seed1024,1024,36000,59,42,accuracy,101024,0.8092,2,0.5726291061162948,23.957357577979565,10,0.5726291061162948,valid,0.8087814241270802,0.8129778550247837,0.8092,101024
GEN,0.8202,40,40,offspring,1534,1626,CIFAR10,60,main_b1000_cifar10_alexnet_GEN_kp90_seed1024,0.9,0.808,6,False,0.9,alexnet,False,0,0,1,0.8202,40,1,0.8188,48,3,3160,6,0.9,CIFAR10_alexnet_GEN_accuracy_kp9000_seed1024,1024,36000,60,42,accuracy,101024,0.808,2,0.5679421912193299,23.828638024628162,10,0.5679421912193299,valid,0.80864025328147,0.8139777576116518,0.8079999999999998,101024
GEN,0.8202,40,40,offspring,1626,1534,CIFAR10,61,main_b1000_cifar10_alexnet_GEN_kp90_seed1024,0.9,0.8086,6,False,0.9,alexnet,True,3600,1800,2,0.8202,40,1,0.8188,48,3,3160,7,0.9,CIFAR10_alexnet_GEN_accuracy_kp9000_seed1024,1024,36000,61,42,accuracy,101024,0.8086,2,0.5699445079803467,24.033313639461994,10,0.5699445079803467,valid,0.808389005554989,0.8133816703964202,0.8085999999999999,101024
GEN,0.8202,40,40,offspring,966,1042,CIFAR10,62,main_b1000_cifar10_alexnet_GEN_kp90_seed1024,0.9,0.8029,6,False,0.9,alexnet,False,0,0,1,0.8202,40,1,0.8107,50,5,2008,8,0.9,CIFAR10_alexnet_GEN_accuracy_kp9000_seed1024,1024,36000,62,42,accuracy,101024,0.8029,2,0.5892690598487854,23.730707496404648,10,0.5892690598487854,valid,0.8039409924279435,0.8178633727633832,0.8029,101024
GEN,0.8202,40,40,offspring,1042,966,CIFAR10,63,main_b1000_cifar10_alexnet_GEN_kp90_seed1024,0.9,0.8065,6,False,0.9,alexnet,False,0,0,2,0.8202,40,1,0.8107,50,5,2008,9,0.9,CIFAR10_alexnet_GEN_accuracy_kp9000_seed1024,1024,36000,63,42,accuracy,101024,0.8065,1,0.557386577129364,24.02552430331707,10,0.557386577129364,valid,0.8064639384630852,0.8106090106601946,0.8065000000000001,101024
GEN,0.8202,40,40,offspring,2204,2302,CIFAR10,64,main_b1000_cifar10_alexnet_GEN_kp90_seed1024,0.9,0.8013,6,False,0.9,alexnet,True,3600,1800,1,0.8104,52,7,0.8188,48,3,4506,10,0.9,CIFAR10_alexnet_GEN_accuracy_kp9000_seed1024,1024,36000,64,42,accuracy,101024,0.8013,1,0.5694327452659607,23.79524401575327,10,0.5694327452659607,valid,0.8023143173757656,0.8076441473772406,0.8013,101024
GEN,0.8202,40,40,offspring,1636,1670,CIFAR10,65,main_b1000_cifar10_alexnet_GEN_kp90_seed1024,0.9,0.816,7,False,0.9,alexnet,False,0,0,1,0.8186,57,3,0.8092,59,5,3306,2,0.9,CIFAR10_alexnet_GEN_accuracy_kp9000_seed1024,1024,36000,65,42,accuracy,101024,0.816,2,0.5489337599277496,24.044094309210777,10,0.5489337599277496,valid,0.8157234283604862,0.8171119374732919,0.8160000000000001,101024
GEN,0.8202,40,40,offspring,1670,1636,CIFAR10,66,main_b1000_cifar10_alexnet_GEN_kp90_seed1024,0.9,0.813,7,False,0.9,alexnet,False,0,0,2,0.8186,57,3,0.8092,59,5,3306,3,0.9,CIFAR10_alexnet_GEN_accuracy_kp9000_seed1024,1024,36000,66,42,accuracy,101024,0.813,3,0.5740814261436462,23.94320087879896,10,0.5740814261436462,valid,0.8124921633126017,0.8148427350562353,0.8130000000000001,101024
GEN,0.8202,40,40,offspring,2306,2406,CIFAR10,67,main_b1000_cifar10_alexnet_GEN_kp90_seed1024,0.9,0.8084,7,False,0.9,alexnet,True,3600,1800,1,0.8086,61,7,0.8146,58,4,4712,4,0.9,CIFAR10_alexnet_GEN_accuracy_kp9000_seed1024,1024,36000,67,42,accuracy,101024,0.8084,1,0.5671009264945984,23.865923792123795,10,0.5671009264945984,valid,0.8072215703946999,0.8110666500689504,0.8084,101024
GEN,0.8202,40,40,offspring,2406,2306,CIFAR10,68,main_b1000_cifar10_alexnet_GEN_kp90_seed1024,0.9,0.811,7,False,0.9,alexnet,False,0,0,2,0.8086,61,7,0.8146,58,4,4712,5,0.9,CIFAR10_alexnet_GEN_accuracy_kp9000_seed1024,1024,36000,68,42,accuracy,101024,0.811,2,0.5750109619140625,23.988445781171322,10,0.5750109619140625,valid,0.8106615413380597,0.8146861892970024,0.8110000000000002,101024
GEN,0.8202,40,40,offspring,1610,1670,CIFAR10,69,main_b1000_cifar10_alexnet_GEN_kp90_seed1024,0.9,0.8025,7,False,0.9,alexnet,False,0,0,1,0.8186,57,3,0.8146,58,4,3280,6,0.9,CIFAR10_alexnet_GEN_accuracy_kp9000_seed1024,1024,36000,69,42,accuracy,101024,0.8025,1,0.5721260107517242,23.79821790754795,10,0.5721260107517242,valid,0.8000139820432434,0.8072918478589373,0.8025,101024
GEN,0.8202,40,40,offspring,1670,1610,CIFAR10,70,main_b1000_cifar10_alexnet_GEN_kp90_seed1024,0.9,0.8106,7,False,0.9,alexnet,False,0,0,2,0.8186,57,3,0.8146,58,4,3280,7,0.9,CIFAR10_alexnet_GEN_accuracy_kp9000_seed1024,1024,36000,70,42,accuracy,101024,0.8106,2,0.5599163092613221,23.967397809028625,10,0.5599163092613221,valid,0.811320711652116,0.8164947442638593,0.8106,101024
GEN,0.8202,40,40,offspring,1604,1514,CIFAR10,71,main_b1000_cifar10_alexnet_GEN_kp90_seed1024,0.9,0.8174,7,False,0.9,alexnet,False,0,0,1,0.8202,40,1,0.8186,57,3,3118,8,0.9,CIFAR10_alexnet_GEN_accuracy_kp9000_seed1024,1024,36000,71,42,accuracy,101024,0.8174,3,0.5670605540752411,23.814199216663837,10,0.5670605540752411,valid,0.8179465638887334,0.8218093669637929,0.8174000000000001,101024
GEN,0.8202,40,40,offspring,1514,1604,CIFAR10,72,main_b1000_cifar10_alexnet_GEN_kp90_seed1024,0.9,0.8085,7,False,0.9,alexnet,False,0,0,2,0.8202,40,1,0.8186,57,3,3118,9,0.9,CIFAR10_alexnet_GEN_accuracy_kp9000_seed1024,1024,36000,72,42,accuracy,101024,0.8085,2,0.5765305377960205,24.41469570994377,10,0.5765305377960205,valid,0.8095032083185785,0.8186182323459941,0.8084999999999999,101024
GEN,0.8202,40,40,offspring,1578,1540,CIFAR10,73,main_b1000_cifar10_alexnet_GEN_kp90_seed1024,0.9,0.8035,7,False,0.9,alexnet,False,0,0,1,0.8186,57,3,0.8202,40,1,3118,10,0.9,CIFAR10_alexnet_GEN_accuracy_kp9000_seed1024,1024,36000,73,42,accuracy,101024,0.8035,1,0.564741597700119,23.85699550062418,10,0.564741597700119,valid,0.8024121904211683,0.8048882526083959,0.8035,101024
GEN,0.8202,40,40,offspring,1312,1286,CIFAR10,74,main_b1000_cifar10_alexnet_GEN_kp90_seed1024,0.9,0.8081,8,False,0.9,alexnet,False,0,0,1,0.8106,70,7,0.813,66,3,2598,2,0.9,CIFAR10_alexnet_GEN_accuracy_kp9000_seed1024,1024,36000,74,42,accuracy,101024,0.8081,1,0.5678470151901245,23.892122104763985,10,0.5678470151901245,valid,0.8082050410436606,0.8120866595065719,0.8080999999999999,101024
GEN,0.8202,40,40,offspring,1286,1312,CIFAR10,75,main_b1000_cifar10_alexnet_GEN_kp90_seed1024,0.9,0.8076,8,False,0.9,alexnet,False,0,0,2,0.8106,70,7,0.813,66,3,2598,3,0.9,CIFAR10_alexnet_GEN_accuracy_kp9000_seed1024,1024,36000,75,42,accuracy,101024,0.8076,2,0.5763726663589478,23.997758097946644,10,0.5763726663589478,valid,0.8083442392018949,0.8162961557073564,0.8076000000000001,101024
GEN,0.8202,40,40,offspring,1462,1416,CIFAR10,76,main_b1000_cifar10_alexnet_GEN_kp90_seed1024,0.9,0.8084,8,False,0.9,alexnet,False,0,0,1,0.8202,40,1,0.816,65,2,2878,4,0.9,CIFAR10_alexnet_GEN_accuracy_kp9000_seed1024,1024,36000,76,42,accuracy,101024,0.8084,2,0.5625619941711426,23.79432364553213,10,0.5625619941711426,valid,0.8069144893834957,0.8085111970906146,0.8084,101024
GEN,0.8202,40,40,offspring,1416,1462,CIFAR10,77,main_b1000_cifar10_alexnet_GEN_kp90_seed1024,0.9,0.813,8,False,0.9,alexnet,False,0,0,2,0.8202,40,1,0.816,65,2,2878,5,0.9,CIFAR10_alexnet_GEN_accuracy_kp9000_seed1024,1024,36000,77,42,accuracy,101024,0.813,3,0.5796027238845826,23.968988835811615,10,0.5796027238845826,valid,0.8126975572499662,0.8162484446999055,0.8130000000000001,101024
GEN,0.8202,40,40,offspring,1112,1114,CIFAR10,78,main_b1000_cifar10_alexnet_GEN_kp90_seed1024,0.9,0.8077,8,False,0.9,alexnet,False,0,0,1,0.8174,71,8,0.813,66,3,2226,6,0.9,CIFAR10_alexnet_GEN_accuracy_kp9000_seed1024,1024,36000,78,42,accuracy,101024,0.8077,1,0.5566532687187195,23.758514642715454,10,0.5566532687187195,valid,0.8076220798200845,0.8083425357432793,0.8077,101024
GEN,0.8202,40,40,offspring,1114,1112,CIFAR10,79,main_b1000_cifar10_alexnet_GEN_kp90_seed1024,0.9,0.814,8,False,0.9,alexnet,False,0,0,2,0.8174,71,8,0.813,66,3,2226,7,0.9,CIFAR10_alexnet_GEN_accuracy_kp9000_seed1024,1024,36000,79,42,accuracy,101024,0.814,2,0.5626070352554321,24.281068116426468,10,0.5626070352554321,valid,0.8142885938583767,0.8172407767742719,0.8140000000000001,101024
GEN,0.8202,40,40,offspring,798,806,CIFAR10,80,main_b1000_cifar10_alexnet_GEN_kp90_seed1024,0.9,0.8101,8,False,0.9,alexnet,False,0,0,1,0.8174,71,8,0.8202,40,1,1604,8,0.9,CIFAR10_alexnet_GEN_accuracy_kp9000_seed1024,1024,36000,80,42,accuracy,101024,0.8101,3,0.5837976818561554,23.9656303524971,10,0.5837976818561554,valid,0.8107906782487193,0.8157562532681736,0.8101,101024
GEN,0.8202,40,40,offspring,806,798,CIFAR10,81,main_b1000_cifar10_alexnet_GEN_kp90_seed1024,0.9,0.8121,8,False,0.9,alexnet,False,0,0,2,0.8174,71,8,0.8202,40,1,1604,9,0.9,CIFAR10_alexnet_GEN_accuracy_kp9000_seed1024,1024,36000,81,42,accuracy,101024,0.8121,3,0.5796464621305466,23.804004684090614,10,0.5796464621305466,valid,0.8116290983216274,0.8181476636136562,0.8121,101024
GEN,0.8202,40,40,offspring,1422,1456,CIFAR10,82,main_b1000_cifar10_alexnet_GEN_kp90_seed1024,0.9,0.8104,8,False,0.9,alexnet,False,0,0,1,0.816,65,2,0.8202,40,1,2878,10,0.9,CIFAR10_alexnet_GEN_accuracy_kp9000_seed1024,1024,36000,82,42,accuracy,101024,0.8104,2,0.5715969848871231,24.05797576904297,10,0.5715969848871231,valid,0.8095209584361112,0.8130475545082122,0.8104000000000001,101024
GEN,0.8202,40,40,offspring,706,710,CIFAR10,83,main_b1000_cifar10_alexnet_GEN_kp90_seed1024,0.9,0.8144,9,False,0.9,alexnet,False,0,0,1,0.8202,40,1,0.813,77,5,1416,2,0.9,CIFAR10_alexnet_GEN_accuracy_kp9000_seed1024,1024,36000,83,42,accuracy,101024,0.8144,2,0.5608347263336182,23.718352861702442,10,0.5608347263336182,valid,0.8146874058638371,0.8165169433417342,0.8144,101024
GEN,0.8202,40,40,offspring,710,706,CIFAR10,84,main_b1000_cifar10_alexnet_GEN_kp90_seed1024,0.9,0.8105,9,False,0.9,alexnet,False,0,0,2,0.8202,40,1,0.813,77,5,1416,3,0.9,CIFAR10_alexnet_GEN_accuracy_kp9000_seed1024,1024,36000,84,42,accuracy,101024,0.8105,2,0.5645578627109528,23.935375072062016,10,0.5645578627109528,valid,0.8110846469749774,0.8135366371196617,0.8105,101024
GEN,0.8202,40,40,offspring,874,816,CIFAR10,85,main_b1000_cifar10_alexnet_GEN_kp90_seed1024,0.9,0.8163,9,False,0.9,alexnet,False,0,0,1,0.813,77,5,0.8121,81,9,1690,4,0.9,CIFAR10_alexnet_GEN_accuracy_kp9000_seed1024,1024,36000,85,42,accuracy,101024,0.8163,2,0.5574223843574524,23.888520404696465,10,0.5574223843574524,valid,0.816115465765647,0.8193481191928355,0.8163,101024
GEN,0.8202,40,40,offspring,816,874,CIFAR10,86,main_b1000_cifar10_alexnet_GEN_kp90_seed1024,0.9,0.8135,9,False,0.9,alexnet,False,0,0,2,0.813,77,5,0.8121,81,9,1690,5,0.9,CIFAR10_alexnet_GEN_accuracy_kp9000_seed1024,1024,36000,86,42,accuracy,101024,0.8135,3,0.5770300216674805,23.889211237430573,10,0.5770300216674805,valid,0.8137018539923175,0.8172290540098415,0.8135,101024
GEN,0.8202,40,40,offspring,732,724,CIFAR10,87,main_b1000_cifar10_alexnet_GEN_kp90_seed1024,0.9,0.8127,9,False,0.9,alexnet,False,0,0,1,0.8104,82,10,0.8202,40,1,1456,6,0.9,CIFAR10_alexnet_GEN_accuracy_kp9000_seed1024,1024,36000,87,42,accuracy,101024,0.8127,2,0.5590222838878631,23.989674627780914,10,0.5590222838878631,valid,0.8123112495693452,0.8146467032341675,0.8127000000000001,101024
GEN,0.8205,88,88,offspring,724,732,CIFAR10,88,main_b1000_cifar10_alexnet_GEN_kp90_seed1024,0.9,0.8205,9,True,0.9,alexnet,True,3600,1800,2,0.8104,82,10,0.8202,40,1,1456,7,0.9,CIFAR10_alexnet_GEN_accuracy_kp9000_seed1024,1024,36000,88,42,accuracy,101024,0.8205,3,0.5561895151853561,23.807778425514698,10,0.5561895151853561,valid,0.8200992268615288,0.8220945861650124,0.8205,101024
GEN,0.8205,88,88,offspring,718,738,CIFAR10,89,main_b1000_cifar10_alexnet_GEN_kp90_seed1024,0.9,0.8009,9,False,0.9,alexnet,False,0,0,1,0.8104,82,10,0.8202,40,1,1456,8,0.9,CIFAR10_alexnet_GEN_accuracy_kp9000_seed1024,1024,36000,89,42,accuracy,101024,0.8009,2,0.5883329767227173,24.078564822673798,10,0.5883329767227173,valid,0.8002633626708606,0.8083279907919942,0.8009000000000001,101024
GEN,0.8205,88,88,offspring,738,718,CIFAR10,90,main_b1000_cifar10_alexnet_GEN_kp90_seed1024,0.9,0.8161,9,False,0.9,alexnet,False,0,0,2,0.8104,82,10,0.8202,40,1,1456,9,0.9,CIFAR10_alexnet_GEN_accuracy_kp9000_seed1024,1024,36000,90,42,accuracy,101024,0.8161,2,0.553471422457695,23.7638972774148,10,0.553471422457695,valid,0.8158579490361844,0.8176865106574874,0.8160999999999999,101024
GEN,0.8205,88,88,offspring,1274,1242,CIFAR10,91,main_b1000_cifar10_alexnet_GEN_kp90_seed1024,0.9,0.8059,9,False,0.9,alexnet,False,0,0,1,0.814,79,7,0.813,77,5,2516,10,0.9,CIFAR10_alexnet_GEN_accuracy_kp9000_seed1024,1024,36000,91,42,accuracy,101024,0.8059,2,0.5838294823169708,24.060519017279148,10,0.5838294823169708,valid,0.8079452828082981,0.8195559382150087,0.8059000000000001,101024
GEN,0.8205,88,88,offspring,532,544,CIFAR10,92,main_b1000_cifar10_alexnet_GEN_kp90_seed1024,0.9,0.8145,10,False,0.9,alexnet,False,0,0,1,0.8135,86,5,0.8202,40,1,1076,2,0.9,CIFAR10_alexnet_GEN_accuracy_kp9000_seed1024,1024,36000,92,42,accuracy,101024,0.8145,2,0.548536772274971,23.85886438190937,10,0.548536772274971,valid,0.8137346948584259,0.8147438527198693,0.8145,101024
GEN,0.8205,88,88,offspring,544,532,CIFAR10,93,main_b1000_cifar10_alexnet_GEN_kp90_seed1024,0.9,0.8062,10,False,0.9,alexnet,False,0,0,2,0.8135,86,5,0.8202,40,1,1076,3,0.9,CIFAR10_alexnet_GEN_accuracy_kp9000_seed1024,1024,36000,93,42,accuracy,101024,0.8062,1,0.5699646104335785,23.92267245799303,10,0.5699646104335785,valid,0.8060488847404799,0.8103672698001689,0.8061999999999999,101024
GEN,0.8205,88,88,offspring,360,346,CIFAR10,94,main_b1000_cifar10_alexnet_GEN_kp90_seed1024,0.9,0.805,10,False,0.9,alexnet,False,0,0,1,0.8144,83,2,0.8202,40,1,706,4,0.9,CIFAR10_alexnet_GEN_accuracy_kp9000_seed1024,1024,36000,94,42,accuracy,101024,0.805,1,0.5758401395320892,24.02316301316023,10,0.5758401395320892,valid,0.8046361806266817,0.807434416468839,0.805,101024
GEN,0.8205,88,88,offspring,346,360,CIFAR10,95,main_b1000_cifar10_alexnet_GEN_kp90_seed1024,0.9,0.8126,10,False,0.9,alexnet,False,0,0,2,0.8144,83,2,0.8202,40,1,706,5,0.9,CIFAR10_alexnet_GEN_accuracy_kp9000_seed1024,1024,36000,95,42,accuracy,101024,0.8126,2,0.5649219334125519,23.805507078766823,10,0.5649219334125519,valid,0.8136789866304193,0.8198344934895886,0.8126000000000001,101024
GEN,0.8205,88,88,offspring,2110,2116,CIFAR10,96,main_b1000_cifar10_alexnet_GEN_kp90_seed1024,0.9,0.7968,10,False,0.9,alexnet,False,0,0,1,0.8205,88,7,0.8163,85,4,4226,6,0.9,CIFAR10_alexnet_GEN_accuracy_kp9000_seed1024,1024,36000,96,42,accuracy,101024,0.7968,1,0.592442568731308,24.104561634361744,10,0.592442568731308,valid,0.7960834353685211,0.802208600894665,0.7968,101024
GEN,0.8205,88,88,offspring,2116,2110,CIFAR10,97,main_b1000_cifar10_alexnet_GEN_kp90_seed1024,0.9,0.815,10,False,0.9,alexnet,False,0,0,2,0.8205,88,7,0.8163,85,4,4226,7,0.9,CIFAR10_alexnet_GEN_accuracy_kp9000_seed1024,1024,36000,97,42,accuracy,101024,0.815,3,0.5726385187625885,23.795471034944057,10,0.5726385187625885,valid,0.8157370698692027,0.8202139676099159,0.8150000000000001,101024
GEN,0.8205,88,88,offspring,1960,2002,CIFAR10,98,main_b1000_cifar10_alexnet_GEN_kp90_seed1024,0.9,0.8144,10,False,0.9,alexnet,False,0,0,1,0.8202,40,1,0.8205,88,7,3962,8,0.9,CIFAR10_alexnet_GEN_accuracy_kp9000_seed1024,1024,36000,98,42,accuracy,101024,0.8144,3,0.5688679971218109,24.083416521549225,10,0.5688679971218109,valid,0.8152464978549074,0.8189760206749565,0.8144,101024
GEN,0.8205,88,88,offspring,2002,1960,CIFAR10,99,main_b1000_cifar10_alexnet_GEN_kp90_seed1024,0.9,0.8138,10,False,0.9,alexnet,False,0,0,2,0.8202,40,1,0.8205,88,7,3962,9,0.9,CIFAR10_alexnet_GEN_accuracy_kp9000_seed1024,1024,36000,99,42,accuracy,101024,0.8138,3,0.5689137168884277,23.86538752913475,10,0.5689137168884277,valid,0.8133098585321635,0.8182105150729798,0.8138,101024
GEN,0.8205,88,88,offspring,560,578,CIFAR10,100,main_b1000_cifar10_alexnet_GEN_kp90_seed1024,0.9,0.8122,10,False,0.9,alexnet,True,3600,1800,1,0.8202,40,1,0.8163,85,4,1138,10,0.9,CIFAR10_alexnet_GEN_accuracy_kp9000_seed1024,1024,36000,100,42,accuracy,101024,0.8122,2,0.5647191222667695,23.55335535109043,10,0.5647191222667695,valid,0.8127116271978251,0.8151621558457496,0.8122,101024
GEN,0.8205,88,88,offspring,1170,1178,CIFAR10,101,main_b1000_cifar10_alexnet_GEN_kp90_seed1024,0.9,0.8176,11,False,0.9,alexnet,False,0,0,1,0.8145,92,2,0.8138,99,9,2348,2,0.9,CIFAR10_alexnet_GEN_accuracy_kp9000_seed1024,1024,36000,101,42,accuracy,101024,0.8176,3,0.5669812510490417,24.906914338469505,10,0.5669812510490417,valid,0.8169345861035884,0.81802410100071,0.8176,101024
GEN,0.8205,88,88,offspring,1178,1170,CIFAR10,102,main_b1000_cifar10_alexnet_GEN_kp90_seed1024,0.9,0.8177,11,False,0.9,alexnet,False,0,0,2,0.8145,92,2,0.8138,99,9,2348,3,0.9,CIFAR10_alexnet_GEN_accuracy_kp9000_seed1024,1024,36000,102,42,accuracy,101024,0.8177,3,0.556971144104004,23.726234331727028,10,0.556971144104004,valid,0.817699784209522,0.8196488714992437,0.8177,101024
GEN,0.8205,88,88,offspring,1144,1162,CIFAR10,103,main_b1000_cifar10_alexnet_GEN_kp90_seed1024,0.9,0.8161,11,False,0.9,alexnet,False,0,0,1,0.8144,98,8,0.8145,92,2,2306,4,0.9,CIFAR10_alexnet_GEN_accuracy_kp9000_seed1024,1024,36000,103,42,accuracy,101024,0.8161,4,0.5794695930719376,24.119117699563503,10,0.5794695930719376,valid,0.8165476566800989,0.818544732504219,0.8160999999999999,101024
GEN,0.8205,88,88,offspring,1162,1144,CIFAR10,104,main_b1000_cifar10_alexnet_GEN_kp90_seed1024,0.9,0.8147,11,False,0.9,alexnet,False,0,0,2,0.8144,98,8,0.8145,92,2,2306,5,0.9,CIFAR10_alexnet_GEN_accuracy_kp9000_seed1024,1024,36000,104,42,accuracy,101024,0.8147,2,0.556013920211792,23.906088456511497,10,0.556013920211792,valid,0.8148797418425844,0.8168432377756586,0.8147,101024
GEN,0.8205,88,88,offspring,1954,2100,CIFAR10,105,main_b1000_cifar10_alexnet_GEN_kp90_seed1024,0.9,0.8155,11,False,0.9,alexnet,False,0,0,1,0.8205,88,1,0.8126,95,5,4054,6,0.9,CIFAR10_alexnet_GEN_accuracy_kp9000_seed1024,1024,36000,105,42,accuracy,101024,0.8155,2,0.5656913023471832,23.962938338518143,10,0.5656913023471832,valid,0.816018638062703,0.8179557430637738,0.8154999999999999,101024
GEN,0.8205,88,88,offspring,2100,1954,CIFAR10,106,main_b1000_cifar10_alexnet_GEN_kp90_seed1024,0.9,0.8151,11,False,0.9,alexnet,False,0,0,2,0.8205,88,1,0.8126,95,5,4054,7,0.9,CIFAR10_alexnet_GEN_accuracy_kp9000_seed1024,1024,36000,106,42,accuracy,101024,0.8151,3,0.5706951410770417,24.098704859614372,10,0.5706951410770417,valid,0.8146352409774898,0.817022398458558,0.8150999999999999,101024
GEN,0.8205,88,88,offspring,1016,1100,CIFAR10,107,main_b1000_cifar10_alexnet_GEN_kp90_seed1024,0.9,0.8119,11,False,0.9,alexnet,False,0,0,1,0.815,97,7,0.8205,88,1,2116,8,0.9,CIFAR10_alexnet_GEN_accuracy_kp9000_seed1024,1024,36000,107,42,accuracy,101024,0.8119,2,0.5590664717197418,23.865656718611717,10,0.5590664717197418,valid,0.812034844374702,0.8132081243714355,0.8119000000000002,101024
GEN,0.8205,88,88,offspring,1100,1016,CIFAR10,108,main_b1000_cifar10_alexnet_GEN_kp90_seed1024,0.9,0.8149,11,False,0.9,alexnet,False,0,0,2,0.815,97,7,0.8205,88,1,2116,9,0.9,CIFAR10_alexnet_GEN_accuracy_kp9000_seed1024,1024,36000,108,42,accuracy,101024,0.8149,2,0.5540483463287353,24.16095046699047,10,0.5540483463287353,valid,0.8142738185747534,0.8153602922372892,0.8149000000000001,101024
GEN,0.8205,88,88,offspring,1144,1162,CIFAR10,109,main_b1000_cifar10_alexnet_GEN_kp90_seed1024,0.9,0.8119,11,False,0.9,alexnet,True,3600,1800,1,0.8144,98,8,0.8145,92,2,2306,10,0.9,CIFAR10_alexnet_GEN_accuracy_kp9000_seed1024,1024,36000,109,42,accuracy,101024,0.8119,2,0.5656840613126755,61.65486501157284,10,0.5656840613126755,valid,0.812886147126952,0.8178458939239454,0.8119,101024
GEN,0.8205,88,88,offspring,1192,1156,CIFAR10,110,main_b1000_cifar10_alexnet_GEN_kp90_seed1024,0.9,0.8113,12,False,0.9,alexnet,False,0,0,1,0.8177,102,3,0.8176,101,2,2348,2,0.9,CIFAR10_alexnet_GEN_accuracy_kp9000_seed1024,1024,36000,110,42,accuracy,101024,0.8113,2,0.5621092142581939,24.134018510580063,10,0.5621092142581939,valid,0.8123625285414426,0.8184261084039463,0.8112999999999999,101024
GEN,0.8205,88,88,offspring,1156,1192,CIFAR10,111,main_b1000_cifar10_alexnet_GEN_kp90_seed1024,0.9,0.8068,12,False,0.9,alexnet,False,0,0,2,0.8177,102,3,0.8176,101,2,2348,3,0.9,CIFAR10_alexnet_GEN_accuracy_kp9000_seed1024,1024,36000,111,42,accuracy,101024,0.8068,1,0.5664395563602448,23.90900533646345,10,0.5664395563602448,valid,0.8062329939813389,0.8101883766528839,0.8068000000000002,101024
GEN,0.8205,88,88,offspring,1050,1050,CIFAR10,112,main_b1000_cifar10_alexnet_GEN_kp90_seed1024,0.9,0.8089,12,False,0.9,alexnet,False,0,0,1,0.8205,88,1,0.8151,106,7,2100,4,0.9,CIFAR10_alexnet_GEN_accuracy_kp9000_seed1024,1024,36000,112,42,accuracy,101024,0.8089,2,0.571356893825531,24.133717000484467,10,0.571356893825531,valid,0.809654883978717,0.8145368435606682,0.8089000000000001,101024
GEN,0.8205,88,88,offspring,1050,1050,CIFAR10,113,main_b1000_cifar10_alexnet_GEN_kp90_seed1024,0.9,0.8065,12,False,0.9,alexnet,False,0,0,2,0.8205,88,1,0.8151,106,7,2100,5,0.9,CIFAR10_alexnet_GEN_accuracy_kp9000_seed1024,1024,36000,113,42,accuracy,101024,0.8065,2,0.5766285861492157,24.07466049492359,10,0.5766285861492157,valid,0.8067600836438942,0.8095610335567383,0.8065,101024
GEN,0.8205,88,88,offspring,1518,1546,CIFAR10,114,main_b1000_cifar10_alexnet_GEN_kp90_seed1024,0.9,0.8057,12,False,0.9,alexnet,False,0,0,1,0.8161,103,4,0.8205,88,1,3064,6,0.9,CIFAR10_alexnet_GEN_accuracy_kp9000_seed1024,1024,36000,114,42,accuracy,101024,0.8057,1,0.5766652376651764,23.915918581187725,10,0.5766652376651764,valid,0.8053358453216728,0.8074714663585636,0.8057000000000001,101024
GEN,0.8205,88,88,offspring,1546,1518,CIFAR10,115,main_b1000_cifar10_alexnet_GEN_kp90_seed1024,0.9,0.8073,12,False,0.9,alexnet,False,0,0,2,0.8161,103,4,0.8205,88,1,3064,7,0.9,CIFAR10_alexnet_GEN_accuracy_kp9000_seed1024,1024,36000,115,42,accuracy,101024,0.8073,2,0.5765321812152863,24.122158966958523,10,0.5765321812152863,valid,0.8080432652055523,0.8138059887797027,0.8073,101024
GEN,0.8205,88,88,offspring,1534,1530,CIFAR10,116,main_b1000_cifar10_alexnet_GEN_kp90_seed1024,0.9,0.8138,12,False,0.9,alexnet,False,0,0,1,0.8161,103,4,0.8205,88,1,3064,8,0.9,CIFAR10_alexnet_GEN_accuracy_kp9000_seed1024,1024,36000,116,42,accuracy,101024,0.8138,2,0.5571739260196685,23.8404373973608,10,0.5571739260196685,valid,0.8128537024548235,0.8144105003481101,0.8138,101024
GEN,0.8205,88,88,offspring,1530,1534,CIFAR10,117,main_b1000_cifar10_alexnet_GEN_kp90_seed1024,0.9,0.8138,12,False,0.9,alexnet,False,0,0,2,0.8161,103,4,0.8205,88,1,3064,9,0.9,CIFAR10_alexnet_GEN_accuracy_kp9000_seed1024,1024,36000,117,42,accuracy,101024,0.8138,2,0.5520771869182587,24.164386563003063,10,0.5520771869182587,valid,0.8141449807693123,0.8158032372473558,0.8138,101024
GEN,0.8205,88,88,offspring,1454,1582,CIFAR10,118,main_b1000_cifar10_alexnet_GEN_kp90_seed1024,0.9,0.805,12,False,0.9,alexnet,False,0,0,1,0.8177,102,3,0.8205,88,1,3036,10,0.9,CIFAR10_alexnet_GEN_accuracy_kp9000_seed1024,1024,36000,118,42,accuracy,101024,0.805,1,0.5639324843883514,23.914534136652946,10,0.5639324843883514,valid,0.8053095876064955,0.8088582788230061,0.805,101024
GEN,0.8205,88,88,offspring,900,952,CIFAR10,119,main_b1000_cifar10_alexnet_GEN_kp90_seed1024,0.9,0.8088,13,False,0.9,alexnet,False,0,0,1,0.8089,112,4,0.8138,117,9,1852,2,0.9,CIFAR10_alexnet_GEN_accuracy_kp9000_seed1024,1024,36000,119,42,accuracy,101024,0.8088,2,0.5758466658592224,24.04614505916834,10,0.5758466658592224,valid,0.8081400892066688,0.8147167755551964,0.8088,101024
GEN,0.8205,88,88,offspring,952,900,CIFAR10,120,main_b1000_cifar10_alexnet_GEN_kp90_seed1024,0.9,0.8162,13,False,0.9,alexnet,False,0,0,2,0.8089,112,4,0.8138,117,9,1852,3,0.9,CIFAR10_alexnet_GEN_accuracy_kp9000_seed1024,1024,36000,120,42,accuracy,101024,0.8162,2,0.556816630411148,24.091256216168404,10,0.556816630411148,valid,0.8165855161609716,0.8202222751783339,0.8161999999999999,101024
GEN,0.8226,121,121,offspring,742,788,CIFAR10,121,main_b1000_cifar10_alexnet_GEN_kp90_seed1024,0.9,0.8226,13,True,0.9,alexnet,False,0,0,1,0.8205,88,1,0.8138,116,8,1530,4,0.9,CIFAR10_alexnet_GEN_accuracy_kp9000_seed1024,1024,36000,121,42,accuracy,101024,0.8226,3,0.5574695217132568,23.930280402302742,10,0.5574695217132568,valid,0.8225958778370254,0.8252575370044781,0.8226000000000001,101024
GEN,0.8226,121,121,offspring,788,742,CIFAR10,122,main_b1000_cifar10_alexnet_GEN_kp90_seed1024,0.9,0.8144,13,False,0.9,alexnet,False,0,0,2,0.8205,88,1,0.8138,116,8,1530,5,0.9,CIFAR10_alexnet_GEN_accuracy_kp9000_seed1024,1024,36000,122,42,accuracy,101024,0.8144,3,0.5655552888393403,24.14629290997982,10,0.5655552888393403,valid,0.8147358268548464,0.8190044019921257,0.8144,101024
GEN,0.8226,121,121,offspring,780,732,CIFAR10,123,main_b1000_cifar10_alexnet_GEN_kp90_seed1024,0.9,0.8098,13,False,0.9,alexnet,True,3600,1800,1,0.8138,117,9,0.8073,115,7,1512,6,0.9,CIFAR10_alexnet_GEN_accuracy_kp9000_seed1024,1024,36000,123,42,accuracy,101024,0.8098,2,0.5672582742214203,23.847842521965504,10,0.5672582742214203,valid,0.8094881616026077,0.8148977524972028,0.8098000000000001,101024
GEN,0.8226,121,121,offspring,732,780,CIFAR10,124,main_b1000_cifar10_alexnet_GEN_kp90_seed1024,0.9,0.8096,13,False,0.9,alexnet,False,0,0,2,0.8138,117,9,0.8073,115,7,1512,7,0.9,CIFAR10_alexnet_GEN_accuracy_kp9000_seed1024,1024,36000,124,42,accuracy,101024,0.8096,3,0.5900873348236084,24.372489973902702,10,0.5900873348236084,valid,0.8105995976038459,0.818112169231681,0.8096,101024
GEN,0.8226,121,121,offspring,916,936,CIFAR10,125,main_b1000_cifar10_alexnet_GEN_kp90_seed1024,0.9,0.8029,13,False,0.9,alexnet,False,0,0,1,0.8089,112,4,0.8138,117,9,1852,8,0.9,CIFAR10_alexnet_GEN_accuracy_kp9000_seed1024,1024,36000,125,42,accuracy,101024,0.8029,1,0.5641002236366272,24.045619882643223,10,0.5641002236366272,valid,0.8036379976188078,0.8103306053860269,0.8029,101024
GEN,0.8226,121,121,offspring,936,916,CIFAR10,126,main_b1000_cifar10_alexnet_GEN_kp90_seed1024,0.9,0.8004,13,False,0.9,alexnet,False,0,0,2,0.8089,112,4,0.8138,117,9,1852,9,0.9,CIFAR10_alexnet_GEN_accuracy_kp9000_seed1024,1024,36000,126,42,accuracy,101024,0.8004,1,0.580224339056015,23.991164728999138,10,0.580224339056015,valid,0.7997177012451978,0.8046486585700693,0.8004,101024
GEN,0.8226,121,121,offspring,938,914,CIFAR10,127,main_b1000_cifar10_alexnet_GEN_kp90_seed1024,0.9,0.8144,13,False,0.9,alexnet,True,3600,1800,1,0.8138,117,9,0.8089,112,4,1852,10,0.9,CIFAR10_alexnet_GEN_accuracy_kp9000_seed1024,1024,36000,127,42,accuracy,101024,0.8144,3,0.5705746203422546,24.035351544618607,10,0.5705746203422546,valid,0.8133047954570726,0.8171876546592587,0.8144,101024
GEN,0.8226,121,121,offspring,380,408,CIFAR10,128,main_b1000_cifar10_alexnet_GEN_kp90_seed1024,0.9,0.8148,14,False,0.9,alexnet,False,0,0,1,0.8205,88,1,0.8144,122,5,788,2,0.9,CIFAR10_alexnet_GEN_accuracy_kp9000_seed1024,1024,36000,128,42,accuracy,101024,0.8148,3,0.5707527704238892,23.71555732190609,10,0.5707527704238892,valid,0.8142308184848043,0.819394526500585,0.8148,101024
GEN,0.8226,121,121,offspring,408,380,CIFAR10,129,main_b1000_cifar10_alexnet_GEN_kp90_seed1024,0.9,0.8172,14,False,0.9,alexnet,False,0,0,2,0.8205,88,1,0.8144,122,5,788,3,0.9,CIFAR10_alexnet_GEN_accuracy_kp9000_seed1024,1024,36000,129,42,accuracy,101024,0.8172,3,0.580809857082367,24.02280505746603,10,0.580809857082367,valid,0.8180696374322529,0.8246235535949049,0.8172,101024
GEN,0.8226,121,121,offspring,2228,2292,CIFAR10,130,main_b1000_cifar10_alexnet_GEN_kp90_seed1024,0.9,0.8152,14,False,0.9,alexnet,False,0,0,1,0.8226,121,4,0.8144,127,10,4520,4,0.9,CIFAR10_alexnet_GEN_accuracy_kp9000_seed1024,1024,36000,130,42,accuracy,101024,0.8152,3,0.5709885340690612,23.70751029253006,10,0.5709885340690612,valid,0.8145445865498282,0.816796622951124,0.8151999999999999,101024
GEN,0.8226,121,121,offspring,2292,2228,CIFAR10,131,main_b1000_cifar10_alexnet_GEN_kp90_seed1024,0.9,0.8106,14,False,0.9,alexnet,False,0,0,2,0.8226,121,4,0.8144,127,10,4520,5,0.9,CIFAR10_alexnet_GEN_accuracy_kp9000_seed1024,1024,36000,131,42,accuracy,101024,0.8106,3,0.5771731103181839,23.766140341758728,10,0.5771731103181839,valid,0.8117916459937857,0.8170008364646115,0.8105999999999998,101024
GEN,0.8226,121,121,offspring,740,790,CIFAR10,132,main_b1000_cifar10_alexnet_GEN_kp90_seed1024,0.9,0.8065,14,False,0.9,alexnet,True,3600,1800,1,0.8226,121,4,0.8144,122,5,1530,6,0.9,CIFAR10_alexnet_GEN_accuracy_kp9000_seed1024,1024,36000,132,42,accuracy,101024,0.8065,2,0.5748875486850739,23.958226807415485,10,0.5748875486850739,valid,0.8071793028281139,0.8134640445571545,0.8065,101024
GEN,0.8226,121,121,offspring,790,740,CIFAR10,133,main_b1000_cifar10_alexnet_GEN_kp90_seed1024,0.9,0.8202,14,False,0.9,alexnet,False,0,0,2,0.8226,121,4,0.8144,122,5,1530,7,0.9,CIFAR10_alexnet_GEN_accuracy_kp9000_seed1024,1024,36000,133,42,accuracy,101024,0.8202,3,0.5572073325157165,23.724988408386707,10,0.5572073325157165,valid,0.8198463711073938,0.820876650396692,0.8202,101024
GEN,0.8226,121,121,offspring,368,374,CIFAR10,134,main_b1000_cifar10_alexnet_GEN_kp90_seed1024,0.9,0.8179,14,False,0.9,alexnet,False,0,0,1,0.8205,88,1,0.8226,121,4,742,8,0.9,CIFAR10_alexnet_GEN_accuracy_kp9000_seed1024,1024,36000,134,42,accuracy,101024,0.8179,3,0.5600967823028564,24.024026684463024,10,0.5600967823028564,valid,0.8174011920301822,0.8180545486252042,0.8179000000000001,101024
GEN,0.8226,121,121,offspring,374,368,CIFAR10,135,main_b1000_cifar10_alexnet_GEN_kp90_seed1024,0.9,0.809,14,False,0.9,alexnet,False,0,0,2,0.8205,88,1,0.8226,121,4,742,9,0.9,CIFAR10_alexnet_GEN_accuracy_kp9000_seed1024,1024,36000,135,42,accuracy,101024,0.809,3,0.5869381046295166,23.74691593647003,10,0.5869381046295166,valid,0.8105336539858969,0.8177586438287341,0.8089999999999999,101024
GEN,0.8226,121,121,offspring,772,758,CIFAR10,136,main_b1000_cifar10_alexnet_GEN_kp90_seed1024,0.9,0.8104,14,False,0.9,alexnet,False,0,0,1,0.8144,122,5,0.8226,121,4,1530,10,0.9,CIFAR10_alexnet_GEN_accuracy_kp9000_seed1024,1024,36000,136,42,accuracy,101024,0.8104,3,0.5852436017990112,24.01128699630499,10,0.5852436017990112,valid,0.8108039237624999,0.8157345271349247,0.8103999999999999,101024
GEN,0.8226,121,121,offspring,362,392,CIFAR10,137,main_b1000_cifar10_alexnet_GEN_kp90_seed1024,0.9,0.8072,15,False,0.9,alexnet,False,0,0,1,0.8202,133,7,0.8172,129,3,754,2,0.9,CIFAR10_alexnet_GEN_accuracy_kp9000_seed1024,1024,36000,137,42,accuracy,101024,0.8072,1,0.5645596599578857,23.81461537629366,10,0.5645596599578857,valid,0.8066836192862296,0.8079496375825336,0.8071999999999999,101024
GEN,0.8226,121,121,offspring,392,362,CIFAR10,138,main_b1000_cifar10_alexnet_GEN_kp90_seed1024,0.9,0.8188,15,False,0.9,alexnet,False,0,0,2,0.8202,133,7,0.8172,129,3,754,3,0.9,CIFAR10_alexnet_GEN_accuracy_kp9000_seed1024,1024,36000,138,42,accuracy,101024,0.8188,3,0.5595579880952835,23.88093800842762,10,0.5595579880952835,valid,0.8185861679450541,0.8214785598501531,0.8188000000000001,101024
GEN,0.8226,121,121,offspring,386,368,CIFAR10,139,main_b1000_cifar10_alexnet_GEN_kp90_seed1024,0.9,0.8121,15,False,0.9,alexnet,False,0,0,1,0.8172,129,3,0.8202,133,7,754,4,0.9,CIFAR10_alexnet_GEN_accuracy_kp9000_seed1024,1024,36000,139,42,accuracy,101024,0.8121,2,0.5731646086454392,23.95612896978855,10,0.5731646086454392,valid,0.8115256553979379,0.8142213311223857,0.8121,101024
GEN,0.8226,121,121,offspring,368,386,CIFAR10,140,main_b1000_cifar10_alexnet_GEN_kp90_seed1024,0.9,0.8077,15,False,0.9,alexnet,False,0,0,2,0.8172,129,3,0.8202,133,7,754,5,0.9,CIFAR10_alexnet_GEN_accuracy_kp9000_seed1024,1024,36000,140,42,accuracy,101024,0.8077,2,0.572456402683258,23.749318726360798,10,0.572456402683258,valid,0.8078330659609321,0.8110557952219105,0.8077,101024
GEN,0.8226,121,121,offspring,394,396,CIFAR10,141,main_b1000_cifar10_alexnet_GEN_kp90_seed1024,0.9,0.8122,15,False,0.9,alexnet,False,0,0,1,0.8202,133,7,0.8226,121,1,790,6,0.9,CIFAR10_alexnet_GEN_accuracy_kp9000_seed1024,1024,36000,141,42,accuracy,101024,0.8122,2,0.5631701078891754,23.991918973624706,10,0.5631701078891754,valid,0.8115583881924853,0.813570945593767,0.8122,101024
GEN,0.8226,121,121,offspring,396,394,CIFAR10,142,main_b1000_cifar10_alexnet_GEN_kp90_seed1024,0.9,0.8043,15,False,0.9,alexnet,False,0,0,2,0.8202,133,7,0.8226,121,1,790,7,0.9,CIFAR10_alexnet_GEN_accuracy_kp9000_seed1024,1024,36000,142,42,accuracy,101024,0.8043,2,0.5807532665729522,23.852070927619934,10,0.5807532665729522,valid,0.8031486191223053,0.8078297567048132,0.8042999999999999,101024
GEN,0.8226,121,121,offspring,176,198,CIFAR10,143,main_b1000_cifar10_alexnet_GEN_kp90_seed1024,0.9,0.8179,15,False,0.9,alexnet,False,0,0,1,0.8226,121,1,0.8179,134,8,374,8,0.9,CIFAR10_alexnet_GEN_accuracy_kp9000_seed1024,1024,36000,143,42,accuracy,101024,0.8179,3,0.5618783480167389,24.037117294967175,10,0.5618783480167389,valid,0.8169605353482309,0.8184811916629465,0.8179000000000001,101024
GEN,0.8226,121,121,offspring,198,176,CIFAR10,144,main_b1000_cifar10_alexnet_GEN_kp90_seed1024,0.9,0.8077,15,False,0.9,alexnet,False,0,0,2,0.8226,121,1,0.8179,134,8,374,9,0.9,CIFAR10_alexnet_GEN_accuracy_kp9000_seed1024,1024,36000,144,42,accuracy,101024,0.8077,1,0.5645649534702301,23.81537038832903,10,0.5645649534702301,valid,0.8073336283839414,0.8141679839572771,0.8077,101024
GEN,0.8226,121,121,offspring,384,370,CIFAR10,145,main_b1000_cifar10_alexnet_GEN_kp90_seed1024,0.9,0.8143,15,False,0.9,alexnet,False,0,0,1,0.8202,133,7,0.8172,129,3,754,10,0.9,CIFAR10_alexnet_GEN_accuracy_kp9000_seed1024,1024,36000,145,42,accuracy,101024,0.8143,5,0.6008484172105789,23.9120739325881,10,0.6008484172105789,valid,0.8137622572052553,0.81675990371093,0.8143,101024
GEN,0.8226,121,121,offspring,496,472,CIFAR10,146,main_b1000_cifar10_alexnet_GEN_kp90_seed1024,0.9,0.8054,16,False,0.9,alexnet,False,0,0,1,0.8226,121,1,0.8188,138,3,968,2,0.9,CIFAR10_alexnet_GEN_accuracy_kp9000_seed1024,1024,36000,146,42,accuracy,101024,0.8054,2,0.5774677339553833,23.910760566592216,10,0.5774677339553833,valid,0.8058058249885439,0.8131357234145902,0.8054,101024
GEN,0.8226,121,121,offspring,472,496,CIFAR10,147,main_b1000_cifar10_alexnet_GEN_kp90_seed1024,0.9,0.8102,16,False,0.9,alexnet,False,0,0,2,0.8226,121,1,0.8188,138,3,968,3,0.9,CIFAR10_alexnet_GEN_accuracy_kp9000_seed1024,1024,36000,147,42,accuracy,101024,0.8102,2,0.5730475847721099,23.73863124102354,10,0.5730475847721099,valid,0.8087664793277044,0.8140928576647053,0.8102,101024
GEN,0.8226,121,121,offspring,198,190,CIFAR10,148,main_b1000_cifar10_alexnet_GEN_kp90_seed1024,0.9,0.8189,16,False,0.9,alexnet,False,0,0,1,0.8188,138,3,0.8143,145,10,388,4,0.9,CIFAR10_alexnet_GEN_accuracy_kp9000_seed1024,1024,36000,148,42,accuracy,101024,0.8189,3,0.5552832411289215,23.982186764478683,10,0.5552832411289215,valid,0.8183977334722847,0.8192896862301721,0.8189,101024
GEN,0.8226,121,121,offspring,190,198,CIFAR10,149,main_b1000_cifar10_alexnet_GEN_kp90_seed1024,0.9,0.8141,16,False,0.9,alexnet,False,0,0,2,0.8188,138,3,0.8143,145,10,388,5,0.9,CIFAR10_alexnet_GEN_accuracy_kp9000_seed1024,1024,36000,149,42,accuracy,101024,0.8141,3,0.5744399244785309,23.847685627639294,10,0.5744399244785309,valid,0.8136922333001924,0.8160760561830432,0.8141,101024
GEN,0.8226,121,121,offspring,98,78,CIFAR10,150,main_b1000_cifar10_alexnet_GEN_kp90_seed1024,0.9,0.8129,16,False,0.9,alexnet,False,0,0,1,0.8179,143,8,0.8226,121,1,176,6,0.9,CIFAR10_alexnet_GEN_accuracy_kp9000_seed1024,1024,36000,150,42,accuracy,101024,0.8129,2,0.5607759090900422,24.04655619710684,10,0.5607759090900422,valid,0.8119910374280233,0.8128938500403768,0.8129,101024
GEN,0.8226,121,121,offspring,78,98,CIFAR10,151,main_b1000_cifar10_alexnet_GEN_kp90_seed1024,0.9,0.8111,16,False,0.9,alexnet,False,0,0,2,0.8179,143,8,0.8226,121,1,176,7,0.9,CIFAR10_alexnet_GEN_accuracy_kp9000_seed1024,1024,36000,151,42,accuracy,101024,0.8111,3,0.5753595345497131,23.78855388611555,10,0.5753595345497131,valid,0.8118641279136435,0.8170472241415776,0.8110999999999999,101024
GEN,0.8226,121,121,offspring,482,466,CIFAR10,152,main_b1000_cifar10_alexnet_GEN_kp90_seed1024,0.9,0.8054,16,False,0.9,alexnet,False,0,0,1,0.8226,121,1,0.8143,145,10,948,8,0.9,CIFAR10_alexnet_GEN_accuracy_kp9000_seed1024,1024,36000,152,42,accuracy,101024,0.8054,1,0.5745853811740875,23.942157544195652,10,0.5745853811740875,valid,0.8054707793126059,0.8090247970017451,0.8054,101024
GEN,0.8226,121,121,offspring,466,482,CIFAR10,153,main_b1000_cifar10_alexnet_GEN_kp90_seed1024,0.9,0.8146,16,False,0.9,alexnet,False,0,0,2,0.8226,121,1,0.8143,145,10,948,9,0.9,CIFAR10_alexnet_GEN_accuracy_kp9000_seed1024,1024,36000,153,42,accuracy,101024,0.8146,2,0.5635101320266723,23.875105910003185,10,0.5635101320266723,valid,0.8140474586439337,0.8189809842943753,0.8146000000000001,101024
GEN,0.8226,121,121,offspring,318,358,CIFAR10,154,main_b1000_cifar10_alexnet_GEN_kp90_seed1024,0.9,0.8044,16,False,0.9,alexnet,True,3600,1800,1,0.8122,141,6,0.8188,138,3,676,10,0.9,CIFAR10_alexnet_GEN_accuracy_kp9000_seed1024,1024,36000,154,42,accuracy,101024,0.8044,1,0.5731567740440369,23.836268082261086,10,0.5731567740440369,valid,0.80353430449277,0.8059725204737905,0.8044,101024
GEN,0.8226,121,121,offspring,432,488,CIFAR10,155,main_b1000_cifar10_alexnet_GEN_kp90_seed1024,0.9,0.807,17,False,0.9,alexnet,True,3600,1800,1,0.8129,150,6,0.8189,148,4,920,2,0.9,CIFAR10_alexnet_GEN_accuracy_kp9000_seed1024,1024,36000,155,42,accuracy,101024,0.807,2,0.5874755769252777,23.979834623634815,10,0.5874755769252777,valid,0.8079109527162516,0.8159380957164555,0.807,101024
GEN,0.8226,121,121,offspring,488,432,CIFAR10,156,main_b1000_cifar10_alexnet_GEN_kp90_seed1024,0.9,0.8097,17,False,0.9,alexnet,False,0,0,2,0.8129,150,6,0.8189,148,4,920,3,0.9,CIFAR10_alexnet_GEN_accuracy_kp9000_seed1024,1024,36000,156,42,accuracy,101024,0.8097,2,0.561872413110733,23.819572031497955,10,0.561872413110733,valid,0.8111910464531131,0.8160549183619095,0.8097,101024
GEN,0.8226,121,121,offspring,250,222,CIFAR10,157,main_b1000_cifar10_alexnet_GEN_kp90_seed1024,0.9,0.8053,17,False,0.9,alexnet,False,0,0,1,0.8226,121,1,0.8102,147,3,472,4,0.9,CIFAR10_alexnet_GEN_accuracy_kp9000_seed1024,1024,36000,157,42,accuracy,101024,0.8053,1,0.5803756847381591,24.073859997093678,10,0.5803756847381591,valid,0.8059863715225427,0.8121668798230226,0.8053000000000001,101024
GEN,0.8226,121,121,offspring,222,250,CIFAR10,158,main_b1000_cifar10_alexnet_GEN_kp90_seed1024,0.9,0.8074,17,False,0.9,alexnet,False,0,0,2,0.8226,121,1,0.8102,147,3,472,5,0.9,CIFAR10_alexnet_GEN_accuracy_kp9000_seed1024,1024,36000,158,42,accuracy,101024,0.8074,1,0.5596893989562989,23.739731036126614,10,0.5596893989562989,valid,0.8068630688701454,0.807298836612438,0.8074000000000001,101024
GEN,0.8226,121,121,offspring,472,486,CIFAR10,159,main_b1000_cifar10_alexnet_GEN_kp90_seed1024,0.9,0.8201,17,False,0.9,alexnet,True,3600,1800,1,0.8226,121,1,0.8189,148,4,958,6,0.9,CIFAR10_alexnet_GEN_accuracy_kp9000_seed1024,1024,36000,159,42,accuracy,101024,0.8201,3,0.5589084204673767,24.596804946660995,10,0.5589084204673767,valid,0.8199211253598767,0.8207562074332195,0.8201,101024
GEN,0.8226,121,121,offspring,486,472,CIFAR10,160,main_b1000_cifar10_alexnet_GEN_kp90_seed1024,0.9,0.7996,17,False,0.9,alexnet,False,0,0,2,0.8226,121,1,0.8189,148,4,958,7,0.9,CIFAR10_alexnet_GEN_accuracy_kp9000_seed1024,1024,36000,160,42,accuracy,101024,0.7996,1,0.586274616909027,23.883926510810852,10,0.586274616909027,valid,0.7992477609189551,0.8045161965685843,0.7996000000000001,101024
GEN,0.8226,121,121,offspring,494,464,CIFAR10,161,main_b1000_cifar10_alexnet_GEN_kp90_seed1024,0.9,0.8069,17,False,0.9,alexnet,False,0,0,1,0.8141,149,5,0.8226,121,1,958,8,0.9,CIFAR10_alexnet_GEN_accuracy_kp9000_seed1024,1024,36000,161,42,accuracy,101024,0.8069,1,0.5671892527103424,23.856327317655087,10,0.5671892527103424,valid,0.8067305496729213,0.8096349167531353,0.8069000000000001,101024
GEN,0.8226,121,121,offspring,464,494,CIFAR10,162,main_b1000_cifar10_alexnet_GEN_kp90_seed1024,0.9,0.809,17,False,0.9,alexnet,False,0,0,2,0.8141,149,5,0.8226,121,1,958,9,0.9,CIFAR10_alexnet_GEN_accuracy_kp9000_seed1024,1024,36000,162,42,accuracy,101024,0.809,1,0.5648140509128571,24.033058874309063,10,0.5648140509128571,valid,0.8089307373792595,0.8099373697997253,0.8089999999999999,101024
GEN,0.8226,121,121,offspring,460,446,CIFAR10,163,main_b1000_cifar10_alexnet_GEN_kp90_seed1024,0.9,0.7981,17,False,0.9,alexnet,False,0,0,1,0.8111,151,7,0.8141,149,5,906,10,0.9,CIFAR10_alexnet_GEN_accuracy_kp9000_seed1024,1024,36000,163,42,accuracy,101024,0.7981,1,0.5845917434215545,23.854451186954975,10,0.5845917434215545,valid,0.7963385262791498,0.8045472587086164,0.7981,101024
GEN,0.8226,121,121,offspring,268,282,CIFAR10,164,main_b1000_cifar10_alexnet_GEN_kp90_seed1024,0.9,0.8103,18,False,0.9,alexnet,False,0,0,1,0.8097,156,3,0.8226,121,1,550,2,0.9,CIFAR10_alexnet_GEN_accuracy_kp9000_seed1024,1024,36000,164,42,accuracy,101024,0.8103,2,0.5641950662374496,24.08799333125353,10,0.5641950662374496,valid,0.8108347844178082,0.81401317458578,0.8103000000000001,101024
GEN,0.8226,121,121,offspring,282,268,CIFAR10,165,main_b1000_cifar10_alexnet_GEN_kp90_seed1024,0.9,0.8182,18,False,0.9,alexnet,False,0,0,2,0.8097,156,3,0.8226,121,1,550,3,0.9,CIFAR10_alexnet_GEN_accuracy_kp9000_seed1024,1024,36000,165,42,accuracy,101024,0.8182,2,0.546912737417221,23.814235918223858,10,0.546912737417221,valid,0.8186505079300652,0.8230214452230005,0.8181999999999998,101024
GEN,0.8226,121,121,offspring,282,268,CIFAR10,166,main_b1000_cifar10_alexnet_GEN_kp90_seed1024,0.9,0.8036,18,False,0.9,alexnet,False,0,0,1,0.8226,121,1,0.8097,156,3,550,4,0.9,CIFAR10_alexnet_GEN_accuracy_kp9000_seed1024,1024,36000,166,42,accuracy,101024,0.8036,2,0.5920585129737854,24.10953927785158,10,0.5920585129737854,valid,0.803806747965712,0.8105161010218893,0.8036,101024
GEN,0.8226,121,121,offspring,268,282,CIFAR10,167,main_b1000_cifar10_alexnet_GEN_kp90_seed1024,0.9,0.819,18,False,0.9,alexnet,False,0,0,2,0.8226,121,1,0.8097,156,3,550,5,0.9,CIFAR10_alexnet_GEN_accuracy_kp9000_seed1024,1024,36000,167,42,accuracy,101024,0.819,3,0.5523232126951217,23.903643250465393,10,0.5523232126951217,valid,0.8198062708580165,0.8234012115711715,0.819,101024
GEN,0.8226,121,121,offspring,262,288,CIFAR10,168,main_b1000_cifar10_alexnet_GEN_kp90_seed1024,0.9,0.8125,18,False,0.9,alexnet,False,0,0,1,0.8097,156,3,0.8226,121,1,550,6,0.9,CIFAR10_alexnet_GEN_accuracy_kp9000_seed1024,1024,36000,168,42,accuracy,101024,0.8125,2,0.5776674346923828,23.846848495304585,10,0.5776674346923828,valid,0.8121022247682316,0.8165866211063382,0.8125,101024
GEN,0.8226,121,121,offspring,288,262,CIFAR10,169,main_b1000_cifar10_alexnet_GEN_kp90_seed1024,0.9,0.806,18,False,0.9,alexnet,False,0,0,2,0.8097,156,3,0.8226,121,1,550,7,0.9,CIFAR10_alexnet_GEN_accuracy_kp9000_seed1024,1024,36000,169,42,accuracy,101024,0.806,1,0.5661161246538162,24.019426561892033,10,0.5661161246538162,valid,0.8058721884971639,0.8074168549083574,0.806,101024
GEN,0.8226,121,121,offspring,1932,1924,CIFAR10,170,main_b1000_cifar10_alexnet_GEN_kp90_seed1024,0.9,0.8118,18,False,0.9,alexnet,False,0,0,1,0.8201,159,6,0.8074,158,5,3856,8,0.9,CIFAR10_alexnet_GEN_accuracy_kp9000_seed1024,1024,36000,170,42,accuracy,101024,0.8118,2,0.5639474337100983,23.74684301763773,10,0.5639474337100983,valid,0.8126949996737176,0.8182657869239638,0.8118000000000001,101024
GEN,0.8226,121,121,offspring,1924,1932,CIFAR10,171,main_b1000_cifar10_alexnet_GEN_kp90_seed1024,0.9,0.8154,18,False,0.9,alexnet,False,0,0,2,0.8201,159,6,0.8074,158,5,3856,9,0.9,CIFAR10_alexnet_GEN_accuracy_kp9000_seed1024,1024,36000,171,42,accuracy,101024,0.8154,2,0.5644304967880249,24.092425994575024,10,0.5644304967880249,valid,0.8159405508726705,0.8202276098677403,0.8154,101024
GEN,0.8226,121,121,offspring,1988,1918,CIFAR10,172,main_b1000_cifar10_alexnet_GEN_kp90_seed1024,0.9,0.806,18,False,0.9,alexnet,False,0,0,1,0.809,162,9,0.8201,159,6,3906,10,0.9,CIFAR10_alexnet_GEN_accuracy_kp9000_seed1024,1024,36000,172,42,accuracy,101024,0.806,1,0.5624871204614639,23.760851487517357,10,0.5624871204614639,valid,0.8052765019439387,0.8097710660157607,0.8059999999999998,101024
GEN,0.8226,121,121,offspring,1024,1022,CIFAR10,173,main_b1000_cifar10_alexnet_GEN_kp90_seed1024,0.9,0.8129,19,False,0.9,alexnet,False,0,0,1,0.8226,121,1,0.8154,171,9,2046,2,0.9,CIFAR10_alexnet_GEN_accuracy_kp9000_seed1024,1024,36000,173,42,accuracy,101024,0.8129,3,0.5749920796394348,23.940636292099953,10,0.5749920796394348,valid,0.8120040845727121,0.8161883033864304,0.8129,101024
GEN,0.8226,121,121,offspring,1022,1024,CIFAR10,174,main_b1000_cifar10_alexnet_GEN_kp90_seed1024,0.9,0.8138,19,False,0.9,alexnet,False,0,0,2,0.8226,121,1,0.8154,171,9,2046,3,0.9,CIFAR10_alexnet_GEN_accuracy_kp9000_seed1024,1024,36000,174,42,accuracy,101024,0.8138,3,0.5748047266960145,23.89120877534151,10,0.5748047266960145,valid,0.8139722670821519,0.8162081642850844,0.8138,101024
GEN,0.8226,121,121,offspring,1066,1058,CIFAR10,175,main_b1000_cifar10_alexnet_GEN_kp90_seed1024,0.9,0.8001,19,False,0.9,alexnet,False,0,0,1,0.8182,165,3,0.8154,171,9,2124,4,0.9,CIFAR10_alexnet_GEN_accuracy_kp9000_seed1024,1024,36000,175,42,accuracy,101024,0.8001,2,0.59929587931633,23.784454829990864,10,0.59929587931633,valid,0.8018625411907427,0.8134088767884264,0.8000999999999999,101024
GEN,0.8226,121,121,offspring,1058,1066,CIFAR10,176,main_b1000_cifar10_alexnet_GEN_kp90_seed1024,0.9,0.8098,19,False,0.9,alexnet,False,0,0,2,0.8182,165,3,0.8154,171,9,2124,5,0.9,CIFAR10_alexnet_GEN_accuracy_kp9000_seed1024,1024,36000,176,42,accuracy,101024,0.8098,2,0.5619721047878266,23.98777974396944,10,0.5619721047878266,valid,0.8101434943405508,0.8137347416158397,0.8097999999999999,101024
GEN,0.8226,121,121,offspring,1038,1088,CIFAR10,177,main_b1000_cifar10_alexnet_GEN_kp90_seed1024,0.9,0.8075,19,False,0.9,alexnet,False,0,0,1,0.8154,171,9,0.819,167,5,2126,6,0.9,CIFAR10_alexnet_GEN_accuracy_kp9000_seed1024,1024,36000,177,42,accuracy,101024,0.8075,1,0.5783409892559052,23.776470698416233,10,0.5783409892559052,valid,0.8079011890889893,0.8164006805625214,0.8075000000000001,101024
GEN,0.8226,121,121,offspring,1088,1038,CIFAR10,178,main_b1000_cifar10_alexnet_GEN_kp90_seed1024,0.9,0.814,19,False,0.9,alexnet,False,0,0,2,0.8154,171,9,0.819,167,5,2126,7,0.9,CIFAR10_alexnet_GEN_accuracy_kp9000_seed1024,1024,36000,178,42,accuracy,101024,0.814,2,0.5557881875991821,24.050200782716274,10,0.5557881875991821,valid,0.813652360488093,0.8156334687809655,0.8139999999999998,101024
GEN,0.8226,121,121,offspring,128,154,CIFAR10,179,main_b1000_cifar10_alexnet_GEN_kp90_seed1024,0.9,0.8062,19,False,0.9,alexnet,False,0,0,1,0.8103,164,2,0.8226,121,1,282,8,0.9,CIFAR10_alexnet_GEN_accuracy_kp9000_seed1024,1024,36000,179,42,accuracy,101024,0.8062,2,0.5885238362789154,23.823772810399532,10,0.5885238362789154,valid,0.8044446250996866,0.8105594458760118,0.8061999999999999,101024
GEN,0.8226,121,121,offspring,154,128,CIFAR10,180,main_b1000_cifar10_alexnet_GEN_kp90_seed1024,0.9,0.8154,19,False,0.9,alexnet,False,0,0,2,0.8103,164,2,0.8226,121,1,282,9,0.9,CIFAR10_alexnet_GEN_accuracy_kp9000_seed1024,1024,36000,180,42,accuracy,101024,0.8154,2,0.5501425425052643,23.9481218457222,10,0.5501425425052643,valid,0.8160180124063701,0.8176804137850219,0.8154,101024
GEN,0.8226,121,121,offspring,146,122,CIFAR10,181,main_b1000_cifar10_alexnet_GEN_kp90_seed1024,0.9,0.8089,19,False,0.9,alexnet,False,0,0,1,0.8226,121,1,0.819,167,5,268,10,0.9,CIFAR10_alexnet_GEN_accuracy_kp9000_seed1024,1024,36000,181,42,accuracy,101024,0.8089,2,0.568013806438446,23.884445898234844,10,0.568013806438446,valid,0.8089545216986892,0.8142375519385411,0.8089000000000001,101024
GEN,0.8226,121,121,offspring,508,514,CIFAR10,182,main_b1000_cifar10_alexnet_GEN_kp90_seed1024,0.9,0.8193,20,False,0.9,alexnet,False,0,0,1,0.8226,121,1,0.8138,174,3,1022,2,0.9,CIFAR10_alexnet_GEN_accuracy_kp9000_seed1024,1024,36000,182,42,accuracy,101024,0.8193,3,0.5636725121498108,24.85668919235468,10,0.5636725121498108,valid,0.8197366895169969,0.8234876492828966,0.8192999999999999,101024
GEN,0.8226,121,121,offspring,514,508,CIFAR10,183,main_b1000_cifar10_alexnet_GEN_kp90_seed1024,0.9,0.8154,20,False,0.9,alexnet,False,0,0,2,0.8226,121,1,0.8138,174,3,1022,3,0.9,CIFAR10_alexnet_GEN_accuracy_kp9000_seed1024,1024,36000,183,42,accuracy,101024,0.8154,3,0.5679985501766205,23.940672747790813,10,0.5679985501766205,valid,0.8159691441752777,0.8218317829869741,0.8154,101024
GEN,0.8226,121,121,offspring,548,556,CIFAR10,184,main_b1000_cifar10_alexnet_GEN_kp90_seed1024,0.9,0.8143,20,False,0.9,alexnet,False,0,0,1,0.8154,180,9,0.8129,173,2,1104,4,0.9,CIFAR10_alexnet_GEN_accuracy_kp9000_seed1024,1024,36000,184,42,accuracy,101024,0.8143,1,0.5493518327713013,23.83376970887184,10,0.5493518327713013,valid,0.8141555382613112,0.8148681468146061,0.8143,101024
GEN,0.8226,121,121,offspring,556,548,CIFAR10,185,main_b1000_cifar10_alexnet_GEN_kp90_seed1024,0.9,0.8108,20,False,0.9,alexnet,False,0,0,2,0.8154,180,9,0.8129,173,2,1104,5,0.9,CIFAR10_alexnet_GEN_accuracy_kp9000_seed1024,1024,36000,185,42,accuracy,101024,0.8108,3,0.5818401546001434,24.01948358118534,10,0.5818401546001434,valid,0.8110869018409884,0.8150824112904134,0.8107999999999999,101024
GEN,0.8226,121,121,offspring,566,580,CIFAR10,186,main_b1000_cifar10_alexnet_GEN_kp90_seed1024,0.9,0.8086,20,False,0.9,alexnet,True,3600,1800,1,0.8154,180,9,0.814,178,7,1146,6,0.9,CIFAR10_alexnet_GEN_accuracy_kp9000_seed1024,1024,36000,186,42,accuracy,101024,0.8086,2,0.568146267414093,23.847709469497204,10,0.568146267414093,valid,0.8099909176104936,0.8154183970186315,0.8086,101024
GEN,0.8226,121,121,offspring,580,566,CIFAR10,187,main_b1000_cifar10_alexnet_GEN_kp90_seed1024,0.9,0.8086,20,False,0.9,alexnet,False,0,0,2,0.8154,180,9,0.814,178,7,1146,7,0.9,CIFAR10_alexnet_GEN_accuracy_kp9000_seed1024,1024,36000,187,42,accuracy,101024,0.8086,3,0.576863259935379,23.968905299901962,10,0.576863259935379,valid,0.8090054309063955,0.8121123330862687,0.8086,101024
GEN,0.8226,121,121,offspring,520,502,CIFAR10,188,main_b1000_cifar10_alexnet_GEN_kp90_seed1024,0.9,0.8062,20,False,0.9,alexnet,False,0,0,1,0.8138,174,3,0.8226,121,1,1022,8,0.9,CIFAR10_alexnet_GEN_accuracy_kp9000_seed1024,1024,36000,188,42,accuracy,101024,0.8062,2,0.5799155017852783,23.851952835917473,10,0.5799155017852783,valid,0.8054961694617246,0.8120271917744255,0.8061999999999999,101024
GEN,0.8226,121,121,offspring,502,520,CIFAR10,189,main_b1000_cifar10_alexnet_GEN_kp90_seed1024,0.9,0.8163,20,False,0.9,alexnet,False,0,0,2,0.8138,174,3,0.8226,121,1,1022,9,0.9,CIFAR10_alexnet_GEN_accuracy_kp9000_seed1024,1024,36000,189,42,accuracy,101024,0.8163,2,0.5599803166389465,23.91054877638817,10,0.5599803166389465,valid,0.8162728639888128,0.8186210958934426,0.8163,101024
GEN,0.8226,121,121,offspring,570,576,CIFAR10,190,main_b1000_cifar10_alexnet_GEN_kp90_seed1024,0.9,0.8108,20,False,0.9,alexnet,False,0,0,1,0.814,178,7,0.8154,180,9,1146,10,0.9,CIFAR10_alexnet_GEN_accuracy_kp9000_seed1024,1024,36000,190,42,accuracy,101024,0.8108,2,0.5738127042293548,24.058188177645206,10,0.5738127042293548,valid,0.8081640666947016,0.8119058664968687,0.8108000000000001,101024
GEN,0.8226,121,121,offspring,272,248,CIFAR10,191,main_b1000_cifar10_alexnet_GEN_kp90_seed1024,0.9,0.8048,21,False,0.9,alexnet,False,0,0,1,0.8163,189,9,0.8226,121,1,520,2,0.9,CIFAR10_alexnet_GEN_accuracy_kp9000_seed1024,1024,36000,191,42,accuracy,101024,0.8048,1,0.5823734567642211,23.803919553756714,10,0.5823734567642211,valid,0.8051805889272675,0.8141348262019724,0.8048,101024
GEN,0.8226,121,121,offspring,248,272,CIFAR10,192,main_b1000_cifar10_alexnet_GEN_kp90_seed1024,0.9,0.8042,21,False,0.9,alexnet,False,0,0,2,0.8163,189,9,0.8226,121,1,520,3,0.9,CIFAR10_alexnet_GEN_accuracy_kp9000_seed1024,1024,36000,192,42,accuracy,101024,0.8042,1,0.5770092890739441,24.00262226909399,10,0.5770092890739441,valid,0.8041091020567148,0.8113577118707358,0.8042,101024
GEN,0.8226,121,121,offspring,260,254,CIFAR10,193,main_b1000_cifar10_alexnet_GEN_kp90_seed1024,0.9,0.7975,21,False,0.9,alexnet,True,3600,1800,1,0.8226,121,1,0.8154,183,3,514,4,0.9,CIFAR10_alexnet_GEN_accuracy_kp9000_seed1024,1024,36000,193,42,accuracy,101024,0.7975,1,0.5859670729637146,23.79467587918043,10,0.5859670729637146,valid,0.7989275988423067,0.805552749070175,0.7975,101024
GEN,0.8226,121,121,offspring,254,260,CIFAR10,194,main_b1000_cifar10_alexnet_GEN_kp90_seed1024,0.9,0.7982,21,False,0.9,alexnet,True,3600,1800,2,0.8226,121,1,0.8154,183,3,514,5,0.9,CIFAR10_alexnet_GEN_accuracy_kp9000_seed1024,1024,36000,194,42,accuracy,101024,0.7982,1,0.5839194734096527,24.007459796965122,10,0.5839194734096527,valid,0.7973073170916822,0.8015076457619996,0.7982,101024
GEN,0.8226,121,121,offspring,290,218,CIFAR10,195,main_b1000_cifar10_alexnet_GEN_kp90_seed1024,0.9,0.8006,21,False,0.9,alexnet,False,0,0,1,0.8193,182,2,0.8226,121,1,508,6,0.9,CIFAR10_alexnet_GEN_accuracy_kp9000_seed1024,1024,36000,195,42,accuracy,101024,0.8006,1,0.576076473903656,23.836703926324844,10,0.576076473903656,valid,0.8010106427636066,0.8064948300075798,0.8005999999999999,101024
GEN,0.8226,121,121,offspring,218,290,CIFAR10,196,main_b1000_cifar10_alexnet_GEN_kp90_seed1024,0.9,0.8201,21,False,0.9,alexnet,False,0,0,2,0.8193,182,2,0.8226,121,1,508,7,0.9,CIFAR10_alexnet_GEN_accuracy_kp9000_seed1024,1024,36000,196,42,accuracy,101024,0.8201,3,0.5610633692741394,23.886527568101883,10,0.5610633692741394,valid,0.8204565186313937,0.8218805928312959,0.8201,101024
GEN,0.8226,121,121,offspring,248,266,CIFAR10,197,main_b1000_cifar10_alexnet_GEN_kp90_seed1024,0.9,0.8087,21,False,0.9,alexnet,False,0,0,1,0.8226,121,1,0.8154,183,3,514,8,0.9,CIFAR10_alexnet_GEN_accuracy_kp9000_seed1024,1024,36000,197,42,accuracy,101024,0.8087,2,0.577149484539032,23.896120600402355,10,0.577149484539032,valid,0.8070249327853689,0.812618861418294,0.8087000000000002,101024
GEN,0.8226,121,121,offspring,266,248,CIFAR10,198,main_b1000_cifar10_alexnet_GEN_kp90_seed1024,0.9,0.8133,21,False,0.9,alexnet,False,0,0,2,0.8226,121,1,0.8154,183,3,514,9,0.9,CIFAR10_alexnet_GEN_accuracy_kp9000_seed1024,1024,36000,198,42,accuracy,101024,0.8133,2,0.5627941784381867,23.769537031650543,10,0.5627941784381867,valid,0.8132054042330606,0.8151262038221653,0.8132999999999999,101024
GEN,0.8226,121,121,offspring,424,410,CIFAR10,199,main_b1000_cifar10_alexnet_GEN_kp90_seed1024,0.9,0.8106,21,False,0.9,alexnet,False,0,0,1,0.8163,189,9,0.8108,190,10,834,10,0.9,CIFAR10_alexnet_GEN_accuracy_kp9000_seed1024,1024,36000,199,42,accuracy,101024,0.8106,3,0.5659931112766265,24.04569450765848,10,0.5659931112766265,valid,0.811696643637578,0.816439688316312,0.8106,101024
GEN,0.8226,121,121,offspring,202,206,CIFAR10,200,main_b1000_cifar10_alexnet_GEN_kp90_seed1024,0.9,0.8146,22,False,0.9,alexnet,False,0,0,1,0.8048,191,2,0.8133,198,9,408,2,0.9,CIFAR10_alexnet_GEN_accuracy_kp9000_seed1024,1024,36000,200,42,accuracy,101024,0.8146,3,0.5712795505523681,23.776642471551895,10,0.5712795505523681,valid,0.8146578089825445,0.816491171255324,0.8145999999999999,101024
GEN,0.8226,121,121,offspring,206,202,CIFAR10,201,main_b1000_cifar10_alexnet_GEN_kp90_seed1024,0.9,0.8067,22,False,0.9,alexnet,False,0,0,2,0.8048,191,2,0.8133,198,9,408,3,0.9,CIFAR10_alexnet_GEN_accuracy_kp9000_seed1024,1024,36000,201,42,accuracy,101024,0.8067,2,0.5850831917285919,24.0009061768651,10,0.5850831917285919,valid,0.807460325349522,0.8176714474392297,0.8067,101024
GEN,0.8226,121,121,offspring,266,290,CIFAR10,202,main_b1000_cifar10_alexnet_GEN_kp90_seed1024,0.9,0.8124,22,False,0.9,alexnet,False,0,0,1,0.8201,196,7,0.8133,198,9,556,4,0.9,CIFAR10_alexnet_GEN_accuracy_kp9000_seed1024,1024,36000,202,42,accuracy,101024,0.8124,2,0.5634331770420075,23.844802848994732,10,0.5634331770420075,valid,0.8107950372335566,0.8123961527222274,0.8124,101024
GEN,0.8226,121,121,offspring,290,266,CIFAR10,203,main_b1000_cifar10_alexnet_GEN_kp90_seed1024,0.9,0.8125,22,False,0.9,alexnet,False,0,0,2,0.8201,196,7,0.8133,198,9,556,5,0.9,CIFAR10_alexnet_GEN_accuracy_kp9000_seed1024,1024,36000,203,42,accuracy,101024,0.8125,2,0.5597903798580169,23.857300780713558,10,0.5597903798580169,valid,0.8120252295570104,0.8138373821384576,0.8125,101024
GEN,0.8226,121,121,offspring,260,282,CIFAR10,204,main_b1000_cifar10_alexnet_GEN_kp90_seed1024,0.9,0.8028,22,False,0.9,alexnet,False,0,0,1,0.8106,199,10,0.8226,121,1,542,6,0.9,CIFAR10_alexnet_GEN_accuracy_kp9000_seed1024,1024,36000,204,42,accuracy,101024,0.8028,1,0.5760939907550812,23.924034669995308,10,0.5760939907550812,valid,0.8020557763836005,0.8076351132531281,0.8027999999999998,101024
GEN,0.8226,121,121,offspring,282,260,CIFAR10,205,main_b1000_cifar10_alexnet_GEN_kp90_seed1024,0.9,0.8092,22,False,0.9,alexnet,False,0,0,2,0.8106,199,10,0.8226,121,1,542,7,0.9,CIFAR10_alexnet_GEN_accuracy_kp9000_seed1024,1024,36000,205,42,accuracy,101024,0.8092,1,0.5580789357662201,23.78426180779934,10,0.5580789357662201,valid,0.8089027776903184,0.8103398287168865,0.8091999999999999,101024
GEN,0.8226,121,121,offspring,284,254,CIFAR10,206,main_b1000_cifar10_alexnet_GEN_kp90_seed1024,0.9,0.8168,22,False,0.9,alexnet,False,0,0,1,0.8201,196,7,0.8087,197,8,538,8,0.9,CIFAR10_alexnet_GEN_accuracy_kp9000_seed1024,1024,36000,206,42,accuracy,101024,0.8168,2,0.5508712895393372,24.036129355430603,10,0.5508712895393372,valid,0.8168274182508899,0.8205914183774364,0.8168000000000001,101024
GEN,0.8226,121,121,offspring,254,284,CIFAR10,207,main_b1000_cifar10_alexnet_GEN_kp90_seed1024,0.9,0.8156,22,False,0.9,alexnet,False,0,0,2,0.8201,196,7,0.8087,197,8,538,9,0.9,CIFAR10_alexnet_GEN_accuracy_kp9000_seed1024,1024,36000,207,42,accuracy,101024,0.8156,2,0.5444566747188568,23.792397804558277,10,0.5444566747188568,valid,0.8160128731770241,0.8179673447929755,0.8156000000000001,101024
GEN,0.8226,121,121,offspring,248,238,CIFAR10,208,main_b1000_cifar10_alexnet_GEN_kp90_seed1024,0.9,0.8116,22,False,0.9,alexnet,False,0,0,1,0.8106,199,10,0.8042,192,3,486,10,0.9,CIFAR10_alexnet_GEN_accuracy_kp9000_seed1024,1024,36000,208,42,accuracy,101024,0.8116,3,0.5757992821216583,23.986746452748775,10,0.5757992821216583,valid,0.8110925006650931,0.813148244240326,0.8116000000000001,101024
GEN,0.8226,121,121,offspring,230,192,CIFAR10,209,main_b1000_cifar10_alexnet_GEN_kp90_seed1024,0.9,0.8144,23,False,0.9,alexnet,False,0,0,1,0.8168,206,8,0.8125,203,5,422,2,0.9,CIFAR10_alexnet_GEN_accuracy_kp9000_seed1024,1024,36000,209,42,accuracy,101024,0.8144,2,0.5629617704868317,23.81557287275791,10,0.5629617704868317,valid,0.8129215914883522,0.8187833778919418,0.8144,101024
GEN,0.8226,121,121,offspring,192,230,CIFAR10,210,main_b1000_cifar10_alexnet_GEN_kp90_seed1024,0.9,0.8182,23,False,0.9,alexnet,False,0,0,2,0.8168,206,8,0.8125,203,5,422,3,0.9,CIFAR10_alexnet_GEN_accuracy_kp9000_seed1024,1024,36000,210,42,accuracy,101024,0.8182,3,0.5650973503112793,23.87543184310198,10,0.5650973503112793,valid,0.8177720958141128,0.81893067832544,0.8182,101024
GEN,0.8226,121,121,offspring,280,258,CIFAR10,211,main_b1000_cifar10_alexnet_GEN_kp90_seed1024,0.9,0.8102,23,False,0.9,alexnet,False,0,0,1,0.8168,206,8,0.8156,207,9,538,4,0.9,CIFAR10_alexnet_GEN_accuracy_kp9000_seed1024,1024,36000,211,42,accuracy,101024,0.8102,2,0.5707314241409301,23.952626675367355,10,0.5707314241409301,valid,0.808738356453242,0.812160287847729,0.8102,101024
GEN,0.8226,121,121,offspring,258,280,CIFAR10,212,main_b1000_cifar10_alexnet_GEN_kp90_seed1024,0.9,0.8075,23,False,0.9,alexnet,False,0,0,2,0.8168,206,8,0.8156,207,9,538,5,0.9,CIFAR10_alexnet_GEN_accuracy_kp9000_seed1024,1024,36000,212,42,accuracy,101024,0.8075,2,0.5834156918048858,23.81650446355343,10,0.5834156918048858,valid,0.8077018910014901,0.814884520446212,0.8074999999999999,101024
GEN,0.8226,121,121,offspring,272,266,CIFAR10,213,main_b1000_cifar10_alexnet_GEN_kp90_seed1024,0.9,0.8194,23,False,0.9,alexnet,False,0,0,1,0.8156,207,9,0.8168,206,8,538,6,0.9,CIFAR10_alexnet_GEN_accuracy_kp9000_seed1024,1024,36000,213,42,accuracy,101024,0.8194,2,0.5499303093910217,23.991227753460407,10,0.5499303093910217,valid,0.820192111819771,0.8227735474068293,0.8194000000000001,101024
GEN,0.8226,121,121,offspring,266,272,CIFAR10,214,main_b1000_cifar10_alexnet_GEN_kp90_seed1024,0.9,0.8157,23,False,0.9,alexnet,False,0,0,2,0.8156,207,9,0.8168,206,8,538,7,0.9,CIFAR10_alexnet_GEN_accuracy_kp9000_seed1024,1024,36000,214,42,accuracy,101024,0.8157,3,0.5644487948417664,23.8559587970376,10,0.5644487948417664,valid,0.8155791683224379,0.819087503521235,0.8157,101024
GEN,0.8226,121,121,offspring,290,266,CIFAR10,215,main_b1000_cifar10_alexnet_GEN_kp90_seed1024,0.9,0.8145,23,False,0.9,alexnet,True,3600,1800,1,0.8125,203,5,0.8124,202,4,556,8,0.9,CIFAR10_alexnet_GEN_accuracy_kp9000_seed1024,1024,36000,215,42,accuracy,101024,0.8145,1,0.5561034579277039,24.008413828909397,10,0.5561034579277039,valid,0.8147282500983086,0.8167387122071921,0.8145,101024
GEN,0.8226,121,121,offspring,266,290,CIFAR10,216,main_b1000_cifar10_alexnet_GEN_kp90_seed1024,0.9,0.814,23,False,0.9,alexnet,False,0,0,2,0.8125,203,5,0.8124,202,4,556,9,0.9,CIFAR10_alexnet_GEN_accuracy_kp9000_seed1024,1024,36000,216,42,accuracy,101024,0.814,3,0.5735353045940399,23.853975906968117,10,0.5735353045940399,valid,0.8143517634820204,0.8182059986299081,0.8140000000000001,101024
GEN,0.8226,121,121,offspring,124,134,CIFAR10,217,main_b1000_cifar10_alexnet_GEN_kp90_seed1024,0.9,0.8017,23,False,0.9,alexnet,True,3600,1800,1,0.8156,207,9,0.8226,121,1,258,10,0.9,CIFAR10_alexnet_GEN_accuracy_kp9000_seed1024,1024,36000,217,42,accuracy,101024,0.8017,1,0.5829083868026733,23.913176104426384,10,0.5829083868026733,valid,0.8023685553354426,0.8075577150075859,0.8017,101024
GEN,0.8226,121,121,offspring,160,140,CIFAR10,218,main_b1000_cifar10_alexnet_GEN_kp90_seed1024,0.9,0.8068,24,False,0.9,alexnet,False,0,0,1,0.8226,121,1,0.8182,210,3,300,2,0.9,CIFAR10_alexnet_GEN_accuracy_kp9000_seed1024,1024,36000,218,42,accuracy,101024,0.8068,1,0.5759680078029633,23.914174646139145,10,0.5759680078029633,valid,0.8066110311752315,0.809628054313755,0.8068,101024
GEN,0.8226,121,121,offspring,140,160,CIFAR10,219,main_b1000_cifar10_alexnet_GEN_kp90_seed1024,0.9,0.8138,24,False,0.9,alexnet,False,0,0,2,0.8226,121,1,0.8182,210,3,300,3,0.9,CIFAR10_alexnet_GEN_accuracy_kp9000_seed1024,1024,36000,219,42,accuracy,101024,0.8138,2,0.5560213545322418,23.921209149062634,10,0.5560213545322418,valid,0.8134692880295047,0.8154834947376978,0.8138000000000002,101024
GEN,0.8226,121,121,offspring,146,118,CIFAR10,220,main_b1000_cifar10_alexnet_GEN_kp90_seed1024,0.9,0.8162,24,False,0.9,alexnet,False,0,0,1,0.8226,121,1,0.8157,214,7,264,4,0.9,CIFAR10_alexnet_GEN_accuracy_kp9000_seed1024,1024,36000,220,42,accuracy,101024,0.8162,3,0.5679386327743531,24.01757922768593,10,0.5679386327743531,valid,0.8171452802988981,0.819732608381399,0.8161999999999999,101024
GEN,0.8226,121,121,offspring,118,146,CIFAR10,221,main_b1000_cifar10_alexnet_GEN_kp90_seed1024,0.9,0.8157,24,False,0.9,alexnet,False,0,0,2,0.8226,121,1,0.8157,214,7,264,5,0.9,CIFAR10_alexnet_GEN_accuracy_kp9000_seed1024,1024,36000,221,42,accuracy,101024,0.8157,3,0.5651073868274689,23.85606997460127,10,0.5651073868274689,valid,0.8154165124716102,0.8181951746300091,0.8157,101024
GEN,0.8226,121,121,offspring,126,138,CIFAR10,222,main_b1000_cifar10_alexnet_GEN_kp90_seed1024,0.9,0.8142,24,False,0.9,alexnet,False,0,0,1,0.8226,121,1,0.8157,214,7,264,6,0.9,CIFAR10_alexnet_GEN_accuracy_kp9000_seed1024,1024,36000,222,42,accuracy,101024,0.8142,3,0.5711750216007233,24.077298901975155,10,0.5711750216007233,valid,0.8129244616239658,0.8175236101000276,0.8142000000000001,101024
GEN,0.8226,121,121,offspring,138,126,CIFAR10,223,main_b1000_cifar10_alexnet_GEN_kp90_seed1024,0.9,0.8153,24,False,0.9,alexnet,False,0,0,2,0.8226,121,1,0.8157,214,7,264,7,0.9,CIFAR10_alexnet_GEN_accuracy_kp9000_seed1024,1024,36000,223,42,accuracy,101024,0.8153,3,0.5783499862194061,23.792993634939194,10,0.5783499862194061,valid,0.8140090795172517,0.8155239486275517,0.8152999999999999,101024
GEN,0.8226,121,121,offspring,134,140,CIFAR10,224,main_b1000_cifar10_alexnet_GEN_kp90_seed1024,0.9,0.8139,24,False,0.9,alexnet,False,0,0,1,0.8226,121,1,0.8194,213,6,274,8,0.9,CIFAR10_alexnet_GEN_accuracy_kp9000_seed1024,1024,36000,224,42,accuracy,101024,0.8139,2,0.5471848343849182,23.970711655914783,10,0.5471848343849182,valid,0.8132437614758123,0.8144344729277477,0.8139000000000001,101024
GEN,0.8226,121,121,offspring,140,134,CIFAR10,225,main_b1000_cifar10_alexnet_GEN_kp90_seed1024,0.9,0.8121,24,False,0.9,alexnet,False,0,0,2,0.8226,121,1,0.8194,213,6,274,9,0.9,CIFAR10_alexnet_GEN_accuracy_kp9000_seed1024,1024,36000,225,42,accuracy,101024,0.8121,2,0.5797761041164399,23.92679063230753,10,0.5797761041164399,valid,0.812211296700105,0.8224472783639898,0.8121,101024
GEN,0.8226,121,121,offspring,124,150,CIFAR10,226,main_b1000_cifar10_alexnet_GEN_kp90_seed1024,0.9,0.814,24,False,0.9,alexnet,False,0,0,1,0.8194,213,6,0.8226,121,1,274,10,0.9,CIFAR10_alexnet_GEN_accuracy_kp9000_seed1024,1024,36000,226,42,accuracy,101024,0.814,2,0.5685561600208282,23.936626136302948,10,0.5685561600208282,valid,0.8134562748532106,0.8163146816273074,0.8140000000000001,101024
GEN,0.8226,121,121,offspring,78,68,CIFAR10,227,main_b1000_cifar10_alexnet_GEN_kp90_seed1024,0.9,0.8139,25,False,0.9,alexnet,False,0,0,1,0.8162,220,4,0.8226,121,1,146,2,0.9,CIFAR10_alexnet_GEN_accuracy_kp9000_seed1024,1024,36000,227,42,accuracy,101024,0.8139,2,0.559688103556633,24.003522217273712,10,0.559688103556633,valid,0.8135053786447294,0.8152894365718094,0.8139,101024
GEN,0.8226,121,121,offspring,68,78,CIFAR10,228,main_b1000_cifar10_alexnet_GEN_kp90_seed1024,0.9,0.8069,25,False,0.9,alexnet,False,0,0,2,0.8162,220,4,0.8226,121,1,146,3,0.9,CIFAR10_alexnet_GEN_accuracy_kp9000_seed1024,1024,36000,228,42,accuracy,101024,0.8069,1,0.5684384608745575,23.892508506774902,10,0.5684384608745575,valid,0.8063172975634755,0.8107183249682561,0.8069000000000001,101024
GEN,0.8226,121,121,offspring,56,66,CIFAR10,229,main_b1000_cifar10_alexnet_GEN_kp90_seed1024,0.9,0.8027,25,False,0.9,alexnet,False,0,0,1,0.8153,223,7,0.8162,220,4,122,4,0.9,CIFAR10_alexnet_GEN_accuracy_kp9000_seed1024,1024,36000,229,42,accuracy,101024,0.8027,1,0.586798684835434,24.085029736161232,10,0.586798684835434,valid,0.8042528860724097,0.8135507782075251,0.8027000000000001,101024
GEN,0.8226,121,121,offspring,66,56,CIFAR10,230,main_b1000_cifar10_alexnet_GEN_kp90_seed1024,0.9,0.8128,25,False,0.9,alexnet,False,0,0,2,0.8153,223,7,0.8162,220,4,122,5,0.9,CIFAR10_alexnet_GEN_accuracy_kp9000_seed1024,1024,36000,230,42,accuracy,101024,0.8128,2,0.5743699623584747,23.832607679069042,10,0.5743699623584747,valid,0.8135012022257639,0.8178541657041343,0.8128,101024
GEN,0.8226,121,121,offspring,62,64,CIFAR10,231,main_b1000_cifar10_alexnet_GEN_kp90_seed1024,0.9,0.8088,25,False,0.9,alexnet,False,0,0,1,0.8142,222,6,0.8226,121,1,126,6,0.9,CIFAR10_alexnet_GEN_accuracy_kp9000_seed1024,1024,36000,231,42,accuracy,101024,0.8088,2,0.5703304188728332,24.075711026787758,10,0.5703304188728332,valid,0.80980302696256,0.8171710178307847,0.8088,101024
GEN,0.8226,121,121,offspring,64,62,CIFAR10,232,main_b1000_cifar10_alexnet_GEN_kp90_seed1024,0.9,0.8076,25,False,0.9,alexnet,False,0,0,2,0.8142,222,6,0.8226,121,1,126,7,0.9,CIFAR10_alexnet_GEN_accuracy_kp9000_seed1024,1024,36000,232,42,accuracy,101024,0.8076,1,0.5675802033901215,23.894013188779354,10,0.5675802033901215,valid,0.8067298009715982,0.8087584606465226,0.8076000000000001,101024
GEN,0.8226,121,121,offspring,62,76,CIFAR10,233,main_b1000_cifar10_alexnet_GEN_kp90_seed1024,0.9,0.8089,25,False,0.9,alexnet,False,0,0,1,0.8153,223,7,0.8226,121,1,138,8,0.9,CIFAR10_alexnet_GEN_accuracy_kp9000_seed1024,1024,36000,233,42,accuracy,101024,0.8089,3,0.5744827902317047,23.937789641320705,10,0.5744827902317047,valid,0.808743190811045,0.8115198987615692,0.8089000000000001,101024
GEN,0.8226,121,121,offspring,76,62,CIFAR10,234,main_b1000_cifar10_alexnet_GEN_kp90_seed1024,0.9,0.8147,25,False,0.9,alexnet,False,0,0,2,0.8153,223,7,0.8226,121,1,138,9,0.9,CIFAR10_alexnet_GEN_accuracy_kp9000_seed1024,1024,36000,234,42,accuracy,101024,0.8147,2,0.5784147356986999,24.18722789734602,10,0.5784147356986999,valid,0.8143160808240989,0.8167134795076644,0.8146999999999999,101024
GEN,0.8226,121,121,offspring,64,62,CIFAR10,235,main_b1000_cifar10_alexnet_GEN_kp90_seed1024,0.9,0.8185,25,False,0.9,alexnet,False,0,0,1,0.8142,222,6,0.8226,121,1,126,10,0.9,CIFAR10_alexnet_GEN_accuracy_kp9000_seed1024,1024,36000,235,42,accuracy,101024,0.8185,3,0.5619524974346161,23.812482848763466,10,0.5619524974346161,valid,0.817436561807722,0.8204610561649914,0.8185,101024
GEN,0.8226,121,121,offspring,48,60,CIFAR10,236,main_b1000_cifar10_alexnet_GEN_kp90_seed1024,0.9,0.8114,26,False,0.9,alexnet,False,0,0,1,0.8128,230,5,0.8147,234,9,108,2,0.9,CIFAR10_alexnet_GEN_accuracy_kp9000_seed1024,1024,36000,236,42,accuracy,101024,0.8114,2,0.5627222375869751,24.06343936920166,10,0.5627222375869751,valid,0.8103626554977159,0.8121672530837989,0.8114000000000001,101024
GEN,0.8226,121,121,offspring,60,48,CIFAR10,237,main_b1000_cifar10_alexnet_GEN_kp90_seed1024,0.9,0.814,26,False,0.9,alexnet,False,0,0,2,0.8128,230,5,0.8147,234,9,108,3,0.9,CIFAR10_alexnet_GEN_accuracy_kp9000_seed1024,1024,36000,237,42,accuracy,101024,0.814,3,0.5592304883480071,23.77967820316553,10,0.5592304883480071,valid,0.8123761995982465,0.8148633970552377,0.8140000000000001,101024
GEN,0.8226,121,121,offspring,36,32,CIFAR10,238,main_b1000_cifar10_alexnet_GEN_kp90_seed1024,0.9,0.8027,26,False,0.9,alexnet,False,0,0,1,0.8226,121,1,0.8139,227,2,68,4,0.9,CIFAR10_alexnet_GEN_accuracy_kp9000_seed1024,1024,36000,238,42,accuracy,101024,0.8027,1,0.5705116118431092,23.937824621796608,10,0.5705116118431092,valid,0.803281743565263,0.8082686943884987,0.8027,101024
GEN,0.8226,121,121,offspring,32,36,CIFAR10,239,main_b1000_cifar10_alexnet_GEN_kp90_seed1024,0.9,0.8151,26,False,0.9,alexnet,False,0,0,2,0.8226,121,1,0.8139,227,2,68,5,0.9,CIFAR10_alexnet_GEN_accuracy_kp9000_seed1024,1024,36000,239,42,accuracy,101024,0.8151,3,0.5738620367765427,23.90934958308935,10,0.5738620367765427,valid,0.8148064179874384,0.8185627128398641,0.8150999999999999,101024
GEN,0.8226,121,121,offspring,68,70,CIFAR10,240,main_b1000_cifar10_alexnet_GEN_kp90_seed1024,0.9,0.8043,26,False,0.9,alexnet,False,0,0,1,0.8089,233,8,0.8147,234,9,138,6,0.9,CIFAR10_alexnet_GEN_accuracy_kp9000_seed1024,1024,36000,240,42,accuracy,101024,0.8043,1,0.5584783689022064,23.817410498857498,10,0.5584783689022064,valid,0.8040874562689115,0.8063028636099961,0.8042999999999999,101024
GEN,0.8226,121,121,offspring,70,68,CIFAR10,241,main_b1000_cifar10_alexnet_GEN_kp90_seed1024,0.9,0.8182,26,False,0.9,alexnet,False,0,0,2,0.8089,233,8,0.8147,234,9,138,7,0.9,CIFAR10_alexnet_GEN_accuracy_kp9000_seed1024,1024,36000,241,42,accuracy,101024,0.8182,3,0.5658990137100219,24.02549286186695,10,0.5658990137100219,valid,0.8165182766933377,0.819991860719937,0.8182,101024
GEN,0.8226,121,121,offspring,54,48,CIFAR10,242,main_b1000_cifar10_alexnet_GEN_kp90_seed1024,0.9,0.8177,26,False,0.9,alexnet,False,0,0,1,0.8139,227,2,0.8185,235,10,102,8,0.9,CIFAR10_alexnet_GEN_accuracy_kp9000_seed1024,1024,36000,242,42,accuracy,101024,0.8177,2,0.5487163011550903,23.855627864599228,10,0.5487163011550903,valid,0.8175325910343083,0.8187321315568672,0.8177,101024
GEN,0.8226,121,121,offspring,48,54,CIFAR10,243,main_b1000_cifar10_alexnet_GEN_kp90_seed1024,0.9,0.806,26,False,0.9,alexnet,False,0,0,2,0.8139,227,2,0.8185,235,10,102,9,0.9,CIFAR10_alexnet_GEN_accuracy_kp9000_seed1024,1024,36000,243,42,accuracy,101024,0.806,2,0.5763209567070008,24.033026568591595,10,0.5763209567070008,valid,0.8084919878577745,0.8191762645197811,0.806,101024
GEN,0.8226,121,121,offspring,28,34,CIFAR10,244,main_b1000_cifar10_alexnet_GEN_kp90_seed1024,0.9,0.8087,26,False,0.9,alexnet,False,0,0,1,0.8147,234,9,0.8226,121,1,62,10,0.9,CIFAR10_alexnet_GEN_accuracy_kp9000_seed1024,1024,36000,244,42,accuracy,101024,0.8087,1,0.5700008128166199,23.819218136370182,10,0.5700008128166199,valid,0.8095606691589389,0.8155213034086766,0.8087,101024
GEN,0.8226,121,121,offspring,48,56,CIFAR10,245,main_b1000_cifar10_alexnet_GEN_kp90_seed1024,0.9,0.8009,27,False,0.9,alexnet,False,0,0,1,0.8182,241,7,0.8177,242,8,104,2,0.9,CIFAR10_alexnet_GEN_accuracy_kp9000_seed1024,1024,36000,245,42,accuracy,101024,0.8009,2,0.590219221162796,23.94432556629181,10,0.590219221162796,valid,0.7999910212822932,0.8071036375705252,0.8009000000000001,101024
GEN,0.8226,121,121,offspring,56,48,CIFAR10,246,main_b1000_cifar10_alexnet_GEN_kp90_seed1024,0.9,0.8124,27,False,0.9,alexnet,False,0,0,2,0.8182,241,7,0.8177,242,8,104,3,0.9,CIFAR10_alexnet_GEN_accuracy_kp9000_seed1024,1024,36000,246,42,accuracy,101024,0.8124,2,0.5550238594532013,23.87287714332342,10,0.5550238594532013,valid,0.812522947507548,0.8157686975790807,0.8124,101024
GEN,0.8226,121,121,offspring,48,32,CIFAR10,247,main_b1000_cifar10_alexnet_GEN_kp90_seed1024,0.9,0.8078,27,False,0.9,alexnet,True,3600,1800,1,0.8114,236,2,0.8182,241,7,80,4,0.9,CIFAR10_alexnet_GEN_accuracy_kp9000_seed1024,1024,36000,247,42,accuracy,101024,0.8078,3,0.5921963272571563,23.823751643300056,10,0.5921963272571563,valid,0.8091051010710355,0.8145321156923291,0.8078000000000001,101024
GEN,0.8226,121,121,offspring,32,48,CIFAR10,248,main_b1000_cifar10_alexnet_GEN_kp90_seed1024,0.9,0.8087,27,False,0.9,alexnet,False,0,0,2,0.8114,236,2,0.8182,241,7,80,5,0.9,CIFAR10_alexnet_GEN_accuracy_kp9000_seed1024,1024,36000,248,42,accuracy,101024,0.8087,3,0.598097285604477,24.003962613642216,10,0.598097285604477,valid,0.8091222981130122,0.8150454850799328,0.8087,101024
GEN,0.8226,121,121,offspring,34,34,CIFAR10,249,main_b1000_cifar10_alexnet_GEN_kp90_seed1024,0.9,0.8166,27,False,0.9,alexnet,False,0,0,1,0.8182,241,7,0.8226,121,1,68,6,0.9,CIFAR10_alexnet_GEN_accuracy_kp9000_seed1024,1024,36000,249,42,accuracy,101024,0.8166,2,0.5570464808940887,23.873272351920605,10,0.5570464808940887,valid,0.8169399234775978,0.8189611201086875,0.8166,101024
GEN,0.8226,121,121,offspring,34,34,CIFAR10,250,main_b1000_cifar10_alexnet_GEN_kp90_seed1024,0.9,0.8091,27,False,0.9,alexnet,False,0,0,2,0.8182,241,7,0.8226,121,1,68,7,0.9,CIFAR10_alexnet_GEN_accuracy_kp9000_seed1024,1024,36000,250,42,accuracy,101024,0.8091,2,0.5740385649681091,24.05000539124012,10,0.5740385649681091,valid,0.8086178668402166,0.8122172167072653,0.8091000000000002,101024
GEN,0.8226,121,121,offspring,36,42,CIFAR10,251,main_b1000_cifar10_alexnet_GEN_kp90_seed1024,0.9,0.8085,27,False,0.9,alexnet,False,0,0,1,0.8182,241,7,0.8151,239,5,78,8,0.9,CIFAR10_alexnet_GEN_accuracy_kp9000_seed1024,1024,36000,251,42,accuracy,101024,0.8085,1,0.5696421523094177,23.85841204226017,10,0.5696421523094177,valid,0.8086323524835392,0.8139154944154745,0.8085000000000001,101024
GEN,0.8226,121,121,offspring,42,36,CIFAR10,252,main_b1000_cifar10_alexnet_GEN_kp90_seed1024,0.9,0.8078,27,False,0.9,alexnet,False,0,0,2,0.8182,241,7,0.8151,239,5,78,9,0.9,CIFAR10_alexnet_GEN_accuracy_kp9000_seed1024,1024,36000,252,42,accuracy,101024,0.8078,2,0.575361110162735,23.993576534092426,10,0.575361110162735,valid,0.8072453402220277,0.8114875110728448,0.8078,101024
GEN,0.8226,121,121,offspring,36,32,CIFAR10,253,main_b1000_cifar10_alexnet_GEN_kp90_seed1024,0.9,0.807,27,False,0.9,alexnet,False,0,0,1,0.8226,121,1,0.8182,241,7,68,10,0.9,CIFAR10_alexnet_GEN_accuracy_kp9000_seed1024,1024,36000,253,42,accuracy,101024,0.807,2,0.5915796840190888,23.83366346359253,10,0.5915796840190888,valid,0.8065267690225648,0.8160612574253447,0.807,101024
GEN,0.8226,121,121,offspring,26,28,CIFAR10,254,main_b1000_cifar10_alexnet_GEN_kp90_seed1024,0.9,0.8175,28,False,0.9,alexnet,False,0,0,1,0.8226,121,1,0.8085,251,8,54,2,0.9,CIFAR10_alexnet_GEN_accuracy_kp9000_seed1024,1024,36000,254,42,accuracy,101024,0.8175,4,0.5861476145744323,23.863456323742867,10,0.5861476145744323,valid,0.8159620204157092,0.8180050111729346,0.8175000000000001,101024
GEN,0.8226,121,121,offspring,28,26,CIFAR10,255,main_b1000_cifar10_alexnet_GEN_kp90_seed1024,0.9,0.8125,28,False,0.9,alexnet,False,0,0,2,0.8226,121,1,0.8085,251,8,54,3,0.9,CIFAR10_alexnet_GEN_accuracy_kp9000_seed1024,1024,36000,255,42,accuracy,101024,0.8125,3,0.5836912746906281,23.97116582840681,10,0.5836912746906281,valid,0.8117093266543707,0.814990574438141,0.8125,101024
GEN,0.8226,121,121,offspring,26,44,CIFAR10,256,main_b1000_cifar10_alexnet_GEN_kp90_seed1024,0.9,0.8186,28,False,0.9,alexnet,False,0,0,1,0.8166,249,6,0.8124,246,3,70,4,0.9,CIFAR10_alexnet_GEN_accuracy_kp9000_seed1024,1024,36000,256,42,accuracy,101024,0.8186,2,0.5555409742355346,23.909176468849182,10,0.5555409742355346,valid,0.8179054556663324,0.8193920831550828,0.8186,101024
GEN,0.8226,121,121,offspring,44,26,CIFAR10,257,main_b1000_cifar10_alexnet_GEN_kp90_seed1024,0.9,0.8149,28,False,0.9,alexnet,False,0,0,2,0.8166,249,6,0.8124,246,3,70,5,0.9,CIFAR10_alexnet_GEN_accuracy_kp9000_seed1024,1024,36000,257,42,accuracy,101024,0.8149,3,0.5718391692638397,24.05586303770542,10,0.5718391692638397,valid,0.814976756786665,0.819991620825505,0.8149,101024
GEN,0.8226,121,121,offspring,16,18,CIFAR10,258,main_b1000_cifar10_alexnet_GEN_kp90_seed1024,0.9,0.8093,28,False,0.9,alexnet,False,0,0,1,0.8091,250,7,0.8226,121,1,34,6,0.9,CIFAR10_alexnet_GEN_accuracy_kp9000_seed1024,1024,36000,258,42,accuracy,101024,0.8093,2,0.5747492200851441,23.98180791735649,10,0.5747492200851441,valid,0.8092876950474274,0.8130534270578392,0.8093,101024
GEN,0.8226,121,121,offspring,18,16,CIFAR10,259,main_b1000_cifar10_alexnet_GEN_kp90_seed1024,0.9,0.8135,28,False,0.9,alexnet,False,0,0,2,0.8091,250,7,0.8226,121,1,34,7,0.9,CIFAR10_alexnet_GEN_accuracy_kp9000_seed1024,1024,36000,259,42,accuracy,101024,0.8135,3,0.5723226200103759,24.013919204473495,10,0.5723226200103759,valid,0.8141920322426704,0.8173700913362243,0.8135,101024
GEN,0.8226,121,121,offspring,40,44,CIFAR10,260,main_b1000_cifar10_alexnet_GEN_kp90_seed1024,0.9,0.8059,28,False,0.9,alexnet,False,0,0,1,0.8226,121,1,0.8087,248,5,84,8,0.9,CIFAR10_alexnet_GEN_accuracy_kp9000_seed1024,1024,36000,260,42,accuracy,101024,0.8059,1,0.569485231924057,23.88320814818144,10,0.569485231924057,valid,0.8053690006425771,0.8069096663042521,0.8059,101024
GEN,0.8226,121,121,offspring,44,40,CIFAR10,261,main_b1000_cifar10_alexnet_GEN_kp90_seed1024,0.9,0.8075,28,False,0.9,alexnet,False,0,0,2,0.8226,121,1,0.8087,248,5,84,9,0.9,CIFAR10_alexnet_GEN_accuracy_kp9000_seed1024,1024,36000,261,42,accuracy,101024,0.8075,3,0.5847053652763367,23.773272812366486,10,0.5847053652763367,valid,0.8068864547883179,0.8116033230333143,0.8075000000000001,101024
GEN,0.8226,121,121,offspring,32,32,CIFAR10,262,main_b1000_cifar10_alexnet_GEN_kp90_seed1024,0.9,0.8136,28,False,0.9,alexnet,False,0,0,1,0.8226,121,1,0.8124,246,3,64,10,0.9,CIFAR10_alexnet_GEN_accuracy_kp9000_seed1024,1024,36000,262,42,accuracy,101024,0.8136,2,0.5662940700054169,23.95610799640417,10,0.5662940700054169,valid,0.8135283496297742,0.8169593627077939,0.8135999999999999,101024
GEN,0.8226,121,121,offspring,16,22,CIFAR10,263,main_b1000_cifar10_alexnet_GEN_kp90_seed1024,0.9,0.8141,29,False,0.9,alexnet,True,3600,1800,1,0.8136,262,10,0.8149,257,5,38,2,0.9,CIFAR10_alexnet_GEN_accuracy_kp9000_seed1024,1024,36000,263,42,accuracy,101024,0.8141,2,0.5649635846138,23.790117166936398,10,0.5649635846138,valid,0.8140234729438747,0.818197401700061,0.8141,101024
GEN,0.8226,121,121,offspring,22,16,CIFAR10,264,main_b1000_cifar10_alexnet_GEN_kp90_seed1024,0.9,0.8073,29,False,0.9,alexnet,False,0,0,2,0.8136,262,10,0.8149,257,5,38,3,0.9,CIFAR10_alexnet_GEN_accuracy_kp9000_seed1024,1024,36000,264,42,accuracy,101024,0.8073,1,0.564109973859787,24.124901100993156,10,0.564109973859787,valid,0.8064569890351292,0.8093251715518589,0.8073,101024
GEN,0.8226,121,121,offspring,28,24,CIFAR10,265,main_b1000_cifar10_alexnet_GEN_kp90_seed1024,0.9,0.8194,29,False,0.9,alexnet,True,3600,1800,1,0.8186,256,4,0.8175,254,2,52,4,0.9,CIFAR10_alexnet_GEN_accuracy_kp9000_seed1024,1024,36000,265,42,accuracy,101024,0.8194,4,0.5773622102975845,23.782758243381977,10,0.5773622102975845,valid,0.8192450780119651,0.8203291776815863,0.8193999999999999,101024
GEN,0.8226,121,121,offspring,24,28,CIFAR10,266,main_b1000_cifar10_alexnet_GEN_kp90_seed1024,0.9,0.8068,29,False,0.9,alexnet,False,0,0,2,0.8186,256,4,0.8175,254,2,52,5,0.9,CIFAR10_alexnet_GEN_accuracy_kp9000_seed1024,1024,36000,266,42,accuracy,101024,0.8068,1,0.569707577085495,24.002415381371975,10,0.569707577085495,valid,0.807681389498289,0.8126014960288712,0.8068,101024
GEN,0.8226,121,121,offspring,24,22,CIFAR10,267,main_b1000_cifar10_alexnet_GEN_kp90_seed1024,0.9,0.8088,29,False,0.9,alexnet,False,0,0,1,0.8186,256,4,0.8226,121,1,46,6,0.9,CIFAR10_alexnet_GEN_accuracy_kp9000_seed1024,1024,36000,267,42,accuracy,101024,0.8088,1,0.5659645259857178,23.867612093687057,10,0.5659645259857178,valid,0.8080899101547041,0.809866946847403,0.8088000000000001,101024
GEN,0.8226,121,121,offspring,22,24,CIFAR10,268,main_b1000_cifar10_alexnet_GEN_kp90_seed1024,0.9,0.8128,29,False,0.9,alexnet,False,0,0,2,0.8186,256,4,0.8226,121,1,46,7,0.9,CIFAR10_alexnet_GEN_accuracy_kp9000_seed1024,1024,36000,268,42,accuracy,101024,0.8128,3,0.5818329979896545,23.84035325050354,10,0.5818329979896545,valid,0.8122920671805345,0.8172227064081786,0.8128,101024
GEN,0.8226,121,121,offspring,26,20,CIFAR10,269,main_b1000_cifar10_alexnet_GEN_kp90_seed1024,0.9,0.8105,29,False,0.9,alexnet,False,0,0,1,0.8186,256,4,0.8136,262,10,46,8,0.9,CIFAR10_alexnet_GEN_accuracy_kp9000_seed1024,1024,36000,269,42,accuracy,101024,0.8105,2,0.5774249681472778,23.933779202401638,10,0.5774249681472778,valid,0.8100733497326967,0.8142561727535401,0.8105,101024
GEN,0.8226,121,121,offspring,20,26,CIFAR10,270,main_b1000_cifar10_alexnet_GEN_kp90_seed1024,0.9,0.8086,29,False,0.9,alexnet,False,0,0,2,0.8186,256,4,0.8136,262,10,46,9,0.9,CIFAR10_alexnet_GEN_accuracy_kp9000_seed1024,1024,36000,270,42,accuracy,101024,0.8086,1,0.5627446099758148,23.827357850968838,10,0.5627446099758148,valid,0.8083589082834595,0.810246150723461,0.8085999999999999,101024
GEN,0.8226,121,121,offspring,22,16,CIFAR10,271,main_b1000_cifar10_alexnet_GEN_kp90_seed1024,0.9,0.8176,29,False,0.9,alexnet,True,3600,1800,1,0.8136,262,10,0.8135,259,7,38,10,0.9,CIFAR10_alexnet_GEN_accuracy_kp9000_seed1024,1024,36000,271,42,accuracy,101024,0.8176,3,0.5569750065565109,24.06770583242178,10,0.5569750065565109,valid,0.816239869355124,0.8177272897242862,0.8176,101024
GEN,0.8226,121,121,offspring,8,16,CIFAR10,272,main_b1000_cifar10_alexnet_GEN_kp90_seed1024,0.9,0.8046,30,False,0.9,alexnet,False,0,0,1,0.8128,268,7,0.8226,121,1,24,2,0.9,CIFAR10_alexnet_GEN_accuracy_kp9000_seed1024,1024,36000,272,42,accuracy,101024,0.8046,2,0.5949223376750946,23.83139582723379,10,0.5949223376750946,valid,0.8049365396481949,0.8172513846125271,0.8046000000000001,101024
GEN,0.8226,121,121,offspring,16,8,CIFAR10,273,main_b1000_cifar10_alexnet_GEN_kp90_seed1024,0.9,0.8149,30,False,0.9,alexnet,False,0,0,2,0.8128,268,7,0.8226,121,1,24,3,0.9,CIFAR10_alexnet_GEN_accuracy_kp9000_seed1024,1024,36000,273,42,accuracy,101024,0.8149,3,0.5725538703918457,23.961211122572422,10,0.5725538703918457,valid,0.8137610196644219,0.8156359167445302,0.8149,101024
GEN,0.8226,121,121,offspring,2656,2750,CIFAR10,274,main_b1000_cifar10_alexnet_GEN_kp90_seed1024,0.9,0.8065,30,False,0.9,alexnet,False,0,0,1,0.8194,265,4,0.8141,263,2,5406,4,0.9,CIFAR10_alexnet_GEN_accuracy_kp9000_seed1024,1024,36000,274,42,accuracy,101024,0.8065,2,0.581058621931076,23.84269956499338,10,0.581058621931076,valid,0.8045756133777955,0.8098035281721216,0.8065,101024
GEN,0.8226,121,121,offspring,2750,2656,CIFAR10,275,main_b1000_cifar10_alexnet_GEN_kp90_seed1024,0.9,0.802,30,False,0.9,alexnet,True,3600,1800,2,0.8194,265,4,0.8141,263,2,5406,5,0.9,CIFAR10_alexnet_GEN_accuracy_kp9000_seed1024,1024,36000,275,42,accuracy,101024,0.802,1,0.5756885509967804,23.88811267912388,10,0.5756885509967804,valid,0.8027213376687128,0.8076934211781769,0.8019999999999999,101024
GEN,0.8226,121,121,offspring,14,10,CIFAR10,276,main_b1000_cifar10_alexnet_GEN_kp90_seed1024,0.9,0.8192,30,False,0.9,alexnet,False,0,0,1,0.8128,268,7,0.8226,121,1,24,6,0.9,CIFAR10_alexnet_GEN_accuracy_kp9000_seed1024,1024,36000,276,42,accuracy,101024,0.8192,2,0.554045354938507,23.951863452792168,10,0.554045354938507,valid,0.8190972697683208,0.8207462164426449,0.8192,101024
GEN,0.8226,121,121,offspring,10,14,CIFAR10,277,main_b1000_cifar10_alexnet_GEN_kp90_seed1024,0.9,0.813,30,False,0.9,alexnet,False,0,0,2,0.8128,268,7,0.8226,121,1,24,7,0.9,CIFAR10_alexnet_GEN_accuracy_kp9000_seed1024,1024,36000,277,42,accuracy,101024,0.813,3,0.5734745632171631,23.789625257253647,10,0.5734745632171631,valid,0.8128085281825077,0.8159415518173485,0.813,101024
GEN,0.8226,121,121,offspring,1764,1842,CIFAR10,278,main_b1000_cifar10_alexnet_GEN_kp90_seed1024,0.9,0.8063,30,False,0.9,alexnet,False,0,0,1,0.8226,121,1,0.8176,271,10,3606,8,0.9,CIFAR10_alexnet_GEN_accuracy_kp9000_seed1024,1024,36000,278,42,accuracy,101024,0.8063,1,0.5803275841712952,24.017126888036728,10,0.5803275841712952,valid,0.8063093040671221,0.8115305362439411,0.8062999999999999,101024
GEN,0.8226,121,121,offspring,1842,1764,CIFAR10,279,main_b1000_cifar10_alexnet_GEN_kp90_seed1024,0.9,0.815,30,False,0.9,alexnet,False,0,0,2,0.8226,121,1,0.8176,271,10,3606,9,0.9,CIFAR10_alexnet_GEN_accuracy_kp9000_seed1024,1024,36000,279,42,accuracy,101024,0.815,2,0.5543582014083862,24.203409403562546,10,0.5543582014083862,valid,0.814638319087277,0.8155546564846073,0.8150000000000001,101024
GEN,0.8226,121,121,offspring,1808,1798,CIFAR10,280,main_b1000_cifar10_alexnet_GEN_kp90_seed1024,0.9,0.8049,30,False,0.9,alexnet,True,3600,1800,1,0.8226,121,1,0.8176,271,10,3606,10,0.9,CIFAR10_alexnet_GEN_accuracy_kp9000_seed1024,1024,36000,280,42,accuracy,101024,0.8049,2,0.5744622973442077,24.004103757441044,10,0.5744622973442077,valid,0.8055473689540348,0.8093428147106589,0.8049,101024
GEN,0.8226,121,121,offspring,1840,1802,CIFAR10,281,main_b1000_cifar10_alexnet_GEN_kp90_seed1024,0.9,0.8069,31,False,0.9,alexnet,False,0,0,1,0.8192,276,6,0.8065,274,4,3642,2,0.9,CIFAR10_alexnet_GEN_accuracy_kp9000_seed1024,1024,36000,281,42,accuracy,101024,0.8069,1,0.5614652238368988,23.764251105487347,10,0.5614652238368988,valid,0.8060687642398712,0.8090737439675759,0.8069,101024
GEN,0.8226,121,121,offspring,1802,1840,CIFAR10,282,main_b1000_cifar10_alexnet_GEN_kp90_seed1024,0.9,0.8049,31,False,0.9,alexnet,False,0,0,2,0.8192,276,6,0.8065,274,4,3642,3,0.9,CIFAR10_alexnet_GEN_accuracy_kp9000_seed1024,1024,36000,282,42,accuracy,101024,0.8049,2,0.5902408721923829,23.783931232988834,10,0.5902408721923829,valid,0.8038443317722967,0.8090554112859681,0.8049,101024
GEN,0.8226,121,121,offspring,938,914,CIFAR10,283,main_b1000_cifar10_alexnet_GEN_kp90_seed1024,0.9,0.8055,31,False,0.9,alexnet,False,0,0,1,0.8192,276,6,0.815,279,9,1852,4,0.9,CIFAR10_alexnet_GEN_accuracy_kp9000_seed1024,1024,36000,283,42,accuracy,101024,0.8055,1,0.5678869826793671,24.381621219217777,10,0.5678869826793671,valid,0.8054490793940017,0.8120365341770894,0.8055,101024
GEN,0.8226,121,121,offspring,914,938,CIFAR10,284,main_b1000_cifar10_alexnet_GEN_kp90_seed1024,0.9,0.8153,31,False,0.9,alexnet,False,0,0,2,0.8192,276,6,0.815,279,9,1852,5,0.9,CIFAR10_alexnet_GEN_accuracy_kp9000_seed1024,1024,36000,284,42,accuracy,101024,0.8153,3,0.5764828640937805,23.67289873957634,10,0.5764828640937805,valid,0.8152903713031293,0.8195781106924283,0.8153,101024
GEN,0.8226,121,121,offspring,1794,1844,CIFAR10,285,main_b1000_cifar10_alexnet_GEN_kp90_seed1024,0.9,0.8006,31,False,0.9,alexnet,False,0,0,1,0.8226,121,1,0.8065,274,4,3638,6,0.9,CIFAR10_alexnet_GEN_accuracy_kp9000_seed1024,1024,36000,285,42,accuracy,101024,0.8006,1,0.5761392035961151,23.88740149885416,10,0.5761392035961151,valid,0.8018814288695433,0.812313130569162,0.8006,101024
GEN,0.8226,121,121,offspring,1844,1794,CIFAR10,286,main_b1000_cifar10_alexnet_GEN_kp90_seed1024,0.9,0.8097,31,False,0.9,alexnet,False,0,0,2,0.8226,121,1,0.8065,274,4,3638,7,0.9,CIFAR10_alexnet_GEN_accuracy_kp9000_seed1024,1024,36000,286,42,accuracy,101024,0.8097,1,0.5661933489322662,23.73552478849888,10,0.5661933489322662,valid,0.8095726000361679,0.8117207563645618,0.8097,101024
GEN,0.8226,121,121,offspring,884,886,CIFAR10,287,main_b1000_cifar10_alexnet_GEN_kp90_seed1024,0.9,0.8128,31,False,0.9,alexnet,False,0,0,1,0.8149,273,3,0.8063,278,8,1770,8,0.9,CIFAR10_alexnet_GEN_accuracy_kp9000_seed1024,1024,36000,287,42,accuracy,101024,0.8128,3,0.5783762854576111,23.98196418583393,10,0.5783762854576111,valid,0.8135733776377263,0.8172336500645381,0.8128,101024
GEN,0.8226,121,121,offspring,886,884,CIFAR10,288,main_b1000_cifar10_alexnet_GEN_kp90_seed1024,0.9,0.8192,31,False,0.9,alexnet,False,0,0,2,0.8149,273,3,0.8063,278,8,1770,9,0.9,CIFAR10_alexnet_GEN_accuracy_kp9000_seed1024,1024,36000,288,42,accuracy,101024,0.8192,2,0.5498505133152009,23.754644349217415,10,0.5498505133152009,valid,0.8192463884056966,0.8225028148059069,0.8192,101024
GEN,0.8226,121,121,offspring,886,966,CIFAR10,289,main_b1000_cifar10_alexnet_GEN_kp90_seed1024,0.9,0.7962,31,False,0.9,alexnet,False,0,0,1,0.8192,276,6,0.815,279,9,1852,10,0.9,CIFAR10_alexnet_GEN_accuracy_kp9000_seed1024,1024,36000,289,42,accuracy,101024,0.7962,1,0.6052581755876542,23.85370596498251,10,0.6052581755876542,valid,0.798297105226698,0.8129382317255416,0.7962,101024
GEN,0.8226,121,121,offspring,1258,1266,CIFAR10,290,main_b1000_cifar10_alexnet_GEN_kp90_seed1024,0.9,0.8047,32,False,0.9,alexnet,True,3600,1800,1,0.8192,288,9,0.8097,286,7,2524,2,0.9,CIFAR10_alexnet_GEN_accuracy_kp9000_seed1024,1024,36000,290,42,accuracy,101024,0.8047,1,0.5711911594867707,23.850638151168823,10,0.5711911594867707,valid,0.8059954782557316,0.8112374504499625,0.8047000000000001,101024
GEN,0.8226,121,121,offspring,1266,1258,CIFAR10,291,main_b1000_cifar10_alexnet_GEN_kp90_seed1024,0.9,0.8105,32,False,0.9,alexnet,False,0,0,2,0.8192,288,9,0.8097,286,7,2524,3,0.9,CIFAR10_alexnet_GEN_accuracy_kp9000_seed1024,1024,36000,291,42,accuracy,101024,0.8105,2,0.58283759162426,23.754967510700226,10,0.58283759162426,valid,0.8086049812231977,0.8121928850988291,0.8105,101024
GEN,0.8226,121,121,offspring,886,884,CIFAR10,292,main_b1000_cifar10_alexnet_GEN_kp90_seed1024,0.9,0.8098,32,False,0.9,alexnet,True,3600,1800,1,0.8192,288,9,0.8128,287,8,1770,4,0.9,CIFAR10_alexnet_GEN_accuracy_kp9000_seed1024,1024,36000,292,42,accuracy,101024,0.8098,1,0.5603534169197083,24.040640361607075,10,0.5603534169197083,valid,0.8102746336232076,0.8138052737859232,0.8098000000000001,101024
GEN,0.8226,121,121,offspring,884,886,CIFAR10,293,main_b1000_cifar10_alexnet_GEN_kp90_seed1024,0.9,0.8094,32,False,0.9,alexnet,False,0,0,2,0.8192,288,9,0.8128,287,8,1770,5,0.9,CIFAR10_alexnet_GEN_accuracy_kp9000_seed1024,1024,36000,293,42,accuracy,101024,0.8094,2,0.5610557859420776,23.787300623953342,10,0.5610557859420776,valid,0.8098784674343115,0.8134852367993796,0.8093999999999999,101024
GEN,0.8226,121,121,offspring,878,930,CIFAR10,294,main_b1000_cifar10_alexnet_GEN_kp90_seed1024,0.9,0.8034,32,False,0.9,alexnet,False,0,0,1,0.8192,288,9,0.8153,284,5,1808,6,0.9,CIFAR10_alexnet_GEN_accuracy_kp9000_seed1024,1024,36000,294,42,accuracy,101024,0.8034,1,0.5740221573829651,24.90801152586937,10,0.5740221573829651,valid,0.8050564174013687,0.8131175524933212,0.8033999999999999,101024
GEN,0.8226,121,121,offspring,930,878,CIFAR10,295,main_b1000_cifar10_alexnet_GEN_kp90_seed1024,0.9,0.8119,32,False,0.9,alexnet,False,0,0,2,0.8192,288,9,0.8153,284,5,1808,7,0.9,CIFAR10_alexnet_GEN_accuracy_kp9000_seed1024,1024,36000,295,42,accuracy,101024,0.8119,1,0.5647380628108978,23.79342284053564,10,0.5647380628108978,valid,0.8115422032826697,0.8161035576900666,0.8119,101024
GEN,0.8226,121,121,offspring,986,854,CIFAR10,296,main_b1000_cifar10_alexnet_GEN_kp90_seed1024,0.9,0.8039,32,False,0.9,alexnet,False,0,0,1,0.8226,121,1,0.8069,281,2,1840,8,0.9,CIFAR10_alexnet_GEN_accuracy_kp9000_seed1024,1024,36000,296,42,accuracy,101024,0.8039,1,0.5866057692527771,23.92855481058359,10,0.5866057692527771,valid,0.8056358141733577,0.8160101354948797,0.8039,101024
GEN,0.8226,121,121,offspring,854,986,CIFAR10,297,main_b1000_cifar10_alexnet_GEN_kp90_seed1024,0.9,0.8103,32,False,0.9,alexnet,False,0,0,2,0.8226,121,1,0.8069,281,2,1840,9,0.9,CIFAR10_alexnet_GEN_accuracy_kp9000_seed1024,1024,36000,297,42,accuracy,101024,0.8103,2,0.5704895356655121,24.0635352358222,10,0.5704895356655121,valid,0.808857810900258,0.8149023434739655,0.8103,101024
GEN,0.8226,121,121,offspring,470,422,CIFAR10,298,main_b1000_cifar10_alexnet_GEN_kp90_seed1024,0.9,0.8032,32,False,0.9,alexnet,False,0,0,1,0.8226,121,1,0.8192,288,9,892,10,0.9,CIFAR10_alexnet_GEN_accuracy_kp9000_seed1024,1024,36000,298,42,accuracy,101024,0.8032,2,0.5928542406558991,23.795303232967854,10,0.5928542406558991,valid,0.8015065829592853,0.808978161898934,0.8032,101024
GEN,0.8226,121,121,offspring,858,894,CIFAR10,299,main_b1000_cifar10_alexnet_GEN_kp90_seed1024,0.9,0.8098,33,False,0.9,alexnet,False,0,0,1,0.8105,291,3,0.8119,295,7,1752,2,0.9,CIFAR10_alexnet_GEN_accuracy_kp9000_seed1024,1024,36000,299,42,accuracy,101024,0.8098,2,0.5825383135795593,24.015213184058666,10,0.5825383135795593,valid,0.8094837255864002,0.8146077194796785,0.8097999999999999,101024
GEN,0.8226,121,121,offspring,894,858,CIFAR10,300,main_b1000_cifar10_alexnet_GEN_kp90_seed1024,0.9,0.8051,33,False,0.9,alexnet,False,0,0,2,0.8105,291,3,0.8119,295,7,1752,3,0.9,CIFAR10_alexnet_GEN_accuracy_kp9000_seed1024,1024,36000,300,42,accuracy,101024,0.8051,1,0.5758695975780487,23.798120371997356,10,0.5758695975780487,valid,0.8034613809671965,0.8090799101972663,0.8050999999999998,101024
GEN,0.8226,121,121,offspring,836,816,CIFAR10,301,main_b1000_cifar10_alexnet_GEN_kp90_seed1024,0.9,0.8078,33,False,0.9,alexnet,False,0,0,1,0.8119,295,7,0.8103,297,9,1652,4,0.9,CIFAR10_alexnet_GEN_accuracy_kp9000_seed1024,1024,36000,301,42,accuracy,101024,0.8078,2,0.5731106305599213,24.054203666746616,10,0.5731106305599213,valid,0.8077788621187889,0.8104260188049996,0.8078000000000001,101024
GEN,0.8226,121,121,offspring,816,836,CIFAR10,302,main_b1000_cifar10_alexnet_GEN_kp90_seed1024,0.9,0.8132,33,False,0.9,alexnet,False,0,0,2,0.8119,295,7,0.8103,297,9,1652,5,0.9,CIFAR10_alexnet_GEN_accuracy_kp9000_seed1024,1024,36000,302,42,accuracy,101024,0.8132,2,0.5755065581083297,23.806636571884155,10,0.5755065581083297,valid,0.8137056244863853,0.8208549322058556,0.8131999999999999,101024
GEN,0.8226,121,121,offspring,452,450,CIFAR10,303,main_b1000_cifar10_alexnet_GEN_kp90_seed1024,0.9,0.8123,33,False,0.9,alexnet,False,0,0,1,0.8226,121,1,0.8119,295,7,902,6,0.9,CIFAR10_alexnet_GEN_accuracy_kp9000_seed1024,1024,36000,303,42,accuracy,101024,0.8123,3,0.5814849485397339,23.93221239745617,10,0.5814849485397339,valid,0.8132224258696589,0.8215280022014028,0.8123000000000001,101024
GEN,0.8226,121,121,offspring,450,452,CIFAR10,304,main_b1000_cifar10_alexnet_GEN_kp90_seed1024,0.9,0.8151,33,False,0.9,alexnet,False,0,0,2,0.8226,121,1,0.8119,295,7,902,7,0.9,CIFAR10_alexnet_GEN_accuracy_kp9000_seed1024,1024,36000,304,42,accuracy,101024,0.8151,3,0.5664612909317016,23.933112293481827,10,0.5664612909317016,valid,0.8149629269877364,0.8181997511733712,0.8150999999999999,101024
GEN,0.8226,121,121,offspring,2474,2464,CIFAR10,305,main_b1000_cifar10_alexnet_GEN_kp90_seed1024,0.9,0.8193,33,False,0.9,alexnet,False,0,0,1,0.8047,290,2,0.8105,291,3,4938,8,0.9,CIFAR10_alexnet_GEN_accuracy_kp9000_seed1024,1024,36000,305,42,accuracy,101024,0.8193,4,0.5819190367937088,44.011889547109604,10,0.5819190367937088,valid,0.8196563175038408,0.8230181572113926,0.8192999999999999,101024
GEN,0.8226,121,121,offspring,2464,2474,CIFAR10,306,main_b1000_cifar10_alexnet_GEN_kp90_seed1024,0.9,0.8091,33,False,0.9,alexnet,True,3600,1800,2,0.8047,290,2,0.8105,291,3,4938,9,0.9,CIFAR10_alexnet_GEN_accuracy_kp9000_seed1024,1024,36000,306,42,accuracy,101024,0.8091,1,0.5602511703014373,24.049174837768078,10,0.5602511703014373,valid,0.8100079920080179,0.8133934814519819,0.8091000000000002,101024
GEN,0.8226,121,121,offspring,670,684,CIFAR10,307,main_b1000_cifar10_alexnet_GEN_kp90_seed1024,0.9,0.8112,33,False,0.9,alexnet,False,0,0,1,0.8226,121,1,0.8105,291,3,1354,10,0.9,CIFAR10_alexnet_GEN_accuracy_kp9000_seed1024,1024,36000,307,42,accuracy,101024,0.8112,1,0.5549494743824005,23.920943461358547,10,0.5549494743824005,valid,0.8112064872451716,0.8148118641978994,0.8112,101024
GEN,0.8226,121,121,offspring,518,476,CIFAR10,308,main_b1000_cifar10_alexnet_GEN_kp90_seed1024,0.9,0.8073,34,False,0.9,alexnet,False,0,0,1,0.8151,304,7,0.8112,307,10,994,2,0.9,CIFAR10_alexnet_GEN_accuracy_kp9000_seed1024,1024,36000,308,42,accuracy,101024,0.8073,2,0.5694725775241852,24.316408209502697,10,0.5694725775241852,valid,0.8075615808992079,0.812105948249703,0.8073,101024
GEN,0.8226,121,121,offspring,476,518,CIFAR10,309,main_b1000_cifar10_alexnet_GEN_kp90_seed1024,0.9,0.812,34,False,0.9,alexnet,False,0,0,2,0.8151,304,7,0.8112,307,10,994,3,0.9,CIFAR10_alexnet_GEN_accuracy_kp9000_seed1024,1024,36000,309,42,accuracy,101024,0.812,1,0.5492311842918396,23.751038134098053,10,0.5492311842918396,valid,0.8126273116165807,0.8142456688652212,0.8119999999999999,101024
GEN,0.8226,121,121,offspring,1566,1544,CIFAR10,310,main_b1000_cifar10_alexnet_GEN_kp90_seed1024,0.9,0.803,34,False,0.9,alexnet,True,3600,1800,1,0.8193,305,8,0.8132,302,5,3110,4,0.9,CIFAR10_alexnet_GEN_accuracy_kp9000_seed1024,1024,36000,310,42,accuracy,101024,0.803,1,0.5628377430438996,23.9638859257102,10,0.5628377430438996,valid,0.8041484841896548,0.8100230473792627,0.8030000000000002,101024
GEN,0.8226,121,121,offspring,1544,1566,CIFAR10,311,main_b1000_cifar10_alexnet_GEN_kp90_seed1024,0.9,0.79,34,False,0.9,alexnet,False,0,0,2,0.8193,305,8,0.8132,302,5,3110,5,0.9,CIFAR10_alexnet_GEN_accuracy_kp9000_seed1024,1024,36000,311,42,accuracy,101024,0.79,1,0.614169273853302,26.939988374710083,10,0.614169273853302,valid,0.7899270300690804,0.8024612438179688,0.79,101024
GEN,0.8226,121,121,offspring,1398,1400,CIFAR10,312,main_b1000_cifar10_alexnet_GEN_kp90_seed1024,0.9,0.817,34,False,0.9,alexnet,True,3600,1800,1,0.8193,305,8,0.8226,121,1,2798,6,0.9,CIFAR10_alexnet_GEN_accuracy_kp9000_seed1024,1024,36000,312,42,accuracy,101024,0.817,2,0.5496973892211914,23.868076354265213,10,0.5496973892211914,valid,0.8164912263445645,0.8180410853416623,0.817,101024
GEN,0.8226,121,121,offspring,1400,1398,CIFAR10,313,main_b1000_cifar10_alexnet_GEN_kp90_seed1024,0.9,0.8166,34,False,0.9,alexnet,False,0,0,2,0.8193,305,8,0.8226,121,1,2798,7,0.9,CIFAR10_alexnet_GEN_accuracy_kp9000_seed1024,1024,36000,313,42,accuracy,101024,0.8166,3,0.573278868150711,24.004184253513813,10,0.573278868150711,valid,0.8154709264441904,0.8178159826763493,0.8166,101024
GEN,0.8226,121,121,offspring,228,224,CIFAR10,314,main_b1000_cifar10_alexnet_GEN_kp90_seed1024,0.9,0.8016,34,False,0.9,alexnet,False,0,0,1,0.8123,303,6,0.8226,121,1,452,8,0.9,CIFAR10_alexnet_GEN_accuracy_kp9000_seed1024,1024,36000,314,42,accuracy,101024,0.8016,1,0.5744446367263794,23.811432637274265,10,0.5744446367263794,valid,0.8022441079149084,0.8068873425643304,0.8016,101024
GEN,0.8226,121,121,offspring,224,228,CIFAR10,315,main_b1000_cifar10_alexnet_GEN_kp90_seed1024,0.9,0.8103,34,False,0.9,alexnet,False,0,0,2,0.8123,303,6,0.8226,121,1,452,9,0.9,CIFAR10_alexnet_GEN_accuracy_kp9000_seed1024,1024,36000,315,42,accuracy,101024,0.8103,2,0.5778793116092682,24.097160257399082,10,0.5778793116092682,valid,0.8092306301564605,0.8132732871686457,0.8103,101024
GEN,0.8226,121,121,offspring,436,440,CIFAR10,316,main_b1000_cifar10_alexnet_GEN_kp90_seed1024,0.9,0.8086,34,False,0.9,alexnet,False,0,0,1,0.8132,302,5,0.8226,121,1,876,10,0.9,CIFAR10_alexnet_GEN_accuracy_kp9000_seed1024,1024,36000,316,42,accuracy,101024,0.8086,3,0.5921803889989853,24.229232989251614,10,0.5921803889989853,valid,0.8074205172689654,0.8128018846866448,0.8086,101024
GEN,0.8226,121,121,offspring,688,710,CIFAR10,317,main_b1000_cifar10_alexnet_GEN_kp90_seed1024,0.9,0.8114,35,False,0.9,alexnet,False,0,0,1,0.8166,313,7,0.8226,121,1,1398,2,0.9,CIFAR10_alexnet_GEN_accuracy_kp9000_seed1024,1024,36000,317,42,accuracy,101024,0.8114,1,0.5672884431838989,24.39656899869442,10,0.5672884431838989,valid,0.8120394733892085,0.8156217339324808,0.8114000000000001,101024
GEN,0.8226,121,121,offspring,710,688,CIFAR10,318,main_b1000_cifar10_alexnet_GEN_kp90_seed1024,0.9,0.8068,35,False,0.9,alexnet,False,0,0,2,0.8166,313,7,0.8226,121,1,1398,3,0.9,CIFAR10_alexnet_GEN_accuracy_kp9000_seed1024,1024,36000,318,42,accuracy,101024,0.8068,1,0.5661262092590332,23.90638817846775,10,0.5661262092590332,valid,0.8057467927353402,0.8098679617296034,0.8068,101024
GEN,0.8226,121,121,offspring,222,218,CIFAR10,319,main_b1000_cifar10_alexnet_GEN_kp90_seed1024,0.9,0.8169,35,False,0.9,alexnet,True,3600,1800,1,0.8226,121,1,0.8086,316,10,440,4,0.9,CIFAR10_alexnet_GEN_accuracy_kp9000_seed1024,1024,36000,319,42,accuracy,101024,0.8169,3,0.5730247113227844,24.47979986667633,10,0.5730247113227844,valid,0.8168344970537035,0.8196505312021639,0.8169000000000001,101024
GEN,0.8226,121,121,offspring,218,222,CIFAR10,320,main_b1000_cifar10_alexnet_GEN_kp90_seed1024,0.9,0.8026,35,False,0.9,alexnet,False,0,0,2,0.8226,121,1,0.8086,316,10,440,5,0.9,CIFAR10_alexnet_GEN_accuracy_kp9000_seed1024,1024,36000,320,42,accuracy,101024,0.8026,1,0.5723662825107575,59.78302343189716,10,0.5723662825107575,valid,0.8035335169310333,0.80898376799574,0.8026,101024
GEN,0.8226,121,121,offspring,714,684,CIFAR10,321,main_b1000_cifar10_alexnet_GEN_kp90_seed1024,0.9,0.8177,35,False,0.9,alexnet,False,0,0,1,0.8226,121,1,0.8166,313,7,1398,6,0.9,CIFAR10_alexnet_GEN_accuracy_kp9000_seed1024,1024,36000,321,42,accuracy,101024,0.8177,4,0.5843262514591218,23.81681563705206,10,0.5843262514591218,valid,0.8168317624002522,0.8179156180836527,0.8177000000000001,101024
GEN,0.8226,121,121,offspring,684,714,CIFAR10,322,main_b1000_cifar10_alexnet_GEN_kp90_seed1024,0.9,0.8049,35,False,0.9,alexnet,False,0,0,2,0.8226,121,1,0.8166,313,7,1398,7,0.9,CIFAR10_alexnet_GEN_accuracy_kp9000_seed1024,1024,36000,322,42,accuracy,101024,0.8049,1,0.5744057628631591,24.14752694964409,10,0.5744057628631591,valid,0.8049415643459767,0.8098383487451398,0.8049,101024
GEN,0.8226,121,121,offspring,742,656,CIFAR10,323,main_b1000_cifar10_alexnet_GEN_kp90_seed1024,0.9,0.8158,35,False,0.9,alexnet,False,0,0,1,0.8226,121,1,0.8166,313,7,1398,8,0.9,CIFAR10_alexnet_GEN_accuracy_kp9000_seed1024,1024,36000,323,42,accuracy,101024,0.8158,2,0.5610294064044953,25.22151293605566,10,0.5610294064044953,valid,0.8154411367223959,0.8195370273139174,0.8158,101024
GEN,0.8226,121,121,offspring,656,742,CIFAR10,324,main_b1000_cifar10_alexnet_GEN_kp90_seed1024,0.9,0.804,35,False,0.9,alexnet,False,0,0,2,0.8226,121,1,0.8166,313,7,1398,9,0.9,CIFAR10_alexnet_GEN_accuracy_kp9000_seed1024,1024,36000,324,42,accuracy,101024,0.804,1,0.5777639928340912,23.909118480980396,10,0.5777639928340912,valid,0.8052985456120624,0.8095292534694849,0.8039999999999999,101024
GEN,0.8226,121,121,offspring,706,692,CIFAR10,325,main_b1000_cifar10_alexnet_GEN_kp90_seed1024,0.9,0.8029,35,False,0.9,alexnet,False,0,0,1,0.8166,313,7,0.8226,121,1,1398,10,0.9,CIFAR10_alexnet_GEN_accuracy_kp9000_seed1024,1024,36000,325,42,accuracy,101024,0.8029,1,0.57283510222435,23.829125061631203,10,0.57283510222435,valid,0.8039839767327152,0.8112875298182904,0.8029,101024
GEN,0.8226,121,121,offspring,352,362,CIFAR10,326,main_b1000_cifar10_alexnet_GEN_kp90_seed1024,0.9,0.8185,36,False,0.9,alexnet,False,0,0,1,0.8177,321,6,0.8226,121,1,714,2,0.9,CIFAR10_alexnet_GEN_accuracy_kp9000_seed1024,1024,36000,326,42,accuracy,101024,0.8185,2,0.5488902843475342,23.912230238318443,10,0.5488902843475342,valid,0.818846088511323,0.8214011195558829,0.8184999999999999,101024
GEN,0.8226,121,121,offspring,362,352,CIFAR10,327,main_b1000_cifar10_alexnet_GEN_kp90_seed1024,0.9,0.817,36,False,0.9,alexnet,False,0,0,2,0.8177,321,6,0.8226,121,1,714,3,0.9,CIFAR10_alexnet_GEN_accuracy_kp9000_seed1024,1024,36000,327,42,accuracy,101024,0.817,3,0.5629856323480606,23.94202733784914,10,0.5629856323480606,valid,0.8175519949747303,0.8206722352413319,0.817,101024
GEN,0.8226,121,121,offspring,1860,1854,CIFAR10,328,main_b1000_cifar10_alexnet_GEN_kp90_seed1024,0.9,0.8104,36,False,0.9,alexnet,False,0,0,1,0.8226,121,1,0.8169,319,4,3714,4,0.9,CIFAR10_alexnet_GEN_accuracy_kp9000_seed1024,1024,36000,328,42,accuracy,101024,0.8104,3,0.5791268700122834,23.836193464696407,10,0.5791268700122834,valid,0.809797908559454,0.8142941540996299,0.8103999999999999,101024
GEN,0.8226,121,121,offspring,1854,1860,CIFAR10,329,main_b1000_cifar10_alexnet_GEN_kp90_seed1024,0.9,0.8111,36,False,0.9,alexnet,False,0,0,2,0.8226,121,1,0.8169,319,4,3714,5,0.9,CIFAR10_alexnet_GEN_accuracy_kp9000_seed1024,1024,36000,329,42,accuracy,101024,0.8111,2,0.5598310094356537,25.39837396144867,10,0.5598310094356537,valid,0.8103043429594345,0.8153691347868968,0.8111,101024
GEN,0.8226,121,121,offspring,376,366,CIFAR10,330,main_b1000_cifar10_alexnet_GEN_kp90_seed1024,0.9,0.8011,36,False,0.9,alexnet,False,0,0,1,0.8158,323,8,0.8226,121,1,742,6,0.9,CIFAR10_alexnet_GEN_accuracy_kp9000_seed1024,1024,36000,330,42,accuracy,101024,0.8011,1,0.5805195187091827,23.756945312023163,10,0.5805195187091827,valid,0.8005933880594723,0.8073769336687239,0.8010999999999999,101024
GEN,0.8226,121,121,offspring,366,376,CIFAR10,331,main_b1000_cifar10_alexnet_GEN_kp90_seed1024,0.9,0.8023,36,False,0.9,alexnet,False,0,0,2,0.8158,323,8,0.8226,121,1,742,7,0.9,CIFAR10_alexnet_GEN_accuracy_kp9000_seed1024,1024,36000,331,42,accuracy,101024,0.8023,1,0.5739404267311096,23.975284434854984,10,0.5739404267311096,valid,0.8028487519543187,0.8099342020177538,0.8023,101024
GEN,0.8226,121,121,offspring,316,362,CIFAR10,332,main_b1000_cifar10_alexnet_GEN_kp90_seed1024,0.9,0.8175,36,False,0.9,alexnet,False,0,0,1,0.8177,321,6,0.804,324,9,678,8,0.9,CIFAR10_alexnet_GEN_accuracy_kp9000_seed1024,1024,36000,332,42,accuracy,101024,0.8175,2,0.5594353860378265,23.828201331198215,10,0.5594353860378265,valid,0.816804047944186,0.8199023224851075,0.8175000000000001,101024
GEN,0.8226,121,121,offspring,362,316,CIFAR10,333,main_b1000_cifar10_alexnet_GEN_kp90_seed1024,0.9,0.8149,36,False,0.9,alexnet,False,0,0,2,0.8177,321,6,0.804,324,9,678,9,0.9,CIFAR10_alexnet_GEN_accuracy_kp9000_seed1024,1024,36000,333,42,accuracy,101024,0.8149,2,0.5574370994567871,23.868981167674065,10,0.5574370994567871,valid,0.8163225958970826,0.8234208237706,0.8149,101024
GEN,0.8226,121,121,offspring,386,334,CIFAR10,334,main_b1000_cifar10_alexnet_GEN_kp90_seed1024,0.9,0.8036,36,False,0.9,alexnet,False,0,0,1,0.8177,321,6,0.8158,323,8,720,10,0.9,CIFAR10_alexnet_GEN_accuracy_kp9000_seed1024,1024,36000,334,42,accuracy,101024,0.8036,2,0.5776142757892608,23.958003051579,10,0.5776142757892608,valid,0.8032871385027281,0.8085248910496372,0.8036,101024
GEN,0.8226,121,121,offspring,348,328,CIFAR10,335,main_b1000_cifar10_alexnet_GEN_kp90_seed1024,0.9,0.8135,37,False,0.9,alexnet,False,0,0,1,0.8226,121,1,0.8175,332,8,676,2,0.9,CIFAR10_alexnet_GEN_accuracy_kp9000_seed1024,1024,36000,335,42,accuracy,101024,0.8135,3,0.5767286661624909,23.870906606316566,10,0.5767286661624909,valid,0.8143169735178855,0.8177617231985128,0.8135,101024
GEN,0.8226,121,121,offspring,328,348,CIFAR10,336,main_b1000_cifar10_alexnet_GEN_kp90_seed1024,0.9,0.803,37,False,0.9,alexnet,False,0,0,2,0.8226,121,1,0.8175,332,8,676,3,0.9,CIFAR10_alexnet_GEN_accuracy_kp9000_seed1024,1024,36000,336,42,accuracy,101024,0.803,1,0.5664595369815827,24.48866429179907,10,0.5664595369815827,valid,0.8015768686504018,0.803300003636237,0.8030000000000002,101024
GEN,0.8226,121,121,offspring,234,240,CIFAR10,337,main_b1000_cifar10_alexnet_GEN_kp90_seed1024,0.9,0.8029,37,False,0.9,alexnet,False,0,0,1,0.8175,332,8,0.8185,326,2,474,4,0.9,CIFAR10_alexnet_GEN_accuracy_kp9000_seed1024,1024,36000,337,42,accuracy,101024,0.8029,1,0.5790258160114289,23.75974513590336,10,0.5790258160114289,valid,0.8008990082373348,0.8053420906109044,0.8029,101024
GEN,0.8226,121,121,offspring,240,234,CIFAR10,338,main_b1000_cifar10_alexnet_GEN_kp90_seed1024,0.9,0.8022,37,False,0.9,alexnet,False,0,0,2,0.8175,332,8,0.8185,326,2,474,5,0.9,CIFAR10_alexnet_GEN_accuracy_kp9000_seed1024,1024,36000,338,42,accuracy,101024,0.8022,2,0.5994397465229034,23.994345612823963,10,0.5994397465229034,valid,0.8006418993088398,0.8080165671606497,0.8022,101024
GEN,0.8226,121,121,offspring,286,244,CIFAR10,339,main_b1000_cifar10_alexnet_GEN_kp90_seed1024,0.9,0.8077,37,False,0.9,alexnet,False,0,0,1,0.8149,333,9,0.8185,326,2,530,6,0.9,CIFAR10_alexnet_GEN_accuracy_kp9000_seed1024,1024,36000,339,42,accuracy,101024,0.8077,1,0.5638207257270813,23.873043835163116,10,0.5638207257270813,valid,0.8079005598491001,0.8105993716803882,0.8077,101024
GEN,0.8226,121,121,offspring,244,286,CIFAR10,340,main_b1000_cifar10_alexnet_GEN_kp90_seed1024,0.9,0.8141,37,False,0.9,alexnet,False,0,0,2,0.8149,333,9,0.8185,326,2,530,7,0.9,CIFAR10_alexnet_GEN_accuracy_kp9000_seed1024,1024,36000,340,42,accuracy,101024,0.8141,2,0.5703424556732177,23.88752654194832,10,0.5703424556732177,valid,0.8149464211171946,0.8191739003000664,0.8141,101024
GEN,0.8226,121,121,offspring,226,248,CIFAR10,341,main_b1000_cifar10_alexnet_GEN_kp90_seed1024,0.9,0.813,37,False,0.9,alexnet,False,0,0,1,0.8185,326,2,0.8175,332,8,474,8,0.9,CIFAR10_alexnet_GEN_accuracy_kp9000_seed1024,1024,36000,341,42,accuracy,101024,0.813,2,0.5694914743661881,24.043752796947956,10,0.5694914743661881,valid,0.8130452527572045,0.8239792154322052,0.8130000000000001,101024
GEN,0.8226,121,121,offspring,248,226,CIFAR10,342,main_b1000_cifar10_alexnet_GEN_kp90_seed1024,0.9,0.8159,37,False,0.9,alexnet,False,0,0,2,0.8185,326,2,0.8175,332,8,474,9,0.9,CIFAR10_alexnet_GEN_accuracy_kp9000_seed1024,1024,36000,342,42,accuracy,101024,0.8159,4,0.5995887956619262,23.843043833971024,10,0.5995887956619262,valid,0.8166225245216869,0.8210693380598556,0.8159000000000001,101024
GEN,0.8226,121,121,offspring,220,254,CIFAR10,343,main_b1000_cifar10_alexnet_GEN_kp90_seed1024,0.9,0.8055,37,False,0.9,alexnet,False,0,0,1,0.8185,326,2,0.8175,332,8,474,10,0.9,CIFAR10_alexnet_GEN_accuracy_kp9000_seed1024,1024,36000,343,42,accuracy,101024,0.8055,2,0.5783544017791749,24.477544635534286,10,0.5783544017791749,valid,0.8048125098128717,0.8108378706337179,0.8055,101024
GEN,0.8226,121,121,offspring,244,200,CIFAR10,344,main_b1000_cifar10_alexnet_GEN_kp90_seed1024,0.9,0.8118,38,False,0.9,alexnet,False,0,0,1,0.8141,340,7,0.8159,342,9,444,2,0.9,CIFAR10_alexnet_GEN_accuracy_kp9000_seed1024,1024,36000,344,42,accuracy,101024,0.8118,3,0.5787679224491119,23.800601325929165,10,0.5787679224491119,valid,0.8119991384544045,0.8159712422812593,0.8118000000000001,101024
GEN,0.8226,121,121,offspring,200,244,CIFAR10,345,main_b1000_cifar10_alexnet_GEN_kp90_seed1024,0.9,0.8042,38,False,0.9,alexnet,False,0,0,2,0.8141,340,7,0.8159,342,9,444,3,0.9,CIFAR10_alexnet_GEN_accuracy_kp9000_seed1024,1024,36000,345,42,accuracy,101024,0.8042,1,0.5750502243518829,24.05701833963394,10,0.5750502243518829,valid,0.8049530479471769,0.8075876850849116,0.8042,101024
GEN,0.8226,121,121,offspring,274,274,CIFAR10,346,main_b1000_cifar10_alexnet_GEN_kp90_seed1024,0.9,0.8206,38,False,0.9,alexnet,False,0,0,1,0.8135,335,2,0.8141,340,7,548,4,0.9,CIFAR10_alexnet_GEN_accuracy_kp9000_seed1024,1024,36000,346,42,accuracy,101024,0.8206,2,0.5460659791469574,23.973440796136856,10,0.5460659791469574,valid,0.8208104108443033,0.8217792422055533,0.8206000000000001,101024
GEN,0.8226,121,121,offspring,274,274,CIFAR10,347,main_b1000_cifar10_alexnet_GEN_kp90_seed1024,0.9,0.8132,38,False,0.9,alexnet,False,0,0,2,0.8135,335,2,0.8141,340,7,548,5,0.9,CIFAR10_alexnet_GEN_accuracy_kp9000_seed1024,1024,36000,347,42,accuracy,101024,0.8132,2,0.5575300215482711,23.925791911780834,10,0.5575300215482711,valid,0.8137344402970559,0.817379789528737,0.8131999999999999,101024
GEN,0.8226,121,121,offspring,212,212,CIFAR10,348,main_b1000_cifar10_alexnet_GEN_kp90_seed1024,0.9,0.8201,38,False,0.9,alexnet,False,0,0,1,0.8141,340,7,0.813,341,8,424,6,0.9,CIFAR10_alexnet_GEN_accuracy_kp9000_seed1024,1024,36000,348,42,accuracy,101024,0.8201,3,0.5764008309602737,23.455565460026264,10,0.5764008309602737,valid,0.820562485618817,0.8259790490958812,0.8201,101024
GEN,0.8226,121,121,offspring,212,212,CIFAR10,349,main_b1000_cifar10_alexnet_GEN_kp90_seed1024,0.9,0.8088,38,False,0.9,alexnet,False,0,0,2,0.8141,340,7,0.813,341,8,424,7,0.9,CIFAR10_alexnet_GEN_accuracy_kp9000_seed1024,1024,36000,349,42,accuracy,101024,0.8088,1,0.566243867111206,23.887920916080475,10,0.566243867111206,valid,0.809562498560499,0.8135427538814854,0.8088,101024
GEN,0.8226,121,121,offspring,246,302,CIFAR10,350,main_b1000_cifar10_alexnet_GEN_kp90_seed1024,0.9,0.8158,38,False,0.9,alexnet,False,0,0,1,0.8141,340,7,0.8135,335,2,548,8,0.9,CIFAR10_alexnet_GEN_accuracy_kp9000_seed1024,1024,36000,350,42,accuracy,101024,0.8158,2,0.5516943883419037,24.100834541022778,10,0.5516943883419037,valid,0.8155962790131422,0.8180049750614404,0.8158,101024
GEN,0.8226,121,121,offspring,302,246,CIFAR10,351,main_b1000_cifar10_alexnet_GEN_kp90_seed1024,0.9,0.8061,38,False,0.9,alexnet,False,0,0,2,0.8141,340,7,0.8135,335,2,548,9,0.9,CIFAR10_alexnet_GEN_accuracy_kp9000_seed1024,1024,36000,351,42,accuracy,101024,0.8061,1,0.5571681117057801,23.820521891117096,10,0.5571681117057801,valid,0.8062614200510374,0.808600713964244,0.8061,101024
GEN,0.8226,121,121,offspring,174,186,CIFAR10,352,main_b1000_cifar10_alexnet_GEN_kp90_seed1024,0.9,0.8096,38,False,0.9,alexnet,False,0,0,1,0.8135,335,2,0.8159,342,9,360,10,0.9,CIFAR10_alexnet_GEN_accuracy_kp9000_seed1024,1024,36000,352,42,accuracy,101024,0.8096,2,0.5728051057815552,24.45248518884182,10,0.5728051057815552,valid,0.808683808421873,0.8119283389603241,0.8096,101024
GEN,0.8226,121,121,offspring,154,180,CIFAR10,353,main_b1000_cifar10_alexnet_GEN_kp90_seed1024,0.9,0.804,39,False,0.9,alexnet,False,0,0,1,0.8206,346,4,0.8201,348,6,334,2,0.9,CIFAR10_alexnet_GEN_accuracy_kp9000_seed1024,1024,36000,353,42,accuracy,101024,0.804,1,0.5668500435829162,23.886703178286552,10,0.5668500435829162,valid,0.8045725993611132,0.8077592004081279,0.8039999999999999,101024
GEN,0.8226,121,121,offspring,180,154,CIFAR10,354,main_b1000_cifar10_alexnet_GEN_kp90_seed1024,0.9,0.8144,39,False,0.9,alexnet,False,0,0,2,0.8206,346,4,0.8201,348,6,334,3,0.9,CIFAR10_alexnet_GEN_accuracy_kp9000_seed1024,1024,36000,354,42,accuracy,101024,0.8144,3,0.5640655155181885,24.001195788383484,10,0.5640655155181885,valid,0.815222978685872,0.8187377664411801,0.8144,101024
GEN,0.8226,121,121,offspring,282,268,CIFAR10,355,main_b1000_cifar10_alexnet_GEN_kp90_seed1024,0.9,0.8142,39,False,0.9,alexnet,False,0,0,1,0.8118,344,2,0.8226,121,1,550,4,0.9,CIFAR10_alexnet_GEN_accuracy_kp9000_seed1024,1024,36000,355,42,accuracy,101024,0.8142,2,0.5564988296508789,24.09747164696455,10,0.5564988296508789,valid,0.8146953564601518,0.8209048959146766,0.8142000000000001,101024
GEN,0.8226,121,121,offspring,268,282,CIFAR10,356,main_b1000_cifar10_alexnet_GEN_kp90_seed1024,0.9,0.8044,39,False,0.9,alexnet,False,0,0,2,0.8118,344,2,0.8226,121,1,550,5,0.9,CIFAR10_alexnet_GEN_accuracy_kp9000_seed1024,1024,36000,356,42,accuracy,101024,0.8044,2,0.5834812906742096,24.526838041841984,10,0.5834812906742096,valid,0.8039551748046885,0.8097958506104013,0.8043999999999999,101024
GEN,0.8226,121,121,offspring,246,226,CIFAR10,357,main_b1000_cifar10_alexnet_GEN_kp90_seed1024,0.9,0.8048,39,False,0.9,alexnet,False,0,0,1,0.8158,350,8,0.8226,121,1,472,6,0.9,CIFAR10_alexnet_GEN_accuracy_kp9000_seed1024,1024,36000,357,42,accuracy,101024,0.8048,2,0.5870171556472779,24.052159436047077,10,0.5870171556472779,valid,0.8023322051495846,0.8079195870853809,0.8048,101024
GEN,0.8226,121,121,offspring,226,246,CIFAR10,358,main_b1000_cifar10_alexnet_GEN_kp90_seed1024,0.9,0.8156,39,False,0.9,alexnet,False,0,0,2,0.8158,350,8,0.8226,121,1,472,7,0.9,CIFAR10_alexnet_GEN_accuracy_kp9000_seed1024,1024,36000,358,42,accuracy,101024,0.8156,2,0.5553484946727753,23.929433405399323,10,0.5553484946727753,valid,0.8154725582640344,0.8163108113622648,0.8156000000000001,101024
GEN,0.8226,121,121,offspring,224,248,CIFAR10,359,main_b1000_cifar10_alexnet_GEN_kp90_seed1024,0.9,0.8171,39,False,0.9,alexnet,False,0,0,1,0.8158,350,8,0.8226,121,1,472,8,0.9,CIFAR10_alexnet_GEN_accuracy_kp9000_seed1024,1024,36000,359,42,accuracy,101024,0.8171,3,0.5706498463630676,24.053278729319572,10,0.5706498463630676,valid,0.8178989308445118,0.8199103308260579,0.8170999999999999,101024
GEN,0.8226,121,121,offspring,248,224,CIFAR10,360,main_b1000_cifar10_alexnet_GEN_kp90_seed1024,0.9,0.8161,39,False,0.9,alexnet,False,0,0,2,0.8158,350,8,0.8226,121,1,472,9,0.9,CIFAR10_alexnet_GEN_accuracy_kp9000_seed1024,1024,36000,360,42,accuracy,101024,0.8161,5,0.5919942548274993,23.92936196923256,10,0.5919942548274993,valid,0.8161029192851389,0.8176562105258836,0.8161000000000002,101024
GEN,0.8226,121,121,offspring,238,234,CIFAR10,361,main_b1000_cifar10_alexnet_GEN_kp90_seed1024,0.9,0.8057,39,False,0.9,alexnet,False,0,0,1,0.8158,350,8,0.8226,121,1,472,10,0.9,CIFAR10_alexnet_GEN_accuracy_kp9000_seed1024,1024,36000,361,42,accuracy,101024,0.8057,2,0.5813687916278839,24.038010612130165,10,0.5813687916278839,valid,0.8061890260826688,0.8130148911637661,0.8057000000000001,101024
GEN,0.8226,121,121,offspring,162,160,CIFAR10,362,main_b1000_cifar10_alexnet_GEN_kp90_seed1024,0.9,0.8089,40,False,0.9,alexnet,False,0,0,1,0.8161,360,9,0.8142,355,4,322,2,0.9,CIFAR10_alexnet_GEN_accuracy_kp9000_seed1024,1024,36000,362,42,accuracy,101024,0.8089,1,0.5593310289859772,24.156316302716732,10,0.5593310289859772,valid,0.8083439416253345,0.8117709481190298,0.8089000000000001,101024
GEN,0.8226,121,121,offspring,160,162,CIFAR10,363,main_b1000_cifar10_alexnet_GEN_kp90_seed1024,0.9,0.8109,40,False,0.9,alexnet,False,0,0,2,0.8161,360,9,0.8142,355,4,322,3,0.9,CIFAR10_alexnet_GEN_accuracy_kp9000_seed1024,1024,36000,363,42,accuracy,101024,0.8109,2,0.5563113520145416,23.93465755879879,10,0.5563113520145416,valid,0.8103789224687302,0.8136943555187084,0.8109,101024
GEN,0.8226,121,121,offspring,104,120,CIFAR10,364,main_b1000_cifar10_alexnet_GEN_kp90_seed1024,0.9,0.8098,40,False,0.9,alexnet,False,0,0,1,0.8161,360,9,0.8226,121,1,224,4,0.9,CIFAR10_alexnet_GEN_accuracy_kp9000_seed1024,1024,36000,364,42,accuracy,101024,0.8098,3,0.5821747353076935,24.05781813710928,10,0.5821747353076935,valid,0.8090039005048386,0.8137828364735565,0.8098000000000001,101024
GEN,0.8226,121,121,offspring,120,104,CIFAR10,365,main_b1000_cifar10_alexnet_GEN_kp90_seed1024,0.9,0.8022,40,False,0.9,alexnet,True,3600,1800,2,0.8161,360,9,0.8226,121,1,224,5,0.9,CIFAR10_alexnet_GEN_accuracy_kp9000_seed1024,1024,36000,365,42,accuracy,101024,0.8022,1,0.5828644012451172,24.010428443551064,10,0.5828644012451172,valid,0.8039935002496683,0.8128316293002422,0.8022,101024
GEN,0.8226,121,121,offspring,132,116,CIFAR10,366,main_b1000_cifar10_alexnet_GEN_kp90_seed1024,0.9,0.8139,40,False,0.9,alexnet,False,0,0,1,0.8171,359,8,0.8226,121,1,248,6,0.9,CIFAR10_alexnet_GEN_accuracy_kp9000_seed1024,1024,36000,366,42,accuracy,101024,0.8139,2,0.5671466043949127,24.05410599708557,10,0.5671466043949127,valid,0.8140980504665055,0.8183664068226146,0.8139,101024
GEN,0.8226,121,121,offspring,116,132,CIFAR10,367,main_b1000_cifar10_alexnet_GEN_kp90_seed1024,0.9,0.8037,40,False,0.9,alexnet,False,0,0,2,0.8171,359,8,0.8226,121,1,248,7,0.9,CIFAR10_alexnet_GEN_accuracy_kp9000_seed1024,1024,36000,367,42,accuracy,101024,0.8037,1,0.5769389139175415,23.859855636954308,10,0.5769389139175415,valid,0.8046969452189435,0.8085524170426615,0.8036999999999999,101024
GEN,0.8226,121,121,offspring,112,136,CIFAR10,368,main_b1000_cifar10_alexnet_GEN_kp90_seed1024,0.9,0.8159,40,False,0.9,alexnet,False,0,0,1,0.8171,359,8,0.8226,121,1,248,8,0.9,CIFAR10_alexnet_GEN_accuracy_kp9000_seed1024,1024,36000,368,42,accuracy,101024,0.8159,3,0.5612072343349457,24.92241872102022,10,0.5612072343349457,valid,0.8157360133570881,0.817086864663415,0.8159000000000001,101024
GEN,0.8226,121,121,offspring,136,112,CIFAR10,369,main_b1000_cifar10_alexnet_GEN_kp90_seed1024,0.9,0.8045,40,False,0.9,alexnet,False,0,0,2,0.8171,359,8,0.8226,121,1,248,9,0.9,CIFAR10_alexnet_GEN_accuracy_kp9000_seed1024,1024,36000,369,42,accuracy,101024,0.8045,2,0.5876856415987015,23.918252766132355,10,0.5876856415987015,valid,0.8043046453349699,0.8096990974777982,0.8045,101024
GEN,0.8226,121,121,offspring,244,228,CIFAR10,370,main_b1000_cifar10_alexnet_GEN_kp90_seed1024,0.9,0.8148,40,False,0.9,alexnet,True,3600,1800,1,0.8161,360,9,0.8171,359,8,472,10,0.9,CIFAR10_alexnet_GEN_accuracy_kp9000_seed1024,1024,36000,370,42,accuracy,101024,0.8148,3,0.576075365972519,24.00758657604456,10,0.576075365972519,valid,0.8160611912295881,0.8206861017289606,0.8148,101024
GEN,0.8226,121,121,offspring,70,66,CIFAR10,371,main_b1000_cifar10_alexnet_GEN_kp90_seed1024,0.9,0.8084,41,False,0.9,alexnet,False,0,0,1,0.8159,368,8,0.8226,121,1,136,2,0.9,CIFAR10_alexnet_GEN_accuracy_kp9000_seed1024,1024,36000,371,42,accuracy,101024,0.8084,3,0.5935900533676147,26.530508443713188,10,0.5935900533676147,valid,0.8086075704593313,0.814114540027475,0.8084,101024
GEN,0.8226,121,121,offspring,66,70,CIFAR10,372,main_b1000_cifar10_alexnet_GEN_kp90_seed1024,0.9,0.8038,41,False,0.9,alexnet,False,0,0,2,0.8159,368,8,0.8226,121,1,136,3,0.9,CIFAR10_alexnet_GEN_accuracy_kp9000_seed1024,1024,36000,372,42,accuracy,101024,0.8038,1,0.5766931486606598,23.900968350470066,10,0.5766931486606598,valid,0.8030473493446234,0.8093361961279106,0.8038000000000001,101024
GEN,0.8226,121,121,offspring,1862,1852,CIFAR10,373,main_b1000_cifar10_alexnet_GEN_kp90_seed1024,0.9,0.8175,41,False,0.9,alexnet,False,0,0,1,0.8159,368,8,0.8148,370,10,3714,4,0.9,CIFAR10_alexnet_GEN_accuracy_kp9000_seed1024,1024,36000,373,42,accuracy,101024,0.8175,2,0.5502068931102753,24.090301409363747,10,0.5502068931102753,valid,0.8180557208956308,0.8219256323356072,0.8174999999999999,101024
GEN,0.8226,121,121,offspring,1852,1862,CIFAR10,374,main_b1000_cifar10_alexnet_GEN_kp90_seed1024,0.9,0.8169,41,False,0.9,alexnet,False,0,0,2,0.8159,368,8,0.8148,370,10,3714,5,0.9,CIFAR10_alexnet_GEN_accuracy_kp9000_seed1024,1024,36000,374,42,accuracy,101024,0.8169,2,0.549700158071518,23.85824730247259,10,0.549700158071518,valid,0.8175354898791174,0.8195066046952985,0.8169000000000001,101024
GEN,0.8226,121,121,offspring,74,62,CIFAR10,375,main_b1000_cifar10_alexnet_GEN_kp90_seed1024,0.9,0.8175,41,False,0.9,alexnet,False,0,0,1,0.8226,121,1,0.8159,368,8,136,6,0.9,CIFAR10_alexnet_GEN_accuracy_kp9000_seed1024,1024,36000,375,42,accuracy,101024,0.8175,2,0.5533449762582779,24.078683830797672,10,0.5533449762582779,valid,0.8177955969265629,0.8195756117050937,0.8175000000000001,101024
GEN,0.8226,121,121,offspring,62,74,CIFAR10,376,main_b1000_cifar10_alexnet_GEN_kp90_seed1024,0.9,0.8115,41,False,0.9,alexnet,False,0,0,2,0.8226,121,1,0.8159,368,8,136,7,0.9,CIFAR10_alexnet_GEN_accuracy_kp9000_seed1024,1024,36000,376,42,accuracy,101024,0.8115,3,0.5758004586696625,23.991120979189873,10,0.5758004586696625,valid,0.8120606959990349,0.8161893628961329,0.8115,101024
GEN,0.8226,121,121,offspring,76,60,CIFAR10,377,main_b1000_cifar10_alexnet_GEN_kp90_seed1024,0.9,0.8113,41,False,0.9,alexnet,False,0,0,1,0.8226,121,1,0.8159,368,8,136,8,0.9,CIFAR10_alexnet_GEN_accuracy_kp9000_seed1024,1024,36000,377,42,accuracy,101024,0.8113,3,0.5853032944440841,24.27257663011551,10,0.5853032944440841,valid,0.8126616651819353,0.818361400668606,0.8112999999999999,101024
GEN,0.8226,121,121,offspring,60,76,CIFAR10,378,main_b1000_cifar10_alexnet_GEN_kp90_seed1024,0.9,0.8058,41,False,0.9,alexnet,False,0,0,2,0.8226,121,1,0.8159,368,8,136,9,0.9,CIFAR10_alexnet_GEN_accuracy_kp9000_seed1024,1024,36000,378,42,accuracy,101024,0.8058,1,0.56642001247406,28.106783963739872,10,0.56642001247406,valid,0.8046781440465164,0.8052207011909347,0.8058,101024
GEN,0.8226,121,121,offspring,1888,1826,CIFAR10,379,main_b1000_cifar10_alexnet_GEN_kp90_seed1024,0.9,0.8095,41,False,0.9,alexnet,False,0,0,1,0.8159,368,8,0.8148,370,10,3714,10,0.9,CIFAR10_alexnet_GEN_accuracy_kp9000_seed1024,1024,36000,379,42,accuracy,101024,0.8095,1,0.5613364103794098,23.927343674004078,10,0.5613364103794098,valid,0.8098236173922885,0.8131988414365688,0.8094999999999999,101024
GEN,0.8226,121,121,offspring,984,916,CIFAR10,380,main_b1000_cifar10_alexnet_GEN_kp90_seed1024,0.9,0.8146,42,False,0.9,alexnet,False,0,0,1,0.8175,375,6,0.8175,373,4,1900,2,0.9,CIFAR10_alexnet_GEN_accuracy_kp9000_seed1024,1024,36000,380,42,accuracy,101024,0.8146,3,0.566393126821518,24.13358025997877,10,0.566393126821518,valid,0.814293349019826,0.8163910276541719,0.8146000000000001,101024
GEN,0.8226,121,121,offspring,916,984,CIFAR10,381,main_b1000_cifar10_alexnet_GEN_kp90_seed1024,0.9,0.8165,42,False,0.9,alexnet,False,0,0,2,0.8175,375,6,0.8175,373,4,1900,3,0.9,CIFAR10_alexnet_GEN_accuracy_kp9000_seed1024,1024,36000,381,42,accuracy,101024,0.8165,2,0.5527072383403778,23.809905417263508,10,0.5527072383403778,valid,0.8158320581983896,0.8177403345535538,0.8164999999999999,101024
GEN,0.8226,121,121,offspring,44,24,CIFAR10,382,main_b1000_cifar10_alexnet_GEN_kp90_seed1024,0.9,0.8093,42,False,0.9,alexnet,False,0,0,1,0.8113,377,8,0.8175,375,6,68,4,0.9,CIFAR10_alexnet_GEN_accuracy_kp9000_seed1024,1024,36000,382,42,accuracy,101024,0.8093,2,0.5788089309692382,24.073056802153587,10,0.5788089309692382,valid,0.80894512968341,0.8138126680416471,0.8093,101024
GEN,0.8226,121,121,offspring,24,44,CIFAR10,383,main_b1000_cifar10_alexnet_GEN_kp90_seed1024,0.9,0.81,42,False,0.9,alexnet,True,3600,1800,2,0.8113,377,8,0.8175,375,6,68,5,0.9,CIFAR10_alexnet_GEN_accuracy_kp9000_seed1024,1024,36000,383,42,accuracy,101024,0.81,2,0.5756391508579254,23.975717447698116,10,0.5756391508579254,valid,0.811221517099197,0.8164225183223317,0.8099999999999999,101024
GEN,0.8226,121,121,offspring,974,940,CIFAR10,384,main_b1000_cifar10_alexnet_GEN_kp90_seed1024,0.9,0.8029,42,False,0.9,alexnet,False,0,0,1,0.8226,121,1,0.8169,374,5,1914,6,0.9,CIFAR10_alexnet_GEN_accuracy_kp9000_seed1024,1024,36000,384,42,accuracy,101024,0.8029,1,0.5717511858940124,24.058499470353127,10,0.5717511858940124,valid,0.8016300003243721,0.8053525503991462,0.8029,101024
GEN,0.8226,121,121,offspring,940,974,CIFAR10,385,main_b1000_cifar10_alexnet_GEN_kp90_seed1024,0.9,0.8033,42,False,0.9,alexnet,False,0,0,2,0.8226,121,1,0.8169,374,5,1914,7,0.9,CIFAR10_alexnet_GEN_accuracy_kp9000_seed1024,1024,36000,385,42,accuracy,101024,0.8033,1,0.5620050725460053,24.1386007219553,10,0.5620050725460053,valid,0.8027646096321629,0.8065410925204555,0.8033000000000001,101024
GEN,0.8226,121,121,offspring,954,946,CIFAR10,386,main_b1000_cifar10_alexnet_GEN_kp90_seed1024,0.9,0.8081,42,False,0.9,alexnet,False,0,0,1,0.8175,373,4,0.8175,375,6,1900,8,0.9,CIFAR10_alexnet_GEN_accuracy_kp9000_seed1024,1024,36000,386,42,accuracy,101024,0.8081,2,0.5814268396615982,35.78756710886955,10,0.5814268396615982,valid,0.8083664244937797,0.8128603051050896,0.8080999999999999,101024
GEN,0.8226,121,121,offspring,946,954,CIFAR10,387,main_b1000_cifar10_alexnet_GEN_kp90_seed1024,0.9,0.8142,42,False,0.9,alexnet,False,0,0,2,0.8175,373,4,0.8175,375,6,1900,9,0.9,CIFAR10_alexnet_GEN_accuracy_kp9000_seed1024,1024,36000,387,42,accuracy,101024,0.8142,2,0.5605105844974518,24.172104559838772,10,0.5605105844974518,valid,0.8141204954186515,0.8171686453041029,0.8141999999999999,101024
GEN,0.8226,121,121,offspring,972,962,CIFAR10,388,main_b1000_cifar10_alexnet_GEN_kp90_seed1024,0.9,0.818,42,False,0.9,alexnet,False,0,0,1,0.8175,373,4,0.8226,121,1,1934,10,0.9,CIFAR10_alexnet_GEN_accuracy_kp9000_seed1024,1024,36000,388,42,accuracy,101024,0.818,2,0.5503969212055206,23.834980078041553,10,0.5503969212055206,valid,0.8180413080793107,0.8199425757934897,0.818,101024
GEN,0.8226,121,121,offspring,444,486,CIFAR10,389,main_b1000_cifar10_alexnet_GEN_kp90_seed1024,0.9,0.8176,43,False,0.9,alexnet,False,0,0,1,0.8165,381,3,0.8093,382,4,930,2,0.9,CIFAR10_alexnet_GEN_accuracy_kp9000_seed1024,1024,36000,389,42,accuracy,101024,0.8176,2,0.5589631976604462,27.463792577385902,10,0.5589631976604462,valid,0.8170110499192857,0.8209294456446008,0.8176,101024
GEN,0.8226,121,121,offspring,486,444,CIFAR10,390,main_b1000_cifar10_alexnet_GEN_kp90_seed1024,0.9,0.8108,43,False,0.9,alexnet,False,0,0,2,0.8165,381,3,0.8093,382,4,930,3,0.9,CIFAR10_alexnet_GEN_accuracy_kp9000_seed1024,1024,36000,390,42,accuracy,101024,0.8108,2,0.578052243423462,28.83859559893608,10,0.578052243423462,valid,0.8094588039940069,0.815526432973203,0.8108000000000001,101024
GEN,0.8226,121,121,offspring,514,460,CIFAR10,391,main_b1000_cifar10_alexnet_GEN_kp90_seed1024,0.9,0.8023,43,False,0.9,alexnet,False,0,0,1,0.8165,381,3,0.8226,121,1,974,4,0.9,CIFAR10_alexnet_GEN_accuracy_kp9000_seed1024,1024,36000,391,42,accuracy,101024,0.8023,1,0.578179288482666,24.028417974710464,10,0.578179288482666,valid,0.801374560186282,0.8088602693279204,0.8023,101024
GEN,0.8226,121,121,offspring,460,514,CIFAR10,392,main_b1000_cifar10_alexnet_GEN_kp90_seed1024,0.9,0.8084,43,False,0.9,alexnet,False,0,0,2,0.8165,381,3,0.8226,121,1,974,5,0.9,CIFAR10_alexnet_GEN_accuracy_kp9000_seed1024,1024,36000,392,42,accuracy,101024,0.8084,2,0.5796767410278321,24.084380753338337,10,0.5796767410278321,valid,0.8065555755276035,0.816266048952176,0.8084,101024
GEN,0.8226,121,121,offspring,464,532,CIFAR10,393,main_b1000_cifar10_alexnet_GEN_kp90_seed1024,0.9,0.8135,43,False,0.9,alexnet,False,0,0,1,0.8093,382,4,0.8146,380,2,996,6,0.9,CIFAR10_alexnet_GEN_accuracy_kp9000_seed1024,1024,36000,393,42,accuracy,101024,0.8135,3,0.57792131690979,23.953956998884678,10,0.57792131690979,valid,0.8133515047268997,0.8163551650402683,0.8135,101024
GEN,0.8226,121,121,offspring,532,464,CIFAR10,394,main_b1000_cifar10_alexnet_GEN_kp90_seed1024,0.9,0.8102,43,False,0.9,alexnet,False,0,0,2,0.8093,382,4,0.8146,380,2,996,7,0.9,CIFAR10_alexnet_GEN_accuracy_kp9000_seed1024,1024,36000,394,42,accuracy,101024,0.8102,2,0.5737142219543457,24.147348880767822,10,0.5737142219543457,valid,0.8086126820986388,0.8117301745011778,0.8101999999999998,101024
GEN,0.8226,121,121,offspring,482,480,CIFAR10,395,main_b1000_cifar10_alexnet_GEN_kp90_seed1024,0.9,0.8098,43,False,0.9,alexnet,False,0,0,1,0.818,388,10,0.8165,381,3,962,8,0.9,CIFAR10_alexnet_GEN_accuracy_kp9000_seed1024,1024,36000,395,42,accuracy,101024,0.8098,1,0.5689167196750641,23.890570305287838,10,0.5689167196750641,valid,0.8101070633297421,0.8124391534497546,0.8098000000000001,101024
GEN,0.8226,121,121,offspring,480,482,CIFAR10,396,main_b1000_cifar10_alexnet_GEN_kp90_seed1024,0.9,0.8226,43,False,0.9,alexnet,False,0,0,2,0.818,388,10,0.8165,381,3,962,9,0.9,CIFAR10_alexnet_GEN_accuracy_kp9000_seed1024,1024,36000,396,42,accuracy,101024,0.8226,3,0.5547221385002136,24.15464337915182,10,0.5547221385002136,valid,0.822943667478232,0.8243086934254304,0.8225999999999999,101024
GEN,0.8226,121,121,offspring,490,492,CIFAR10,397,main_b1000_cifar10_alexnet_GEN_kp90_seed1024,0.9,0.807,43,False,0.9,alexnet,False,0,0,1,0.8146,380,2,0.818,388,10,982,10,0.9,CIFAR10_alexnet_GEN_accuracy_kp9000_seed1024,1024,36000,397,42,accuracy,101024,0.807,2,0.5647253144741058,23.859908431768417,10,0.5647253144741058,valid,0.8075757486494609,0.8103089309840202,0.807,101024
GEN,0.8226,121,121,offspring,476,468,CIFAR10,398,main_b1000_cifar10_alexnet_GEN_kp90_seed1024,0.9,0.8065,44,False,0.9,alexnet,False,0,0,1,0.8135,393,6,0.8176,389,2,944,2,0.9,CIFAR10_alexnet_GEN_accuracy_kp9000_seed1024,1024,36000,398,42,accuracy,101024,0.8065,1,0.5681214746475219,24.1614009141922,10,0.5681214746475219,valid,0.8063938621206722,0.8084898262909224,0.8065,101024
GEN,0.8226,121,121,offspring,468,476,CIFAR10,399,main_b1000_cifar10_alexnet_GEN_kp90_seed1024,0.9,0.7993,44,False,0.9,alexnet,True,3600,1800,2,0.8135,393,6,0.8176,389,2,944,3,0.9,CIFAR10_alexnet_GEN_accuracy_kp9000_seed1024,1024,36000,399,42,accuracy,101024,0.7993,1,0.5874806309223175,24.02425530552864,10,0.5874806309223175,valid,0.8016758341102399,0.8171748726110076,0.7992999999999999,101024
GEN,0.8226,121,121,offspring,284,262,CIFAR10,400,main_b1000_cifar10_alexnet_GEN_kp90_seed1024,0.9,0.8127,44,False,0.9,alexnet,False,0,0,1,0.8226,121,1,0.8176,389,2,546,4,0.9,CIFAR10_alexnet_GEN_accuracy_kp9000_seed1024,1024,36000,400,42,accuracy,101024,0.8127,2,0.5760479903697967,23.95734914392233,10,0.5760479903697967,valid,0.8119200149623932,0.8160259872246387,0.8127000000000001,101024
GEN,0.8226,121,121,offspring,262,284,CIFAR10,401,main_b1000_cifar10_alexnet_GEN_kp90_seed1024,0.9,0.814,44,False,0.9,alexnet,False,0,0,2,0.8226,121,1,0.8176,389,2,546,5,0.9,CIFAR10_alexnet_GEN_accuracy_kp9000_seed1024,1024,36000,401,42,accuracy,101024,0.814,2,0.5533185131549835,24.39671289920807,10,0.5533185131549835,valid,0.814380604755257,0.8160896002541701,0.8140000000000001,101024
GEN,0.8226,121,121,offspring,478,466,CIFAR10,402,main_b1000_cifar10_alexnet_GEN_kp90_seed1024,0.9,0.8081,44,False,0.9,alexnet,False,0,0,1,0.8135,393,6,0.8176,389,2,944,6,0.9,CIFAR10_alexnet_GEN_accuracy_kp9000_seed1024,1024,36000,402,42,accuracy,101024,0.8081,3,0.5841976710796356,23.902822747826576,10,0.5841976710796356,valid,0.8081524146291296,0.8136007747002163,0.8080999999999999,101024
GEN,0.8226,121,121,offspring,466,478,CIFAR10,403,main_b1000_cifar10_alexnet_GEN_kp90_seed1024,0.9,0.8162,44,False,0.9,alexnet,False,0,0,2,0.8135,393,6,0.8176,389,2,944,7,0.9,CIFAR10_alexnet_GEN_accuracy_kp9000_seed1024,1024,36000,403,42,accuracy,101024,0.8162,2,0.5518511548519135,24.141308329999447,10,0.5518511548519135,valid,0.8167592477282742,0.8207352748563984,0.8161999999999999,101024
GEN,0.8226,121,121,offspring,506,464,CIFAR10,404,main_b1000_cifar10_alexnet_GEN_kp90_seed1024,0.9,0.8138,44,False,0.9,alexnet,False,0,0,1,0.8226,121,1,0.8226,396,9,970,8,0.9,CIFAR10_alexnet_GEN_accuracy_kp9000_seed1024,1024,36000,404,42,accuracy,101024,0.8138,2,0.5590667622566223,23.87507287412882,10,0.5590667622566223,valid,0.8139158706055462,0.8180756277110692,0.8138,101024
GEN,0.8226,121,121,offspring,464,506,CIFAR10,405,main_b1000_cifar10_alexnet_GEN_kp90_seed1024,0.9,0.8117,44,False,0.9,alexnet,False,0,0,2,0.8226,121,1,0.8226,396,9,970,9,0.9,CIFAR10_alexnet_GEN_accuracy_kp9000_seed1024,1024,36000,405,42,accuracy,101024,0.8117,1,0.5617847076892852,24.07780509442091,10,0.5617847076892852,valid,0.8122251786923649,0.8143138084064454,0.8117000000000001,101024
GEN,0.8226,121,121,offspring,268,278,CIFAR10,406,main_b1000_cifar10_alexnet_GEN_kp90_seed1024,0.9,0.8055,44,False,0.9,alexnet,False,0,0,1,0.8226,121,1,0.8176,389,2,546,10,0.9,CIFAR10_alexnet_GEN_accuracy_kp9000_seed1024,1024,36000,406,42,accuracy,101024,0.8055,1,0.5619173748493195,24.101744070649147,10,0.5619173748493195,valid,0.8065467792009029,0.8101186958579734,0.8055,101024
GEN,0.8226,121,121,offspring,244,266,CIFAR10,407,main_b1000_cifar10_alexnet_GEN_kp90_seed1024,0.9,0.813,45,False,0.9,alexnet,False,0,0,1,0.8127,400,4,0.8162,403,7,510,2,0.9,CIFAR10_alexnet_GEN_accuracy_kp9000_seed1024,1024,36000,407,42,accuracy,101024,0.813,2,0.5558474238395691,24.061284616589546,10,0.5558474238395691,valid,0.8133850261058081,0.8166494975741955,0.8130000000000001,101024
GEN,0.8226,121,121,offspring,266,244,CIFAR10,408,main_b1000_cifar10_alexnet_GEN_kp90_seed1024,0.9,0.8129,45,False,0.9,alexnet,False,0,0,2,0.8127,400,4,0.8162,403,7,510,3,0.9,CIFAR10_alexnet_GEN_accuracy_kp9000_seed1024,1024,36000,408,42,accuracy,101024,0.8129,2,0.5551397643566132,24.1160629093647,10,0.5551397643566132,valid,0.813456653877535,0.8174732656087308,0.8129,101024
GEN,0.8226,121,121,offspring,274,246,CIFAR10,409,main_b1000_cifar10_alexnet_GEN_kp90_seed1024,0.9,0.8162,45,False,0.9,alexnet,False,0,0,1,0.8162,403,7,0.8226,121,1,520,4,0.9,CIFAR10_alexnet_GEN_accuracy_kp9000_seed1024,1024,36000,409,42,accuracy,101024,0.8162,4,0.581201536488533,23.881977923214436,10,0.581201536488533,valid,0.816260642479465,0.8194890135779263,0.8161999999999999,101024
GEN,0.8226,121,121,offspring,246,274,CIFAR10,410,main_b1000_cifar10_alexnet_GEN_kp90_seed1024,0.9,0.8029,45,False,0.9,alexnet,False,0,0,2,0.8162,403,7,0.8226,121,1,520,5,0.9,CIFAR10_alexnet_GEN_accuracy_kp9000_seed1024,1024,36000,410,42,accuracy,101024,0.8029,1,0.5784463807582855,24.10162179917097,10,0.5784463807582855,valid,0.8011735799174551,0.8069489575655918,0.8029,101024
GEN,0.8226,121,121,offspring,254,252,CIFAR10,411,main_b1000_cifar10_alexnet_GEN_kp90_seed1024,0.9,0.807,45,False,0.9,alexnet,False,0,0,1,0.8226,121,1,0.8138,404,8,506,6,0.9,CIFAR10_alexnet_GEN_accuracy_kp9000_seed1024,1024,36000,411,42,accuracy,101024,0.807,1,0.5675377900123596,23.90676984190941,10,0.5675377900123596,valid,0.8072209548924587,0.8115109963464091,0.807,101024
GEN,0.8226,121,121,offspring,252,254,CIFAR10,412,main_b1000_cifar10_alexnet_GEN_kp90_seed1024,0.9,0.8148,45,False,0.9,alexnet,True,3600,1800,2,0.8226,121,1,0.8138,404,8,506,7,0.9,CIFAR10_alexnet_GEN_accuracy_kp9000_seed1024,1024,36000,412,42,accuracy,101024,0.8148,3,0.5713398135423661,24.014747977256775,10,0.5713398135423661,valid,0.8149557977614956,0.8180000731181105,0.8148,101024
GEN,0.8226,121,121,offspring,258,262,CIFAR10,413,main_b1000_cifar10_alexnet_GEN_kp90_seed1024,0.9,0.7998,45,False,0.9,alexnet,False,0,0,1,0.8226,121,1,0.8162,403,7,520,8,0.9,CIFAR10_alexnet_GEN_accuracy_kp9000_seed1024,1024,36000,413,42,accuracy,101024,0.7998,1,0.5876678637504578,24.11837000399828,10,0.5876678637504578,valid,0.800595905459021,0.808611078326759,0.7998000000000001,101024
GEN,0.8226,121,121,offspring,262,258,CIFAR10,414,main_b1000_cifar10_alexnet_GEN_kp90_seed1024,0.9,0.8126,45,False,0.9,alexnet,False,0,0,2,0.8226,121,1,0.8162,403,7,520,9,0.9,CIFAR10_alexnet_GEN_accuracy_kp9000_seed1024,1024,36000,414,42,accuracy,101024,0.8126,2,0.571415260887146,23.89821932464838,10,0.571415260887146,valid,0.8124670688956241,0.8183103691592635,0.8126000000000001,101024
GEN,0.8226,121,121,offspring,254,252,CIFAR10,415,main_b1000_cifar10_alexnet_GEN_kp90_seed1024,0.9,0.8072,45,False,0.9,alexnet,False,0,0,1,0.8226,121,1,0.8138,404,8,506,10,0.9,CIFAR10_alexnet_GEN_accuracy_kp9000_seed1024,1024,36000,415,42,accuracy,101024,0.8072,2,0.5819862889289856,24.172474272549152,10,0.5819862889289856,valid,0.8085890458391154,0.8131829412736151,0.8072000000000001,101024
GEN,0.8226,121,121,offspring,214,196,CIFAR10,416,main_b1000_cifar10_alexnet_GEN_kp90_seed1024,0.9,0.8156,46,False,0.9,alexnet,False,0,0,1,0.8226,121,1,0.8129,408,3,410,2,0.9,CIFAR10_alexnet_GEN_accuracy_kp9000_seed1024,1024,36000,416,42,accuracy,101024,0.8156,3,0.5757408339977265,23.85105425864458,10,0.5757408339977265,valid,0.8162421857316909,0.8201494124577055,0.8156000000000001,101024
GEN,0.8226,121,121,offspring,196,214,CIFAR10,417,main_b1000_cifar10_alexnet_GEN_kp90_seed1024,0.9,0.8096,46,False,0.9,alexnet,False,0,0,2,0.8226,121,1,0.8129,408,3,410,3,0.9,CIFAR10_alexnet_GEN_accuracy_kp9000_seed1024,1024,36000,417,42,accuracy,101024,0.8096,2,0.5815027928829193,24.08830424398184,10,0.5815027928829193,valid,0.8108101482503913,0.8166440016826207,0.8096,101024
GEN,0.8226,121,121,offspring,1852,1878,CIFAR10,418,main_b1000_cifar10_alexnet_GEN_kp90_seed1024,0.9,0.8063,46,False,0.9,alexnet,True,3600,1800,1,0.8226,121,1,0.8148,412,7,3730,4,0.9,CIFAR10_alexnet_GEN_accuracy_kp9000_seed1024,1024,36000,418,42,accuracy,101024,0.8063,2,0.5855951446056366,24.073255695402622,10,0.5855951446056366,valid,0.8078987720365799,0.8186188613370298,0.8063,101024
GEN,0.8226,121,121,offspring,1878,1852,CIFAR10,419,main_b1000_cifar10_alexnet_GEN_kp90_seed1024,0.9,0.8094,46,False,0.9,alexnet,False,0,0,2,0.8226,121,1,0.8148,412,7,3730,5,0.9,CIFAR10_alexnet_GEN_accuracy_kp9000_seed1024,1024,36000,419,42,accuracy,101024,0.8094,2,0.5765536633014678,24.0194825604558,10,0.5765536633014678,valid,0.809231249956051,0.8153352748220435,0.8093999999999999,101024
GEN,0.8226,121,121,offspring,1826,1904,CIFAR10,420,main_b1000_cifar10_alexnet_GEN_kp90_seed1024,0.9,0.8144,46,False,0.9,alexnet,False,0,0,1,0.8148,412,7,0.8226,121,1,3730,6,0.9,CIFAR10_alexnet_GEN_accuracy_kp9000_seed1024,1024,36000,420,42,accuracy,101024,0.8144,3,0.5591781136035919,25.57719300687313,10,0.5591781136035919,valid,0.8137715824797846,0.8161314237515175,0.8144,101024
GEN,0.8226,121,121,offspring,1904,1826,CIFAR10,421,main_b1000_cifar10_alexnet_GEN_kp90_seed1024,0.9,0.8131,46,False,0.9,alexnet,False,0,0,2,0.8148,412,7,0.8226,121,1,3730,7,0.9,CIFAR10_alexnet_GEN_accuracy_kp9000_seed1024,1024,36000,421,42,accuracy,101024,0.8131,2,0.5668031207561492,23.914057306945324,10,0.5668031207561492,valid,0.8136781661951064,0.8167370000809159,0.8130999999999998,101024
GEN,0.8226,121,121,offspring,132,114,CIFAR10,422,main_b1000_cifar10_alexnet_GEN_kp90_seed1024,0.9,0.8079,46,False,0.9,alexnet,False,0,0,1,0.8226,121,1,0.8162,409,4,246,8,0.9,CIFAR10_alexnet_GEN_accuracy_kp9000_seed1024,1024,36000,422,42,accuracy,101024,0.8079,1,0.5699874855518341,24.192486129701138,10,0.5699874855518341,valid,0.8074112550221061,0.8148056589431419,0.8079000000000001,101024
GEN,0.8226,121,121,offspring,114,132,CIFAR10,423,main_b1000_cifar10_alexnet_GEN_kp90_seed1024,0.9,0.8125,46,False,0.9,alexnet,True,3600,1800,2,0.8226,121,1,0.8162,409,4,246,9,0.9,CIFAR10_alexnet_GEN_accuracy_kp9000_seed1024,1024,36000,423,42,accuracy,101024,0.8125,3,0.579998365020752,23.946456745266914,10,0.579998365020752,valid,0.8112719399969095,0.8138158852938068,0.8125,101024
GEN,0.8226,121,121,offspring,130,116,CIFAR10,424,main_b1000_cifar10_alexnet_GEN_kp90_seed1024,0.9,0.804,46,False,0.9,alexnet,False,0,0,1,0.8162,409,4,0.8226,121,1,246,10,0.9,CIFAR10_alexnet_GEN_accuracy_kp9000_seed1024,1024,36000,424,42,accuracy,101024,0.804,2,0.5810488904476165,24.093184873461723,10,0.5810488904476165,valid,0.8032718216891853,0.8093953811980139,0.8039999999999999,101024
GEN,0.8226,121,121,offspring,1042,996,CIFAR10,425,main_b1000_cifar10_alexnet_GEN_kp90_seed1024,0.9,0.8092,47,False,0.9,alexnet,False,0,0,1,0.8156,416,2,0.8144,420,6,2038,2,0.9,CIFAR10_alexnet_GEN_accuracy_kp9000_seed1024,1024,36000,425,42,accuracy,101024,0.8092,1,0.567204368019104,24.167278468608856,10,0.567204368019104,valid,0.8082292229617286,0.812685439560467,0.8092,101024
GEN,0.8226,121,121,offspring,996,1042,CIFAR10,426,main_b1000_cifar10_alexnet_GEN_kp90_seed1024,0.9,0.8129,47,False,0.9,alexnet,True,3600,1800,2,0.8156,416,2,0.8144,420,6,2038,3,0.9,CIFAR10_alexnet_GEN_accuracy_kp9000_seed1024,1024,36000,426,42,accuracy,101024,0.8129,2,0.5561465788841248,24.19155117124319,10,0.5561465788841248,valid,0.8128783586153652,0.814977704049188,0.8129,101024
GEN,0.8226,121,121,offspring,100,114,CIFAR10,427,main_b1000_cifar10_alexnet_GEN_kp90_seed1024,0.9,0.8077,47,False,0.9,alexnet,False,0,0,1,0.8156,416,2,0.8226,121,1,214,4,0.9,CIFAR10_alexnet_GEN_accuracy_kp9000_seed1024,1024,36000,427,42,accuracy,101024,0.8077,2,0.580587781047821,24.11998202651739,10,0.580587781047821,valid,0.807942032604901,0.8150767960010918,0.8077,101024
GEN,0.8226,121,121,offspring,114,100,CIFAR10,428,main_b1000_cifar10_alexnet_GEN_kp90_seed1024,0.9,0.8125,47,False,0.9,alexnet,True,3600,1800,2,0.8156,416,2,0.8226,121,1,214,5,0.9,CIFAR10_alexnet_GEN_accuracy_kp9000_seed1024,1024,36000,428,42,accuracy,101024,0.8125,3,0.5633343425273896,23.91718602925539,10,0.5633343425273896,valid,0.8125605211701835,0.8150790003966956,0.8125,101024
GEN,0.8226,121,121,offspring,940,964,CIFAR10,429,main_b1000_cifar10_alexnet_GEN_kp90_seed1024,0.9,0.8093,47,False,0.9,alexnet,False,0,0,1,0.8226,121,1,0.8144,420,6,1904,6,0.9,CIFAR10_alexnet_GEN_accuracy_kp9000_seed1024,1024,36000,429,42,accuracy,101024,0.8093,3,0.5772546559333801,24.21863865852356,10,0.5772546559333801,valid,0.8096035049407823,0.811345756591014,0.8093,101024
GEN,0.8226,121,121,offspring,964,940,CIFAR10,430,main_b1000_cifar10_alexnet_GEN_kp90_seed1024,0.9,0.8136,47,False,0.9,alexnet,False,0,0,2,0.8226,121,1,0.8144,420,6,1904,7,0.9,CIFAR10_alexnet_GEN_accuracy_kp9000_seed1024,1024,36000,430,42,accuracy,101024,0.8136,3,0.5838132411956787,23.93626458197832,10,0.5838132411956787,valid,0.8131382557011761,0.817025383170707,0.8136000000000001,101024
GEN,0.8226,121,121,offspring,944,960,CIFAR10,431,main_b1000_cifar10_alexnet_GEN_kp90_seed1024,0.9,0.8099,47,False,0.9,alexnet,False,0,0,1,0.8226,121,1,0.8144,420,6,1904,8,0.9,CIFAR10_alexnet_GEN_accuracy_kp9000_seed1024,1024,36000,431,42,accuracy,101024,0.8099,1,0.5542865389823913,24.115786269307137,10,0.5542865389823913,valid,0.8096696385072895,0.8133243123177272,0.8099000000000001,101024
GEN,0.8226,121,121,offspring,960,944,CIFAR10,432,main_b1000_cifar10_alexnet_GEN_kp90_seed1024,0.9,0.8149,47,False,0.9,alexnet,False,0,0,2,0.8226,121,1,0.8144,420,6,1904,9,0.9,CIFAR10_alexnet_GEN_accuracy_kp9000_seed1024,1024,36000,432,42,accuracy,101024,0.8149,2,0.5510052700519562,24.089612439274788,10,0.5510052700519562,valid,0.8146104942027387,0.8162057188256948,0.8149,101024
GEN,0.8226,121,121,offspring,1030,1008,CIFAR10,433,main_b1000_cifar10_alexnet_GEN_kp90_seed1024,0.9,0.8168,47,False,0.9,alexnet,False,0,0,1,0.8144,420,6,0.8156,416,2,2038,10,0.9,CIFAR10_alexnet_GEN_accuracy_kp9000_seed1024,1024,36000,433,42,accuracy,101024,0.8168,2,0.5643505837917328,24.03518272191286,10,0.5643505837917328,valid,0.8157209096873685,0.8173973535118557,0.8168000000000001,101024
GEN,0.8226,121,121,offspring,488,476,CIFAR10,434,main_b1000_cifar10_alexnet_GEN_kp90_seed1024,0.9,0.8152,48,False,0.9,alexnet,False,0,0,1,0.8136,430,7,0.8226,121,1,964,2,0.9,CIFAR10_alexnet_GEN_accuracy_kp9000_seed1024,1024,36000,434,42,accuracy,101024,0.8152,3,0.5639674046039581,24.23027104139328,10,0.5639674046039581,valid,0.8156064347586343,0.8183120228748884,0.8151999999999999,101024
GEN,0.8226,121,121,offspring,476,488,CIFAR10,435,main_b1000_cifar10_alexnet_GEN_kp90_seed1024,0.9,0.8101,48,False,0.9,alexnet,False,0,0,2,0.8136,430,7,0.8226,121,1,964,3,0.9,CIFAR10_alexnet_GEN_accuracy_kp9000_seed1024,1024,36000,435,42,accuracy,101024,0.8101,2,0.5657557312488556,23.82965726405382,10,0.5657557312488556,valid,0.8086823331975517,0.8114485379603253,0.8101,101024
GEN,0.8226,121,121,offspring,470,490,CIFAR10,436,main_b1000_cifar10_alexnet_GEN_kp90_seed1024,0.9,0.8077,48,False,0.9,alexnet,False,0,0,1,0.8149,432,9,0.8226,121,1,960,4,0.9,CIFAR10_alexnet_GEN_accuracy_kp9000_seed1024,1024,36000,436,42,accuracy,101024,0.8077,1,0.5661054667472839,24.20166452974081,10,0.5661054667472839,valid,0.808207551146667,0.8110815997174686,0.8077,101024
GEN,0.8226,121,121,offspring,490,470,CIFAR10,437,main_b1000_cifar10_alexnet_GEN_kp90_seed1024,0.9,0.8049,48,False,0.9,alexnet,False,0,0,2,0.8149,432,9,0.8226,121,1,960,5,0.9,CIFAR10_alexnet_GEN_accuracy_kp9000_seed1024,1024,36000,437,42,accuracy,101024,0.8049,2,0.5805843795776368,24.006909899413586,10,0.5805843795776368,valid,0.8060458640327894,0.8142733399277873,0.8049,101024
GEN,0.8226,121,121,offspring,2010,2102,CIFAR10,438,main_b1000_cifar10_alexnet_GEN_kp90_seed1024,0.9,0.807,48,False,0.9,alexnet,True,3600,1800,1,0.8226,121,1,0.8129,426,3,4112,6,0.9,CIFAR10_alexnet_GEN_accuracy_kp9000_seed1024,1024,36000,438,42,accuracy,101024,0.807,1,0.5588428154468537,24.034115821123123,10,0.5588428154468537,valid,0.8073873325127675,0.8095189714501453,0.807,101024
GEN,0.8226,121,121,offspring,2102,2010,CIFAR10,439,main_b1000_cifar10_alexnet_GEN_kp90_seed1024,0.9,0.8022,48,False,0.9,alexnet,False,0,0,2,0.8226,121,1,0.8129,426,3,4112,7,0.9,CIFAR10_alexnet_GEN_accuracy_kp9000_seed1024,1024,36000,439,42,accuracy,101024,0.8022,1,0.5854584767341614,24.26218033581972,10,0.5854584767341614,valid,0.8036438946305611,0.814110901426368,0.8022,101024
GEN,0.8226,121,121,offspring,536,514,CIFAR10,440,main_b1000_cifar10_alexnet_GEN_kp90_seed1024,0.9,0.8083,48,False,0.9,alexnet,False,0,0,1,0.8168,433,10,0.8226,121,1,1050,8,0.9,CIFAR10_alexnet_GEN_accuracy_kp9000_seed1024,1024,36000,440,42,accuracy,101024,0.8083,1,0.5722082248210907,23.811659827828407,10,0.5722082248210907,valid,0.8096616343544566,0.8153055578100894,0.8083,101024
GEN,0.8226,121,121,offspring,514,536,CIFAR10,441,main_b1000_cifar10_alexnet_GEN_kp90_seed1024,0.9,0.8108,48,False,0.9,alexnet,False,0,0,2,0.8168,433,10,0.8226,121,1,1050,9,0.9,CIFAR10_alexnet_GEN_accuracy_kp9000_seed1024,1024,36000,441,42,accuracy,101024,0.8108,1,0.5671961944103241,24.174834802746773,10,0.5671961944103241,valid,0.8102731325247061,0.8126476635355491,0.8108000000000001,101024
GEN,0.8226,121,121,offspring,472,488,CIFAR10,442,main_b1000_cifar10_alexnet_GEN_kp90_seed1024,0.9,0.8051,48,False,0.9,alexnet,False,0,0,1,0.8226,121,1,0.8149,432,9,960,10,0.9,CIFAR10_alexnet_GEN_accuracy_kp9000_seed1024,1024,36000,442,42,accuracy,101024,0.8051,1,0.575842539358139,24.053774118423462,10,0.575842539358139,valid,0.8051225146769712,0.8098864125474531,0.8051,101024
GEN,0.8226,121,121,offspring,380,358,CIFAR10,443,main_b1000_cifar10_alexnet_GEN_kp90_seed1024,0.9,0.8036,49,False,0.9,alexnet,False,0,0,1,0.8101,435,3,0.8083,440,8,738,2,0.9,CIFAR10_alexnet_GEN_accuracy_kp9000_seed1024,1024,36000,443,42,accuracy,101024,0.8036,1,0.5709261911869049,24.045192532241344,10,0.5709261911869049,valid,0.8014703645137182,0.8075075844646454,0.8036,101024
GEN,0.8226,121,121,offspring,358,380,CIFAR10,444,main_b1000_cifar10_alexnet_GEN_kp90_seed1024,0.9,0.8099,49,False,0.9,alexnet,False,0,0,2,0.8101,435,3,0.8083,440,8,738,3,0.9,CIFAR10_alexnet_GEN_accuracy_kp9000_seed1024,1024,36000,444,42,accuracy,101024,0.8099,2,0.5767286490917206,24.25441313534975,10,0.5767286490917206,valid,0.8093143720835088,0.8151169066092419,0.8099000000000001,101024
GEN,0.8226,121,121,offspring,246,226,CIFAR10,445,main_b1000_cifar10_alexnet_GEN_kp90_seed1024,0.9,0.8105,49,False,0.9,alexnet,False,0,0,1,0.8226,121,1,0.8051,442,10,472,4,0.9,CIFAR10_alexnet_GEN_accuracy_kp9000_seed1024,1024,36000,445,42,accuracy,101024,0.8105,3,0.5749686561584473,23.89977028220892,10,0.5749686561584473,valid,0.8100813422233767,0.8141021487086599,0.8105,101024
GEN,0.8226,121,121,offspring,226,246,CIFAR10,446,main_b1000_cifar10_alexnet_GEN_kp90_seed1024,0.9,0.808,49,False,0.9,alexnet,True,3600,1800,2,0.8226,121,1,0.8051,442,10,472,5,0.9,CIFAR10_alexnet_GEN_accuracy_kp9000_seed1024,1024,36000,446,42,accuracy,101024,0.808,2,0.5723903174877166,24.307849176228046,10,0.5723903174877166,valid,0.8092673416052122,0.8170574856914496,0.808,101024
GEN,0.8226,121,121,offspring,242,234,CIFAR10,447,main_b1000_cifar10_alexnet_GEN_kp90_seed1024,0.9,0.8118,49,False,0.9,alexnet,False,0,0,1,0.8226,121,1,0.8152,434,2,476,6,0.9,CIFAR10_alexnet_GEN_accuracy_kp9000_seed1024,1024,36000,447,42,accuracy,101024,0.8118,2,0.5723948211669921,23.972550436854362,10,0.5723948211669921,valid,0.8104345554363632,0.8137608470853364,0.8118000000000001,101024
GEN,0.8226,121,121,offspring,234,242,CIFAR10,448,main_b1000_cifar10_alexnet_GEN_kp90_seed1024,0.9,0.8023,49,False,0.9,alexnet,False,0,0,2,0.8226,121,1,0.8152,434,2,476,7,0.9,CIFAR10_alexnet_GEN_accuracy_kp9000_seed1024,1024,36000,448,42,accuracy,101024,0.8023,1,0.579978245973587,24.5057775080204,10,0.579978245973587,valid,0.8016899930251731,0.806666472518609,0.8023,101024
GEN,0.8226,121,121,offspring,2410,2356,CIFAR10,449,main_b1000_cifar10_alexnet_GEN_kp90_seed1024,0.9,0.8165,49,False,0.9,alexnet,False,0,0,1,0.8083,440,8,0.807,438,6,4766,8,0.9,CIFAR10_alexnet_GEN_accuracy_kp9000_seed1024,1024,36000,449,42,accuracy,101024,0.8165,3,0.565178256368637,24.17788279056549,10,0.565178256368637,valid,0.8158408233891936,0.818586598400222,0.8165000000000001,101024
GEN,0.8226,121,121,offspring,2356,2410,CIFAR10,450,main_b1000_cifar10_alexnet_GEN_kp90_seed1024,0.9,0.812,49,False,0.9,alexnet,False,0,0,2,0.8083,440,8,0.807,438,6,4766,9,0.9,CIFAR10_alexnet_GEN_accuracy_kp9000_seed1024,1024,36000,450,42,accuracy,101024,0.812,2,0.5700855867147445,24.048776894807816,10,0.5700855867147445,valid,0.8111707022338418,0.8150242498832693,0.812,101024
GEN,0.8226,121,121,offspring,360,378,CIFAR10,451,main_b1000_cifar10_alexnet_GEN_kp90_seed1024,0.9,0.814,49,False,0.9,alexnet,False,0,0,1,0.8101,435,3,0.8083,440,8,738,10,0.9,CIFAR10_alexnet_GEN_accuracy_kp9000_seed1024,1024,36000,451,42,accuracy,101024,0.814,2,0.5552802993297576,24.333148546516895,10,0.5552802993297576,valid,0.8135015514413046,0.816568797980241,0.8140000000000001,101024
GEN,0.8226,121,121,offspring,318,314,CIFAR10,452,main_b1000_cifar10_alexnet_GEN_kp90_seed1024,0.9,0.8146,50,False,0.9,alexnet,False,0,0,1,0.814,451,10,0.8105,445,4,632,2,0.9,CIFAR10_alexnet_GEN_accuracy_kp9000_seed1024,1024,36000,452,42,accuracy,101024,0.8146,3,0.5751213938713073,23.890599220991135,10,0.5751213938713073,valid,0.8144409459283513,0.8179931742294398,0.8146000000000001,101024
GEN,0.8226,121,121,offspring,314,318,CIFAR10,453,main_b1000_cifar10_alexnet_GEN_kp90_seed1024,0.9,0.8175,50,False,0.9,alexnet,False,0,0,2,0.814,451,10,0.8105,445,4,632,3,0.9,CIFAR10_alexnet_GEN_accuracy_kp9000_seed1024,1024,36000,453,42,accuracy,101024,0.8175,4,0.5735856317043304,24.279189363121986,10,0.5735856317043304,valid,0.8179875824142965,0.8201281693072465,0.8175000000000001,101024
GEN,0.8226,121,121,offspring,262,248,CIFAR10,454,main_b1000_cifar10_alexnet_GEN_kp90_seed1024,0.9,0.8061,50,False,0.9,alexnet,False,0,0,1,0.8226,121,1,0.814,451,10,510,4,0.9,CIFAR10_alexnet_GEN_accuracy_kp9000_seed1024,1024,36000,454,42,accuracy,101024,0.8061,2,0.5841275611400604,24.02875480055809,10,0.5841275611400604,valid,0.8073353033116341,0.8173804724865439,0.8061000000000001,101024
GEN,0.8226,121,121,offspring,248,262,CIFAR10,455,main_b1000_cifar10_alexnet_GEN_kp90_seed1024,0.9,0.816,50,False,0.9,alexnet,False,0,0,2,0.8226,121,1,0.814,451,10,510,5,0.9,CIFAR10_alexnet_GEN_accuracy_kp9000_seed1024,1024,36000,455,42,accuracy,101024,0.816,2,0.5543964686870575,24.126796454191208,10,0.5543964686870575,valid,0.8150754154900491,0.8150166213346859,0.8160000000000001,101024
GEN,0.8226,121,121,offspring,1332,1356,CIFAR10,456,main_b1000_cifar10_alexnet_GEN_kp90_seed1024,0.9,0.8188,50,False,0.9,alexnet,False,0,0,1,0.8118,447,6,0.8165,449,8,2688,6,0.9,CIFAR10_alexnet_GEN_accuracy_kp9000_seed1024,1024,36000,456,42,accuracy,101024,0.8188,3,0.5775102775335312,24.25247249752283,10,0.5775102775335312,valid,0.8185212331841436,0.8224653860767143,0.8187999999999999,101024
GEN,0.8226,121,121,offspring,1356,1332,CIFAR10,457,main_b1000_cifar10_alexnet_GEN_kp90_seed1024,0.9,0.8179,50,False,0.9,alexnet,False,0,0,2,0.8118,447,6,0.8165,449,8,2688,7,0.9,CIFAR10_alexnet_GEN_accuracy_kp9000_seed1024,1024,36000,457,42,accuracy,101024,0.8179,2,0.5392037089824676,24.035314604640007,10,0.5392037089824676,valid,0.8184587578074731,0.8199110545976364,0.8179000000000001,101024
GEN,0.8226,121,121,offspring,1326,1274,CIFAR10,458,main_b1000_cifar10_alexnet_GEN_kp90_seed1024,0.9,0.8048,50,False,0.9,alexnet,True,3600,1800,1,0.8226,121,1,0.8165,449,8,2600,8,0.9,CIFAR10_alexnet_GEN_accuracy_kp9000_seed1024,1024,36000,458,42,accuracy,101024,0.8048,1,0.5748267195224762,24.527472980320454,10,0.5748267195224762,valid,0.8056513637632852,0.8134269925467977,0.8048,101024
GEN,0.8226,121,121,offspring,1274,1326,CIFAR10,459,main_b1000_cifar10_alexnet_GEN_kp90_seed1024,0.9,0.8121,50,False,0.9,alexnet,False,0,0,2,0.8226,121,1,0.8165,449,8,2600,9,0.9,CIFAR10_alexnet_GEN_accuracy_kp9000_seed1024,1024,36000,459,42,accuracy,101024,0.8121,2,0.5562725928783416,24.184854052960873,10,0.5562725928783416,valid,0.8104431199856078,0.8128649609211885,0.8121,101024
GEN,0.8226,121,121,offspring,1278,1270,CIFAR10,460,main_b1000_cifar10_alexnet_GEN_kp90_seed1024,0.9,0.8071,50,False,0.9,alexnet,False,0,0,1,0.812,450,9,0.814,451,10,2548,10,0.9,CIFAR10_alexnet_GEN_accuracy_kp9000_seed1024,1024,36000,460,42,accuracy,101024,0.8071,1,0.561788178062439,23.808013677597046,10,0.561788178062439,valid,0.8081077407557558,0.8110289068401997,0.8070999999999999,101024
GEN,0.8226,121,121,offspring,842,782,CIFAR10,461,main_b1000_cifar10_alexnet_GEN_kp90_seed1024,0.9,0.8112,51,False,0.9,alexnet,False,0,0,1,0.8146,452,2,0.8179,457,7,1624,2,0.9,CIFAR10_alexnet_GEN_accuracy_kp9000_seed1024,1024,36000,461,42,accuracy,101024,0.8112,1,0.5559866147041321,24.06932484358549,10,0.5559866147041321,valid,0.8107094092080386,0.813026973758802,0.8112,101024
GEN,0.8226,121,121,offspring,782,842,CIFAR10,462,main_b1000_cifar10_alexnet_GEN_kp90_seed1024,0.9,0.812,51,False,0.9,alexnet,False,0,0,2,0.8146,452,2,0.8179,457,7,1624,3,0.9,CIFAR10_alexnet_GEN_accuracy_kp9000_seed1024,1024,36000,462,42,accuracy,101024,0.812,3,0.5759697911024093,24.057032458484173,10,0.5759697911024093,valid,0.8129554562052863,0.8191791105978481,0.8119999999999999,101024
GEN,0.8226,121,121,offspring,662,728,CIFAR10,463,main_b1000_cifar10_alexnet_GEN_kp90_seed1024,0.9,0.801,51,False,0.9,alexnet,False,0,0,1,0.8121,459,9,0.8179,457,7,1390,4,0.9,CIFAR10_alexnet_GEN_accuracy_kp9000_seed1024,1024,36000,463,42,accuracy,101024,0.801,2,0.5892427437782287,24.04214009642601,10,0.5892427437782287,valid,0.8006712966080534,0.8080947757823556,0.8009999999999999,101024
GEN,0.8226,121,121,offspring,728,662,CIFAR10,464,main_b1000_cifar10_alexnet_GEN_kp90_seed1024,0.9,0.8198,51,False,0.9,alexnet,False,0,0,2,0.8121,459,9,0.8179,457,7,1390,5,0.9,CIFAR10_alexnet_GEN_accuracy_kp9000_seed1024,1024,36000,464,42,accuracy,101024,0.8198,4,0.5822785479068756,23.81244743615389,10,0.5822785479068756,valid,0.8197517307195857,0.8210770027421381,0.8197999999999999,101024
GEN,0.8226,121,121,offspring,198,188,CIFAR10,465,main_b1000_cifar10_alexnet_GEN_kp90_seed1024,0.9,0.8083,51,False,0.9,alexnet,False,0,0,1,0.8175,453,3,0.8226,121,1,386,6,0.9,CIFAR10_alexnet_GEN_accuracy_kp9000_seed1024,1024,36000,465,42,accuracy,101024,0.8083,1,0.5534054472446441,24.091784670948982,10,0.5534054472446441,valid,0.8089848129009667,0.811901607374238,0.8083,101024
GEN,0.8226,121,121,offspring,188,198,CIFAR10,466,main_b1000_cifar10_alexnet_GEN_kp90_seed1024,0.9,0.8121,51,False,0.9,alexnet,False,0,0,2,0.8175,453,3,0.8226,121,1,386,7,0.9,CIFAR10_alexnet_GEN_accuracy_kp9000_seed1024,1024,36000,466,42,accuracy,101024,0.8121,2,0.5597389661788941,24.098151363432407,10,0.5597389661788941,valid,0.8124610023625023,0.8142330434964498,0.8121,101024
GEN,0.8226,121,121,offspring,734,674,CIFAR10,467,main_b1000_cifar10_alexnet_GEN_kp90_seed1024,0.9,0.8039,51,False,0.9,alexnet,False,0,0,1,0.8188,456,6,0.8226,121,1,1408,8,0.9,CIFAR10_alexnet_GEN_accuracy_kp9000_seed1024,1024,36000,467,42,accuracy,101024,0.8039,1,0.5761327013492584,23.84572073072195,10,0.5761327013492584,valid,0.8037248411916804,0.8099495427212509,0.8039,101024
GEN,0.8226,121,121,offspring,674,734,CIFAR10,468,main_b1000_cifar10_alexnet_GEN_kp90_seed1024,0.9,0.814,51,False,0.9,alexnet,False,0,0,2,0.8188,456,6,0.8226,121,1,1408,9,0.9,CIFAR10_alexnet_GEN_accuracy_kp9000_seed1024,1024,36000,468,42,accuracy,101024,0.814,2,0.5536580990791321,24.26523906737566,10,0.5536580990791321,valid,0.8144192853913518,0.8162551529813316,0.8140000000000001,101024
GEN,0.8226,121,121,offspring,716,692,CIFAR10,469,main_b1000_cifar10_alexnet_GEN_kp90_seed1024,0.9,0.8181,51,False,0.9,alexnet,False,0,0,1,0.8226,121,1,0.8188,456,6,1408,10,0.9,CIFAR10_alexnet_GEN_accuracy_kp9000_seed1024,1024,36000,469,42,accuracy,101024,0.8181,3,0.5635300260543823,23.72108393907547,10,0.5635300260543823,valid,0.8187622868998629,0.8227597073389313,0.8181,101024
GEN,0.8226,121,121,offspring,696,688,CIFAR10,470,main_b1000_cifar10_alexnet_GEN_kp90_seed1024,0.9,0.8155,52,False,0.9,alexnet,False,0,0,1,0.8226,121,1,0.8198,464,5,1384,2,0.9,CIFAR10_alexnet_GEN_accuracy_kp9000_seed1024,1024,36000,470,42,accuracy,101024,0.8155,2,0.5473450952529907,24.014405503869057,10,0.5473450952529907,valid,0.8164882002052728,0.8213703011712848,0.8155000000000001,101024
GEN,0.8226,121,121,offspring,688,696,CIFAR10,471,main_b1000_cifar10_alexnet_GEN_kp90_seed1024,0.9,0.8126,52,False,0.9,alexnet,False,0,0,2,0.8226,121,1,0.8198,464,5,1384,3,0.9,CIFAR10_alexnet_GEN_accuracy_kp9000_seed1024,1024,36000,471,42,accuracy,101024,0.8126,3,0.5707337621688843,23.797170013189316,10,0.5707337621688843,valid,0.8130515017696073,0.8159872526530405,0.8126,101024
GEN,0.8226,121,121,offspring,722,662,CIFAR10,472,main_b1000_cifar10_alexnet_GEN_kp90_seed1024,0.9,0.8146,52,False,0.9,alexnet,False,0,0,1,0.8226,121,1,0.8198,464,5,1384,4,0.9,CIFAR10_alexnet_GEN_accuracy_kp9000_seed1024,1024,36000,472,42,accuracy,101024,0.8146,2,0.5549023708343506,23.86441822350025,10,0.5549023708343506,valid,0.8143968683864518,0.8163090767292209,0.8146000000000001,101024
GEN,0.8226,121,121,offspring,662,722,CIFAR10,473,main_b1000_cifar10_alexnet_GEN_kp90_seed1024,0.9,0.8127,52,False,0.9,alexnet,False,0,0,2,0.8226,121,1,0.8198,464,5,1384,5,0.9,CIFAR10_alexnet_GEN_accuracy_kp9000_seed1024,1024,36000,473,42,accuracy,101024,0.8127,2,0.5644682512283326,23.997210308909416,10,0.5644682512283326,valid,0.8137571578498672,0.8185540178094703,0.8126999999999999,101024
GEN,0.8226,121,121,offspring,444,436,CIFAR10,474,main_b1000_cifar10_alexnet_GEN_kp90_seed1024,0.9,0.8126,52,False,0.9,alexnet,False,0,0,1,0.814,468,9,0.8121,466,7,880,6,0.9,CIFAR10_alexnet_GEN_accuracy_kp9000_seed1024,1024,36000,474,42,accuracy,101024,0.8126,2,0.5570472879886628,23.69501692801714,10,0.5570472879886628,valid,0.813140188409578,0.8163990833395547,0.8126000000000001,101024
GEN,0.8226,121,121,offspring,436,444,CIFAR10,475,main_b1000_cifar10_alexnet_GEN_kp90_seed1024,0.9,0.8112,52,False,0.9,alexnet,False,0,0,2,0.814,468,9,0.8121,466,7,880,7,0.9,CIFAR10_alexnet_GEN_accuracy_kp9000_seed1024,1024,36000,475,42,accuracy,101024,0.8112,1,0.5529317633628845,24.13132417201996,10,0.5529317633628845,valid,0.8114024595906116,0.8149795616120444,0.8112,101024
GEN,0.8226,121,121,offspring,898,860,CIFAR10,476,main_b1000_cifar10_alexnet_GEN_kp90_seed1024,0.9,0.8077,52,False,0.9,alexnet,False,0,0,1,0.8198,464,5,0.8181,469,10,1758,8,0.9,CIFAR10_alexnet_GEN_accuracy_kp9000_seed1024,1024,36000,476,42,accuracy,101024,0.8077,2,0.5747073408126832,23.83712152391672,10,0.5747073408126832,valid,0.8066560116586077,0.8111899785628782,0.8077,101024
GEN,0.8226,121,121,offspring,860,898,CIFAR10,477,main_b1000_cifar10_alexnet_GEN_kp90_seed1024,0.9,0.8123,52,False,0.9,alexnet,False,0,0,2,0.8198,464,5,0.8181,469,10,1758,9,0.9,CIFAR10_alexnet_GEN_accuracy_kp9000_seed1024,1024,36000,477,42,accuracy,101024,0.8123,3,0.5729932767391205,23.99956237524748,10,0.5729932767391205,valid,0.8124814404944652,0.8172258098238524,0.8122999999999999,101024
GEN,0.8226,121,121,offspring,358,358,CIFAR10,478,main_b1000_cifar10_alexnet_GEN_kp90_seed1024,0.9,0.8103,52,False,0.9,alexnet,False,0,0,1,0.8226,121,1,0.8181,469,10,716,10,0.9,CIFAR10_alexnet_GEN_accuracy_kp9000_seed1024,1024,36000,478,42,accuracy,101024,0.8103,2,0.5707091766834259,23.866778917610645,10,0.5707091766834259,valid,0.8080856537334327,0.813828291105664,0.8103000000000001,101024
GEN,0.8226,121,121,offspring,348,374,CIFAR10,479,main_b1000_cifar10_alexnet_GEN_kp90_seed1024,0.9,0.8163,53,False,0.9,alexnet,False,0,0,1,0.8226,121,1,0.8146,472,4,722,2,0.9,CIFAR10_alexnet_GEN_accuracy_kp9000_seed1024,1024,36000,479,42,accuracy,101024,0.8163,2,0.5642388905525207,23.775174535810947,10,0.5642388905525207,valid,0.8166587802905289,0.8207763555239472,0.8163,101024
GEN,0.8226,121,121,offspring,374,348,CIFAR10,480,main_b1000_cifar10_alexnet_GEN_kp90_seed1024,0.9,0.8074,53,False,0.9,alexnet,False,0,0,2,0.8226,121,1,0.8146,472,4,722,3,0.9,CIFAR10_alexnet_GEN_accuracy_kp9000_seed1024,1024,36000,480,42,accuracy,101024,0.8074,1,0.5747898302555084,24.13931831717491,10,0.5747898302555084,valid,0.8059001699637565,0.8099144647538038,0.8074,101024
GEN,0.8226,121,121,offspring,506,536,CIFAR10,481,main_b1000_cifar10_alexnet_GEN_kp90_seed1024,0.9,0.8156,53,False,0.9,alexnet,False,0,0,1,0.8226,121,1,0.8123,477,9,1042,4,0.9,CIFAR10_alexnet_GEN_accuracy_kp9000_seed1024,1024,36000,481,42,accuracy,101024,0.8156,3,0.5716124898433685,23.775789968669415,10,0.5716124898433685,valid,0.81616361188557,0.8212668069173059,0.8156000000000001,101024
GEN,0.8226,121,121,offspring,536,506,CIFAR10,482,main_b1000_cifar10_alexnet_GEN_kp90_seed1024,0.9,0.8186,53,False,0.9,alexnet,False,0,0,2,0.8226,121,1,0.8123,477,9,1042,5,0.9,CIFAR10_alexnet_GEN_accuracy_kp9000_seed1024,1024,36000,482,42,accuracy,101024,0.8186,2,0.5577362248897553,24.10662003606558,10,0.5577362248897553,valid,0.8177859769699296,0.8187015517637463,0.8186,101024
GEN,0.8226,121,121,offspring,202,238,CIFAR10,483,main_b1000_cifar10_alexnet_GEN_kp90_seed1024,0.9,0.8065,53,False,0.9,alexnet,True,3600,1800,1,0.8226,121,1,0.8126,474,6,440,6,0.9,CIFAR10_alexnet_GEN_accuracy_kp9000_seed1024,1024,36000,483,42,accuracy,101024,0.8065,2,0.5869249294281006,23.812875233590603,10,0.5869249294281006,valid,0.8068608437733419,0.8128535326793216,0.8065,101024
GEN,0.8226,121,121,offspring,238,202,CIFAR10,484,main_b1000_cifar10_alexnet_GEN_kp90_seed1024,0.9,0.8079,53,False,0.9,alexnet,True,3600,1800,2,0.8226,121,1,0.8126,474,6,440,7,0.9,CIFAR10_alexnet_GEN_accuracy_kp9000_seed1024,1024,36000,484,42,accuracy,101024,0.8079,2,0.5780114333629608,23.9566420763731,10,0.5780114333629608,valid,0.8083780877162351,0.8166491120059185,0.8079000000000001,101024
GEN,0.8226,121,121,offspring,326,370,CIFAR10,485,main_b1000_cifar10_alexnet_GEN_kp90_seed1024,0.9,0.8071,53,False,0.9,alexnet,False,0,0,1,0.8155,470,2,0.8226,121,1,696,8,0.9,CIFAR10_alexnet_GEN_accuracy_kp9000_seed1024,1024,36000,485,42,accuracy,101024,0.8071,2,0.5923970675468445,23.871608406305313,10,0.5923970675468445,valid,0.8089361731221081,0.8233804125219502,0.8070999999999999,101024
GEN,0.8226,121,121,offspring,370,326,CIFAR10,486,main_b1000_cifar10_alexnet_GEN_kp90_seed1024,0.9,0.8049,53,False,0.9,alexnet,False,0,0,2,0.8155,470,2,0.8226,121,1,696,9,0.9,CIFAR10_alexnet_GEN_accuracy_kp9000_seed1024,1024,36000,486,42,accuracy,101024,0.8049,2,0.5792716524124145,23.82221808284521,10,0.5792716524124145,valid,0.8056003477898575,0.8101893819347309,0.8049,101024
GEN,0.8226,121,121,offspring,324,372,CIFAR10,487,main_b1000_cifar10_alexnet_GEN_kp90_seed1024,0.9,0.8092,53,False,0.9,alexnet,False,0,0,1,0.8226,121,1,0.8155,470,2,696,10,0.9,CIFAR10_alexnet_GEN_accuracy_kp9000_seed1024,1024,36000,487,42,accuracy,101024,0.8092,1,0.5584895311355591,24.230056561529636,10,0.5584895311355591,valid,0.8093455901077815,0.814769271753684,0.8091999999999999,101024
GEN,0.8226,121,121,offspring,2022,1924,CIFAR10,488,main_b1000_cifar10_alexnet_GEN_kp90_seed1024,0.9,0.8177,54,False,0.9,alexnet,False,0,0,1,0.8079,484,7,0.8186,482,5,3946,2,0.9,CIFAR10_alexnet_GEN_accuracy_kp9000_seed1024,1024,36000,488,42,accuracy,101024,0.8177,3,0.5660527723312377,23.83414276689291,10,0.5660527723312377,valid,0.8179884664095496,0.8191839167541017,0.8177,101024
GEN,0.8226,121,121,offspring,1924,2022,CIFAR10,489,main_b1000_cifar10_alexnet_GEN_kp90_seed1024,0.9,0.8078,54,False,0.9,alexnet,False,0,0,2,0.8079,484,7,0.8186,482,5,3946,3,0.9,CIFAR10_alexnet_GEN_accuracy_kp9000_seed1024,1024,36000,489,42,accuracy,101024,0.8078,2,0.5759368956565857,24.057261176407337,10,0.5759368956565857,valid,0.8058577954828214,0.8109487759503698,0.8078,101024
GEN,0.8226,121,121,offspring,254,252,CIFAR10,490,main_b1000_cifar10_alexnet_GEN_kp90_seed1024,0.9,0.8168,54,False,0.9,alexnet,False,0,0,1,0.8226,121,1,0.8156,481,4,506,4,0.9,CIFAR10_alexnet_GEN_accuracy_kp9000_seed1024,1024,36000,490,42,accuracy,101024,0.8168,2,0.5543176589488983,23.812675140798092,10,0.5543176589488983,valid,0.8176659543586968,0.8206250437144714,0.8168,101024
GEN,0.8226,121,121,offspring,252,254,CIFAR10,491,main_b1000_cifar10_alexnet_GEN_kp90_seed1024,0.9,0.8131,54,False,0.9,alexnet,False,0,0,2,0.8226,121,1,0.8156,481,4,506,5,0.9,CIFAR10_alexnet_GEN_accuracy_kp9000_seed1024,1024,36000,491,42,accuracy,101024,0.8131,2,0.5610116271018982,23.875674918293953,10,0.5610116271018982,valid,0.813733863917031,0.8173087946197294,0.8131,101024
GEN,0.8226,121,121,offspring,254,282,CIFAR10,492,main_b1000_cifar10_alexnet_GEN_kp90_seed1024,0.9,0.7995,54,False,0.9,alexnet,False,0,0,1,0.8226,121,1,0.8186,482,5,536,6,0.9,CIFAR10_alexnet_GEN_accuracy_kp9000_seed1024,1024,36000,492,42,accuracy,101024,0.7995,2,0.5956407500743865,23.938781335949898,10,0.5956407500743865,valid,0.8012888905875885,0.8143884336891134,0.7995000000000001,101024
GEN,0.8226,121,121,offspring,282,254,CIFAR10,493,main_b1000_cifar10_alexnet_GEN_kp90_seed1024,0.9,0.8187,54,False,0.9,alexnet,False,0,0,2,0.8226,121,1,0.8186,482,5,536,7,0.9,CIFAR10_alexnet_GEN_accuracy_kp9000_seed1024,1024,36000,493,42,accuracy,101024,0.8187,3,0.5611274334430695,23.798525981605053,10,0.5611274334430695,valid,0.8179272077402446,0.8230687373614496,0.8187000000000001,101024
GEN,0.8226,121,121,offspring,254,252,CIFAR10,494,main_b1000_cifar10_alexnet_GEN_kp90_seed1024,0.9,0.8217,54,False,0.9,alexnet,False,0,0,1,0.8226,121,1,0.8156,481,4,506,8,0.9,CIFAR10_alexnet_GEN_accuracy_kp9000_seed1024,1024,36000,494,42,accuracy,101024,0.8217,3,0.5501552842140198,24.082655370235443,10,0.5501552842140198,valid,0.8213269780033231,0.8226398883455168,0.8217000000000001,101024
GEN,0.8226,121,121,offspring,252,254,CIFAR10,495,main_b1000_cifar10_alexnet_GEN_kp90_seed1024,0.9,0.8166,54,False,0.9,alexnet,True,3600,1800,2,0.8226,121,1,0.8156,481,4,506,9,0.9,CIFAR10_alexnet_GEN_accuracy_kp9000_seed1024,1024,36000,495,42,accuracy,101024,0.8166,2,0.5564432840824127,23.866241224110126,10,0.5564432840824127,valid,0.816346992434355,0.8182480109966734,0.8166,101024
GEN,0.8226,121,121,offspring,246,260,CIFAR10,496,main_b1000_cifar10_alexnet_GEN_kp90_seed1024,0.9,0.8074,54,False,0.9,alexnet,False,0,0,1,0.8156,481,4,0.8226,121,1,506,10,0.9,CIFAR10_alexnet_GEN_accuracy_kp9000_seed1024,1024,36000,496,42,accuracy,101024,0.8074,2,0.5771109878540039,41.27147074043751,10,0.5771109878540039,valid,0.8075287336471163,0.8132773468240888,0.8074,101024
GEN,0.8226,121,121,offspring,1134,1122,CIFAR10,497,main_b1000_cifar10_alexnet_GEN_kp90_seed1024,0.9,0.8124,55,False,0.9,alexnet,False,0,0,1,0.8217,494,8,0.8177,488,2,2256,2,0.9,CIFAR10_alexnet_GEN_accuracy_kp9000_seed1024,1024,36000,497,42,accuracy,101024,0.8124,2,0.5676940515995026,23.855637826025486,10,0.5676940515995026,valid,0.8128926680113656,0.8163128412292204,0.8124,101024
GEN,0.8226,121,121,offspring,1122,1134,CIFAR10,498,main_b1000_cifar10_alexnet_GEN_kp90_seed1024,0.9,0.8209,55,False,0.9,alexnet,False,0,0,2,0.8217,494,8,0.8177,488,2,2256,3,0.9,CIFAR10_alexnet_GEN_accuracy_kp9000_seed1024,1024,36000,498,42,accuracy,101024,0.8209,2,0.5448685440063477,23.874414928257465,10,0.5448685440063477,valid,0.8209640245003049,0.8223574147490282,0.8209,101024
GEN,0.8226,121,121,offspring,132,120,CIFAR10,499,main_b1000_cifar10_alexnet_GEN_kp90_seed1024,0.9,0.8084,55,False,0.9,alexnet,False,0,0,1,0.8131,491,5,0.8226,121,1,252,4,0.9,CIFAR10_alexnet_GEN_accuracy_kp9000_seed1024,1024,36000,499,42,accuracy,101024,0.8084,2,0.5729680850028992,24.01293308287859,10,0.5729680850028992,valid,0.8086330312557626,0.8131919505431627,0.8084,101024
GEN,0.8226,121,121,offspring,120,132,CIFAR10,500,main_b1000_cifar10_alexnet_GEN_kp90_seed1024,0.9,0.8126,55,False,0.9,alexnet,False,0,0,2,0.8131,491,5,0.8226,121,1,252,5,0.9,CIFAR10_alexnet_GEN_accuracy_kp9000_seed1024,1024,36000,500,42,accuracy,101024,0.8126,2,0.5606097032308579,23.822120010852814,10,0.5606097032308579,valid,0.8130411871354258,0.8154843643033824,0.8126,101024
GEN,0.8226,121,121,offspring,1876,1864,CIFAR10,501,main_b1000_cifar10_alexnet_GEN_kp90_seed1024,0.9,0.8203,55,False,0.9,alexnet,False,0,0,1,0.8226,121,1,0.8166,495,9,3740,6,0.9,CIFAR10_alexnet_GEN_accuracy_kp9000_seed1024,1024,36000,501,42,accuracy,101024,0.8203,3,0.5567009657859803,24.06359050422907,10,0.5567009657859803,valid,0.8214023783548108,0.824971458354422,0.8202999999999999,101024
GEN,0.8226,121,121,offspring,1864,1876,CIFAR10,502,main_b1000_cifar10_alexnet_GEN_kp90_seed1024,0.9,0.8079,55,False,0.9,alexnet,False,0,0,2,0.8226,121,1,0.8166,495,9,3740,7,0.9,CIFAR10_alexnet_GEN_accuracy_kp9000_seed1024,1024,36000,502,42,accuracy,101024,0.8079,2,0.5849349032402038,24.21879604458809,10,0.5849349032402038,valid,0.8077846890663721,0.8116972528044236,0.8079000000000001,101024
GEN,0.8226,121,121,offspring,1170,1082,CIFAR10,503,main_b1000_cifar10_alexnet_GEN_kp90_seed1024,0.9,0.8048,55,False,0.9,alexnet,False,0,0,1,0.8168,490,4,0.8177,488,2,2252,8,0.9,CIFAR10_alexnet_GEN_accuracy_kp9000_seed1024,1024,36000,503,42,accuracy,101024,0.8048,1,0.5734529583454132,23.968983560800552,10,0.5734529583454132,valid,0.8056746534971347,0.8106591915494681,0.8048,101024
GEN,0.8226,121,121,offspring,1082,1170,CIFAR10,504,main_b1000_cifar10_alexnet_GEN_kp90_seed1024,0.9,0.7955,55,False,0.9,alexnet,False,0,0,2,0.8168,490,4,0.8177,488,2,2252,9,0.9,CIFAR10_alexnet_GEN_accuracy_kp9000_seed1024,1024,36000,504,42,accuracy,101024,0.7955,1,0.5872358464241028,23.875004589557648,10,0.5872358464241028,valid,0.7965269820578033,0.8042002115764717,0.7955,101024
GEN,0.8226,121,121,offspring,144,110,CIFAR10,505,main_b1000_cifar10_alexnet_GEN_kp90_seed1024,0.9,0.8144,55,False,0.9,alexnet,False,0,0,1,0.8217,494,8,0.8226,121,1,254,10,0.9,CIFAR10_alexnet_GEN_accuracy_kp9000_seed1024,1024,36000,505,42,accuracy,101024,0.8144,2,0.5581487730979919,25.438109904527664,10,0.5581487730979919,valid,0.8137193638576832,0.8162999032645736,0.8144,101024
GEN,0.8226,121,121,offspring,70,62,CIFAR10,506,main_b1000_cifar10_alexnet_GEN_kp90_seed1024,0.9,0.8167,56,False,0.9,alexnet,False,0,0,1,0.8126,500,5,0.8226,121,1,132,2,0.9,CIFAR10_alexnet_GEN_accuracy_kp9000_seed1024,1024,36000,506,42,accuracy,101024,0.8167,3,0.5568869993209838,23.98360861837864,10,0.5568869993209838,valid,0.8175898161440674,0.8213473306721395,0.8167,101024
GEN,0.8226,121,121,offspring,62,70,CIFAR10,507,main_b1000_cifar10_alexnet_GEN_kp90_seed1024,0.9,0.802,56,False,0.9,alexnet,False,0,0,2,0.8126,500,5,0.8226,121,1,132,3,0.9,CIFAR10_alexnet_GEN_accuracy_kp9000_seed1024,1024,36000,507,42,accuracy,101024,0.802,1,0.5803094347953797,23.796429626643658,10,0.5803094347953797,valid,0.801994216214247,0.8077774449181063,0.8019999999999999,101024
GEN,0.8226,121,121,offspring,1354,1390,CIFAR10,508,main_b1000_cifar10_alexnet_GEN_kp90_seed1024,0.9,0.8135,56,False,0.9,alexnet,True,3600,1800,1,0.8209,498,3,0.8203,501,6,2744,4,0.9,CIFAR10_alexnet_GEN_accuracy_kp9000_seed1024,1024,36000,508,42,accuracy,101024,0.8135,3,0.5710396745443345,24.051742434501648,10,0.5710396745443345,valid,0.8134678500095307,0.821305320420142,0.8135,101024
GEN,0.8226,121,121,offspring,1390,1354,CIFAR10,509,main_b1000_cifar10_alexnet_GEN_kp90_seed1024,0.9,0.8057,56,False,0.9,alexnet,False,0,0,2,0.8209,498,3,0.8203,501,6,2744,5,0.9,CIFAR10_alexnet_GEN_accuracy_kp9000_seed1024,1024,36000,509,42,accuracy,101024,0.8057,1,0.5711395551681518,23.87669701874256,10,0.5711395551681518,valid,0.8042900535280832,0.8075536081122445,0.8057000000000001,101024
GEN,0.8226,121,121,offspring,608,608,CIFAR10,510,main_b1000_cifar10_alexnet_GEN_kp90_seed1024,0.9,0.8092,56,False,0.9,alexnet,False,0,0,1,0.8209,498,3,0.8126,500,5,1216,6,0.9,CIFAR10_alexnet_GEN_accuracy_kp9000_seed1024,1024,36000,510,42,accuracy,101024,0.8092,2,0.5741611136436462,23.95949424803257,10,0.5741611136436462,valid,0.8090349348616968,0.8148312102295477,0.8092,101024
GEN,0.8226,121,121,offspring,608,608,CIFAR10,511,main_b1000_cifar10_alexnet_GEN_kp90_seed1024,0.9,0.8188,56,False,0.9,alexnet,False,0,0,2,0.8209,498,3,0.8126,500,5,1216,7,0.9,CIFAR10_alexnet_GEN_accuracy_kp9000_seed1024,1024,36000,511,42,accuracy,101024,0.8188,3,0.5586006619930267,23.834988482296467,10,0.5586006619930267,valid,0.8192587665607111,0.8236508708395529,0.8187999999999999,101024
GEN,0.8226,121,121,offspring,566,608,CIFAR10,512,main_b1000_cifar10_alexnet_GEN_kp90_seed1024,0.9,0.8105,56,False,0.9,alexnet,False,0,0,1,0.8226,121,1,0.8209,498,3,1174,8,0.9,CIFAR10_alexnet_GEN_accuracy_kp9000_seed1024,1024,36000,512,42,accuracy,101024,0.8105,2,0.573218863081932,23.82701115310192,10,0.573218863081932,valid,0.8104021466664614,0.8169039702943472,0.8105,101024
GEN,0.8226,121,121,offspring,608,566,CIFAR10,513,main_b1000_cifar10_alexnet_GEN_kp90_seed1024,0.9,0.8165,56,False,0.9,alexnet,False,0,0,2,0.8226,121,1,0.8209,498,3,1174,9,0.9,CIFAR10_alexnet_GEN_accuracy_kp9000_seed1024,1024,36000,513,42,accuracy,101024,0.8165,3,0.5704651699066162,24.16142911463976,10,0.5704651699066162,valid,0.8151099923872855,0.8169683005947282,0.8165000000000001,101024
GEN,0.8226,121,121,offspring,1380,1364,CIFAR10,514,main_b1000_cifar10_alexnet_GEN_kp90_seed1024,0.9,0.8141,56,False,0.9,alexnet,False,0,0,1,0.8209,498,3,0.8203,501,6,2744,10,0.9,CIFAR10_alexnet_GEN_accuracy_kp9000_seed1024,1024,36000,514,42,accuracy,101024,0.8141,3,0.5630105081558228,23.772580735385418,10,0.5630105081558228,valid,0.8145370770432026,0.8161920001948708,0.8141,101024
GEN,0.8226,121,121,offspring,304,332,CIFAR10,515,main_b1000_cifar10_alexnet_GEN_kp90_seed1024,0.9,0.8109,57,False,0.9,alexnet,False,0,0,1,0.8188,511,7,0.8167,506,2,636,2,0.9,CIFAR10_alexnet_GEN_accuracy_kp9000_seed1024,1024,36000,515,42,accuracy,101024,0.8109,1,0.570170773267746,24.07117899507284,10,0.570170773267746,valid,0.8097841346133926,0.8115579271308079,0.8109,101024
GEN,0.8226,121,121,offspring,332,304,CIFAR10,516,main_b1000_cifar10_alexnet_GEN_kp90_seed1024,0.9,0.8134,57,False,0.9,alexnet,False,0,0,2,0.8188,511,7,0.8167,506,2,636,3,0.9,CIFAR10_alexnet_GEN_accuracy_kp9000_seed1024,1024,36000,516,42,accuracy,101024,0.8134,2,0.5596480276107788,47.90177974104881,10,0.5596480276107788,valid,0.8123809233424705,0.8136897774746951,0.8134,101024
GEN,0.8226,121,121,offspring,334,320,CIFAR10,517,main_b1000_cifar10_alexnet_GEN_kp90_seed1024,0.9,0.8125,57,False,0.9,alexnet,False,0,0,1,0.8226,121,1,0.8188,511,7,654,4,0.9,CIFAR10_alexnet_GEN_accuracy_kp9000_seed1024,1024,36000,517,42,accuracy,101024,0.8125,2,0.5600334531784058,23.930122427642345,10,0.5600334531784058,valid,0.8130058926991278,0.8152591597888368,0.8125,101024
GEN,0.8226,121,121,offspring,320,334,CIFAR10,518,main_b1000_cifar10_alexnet_GEN_kp90_seed1024,0.9,0.8087,57,False,0.9,alexnet,False,0,0,2,0.8226,121,1,0.8188,511,7,654,5,0.9,CIFAR10_alexnet_GEN_accuracy_kp9000_seed1024,1024,36000,518,42,accuracy,101024,0.8087,2,0.5697433958530426,23.867755852639675,10,0.5697433958530426,valid,0.8089484521805546,0.8139128889786995,0.8087,101024
GEN,0.8226,121,121,offspring,2220,2128,CIFAR10,519,main_b1000_cifar10_alexnet_GEN_kp90_seed1024,0.9,0.7996,57,False,0.9,alexnet,False,0,0,1,0.8188,511,7,0.8135,508,4,4348,6,0.9,CIFAR10_alexnet_GEN_accuracy_kp9000_seed1024,1024,36000,519,42,accuracy,101024,0.7996,1,0.5918117327690124,23.944505371153355,10,0.5918117327690124,valid,0.8003650131781773,0.8069509284145701,0.7996,101024
GEN,0.8226,121,121,offspring,2128,2220,CIFAR10,520,main_b1000_cifar10_alexnet_GEN_kp90_seed1024,0.9,0.8029,57,False,0.9,alexnet,False,0,0,2,0.8188,511,7,0.8135,508,4,4348,7,0.9,CIFAR10_alexnet_GEN_accuracy_kp9000_seed1024,1024,36000,520,42,accuracy,101024,0.8029,1,0.582231790971756,24.03428340703249,10,0.582231790971756,valid,0.8022281821415053,0.8053511325126574,0.8029,101024
GEN,0.8226,121,121,offspring,310,344,CIFAR10,521,main_b1000_cifar10_alexnet_GEN_kp90_seed1024,0.9,0.8093,57,False,0.9,alexnet,False,0,0,1,0.8188,511,7,0.8226,121,1,654,8,0.9,CIFAR10_alexnet_GEN_accuracy_kp9000_seed1024,1024,36000,521,42,accuracy,101024,0.8093,2,0.5634790555953979,23.8129326030612,10,0.5634790555953979,valid,0.8089344729229762,0.8122411879797203,0.8093,101024
GEN,0.8226,121,121,offspring,344,310,CIFAR10,522,main_b1000_cifar10_alexnet_GEN_kp90_seed1024,0.9,0.8006,57,False,0.9,alexnet,False,0,0,2,0.8188,511,7,0.8226,121,1,654,9,0.9,CIFAR10_alexnet_GEN_accuracy_kp9000_seed1024,1024,36000,522,42,accuracy,101024,0.8006,1,0.5797690459728241,24.013840548694134,10,0.5797690459728241,valid,0.800824046622299,0.8046113611585834,0.8006,101024
GEN,0.8226,121,121,offspring,744,788,CIFAR10,523,main_b1000_cifar10_alexnet_GEN_kp90_seed1024,0.9,0.8031,57,False,0.9,alexnet,True,3600,1800,1,0.8141,514,10,0.8167,506,2,1532,10,0.9,CIFAR10_alexnet_GEN_accuracy_kp9000_seed1024,1024,36000,523,42,accuracy,101024,0.8031,2,0.582102649307251,23.830082155764103,10,0.582102649307251,valid,0.8022065184697997,0.8070912382762376,0.8031,101024
GEN,0.8226,121,121,offspring,176,168,CIFAR10,524,main_b1000_cifar10_alexnet_GEN_kp90_seed1024,0.9,0.8198,58,False,0.9,alexnet,False,0,0,1,0.8093,521,8,0.8226,121,1,344,2,0.9,CIFAR10_alexnet_GEN_accuracy_kp9000_seed1024,1024,36000,524,42,accuracy,101024,0.8198,4,0.5779254948616028,23.84936362504959,10,0.5779254948616028,valid,0.8200873936210437,0.8220232556161753,0.8198000000000001,101024
GEN,0.8226,121,121,offspring,168,176,CIFAR10,525,main_b1000_cifar10_alexnet_GEN_kp90_seed1024,0.9,0.8071,58,False,0.9,alexnet,True,3600,1800,2,0.8093,521,8,0.8226,121,1,344,3,0.9,CIFAR10_alexnet_GEN_accuracy_kp9000_seed1024,1024,36000,525,42,accuracy,101024,0.8071,2,0.5793071803569794,23.904686391353607,10,0.5793071803569794,valid,0.8070089886104093,0.8100572565829092,0.8070999999999999,101024
GEN,0.8226,121,121,offspring,182,168,CIFAR10,526,main_b1000_cifar10_alexnet_GEN_kp90_seed1024,0.9,0.8068,58,False,0.9,alexnet,False,0,0,1,0.8125,517,4,0.8134,516,3,350,4,0.9,CIFAR10_alexnet_GEN_accuracy_kp9000_seed1024,1024,36000,526,42,accuracy,101024,0.8068,1,0.5752252209663391,23.77625795453787,10,0.5752252209663391,valid,0.8066303062803264,0.8130730449034889,0.8068,101024
GEN,0.8226,121,121,offspring,168,182,CIFAR10,527,main_b1000_cifar10_alexnet_GEN_kp90_seed1024,0.9,0.807,58,False,0.9,alexnet,False,0,0,2,0.8125,517,4,0.8134,516,3,350,5,0.9,CIFAR10_alexnet_GEN_accuracy_kp9000_seed1024,1024,36000,527,42,accuracy,101024,0.807,1,0.5659504763126373,24.01200422644615,10,0.5659504763126373,valid,0.8074900169990338,0.8151804888348222,0.807,101024
GEN,0.8226,121,121,offspring,170,178,CIFAR10,528,main_b1000_cifar10_alexnet_GEN_kp90_seed1024,0.9,0.8135,58,False,0.9,alexnet,False,0,0,1,0.8134,516,3,0.8226,121,1,348,6,0.9,CIFAR10_alexnet_GEN_accuracy_kp9000_seed1024,1024,36000,528,42,accuracy,101024,0.8135,2,0.5579413559436798,23.79828977584839,10,0.5579413559436798,valid,0.8139713518798963,0.8166148109649164,0.8135,101024
GEN,0.8226,121,121,offspring,178,170,CIFAR10,529,main_b1000_cifar10_alexnet_GEN_kp90_seed1024,0.9,0.8129,58,False,0.9,alexnet,False,0,0,2,0.8134,516,3,0.8226,121,1,348,7,0.9,CIFAR10_alexnet_GEN_accuracy_kp9000_seed1024,1024,36000,529,42,accuracy,101024,0.8129,2,0.5688599310398101,23.947739101946354,10,0.5688599310398101,valid,0.8126039018194667,0.8175368319082448,0.8129,101024
GEN,0.8226,121,121,offspring,306,330,CIFAR10,530,main_b1000_cifar10_alexnet_GEN_kp90_seed1024,0.9,0.8019,58,False,0.9,alexnet,False,0,0,1,0.8134,516,3,0.8109,515,2,636,8,0.9,CIFAR10_alexnet_GEN_accuracy_kp9000_seed1024,1024,36000,530,42,accuracy,101024,0.8019,3,0.6018552717685699,24.032000675797462,10,0.6018552717685699,valid,0.8028162182700147,0.80981988258821,0.8019000000000001,101024
GEN,0.8226,121,121,offspring,330,306,CIFAR10,531,main_b1000_cifar10_alexnet_GEN_kp90_seed1024,0.9,0.8117,58,False,0.9,alexnet,False,0,0,2,0.8134,516,3,0.8109,515,2,636,9,0.9,CIFAR10_alexnet_GEN_accuracy_kp9000_seed1024,1024,36000,531,42,accuracy,101024,0.8117,2,0.5741199772357941,24.129042513668537,10,0.5741199772357941,valid,0.8101850777600758,0.8145605990756668,0.8116999999999999,101024
GEN,0.8226,121,121,offspring,158,160,CIFAR10,532,main_b1000_cifar10_alexnet_GEN_kp90_seed1024,0.9,0.8086,58,False,0.9,alexnet,False,0,0,1,0.8125,517,4,0.8109,515,2,318,10,0.9,CIFAR10_alexnet_GEN_accuracy_kp9000_seed1024,1024,36000,532,42,accuracy,101024,0.8086,2,0.5755392674446106,24.268468789756298,10,0.5755392674446106,valid,0.8092284897886504,0.8158657677098047,0.8086,101024
GEN,0.8226,121,121,offspring,120,116,CIFAR10,533,main_b1000_cifar10_alexnet_GEN_kp90_seed1024,0.9,0.8031,59,False,0.9,alexnet,False,0,0,1,0.8198,524,2,0.8135,528,6,236,2,0.9,CIFAR10_alexnet_GEN_accuracy_kp9000_seed1024,1024,36000,533,42,accuracy,101024,0.8031,2,0.5824957108974457,26.409405931830406,10,0.5824957108974457,valid,0.8030599850562347,0.8081568023758837,0.8030999999999999,101024
GEN,0.8226,121,121,offspring,116,120,CIFAR10,534,main_b1000_cifar10_alexnet_GEN_kp90_seed1024,0.9,0.8122,59,False,0.9,alexnet,False,0,0,2,0.8198,524,2,0.8135,528,6,236,3,0.9,CIFAR10_alexnet_GEN_accuracy_kp9000_seed1024,1024,36000,534,42,accuracy,101024,0.8122,2,0.5679418539047241,24.139196008443832,10,0.5679418539047241,valid,0.811907285106048,0.8123285049641448,0.8122,101024
GEN,0.8226,121,121,offspring,82,88,CIFAR10,535,main_b1000_cifar10_alexnet_GEN_kp90_seed1024,0.9,0.8137,59,False,0.9,alexnet,False,0,0,1,0.8226,121,1,0.8129,529,7,170,4,0.9,CIFAR10_alexnet_GEN_accuracy_kp9000_seed1024,1024,36000,535,42,accuracy,101024,0.8137,2,0.5662277475357056,23.719232983887196,10,0.5662277475357056,valid,0.814400331836716,0.8190327852149151,0.8136999999999999,101024
GEN,0.8226,121,121,offspring,88,82,CIFAR10,536,main_b1000_cifar10_alexnet_GEN_kp90_seed1024,0.9,0.8038,59,False,0.9,alexnet,False,0,0,2,0.8226,121,1,0.8129,529,7,170,5,0.9,CIFAR10_alexnet_GEN_accuracy_kp9000_seed1024,1024,36000,536,42,accuracy,101024,0.8038,1,0.5830247695922851,27.216760352253914,10,0.5830247695922851,valid,0.8028017727651264,0.8082067956420431,0.8038000000000001,101024
GEN,0.8226,121,121,offspring,172,206,CIFAR10,537,main_b1000_cifar10_alexnet_GEN_kp90_seed1024,0.9,0.8158,59,False,0.9,alexnet,False,0,0,1,0.8117,531,9,0.8198,524,2,378,6,0.9,CIFAR10_alexnet_GEN_accuracy_kp9000_seed1024,1024,36000,537,42,accuracy,101024,0.8158,3,0.563339625453949,23.922934517264366,10,0.563339625453949,valid,0.8170237492661261,0.8227262128881009,0.8158,101024
GEN,0.8226,121,121,offspring,206,172,CIFAR10,538,main_b1000_cifar10_alexnet_GEN_kp90_seed1024,0.9,0.8084,59,False,0.9,alexnet,False,0,0,2,0.8117,531,9,0.8198,524,2,378,7,0.9,CIFAR10_alexnet_GEN_accuracy_kp9000_seed1024,1024,36000,538,42,accuracy,101024,0.8084,2,0.5739295241832734,23.800659157335758,10,0.5739295241832734,valid,0.8080522135593095,0.8145606273884093,0.8084,101024
GEN,0.8226,121,121,offspring,110,126,CIFAR10,539,main_b1000_cifar10_alexnet_GEN_kp90_seed1024,0.9,0.8069,59,False,0.9,alexnet,True,3600,1800,1,0.8135,528,6,0.8198,524,2,236,8,0.9,CIFAR10_alexnet_GEN_accuracy_kp9000_seed1024,1024,36000,539,42,accuracy,101024,0.8069,2,0.569699823141098,24.048713393509388,10,0.569699823141098,valid,0.806890555543523,0.8102763173992578,0.8069,101024
GEN,0.8226,121,121,offspring,126,110,CIFAR10,540,main_b1000_cifar10_alexnet_GEN_kp90_seed1024,0.9,0.8098,59,False,0.9,alexnet,False,0,0,2,0.8135,528,6,0.8198,524,2,236,9,0.9,CIFAR10_alexnet_GEN_accuracy_kp9000_seed1024,1024,36000,540,42,accuracy,101024,0.8098,2,0.5829970419883728,23.77429773658514,10,0.5829970419883728,valid,0.8081485298901898,0.8139379519301553,0.8098000000000001,101024
GEN,0.8226,121,121,offspring,176,168,CIFAR10,541,main_b1000_cifar10_alexnet_GEN_kp90_seed1024,0.9,0.806,59,False,0.9,alexnet,False,0,0,1,0.8086,532,10,0.8226,121,1,344,10,0.9,CIFAR10_alexnet_GEN_accuracy_kp9000_seed1024,1024,36000,541,42,accuracy,101024,0.806,1,0.5646938983440399,24.077811144292355,10,0.5646938983440399,valid,0.8056113176690539,0.8086393706511602,0.806,101024
GEN,0.8226,121,121,offspring,144,138,CIFAR10,542,main_b1000_cifar10_alexnet_GEN_kp90_seed1024,0.9,0.8106,60,False,0.9,alexnet,False,0,0,1,0.8226,121,1,0.8158,537,6,282,2,0.9,CIFAR10_alexnet_GEN_accuracy_kp9000_seed1024,1024,36000,542,42,accuracy,101024,0.8106,3,0.580206802034378,23.73210871964693,10,0.580206802034378,valid,0.8114794205088922,0.8174664234328002,0.8106,101024
GEN,0.8226,121,121,offspring,138,144,CIFAR10,543,main_b1000_cifar10_alexnet_GEN_kp90_seed1024,0.9,0.8188,60,False,0.9,alexnet,False,0,0,2,0.8226,121,1,0.8158,537,6,282,3,0.9,CIFAR10_alexnet_GEN_accuracy_kp9000_seed1024,1024,36000,543,42,accuracy,101024,0.8188,5,0.5888463443517685,23.970174208283424,10,0.5888463443517685,valid,0.8184344157696201,0.8195133149341693,0.8188000000000001,101024
GEN,0.8226,121,121,offspring,132,150,CIFAR10,544,main_b1000_cifar10_alexnet_GEN_kp90_seed1024,0.9,0.8041,60,False,0.9,alexnet,False,0,0,1,0.8226,121,1,0.8158,537,6,282,4,0.9,CIFAR10_alexnet_GEN_accuracy_kp9000_seed1024,1024,36000,544,42,accuracy,101024,0.8041,1,0.5704327395915985,23.884971976280212,10,0.5704327395915985,valid,0.804887009632805,0.8103282823445804,0.8041,101024
GEN,0.8226,121,121,offspring,150,132,CIFAR10,545,main_b1000_cifar10_alexnet_GEN_kp90_seed1024,0.9,0.8187,60,False,0.9,alexnet,False,0,0,2,0.8226,121,1,0.8158,537,6,282,5,0.9,CIFAR10_alexnet_GEN_accuracy_kp9000_seed1024,1024,36000,545,42,accuracy,101024,0.8187,4,0.5787399367332459,23.75426110625267,10,0.5787399367332459,valid,0.8179655591666707,0.8199816937711546,0.8187000000000001,101024
GEN,0.8226,121,121,offspring,140,142,CIFAR10,546,main_b1000_cifar10_alexnet_GEN_kp90_seed1024,0.9,0.8186,60,False,0.9,alexnet,False,0,0,1,0.8158,537,6,0.8226,121,1,282,6,0.9,CIFAR10_alexnet_GEN_accuracy_kp9000_seed1024,1024,36000,546,42,accuracy,101024,0.8186,3,0.5569270195960998,24.10094080120325,10,0.5569270195960998,valid,0.8190354425086473,0.821060144452266,0.8186,101024
GEN,0.8226,121,121,offspring,142,140,CIFAR10,547,main_b1000_cifar10_alexnet_GEN_kp90_seed1024,0.9,0.804,60,False,0.9,alexnet,True,3600,1800,2,0.8158,537,6,0.8226,121,1,282,7,0.9,CIFAR10_alexnet_GEN_accuracy_kp9000_seed1024,1024,36000,547,42,accuracy,101024,0.804,1,0.570400325012207,23.90368092805147,10,0.570400325012207,valid,0.8028981468593847,0.8056303009488541,0.804,101024
GEN,0.8226,121,121,offspring,168,136,CIFAR10,548,main_b1000_cifar10_alexnet_GEN_kp90_seed1024,0.9,0.813,60,False,0.9,alexnet,False,0,0,1,0.8137,535,4,0.8158,537,6,304,8,0.9,CIFAR10_alexnet_GEN_accuracy_kp9000_seed1024,1024,36000,548,42,accuracy,101024,0.813,3,0.5868468968868256,24.096127182245255,10,0.5868468968868256,valid,0.8124698280293774,0.8155261130732822,0.8130000000000001,101024
GEN,0.8226,121,121,offspring,136,168,CIFAR10,549,main_b1000_cifar10_alexnet_GEN_kp90_seed1024,0.9,0.8102,60,False,0.9,alexnet,False,0,0,2,0.8137,535,4,0.8158,537,6,304,9,0.9,CIFAR10_alexnet_GEN_accuracy_kp9000_seed1024,1024,36000,549,42,accuracy,101024,0.8102,1,0.5592233919143677,23.676751516759396,10,0.5592233919143677,valid,0.8114567822272404,0.8156675467350947,0.8102,101024
GEN,0.8226,121,121,offspring,66,64,CIFAR10,550,main_b1000_cifar10_alexnet_GEN_kp90_seed1024,0.9,0.8087,60,False,0.9,alexnet,True,3600,1800,1,0.8122,534,3,0.8098,540,9,130,10,0.9,CIFAR10_alexnet_GEN_accuracy_kp9000_seed1024,1024,36000,550,42,accuracy,101024,0.8087,2,0.5774626319885254,23.803548708558083,10,0.5774626319885254,valid,0.8096427128276773,0.818567997071814,0.8087,101024
GEN,0.8226,121,121,offspring,84,62,CIFAR10,551,main_b1000_cifar10_alexnet_GEN_kp90_seed1024,0.9,0.8048,61,False,0.9,alexnet,False,0,0,1,0.8187,545,5,0.8186,546,6,146,2,0.9,CIFAR10_alexnet_GEN_accuracy_kp9000_seed1024,1024,36000,551,42,accuracy,101024,0.8048,1,0.5659868977546691,23.984267845749855,10,0.5659868977546691,valid,0.8040251610596905,0.8086674903797471,0.8048,101024
GEN,0.8226,121,121,offspring,62,84,CIFAR10,552,main_b1000_cifar10_alexnet_GEN_kp90_seed1024,0.9,0.8132,61,False,0.9,alexnet,False,0,0,2,0.8187,545,5,0.8186,546,6,146,3,0.9,CIFAR10_alexnet_GEN_accuracy_kp9000_seed1024,1024,36000,552,42,accuracy,101024,0.8132,2,0.5644993604183197,23.643024638295174,10,0.5644993604183197,valid,0.8140956478217831,0.8173620723380809,0.8131999999999999,101024
GEN,0.8226,121,121,offspring,74,68,CIFAR10,553,main_b1000_cifar10_alexnet_GEN_kp90_seed1024,0.9,0.8079,61,False,0.9,alexnet,False,0,0,1,0.8188,543,3,0.813,548,8,142,4,0.9,CIFAR10_alexnet_GEN_accuracy_kp9000_seed1024,1024,36000,553,42,accuracy,101024,0.8079,1,0.5616337035179139,24.07599276304245,10,0.5616337035179139,valid,0.8088395130787303,0.813076171382634,0.8079000000000001,101024
GEN,0.8226,121,121,offspring,68,74,CIFAR10,554,main_b1000_cifar10_alexnet_GEN_kp90_seed1024,0.9,0.804,61,False,0.9,alexnet,False,0,0,2,0.8188,543,3,0.813,548,8,142,5,0.9,CIFAR10_alexnet_GEN_accuracy_kp9000_seed1024,1024,36000,554,42,accuracy,101024,0.804,1,0.585769170331955,23.748828433454037,10,0.585769170331955,valid,0.8035867613926106,0.8061723146277169,0.804,101024
GEN,0.8226,121,121,offspring,70,72,CIFAR10,555,main_b1000_cifar10_alexnet_GEN_kp90_seed1024,0.9,0.8174,61,False,0.9,alexnet,False,0,0,1,0.8226,121,1,0.8186,546,6,142,6,0.9,CIFAR10_alexnet_GEN_accuracy_kp9000_seed1024,1024,36000,555,42,accuracy,101024,0.8174,3,0.5545645037174225,24.496241703629494,10,0.5545645037174225,valid,0.8175214420070163,0.8188973057878821,0.8173999999999999,101024
GEN,0.8226,121,121,offspring,72,70,CIFAR10,556,main_b1000_cifar10_alexnet_GEN_kp90_seed1024,0.9,0.8114,61,False,0.9,alexnet,False,0,0,2,0.8226,121,1,0.8186,546,6,142,7,0.9,CIFAR10_alexnet_GEN_accuracy_kp9000_seed1024,1024,36000,556,42,accuracy,101024,0.8114,3,0.5829056164264679,23.718283340334892,10,0.5829056164264679,valid,0.8113189692220166,0.8155568944648666,0.8114000000000001,101024
GEN,0.8226,121,121,offspring,90,94,CIFAR10,557,main_b1000_cifar10_alexnet_GEN_kp90_seed1024,0.9,0.7986,61,False,0.9,alexnet,False,0,0,1,0.8226,121,1,0.813,548,8,184,8,0.9,CIFAR10_alexnet_GEN_accuracy_kp9000_seed1024,1024,36000,557,42,accuracy,101024,0.7986,1,0.5843218402385711,23.777998819947243,10,0.5843218402385711,valid,0.7969258893005614,0.8005343798723663,0.7986000000000001,101024
GEN,0.8226,121,121,offspring,94,90,CIFAR10,558,main_b1000_cifar10_alexnet_GEN_kp90_seed1024,0.9,0.8069,61,False,0.9,alexnet,False,0,0,2,0.8226,121,1,0.813,548,8,184,9,0.9,CIFAR10_alexnet_GEN_accuracy_kp9000_seed1024,1024,36000,558,42,accuracy,101024,0.8069,2,0.5744017185688018,23.923006758093834,10,0.5744017185688018,valid,0.8072035337295812,0.8111544986674776,0.8069,101024
GEN,0.8226,121,121,offspring,82,72,CIFAR10,559,main_b1000_cifar10_alexnet_GEN_kp90_seed1024,0.9,0.809,61,False,0.9,alexnet,False,0,0,1,0.8187,545,5,0.813,548,8,154,10,0.9,CIFAR10_alexnet_GEN_accuracy_kp9000_seed1024,1024,36000,559,42,accuracy,101024,0.809,3,0.5687628085613251,23.696329459547997,10,0.5687628085613251,valid,0.8107030043367003,0.8180082978450169,0.8089999999999999,101024
GEN,0.8226,121,121,offspring,64,62,CIFAR10,560,main_b1000_cifar10_alexnet_GEN_kp90_seed1024,0.9,0.8116,62,False,0.9,alexnet,True,3600,1800,1,0.8132,552,3,0.8174,555,6,126,2,0.9,CIFAR10_alexnet_GEN_accuracy_kp9000_seed1024,1024,36000,560,42,accuracy,101024,0.8116,3,0.5859856564998627,24.057258315384388,10,0.5859856564998627,valid,0.8116379953545738,0.8173035946546697,0.8116000000000001,101024
GEN,0.8226,121,121,offspring,62,64,CIFAR10,561,main_b1000_cifar10_alexnet_GEN_kp90_seed1024,0.9,0.8027,62,False,0.9,alexnet,False,0,0,2,0.8132,552,3,0.8174,555,6,126,3,0.9,CIFAR10_alexnet_GEN_accuracy_kp9000_seed1024,1024,36000,561,42,accuracy,101024,0.8027,1,0.5782592123985291,23.716145031154156,10,0.5782592123985291,valid,0.8035495481700987,0.8098549168336596,0.8027,101024
GEN,0.8226,121,121,offspring,80,74,CIFAR10,562,main_b1000_cifar10_alexnet_GEN_kp90_seed1024,0.9,0.8094,62,False,0.9,alexnet,False,0,0,1,0.8226,121,1,0.8079,553,4,154,4,0.9,CIFAR10_alexnet_GEN_accuracy_kp9000_seed1024,1024,36000,562,42,accuracy,101024,0.8094,2,0.5715304611682892,24.000832468271255,10,0.5715304611682892,valid,0.8088582612380424,0.8106442357914411,0.8093999999999999,101024
GEN,0.8226,121,121,offspring,74,80,CIFAR10,563,main_b1000_cifar10_alexnet_GEN_kp90_seed1024,0.9,0.8168,62,False,0.9,alexnet,False,0,0,2,0.8226,121,1,0.8079,553,4,154,5,0.9,CIFAR10_alexnet_GEN_accuracy_kp9000_seed1024,1024,36000,563,42,accuracy,101024,0.8168,3,0.5749480204105377,23.83084111660719,10,0.5749480204105377,valid,0.816168734343039,0.818484643334904,0.8168,101024
GEN,0.8226,121,121,offspring,66,60,CIFAR10,564,main_b1000_cifar10_alexnet_GEN_kp90_seed1024,0.9,0.8114,62,False,0.9,alexnet,False,0,0,1,0.8174,555,6,0.8132,552,3,126,6,0.9,CIFAR10_alexnet_GEN_accuracy_kp9000_seed1024,1024,36000,564,42,accuracy,101024,0.8114,2,0.574653502702713,23.737603962421417,10,0.574653502702713,valid,0.8107976895883082,0.8137713655422184,0.8114000000000001,101024
GEN,0.8226,121,121,offspring,60,66,CIFAR10,565,main_b1000_cifar10_alexnet_GEN_kp90_seed1024,0.9,0.8093,62,False,0.9,alexnet,True,3600,1800,2,0.8174,555,6,0.8132,552,3,126,7,0.9,CIFAR10_alexnet_GEN_accuracy_kp9000_seed1024,1024,36000,565,42,accuracy,101024,0.8093,2,0.5735589625358581,24.011030331254005,10,0.5735589625358581,valid,0.8098274109532098,0.8140358461672653,0.8093,101024
GEN,0.8226,121,121,offspring,68,84,CIFAR10,566,main_b1000_cifar10_alexnet_GEN_kp90_seed1024,0.9,0.8151,62,False,0.9,alexnet,False,0,0,1,0.8132,552,3,0.8226,121,1,152,8,0.9,CIFAR10_alexnet_GEN_accuracy_kp9000_seed1024,1024,36000,566,42,accuracy,101024,0.8151,3,0.5645167281150818,23.809266537427902,10,0.5645167281150818,valid,0.814987920891841,0.8175773737647397,0.8150999999999999,101024
GEN,0.8226,121,121,offspring,84,68,CIFAR10,567,main_b1000_cifar10_alexnet_GEN_kp90_seed1024,0.9,0.8112,62,False,0.9,alexnet,False,0,0,2,0.8132,552,3,0.8226,121,1,152,9,0.9,CIFAR10_alexnet_GEN_accuracy_kp9000_seed1024,1024,36000,567,42,accuracy,101024,0.8112,3,0.5804108991622925,23.978461250662804,10,0.5804108991622925,valid,0.8104464759290838,0.8145847866974198,0.8112,101024
GEN,0.8226,121,121,offspring,36,34,CIFAR10,568,main_b1000_cifar10_alexnet_GEN_kp90_seed1024,0.9,0.81,62,False,0.9,alexnet,False,0,0,1,0.8226,121,1,0.8174,555,6,70,10,0.9,CIFAR10_alexnet_GEN_accuracy_kp9000_seed1024,1024,36000,568,42,accuracy,101024,0.81,3,0.5911588986873627,24.800560660660267,10,0.5911588986873627,valid,0.8119178690493374,0.8227149366776271,0.8099999999999999,101024
GEN,0.8226,121,121,offspring,1830,1812,CIFAR10,569,main_b1000_cifar10_alexnet_GEN_kp90_seed1024,0.9,0.8108,63,False,0.9,alexnet,False,0,0,1,0.8116,560,2,0.8151,566,8,3642,2,0.9,CIFAR10_alexnet_GEN_accuracy_kp9000_seed1024,1024,36000,569,42,accuracy,101024,0.8108,3,0.5772243049144745,24.250233598053455,10,0.5772243049144745,valid,0.8117482644433908,0.815654798430318,0.8108000000000001,101024
GEN,0.8226,121,121,offspring,1812,1830,CIFAR10,570,main_b1000_cifar10_alexnet_GEN_kp90_seed1024,0.9,0.804,63,False,0.9,alexnet,False,0,0,2,0.8116,560,2,0.8151,566,8,3642,3,0.9,CIFAR10_alexnet_GEN_accuracy_kp9000_seed1024,1024,36000,570,42,accuracy,101024,0.804,1,0.567907705450058,23.881034567952156,10,0.567907705450058,valid,0.8052615204540746,0.8121253905622285,0.8039999999999999,101024
GEN,0.8226,121,121,offspring,48,36,CIFAR10,571,main_b1000_cifar10_alexnet_GEN_kp90_seed1024,0.9,0.8098,63,False,0.9,alexnet,False,0,0,1,0.8226,121,1,0.8151,566,8,84,4,0.9,CIFAR10_alexnet_GEN_accuracy_kp9000_seed1024,1024,36000,571,42,accuracy,101024,0.8098,3,0.5814903202056885,23.708796374499798,10,0.5814903202056885,valid,0.809631058589036,0.8146963751454587,0.8098000000000001,101024
GEN,0.8226,121,121,offspring,36,48,CIFAR10,572,main_b1000_cifar10_alexnet_GEN_kp90_seed1024,0.9,0.8184,63,False,0.9,alexnet,False,0,0,2,0.8226,121,1,0.8151,566,8,84,5,0.9,CIFAR10_alexnet_GEN_accuracy_kp9000_seed1024,1024,36000,572,42,accuracy,101024,0.8184,4,0.5817042126655578,24.13439255207777,10,0.5817042126655578,valid,0.8185751366143267,0.8203037798080424,0.8183999999999999,101024
GEN,0.8226,121,121,offspring,52,58,CIFAR10,573,main_b1000_cifar10_alexnet_GEN_kp90_seed1024,0.9,0.811,63,False,0.9,alexnet,False,0,0,1,0.8226,121,1,0.8114,564,6,110,6,0.9,CIFAR10_alexnet_GEN_accuracy_kp9000_seed1024,1024,36000,573,42,accuracy,101024,0.811,2,0.5712286868572235,23.76049369573593,10,0.5712286868572235,valid,0.8116346793624476,0.8151291749775733,0.8109999999999999,101024
GEN,0.8226,121,121,offspring,58,52,CIFAR10,574,main_b1000_cifar10_alexnet_GEN_kp90_seed1024,0.9,0.8089,63,False,0.9,alexnet,False,0,0,2,0.8226,121,1,0.8114,564,6,110,7,0.9,CIFAR10_alexnet_GEN_accuracy_kp9000_seed1024,1024,36000,574,42,accuracy,101024,0.8089,1,0.5586754858493805,24.003480434417725,10,0.5586754858493805,valid,0.8100743718239005,0.8137386284473218,0.8089000000000001,101024
GEN,0.8226,121,121,offspring,44,40,CIFAR10,575,main_b1000_cifar10_alexnet_GEN_kp90_seed1024,0.9,0.8112,63,False,0.9,alexnet,False,0,0,1,0.8226,121,1,0.8151,566,8,84,8,0.9,CIFAR10_alexnet_GEN_accuracy_kp9000_seed1024,1024,36000,575,42,accuracy,101024,0.8112,2,0.5688514455795288,23.761249750852585,10,0.5688514455795288,valid,0.8106086979102235,0.8127088088769121,0.8112,101024
GEN,0.8226,121,121,offspring,40,44,CIFAR10,576,main_b1000_cifar10_alexnet_GEN_kp90_seed1024,0.9,0.8108,63,False,0.9,alexnet,False,0,0,2,0.8226,121,1,0.8151,566,8,84,9,0.9,CIFAR10_alexnet_GEN_accuracy_kp9000_seed1024,1024,36000,576,42,accuracy,101024,0.8108,3,0.5816062111616135,23.863745123147964,10,0.5816062111616135,valid,0.8114678141845373,0.8169485834284973,0.8107999999999999,101024
GEN,0.8226,121,121,offspring,1890,1766,CIFAR10,577,main_b1000_cifar10_alexnet_GEN_kp90_seed1024,0.9,0.8094,63,False,0.9,alexnet,False,0,0,1,0.8116,560,2,0.8168,563,5,3656,10,0.9,CIFAR10_alexnet_GEN_accuracy_kp9000_seed1024,1024,36000,577,42,accuracy,101024,0.8094,1,0.5540025817394256,23.81723953783512,10,0.5540025817394256,valid,0.8088096992287417,0.8110093929572487,0.8093999999999999,101024
GEN,0.8226,121,121,offspring,36,28,CIFAR10,578,main_b1000_cifar10_alexnet_GEN_kp90_seed1024,0.9,0.8062,64,False,0.9,alexnet,False,0,0,1,0.8184,572,5,0.811,573,6,64,2,0.9,CIFAR10_alexnet_GEN_accuracy_kp9000_seed1024,1024,36000,578,42,accuracy,101024,0.8062,1,0.5684365805625915,23.798320822417736,10,0.5684365805625915,valid,0.8060709093179204,0.8070421019528433,0.8062000000000001,101024
GEN,0.8226,121,121,offspring,28,36,CIFAR10,579,main_b1000_cifar10_alexnet_GEN_kp90_seed1024,0.9,0.8074,64,False,0.9,alexnet,False,0,0,2,0.8184,572,5,0.811,573,6,64,3,0.9,CIFAR10_alexnet_GEN_accuracy_kp9000_seed1024,1024,36000,579,42,accuracy,101024,0.8074,1,0.5660877241134643,23.913727894425392,10,0.5660877241134643,valid,0.8067151190423052,0.8096295429258532,0.8074,101024
GEN,0.8226,121,121,offspring,24,20,CIFAR10,580,main_b1000_cifar10_alexnet_GEN_kp90_seed1024,0.9,0.8148,64,False,0.9,alexnet,False,0,0,1,0.8112,575,8,0.8226,121,1,44,4,0.9,CIFAR10_alexnet_GEN_accuracy_kp9000_seed1024,1024,36000,580,42,accuracy,101024,0.8148,3,0.5701395699501037,23.774112306535244,10,0.5701395699501037,valid,0.8144515414837811,0.8180954868523829,0.8148,101024
GEN,0.8226,121,121,offspring,20,24,CIFAR10,581,main_b1000_cifar10_alexnet_GEN_kp90_seed1024,0.9,0.7978,64,False,0.9,alexnet,False,0,0,2,0.8112,575,8,0.8226,121,1,44,5,0.9,CIFAR10_alexnet_GEN_accuracy_kp9000_seed1024,1024,36000,581,42,accuracy,101024,0.7978,1,0.5853645895957946,23.95628486573696,10,0.5853645895957946,valid,0.7971168807291398,0.8041108768438889,0.7978,101024
GEN,0.8226,121,121,offspring,32,30,CIFAR10,582,main_b1000_cifar10_alexnet_GEN_kp90_seed1024,0.9,0.8061,64,False,0.9,alexnet,False,0,0,1,0.8112,575,8,0.811,573,6,62,6,0.9,CIFAR10_alexnet_GEN_accuracy_kp9000_seed1024,1024,36000,582,42,accuracy,101024,0.8061,1,0.5724468602657318,23.72574695199728,10,0.5724468602657318,valid,0.8065988178887261,0.8102365651595097,0.8061,101024
GEN,0.8226,121,121,offspring,30,32,CIFAR10,583,main_b1000_cifar10_alexnet_GEN_kp90_seed1024,0.9,0.8069,64,False,0.9,alexnet,False,0,0,2,0.8112,575,8,0.811,573,6,62,7,0.9,CIFAR10_alexnet_GEN_accuracy_kp9000_seed1024,1024,36000,583,42,accuracy,101024,0.8069,2,0.5715704869747162,23.842334918677807,10,0.5715704869747162,valid,0.8094699522122177,0.8192523540809459,0.8069,101024
GEN,0.8226,121,121,offspring,912,924,CIFAR10,584,main_b1000_cifar10_alexnet_GEN_kp90_seed1024,0.9,0.8096,64,False,0.9,alexnet,False,0,0,1,0.8112,575,8,0.8108,569,2,1836,8,0.9,CIFAR10_alexnet_GEN_accuracy_kp9000_seed1024,1024,36000,584,42,accuracy,101024,0.8096,2,0.5753378922462463,23.891008958220482,10,0.5753378922462463,valid,0.8104363810697658,0.8165948353821737,0.8096,101024
GEN,0.8226,121,121,offspring,924,912,CIFAR10,585,main_b1000_cifar10_alexnet_GEN_kp90_seed1024,0.9,0.8182,64,False,0.9,alexnet,True,3600,1800,2,0.8112,575,8,0.8108,569,2,1836,9,0.9,CIFAR10_alexnet_GEN_accuracy_kp9000_seed1024,1024,36000,585,42,accuracy,101024,0.8182,2,0.5491057829380035,23.791814118623734,10,0.5491057829380035,valid,0.8175788778020028,0.8188095250202239,0.8182,101024
GEN,0.8226,121,121,offspring,20,18,CIFAR10,586,main_b1000_cifar10_alexnet_GEN_kp90_seed1024,0.9,0.8033,64,False,0.9,alexnet,False,0,0,1,0.8112,575,8,0.8184,572,5,38,10,0.9,CIFAR10_alexnet_GEN_accuracy_kp9000_seed1024,1024,36000,586,42,accuracy,101024,0.8033,1,0.5799020412921906,23.96398178488016,10,0.5799020412921906,valid,0.801152169501057,0.806729109572889,0.8033000000000001,101024
GEN,0.8226,121,121,offspring,486,458,CIFAR10,587,main_b1000_cifar10_alexnet_GEN_kp90_seed1024,0.9,0.8185,65,False,0.9,alexnet,False,0,0,1,0.8226,121,1,0.8096,584,8,944,2,0.9,CIFAR10_alexnet_GEN_accuracy_kp9000_seed1024,1024,36000,587,42,accuracy,101024,0.8185,3,0.569926751279831,23.773623533546925,10,0.569926751279831,valid,0.8191944927903654,0.824029711368215,0.8184999999999999,101024
GEN,0.8226,121,121,offspring,458,486,CIFAR10,588,main_b1000_cifar10_alexnet_GEN_kp90_seed1024,0.9,0.819,65,False,0.9,alexnet,False,0,0,2,0.8226,121,1,0.8096,584,8,944,3,0.9,CIFAR10_alexnet_GEN_accuracy_kp9000_seed1024,1024,36000,588,42,accuracy,101024,0.819,3,0.5618432313680649,23.76211693137884,10,0.5618432313680649,valid,0.8191292116221192,0.8197828370604411,0.819,101024
GEN,0.8226,121,121,offspring,22,20,CIFAR10,589,main_b1000_cifar10_alexnet_GEN_kp90_seed1024,0.9,0.8194,65,False,0.9,alexnet,False,0,0,1,0.8074,579,3,0.8226,121,1,42,4,0.9,CIFAR10_alexnet_GEN_accuracy_kp9000_seed1024,1024,36000,589,42,accuracy,101024,0.8194,3,0.5579204074859619,38.275897674262524,10,0.5579204074859619,valid,0.8192347408278229,0.821880450900087,0.8193999999999999,101024
GEN,0.8226,121,121,offspring,20,22,CIFAR10,590,main_b1000_cifar10_alexnet_GEN_kp90_seed1024,0.9,0.7994,65,False,0.9,alexnet,False,0,0,2,0.8074,579,3,0.8226,121,1,42,5,0.9,CIFAR10_alexnet_GEN_accuracy_kp9000_seed1024,1024,36000,590,42,accuracy,101024,0.7994,1,0.585289065694809,37.969569616019726,10,0.585289065694809,valid,0.7984931168298839,0.803415620644425,0.7994,101024
GEN,0.8226,121,121,offspring,2040,2054,CIFAR10,591,main_b1000_cifar10_alexnet_GEN_kp90_seed1024,0.9,0.8124,65,False,0.9,alexnet,True,3600,1800,1,0.8226,121,1,0.8182,585,9,4094,6,0.9,CIFAR10_alexnet_GEN_accuracy_kp9000_seed1024,1024,36000,591,42,accuracy,101024,0.8124,3,0.5720369724273682,24.008198857307434,10,0.5720369724273682,valid,0.8126312150672783,0.8157151065893684,0.8124,101024
GEN,0.8226,121,121,offspring,2054,2040,CIFAR10,592,main_b1000_cifar10_alexnet_GEN_kp90_seed1024,0.9,0.8103,65,False,0.9,alexnet,False,0,0,2,0.8226,121,1,0.8182,585,9,4094,7,0.9,CIFAR10_alexnet_GEN_accuracy_kp9000_seed1024,1024,36000,592,42,accuracy,101024,0.8103,1,0.5562803275108338,23.86422425508499,10,0.5562803275108338,valid,0.8114083769685203,0.8166221433639846,0.8103,101024
GEN,0.8226,121,121,offspring,2042,2042,CIFAR10,593,main_b1000_cifar10_alexnet_GEN_kp90_seed1024,0.9,0.8114,65,False,0.9,alexnet,False,0,0,1,0.8182,585,9,0.8074,579,3,4084,8,0.9,CIFAR10_alexnet_GEN_accuracy_kp9000_seed1024,1024,36000,593,42,accuracy,101024,0.8114,3,0.5755128231525422,24.017123125493526,10,0.5755128231525422,valid,0.812686422599481,0.8179428769588724,0.8114000000000001,101024
GEN,0.8226,121,121,offspring,2042,2042,CIFAR10,594,main_b1000_cifar10_alexnet_GEN_kp90_seed1024,0.9,0.8144,65,False,0.9,alexnet,True,3600,1800,2,0.8182,585,9,0.8074,579,3,4084,9,0.9,CIFAR10_alexnet_GEN_accuracy_kp9000_seed1024,1024,36000,594,42,accuracy,101024,0.8144,3,0.5701313477516174,23.84416276216507,10,0.5701313477516174,valid,0.8144460892475129,0.8153904059075947,0.8144,101024
GEN,0.8226,121,121,offspring,10,10,CIFAR10,595,main_b1000_cifar10_alexnet_GEN_kp90_seed1024,0.9,0.8187,65,False,0.9,alexnet,False,0,0,1,0.8226,121,1,0.8148,580,4,20,10,0.9,CIFAR10_alexnet_GEN_accuracy_kp9000_seed1024,1024,36000,595,42,accuracy,101024,0.8187,3,0.5613961955785751,23.97024503350258,10,0.5613961955785751,valid,0.818189032576587,0.8209362466585268,0.8187000000000001,101024
GEN,0.8226,121,121,offspring,4,6,CIFAR10,596,main_b1000_cifar10_alexnet_GEN_kp90_seed1024,0.9,0.8084,66,False,0.9,alexnet,False,0,0,1,0.8187,595,10,0.8226,121,1,10,2,0.9,CIFAR10_alexnet_GEN_accuracy_kp9000_seed1024,1024,36000,596,42,accuracy,101024,0.8084,1,0.5586680135726929,23.822297252714634,10,0.5586680135726929,valid,0.8087502162165512,0.8105086740411828,0.8084,101024
GEN,0.8226,121,121,offspring,6,4,CIFAR10,597,main_b1000_cifar10_alexnet_GEN_kp90_seed1024,0.9,0.8219,66,False,0.9,alexnet,False,0,0,2,0.8187,595,10,0.8226,121,1,10,3,0.9,CIFAR10_alexnet_GEN_accuracy_kp9000_seed1024,1024,36000,597,42,accuracy,101024,0.8219,3,0.550066065621376,25.459816709160805,10,0.550066065621376,valid,0.822151944505757,0.8241298142867908,0.8219000000000001,101024
GEN,0.8226,121,121,offspring,244,254,CIFAR10,598,main_b1000_cifar10_alexnet_GEN_kp90_seed1024,0.9,0.8068,66,False,0.9,alexnet,False,0,0,1,0.8194,589,4,0.8185,587,2,498,4,0.9,CIFAR10_alexnet_GEN_accuracy_kp9000_seed1024,1024,36000,598,42,accuracy,101024,0.8068,1,0.5682290263175964,23.93924256414175,10,0.5682290263175964,valid,0.8065876576849321,0.8095530895373679,0.8068,101024
GEN,0.8226,121,121,offspring,254,244,CIFAR10,599,main_b1000_cifar10_alexnet_GEN_kp90_seed1024,0.9,0.8157,66,False,0.9,alexnet,True,3600,1800,2,0.8194,589,4,0.8185,587,2,498,5,0.9,CIFAR10_alexnet_GEN_accuracy_kp9000_seed1024,1024,36000,599,42,accuracy,101024,0.8157,2,0.5639077326774597,23.893238581717014,10,0.5639077326774597,valid,0.815678638055273,0.8197149088608275,0.8157,101024
GEN,0.8226,121,121,offspring,16,12,CIFAR10,600,main_b1000_cifar10_alexnet_GEN_kp90_seed1024,0.9,0.8029,66,False,0.9,alexnet,True,3600,1800,1,0.8194,589,4,0.8187,595,10,28,6,0.9,CIFAR10_alexnet_GEN_accuracy_kp9000_seed1024,1024,36000,600,42,accuracy,101024,0.8029,1,0.5774397740364074,24.023438550531864,10,0.5774397740364074,valid,0.8027627987769532,0.8090032296159608,0.8029,101024
GEN,0.8226,121,121,offspring,12,16,CIFAR10,601,main_b1000_cifar10_alexnet_GEN_kp90_seed1024,0.9,0.7962,66,False,0.9,alexnet,False,0,0,2,0.8194,589,4,0.8187,595,10,28,7,0.9,CIFAR10_alexnet_GEN_accuracy_kp9000_seed1024,1024,36000,601,42,accuracy,101024,0.7962,1,0.5946640701770782,23.817739941179752,10,0.5946640701770782,valid,0.7964627883930794,0.8062038682222294,0.7962,101024
GEN,0.8226,121,121,offspring,216,242,CIFAR10,602,main_b1000_cifar10_alexnet_GEN_kp90_seed1024,0.9,0.81,66,False,0.9,alexnet,False,0,0,1,0.819,588,3,0.8226,121,1,458,8,0.9,CIFAR10_alexnet_GEN_accuracy_kp9000_seed1024,1024,36000,602,42,accuracy,101024,0.81,2,0.5712023785829544,23.995551995933056,10,0.5712023785829544,valid,0.8094757385183092,0.8145972769296437,0.8099999999999999,101024
GEN,0.8226,121,121,offspring,242,216,CIFAR10,603,main_b1000_cifar10_alexnet_GEN_kp90_seed1024,0.9,0.8129,66,False,0.9,alexnet,False,0,0,2,0.819,588,3,0.8226,121,1,458,9,0.9,CIFAR10_alexnet_GEN_accuracy_kp9000_seed1024,1024,36000,603,42,accuracy,101024,0.8129,3,0.5855083993911743,23.84809248894453,10,0.5855083993911743,valid,0.8107023996766654,0.8152485809243528,0.8129,101024
GEN,0.8226,121,121,offspring,14,14,CIFAR10,604,main_b1000_cifar10_alexnet_GEN_kp90_seed1024,0.9,0.8094,66,False,0.9,alexnet,False,0,0,1,0.8187,595,10,0.8194,589,4,28,10,0.9,CIFAR10_alexnet_GEN_accuracy_kp9000_seed1024,1024,36000,604,42,accuracy,101024,0.8094,3,0.585125749874115,23.844462402164936,10,0.585125749874115,valid,0.8096377003484884,0.8144170174595299,0.8093999999999999,101024
GEN,0.8226,121,121,offspring,1828,1898,CIFAR10,605,main_b1000_cifar10_alexnet_GEN_kp90_seed1024,0.9,0.8074,67,False,0.9,alexnet,False,0,0,1,0.8157,599,5,0.8219,597,3,3726,2,0.9,CIFAR10_alexnet_GEN_accuracy_kp9000_seed1024,1024,36000,605,42,accuracy,101024,0.8074,1,0.5640500642299652,24.000714361667633,10,0.5640500642299652,valid,0.806173683458238,0.8074721306525474,0.8074,101024
GEN,0.8226,121,121,offspring,1898,1828,CIFAR10,606,main_b1000_cifar10_alexnet_GEN_kp90_seed1024,0.9,0.8097,67,False,0.9,alexnet,False,0,0,2,0.8157,599,5,0.8219,597,3,3726,3,0.9,CIFAR10_alexnet_GEN_accuracy_kp9000_seed1024,1024,36000,606,42,accuracy,101024,0.8097,2,0.5665169151306152,23.919661410152912,10,0.5665169151306152,valid,0.8086504077214116,0.8107776379598395,0.8097,101024
GEN,0.8226,121,121,offspring,1896,1830,CIFAR10,607,main_b1000_cifar10_alexnet_GEN_kp90_seed1024,0.9,0.8065,67,False,0.9,alexnet,False,0,0,1,0.8219,597,3,0.8157,599,5,3726,4,0.9,CIFAR10_alexnet_GEN_accuracy_kp9000_seed1024,1024,36000,607,42,accuracy,101024,0.8065,2,0.5629584452152252,24.241577722132206,10,0.5629584452152252,valid,0.8065667222031113,0.8094550130640746,0.8065,101024
GEN,0.8226,121,121,offspring,1830,1896,CIFAR10,608,main_b1000_cifar10_alexnet_GEN_kp90_seed1024,0.9,0.8157,67,False,0.9,alexnet,True,3600,1800,2,0.8219,597,3,0.8157,599,5,3726,5,0.9,CIFAR10_alexnet_GEN_accuracy_kp9000_seed1024,1024,36000,608,42,accuracy,101024,0.8157,3,0.5652150812625885,23.835532024502754,10,0.5652150812625885,valid,0.816716857896935,0.8207865535121396,0.8157,101024
GEN,0.8226,121,121,offspring,1952,1906,CIFAR10,609,main_b1000_cifar10_alexnet_GEN_kp90_seed1024,0.9,0.8131,67,False,0.9,alexnet,False,0,0,1,0.8157,599,5,0.81,602,8,3858,6,0.9,CIFAR10_alexnet_GEN_accuracy_kp9000_seed1024,1024,36000,609,42,accuracy,101024,0.8131,3,0.5882512415647507,24.146022990345955,10,0.5882512415647507,valid,0.8137424527735455,0.8203185408551249,0.8131,101024
GEN,0.8226,121,121,offspring,1906,1952,CIFAR10,610,main_b1000_cifar10_alexnet_GEN_kp90_seed1024,0.9,0.813,67,False,0.9,alexnet,False,0,0,2,0.8157,599,5,0.81,602,8,3858,7,0.9,CIFAR10_alexnet_GEN_accuracy_kp9000_seed1024,1024,36000,610,42,accuracy,101024,0.813,4,0.5772095460891724,24.010802015662193,10,0.5772095460891724,valid,0.8138652952622246,0.8176159936090555,0.8130000000000001,101024
GEN,0.8226,121,121,offspring,120,96,CIFAR10,611,main_b1000_cifar10_alexnet_GEN_kp90_seed1024,0.9,0.8155,67,False,0.9,alexnet,False,0,0,1,0.8129,603,9,0.8226,121,1,216,8,0.9,CIFAR10_alexnet_GEN_accuracy_kp9000_seed1024,1024,36000,611,42,accuracy,101024,0.8155,3,0.5706778488397598,24.05767895281315,10,0.5706778488397598,valid,0.8158999515623906,0.818131749934072,0.8154999999999999,101024
GEN,0.8226,121,121,offspring,96,120,CIFAR10,612,main_b1000_cifar10_alexnet_GEN_kp90_seed1024,0.9,0.8076,67,False,0.9,alexnet,False,0,0,2,0.8129,603,9,0.8226,121,1,216,9,0.9,CIFAR10_alexnet_GEN_accuracy_kp9000_seed1024,1024,36000,612,42,accuracy,101024,0.8076,1,0.5560017685890197,24.06691836565733,10,0.5560017685890197,valid,0.8078155936336587,0.8117205350533194,0.8075999999999999,101024
GEN,0.8226,121,121,offspring,116,126,CIFAR10,613,main_b1000_cifar10_alexnet_GEN_kp90_seed1024,0.9,0.8157,67,False,0.9,alexnet,False,0,0,1,0.8226,121,1,0.81,602,8,242,10,0.9,CIFAR10_alexnet_GEN_accuracy_kp9000_seed1024,1024,36000,613,42,accuracy,101024,0.8157,3,0.5642828479290009,23.92713462561369,10,0.5642828479290009,valid,0.8148674956458691,0.8154976782041379,0.8157,101024
GEN,0.8226,121,121,offspring,2264,2248,CIFAR10,614,main_b1000_cifar10_alexnet_GEN_kp90_seed1024,0.9,0.8097,68,False,0.9,alexnet,False,0,0,1,0.8157,608,5,0.8226,121,1,4512,2,0.9,CIFAR10_alexnet_GEN_accuracy_kp9000_seed1024,1024,36000,614,42,accuracy,101024,0.8097,2,0.5691232894897461,24.107701048254967,10,0.5691232894897461,valid,0.8091024530422887,0.8163464789455006,0.8097,101024
GEN,0.8226,121,121,offspring,2248,2264,CIFAR10,615,main_b1000_cifar10_alexnet_GEN_kp90_seed1024,0.9,0.8125,68,False,0.9,alexnet,False,0,0,2,0.8157,608,5,0.8226,121,1,4512,3,0.9,CIFAR10_alexnet_GEN_accuracy_kp9000_seed1024,1024,36000,615,42,accuracy,101024,0.8125,2,0.574054548406601,23.88790477067232,10,0.574054548406601,valid,0.8103412386030431,0.8137381762856555,0.8125,101024
GEN,0.8226,121,121,offspring,64,52,CIFAR10,616,main_b1000_cifar10_alexnet_GEN_kp90_seed1024,0.9,0.8156,68,False,0.9,alexnet,False,0,0,1,0.8157,613,10,0.8226,121,1,116,4,0.9,CIFAR10_alexnet_GEN_accuracy_kp9000_seed1024,1024,36000,616,42,accuracy,101024,0.8156,5,0.6014114794492722,23.98708088696003,10,0.6014114794492722,valid,0.8147138259618867,0.8169093310137981,0.8156000000000001,101024
GEN,0.8226,121,121,offspring,52,64,CIFAR10,617,main_b1000_cifar10_alexnet_GEN_kp90_seed1024,0.9,0.8076,68,False,0.9,alexnet,False,0,0,2,0.8157,613,10,0.8226,121,1,116,5,0.9,CIFAR10_alexnet_GEN_accuracy_kp9000_seed1024,1024,36000,617,42,accuracy,101024,0.8076,1,0.5691898694992066,23.96750169247389,10,0.5691898694992066,valid,0.8081924571724249,0.8125227132067957,0.8075999999999999,101024
GEN,0.8226,121,121,offspring,60,56,CIFAR10,618,main_b1000_cifar10_alexnet_GEN_kp90_seed1024,0.9,0.8121,68,False,0.9,alexnet,True,3600,1800,1,0.8226,121,1,0.8157,613,10,116,6,0.9,CIFAR10_alexnet_GEN_accuracy_kp9000_seed1024,1024,36000,618,42,accuracy,101024,0.8121,2,0.5580484304666519,23.904439605772495,10,0.5580484304666519,valid,0.8121719655418108,0.8164927245768675,0.8121,101024
GEN,0.8226,121,121,offspring,56,60,CIFAR10,619,main_b1000_cifar10_alexnet_GEN_kp90_seed1024,0.9,0.8034,68,False,0.9,alexnet,False,0,0,2,0.8226,121,1,0.8157,613,10,116,7,0.9,CIFAR10_alexnet_GEN_accuracy_kp9000_seed1024,1024,36000,619,42,accuracy,101024,0.8034,2,0.5957897303581238,24.058477088809013,10,0.5957897303581238,valid,0.8023438974246678,0.8133152320745056,0.8033999999999999,101024
GEN,0.8226,121,121,offspring,970,972,CIFAR10,620,main_b1000_cifar10_alexnet_GEN_kp90_seed1024,0.9,0.8071,68,False,0.9,alexnet,False,0,0,1,0.8157,613,10,0.8131,609,6,1942,8,0.9,CIFAR10_alexnet_GEN_accuracy_kp9000_seed1024,1024,36000,620,42,accuracy,101024,0.8071,1,0.5643185099601745,23.92590143531561,10,0.5643185099601745,valid,0.8086187380950929,0.8167581930237444,0.8070999999999999,101024
GEN,0.8226,121,121,offspring,972,970,CIFAR10,621,main_b1000_cifar10_alexnet_GEN_kp90_seed1024,0.9,0.8112,68,False,0.9,alexnet,True,3600,1800,2,0.8157,613,10,0.8131,609,6,1942,9,0.9,CIFAR10_alexnet_GEN_accuracy_kp9000_seed1024,1024,36000,621,42,accuracy,101024,0.8112,2,0.5564629978895187,24.09898080676794,10,0.5564629978895187,valid,0.8117213582324009,0.8185197127202255,0.8112,101024
GEN,0.8226,121,121,offspring,2236,2276,CIFAR10,622,main_b1000_cifar10_alexnet_GEN_kp90_seed1024,0.9,0.8054,68,False,0.9,alexnet,False,0,0,1,0.8226,121,1,0.8157,608,5,4512,10,0.9,CIFAR10_alexnet_GEN_accuracy_kp9000_seed1024,1024,36000,622,42,accuracy,101024,0.8054,2,0.5836546467781067,23.862892724573612,10,0.5836546467781067,valid,0.8067562298940448,0.818069481424416,0.8054,101024
GEN,0.8226,121,121,offspring,1138,1144,CIFAR10,623,main_b1000_cifar10_alexnet_GEN_kp90_seed1024,0.9,0.8094,69,False,0.9,alexnet,False,0,0,1,0.8156,616,4,0.8097,614,2,2282,2,0.9,CIFAR10_alexnet_GEN_accuracy_kp9000_seed1024,1024,36000,623,42,accuracy,101024,0.8094,2,0.5692016839504241,23.9644817635417,10,0.5692016839504241,valid,0.8104465425585087,0.8180810831227227,0.8094000000000001,101024
GEN,0.8226,121,121,offspring,1144,1138,CIFAR10,624,main_b1000_cifar10_alexnet_GEN_kp90_seed1024,0.9,0.8059,69,False,0.9,alexnet,False,0,0,2,0.8156,616,4,0.8097,614,2,2282,3,0.9,CIFAR10_alexnet_GEN_accuracy_kp9000_seed1024,1024,36000,624,42,accuracy,101024,0.8059,2,0.5782620523929596,23.981107652187347,10,0.5782620523929596,valid,0.8053587569684915,0.8104160730091656,0.8059,101024
GEN,0.8226,121,121,offspring,30,22,CIFAR10,625,main_b1000_cifar10_alexnet_GEN_kp90_seed1024,0.9,0.8086,69,False,0.9,alexnet,False,0,0,1,0.8226,121,1,0.8156,616,4,52,4,0.9,CIFAR10_alexnet_GEN_accuracy_kp9000_seed1024,1024,36000,625,42,accuracy,101024,0.8086,2,0.5665368767499924,23.90750153362751,10,0.5665368767499924,valid,0.8072346372484682,0.8088326645097912,0.8086,101024
GEN,0.8226,121,121,offspring,22,30,CIFAR10,626,main_b1000_cifar10_alexnet_GEN_kp90_seed1024,0.9,0.8131,69,False,0.9,alexnet,False,0,0,2,0.8226,121,1,0.8156,616,4,52,5,0.9,CIFAR10_alexnet_GEN_accuracy_kp9000_seed1024,1024,36000,626,42,accuracy,101024,0.8131,2,0.5679789856433869,24.07355985045433,10,0.5679789856433869,valid,0.8132721304863952,0.8172643370778732,0.8131,101024
GEN,0.8226,121,121,offspring,1142,1154,CIFAR10,627,main_b1000_cifar10_alexnet_GEN_kp90_seed1024,0.9,0.8115,69,False,0.9,alexnet,False,0,0,1,0.8125,615,3,0.8156,616,4,2296,6,0.9,CIFAR10_alexnet_GEN_accuracy_kp9000_seed1024,1024,36000,627,42,accuracy,101024,0.8115,1,0.5461392177581788,23.92042274773121,10,0.5461392177581788,valid,0.8117599091341436,0.8126718322974605,0.8115,101024
GEN,0.8226,121,121,offspring,1154,1142,CIFAR10,628,main_b1000_cifar10_alexnet_GEN_kp90_seed1024,0.9,0.8191,69,False,0.9,alexnet,False,0,0,2,0.8125,615,3,0.8156,616,4,2296,7,0.9,CIFAR10_alexnet_GEN_accuracy_kp9000_seed1024,1024,36000,628,42,accuracy,101024,0.8191,3,0.5624900347709656,24.074446015059948,10,0.5624900347709656,valid,0.8189331823294765,0.8219151793561232,0.8190999999999999,101024
GEN,0.8226,121,121,offspring,1854,1774,CIFAR10,629,main_b1000_cifar10_alexnet_GEN_kp90_seed1024,0.9,0.8143,69,False,0.9,alexnet,False,0,0,1,0.8226,121,1,0.8121,618,6,3628,8,0.9,CIFAR10_alexnet_GEN_accuracy_kp9000_seed1024,1024,36000,629,42,accuracy,101024,0.8143,3,0.565100395488739,23.84193141013384,10,0.565100395488739,valid,0.8148691989839516,0.8187295407211428,0.8142999999999999,101024
GEN,0.8226,121,121,offspring,1774,1854,CIFAR10,630,main_b1000_cifar10_alexnet_GEN_kp90_seed1024,0.9,0.8119,69,False,0.9,alexnet,False,0,0,2,0.8226,121,1,0.8121,618,6,3628,9,0.9,CIFAR10_alexnet_GEN_accuracy_kp9000_seed1024,1024,36000,630,42,accuracy,101024,0.8119,3,0.5773862327575684,23.917426638305187,10,0.5773862327575684,valid,0.812497403804415,0.818625083628209,0.8119,101024
GEN,0.8226,121,121,offspring,26,26,CIFAR10,631,main_b1000_cifar10_alexnet_GEN_kp90_seed1024,0.9,0.8143,69,False,0.9,alexnet,False,0,0,1,0.8156,616,4,0.8226,121,1,52,10,0.9,CIFAR10_alexnet_GEN_accuracy_kp9000_seed1024,1024,36000,631,42,accuracy,101024,0.8143,3,0.569189208984375,24.085124298930168,10,0.569189208984375,valid,0.8148753222131028,0.8189447821310842,0.8143,101024
GEN,0.8226,121,121,offspring,10,16,CIFAR10,632,main_b1000_cifar10_alexnet_GEN_kp90_seed1024,0.9,0.8071,70,False,0.9,alexnet,False,0,0,1,0.8143,631,10,0.8226,121,1,26,2,0.9,CIFAR10_alexnet_GEN_accuracy_kp9000_seed1024,1024,36000,632,42,accuracy,101024,0.8071,1,0.5700856164455413,23.905475936830044,10,0.5700856164455413,valid,0.8077870015439761,0.8124360778998396,0.8070999999999999,101024
GEN,0.8226,121,121,offspring,16,10,CIFAR10,633,main_b1000_cifar10_alexnet_GEN_kp90_seed1024,0.9,0.8166,70,False,0.9,alexnet,False,0,0,2,0.8143,631,10,0.8226,121,1,26,3,0.9,CIFAR10_alexnet_GEN_accuracy_kp9000_seed1024,1024,36000,633,42,accuracy,101024,0.8166,3,0.5643951651096344,24.075851440429688,10,0.5643951651096344,valid,0.816872171428407,0.820955014967401,0.8165999999999999,101024
GEN,0.8226,121,121,offspring,590,568,CIFAR10,634,main_b1000_cifar10_alexnet_GEN_kp90_seed1024,0.9,0.8139,70,False,0.9,alexnet,False,0,0,1,0.8143,631,10,0.8115,627,6,1158,4,0.9,CIFAR10_alexnet_GEN_accuracy_kp9000_seed1024,1024,36000,634,42,accuracy,101024,0.8139,3,0.5605962737560273,23.8020835891366,10,0.5605962737560273,valid,0.8133273805460611,0.8148111094875727,0.8139000000000001,101024
GEN,0.8226,121,121,offspring,568,590,CIFAR10,635,main_b1000_cifar10_alexnet_GEN_kp90_seed1024,0.9,0.8144,70,False,0.9,alexnet,False,0,0,2,0.8143,631,10,0.8115,627,6,1158,5,0.9,CIFAR10_alexnet_GEN_accuracy_kp9000_seed1024,1024,36000,635,42,accuracy,101024,0.8144,2,0.561577277135849,23.915778264403343,10,0.561577277135849,valid,0.8138627235605377,0.815885744970393,0.8144,101024
GEN,0.8226,121,121,offspring,912,862,CIFAR10,636,main_b1000_cifar10_alexnet_GEN_kp90_seed1024,0.9,0.8095,70,False,0.9,alexnet,False,0,0,1,0.8119,630,9,0.8226,121,1,1774,6,0.9,CIFAR10_alexnet_GEN_accuracy_kp9000_seed1024,1024,36000,636,42,accuracy,101024,0.8095,1,0.5590555939674378,24.03625549376011,10,0.5590555939674378,valid,0.8105989796714759,0.8135468115152531,0.8094999999999999,101024
GEN,0.8226,121,121,offspring,862,912,CIFAR10,637,main_b1000_cifar10_alexnet_GEN_kp90_seed1024,0.9,0.8126,70,False,0.9,alexnet,False,0,0,2,0.8119,630,9,0.8226,121,1,1774,7,0.9,CIFAR10_alexnet_GEN_accuracy_kp9000_seed1024,1024,36000,637,42,accuracy,101024,0.8126,3,0.5815559621810913,23.908155284821987,10,0.5815559621810913,valid,0.8123361056852054,0.8154207791930149,0.8126000000000001,101024
GEN,0.8226,121,121,offspring,936,918,CIFAR10,638,main_b1000_cifar10_alexnet_GEN_kp90_seed1024,0.9,0.8074,70,False,0.9,alexnet,False,0,0,1,0.8226,121,1,0.8143,629,8,1854,8,0.9,CIFAR10_alexnet_GEN_accuracy_kp9000_seed1024,1024,36000,638,42,accuracy,101024,0.8074,2,0.5732969740867615,24.041736342012882,10,0.5732969740867615,valid,0.8060182263694478,0.8112164672601823,0.8074,101024
GEN,0.8226,121,121,offspring,918,936,CIFAR10,639,main_b1000_cifar10_alexnet_GEN_kp90_seed1024,0.9,0.8115,70,False,0.9,alexnet,False,0,0,2,0.8226,121,1,0.8143,629,8,1854,9,0.9,CIFAR10_alexnet_GEN_accuracy_kp9000_seed1024,1024,36000,639,42,accuracy,101024,0.8115,2,0.5705517726421356,23.94219819456339,10,0.5705517726421356,valid,0.8117627803438066,0.8171806154854229,0.8115,101024
GEN,0.8226,121,121,offspring,582,568,CIFAR10,640,main_b1000_cifar10_alexnet_GEN_kp90_seed1024,0.9,0.8167,70,False,0.9,alexnet,False,0,0,1,0.8191,628,7,0.8226,121,1,1150,10,0.9,CIFAR10_alexnet_GEN_accuracy_kp9000_seed1024,1024,36000,640,42,accuracy,101024,0.8167,3,0.5613226212501526,23.97056559473276,10,0.5613226212501526,valid,0.8167764222831526,0.8189425093167921,0.8167,101024
GEN,0.8226,121,121,offspring,554,590,CIFAR10,641,main_b1000_cifar10_alexnet_GEN_kp90_seed1024,0.9,0.8171,71,False,0.9,alexnet,False,0,0,1,0.8167,640,10,0.8144,635,5,1144,2,0.9,CIFAR10_alexnet_GEN_accuracy_kp9000_seed1024,1024,36000,641,42,accuracy,101024,0.8171,2,0.5545248849391937,24.0570030733943,10,0.5545248849391937,valid,0.8172280555477377,0.8188349643065866,0.8171000000000002,101024
GEN,0.8226,121,121,offspring,590,554,CIFAR10,642,main_b1000_cifar10_alexnet_GEN_kp90_seed1024,0.9,0.8026,71,False,0.9,alexnet,False,0,0,2,0.8167,640,10,0.8144,635,5,1144,3,0.9,CIFAR10_alexnet_GEN_accuracy_kp9000_seed1024,1024,36000,642,42,accuracy,101024,0.8026,1,0.5726110080242157,23.924138449132442,10,0.5726110080242157,valid,0.803063016514909,0.8099571611696202,0.8026,101024
GEN,0.8226,121,121,offspring,282,290,CIFAR10,643,main_b1000_cifar10_alexnet_GEN_kp90_seed1024,0.9,0.8095,71,False,0.9,alexnet,False,0,0,1,0.8166,633,3,0.8167,640,10,572,4,0.9,CIFAR10_alexnet_GEN_accuracy_kp9000_seed1024,1024,36000,643,42,accuracy,101024,0.8095,3,0.584682087802887,24.060974925756454,10,0.584682087802887,valid,0.8101697764559713,0.8173052299771264,0.8095000000000001,101024
GEN,0.8226,121,121,offspring,290,282,CIFAR10,644,main_b1000_cifar10_alexnet_GEN_kp90_seed1024,0.9,0.8077,71,False,0.9,alexnet,False,0,0,2,0.8166,633,3,0.8167,640,10,572,5,0.9,CIFAR10_alexnet_GEN_accuracy_kp9000_seed1024,1024,36000,644,42,accuracy,101024,0.8077,2,0.5692982655048371,24.005393527448177,10,0.5692982655048371,valid,0.8062000086357195,0.8085789341302085,0.8077,101024
GEN,0.8226,121,121,offspring,458,464,CIFAR10,645,main_b1000_cifar10_alexnet_GEN_kp90_seed1024,0.9,0.8088,71,False,0.9,alexnet,False,0,0,1,0.8166,633,3,0.8126,637,7,922,6,0.9,CIFAR10_alexnet_GEN_accuracy_kp9000_seed1024,1024,36000,645,42,accuracy,101024,0.8088,3,0.5866514528274536,23.903063721954823,10,0.5866514528274536,valid,0.8097135338260271,0.8147394501704456,0.8088,101024
GEN,0.8226,121,121,offspring,464,458,CIFAR10,646,main_b1000_cifar10_alexnet_GEN_kp90_seed1024,0.9,0.8183,71,False,0.9,alexnet,False,0,0,2,0.8166,633,3,0.8126,637,7,922,7,0.9,CIFAR10_alexnet_GEN_accuracy_kp9000_seed1024,1024,36000,646,42,accuracy,101024,0.8183,3,0.5722048623085022,24.063267298042774,10,0.5722048623085022,valid,0.8183279943462809,0.8214663044271677,0.8183,101024
GEN,0.8226,121,121,offspring,6,4,CIFAR10,647,main_b1000_cifar10_alexnet_GEN_kp90_seed1024,0.9,0.8068,71,False,0.9,alexnet,False,0,0,1,0.8226,121,1,0.8166,633,3,10,8,0.9,CIFAR10_alexnet_GEN_accuracy_kp9000_seed1024,1024,36000,647,42,accuracy,101024,0.8068,1,0.5785796822547913,23.881266675889492,10,0.5785796822547913,valid,0.8071084459051127,0.8148038814345154,0.8068,101024
GEN,0.8226,121,121,offspring,4,6,CIFAR10,648,main_b1000_cifar10_alexnet_GEN_kp90_seed1024,0.9,0.813,71,False,0.9,alexnet,False,0,0,2,0.8226,121,1,0.8166,633,3,10,9,0.9,CIFAR10_alexnet_GEN_accuracy_kp9000_seed1024,1024,36000,648,42,accuracy,101024,0.813,2,0.5665153683662415,24.01976480334997,10,0.5665153683662415,valid,0.8137142713307993,0.8178315539956384,0.813,101024
GEN,0.8226,121,121,offspring,296,276,CIFAR10,649,main_b1000_cifar10_alexnet_GEN_kp90_seed1024,0.9,0.8049,71,False,0.9,alexnet,False,0,0,1,0.8167,640,10,0.8166,633,3,572,10,0.9,CIFAR10_alexnet_GEN_accuracy_kp9000_seed1024,1024,36000,649,42,accuracy,101024,0.8049,1,0.5668971979618073,23.989001132547855,10,0.5668971979618073,valid,0.8041384340696972,0.807199563664701,0.8049,101024
GEN,0.8226,121,121,offspring,220,244,CIFAR10,650,main_b1000_cifar10_alexnet_GEN_kp90_seed1024,0.9,0.8119,72,False,0.9,alexnet,False,0,0,1,0.8183,646,7,0.8068,647,8,464,2,0.9,CIFAR10_alexnet_GEN_accuracy_kp9000_seed1024,1024,36000,650,42,accuracy,101024,0.8119,2,0.5787452684879303,23.87879031151533,10,0.5787452684879303,valid,0.8123687371702675,0.8205746301513518,0.8119,101024
GEN,0.8226,121,121,offspring,244,220,CIFAR10,651,main_b1000_cifar10_alexnet_GEN_kp90_seed1024,0.9,0.8086,72,False,0.9,alexnet,False,0,0,2,0.8183,646,7,0.8068,647,8,464,3,0.9,CIFAR10_alexnet_GEN_accuracy_kp9000_seed1024,1024,36000,651,42,accuracy,101024,0.8086,2,0.5700602329254151,24.047283366322517,10,0.5700602329254151,valid,0.8091551671008471,0.8133942446921063,0.8086,101024
GEN,0.8226,121,121,offspring,2,2,CIFAR10,652,main_b1000_cifar10_alexnet_GEN_kp90_seed1024,0.9,0.8181,72,False,0.9,alexnet,False,0,0,1,0.8226,121,1,0.813,648,9,4,4,0.9,CIFAR10_alexnet_GEN_accuracy_kp9000_seed1024,1024,36000,652,42,accuracy,101024,0.8181,3,0.5569488589763641,23.925281822681427,10,0.5569488589763641,valid,0.8183773457137213,0.819746254351642,0.8181,101024
GEN,0.8226,121,121,offspring,2,2,CIFAR10,653,main_b1000_cifar10_alexnet_GEN_kp90_seed1024,0.9,0.8112,72,False,0.9,alexnet,False,0,0,2,0.8226,121,1,0.813,648,9,4,5,0.9,CIFAR10_alexnet_GEN_accuracy_kp9000_seed1024,1024,36000,653,42,accuracy,101024,0.8112,2,0.5747641872882843,24.063282310962677,10,0.5747641872882843,valid,0.8117873803403214,0.8164112445011484,0.8112,101024
GEN,0.8226,121,121,offspring,232,226,CIFAR10,654,main_b1000_cifar10_alexnet_GEN_kp90_seed1024,0.9,0.803,72,False,0.9,alexnet,False,0,0,1,0.8183,646,7,0.813,648,9,458,6,0.9,CIFAR10_alexnet_GEN_accuracy_kp9000_seed1024,1024,36000,654,42,accuracy,101024,0.803,1,0.578611290216446,23.85531422495842,10,0.578611290216446,valid,0.8034735654239263,0.8085857794737586,0.8030000000000002,101024
GEN,0.8226,121,121,offspring,226,232,CIFAR10,655,main_b1000_cifar10_alexnet_GEN_kp90_seed1024,0.9,0.8085,72,False,0.9,alexnet,False,0,0,2,0.8183,646,7,0.813,648,9,458,7,0.9,CIFAR10_alexnet_GEN_accuracy_kp9000_seed1024,1024,36000,655,42,accuracy,101024,0.8085,1,0.5624872365474701,23.961019180715084,10,0.5624872365474701,valid,0.8080681493352296,0.8112247849208677,0.8084999999999999,101024
GEN,0.8226,121,121,offspring,150,142,CIFAR10,656,main_b1000_cifar10_alexnet_GEN_kp90_seed1024,0.9,0.8091,72,False,0.9,alexnet,False,0,0,1,0.8226,121,1,0.8077,644,5,292,8,0.9,CIFAR10_alexnet_GEN_accuracy_kp9000_seed1024,1024,36000,656,42,accuracy,101024,0.8091,2,0.5797716073989868,23.962310329079628,10,0.5797716073989868,valid,0.8091839160658282,0.8131144977747337,0.8090999999999999,101024
GEN,0.8226,121,121,offspring,142,150,CIFAR10,657,main_b1000_cifar10_alexnet_GEN_kp90_seed1024,0.9,0.8094,72,False,0.9,alexnet,True,3600,1800,2,0.8226,121,1,0.8077,644,5,292,9,0.9,CIFAR10_alexnet_GEN_accuracy_kp9000_seed1024,1024,36000,657,42,accuracy,101024,0.8094,1,0.5589387918949127,23.946361780166626,10,0.5589387918949127,valid,0.8090061159509734,0.8116071778311884,0.8094000000000001,101024
GEN,0.8226,121,121,offspring,2,2,CIFAR10,658,main_b1000_cifar10_alexnet_GEN_kp90_seed1024,0.9,0.8112,72,False,0.9,alexnet,False,0,0,1,0.813,648,9,0.8226,121,1,4,10,0.9,CIFAR10_alexnet_GEN_accuracy_kp9000_seed1024,1024,36000,658,42,accuracy,101024,0.8112,2,0.5747641872882843,24.023542873561382,10,0.5747641872882843,valid,0.8117873803403214,0.8164112445011484,0.8112,101024
GEN,0.8226,121,121,offspring,124,118,CIFAR10,659,main_b1000_cifar10_alexnet_GEN_kp90_seed1024,0.9,0.8175,73,False,0.9,alexnet,True,3600,1800,1,0.8112,653,5,0.8119,650,2,242,2,0.9,CIFAR10_alexnet_GEN_accuracy_kp9000_seed1024,1024,36000,659,42,accuracy,101024,0.8175,3,0.5578635336399078,23.9338538646698,10,0.5578635336399078,valid,0.8177494178663576,0.8186668879735695,0.8175000000000001,101024
GEN,0.8226,121,121,offspring,118,124,CIFAR10,660,main_b1000_cifar10_alexnet_GEN_kp90_seed1024,0.9,0.8144,73,False,0.9,alexnet,False,0,0,2,0.8112,653,5,0.8119,650,2,242,3,0.9,CIFAR10_alexnet_GEN_accuracy_kp9000_seed1024,1024,36000,660,42,accuracy,101024,0.8144,2,0.5672928631782532,24.068087823688984,10,0.5672928631782532,valid,0.814125964219248,0.8192626405603194,0.8144,101024
GEN,0.8226,121,121,offspring,124,120,CIFAR10,661,main_b1000_cifar10_alexnet_GEN_kp90_seed1024,0.9,0.8166,73,False,0.9,alexnet,False,0,0,1,0.8226,121,1,0.8119,650,2,244,4,0.9,CIFAR10_alexnet_GEN_accuracy_kp9000_seed1024,1024,36000,661,42,accuracy,101024,0.8166,3,0.5733332684516906,23.883990213274956,10,0.5733332684516906,valid,0.8170379648227536,0.8202315136610163,0.8166,101024
GEN,0.8226,121,121,offspring,120,124,CIFAR10,662,main_b1000_cifar10_alexnet_GEN_kp90_seed1024,0.9,0.818,73,False,0.9,alexnet,False,0,0,2,0.8226,121,1,0.8119,650,2,244,5,0.9,CIFAR10_alexnet_GEN_accuracy_kp9000_seed1024,1024,36000,662,42,accuracy,101024,0.818,3,0.5603672558784485,23.972339808940887,10,0.5603672558784485,valid,0.8187133636295743,0.8208165961105953,0.818,101024
GEN,0.8226,121,121,offspring,112,132,CIFAR10,663,main_b1000_cifar10_alexnet_GEN_kp90_seed1024,0.9,0.8083,73,False,0.9,alexnet,False,0,0,1,0.8226,121,1,0.8119,650,2,244,6,0.9,CIFAR10_alexnet_GEN_accuracy_kp9000_seed1024,1024,36000,663,42,accuracy,101024,0.8083,1,0.5722294028282165,23.957436330616474,10,0.5722294028282165,valid,0.8089201727326634,0.8119367315697756,0.8083,101024
GEN,0.8226,121,121,offspring,132,112,CIFAR10,664,main_b1000_cifar10_alexnet_GEN_kp90_seed1024,0.9,0.8118,73,False,0.9,alexnet,False,0,0,2,0.8226,121,1,0.8119,650,2,244,7,0.9,CIFAR10_alexnet_GEN_accuracy_kp9000_seed1024,1024,36000,664,42,accuracy,101024,0.8118,2,0.5603584989786148,23.955071814358234,10,0.5603584989786148,valid,0.8119252328093068,0.8149591984082519,0.8118000000000001,101024
GEN,0.8226,121,121,offspring,2,0,CIFAR10,665,main_b1000_cifar10_alexnet_GEN_kp90_seed1024,0.9,0.8112,73,False,0.9,alexnet,False,0,0,1,0.8226,121,1,0.8112,653,5,2,8,0.9,CIFAR10_alexnet_GEN_accuracy_kp9000_seed1024,1024,36000,665,42,accuracy,101024,0.8112,2,0.5747641872882843,24.070282824337482,10,0.5747641872882843,valid,0.8117873803403214,0.8164112445011484,0.8112,101024
GEN,0.8226,121,121,offspring,0,2,CIFAR10,666,main_b1000_cifar10_alexnet_GEN_kp90_seed1024,0.9,0.8226,73,False,0.9,alexnet,False,0,0,2,0.8226,121,1,0.8112,653,5,2,9,0.9,CIFAR10_alexnet_GEN_accuracy_kp9000_seed1024,1024,36000,666,42,accuracy,101024,0.8226,3,0.5574695217132568,23.94561769068241,10,0.5574695217132568,valid,0.8225958778370254,0.8252575370044781,0.8226000000000001,101024
GEN,0.8226,121,121,offspring,0,2,CIFAR10,667,main_b1000_cifar10_alexnet_GEN_kp90_seed1024,0.9,0.8112,73,False,0.9,alexnet,False,0,0,1,0.8112,653,5,0.8226,121,1,2,10,0.9,CIFAR10_alexnet_GEN_accuracy_kp9000_seed1024,1024,36000,667,42,accuracy,101024,0.8112,2,0.5747641872882843,24.086762309074402,10,0.5747641872882843,valid,0.8117873803403214,0.8164112445011484,0.8112,101024
GEN,0.8226,121,121,offspring,62,58,CIFAR10,668,main_b1000_cifar10_alexnet_GEN_kp90_seed1024,0.9,0.8159,74,False,0.9,alexnet,False,0,0,1,0.818,662,5,0.8226,121,1,120,2,0.9,CIFAR10_alexnet_GEN_accuracy_kp9000_seed1024,1024,36000,668,42,accuracy,101024,0.8159,3,0.5738889928817749,23.913883946835995,10,0.5738889928817749,valid,0.8154183952995624,0.8177684923216461,0.8158999999999998,101024
GEN,0.8226,121,121,offspring,58,62,CIFAR10,669,main_b1000_cifar10_alexnet_GEN_kp90_seed1024,0.9,0.8129,74,False,0.9,alexnet,False,0,0,2,0.818,662,5,0.8226,121,1,120,3,0.9,CIFAR10_alexnet_GEN_accuracy_kp9000_seed1024,1024,36000,669,42,accuracy,101024,0.8129,2,0.5690664914131165,23.965668238699436,10,0.5690664914131165,valid,0.8126349137499153,0.8177593342293983,0.8129,101024
GEN,0.8226,121,121,offspring,1858,1798,CIFAR10,670,main_b1000_cifar10_alexnet_GEN_kp90_seed1024,0.9,0.803,74,False,0.9,alexnet,False,0,0,1,0.8175,659,2,0.8166,661,4,3656,4,0.9,CIFAR10_alexnet_GEN_accuracy_kp9000_seed1024,1024,36000,670,42,accuracy,101024,0.803,1,0.584290903711319,24.206474520266056,10,0.584290903711319,valid,0.8033996794898524,0.8108247512147928,0.8029999999999999,101024
GEN,0.8226,121,121,offspring,1798,1858,CIFAR10,671,main_b1000_cifar10_alexnet_GEN_kp90_seed1024,0.9,0.8036,74,False,0.9,alexnet,True,3600,1800,2,0.8175,659,2,0.8166,661,4,3656,5,0.9,CIFAR10_alexnet_GEN_accuracy_kp9000_seed1024,1024,36000,671,42,accuracy,101024,0.8036,1,0.5644281026363372,23.811648942530155,10,0.5644281026363372,valid,0.8032627131380792,0.8094805551186773,0.8036,101024
GEN,0.8226,121,121,offspring,1806,1840,CIFAR10,672,main_b1000_cifar10_alexnet_GEN_kp90_seed1024,0.9,0.8106,74,False,0.9,alexnet,False,0,0,1,0.8175,659,2,0.8226,121,1,3646,6,0.9,CIFAR10_alexnet_GEN_accuracy_kp9000_seed1024,1024,36000,672,42,accuracy,101024,0.8106,1,0.55944855260849,24.041268311440945,10,0.55944855260849,valid,0.8103748822332226,0.813134842309629,0.8106,101024
GEN,0.8226,121,121,offspring,1840,1806,CIFAR10,673,main_b1000_cifar10_alexnet_GEN_kp90_seed1024,0.9,0.8153,74,False,0.9,alexnet,False,0,0,2,0.8175,659,2,0.8226,121,1,3646,7,0.9,CIFAR10_alexnet_GEN_accuracy_kp9000_seed1024,1024,36000,673,42,accuracy,101024,0.8153,3,0.5758794111251831,23.78346036374569,10,0.5758794111251831,valid,0.8161461872110527,0.8203427167143426,0.8152999999999999,101024
GEN,0.8226,121,121,offspring,1804,1842,CIFAR10,674,main_b1000_cifar10_alexnet_GEN_kp90_seed1024,0.9,0.815,74,False,0.9,alexnet,False,0,0,1,0.8226,666,9,0.8175,659,2,3646,8,0.9,CIFAR10_alexnet_GEN_accuracy_kp9000_seed1024,1024,36000,674,42,accuracy,101024,0.815,2,0.557693157529831,23.857238195836544,10,0.557693157529831,valid,0.8152512090452383,0.8176219560829914,0.8150000000000001,101024
GEN,0.8226,121,121,offspring,1842,1804,CIFAR10,675,main_b1000_cifar10_alexnet_GEN_kp90_seed1024,0.9,0.8085,74,False,0.9,alexnet,False,0,0,2,0.8226,666,9,0.8175,659,2,3646,9,0.9,CIFAR10_alexnet_GEN_accuracy_kp9000_seed1024,1024,36000,675,42,accuracy,101024,0.8085,1,0.5721203657627105,23.95046918094158,10,0.5721203657627105,valid,0.8089065394351028,0.8115304713706154,0.8084999999999999,101024
GEN,0.8226,121,121,offspring,1800,1846,CIFAR10,676,main_b1000_cifar10_alexnet_GEN_kp90_seed1024,0.9,0.8109,74,False,0.9,alexnet,False,0,0,1,0.8226,121,1,0.8175,659,2,3646,10,0.9,CIFAR10_alexnet_GEN_accuracy_kp9000_seed1024,1024,36000,676,42,accuracy,101024,0.8109,2,0.5764037066936493,23.78212007880211,10,0.5764037066936493,valid,0.8117598328332706,0.817360902457437,0.8109,101024
GEN,0.8226,121,121,offspring,922,914,CIFAR10,677,main_b1000_cifar10_alexnet_GEN_kp90_seed1024,0.9,0.7995,75,False,0.9,alexnet,False,0,0,1,0.8129,669,3,0.8153,673,7,1836,2,0.9,CIFAR10_alexnet_GEN_accuracy_kp9000_seed1024,1024,36000,677,42,accuracy,101024,0.7995,1,0.5868242122173309,24.048175387084484,10,0.5868242122173309,valid,0.79903152142421,0.8068682886636098,0.7995,101024
GEN,0.8226,121,121,offspring,914,922,CIFAR10,678,main_b1000_cifar10_alexnet_GEN_kp90_seed1024,0.9,0.814,75,False,0.9,alexnet,False,0,0,2,0.8129,669,3,0.8153,673,7,1836,3,0.9,CIFAR10_alexnet_GEN_accuracy_kp9000_seed1024,1024,36000,678,42,accuracy,101024,0.814,2,0.5584322028160095,23.80251706391573,10,0.5584322028160095,valid,0.8146761677712607,0.8181318929734106,0.8139999999999998,101024
GEN,0.8226,121,121,offspring,30,32,CIFAR10,679,main_b1000_cifar10_alexnet_GEN_kp90_seed1024,0.9,0.8093,75,False,0.9,alexnet,False,0,0,1,0.8129,669,3,0.8226,121,1,62,4,0.9,CIFAR10_alexnet_GEN_accuracy_kp9000_seed1024,1024,36000,679,42,accuracy,101024,0.8093,2,0.5741016039848328,23.96591390669346,10,0.5741016039848328,valid,0.8100457175041628,0.8161942558488582,0.8093,101024
GEN,0.8226,121,121,offspring,32,30,CIFAR10,680,main_b1000_cifar10_alexnet_GEN_kp90_seed1024,0.9,0.8052,75,False,0.9,alexnet,False,0,0,2,0.8129,669,3,0.8226,121,1,62,5,0.9,CIFAR10_alexnet_GEN_accuracy_kp9000_seed1024,1024,36000,680,42,accuracy,101024,0.8052,2,0.5874462668180466,23.84634566307068,10,0.5874462668180466,valid,0.8059925540521684,0.8151820942177561,0.8051999999999999,101024
GEN,0.8226,121,121,offspring,52,68,CIFAR10,681,main_b1000_cifar10_alexnet_GEN_kp90_seed1024,0.9,0.8153,75,False,0.9,alexnet,False,0,0,1,0.8129,669,3,0.8159,668,2,120,6,0.9,CIFAR10_alexnet_GEN_accuracy_kp9000_seed1024,1024,36000,681,42,accuracy,101024,0.8153,4,0.5805659561157227,23.897958137094975,10,0.5805659561157227,valid,0.8147807442680739,0.816695659983037,0.8152999999999999,101024
GEN,0.8226,121,121,offspring,68,52,CIFAR10,682,main_b1000_cifar10_alexnet_GEN_kp90_seed1024,0.9,0.8144,75,False,0.9,alexnet,True,3600,1800,2,0.8129,669,3,0.8159,668,2,120,7,0.9,CIFAR10_alexnet_GEN_accuracy_kp9000_seed1024,1024,36000,682,42,accuracy,101024,0.8144,2,0.5709390488147735,24.015126146376133,10,0.5709390488147735,valid,0.8151472800839736,0.820089648063331,0.8144,101024
GEN,0.8226,121,121,offspring,876,930,CIFAR10,683,main_b1000_cifar10_alexnet_GEN_kp90_seed1024,0.9,0.8089,75,False,0.9,alexnet,False,0,0,1,0.8153,673,7,0.8226,121,1,1806,8,0.9,CIFAR10_alexnet_GEN_accuracy_kp9000_seed1024,1024,36000,683,42,accuracy,101024,0.8089,1,0.5614129301071167,23.823654361069202,10,0.5614129301071167,valid,0.8085377006558885,0.8148451295283612,0.8089000000000001,101024
GEN,0.8226,121,121,offspring,930,876,CIFAR10,684,main_b1000_cifar10_alexnet_GEN_kp90_seed1024,0.9,0.8147,75,False,0.9,alexnet,False,0,0,2,0.8153,673,7,0.8226,121,1,1806,9,0.9,CIFAR10_alexnet_GEN_accuracy_kp9000_seed1024,1024,36000,684,42,accuracy,101024,0.8147,1,0.5559305531024933,24.074386298656464,10,0.5559305531024933,valid,0.8145318179478375,0.8161149712463958,0.8147,101024
GEN,0.8226,121,121,offspring,904,926,CIFAR10,685,main_b1000_cifar10_alexnet_GEN_kp90_seed1024,0.9,0.8048,75,False,0.9,alexnet,False,0,0,1,0.8159,668,2,0.8153,673,7,1830,10,0.9,CIFAR10_alexnet_GEN_accuracy_kp9000_seed1024,1024,36000,685,42,accuracy,101024,0.8048,1,0.5669906131744384,23.794842965900898,10,0.5669906131744384,valid,0.8034083653087578,0.8058723749303963,0.8048,101024
GEN,0.8226,121,121,offspring,412,464,CIFAR10,686,main_b1000_cifar10_alexnet_GEN_kp90_seed1024,0.9,0.811,76,False,0.9,alexnet,False,0,0,1,0.8226,121,1,0.8147,684,9,876,2,0.9,CIFAR10_alexnet_GEN_accuracy_kp9000_seed1024,1024,36000,686,42,accuracy,101024,0.811,2,0.5659427979707717,23.95763984322548,10,0.5659427979707717,valid,0.8115729489633319,0.8170276311026129,0.8109999999999999,101024
GEN,0.8226,121,121,offspring,464,412,CIFAR10,687,main_b1000_cifar10_alexnet_GEN_kp90_seed1024,0.9,0.8163,76,False,0.9,alexnet,True,3600,1800,2,0.8226,121,1,0.8147,684,9,876,3,0.9,CIFAR10_alexnet_GEN_accuracy_kp9000_seed1024,1024,36000,687,42,accuracy,101024,0.8163,3,0.5625577130317688,23.861949525773525,10,0.5625577130317688,valid,0.8169386112964574,0.8215957947304691,0.8163,101024
GEN,0.8226,121,121,offspring,1874,1764,CIFAR10,688,main_b1000_cifar10_alexnet_GEN_kp90_seed1024,0.9,0.8131,76,False,0.9,alexnet,False,0,0,1,0.8144,682,7,0.8153,681,6,3638,4,0.9,CIFAR10_alexnet_GEN_accuracy_kp9000_seed1024,1024,36000,688,42,accuracy,101024,0.8131,2,0.5717385757446289,23.782985918223858,10,0.5717385757446289,valid,0.8127553324244591,0.8151816219395374,0.8131,101024
GEN,0.8226,121,121,offspring,1764,1874,CIFAR10,689,main_b1000_cifar10_alexnet_GEN_kp90_seed1024,0.9,0.8191,76,False,0.9,alexnet,True,3600,1800,2,0.8144,682,7,0.8153,681,6,3638,5,0.9,CIFAR10_alexnet_GEN_accuracy_kp9000_seed1024,1024,36000,689,42,accuracy,101024,0.8191,2,0.5486499655723571,24.07600300014019,10,0.5486499655723571,valid,0.8197584034793366,0.8245948591518394,0.8191,101024
GEN,0.8226,121,121,offspring,1802,1816,CIFAR10,690,main_b1000_cifar10_alexnet_GEN_kp90_seed1024,0.9,0.8158,76,False,0.9,alexnet,False,0,0,1,0.8226,121,1,0.8144,682,7,3618,6,0.9,CIFAR10_alexnet_GEN_accuracy_kp9000_seed1024,1024,36000,690,42,accuracy,101024,0.8158,3,0.573376366353035,23.8232369273901,10,0.573376366353035,valid,0.8151811283527645,0.8200178871581197,0.8158000000000001,101024
GEN,0.8226,121,121,offspring,1816,1802,CIFAR10,691,main_b1000_cifar10_alexnet_GEN_kp90_seed1024,0.9,0.8077,76,False,0.9,alexnet,False,0,0,2,0.8226,121,1,0.8144,682,7,3618,7,0.9,CIFAR10_alexnet_GEN_accuracy_kp9000_seed1024,1024,36000,691,42,accuracy,101024,0.8077,2,0.5783162485599518,23.721859872341156,10,0.5783162485599518,valid,0.807618871826641,0.8109237718775981,0.8077,101024
GEN,0.8226,121,121,offspring,1810,1828,CIFAR10,692,main_b1000_cifar10_alexnet_GEN_kp90_seed1024,0.9,0.8144,76,False,0.9,alexnet,False,0,0,1,0.8144,682,7,0.8153,681,6,3638,8,0.9,CIFAR10_alexnet_GEN_accuracy_kp9000_seed1024,1024,36000,692,42,accuracy,101024,0.8144,2,0.5646228943347931,24.092444382607937,10,0.5646228943347931,valid,0.8142629537745263,0.8168447640161866,0.8144,101024
GEN,0.8226,121,121,offspring,1828,1810,CIFAR10,693,main_b1000_cifar10_alexnet_GEN_kp90_seed1024,0.9,0.8088,76,False,0.9,alexnet,False,0,0,2,0.8144,682,7,0.8153,681,6,3638,9,0.9,CIFAR10_alexnet_GEN_accuracy_kp9000_seed1024,1024,36000,693,42,accuracy,101024,0.8088,2,0.5720574424743652,23.936612732708454,10,0.5720574424743652,valid,0.8078890805300076,0.8103060179700478,0.8088000000000001,101024
GEN,0.8226,121,121,offspring,488,436,CIFAR10,694,main_b1000_cifar10_alexnet_GEN_kp90_seed1024,0.9,0.8057,76,False,0.9,alexnet,False,0,0,1,0.8153,681,6,0.8147,684,9,924,10,0.9,CIFAR10_alexnet_GEN_accuracy_kp9000_seed1024,1024,36000,694,42,accuracy,101024,0.8057,1,0.5764081475257874,23.989307790994644,10,0.5764081475257874,valid,0.8060702343462165,0.8114813654738594,0.8056999999999999,101024
GEN,0.8226,121,121,offspring,2964,3016,CIFAR10,695,main_b1000_cifar10_alexnet_GEN_kp90_seed1024,0.9,0.809,77,False,0.9,alexnet,False,0,0,1,0.8163,687,3,0.8191,689,5,5980,2,0.9,CIFAR10_alexnet_GEN_accuracy_kp9000_seed1024,1024,36000,695,42,accuracy,101024,0.809,2,0.5717988129138947,23.85493465512991,10,0.5717988129138947,valid,0.8077992067556521,0.8100819868937166,0.8089999999999999,101024
GEN,0.8226,121,121,offspring,3016,2964,CIFAR10,696,main_b1000_cifar10_alexnet_GEN_kp90_seed1024,0.9,0.8156,77,False,0.9,alexnet,False,0,0,2,0.8163,687,3,0.8191,689,5,5980,3,0.9,CIFAR10_alexnet_GEN_accuracy_kp9000_seed1024,1024,36000,696,42,accuracy,101024,0.8156,3,0.5709096528053283,24.06049184501171,10,0.5709096528053283,valid,0.814554121744675,0.8170908015374032,0.8156000000000001,101024
GEN,0.8226,121,121,offspring,202,210,CIFAR10,697,main_b1000_cifar10_alexnet_GEN_kp90_seed1024,0.9,0.8118,77,False,0.9,alexnet,False,0,0,1,0.8226,121,1,0.811,686,2,412,4,0.9,CIFAR10_alexnet_GEN_accuracy_kp9000_seed1024,1024,36000,697,42,accuracy,101024,0.8118,1,0.5584245533466339,23.866610176861286,10,0.5584245533466339,valid,0.8113325698439828,0.8125974492526575,0.8118000000000001,101024
GEN,0.8226,121,121,offspring,210,202,CIFAR10,698,main_b1000_cifar10_alexnet_GEN_kp90_seed1024,0.9,0.8162,77,False,0.9,alexnet,False,0,0,2,0.8226,121,1,0.811,686,2,412,5,0.9,CIFAR10_alexnet_GEN_accuracy_kp9000_seed1024,1024,36000,698,42,accuracy,101024,0.8162,3,0.5628375167369842,24.11053877323866,10,0.5628375167369842,valid,0.8157077234298835,0.8183401277980213,0.8162,101024
GEN,0.8226,121,121,offspring,916,910,CIFAR10,699,main_b1000_cifar10_alexnet_GEN_kp90_seed1024,0.9,0.8108,77,False,0.9,alexnet,False,0,0,1,0.8158,690,6,0.8088,693,9,1826,6,0.9,CIFAR10_alexnet_GEN_accuracy_kp9000_seed1024,1024,36000,699,42,accuracy,101024,0.8108,1,0.5618613493919372,23.839532159268856,10,0.5618613493919372,valid,0.8104860807952461,0.8128798962998582,0.8107999999999999,101024
GEN,0.8226,121,121,offspring,910,916,CIFAR10,700,main_b1000_cifar10_alexnet_GEN_kp90_seed1024,0.9,0.8214,77,False,0.9,alexnet,False,0,0,2,0.8158,690,6,0.8088,693,9,1826,7,0.9,CIFAR10_alexnet_GEN_accuracy_kp9000_seed1024,1024,36000,700,42,accuracy,101024,0.8214,4,0.5739310704231262,23.89880072325468,10,0.5739310704231262,valid,0.8213144188052175,0.8229983297344123,0.8214,101024
GEN,0.8226,121,121,offspring,908,940,CIFAR10,701,main_b1000_cifar10_alexnet_GEN_kp90_seed1024,0.9,0.8157,77,False,0.9,alexnet,False,0,0,1,0.8131,688,4,0.8158,690,6,1848,8,0.9,CIFAR10_alexnet_GEN_accuracy_kp9000_seed1024,1024,36000,701,42,accuracy,101024,0.8157,2,0.5573357217788696,23.969667106866837,10,0.5573357217788696,valid,0.8144574379404095,0.8167167965650227,0.8157,101024
GEN,0.8226,121,121,offspring,940,908,CIFAR10,702,main_b1000_cifar10_alexnet_GEN_kp90_seed1024,0.9,0.8108,77,False,0.9,alexnet,False,0,0,2,0.8131,688,4,0.8158,690,6,1848,9,0.9,CIFAR10_alexnet_GEN_accuracy_kp9000_seed1024,1024,36000,702,42,accuracy,101024,0.8108,2,0.5612410668849945,23.792438104748726,10,0.5612410668849945,valid,0.8103599449290908,0.8135119508265884,0.8107999999999999,101024
GEN,0.8226,121,121,offspring,956,900,CIFAR10,703,main_b1000_cifar10_alexnet_GEN_kp90_seed1024,0.9,0.8002,77,False,0.9,alexnet,False,0,0,1,0.8226,121,1,0.8144,692,8,1856,10,0.9,CIFAR10_alexnet_GEN_accuracy_kp9000_seed1024,1024,36000,703,42,accuracy,101024,0.8002,1,0.5871296564102173,24.07924535125494,10,0.5871296564102173,valid,0.8017209523819154,0.8127975549582851,0.8001999999999999,101024
GEN,0.8226,121,121,offspring,966,970,CIFAR10,704,main_b1000_cifar10_alexnet_GEN_kp90_seed1024,0.9,0.8003,78,False,0.9,alexnet,False,0,0,1,0.8162,698,5,0.8214,700,7,1936,2,0.9,CIFAR10_alexnet_GEN_accuracy_kp9000_seed1024,1024,36000,704,42,accuracy,101024,0.8003,1,0.5783450429439545,24.286842070519924,10,0.5783450429439545,valid,0.8005987771614361,0.8074914337413741,0.8003,101024
GEN,0.8226,121,121,offspring,970,966,CIFAR10,705,main_b1000_cifar10_alexnet_GEN_kp90_seed1024,0.9,0.8104,78,False,0.9,alexnet,False,0,0,2,0.8162,698,5,0.8214,700,7,1936,3,0.9,CIFAR10_alexnet_GEN_accuracy_kp9000_seed1024,1024,36000,705,42,accuracy,101024,0.8104,2,0.5854360545158386,24.079644046723843,10,0.5854360545158386,valid,0.8112612176671826,0.8237664628016101,0.8103999999999999,101024
GEN,0.8226,121,121,offspring,92,118,CIFAR10,706,main_b1000_cifar10_alexnet_GEN_kp90_seed1024,0.9,0.8149,78,False,0.9,alexnet,False,0,0,1,0.8226,121,1,0.8162,698,5,210,4,0.9,CIFAR10_alexnet_GEN_accuracy_kp9000_seed1024,1024,36000,706,42,accuracy,101024,0.8149,2,0.5566017926216126,23.844949774444103,10,0.5566017926216126,valid,0.8162133432699334,0.8207272270944376,0.8149000000000001,101024
GEN,0.8226,121,121,offspring,118,92,CIFAR10,707,main_b1000_cifar10_alexnet_GEN_kp90_seed1024,0.9,0.8076,78,False,0.9,alexnet,False,0,0,2,0.8226,121,1,0.8162,698,5,210,5,0.9,CIFAR10_alexnet_GEN_accuracy_kp9000_seed1024,1024,36000,707,42,accuracy,101024,0.8076,2,0.5812849138259888,24.124270975589752,10,0.5812849138259888,valid,0.8072207549223351,0.8148343752869419,0.8076000000000001,101024
GEN,0.8226,121,121,offspring,2406,2446,CIFAR10,708,main_b1000_cifar10_alexnet_GEN_kp90_seed1024,0.9,0.8189,78,False,0.9,alexnet,False,0,0,1,0.8157,701,8,0.8156,696,3,4852,6,0.9,CIFAR10_alexnet_GEN_accuracy_kp9000_seed1024,1024,36000,708,42,accuracy,101024,0.8189,2,0.547821384191513,24.044597901403904,10,0.547821384191513,valid,0.8191291018113436,0.8206058633097892,0.8189,101024
GEN,0.8226,121,121,offspring,2446,2406,CIFAR10,709,main_b1000_cifar10_alexnet_GEN_kp90_seed1024,0.9,0.8167,78,False,0.9,alexnet,False,0,0,2,0.8157,701,8,0.8156,696,3,4852,7,0.9,CIFAR10_alexnet_GEN_accuracy_kp9000_seed1024,1024,36000,709,42,accuracy,101024,0.8167,3,0.564005107307434,23.754493340849876,10,0.564005107307434,valid,0.8165459560078598,0.8191146691896052,0.8167,101024
GEN,0.8226,121,121,offspring,886,892,CIFAR10,710,main_b1000_cifar10_alexnet_GEN_kp90_seed1024,0.9,0.8124,78,False,0.9,alexnet,False,0,0,1,0.8226,121,1,0.8157,701,8,1778,8,0.9,CIFAR10_alexnet_GEN_accuracy_kp9000_seed1024,1024,36000,710,42,accuracy,101024,0.8124,2,0.5699599274635315,24.185516141355038,10,0.5699599274635315,valid,0.8115076700563776,0.8169360920738733,0.8124,101024
GEN,0.8226,121,121,offspring,892,886,CIFAR10,711,main_b1000_cifar10_alexnet_GEN_kp90_seed1024,0.9,0.8062,78,False,0.9,alexnet,False,0,0,2,0.8226,121,1,0.8157,701,8,1778,9,0.9,CIFAR10_alexnet_GEN_accuracy_kp9000_seed1024,1024,36000,711,42,accuracy,101024,0.8062,1,0.5684633989334107,23.842533349990845,10,0.5684633989334107,valid,0.8058208717324999,0.8109335259804574,0.8061999999999999,101024
GEN,0.8226,121,121,offspring,104,106,CIFAR10,712,main_b1000_cifar10_alexnet_GEN_kp90_seed1024,0.9,0.8079,78,False,0.9,alexnet,False,0,0,1,0.8226,121,1,0.8162,698,5,210,10,0.9,CIFAR10_alexnet_GEN_accuracy_kp9000_seed1024,1024,36000,712,42,accuracy,101024,0.8079,2,0.5750989703655243,24.067429080605507,10,0.5750989703655243,valid,0.8058344231272224,0.8116847249345982,0.8079000000000001,101024
GEN,0.8226,121,121,offspring,2480,2372,CIFAR10,713,main_b1000_cifar10_alexnet_GEN_kp90_seed1024,0.9,0.8127,79,False,0.9,alexnet,False,0,0,1,0.8189,708,6,0.8167,709,7,4852,2,0.9,CIFAR10_alexnet_GEN_accuracy_kp9000_seed1024,1024,36000,713,42,accuracy,101024,0.8127,2,0.574240782046318,24.409899555146694,10,0.574240782046318,valid,0.8124514433736696,0.8161948231950836,0.8126999999999999,101024
GEN,0.8226,121,121,offspring,2372,2480,CIFAR10,714,main_b1000_cifar10_alexnet_GEN_kp90_seed1024,0.9,0.808,79,False,0.9,alexnet,False,0,0,2,0.8189,708,6,0.8167,709,7,4852,3,0.9,CIFAR10_alexnet_GEN_accuracy_kp9000_seed1024,1024,36000,714,42,accuracy,101024,0.808,1,0.572646740436554,23.895773336291313,10,0.572646740436554,valid,0.8075417625601871,0.8135358990751987,0.808,101024
GEN,0.8226,121,121,offspring,1510,1490,CIFAR10,715,main_b1000_cifar10_alexnet_GEN_kp90_seed1024,0.9,0.8142,79,False,0.9,alexnet,False,0,0,1,0.8189,708,6,0.8226,121,1,3000,4,0.9,CIFAR10_alexnet_GEN_accuracy_kp9000_seed1024,1024,36000,715,42,accuracy,101024,0.8142,2,0.5672353478908538,23.958460204303265,10,0.5672353478908538,valid,0.8141017865544194,0.8167659631983849,0.8141999999999999,101024
GEN,0.8226,121,121,offspring,1490,1510,CIFAR10,716,main_b1000_cifar10_alexnet_GEN_kp90_seed1024,0.9,0.8135,79,False,0.9,alexnet,False,0,0,2,0.8189,708,6,0.8226,121,1,3000,5,0.9,CIFAR10_alexnet_GEN_accuracy_kp9000_seed1024,1024,36000,716,42,accuracy,101024,0.8135,2,0.5668853506088257,23.824007496237755,10,0.5668853506088257,valid,0.813261053281298,0.8158872409953345,0.8135,101024
GEN,0.8226,121,121,offspring,1380,1410,CIFAR10,717,main_b1000_cifar10_alexnet_GEN_kp90_seed1024,0.9,0.8179,79,False,0.9,alexnet,False,0,0,1,0.8167,709,7,0.8124,710,8,2790,6,0.9,CIFAR10_alexnet_GEN_accuracy_kp9000_seed1024,1024,36000,717,42,accuracy,101024,0.8179,3,0.564757996559143,24.10986216366291,10,0.564757996559143,valid,0.8181616283654964,0.8196488244503961,0.8179000000000001,101024
GEN,0.8226,121,121,offspring,1410,1380,CIFAR10,718,main_b1000_cifar10_alexnet_GEN_kp90_seed1024,0.9,0.8154,79,False,0.9,alexnet,False,0,0,2,0.8167,709,7,0.8124,710,8,2790,7,0.9,CIFAR10_alexnet_GEN_accuracy_kp9000_seed1024,1024,36000,718,42,accuracy,101024,0.8154,4,0.5787166582584381,23.83620485663414,10,0.5787166582584381,valid,0.8160049077183229,0.8183468436545225,0.8154000000000001,101024
GEN,0.8226,121,121,offspring,1524,1476,CIFAR10,719,main_b1000_cifar10_alexnet_GEN_kp90_seed1024,0.9,0.8178,79,False,0.9,alexnet,False,0,0,1,0.8226,121,1,0.8189,708,6,3000,8,0.9,CIFAR10_alexnet_GEN_accuracy_kp9000_seed1024,1024,36000,719,42,accuracy,101024,0.8178,3,0.5620789704084397,24.13707771152258,10,0.5620789704084397,valid,0.8178793437902424,0.8215966226771643,0.8178000000000001,101024
GEN,0.8226,121,121,offspring,1476,1524,CIFAR10,720,main_b1000_cifar10_alexnet_GEN_kp90_seed1024,0.9,0.7984,79,False,0.9,alexnet,False,0,0,2,0.8226,121,1,0.8189,708,6,3000,9,0.9,CIFAR10_alexnet_GEN_accuracy_kp9000_seed1024,1024,36000,720,42,accuracy,101024,0.7984,1,0.5956415681838989,23.911545678973198,10,0.5956415681838989,valid,0.7978190184261502,0.8064144430351388,0.7984,101024
GEN,0.8226,121,121,offspring,1468,1580,CIFAR10,721,main_b1000_cifar10_alexnet_GEN_kp90_seed1024,0.9,0.8102,79,False,0.9,alexnet,False,0,0,1,0.8189,708,6,0.8104,705,3,3048,10,0.9,CIFAR10_alexnet_GEN_accuracy_kp9000_seed1024,1024,36000,721,42,accuracy,101024,0.8102,1,0.5485353594779968,23.78441073745489,10,0.5485353594779968,valid,0.8091811958541248,0.8102477822173899,0.8102,101024
GEN,0.8226,121,121,offspring,1022,954,CIFAR10,722,main_b1000_cifar10_alexnet_GEN_kp90_seed1024,0.9,0.813,80,False,0.9,alexnet,True,3600,1800,1,0.8226,121,1,0.8179,717,6,1976,2,0.9,CIFAR10_alexnet_GEN_accuracy_kp9000_seed1024,1024,36000,722,42,accuracy,101024,0.813,2,0.5736380873441697,73.21652557700872,10,0.5736380873441697,valid,0.8124303278019804,0.8132894099005,0.8130000000000001,101024
GEN,0.8226,121,121,offspring,954,1022,CIFAR10,723,main_b1000_cifar10_alexnet_GEN_kp90_seed1024,0.9,0.8085,80,False,0.9,alexnet,False,0,0,2,0.8226,121,1,0.8179,717,6,1976,3,0.9,CIFAR10_alexnet_GEN_accuracy_kp9000_seed1024,1024,36000,723,42,accuracy,101024,0.8085,1,0.5717706161499023,23.75774786621332,10,0.5717706161499023,valid,0.8090909005807699,0.8154047507703444,0.8085000000000001,101024
GEN,0.8226,121,121,offspring,968,1008,CIFAR10,724,main_b1000_cifar10_alexnet_GEN_kp90_seed1024,0.9,0.8008,80,False,0.9,alexnet,False,0,0,1,0.8226,121,1,0.8179,717,6,1976,4,0.9,CIFAR10_alexnet_GEN_accuracy_kp9000_seed1024,1024,36000,724,42,accuracy,101024,0.8008,1,0.5735758640766144,24.15248617529869,10,0.5735758640766144,valid,0.80073802760507,0.8047304988376724,0.8008000000000001,101024
GEN,0.8226,121,121,offspring,1008,968,CIFAR10,725,main_b1000_cifar10_alexnet_GEN_kp90_seed1024,0.9,0.8181,80,False,0.9,alexnet,False,0,0,2,0.8226,121,1,0.8179,717,6,1976,5,0.9,CIFAR10_alexnet_GEN_accuracy_kp9000_seed1024,1024,36000,725,42,accuracy,101024,0.8181,3,0.5645700332164765,23.780291691422462,10,0.5645700332164765,valid,0.8180519230651779,0.8200609492977502,0.8180999999999999,101024
GEN,0.8226,121,121,offspring,760,764,CIFAR10,726,main_b1000_cifar10_alexnet_GEN_kp90_seed1024,0.9,0.8032,80,False,0.9,alexnet,True,3600,1800,1,0.8226,121,1,0.8178,719,8,1524,6,0.9,CIFAR10_alexnet_GEN_accuracy_kp9000_seed1024,1024,36000,726,42,accuracy,101024,0.8032,2,0.5757149967670441,23.93405594676733,10,0.5757149967670441,valid,0.8033502151931835,0.8094750849458545,0.8032,101024
GEN,0.8226,121,121,offspring,764,760,CIFAR10,727,main_b1000_cifar10_alexnet_GEN_kp90_seed1024,0.9,0.8104,80,False,0.9,alexnet,True,3600,1800,2,0.8226,121,1,0.8178,719,8,1524,7,0.9,CIFAR10_alexnet_GEN_accuracy_kp9000_seed1024,1024,36000,727,42,accuracy,101024,0.8104,1,0.5722252883434296,38.196459762752056,10,0.5722252883434296,valid,0.8101977460481719,0.811750325200576,0.8103999999999999,101024
GEN,0.8226,121,121,offspring,976,970,CIFAR10,728,main_b1000_cifar10_alexnet_GEN_kp90_seed1024,0.9,0.812,80,False,0.9,alexnet,False,0,0,1,0.8226,121,1,0.8154,718,7,1946,8,0.9,CIFAR10_alexnet_GEN_accuracy_kp9000_seed1024,1024,36000,728,42,accuracy,101024,0.812,2,0.5698138858795166,23.93510190397501,10,0.5698138858795166,valid,0.8105333872616811,0.8136115866519557,0.8119999999999999,101024
GEN,0.8226,121,121,offspring,970,976,CIFAR10,729,main_b1000_cifar10_alexnet_GEN_kp90_seed1024,0.9,0.8122,80,False,0.9,alexnet,False,0,0,2,0.8226,121,1,0.8154,718,7,1946,9,0.9,CIFAR10_alexnet_GEN_accuracy_kp9000_seed1024,1024,36000,729,42,accuracy,101024,0.8122,3,0.5846150307178497,24.203553564846516,10,0.5846150307178497,valid,0.811846834918071,0.817356065764827,0.8122,101024
GEN,0.8226,121,121,offspring,980,996,CIFAR10,730,main_b1000_cifar10_alexnet_GEN_kp90_seed1024,0.9,0.8098,80,False,0.9,alexnet,False,0,0,1,0.8226,121,1,0.8179,717,6,1976,10,0.9,CIFAR10_alexnet_GEN_accuracy_kp9000_seed1024,1024,36000,730,42,accuracy,101024,0.8098,1,0.5706549503326416,23.780319042503834,10,0.5706549503326416,valid,0.809071434108897,0.810717194474662,0.8098000000000001,101024
GEN,0.8226,121,121,offspring,518,458,CIFAR10,731,main_b1000_cifar10_alexnet_GEN_kp90_seed1024,0.9,0.8122,81,False,0.9,alexnet,False,0,0,1,0.8226,121,1,0.812,728,8,976,2,0.9,CIFAR10_alexnet_GEN_accuracy_kp9000_seed1024,1024,36000,731,42,accuracy,101024,0.8122,3,0.5713393838882447,24.11034321039915,10,0.5713393838882447,valid,0.8124744347706395,0.8161546494774539,0.8122,101024
GEN,0.8226,121,121,offspring,458,518,CIFAR10,732,main_b1000_cifar10_alexnet_GEN_kp90_seed1024,0.9,0.8142,81,False,0.9,alexnet,True,3600,1800,2,0.8226,121,1,0.812,728,8,976,3,0.9,CIFAR10_alexnet_GEN_accuracy_kp9000_seed1024,1024,36000,732,42,accuracy,101024,0.8142,2,0.5669704289674758,23.780051611363888,10,0.5669704289674758,valid,0.8145538180530462,0.8195570989131546,0.8141999999999999,101024
GEN,0.8226,121,121,offspring,2020,2038,CIFAR10,733,main_b1000_cifar10_alexnet_GEN_kp90_seed1024,0.9,0.8095,81,False,0.9,alexnet,False,0,0,1,0.8226,121,1,0.813,722,2,4058,4,0.9,CIFAR10_alexnet_GEN_accuracy_kp9000_seed1024,1024,36000,733,42,accuracy,101024,0.8095,2,0.5789866827487945,23.951443649828434,10,0.5789866827487945,valid,0.8087914894625852,0.8141736333171432,0.8095000000000001,101024
GEN,0.8226,121,121,offspring,2038,2020,CIFAR10,734,main_b1000_cifar10_alexnet_GEN_kp90_seed1024,0.9,0.8138,81,False,0.9,alexnet,False,0,0,2,0.8226,121,1,0.813,722,2,4058,5,0.9,CIFAR10_alexnet_GEN_accuracy_kp9000_seed1024,1024,36000,734,42,accuracy,101024,0.8138,4,0.5817742680311203,23.935966461896896,10,0.5817742680311203,valid,0.8130892774918166,0.816989984082848,0.8138,101024
GEN,0.8226,121,121,offspring,474,496,CIFAR10,735,main_b1000_cifar10_alexnet_GEN_kp90_seed1024,0.9,0.8024,81,False,0.9,alexnet,False,0,0,1,0.8122,729,9,0.8226,121,1,970,6,0.9,CIFAR10_alexnet_GEN_accuracy_kp9000_seed1024,1024,36000,735,42,accuracy,101024,0.8024,1,0.5796830942153931,23.77199074625969,10,0.5796830942153931,valid,0.8017638825410062,0.8119878379915713,0.8024000000000001,101024
GEN,0.8226,121,121,offspring,496,474,CIFAR10,736,main_b1000_cifar10_alexnet_GEN_kp90_seed1024,0.9,0.8158,81,False,0.9,alexnet,False,0,0,2,0.8122,729,9,0.8226,121,1,970,7,0.9,CIFAR10_alexnet_GEN_accuracy_kp9000_seed1024,1024,36000,736,42,accuracy,101024,0.8158,3,0.5683051981449128,24.104889020323753,10,0.5683051981449128,valid,0.8147463871606794,0.8166992413520955,0.8158000000000001,101024
GEN,0.8226,121,121,offspring,482,494,CIFAR10,737,main_b1000_cifar10_alexnet_GEN_kp90_seed1024,0.9,0.8142,81,False,0.9,alexnet,False,0,0,1,0.8226,121,1,0.812,728,8,976,8,0.9,CIFAR10_alexnet_GEN_accuracy_kp9000_seed1024,1024,36000,737,42,accuracy,101024,0.8142,2,0.5535001174449921,23.8330657184124,10,0.5535001174449921,valid,0.8140266641672396,0.8155971944472933,0.8141999999999999,101024
GEN,0.8226,121,121,offspring,494,482,CIFAR10,738,main_b1000_cifar10_alexnet_GEN_kp90_seed1024,0.9,0.8126,81,False,0.9,alexnet,False,0,0,2,0.8226,121,1,0.812,728,8,976,9,0.9,CIFAR10_alexnet_GEN_accuracy_kp9000_seed1024,1024,36000,738,42,accuracy,101024,0.8126,2,0.5790365983963013,24.09374175220728,10,0.5790365983963013,valid,0.8121281094910884,0.8175032907467509,0.8126000000000001,101024
GEN,0.8226,121,121,offspring,494,476,CIFAR10,739,main_b1000_cifar10_alexnet_GEN_kp90_seed1024,0.9,0.8073,81,False,0.9,alexnet,False,0,0,1,0.8226,121,1,0.8122,729,9,970,10,0.9,CIFAR10_alexnet_GEN_accuracy_kp9000_seed1024,1024,36000,739,42,accuracy,101024,0.8073,2,0.5796478572368622,23.881119541823864,10,0.5796478572368622,valid,0.8074516005909519,0.8148143943293812,0.8073,101024
GEN,0.8226,121,121,offspring,2026,2064,CIFAR10,740,main_b1000_cifar10_alexnet_GEN_kp90_seed1024,0.9,0.8032,82,False,0.9,alexnet,False,0,0,1,0.8142,732,3,0.8158,736,7,4090,2,0.9,CIFAR10_alexnet_GEN_accuracy_kp9000_seed1024,1024,36000,740,42,accuracy,101024,0.8032,1,0.5839881412267685,24.0361505150795,10,0.5839881412267685,valid,0.8046999617980957,0.8135526359046306,0.8031999999999998,101024
GEN,0.8226,121,121,offspring,2064,2026,CIFAR10,741,main_b1000_cifar10_alexnet_GEN_kp90_seed1024,0.9,0.8083,82,False,0.9,alexnet,False,0,0,2,0.8142,732,3,0.8158,736,7,4090,3,0.9,CIFAR10_alexnet_GEN_accuracy_kp9000_seed1024,1024,36000,741,42,accuracy,101024,0.8083,1,0.5583046283245087,23.99336825311184,10,0.5583046283245087,valid,0.8079565437319861,0.8083996301868867,0.8083,101024
GEN,0.8226,121,121,offspring,242,232,CIFAR10,742,main_b1000_cifar10_alexnet_GEN_kp90_seed1024,0.9,0.8132,82,False,0.9,alexnet,False,0,0,1,0.8226,121,1,0.8158,736,7,474,4,0.9,CIFAR10_alexnet_GEN_accuracy_kp9000_seed1024,1024,36000,742,42,accuracy,101024,0.8132,2,0.5775552157878876,23.904949843883514,10,0.5775552157878876,valid,0.8135863867912514,0.8174825894721506,0.8132000000000001,101024
GEN,0.8226,121,121,offspring,232,242,CIFAR10,743,main_b1000_cifar10_alexnet_GEN_kp90_seed1024,0.9,0.8121,82,False,0.9,alexnet,False,0,0,2,0.8226,121,1,0.8158,736,7,474,5,0.9,CIFAR10_alexnet_GEN_accuracy_kp9000_seed1024,1024,36000,743,42,accuracy,101024,0.8121,3,0.5894361307144165,24.11322881281376,10,0.5894361307144165,valid,0.8106372926605614,0.8158097690784627,0.8121,101024
GEN,0.8226,121,121,offspring,230,252,CIFAR10,744,main_b1000_cifar10_alexnet_GEN_kp90_seed1024,0.9,0.8162,82,False,0.9,alexnet,False,0,0,1,0.8226,121,1,0.8142,737,8,482,6,0.9,CIFAR10_alexnet_GEN_accuracy_kp9000_seed1024,1024,36000,744,42,accuracy,101024,0.8162,2,0.5616296223163605,23.845817528665066,10,0.5616296223163605,valid,0.8161713209644329,0.8182858933302699,0.8162,101024
GEN,0.8226,121,121,offspring,252,230,CIFAR10,745,main_b1000_cifar10_alexnet_GEN_kp90_seed1024,0.9,0.8109,82,False,0.9,alexnet,True,3600,1800,2,0.8226,121,1,0.8142,737,8,482,7,0.9,CIFAR10_alexnet_GEN_accuracy_kp9000_seed1024,1024,36000,745,42,accuracy,101024,0.8109,1,0.5596426482200623,24.33249080181122,10,0.5596426482200623,valid,0.8111463494604253,0.8132171224866804,0.8109000000000002,101024
GEN,0.8226,121,121,offspring,1910,1926,CIFAR10,746,main_b1000_cifar10_alexnet_GEN_kp90_seed1024,0.9,0.8065,82,False,0.9,alexnet,False,0,0,1,0.8142,732,3,0.8142,737,8,3836,8,0.9,CIFAR10_alexnet_GEN_accuracy_kp9000_seed1024,1024,36000,746,42,accuracy,101024,0.8065,1,0.5753747691631317,23.882192812860012,10,0.5753747691631317,valid,0.8066234075769007,0.8109567520175037,0.8065,101024
GEN,0.8226,121,121,offspring,1926,1910,CIFAR10,747,main_b1000_cifar10_alexnet_GEN_kp90_seed1024,0.9,0.8078,82,False,0.9,alexnet,False,0,0,2,0.8142,732,3,0.8142,737,8,3836,9,0.9,CIFAR10_alexnet_GEN_accuracy_kp9000_seed1024,1024,36000,747,42,accuracy,101024,0.8078,1,0.5615913843154907,23.893757320940495,10,0.5615913843154907,valid,0.8071618322072258,0.8076832147513759,0.8078,101024
GEN,0.8226,121,121,offspring,260,222,CIFAR10,748,main_b1000_cifar10_alexnet_GEN_kp90_seed1024,0.9,0.8042,82,False,0.9,alexnet,False,0,0,1,0.8226,121,1,0.8142,737,8,482,10,0.9,CIFAR10_alexnet_GEN_accuracy_kp9000_seed1024,1024,36000,748,42,accuracy,101024,0.8042,2,0.5859922729969025,24.068910494446754,10,0.5859922729969025,valid,0.8039040334405001,0.8111674948755662,0.8042,101024
GEN,0.8226,121,121,offspring,108,122,CIFAR10,749,main_b1000_cifar10_alexnet_GEN_kp90_seed1024,0.9,0.8028,83,False,0.9,alexnet,False,0,0,1,0.8226,121,1,0.8162,744,6,230,2,0.9,CIFAR10_alexnet_GEN_accuracy_kp9000_seed1024,1024,36000,749,42,accuracy,101024,0.8028,1,0.5786373118400574,23.85921474546194,10,0.5786373118400574,valid,0.8035645504856692,0.8110920544231455,0.8028000000000001,101024
GEN,0.8226,121,121,offspring,122,108,CIFAR10,750,main_b1000_cifar10_alexnet_GEN_kp90_seed1024,0.9,0.8136,83,False,0.9,alexnet,True,3600,1800,2,0.8226,121,1,0.8162,744,6,230,3,0.9,CIFAR10_alexnet_GEN_accuracy_kp9000_seed1024,1024,36000,750,42,accuracy,101024,0.8136,2,0.5644478280067444,24.122570380568504,10,0.5644478280067444,valid,0.8120546477679254,0.8146718188425128,0.8135999999999999,101024
GEN,0.8226,121,121,offspring,244,228,CIFAR10,751,main_b1000_cifar10_alexnet_GEN_kp90_seed1024,0.9,0.8074,83,False,0.9,alexnet,False,0,0,1,0.8162,744,6,0.8132,742,4,472,4,0.9,CIFAR10_alexnet_GEN_accuracy_kp9000_seed1024,1024,36000,751,42,accuracy,101024,0.8074,2,0.579106462430954,23.86894677579403,10,0.579106462430954,valid,0.8065284296858655,0.811857972339223,0.8074,101024
GEN,0.8226,121,121,offspring,228,244,CIFAR10,752,main_b1000_cifar10_alexnet_GEN_kp90_seed1024,0.9,0.8171,83,False,0.9,alexnet,False,0,0,2,0.8162,744,6,0.8132,742,4,472,5,0.9,CIFAR10_alexnet_GEN_accuracy_kp9000_seed1024,1024,36000,752,42,accuracy,101024,0.8171,3,0.5580257766246796,24.048909693956375,10,0.5580257766246796,valid,0.8167036673582556,0.8181025603544134,0.8171000000000002,101024
GEN,0.8226,121,121,offspring,1884,1926,CIFAR10,753,main_b1000_cifar10_alexnet_GEN_kp90_seed1024,0.9,0.812,83,False,0.9,alexnet,False,0,0,1,0.8162,744,6,0.8109,745,7,3810,6,0.9,CIFAR10_alexnet_GEN_accuracy_kp9000_seed1024,1024,36000,753,42,accuracy,101024,0.812,2,0.5661339214801788,24.04094211012125,10,0.5661339214801788,valid,0.8111259628137255,0.8158118076130071,0.812,101024
GEN,0.8226,121,121,offspring,1926,1884,CIFAR10,754,main_b1000_cifar10_alexnet_GEN_kp90_seed1024,0.9,0.812,83,False,0.9,alexnet,False,0,0,2,0.8162,744,6,0.8109,745,7,3810,7,0.9,CIFAR10_alexnet_GEN_accuracy_kp9000_seed1024,1024,36000,754,42,accuracy,101024,0.812,2,0.5743660381793976,23.90306544303894,10,0.5743660381793976,valid,0.8126367645995256,0.819271156361359,0.812,101024
GEN,0.8226,121,121,offspring,1046,1090,CIFAR10,755,main_b1000_cifar10_alexnet_GEN_kp90_seed1024,0.9,0.8161,83,False,0.9,alexnet,False,0,0,1,0.8226,121,1,0.8083,741,3,2136,8,0.9,CIFAR10_alexnet_GEN_accuracy_kp9000_seed1024,1024,36000,755,42,accuracy,101024,0.8161,3,0.5676073159694671,29.204892583191395,10,0.5676073159694671,valid,0.8161968459874753,0.8178457217885274,0.8161000000000002,101024
GEN,0.8226,121,121,offspring,1090,1046,CIFAR10,756,main_b1000_cifar10_alexnet_GEN_kp90_seed1024,0.9,0.8099,83,False,0.9,alexnet,False,0,0,2,0.8226,121,1,0.8083,741,3,2136,9,0.9,CIFAR10_alexnet_GEN_accuracy_kp9000_seed1024,1024,36000,756,42,accuracy,101024,0.8099,2,0.561968846988678,23.905248902738094,10,0.561968846988678,valid,0.8105124650793794,0.8152373647071937,0.8099000000000001,101024
GEN,0.8226,121,121,offspring,1890,1828,CIFAR10,757,main_b1000_cifar10_alexnet_GEN_kp90_seed1024,0.9,0.8143,83,False,0.9,alexnet,False,0,0,1,0.8226,121,1,0.8109,745,7,3718,10,0.9,CIFAR10_alexnet_GEN_accuracy_kp9000_seed1024,1024,36000,757,42,accuracy,101024,0.8143,3,0.5725229028224945,24.093926325440407,10,0.5725229028224945,valid,0.8156016656273083,0.8212070462458543,0.8143,101024
GEN,0.8226,121,121,offspring,934,956,CIFAR10,758,main_b1000_cifar10_alexnet_GEN_kp90_seed1024,0.9,0.8185,84,False,0.9,alexnet,False,0,0,1,0.8143,757,10,0.8226,121,1,1890,2,0.9,CIFAR10_alexnet_GEN_accuracy_kp9000_seed1024,1024,36000,758,42,accuracy,101024,0.8185,3,0.5688878970384598,23.950511448085308,10,0.5688878970384598,valid,0.8179671695990542,0.8190534296911306,0.8185,101024
GEN,0.8226,121,121,offspring,956,934,CIFAR10,759,main_b1000_cifar10_alexnet_GEN_kp90_seed1024,0.9,0.8131,84,False,0.9,alexnet,False,0,0,2,0.8143,757,10,0.8226,121,1,1890,3,0.9,CIFAR10_alexnet_GEN_accuracy_kp9000_seed1024,1024,36000,759,42,accuracy,101024,0.8131,3,0.5774211581230163,23.99989129602909,10,0.5774211581230163,valid,0.8126211896079439,0.8159075406905852,0.8131,101024
GEN,0.8226,121,121,offspring,932,958,CIFAR10,760,main_b1000_cifar10_alexnet_GEN_kp90_seed1024,0.9,0.8114,84,False,0.9,alexnet,False,0,0,1,0.8143,757,10,0.8226,121,1,1890,4,0.9,CIFAR10_alexnet_GEN_accuracy_kp9000_seed1024,1024,36000,760,42,accuracy,101024,0.8114,2,0.571614642906189,24.004707537591457,10,0.571614642906189,valid,0.8105174036982344,0.8150669331195131,0.8113999999999999,101024
GEN,0.8226,121,121,offspring,958,932,CIFAR10,761,main_b1000_cifar10_alexnet_GEN_kp90_seed1024,0.9,0.8117,84,False,0.9,alexnet,False,0,0,2,0.8143,757,10,0.8226,121,1,1890,5,0.9,CIFAR10_alexnet_GEN_accuracy_kp9000_seed1024,1024,36000,761,42,accuracy,101024,0.8117,2,0.5753615351200104,23.867983601987362,10,0.5753615351200104,valid,0.8128437917449747,0.8176595615936918,0.8117000000000001,101024
GEN,0.8226,121,121,offspring,1794,1872,CIFAR10,762,main_b1000_cifar10_alexnet_GEN_kp90_seed1024,0.9,0.8095,84,False,0.9,alexnet,False,0,0,1,0.8136,750,3,0.8226,121,1,3666,6,0.9,CIFAR10_alexnet_GEN_accuracy_kp9000_seed1024,1024,36000,762,42,accuracy,101024,0.8095,1,0.5609354917526245,24.489956505596638,10,0.5609354917526245,valid,0.8093822303707006,0.8106335358571185,0.8095000000000001,101024
GEN,0.8226,121,121,offspring,1872,1794,CIFAR10,763,main_b1000_cifar10_alexnet_GEN_kp90_seed1024,0.9,0.8137,84,False,0.9,alexnet,False,0,0,2,0.8136,750,3,0.8226,121,1,3666,7,0.9,CIFAR10_alexnet_GEN_accuracy_kp9000_seed1024,1024,36000,763,42,accuracy,101024,0.8137,3,0.5678233009576797,23.987425938248634,10,0.5678233009576797,valid,0.8135788821042599,0.8171549363539018,0.8137000000000001,101024
GEN,0.8226,121,121,offspring,636,572,CIFAR10,764,main_b1000_cifar10_alexnet_GEN_kp90_seed1024,0.9,0.811,84,False,0.9,alexnet,False,0,0,1,0.8171,752,5,0.8161,755,8,1208,8,0.9,CIFAR10_alexnet_GEN_accuracy_kp9000_seed1024,1024,36000,764,42,accuracy,101024,0.811,1,0.5463356116771698,24.182596318423748,10,0.5463356116771698,valid,0.8114870120710316,0.8135152382037732,0.8109999999999999,101024
GEN,0.8226,121,121,offspring,572,636,CIFAR10,765,main_b1000_cifar10_alexnet_GEN_kp90_seed1024,0.9,0.8069,84,False,0.9,alexnet,False,0,0,2,0.8171,752,5,0.8161,755,8,1208,9,0.9,CIFAR10_alexnet_GEN_accuracy_kp9000_seed1024,1024,36000,765,42,accuracy,101024,0.8069,3,0.5965741690158844,23.843144081532955,10,0.5965741690158844,valid,0.808904542625241,0.8173713611649663,0.8069000000000001,101024
GEN,0.8226,121,121,offspring,540,550,CIFAR10,766,main_b1000_cifar10_alexnet_GEN_kp90_seed1024,0.9,0.8,84,False,0.9,alexnet,False,0,0,1,0.8099,756,9,0.8226,121,1,1090,10,0.9,CIFAR10_alexnet_GEN_accuracy_kp9000_seed1024,1024,36000,766,42,accuracy,101024,0.8,1,0.580930176448822,23.983192935585976,10,0.580930176448822,valid,0.8018211777763383,0.8125128257830172,0.8,101024
GEN,0.8226,121,121,offspring,1252,1244,CIFAR10,767,main_b1000_cifar10_alexnet_GEN_kp90_seed1024,0.9,0.8127,85,False,0.9,alexnet,False,0,0,1,0.8137,763,7,0.8117,761,5,2496,2,0.9,CIFAR10_alexnet_GEN_accuracy_kp9000_seed1024,1024,36000,767,42,accuracy,101024,0.8127,2,0.5620919443607331,23.839893124997616,10,0.5620919443607331,valid,0.8126072486215097,0.8155116931503498,0.8127000000000001,101024
GEN,0.8226,121,121,offspring,1244,1252,CIFAR10,768,main_b1000_cifar10_alexnet_GEN_kp90_seed1024,0.9,0.8151,85,False,0.9,alexnet,False,0,0,2,0.8137,763,7,0.8117,761,5,2496,3,0.9,CIFAR10_alexnet_GEN_accuracy_kp9000_seed1024,1024,36000,768,42,accuracy,101024,0.8151,2,0.5559449370384216,23.845109157264233,10,0.5559449370384216,valid,0.8152083763032337,0.8172308069661133,0.8150999999999999,101024
GEN,0.8226,121,121,offspring,476,480,CIFAR10,769,main_b1000_cifar10_alexnet_GEN_kp90_seed1024,0.9,0.8145,85,False,0.9,alexnet,False,0,0,1,0.8226,121,1,0.8185,758,2,956,4,0.9,CIFAR10_alexnet_GEN_accuracy_kp9000_seed1024,1024,36000,769,42,accuracy,101024,0.8145,4,0.580342198562622,24.083462215960026,10,0.580342198562622,valid,0.814227571222163,0.8170866475144821,0.8145000000000001,101024
GEN,0.8226,121,121,offspring,480,476,CIFAR10,770,main_b1000_cifar10_alexnet_GEN_kp90_seed1024,0.9,0.8206,85,False,0.9,alexnet,False,0,0,2,0.8226,121,1,0.8185,758,2,956,5,0.9,CIFAR10_alexnet_GEN_accuracy_kp9000_seed1024,1024,36000,770,42,accuracy,101024,0.8206,4,0.5716877951145172,26.005418561398983,10,0.5716877951145172,valid,0.8208006708648268,0.8214886453453534,0.8206,101024
GEN,0.8226,121,121,offspring,956,916,CIFAR10,771,main_b1000_cifar10_alexnet_GEN_kp90_seed1024,0.9,0.7998,85,False,0.9,alexnet,False,0,0,1,0.8226,121,1,0.8095,762,6,1872,6,0.9,CIFAR10_alexnet_GEN_accuracy_kp9000_seed1024,1024,36000,771,42,accuracy,101024,0.7998,1,0.5783693125247955,24.117219373583794,10,0.5783693125247955,valid,0.8008702875105269,0.8083888328829307,0.7998000000000001,101024
GEN,0.8226,121,121,offspring,916,956,CIFAR10,772,main_b1000_cifar10_alexnet_GEN_kp90_seed1024,0.9,0.8028,85,False,0.9,alexnet,False,0,0,2,0.8226,121,1,0.8095,762,6,1872,7,0.9,CIFAR10_alexnet_GEN_accuracy_kp9000_seed1024,1024,36000,772,42,accuracy,101024,0.8028,1,0.5838938638687133,23.843642227351665,10,0.5838938638687133,valid,0.8028047600627598,0.8088732481184779,0.8028000000000001,101024
GEN,0.8226,121,121,offspring,466,466,CIFAR10,773,main_b1000_cifar10_alexnet_GEN_kp90_seed1024,0.9,0.8049,85,False,0.9,alexnet,False,0,0,1,0.8117,761,5,0.8226,121,1,932,8,0.9,CIFAR10_alexnet_GEN_accuracy_kp9000_seed1024,1024,36000,773,42,accuracy,101024,0.8049,1,0.5706773721694947,23.926170386373997,10,0.5706773721694947,valid,0.806099016682143,0.8092744130377991,0.8049,101024
GEN,0.8226,121,121,offspring,466,466,CIFAR10,774,main_b1000_cifar10_alexnet_GEN_kp90_seed1024,0.9,0.8122,85,False,0.9,alexnet,False,0,0,2,0.8117,761,5,0.8226,121,1,932,9,0.9,CIFAR10_alexnet_GEN_accuracy_kp9000_seed1024,1024,36000,774,42,accuracy,101024,0.8122,2,0.5659187602519989,23.93321391195059,10,0.5659187602519989,valid,0.8123881662785873,0.8158573588048901,0.8122,101024
GEN,0.8226,121,121,offspring,468,488,CIFAR10,775,main_b1000_cifar10_alexnet_GEN_kp90_seed1024,0.9,0.8103,85,False,0.9,alexnet,False,0,0,1,0.8226,121,1,0.8185,758,2,956,10,0.9,CIFAR10_alexnet_GEN_accuracy_kp9000_seed1024,1024,36000,775,42,accuracy,101024,0.8103,2,0.5765618677616119,24.079808682203293,10,0.5765618677616119,valid,0.8124176786673001,0.8203355409002393,0.8103,101024
GEN,0.8226,121,121,offspring,768,760,CIFAR10,776,main_b1000_cifar10_alexnet_GEN_kp90_seed1024,0.9,0.8161,86,False,0.9,alexnet,False,0,0,1,0.8151,768,3,0.8206,770,5,1528,2,0.9,CIFAR10_alexnet_GEN_accuracy_kp9000_seed1024,1024,36000,776,42,accuracy,101024,0.8161,3,0.5797569697856904,31.18155937641859,10,0.5797569697856904,valid,0.8155843871656347,0.8173570154516225,0.8161000000000002,101024
GEN,0.8226,121,121,offspring,760,768,CIFAR10,777,main_b1000_cifar10_alexnet_GEN_kp90_seed1024,0.9,0.8001,86,False,0.9,alexnet,False,0,0,2,0.8151,768,3,0.8206,770,5,1528,3,0.9,CIFAR10_alexnet_GEN_accuracy_kp9000_seed1024,1024,36000,777,42,accuracy,101024,0.8001,1,0.5873239839076996,23.954219438135624,10,0.5873239839076996,valid,0.8012577606535711,0.809278287800766,0.8000999999999999,101024
GEN,0.8226,121,121,offspring,232,248,CIFAR10,778,main_b1000_cifar10_alexnet_GEN_kp90_seed1024,0.9,0.813,86,False,0.9,alexnet,False,0,0,1,0.8226,121,1,0.8206,770,5,480,4,0.9,CIFAR10_alexnet_GEN_accuracy_kp9000_seed1024,1024,36000,778,42,accuracy,101024,0.813,1,0.5640620931625366,24.200865387916565,10,0.5640620931625366,valid,0.8125267499077026,0.8158876739627929,0.8130000000000001,101024
GEN,0.8226,121,121,offspring,248,232,CIFAR10,779,main_b1000_cifar10_alexnet_GEN_kp90_seed1024,0.9,0.8183,86,False,0.9,alexnet,False,0,0,2,0.8226,121,1,0.8206,770,5,480,5,0.9,CIFAR10_alexnet_GEN_accuracy_kp9000_seed1024,1024,36000,779,42,accuracy,101024,0.8183,3,0.5678739223480225,23.797333613038063,10,0.5678739223480225,valid,0.81894059455687,0.8223515253194108,0.8183,101024
GEN,0.8226,121,121,offspring,686,702,CIFAR10,780,main_b1000_cifar10_alexnet_GEN_kp90_seed1024,0.9,0.8113,86,False,0.9,alexnet,False,0,0,1,0.8226,121,1,0.8127,767,2,1388,6,0.9,CIFAR10_alexnet_GEN_accuracy_kp9000_seed1024,1024,36000,780,42,accuracy,101024,0.8113,3,0.5827470553398132,24.021693147718906,10,0.5827470553398132,valid,0.812706614299942,0.8187350669613226,0.8112999999999999,101024
GEN,0.8226,121,121,offspring,702,686,CIFAR10,781,main_b1000_cifar10_alexnet_GEN_kp90_seed1024,0.9,0.8138,86,False,0.9,alexnet,False,0,0,2,0.8226,121,1,0.8127,767,2,1388,7,0.9,CIFAR10_alexnet_GEN_accuracy_kp9000_seed1024,1024,36000,781,42,accuracy,101024,0.8138,2,0.5654934924602508,23.91534946858883,10,0.5654934924602508,valid,0.812357639250924,0.8161318737542803,0.8137999999999999,101024
GEN,0.8226,121,121,offspring,244,224,CIFAR10,782,main_b1000_cifar10_alexnet_GEN_kp90_seed1024,0.9,0.8117,86,False,0.9,alexnet,False,0,0,1,0.8226,121,1,0.8103,775,10,468,8,0.9,CIFAR10_alexnet_GEN_accuracy_kp9000_seed1024,1024,36000,782,42,accuracy,101024,0.8117,2,0.5641454247474671,24.144983999431133,10,0.5641454247474671,valid,0.8113418667628484,0.8139449279582811,0.8116999999999999,101024
GEN,0.8226,121,121,offspring,224,244,CIFAR10,783,main_b1000_cifar10_alexnet_GEN_kp90_seed1024,0.9,0.8017,86,False,0.9,alexnet,False,0,0,2,0.8226,121,1,0.8103,775,10,468,9,0.9,CIFAR10_alexnet_GEN_accuracy_kp9000_seed1024,1024,36000,783,42,accuracy,101024,0.8017,1,0.5862850554466248,24.06997772306204,10,0.5862850554466248,valid,0.8025009701278885,0.8136408447141179,0.8017,101024
GEN,0.8226,121,121,offspring,240,240,CIFAR10,784,main_b1000_cifar10_alexnet_GEN_kp90_seed1024,0.9,0.8075,86,False,0.9,alexnet,False,0,0,1,0.8226,121,1,0.8206,770,5,480,10,0.9,CIFAR10_alexnet_GEN_accuracy_kp9000_seed1024,1024,36000,784,42,accuracy,101024,0.8075,2,0.5822567674160004,23.757162548601627,10,0.5822567674160004,valid,0.8068115110915265,0.8124787964568524,0.8074999999999999,101024
GEN,0.8226,121,121,offspring,350,352,CIFAR10,785,main_b1000_cifar10_alexnet_GEN_kp90_seed1024,0.9,0.8164,87,False,0.9,alexnet,False,0,0,1,0.8226,121,1,0.8138,781,7,702,2,0.9,CIFAR10_alexnet_GEN_accuracy_kp9000_seed1024,1024,36000,785,42,accuracy,101024,0.8164,3,0.574681651854515,24.11335038393736,10,0.574681651854515,valid,0.8160445965048048,0.819528776007939,0.8164000000000001,101024
GEN,0.8226,121,121,offspring,352,350,CIFAR10,786,main_b1000_cifar10_alexnet_GEN_kp90_seed1024,0.9,0.8096,87,False,0.9,alexnet,False,0,0,2,0.8226,121,1,0.8138,781,7,702,3,0.9,CIFAR10_alexnet_GEN_accuracy_kp9000_seed1024,1024,36000,786,42,accuracy,101024,0.8096,1,0.5636602662563324,23.756974831223488,10,0.5636602662563324,valid,0.809490797687461,0.814111147644659,0.8096,101024
GEN,0.8226,121,121,offspring,118,114,CIFAR10,787,main_b1000_cifar10_alexnet_GEN_kp90_seed1024,0.9,0.8113,87,False,0.9,alexnet,False,0,0,1,0.813,778,4,0.8226,121,1,232,4,0.9,CIFAR10_alexnet_GEN_accuracy_kp9000_seed1024,1024,36000,787,42,accuracy,101024,0.8113,2,0.5642613263130188,23.890298880636692,10,0.5642613263130188,valid,0.8106614032454228,0.8133738406537299,0.8112999999999999,101024
GEN,0.8226,121,121,offspring,114,118,CIFAR10,788,main_b1000_cifar10_alexnet_GEN_kp90_seed1024,0.9,0.8113,87,False,0.9,alexnet,False,0,0,2,0.813,778,4,0.8226,121,1,232,5,0.9,CIFAR10_alexnet_GEN_accuracy_kp9000_seed1024,1024,36000,788,42,accuracy,101024,0.8113,2,0.572593941783905,23.978684715926647,10,0.572593941783905,valid,0.8113999748368025,0.8147969155552298,0.8112999999999999,101024
GEN,0.8226,121,121,offspring,104,128,CIFAR10,789,main_b1000_cifar10_alexnet_GEN_kp90_seed1024,0.9,0.8036,87,False,0.9,alexnet,False,0,0,1,0.8226,121,1,0.813,778,4,232,6,0.9,CIFAR10_alexnet_GEN_accuracy_kp9000_seed1024,1024,36000,789,42,accuracy,101024,0.8036,1,0.5793684785366058,23.762367971241474,10,0.5793684785366058,valid,0.8042556770515571,0.8104995932611576,0.8036,101024
GEN,0.8226,121,121,offspring,128,104,CIFAR10,790,main_b1000_cifar10_alexnet_GEN_kp90_seed1024,0.9,0.807,87,False,0.9,alexnet,False,0,0,2,0.8226,121,1,0.813,778,4,232,7,0.9,CIFAR10_alexnet_GEN_accuracy_kp9000_seed1024,1024,36000,790,42,accuracy,101024,0.807,2,0.5738810789108276,30.00767506659031,10,0.5738810789108276,valid,0.806798515139078,0.8105511076290076,0.807,101024
GEN,0.8226,121,121,offspring,772,692,CIFAR10,791,main_b1000_cifar10_alexnet_GEN_kp90_seed1024,0.9,0.8112,87,False,0.9,alexnet,True,3600,1800,1,0.8161,776,2,0.8113,780,6,1464,8,0.9,CIFAR10_alexnet_GEN_accuracy_kp9000_seed1024,1024,36000,791,42,accuracy,101024,0.8112,1,0.5549546503067017,23.82505661994219,10,0.5549546503067017,valid,0.8121677831171846,0.8167411973975961,0.8112,101024
GEN,0.8226,121,121,offspring,692,772,CIFAR10,792,main_b1000_cifar10_alexnet_GEN_kp90_seed1024,0.9,0.8114,87,False,0.9,alexnet,False,0,0,2,0.8161,776,2,0.8113,780,6,1464,9,0.9,CIFAR10_alexnet_GEN_accuracy_kp9000_seed1024,1024,36000,792,42,accuracy,101024,0.8114,2,0.5679256138801575,24.116490602493286,10,0.5679256138801575,valid,0.8108382777340444,0.8132289846201355,0.8114000000000001,101024
GEN,0.8226,121,121,offspring,136,112,CIFAR10,793,main_b1000_cifar10_alexnet_GEN_kp90_seed1024,0.9,0.8184,87,False,0.9,alexnet,False,0,0,1,0.8183,779,5,0.8226,121,1,248,10,0.9,CIFAR10_alexnet_GEN_accuracy_kp9000_seed1024,1024,36000,793,42,accuracy,101024,0.8184,3,0.569556844329834,23.766592405736446,10,0.569556844329834,valid,0.8179026824994754,0.8195556592642659,0.8183999999999999,101024
GEN,0.8226,121,121,offspring,58,54,CIFAR10,794,main_b1000_cifar10_alexnet_GEN_kp90_seed1024,0.9,0.8116,88,False,0.9,alexnet,False,0,0,1,0.8184,793,10,0.8226,121,1,112,2,0.9,CIFAR10_alexnet_GEN_accuracy_kp9000_seed1024,1024,36000,794,42,accuracy,101024,0.8116,3,0.5773584299325943,23.885362468659878,10,0.5773584299325943,valid,0.8110343105393149,0.8150817491981901,0.8116,101024
GEN,0.8226,121,121,offspring,54,58,CIFAR10,795,main_b1000_cifar10_alexnet_GEN_kp90_seed1024,0.9,0.8133,88,False,0.9,alexnet,False,0,0,2,0.8184,793,10,0.8226,121,1,112,3,0.9,CIFAR10_alexnet_GEN_accuracy_kp9000_seed1024,1024,36000,795,42,accuracy,101024,0.8133,2,0.56862861495018,23.92961873114109,10,0.56862861495018,valid,0.8124324089041762,0.8163909356981071,0.8132999999999999,101024
GEN,0.8226,121,121,offspring,54,64,CIFAR10,796,main_b1000_cifar10_alexnet_GEN_kp90_seed1024,0.9,0.8042,88,False,0.9,alexnet,False,0,0,1,0.8113,788,5,0.8226,121,1,118,4,0.9,CIFAR10_alexnet_GEN_accuracy_kp9000_seed1024,1024,36000,796,42,accuracy,101024,0.8042,1,0.5741670669078827,24.00368645042181,10,0.5741670669078827,valid,0.8044862363525208,0.8100616706536499,0.8042,101024
GEN,0.8226,121,121,offspring,64,54,CIFAR10,797,main_b1000_cifar10_alexnet_GEN_kp90_seed1024,0.9,0.8035,88,False,0.9,alexnet,False,0,0,2,0.8113,788,5,0.8226,121,1,118,5,0.9,CIFAR10_alexnet_GEN_accuracy_kp9000_seed1024,1024,36000,797,42,accuracy,101024,0.8035,1,0.5667310321331024,24.161909870803356,10,0.5667310321331024,valid,0.8043209202891013,0.8102441096087298,0.8035,101024
GEN,0.8226,121,121,offspring,390,424,CIFAR10,798,main_b1000_cifar10_alexnet_GEN_kp90_seed1024,0.9,0.8118,88,False,0.9,alexnet,False,0,0,1,0.8226,121,1,0.8114,792,9,814,6,0.9,CIFAR10_alexnet_GEN_accuracy_kp9000_seed1024,1024,36000,798,42,accuracy,101024,0.8118,2,0.5782970762252808,23.81483981758356,10,0.5782970762252808,valid,0.8120960513187739,0.8202254396359413,0.8118000000000001,101024
GEN,0.8226,121,121,offspring,424,390,CIFAR10,799,main_b1000_cifar10_alexnet_GEN_kp90_seed1024,0.9,0.8134,88,False,0.9,alexnet,False,0,0,2,0.8226,121,1,0.8114,792,9,814,7,0.9,CIFAR10_alexnet_GEN_accuracy_kp9000_seed1024,1024,36000,799,42,accuracy,101024,0.8134,2,0.5614958488464356,24.0893682166934,10,0.5614958488464356,valid,0.8130893406295391,0.8167435055841376,0.8134,101024
GEN,0.8226,121,121,offspring,178,172,CIFAR10,800,main_b1000_cifar10_alexnet_GEN_kp90_seed1024,0.9,0.8117,88,False,0.9,alexnet,False,0,0,1,0.8164,785,2,0.8226,121,1,350,8,0.9,CIFAR10_alexnet_GEN_accuracy_kp9000_seed1024,1024,36000,800,42,accuracy,101024,0.8117,2,0.5660974980354309,23.854104325175285,10,0.5660974980354309,valid,0.811183559767658,0.8141824897554482,0.8117000000000001,101024
GEN,0.8226,121,121,offspring,172,178,CIFAR10,801,main_b1000_cifar10_alexnet_GEN_kp90_seed1024,0.9,0.8066,88,False,0.9,alexnet,False,0,0,2,0.8164,785,2,0.8226,121,1,350,9,0.9,CIFAR10_alexnet_GEN_accuracy_kp9000_seed1024,1024,36000,801,42,accuracy,101024,0.8066,1,0.5754099620342255,23.827318087220192,10,0.5754099620342255,valid,0.8065030601035984,0.8091642516659532,0.8066000000000001,101024
GEN,0.8226,121,121,offspring,176,174,CIFAR10,802,main_b1000_cifar10_alexnet_GEN_kp90_seed1024,0.9,0.8116,88,False,0.9,alexnet,True,3600,1800,1,0.8164,785,2,0.8226,121,1,350,10,0.9,CIFAR10_alexnet_GEN_accuracy_kp9000_seed1024,1024,36000,802,42,accuracy,101024,0.8116,3,0.5761381484031677,24.400528147816658,10,0.5761381484031677,valid,0.8112140839633893,0.8149040026409142,0.8116,101024
GEN,0.8226,121,121,offspring,230,226,CIFAR10,803,main_b1000_cifar10_alexnet_GEN_kp90_seed1024,0.9,0.805,89,False,0.9,alexnet,False,0,0,1,0.8133,795,3,0.8134,799,7,456,2,0.9,CIFAR10_alexnet_GEN_accuracy_kp9000_seed1024,1024,36000,803,42,accuracy,101024,0.805,2,0.5924880515098572,23.955702990293503,10,0.5924880515098572,valid,0.8041917223774672,0.8113398710702739,0.8049999999999999,101024
GEN,0.8226,121,121,offspring,226,230,CIFAR10,804,main_b1000_cifar10_alexnet_GEN_kp90_seed1024,0.9,0.8127,89,False,0.9,alexnet,True,3600,1800,2,0.8133,795,3,0.8134,799,7,456,3,0.9,CIFAR10_alexnet_GEN_accuracy_kp9000_seed1024,1024,36000,804,42,accuracy,101024,0.8127,2,0.576046356010437,24.397700868546963,10,0.576046356010437,valid,0.8123272008679244,0.8168219411434917,0.8127000000000001,101024
GEN,0.8226,121,121,offspring,226,230,CIFAR10,805,main_b1000_cifar10_alexnet_GEN_kp90_seed1024,0.9,0.8149,89,False,0.9,alexnet,False,0,0,1,0.8134,799,7,0.8133,795,3,456,4,0.9,CIFAR10_alexnet_GEN_accuracy_kp9000_seed1024,1024,36000,805,42,accuracy,101024,0.8149,2,0.5513082008838653,24.00469120591879,10,0.5513082008838653,valid,0.8158442407733117,0.8192925837016991,0.8149,101024
GEN,0.8226,121,121,offspring,230,226,CIFAR10,806,main_b1000_cifar10_alexnet_GEN_kp90_seed1024,0.9,0.8124,89,False,0.9,alexnet,True,3600,1800,2,0.8134,799,7,0.8133,795,3,456,5,0.9,CIFAR10_alexnet_GEN_accuracy_kp9000_seed1024,1024,36000,806,42,accuracy,101024,0.8124,3,0.5638086766481399,23.96416500210762,10,0.5638086766481399,valid,0.811698049306339,0.8176450323152705,0.8124,101024
GEN,0.8226,121,121,offspring,214,202,CIFAR10,807,main_b1000_cifar10_alexnet_GEN_kp90_seed1024,0.9,0.7975,89,False,0.9,alexnet,False,0,0,1,0.8118,798,6,0.8116,794,2,416,6,0.9,CIFAR10_alexnet_GEN_accuracy_kp9000_seed1024,1024,36000,807,42,accuracy,101024,0.7975,1,0.5926845685958863,23.885173335671425,10,0.5926845685958863,valid,0.7978927356118255,0.806435108969899,0.7975000000000001,101024
GEN,0.8226,121,121,offspring,202,214,CIFAR10,808,main_b1000_cifar10_alexnet_GEN_kp90_seed1024,0.9,0.8136,89,False,0.9,alexnet,False,0,0,2,0.8118,798,6,0.8116,794,2,416,7,0.9,CIFAR10_alexnet_GEN_accuracy_kp9000_seed1024,1024,36000,808,42,accuracy,101024,0.8136,2,0.5582303514957428,23.790223129093647,10,0.5582303514957428,valid,0.8141993296995809,0.8175634487354498,0.8135999999999999,101024
GEN,0.8226,121,121,offspring,406,408,CIFAR10,809,main_b1000_cifar10_alexnet_GEN_kp90_seed1024,0.9,0.8142,89,False,0.9,alexnet,False,0,0,1,0.8134,799,7,0.8118,798,6,814,8,0.9,CIFAR10_alexnet_GEN_accuracy_kp9000_seed1024,1024,36000,809,42,accuracy,101024,0.8142,2,0.5615385189056397,24.050470679998398,10,0.5615385189056397,valid,0.8134195064652621,0.814533719442602,0.8142000000000001,101024
GEN,0.8226,121,121,offspring,408,406,CIFAR10,810,main_b1000_cifar10_alexnet_GEN_kp90_seed1024,0.9,0.8058,89,False,0.9,alexnet,False,0,0,2,0.8134,799,7,0.8118,798,6,814,9,0.9,CIFAR10_alexnet_GEN_accuracy_kp9000_seed1024,1024,36000,810,42,accuracy,101024,0.8058,1,0.5593490629196167,25.56712106615305,10,0.5593490629196167,valid,0.8053502341891523,0.807200044624994,0.8058,101024
GEN,0.8226,121,121,offspring,32,26,CIFAR10,811,main_b1000_cifar10_alexnet_GEN_kp90_seed1024,0.9,0.8115,89,False,0.9,alexnet,False,0,0,1,0.8226,121,1,0.8133,795,3,58,10,0.9,CIFAR10_alexnet_GEN_accuracy_kp9000_seed1024,1024,36000,811,42,accuracy,101024,0.8115,2,0.5658873718738556,24.093986369669437,10,0.5658873718738556,valid,0.8100832467781217,0.8150099441710872,0.8115,101024
GEN,0.8226,121,121,offspring,1850,1972,CIFAR10,812,main_b1000_cifar10_alexnet_GEN_kp90_seed1024,0.9,0.8159,90,False,0.9,alexnet,False,0,0,1,0.8136,808,7,0.8127,804,3,3822,2,0.9,CIFAR10_alexnet_GEN_accuracy_kp9000_seed1024,1024,36000,812,42,accuracy,101024,0.8159,3,0.581030910396576,24.01432714611292,10,0.581030910396576,valid,0.8145577974295073,0.8177070209923814,0.8158999999999998,101024
GEN,0.8226,121,121,offspring,1972,1850,CIFAR10,813,main_b1000_cifar10_alexnet_GEN_kp90_seed1024,0.9,0.8154,90,False,0.9,alexnet,False,0,0,2,0.8136,808,7,0.8127,804,3,3822,3,0.9,CIFAR10_alexnet_GEN_accuracy_kp9000_seed1024,1024,36000,813,42,accuracy,101024,0.8154,4,0.5784490464687347,24.216542907059193,10,0.5784490464687347,valid,0.81537157595551,0.8175236780305477,0.8154,101024
GEN,0.8226,121,121,offspring,218,230,CIFAR10,814,main_b1000_cifar10_alexnet_GEN_kp90_seed1024,0.9,0.8094,90,False,0.9,alexnet,False,0,0,1,0.8149,805,4,0.8136,808,7,448,4,0.9,CIFAR10_alexnet_GEN_accuracy_kp9000_seed1024,1024,36000,814,42,accuracy,101024,0.8094,2,0.5737370718955994,27.791240572929382,10,0.5737370718955994,valid,0.8105515475382793,0.817737898869753,0.8093999999999999,101024
GEN,0.8226,121,121,offspring,230,218,CIFAR10,815,main_b1000_cifar10_alexnet_GEN_kp90_seed1024,0.9,0.8123,90,False,0.9,alexnet,False,0,0,2,0.8149,805,4,0.8136,808,7,448,5,0.9,CIFAR10_alexnet_GEN_accuracy_kp9000_seed1024,1024,36000,815,42,accuracy,101024,0.8123,2,0.5568544594526291,24.019551552832127,10,0.5568544594526291,valid,0.8122887455471048,0.815053656882301,0.8123000000000001,101024
GEN,0.8226,121,121,offspring,204,202,CIFAR10,816,main_b1000_cifar10_alexnet_GEN_kp90_seed1024,0.9,0.8182,90,False,0.9,alexnet,False,0,0,1,0.8226,121,1,0.8142,809,8,406,6,0.9,CIFAR10_alexnet_GEN_accuracy_kp9000_seed1024,1024,36000,816,42,accuracy,101024,0.8182,4,0.5810190290927887,25.66614779829979,10,0.5810190290927887,valid,0.8184184385704263,0.8226971810965896,0.8182,101024
GEN,0.8226,121,121,offspring,202,204,CIFAR10,817,main_b1000_cifar10_alexnet_GEN_kp90_seed1024,0.9,0.8147,90,False,0.9,alexnet,False,0,0,2,0.8226,121,1,0.8142,809,8,406,7,0.9,CIFAR10_alexnet_GEN_accuracy_kp9000_seed1024,1024,36000,817,42,accuracy,101024,0.8147,5,0.6033825775623322,24.401790499687195,10,0.6033825775623322,valid,0.8140619263219037,0.8171554544386384,0.8147,101024
GEN,0.8226,121,121,offspring,124,126,CIFAR10,818,main_b1000_cifar10_alexnet_GEN_kp90_seed1024,0.9,0.8155,90,False,0.9,alexnet,False,0,0,1,0.8226,121,1,0.8149,805,4,250,8,0.9,CIFAR10_alexnet_GEN_accuracy_kp9000_seed1024,1024,36000,818,42,accuracy,101024,0.8155,3,0.5739946089744568,24.117208316922188,10,0.5739946089744568,valid,0.8139114715678153,0.81695143650676,0.8154999999999999,101024
GEN,0.8226,121,121,offspring,126,124,CIFAR10,819,main_b1000_cifar10_alexnet_GEN_kp90_seed1024,0.9,0.8111,90,False,0.9,alexnet,False,0,0,2,0.8226,121,1,0.8149,805,4,250,9,0.9,CIFAR10_alexnet_GEN_accuracy_kp9000_seed1024,1024,36000,819,42,accuracy,101024,0.8111,3,0.5840637340068817,23.786254912614822,10,0.5840637340068817,valid,0.8107839998103733,0.814298503736316,0.8111,101024
GEN,0.8226,121,121,offspring,198,208,CIFAR10,820,main_b1000_cifar10_alexnet_GEN_kp90_seed1024,0.9,0.8154,90,False,0.9,alexnet,False,0,0,1,0.8142,809,8,0.8226,121,1,406,10,0.9,CIFAR10_alexnet_GEN_accuracy_kp9000_seed1024,1024,36000,820,42,accuracy,101024,0.8154,2,0.5550624421596527,24.357213348150253,10,0.5550624421596527,valid,0.8148402618930435,0.8162084866852668,0.8154,101024
GEN,0.8226,121,121,offspring,966,954,CIFAR10,821,main_b1000_cifar10_alexnet_GEN_kp90_seed1024,0.9,0.8096,91,False,0.9,alexnet,False,0,0,1,0.8226,121,1,0.8159,812,2,1920,2,0.9,CIFAR10_alexnet_GEN_accuracy_kp9000_seed1024,1024,36000,821,42,accuracy,101024,0.8096,1,0.5653852657318115,23.860266909003258,10,0.5653852657318115,valid,0.8091757297490672,0.8118360469223507,0.8096,101024
GEN,0.8226,121,121,offspring,954,966,CIFAR10,822,main_b1000_cifar10_alexnet_GEN_kp90_seed1024,0.9,0.8145,91,False,0.9,alexnet,False,0,0,2,0.8226,121,1,0.8159,812,2,1920,3,0.9,CIFAR10_alexnet_GEN_accuracy_kp9000_seed1024,1024,36000,822,42,accuracy,101024,0.8145,3,0.5753525353908538,23.826096199452877,10,0.5753525353908538,valid,0.8145558632178043,0.8169018162696837,0.8145,101024
GEN,0.8226,121,121,offspring,88,116,CIFAR10,823,main_b1000_cifar10_alexnet_GEN_kp90_seed1024,0.9,0.8064,91,False,0.9,alexnet,True,3600,1800,1,0.8182,816,6,0.8226,121,1,204,4,0.9,CIFAR10_alexnet_GEN_accuracy_kp9000_seed1024,1024,36000,823,42,accuracy,101024,0.8064,1,0.571707158279419,24.37428528815508,10,0.571707158279419,valid,0.804053978477101,0.8094665712478666,0.8064,101024
GEN,0.8226,121,121,offspring,116,88,CIFAR10,824,main_b1000_cifar10_alexnet_GEN_kp90_seed1024,0.9,0.8023,91,False,0.9,alexnet,False,0,0,2,0.8182,816,6,0.8226,121,1,204,5,0.9,CIFAR10_alexnet_GEN_accuracy_kp9000_seed1024,1024,36000,824,42,accuracy,101024,0.8023,1,0.594648937034607,24.031561329960823,10,0.594648937034607,valid,0.8025066250313019,0.8115789704258136,0.8023,101024
GEN,0.8226,121,121,offspring,124,142,CIFAR10,825,main_b1000_cifar10_alexnet_GEN_kp90_seed1024,0.9,0.8136,91,False,0.9,alexnet,False,0,0,1,0.8155,818,8,0.8182,816,6,266,6,0.9,CIFAR10_alexnet_GEN_accuracy_kp9000_seed1024,1024,36000,825,42,accuracy,101024,0.8136,2,0.5716575048923492,24.30736143887043,10,0.5716575048923492,valid,0.8133600224350023,0.816620891766332,0.8136000000000001,101024
GEN,0.8226,121,121,offspring,142,124,CIFAR10,826,main_b1000_cifar10_alexnet_GEN_kp90_seed1024,0.9,0.8079,91,False,0.9,alexnet,False,0,0,2,0.8155,818,8,0.8182,816,6,266,7,0.9,CIFAR10_alexnet_GEN_accuracy_kp9000_seed1024,1024,36000,826,42,accuracy,101024,0.8079,1,0.5728321531534195,23.987682789564133,10,0.5728321531534195,valid,0.80844590337704,0.812927167576025,0.8078999999999998,101024
GEN,0.8226,121,121,offspring,1070,1028,CIFAR10,827,main_b1000_cifar10_alexnet_GEN_kp90_seed1024,0.9,0.8093,91,False,0.9,alexnet,False,0,0,1,0.8154,813,3,0.8182,816,6,2098,8,0.9,CIFAR10_alexnet_GEN_accuracy_kp9000_seed1024,1024,36000,827,42,accuracy,101024,0.8093,2,0.5714214465141296,24.195975214242935,10,0.5714214465141296,valid,0.8100258827853237,0.815342170640221,0.8093,101024
GEN,0.8226,121,121,offspring,1028,1070,CIFAR10,828,main_b1000_cifar10_alexnet_GEN_kp90_seed1024,0.9,0.8143,91,False,0.9,alexnet,False,0,0,2,0.8154,813,3,0.8182,816,6,2098,9,0.9,CIFAR10_alexnet_GEN_accuracy_kp9000_seed1024,1024,36000,828,42,accuracy,101024,0.8143,3,0.5726797172307968,24.01221415400505,10,0.5726797172307968,valid,0.814242976582725,0.8169317568124891,0.8143,101024
GEN,0.8226,121,121,offspring,1034,992,CIFAR10,829,main_b1000_cifar10_alexnet_GEN_kp90_seed1024,0.9,0.8026,91,False,0.9,alexnet,False,0,0,1,0.8226,121,1,0.8154,813,3,2026,10,0.9,CIFAR10_alexnet_GEN_accuracy_kp9000_seed1024,1024,36000,829,42,accuracy,101024,0.8026,1,0.578493251991272,24.01134829223156,10,0.578493251991272,valid,0.8011114720320531,0.8047653842826861,0.8026,101024
GEN,0.8226,121,121,offspring,2024,2104,CIFAR10,830,main_b1000_cifar10_alexnet_GEN_kp90_seed1024,0.9,0.8129,92,False,0.9,alexnet,False,0,0,1,0.8145,822,3,0.8064,823,4,4128,2,0.9,CIFAR10_alexnet_GEN_accuracy_kp9000_seed1024,1024,36000,830,42,accuracy,101024,0.8129,3,0.5763231321334839,29.97279604524374,10,0.5763231321334839,valid,0.811968815912468,0.8153506994429274,0.8129,101024
GEN,0.8226,121,121,offspring,2104,2024,CIFAR10,831,main_b1000_cifar10_alexnet_GEN_kp90_seed1024,0.9,0.8099,92,False,0.9,alexnet,False,0,0,2,0.8145,822,3,0.8064,823,4,4128,3,0.9,CIFAR10_alexnet_GEN_accuracy_kp9000_seed1024,1024,36000,831,42,accuracy,101024,0.8099,2,0.5682748280048371,24.653841115534306,10,0.5682748280048371,valid,0.8102231145842165,0.81382923032233,0.8099000000000001,101024
GEN,0.8226,121,121,offspring,516,450,CIFAR10,832,main_b1000_cifar10_alexnet_GEN_kp90_seed1024,0.9,0.8114,92,False,0.9,alexnet,False,0,0,1,0.8096,821,2,0.8226,121,1,966,4,0.9,CIFAR10_alexnet_GEN_accuracy_kp9000_seed1024,1024,36000,832,42,accuracy,101024,0.8114,2,0.5756590277671814,24.29337203502655,10,0.5756590277671814,valid,0.8114599121530919,0.8166306695714292,0.8113999999999999,101024
GEN,0.8226,121,121,offspring,450,516,CIFAR10,833,main_b1000_cifar10_alexnet_GEN_kp90_seed1024,0.9,0.8105,92,False,0.9,alexnet,False,0,0,2,0.8096,821,2,0.8226,121,1,966,5,0.9,CIFAR10_alexnet_GEN_accuracy_kp9000_seed1024,1024,36000,833,42,accuracy,101024,0.8105,2,0.5661674005508422,24.196378029882908,10,0.5661674005508422,valid,0.8097852463604094,0.8151264240214144,0.8104999999999999,101024
GEN,0.8226,121,121,offspring,550,526,CIFAR10,834,main_b1000_cifar10_alexnet_GEN_kp90_seed1024,0.9,0.8166,92,False,0.9,alexnet,False,0,0,1,0.8226,121,1,0.8093,827,8,1076,6,0.9,CIFAR10_alexnet_GEN_accuracy_kp9000_seed1024,1024,36000,834,42,accuracy,101024,0.8166,3,0.5629079950809479,24.230394080281258,10,0.5629079950809479,valid,0.8166763251342563,0.819089587979503,0.8166,101024
GEN,0.8226,121,121,offspring,526,550,CIFAR10,835,main_b1000_cifar10_alexnet_GEN_kp90_seed1024,0.9,0.8144,92,False,0.9,alexnet,False,0,0,2,0.8226,121,1,0.8093,827,8,1076,7,0.9,CIFAR10_alexnet_GEN_accuracy_kp9000_seed1024,1024,36000,835,42,accuracy,101024,0.8144,2,0.5564879254341125,24.007943354547024,10,0.5564879254341125,valid,0.8139386656182337,0.815854616897681,0.8144,101024
GEN,0.8226,121,121,offspring,1058,1010,CIFAR10,836,main_b1000_cifar10_alexnet_GEN_kp90_seed1024,0.9,0.8082,92,False,0.9,alexnet,False,0,0,1,0.8143,828,9,0.8096,821,2,2068,8,0.9,CIFAR10_alexnet_GEN_accuracy_kp9000_seed1024,1024,36000,836,42,accuracy,101024,0.8082,2,0.5722648633480072,23.815271735191345,10,0.5722648633480072,valid,0.8079113184476701,0.8123096992989701,0.8082,101024
GEN,0.8226,121,121,offspring,1010,1058,CIFAR10,837,main_b1000_cifar10_alexnet_GEN_kp90_seed1024,0.9,0.8169,92,False,0.9,alexnet,False,0,0,2,0.8143,828,9,0.8096,821,2,2068,9,0.9,CIFAR10_alexnet_GEN_accuracy_kp9000_seed1024,1024,36000,837,42,accuracy,101024,0.8169,4,0.5784130753040314,24.07517033815384,10,0.5784130753040314,valid,0.8166620271666556,0.8175916121166544,0.8169000000000001,101024
GEN,0.8226,121,121,offspring,1028,1040,CIFAR10,838,main_b1000_cifar10_alexnet_GEN_kp90_seed1024,0.9,0.8045,92,False,0.9,alexnet,False,0,0,1,0.8096,821,2,0.8143,828,9,2068,10,0.9,CIFAR10_alexnet_GEN_accuracy_kp9000_seed1024,1024,36000,838,42,accuracy,101024,0.8045,1,0.5763468795776368,23.86780023574829,10,0.5763468795776368,valid,0.8053664413051559,0.8153562025081552,0.8045,101024
GEN,0.8226,121,121,offspring,730,772,CIFAR10,839,main_b1000_cifar10_alexnet_GEN_kp90_seed1024,0.9,0.8091,93,False,0.9,alexnet,False,0,0,1,0.8144,835,7,0.8169,837,9,1502,2,0.9,CIFAR10_alexnet_GEN_accuracy_kp9000_seed1024,1024,36000,839,42,accuracy,101024,0.8091,3,0.6010003839492798,24.07179319858551,10,0.6010003839492798,valid,0.8102713629444818,0.8211586333986348,0.8091000000000002,101024
GEN,0.8226,121,121,offspring,772,730,CIFAR10,840,main_b1000_cifar10_alexnet_GEN_kp90_seed1024,0.9,0.8122,93,False,0.9,alexnet,False,0,0,2,0.8144,835,7,0.8169,837,9,1502,3,0.9,CIFAR10_alexnet_GEN_accuracy_kp9000_seed1024,1024,36000,840,42,accuracy,101024,0.8122,2,0.5668890999794006,23.76652877777815,10,0.5668890999794006,valid,0.8130532006661614,0.8172749428727759,0.8122,101024
GEN,0.8226,121,121,offspring,240,210,CIFAR10,841,main_b1000_cifar10_alexnet_GEN_kp90_seed1024,0.9,0.8034,93,False,0.9,alexnet,False,0,0,1,0.8114,832,4,0.8226,121,1,450,4,0.9,CIFAR10_alexnet_GEN_accuracy_kp9000_seed1024,1024,36000,841,42,accuracy,101024,0.8034,1,0.5732445340633392,24.57708005607128,10,0.5732445340633392,valid,0.8034787357615697,0.8067479740579454,0.8033999999999999,101024
GEN,0.8226,121,121,offspring,210,240,CIFAR10,842,main_b1000_cifar10_alexnet_GEN_kp90_seed1024,0.9,0.8079,93,False,0.9,alexnet,False,0,0,2,0.8114,832,4,0.8226,121,1,450,5,0.9,CIFAR10_alexnet_GEN_accuracy_kp9000_seed1024,1024,36000,842,42,accuracy,101024,0.8079,2,0.5762102548122406,25.76144176721573,10,0.5762102548122406,valid,0.806719123475391,0.8119922010026013,0.8079000000000001,101024
GEN,0.8226,121,121,offspring,490,534,CIFAR10,843,main_b1000_cifar10_alexnet_GEN_kp90_seed1024,0.9,0.8198,93,False,0.9,alexnet,False,0,0,1,0.8226,121,1,0.8169,837,9,1024,6,0.9,CIFAR10_alexnet_GEN_accuracy_kp9000_seed1024,1024,36000,843,42,accuracy,101024,0.8198,3,0.5514657482624054,23.892909809947014,10,0.5514657482624054,valid,0.8203133540709395,0.8231472521032043,0.8197999999999999,101024
GEN,0.8226,121,121,offspring,534,490,CIFAR10,844,main_b1000_cifar10_alexnet_GEN_kp90_seed1024,0.9,0.8166,93,False,0.9,alexnet,False,0,0,2,0.8226,121,1,0.8169,837,9,1024,7,0.9,CIFAR10_alexnet_GEN_accuracy_kp9000_seed1024,1024,36000,844,42,accuracy,101024,0.8166,2,0.5598072619438171,25.213198632001877,10,0.5598072619438171,valid,0.8162304642654631,0.8174536089578126,0.8166,101024
GEN,0.8226,121,121,offspring,494,530,CIFAR10,845,main_b1000_cifar10_alexnet_GEN_kp90_seed1024,0.9,0.808,93,False,0.9,alexnet,False,0,0,1,0.8226,121,1,0.8169,837,9,1024,8,0.9,CIFAR10_alexnet_GEN_accuracy_kp9000_seed1024,1024,36000,845,42,accuracy,101024,0.808,2,0.5813764430046081,23.841953471302986,10,0.5813764430046081,valid,0.808037758922552,0.8163991661880898,0.808,101024
GEN,0.8226,121,121,offspring,530,494,CIFAR10,846,main_b1000_cifar10_alexnet_GEN_kp90_seed1024,0.9,0.8053,93,False,0.9,alexnet,False,0,0,2,0.8226,121,1,0.8169,837,9,1024,9,0.9,CIFAR10_alexnet_GEN_accuracy_kp9000_seed1024,1024,36000,846,42,accuracy,101024,0.8053,1,0.5832516428947448,24.20447564870119,10,0.5832516428947448,valid,0.8040959112493307,0.807185595650281,0.8053000000000001,101024
GEN,0.8226,121,121,offspring,1344,1298,CIFAR10,847,main_b1000_cifar10_alexnet_GEN_kp90_seed1024,0.9,0.8155,93,False,0.9,alexnet,False,0,0,1,0.8166,834,6,0.8129,830,2,2642,10,0.9,CIFAR10_alexnet_GEN_accuracy_kp9000_seed1024,1024,36000,847,42,accuracy,101024,0.8155,2,0.5565229701042176,23.822023913264275,10,0.5565229701042176,valid,0.816398368659638,0.8220514351842751,0.8154999999999999,101024
GEN,0.8226,121,121,offspring,278,256,CIFAR10,848,main_b1000_cifar10_alexnet_GEN_kp90_seed1024,0.9,0.8132,94,False,0.9,alexnet,False,0,0,1,0.8166,844,7,0.8226,121,1,534,2,0.9,CIFAR10_alexnet_GEN_accuracy_kp9000_seed1024,1024,36000,848,42,accuracy,101024,0.8132,3,0.5721230082988739,24.224496856331825,10,0.5721230082988739,valid,0.8124059383641514,0.8150471464852312,0.8131999999999999,101024
GEN,0.8226,121,121,offspring,256,278,CIFAR10,849,main_b1000_cifar10_alexnet_GEN_kp90_seed1024,0.9,0.7967,94,False,0.9,alexnet,True,3600,1800,2,0.8166,844,7,0.8226,121,1,534,3,0.9,CIFAR10_alexnet_GEN_accuracy_kp9000_seed1024,1024,36000,849,42,accuracy,101024,0.7967,1,0.586808763742447,23.92180836945772,10,0.586808763742447,valid,0.7965641769884233,0.8043141918077058,0.7967,101024
GEN,0.8226,121,121,offspring,230,260,CIFAR10,850,main_b1000_cifar10_alexnet_GEN_kp90_seed1024,0.9,0.8049,94,False,0.9,alexnet,False,0,0,1,0.8226,121,1,0.8198,843,6,490,4,0.9,CIFAR10_alexnet_GEN_accuracy_kp9000_seed1024,1024,36000,850,42,accuracy,101024,0.8049,1,0.5760458914279938,23.76722540706396,10,0.5760458914279938,valid,0.8053044157499227,0.8097346078641241,0.8049,101024
GEN,0.8226,121,121,offspring,260,230,CIFAR10,851,main_b1000_cifar10_alexnet_GEN_kp90_seed1024,0.9,0.8139,94,False,0.9,alexnet,False,0,0,2,0.8226,121,1,0.8198,843,6,490,5,0.9,CIFAR10_alexnet_GEN_accuracy_kp9000_seed1024,1024,36000,851,42,accuracy,101024,0.8139,3,0.5682966433763504,24.07743563503027,10,0.5682966433763504,valid,0.8138129624748005,0.816504186754733,0.8139000000000001,101024
GEN,0.8226,121,121,offspring,362,398,CIFAR10,852,main_b1000_cifar10_alexnet_GEN_kp90_seed1024,0.9,0.8202,94,False,0.9,alexnet,False,0,0,1,0.8091,839,2,0.8226,121,1,760,6,0.9,CIFAR10_alexnet_GEN_accuracy_kp9000_seed1024,1024,36000,852,42,accuracy,101024,0.8202,3,0.5557385665416718,23.756086498498917,10,0.5557385665416718,valid,0.8206615870833005,0.8224392889911861,0.8202000000000002,101024
GEN,0.8226,121,121,offspring,398,362,CIFAR10,853,main_b1000_cifar10_alexnet_GEN_kp90_seed1024,0.9,0.8038,94,False,0.9,alexnet,False,0,0,2,0.8091,839,2,0.8226,121,1,760,7,0.9,CIFAR10_alexnet_GEN_accuracy_kp9000_seed1024,1024,36000,853,42,accuracy,101024,0.8038,1,0.5696509006023407,24.14393997937441,10,0.5696509006023407,valid,0.8048171937124453,0.8114977740825242,0.8038000000000001,101024
GEN,0.8226,121,121,offspring,266,224,CIFAR10,854,main_b1000_cifar10_alexnet_GEN_kp90_seed1024,0.9,0.7986,94,False,0.9,alexnet,False,0,0,1,0.8226,121,1,0.8198,843,6,490,8,0.9,CIFAR10_alexnet_GEN_accuracy_kp9000_seed1024,1024,36000,854,42,accuracy,101024,0.7986,1,0.5844176684617997,23.826459877192974,10,0.5844176684617997,valid,0.7977701130850225,0.8046085914678356,0.7986000000000001,101024
GEN,0.8226,121,121,offspring,224,266,CIFAR10,855,main_b1000_cifar10_alexnet_GEN_kp90_seed1024,0.9,0.8029,94,False,0.9,alexnet,False,0,0,2,0.8226,121,1,0.8198,843,6,490,9,0.9,CIFAR10_alexnet_GEN_accuracy_kp9000_seed1024,1024,36000,855,42,accuracy,101024,0.8029,2,0.584702575302124,24.867520093917847,10,0.584702575302124,valid,0.8026013370034093,0.805935403435688,0.8029,101024
GEN,0.8226,121,121,offspring,238,252,CIFAR10,856,main_b1000_cifar10_alexnet_GEN_kp90_seed1024,0.9,0.8115,94,False,0.9,alexnet,False,0,0,1,0.8226,121,1,0.8198,843,6,490,10,0.9,CIFAR10_alexnet_GEN_accuracy_kp9000_seed1024,1024,36000,856,42,accuracy,101024,0.8115,2,0.5722852165699005,24.09723711013794,10,0.5722852165699005,valid,0.8114400426599359,0.8137928060548365,0.8115,101024
GEN,0.8226,121,121,offspring,190,208,CIFAR10,857,main_b1000_cifar10_alexnet_GEN_kp90_seed1024,0.9,0.8077,95,False,0.9,alexnet,False,0,0,1,0.8226,121,1,0.8202,852,6,398,2,0.9,CIFAR10_alexnet_GEN_accuracy_kp9000_seed1024,1024,36000,857,42,accuracy,101024,0.8077,2,0.5566794227600098,23.778907917439938,10,0.5566794227600098,valid,0.8066638450513345,0.8103659527075677,0.8077,101024
GEN,0.8226,121,121,offspring,208,190,CIFAR10,858,main_b1000_cifar10_alexnet_GEN_kp90_seed1024,0.9,0.8147,95,False,0.9,alexnet,False,0,0,2,0.8226,121,1,0.8202,852,6,398,3,0.9,CIFAR10_alexnet_GEN_accuracy_kp9000_seed1024,1024,36000,858,42,accuracy,101024,0.8147,4,0.5879501364707946,24.11721382290125,10,0.5879501364707946,valid,0.8150273414069833,0.8166470168991117,0.8147,101024
GEN,0.8226,121,121,offspring,126,130,CIFAR10,859,main_b1000_cifar10_alexnet_GEN_kp90_seed1024,0.9,0.8164,95,False,0.9,alexnet,False,0,0,1,0.8132,848,2,0.8226,121,1,256,4,0.9,CIFAR10_alexnet_GEN_accuracy_kp9000_seed1024,1024,36000,859,42,accuracy,101024,0.8164,4,0.6039255354642868,23.761425353586674,10,0.6039255354642868,valid,0.8159518100875323,0.8190443505368776,0.8164,101024
GEN,0.8226,121,121,offspring,130,126,CIFAR10,860,main_b1000_cifar10_alexnet_GEN_kp90_seed1024,0.9,0.8147,95,False,0.9,alexnet,False,0,0,2,0.8132,848,2,0.8226,121,1,256,5,0.9,CIFAR10_alexnet_GEN_accuracy_kp9000_seed1024,1024,36000,860,42,accuracy,101024,0.8147,2,0.5672581120014191,24.05662702769041,10,0.5672581120014191,valid,0.8146707874275009,0.816787043430681,0.8146999999999999,101024
GEN,0.8226,121,121,offspring,110,128,CIFAR10,861,main_b1000_cifar10_alexnet_GEN_kp90_seed1024,0.9,0.7999,95,False,0.9,alexnet,False,0,0,1,0.8226,121,1,0.8115,856,10,238,6,0.9,CIFAR10_alexnet_GEN_accuracy_kp9000_seed1024,1024,36000,861,42,accuracy,101024,0.7999,1,0.5869730162620544,23.798332877457142,10,0.5869730162620544,valid,0.7988773872905457,0.8079300017869775,0.7999,101024
GEN,0.8226,121,121,offspring,128,110,CIFAR10,862,main_b1000_cifar10_alexnet_GEN_kp90_seed1024,0.9,0.8074,95,False,0.9,alexnet,False,0,0,2,0.8226,121,1,0.8115,856,10,238,7,0.9,CIFAR10_alexnet_GEN_accuracy_kp9000_seed1024,1024,36000,862,42,accuracy,101024,0.8074,3,0.5805784478902817,23.87164694815874,10,0.5805784478902817,valid,0.8091623001005649,0.8158508852740125,0.8074,101024
GEN,0.8226,121,121,offspring,198,200,CIFAR10,863,main_b1000_cifar10_alexnet_GEN_kp90_seed1024,0.9,0.8106,95,False,0.9,alexnet,False,0,0,1,0.8226,121,1,0.8202,852,6,398,8,0.9,CIFAR10_alexnet_GEN_accuracy_kp9000_seed1024,1024,36000,863,42,accuracy,101024,0.8106,2,0.575377599287033,24.017075084149837,10,0.575377599287033,valid,0.8104241742751309,0.8172985539551625,0.8106,101024
GEN,0.8226,121,121,offspring,200,198,CIFAR10,864,main_b1000_cifar10_alexnet_GEN_kp90_seed1024,0.9,0.8126,95,False,0.9,alexnet,False,0,0,2,0.8226,121,1,0.8202,852,6,398,9,0.9,CIFAR10_alexnet_GEN_accuracy_kp9000_seed1024,1024,36000,864,42,accuracy,101024,0.8126,2,0.5657961322784424,23.775664664804935,10,0.5657961322784424,valid,0.813514071115583,0.8190196616993151,0.8126,101024
GEN,0.8226,121,121,offspring,180,182,CIFAR10,865,main_b1000_cifar10_alexnet_GEN_kp90_seed1024,0.9,0.8045,95,False,0.9,alexnet,False,0,0,1,0.8226,121,1,0.8038,853,7,362,10,0.9,CIFAR10_alexnet_GEN_accuracy_kp9000_seed1024,1024,36000,865,42,accuracy,101024,0.8045,1,0.5755798836708069,24.10588116198778,10,0.5755798836708069,valid,0.8043439288414843,0.8089347913400688,0.8045,101024
GEN,0.8226,121,121,offspring,100,90,CIFAR10,866,main_b1000_cifar10_alexnet_GEN_kp90_seed1024,0.9,0.8142,96,False,0.9,alexnet,False,0,0,1,0.8077,857,2,0.8226,121,1,190,2,0.9,CIFAR10_alexnet_GEN_accuracy_kp9000_seed1024,1024,36000,866,42,accuracy,101024,0.8142,3,0.5708327157974243,23.868938200175762,10,0.5708327157974243,valid,0.8140579704743989,0.8177178748103298,0.8142000000000001,101024
GEN,0.8226,121,121,offspring,90,100,CIFAR10,867,main_b1000_cifar10_alexnet_GEN_kp90_seed1024,0.9,0.804,96,False,0.9,alexnet,False,0,0,2,0.8077,857,2,0.8226,121,1,190,3,0.9,CIFAR10_alexnet_GEN_accuracy_kp9000_seed1024,1024,36000,867,42,accuracy,101024,0.804,1,0.5711015563964844,23.998261600732803,10,0.5711015563964844,valid,0.804643243337415,0.8089455238103203,0.8039999999999999,101024
GEN,0.8226,121,121,offspring,186,212,CIFAR10,868,main_b1000_cifar10_alexnet_GEN_kp90_seed1024,0.9,0.8097,96,False,0.9,alexnet,False,0,0,1,0.8147,858,3,0.8077,857,2,398,4,0.9,CIFAR10_alexnet_GEN_accuracy_kp9000_seed1024,1024,36000,868,42,accuracy,101024,0.8097,1,0.5649925897598267,23.91825556755066,10,0.5649925897598267,valid,0.8113007359962016,0.8198178566551599,0.8097,101024
GEN,0.8226,121,121,offspring,212,186,CIFAR10,869,main_b1000_cifar10_alexnet_GEN_kp90_seed1024,0.9,0.8109,96,False,0.9,alexnet,False,0,0,2,0.8147,858,3,0.8077,857,2,398,5,0.9,CIFAR10_alexnet_GEN_accuracy_kp9000_seed1024,1024,36000,869,42,accuracy,101024,0.8109,2,0.5743970046043396,24.207580499351025,10,0.5743970046043396,valid,0.8107100879088943,0.8145958511051777,0.8109000000000002,101024
GEN,0.8226,121,121,offspring,100,108,CIFAR10,870,main_b1000_cifar10_alexnet_GEN_kp90_seed1024,0.9,0.8136,96,False,0.9,alexnet,False,0,0,1,0.8226,121,1,0.8147,858,3,208,6,0.9,CIFAR10_alexnet_GEN_accuracy_kp9000_seed1024,1024,36000,870,42,accuracy,101024,0.8136,3,0.5708797391414643,24.25836718827486,10,0.5708797391414643,valid,0.8148026975989884,0.8186687307922685,0.8135999999999999,101024
GEN,0.8226,121,121,offspring,108,100,CIFAR10,871,main_b1000_cifar10_alexnet_GEN_kp90_seed1024,0.9,0.8058,96,False,0.9,alexnet,False,0,0,2,0.8226,121,1,0.8147,858,3,208,7,0.9,CIFAR10_alexnet_GEN_accuracy_kp9000_seed1024,1024,36000,871,42,accuracy,101024,0.8058,1,0.5729633816242218,23.95992700755596,10,0.5729633816242218,valid,0.8050098932297927,0.8080176474496399,0.8058,101024
GEN,0.8226,121,121,offspring,148,146,CIFAR10,872,main_b1000_cifar10_alexnet_GEN_kp90_seed1024,0.9,0.8161,96,False,0.9,alexnet,False,0,0,1,0.8147,860,5,0.8126,864,9,294,8,0.9,CIFAR10_alexnet_GEN_accuracy_kp9000_seed1024,1024,36000,872,42,accuracy,101024,0.8161,2,0.5597256507873535,24.34078513085842,10,0.5597256507873535,valid,0.8161759766393223,0.8187251595028779,0.8160999999999999,101024
GEN,0.8226,121,121,offspring,146,148,CIFAR10,873,main_b1000_cifar10_alexnet_GEN_kp90_seed1024,0.9,0.8137,96,False,0.9,alexnet,False,0,0,2,0.8147,860,5,0.8126,864,9,294,9,0.9,CIFAR10_alexnet_GEN_accuracy_kp9000_seed1024,1024,36000,873,42,accuracy,101024,0.8137,2,0.562160995054245,23.98514124006033,10,0.562160995054245,valid,0.8141632306580503,0.817514858591611,0.8137000000000001,101024
GEN,0.8226,121,121,offspring,142,146,CIFAR10,874,main_b1000_cifar10_alexnet_GEN_kp90_seed1024,0.9,0.8007,96,False,0.9,alexnet,False,0,0,1,0.8147,860,5,0.8106,863,8,288,10,0.9,CIFAR10_alexnet_GEN_accuracy_kp9000_seed1024,1024,36000,874,42,accuracy,101024,0.8007,1,0.5863354681015015,28.74402604997158,10,0.5863354681015015,valid,0.8004753875220665,0.806345566169752,0.8007,101024
GEN,0.8226,121,121,offspring,96,110,CIFAR10,875,main_b1000_cifar10_alexnet_GEN_kp90_seed1024,0.9,0.8163,97,False,0.9,alexnet,False,0,0,1,0.8137,873,9,0.8142,866,2,206,2,0.9,CIFAR10_alexnet_GEN_accuracy_kp9000_seed1024,1024,36000,875,42,accuracy,101024,0.8163,3,0.559974642920494,23.923320442438126,10,0.559974642920494,valid,0.8160439997366185,0.8185124502295477,0.8163,101024
GEN,0.8226,121,121,offspring,110,96,CIFAR10,876,main_b1000_cifar10_alexnet_GEN_kp90_seed1024,0.9,0.7967,97,False,0.9,alexnet,False,0,0,2,0.8137,873,9,0.8142,866,2,206,3,0.9,CIFAR10_alexnet_GEN_accuracy_kp9000_seed1024,1024,36000,876,42,accuracy,101024,0.7967,1,0.5925036359786987,26.819446057081223,10,0.5925036359786987,valid,0.7952259509541373,0.8014933460843631,0.7967,101024
GEN,0.8226,121,121,offspring,124,130,CIFAR10,877,main_b1000_cifar10_alexnet_GEN_kp90_seed1024,0.9,0.8172,97,False,0.9,alexnet,False,0,0,1,0.8109,869,5,0.8137,873,9,254,4,0.9,CIFAR10_alexnet_GEN_accuracy_kp9000_seed1024,1024,36000,877,42,accuracy,101024,0.8172,4,0.5720533210754395,24.14570990204811,10,0.5720533210754395,valid,0.8180225546302049,0.8200063774768097,0.8172,101024
GEN,0.8226,121,121,offspring,130,124,CIFAR10,878,main_b1000_cifar10_alexnet_GEN_kp90_seed1024,0.9,0.8081,97,False,0.9,alexnet,False,0,0,2,0.8109,869,5,0.8137,873,9,254,5,0.9,CIFAR10_alexnet_GEN_accuracy_kp9000_seed1024,1024,36000,878,42,accuracy,101024,0.8081,2,0.5780420324325561,23.72051791846752,10,0.5780420324325561,valid,0.8073318532904208,0.8158100788664484,0.8080999999999999,101024
GEN,0.8226,121,121,offspring,94,106,CIFAR10,879,main_b1000_cifar10_alexnet_GEN_kp90_seed1024,0.9,0.8106,97,False,0.9,alexnet,False,0,0,1,0.8097,868,4,0.8142,866,2,200,6,0.9,CIFAR10_alexnet_GEN_accuracy_kp9000_seed1024,1024,36000,879,42,accuracy,101024,0.8106,1,0.5475253236293792,24.13087385892868,10,0.5475253236293792,valid,0.8107141400466276,0.8141183676449233,0.8106000000000002,101024
GEN,0.8226,121,121,offspring,106,94,CIFAR10,880,main_b1000_cifar10_alexnet_GEN_kp90_seed1024,0.9,0.8102,97,False,0.9,alexnet,False,0,0,2,0.8097,868,4,0.8142,866,2,200,7,0.9,CIFAR10_alexnet_GEN_accuracy_kp9000_seed1024,1024,36000,880,42,accuracy,101024,0.8102,2,0.5767913714408874,23.767993286252022,10,0.5767913714408874,valid,0.8094723740930501,0.8124941479356442,0.8102,101024
GEN,0.8226,121,121,offspring,74,86,CIFAR10,881,main_b1000_cifar10_alexnet_GEN_kp90_seed1024,0.9,0.8086,97,False,0.9,alexnet,False,0,0,1,0.8226,121,1,0.8161,872,8,160,8,0.9,CIFAR10_alexnet_GEN_accuracy_kp9000_seed1024,1024,36000,881,42,accuracy,101024,0.8086,1,0.5597403580665589,23.969888374209404,10,0.5597403580665589,valid,0.8083279024367649,0.8125423653980768,0.8086,101024
GEN,0.8226,121,121,offspring,86,74,CIFAR10,882,main_b1000_cifar10_alexnet_GEN_kp90_seed1024,0.9,0.812,97,False,0.9,alexnet,False,0,0,2,0.8226,121,1,0.8161,872,8,160,9,0.9,CIFAR10_alexnet_GEN_accuracy_kp9000_seed1024,1024,36000,882,42,accuracy,101024,0.812,2,0.5569923160552979,23.84920697659254,10,0.5569923160552979,valid,0.8123244179781919,0.8151694019008087,0.812,101024
GEN,0.8226,121,121,offspring,78,82,CIFAR10,883,main_b1000_cifar10_alexnet_GEN_kp90_seed1024,0.9,0.8082,97,False,0.9,alexnet,False,0,0,1,0.8161,872,8,0.8226,121,1,160,10,0.9,CIFAR10_alexnet_GEN_accuracy_kp9000_seed1024,1024,36000,883,42,accuracy,101024,0.8082,2,0.5787675692558288,24.675157353281975,10,0.5787675692558288,valid,0.8081362546182647,0.8149065623309178,0.8082,101024
GEN,0.8226,121,121,offspring,92,94,CIFAR10,884,main_b1000_cifar10_alexnet_GEN_kp90_seed1024,0.9,0.8162,98,False,0.9,alexnet,False,0,0,1,0.8163,875,2,0.8086,881,8,186,2,0.9,CIFAR10_alexnet_GEN_accuracy_kp9000_seed1024,1024,36000,884,42,accuracy,101024,0.8162,4,0.5895642574548722,24.07990337908268,10,0.5895642574548722,valid,0.8170353506225784,0.8218493709849335,0.8161999999999999,101024
GEN,0.8226,121,121,offspring,94,92,CIFAR10,885,main_b1000_cifar10_alexnet_GEN_kp90_seed1024,0.9,0.807,98,False,0.9,alexnet,False,0,0,2,0.8163,875,2,0.8086,881,8,186,3,0.9,CIFAR10_alexnet_GEN_accuracy_kp9000_seed1024,1024,36000,885,42,accuracy,101024,0.807,2,0.5691035128593445,23.7755304351449,10,0.5691035128593445,valid,0.8080609795955442,0.8138131552456365,0.807,101024
GEN,0.8226,121,121,offspring,78,90,CIFAR10,886,main_b1000_cifar10_alexnet_GEN_kp90_seed1024,0.9,0.8184,98,False,0.9,alexnet,False,0,0,1,0.8163,875,2,0.8172,877,4,168,4,0.9,CIFAR10_alexnet_GEN_accuracy_kp9000_seed1024,1024,36000,886,42,accuracy,101024,0.8184,4,0.5790299582004547,24.216405645012856,10,0.5790299582004547,valid,0.8180690659783323,0.8194037713884613,0.8184000000000001,101024
GEN,0.8226,121,121,offspring,90,78,CIFAR10,887,main_b1000_cifar10_alexnet_GEN_kp90_seed1024,0.9,0.8128,98,False,0.9,alexnet,False,0,0,2,0.8163,875,2,0.8172,877,4,168,5,0.9,CIFAR10_alexnet_GEN_accuracy_kp9000_seed1024,1024,36000,887,42,accuracy,101024,0.8128,3,0.5884547716140747,23.560565046966076,10,0.5884547716140747,valid,0.8121611526795778,0.8188571211898374,0.8128,101024
GEN,0.8226,121,121,offspring,86,82,CIFAR10,888,main_b1000_cifar10_alexnet_GEN_kp90_seed1024,0.9,0.8036,98,False,0.9,alexnet,False,0,0,1,0.8163,875,2,0.8172,877,4,168,6,0.9,CIFAR10_alexnet_GEN_accuracy_kp9000_seed1024,1024,36000,888,42,accuracy,101024,0.8036,2,0.6000957604408265,23.924620606005192,10,0.6000957604408265,valid,0.8045706207468306,0.8132245678152591,0.8036000000000001,101024
GEN,0.8226,121,121,offspring,82,86,CIFAR10,889,main_b1000_cifar10_alexnet_GEN_kp90_seed1024,0.9,0.819,98,False,0.9,alexnet,False,0,0,2,0.8163,875,2,0.8172,877,4,168,7,0.9,CIFAR10_alexnet_GEN_accuracy_kp9000_seed1024,1024,36000,889,42,accuracy,101024,0.819,3,0.5554472922325134,23.852331317961216,10,0.5554472922325134,valid,0.8202385825758055,0.823426733568772,0.819,101024
GEN,0.8226,121,121,offspring,74,76,CIFAR10,890,main_b1000_cifar10_alexnet_GEN_kp90_seed1024,0.9,0.808,98,False,0.9,alexnet,False,0,0,1,0.8102,880,7,0.8226,121,1,150,8,0.9,CIFAR10_alexnet_GEN_accuracy_kp9000_seed1024,1024,36000,890,42,accuracy,101024,0.808,1,0.5616535942077636,23.81725610792637,10,0.5616535942077636,valid,0.8081583535564894,0.8093145579517476,0.808,101024
GEN,0.8226,121,121,offspring,76,74,CIFAR10,891,main_b1000_cifar10_alexnet_GEN_kp90_seed1024,0.9,0.8167,98,False,0.9,alexnet,False,0,0,2,0.8102,880,7,0.8226,121,1,150,9,0.9,CIFAR10_alexnet_GEN_accuracy_kp9000_seed1024,1024,36000,891,42,accuracy,101024,0.8167,4,0.5729528102636338,24.12028793990612,10,0.5729528102636338,valid,0.817209008101506,0.8187186036282549,0.8167000000000002,101024
GEN,0.8226,121,121,offspring,116,112,CIFAR10,892,main_b1000_cifar10_alexnet_GEN_kp90_seed1024,0.9,0.8191,98,False,0.9,alexnet,False,0,0,1,0.812,882,9,0.8172,877,4,228,10,0.9,CIFAR10_alexnet_GEN_accuracy_kp9000_seed1024,1024,36000,892,42,accuracy,101024,0.8191,3,0.5668032805204392,23.948779568076134,10,0.5668032805204392,valid,0.818720409114589,0.8227229841378797,0.8190999999999999,101024
GEN,0.8226,121,121,offspring,78,66,CIFAR10,893,main_b1000_cifar10_alexnet_GEN_kp90_seed1024,0.9,0.8087,99,False,0.9,alexnet,False,0,0,1,0.8191,892,10,0.8226,121,1,144,2,0.9,CIFAR10_alexnet_GEN_accuracy_kp9000_seed1024,1024,36000,893,42,accuracy,101024,0.8087,2,0.5893362463951111,103.67752070724964,10,0.5893362463951111,valid,0.8090568595806131,0.8158643421745259,0.8087,101024
GEN,0.8226,121,121,offspring,66,78,CIFAR10,894,main_b1000_cifar10_alexnet_GEN_kp90_seed1024,0.9,0.81,99,False,0.9,alexnet,False,0,0,2,0.8191,892,10,0.8226,121,1,144,3,0.9,CIFAR10_alexnet_GEN_accuracy_kp9000_seed1024,1024,36000,894,42,accuracy,101024,0.81,2,0.5794469829559327,24.22086063027382,10,0.5794469829559327,valid,0.8104452838082882,0.818082210646287,0.8099999999999999,101024
GEN,0.8226,121,121,offspring,74,82,CIFAR10,895,main_b1000_cifar10_alexnet_GEN_kp90_seed1024,0.9,0.8154,99,False,0.9,alexnet,False,0,0,1,0.8191,892,10,0.819,889,7,156,4,0.9,CIFAR10_alexnet_GEN_accuracy_kp9000_seed1024,1024,36000,895,42,accuracy,101024,0.8154,3,0.5726037997722626,23.94397860020399,10,0.5726037997722626,valid,0.8144406411004896,0.8196547446133143,0.8154,101024
GEN,0.8226,121,121,offspring,82,74,CIFAR10,896,main_b1000_cifar10_alexnet_GEN_kp90_seed1024,0.9,0.8085,99,False,0.9,alexnet,True,3600,1800,2,0.8191,892,10,0.819,889,7,156,5,0.9,CIFAR10_alexnet_GEN_accuracy_kp9000_seed1024,1024,36000,896,42,accuracy,101024,0.8085,1,0.5548468301773072,23.97560825943947,10,0.5548468301773072,valid,0.8075222634019197,0.8093688719936438,0.8085000000000001,101024
GEN,0.8226,121,121,offspring,74,82,CIFAR10,897,main_b1000_cifar10_alexnet_GEN_kp90_seed1024,0.9,0.8107,99,False,0.9,alexnet,False,0,0,1,0.8191,892,10,0.819,889,7,156,6,0.9,CIFAR10_alexnet_GEN_accuracy_kp9000_seed1024,1024,36000,897,42,accuracy,101024,0.8107,2,0.5695839295864106,23.903118386864662,10,0.5695839295864106,valid,0.8102274483461007,0.812909400031673,0.8107000000000001,101024
GEN,0.8226,121,121,offspring,82,74,CIFAR10,898,main_b1000_cifar10_alexnet_GEN_kp90_seed1024,0.9,0.8072,99,False,0.9,alexnet,False,0,0,2,0.8191,892,10,0.819,889,7,156,7,0.9,CIFAR10_alexnet_GEN_accuracy_kp9000_seed1024,1024,36000,898,42,accuracy,101024,0.8072,3,0.5749152600049973,24.099170058965683,10,0.5749152600049973,valid,0.8090568741400528,0.8208284191855112,0.8071999999999999,101024
GEN,0.8226,121,121,offspring,54,38,CIFAR10,899,main_b1000_cifar10_alexnet_GEN_kp90_seed1024,0.9,0.8085,99,False,0.9,alexnet,False,0,0,1,0.819,889,7,0.8184,886,4,92,8,0.9,CIFAR10_alexnet_GEN_accuracy_kp9000_seed1024,1024,36000,899,42,accuracy,101024,0.8085,1,0.5560127676486969,29.80722862482071,10,0.5560127676486969,valid,0.80776822677093,0.8099597632289617,0.8084999999999999,101024
GEN,0.8226,121,121,offspring,38,54,CIFAR10,900,main_b1000_cifar10_alexnet_GEN_kp90_seed1024,0.9,0.8091,99,False,0.9,alexnet,False,0,0,2,0.819,889,7,0.8184,886,4,92,9,0.9,CIFAR10_alexnet_GEN_accuracy_kp9000_seed1024,1024,36000,900,42,accuracy,101024,0.8091,2,0.5685762321949005,24.13999556750059,10,0.5685762321949005,valid,0.8099720203372305,0.814277814199824,0.8090999999999999,101024
GEN,0.8226,121,121,offspring,94,98,CIFAR10,901,main_b1000_cifar10_alexnet_GEN_kp90_seed1024,0.9,0.8152,99,False,0.9,alexnet,False,0,0,1,0.8128,887,5,0.8167,891,9,192,10,0.9,CIFAR10_alexnet_GEN_accuracy_kp9000_seed1024,1024,36000,901,42,accuracy,101024,0.8152,2,0.5690939128398895,23.767229832708836,10,0.5690939128398895,valid,0.8144921316796856,0.8189855704679635,0.8152000000000001,101024
GEN,0.8226,121,121,offspring,76,80,CIFAR10,902,main_b1000_cifar10_alexnet_GEN_kp90_seed1024,0.9,0.807,100,False,0.9,alexnet,False,0,0,1,0.81,894,3,0.8091,900,9,156,2,0.9,CIFAR10_alexnet_GEN_accuracy_kp9000_seed1024,1024,36000,902,42,accuracy,101024,0.807,1,0.5726652700424194,101.94954388588667,10,0.5726652700424194,valid,0.8071880670270432,0.8110969733432232,0.807,101024
GEN,0.8226,121,121,offspring,80,76,CIFAR10,903,main_b1000_cifar10_alexnet_GEN_kp90_seed1024,0.9,0.8094,100,False,0.9,alexnet,False,0,0,2,0.81,894,3,0.8091,900,9,156,3,0.9,CIFAR10_alexnet_GEN_accuracy_kp9000_seed1024,1024,36000,903,42,accuracy,101024,0.8094,2,0.574219632101059,56.02877725660801,10,0.574219632101059,valid,0.8106961275920279,0.8221654097173653,0.8093999999999999,101024
GEN,0.8226,121,121,offspring,32,46,CIFAR10,904,main_b1000_cifar10_alexnet_GEN_kp90_seed1024,0.9,0.8063,100,False,0.9,alexnet,False,0,0,1,0.81,894,3,0.8226,121,1,78,4,0.9,CIFAR10_alexnet_GEN_accuracy_kp9000_seed1024,1024,36000,904,42,accuracy,101024,0.8063,1,0.5683952058792114,33.137973837554455,10,0.5683952058792114,valid,0.8057722043313615,0.8076285453655695,0.8063,101024
GEN,0.8226,121,121,offspring,46,32,CIFAR10,905,main_b1000_cifar10_alexnet_GEN_kp90_seed1024,0.9,0.8035,100,False,0.9,alexnet,True,3600,1800,2,0.81,894,3,0.8226,121,1,78,5,0.9,CIFAR10_alexnet_GEN_accuracy_kp9000_seed1024,1024,36000,905,42,accuracy,101024,0.8035,2,0.5847965454816818,33.679594703018665,10,0.5847965454816818,valid,0.8056328762133005,0.8161050624678688,0.8035,101024
GEN,0.8226,121,121,offspring,44,40,CIFAR10,906,main_b1000_cifar10_alexnet_GEN_kp90_seed1024,0.9,0.8029,100,False,0.9,alexnet,False,0,0,1,0.8154,895,4,0.8107,897,6,84,6,0.9,CIFAR10_alexnet_GEN_accuracy_kp9000_seed1024,1024,36000,906,42,accuracy,101024,0.8029,1,0.5734453253746032,24.382292710244656,10,0.5734453253746032,valid,0.8025495366463327,0.8063062897119304,0.8029,101024
GEN,0.8226,121,121,offspring,40,44,CIFAR10,907,main_b1000_cifar10_alexnet_GEN_kp90_seed1024,0.9,0.8207,100,False,0.9,alexnet,False,0,0,2,0.8154,895,4,0.8107,897,6,84,7,0.9,CIFAR10_alexnet_GEN_accuracy_kp9000_seed1024,1024,36000,907,42,accuracy,101024,0.8207,3,0.5580244154930115,25.693223118782043,10,0.5580244154930115,valid,0.8202688401749827,0.8227843011009772,0.8207000000000001,101024
GEN,0.8226,121,121,offspring,34,50,CIFAR10,908,main_b1000_cifar10_alexnet_GEN_kp90_seed1024,0.9,0.808,100,False,0.9,alexnet,False,0,0,1,0.8154,895,4,0.8107,897,6,84,8,0.9,CIFAR10_alexnet_GEN_accuracy_kp9000_seed1024,1024,36000,908,42,accuracy,101024,0.808,1,0.5681941375732422,40.449151776731014,10,0.5681941375732422,valid,0.8073422570135864,0.8124009143961457,0.8080000000000002,101024
GEN,0.8226,121,121,offspring,50,34,CIFAR10,909,main_b1000_cifar10_alexnet_GEN_kp90_seed1024,0.9,0.8083,100,False,0.9,alexnet,False,0,0,2,0.8154,895,4,0.8107,897,6,84,9,0.9,CIFAR10_alexnet_GEN_accuracy_kp9000_seed1024,1024,36000,909,42,accuracy,101024,0.8083,1,0.5696077916622162,23.804736509919167,10,0.5696077916622162,valid,0.8074836821229863,0.8087661526889589,0.8083,101024
GEN,0.8226,121,121,offspring,86,80,CIFAR10,910,main_b1000_cifar10_alexnet_GEN_kp90_seed1024,0.9,0.8017,100,False,0.9,alexnet,False,0,0,1,0.8107,897,6,0.8226,121,1,166,10,0.9,CIFAR10_alexnet_GEN_accuracy_kp9000_seed1024,1024,36000,910,42,accuracy,101024,0.8017,1,0.5732364349365234,24.539779625833035,10,0.5732364349365234,valid,0.8009944769585042,0.8050092094659052,0.8017,101024
GEN,0.8226,121,121,offspring,50,56,CIFAR10,911,main_b1000_cifar10_alexnet_GEN_kp90_seed1024,0.9,0.8073,101,False,0.9,alexnet,True,3600,1800,1,0.8083,909,9,0.8094,903,3,106,2,0.9,CIFAR10_alexnet_GEN_accuracy_kp9000_seed1024,1024,36000,911,42,accuracy,101024,0.8073,2,0.5851335114955902,28.092279836535454,10,0.5851335114955902,valid,0.8062630931633559,0.814659815590335,0.8072999999999999,101024
GEN,0.8226,121,121,offspring,56,50,CIFAR10,912,main_b1000_cifar10_alexnet_GEN_kp90_seed1024,0.9,0.8,101,False,0.9,alexnet,False,0,0,2,0.8083,909,9,0.8094,903,3,106,3,0.9,CIFAR10_alexnet_GEN_accuracy_kp9000_seed1024,1024,36000,912,42,accuracy,101024,0.8,1,0.5829574754238128,24.297637976706028,10,0.5829574754238128,valid,0.8017600055965206,0.81000681982368,0.8,101024
GEN,0.8226,121,121,offspring,62,52,CIFAR10,913,main_b1000_cifar10_alexnet_GEN_kp90_seed1024,0.9,0.8029,101,False,0.9,alexnet,False,0,0,1,0.8207,907,7,0.8094,903,3,114,4,0.9,CIFAR10_alexnet_GEN_accuracy_kp9000_seed1024,1024,36000,913,42,accuracy,101024,0.8029,1,0.5915747195959091,23.787782914936543,10,0.5915747195959091,valid,0.8040707789604543,0.818813020507891,0.8029,101024
GEN,0.8226,121,121,offspring,52,62,CIFAR10,914,main_b1000_cifar10_alexnet_GEN_kp90_seed1024,0.9,0.813,101,False,0.9,alexnet,False,0,0,2,0.8207,907,7,0.8094,903,3,114,5,0.9,CIFAR10_alexnet_GEN_accuracy_kp9000_seed1024,1024,36000,914,42,accuracy,101024,0.813,3,0.5798291447639465,24.070864289999008,10,0.5798291447639465,valid,0.8145453863942669,0.8208770018807667,0.8130000000000001,101024
GEN,0.8226,121,121,offspring,52,54,CIFAR10,915,main_b1000_cifar10_alexnet_GEN_kp90_seed1024,0.9,0.8154,101,False,0.9,alexnet,True,3600,1800,1,0.8094,903,3,0.8083,909,9,106,6,0.9,CIFAR10_alexnet_GEN_accuracy_kp9000_seed1024,1024,36000,915,42,accuracy,101024,0.8154,2,0.5667315886974335,23.791645854711533,10,0.5667315886974335,valid,0.8158290058282034,0.8218355526552241,0.8154,101024
GEN,0.8226,121,121,offspring,54,52,CIFAR10,916,main_b1000_cifar10_alexnet_GEN_kp90_seed1024,0.9,0.8194,101,False,0.9,alexnet,False,0,0,2,0.8094,903,3,0.8083,909,9,106,7,0.9,CIFAR10_alexnet_GEN_accuracy_kp9000_seed1024,1024,36000,916,42,accuracy,101024,0.8194,3,0.5593986001014709,23.773016050457954,10,0.5593986001014709,valid,0.8199738766986238,0.8223103808601199,0.8193999999999999,101024
GEN,0.8226,121,121,offspring,76,90,CIFAR10,917,main_b1000_cifar10_alexnet_GEN_kp90_seed1024,0.9,0.8175,101,False,0.9,alexnet,False,0,0,1,0.8207,907,7,0.8226,121,1,166,8,0.9,CIFAR10_alexnet_GEN_accuracy_kp9000_seed1024,1024,36000,917,42,accuracy,101024,0.8175,3,0.5655785755634308,24.0875286385417,10,0.5655785755634308,valid,0.8164763639134037,0.8180936017404001,0.8175000000000001,101024
GEN,0.8226,121,121,offspring,90,76,CIFAR10,918,main_b1000_cifar10_alexnet_GEN_kp90_seed1024,0.9,0.8098,101,False,0.9,alexnet,False,0,0,2,0.8207,907,7,0.8226,121,1,166,9,0.9,CIFAR10_alexnet_GEN_accuracy_kp9000_seed1024,1024,36000,918,42,accuracy,101024,0.8098,1,0.5561074151992798,29.55976089835167,10,0.5561074151992798,valid,0.8102114002480338,0.8122871827801343,0.8097999999999999,101024
GEN,0.8226,121,121,offspring,26,18,CIFAR10,919,main_b1000_cifar10_alexnet_GEN_kp90_seed1024,0.9,0.8049,101,False,0.9,alexnet,False,0,0,1,0.8207,907,7,0.8083,909,9,44,10,0.9,CIFAR10_alexnet_GEN_accuracy_kp9000_seed1024,1024,36000,919,42,accuracy,101024,0.8049,2,0.5846847867965699,28.616526812314987,10,0.5846847867965699,valid,0.8051702336774651,0.8131126058837923,0.8049000000000002,101024
GEN,0.8226,121,121,offspring,1840,1812,CIFAR10,920,main_b1000_cifar10_alexnet_GEN_kp90_seed1024,0.9,0.8073,102,False,0.9,alexnet,False,0,0,1,0.8154,915,6,0.8175,917,8,3652,2,0.9,CIFAR10_alexnet_GEN_accuracy_kp9000_seed1024,1024,36000,920,42,accuracy,101024,0.8073,2,0.5790698688030242,24.202101081609726,10,0.5790698688030242,valid,0.8069935112395299,0.8112743817551242,0.8073,101024
GEN,0.8226,121,121,offspring,1812,1840,CIFAR10,921,main_b1000_cifar10_alexnet_GEN_kp90_seed1024,0.9,0.8018,102,False,0.9,alexnet,False,0,0,2,0.8154,915,6,0.8175,917,8,3652,3,0.9,CIFAR10_alexnet_GEN_accuracy_kp9000_seed1024,1024,36000,921,42,accuracy,101024,0.8018,1,0.5691810317993165,23.950584329664707,10,0.5691810317993165,valid,0.80142737486185,0.8058118422077596,0.8018000000000001,101024
GEN,0.8226,121,121,offspring,1784,1850,CIFAR10,922,main_b1000_cifar10_alexnet_GEN_kp90_seed1024,0.9,0.8129,102,False,0.9,alexnet,False,0,0,1,0.8154,915,6,0.813,914,5,3634,4,0.9,CIFAR10_alexnet_GEN_accuracy_kp9000_seed1024,1024,36000,922,42,accuracy,101024,0.8129,3,0.5800176276683807,24.43589537590742,10,0.5800176276683807,valid,0.8139149698809213,0.8219071898860987,0.8129,101024
GEN,0.8226,121,121,offspring,1850,1784,CIFAR10,923,main_b1000_cifar10_alexnet_GEN_kp90_seed1024,0.9,0.8044,102,False,0.9,alexnet,False,0,0,2,0.8154,915,6,0.813,914,5,3634,5,0.9,CIFAR10_alexnet_GEN_accuracy_kp9000_seed1024,1024,36000,923,42,accuracy,101024,0.8044,1,0.5728882897377015,23.736809492111206,10,0.5728882897377015,valid,0.805408642920313,0.8123847235432622,0.8043999999999999,101024
GEN,0.8226,121,121,offspring,1840,1830,CIFAR10,924,main_b1000_cifar10_alexnet_GEN_kp90_seed1024,0.9,0.8161,102,False,0.9,alexnet,False,0,0,1,0.8226,121,1,0.8154,915,6,3670,6,0.9,CIFAR10_alexnet_GEN_accuracy_kp9000_seed1024,1024,36000,924,42,accuracy,101024,0.8161,2,0.5629624976634979,25.873908452689648,10,0.5629624976634979,valid,0.8160292589897955,0.8197800583394598,0.8160999999999999,101024
GEN,0.8226,121,121,offspring,1830,1840,CIFAR10,925,main_b1000_cifar10_alexnet_GEN_kp90_seed1024,0.9,0.8085,102,False,0.9,alexnet,False,0,0,2,0.8226,121,1,0.8154,915,6,3670,7,0.9,CIFAR10_alexnet_GEN_accuracy_kp9000_seed1024,1024,36000,925,42,accuracy,101024,0.8085,2,0.5783624663352966,23.80706636607647,10,0.5783624663352966,valid,0.8087206938481024,0.8125069808384309,0.8085000000000001,101024
GEN,0.8226,121,121,offspring,70,70,CIFAR10,926,main_b1000_cifar10_alexnet_GEN_kp90_seed1024,0.9,0.8012,102,False,0.9,alexnet,False,0,0,1,0.8226,121,1,0.8194,916,7,140,8,0.9,CIFAR10_alexnet_GEN_accuracy_kp9000_seed1024,1024,36000,926,42,accuracy,101024,0.8012,1,0.5914387801647186,23.98089874535799,10,0.5914387801647186,valid,0.8001459050170483,0.8043559720915185,0.8012,101024
GEN,0.8226,121,121,offspring,70,70,CIFAR10,927,main_b1000_cifar10_alexnet_GEN_kp90_seed1024,0.9,0.8134,102,False,0.9,alexnet,False,0,0,2,0.8226,121,1,0.8194,916,7,140,9,0.9,CIFAR10_alexnet_GEN_accuracy_kp9000_seed1024,1024,36000,927,42,accuracy,101024,0.8134,2,0.56897094039917,23.77170865237713,10,0.56897094039917,valid,0.8129435194350162,0.8151035547221361,0.8134,101024
GEN,0.8226,121,121,offspring,74,66,CIFAR10,928,main_b1000_cifar10_alexnet_GEN_kp90_seed1024,0.9,0.8163,102,False,0.9,alexnet,False,0,0,1,0.8194,916,7,0.8226,121,1,140,10,0.9,CIFAR10_alexnet_GEN_accuracy_kp9000_seed1024,1024,36000,928,42,accuracy,101024,0.8163,3,0.5651714204311371,40.428485944867134,10,0.5651714204311371,valid,0.8167261508738004,0.8213207060481684,0.8163,101024
GEN,0.8226,121,121,offspring,928,912,CIFAR10,929,main_b1000_cifar10_alexnet_GEN_kp90_seed1024,0.9,0.8139,103,False,0.9,alexnet,True,3600,1800,1,0.8161,924,6,0.8226,121,1,1840,2,0.9,CIFAR10_alexnet_GEN_accuracy_kp9000_seed1024,1024,36000,929,42,accuracy,101024,0.8139,2,0.564025832605362,23.97705939412117,10,0.564025832605362,valid,0.8130897503270452,0.8146509170789751,0.8139000000000001,101024
GEN,0.8226,121,121,offspring,912,928,CIFAR10,930,main_b1000_cifar10_alexnet_GEN_kp90_seed1024,0.9,0.8083,103,False,0.9,alexnet,False,0,0,2,0.8161,924,6,0.8226,121,1,1840,3,0.9,CIFAR10_alexnet_GEN_accuracy_kp9000_seed1024,1024,36000,930,42,accuracy,101024,0.8083,1,0.5592359228134155,45.63221239298582,10,0.5592359228134155,valid,0.8087306437782178,0.8101662071713418,0.8083,101024
GEN,0.8226,121,121,offspring,894,946,CIFAR10,931,main_b1000_cifar10_alexnet_GEN_kp90_seed1024,0.9,0.8115,103,False,0.9,alexnet,False,0,0,1,0.8226,121,1,0.8161,924,6,1840,4,0.9,CIFAR10_alexnet_GEN_accuracy_kp9000_seed1024,1024,36000,931,42,accuracy,101024,0.8115,2,0.572250709438324,24.120810113847256,10,0.572250709438324,valid,0.8106271727577499,0.8138357190294363,0.8115,101024
GEN,0.8226,121,121,offspring,946,894,CIFAR10,932,main_b1000_cifar10_alexnet_GEN_kp90_seed1024,0.9,0.8103,103,False,0.9,alexnet,True,3600,1800,2,0.8226,121,1,0.8161,924,6,1840,5,0.9,CIFAR10_alexnet_GEN_accuracy_kp9000_seed1024,1024,36000,932,42,accuracy,101024,0.8103,1,0.5636769178390503,74.5571961030364,10,0.5636769178390503,valid,0.8103295810005096,0.8127026175251739,0.8103,101024
GEN,0.8226,121,121,offspring,934,928,CIFAR10,933,main_b1000_cifar10_alexnet_GEN_kp90_seed1024,0.9,0.8094,103,False,0.9,alexnet,False,0,0,1,0.8226,121,1,0.8073,920,2,1862,6,0.9,CIFAR10_alexnet_GEN_accuracy_kp9000_seed1024,1024,36000,933,42,accuracy,101024,0.8094,3,0.585149794960022,24.324416927993298,10,0.585149794960022,valid,0.8087517327089483,0.8119896601660036,0.8093999999999999,101024
GEN,0.8226,121,121,offspring,928,934,CIFAR10,934,main_b1000_cifar10_alexnet_GEN_kp90_seed1024,0.9,0.8162,103,False,0.9,alexnet,False,0,0,2,0.8226,121,1,0.8073,920,2,1862,7,0.9,CIFAR10_alexnet_GEN_accuracy_kp9000_seed1024,1024,36000,934,42,accuracy,101024,0.8162,3,0.5733798741340638,23.875946141779423,10,0.5733798741340638,valid,0.8154472258429006,0.8194482242224103,0.8162,101024
GEN,0.8226,121,121,offspring,928,912,CIFAR10,935,main_b1000_cifar10_alexnet_GEN_kp90_seed1024,0.9,0.8047,103,False,0.9,alexnet,False,0,0,1,0.8226,121,1,0.8161,924,6,1840,8,0.9,CIFAR10_alexnet_GEN_accuracy_kp9000_seed1024,1024,36000,935,42,accuracy,101024,0.8047,1,0.557924985074997,24.750817827880383,10,0.557924985074997,valid,0.8049850722627065,0.8078356591510383,0.8047000000000001,101024
GEN,0.8226,121,121,offspring,912,928,CIFAR10,936,main_b1000_cifar10_alexnet_GEN_kp90_seed1024,0.9,0.8051,103,False,0.9,alexnet,False,0,0,2,0.8226,121,1,0.8161,924,6,1840,9,0.9,CIFAR10_alexnet_GEN_accuracy_kp9000_seed1024,1024,36000,936,42,accuracy,101024,0.8051,1,0.5595817050457,23.928331710398197,10,0.5595817050457,valid,0.8039202299388387,0.8067687242895996,0.8051,101024
GEN,0.8226,121,121,offspring,36,30,CIFAR10,937,main_b1000_cifar10_alexnet_GEN_kp90_seed1024,0.9,0.8079,103,False,0.9,alexnet,False,0,0,1,0.8163,928,10,0.8226,121,1,66,10,0.9,CIFAR10_alexnet_GEN_accuracy_kp9000_seed1024,1024,36000,937,42,accuracy,101024,0.8079,2,0.5836094853401184,23.85610931366682,10,0.5836094853401184,valid,0.8088259897085781,0.8123790997207131,0.8079000000000001,101024
GEN,0.8226,121,121,offspring,458,476,CIFAR10,938,main_b1000_cifar10_alexnet_GEN_kp90_seed1024,0.9,0.811,104,False,0.9,alexnet,True,3600,1800,1,0.8094,933,6,0.8226,121,1,934,2,0.9,CIFAR10_alexnet_GEN_accuracy_kp9000_seed1024,1024,36000,938,42,accuracy,101024,0.811,2,0.5715390118122101,31.602057836949825,10,0.5715390118122101,valid,0.8114056110832182,0.8181218565110617,0.8110000000000002,101024
GEN,0.8226,121,121,offspring,476,458,CIFAR10,939,main_b1000_cifar10_alexnet_GEN_kp90_seed1024,0.9,0.8105,104,False,0.9,alexnet,False,0,0,2,0.8094,933,6,0.8226,121,1,934,3,0.9,CIFAR10_alexnet_GEN_accuracy_kp9000_seed1024,1024,36000,939,42,accuracy,101024,0.8105,2,0.5604847543239594,23.9767277687788,10,0.5604847543239594,valid,0.8098648081169347,0.810508422058696,0.8105,101024
GEN,0.8226,121,121,offspring,1968,2072,CIFAR10,940,main_b1000_cifar10_alexnet_GEN_kp90_seed1024,0.9,0.8095,104,False,0.9,alexnet,False,0,0,1,0.8226,121,1,0.8139,929,2,4040,4,0.9,CIFAR10_alexnet_GEN_accuracy_kp9000_seed1024,1024,36000,940,42,accuracy,101024,0.8095,2,0.5733545500516891,24.147165201604366,10,0.5733545500516891,valid,0.809253422653415,0.8151717731832584,0.8094999999999999,101024
GEN,0.8226,121,121,offspring,2072,1968,CIFAR10,941,main_b1000_cifar10_alexnet_GEN_kp90_seed1024,0.9,0.8083,104,False,0.9,alexnet,False,0,0,2,0.8226,121,1,0.8139,929,2,4040,5,0.9,CIFAR10_alexnet_GEN_accuracy_kp9000_seed1024,1024,36000,941,42,accuracy,101024,0.8083,2,0.5849905893325805,23.919829681515694,10,0.5849905893325805,valid,0.807870647149241,0.8145205620657574,0.8083,101024
GEN,0.8226,121,121,offspring,454,480,CIFAR10,942,main_b1000_cifar10_alexnet_GEN_kp90_seed1024,0.9,0.8099,104,False,0.9,alexnet,False,0,0,1,0.8094,933,6,0.8226,121,1,934,6,0.9,CIFAR10_alexnet_GEN_accuracy_kp9000_seed1024,1024,36000,942,42,accuracy,101024,0.8099,2,0.5698434767723084,23.92996745556593,10,0.5698434767723084,valid,0.8097344679677333,0.811533541519459,0.8099000000000001,101024
GEN,0.8226,121,121,offspring,480,454,CIFAR10,943,main_b1000_cifar10_alexnet_GEN_kp90_seed1024,0.9,0.8068,104,False,0.9,alexnet,False,0,0,2,0.8094,933,6,0.8226,121,1,934,7,0.9,CIFAR10_alexnet_GEN_accuracy_kp9000_seed1024,1024,36000,943,42,accuracy,101024,0.8068,1,0.5660752769470215,24.058567628264427,10,0.5660752769470215,valid,0.8067966835034335,0.8086023554547997,0.8068,101024
GEN,0.8226,121,121,offspring,482,446,CIFAR10,944,main_b1000_cifar10_alexnet_GEN_kp90_seed1024,0.9,0.8161,104,False,0.9,alexnet,False,0,0,1,0.8226,121,1,0.8162,934,7,928,8,0.9,CIFAR10_alexnet_GEN_accuracy_kp9000_seed1024,1024,36000,944,42,accuracy,101024,0.8161,3,0.5693680771827698,24.620176397264004,10,0.5693680771827698,valid,0.8161100959620986,0.8168548193489411,0.8161000000000002,101024
GEN,0.8226,121,121,offspring,446,482,CIFAR10,945,main_b1000_cifar10_alexnet_GEN_kp90_seed1024,0.9,0.813,104,False,0.9,alexnet,False,0,0,2,0.8226,121,1,0.8162,934,7,928,9,0.9,CIFAR10_alexnet_GEN_accuracy_kp9000_seed1024,1024,36000,945,42,accuracy,101024,0.813,2,0.5696871381282806,24.118289828300476,10,0.5696871381282806,valid,0.8123467564072089,0.8136862886983606,0.8130000000000001,101024
GEN,0.8226,121,121,offspring,494,440,CIFAR10,946,main_b1000_cifar10_alexnet_GEN_kp90_seed1024,0.9,0.8083,104,False,0.9,alexnet,False,0,0,1,0.8226,121,1,0.8094,933,6,934,10,0.9,CIFAR10_alexnet_GEN_accuracy_kp9000_seed1024,1024,36000,946,42,accuracy,101024,0.8083,2,0.5807081048488617,23.897036537528038,10,0.5807081048488617,valid,0.8075076272548252,0.8144445087948222,0.8083,101024
GEN,0.8226,121,121,offspring,464,464,CIFAR10,947,main_b1000_cifar10_alexnet_GEN_kp90_seed1024,0.9,0.806,105,False,0.9,alexnet,False,0,0,1,0.813,945,9,0.8161,944,8,928,2,0.9,CIFAR10_alexnet_GEN_accuracy_kp9000_seed1024,1024,36000,947,42,accuracy,101024,0.806,1,0.5716404266357422,25.01979787647724,10,0.5716404266357422,valid,0.8056744728592694,0.8101254513388334,0.806,101024
GEN,0.8226,121,121,offspring,464,464,CIFAR10,948,main_b1000_cifar10_alexnet_GEN_kp90_seed1024,0.9,0.8185,105,False,0.9,alexnet,False,0,0,2,0.813,945,9,0.8161,944,8,928,3,0.9,CIFAR10_alexnet_GEN_accuracy_kp9000_seed1024,1024,36000,948,42,accuracy,101024,0.8185,3,0.5723465456485748,23.889573886990547,10,0.5723465456485748,valid,0.8173741988015395,0.819014950303661,0.8185,101024
GEN,0.8226,121,121,offspring,454,472,CIFAR10,949,main_b1000_cifar10_alexnet_GEN_kp90_seed1024,0.9,0.8031,105,False,0.9,alexnet,False,0,0,1,0.8099,942,6,0.813,945,9,926,4,0.9,CIFAR10_alexnet_GEN_accuracy_kp9000_seed1024,1024,36000,949,42,accuracy,101024,0.8031,2,0.601153626871109,23.91184989362955,10,0.601153626871109,valid,0.8027684245506727,0.8150359218561098,0.8030999999999999,101024
GEN,0.8226,121,121,offspring,472,454,CIFAR10,950,main_b1000_cifar10_alexnet_GEN_kp90_seed1024,0.9,0.8038,105,False,0.9,alexnet,False,0,0,2,0.8099,942,6,0.813,945,9,926,5,0.9,CIFAR10_alexnet_GEN_accuracy_kp9000_seed1024,1024,36000,950,42,accuracy,101024,0.8038,1,0.5711831381797791,24.60009564459324,10,0.5711831381797791,valid,0.8038556555927137,0.8078711491163786,0.8038000000000001,101024
GEN,0.8226,121,121,offspring,436,492,CIFAR10,951,main_b1000_cifar10_alexnet_GEN_kp90_seed1024,0.9,0.8174,105,False,0.9,alexnet,False,0,0,1,0.8161,944,8,0.813,945,9,928,6,0.9,CIFAR10_alexnet_GEN_accuracy_kp9000_seed1024,1024,36000,951,42,accuracy,101024,0.8174,4,0.5821605532646179,23.927391901612282,10,0.5821605532646179,valid,0.8175361229777899,0.819501375514361,0.8173999999999999,101024
GEN,0.8226,121,121,offspring,492,436,CIFAR10,952,main_b1000_cifar10_alexnet_GEN_kp90_seed1024,0.9,0.8011,105,False,0.9,alexnet,False,0,0,2,0.8161,944,8,0.813,945,9,928,7,0.9,CIFAR10_alexnet_GEN_accuracy_kp9000_seed1024,1024,36000,952,42,accuracy,101024,0.8011,2,0.5965544323444366,24.09554361552,10,0.5965544323444366,valid,0.8005213064337398,0.8056564061218283,0.8011000000000001,101024
GEN,0.8226,121,121,offspring,242,240,CIFAR10,953,main_b1000_cifar10_alexnet_GEN_kp90_seed1024,0.9,0.802,105,False,0.9,alexnet,False,0,0,1,0.8161,944,8,0.8226,121,1,482,8,0.9,CIFAR10_alexnet_GEN_accuracy_kp9000_seed1024,1024,36000,953,42,accuracy,101024,0.802,2,0.5901142877101898,41.93563552200794,10,0.5901142877101898,valid,0.8007267761011416,0.8078521295513896,0.8019999999999999,101024
GEN,0.8226,121,121,offspring,240,242,CIFAR10,954,main_b1000_cifar10_alexnet_GEN_kp90_seed1024,0.9,0.8087,105,False,0.9,alexnet,False,0,0,2,0.8161,944,8,0.8226,121,1,482,9,0.9,CIFAR10_alexnet_GEN_accuracy_kp9000_seed1024,1024,36000,954,42,accuracy,101024,0.8087,2,0.5703077229499817,24.054838329553604,10,0.5703077229499817,valid,0.807908068610176,0.8111817293939027,0.8087,101024
GEN,0.8226,121,121,offspring,212,234,CIFAR10,955,main_b1000_cifar10_alexnet_GEN_kp90_seed1024,0.9,0.8096,105,False,0.9,alexnet,False,0,0,1,0.813,945,9,0.8226,121,1,446,10,0.9,CIFAR10_alexnet_GEN_accuracy_kp9000_seed1024,1024,36000,955,42,accuracy,101024,0.8096,3,0.5856461285591126,23.893951155245304,10,0.5856461285591126,valid,0.8098710999152609,0.8168489767216416,0.8096,101024
GEN,0.8226,121,121,offspring,222,226,CIFAR10,956,main_b1000_cifar10_alexnet_GEN_kp90_seed1024,0.9,0.8143,106,False,0.9,alexnet,False,0,0,1,0.8174,951,6,0.8087,954,9,448,2,0.9,CIFAR10_alexnet_GEN_accuracy_kp9000_seed1024,1024,36000,956,42,accuracy,101024,0.8143,2,0.5614028399944305,26.015280947089195,10,0.5614028399944305,valid,0.8129823897628728,0.8146791781164016,0.8142999999999999,101024
GEN,0.8226,121,121,offspring,226,222,CIFAR10,957,main_b1000_cifar10_alexnet_GEN_kp90_seed1024,0.9,0.8082,106,False,0.9,alexnet,False,0,0,2,0.8174,951,6,0.8087,954,9,448,3,0.9,CIFAR10_alexnet_GEN_accuracy_kp9000_seed1024,1024,36000,957,42,accuracy,101024,0.8082,2,0.5725137903213501,32.05770669877529,10,0.5725137903213501,valid,0.808550428823499,0.8121976307076764,0.8082,101024
GEN,0.8226,121,121,offspring,236,244,CIFAR10,958,main_b1000_cifar10_alexnet_GEN_kp90_seed1024,0.9,0.8134,106,False,0.9,alexnet,False,0,0,1,0.8226,121,1,0.8185,948,3,480,4,0.9,CIFAR10_alexnet_GEN_accuracy_kp9000_seed1024,1024,36000,958,42,accuracy,101024,0.8134,2,0.5569148052215576,24.417284093797207,10,0.5569148052215576,valid,0.8130136292123942,0.8153003529770183,0.8134,101024
GEN,0.8226,121,121,offspring,244,236,CIFAR10,959,main_b1000_cifar10_alexnet_GEN_kp90_seed1024,0.9,0.8154,106,False,0.9,alexnet,False,0,0,2,0.8226,121,1,0.8185,948,3,480,5,0.9,CIFAR10_alexnet_GEN_accuracy_kp9000_seed1024,1024,36000,959,42,accuracy,101024,0.8154,3,0.5765712211847305,24.241405092179775,10,0.5765712211847305,valid,0.8153978425231155,0.8200900160772061,0.8154,101024
GEN,0.8226,121,121,offspring,230,254,CIFAR10,960,main_b1000_cifar10_alexnet_GEN_kp90_seed1024,0.9,0.8168,106,False,0.9,alexnet,False,0,0,1,0.8174,951,6,0.8226,121,1,484,6,0.9,CIFAR10_alexnet_GEN_accuracy_kp9000_seed1024,1024,36000,960,42,accuracy,101024,0.8168,3,0.5751842363595963,23.882378347218037,10,0.5751842363595963,valid,0.816755028174456,0.8224752817441509,0.8168,101024
GEN,0.8226,121,121,offspring,254,230,CIFAR10,961,main_b1000_cifar10_alexnet_GEN_kp90_seed1024,0.9,0.812,106,False,0.9,alexnet,False,0,0,2,0.8174,951,6,0.8226,121,1,484,7,0.9,CIFAR10_alexnet_GEN_accuracy_kp9000_seed1024,1024,36000,961,42,accuracy,101024,0.812,3,0.5852240993022919,24.083508171141148,10,0.5852240993022919,valid,0.8125433168737107,0.8159307003021572,0.812,101024
GEN,0.8226,121,121,offspring,130,104,CIFAR10,962,main_b1000_cifar10_alexnet_GEN_kp90_seed1024,0.9,0.8118,106,False,0.9,alexnet,False,0,0,1,0.8226,121,1,0.8096,955,10,234,8,0.9,CIFAR10_alexnet_GEN_accuracy_kp9000_seed1024,1024,36000,962,42,accuracy,101024,0.8118,2,0.5559649017333984,23.937957651913166,10,0.5559649017333984,valid,0.8117709351696492,0.8136485343463417,0.8118000000000001,101024
GEN,0.8226,121,121,offspring,104,130,CIFAR10,963,main_b1000_cifar10_alexnet_GEN_kp90_seed1024,0.9,0.8122,106,False,0.9,alexnet,False,0,0,2,0.8226,121,1,0.8096,955,10,234,9,0.9,CIFAR10_alexnet_GEN_accuracy_kp9000_seed1024,1024,36000,963,42,accuracy,101024,0.8122,3,0.574728475856781,31.242604345083237,10,0.574728475856781,valid,0.8114547365362093,0.8137604099570004,0.8122,101024
GEN,0.8226,121,121,offspring,254,226,CIFAR10,964,main_b1000_cifar10_alexnet_GEN_kp90_seed1024,0.9,0.8194,106,False,0.9,alexnet,False,0,0,1,0.8185,948,3,0.8226,121,1,480,10,0.9,CIFAR10_alexnet_GEN_accuracy_kp9000_seed1024,1024,36000,964,42,accuracy,101024,0.8194,4,0.5759920974016189,37.49250869452953,10,0.5759920974016189,valid,0.8195940406732161,0.8208897655443973,0.8193999999999999,101024
GEN,0.8226,121,121,offspring,196,222,CIFAR10,965,main_b1000_cifar10_alexnet_GEN_kp90_seed1024,0.9,0.8112,107,False,0.9,alexnet,False,0,0,1,0.8143,956,2,0.8194,964,10,418,2,0.9,CIFAR10_alexnet_GEN_accuracy_kp9000_seed1024,1024,36000,965,42,accuracy,101024,0.8112,3,0.58738302359581,26.61185133457184,10,0.58738302359581,valid,0.8110113329557045,0.8157643336073501,0.8112,101024
GEN,0.8226,121,121,offspring,222,196,CIFAR10,966,main_b1000_cifar10_alexnet_GEN_kp90_seed1024,0.9,0.8121,107,False,0.9,alexnet,False,0,0,2,0.8143,956,2,0.8194,964,10,418,3,0.9,CIFAR10_alexnet_GEN_accuracy_kp9000_seed1024,1024,36000,966,42,accuracy,101024,0.8121,3,0.5809731602191925,24.090644784271717,10,0.5809731602191925,valid,0.8119093957831108,0.8156396158129278,0.8121,101024
GEN,0.8226,121,121,offspring,50,54,CIFAR10,967,main_b1000_cifar10_alexnet_GEN_kp90_seed1024,0.9,0.8108,107,False,0.9,alexnet,False,0,0,1,0.8122,963,9,0.8226,121,1,104,4,0.9,CIFAR10_alexnet_GEN_accuracy_kp9000_seed1024,1024,36000,967,42,accuracy,101024,0.8108,2,0.5680253908634186,27.37363564223051,10,0.5680253908634186,valid,0.8105150593442645,0.8148096682986632,0.8108000000000001,101024
GEN,0.8226,121,121,offspring,54,50,CIFAR10,968,main_b1000_cifar10_alexnet_GEN_kp90_seed1024,0.9,0.8035,107,False,0.9,alexnet,False,0,0,2,0.8122,963,9,0.8226,121,1,104,5,0.9,CIFAR10_alexnet_GEN_accuracy_kp9000_seed1024,1024,36000,968,42,accuracy,101024,0.8035,1,0.5683955816745758,24.088208436965942,10,0.5683955816745758,valid,0.8033344653252122,0.8060985814932314,0.8035,101024
GEN,0.8226,121,121,offspring,118,136,CIFAR10,969,main_b1000_cifar10_alexnet_GEN_kp90_seed1024,0.9,0.8106,107,False,0.9,alexnet,False,0,0,1,0.8168,960,6,0.8226,121,1,254,6,0.9,CIFAR10_alexnet_GEN_accuracy_kp9000_seed1024,1024,36000,969,42,accuracy,101024,0.8106,2,0.5690057946681977,25.057094767689705,10,0.5690057946681977,valid,0.8109672973181621,0.8168502035229211,0.8106,101024
GEN,0.8226,121,121,offspring,136,118,CIFAR10,970,main_b1000_cifar10_alexnet_GEN_kp90_seed1024,0.9,0.8138,107,False,0.9,alexnet,False,0,0,2,0.8168,960,6,0.8226,121,1,254,7,0.9,CIFAR10_alexnet_GEN_accuracy_kp9000_seed1024,1024,36000,970,42,accuracy,101024,0.8138,2,0.5631596685886383,29.410013772547245,10,0.5631596685886383,valid,0.8131287596227794,0.8176750389331362,0.8138,101024
GEN,0.8226,121,121,offspring,112,114,CIFAR10,971,main_b1000_cifar10_alexnet_GEN_kp90_seed1024,0.9,0.814,107,False,0.9,alexnet,False,0,0,1,0.8226,121,1,0.8194,964,10,226,8,0.9,CIFAR10_alexnet_GEN_accuracy_kp9000_seed1024,1024,36000,971,42,accuracy,101024,0.814,2,0.5648128589630127,24.100152261555195,10,0.5648128589630127,valid,0.8130590750652795,0.8152603339105884,0.8140000000000001,101024
GEN,0.8226,121,121,offspring,114,112,CIFAR10,972,main_b1000_cifar10_alexnet_GEN_kp90_seed1024,0.9,0.8063,107,False,0.9,alexnet,True,3600,1800,2,0.8226,121,1,0.8194,964,10,226,9,0.9,CIFAR10_alexnet_GEN_accuracy_kp9000_seed1024,1024,36000,972,42,accuracy,101024,0.8063,2,0.5848635195732117,23.960989713668823,10,0.5848635195732117,valid,0.8064415707926429,0.8150268245271202,0.8062999999999999,101024
GEN,0.8226,121,121,offspring,164,142,CIFAR10,973,main_b1000_cifar10_alexnet_GEN_kp90_seed1024,0.9,0.8127,107,False,0.9,alexnet,True,3600,1800,1,0.8168,960,6,0.8122,963,9,306,10,0.9,CIFAR10_alexnet_GEN_accuracy_kp9000_seed1024,1024,36000,973,42,accuracy,101024,0.8127,3,0.5714291225910186,24.019405506551266,10,0.5714291225910186,valid,0.8128676307538647,0.8156125879307543,0.8126999999999999,101024
GEN,0.8226,121,121,offspring,1940,1836,CIFAR10,974,main_b1000_cifar10_alexnet_GEN_kp90_seed1024,0.9,0.8046,108,False,0.9,alexnet,False,0,0,1,0.8121,966,3,0.8127,973,10,3776,2,0.9,CIFAR10_alexnet_GEN_accuracy_kp9000_seed1024,1024,36000,974,42,accuracy,101024,0.8046,1,0.5635365491390228,23.920495085418224,10,0.5635365491390228,valid,0.805432670573146,0.8083852338741947,0.8046,101024
GEN,0.8226,121,121,offspring,1836,1940,CIFAR10,975,main_b1000_cifar10_alexnet_GEN_kp90_seed1024,0.9,0.8145,108,False,0.9,alexnet,False,0,0,2,0.8121,966,3,0.8127,973,10,3776,3,0.9,CIFAR10_alexnet_GEN_accuracy_kp9000_seed1024,1024,36000,975,42,accuracy,101024,0.8145,2,0.5560208309173584,24.01227506250143,10,0.5560208309173584,valid,0.8150543238891601,0.8169747474086234,0.8145,101024
GEN,0.8226,121,121,offspring,134,156,CIFAR10,976,main_b1000_cifar10_alexnet_GEN_kp90_seed1024,0.9,0.808,108,False,0.9,alexnet,False,0,0,1,0.8112,965,2,0.8226,121,1,290,4,0.9,CIFAR10_alexnet_GEN_accuracy_kp9000_seed1024,1024,36000,976,42,accuracy,101024,0.808,1,0.5653021409988404,24.074800357222557,10,0.5653021409988404,valid,0.8074565893552859,0.8084872793168272,0.808,101024
GEN,0.8226,121,121,offspring,156,134,CIFAR10,977,main_b1000_cifar10_alexnet_GEN_kp90_seed1024,0.9,0.8171,108,False,0.9,alexnet,True,3600,1800,2,0.8112,965,2,0.8226,121,1,290,5,0.9,CIFAR10_alexnet_GEN_accuracy_kp9000_seed1024,1024,36000,977,42,accuracy,101024,0.8171,3,0.5586563394546509,23.90820211917162,10,0.5586563394546509,valid,0.8173690827176558,0.8201092314669438,0.8170999999999999,101024
GEN,0.8226,121,121,offspring,58,60,CIFAR10,978,main_b1000_cifar10_alexnet_GEN_kp90_seed1024,0.9,0.8094,108,False,0.9,alexnet,False,0,0,1,0.8226,121,1,0.8138,970,7,118,6,0.9,CIFAR10_alexnet_GEN_accuracy_kp9000_seed1024,1024,36000,978,42,accuracy,101024,0.8094,2,0.5743995380878448,23.993108868598938,10,0.5743995380878448,valid,0.810038967918528,0.8183852842710152,0.8093999999999999,101024
GEN,0.8226,121,121,offspring,60,58,CIFAR10,979,main_b1000_cifar10_alexnet_GEN_kp90_seed1024,0.9,0.8145,108,False,0.9,alexnet,False,0,0,2,0.8226,121,1,0.8138,970,7,118,7,0.9,CIFAR10_alexnet_GEN_accuracy_kp9000_seed1024,1024,36000,979,42,accuracy,101024,0.8145,3,0.5791817373275757,23.96924825012684,10,0.5791817373275757,valid,0.813341491233501,0.8167305606134623,0.8145,101024
GEN,0.8226,121,121,offspring,1844,1846,CIFAR10,980,main_b1000_cifar10_alexnet_GEN_kp90_seed1024,0.9,0.8142,108,False,0.9,alexnet,False,0,0,1,0.8226,121,1,0.8127,973,10,3690,8,0.9,CIFAR10_alexnet_GEN_accuracy_kp9000_seed1024,1024,36000,980,42,accuracy,101024,0.8142,3,0.5720886952877045,24.03711226582527,10,0.5720886952877045,valid,0.8129472750880445,0.8155985489171101,0.8141999999999999,101024
GEN,0.8226,121,121,offspring,1846,1844,CIFAR10,981,main_b1000_cifar10_alexnet_GEN_kp90_seed1024,0.9,0.8005,108,False,0.9,alexnet,False,0,0,2,0.8226,121,1,0.8127,973,10,3690,9,0.9,CIFAR10_alexnet_GEN_accuracy_kp9000_seed1024,1024,36000,981,42,accuracy,101024,0.8005,1,0.5803798264980317,24.11550133675337,10,0.5803798264980317,valid,0.8001391043087981,0.8069460284442898,0.8005000000000001,101024
GEN,0.8226,121,121,offspring,1940,1836,CIFAR10,982,main_b1000_cifar10_alexnet_GEN_kp90_seed1024,0.9,0.8129,108,False,0.9,alexnet,False,0,0,1,0.8127,973,10,0.8121,966,3,3776,10,0.9,CIFAR10_alexnet_GEN_accuracy_kp9000_seed1024,1024,36000,982,42,accuracy,101024,0.8129,3,0.5765749254703522,25.009739086031914,10,0.5765749254703522,valid,0.8124838725935442,0.8153318846618138,0.8129,101024
GEN,0.8226,121,121,offspring,1820,1844,CIFAR10,983,main_b1000_cifar10_alexnet_GEN_kp90_seed1024,0.9,0.8071,109,False,0.9,alexnet,False,0,0,1,0.8226,121,1,0.8171,977,5,3664,2,0.9,CIFAR10_alexnet_GEN_accuracy_kp9000_seed1024,1024,36000,983,42,accuracy,101024,0.8071,1,0.5548989649295807,24.108826532959938,10,0.5548989649295807,valid,0.8067017264310534,0.8084945563660044,0.8070999999999999,101024
GEN,0.8226,121,121,offspring,1844,1820,CIFAR10,984,main_b1000_cifar10_alexnet_GEN_kp90_seed1024,0.9,0.8078,109,False,0.9,alexnet,False,0,0,2,0.8226,121,1,0.8171,977,5,3664,3,0.9,CIFAR10_alexnet_GEN_accuracy_kp9000_seed1024,1024,36000,984,42,accuracy,101024,0.8078,3,0.5977446499347687,23.992488622665405,10,0.5977446499347687,valid,0.8073865406191226,0.8153518139918041,0.8078,101024
GEN,0.8226,121,121,offspring,1852,1812,CIFAR10,985,main_b1000_cifar10_alexnet_GEN_kp90_seed1024,0.9,0.806,109,False,0.9,alexnet,False,0,0,1,0.8171,977,5,0.8226,121,1,3664,4,0.9,CIFAR10_alexnet_GEN_accuracy_kp9000_seed1024,1024,36000,985,42,accuracy,101024,0.806,2,0.5811178098440171,24.0357913300395,10,0.5811178098440171,valid,0.805308570636347,0.811482031468926,0.806,101024
GEN,0.8226,121,121,offspring,1812,1852,CIFAR10,986,main_b1000_cifar10_alexnet_GEN_kp90_seed1024,0.9,0.808,109,False,0.9,alexnet,False,0,0,2,0.8171,977,5,0.8226,121,1,3664,5,0.9,CIFAR10_alexnet_GEN_accuracy_kp9000_seed1024,1024,36000,986,42,accuracy,101024,0.808,3,0.5891247583866119,24.14816865324974,10,0.5891247583866119,valid,0.8082923381051803,0.8140829118893536,0.808,101024
GEN,0.8226,121,121,offspring,1910,1780,CIFAR10,987,main_b1000_cifar10_alexnet_GEN_kp90_seed1024,0.9,0.8106,109,False,0.9,alexnet,False,0,0,1,0.8145,979,7,0.8171,977,5,3690,6,0.9,CIFAR10_alexnet_GEN_accuracy_kp9000_seed1024,1024,36000,987,42,accuracy,101024,0.8106,1,0.5530990281581879,23.606837585568428,10,0.5530990281581879,valid,0.8105823816740884,0.8123722073292885,0.8106,101024
GEN,0.8226,121,121,offspring,1780,1910,CIFAR10,988,main_b1000_cifar10_alexnet_GEN_kp90_seed1024,0.9,0.816,109,False,0.9,alexnet,False,0,0,2,0.8145,979,7,0.8171,977,5,3690,7,0.9,CIFAR10_alexnet_GEN_accuracy_kp9000_seed1024,1024,36000,988,42,accuracy,101024,0.816,3,0.5688885993003845,24.06311809271574,10,0.5688885993003845,valid,0.816514949522662,0.820342116237601,0.8160000000000001,101024
GEN,0.8226,121,121,offspring,952,988,CIFAR10,989,main_b1000_cifar10_alexnet_GEN_kp90_seed1024,0.9,0.8071,109,False,0.9,alexnet,False,0,0,1,0.8129,982,10,0.8226,121,1,1940,8,0.9,CIFAR10_alexnet_GEN_accuracy_kp9000_seed1024,1024,36000,989,42,accuracy,101024,0.8071,1,0.5686742160320282,23.988082759082317,10,0.5686742160320282,valid,0.80824074566686,0.8147212844142603,0.8070999999999999,101024
GEN,0.8226,121,121,offspring,988,952,CIFAR10,990,main_b1000_cifar10_alexnet_GEN_kp90_seed1024,0.9,0.8122,109,False,0.9,alexnet,False,0,0,2,0.8129,982,10,0.8226,121,1,1940,9,0.9,CIFAR10_alexnet_GEN_accuracy_kp9000_seed1024,1024,36000,990,42,accuracy,101024,0.8122,2,0.5601787612676621,24.05647935718298,10,0.5601787612676621,valid,0.811252775074674,0.8127100224812486,0.8122,101024
GEN,0.8226,121,121,offspring,928,1006,CIFAR10,991,main_b1000_cifar10_alexnet_GEN_kp90_seed1024,0.9,0.8093,109,False,0.9,alexnet,False,0,0,1,0.8226,121,1,0.8145,975,3,1934,10,0.9,CIFAR10_alexnet_GEN_accuracy_kp9000_seed1024,1024,36000,991,42,accuracy,101024,0.8093,2,0.5780199118614197,24.14806590229273,10,0.5780199118614197,valid,0.808817327649906,0.8161882997539951,0.8093,101024
GEN,0.8226,121,121,offspring,1236,1286,CIFAR10,992,main_b1000_cifar10_alexnet_GEN_kp90_seed1024,0.9,0.8177,110,False,0.9,alexnet,False,0,0,1,0.816,988,7,0.8122,990,9,2522,2,0.9,CIFAR10_alexnet_GEN_accuracy_kp9000_seed1024,1024,36000,992,42,accuracy,101024,0.8177,3,0.565704497218132,23.883975066244602,10,0.565704497218132,valid,0.8182236774194154,0.8208463456130917,0.8177,101024
GEN,0.8226,121,121,offspring,1286,1236,CIFAR10,993,main_b1000_cifar10_alexnet_GEN_kp90_seed1024,0.9,0.8097,110,False,0.9,alexnet,False,0,0,2,0.816,988,7,0.8122,990,9,2522,3,0.9,CIFAR10_alexnet_GEN_accuracy_kp9000_seed1024,1024,36000,993,42,accuracy,101024,0.8097,2,0.5788212141036987,23.96935772895813,10,0.5788212141036987,valid,0.8082109668499932,0.8104846385984411,0.8097,101024
GEN,0.8226,121,121,offspring,858,936,CIFAR10,994,main_b1000_cifar10_alexnet_GEN_kp90_seed1024,0.9,0.8066,110,False,0.9,alexnet,False,0,0,1,0.816,988,7,0.8226,121,1,1794,4,0.9,CIFAR10_alexnet_GEN_accuracy_kp9000_seed1024,1024,36000,994,42,accuracy,101024,0.8066,1,0.5668890943527222,24.06186045706272,10,0.5668890943527222,valid,0.8072487205536849,0.8131769479313624,0.8065999999999999,101024
GEN,0.8226,121,121,offspring,936,858,CIFAR10,995,main_b1000_cifar10_alexnet_GEN_kp90_seed1024,0.9,0.8178,110,False,0.9,alexnet,False,0,0,2,0.816,988,7,0.8226,121,1,1794,5,0.9,CIFAR10_alexnet_GEN_accuracy_kp9000_seed1024,1024,36000,995,42,accuracy,101024,0.8178,3,0.5608210875034332,24.00467335432768,10,0.5608210875034332,valid,0.8177767492996859,0.8198991970855655,0.8177999999999999,101024
GEN,0.8226,121,121,offspring,474,454,CIFAR10,996,main_b1000_cifar10_alexnet_GEN_kp90_seed1024,0.9,0.8068,110,False,0.9,alexnet,False,0,0,1,0.8226,121,1,0.8093,991,10,928,6,0.9,CIFAR10_alexnet_GEN_accuracy_kp9000_seed1024,1024,36000,996,42,accuracy,101024,0.8068,1,0.5676456846237182,24.17616169899702,10,0.5676456846237182,valid,0.8071919564521487,0.8110844007013982,0.8068,101024
GEN,0.8226,121,121,offspring,454,474,CIFAR10,997,main_b1000_cifar10_alexnet_GEN_kp90_seed1024,0.9,0.8132,110,False,0.9,alexnet,False,0,0,2,0.8226,121,1,0.8093,991,10,928,7,0.9,CIFAR10_alexnet_GEN_accuracy_kp9000_seed1024,1024,36000,997,42,accuracy,101024,0.8132,3,0.5746930583000183,23.86860729753971,10,0.5746930583000183,valid,0.8128559646698299,0.8156741666647722,0.8131999999999999,101024
GEN,0.8226,121,121,offspring,1248,1226,CIFAR10,998,main_b1000_cifar10_alexnet_GEN_kp90_seed1024,0.9,0.813,110,False,0.9,alexnet,False,0,0,1,0.816,988,7,0.8093,991,10,2474,8,0.9,CIFAR10_alexnet_GEN_accuracy_kp9000_seed1024,1024,36000,998,42,accuracy,101024,0.813,3,0.5837023051261901,24.008407898247242,10,0.5837023051261901,valid,0.8117881481367819,0.8153014126015306,0.8130000000000001,101024
GEN,0.8226,121,121,offspring,1226,1248,CIFAR10,999,main_b1000_cifar10_alexnet_GEN_kp90_seed1024,0.9,0.813,110,False,0.9,alexnet,False,0,0,2,0.816,988,7,0.8093,991,10,2474,9,0.9,CIFAR10_alexnet_GEN_accuracy_kp9000_seed1024,1024,36000,999,42,accuracy,101024,0.813,3,0.5742807590961456,24.139469519257545,10,0.5742807590961456,valid,0.8129153892756842,0.8161138814230704,0.813,101024
GEN,0.8226,121,121,offspring,468,484,CIFAR10,1000,main_b1000_cifar10_alexnet_GEN_kp90_seed1024,0.9,0.8156,110,False,0.9,alexnet,False,0,0,1,0.8226,121,1,0.8122,990,9,952,10,0.9,CIFAR10_alexnet_GEN_accuracy_kp9000_seed1024,1024,36000,1000,42,accuracy,101024,0.8156,3,0.5688238478660583,25.376402869820595,10,0.5688238478660583,valid,0.8148248723760017,0.8191468440203169,0.8155999999999999,101024
