Algorithm,Best Fitness,Best Found At Evaluation,Best Solution ID,Candidate Type,Dataset,Evaluation,Experiment Name,Final Percentage,Fitness,Improved Best,Initial Percentage,Model,Requested Keep Percentage,Run ID,Search Seed,Selected Instances,Solution ID,Split Seed,Target Metric,Training Seed,accuracy,best_epoch,best_validation_loss,candidate_duration_seconds,epochs_trained,evaluation_loss,evaluation_split,f1,precision,recall,training_seed
RS,0.4481,1,1,random,TINYIMAGENET,1,main_b1000_tinyimagenet_alexnet_RS_kp75_seed1024,0.75,0.4481,True,0.75,alexnet,0.75,TINYIMAGENET_alexnet_RS_accuracy_kp7500_seed1024,1024,60000,1,42,accuracy,101024,0.4481,1,2.870091445684433,49.12969773262739,10,2.870091445684433,valid,0.44286394131402446,0.5018227544605199,0.4481,101024
RS,0.45215,2,2,random,TINYIMAGENET,2,main_b1000_tinyimagenet_alexnet_RS_kp75_seed1024,0.75,0.45215,True,0.75,alexnet,0.75,TINYIMAGENET_alexnet_RS_accuracy_kp7500_seed1024,1024,60000,2,42,accuracy,101024,0.45215,1,2.848794299507141,48.63857417553663,10,2.848794299507141,valid,0.44726269295948046,0.5056323817102358,0.45215000000000005,101024
RS,0.45215,2,2,random,TINYIMAGENET,3,main_b1000_tinyimagenet_alexnet_RS_kp75_seed1024,0.75,0.44585,False,0.75,alexnet,0.75,TINYIMAGENET_alexnet_RS_accuracy_kp7500_seed1024,1024,60000,3,42,accuracy,101024,0.44585,1,2.853230992221832,47.9667347073555,10,2.853230992221832,valid,0.44197406004257644,0.49566048113509353,0.44585,101024
RS,0.45225,4,4,random,TINYIMAGENET,4,main_b1000_tinyimagenet_alexnet_RS_kp75_seed1024,0.75,0.45225,True,0.75,alexnet,0.75,TINYIMAGENET_alexnet_RS_accuracy_kp7500_seed1024,1024,60000,4,42,accuracy,101024,0.45225,1,2.8506219083070756,48.17230277508497,10,2.8506219083070756,valid,0.4506796695827373,0.49927371708937757,0.45224999999999993,101024
RS,0.45705,5,5,random,TINYIMAGENET,5,main_b1000_tinyimagenet_alexnet_RS_kp75_seed1024,0.75,0.45705,True,0.75,alexnet,0.75,TINYIMAGENET_alexnet_RS_accuracy_kp7500_seed1024,1024,60000,5,42,accuracy,101024,0.45705,1,2.8271673035621645,48.006092973053455,10,2.8271673035621645,valid,0.45485043861185864,0.507860141500919,0.45704999999999996,101024
RS,0.45705,5,5,random,TINYIMAGENET,6,main_b1000_tinyimagenet_alexnet_RS_kp75_seed1024,0.75,0.44105,False,0.75,alexnet,0.75,TINYIMAGENET_alexnet_RS_accuracy_kp7500_seed1024,1024,60000,6,42,accuracy,101024,0.44105,1,2.9315827407836914,47.842733554542065,10,2.9315827407836914,valid,0.44059464405605697,0.510701223507768,0.44105000000000005,101024
RS,0.45705,5,5,random,TINYIMAGENET,7,main_b1000_tinyimagenet_alexnet_RS_kp75_seed1024,0.75,0.4435,False,0.75,alexnet,0.75,TINYIMAGENET_alexnet_RS_accuracy_kp7500_seed1024,1024,60000,7,42,accuracy,101024,0.4435,1,2.9176934782505035,47.71231100708246,10,2.9176934782505035,valid,0.4411794621171745,0.5117573853796198,0.4435,101024
RS,0.45705,5,5,random,TINYIMAGENET,8,main_b1000_tinyimagenet_alexnet_RS_kp75_seed1024,0.75,0.45685,False,0.75,alexnet,0.75,TINYIMAGENET_alexnet_RS_accuracy_kp7500_seed1024,1024,60000,8,42,accuracy,101024,0.45685,1,2.8346704411506654,48.0523699298501,10,2.8346704411506654,valid,0.45128738837193483,0.5017186528208541,0.45685000000000003,101024
RS,0.45705,5,5,random,TINYIMAGENET,9,main_b1000_tinyimagenet_alexnet_RS_kp75_seed1024,0.75,0.45135,False,0.75,alexnet,0.75,TINYIMAGENET_alexnet_RS_accuracy_kp7500_seed1024,1024,60000,9,42,accuracy,101024,0.45135,1,2.8855556625962255,48.067932434380054,10,2.8855556625962255,valid,0.44609337420304024,0.5088922606636507,0.45135000000000003,101024
RS,0.45705,5,5,random,TINYIMAGENET,10,main_b1000_tinyimagenet_alexnet_RS_kp75_seed1024,0.75,0.45445,False,0.75,alexnet,0.75,TINYIMAGENET_alexnet_RS_accuracy_kp7500_seed1024,1024,60000,10,42,accuracy,101024,0.45445,1,2.828972156786919,48.09210257977247,10,2.828972156786919,valid,0.44869824241335154,0.5042370347908859,0.45445,101024
RS,0.45705,5,5,random,TINYIMAGENET,11,main_b1000_tinyimagenet_alexnet_RS_kp75_seed1024,0.75,0.44565,False,0.75,alexnet,0.75,TINYIMAGENET_alexnet_RS_accuracy_kp7500_seed1024,1024,60000,11,42,accuracy,101024,0.44565,1,2.9522726826667784,48.018249586224556,10,2.9522726826667784,valid,0.4421211080090447,0.50569538490374,0.44565,101024
RS,0.45705,5,5,random,TINYIMAGENET,12,main_b1000_tinyimagenet_alexnet_RS_kp75_seed1024,0.75,0.45425,False,0.75,alexnet,0.75,TINYIMAGENET_alexnet_RS_accuracy_kp7500_seed1024,1024,60000,12,42,accuracy,101024,0.45425,1,2.8733089552402498,47.90829199552536,10,2.8733089552402498,valid,0.44776141427412397,0.505626660012544,0.45425,101024
RS,0.45705,5,5,random,TINYIMAGENET,13,main_b1000_tinyimagenet_alexnet_RS_kp75_seed1024,0.75,0.45285,False,0.75,alexnet,0.75,TINYIMAGENET_alexnet_RS_accuracy_kp7500_seed1024,1024,60000,13,42,accuracy,101024,0.45285,1,2.851277075815201,47.79626825451851,10,2.851277075815201,valid,0.45001774397486416,0.5069335578278915,0.45285,101024
RS,0.45705,5,5,random,TINYIMAGENET,14,main_b1000_tinyimagenet_alexnet_RS_kp75_seed1024,0.75,0.45185,False,0.75,alexnet,0.75,TINYIMAGENET_alexnet_RS_accuracy_kp7500_seed1024,1024,60000,14,42,accuracy,101024,0.45185,1,2.8349743669986727,47.980670638382435,10,2.8349743669986727,valid,0.4474510414780991,0.4978163790094248,0.45185000000000003,101024
RS,0.45705,5,5,random,TINYIMAGENET,15,main_b1000_tinyimagenet_alexnet_RS_kp75_seed1024,0.75,0.44375,False,0.75,alexnet,0.75,TINYIMAGENET_alexnet_RS_accuracy_kp7500_seed1024,1024,60000,15,42,accuracy,101024,0.44375,1,2.886983494877815,48.0933568701148,10,2.886983494877815,valid,0.44146053160024423,0.504198934348199,0.44375,101024
RS,0.45705,5,5,random,TINYIMAGENET,16,main_b1000_tinyimagenet_alexnet_RS_kp75_seed1024,0.75,0.4428,False,0.75,alexnet,0.75,TINYIMAGENET_alexnet_RS_accuracy_kp7500_seed1024,1024,60000,16,42,accuracy,101024,0.4428,1,2.938772284936905,45.07520551234484,10,2.938772284936905,valid,0.437281849484046,0.5040046396206315,0.4428,101024
RS,0.45705,5,5,random,TINYIMAGENET,17,main_b1000_tinyimagenet_alexnet_RS_kp75_seed1024,0.75,0.44935,False,0.75,alexnet,0.75,TINYIMAGENET_alexnet_RS_accuracy_kp7500_seed1024,1024,60000,17,42,accuracy,101024,0.44935,1,2.8587985346078875,38.89925663173199,10,2.8587985346078875,valid,0.4459890435718971,0.5020317515791131,0.44935,101024
RS,0.45705,5,5,random,TINYIMAGENET,18,main_b1000_tinyimagenet_alexnet_RS_kp75_seed1024,0.75,0.4548,False,0.75,alexnet,0.75,TINYIMAGENET_alexnet_RS_accuracy_kp7500_seed1024,1024,60000,18,42,accuracy,101024,0.4548,1,2.824404759144783,38.95814335346222,10,2.824404759144783,valid,0.45002952558198167,0.5003093817302802,0.4548,101024
RS,0.45705,5,5,random,TINYIMAGENET,19,main_b1000_tinyimagenet_alexnet_RS_kp75_seed1024,0.75,0.4503,False,0.75,alexnet,0.75,TINYIMAGENET_alexnet_RS_accuracy_kp7500_seed1024,1024,60000,19,42,accuracy,101024,0.4503,1,2.8837440378665926,39.108499988913536,10,2.8837440378665926,valid,0.4463022168641811,0.5102276755017509,0.45030000000000003,101024
RS,0.45705,5,5,random,TINYIMAGENET,20,main_b1000_tinyimagenet_alexnet_RS_kp75_seed1024,0.75,0.44925,False,0.75,alexnet,0.75,TINYIMAGENET_alexnet_RS_accuracy_kp7500_seed1024,1024,60000,20,42,accuracy,101024,0.44925,1,2.875866751289368,39.024958193302155,10,2.875866751289368,valid,0.4485806533348688,0.5092316517507407,0.44925000000000004,101024
RS,0.45705,5,5,random,TINYIMAGENET,21,main_b1000_tinyimagenet_alexnet_RS_kp75_seed1024,0.75,0.4484,False,0.75,alexnet,0.75,TINYIMAGENET_alexnet_RS_accuracy_kp7500_seed1024,1024,60000,21,42,accuracy,101024,0.4484,1,2.896391041135788,38.698111176490784,10,2.896391041135788,valid,0.44525627580006616,0.5044377914500688,0.4484,101024
RS,0.45705,5,5,random,TINYIMAGENET,22,main_b1000_tinyimagenet_alexnet_RS_kp75_seed1024,0.75,0.4547,False,0.75,alexnet,0.75,TINYIMAGENET_alexnet_RS_accuracy_kp7500_seed1024,1024,60000,22,42,accuracy,101024,0.4547,1,2.8638171237945556,38.9657476991415,10,2.8638171237945556,valid,0.45172250517791324,0.5096667133478036,0.4547,101024
RS,0.45705,5,5,random,TINYIMAGENET,23,main_b1000_tinyimagenet_alexnet_RS_kp75_seed1024,0.75,0.4455,False,0.75,alexnet,0.75,TINYIMAGENET_alexnet_RS_accuracy_kp7500_seed1024,1024,60000,23,42,accuracy,101024,0.4455,1,2.9069375539302826,39.06626086682081,10,2.9069375539302826,valid,0.444094499639585,0.5036950153181801,0.44550000000000006,101024
RS,0.45705,5,5,random,TINYIMAGENET,24,main_b1000_tinyimagenet_alexnet_RS_kp75_seed1024,0.75,0.453,False,0.75,alexnet,0.75,TINYIMAGENET_alexnet_RS_accuracy_kp7500_seed1024,1024,60000,24,42,accuracy,101024,0.453,1,2.851183023262024,38.87936070561409,10,2.851183023262024,valid,0.4504748747740811,0.5053162054418829,0.45299999999999996,101024
RS,0.45705,5,5,random,TINYIMAGENET,25,main_b1000_tinyimagenet_alexnet_RS_kp75_seed1024,0.75,0.44555,False,0.75,alexnet,0.75,TINYIMAGENET_alexnet_RS_accuracy_kp7500_seed1024,1024,60000,25,42,accuracy,101024,0.44555,1,2.938155079841614,38.93154210597277,10,2.938155079841614,valid,0.4431509624342215,0.5111004463482112,0.44555000000000006,101024
RS,0.45705,5,5,random,TINYIMAGENET,26,main_b1000_tinyimagenet_alexnet_RS_kp75_seed1024,0.75,0.44945,False,0.75,alexnet,0.75,TINYIMAGENET_alexnet_RS_accuracy_kp7500_seed1024,1024,60000,26,42,accuracy,101024,0.44945,1,2.8778538633823394,39.19239189475775,10,2.8778538633823394,valid,0.44480810257561154,0.5060729867054776,0.44945,101024
RS,0.45705,5,5,random,TINYIMAGENET,27,main_b1000_tinyimagenet_alexnet_RS_kp75_seed1024,0.75,0.4459,False,0.75,alexnet,0.75,TINYIMAGENET_alexnet_RS_accuracy_kp7500_seed1024,1024,60000,27,42,accuracy,101024,0.4459,1,2.878931503033638,38.96416476368904,10,2.878931503033638,valid,0.44567599889856657,0.5069004611304735,0.4459,101024
RS,0.45705,5,5,random,TINYIMAGENET,28,main_b1000_tinyimagenet_alexnet_RS_kp75_seed1024,0.75,0.4543,False,0.75,alexnet,0.75,TINYIMAGENET_alexnet_RS_accuracy_kp7500_seed1024,1024,60000,28,42,accuracy,101024,0.4543,1,2.8956627180337904,38.836914494633675,10,2.8956627180337904,valid,0.450811525358053,0.5139520903749341,0.4543000000000001,101024
RS,0.45705,5,5,random,TINYIMAGENET,29,main_b1000_tinyimagenet_alexnet_RS_kp75_seed1024,0.75,0.4458,False,0.75,alexnet,0.75,TINYIMAGENET_alexnet_RS_accuracy_kp7500_seed1024,1024,60000,29,42,accuracy,101024,0.4458,1,2.921536574077606,39.19699124246836,10,2.921536574077606,valid,0.44267444274862305,0.505602290684563,0.4458,101024
RS,0.45705,5,5,random,TINYIMAGENET,30,main_b1000_tinyimagenet_alexnet_RS_kp75_seed1024,0.75,0.45255,False,0.75,alexnet,0.75,TINYIMAGENET_alexnet_RS_accuracy_kp7500_seed1024,1024,60000,30,42,accuracy,101024,0.45255,1,2.845441299962997,39.08142947405577,10,2.845441299962997,valid,0.4508215719762429,0.5013404782774521,0.45255,101024
RS,0.45705,5,5,random,TINYIMAGENET,31,main_b1000_tinyimagenet_alexnet_RS_kp75_seed1024,0.75,0.4484,False,0.75,alexnet,0.75,TINYIMAGENET_alexnet_RS_accuracy_kp7500_seed1024,1024,60000,31,42,accuracy,101024,0.4484,1,2.879593535089493,38.79906879365444,10,2.879593535089493,valid,0.4446747717137385,0.504540274749354,0.44839999999999997,101024
RS,0.45705,5,5,random,TINYIMAGENET,32,main_b1000_tinyimagenet_alexnet_RS_kp75_seed1024,0.75,0.45165,False,0.75,alexnet,0.75,TINYIMAGENET_alexnet_RS_accuracy_kp7500_seed1024,1024,60000,32,42,accuracy,101024,0.45165,1,2.886792349767685,39.135991878807545,10,2.886792349767685,valid,0.4487870174682349,0.5076625404196033,0.45165,101024
RS,0.45705,5,5,random,TINYIMAGENET,33,main_b1000_tinyimagenet_alexnet_RS_kp75_seed1024,0.75,0.4544,False,0.75,alexnet,0.75,TINYIMAGENET_alexnet_RS_accuracy_kp7500_seed1024,1024,60000,33,42,accuracy,101024,0.4544,1,2.8275965370178224,39.13950298726559,10,2.8275965370178224,valid,0.4532891084295012,0.5050533350797637,0.45439999999999997,101024
RS,0.45705,5,5,random,TINYIMAGENET,34,main_b1000_tinyimagenet_alexnet_RS_kp75_seed1024,0.75,0.4558,False,0.75,alexnet,0.75,TINYIMAGENET_alexnet_RS_accuracy_kp7500_seed1024,1024,60000,34,42,accuracy,101024,0.4558,1,2.815894648814201,38.873043067753315,10,2.815894648814201,valid,0.453872844485187,0.5070713258568594,0.4558,101024
RS,0.45705,5,5,random,TINYIMAGENET,35,main_b1000_tinyimagenet_alexnet_RS_kp75_seed1024,0.75,0.4561,False,0.75,alexnet,0.75,TINYIMAGENET_alexnet_RS_accuracy_kp7500_seed1024,1024,60000,35,42,accuracy,101024,0.4561,1,2.8684819014549254,38.92422443628311,10,2.8684819014549254,valid,0.4515494600362205,0.5098715670554639,0.4561,101024
RS,0.45705,5,5,random,TINYIMAGENET,36,main_b1000_tinyimagenet_alexnet_RS_kp75_seed1024,0.75,0.4496,False,0.75,alexnet,0.75,TINYIMAGENET_alexnet_RS_accuracy_kp7500_seed1024,1024,60000,36,42,accuracy,101024,0.4496,1,2.8561632061481474,39.13245264440775,10,2.8561632061481474,valid,0.44627191555122125,0.5052499416798857,0.44959999999999994,101024
RS,0.45705,5,5,random,TINYIMAGENET,37,main_b1000_tinyimagenet_alexnet_RS_kp75_seed1024,0.75,0.4467,False,0.75,alexnet,0.75,TINYIMAGENET_alexnet_RS_accuracy_kp7500_seed1024,1024,60000,37,42,accuracy,101024,0.4467,1,2.9137661862134934,39.10059625655413,10,2.9137661862134934,valid,0.44151717385414374,0.5052177061936018,0.44670000000000004,101024
RS,0.45705,5,5,random,TINYIMAGENET,38,main_b1000_tinyimagenet_alexnet_RS_kp75_seed1024,0.75,0.44985,False,0.75,alexnet,0.75,TINYIMAGENET_alexnet_RS_accuracy_kp7500_seed1024,1024,60000,38,42,accuracy,101024,0.44985,1,2.8637914135456084,38.84059386700392,10,2.8637914135456084,valid,0.4455804791851804,0.5016638631917235,0.4498500000000001,101024
RS,0.45705,5,5,random,TINYIMAGENET,39,main_b1000_tinyimagenet_alexnet_RS_kp75_seed1024,0.75,0.44225,False,0.75,alexnet,0.75,TINYIMAGENET_alexnet_RS_accuracy_kp7500_seed1024,1024,60000,39,42,accuracy,101024,0.44225,1,2.968950141811371,39.056788586080074,10,2.968950141811371,valid,0.4422888931963763,0.5139945323621861,0.4422499999999999,101024
RS,0.4581,40,40,random,TINYIMAGENET,40,main_b1000_tinyimagenet_alexnet_RS_kp75_seed1024,0.75,0.4581,True,0.75,alexnet,0.75,TINYIMAGENET_alexnet_RS_accuracy_kp7500_seed1024,1024,60000,40,42,accuracy,101024,0.4581,1,2.775981803607941,38.96786507219076,10,2.775981803607941,valid,0.45440076024418763,0.4980065090925521,0.4581,101024
RS,0.4581,40,40,random,TINYIMAGENET,41,main_b1000_tinyimagenet_alexnet_RS_kp75_seed1024,0.75,0.4519,False,0.75,alexnet,0.75,TINYIMAGENET_alexnet_RS_accuracy_kp7500_seed1024,1024,60000,41,42,accuracy,101024,0.4519,1,2.8756554156064986,38.95522008091211,10,2.8756554156064986,valid,0.44790126805684444,0.5088470865301169,0.45189999999999997,101024
RS,0.4581,40,40,random,TINYIMAGENET,42,main_b1000_tinyimagenet_alexnet_RS_kp75_seed1024,0.75,0.44925,False,0.75,alexnet,0.75,TINYIMAGENET_alexnet_RS_accuracy_kp7500_seed1024,1024,60000,42,42,accuracy,101024,0.44925,1,2.9060069687604906,39.197600208222866,10,2.9060069687604906,valid,0.4473879588464919,0.5166432650260586,0.44925,101024
RS,0.4581,40,40,random,TINYIMAGENET,43,main_b1000_tinyimagenet_alexnet_RS_kp75_seed1024,0.75,0.4477,False,0.75,alexnet,0.75,TINYIMAGENET_alexnet_RS_accuracy_kp7500_seed1024,1024,60000,43,42,accuracy,101024,0.4477,1,2.915756622362137,39.124172292649746,10,2.915756622362137,valid,0.4470933224761018,0.5081513334755803,0.4477,101024
RS,0.4581,40,40,random,TINYIMAGENET,44,main_b1000_tinyimagenet_alexnet_RS_kp75_seed1024,0.75,0.4488,False,0.75,alexnet,0.75,TINYIMAGENET_alexnet_RS_accuracy_kp7500_seed1024,1024,60000,44,42,accuracy,101024,0.4488,1,2.902443464756012,39.00666533410549,10,2.902443464756012,valid,0.44859561179071106,0.5144992672471446,0.44880000000000003,101024
RS,0.4581,40,40,random,TINYIMAGENET,45,main_b1000_tinyimagenet_alexnet_RS_kp75_seed1024,0.75,0.4475,False,0.75,alexnet,0.75,TINYIMAGENET_alexnet_RS_accuracy_kp7500_seed1024,1024,60000,45,42,accuracy,101024,0.4475,1,2.8818429198265076,38.937124848365784,10,2.8818429198265076,valid,0.4449913121647702,0.5073658612366326,0.4475,101024
RS,0.4581,40,40,random,TINYIMAGENET,46,main_b1000_tinyimagenet_alexnet_RS_kp75_seed1024,0.75,0.45045,False,0.75,alexnet,0.75,TINYIMAGENET_alexnet_RS_accuracy_kp7500_seed1024,1024,60000,46,42,accuracy,101024,0.45045,1,2.8868689373970033,39.22009690105915,10,2.8868689373970033,valid,0.44906643889175585,0.5147540176373624,0.45045,101024
RS,0.4581,40,40,random,TINYIMAGENET,47,main_b1000_tinyimagenet_alexnet_RS_kp75_seed1024,0.75,0.44505,False,0.75,alexnet,0.75,TINYIMAGENET_alexnet_RS_accuracy_kp7500_seed1024,1024,60000,47,42,accuracy,101024,0.44505,1,2.913251663303375,38.99574099481106,10,2.913251663303375,valid,0.44066773882767984,0.502969277386204,0.44505,101024
RS,0.4581,40,40,random,TINYIMAGENET,48,main_b1000_tinyimagenet_alexnet_RS_kp75_seed1024,0.75,0.44355,False,0.75,alexnet,0.75,TINYIMAGENET_alexnet_RS_accuracy_kp7500_seed1024,1024,60000,48,42,accuracy,101024,0.44355,1,2.9148431171894074,39.07514078170061,10,2.9148431171894074,valid,0.4406406111890573,0.5078241380155422,0.44355000000000006,101024
RS,0.4581,40,40,random,TINYIMAGENET,49,main_b1000_tinyimagenet_alexnet_RS_kp75_seed1024,0.75,0.4563,False,0.75,alexnet,0.75,TINYIMAGENET_alexnet_RS_accuracy_kp7500_seed1024,1024,60000,49,42,accuracy,101024,0.4563,1,2.8555065846443175,39.243422731757164,10,2.8555065846443175,valid,0.4529981785981804,0.5135228159999485,0.45629999999999993,101024
RS,0.4581,40,40,random,TINYIMAGENET,50,main_b1000_tinyimagenet_alexnet_RS_kp75_seed1024,0.75,0.458,False,0.75,alexnet,0.75,TINYIMAGENET_alexnet_RS_accuracy_kp7500_seed1024,1024,60000,50,42,accuracy,101024,0.458,1,2.847683320951462,39.05301146954298,10,2.847683320951462,valid,0.45320001997171394,0.5104826423353169,0.45799999999999996,101024
RS,0.4581,40,40,random,TINYIMAGENET,51,main_b1000_tinyimagenet_alexnet_RS_kp75_seed1024,0.75,0.4514,False,0.75,alexnet,0.75,TINYIMAGENET_alexnet_RS_accuracy_kp7500_seed1024,1024,60000,51,42,accuracy,101024,0.4514,1,2.867316548013687,39.03502627462149,10,2.867316548013687,valid,0.44732989952124314,0.507420603247417,0.4514,101024
RS,0.4581,40,40,random,TINYIMAGENET,52,main_b1000_tinyimagenet_alexnet_RS_kp75_seed1024,0.75,0.44785,False,0.75,alexnet,0.75,TINYIMAGENET_alexnet_RS_accuracy_kp7500_seed1024,1024,60000,52,42,accuracy,101024,0.44785,1,2.892088006401062,39.260721027851105,10,2.892088006401062,valid,0.4452304088118859,0.5054001469302323,0.44784999999999997,101024
RS,0.4581,40,40,random,TINYIMAGENET,53,main_b1000_tinyimagenet_alexnet_RS_kp75_seed1024,0.75,0.45055,False,0.75,alexnet,0.75,TINYIMAGENET_alexnet_RS_accuracy_kp7500_seed1024,1024,60000,53,42,accuracy,101024,0.45055,1,2.9034520114898683,39.067708536982536,10,2.9034520114898683,valid,0.4476465703027056,0.5139325686239373,0.45054999999999995,101024
RS,0.4581,40,40,random,TINYIMAGENET,54,main_b1000_tinyimagenet_alexnet_RS_kp75_seed1024,0.75,0.44685,False,0.75,alexnet,0.75,TINYIMAGENET_alexnet_RS_accuracy_kp7500_seed1024,1024,60000,54,42,accuracy,101024,0.44685,1,2.87040840113163,38.999520532786846,10,2.87040840113163,valid,0.4469275533832368,0.5005551585335918,0.44685,101024
RS,0.4581,40,40,random,TINYIMAGENET,55,main_b1000_tinyimagenet_alexnet_RS_kp75_seed1024,0.75,0.45645,False,0.75,alexnet,0.75,TINYIMAGENET_alexnet_RS_accuracy_kp7500_seed1024,1024,60000,55,42,accuracy,101024,0.45645,1,2.853450372469425,39.190155275166035,10,2.853450372469425,valid,0.4558676167130517,0.5113051510190442,0.45645,101024
RS,0.4581,40,40,random,TINYIMAGENET,56,main_b1000_tinyimagenet_alexnet_RS_kp75_seed1024,0.75,0.4545,False,0.75,alexnet,0.75,TINYIMAGENET_alexnet_RS_accuracy_kp7500_seed1024,1024,60000,56,42,accuracy,101024,0.4545,1,2.8461540021896363,39.19219755381346,10,2.8461540021896363,valid,0.45242803726254804,0.5043645445438947,0.4545,101024
RS,0.4581,40,40,random,TINYIMAGENET,57,main_b1000_tinyimagenet_alexnet_RS_kp75_seed1024,0.75,0.4462,False,0.75,alexnet,0.75,TINYIMAGENET_alexnet_RS_accuracy_kp7500_seed1024,1024,60000,57,42,accuracy,101024,0.4462,1,2.8884769960403442,38.959795244038105,10,2.8884769960403442,valid,0.4458634756998151,0.5131471496968759,0.4462,101024
RS,0.4581,40,40,random,TINYIMAGENET,58,main_b1000_tinyimagenet_alexnet_RS_kp75_seed1024,0.75,0.4536,False,0.75,alexnet,0.75,TINYIMAGENET_alexnet_RS_accuracy_kp7500_seed1024,1024,60000,58,42,accuracy,101024,0.4536,1,2.830480773282051,39.12666384130716,10,2.830480773282051,valid,0.44917259937616305,0.5018042370737987,0.4536,101024
RS,0.4581,40,40,random,TINYIMAGENET,59,main_b1000_tinyimagenet_alexnet_RS_kp75_seed1024,0.75,0.45315,False,0.75,alexnet,0.75,TINYIMAGENET_alexnet_RS_accuracy_kp7500_seed1024,1024,60000,59,42,accuracy,101024,0.45315,1,2.8105980615615844,39.13611111789942,10,2.8105980615615844,valid,0.45317031282575615,0.5053884136888672,0.45315000000000005,101024
RS,0.4581,40,40,random,TINYIMAGENET,60,main_b1000_tinyimagenet_alexnet_RS_kp75_seed1024,0.75,0.44535,False,0.75,alexnet,0.75,TINYIMAGENET_alexnet_RS_accuracy_kp7500_seed1024,1024,60000,60,42,accuracy,101024,0.44535,1,2.890827060508728,38.89003197103739,10,2.890827060508728,valid,0.44609930964460104,0.5099916190846372,0.44535,101024
RS,0.4581,40,40,random,TINYIMAGENET,61,main_b1000_tinyimagenet_alexnet_RS_kp75_seed1024,0.75,0.4544,False,0.75,alexnet,0.75,TINYIMAGENET_alexnet_RS_accuracy_kp7500_seed1024,1024,60000,61,42,accuracy,101024,0.4544,1,2.8390625685215,39.21267534792423,10,2.8390625685215,valid,0.4512724388188104,0.5062210420270887,0.45439999999999997,101024
RS,0.4581,40,40,random,TINYIMAGENET,62,main_b1000_tinyimagenet_alexnet_RS_kp75_seed1024,0.75,0.4468,False,0.75,alexnet,0.75,TINYIMAGENET_alexnet_RS_accuracy_kp7500_seed1024,1024,60000,62,42,accuracy,101024,0.4468,1,2.92771017305851,39.18992576003075,10,2.92771017305851,valid,0.4436186684781221,0.5038695710386771,0.4467999999999999,101024
RS,0.4581,40,40,random,TINYIMAGENET,63,main_b1000_tinyimagenet_alexnet_RS_kp75_seed1024,0.75,0.4537,False,0.75,alexnet,0.75,TINYIMAGENET_alexnet_RS_accuracy_kp7500_seed1024,1024,60000,63,42,accuracy,101024,0.4537,1,2.8567428588867188,38.965998850762844,10,2.8567428588867188,valid,0.4506974851724287,0.5114092803096072,0.45370000000000005,101024
RS,0.4581,40,40,random,TINYIMAGENET,64,main_b1000_tinyimagenet_alexnet_RS_kp75_seed1024,0.75,0.44775,False,0.75,alexnet,0.75,TINYIMAGENET_alexnet_RS_accuracy_kp7500_seed1024,1024,60000,64,42,accuracy,101024,0.44775,1,2.9219963991642,39.23367688804865,10,2.9219963991642,valid,0.4432947004674336,0.5115225050174291,0.44775,101024
RS,0.4581,40,40,random,TINYIMAGENET,65,main_b1000_tinyimagenet_alexnet_RS_kp75_seed1024,0.75,0.4516,False,0.75,alexnet,0.75,TINYIMAGENET_alexnet_RS_accuracy_kp7500_seed1024,1024,60000,65,42,accuracy,101024,0.4516,1,2.865966530060768,39.37932674586773,10,2.865966530060768,valid,0.44863278831740794,0.5030632505406517,0.45159999999999995,101024
RS,0.4581,40,40,random,TINYIMAGENET,66,main_b1000_tinyimagenet_alexnet_RS_kp75_seed1024,0.75,0.44795,False,0.75,alexnet,0.75,TINYIMAGENET_alexnet_RS_accuracy_kp7500_seed1024,1024,60000,66,42,accuracy,101024,0.44795,1,2.8938456788063047,39.0064657330513,10,2.8938456788063047,valid,0.4458205495167682,0.5048390163754232,0.44795,101024
RS,0.4581,40,40,random,TINYIMAGENET,67,main_b1000_tinyimagenet_alexnet_RS_kp75_seed1024,0.75,0.45395,False,0.75,alexnet,0.75,TINYIMAGENET_alexnet_RS_accuracy_kp7500_seed1024,1024,60000,67,42,accuracy,101024,0.45395,1,2.860693889665604,39.17787153273821,10,2.860693889665604,valid,0.45290139503335114,0.5189046951478375,0.45394999999999996,101024
RS,0.4581,40,40,random,TINYIMAGENET,68,main_b1000_tinyimagenet_alexnet_RS_kp75_seed1024,0.75,0.4524,False,0.75,alexnet,0.75,TINYIMAGENET_alexnet_RS_accuracy_kp7500_seed1024,1024,60000,68,42,accuracy,101024,0.4524,1,2.847623228883743,39.375862531363964,10,2.847623228883743,valid,0.4504242566302553,0.5044574286037006,0.4524,101024
RS,0.4581,40,40,random,TINYIMAGENET,69,main_b1000_tinyimagenet_alexnet_RS_kp75_seed1024,0.75,0.45405,False,0.75,alexnet,0.75,TINYIMAGENET_alexnet_RS_accuracy_kp7500_seed1024,1024,60000,69,42,accuracy,101024,0.45405,1,2.8791780030727385,39.02642601728439,10,2.8791780030727385,valid,0.45186698911146084,0.5059992868761144,0.45405,101024
RS,0.4581,40,40,random,TINYIMAGENET,70,main_b1000_tinyimagenet_alexnet_RS_kp75_seed1024,0.75,0.45375,False,0.75,alexnet,0.75,TINYIMAGENET_alexnet_RS_accuracy_kp7500_seed1024,1024,60000,70,42,accuracy,101024,0.45375,1,2.921891204047203,39.17313814908266,10,2.921891204047203,valid,0.45097383384253475,0.5143836785063874,0.45375,101024
RS,0.4581,40,40,random,TINYIMAGENET,71,main_b1000_tinyimagenet_alexnet_RS_kp75_seed1024,0.75,0.45165,False,0.75,alexnet,0.75,TINYIMAGENET_alexnet_RS_accuracy_kp7500_seed1024,1024,60000,71,42,accuracy,101024,0.45165,1,2.8523380549907684,39.30229960381985,10,2.8523380549907684,valid,0.44836659321244915,0.5038690186406002,0.45165,101024
RS,0.4581,40,40,random,TINYIMAGENET,72,main_b1000_tinyimagenet_alexnet_RS_kp75_seed1024,0.75,0.4486,False,0.75,alexnet,0.75,TINYIMAGENET_alexnet_RS_accuracy_kp7500_seed1024,1024,60000,72,42,accuracy,101024,0.4486,1,2.8519231233119964,39.09127677977085,10,2.8519231233119964,valid,0.4475175710604448,0.5062680469846786,0.4486,101024
RS,0.4581,40,40,random,TINYIMAGENET,73,main_b1000_tinyimagenet_alexnet_RS_kp75_seed1024,0.75,0.4469,False,0.75,alexnet,0.75,TINYIMAGENET_alexnet_RS_accuracy_kp7500_seed1024,1024,60000,73,42,accuracy,101024,0.4469,1,2.8836180872797965,39.07451190799475,10,2.8836180872797965,valid,0.4441437235279615,0.5097483096140557,0.44689999999999996,101024
RS,0.4581,40,40,random,TINYIMAGENET,74,main_b1000_tinyimagenet_alexnet_RS_kp75_seed1024,0.75,0.45605,False,0.75,alexnet,0.75,TINYIMAGENET_alexnet_RS_accuracy_kp7500_seed1024,1024,60000,74,42,accuracy,101024,0.45605,1,2.8060988394498825,39.32533237338066,10,2.8060988394498825,valid,0.45438449073689213,0.5029022782514303,0.45605000000000007,101024
RS,0.4581,40,40,random,TINYIMAGENET,75,main_b1000_tinyimagenet_alexnet_RS_kp75_seed1024,0.75,0.4523,False,0.75,alexnet,0.75,TINYIMAGENET_alexnet_RS_accuracy_kp7500_seed1024,1024,60000,75,42,accuracy,101024,0.4523,1,2.8790758275985717,39.04495166242123,10,2.8790758275985717,valid,0.4494398660412692,0.5090670163171187,0.45230000000000004,101024
RS,0.4581,40,40,random,TINYIMAGENET,76,main_b1000_tinyimagenet_alexnet_RS_kp75_seed1024,0.75,0.44755,False,0.75,alexnet,0.75,TINYIMAGENET_alexnet_RS_accuracy_kp7500_seed1024,1024,60000,76,42,accuracy,101024,0.44755,1,2.8713857844352724,39.15242462605238,10,2.8713857844352724,valid,0.4442458613883033,0.5108503889753756,0.44754999999999995,101024
RS,0.4581,40,40,random,TINYIMAGENET,77,main_b1000_tinyimagenet_alexnet_RS_kp75_seed1024,0.75,0.45345,False,0.75,alexnet,0.75,TINYIMAGENET_alexnet_RS_accuracy_kp7500_seed1024,1024,60000,77,42,accuracy,101024,0.45345,1,2.8678043593883515,39.2848265171051,10,2.8678043593883515,valid,0.45038910306553703,0.5048644751410915,0.45344999999999996,101024
RS,0.4581,40,40,random,TINYIMAGENET,78,main_b1000_tinyimagenet_alexnet_RS_kp75_seed1024,0.75,0.455,False,0.75,alexnet,0.75,TINYIMAGENET_alexnet_RS_accuracy_kp7500_seed1024,1024,60000,78,42,accuracy,101024,0.455,1,2.893880581521988,39.21267681568861,10,2.893880581521988,valid,0.4528965339747097,0.5121894484845392,0.455,101024
RS,0.4581,40,40,random,TINYIMAGENET,79,main_b1000_tinyimagenet_alexnet_RS_kp75_seed1024,0.75,0.45405,False,0.75,alexnet,0.75,TINYIMAGENET_alexnet_RS_accuracy_kp7500_seed1024,1024,60000,79,42,accuracy,101024,0.45405,1,2.8166754126787183,39.23531696945429,10,2.8166754126787183,valid,0.4516305772806253,0.5018916002613305,0.45405,101024
RS,0.4581,40,40,random,TINYIMAGENET,80,main_b1000_tinyimagenet_alexnet_RS_kp75_seed1024,0.75,0.45425,False,0.75,alexnet,0.75,TINYIMAGENET_alexnet_RS_accuracy_kp7500_seed1024,1024,60000,80,42,accuracy,101024,0.45425,1,2.864947240114212,44.29747764021158,10,2.864947240114212,valid,0.4501162026364135,0.5135908677916841,0.45425,101024
RS,0.4581,40,40,random,TINYIMAGENET,81,main_b1000_tinyimagenet_alexnet_RS_kp75_seed1024,0.75,0.45115,False,0.75,alexnet,0.75,TINYIMAGENET_alexnet_RS_accuracy_kp7500_seed1024,1024,60000,81,42,accuracy,101024,0.45115,1,2.8325242060661315,48.521187514066696,10,2.8325242060661315,valid,0.4479164477823759,0.5086862472277454,0.45115,101024
RS,0.4581,40,40,random,TINYIMAGENET,82,main_b1000_tinyimagenet_alexnet_RS_kp75_seed1024,0.75,0.4572,False,0.75,alexnet,0.75,TINYIMAGENET_alexnet_RS_accuracy_kp7500_seed1024,1024,60000,82,42,accuracy,101024,0.4572,1,2.8258675373792648,48.545986987650394,10,2.8258675373792648,valid,0.45341329391924995,0.499551753306352,0.4572,101024
RS,0.4581,40,40,random,TINYIMAGENET,83,main_b1000_tinyimagenet_alexnet_RS_kp75_seed1024,0.75,0.44745,False,0.75,alexnet,0.75,TINYIMAGENET_alexnet_RS_accuracy_kp7500_seed1024,1024,60000,83,42,accuracy,101024,0.44745,1,2.878931296300888,48.318298764526844,10,2.878931296300888,valid,0.44287174031956666,0.5090533765171377,0.44745000000000007,101024
RS,0.4581,40,40,random,TINYIMAGENET,84,main_b1000_tinyimagenet_alexnet_RS_kp75_seed1024,0.75,0.4484,False,0.75,alexnet,0.75,TINYIMAGENET_alexnet_RS_accuracy_kp7500_seed1024,1024,60000,84,42,accuracy,101024,0.4484,1,2.9044817586421967,48.37912830710411,10,2.9044817586421967,valid,0.44579125551180127,0.5061652418402213,0.44839999999999997,101024
RS,0.4581,40,40,random,TINYIMAGENET,85,main_b1000_tinyimagenet_alexnet_RS_kp75_seed1024,0.75,0.4545,False,0.75,alexnet,0.75,TINYIMAGENET_alexnet_RS_accuracy_kp7500_seed1024,1024,60000,85,42,accuracy,101024,0.4545,1,2.8151042801380157,48.462042674422264,10,2.8151042801380157,valid,0.45204741695032313,0.5066783196129879,0.45449999999999996,101024
RS,0.4581,40,40,random,TINYIMAGENET,86,main_b1000_tinyimagenet_alexnet_RS_kp75_seed1024,0.75,0.45535,False,0.75,alexnet,0.75,TINYIMAGENET_alexnet_RS_accuracy_kp7500_seed1024,1024,60000,86,42,accuracy,101024,0.45535,1,2.841965040206909,48.55452989041805,10,2.841965040206909,valid,0.45364515820189305,0.5092780725678538,0.45535,101024
RS,0.4581,40,40,random,TINYIMAGENET,87,main_b1000_tinyimagenet_alexnet_RS_kp75_seed1024,0.75,0.4433,False,0.75,alexnet,0.75,TINYIMAGENET_alexnet_RS_accuracy_kp7500_seed1024,1024,60000,87,42,accuracy,101024,0.4433,1,2.8999043874025343,48.56447160989046,10,2.8999043874025343,valid,0.43951827514395303,0.5013292482993889,0.44329999999999997,101024
RS,0.4581,40,40,random,TINYIMAGENET,88,main_b1000_tinyimagenet_alexnet_RS_kp75_seed1024,0.75,0.45045,False,0.75,alexnet,0.75,TINYIMAGENET_alexnet_RS_accuracy_kp7500_seed1024,1024,60000,88,42,accuracy,101024,0.45045,1,2.8756464332401754,48.56915049999952,10,2.8756464332401754,valid,0.4443886127738935,0.5025927213112409,0.45045,101024
RS,0.4581,40,40,random,TINYIMAGENET,89,main_b1000_tinyimagenet_alexnet_RS_kp75_seed1024,0.75,0.44795,False,0.75,alexnet,0.75,TINYIMAGENET_alexnet_RS_accuracy_kp7500_seed1024,1024,60000,89,42,accuracy,101024,0.44795,1,2.8925727115154265,48.37483748793602,10,2.8925727115154265,valid,0.4437421624333628,0.5037573849992676,0.44795,101024
RS,0.4581,40,40,random,TINYIMAGENET,90,main_b1000_tinyimagenet_alexnet_RS_kp75_seed1024,0.75,0.45,False,0.75,alexnet,0.75,TINYIMAGENET_alexnet_RS_accuracy_kp7500_seed1024,1024,60000,90,42,accuracy,101024,0.45,1,2.867318524980545,48.40257154405117,10,2.867318524980545,valid,0.44740283934111263,0.4992724818193476,0.45,101024
RS,0.4581,40,40,random,TINYIMAGENET,91,main_b1000_tinyimagenet_alexnet_RS_kp75_seed1024,0.75,0.4526,False,0.75,alexnet,0.75,TINYIMAGENET_alexnet_RS_accuracy_kp7500_seed1024,1024,60000,91,42,accuracy,101024,0.4526,1,2.8966919223308563,48.414491444826126,10,2.8966919223308563,valid,0.4437975798636853,0.5091189065493557,0.45260000000000006,101024
RS,0.4581,40,40,random,TINYIMAGENET,92,main_b1000_tinyimagenet_alexnet_RS_kp75_seed1024,0.75,0.4452,False,0.75,alexnet,0.75,TINYIMAGENET_alexnet_RS_accuracy_kp7500_seed1024,1024,60000,92,42,accuracy,101024,0.4452,1,2.9341531167030332,48.548249036073685,10,2.9341531167030332,valid,0.44421399237834963,0.5114180185853843,0.4452,101024
RS,0.4581,40,40,random,TINYIMAGENET,93,main_b1000_tinyimagenet_alexnet_RS_kp75_seed1024,0.75,0.4549,False,0.75,alexnet,0.75,TINYIMAGENET_alexnet_RS_accuracy_kp7500_seed1024,1024,60000,93,42,accuracy,101024,0.4549,1,2.8357121123313904,48.5418796017766,10,2.8357121123313904,valid,0.45082383304453955,0.5042092363616442,0.45489999999999997,101024
RS,0.4581,40,40,random,TINYIMAGENET,94,main_b1000_tinyimagenet_alexnet_RS_kp75_seed1024,0.75,0.4524,False,0.75,alexnet,0.75,TINYIMAGENET_alexnet_RS_accuracy_kp7500_seed1024,1024,60000,94,42,accuracy,101024,0.4524,1,2.8587088431835173,48.67094625532627,10,2.8587088431835173,valid,0.44917756080905163,0.5100663985297733,0.45239999999999997,101024
RS,0.4581,40,40,random,TINYIMAGENET,95,main_b1000_tinyimagenet_alexnet_RS_kp75_seed1024,0.75,0.45355,False,0.75,alexnet,0.75,TINYIMAGENET_alexnet_RS_accuracy_kp7500_seed1024,1024,60000,95,42,accuracy,101024,0.45355,1,2.880832553911209,48.47939791530371,10,2.880832553911209,valid,0.45137190662951565,0.5072316152949667,0.45355000000000006,101024
RS,0.4581,40,40,random,TINYIMAGENET,96,main_b1000_tinyimagenet_alexnet_RS_kp75_seed1024,0.75,0.44965,False,0.75,alexnet,0.75,TINYIMAGENET_alexnet_RS_accuracy_kp7500_seed1024,1024,60000,96,42,accuracy,101024,0.44965,1,2.876287243413925,48.36713521182537,10,2.876287243413925,valid,0.44403360253331586,0.5135970518622622,0.44965000000000005,101024
RS,0.4581,40,40,random,TINYIMAGENET,97,main_b1000_tinyimagenet_alexnet_RS_kp75_seed1024,0.75,0.4501,False,0.75,alexnet,0.75,TINYIMAGENET_alexnet_RS_accuracy_kp7500_seed1024,1024,60000,97,42,accuracy,101024,0.4501,1,2.8727881413936616,48.393891744315624,10,2.8727881413936616,valid,0.4485331895686343,0.506079204297727,0.45010000000000006,101024
RS,0.4581,40,40,random,TINYIMAGENET,98,main_b1000_tinyimagenet_alexnet_RS_kp75_seed1024,0.75,0.44555,False,0.75,alexnet,0.75,TINYIMAGENET_alexnet_RS_accuracy_kp7500_seed1024,1024,60000,98,42,accuracy,101024,0.44555,1,2.8635323821544647,48.564365550875664,10,2.8635323821544647,valid,0.44531195995443973,0.5063872621019901,0.44555,101024
RS,0.4581,40,40,random,TINYIMAGENET,99,main_b1000_tinyimagenet_alexnet_RS_kp75_seed1024,0.75,0.4472,False,0.75,alexnet,0.75,TINYIMAGENET_alexnet_RS_accuracy_kp7500_seed1024,1024,60000,99,42,accuracy,101024,0.4472,1,2.900328617429733,48.537529572844505,10,2.900328617429733,valid,0.44377047019395205,0.5019433354489394,0.4472,101024
RS,0.4581,40,40,random,TINYIMAGENET,100,main_b1000_tinyimagenet_alexnet_RS_kp75_seed1024,0.75,0.4506,False,0.75,alexnet,0.75,TINYIMAGENET_alexnet_RS_accuracy_kp7500_seed1024,1024,60000,100,42,accuracy,101024,0.4506,1,2.8457271784782407,48.65817967802286,10,2.8457271784782407,valid,0.4484393425673398,0.5022689262319541,0.4506,101024
RS,0.4581,40,40,random,TINYIMAGENET,101,main_b1000_tinyimagenet_alexnet_RS_kp75_seed1024,0.75,0.4522,False,0.75,alexnet,0.75,TINYIMAGENET_alexnet_RS_accuracy_kp7500_seed1024,1024,60000,101,42,accuracy,101024,0.4522,1,2.8356220348119736,48.57564590126276,10,2.8356220348119736,valid,0.44960820649339905,0.5073954945110123,0.45220000000000005,101024
RS,0.4581,40,40,random,TINYIMAGENET,102,main_b1000_tinyimagenet_alexnet_RS_kp75_seed1024,0.75,0.45215,False,0.75,alexnet,0.75,TINYIMAGENET_alexnet_RS_accuracy_kp7500_seed1024,1024,60000,102,42,accuracy,101024,0.45215,1,2.8781910417556764,48.40522185713053,10,2.8781910417556764,valid,0.45015304834348735,0.5103242300741035,0.45214999999999994,101024
RS,0.4585,103,103,random,TINYIMAGENET,103,main_b1000_tinyimagenet_alexnet_RS_kp75_seed1024,0.75,0.4585,True,0.75,alexnet,0.75,TINYIMAGENET_alexnet_RS_accuracy_kp7500_seed1024,1024,60000,103,42,accuracy,101024,0.4585,1,2.832074791955948,48.3985386043787,10,2.832074791955948,valid,0.45151458766941416,0.49897964437244186,0.45849999999999996,101024
RS,0.4585,103,103,random,TINYIMAGENET,104,main_b1000_tinyimagenet_alexnet_RS_kp75_seed1024,0.75,0.44555,False,0.75,alexnet,0.75,TINYIMAGENET_alexnet_RS_accuracy_kp7500_seed1024,1024,60000,104,42,accuracy,101024,0.44555,1,2.892464396572113,48.5142185613513,10,2.892464396572113,valid,0.44396842637660766,0.510102408041961,0.44555,101024
RS,0.4585,103,103,random,TINYIMAGENET,105,main_b1000_tinyimagenet_alexnet_RS_kp75_seed1024,0.75,0.4518,False,0.75,alexnet,0.75,TINYIMAGENET_alexnet_RS_accuracy_kp7500_seed1024,1024,60000,105,42,accuracy,101024,0.4518,1,2.849126924467087,54.12245284020901,10,2.849126924467087,valid,0.4479895439377084,0.4990213544933097,0.4518,101024
RS,0.4585,103,103,random,TINYIMAGENET,106,main_b1000_tinyimagenet_alexnet_RS_kp75_seed1024,0.75,0.45025,False,0.75,alexnet,0.75,TINYIMAGENET_alexnet_RS_accuracy_kp7500_seed1024,1024,60000,106,42,accuracy,101024,0.45025,1,2.8605992952346804,48.630304001271725,10,2.8605992952346804,valid,0.44995065181464383,0.5130694287723924,0.45025,101024
RS,0.4585,103,103,random,TINYIMAGENET,107,main_b1000_tinyimagenet_alexnet_RS_kp75_seed1024,0.75,0.4493,False,0.75,alexnet,0.75,TINYIMAGENET_alexnet_RS_accuracy_kp7500_seed1024,1024,60000,107,42,accuracy,101024,0.4493,1,2.890368643903732,48.628372989594936,10,2.890368643903732,valid,0.4477739342890168,0.5142504096532299,0.4493000000000001,101024
RS,0.4585,103,103,random,TINYIMAGENET,108,main_b1000_tinyimagenet_alexnet_RS_kp75_seed1024,0.75,0.4471,False,0.75,alexnet,0.75,TINYIMAGENET_alexnet_RS_accuracy_kp7500_seed1024,1024,60000,108,42,accuracy,101024,0.4471,1,2.887797037363052,48.362734995782375,10,2.887797037363052,valid,0.44332500643459866,0.5034559447434412,0.44709999999999994,101024
RS,0.4585,103,103,random,TINYIMAGENET,109,main_b1000_tinyimagenet_alexnet_RS_kp75_seed1024,0.75,0.44925,False,0.75,alexnet,0.75,TINYIMAGENET_alexnet_RS_accuracy_kp7500_seed1024,1024,60000,109,42,accuracy,101024,0.44925,1,2.861266562128067,48.51882252842188,10,2.861266562128067,valid,0.4460308412509892,0.5012766572615271,0.44925000000000004,101024
RS,0.4585,103,103,random,TINYIMAGENET,110,main_b1000_tinyimagenet_alexnet_RS_kp75_seed1024,0.75,0.4534,False,0.75,alexnet,0.75,TINYIMAGENET_alexnet_RS_accuracy_kp7500_seed1024,1024,60000,110,42,accuracy,101024,0.4534,1,2.851419073295593,48.547823302447796,10,2.851419073295593,valid,0.44723021468099,0.5026035383686032,0.4534,101024
RS,0.4585,103,103,random,TINYIMAGENET,111,main_b1000_tinyimagenet_alexnet_RS_kp75_seed1024,0.75,0.4538,False,0.75,alexnet,0.75,TINYIMAGENET_alexnet_RS_accuracy_kp7500_seed1024,1024,60000,111,42,accuracy,101024,0.4538,1,2.848788032627106,48.65427108108997,10,2.848788032627106,valid,0.44965045067855114,0.5079329083477614,0.4538,101024
RS,0.4585,103,103,random,TINYIMAGENET,112,main_b1000_tinyimagenet_alexnet_RS_kp75_seed1024,0.75,0.4527,False,0.75,alexnet,0.75,TINYIMAGENET_alexnet_RS_accuracy_kp7500_seed1024,1024,60000,112,42,accuracy,101024,0.4527,1,2.8502802893161774,48.69336409121752,10,2.8502802893161774,valid,0.44916453541996204,0.5036788559554136,0.45269999999999994,101024
RS,0.4585,103,103,random,TINYIMAGENET,113,main_b1000_tinyimagenet_alexnet_RS_kp75_seed1024,0.75,0.4489,False,0.75,alexnet,0.75,TINYIMAGENET_alexnet_RS_accuracy_kp7500_seed1024,1024,60000,113,42,accuracy,101024,0.4489,1,2.9127087234020235,48.63486288487911,10,2.9127087234020235,valid,0.4439192239042786,0.5092828578298102,0.4489,101024
RS,0.4585,103,103,random,TINYIMAGENET,114,main_b1000_tinyimagenet_alexnet_RS_kp75_seed1024,0.75,0.4502,False,0.75,alexnet,0.75,TINYIMAGENET_alexnet_RS_accuracy_kp7500_seed1024,1024,60000,114,42,accuracy,101024,0.4502,1,2.85317919049263,48.58061522990465,10,2.85317919049263,valid,0.4503111995875729,0.5119426342043721,0.45019999999999993,101024
RS,0.4585,103,103,random,TINYIMAGENET,115,main_b1000_tinyimagenet_alexnet_RS_kp75_seed1024,0.75,0.4564,False,0.75,alexnet,0.75,TINYIMAGENET_alexnet_RS_accuracy_kp7500_seed1024,1024,60000,115,42,accuracy,101024,0.4564,1,2.824561266422272,48.60149408876896,10,2.824561266422272,valid,0.4521222209141164,0.504362065774669,0.45640000000000003,101024
RS,0.4585,103,103,random,TINYIMAGENET,116,main_b1000_tinyimagenet_alexnet_RS_kp75_seed1024,0.75,0.44825,False,0.75,alexnet,0.75,TINYIMAGENET_alexnet_RS_accuracy_kp7500_seed1024,1024,60000,116,42,accuracy,101024,0.44825,1,2.902540179371834,48.49113642424345,10,2.902540179371834,valid,0.44694410409532426,0.5160574198279968,0.44825000000000004,101024
RS,0.4585,103,103,random,TINYIMAGENET,117,main_b1000_tinyimagenet_alexnet_RS_kp75_seed1024,0.75,0.45265,False,0.75,alexnet,0.75,TINYIMAGENET_alexnet_RS_accuracy_kp7500_seed1024,1024,60000,117,42,accuracy,101024,0.45265,1,2.8603225409030912,48.684664867818356,10,2.8603225409030912,valid,0.44789346650414585,0.5032591441906352,0.45265,101024
RS,0.4585,103,103,random,TINYIMAGENET,118,main_b1000_tinyimagenet_alexnet_RS_kp75_seed1024,0.75,0.4534,False,0.75,alexnet,0.75,TINYIMAGENET_alexnet_RS_accuracy_kp7500_seed1024,1024,60000,118,42,accuracy,101024,0.4534,1,2.8254105908870697,48.54098238795996,10,2.8254105908870697,valid,0.4491516069241854,0.4986151816576933,0.4534,101024
RS,0.4585,103,103,random,TINYIMAGENET,119,main_b1000_tinyimagenet_alexnet_RS_kp75_seed1024,0.75,0.4524,False,0.75,alexnet,0.75,TINYIMAGENET_alexnet_RS_accuracy_kp7500_seed1024,1024,60000,119,42,accuracy,101024,0.4524,1,2.843803950166702,48.69366719573736,10,2.843803950166702,valid,0.44933480939820236,0.5029074585436852,0.4524,101024
RS,0.4585,103,103,random,TINYIMAGENET,120,main_b1000_tinyimagenet_alexnet_RS_kp75_seed1024,0.75,0.4533,False,0.75,alexnet,0.75,TINYIMAGENET_alexnet_RS_accuracy_kp7500_seed1024,1024,60000,120,42,accuracy,101024,0.4533,1,2.863035608148575,48.64780527353287,10,2.863035608148575,valid,0.4502369321076482,0.5068748456927371,0.4533,101024
RS,0.4585,103,103,random,TINYIMAGENET,121,main_b1000_tinyimagenet_alexnet_RS_kp75_seed1024,0.75,0.4519,False,0.75,alexnet,0.75,TINYIMAGENET_alexnet_RS_accuracy_kp7500_seed1024,1024,60000,121,42,accuracy,101024,0.4519,1,2.8654715467453005,48.462252385914326,10,2.8654715467453005,valid,0.44894138469583994,0.5059086100425827,0.45189999999999997,101024
RS,0.4585,103,103,random,TINYIMAGENET,122,main_b1000_tinyimagenet_alexnet_RS_kp75_seed1024,0.75,0.455,False,0.75,alexnet,0.75,TINYIMAGENET_alexnet_RS_accuracy_kp7500_seed1024,1024,60000,122,42,accuracy,101024,0.455,1,2.8380184328079223,48.532257691025734,10,2.8380184328079223,valid,0.45116179209354057,0.5052621798742054,0.4549999999999999,101024
RS,0.4585,103,103,random,TINYIMAGENET,123,main_b1000_tinyimagenet_alexnet_RS_kp75_seed1024,0.75,0.44865,False,0.75,alexnet,0.75,TINYIMAGENET_alexnet_RS_accuracy_kp7500_seed1024,1024,60000,123,42,accuracy,101024,0.44865,1,2.8785954919576646,48.73233284056187,10,2.8785954919576646,valid,0.4433026618520631,0.5054905062457283,0.44865,101024
RS,0.4598,124,124,random,TINYIMAGENET,124,main_b1000_tinyimagenet_alexnet_RS_kp75_seed1024,0.75,0.4598,True,0.75,alexnet,0.75,TINYIMAGENET_alexnet_RS_accuracy_kp7500_seed1024,1024,60000,124,42,accuracy,101024,0.4598,1,2.828277680492401,48.556067526340485,10,2.828277680492401,valid,0.45913934472678847,0.5141059157909077,0.4598,101024
RS,0.4598,124,124,random,TINYIMAGENET,125,main_b1000_tinyimagenet_alexnet_RS_kp75_seed1024,0.75,0.4583,False,0.75,alexnet,0.75,TINYIMAGENET_alexnet_RS_accuracy_kp7500_seed1024,1024,60000,125,42,accuracy,101024,0.4583,1,2.835211716842651,48.63967675715685,10,2.835211716842651,valid,0.45488810670106716,0.5062033904119614,0.4583,101024
RS,0.4598,124,124,random,TINYIMAGENET,126,main_b1000_tinyimagenet_alexnet_RS_kp75_seed1024,0.75,0.4462,False,0.75,alexnet,0.75,TINYIMAGENET_alexnet_RS_accuracy_kp7500_seed1024,1024,60000,126,42,accuracy,101024,0.4462,1,2.905493177318573,48.76435171067715,10,2.905493177318573,valid,0.44165030550216033,0.5032814200223116,0.4462,101024
RS,0.4598,124,124,random,TINYIMAGENET,127,main_b1000_tinyimagenet_alexnet_RS_kp75_seed1024,0.75,0.45185,False,0.75,alexnet,0.75,TINYIMAGENET_alexnet_RS_accuracy_kp7500_seed1024,1024,60000,127,42,accuracy,101024,0.45185,1,2.8894387585163117,48.47778292745352,10,2.8894387585163117,valid,0.4448289420151506,0.5004386007549022,0.45185000000000003,101024
RS,0.4598,124,124,random,TINYIMAGENET,128,main_b1000_tinyimagenet_alexnet_RS_kp75_seed1024,0.75,0.44775,False,0.75,alexnet,0.75,TINYIMAGENET_alexnet_RS_accuracy_kp7500_seed1024,1024,60000,128,42,accuracy,101024,0.44775,1,2.892731454563141,48.49069868773222,10,2.892731454563141,valid,0.4466294158766948,0.5076123634920031,0.44775,101024
RS,0.4598,124,124,random,TINYIMAGENET,129,main_b1000_tinyimagenet_alexnet_RS_kp75_seed1024,0.75,0.4517,False,0.75,alexnet,0.75,TINYIMAGENET_alexnet_RS_accuracy_kp7500_seed1024,1024,60000,129,42,accuracy,101024,0.4517,1,2.8653293439447878,48.51185844838619,10,2.8653293439447878,valid,0.44876869506433187,0.4996477258331652,0.4517,101024
RS,0.4598,124,124,random,TINYIMAGENET,130,main_b1000_tinyimagenet_alexnet_RS_kp75_seed1024,0.75,0.44755,False,0.75,alexnet,0.75,TINYIMAGENET_alexnet_RS_accuracy_kp7500_seed1024,1024,60000,130,42,accuracy,101024,0.44755,1,2.845159803533554,48.65067444741726,10,2.845159803533554,valid,0.4486975577500595,0.5052758907557472,0.44754999999999995,101024
RS,0.4598,124,124,random,TINYIMAGENET,131,main_b1000_tinyimagenet_alexnet_RS_kp75_seed1024,0.75,0.44725,False,0.75,alexnet,0.75,TINYIMAGENET_alexnet_RS_accuracy_kp7500_seed1024,1024,60000,131,42,accuracy,101024,0.44725,1,2.9359194945335387,48.65358179807663,10,2.9359194945335387,valid,0.4441460529457153,0.5070492115888057,0.44725000000000004,101024
RS,0.4598,124,124,random,TINYIMAGENET,132,main_b1000_tinyimagenet_alexnet_RS_kp75_seed1024,0.75,0.45125,False,0.75,alexnet,0.75,TINYIMAGENET_alexnet_RS_accuracy_kp7500_seed1024,1024,60000,132,42,accuracy,101024,0.45125,1,2.8648495171546937,48.80783066153526,10,2.8648495171546937,valid,0.4505385828098213,0.510211871051351,0.45125,101024
RS,0.4598,124,124,random,TINYIMAGENET,133,main_b1000_tinyimagenet_alexnet_RS_kp75_seed1024,0.75,0.45515,False,0.75,alexnet,0.75,TINYIMAGENET_alexnet_RS_accuracy_kp7500_seed1024,1024,60000,133,42,accuracy,101024,0.45515,1,2.8695849531173705,48.73369237780571,10,2.8695849531173705,valid,0.4510464170440605,0.5057996757337931,0.45515,101024
RS,0.4598,124,124,random,TINYIMAGENET,134,main_b1000_tinyimagenet_alexnet_RS_kp75_seed1024,0.75,0.45645,False,0.75,alexnet,0.75,TINYIMAGENET_alexnet_RS_accuracy_kp7500_seed1024,1024,60000,134,42,accuracy,101024,0.45645,1,2.8469481014251707,48.30060900747776,10,2.8469481014251707,valid,0.4531993759799896,0.5068379102357027,0.45644999999999997,101024
RS,0.4598,124,124,random,TINYIMAGENET,135,main_b1000_tinyimagenet_alexnet_RS_kp75_seed1024,0.75,0.44155,False,0.75,alexnet,0.75,TINYIMAGENET_alexnet_RS_accuracy_kp7500_seed1024,1024,60000,135,42,accuracy,101024,0.44155,1,2.9493387670993805,48.30103626102209,10,2.9493387670993805,valid,0.4399932731961802,0.5117331149322744,0.44155,101024
RS,0.4598,124,124,random,TINYIMAGENET,136,main_b1000_tinyimagenet_alexnet_RS_kp75_seed1024,0.75,0.4547,False,0.75,alexnet,0.75,TINYIMAGENET_alexnet_RS_accuracy_kp7500_seed1024,1024,60000,136,42,accuracy,101024,0.4547,1,2.82702861495018,48.540209881961346,10,2.82702861495018,valid,0.45187264924164994,0.5015411428187222,0.4547,101024
RS,0.4598,124,124,random,TINYIMAGENET,137,main_b1000_tinyimagenet_alexnet_RS_kp75_seed1024,0.75,0.44965,False,0.75,alexnet,0.75,TINYIMAGENET_alexnet_RS_accuracy_kp7500_seed1024,1024,60000,137,42,accuracy,101024,0.44965,1,2.871349009799957,48.53004936128855,10,2.871349009799957,valid,0.44887383702470046,0.5067283224928971,0.44965000000000005,101024
RS,0.4598,124,124,random,TINYIMAGENET,138,main_b1000_tinyimagenet_alexnet_RS_kp75_seed1024,0.75,0.45095,False,0.75,alexnet,0.75,TINYIMAGENET_alexnet_RS_accuracy_kp7500_seed1024,1024,60000,138,42,accuracy,101024,0.45095,1,2.883746255016327,48.51861399412155,10,2.883746255016327,valid,0.44870501322780526,0.5084474260661557,0.45094999999999996,101024
RS,0.4598,124,124,random,TINYIMAGENET,139,main_b1000_tinyimagenet_alexnet_RS_kp75_seed1024,0.75,0.454,False,0.75,alexnet,0.75,TINYIMAGENET_alexnet_RS_accuracy_kp7500_seed1024,1024,60000,139,42,accuracy,101024,0.454,1,2.851461840772629,48.53585932403803,10,2.851461840772629,valid,0.44829991526915847,0.5024474564792676,0.45400000000000007,101024
RS,0.4598,124,124,random,TINYIMAGENET,140,main_b1000_tinyimagenet_alexnet_RS_kp75_seed1024,0.75,0.4426,False,0.75,alexnet,0.75,TINYIMAGENET_alexnet_RS_accuracy_kp7500_seed1024,1024,60000,140,42,accuracy,101024,0.4426,1,2.908572501754761,48.33745211362839,10,2.908572501754761,valid,0.44231049465055483,0.5034668917581469,0.4425999999999999,101024
RS,0.4598,124,124,random,TINYIMAGENET,141,main_b1000_tinyimagenet_alexnet_RS_kp75_seed1024,0.75,0.4539,False,0.75,alexnet,0.75,TINYIMAGENET_alexnet_RS_accuracy_kp7500_seed1024,1024,60000,141,42,accuracy,101024,0.4539,1,2.8219460646629333,48.34488986432552,10,2.8219460646629333,valid,0.4522625560251137,0.5010109412908847,0.4539,101024
RS,0.4598,124,124,random,TINYIMAGENET,142,main_b1000_tinyimagenet_alexnet_RS_kp75_seed1024,0.75,0.44745,False,0.75,alexnet,0.75,TINYIMAGENET_alexnet_RS_accuracy_kp7500_seed1024,1024,60000,142,42,accuracy,101024,0.44745,1,2.8796657030105592,48.49657393246889,10,2.8796657030105592,valid,0.4463165168159095,0.510080548129388,0.44744999999999996,101024
RS,0.4598,124,124,random,TINYIMAGENET,143,main_b1000_tinyimagenet_alexnet_RS_kp75_seed1024,0.75,0.44695,False,0.75,alexnet,0.75,TINYIMAGENET_alexnet_RS_accuracy_kp7500_seed1024,1024,60000,143,42,accuracy,101024,0.44695,1,2.880351968765259,48.567113511264324,10,2.880351968765259,valid,0.44677611885623847,0.5096651743093235,0.44695000000000007,101024
RS,0.4598,124,124,random,TINYIMAGENET,144,main_b1000_tinyimagenet_alexnet_RS_kp75_seed1024,0.75,0.4511,False,0.75,alexnet,0.75,TINYIMAGENET_alexnet_RS_accuracy_kp7500_seed1024,1024,60000,144,42,accuracy,101024,0.4511,1,2.895829517841339,48.51909852772951,10,2.895829517841339,valid,0.44408869380512217,0.5110948820760668,0.4511,101024
RS,0.4598,124,124,random,TINYIMAGENET,145,main_b1000_tinyimagenet_alexnet_RS_kp75_seed1024,0.75,0.449,False,0.75,alexnet,0.75,TINYIMAGENET_alexnet_RS_accuracy_kp7500_seed1024,1024,60000,145,42,accuracy,101024,0.449,1,2.878941267299652,48.463415682315826,10,2.878941267299652,valid,0.44400309906997387,0.5067268864991099,0.44900000000000007,101024
RS,0.4598,124,124,random,TINYIMAGENET,146,main_b1000_tinyimagenet_alexnet_RS_kp75_seed1024,0.75,0.44205,False,0.75,alexnet,0.75,TINYIMAGENET_alexnet_RS_accuracy_kp7500_seed1024,1024,60000,146,42,accuracy,101024,0.44205,1,2.918246813249588,48.443455033004284,10,2.918246813249588,valid,0.4360030480910018,0.5031344948495915,0.44205,101024
RS,0.4598,124,124,random,TINYIMAGENET,147,main_b1000_tinyimagenet_alexnet_RS_kp75_seed1024,0.75,0.44915,False,0.75,alexnet,0.75,TINYIMAGENET_alexnet_RS_accuracy_kp7500_seed1024,1024,60000,147,42,accuracy,101024,0.44915,1,2.8951342420101165,49.35031006485224,10,2.8951342420101165,valid,0.4472070858751447,0.5033137542639821,0.44915000000000005,101024
RS,0.4598,124,124,random,TINYIMAGENET,148,main_b1000_tinyimagenet_alexnet_RS_kp75_seed1024,0.75,0.44505,False,0.75,alexnet,0.75,TINYIMAGENET_alexnet_RS_accuracy_kp7500_seed1024,1024,60000,148,42,accuracy,101024,0.44505,1,2.9143746897935867,48.42577826976776,10,2.9143746897935867,valid,0.44359719237748896,0.5105163462981288,0.44505,101024
RS,0.4598,124,124,random,TINYIMAGENET,149,main_b1000_tinyimagenet_alexnet_RS_kp75_seed1024,0.75,0.44675,False,0.75,alexnet,0.75,TINYIMAGENET_alexnet_RS_accuracy_kp7500_seed1024,1024,60000,149,42,accuracy,101024,0.44675,1,2.9004107071638106,48.548439897596836,10,2.9004107071638106,valid,0.4460192916389157,0.5042512574874388,0.44675,101024
RS,0.4598,124,124,random,TINYIMAGENET,150,main_b1000_tinyimagenet_alexnet_RS_kp75_seed1024,0.75,0.44955,False,0.75,alexnet,0.75,TINYIMAGENET_alexnet_RS_accuracy_kp7500_seed1024,1024,60000,150,42,accuracy,101024,0.44955,1,2.885235148143768,48.562218084931374,10,2.885235148143768,valid,0.44516248358762894,0.5019444006469634,0.44955,101024
RS,0.4598,124,124,random,TINYIMAGENET,151,main_b1000_tinyimagenet_alexnet_RS_kp75_seed1024,0.75,0.4502,False,0.75,alexnet,0.75,TINYIMAGENET_alexnet_RS_accuracy_kp7500_seed1024,1024,60000,151,42,accuracy,101024,0.4502,1,2.86363446764946,48.54331886768341,10,2.86363446764946,valid,0.4485049347971699,0.5019814293794649,0.45020000000000004,101024
RS,0.4598,124,124,random,TINYIMAGENET,152,main_b1000_tinyimagenet_alexnet_RS_kp75_seed1024,0.75,0.4488,False,0.75,alexnet,0.75,TINYIMAGENET_alexnet_RS_accuracy_kp7500_seed1024,1024,60000,152,42,accuracy,101024,0.4488,1,2.9181214763164522,48.52943943440914,10,2.9181214763164522,valid,0.4448825731573063,0.5068767046784626,0.4488,101024
RS,0.4598,124,124,random,TINYIMAGENET,153,main_b1000_tinyimagenet_alexnet_RS_kp75_seed1024,0.75,0.4448,False,0.75,alexnet,0.75,TINYIMAGENET_alexnet_RS_accuracy_kp7500_seed1024,1024,60000,153,42,accuracy,101024,0.4448,1,2.9103067670822145,48.3482923284173,10,2.9103067670822145,valid,0.44602286249067846,0.5086109734313041,0.44480000000000003,101024
RS,0.4598,124,124,random,TINYIMAGENET,154,main_b1000_tinyimagenet_alexnet_RS_kp75_seed1024,0.75,0.45065,False,0.75,alexnet,0.75,TINYIMAGENET_alexnet_RS_accuracy_kp7500_seed1024,1024,60000,154,42,accuracy,101024,0.45065,1,2.908500976324081,48.35090743005276,10,2.908500976324081,valid,0.4457248402916361,0.5111632264962173,0.45065000000000005,101024
RS,0.4598,124,124,random,TINYIMAGENET,155,main_b1000_tinyimagenet_alexnet_RS_kp75_seed1024,0.75,0.4544,False,0.75,alexnet,0.75,TINYIMAGENET_alexnet_RS_accuracy_kp7500_seed1024,1024,60000,155,42,accuracy,101024,0.4544,1,2.8531578486919402,48.561362221837044,10,2.8531578486919402,valid,0.44858330529827456,0.49973699894422324,0.45439999999999997,101024
RS,0.4598,124,124,random,TINYIMAGENET,156,main_b1000_tinyimagenet_alexnet_RS_kp75_seed1024,0.75,0.4503,False,0.75,alexnet,0.75,TINYIMAGENET_alexnet_RS_accuracy_kp7500_seed1024,1024,60000,156,42,accuracy,101024,0.4503,1,2.8929813133001328,48.521309457719326,10,2.8929813133001328,valid,0.44551815883606904,0.5047743111394429,0.45030000000000003,101024
RS,0.4598,124,124,random,TINYIMAGENET,157,main_b1000_tinyimagenet_alexnet_RS_kp75_seed1024,0.75,0.4505,False,0.75,alexnet,0.75,TINYIMAGENET_alexnet_RS_accuracy_kp7500_seed1024,1024,60000,157,42,accuracy,101024,0.4505,1,2.902798348712921,48.82425542920828,10,2.902798348712921,valid,0.4468638744857186,0.5121481543754857,0.45049999999999996,101024
RS,0.4598,124,124,random,TINYIMAGENET,158,main_b1000_tinyimagenet_alexnet_RS_kp75_seed1024,0.75,0.4455,False,0.75,alexnet,0.75,TINYIMAGENET_alexnet_RS_accuracy_kp7500_seed1024,1024,60000,158,42,accuracy,101024,0.4455,1,2.916563001155853,48.64265093207359,10,2.916563001155853,valid,0.44431047099564097,0.5102801174276301,0.44549999999999995,101024
RS,0.4598,124,124,random,TINYIMAGENET,159,main_b1000_tinyimagenet_alexnet_RS_kp75_seed1024,0.75,0.45205,False,0.75,alexnet,0.75,TINYIMAGENET_alexnet_RS_accuracy_kp7500_seed1024,1024,60000,159,42,accuracy,101024,0.45205,1,2.8303575056791304,48.48159209638834,10,2.8303575056791304,valid,0.45145915467930336,0.5056938047242139,0.45205,101024
RS,0.4598,124,124,random,TINYIMAGENET,160,main_b1000_tinyimagenet_alexnet_RS_kp75_seed1024,0.75,0.4501,False,0.75,alexnet,0.75,TINYIMAGENET_alexnet_RS_accuracy_kp7500_seed1024,1024,60000,160,42,accuracy,101024,0.4501,1,2.860911400842667,48.411567367613316,10,2.860911400842667,valid,0.4484520177412014,0.5078405348923049,0.4501,101024
RS,0.4598,124,124,random,TINYIMAGENET,161,main_b1000_tinyimagenet_alexnet_RS_kp75_seed1024,0.75,0.44935,False,0.75,alexnet,0.75,TINYIMAGENET_alexnet_RS_accuracy_kp7500_seed1024,1024,60000,161,42,accuracy,101024,0.44935,1,2.859855726480484,48.46053860336542,10,2.859855726480484,valid,0.44749161094324713,0.5087741021325788,0.44935,101024
RS,0.4598,124,124,random,TINYIMAGENET,162,main_b1000_tinyimagenet_alexnet_RS_kp75_seed1024,0.75,0.4549,False,0.75,alexnet,0.75,TINYIMAGENET_alexnet_RS_accuracy_kp7500_seed1024,1024,60000,162,42,accuracy,101024,0.4549,1,2.832847955751419,48.57018879801035,10,2.832847955751419,valid,0.45241149043405504,0.5019384523028184,0.4549,101024
RS,0.4598,124,124,random,TINYIMAGENET,163,main_b1000_tinyimagenet_alexnet_RS_kp75_seed1024,0.75,0.44905,False,0.75,alexnet,0.75,TINYIMAGENET_alexnet_RS_accuracy_kp7500_seed1024,1024,60000,163,42,accuracy,101024,0.44905,1,2.883716880464554,48.52777872234583,10,2.883716880464554,valid,0.44610904236132526,0.5008076782194295,0.44905,101024
RS,0.4598,124,124,random,TINYIMAGENET,164,main_b1000_tinyimagenet_alexnet_RS_kp75_seed1024,0.75,0.4532,False,0.75,alexnet,0.75,TINYIMAGENET_alexnet_RS_accuracy_kp7500_seed1024,1024,60000,164,42,accuracy,101024,0.4532,1,2.854488239765167,48.667248502373695,10,2.854488239765167,valid,0.45092928031440693,0.5073522485525882,0.4532,101024
RS,0.4598,124,124,random,TINYIMAGENET,165,main_b1000_tinyimagenet_alexnet_RS_kp75_seed1024,0.75,0.45665,False,0.75,alexnet,0.75,TINYIMAGENET_alexnet_RS_accuracy_kp7500_seed1024,1024,60000,165,42,accuracy,101024,0.45665,1,2.8303266279935837,48.62806598097086,10,2.8303266279935837,valid,0.4548256500712838,0.5067842379595328,0.45665,101024
RS,0.4598,124,124,random,TINYIMAGENET,166,main_b1000_tinyimagenet_alexnet_RS_kp75_seed1024,0.75,0.4509,False,0.75,alexnet,0.75,TINYIMAGENET_alexnet_RS_accuracy_kp7500_seed1024,1024,60000,166,42,accuracy,101024,0.4509,1,2.8622589829921723,48.460096284747124,10,2.8622589829921723,valid,0.44918890192438066,0.5067260282044111,0.4509,101024
RS,0.4598,124,124,random,TINYIMAGENET,167,main_b1000_tinyimagenet_alexnet_RS_kp75_seed1024,0.75,0.44955,False,0.75,alexnet,0.75,TINYIMAGENET_alexnet_RS_accuracy_kp7500_seed1024,1024,60000,167,42,accuracy,101024,0.44955,1,2.8823326988220215,48.39757281541824,10,2.8823326988220215,valid,0.4482999882411254,0.5106709676408081,0.44955,101024
RS,0.4598,124,124,random,TINYIMAGENET,168,main_b1000_tinyimagenet_alexnet_RS_kp75_seed1024,0.75,0.44705,False,0.75,alexnet,0.75,TINYIMAGENET_alexnet_RS_accuracy_kp7500_seed1024,1024,60000,168,42,accuracy,101024,0.44705,1,2.9108963402748107,48.621922478079796,10,2.9108963402748107,valid,0.44396800308575984,0.49971075629312567,0.44705,101024
RS,0.4598,124,124,random,TINYIMAGENET,169,main_b1000_tinyimagenet_alexnet_RS_kp75_seed1024,0.75,0.4524,False,0.75,alexnet,0.75,TINYIMAGENET_alexnet_RS_accuracy_kp7500_seed1024,1024,60000,169,42,accuracy,101024,0.4524,1,2.8214150147914885,49.05169492214918,10,2.8214150147914885,valid,0.4497437039607853,0.5087890815177929,0.45239999999999997,101024
RS,0.4598,124,124,random,TINYIMAGENET,170,main_b1000_tinyimagenet_alexnet_RS_kp75_seed1024,0.75,0.45485,False,0.75,alexnet,0.75,TINYIMAGENET_alexnet_RS_accuracy_kp7500_seed1024,1024,60000,170,42,accuracy,101024,0.45485,1,2.8575033772945404,48.61774434894323,10,2.8575033772945404,valid,0.4541296686519998,0.5078315776895517,0.45485,101024
RS,0.4598,124,124,random,TINYIMAGENET,171,main_b1000_tinyimagenet_alexnet_RS_kp75_seed1024,0.75,0.45695,False,0.75,alexnet,0.75,TINYIMAGENET_alexnet_RS_accuracy_kp7500_seed1024,1024,60000,171,42,accuracy,101024,0.45695,1,2.8587771251678467,48.640500865876675,10,2.8587771251678467,valid,0.45422445565749997,0.5204011334599832,0.4569500000000001,101024
RS,0.4598,124,124,random,TINYIMAGENET,172,main_b1000_tinyimagenet_alexnet_RS_kp75_seed1024,0.75,0.45365,False,0.75,alexnet,0.75,TINYIMAGENET_alexnet_RS_accuracy_kp7500_seed1024,1024,60000,172,42,accuracy,101024,0.45365,1,2.881719099140167,48.480566650629044,10,2.881719099140167,valid,0.4508489707745879,0.5088098630470375,0.45364999999999994,101024
RS,0.4598,124,124,random,TINYIMAGENET,173,main_b1000_tinyimagenet_alexnet_RS_kp75_seed1024,0.75,0.4466,False,0.75,alexnet,0.75,TINYIMAGENET_alexnet_RS_accuracy_kp7500_seed1024,1024,60000,173,42,accuracy,101024,0.4466,1,2.9075443346977234,48.38879072666168,10,2.9075443346977234,valid,0.44375355287015855,0.5052450203273717,0.44660000000000005,101024
RS,0.4598,124,124,random,TINYIMAGENET,174,main_b1000_tinyimagenet_alexnet_RS_kp75_seed1024,0.75,0.4416,False,0.75,alexnet,0.75,TINYIMAGENET_alexnet_RS_accuracy_kp7500_seed1024,1024,60000,174,42,accuracy,101024,0.4416,1,2.9130813232898713,48.576224990189075,10,2.9130813232898713,valid,0.4428456651765195,0.5086939898010618,0.4416,101024
RS,0.4598,124,124,random,TINYIMAGENET,175,main_b1000_tinyimagenet_alexnet_RS_kp75_seed1024,0.75,0.4553,False,0.75,alexnet,0.75,TINYIMAGENET_alexnet_RS_accuracy_kp7500_seed1024,1024,60000,175,42,accuracy,101024,0.4553,1,2.822667879271507,48.63420417904854,10,2.822667879271507,valid,0.45369379917025016,0.5094734516357782,0.45530000000000004,101024
RS,0.4598,124,124,random,TINYIMAGENET,176,main_b1000_tinyimagenet_alexnet_RS_kp75_seed1024,0.75,0.4469,False,0.75,alexnet,0.75,TINYIMAGENET_alexnet_RS_accuracy_kp7500_seed1024,1024,60000,176,42,accuracy,101024,0.4469,1,2.9235005353927614,48.587399892508984,10,2.9235005353927614,valid,0.4451495173217722,0.5127761299108171,0.44689999999999996,101024
RS,0.4598,124,124,random,TINYIMAGENET,177,main_b1000_tinyimagenet_alexnet_RS_kp75_seed1024,0.75,0.4523,False,0.75,alexnet,0.75,TINYIMAGENET_alexnet_RS_accuracy_kp7500_seed1024,1024,60000,177,42,accuracy,101024,0.4523,1,2.836382339763641,48.632601492106915,10,2.836382339763641,valid,0.4464499651922617,0.4933554377588905,0.45230000000000004,101024
RS,0.4598,124,124,random,TINYIMAGENET,178,main_b1000_tinyimagenet_alexnet_RS_kp75_seed1024,0.75,0.4485,False,0.75,alexnet,0.75,TINYIMAGENET_alexnet_RS_accuracy_kp7500_seed1024,1024,60000,178,42,accuracy,101024,0.4485,1,2.912828569436073,48.911531180143356,10,2.912828569436073,valid,0.44505888285099987,0.5065208017150882,0.4485,101024
RS,0.4598,124,124,random,TINYIMAGENET,179,main_b1000_tinyimagenet_alexnet_RS_kp75_seed1024,0.75,0.4559,False,0.75,alexnet,0.75,TINYIMAGENET_alexnet_RS_accuracy_kp7500_seed1024,1024,60000,179,42,accuracy,101024,0.4559,1,2.8776379796028135,48.47821980714798,10,2.8776379796028135,valid,0.45126489300223144,0.507743650097985,0.4559,101024
RS,0.4598,124,124,random,TINYIMAGENET,180,main_b1000_tinyimagenet_alexnet_RS_kp75_seed1024,0.75,0.44985,False,0.75,alexnet,0.75,TINYIMAGENET_alexnet_RS_accuracy_kp7500_seed1024,1024,60000,180,42,accuracy,101024,0.44985,1,2.857420862197876,48.403991386294365,10,2.857420862197876,valid,0.44501035486303764,0.49718175007259846,0.44984999999999997,101024
RS,0.4598,124,124,random,TINYIMAGENET,181,main_b1000_tinyimagenet_alexnet_RS_kp75_seed1024,0.75,0.45515,False,0.75,alexnet,0.75,TINYIMAGENET_alexnet_RS_accuracy_kp7500_seed1024,1024,60000,181,42,accuracy,101024,0.45515,1,2.8077036496639254,48.574884720146656,10,2.8077036496639254,valid,0.4517326712655054,0.49705914324870804,0.45515,101024
RS,0.4598,124,124,random,TINYIMAGENET,182,main_b1000_tinyimagenet_alexnet_RS_kp75_seed1024,0.75,0.4553,False,0.75,alexnet,0.75,TINYIMAGENET_alexnet_RS_accuracy_kp7500_seed1024,1024,60000,182,42,accuracy,101024,0.4553,1,2.8528243799448014,48.700944006443024,10,2.8528243799448014,valid,0.45119890058388906,0.5051505092657388,0.45530000000000004,101024
RS,0.4598,124,124,random,TINYIMAGENET,183,main_b1000_tinyimagenet_alexnet_RS_kp75_seed1024,0.75,0.44825,False,0.75,alexnet,0.75,TINYIMAGENET_alexnet_RS_accuracy_kp7500_seed1024,1024,60000,183,42,accuracy,101024,0.44825,1,2.8671638907790182,48.68005032092333,10,2.8671638907790182,valid,0.44434885214789616,0.5024231034622982,0.44825000000000004,101024
RS,0.4604,184,184,random,TINYIMAGENET,184,main_b1000_tinyimagenet_alexnet_RS_kp75_seed1024,0.75,0.4604,True,0.75,alexnet,0.75,TINYIMAGENET_alexnet_RS_accuracy_kp7500_seed1024,1024,60000,184,42,accuracy,101024,0.4604,1,2.80507272567749,48.73029110580683,10,2.80507272567749,valid,0.45854231149452196,0.5102479906610112,0.4604000000000001,101024
RS,0.4604,184,184,random,TINYIMAGENET,185,main_b1000_tinyimagenet_alexnet_RS_kp75_seed1024,0.75,0.45695,False,0.75,alexnet,0.75,TINYIMAGENET_alexnet_RS_accuracy_kp7500_seed1024,1024,60000,185,42,accuracy,101024,0.45695,1,2.814368688726425,48.58204495161772,10,2.814368688726425,valid,0.45693990442619226,0.5096563991301233,0.4569500000000001,101024
RS,0.4604,184,184,random,TINYIMAGENET,186,main_b1000_tinyimagenet_alexnet_RS_kp75_seed1024,0.75,0.4456,False,0.75,alexnet,0.75,TINYIMAGENET_alexnet_RS_accuracy_kp7500_seed1024,1024,60000,186,42,accuracy,101024,0.4456,1,2.9072232801437377,48.521598033607006,10,2.9072232801437377,valid,0.44078897131289735,0.5033438212488832,0.4456,101024
RS,0.4604,184,184,random,TINYIMAGENET,187,main_b1000_tinyimagenet_alexnet_RS_kp75_seed1024,0.75,0.4489,False,0.75,alexnet,0.75,TINYIMAGENET_alexnet_RS_accuracy_kp7500_seed1024,1024,60000,187,42,accuracy,101024,0.4489,1,2.9058326989650727,48.632850252091885,10,2.9058326989650727,valid,0.4475744584804366,0.5100267749571938,0.4489,101024
RS,0.4604,184,184,random,TINYIMAGENET,188,main_b1000_tinyimagenet_alexnet_RS_kp75_seed1024,0.75,0.45305,False,0.75,alexnet,0.75,TINYIMAGENET_alexnet_RS_accuracy_kp7500_seed1024,1024,60000,188,42,accuracy,101024,0.45305,1,2.842012434720993,48.58263672143221,10,2.842012434720993,valid,0.4503614768653106,0.5107706458262345,0.45305,101024
RS,0.4604,184,184,random,TINYIMAGENET,189,main_b1000_tinyimagenet_alexnet_RS_kp75_seed1024,0.75,0.4577,False,0.75,alexnet,0.75,TINYIMAGENET_alexnet_RS_accuracy_kp7500_seed1024,1024,60000,189,42,accuracy,101024,0.4577,1,2.848551964330673,48.734424494206905,10,2.848551964330673,valid,0.4530090903854459,0.5096622003234595,0.45770000000000005,101024
RS,0.4604,184,184,random,TINYIMAGENET,190,main_b1000_tinyimagenet_alexnet_RS_kp75_seed1024,0.75,0.45285,False,0.75,alexnet,0.75,TINYIMAGENET_alexnet_RS_accuracy_kp7500_seed1024,1024,60000,190,42,accuracy,101024,0.45285,1,2.837525815486908,48.81482698768377,10,2.837525815486908,valid,0.4492503314229062,0.5060878987984009,0.45285,101024
RS,0.4604,184,184,random,TINYIMAGENET,191,main_b1000_tinyimagenet_alexnet_RS_kp75_seed1024,0.75,0.4443,False,0.75,alexnet,0.75,TINYIMAGENET_alexnet_RS_accuracy_kp7500_seed1024,1024,60000,191,42,accuracy,101024,0.4443,1,2.930519891548157,48.57777065038681,10,2.930519891548157,valid,0.44142596959991026,0.5078732688513783,0.4443000000000001,101024
RS,0.4604,184,184,random,TINYIMAGENET,192,main_b1000_tinyimagenet_alexnet_RS_kp75_seed1024,0.75,0.4511,False,0.75,alexnet,0.75,TINYIMAGENET_alexnet_RS_accuracy_kp7500_seed1024,1024,60000,192,42,accuracy,101024,0.4511,1,2.86394224190712,48.54363515228033,10,2.86394224190712,valid,0.4465849395475538,0.4977237263010093,0.4511,101024
RS,0.4604,184,184,random,TINYIMAGENET,193,main_b1000_tinyimagenet_alexnet_RS_kp75_seed1024,0.75,0.44665,False,0.75,alexnet,0.75,TINYIMAGENET_alexnet_RS_accuracy_kp7500_seed1024,1024,60000,193,42,accuracy,101024,0.44665,1,2.891085271835327,48.531509444117546,10,2.891085271835327,valid,0.4450106817361768,0.5008168583509199,0.44665000000000005,101024
RS,0.4604,184,184,random,TINYIMAGENET,194,main_b1000_tinyimagenet_alexnet_RS_kp75_seed1024,0.75,0.45385,False,0.75,alexnet,0.75,TINYIMAGENET_alexnet_RS_accuracy_kp7500_seed1024,1024,60000,194,42,accuracy,101024,0.45385,1,2.840161767101288,48.7105263620615,10,2.840161767101288,valid,0.4552268627924767,0.5117593159903197,0.45385000000000003,101024
RS,0.4604,184,184,random,TINYIMAGENET,195,main_b1000_tinyimagenet_alexnet_RS_kp75_seed1024,0.75,0.4504,False,0.75,alexnet,0.75,TINYIMAGENET_alexnet_RS_accuracy_kp7500_seed1024,1024,60000,195,42,accuracy,101024,0.4504,1,2.892258021867275,48.73443543165922,10,2.892258021867275,valid,0.4471900702387471,0.5055795456691538,0.4504000000000001,101024
RS,0.4604,184,184,random,TINYIMAGENET,196,main_b1000_tinyimagenet_alexnet_RS_kp75_seed1024,0.75,0.44695,False,0.75,alexnet,0.75,TINYIMAGENET_alexnet_RS_accuracy_kp7500_seed1024,1024,60000,196,42,accuracy,101024,0.44695,1,2.9041707358837128,48.78185847401619,10,2.9041707358837128,valid,0.44535001912215394,0.5106977169536708,0.44695,101024
RS,0.4604,184,184,random,TINYIMAGENET,197,main_b1000_tinyimagenet_alexnet_RS_kp75_seed1024,0.75,0.44945,False,0.75,alexnet,0.75,TINYIMAGENET_alexnet_RS_accuracy_kp7500_seed1024,1024,60000,197,42,accuracy,101024,0.44945,1,2.8904397351264954,48.76002833992243,10,2.8904397351264954,valid,0.4478223414370732,0.5050332834596428,0.44945,101024
RS,0.4604,184,184,random,TINYIMAGENET,198,main_b1000_tinyimagenet_alexnet_RS_kp75_seed1024,0.75,0.45595,False,0.75,alexnet,0.75,TINYIMAGENET_alexnet_RS_accuracy_kp7500_seed1024,1024,60000,198,42,accuracy,101024,0.45595,1,2.804694281387329,48.50447187572718,10,2.804694281387329,valid,0.4538984009657698,0.5110872001106072,0.45594999999999997,101024
RS,0.4604,184,184,random,TINYIMAGENET,199,main_b1000_tinyimagenet_alexnet_RS_kp75_seed1024,0.75,0.4502,False,0.75,alexnet,0.75,TINYIMAGENET_alexnet_RS_accuracy_kp7500_seed1024,1024,60000,199,42,accuracy,101024,0.4502,1,2.875559117555618,48.506346978247166,10,2.875559117555618,valid,0.44625884997763454,0.5093275103172128,0.45019999999999993,101024
RS,0.4604,184,184,random,TINYIMAGENET,200,main_b1000_tinyimagenet_alexnet_RS_kp75_seed1024,0.75,0.4464,False,0.75,alexnet,0.75,TINYIMAGENET_alexnet_RS_accuracy_kp7500_seed1024,1024,60000,200,42,accuracy,101024,0.4464,1,2.889920883655548,48.71561772376299,10,2.889920883655548,valid,0.44264295462167547,0.5025846692806166,0.4464,101024
RS,0.4604,184,184,random,TINYIMAGENET,201,main_b1000_tinyimagenet_alexnet_RS_kp75_seed1024,0.75,0.44165,False,0.75,alexnet,0.75,TINYIMAGENET_alexnet_RS_accuracy_kp7500_seed1024,1024,60000,201,42,accuracy,101024,0.44165,1,2.929320133399963,48.71819473057985,10,2.929320133399963,valid,0.43818669786665126,0.5038403999180074,0.44165,101024
RS,0.4604,184,184,random,TINYIMAGENET,202,main_b1000_tinyimagenet_alexnet_RS_kp75_seed1024,0.75,0.4541,False,0.75,alexnet,0.75,TINYIMAGENET_alexnet_RS_accuracy_kp7500_seed1024,1024,60000,202,42,accuracy,101024,0.4541,1,2.8263196184158326,48.52714625746012,10,2.8263196184158326,valid,0.45319895844606123,0.5053260468711842,0.45409999999999995,101024
RS,0.4604,184,184,random,TINYIMAGENET,203,main_b1000_tinyimagenet_alexnet_RS_kp75_seed1024,0.75,0.4527,False,0.75,alexnet,0.75,TINYIMAGENET_alexnet_RS_accuracy_kp7500_seed1024,1024,60000,203,42,accuracy,101024,0.4527,1,2.8335066462993623,39.165310479700565,10,2.8335066462993623,valid,0.448245558572134,0.49409162897336145,0.45270000000000005,101024
RS,0.4604,184,184,random,TINYIMAGENET,204,main_b1000_tinyimagenet_alexnet_RS_kp75_seed1024,0.75,0.4453,False,0.75,alexnet,0.75,TINYIMAGENET_alexnet_RS_accuracy_kp7500_seed1024,1024,60000,204,42,accuracy,101024,0.4453,1,2.9253325330257414,39.441276378929615,10,2.9253325330257414,valid,0.4433770078111512,0.5099014689307168,0.44530000000000003,101024
RS,0.4604,184,184,random,TINYIMAGENET,205,main_b1000_tinyimagenet_alexnet_RS_kp75_seed1024,0.75,0.4465,False,0.75,alexnet,0.75,TINYIMAGENET_alexnet_RS_accuracy_kp7500_seed1024,1024,60000,205,42,accuracy,101024,0.4465,1,2.879983274269104,39.59550344944,10,2.879983274269104,valid,0.4464012778608645,0.5130303885658287,0.44650000000000006,101024
RS,0.4604,184,184,random,TINYIMAGENET,206,main_b1000_tinyimagenet_alexnet_RS_kp75_seed1024,0.75,0.45105,False,0.75,alexnet,0.75,TINYIMAGENET_alexnet_RS_accuracy_kp7500_seed1024,1024,60000,206,42,accuracy,101024,0.45105,1,2.868107633304596,39.27109309285879,10,2.868107633304596,valid,0.44858320634519266,0.5100299241519782,0.45105000000000006,101024
RS,0.4604,184,184,random,TINYIMAGENET,207,main_b1000_tinyimagenet_alexnet_RS_kp75_seed1024,0.75,0.4515,False,0.75,alexnet,0.75,TINYIMAGENET_alexnet_RS_accuracy_kp7500_seed1024,1024,60000,207,42,accuracy,101024,0.4515,1,2.8693591831684113,39.38173148781061,10,2.8693591831684113,valid,0.44693666209893296,0.5035671092496128,0.4514999999999999,101024
RS,0.4604,184,184,random,TINYIMAGENET,208,main_b1000_tinyimagenet_alexnet_RS_kp75_seed1024,0.75,0.4505,False,0.75,alexnet,0.75,TINYIMAGENET_alexnet_RS_accuracy_kp7500_seed1024,1024,60000,208,42,accuracy,101024,0.4505,1,2.903688322162628,39.5475992038846,10,2.903688322162628,valid,0.44621995741838094,0.5069086654426446,0.45049999999999996,101024
RS,0.4604,184,184,random,TINYIMAGENET,209,main_b1000_tinyimagenet_alexnet_RS_kp75_seed1024,0.75,0.4499,False,0.75,alexnet,0.75,TINYIMAGENET_alexnet_RS_accuracy_kp7500_seed1024,1024,60000,209,42,accuracy,101024,0.4499,1,2.899351789903641,39.32756546139717,10,2.899351789903641,valid,0.44553765735443535,0.507066216146064,0.4499,101024
RS,0.4604,184,184,random,TINYIMAGENET,210,main_b1000_tinyimagenet_alexnet_RS_kp75_seed1024,0.75,0.44885,False,0.75,alexnet,0.75,TINYIMAGENET_alexnet_RS_accuracy_kp7500_seed1024,1024,60000,210,42,accuracy,101024,0.44885,1,2.8725145849227904,39.36788968741894,10,2.8725145849227904,valid,0.4459724850453493,0.5033455449278037,0.44885,101024
RS,0.4604,184,184,random,TINYIMAGENET,211,main_b1000_tinyimagenet_alexnet_RS_kp75_seed1024,0.75,0.4498,False,0.75,alexnet,0.75,TINYIMAGENET_alexnet_RS_accuracy_kp7500_seed1024,1024,60000,211,42,accuracy,101024,0.4498,1,2.8593926213264464,39.548980206251144,10,2.8593926213264464,valid,0.4502701968503986,0.5141645298421005,0.44980000000000003,101024
RS,0.4604,184,184,random,TINYIMAGENET,212,main_b1000_tinyimagenet_alexnet_RS_kp75_seed1024,0.75,0.4485,False,0.75,alexnet,0.75,TINYIMAGENET_alexnet_RS_accuracy_kp7500_seed1024,1024,60000,212,42,accuracy,101024,0.4485,1,2.8691144401073454,39.23163139075041,10,2.8691144401073454,valid,0.4451983575499599,0.5008475849162334,0.4485,101024
RS,0.4604,184,184,random,TINYIMAGENET,213,main_b1000_tinyimagenet_alexnet_RS_kp75_seed1024,0.75,0.4528,False,0.75,alexnet,0.75,TINYIMAGENET_alexnet_RS_accuracy_kp7500_seed1024,1024,60000,213,42,accuracy,101024,0.4528,1,2.872284231042862,39.425951547920704,10,2.872284231042862,valid,0.4479376961070764,0.5007325730486972,0.45280000000000004,101024
RS,0.4604,184,184,random,TINYIMAGENET,214,main_b1000_tinyimagenet_alexnet_RS_kp75_seed1024,0.75,0.44305,False,0.75,alexnet,0.75,TINYIMAGENET_alexnet_RS_accuracy_kp7500_seed1024,1024,60000,214,42,accuracy,101024,0.44305,1,2.884393786215782,39.616206891834736,10,2.884393786215782,valid,0.4422410919910446,0.5099148688917864,0.44305,101024
RS,0.4604,184,184,random,TINYIMAGENET,215,main_b1000_tinyimagenet_alexnet_RS_kp75_seed1024,0.75,0.44855,False,0.75,alexnet,0.75,TINYIMAGENET_alexnet_RS_accuracy_kp7500_seed1024,1024,60000,215,42,accuracy,101024,0.44855,1,2.8734548619747162,39.184316612780094,10,2.8734548619747162,valid,0.45034288742663053,0.5161529116250514,0.44855000000000006,101024
RS,0.4604,184,184,random,TINYIMAGENET,216,main_b1000_tinyimagenet_alexnet_RS_kp75_seed1024,0.75,0.4462,False,0.75,alexnet,0.75,TINYIMAGENET_alexnet_RS_accuracy_kp7500_seed1024,1024,60000,216,42,accuracy,101024,0.4462,1,2.908456706428528,39.443858191370964,10,2.908456706428528,valid,0.441961372914334,0.5026998805655809,0.44620000000000004,101024
RS,0.4604,184,184,random,TINYIMAGENET,217,main_b1000_tinyimagenet_alexnet_RS_kp75_seed1024,0.75,0.45175,False,0.75,alexnet,0.75,TINYIMAGENET_alexnet_RS_accuracy_kp7500_seed1024,1024,60000,217,42,accuracy,101024,0.45175,1,2.880560905480385,39.673054695129395,10,2.880560905480385,valid,0.44844622293327474,0.5075357564208925,0.45175,101024
RS,0.4604,184,184,random,TINYIMAGENET,218,main_b1000_tinyimagenet_alexnet_RS_kp75_seed1024,0.75,0.45145,False,0.75,alexnet,0.75,TINYIMAGENET_alexnet_RS_accuracy_kp7500_seed1024,1024,60000,218,42,accuracy,101024,0.45145,1,2.8626056513786318,39.113575987517834,10,2.8626056513786318,valid,0.44799144370945565,0.503391778144711,0.45144999999999996,101024
RS,0.4604,184,184,random,TINYIMAGENET,219,main_b1000_tinyimagenet_alexnet_RS_kp75_seed1024,0.75,0.45785,False,0.75,alexnet,0.75,TINYIMAGENET_alexnet_RS_accuracy_kp7500_seed1024,1024,60000,219,42,accuracy,101024,0.45785,1,2.8042273963451385,39.4998664110899,10,2.8042273963451385,valid,0.4532930543488875,0.5049815171817963,0.45785000000000003,101024
RS,0.4604,184,184,random,TINYIMAGENET,220,main_b1000_tinyimagenet_alexnet_RS_kp75_seed1024,0.75,0.4539,False,0.75,alexnet,0.75,TINYIMAGENET_alexnet_RS_accuracy_kp7500_seed1024,1024,60000,220,42,accuracy,101024,0.4539,1,2.8240469114780424,39.68255803734064,10,2.8240469114780424,valid,0.45116442156098274,0.5039248319878357,0.4539,101024
RS,0.4604,184,184,random,TINYIMAGENET,221,main_b1000_tinyimagenet_alexnet_RS_kp75_seed1024,0.75,0.44765,False,0.75,alexnet,0.75,TINYIMAGENET_alexnet_RS_accuracy_kp7500_seed1024,1024,60000,221,42,accuracy,101024,0.44765,1,2.8628069857120515,39.18430168926716,10,2.8628069857120515,valid,0.45045647220615814,0.5084242760758697,0.44765,101024
RS,0.4604,184,184,random,TINYIMAGENET,222,main_b1000_tinyimagenet_alexnet_RS_kp75_seed1024,0.75,0.4515,False,0.75,alexnet,0.75,TINYIMAGENET_alexnet_RS_accuracy_kp7500_seed1024,1024,60000,222,42,accuracy,101024,0.4515,1,2.866390534734726,39.550258964300156,10,2.866390534734726,valid,0.4487755147578507,0.5085349693253339,0.4514999999999999,101024
RS,0.4604,184,184,random,TINYIMAGENET,223,main_b1000_tinyimagenet_alexnet_RS_kp75_seed1024,0.75,0.44875,False,0.75,alexnet,0.75,TINYIMAGENET_alexnet_RS_accuracy_kp7500_seed1024,1024,60000,223,42,accuracy,101024,0.44875,1,2.8462279492378233,39.6855943351984,10,2.8462279492378233,valid,0.44649735579561634,0.5002196927979229,0.44875,101024
RS,0.4604,184,184,random,TINYIMAGENET,224,main_b1000_tinyimagenet_alexnet_RS_kp75_seed1024,0.75,0.44795,False,0.75,alexnet,0.75,TINYIMAGENET_alexnet_RS_accuracy_kp7500_seed1024,1024,60000,224,42,accuracy,101024,0.44795,1,2.8680251379966735,39.176949732005596,10,2.8680251379966735,valid,0.4445361668484199,0.5007096322577492,0.44795,101024
RS,0.4604,184,184,random,TINYIMAGENET,225,main_b1000_tinyimagenet_alexnet_RS_kp75_seed1024,0.75,0.4433,False,0.75,alexnet,0.75,TINYIMAGENET_alexnet_RS_accuracy_kp7500_seed1024,1024,60000,225,42,accuracy,101024,0.4433,1,2.94713226480484,39.50682618469,10,2.94713226480484,valid,0.43966705729037314,0.5110553310420671,0.44329999999999997,101024
RS,0.4604,184,184,random,TINYIMAGENET,226,main_b1000_tinyimagenet_alexnet_RS_kp75_seed1024,0.75,0.4433,False,0.75,alexnet,0.75,TINYIMAGENET_alexnet_RS_accuracy_kp7500_seed1024,1024,60000,226,42,accuracy,101024,0.4433,1,2.915120821237564,39.703723423182964,10,2.915120821237564,valid,0.4411139818685859,0.5153095457957211,0.44329999999999997,101024
RS,0.4604,184,184,random,TINYIMAGENET,227,main_b1000_tinyimagenet_alexnet_RS_kp75_seed1024,0.75,0.45905,False,0.75,alexnet,0.75,TINYIMAGENET_alexnet_RS_accuracy_kp7500_seed1024,1024,60000,227,42,accuracy,101024,0.45905,1,2.8577180667877196,39.3076788187027,10,2.8577180667877196,valid,0.45715998257700385,0.515514075394619,0.45905,101024
RS,0.4604,184,184,random,TINYIMAGENET,228,main_b1000_tinyimagenet_alexnet_RS_kp75_seed1024,0.75,0.44725,False,0.75,alexnet,0.75,TINYIMAGENET_alexnet_RS_accuracy_kp7500_seed1024,1024,60000,228,42,accuracy,101024,0.44725,1,2.8842046129703522,39.46243514120579,10,2.8842046129703522,valid,0.4460764658441677,0.5050496175258866,0.4472499999999999,101024
RS,0.4604,184,184,random,TINYIMAGENET,229,main_b1000_tinyimagenet_alexnet_RS_kp75_seed1024,0.75,0.4476,False,0.75,alexnet,0.75,TINYIMAGENET_alexnet_RS_accuracy_kp7500_seed1024,1024,60000,229,42,accuracy,101024,0.4476,1,2.904502130031586,39.714858524501324,10,2.904502130031586,valid,0.4432971408820204,0.50419113992485,0.44760000000000005,101024
RS,0.4604,184,184,random,TINYIMAGENET,230,main_b1000_tinyimagenet_alexnet_RS_kp75_seed1024,0.75,0.45085,False,0.75,alexnet,0.75,TINYIMAGENET_alexnet_RS_accuracy_kp7500_seed1024,1024,60000,230,42,accuracy,101024,0.45085,1,2.870834242630005,39.31553027778864,10,2.870834242630005,valid,0.44963452753589084,0.5040749665531056,0.45085000000000003,101024
RS,0.4604,184,184,random,TINYIMAGENET,231,main_b1000_tinyimagenet_alexnet_RS_kp75_seed1024,0.75,0.45835,False,0.75,alexnet,0.75,TINYIMAGENET_alexnet_RS_accuracy_kp7500_seed1024,1024,60000,231,42,accuracy,101024,0.45835,1,2.8241502511501313,39.76755337417126,10,2.8241502511501313,valid,0.4563265831143857,0.5085407802040309,0.45835000000000004,101024
RS,0.4604,184,184,random,TINYIMAGENET,232,main_b1000_tinyimagenet_alexnet_RS_kp75_seed1024,0.75,0.4589,False,0.75,alexnet,0.75,TINYIMAGENET_alexnet_RS_accuracy_kp7500_seed1024,1024,60000,232,42,accuracy,101024,0.4589,1,2.8403187817573547,39.647120639681816,10,2.8403187817573547,valid,0.454970785476206,0.5077744972246306,0.45890000000000003,101024
RS,0.4604,184,184,random,TINYIMAGENET,233,main_b1000_tinyimagenet_alexnet_RS_kp75_seed1024,0.75,0.45075,False,0.75,alexnet,0.75,TINYIMAGENET_alexnet_RS_accuracy_kp7500_seed1024,1024,60000,233,42,accuracy,101024,0.45075,1,2.8653281641960144,39.280121982097626,10,2.8653281641960144,valid,0.4442500448747271,0.4980023037904415,0.45075000000000004,101024
RS,0.4604,184,184,random,TINYIMAGENET,234,main_b1000_tinyimagenet_alexnet_RS_kp75_seed1024,0.75,0.4453,False,0.75,alexnet,0.75,TINYIMAGENET_alexnet_RS_accuracy_kp7500_seed1024,1024,60000,234,42,accuracy,101024,0.4453,1,2.88485564095974,39.520748898386955,10,2.88485564095974,valid,0.440814755335343,0.498909409315084,0.44530000000000003,101024
RS,0.4604,184,184,random,TINYIMAGENET,235,main_b1000_tinyimagenet_alexnet_RS_kp75_seed1024,0.75,0.4543,False,0.75,alexnet,0.75,TINYIMAGENET_alexnet_RS_accuracy_kp7500_seed1024,1024,60000,235,42,accuracy,101024,0.4543,1,2.804989182019234,39.660524286329746,10,2.804989182019234,valid,0.45044266562071145,0.49740180602477385,0.4543,101024
RS,0.4604,184,184,random,TINYIMAGENET,236,main_b1000_tinyimagenet_alexnet_RS_kp75_seed1024,0.75,0.4473,False,0.75,alexnet,0.75,TINYIMAGENET_alexnet_RS_accuracy_kp7500_seed1024,1024,60000,236,42,accuracy,101024,0.4473,1,2.8967719638347624,39.447622418403625,10,2.8967719638347624,valid,0.44236784892411274,0.5050348140278914,0.44730000000000003,101024
RS,0.4604,184,184,random,TINYIMAGENET,237,main_b1000_tinyimagenet_alexnet_RS_kp75_seed1024,0.75,0.45795,False,0.75,alexnet,0.75,TINYIMAGENET_alexnet_RS_accuracy_kp7500_seed1024,1024,60000,237,42,accuracy,101024,0.45795,1,2.817727429008484,39.40623711794615,10,2.817727429008484,valid,0.4556047858889791,0.5092563376884757,0.45795,101024
RS,0.4604,184,184,random,TINYIMAGENET,238,main_b1000_tinyimagenet_alexnet_RS_kp75_seed1024,0.75,0.449,False,0.75,alexnet,0.75,TINYIMAGENET_alexnet_RS_accuracy_kp7500_seed1024,1024,60000,238,42,accuracy,101024,0.449,1,2.876381126475334,39.67185018211603,10,2.876381126475334,valid,0.4469759268449805,0.5035111274837436,0.44900000000000007,101024
RS,0.4604,184,184,random,TINYIMAGENET,239,main_b1000_tinyimagenet_alexnet_RS_kp75_seed1024,0.75,0.44785,False,0.75,alexnet,0.75,TINYIMAGENET_alexnet_RS_accuracy_kp7500_seed1024,1024,60000,239,42,accuracy,101024,0.44785,1,2.8695119824290276,39.46310518682003,10,2.8695119824290276,valid,0.4463996630532091,0.5087426656112988,0.44784999999999997,101024
RS,0.4604,184,184,random,TINYIMAGENET,240,main_b1000_tinyimagenet_alexnet_RS_kp75_seed1024,0.75,0.44675,False,0.75,alexnet,0.75,TINYIMAGENET_alexnet_RS_accuracy_kp7500_seed1024,1024,60000,240,42,accuracy,101024,0.44675,1,2.9387206155419348,39.4324079528451,10,2.9387206155419348,valid,0.44213260810709626,0.5057831140699155,0.44675,101024
RS,0.4604,184,184,random,TINYIMAGENET,241,main_b1000_tinyimagenet_alexnet_RS_kp75_seed1024,0.75,0.4542,False,0.75,alexnet,0.75,TINYIMAGENET_alexnet_RS_accuracy_kp7500_seed1024,1024,60000,241,42,accuracy,101024,0.4542,1,2.7982298397541046,39.65550884604454,10,2.7982298397541046,valid,0.45254915571663845,0.5023110386098318,0.4542,101024
RS,0.4604,184,184,random,TINYIMAGENET,242,main_b1000_tinyimagenet_alexnet_RS_kp75_seed1024,0.75,0.4561,False,0.75,alexnet,0.75,TINYIMAGENET_alexnet_RS_accuracy_kp7500_seed1024,1024,60000,242,42,accuracy,101024,0.4561,1,2.8173922290802,39.52692259848118,10,2.8173922290802,valid,0.45312628188614473,0.5108267499510812,0.45610000000000006,101024
RS,0.4604,184,184,random,TINYIMAGENET,243,main_b1000_tinyimagenet_alexnet_RS_kp75_seed1024,0.75,0.4491,False,0.75,alexnet,0.75,TINYIMAGENET_alexnet_RS_accuracy_kp7500_seed1024,1024,60000,243,42,accuracy,101024,0.4491,1,2.8846761299610137,39.41709968447685,10,2.8846761299610137,valid,0.4465801386561877,0.5061812704685018,0.44909999999999994,101024
RS,0.4604,184,184,random,TINYIMAGENET,244,main_b1000_tinyimagenet_alexnet_RS_kp75_seed1024,0.75,0.4541,False,0.75,alexnet,0.75,TINYIMAGENET_alexnet_RS_accuracy_kp7500_seed1024,1024,60000,244,42,accuracy,101024,0.4541,1,2.8483814545631407,39.67306483536959,10,2.8483814545631407,valid,0.45358195808227025,0.5090637652571285,0.45410000000000006,101024
RS,0.4604,184,184,random,TINYIMAGENET,245,main_b1000_tinyimagenet_alexnet_RS_kp75_seed1024,0.75,0.4438,False,0.75,alexnet,0.75,TINYIMAGENET_alexnet_RS_accuracy_kp7500_seed1024,1024,60000,245,42,accuracy,101024,0.4438,1,2.923999217033386,39.53981979191303,10,2.923999217033386,valid,0.44344451941765384,0.5079963059477183,0.4438,101024
RS,0.4604,184,184,random,TINYIMAGENET,246,main_b1000_tinyimagenet_alexnet_RS_kp75_seed1024,0.75,0.45025,False,0.75,alexnet,0.75,TINYIMAGENET_alexnet_RS_accuracy_kp7500_seed1024,1024,60000,246,42,accuracy,101024,0.45025,1,2.888811781835556,39.47247462719679,10,2.888811781835556,valid,0.4476013944089621,0.5097129072658606,0.45025000000000004,101024
RS,0.4604,184,184,random,TINYIMAGENET,247,main_b1000_tinyimagenet_alexnet_RS_kp75_seed1024,0.75,0.453,False,0.75,alexnet,0.75,TINYIMAGENET_alexnet_RS_accuracy_kp7500_seed1024,1024,60000,247,42,accuracy,101024,0.453,1,2.882652179479599,39.63350923359394,10,2.882652179479599,valid,0.44939579041242284,0.5093735015193084,0.45299999999999996,101024
RS,0.4604,184,184,random,TINYIMAGENET,248,main_b1000_tinyimagenet_alexnet_RS_kp75_seed1024,0.75,0.44615,False,0.75,alexnet,0.75,TINYIMAGENET_alexnet_RS_accuracy_kp7500_seed1024,1024,60000,248,42,accuracy,101024,0.44615,1,2.8859606944561005,39.58145047724247,10,2.8859606944561005,valid,0.44704885891842894,0.5111151056281489,0.44615000000000005,101024
RS,0.4604,184,184,random,TINYIMAGENET,249,main_b1000_tinyimagenet_alexnet_RS_kp75_seed1024,0.75,0.45435,False,0.75,alexnet,0.75,TINYIMAGENET_alexnet_RS_accuracy_kp7500_seed1024,1024,60000,249,42,accuracy,101024,0.45435,1,2.829146846008301,39.32146146893501,10,2.829146846008301,valid,0.4502952448078139,0.5053014398657066,0.45435000000000003,101024
RS,0.4604,184,184,random,TINYIMAGENET,250,main_b1000_tinyimagenet_alexnet_RS_kp75_seed1024,0.75,0.45335,False,0.75,alexnet,0.75,TINYIMAGENET_alexnet_RS_accuracy_kp7500_seed1024,1024,60000,250,42,accuracy,101024,0.45335,1,2.860948202896118,39.692418202757835,10,2.860948202896118,valid,0.4507292254347001,0.509406710173009,0.4533499999999999,101024
RS,0.4604,184,184,random,TINYIMAGENET,251,main_b1000_tinyimagenet_alexnet_RS_kp75_seed1024,0.75,0.44445,False,0.75,alexnet,0.75,TINYIMAGENET_alexnet_RS_accuracy_kp7500_seed1024,1024,60000,251,42,accuracy,101024,0.44445,1,2.8564079426288607,39.63413592427969,10,2.8564079426288607,valid,0.4461612072927296,0.5076729565696128,0.44445,101024
RS,0.4604,184,184,random,TINYIMAGENET,252,main_b1000_tinyimagenet_alexnet_RS_kp75_seed1024,0.75,0.45385,False,0.75,alexnet,0.75,TINYIMAGENET_alexnet_RS_accuracy_kp7500_seed1024,1024,60000,252,42,accuracy,101024,0.45385,1,2.8501218519210814,39.37036247551441,10,2.8501218519210814,valid,0.45246073275250387,0.5119279253993474,0.45385000000000003,101024
RS,0.4604,184,184,random,TINYIMAGENET,253,main_b1000_tinyimagenet_alexnet_RS_kp75_seed1024,0.75,0.4463,False,0.75,alexnet,0.75,TINYIMAGENET_alexnet_RS_accuracy_kp7500_seed1024,1024,60000,253,42,accuracy,101024,0.4463,1,2.865034970617294,39.61265028268099,10,2.865034970617294,valid,0.444699916830785,0.5040864053097086,0.44630000000000003,101024
RS,0.4604,184,184,random,TINYIMAGENET,254,main_b1000_tinyimagenet_alexnet_RS_kp75_seed1024,0.75,0.45135,False,0.75,alexnet,0.75,TINYIMAGENET_alexnet_RS_accuracy_kp7500_seed1024,1024,60000,254,42,accuracy,101024,0.45135,1,2.8479299562692644,39.795087076723576,10,2.8479299562692644,valid,0.44951577138071586,0.5039222685054117,0.45135,101024
RS,0.4604,184,184,random,TINYIMAGENET,255,main_b1000_tinyimagenet_alexnet_RS_kp75_seed1024,0.75,0.45655,False,0.75,alexnet,0.75,TINYIMAGENET_alexnet_RS_accuracy_kp7500_seed1024,1024,60000,255,42,accuracy,101024,0.45655,1,2.829238804912567,39.33408374339342,10,2.829238804912567,valid,0.4542481958111529,0.5050291276135883,0.45655,101024
RS,0.4604,184,184,random,TINYIMAGENET,256,main_b1000_tinyimagenet_alexnet_RS_kp75_seed1024,0.75,0.44905,False,0.75,alexnet,0.75,TINYIMAGENET_alexnet_RS_accuracy_kp7500_seed1024,1024,60000,256,42,accuracy,101024,0.44905,1,2.8688634293556214,39.631848230957985,10,2.8688634293556214,valid,0.4445637218128269,0.5060189530964778,0.44905,101024
RS,0.4604,184,184,random,TINYIMAGENET,257,main_b1000_tinyimagenet_alexnet_RS_kp75_seed1024,0.75,0.4543,False,0.75,alexnet,0.75,TINYIMAGENET_alexnet_RS_accuracy_kp7500_seed1024,1024,60000,257,42,accuracy,101024,0.4543,1,2.854845674228668,39.71467028558254,10,2.854845674228668,valid,0.45214195751365893,0.5104472328969638,0.4543,101024
RS,0.4604,184,184,random,TINYIMAGENET,258,main_b1000_tinyimagenet_alexnet_RS_kp75_seed1024,0.75,0.44985,False,0.75,alexnet,0.75,TINYIMAGENET_alexnet_RS_accuracy_kp7500_seed1024,1024,60000,258,42,accuracy,101024,0.44985,1,2.8381809587955473,39.28926473110914,10,2.8381809587955473,valid,0.4449106551391283,0.4930829038105362,0.44984999999999997,101024
RS,0.4604,184,184,random,TINYIMAGENET,259,main_b1000_tinyimagenet_alexnet_RS_kp75_seed1024,0.75,0.44855,False,0.75,alexnet,0.75,TINYIMAGENET_alexnet_RS_accuracy_kp7500_seed1024,1024,60000,259,42,accuracy,101024,0.44855,1,2.915297733712196,39.55286457389593,10,2.915297733712196,valid,0.446403703020826,0.5144039041678979,0.44855000000000006,101024
RS,0.4604,184,184,random,TINYIMAGENET,260,main_b1000_tinyimagenet_alexnet_RS_kp75_seed1024,0.75,0.4554,False,0.75,alexnet,0.75,TINYIMAGENET_alexnet_RS_accuracy_kp7500_seed1024,1024,60000,260,42,accuracy,101024,0.4554,1,2.8291993667602537,39.69915484637022,10,2.8291993667602537,valid,0.4515130927895388,0.5036687954413155,0.4554000000000001,101024
RS,0.4608,261,261,random,TINYIMAGENET,261,main_b1000_tinyimagenet_alexnet_RS_kp75_seed1024,0.75,0.4608,True,0.75,alexnet,0.75,TINYIMAGENET_alexnet_RS_accuracy_kp7500_seed1024,1024,60000,261,42,accuracy,101024,0.4608,1,2.83094199860096,41.11218509078026,10,2.83094199860096,valid,0.4572807032938339,0.5061149783875559,0.4608,101024
RS,0.4608,261,261,random,TINYIMAGENET,262,main_b1000_tinyimagenet_alexnet_RS_kp75_seed1024,0.75,0.4576,False,0.75,alexnet,0.75,TINYIMAGENET_alexnet_RS_accuracy_kp7500_seed1024,1024,60000,262,42,accuracy,101024,0.4576,1,2.833203123855591,39.6469094902277,10,2.833203123855591,valid,0.4548007611074627,0.5066076600900342,0.45760000000000006,101024
RS,0.4608,261,261,random,TINYIMAGENET,263,main_b1000_tinyimagenet_alexnet_RS_kp75_seed1024,0.75,0.44775,False,0.75,alexnet,0.75,TINYIMAGENET_alexnet_RS_accuracy_kp7500_seed1024,1024,60000,263,42,accuracy,101024,0.44775,1,2.9169596378326417,39.833178862929344,10,2.9169596378326417,valid,0.44383869039800516,0.5085190310621285,0.44775000000000004,101024
RS,0.4608,261,261,random,TINYIMAGENET,264,main_b1000_tinyimagenet_alexnet_RS_kp75_seed1024,0.75,0.4507,False,0.75,alexnet,0.75,TINYIMAGENET_alexnet_RS_accuracy_kp7500_seed1024,1024,60000,264,42,accuracy,101024,0.4507,1,2.8963754395008086,39.264703541994095,10,2.8963754395008086,valid,0.4451736401425513,0.5014835136731519,0.4507,101024
RS,0.4608,261,261,random,TINYIMAGENET,265,main_b1000_tinyimagenet_alexnet_RS_kp75_seed1024,0.75,0.45335,False,0.75,alexnet,0.75,TINYIMAGENET_alexnet_RS_accuracy_kp7500_seed1024,1024,60000,265,42,accuracy,101024,0.45335,1,2.8814277915120123,39.63037710636854,10,2.8814277915120123,valid,0.4476445269136587,0.5055315703736093,0.4533500000000001,101024
RS,0.4608,261,261,random,TINYIMAGENET,266,main_b1000_tinyimagenet_alexnet_RS_kp75_seed1024,0.75,0.45125,False,0.75,alexnet,0.75,TINYIMAGENET_alexnet_RS_accuracy_kp7500_seed1024,1024,60000,266,42,accuracy,101024,0.45125,1,2.8180172798395158,39.73854713141918,10,2.8180172798395158,valid,0.45043619243394045,0.5068248116345603,0.45125,101024
RS,0.4608,261,261,random,TINYIMAGENET,267,main_b1000_tinyimagenet_alexnet_RS_kp75_seed1024,0.75,0.4473,False,0.75,alexnet,0.75,TINYIMAGENET_alexnet_RS_accuracy_kp7500_seed1024,1024,60000,267,42,accuracy,101024,0.4473,1,2.8990991502285004,39.370789118111134,10,2.8990991502285004,valid,0.4462559533677768,0.5121483461370585,0.44730000000000003,101024
RS,0.4608,261,261,random,TINYIMAGENET,268,main_b1000_tinyimagenet_alexnet_RS_kp75_seed1024,0.75,0.4544,False,0.75,alexnet,0.75,TINYIMAGENET_alexnet_RS_accuracy_kp7500_seed1024,1024,60000,268,42,accuracy,101024,0.4544,1,2.847928000974655,39.593149714171886,10,2.847928000974655,valid,0.4489826203955378,0.501579115488757,0.45439999999999997,101024
RS,0.4608,261,261,random,TINYIMAGENET,269,main_b1000_tinyimagenet_alexnet_RS_kp75_seed1024,0.75,0.45265,False,0.75,alexnet,0.75,TINYIMAGENET_alexnet_RS_accuracy_kp7500_seed1024,1024,60000,269,42,accuracy,101024,0.45265,1,2.865015080976486,39.73470347374678,10,2.865015080976486,valid,0.44932938092695723,0.5123280330011464,0.45265,101024
RS,0.4608,261,261,random,TINYIMAGENET,270,main_b1000_tinyimagenet_alexnet_RS_kp75_seed1024,0.75,0.4513,False,0.75,alexnet,0.75,TINYIMAGENET_alexnet_RS_accuracy_kp7500_seed1024,1024,60000,270,42,accuracy,101024,0.4513,1,2.8413356066942215,39.38793731480837,10,2.8413356066942215,valid,0.44296566900968787,0.49500653626681995,0.45130000000000003,101024
RS,0.4608,261,261,random,TINYIMAGENET,271,main_b1000_tinyimagenet_alexnet_RS_kp75_seed1024,0.75,0.45095,False,0.75,alexnet,0.75,TINYIMAGENET_alexnet_RS_accuracy_kp7500_seed1024,1024,60000,271,42,accuracy,101024,0.45095,1,2.8841249669551847,39.62358155846596,10,2.8841249669551847,valid,0.4494667898098244,0.5128115015812003,0.45094999999999996,101024
RS,0.4608,261,261,random,TINYIMAGENET,272,main_b1000_tinyimagenet_alexnet_RS_kp75_seed1024,0.75,0.4547,False,0.75,alexnet,0.75,TINYIMAGENET_alexnet_RS_accuracy_kp7500_seed1024,1024,60000,272,42,accuracy,101024,0.4547,1,2.827961146450043,39.86585558205843,10,2.827961146450043,valid,0.4530391369573816,0.5096687023182623,0.4547,101024
RS,0.4608,261,261,random,TINYIMAGENET,273,main_b1000_tinyimagenet_alexnet_RS_kp75_seed1024,0.75,0.44525,False,0.75,alexnet,0.75,TINYIMAGENET_alexnet_RS_accuracy_kp7500_seed1024,1024,60000,273,42,accuracy,101024,0.44525,1,2.960055239248276,39.35234282165766,10,2.960055239248276,valid,0.4444989887607331,0.5157593239860847,0.44525000000000003,101024
RS,0.4608,261,261,random,TINYIMAGENET,274,main_b1000_tinyimagenet_alexnet_RS_kp75_seed1024,0.75,0.45475,False,0.75,alexnet,0.75,TINYIMAGENET_alexnet_RS_accuracy_kp7500_seed1024,1024,60000,274,42,accuracy,101024,0.45475,1,2.8262513822078703,39.617448672652245,10,2.8262513822078703,valid,0.4537266381160226,0.5091067563920173,0.45475,101024
RS,0.4608,261,261,random,TINYIMAGENET,275,main_b1000_tinyimagenet_alexnet_RS_kp75_seed1024,0.75,0.45245,False,0.75,alexnet,0.75,TINYIMAGENET_alexnet_RS_accuracy_kp7500_seed1024,1024,60000,275,42,accuracy,101024,0.45245,1,2.8713180070638655,39.81211994588375,10,2.8713180070638655,valid,0.4497712311064889,0.5092547056164736,0.45244999999999996,101024
RS,0.4608,261,261,random,TINYIMAGENET,276,main_b1000_tinyimagenet_alexnet_RS_kp75_seed1024,0.75,0.45355,False,0.75,alexnet,0.75,TINYIMAGENET_alexnet_RS_accuracy_kp7500_seed1024,1024,60000,276,42,accuracy,101024,0.45355,1,2.862627830505371,39.437812484800816,10,2.862627830505371,valid,0.4471077844085012,0.4973144788459433,0.45355000000000006,101024
RS,0.4608,261,261,random,TINYIMAGENET,277,main_b1000_tinyimagenet_alexnet_RS_kp75_seed1024,0.75,0.449,False,0.75,alexnet,0.75,TINYIMAGENET_alexnet_RS_accuracy_kp7500_seed1024,1024,60000,277,42,accuracy,101024,0.449,1,2.86457899479866,39.544238954782486,10,2.86457899479866,valid,0.4470053606832833,0.5024861523791043,0.449,101024
RS,0.4608,261,261,random,TINYIMAGENET,278,main_b1000_tinyimagenet_alexnet_RS_kp75_seed1024,0.75,0.44645,False,0.75,alexnet,0.75,TINYIMAGENET_alexnet_RS_accuracy_kp7500_seed1024,1024,60000,278,42,accuracy,101024,0.44645,1,2.8980622212409974,39.78421872854233,10,2.8980622212409974,valid,0.44575562214538084,0.5099500149589583,0.44644999999999996,101024
RS,0.4608,261,261,random,TINYIMAGENET,279,main_b1000_tinyimagenet_alexnet_RS_kp75_seed1024,0.75,0.44645,False,0.75,alexnet,0.75,TINYIMAGENET_alexnet_RS_accuracy_kp7500_seed1024,1024,60000,279,42,accuracy,101024,0.44645,1,2.896090410375595,39.55715348571539,10,2.896090410375595,valid,0.44528608905284695,0.5110319411859255,0.44645,101024
RS,0.4608,261,261,random,TINYIMAGENET,280,main_b1000_tinyimagenet_alexnet_RS_kp75_seed1024,0.75,0.4464,False,0.75,alexnet,0.75,TINYIMAGENET_alexnet_RS_accuracy_kp7500_seed1024,1024,60000,280,42,accuracy,101024,0.4464,1,2.9387104710578917,39.4858270958066,10,2.9387104710578917,valid,0.44341144345648403,0.5094657688627541,0.4464,101024
RS,0.4608,261,261,random,TINYIMAGENET,281,main_b1000_tinyimagenet_alexnet_RS_kp75_seed1024,0.75,0.4488,False,0.75,alexnet,0.75,TINYIMAGENET_alexnet_RS_accuracy_kp7500_seed1024,1024,60000,281,42,accuracy,101024,0.4488,1,2.909296997308731,39.73426207154989,10,2.909296997308731,valid,0.44636122080292995,0.5130364558891941,0.4488,101024
RS,0.4608,261,261,random,TINYIMAGENET,282,main_b1000_tinyimagenet_alexnet_RS_kp75_seed1024,0.75,0.45635,False,0.75,alexnet,0.75,TINYIMAGENET_alexnet_RS_accuracy_kp7500_seed1024,1024,60000,282,42,accuracy,101024,0.45635,1,2.8300876650094984,39.73896964639425,10,2.8300876650094984,valid,0.45477293258323553,0.5110398990644756,0.45635,101024
RS,0.4608,261,261,random,TINYIMAGENET,283,main_b1000_tinyimagenet_alexnet_RS_kp75_seed1024,0.75,0.4499,False,0.75,alexnet,0.75,TINYIMAGENET_alexnet_RS_accuracy_kp7500_seed1024,1024,60000,283,42,accuracy,101024,0.4499,1,2.895035243225098,39.39195531606674,10,2.895035243225098,valid,0.4457030731780185,0.501741289500485,0.4499,101024
RS,0.4608,261,261,random,TINYIMAGENET,284,main_b1000_tinyimagenet_alexnet_RS_kp75_seed1024,0.75,0.45015,False,0.75,alexnet,0.75,TINYIMAGENET_alexnet_RS_accuracy_kp7500_seed1024,1024,60000,284,42,accuracy,101024,0.45015,1,2.8615471245765685,39.83123402297497,10,2.8615471245765685,valid,0.44744907669115647,0.5058508229067046,0.45015,101024
RS,0.4608,261,261,random,TINYIMAGENET,285,main_b1000_tinyimagenet_alexnet_RS_kp75_seed1024,0.75,0.45285,False,0.75,alexnet,0.75,TINYIMAGENET_alexnet_RS_accuracy_kp7500_seed1024,1024,60000,285,42,accuracy,101024,0.45285,1,2.881973519515991,39.561752520501614,10,2.881973519515991,valid,0.4473620654650067,0.5058866860722477,0.45285,101024
RS,0.4608,261,261,random,TINYIMAGENET,286,main_b1000_tinyimagenet_alexnet_RS_kp75_seed1024,0.75,0.44625,False,0.75,alexnet,0.75,TINYIMAGENET_alexnet_RS_accuracy_kp7500_seed1024,1024,60000,286,42,accuracy,101024,0.44625,1,2.9006609474658966,39.5509118065238,10,2.9006609474658966,valid,0.44477901737095626,0.5039849888137169,0.44625,101024
RS,0.4608,261,261,random,TINYIMAGENET,287,main_b1000_tinyimagenet_alexnet_RS_kp75_seed1024,0.75,0.44595,False,0.75,alexnet,0.75,TINYIMAGENET_alexnet_RS_accuracy_kp7500_seed1024,1024,60000,287,42,accuracy,101024,0.44595,1,2.9298038226127625,39.81535691767931,10,2.9298038226127625,valid,0.44429752568233627,0.5108205158704803,0.44595,101024
RS,0.4608,261,261,random,TINYIMAGENET,288,main_b1000_tinyimagenet_alexnet_RS_kp75_seed1024,0.75,0.4539,False,0.75,alexnet,0.75,TINYIMAGENET_alexnet_RS_accuracy_kp7500_seed1024,1024,60000,288,42,accuracy,101024,0.4539,1,2.8386435192108155,39.71429220587015,10,2.8386435192108155,valid,0.4509692328333869,0.5064505866034228,0.4539,101024
RS,0.4608,261,261,random,TINYIMAGENET,289,main_b1000_tinyimagenet_alexnet_RS_kp75_seed1024,0.75,0.4435,False,0.75,alexnet,0.75,TINYIMAGENET_alexnet_RS_accuracy_kp7500_seed1024,1024,60000,289,42,accuracy,101024,0.4435,1,2.9414717970848083,39.42989142984152,10,2.9414717970848083,valid,0.44260341690718397,0.5144239014275351,0.4435,101024
RS,0.4608,261,261,random,TINYIMAGENET,290,main_b1000_tinyimagenet_alexnet_RS_kp75_seed1024,0.75,0.44945,False,0.75,alexnet,0.75,TINYIMAGENET_alexnet_RS_accuracy_kp7500_seed1024,1024,60000,290,42,accuracy,101024,0.44945,1,2.8636289984226226,39.77525623142719,10,2.8636289984226226,valid,0.44827023323908366,0.5112401365651933,0.44945,101024
RS,0.4608,261,261,random,TINYIMAGENET,291,main_b1000_tinyimagenet_alexnet_RS_kp75_seed1024,0.75,0.4449,False,0.75,alexnet,0.75,TINYIMAGENET_alexnet_RS_accuracy_kp7500_seed1024,1024,60000,291,42,accuracy,101024,0.4449,1,2.893671152973175,39.81326696276665,10,2.893671152973175,valid,0.4441656260711332,0.500363850470989,0.4449,101024
RS,0.4608,261,261,random,TINYIMAGENET,292,main_b1000_tinyimagenet_alexnet_RS_kp75_seed1024,0.75,0.455,False,0.75,alexnet,0.75,TINYIMAGENET_alexnet_RS_accuracy_kp7500_seed1024,1024,60000,292,42,accuracy,101024,0.455,1,2.823034726333618,39.42284707725048,10,2.823034726333618,valid,0.4531457195657065,0.5068702991849997,0.455,101024
RS,0.4608,261,261,random,TINYIMAGENET,293,main_b1000_tinyimagenet_alexnet_RS_kp75_seed1024,0.75,0.4497,False,0.75,alexnet,0.75,TINYIMAGENET_alexnet_RS_accuracy_kp7500_seed1024,1024,60000,293,42,accuracy,101024,0.4497,1,2.894051289510727,40.89709796011448,10,2.894051289510727,valid,0.4457799673855974,0.5094308277495313,0.4497,101024
RS,0.4608,261,261,random,TINYIMAGENET,294,main_b1000_tinyimagenet_alexnet_RS_kp75_seed1024,0.75,0.4498,False,0.75,alexnet,0.75,TINYIMAGENET_alexnet_RS_accuracy_kp7500_seed1024,1024,60000,294,42,accuracy,101024,0.4498,1,2.861992749929428,39.87479002028704,10,2.861992749929428,valid,0.44555896383005494,0.5066835156753898,0.44980000000000003,101024
RS,0.4608,261,261,random,TINYIMAGENET,295,main_b1000_tinyimagenet_alexnet_RS_kp75_seed1024,0.75,0.4495,False,0.75,alexnet,0.75,TINYIMAGENET_alexnet_RS_accuracy_kp7500_seed1024,1024,60000,295,42,accuracy,101024,0.4495,1,2.852210922384262,39.372193306684494,10,2.852210922384262,valid,0.447961520148756,0.5005156818854003,0.4495,101024
RS,0.4608,261,261,random,TINYIMAGENET,296,main_b1000_tinyimagenet_alexnet_RS_kp75_seed1024,0.75,0.4496,False,0.75,alexnet,0.75,TINYIMAGENET_alexnet_RS_accuracy_kp7500_seed1024,1024,60000,296,42,accuracy,101024,0.4496,1,2.914532612848282,39.734513990581036,10,2.914532612848282,valid,0.4442317110401613,0.5059691570032622,0.44960000000000006,101024
RS,0.4608,261,261,random,TINYIMAGENET,297,main_b1000_tinyimagenet_alexnet_RS_kp75_seed1024,0.75,0.45325,False,0.75,alexnet,0.75,TINYIMAGENET_alexnet_RS_accuracy_kp7500_seed1024,1024,60000,297,42,accuracy,101024,0.45325,1,2.835165810012817,39.81042202562094,10,2.835165810012817,valid,0.45272196475732157,0.5063032210305358,0.45325000000000004,101024
RS,0.4608,261,261,random,TINYIMAGENET,298,main_b1000_tinyimagenet_alexnet_RS_kp75_seed1024,0.75,0.4487,False,0.75,alexnet,0.75,TINYIMAGENET_alexnet_RS_accuracy_kp7500_seed1024,1024,60000,298,42,accuracy,101024,0.4487,1,2.8624437212467195,39.39574518799782,10,2.8624437212467195,valid,0.44606282249913903,0.5058189908445505,0.44870000000000004,101024
RS,0.4608,261,261,random,TINYIMAGENET,299,main_b1000_tinyimagenet_alexnet_RS_kp75_seed1024,0.75,0.44935,False,0.75,alexnet,0.75,TINYIMAGENET_alexnet_RS_accuracy_kp7500_seed1024,1024,60000,299,42,accuracy,101024,0.44935,1,2.926050402021408,40.053634852170944,10,2.926050402021408,valid,0.4445980378200632,0.5147976795693828,0.44935,101024
RS,0.4608,261,261,random,TINYIMAGENET,300,main_b1000_tinyimagenet_alexnet_RS_kp75_seed1024,0.75,0.45465,False,0.75,alexnet,0.75,TINYIMAGENET_alexnet_RS_accuracy_kp7500_seed1024,1024,60000,300,42,accuracy,101024,0.45465,1,2.854475849056244,39.92257694900036,10,2.854475849056244,valid,0.45394024501426095,0.5107417084034998,0.45465000000000005,101024
RS,0.4608,261,261,random,TINYIMAGENET,301,main_b1000_tinyimagenet_alexnet_RS_kp75_seed1024,0.75,0.4456,False,0.75,alexnet,0.75,TINYIMAGENET_alexnet_RS_accuracy_kp7500_seed1024,1024,60000,301,42,accuracy,101024,0.4456,1,2.9188575493335724,39.33568624407053,10,2.9188575493335724,valid,0.4434650340030213,0.501749127295923,0.4456,101024
RS,0.4608,261,261,random,TINYIMAGENET,302,main_b1000_tinyimagenet_alexnet_RS_kp75_seed1024,0.75,0.44775,False,0.75,alexnet,0.75,TINYIMAGENET_alexnet_RS_accuracy_kp7500_seed1024,1024,60000,302,42,accuracy,101024,0.44775,1,2.8803883058547974,39.752018831670284,10,2.8803883058547974,valid,0.44597988281223294,0.5077285534223887,0.44775000000000004,101024
RS,0.4608,261,261,random,TINYIMAGENET,303,main_b1000_tinyimagenet_alexnet_RS_kp75_seed1024,0.75,0.4425,False,0.75,alexnet,0.75,TINYIMAGENET_alexnet_RS_accuracy_kp7500_seed1024,1024,60000,303,42,accuracy,101024,0.4425,1,2.9348802355527877,39.96660300344229,10,2.9348802355527877,valid,0.44058302537836996,0.5039341254461117,0.4425,101024
RS,0.4608,261,261,random,TINYIMAGENET,304,main_b1000_tinyimagenet_alexnet_RS_kp75_seed1024,0.75,0.44265,False,0.75,alexnet,0.75,TINYIMAGENET_alexnet_RS_accuracy_kp7500_seed1024,1024,60000,304,42,accuracy,101024,0.44265,1,2.888382854127884,39.35297891497612,10,2.888382854127884,valid,0.44120854849131674,0.5031979135357996,0.44265,101024
RS,0.4608,261,261,random,TINYIMAGENET,305,main_b1000_tinyimagenet_alexnet_RS_kp75_seed1024,0.75,0.4478,False,0.75,alexnet,0.75,TINYIMAGENET_alexnet_RS_accuracy_kp7500_seed1024,1024,60000,305,42,accuracy,101024,0.4478,1,2.936695261383057,39.74021199345589,10,2.936695261383057,valid,0.4447509533844972,0.5163663753081288,0.44780000000000003,101024
RS,0.4608,261,261,random,TINYIMAGENET,306,main_b1000_tinyimagenet_alexnet_RS_kp75_seed1024,0.75,0.44725,False,0.75,alexnet,0.75,TINYIMAGENET_alexnet_RS_accuracy_kp7500_seed1024,1024,60000,306,42,accuracy,101024,0.44725,1,2.933663901042938,39.953106716275215,10,2.933663901042938,valid,0.4391053960943456,0.5010431164353921,0.4472499999999999,101024
RS,0.4608,261,261,random,TINYIMAGENET,307,main_b1000_tinyimagenet_alexnet_RS_kp75_seed1024,0.75,0.4534,False,0.75,alexnet,0.75,TINYIMAGENET_alexnet_RS_accuracy_kp7500_seed1024,1024,60000,307,42,accuracy,101024,0.4534,1,2.8528231921195983,39.2815051600337,10,2.8528231921195983,valid,0.45102087606276586,0.5041389512306715,0.4534,101024
RS,0.4608,261,261,random,TINYIMAGENET,308,main_b1000_tinyimagenet_alexnet_RS_kp75_seed1024,0.75,0.4574,False,0.75,alexnet,0.75,TINYIMAGENET_alexnet_RS_accuracy_kp7500_seed1024,1024,60000,308,42,accuracy,101024,0.4574,1,2.826881666660309,39.80828005820513,10,2.826881666660309,valid,0.456508565814766,0.5029966270920164,0.45740000000000003,101024
RS,0.4608,261,261,random,TINYIMAGENET,309,main_b1000_tinyimagenet_alexnet_RS_kp75_seed1024,0.75,0.45725,False,0.75,alexnet,0.75,TINYIMAGENET_alexnet_RS_accuracy_kp7500_seed1024,1024,60000,309,42,accuracy,101024,0.45725,1,2.8357889273643493,39.96414268761873,10,2.8357889273643493,valid,0.45497002852169854,0.5059201546384536,0.45725,101024
RS,0.4608,261,261,random,TINYIMAGENET,310,main_b1000_tinyimagenet_alexnet_RS_kp75_seed1024,0.75,0.45025,False,0.75,alexnet,0.75,TINYIMAGENET_alexnet_RS_accuracy_kp7500_seed1024,1024,60000,310,42,accuracy,101024,0.45025,1,2.878903715133667,39.31598249077797,10,2.878903715133667,valid,0.4459674104580595,0.503603188745164,0.45025000000000004,101024
RS,0.4608,261,261,random,TINYIMAGENET,311,main_b1000_tinyimagenet_alexnet_RS_kp75_seed1024,0.75,0.4519,False,0.75,alexnet,0.75,TINYIMAGENET_alexnet_RS_accuracy_kp7500_seed1024,1024,60000,311,42,accuracy,101024,0.4519,1,2.8568902349472047,39.92314616590738,10,2.8568902349472047,valid,0.4505904951185875,0.5131291873377963,0.45189999999999997,101024
RS,0.4608,261,261,random,TINYIMAGENET,312,main_b1000_tinyimagenet_alexnet_RS_kp75_seed1024,0.75,0.4505,False,0.75,alexnet,0.75,TINYIMAGENET_alexnet_RS_accuracy_kp7500_seed1024,1024,60000,312,42,accuracy,101024,0.4505,1,2.885378830862045,39.94461889564991,10,2.885378830862045,valid,0.4481524445129125,0.5052997360138629,0.45049999999999996,101024
RS,0.4608,261,261,random,TINYIMAGENET,313,main_b1000_tinyimagenet_alexnet_RS_kp75_seed1024,0.75,0.45095,False,0.75,alexnet,0.75,TINYIMAGENET_alexnet_RS_accuracy_kp7500_seed1024,1024,60000,313,42,accuracy,101024,0.45095,1,2.8651272948741915,39.40604726225138,10,2.8651272948741915,valid,0.4452935796005411,0.5018585515279068,0.45094999999999996,101024
RS,0.4608,261,261,random,TINYIMAGENET,314,main_b1000_tinyimagenet_alexnet_RS_kp75_seed1024,0.75,0.45035,False,0.75,alexnet,0.75,TINYIMAGENET_alexnet_RS_accuracy_kp7500_seed1024,1024,60000,314,42,accuracy,101024,0.45035,1,2.8558433928728104,39.83460511267185,10,2.8558433928728104,valid,0.4494914905440514,0.5098109550192196,0.45035,101024
RS,0.4608,261,261,random,TINYIMAGENET,315,main_b1000_tinyimagenet_alexnet_RS_kp75_seed1024,0.75,0.4445,False,0.75,alexnet,0.75,TINYIMAGENET_alexnet_RS_accuracy_kp7500_seed1024,1024,60000,315,42,accuracy,101024,0.4445,1,2.90662135848999,40.02816890925169,10,2.90662135848999,valid,0.44542379809534455,0.5097707193988745,0.44449999999999995,101024
RS,0.4608,261,261,random,TINYIMAGENET,316,main_b1000_tinyimagenet_alexnet_RS_kp75_seed1024,0.75,0.4427,False,0.75,alexnet,0.75,TINYIMAGENET_alexnet_RS_accuracy_kp7500_seed1024,1024,60000,316,42,accuracy,101024,0.4427,1,2.9407285344600678,39.42056925594807,10,2.9407285344600678,valid,0.43916255814758204,0.5082375684642622,0.44270000000000004,101024
RS,0.4608,261,261,random,TINYIMAGENET,317,main_b1000_tinyimagenet_alexnet_RS_kp75_seed1024,0.75,0.44315,False,0.75,alexnet,0.75,TINYIMAGENET_alexnet_RS_accuracy_kp7500_seed1024,1024,60000,317,42,accuracy,101024,0.44315,1,2.960318803560734,39.83467176556587,10,2.960318803560734,valid,0.43871573466204333,0.5092035819874421,0.44315000000000004,101024
RS,0.4608,261,261,random,TINYIMAGENET,318,main_b1000_tinyimagenet_alexnet_RS_kp75_seed1024,0.75,0.45915,False,0.75,alexnet,0.75,TINYIMAGENET_alexnet_RS_accuracy_kp7500_seed1024,1024,60000,318,42,accuracy,101024,0.45915,1,2.833444333386421,45.511112570762634,10,2.833444333386421,valid,0.4545847904588057,0.50916137902708,0.45915000000000006,101024
RS,0.4608,261,261,random,TINYIMAGENET,319,main_b1000_tinyimagenet_alexnet_RS_kp75_seed1024,0.75,0.4529,False,0.75,alexnet,0.75,TINYIMAGENET_alexnet_RS_accuracy_kp7500_seed1024,1024,60000,319,42,accuracy,101024,0.4529,1,2.835777398312092,39.52782542258501,10,2.835777398312092,valid,0.44936965613547114,0.5038470456319036,0.4529000000000001,101024
RS,0.4608,261,261,random,TINYIMAGENET,320,main_b1000_tinyimagenet_alexnet_RS_kp75_seed1024,0.75,0.44715,False,0.75,alexnet,0.75,TINYIMAGENET_alexnet_RS_accuracy_kp7500_seed1024,1024,60000,320,42,accuracy,101024,0.44715,1,2.8361856978416444,39.7153929322958,10,2.8361856978416444,valid,0.44382663064496325,0.4991569620679865,0.44715000000000005,101024
RS,0.4608,261,261,random,TINYIMAGENET,321,main_b1000_tinyimagenet_alexnet_RS_kp75_seed1024,0.75,0.44325,False,0.75,alexnet,0.75,TINYIMAGENET_alexnet_RS_accuracy_kp7500_seed1024,1024,60000,321,42,accuracy,101024,0.44325,1,2.8797111825227737,40.041241720318794,10,2.8797111825227737,valid,0.4410977749125694,0.4999017429267124,0.44325000000000003,101024
RS,0.4608,261,261,random,TINYIMAGENET,322,main_b1000_tinyimagenet_alexnet_RS_kp75_seed1024,0.75,0.4518,False,0.75,alexnet,0.75,TINYIMAGENET_alexnet_RS_accuracy_kp7500_seed1024,1024,60000,322,42,accuracy,101024,0.4518,1,2.825394331264496,39.5673373490572,10,2.825394331264496,valid,0.4494479653298592,0.5045102302669544,0.4518000000000001,101024
RS,0.4608,261,261,random,TINYIMAGENET,323,main_b1000_tinyimagenet_alexnet_RS_kp75_seed1024,0.75,0.4528,False,0.75,alexnet,0.75,TINYIMAGENET_alexnet_RS_accuracy_kp7500_seed1024,1024,60000,323,42,accuracy,101024,0.4528,1,2.856474532485008,39.74540765583515,10,2.856474532485008,valid,0.45030874923844494,0.5062154212540128,0.45280000000000004,101024
RS,0.4608,261,261,random,TINYIMAGENET,324,main_b1000_tinyimagenet_alexnet_RS_kp75_seed1024,0.75,0.4533,False,0.75,alexnet,0.75,TINYIMAGENET_alexnet_RS_accuracy_kp7500_seed1024,1024,60000,324,42,accuracy,101024,0.4533,1,2.8476176774978637,40.073412388563156,10,2.8476176774978637,valid,0.450817890234086,0.510624966790351,0.4533,101024
RS,0.4608,261,261,random,TINYIMAGENET,325,main_b1000_tinyimagenet_alexnet_RS_kp75_seed1024,0.75,0.45995,False,0.75,alexnet,0.75,TINYIMAGENET_alexnet_RS_accuracy_kp7500_seed1024,1024,60000,325,42,accuracy,101024,0.45995,1,2.7990537962913513,39.60834915935993,10,2.7990537962913513,valid,0.4594200390943611,0.5027764968691507,0.45995,101024
RS,0.4608,261,261,random,TINYIMAGENET,326,main_b1000_tinyimagenet_alexnet_RS_kp75_seed1024,0.75,0.45835,False,0.75,alexnet,0.75,TINYIMAGENET_alexnet_RS_accuracy_kp7500_seed1024,1024,60000,326,42,accuracy,101024,0.45835,1,2.854137778520584,39.73895663022995,10,2.854137778520584,valid,0.4565135549197341,0.5142926909691465,0.4583499999999999,101024
RS,0.4608,261,261,random,TINYIMAGENET,327,main_b1000_tinyimagenet_alexnet_RS_kp75_seed1024,0.75,0.4502,False,0.75,alexnet,0.75,TINYIMAGENET_alexnet_RS_accuracy_kp7500_seed1024,1024,60000,327,42,accuracy,101024,0.4502,1,2.886483790588379,40.0655238032341,10,2.886483790588379,valid,0.4474926741384955,0.5087439341771295,0.45020000000000004,101024
RS,0.4608,261,261,random,TINYIMAGENET,328,main_b1000_tinyimagenet_alexnet_RS_kp75_seed1024,0.75,0.44925,False,0.75,alexnet,0.75,TINYIMAGENET_alexnet_RS_accuracy_kp7500_seed1024,1024,60000,328,42,accuracy,101024,0.44925,1,2.869594105219841,39.76838347315788,10,2.869594105219841,valid,0.44650315028187115,0.4998995089414147,0.44925,101024
RS,0.4608,261,261,random,TINYIMAGENET,329,main_b1000_tinyimagenet_alexnet_RS_kp75_seed1024,0.75,0.45615,False,0.75,alexnet,0.75,TINYIMAGENET_alexnet_RS_accuracy_kp7500_seed1024,1024,60000,329,42,accuracy,101024,0.45615,1,2.824653162765503,39.64946427196264,10,2.824653162765503,valid,0.45309220898618663,0.5012571828792979,0.45614999999999994,101024
RS,0.4608,261,261,random,TINYIMAGENET,330,main_b1000_tinyimagenet_alexnet_RS_kp75_seed1024,0.75,0.4562,False,0.75,alexnet,0.75,TINYIMAGENET_alexnet_RS_accuracy_kp7500_seed1024,1024,60000,330,42,accuracy,101024,0.4562,1,2.8072374399185183,40.030545592308044,10,2.8072374399185183,valid,0.4532918652258698,0.4996290322855041,0.45620000000000005,101024
RS,0.4608,261,261,random,TINYIMAGENET,331,main_b1000_tinyimagenet_alexnet_RS_kp75_seed1024,0.75,0.44495,False,0.75,alexnet,0.75,TINYIMAGENET_alexnet_RS_accuracy_kp7500_seed1024,1024,60000,331,42,accuracy,101024,0.44495,1,2.9136505244731903,39.818104311823845,10,2.9136505244731903,valid,0.44234429743237486,0.5060880622543074,0.44494999999999996,101024
RS,0.4608,261,261,random,TINYIMAGENET,332,main_b1000_tinyimagenet_alexnet_RS_kp75_seed1024,0.75,0.4511,False,0.75,alexnet,0.75,TINYIMAGENET_alexnet_RS_accuracy_kp7500_seed1024,1024,60000,332,42,accuracy,101024,0.4511,1,2.8402648753643036,39.593096651136875,10,2.8402648753643036,valid,0.4472396079054876,0.4991841494029186,0.4511,101024
RS,0.4608,261,261,random,TINYIMAGENET,333,main_b1000_tinyimagenet_alexnet_RS_kp75_seed1024,0.75,0.45415,False,0.75,alexnet,0.75,TINYIMAGENET_alexnet_RS_accuracy_kp7500_seed1024,1024,60000,333,42,accuracy,101024,0.45415,1,2.842012152814865,40.0191640034318,10,2.842012152814865,valid,0.4498004274217726,0.5023564351317797,0.45415,101024
RS,0.4608,261,261,random,TINYIMAGENET,334,main_b1000_tinyimagenet_alexnet_RS_kp75_seed1024,0.75,0.4556,False,0.75,alexnet,0.75,TINYIMAGENET_alexnet_RS_accuracy_kp7500_seed1024,1024,60000,334,42,accuracy,101024,0.4556,1,2.8108985481262208,39.91591143608093,10,2.8108985481262208,valid,0.45259470396203627,0.5031508485333842,0.4556,101024
RS,0.4608,261,261,random,TINYIMAGENET,335,main_b1000_tinyimagenet_alexnet_RS_kp75_seed1024,0.75,0.4541,False,0.75,alexnet,0.75,TINYIMAGENET_alexnet_RS_accuracy_kp7500_seed1024,1024,60000,335,42,accuracy,101024,0.4541,1,2.8579724185943602,43.7815790399909,10,2.8579724185943602,valid,0.4510818604341856,0.5113637536826681,0.45409999999999995,101024
RS,0.4608,261,261,random,TINYIMAGENET,336,main_b1000_tinyimagenet_alexnet_RS_kp75_seed1024,0.75,0.4403,False,0.75,alexnet,0.75,TINYIMAGENET_alexnet_RS_accuracy_kp7500_seed1024,1024,60000,336,42,accuracy,101024,0.4403,1,2.9180748179197313,49.12795717269182,10,2.9180748179197313,valid,0.4353708677874873,0.49632221338031457,0.4403,101024
RS,0.4608,261,261,random,TINYIMAGENET,337,main_b1000_tinyimagenet_alexnet_RS_kp75_seed1024,0.75,0.4457,False,0.75,alexnet,0.75,TINYIMAGENET_alexnet_RS_accuracy_kp7500_seed1024,1024,60000,337,42,accuracy,101024,0.4457,1,2.9520324545860293,49.19304683059454,10,2.9520324545860293,valid,0.4446061038278992,0.5109873075830592,0.4457,101024
RS,0.4608,261,261,random,TINYIMAGENET,338,main_b1000_tinyimagenet_alexnet_RS_kp75_seed1024,0.75,0.4504,False,0.75,alexnet,0.75,TINYIMAGENET_alexnet_RS_accuracy_kp7500_seed1024,1024,60000,338,42,accuracy,101024,0.4504,1,2.8514814811229705,49.189793922007084,10,2.8514814811229705,valid,0.4454728643880699,0.5052840628674666,0.4503999999999999,101024
RS,0.4608,261,261,random,TINYIMAGENET,339,main_b1000_tinyimagenet_alexnet_RS_kp75_seed1024,0.75,0.4596,False,0.75,alexnet,0.75,TINYIMAGENET_alexnet_RS_accuracy_kp7500_seed1024,1024,60000,339,42,accuracy,101024,0.4596,1,2.8125282540678977,48.857509575784206,10,2.8125282540678977,valid,0.45674087601721536,0.5103095427224216,0.4596,101024
RS,0.4608,261,261,random,TINYIMAGENET,340,main_b1000_tinyimagenet_alexnet_RS_kp75_seed1024,0.75,0.44665,False,0.75,alexnet,0.75,TINYIMAGENET_alexnet_RS_accuracy_kp7500_seed1024,1024,60000,340,42,accuracy,101024,0.44665,1,2.9014686388492583,48.74499270319939,10,2.9014686388492583,valid,0.4431237157274672,0.5071286894897389,0.44665,101024
RS,0.4608,261,261,random,TINYIMAGENET,341,main_b1000_tinyimagenet_alexnet_RS_kp75_seed1024,0.75,0.4521,False,0.75,alexnet,0.75,TINYIMAGENET_alexnet_RS_accuracy_kp7500_seed1024,1024,60000,341,42,accuracy,101024,0.4521,1,2.841799453878403,49.02970331162214,10,2.841799453878403,valid,0.4491974571177703,0.503277145645465,0.4521,101024
RS,0.4608,261,261,random,TINYIMAGENET,342,main_b1000_tinyimagenet_alexnet_RS_kp75_seed1024,0.75,0.4557,False,0.75,alexnet,0.75,TINYIMAGENET_alexnet_RS_accuracy_kp7500_seed1024,1024,60000,342,42,accuracy,101024,0.4557,1,2.852708861017227,49.179323978722095,10,2.852708861017227,valid,0.4539159869985984,0.5162317008464323,0.4557,101024
RS,0.4608,261,261,random,TINYIMAGENET,343,main_b1000_tinyimagenet_alexnet_RS_kp75_seed1024,0.75,0.44965,False,0.75,alexnet,0.75,TINYIMAGENET_alexnet_RS_accuracy_kp7500_seed1024,1024,60000,343,42,accuracy,101024,0.44965,1,2.8615182067871094,49.23381716758013,10,2.8615182067871094,valid,0.44863210238203827,0.5033705154173724,0.44965000000000005,101024
RS,0.4608,261,261,random,TINYIMAGENET,344,main_b1000_tinyimagenet_alexnet_RS_kp75_seed1024,0.75,0.4484,False,0.75,alexnet,0.75,TINYIMAGENET_alexnet_RS_accuracy_kp7500_seed1024,1024,60000,344,42,accuracy,101024,0.4484,1,2.8659899505853654,49.29374811053276,10,2.8659899505853654,valid,0.44484043114635974,0.5041472253503059,0.4484,101024
RS,0.4608,261,261,random,TINYIMAGENET,345,main_b1000_tinyimagenet_alexnet_RS_kp75_seed1024,0.75,0.4488,False,0.75,alexnet,0.75,TINYIMAGENET_alexnet_RS_accuracy_kp7500_seed1024,1024,60000,345,42,accuracy,101024,0.4488,1,2.8952235514640807,48.900092735886574,10,2.8952235514640807,valid,0.4485421194772762,0.5168601752015719,0.4488,101024
RS,0.4608,261,261,random,TINYIMAGENET,346,main_b1000_tinyimagenet_alexnet_RS_kp75_seed1024,0.75,0.44905,False,0.75,alexnet,0.75,TINYIMAGENET_alexnet_RS_accuracy_kp7500_seed1024,1024,60000,346,42,accuracy,101024,0.44905,1,2.8383166217803955,48.807614237070084,10,2.8383166217803955,valid,0.4446359252969728,0.5002764004254264,0.44905,101024
RS,0.4608,261,261,random,TINYIMAGENET,347,main_b1000_tinyimagenet_alexnet_RS_kp75_seed1024,0.75,0.44775,False,0.75,alexnet,0.75,TINYIMAGENET_alexnet_RS_accuracy_kp7500_seed1024,1024,60000,347,42,accuracy,101024,0.44775,1,2.921006767630577,49.19554245471954,10,2.921006767630577,valid,0.4476019756921534,0.5223087089044172,0.44775,101024
RS,0.4608,261,261,random,TINYIMAGENET,348,main_b1000_tinyimagenet_alexnet_RS_kp75_seed1024,0.75,0.45265,False,0.75,alexnet,0.75,TINYIMAGENET_alexnet_RS_accuracy_kp7500_seed1024,1024,60000,348,42,accuracy,101024,0.45265,1,2.8863775530576707,49.20601795613766,10,2.8863775530576707,valid,0.4483977506555325,0.5104349641953024,0.45265,101024
RS,0.4608,261,261,random,TINYIMAGENET,349,main_b1000_tinyimagenet_alexnet_RS_kp75_seed1024,0.75,0.44005,False,0.75,alexnet,0.75,TINYIMAGENET_alexnet_RS_accuracy_kp7500_seed1024,1024,60000,349,42,accuracy,101024,0.44005,1,3.0066326823472975,49.341338314116,10,3.0066326823472975,valid,0.43698576526744276,0.513266862049101,0.44004999999999994,101024
RS,0.4608,261,261,random,TINYIMAGENET,350,main_b1000_tinyimagenet_alexnet_RS_kp75_seed1024,0.75,0.45365,False,0.75,alexnet,0.75,TINYIMAGENET_alexnet_RS_accuracy_kp7500_seed1024,1024,60000,350,42,accuracy,101024,0.45365,1,2.843202644109726,49.29747511446476,10,2.843202644109726,valid,0.4523468446257974,0.5113298552015126,0.45364999999999994,101024
RS,0.4608,261,261,random,TINYIMAGENET,351,main_b1000_tinyimagenet_alexnet_RS_kp75_seed1024,0.75,0.4456,False,0.75,alexnet,0.75,TINYIMAGENET_alexnet_RS_accuracy_kp7500_seed1024,1024,60000,351,42,accuracy,101024,0.4456,1,2.938299003243446,48.932827174663544,10,2.938299003243446,valid,0.44209980764847706,0.5093896908584026,0.4456,101024
RS,0.4608,261,261,random,TINYIMAGENET,352,main_b1000_tinyimagenet_alexnet_RS_kp75_seed1024,0.75,0.43985,False,0.75,alexnet,0.75,TINYIMAGENET_alexnet_RS_accuracy_kp7500_seed1024,1024,60000,352,42,accuracy,101024,0.43985,1,2.9047579498291016,48.877818055450916,10,2.9047579498291016,valid,0.44104922762960624,0.5044746500205726,0.43985,101024
RS,0.4608,261,261,random,TINYIMAGENET,353,main_b1000_tinyimagenet_alexnet_RS_kp75_seed1024,0.75,0.4457,False,0.75,alexnet,0.75,TINYIMAGENET_alexnet_RS_accuracy_kp7500_seed1024,1024,60000,353,42,accuracy,101024,0.4457,1,2.8870134283423425,49.10866306722164,10,2.8870134283423425,valid,0.4423075787739036,0.5036833250702848,0.4457000000000001,101024
RS,0.4608,261,261,random,TINYIMAGENET,354,main_b1000_tinyimagenet_alexnet_RS_kp75_seed1024,0.75,0.44835,False,0.75,alexnet,0.75,TINYIMAGENET_alexnet_RS_accuracy_kp7500_seed1024,1024,60000,354,42,accuracy,101024,0.44835,1,2.870392996287346,49.170139238238335,10,2.870392996287346,valid,0.4457402594019308,0.5069651202035587,0.44835,101024
RS,0.4608,261,261,random,TINYIMAGENET,355,main_b1000_tinyimagenet_alexnet_RS_kp75_seed1024,0.75,0.45395,False,0.75,alexnet,0.75,TINYIMAGENET_alexnet_RS_accuracy_kp7500_seed1024,1024,60000,355,42,accuracy,101024,0.45395,1,2.8619390734910963,49.294684924185276,10,2.8619390734910963,valid,0.4480765460765889,0.49391521127840776,0.45394999999999996,101024
RS,0.4608,261,261,random,TINYIMAGENET,356,main_b1000_tinyimagenet_alexnet_RS_kp75_seed1024,0.75,0.4534,False,0.75,alexnet,0.75,TINYIMAGENET_alexnet_RS_accuracy_kp7500_seed1024,1024,60000,356,42,accuracy,101024,0.4534,1,2.8337010254859925,49.25798632949591,10,2.8337010254859925,valid,0.4514794017102484,0.4990635237434378,0.4534,101024
RS,0.4608,261,261,random,TINYIMAGENET,357,main_b1000_tinyimagenet_alexnet_RS_kp75_seed1024,0.75,0.45335,False,0.75,alexnet,0.75,TINYIMAGENET_alexnet_RS_accuracy_kp7500_seed1024,1024,60000,357,42,accuracy,101024,0.45335,1,2.8744306584596635,48.88666060566902,10,2.8744306584596635,valid,0.4477458735500063,0.5060827668003316,0.4533499999999999,101024
RS,0.4608,261,261,random,TINYIMAGENET,358,main_b1000_tinyimagenet_alexnet_RS_kp75_seed1024,0.75,0.44995,False,0.75,alexnet,0.75,TINYIMAGENET_alexnet_RS_accuracy_kp7500_seed1024,1024,60000,358,42,accuracy,101024,0.44995,1,2.8855775568008424,48.974971406161785,10,2.8855775568008424,valid,0.44639512225074685,0.506508315189188,0.44995000000000007,101024
RS,0.4608,261,261,random,TINYIMAGENET,359,main_b1000_tinyimagenet_alexnet_RS_kp75_seed1024,0.75,0.4521,False,0.75,alexnet,0.75,TINYIMAGENET_alexnet_RS_accuracy_kp7500_seed1024,1024,60000,359,42,accuracy,101024,0.4521,1,2.86223585524559,49.090733394026756,10,2.86223585524559,valid,0.44945546944914083,0.5099677949579872,0.4521,101024
RS,0.4608,261,261,random,TINYIMAGENET,360,main_b1000_tinyimagenet_alexnet_RS_kp75_seed1024,0.75,0.44875,False,0.75,alexnet,0.75,TINYIMAGENET_alexnet_RS_accuracy_kp7500_seed1024,1024,60000,360,42,accuracy,101024,0.44875,1,2.876097758579254,49.20140117406845,10,2.876097758579254,valid,0.44287934677958246,0.4954163708674643,0.44875,101024
RS,0.4608,261,261,random,TINYIMAGENET,361,main_b1000_tinyimagenet_alexnet_RS_kp75_seed1024,0.75,0.4523,False,0.75,alexnet,0.75,TINYIMAGENET_alexnet_RS_accuracy_kp7500_seed1024,1024,60000,361,42,accuracy,101024,0.4523,1,2.8518622937202456,49.28408431261778,10,2.8518622937202456,valid,0.4481296620720374,0.5034423714498714,0.4523,101024
RS,0.4608,261,261,random,TINYIMAGENET,362,main_b1000_tinyimagenet_alexnet_RS_kp75_seed1024,0.75,0.4486,False,0.75,alexnet,0.75,TINYIMAGENET_alexnet_RS_accuracy_kp7500_seed1024,1024,60000,362,42,accuracy,101024,0.4486,1,2.9048628141880037,49.26900787651539,10,2.9048628141880037,valid,0.44655381576170383,0.5095967547498348,0.4486,101024
RS,0.4608,261,261,random,TINYIMAGENET,363,main_b1000_tinyimagenet_alexnet_RS_kp75_seed1024,0.75,0.4499,False,0.75,alexnet,0.75,TINYIMAGENET_alexnet_RS_accuracy_kp7500_seed1024,1024,60000,363,42,accuracy,101024,0.4499,1,2.873350616502762,49.065770864486694,10,2.873350616502762,valid,0.4462246878048998,0.5070667677452498,0.4499,101024
RS,0.4608,261,261,random,TINYIMAGENET,364,main_b1000_tinyimagenet_alexnet_RS_kp75_seed1024,0.75,0.45535,False,0.75,alexnet,0.75,TINYIMAGENET_alexnet_RS_accuracy_kp7500_seed1024,1024,60000,364,42,accuracy,101024,0.45535,1,2.853897774410248,48.83781477063894,10,2.853897774410248,valid,0.45015828377146194,0.5031679068246356,0.45535,101024
RS,0.4608,261,261,random,TINYIMAGENET,365,main_b1000_tinyimagenet_alexnet_RS_kp75_seed1024,0.75,0.4483,False,0.75,alexnet,0.75,TINYIMAGENET_alexnet_RS_accuracy_kp7500_seed1024,1024,60000,365,42,accuracy,101024,0.4483,1,2.9242359414100645,49.162884540855885,10,2.9242359414100645,valid,0.44780037102041026,0.5179959075401394,0.4483,101024
RS,0.4608,261,261,random,TINYIMAGENET,366,main_b1000_tinyimagenet_alexnet_RS_kp75_seed1024,0.75,0.4407,False,0.75,alexnet,0.75,TINYIMAGENET_alexnet_RS_accuracy_kp7500_seed1024,1024,60000,366,42,accuracy,101024,0.4407,1,2.969797610569,49.32073701173067,10,2.969797610569,valid,0.43806807329666897,0.5103017618980733,0.4407,101024
RS,0.4608,261,261,random,TINYIMAGENET,367,main_b1000_tinyimagenet_alexnet_RS_kp75_seed1024,0.75,0.45185,False,0.75,alexnet,0.75,TINYIMAGENET_alexnet_RS_accuracy_kp7500_seed1024,1024,60000,367,42,accuracy,101024,0.45185,1,2.90561080160141,49.24777749180794,10,2.90561080160141,valid,0.4463557775285068,0.5114047881651086,0.45185000000000003,101024
RS,0.4608,261,261,random,TINYIMAGENET,368,main_b1000_tinyimagenet_alexnet_RS_kp75_seed1024,0.75,0.4583,False,0.75,alexnet,0.75,TINYIMAGENET_alexnet_RS_accuracy_kp7500_seed1024,1024,60000,368,42,accuracy,101024,0.4583,1,2.8058048930168153,49.349994882941246,10,2.8058048930168153,valid,0.4530410228672511,0.5019495121046789,0.4583,101024
RS,0.4608,261,261,random,TINYIMAGENET,369,main_b1000_tinyimagenet_alexnet_RS_kp75_seed1024,0.75,0.4516,False,0.75,alexnet,0.75,TINYIMAGENET_alexnet_RS_accuracy_kp7500_seed1024,1024,60000,369,42,accuracy,101024,0.4516,1,2.876590232872963,49.027156822383404,10,2.876590232872963,valid,0.44858288275577535,0.5029419678446609,0.45159999999999995,101024
RS,0.4608,261,261,random,TINYIMAGENET,370,main_b1000_tinyimagenet_alexnet_RS_kp75_seed1024,0.75,0.45265,False,0.75,alexnet,0.75,TINYIMAGENET_alexnet_RS_accuracy_kp7500_seed1024,1024,60000,370,42,accuracy,101024,0.45265,1,2.837601180529594,48.90294798463583,10,2.837601180529594,valid,0.447781555580289,0.502485121790837,0.45265,101024
RS,0.4608,261,261,random,TINYIMAGENET,371,main_b1000_tinyimagenet_alexnet_RS_kp75_seed1024,0.75,0.4469,False,0.75,alexnet,0.75,TINYIMAGENET_alexnet_RS_accuracy_kp7500_seed1024,1024,60000,371,42,accuracy,101024,0.4469,1,2.9393609444379805,49.14579410105944,10,2.9393609444379805,valid,0.44418139179777183,0.5078842667582198,0.4469000000000001,101024
RS,0.4608,261,261,random,TINYIMAGENET,372,main_b1000_tinyimagenet_alexnet_RS_kp75_seed1024,0.75,0.44675,False,0.75,alexnet,0.75,TINYIMAGENET_alexnet_RS_accuracy_kp7500_seed1024,1024,60000,372,42,accuracy,101024,0.44675,1,2.8818865846037864,49.30693496763706,10,2.8818865846037864,valid,0.44389411831531844,0.5050347205699062,0.44675,101024
RS,0.4608,261,261,random,TINYIMAGENET,373,main_b1000_tinyimagenet_alexnet_RS_kp75_seed1024,0.75,0.454,False,0.75,alexnet,0.75,TINYIMAGENET_alexnet_RS_accuracy_kp7500_seed1024,1024,60000,373,42,accuracy,101024,0.454,1,2.8596269507169723,49.219876155257225,10,2.8596269507169723,valid,0.45125791113084757,0.506054642009018,0.45399999999999996,101024
RS,0.4608,261,261,random,TINYIMAGENET,374,main_b1000_tinyimagenet_alexnet_RS_kp75_seed1024,0.75,0.4512,False,0.75,alexnet,0.75,TINYIMAGENET_alexnet_RS_accuracy_kp7500_seed1024,1024,60000,374,42,accuracy,101024,0.4512,1,2.8774955789089205,49.26919757574797,10,2.8774955789089205,valid,0.4499547812248347,0.5081870760546492,0.4512,101024
RS,0.4608,261,261,random,TINYIMAGENET,375,main_b1000_tinyimagenet_alexnet_RS_kp75_seed1024,0.75,0.4506,False,0.75,alexnet,0.75,TINYIMAGENET_alexnet_RS_accuracy_kp7500_seed1024,1024,60000,375,42,accuracy,101024,0.4506,1,2.8595106429576873,49.11955139040947,10,2.8595106429576873,valid,0.45068326994920355,0.5100534676127575,0.4506,101024
RS,0.4608,261,261,random,TINYIMAGENET,376,main_b1000_tinyimagenet_alexnet_RS_kp75_seed1024,0.75,0.4477,False,0.75,alexnet,0.75,TINYIMAGENET_alexnet_RS_accuracy_kp7500_seed1024,1024,60000,376,42,accuracy,101024,0.4477,1,2.9135901948928833,48.83553095906973,10,2.9135901948928833,valid,0.4461459923885967,0.5083282057147319,0.44770000000000004,101024
RS,0.4608,261,261,random,TINYIMAGENET,377,main_b1000_tinyimagenet_alexnet_RS_kp75_seed1024,0.75,0.44385,False,0.75,alexnet,0.75,TINYIMAGENET_alexnet_RS_accuracy_kp7500_seed1024,1024,60000,377,42,accuracy,101024,0.44385,1,2.929102103567123,49.191684044897556,10,2.929102103567123,valid,0.4438155588819043,0.5105242880971607,0.44384999999999997,101024
RS,0.4608,261,261,random,TINYIMAGENET,378,main_b1000_tinyimagenet_alexnet_RS_kp75_seed1024,0.75,0.44775,False,0.75,alexnet,0.75,TINYIMAGENET_alexnet_RS_accuracy_kp7500_seed1024,1024,60000,378,42,accuracy,101024,0.44775,1,2.869629518222809,49.308922089636326,10,2.869629518222809,valid,0.4457174316367244,0.5050874776414473,0.44775,101024
RS,0.4608,261,261,random,TINYIMAGENET,379,main_b1000_tinyimagenet_alexnet_RS_kp75_seed1024,0.75,0.45435,False,0.75,alexnet,0.75,TINYIMAGENET_alexnet_RS_accuracy_kp7500_seed1024,1024,60000,379,42,accuracy,101024,0.45435,1,2.843354878115654,49.30544754862785,10,2.843354878115654,valid,0.44817281419004973,0.5054357849732775,0.45435000000000003,101024
RS,0.4608,261,261,random,TINYIMAGENET,380,main_b1000_tinyimagenet_alexnet_RS_kp75_seed1024,0.75,0.4516,False,0.75,alexnet,0.75,TINYIMAGENET_alexnet_RS_accuracy_kp7500_seed1024,1024,60000,380,42,accuracy,101024,0.4516,1,2.892373072862625,49.39189985394478,10,2.892373072862625,valid,0.4494957600910386,0.5064276720617429,0.45159999999999995,101024
RS,0.4608,261,261,random,TINYIMAGENET,381,main_b1000_tinyimagenet_alexnet_RS_kp75_seed1024,0.75,0.45,False,0.75,alexnet,0.75,TINYIMAGENET_alexnet_RS_accuracy_kp7500_seed1024,1024,60000,381,42,accuracy,101024,0.45,1,2.854661623811722,49.09871533513069,10,2.854661623811722,valid,0.44720049495076625,0.4982361035287367,0.45,101024
RS,0.4608,261,261,random,TINYIMAGENET,382,main_b1000_tinyimagenet_alexnet_RS_kp75_seed1024,0.75,0.44915,False,0.75,alexnet,0.75,TINYIMAGENET_alexnet_RS_accuracy_kp7500_seed1024,1024,60000,382,42,accuracy,101024,0.44915,1,2.8667432969093323,48.97150444239378,10,2.8667432969093323,valid,0.4459288571486632,0.5094344120740419,0.44915,101024
RS,0.4608,261,261,random,TINYIMAGENET,383,main_b1000_tinyimagenet_alexnet_RS_kp75_seed1024,0.75,0.4523,False,0.75,alexnet,0.75,TINYIMAGENET_alexnet_RS_accuracy_kp7500_seed1024,1024,60000,383,42,accuracy,101024,0.4523,1,2.8611515054225922,49.34269554913044,10,2.8611515054225922,valid,0.44945899968489256,0.5041753443294286,0.45230000000000004,101024
RS,0.4608,261,261,random,TINYIMAGENET,384,main_b1000_tinyimagenet_alexnet_RS_kp75_seed1024,0.75,0.45095,False,0.75,alexnet,0.75,TINYIMAGENET_alexnet_RS_accuracy_kp7500_seed1024,1024,60000,384,42,accuracy,101024,0.45095,1,2.836133518767357,49.371640771627426,10,2.836133518767357,valid,0.45023236773966135,0.5119413775700997,0.45094999999999996,101024
RS,0.4608,261,261,random,TINYIMAGENET,385,main_b1000_tinyimagenet_alexnet_RS_kp75_seed1024,0.75,0.45555,False,0.75,alexnet,0.75,TINYIMAGENET_alexnet_RS_accuracy_kp7500_seed1024,1024,60000,385,42,accuracy,101024,0.45555,1,2.8405398274540903,49.322206772863865,10,2.8405398274540903,valid,0.45264308527256975,0.5071827476909027,0.45555,101024
RS,0.4608,261,261,random,TINYIMAGENET,386,main_b1000_tinyimagenet_alexnet_RS_kp75_seed1024,0.75,0.45535,False,0.75,alexnet,0.75,TINYIMAGENET_alexnet_RS_accuracy_kp7500_seed1024,1024,60000,386,42,accuracy,101024,0.45535,1,2.8327829133987428,49.39464957267046,10,2.8327829133987428,valid,0.4528075271746128,0.5066129471558493,0.45535,101024
RS,0.4608,261,261,random,TINYIMAGENET,387,main_b1000_tinyimagenet_alexnet_RS_kp75_seed1024,0.75,0.4385,False,0.75,alexnet,0.75,TINYIMAGENET_alexnet_RS_accuracy_kp7500_seed1024,1024,60000,387,42,accuracy,101024,0.4385,1,2.953755063009262,49.178248040378094,10,2.953755063009262,valid,0.4366185822324652,0.5069403594164104,0.43849999999999995,101024
RS,0.4608,261,261,random,TINYIMAGENET,388,main_b1000_tinyimagenet_alexnet_RS_kp75_seed1024,0.75,0.4497,False,0.75,alexnet,0.75,TINYIMAGENET_alexnet_RS_accuracy_kp7500_seed1024,1024,60000,388,42,accuracy,101024,0.4497,1,2.8977997958898545,48.995221853256226,10,2.8977997958898545,valid,0.4462211040033262,0.5098590262527822,0.4497,101024
RS,0.46175,389,389,random,TINYIMAGENET,389,main_b1000_tinyimagenet_alexnet_RS_kp75_seed1024,0.75,0.46175,True,0.75,alexnet,0.75,TINYIMAGENET_alexnet_RS_accuracy_kp7500_seed1024,1024,60000,389,42,accuracy,101024,0.46175,1,2.816210603237152,49.39570192992687,10,2.816210603237152,valid,0.46153492481640657,0.5187557025037659,0.46175,101024
RS,0.46175,389,389,random,TINYIMAGENET,390,main_b1000_tinyimagenet_alexnet_RS_kp75_seed1024,0.75,0.4449,False,0.75,alexnet,0.75,TINYIMAGENET_alexnet_RS_accuracy_kp7500_seed1024,1024,60000,390,42,accuracy,101024,0.4449,1,2.964733820104599,49.37699168920517,10,2.964733820104599,valid,0.4396722062604519,0.5134201392667989,0.44489999999999996,101024
RS,0.46175,389,389,random,TINYIMAGENET,391,main_b1000_tinyimagenet_alexnet_RS_kp75_seed1024,0.75,0.44575,False,0.75,alexnet,0.75,TINYIMAGENET_alexnet_RS_accuracy_kp7500_seed1024,1024,60000,391,42,accuracy,101024,0.44575,1,2.939133864736557,49.38505343347788,10,2.939133864736557,valid,0.44131925864170035,0.5068882113515008,0.44575000000000004,101024
RS,0.46175,389,389,random,TINYIMAGENET,392,main_b1000_tinyimagenet_alexnet_RS_kp75_seed1024,0.75,0.44305,False,0.75,alexnet,0.75,TINYIMAGENET_alexnet_RS_accuracy_kp7500_seed1024,1024,60000,392,42,accuracy,101024,0.44305,1,2.908063364982605,49.45915521681309,10,2.908063364982605,valid,0.43992261774453795,0.5034499587345497,0.44305,101024
RS,0.46175,389,389,random,TINYIMAGENET,393,main_b1000_tinyimagenet_alexnet_RS_kp75_seed1024,0.75,0.4456,False,0.75,alexnet,0.75,TINYIMAGENET_alexnet_RS_accuracy_kp7500_seed1024,1024,60000,393,42,accuracy,101024,0.4456,1,2.8998576545238497,49.2360779941082,10,2.8998576545238497,valid,0.4482815299670044,0.5090477806945694,0.4456,101024
RS,0.46175,389,389,random,TINYIMAGENET,394,main_b1000_tinyimagenet_alexnet_RS_kp75_seed1024,0.75,0.4506,False,0.75,alexnet,0.75,TINYIMAGENET_alexnet_RS_accuracy_kp7500_seed1024,1024,60000,394,42,accuracy,101024,0.4506,1,2.8989158469200134,49.04399047791958,10,2.8989158469200134,valid,0.4501899578436507,0.5119427567933004,0.4506,101024
RS,0.46175,389,389,random,TINYIMAGENET,395,main_b1000_tinyimagenet_alexnet_RS_kp75_seed1024,0.75,0.45355,False,0.75,alexnet,0.75,TINYIMAGENET_alexnet_RS_accuracy_kp7500_seed1024,1024,60000,395,42,accuracy,101024,0.45355,1,2.8755774013042448,49.39387123286724,10,2.8755774013042448,valid,0.45010017696201216,0.5171593935403813,0.45355000000000006,101024
RS,0.46175,389,389,random,TINYIMAGENET,396,main_b1000_tinyimagenet_alexnet_RS_kp75_seed1024,0.75,0.4478,False,0.75,alexnet,0.75,TINYIMAGENET_alexnet_RS_accuracy_kp7500_seed1024,1024,60000,396,42,accuracy,101024,0.4478,1,2.9156299091339113,49.39172736555338,10,2.9156299091339113,valid,0.44668477783066607,0.5200607669688441,0.44780000000000003,101024
RS,0.46175,389,389,random,TINYIMAGENET,397,main_b1000_tinyimagenet_alexnet_RS_kp75_seed1024,0.75,0.45245,False,0.75,alexnet,0.75,TINYIMAGENET_alexnet_RS_accuracy_kp7500_seed1024,1024,60000,397,42,accuracy,101024,0.45245,1,2.867345602941513,49.388998448848724,10,2.867345602941513,valid,0.4478366320375949,0.5046908451890421,0.45245,101024
RS,0.46175,389,389,random,TINYIMAGENET,398,main_b1000_tinyimagenet_alexnet_RS_kp75_seed1024,0.75,0.4497,False,0.75,alexnet,0.75,TINYIMAGENET_alexnet_RS_accuracy_kp7500_seed1024,1024,60000,398,42,accuracy,101024,0.4497,1,2.873543816328049,49.45564129948616,10,2.873543816328049,valid,0.44702215729149924,0.503795403560987,0.4497,101024
RS,0.46175,389,389,random,TINYIMAGENET,399,main_b1000_tinyimagenet_alexnet_RS_kp75_seed1024,0.75,0.4589,False,0.75,alexnet,0.75,TINYIMAGENET_alexnet_RS_accuracy_kp7500_seed1024,1024,60000,399,42,accuracy,101024,0.4589,1,2.829554575395584,49.23408380895853,10,2.829554575395584,valid,0.4554083691274119,0.5121428154346248,0.4589000000000001,101024
RS,0.46175,389,389,random,TINYIMAGENET,400,main_b1000_tinyimagenet_alexnet_RS_kp75_seed1024,0.75,0.44705,False,0.75,alexnet,0.75,TINYIMAGENET_alexnet_RS_accuracy_kp7500_seed1024,1024,60000,400,42,accuracy,101024,0.44705,1,2.898495961213112,48.96187746524811,10,2.898495961213112,valid,0.4420343383751784,0.508333875070067,0.44705,101024
RS,0.46175,389,389,random,TINYIMAGENET,401,main_b1000_tinyimagenet_alexnet_RS_kp75_seed1024,0.75,0.4409,False,0.75,alexnet,0.75,TINYIMAGENET_alexnet_RS_accuracy_kp7500_seed1024,1024,60000,401,42,accuracy,101024,0.4409,1,2.9127910279273985,49.30499258637428,10,2.9127910279273985,valid,0.4399326641841774,0.5084981965445715,0.4409,101024
RS,0.46175,389,389,random,TINYIMAGENET,402,main_b1000_tinyimagenet_alexnet_RS_kp75_seed1024,0.75,0.4482,False,0.75,alexnet,0.75,TINYIMAGENET_alexnet_RS_accuracy_kp7500_seed1024,1024,60000,402,42,accuracy,101024,0.4482,1,2.895698338985443,49.37139572203159,10,2.895698338985443,valid,0.4464575741912567,0.5067173627918303,0.4482,101024
RS,0.46175,389,389,random,TINYIMAGENET,403,main_b1000_tinyimagenet_alexnet_RS_kp75_seed1024,0.75,0.446,False,0.75,alexnet,0.75,TINYIMAGENET_alexnet_RS_accuracy_kp7500_seed1024,1024,60000,403,42,accuracy,101024,0.446,1,2.8913689507484435,49.44432143121958,10,2.8913689507484435,valid,0.44183672643222804,0.5047045733240441,0.44600000000000006,101024
RS,0.46175,389,389,random,TINYIMAGENET,404,main_b1000_tinyimagenet_alexnet_RS_kp75_seed1024,0.75,0.4489,False,0.75,alexnet,0.75,TINYIMAGENET_alexnet_RS_accuracy_kp7500_seed1024,1024,60000,404,42,accuracy,101024,0.4489,1,2.9050211057424544,49.4653509631753,10,2.9050211057424544,valid,0.4464161427958864,0.5100466118360303,0.4489,101024
RS,0.46175,389,389,random,TINYIMAGENET,405,main_b1000_tinyimagenet_alexnet_RS_kp75_seed1024,0.75,0.44275,False,0.75,alexnet,0.75,TINYIMAGENET_alexnet_RS_accuracy_kp7500_seed1024,1024,60000,405,42,accuracy,101024,0.44275,1,2.9378920367598536,49.32947015762329,10,2.9378920367598536,valid,0.44002323599226534,0.5116987112574921,0.44275,101024
RS,0.46175,389,389,random,TINYIMAGENET,406,main_b1000_tinyimagenet_alexnet_RS_kp75_seed1024,0.75,0.44325,False,0.75,alexnet,0.75,TINYIMAGENET_alexnet_RS_accuracy_kp7500_seed1024,1024,60000,406,42,accuracy,101024,0.44325,1,2.8972079058647155,49.00542018562555,10,2.8972079058647155,valid,0.44038552967519345,0.5013614705567945,0.44325000000000003,101024
RS,0.46175,389,389,random,TINYIMAGENET,407,main_b1000_tinyimagenet_alexnet_RS_kp75_seed1024,0.75,0.457,False,0.75,alexnet,0.75,TINYIMAGENET_alexnet_RS_accuracy_kp7500_seed1024,1024,60000,407,42,accuracy,101024,0.457,1,2.896193127632141,49.3444407582283,10,2.896193127632141,valid,0.4492738141753839,0.5039399398100887,0.457,101024
RS,0.46175,389,389,random,TINYIMAGENET,408,main_b1000_tinyimagenet_alexnet_RS_kp75_seed1024,0.75,0.449,False,0.75,alexnet,0.75,TINYIMAGENET_alexnet_RS_accuracy_kp7500_seed1024,1024,60000,408,42,accuracy,101024,0.449,1,2.916516301727295,49.52467059344053,10,2.916516301727295,valid,0.4459776521929893,0.5099517326808187,0.449,101024
RS,0.46175,389,389,random,TINYIMAGENET,409,main_b1000_tinyimagenet_alexnet_RS_kp75_seed1024,0.75,0.454,False,0.75,alexnet,0.75,TINYIMAGENET_alexnet_RS_accuracy_kp7500_seed1024,1024,60000,409,42,accuracy,101024,0.454,1,2.8605169108390807,49.43094638735056,10,2.8605169108390807,valid,0.45088246930798304,0.5129613679645297,0.45399999999999996,101024
RS,0.46175,389,389,random,TINYIMAGENET,410,main_b1000_tinyimagenet_alexnet_RS_kp75_seed1024,0.75,0.4531,False,0.75,alexnet,0.75,TINYIMAGENET_alexnet_RS_accuracy_kp7500_seed1024,1024,60000,410,42,accuracy,101024,0.4531,1,2.864948722219467,49.51723442226648,10,2.864948722219467,valid,0.44894258448839236,0.5073678162807923,0.4531,101024
RS,0.46175,389,389,random,TINYIMAGENET,411,main_b1000_tinyimagenet_alexnet_RS_kp75_seed1024,0.75,0.449,False,0.75,alexnet,0.75,TINYIMAGENET_alexnet_RS_accuracy_kp7500_seed1024,1024,60000,411,42,accuracy,101024,0.449,1,2.87294837808609,49.485108114778996,10,2.87294837808609,valid,0.4467449750477306,0.5056595290199754,0.449,101024
RS,0.46175,389,389,random,TINYIMAGENET,412,main_b1000_tinyimagenet_alexnet_RS_kp75_seed1024,0.75,0.44485,False,0.75,alexnet,0.75,TINYIMAGENET_alexnet_RS_accuracy_kp7500_seed1024,1024,60000,412,42,accuracy,101024,0.44485,1,2.9191202555656433,49.02993815392256,10,2.9191202555656433,valid,0.44529981159655757,0.5104257200755026,0.44484999999999997,101024
RS,0.46175,389,389,random,TINYIMAGENET,413,main_b1000_tinyimagenet_alexnet_RS_kp75_seed1024,0.75,0.45455,False,0.75,alexnet,0.75,TINYIMAGENET_alexnet_RS_accuracy_kp7500_seed1024,1024,60000,413,42,accuracy,101024,0.45455,1,2.8321429225921633,49.39843028783798,10,2.8321429225921633,valid,0.45168887987444095,0.5070825549991047,0.45455000000000007,101024
RS,0.46175,389,389,random,TINYIMAGENET,414,main_b1000_tinyimagenet_alexnet_RS_kp75_seed1024,0.75,0.45415,False,0.75,alexnet,0.75,TINYIMAGENET_alexnet_RS_accuracy_kp7500_seed1024,1024,60000,414,42,accuracy,101024,0.45415,1,2.8437690375208855,49.363308385014534,10,2.8437690375208855,valid,0.45207765153518087,0.5097214403321901,0.45415000000000005,101024
RS,0.46175,389,389,random,TINYIMAGENET,415,main_b1000_tinyimagenet_alexnet_RS_kp75_seed1024,0.75,0.4512,False,0.75,alexnet,0.75,TINYIMAGENET_alexnet_RS_accuracy_kp7500_seed1024,1024,60000,415,42,accuracy,101024,0.4512,1,2.8423127260923384,49.546213522553444,10,2.8423127260923384,valid,0.4471300897760011,0.5112108137922549,0.45120000000000005,101024
RS,0.46175,389,389,random,TINYIMAGENET,416,main_b1000_tinyimagenet_alexnet_RS_kp75_seed1024,0.75,0.44865,False,0.75,alexnet,0.75,TINYIMAGENET_alexnet_RS_accuracy_kp7500_seed1024,1024,60000,416,42,accuracy,101024,0.44865,1,2.8297476943016053,49.54231891781092,10,2.8297476943016053,valid,0.4465032110026725,0.5038395424307686,0.44864999999999994,101024
RS,0.46175,389,389,random,TINYIMAGENET,417,main_b1000_tinyimagenet_alexnet_RS_kp75_seed1024,0.75,0.45225,False,0.75,alexnet,0.75,TINYIMAGENET_alexnet_RS_accuracy_kp7500_seed1024,1024,60000,417,42,accuracy,101024,0.45225,1,2.8832181169509887,49.52087189257145,10,2.8832181169509887,valid,0.4484892985085175,0.5062942319688687,0.45225000000000004,101024
RS,0.46175,389,389,random,TINYIMAGENET,418,main_b1000_tinyimagenet_alexnet_RS_kp75_seed1024,0.75,0.4482,False,0.75,alexnet,0.75,TINYIMAGENET_alexnet_RS_accuracy_kp7500_seed1024,1024,60000,418,42,accuracy,101024,0.4482,1,2.832550377035141,49.22152704000473,10,2.832550377035141,valid,0.4441596661278697,0.4963958451593146,0.4482,101024
RS,0.46175,389,389,random,TINYIMAGENET,419,main_b1000_tinyimagenet_alexnet_RS_kp75_seed1024,0.75,0.44445,False,0.75,alexnet,0.75,TINYIMAGENET_alexnet_RS_accuracy_kp7500_seed1024,1024,60000,419,42,accuracy,101024,0.44445,1,2.9193626544952394,49.19655350595713,10,2.9193626544952394,valid,0.44054152929710483,0.501365248182686,0.44445,101024
RS,0.46175,389,389,random,TINYIMAGENET,420,main_b1000_tinyimagenet_alexnet_RS_kp75_seed1024,0.75,0.4543,False,0.75,alexnet,0.75,TINYIMAGENET_alexnet_RS_accuracy_kp7500_seed1024,1024,60000,420,42,accuracy,101024,0.4543,1,2.815873147392273,49.360592022538185,10,2.815873147392273,valid,0.4513894359364513,0.5045062295831311,0.4543,101024
RS,0.46175,389,389,random,TINYIMAGENET,421,main_b1000_tinyimagenet_alexnet_RS_kp75_seed1024,0.75,0.4555,False,0.75,alexnet,0.75,TINYIMAGENET_alexnet_RS_accuracy_kp7500_seed1024,1024,60000,421,42,accuracy,101024,0.4555,1,2.8345289561748506,49.49187824875116,10,2.8345289561748506,valid,0.4510086940149899,0.5050107243208583,0.45549999999999996,101024
RS,0.46175,389,389,random,TINYIMAGENET,422,main_b1000_tinyimagenet_alexnet_RS_kp75_seed1024,0.75,0.45365,False,0.75,alexnet,0.75,TINYIMAGENET_alexnet_RS_accuracy_kp7500_seed1024,1024,60000,422,42,accuracy,101024,0.45365,1,2.8271972537517547,49.47568064928055,10,2.8271972537517547,valid,0.4502361133146864,0.500190009863194,0.4536500000000001,101024
RS,0.46175,389,389,random,TINYIMAGENET,423,main_b1000_tinyimagenet_alexnet_RS_kp75_seed1024,0.75,0.44965,False,0.75,alexnet,0.75,TINYIMAGENET_alexnet_RS_accuracy_kp7500_seed1024,1024,60000,423,42,accuracy,101024,0.44965,1,2.872716080236435,49.462158516049385,10,2.872716080236435,valid,0.4463164789608451,0.5069456013470073,0.44965000000000005,101024
RS,0.46175,389,389,random,TINYIMAGENET,424,main_b1000_tinyimagenet_alexnet_RS_kp75_seed1024,0.75,0.44395,False,0.75,alexnet,0.75,TINYIMAGENET_alexnet_RS_accuracy_kp7500_seed1024,1024,60000,424,42,accuracy,101024,0.44395,1,2.953741290640831,49.228915341198444,10,2.953741290640831,valid,0.4407409604556959,0.5092293008072698,0.44394999999999996,101024
RS,0.46175,389,389,random,TINYIMAGENET,425,main_b1000_tinyimagenet_alexnet_RS_kp75_seed1024,0.75,0.44915,False,0.75,alexnet,0.75,TINYIMAGENET_alexnet_RS_accuracy_kp7500_seed1024,1024,60000,425,42,accuracy,101024,0.44915,1,2.8845093762874603,49.0453684553504,10,2.8845093762874603,valid,0.44861116505261733,0.5174783306218002,0.44915,101024
RS,0.46175,389,389,random,TINYIMAGENET,426,main_b1000_tinyimagenet_alexnet_RS_kp75_seed1024,0.75,0.4559,False,0.75,alexnet,0.75,TINYIMAGENET_alexnet_RS_accuracy_kp7500_seed1024,1024,60000,426,42,accuracy,101024,0.4559,1,2.854334324836731,49.38092960417271,10,2.854334324836731,valid,0.4516655710490972,0.5055790133257758,0.4559,101024
RS,0.46175,389,389,random,TINYIMAGENET,427,main_b1000_tinyimagenet_alexnet_RS_kp75_seed1024,0.75,0.4496,False,0.75,alexnet,0.75,TINYIMAGENET_alexnet_RS_accuracy_kp7500_seed1024,1024,60000,427,42,accuracy,101024,0.4496,1,2.8469554824113845,49.38100392371416,10,2.8469554824113845,valid,0.44917181590771305,0.49988013643113743,0.4496,101024
RS,0.46175,389,389,random,TINYIMAGENET,428,main_b1000_tinyimagenet_alexnet_RS_kp75_seed1024,0.75,0.44885,False,0.75,alexnet,0.75,TINYIMAGENET_alexnet_RS_accuracy_kp7500_seed1024,1024,60000,428,42,accuracy,101024,0.44885,1,2.8580871359825135,49.43689166754484,10,2.8580871359825135,valid,0.44842899906729705,0.5023172549902446,0.44885,101024
RS,0.46175,389,389,random,TINYIMAGENET,429,main_b1000_tinyimagenet_alexnet_RS_kp75_seed1024,0.75,0.44905,False,0.75,alexnet,0.75,TINYIMAGENET_alexnet_RS_accuracy_kp7500_seed1024,1024,60000,429,42,accuracy,101024,0.44905,1,2.880718112945557,49.379492059350014,10,2.880718112945557,valid,0.4431670047868809,0.5017744848062073,0.44905,101024
RS,0.46175,389,389,random,TINYIMAGENET,430,main_b1000_tinyimagenet_alexnet_RS_kp75_seed1024,0.75,0.45565,False,0.75,alexnet,0.75,TINYIMAGENET_alexnet_RS_accuracy_kp7500_seed1024,1024,60000,430,42,accuracy,101024,0.45565,1,2.8330638373851778,49.19869843125343,10,2.8330638373851778,valid,0.45200137771267807,0.5007914029907002,0.45565,101024
RS,0.46175,389,389,random,TINYIMAGENET,431,main_b1000_tinyimagenet_alexnet_RS_kp75_seed1024,0.75,0.4526,False,0.75,alexnet,0.75,TINYIMAGENET_alexnet_RS_accuracy_kp7500_seed1024,1024,60000,431,42,accuracy,101024,0.4526,1,2.8824126118183138,49.37421049922705,10,2.8824126118183138,valid,0.44953135042120596,0.5068243063529593,0.45260000000000006,101024
RS,0.46175,389,389,random,TINYIMAGENET,432,main_b1000_tinyimagenet_alexnet_RS_kp75_seed1024,0.75,0.4508,False,0.75,alexnet,0.75,TINYIMAGENET_alexnet_RS_accuracy_kp7500_seed1024,1024,60000,432,42,accuracy,101024,0.4508,1,2.8903635230064393,49.38539161533117,10,2.8903635230064393,valid,0.4500485578926757,0.5111690333628007,0.4508,101024
RS,0.46175,389,389,random,TINYIMAGENET,433,main_b1000_tinyimagenet_alexnet_RS_kp75_seed1024,0.75,0.4464,False,0.75,alexnet,0.75,TINYIMAGENET_alexnet_RS_accuracy_kp7500_seed1024,1024,60000,433,42,accuracy,101024,0.4464,1,2.8820703979492186,49.54349511116743,10,2.8820703979492186,valid,0.4421541711428486,0.4986455779768684,0.4464,101024
RS,0.46175,389,389,random,TINYIMAGENET,434,main_b1000_tinyimagenet_alexnet_RS_kp75_seed1024,0.75,0.45425,False,0.75,alexnet,0.75,TINYIMAGENET_alexnet_RS_accuracy_kp7500_seed1024,1024,60000,434,42,accuracy,101024,0.45425,1,2.8289322930812837,49.454053677618504,10,2.8289322930812837,valid,0.4515922206567157,0.5042428498197602,0.45425000000000004,101024
RS,0.46175,389,389,random,TINYIMAGENET,435,main_b1000_tinyimagenet_alexnet_RS_kp75_seed1024,0.75,0.4582,False,0.75,alexnet,0.75,TINYIMAGENET_alexnet_RS_accuracy_kp7500_seed1024,1024,60000,435,42,accuracy,101024,0.4582,1,2.829312865233421,49.4571977853775,10,2.829312865233421,valid,0.45416986382226354,0.5104792121408579,0.4582,101024
RS,0.46175,389,389,random,TINYIMAGENET,436,main_b1000_tinyimagenet_alexnet_RS_kp75_seed1024,0.75,0.45945,False,0.75,alexnet,0.75,TINYIMAGENET_alexnet_RS_accuracy_kp7500_seed1024,1024,60000,436,42,accuracy,101024,0.45945,1,2.801930429172516,49.36364331096411,10,2.801930429172516,valid,0.4573194284637075,0.507995535751368,0.45945,101024
RS,0.46175,389,389,random,TINYIMAGENET,437,main_b1000_tinyimagenet_alexnet_RS_kp75_seed1024,0.75,0.4449,False,0.75,alexnet,0.75,TINYIMAGENET_alexnet_RS_accuracy_kp7500_seed1024,1024,60000,437,42,accuracy,101024,0.4449,1,2.9190639323711394,48.9108147546649,10,2.9190639323711394,valid,0.4429791745219315,0.5026065766129533,0.44489999999999996,101024
RS,0.46175,389,389,random,TINYIMAGENET,438,main_b1000_tinyimagenet_alexnet_RS_kp75_seed1024,0.75,0.45155,False,0.75,alexnet,0.75,TINYIMAGENET_alexnet_RS_accuracy_kp7500_seed1024,1024,60000,438,42,accuracy,101024,0.45155,1,2.861357513475418,49.38582667708397,10,2.861357513475418,valid,0.45010538973872116,0.5114965734921277,0.45155,101024
RS,0.46175,389,389,random,TINYIMAGENET,439,main_b1000_tinyimagenet_alexnet_RS_kp75_seed1024,0.75,0.45045,False,0.75,alexnet,0.75,TINYIMAGENET_alexnet_RS_accuracy_kp7500_seed1024,1024,60000,439,42,accuracy,101024,0.45045,1,2.9099420109272005,49.56475615501404,10,2.9099420109272005,valid,0.4482138172768103,0.5083688603149219,0.45045,101024
RS,0.46175,389,389,random,TINYIMAGENET,440,main_b1000_tinyimagenet_alexnet_RS_kp75_seed1024,0.75,0.4521,False,0.75,alexnet,0.75,TINYIMAGENET_alexnet_RS_accuracy_kp7500_seed1024,1024,60000,440,42,accuracy,101024,0.4521,1,2.846483006477356,49.676700823009014,10,2.846483006477356,valid,0.4500816524472935,0.5067799965463177,0.4521,101024
RS,0.46175,389,389,random,TINYIMAGENET,441,main_b1000_tinyimagenet_alexnet_RS_kp75_seed1024,0.75,0.45405,False,0.75,alexnet,0.75,TINYIMAGENET_alexnet_RS_accuracy_kp7500_seed1024,1024,60000,441,42,accuracy,101024,0.45405,1,2.8184170803189277,49.51319895684719,10,2.8184170803189277,valid,0.4494954922646096,0.4985147107023743,0.45405,101024
RS,0.46175,389,389,random,TINYIMAGENET,442,main_b1000_tinyimagenet_alexnet_RS_kp75_seed1024,0.75,0.4532,False,0.75,alexnet,0.75,TINYIMAGENET_alexnet_RS_accuracy_kp7500_seed1024,1024,60000,442,42,accuracy,101024,0.4532,1,2.854118379545212,49.34015454351902,10,2.854118379545212,valid,0.450150908253534,0.5011717941029779,0.4532,101024
RS,0.46175,389,389,random,TINYIMAGENET,443,main_b1000_tinyimagenet_alexnet_RS_kp75_seed1024,0.75,0.45065,False,0.75,alexnet,0.75,TINYIMAGENET_alexnet_RS_accuracy_kp7500_seed1024,1024,60000,443,42,accuracy,101024,0.45065,1,2.8642756406784056,49.025419138371944,10,2.8642756406784056,valid,0.4484325862490677,0.510370040050218,0.45065,101024
RS,0.46175,389,389,random,TINYIMAGENET,444,main_b1000_tinyimagenet_alexnet_RS_kp75_seed1024,0.75,0.45265,False,0.75,alexnet,0.75,TINYIMAGENET_alexnet_RS_accuracy_kp7500_seed1024,1024,60000,444,42,accuracy,101024,0.45265,1,2.868156977176666,49.36247558146715,10,2.868156977176666,valid,0.4485218889988165,0.5037111724230262,0.45265,101024
RS,0.46175,389,389,random,TINYIMAGENET,445,main_b1000_tinyimagenet_alexnet_RS_kp75_seed1024,0.75,0.45385,False,0.75,alexnet,0.75,TINYIMAGENET_alexnet_RS_accuracy_kp7500_seed1024,1024,60000,445,42,accuracy,101024,0.45385,1,2.902950896310806,49.48767835646868,10,2.902950896310806,valid,0.44526692798606915,0.5074808472416562,0.45385000000000003,101024
RS,0.46175,389,389,random,TINYIMAGENET,446,main_b1000_tinyimagenet_alexnet_RS_kp75_seed1024,0.75,0.45275,False,0.75,alexnet,0.75,TINYIMAGENET_alexnet_RS_accuracy_kp7500_seed1024,1024,60000,446,42,accuracy,101024,0.45275,1,2.8398007952690123,49.53459293395281,10,2.8398007952690123,valid,0.45175218508399284,0.5067443463638895,0.45275000000000004,101024
RS,0.46175,389,389,random,TINYIMAGENET,447,main_b1000_tinyimagenet_alexnet_RS_kp75_seed1024,0.75,0.45495,False,0.75,alexnet,0.75,TINYIMAGENET_alexnet_RS_accuracy_kp7500_seed1024,1024,60000,447,42,accuracy,101024,0.45495,1,2.881291202878952,49.52093531936407,10,2.881291202878952,valid,0.4476760229842489,0.5014341233666242,0.45494999999999997,101024
RS,0.46175,389,389,random,TINYIMAGENET,448,main_b1000_tinyimagenet_alexnet_RS_kp75_seed1024,0.75,0.4499,False,0.75,alexnet,0.75,TINYIMAGENET_alexnet_RS_accuracy_kp7500_seed1024,1024,60000,448,42,accuracy,101024,0.4499,1,2.86323060297966,49.50745516270399,10,2.86323060297966,valid,0.44553728831564376,0.5074749328892665,0.4499,101024
RS,0.46175,389,389,random,TINYIMAGENET,449,main_b1000_tinyimagenet_alexnet_RS_kp75_seed1024,0.75,0.45565,False,0.75,alexnet,0.75,TINYIMAGENET_alexnet_RS_accuracy_kp7500_seed1024,1024,60000,449,42,accuracy,101024,0.45565,1,2.8471454446315767,49.13939446955919,10,2.8471454446315767,valid,0.4525065804145844,0.5059050946011368,0.45565,101024
RS,0.46175,389,389,random,TINYIMAGENET,450,main_b1000_tinyimagenet_alexnet_RS_kp75_seed1024,0.75,0.4452,False,0.75,alexnet,0.75,TINYIMAGENET_alexnet_RS_accuracy_kp7500_seed1024,1024,60000,450,42,accuracy,101024,0.4452,1,2.9167278891324995,49.22289118915796,10,2.9167278891324995,valid,0.4413388150929846,0.5049635298648338,0.44520000000000004,101024
RS,0.46175,389,389,random,TINYIMAGENET,451,main_b1000_tinyimagenet_alexnet_RS_kp75_seed1024,0.75,0.4521,False,0.75,alexnet,0.75,TINYIMAGENET_alexnet_RS_accuracy_kp7500_seed1024,1024,60000,451,42,accuracy,101024,0.4521,1,2.8750470739126204,49.50642591714859,10,2.8750470739126204,valid,0.4478610421518711,0.5111179316011817,0.4521,101024
RS,0.46175,389,389,random,TINYIMAGENET,452,main_b1000_tinyimagenet_alexnet_RS_kp75_seed1024,0.75,0.451,False,0.75,alexnet,0.75,TINYIMAGENET_alexnet_RS_accuracy_kp7500_seed1024,1024,60000,452,42,accuracy,101024,0.451,1,2.885192516183853,49.50604113936424,10,2.885192516183853,valid,0.45014712804900064,0.5100615071956887,0.451,101024
RS,0.46175,389,389,random,TINYIMAGENET,453,main_b1000_tinyimagenet_alexnet_RS_kp75_seed1024,0.75,0.44835,False,0.75,alexnet,0.75,TINYIMAGENET_alexnet_RS_accuracy_kp7500_seed1024,1024,60000,453,42,accuracy,101024,0.44835,1,2.8983501468658446,49.46397189050913,10,2.8983501468658446,valid,0.4445246676102158,0.5046454097949586,0.4483500000000001,101024
RS,0.46175,389,389,random,TINYIMAGENET,454,main_b1000_tinyimagenet_alexnet_RS_kp75_seed1024,0.75,0.44825,False,0.75,alexnet,0.75,TINYIMAGENET_alexnet_RS_accuracy_kp7500_seed1024,1024,60000,454,42,accuracy,101024,0.44825,1,2.8932944483041765,49.54371763765812,10,2.8932944483041765,valid,0.4456795818794237,0.5037624374440068,0.44825000000000004,101024
RS,0.46175,389,389,random,TINYIMAGENET,455,main_b1000_tinyimagenet_alexnet_RS_kp75_seed1024,0.75,0.4461,False,0.75,alexnet,0.75,TINYIMAGENET_alexnet_RS_accuracy_kp7500_seed1024,1024,60000,455,42,accuracy,101024,0.4461,1,2.8922840648889543,49.027557492256165,10,2.8922840648889543,valid,0.44383591799167327,0.5063092418479548,0.4461,101024
RS,0.46175,389,389,random,TINYIMAGENET,456,main_b1000_tinyimagenet_alexnet_RS_kp75_seed1024,0.75,0.4487,False,0.75,alexnet,0.75,TINYIMAGENET_alexnet_RS_accuracy_kp7500_seed1024,1024,60000,456,42,accuracy,101024,0.4487,1,2.904732487821579,49.33947663009167,10,2.904732487821579,valid,0.4460824764929271,0.5078565147169776,0.44870000000000004,101024
RS,0.46175,389,389,random,TINYIMAGENET,457,main_b1000_tinyimagenet_alexnet_RS_kp75_seed1024,0.75,0.4559,False,0.75,alexnet,0.75,TINYIMAGENET_alexnet_RS_accuracy_kp7500_seed1024,1024,60000,457,42,accuracy,101024,0.4559,1,2.8593161947250367,49.387220084667206,10,2.8593161947250367,valid,0.4525897385750969,0.5048463271022454,0.4559,101024
RS,0.46175,389,389,random,TINYIMAGENET,458,main_b1000_tinyimagenet_alexnet_RS_kp75_seed1024,0.75,0.45785,False,0.75,alexnet,0.75,TINYIMAGENET_alexnet_RS_accuracy_kp7500_seed1024,1024,60000,458,42,accuracy,101024,0.45785,1,2.868096383857727,50.9159095659852,10,2.868096383857727,valid,0.45350676327784833,0.5147930466920718,0.45785,101024
RS,0.46175,389,389,random,TINYIMAGENET,459,main_b1000_tinyimagenet_alexnet_RS_kp75_seed1024,0.75,0.4434,False,0.75,alexnet,0.75,TINYIMAGENET_alexnet_RS_accuracy_kp7500_seed1024,1024,60000,459,42,accuracy,101024,0.4434,1,2.9088129640102385,49.5338077545166,10,2.9088129640102385,valid,0.44201612149121544,0.5073590483703134,0.4434,101024
RS,0.46175,389,389,random,TINYIMAGENET,460,main_b1000_tinyimagenet_alexnet_RS_kp75_seed1024,0.75,0.45535,False,0.75,alexnet,0.75,TINYIMAGENET_alexnet_RS_accuracy_kp7500_seed1024,1024,60000,460,42,accuracy,101024,0.45535,1,2.8769905388355257,49.489069275557995,10,2.8769905388355257,valid,0.4523387989773387,0.512359198704971,0.45535000000000003,101024
RS,0.46175,389,389,random,TINYIMAGENET,461,main_b1000_tinyimagenet_alexnet_RS_kp75_seed1024,0.75,0.44575,False,0.75,alexnet,0.75,TINYIMAGENET_alexnet_RS_accuracy_kp7500_seed1024,1024,60000,461,42,accuracy,101024,0.44575,1,2.935083114004135,49.316985711455345,10,2.935083114004135,valid,0.44092628834937114,0.5066319936139577,0.44575000000000004,101024
RS,0.46175,389,389,random,TINYIMAGENET,462,main_b1000_tinyimagenet_alexnet_RS_kp75_seed1024,0.75,0.45115,False,0.75,alexnet,0.75,TINYIMAGENET_alexnet_RS_accuracy_kp7500_seed1024,1024,60000,462,42,accuracy,101024,0.45115,1,2.882654861021042,63.091397039592266,10,2.882654861021042,valid,0.44474247711705056,0.5078544323347685,0.45114999999999994,101024
RS,0.46175,389,389,random,TINYIMAGENET,463,main_b1000_tinyimagenet_alexnet_RS_kp75_seed1024,0.75,0.449,False,0.75,alexnet,0.75,TINYIMAGENET_alexnet_RS_accuracy_kp7500_seed1024,1024,60000,463,42,accuracy,101024,0.449,1,2.8733677211761472,49.57078308612108,10,2.8733677211761472,valid,0.44596671537433424,0.5014831111638247,0.449,101024
RS,0.46175,389,389,random,TINYIMAGENET,464,main_b1000_tinyimagenet_alexnet_RS_kp75_seed1024,0.75,0.4519,False,0.75,alexnet,0.75,TINYIMAGENET_alexnet_RS_accuracy_kp7500_seed1024,1024,60000,464,42,accuracy,101024,0.4519,1,2.8442765875577924,52.63257169723511,10,2.8442765875577924,valid,0.4487858933538962,0.509713469456579,0.45189999999999997,101024
RS,0.46175,389,389,random,TINYIMAGENET,465,main_b1000_tinyimagenet_alexnet_RS_kp75_seed1024,0.75,0.45815,False,0.75,alexnet,0.75,TINYIMAGENET_alexnet_RS_accuracy_kp7500_seed1024,1024,60000,465,42,accuracy,101024,0.45815,1,2.8769172955036164,49.829657673835754,10,2.8769172955036164,valid,0.4558510575307362,0.5159259372118009,0.45815,101024
RS,0.46175,389,389,random,TINYIMAGENET,466,main_b1000_tinyimagenet_alexnet_RS_kp75_seed1024,0.75,0.45395,False,0.75,alexnet,0.75,TINYIMAGENET_alexnet_RS_accuracy_kp7500_seed1024,1024,60000,466,42,accuracy,101024,0.45395,1,2.873491649436951,49.56855284422636,10,2.873491649436951,valid,0.4477709915173915,0.5010378147393931,0.45394999999999996,101024
RS,0.46175,389,389,random,TINYIMAGENET,467,main_b1000_tinyimagenet_alexnet_RS_kp75_seed1024,0.75,0.44105,False,0.75,alexnet,0.75,TINYIMAGENET_alexnet_RS_accuracy_kp7500_seed1024,1024,60000,467,42,accuracy,101024,0.44105,1,2.9929202448248864,49.15496273338795,10,2.9929202448248864,valid,0.4363262431971728,0.514924370746629,0.44104999999999994,101024
RS,0.46175,389,389,random,TINYIMAGENET,468,main_b1000_tinyimagenet_alexnet_RS_kp75_seed1024,0.75,0.4502,False,0.75,alexnet,0.75,TINYIMAGENET_alexnet_RS_accuracy_kp7500_seed1024,1024,60000,468,42,accuracy,101024,0.4502,1,2.8608472838401795,49.2663484737277,10,2.8608472838401795,valid,0.4437783855061373,0.49350889888583405,0.45019999999999993,101024
RS,0.46175,389,389,random,TINYIMAGENET,469,main_b1000_tinyimagenet_alexnet_RS_kp75_seed1024,0.75,0.45145,False,0.75,alexnet,0.75,TINYIMAGENET_alexnet_RS_accuracy_kp7500_seed1024,1024,60000,469,42,accuracy,101024,0.45145,1,2.844053135204315,49.678559854626656,10,2.844053135204315,valid,0.4493566060371961,0.5057956335372528,0.45145,101024
RS,0.46175,389,389,random,TINYIMAGENET,470,main_b1000_tinyimagenet_alexnet_RS_kp75_seed1024,0.75,0.45305,False,0.75,alexnet,0.75,TINYIMAGENET_alexnet_RS_accuracy_kp7500_seed1024,1024,60000,470,42,accuracy,101024,0.45305,1,2.875021235013008,49.59678181260824,10,2.875021235013008,valid,0.45195851170140416,0.5082958477624411,0.45305,101024
RS,0.46175,389,389,random,TINYIMAGENET,471,main_b1000_tinyimagenet_alexnet_RS_kp75_seed1024,0.75,0.4415,False,0.75,alexnet,0.75,TINYIMAGENET_alexnet_RS_accuracy_kp7500_seed1024,1024,60000,471,42,accuracy,101024,0.4415,1,2.9063280263900757,49.592383585870266,10,2.9063280263900757,valid,0.44318371392407185,0.5057798604939255,0.44150000000000006,101024
RS,0.46175,389,389,random,TINYIMAGENET,472,main_b1000_tinyimagenet_alexnet_RS_kp75_seed1024,0.75,0.4555,False,0.75,alexnet,0.75,TINYIMAGENET_alexnet_RS_accuracy_kp7500_seed1024,1024,60000,472,42,accuracy,101024,0.4555,1,2.840912789273262,49.644642151892185,10,2.840912789273262,valid,0.4509880833163825,0.509566137447328,0.45549999999999996,101024
RS,0.46175,389,389,random,TINYIMAGENET,473,main_b1000_tinyimagenet_alexnet_RS_kp75_seed1024,0.75,0.44885,False,0.75,alexnet,0.75,TINYIMAGENET_alexnet_RS_accuracy_kp7500_seed1024,1024,60000,473,42,accuracy,101024,0.44885,1,2.893361007285118,49.422721832990646,10,2.893361007285118,valid,0.44496990181443974,0.5101225123431249,0.44884999999999997,101024
RS,0.46175,389,389,random,TINYIMAGENET,474,main_b1000_tinyimagenet_alexnet_RS_kp75_seed1024,0.75,0.46155,False,0.75,alexnet,0.75,TINYIMAGENET_alexnet_RS_accuracy_kp7500_seed1024,1024,60000,474,42,accuracy,101024,0.46155,1,2.8164353076457975,49.10656859725714,10,2.8164353076457975,valid,0.45680092960904006,0.5066990935869241,0.46155,101024
RS,0.46175,389,389,random,TINYIMAGENET,475,main_b1000_tinyimagenet_alexnet_RS_kp75_seed1024,0.75,0.45005,False,0.75,alexnet,0.75,TINYIMAGENET_alexnet_RS_accuracy_kp7500_seed1024,1024,60000,475,42,accuracy,101024,0.45005,1,2.8602744232177733,49.537657864391804,10,2.8602744232177733,valid,0.4475845137638684,0.5055710493026928,0.45004999999999995,101024
RS,0.46175,389,389,random,TINYIMAGENET,476,main_b1000_tinyimagenet_alexnet_RS_kp75_seed1024,0.75,0.4495,False,0.75,alexnet,0.75,TINYIMAGENET_alexnet_RS_accuracy_kp7500_seed1024,1024,60000,476,42,accuracy,101024,0.4495,1,2.843995481967926,49.673951372504234,10,2.843995481967926,valid,0.44609965504759896,0.5061106799551938,0.4495,101024
RS,0.46175,389,389,random,TINYIMAGENET,477,main_b1000_tinyimagenet_alexnet_RS_kp75_seed1024,0.75,0.45065,False,0.75,alexnet,0.75,TINYIMAGENET_alexnet_RS_accuracy_kp7500_seed1024,1024,60000,477,42,accuracy,101024,0.45065,1,2.8345019077539444,49.63531868159771,10,2.8345019077539444,valid,0.4457988656699382,0.49683590034681435,0.45065,101024
RS,0.46175,389,389,random,TINYIMAGENET,478,main_b1000_tinyimagenet_alexnet_RS_kp75_seed1024,0.75,0.45485,False,0.75,alexnet,0.75,TINYIMAGENET_alexnet_RS_accuracy_kp7500_seed1024,1024,60000,478,42,accuracy,101024,0.45485,1,2.8591516865730284,49.61073525995016,10,2.8591516865730284,valid,0.4512575318714903,0.5044027028474496,0.45485,101024
RS,0.46175,389,389,random,TINYIMAGENET,479,main_b1000_tinyimagenet_alexnet_RS_kp75_seed1024,0.75,0.44655,False,0.75,alexnet,0.75,TINYIMAGENET_alexnet_RS_accuracy_kp7500_seed1024,1024,60000,479,42,accuracy,101024,0.44655,1,2.9086453976631166,49.567634373903275,10,2.9086453976631166,valid,0.44046116922872286,0.5008391208019912,0.44655,101024
RS,0.46175,389,389,random,TINYIMAGENET,480,main_b1000_tinyimagenet_alexnet_RS_kp75_seed1024,0.75,0.45245,False,0.75,alexnet,0.75,TINYIMAGENET_alexnet_RS_accuracy_kp7500_seed1024,1024,60000,480,42,accuracy,101024,0.45245,1,2.8571450689554214,49.16777090728283,10,2.8571450689554214,valid,0.4492736100667268,0.5039333436491442,0.45244999999999996,101024
RS,0.46175,389,389,random,TINYIMAGENET,481,main_b1000_tinyimagenet_alexnet_RS_kp75_seed1024,0.75,0.45415,False,0.75,alexnet,0.75,TINYIMAGENET_alexnet_RS_accuracy_kp7500_seed1024,1024,60000,481,42,accuracy,101024,0.45415,1,2.862698230457306,49.48995890468359,10,2.862698230457306,valid,0.45481631888960466,0.5138475204214179,0.45415,101024
RS,0.46175,389,389,random,TINYIMAGENET,482,main_b1000_tinyimagenet_alexnet_RS_kp75_seed1024,0.75,0.44515,False,0.75,alexnet,0.75,TINYIMAGENET_alexnet_RS_accuracy_kp7500_seed1024,1024,60000,482,42,accuracy,101024,0.44515,1,2.8855898699998854,49.646814063191414,10,2.8855898699998854,valid,0.4395401302799266,0.5020698262049624,0.44515,101024
RS,0.46175,389,389,random,TINYIMAGENET,483,main_b1000_tinyimagenet_alexnet_RS_kp75_seed1024,0.75,0.45225,False,0.75,alexnet,0.75,TINYIMAGENET_alexnet_RS_accuracy_kp7500_seed1024,1024,60000,483,42,accuracy,101024,0.45225,1,2.885805641889572,49.73155354708433,10,2.885805641889572,valid,0.4516301550190515,0.5129940366786309,0.45225000000000004,101024
RS,0.46175,389,389,random,TINYIMAGENET,484,main_b1000_tinyimagenet_alexnet_RS_kp75_seed1024,0.75,0.45745,False,0.75,alexnet,0.75,TINYIMAGENET_alexnet_RS_accuracy_kp7500_seed1024,1024,60000,484,42,accuracy,101024,0.45745,1,2.8675982915878295,49.609815165400505,10,2.8675982915878295,valid,0.45299269043111323,0.5067304271904561,0.45745,101024
RS,0.46175,389,389,random,TINYIMAGENET,485,main_b1000_tinyimagenet_alexnet_RS_kp75_seed1024,0.75,0.4455,False,0.75,alexnet,0.75,TINYIMAGENET_alexnet_RS_accuracy_kp7500_seed1024,1024,60000,485,42,accuracy,101024,0.4455,1,2.912504946231842,49.63672809302807,10,2.912504946231842,valid,0.44345507999959166,0.5106318404843299,0.44549999999999995,101024
RS,0.46175,389,389,random,TINYIMAGENET,486,main_b1000_tinyimagenet_alexnet_RS_kp75_seed1024,0.75,0.44985,False,0.75,alexnet,0.75,TINYIMAGENET_alexnet_RS_accuracy_kp7500_seed1024,1024,60000,486,42,accuracy,101024,0.44985,1,2.8986521346569063,49.19666612148285,10,2.8986521346569063,valid,0.4496255610159372,0.5113824566872304,0.44984999999999997,101024
RS,0.46175,389,389,random,TINYIMAGENET,487,main_b1000_tinyimagenet_alexnet_RS_kp75_seed1024,0.75,0.45085,False,0.75,alexnet,0.75,TINYIMAGENET_alexnet_RS_accuracy_kp7500_seed1024,1024,60000,487,42,accuracy,101024,0.45085,1,2.9006074295520783,49.42249742895365,10,2.9006074295520783,valid,0.4495082706655934,0.5117703472703472,0.45085000000000003,101024
RS,0.46175,389,389,random,TINYIMAGENET,488,main_b1000_tinyimagenet_alexnet_RS_kp75_seed1024,0.75,0.4544,False,0.75,alexnet,0.75,TINYIMAGENET_alexnet_RS_accuracy_kp7500_seed1024,1024,60000,488,42,accuracy,101024,0.4544,1,2.847591090297699,49.692348547279835,10,2.847591090297699,valid,0.4501579716594691,0.514440758030719,0.45439999999999997,101024
RS,0.46175,389,389,random,TINYIMAGENET,489,main_b1000_tinyimagenet_alexnet_RS_kp75_seed1024,0.75,0.4554,False,0.75,alexnet,0.75,TINYIMAGENET_alexnet_RS_accuracy_kp7500_seed1024,1024,60000,489,42,accuracy,101024,0.4554,1,2.8723583823680876,49.634705290198326,10,2.8723583823680876,valid,0.4535101751967588,0.5079329070155949,0.45539999999999997,101024
RS,0.46175,389,389,random,TINYIMAGENET,490,main_b1000_tinyimagenet_alexnet_RS_kp75_seed1024,0.75,0.45235,False,0.75,alexnet,0.75,TINYIMAGENET_alexnet_RS_accuracy_kp7500_seed1024,1024,60000,490,42,accuracy,101024,0.45235,1,2.8570017267227175,49.59078676253557,10,2.8570017267227175,valid,0.4478031174550525,0.4976606422625909,0.45235,101024
RS,0.46175,389,389,random,TINYIMAGENET,491,main_b1000_tinyimagenet_alexnet_RS_kp75_seed1024,0.75,0.4509,False,0.75,alexnet,0.75,TINYIMAGENET_alexnet_RS_accuracy_kp7500_seed1024,1024,60000,491,42,accuracy,101024,0.4509,1,2.83830974111557,49.56454862654209,10,2.83830974111557,valid,0.44950183306033,0.5051623202618266,0.4509,101024
RS,0.46175,389,389,random,TINYIMAGENET,492,main_b1000_tinyimagenet_alexnet_RS_kp75_seed1024,0.75,0.4466,False,0.75,alexnet,0.75,TINYIMAGENET_alexnet_RS_accuracy_kp7500_seed1024,1024,60000,492,42,accuracy,101024,0.4466,1,2.8952100233078,49.337152279913425,10,2.8952100233078,valid,0.43956137044388405,0.49879527894114384,0.44660000000000005,101024
RS,0.46175,389,389,random,TINYIMAGENET,493,main_b1000_tinyimagenet_alexnet_RS_kp75_seed1024,0.75,0.45635,False,0.75,alexnet,0.75,TINYIMAGENET_alexnet_RS_accuracy_kp7500_seed1024,1024,60000,493,42,accuracy,101024,0.45635,1,2.8298511838674547,49.38264470547438,10,2.8298511838674547,valid,0.4510616673822218,0.5014964790001756,0.45635000000000003,101024
RS,0.46175,389,389,random,TINYIMAGENET,494,main_b1000_tinyimagenet_alexnet_RS_kp75_seed1024,0.75,0.45175,False,0.75,alexnet,0.75,TINYIMAGENET_alexnet_RS_accuracy_kp7500_seed1024,1024,60000,494,42,accuracy,101024,0.45175,1,2.8621442754745483,49.60237357020378,10,2.8621442754745483,valid,0.44968789189517666,0.5089541250362093,0.45175,101024
RS,0.46175,389,389,random,TINYIMAGENET,495,main_b1000_tinyimagenet_alexnet_RS_kp75_seed1024,0.75,0.45065,False,0.75,alexnet,0.75,TINYIMAGENET_alexnet_RS_accuracy_kp7500_seed1024,1024,60000,495,42,accuracy,101024,0.45065,1,2.873905619227886,49.745644234120846,10,2.873905619227886,valid,0.44813607588661314,0.5017376347940984,0.45065,101024
RS,0.46175,389,389,random,TINYIMAGENET,496,main_b1000_tinyimagenet_alexnet_RS_kp75_seed1024,0.75,0.45555,False,0.75,alexnet,0.75,TINYIMAGENET_alexnet_RS_accuracy_kp7500_seed1024,1024,60000,496,42,accuracy,101024,0.45555,1,2.8663416998147966,49.686116956174374,10,2.8663416998147966,valid,0.45315931758611716,0.5116640730221945,0.45555,101024
RS,0.46175,389,389,random,TINYIMAGENET,497,main_b1000_tinyimagenet_alexnet_RS_kp75_seed1024,0.75,0.454,False,0.75,alexnet,0.75,TINYIMAGENET_alexnet_RS_accuracy_kp7500_seed1024,1024,60000,497,42,accuracy,101024,0.454,1,2.8691176788330077,49.59051565825939,10,2.8691176788330077,valid,0.44934063417593934,0.5078067361796466,0.45399999999999996,101024
RS,0.46175,389,389,random,TINYIMAGENET,498,main_b1000_tinyimagenet_alexnet_RS_kp75_seed1024,0.75,0.4455,False,0.75,alexnet,0.75,TINYIMAGENET_alexnet_RS_accuracy_kp7500_seed1024,1024,60000,498,42,accuracy,101024,0.4455,1,2.9290567638874054,49.434183210134506,10,2.9290567638874054,valid,0.4434702591537938,0.513787625194024,0.44549999999999995,101024
RS,0.46175,389,389,random,TINYIMAGENET,499,main_b1000_tinyimagenet_alexnet_RS_kp75_seed1024,0.75,0.4508,False,0.75,alexnet,0.75,TINYIMAGENET_alexnet_RS_accuracy_kp7500_seed1024,1024,60000,499,42,accuracy,101024,0.4508,1,2.9361383165359496,49.41561432182789,10,2.9361383165359496,valid,0.4485750259656088,0.5130387543107456,0.4508,101024
RS,0.46175,389,389,random,TINYIMAGENET,500,main_b1000_tinyimagenet_alexnet_RS_kp75_seed1024,0.75,0.4515,False,0.75,alexnet,0.75,TINYIMAGENET_alexnet_RS_accuracy_kp7500_seed1024,1024,60000,500,42,accuracy,101024,0.4515,1,2.886921549940109,49.70617400854826,10,2.886921549940109,valid,0.4475753329640657,0.5079744963349527,0.4515,101024
RS,0.46175,389,389,random,TINYIMAGENET,501,main_b1000_tinyimagenet_alexnet_RS_kp75_seed1024,0.75,0.45645,False,0.75,alexnet,0.75,TINYIMAGENET_alexnet_RS_accuracy_kp7500_seed1024,1024,60000,501,42,accuracy,101024,0.45645,1,2.8618399958848952,49.767339147627354,10,2.8618399958848952,valid,0.45130718984222895,0.5114081579858425,0.45644999999999997,101024
RS,0.46175,389,389,random,TINYIMAGENET,502,main_b1000_tinyimagenet_alexnet_RS_kp75_seed1024,0.75,0.44755,False,0.75,alexnet,0.75,TINYIMAGENET_alexnet_RS_accuracy_kp7500_seed1024,1024,60000,502,42,accuracy,101024,0.44755,1,2.862314863681793,49.755084589123726,10,2.862314863681793,valid,0.44476683128523853,0.5029868990332408,0.44755,101024
RS,0.46175,389,389,random,TINYIMAGENET,503,main_b1000_tinyimagenet_alexnet_RS_kp75_seed1024,0.75,0.44575,False,0.75,alexnet,0.75,TINYIMAGENET_alexnet_RS_accuracy_kp7500_seed1024,1024,60000,503,42,accuracy,101024,0.44575,1,2.8689781747341154,49.635427832603455,10,2.8689781747341154,valid,0.4454067981606149,0.5027749579467933,0.44575000000000004,101024
RS,0.46175,389,389,random,TINYIMAGENET,504,main_b1000_tinyimagenet_alexnet_RS_kp75_seed1024,0.75,0.454,False,0.75,alexnet,0.75,TINYIMAGENET_alexnet_RS_accuracy_kp7500_seed1024,1024,60000,504,42,accuracy,101024,0.454,1,2.8278472016334533,49.67523814737797,10,2.8278472016334533,valid,0.4483876439823631,0.49236583973810655,0.45399999999999996,101024
RS,0.46175,389,389,random,TINYIMAGENET,505,main_b1000_tinyimagenet_alexnet_RS_kp75_seed1024,0.75,0.45115,False,0.75,alexnet,0.75,TINYIMAGENET_alexnet_RS_accuracy_kp7500_seed1024,1024,60000,505,42,accuracy,101024,0.45115,1,2.8657281203269958,49.32736322283745,10,2.8657281203269958,valid,0.44966460569118655,0.5090858033616954,0.45114999999999994,101024
RS,0.46175,389,389,random,TINYIMAGENET,506,main_b1000_tinyimagenet_alexnet_RS_kp75_seed1024,0.75,0.45845,False,0.75,alexnet,0.75,TINYIMAGENET_alexnet_RS_accuracy_kp7500_seed1024,1024,60000,506,42,accuracy,101024,0.45845,1,2.8087691984415053,49.678144969046116,10,2.8087691984415053,valid,0.45767213036582305,0.504823376338675,0.45844999999999997,101024
RS,0.46175,389,389,random,TINYIMAGENET,507,main_b1000_tinyimagenet_alexnet_RS_kp75_seed1024,0.75,0.4528,False,0.75,alexnet,0.75,TINYIMAGENET_alexnet_RS_accuracy_kp7500_seed1024,1024,60000,507,42,accuracy,101024,0.4528,1,2.8748007627248766,49.78232270479202,10,2.8748007627248766,valid,0.45264235983869905,0.5143115294092788,0.45280000000000004,101024
RS,0.46175,389,389,random,TINYIMAGENET,508,main_b1000_tinyimagenet_alexnet_RS_kp75_seed1024,0.75,0.45645,False,0.75,alexnet,0.75,TINYIMAGENET_alexnet_RS_accuracy_kp7500_seed1024,1024,60000,508,42,accuracy,101024,0.45645,1,2.8685334709644317,49.76243395358324,10,2.8685334709644317,valid,0.45506482695550426,0.5101029323925015,0.45644999999999997,101024
RS,0.46175,389,389,random,TINYIMAGENET,509,main_b1000_tinyimagenet_alexnet_RS_kp75_seed1024,0.75,0.45425,False,0.75,alexnet,0.75,TINYIMAGENET_alexnet_RS_accuracy_kp7500_seed1024,1024,60000,509,42,accuracy,101024,0.45425,1,2.8583413369178774,49.60720543563366,10,2.8583413369178774,valid,0.44997097343457865,0.5128371582065386,0.45425,101024
RS,0.46175,389,389,random,TINYIMAGENET,510,main_b1000_tinyimagenet_alexnet_RS_kp75_seed1024,0.75,0.4452,False,0.75,alexnet,0.75,TINYIMAGENET_alexnet_RS_accuracy_kp7500_seed1024,1024,60000,510,42,accuracy,101024,0.4452,1,2.913819565296173,49.529191456735134,10,2.913819565296173,valid,0.44155480139741693,0.5060995561895997,0.4452,101024
RS,0.46175,389,389,random,TINYIMAGENET,511,main_b1000_tinyimagenet_alexnet_RS_kp75_seed1024,0.75,0.46015,False,0.75,alexnet,0.75,TINYIMAGENET_alexnet_RS_accuracy_kp7500_seed1024,1024,60000,511,42,accuracy,101024,0.46015,1,2.804910455274582,49.2670504450798,10,2.804910455274582,valid,0.45626429988714906,0.5034905540380006,0.46015,101024
RS,0.46175,389,389,random,TINYIMAGENET,512,main_b1000_tinyimagenet_alexnet_RS_kp75_seed1024,0.75,0.44905,False,0.75,alexnet,0.75,TINYIMAGENET_alexnet_RS_accuracy_kp7500_seed1024,1024,60000,512,42,accuracy,101024,0.44905,1,2.864633827638626,49.63473912328482,10,2.864633827638626,valid,0.44992018789338517,0.5122450036075505,0.44905,101024
RS,0.46175,389,389,random,TINYIMAGENET,513,main_b1000_tinyimagenet_alexnet_RS_kp75_seed1024,0.75,0.4566,False,0.75,alexnet,0.75,TINYIMAGENET_alexnet_RS_accuracy_kp7500_seed1024,1024,60000,513,42,accuracy,101024,0.4566,1,2.8432349873542786,49.76980872452259,10,2.8432349873542786,valid,0.4524357475150741,0.5026195425342183,0.45660000000000006,101024
RS,0.46175,389,389,random,TINYIMAGENET,514,main_b1000_tinyimagenet_alexnet_RS_kp75_seed1024,0.75,0.4555,False,0.75,alexnet,0.75,TINYIMAGENET_alexnet_RS_accuracy_kp7500_seed1024,1024,60000,514,42,accuracy,101024,0.4555,1,2.826950841331482,49.67542903125286,10,2.826950841331482,valid,0.4490966802894233,0.5051111311433325,0.45549999999999996,101024
RS,0.46175,389,389,random,TINYIMAGENET,515,main_b1000_tinyimagenet_alexnet_RS_kp75_seed1024,0.75,0.4517,False,0.75,alexnet,0.75,TINYIMAGENET_alexnet_RS_accuracy_kp7500_seed1024,1024,60000,515,42,accuracy,101024,0.4517,1,2.8636525936603547,49.668698124587536,10,2.8636525936603547,valid,0.4486760684693185,0.509462965780421,0.4517,101024
RS,0.46175,389,389,random,TINYIMAGENET,516,main_b1000_tinyimagenet_alexnet_RS_kp75_seed1024,0.75,0.4487,False,0.75,alexnet,0.75,TINYIMAGENET_alexnet_RS_accuracy_kp7500_seed1024,1024,60000,516,42,accuracy,101024,0.4487,1,2.8900729093551636,49.70175829529762,10,2.8900729093551636,valid,0.4460889185332506,0.5110055380068002,0.44870000000000004,101024
RS,0.46175,389,389,random,TINYIMAGENET,517,main_b1000_tinyimagenet_alexnet_RS_kp75_seed1024,0.75,0.45055,False,0.75,alexnet,0.75,TINYIMAGENET_alexnet_RS_accuracy_kp7500_seed1024,1024,60000,517,42,accuracy,101024,0.45055,1,2.8869797110080717,49.4375756829977,10,2.8869797110080717,valid,0.4485495761717128,0.5104730973396715,0.45054999999999995,101024
RS,0.46175,389,389,random,TINYIMAGENET,518,main_b1000_tinyimagenet_alexnet_RS_kp75_seed1024,0.75,0.45255,False,0.75,alexnet,0.75,TINYIMAGENET_alexnet_RS_accuracy_kp7500_seed1024,1024,60000,518,42,accuracy,101024,0.45255,1,2.8443123990535737,49.605560041964054,10,2.8443123990535737,valid,0.44974310518841454,0.49997746704342494,0.45255,101024
RS,0.46175,389,389,random,TINYIMAGENET,519,main_b1000_tinyimagenet_alexnet_RS_kp75_seed1024,0.75,0.45385,False,0.75,alexnet,0.75,TINYIMAGENET_alexnet_RS_accuracy_kp7500_seed1024,1024,60000,519,42,accuracy,101024,0.45385,1,2.863026938080788,49.64250922203064,10,2.863026938080788,valid,0.4501191645454386,0.5086662621491275,0.45385000000000003,101024
RS,0.46175,389,389,random,TINYIMAGENET,520,main_b1000_tinyimagenet_alexnet_RS_kp75_seed1024,0.75,0.44785,False,0.75,alexnet,0.75,TINYIMAGENET_alexnet_RS_accuracy_kp7500_seed1024,1024,60000,520,42,accuracy,101024,0.44785,1,2.8958022513866424,49.727854527533054,10,2.8958022513866424,valid,0.4429455029928077,0.5017123085374673,0.44784999999999997,101024
RS,0.46175,389,389,random,TINYIMAGENET,521,main_b1000_tinyimagenet_alexnet_RS_kp75_seed1024,0.75,0.4494,False,0.75,alexnet,0.75,TINYIMAGENET_alexnet_RS_accuracy_kp7500_seed1024,1024,60000,521,42,accuracy,101024,0.4494,1,2.8723695538043974,49.70767833292484,10,2.8723695538043974,valid,0.4423994841076497,0.5046380009202656,0.44939999999999997,101024
RS,0.46175,389,389,random,TINYIMAGENET,522,main_b1000_tinyimagenet_alexnet_RS_kp75_seed1024,0.75,0.44855,False,0.75,alexnet,0.75,TINYIMAGENET_alexnet_RS_accuracy_kp7500_seed1024,1024,60000,522,42,accuracy,101024,0.44855,1,2.9085270278930664,49.71941273659468,10,2.9085270278930664,valid,0.4444937171548191,0.5006877216103282,0.44855000000000006,101024
RS,0.46175,389,389,random,TINYIMAGENET,523,main_b1000_tinyimagenet_alexnet_RS_kp75_seed1024,0.75,0.44035,False,0.75,alexnet,0.75,TINYIMAGENET_alexnet_RS_accuracy_kp7500_seed1024,1024,60000,523,42,accuracy,101024,0.44035,1,2.929529539012909,49.70409815013409,10,2.929529539012909,valid,0.43976411765407164,0.5108711826082876,0.44034999999999996,101024
RS,0.46175,389,389,random,TINYIMAGENET,524,main_b1000_tinyimagenet_alexnet_RS_kp75_seed1024,0.75,0.45035,False,0.75,alexnet,0.75,TINYIMAGENET_alexnet_RS_accuracy_kp7500_seed1024,1024,60000,524,42,accuracy,101024,0.45035,1,2.875021985435486,49.22878334671259,10,2.875021985435486,valid,0.44744435163973556,0.5043064431780333,0.45035,101024
RS,0.46175,389,389,random,TINYIMAGENET,525,main_b1000_tinyimagenet_alexnet_RS_kp75_seed1024,0.75,0.4497,False,0.75,alexnet,0.75,TINYIMAGENET_alexnet_RS_accuracy_kp7500_seed1024,1024,60000,525,42,accuracy,101024,0.4497,1,2.8890020450115204,49.57779514789581,10,2.8890020450115204,valid,0.4468560541176522,0.5118274507975035,0.4497,101024
RS,0.46175,389,389,random,TINYIMAGENET,526,main_b1000_tinyimagenet_alexnet_RS_kp75_seed1024,0.75,0.45165,False,0.75,alexnet,0.75,TINYIMAGENET_alexnet_RS_accuracy_kp7500_seed1024,1024,60000,526,42,accuracy,101024,0.45165,1,2.856910421514511,49.608341850340366,10,2.856910421514511,valid,0.44663628201595373,0.5039151982842387,0.45165000000000005,101024
RS,0.46175,389,389,random,TINYIMAGENET,527,main_b1000_tinyimagenet_alexnet_RS_kp75_seed1024,0.75,0.4513,False,0.75,alexnet,0.75,TINYIMAGENET_alexnet_RS_accuracy_kp7500_seed1024,1024,60000,527,42,accuracy,101024,0.4513,1,2.858017514157295,49.68985837697983,10,2.858017514157295,valid,0.4502730966833631,0.503337317078027,0.45130000000000003,101024
RS,0.46175,389,389,random,TINYIMAGENET,528,main_b1000_tinyimagenet_alexnet_RS_kp75_seed1024,0.75,0.4495,False,0.75,alexnet,0.75,TINYIMAGENET_alexnet_RS_accuracy_kp7500_seed1024,1024,60000,528,42,accuracy,101024,0.4495,1,2.881462822675705,49.81471297889948,10,2.881462822675705,valid,0.44623664895491244,0.5017129729501087,0.4495,101024
RS,0.46175,389,389,random,TINYIMAGENET,529,main_b1000_tinyimagenet_alexnet_RS_kp75_seed1024,0.75,0.44705,False,0.75,alexnet,0.75,TINYIMAGENET_alexnet_RS_accuracy_kp7500_seed1024,1024,60000,529,42,accuracy,101024,0.44705,1,2.8828454589605332,49.65098411589861,10,2.8828454589605332,valid,0.445878010185488,0.5089367059054244,0.44705,101024
RS,0.46175,389,389,random,TINYIMAGENET,530,main_b1000_tinyimagenet_alexnet_RS_kp75_seed1024,0.75,0.45135,False,0.75,alexnet,0.75,TINYIMAGENET_alexnet_RS_accuracy_kp7500_seed1024,1024,60000,530,42,accuracy,101024,0.45135,1,2.8689822386264803,49.58435094356537,10,2.8689822386264803,valid,0.4490857449270019,0.5060897364565864,0.45135000000000003,101024
RS,0.46175,389,389,random,TINYIMAGENET,531,main_b1000_tinyimagenet_alexnet_RS_kp75_seed1024,0.75,0.45405,False,0.75,alexnet,0.75,TINYIMAGENET_alexnet_RS_accuracy_kp7500_seed1024,1024,60000,531,42,accuracy,101024,0.45405,1,2.805120261859894,49.19840609282255,10,2.805120261859894,valid,0.4489943310641184,0.4994951189812585,0.45405,101024
RS,0.46175,389,389,random,TINYIMAGENET,532,main_b1000_tinyimagenet_alexnet_RS_kp75_seed1024,0.75,0.45775,False,0.75,alexnet,0.75,TINYIMAGENET_alexnet_RS_accuracy_kp7500_seed1024,1024,60000,532,42,accuracy,101024,0.45775,1,2.793292873287201,49.56977977603674,10,2.793292873287201,valid,0.45538839405787634,0.497858359569611,0.45775000000000005,101024
RS,0.46175,389,389,random,TINYIMAGENET,533,main_b1000_tinyimagenet_alexnet_RS_kp75_seed1024,0.75,0.45645,False,0.75,alexnet,0.75,TINYIMAGENET_alexnet_RS_accuracy_kp7500_seed1024,1024,60000,533,42,accuracy,101024,0.45645,1,2.8350347712516784,49.73529174178839,10,2.8350347712516784,valid,0.4513900041679551,0.5042127879255917,0.45644999999999997,101024
RS,0.46175,389,389,random,TINYIMAGENET,534,main_b1000_tinyimagenet_alexnet_RS_kp75_seed1024,0.75,0.45095,False,0.75,alexnet,0.75,TINYIMAGENET_alexnet_RS_accuracy_kp7500_seed1024,1024,60000,534,42,accuracy,101024,0.45095,1,2.882561567544937,49.65806311368942,10,2.882561567544937,valid,0.4468857908281626,0.5033738969275737,0.45094999999999996,101024
RS,0.46175,389,389,random,TINYIMAGENET,535,main_b1000_tinyimagenet_alexnet_RS_kp75_seed1024,0.75,0.4551,False,0.75,alexnet,0.75,TINYIMAGENET_alexnet_RS_accuracy_kp7500_seed1024,1024,60000,535,42,accuracy,101024,0.4551,1,2.84649702334404,49.76314265280962,10,2.84649702334404,valid,0.4532403246132523,0.5086541705218273,0.45510000000000006,101024
RS,0.46175,389,389,random,TINYIMAGENET,536,main_b1000_tinyimagenet_alexnet_RS_kp75_seed1024,0.75,0.4503,False,0.75,alexnet,0.75,TINYIMAGENET_alexnet_RS_accuracy_kp7500_seed1024,1024,60000,536,42,accuracy,101024,0.4503,1,2.8737810463905333,49.726618371903896,10,2.8737810463905333,valid,0.4481334470574805,0.5053309492087221,0.4502999999999999,101024
RS,0.46175,389,389,random,TINYIMAGENET,537,main_b1000_tinyimagenet_alexnet_RS_kp75_seed1024,0.75,0.45375,False,0.75,alexnet,0.75,TINYIMAGENET_alexnet_RS_accuracy_kp7500_seed1024,1024,60000,537,42,accuracy,101024,0.45375,1,2.8335732973575594,49.675922341644764,10,2.8335732973575594,valid,0.45257761543604746,0.5008829479983009,0.45375,101024
RS,0.46175,389,389,random,TINYIMAGENET,538,main_b1000_tinyimagenet_alexnet_RS_kp75_seed1024,0.75,0.44605,False,0.75,alexnet,0.75,TINYIMAGENET_alexnet_RS_accuracy_kp7500_seed1024,1024,60000,538,42,accuracy,101024,0.44605,1,2.933591366147995,49.219724006950855,10,2.933591366147995,valid,0.44158385687879276,0.5028147535094667,0.44605000000000006,101024
RS,0.46175,389,389,random,TINYIMAGENET,539,main_b1000_tinyimagenet_alexnet_RS_kp75_seed1024,0.75,0.45225,False,0.75,alexnet,0.75,TINYIMAGENET_alexnet_RS_accuracy_kp7500_seed1024,1024,60000,539,42,accuracy,101024,0.45225,1,2.8674105835437773,49.591607719659805,10,2.8674105835437773,valid,0.4506452120370372,0.5102526856545374,0.45225000000000004,101024
RS,0.46175,389,389,random,TINYIMAGENET,540,main_b1000_tinyimagenet_alexnet_RS_kp75_seed1024,0.75,0.4457,False,0.75,alexnet,0.75,TINYIMAGENET_alexnet_RS_accuracy_kp7500_seed1024,1024,60000,540,42,accuracy,101024,0.4457,1,2.897489450263977,49.73262683302164,10,2.897489450263977,valid,0.4409427963618733,0.5029999883201498,0.4457,101024
RS,0.46175,389,389,random,TINYIMAGENET,541,main_b1000_tinyimagenet_alexnet_RS_kp75_seed1024,0.75,0.45045,False,0.75,alexnet,0.75,TINYIMAGENET_alexnet_RS_accuracy_kp7500_seed1024,1024,60000,541,42,accuracy,101024,0.45045,1,2.8179838114738462,49.791231364011765,10,2.8179838114738462,valid,0.44787024002805226,0.5001977640435037,0.45045,101024
RS,0.46175,389,389,random,TINYIMAGENET,542,main_b1000_tinyimagenet_alexnet_RS_kp75_seed1024,0.75,0.452,False,0.75,alexnet,0.75,TINYIMAGENET_alexnet_RS_accuracy_kp7500_seed1024,1024,60000,542,42,accuracy,101024,0.452,1,2.8808889739990233,49.71934399008751,10,2.8808889739990233,valid,0.4496669068361686,0.5043068930910667,0.452,101024
RS,0.46175,389,389,random,TINYIMAGENET,543,main_b1000_tinyimagenet_alexnet_RS_kp75_seed1024,0.75,0.4483,False,0.75,alexnet,0.75,TINYIMAGENET_alexnet_RS_accuracy_kp7500_seed1024,1024,60000,543,42,accuracy,101024,0.4483,1,2.880782772445679,49.65290439128876,10,2.880782772445679,valid,0.445553363837389,0.5091286447505062,0.4483,101024
RS,0.46175,389,389,random,TINYIMAGENET,544,main_b1000_tinyimagenet_alexnet_RS_kp75_seed1024,0.75,0.45725,False,0.75,alexnet,0.75,TINYIMAGENET_alexnet_RS_accuracy_kp7500_seed1024,1024,60000,544,42,accuracy,101024,0.45725,1,2.8493082623004913,49.41362498700619,10,2.8493082623004913,valid,0.4563378483835156,0.5101603590784998,0.45724999999999993,101024
RS,0.46175,389,389,random,TINYIMAGENET,545,main_b1000_tinyimagenet_alexnet_RS_kp75_seed1024,0.75,0.45325,False,0.75,alexnet,0.75,TINYIMAGENET_alexnet_RS_accuracy_kp7500_seed1024,1024,60000,545,42,accuracy,101024,0.45325,1,2.860017916584015,49.2429133951664,10,2.860017916584015,valid,0.449106392524178,0.5072335944072462,0.45325000000000004,101024
RS,0.46175,389,389,random,TINYIMAGENET,546,main_b1000_tinyimagenet_alexnet_RS_kp75_seed1024,0.75,0.45705,False,0.75,alexnet,0.75,TINYIMAGENET_alexnet_RS_accuracy_kp7500_seed1024,1024,60000,546,42,accuracy,101024,0.45705,1,2.785726862716675,49.6398958414793,10,2.785726862716675,valid,0.45399701538655507,0.5032564546430595,0.45704999999999996,101024
RS,0.46175,389,389,random,TINYIMAGENET,547,main_b1000_tinyimagenet_alexnet_RS_kp75_seed1024,0.75,0.44745,False,0.75,alexnet,0.75,TINYIMAGENET_alexnet_RS_accuracy_kp7500_seed1024,1024,60000,547,42,accuracy,101024,0.44745,1,2.8582278865396975,49.76103162020445,10,2.8582278865396975,valid,0.44257716334729663,0.49670616743112034,0.44745000000000007,101024
RS,0.46175,389,389,random,TINYIMAGENET,548,main_b1000_tinyimagenet_alexnet_RS_kp75_seed1024,0.75,0.455,False,0.75,alexnet,0.75,TINYIMAGENET_alexnet_RS_accuracy_kp7500_seed1024,1024,60000,548,42,accuracy,101024,0.455,1,2.8743022088289263,49.68959517776966,10,2.8743022088289263,valid,0.44978073742048275,0.5041081824437785,0.455,101024
RS,0.46175,389,389,random,TINYIMAGENET,549,main_b1000_tinyimagenet_alexnet_RS_kp75_seed1024,0.75,0.4474,False,0.75,alexnet,0.75,TINYIMAGENET_alexnet_RS_accuracy_kp7500_seed1024,1024,60000,549,42,accuracy,101024,0.4474,1,2.8746581021785738,49.6813155785203,10,2.8746581021785738,valid,0.44559141728781965,0.5037260159046948,0.4474,101024
RS,0.46175,389,389,random,TINYIMAGENET,550,main_b1000_tinyimagenet_alexnet_RS_kp75_seed1024,0.75,0.4511,False,0.75,alexnet,0.75,TINYIMAGENET_alexnet_RS_accuracy_kp7500_seed1024,1024,60000,550,42,accuracy,101024,0.4511,1,2.8452718461990356,49.71237341314554,10,2.8452718461990356,valid,0.44929982486937986,0.49958725663681736,0.4511,101024
RS,0.46175,389,389,random,TINYIMAGENET,551,main_b1000_tinyimagenet_alexnet_RS_kp75_seed1024,0.75,0.44935,False,0.75,alexnet,0.75,TINYIMAGENET_alexnet_RS_accuracy_kp7500_seed1024,1024,60000,551,42,accuracy,101024,0.44935,1,2.884636457109451,49.511266335844994,10,2.884636457109451,valid,0.4463789999347969,0.5038805795513144,0.44935,101024
RS,0.46175,389,389,random,TINYIMAGENET,552,main_b1000_tinyimagenet_alexnet_RS_kp75_seed1024,0.75,0.4511,False,0.75,alexnet,0.75,TINYIMAGENET_alexnet_RS_accuracy_kp7500_seed1024,1024,60000,552,42,accuracy,101024,0.4511,1,2.8630331496715544,49.29664830118418,10,2.8630331496715544,valid,0.4486109703658906,0.5091773825998451,0.4511,101024
RS,0.46175,389,389,random,TINYIMAGENET,553,main_b1000_tinyimagenet_alexnet_RS_kp75_seed1024,0.75,0.45035,False,0.75,alexnet,0.75,TINYIMAGENET_alexnet_RS_accuracy_kp7500_seed1024,1024,60000,553,42,accuracy,101024,0.45035,1,2.885137809789181,49.619257003068924,10,2.885137809789181,valid,0.4457028294250621,0.5051438044189542,0.45035000000000003,101024
RS,0.46175,389,389,random,TINYIMAGENET,554,main_b1000_tinyimagenet_alexnet_RS_kp75_seed1024,0.75,0.44895,False,0.75,alexnet,0.75,TINYIMAGENET_alexnet_RS_accuracy_kp7500_seed1024,1024,60000,554,42,accuracy,101024,0.44895,1,2.88135095744133,49.71575748920441,10,2.88135095744133,valid,0.4448953924806595,0.5041251425387256,0.44895,101024
RS,0.46175,389,389,random,TINYIMAGENET,555,main_b1000_tinyimagenet_alexnet_RS_kp75_seed1024,0.75,0.4546,False,0.75,alexnet,0.75,TINYIMAGENET_alexnet_RS_accuracy_kp7500_seed1024,1024,60000,555,42,accuracy,101024,0.4546,1,2.8522346111774444,49.7764480561018,10,2.8522346111774444,valid,0.45228587438902934,0.5016422521470109,0.4546,101024
RS,0.46175,389,389,random,TINYIMAGENET,556,main_b1000_tinyimagenet_alexnet_RS_kp75_seed1024,0.75,0.4458,False,0.75,alexnet,0.75,TINYIMAGENET_alexnet_RS_accuracy_kp7500_seed1024,1024,60000,556,42,accuracy,101024,0.4458,1,2.9100343712329866,49.721828013658524,10,2.9100343712329866,valid,0.4419562028729145,0.5036697310300471,0.4458,101024
RS,0.46175,389,389,random,TINYIMAGENET,557,main_b1000_tinyimagenet_alexnet_RS_kp75_seed1024,0.75,0.4566,False,0.75,alexnet,0.75,TINYIMAGENET_alexnet_RS_accuracy_kp7500_seed1024,1024,60000,557,42,accuracy,101024,0.4566,1,2.8291372774600982,49.55233583599329,10,2.8291372774600982,valid,0.45489726904083855,0.505055448293394,0.45660000000000006,101024
RS,0.46175,389,389,random,TINYIMAGENET,558,main_b1000_tinyimagenet_alexnet_RS_kp75_seed1024,0.75,0.45705,False,0.75,alexnet,0.75,TINYIMAGENET_alexnet_RS_accuracy_kp7500_seed1024,1024,60000,558,42,accuracy,101024,0.45705,1,2.8469111423969267,49.25890626758337,10,2.8469111423969267,valid,0.4506765096277979,0.5074136198939674,0.45704999999999996,101024
RS,0.46175,389,389,random,TINYIMAGENET,559,main_b1000_tinyimagenet_alexnet_RS_kp75_seed1024,0.75,0.4438,False,0.75,alexnet,0.75,TINYIMAGENET_alexnet_RS_accuracy_kp7500_seed1024,1024,60000,559,42,accuracy,101024,0.4438,1,2.920599240732193,49.602551594376564,10,2.920599240732193,valid,0.4430402775641133,0.5073475644198724,0.4438,101024
RS,0.46175,389,389,random,TINYIMAGENET,560,main_b1000_tinyimagenet_alexnet_RS_kp75_seed1024,0.75,0.45355,False,0.75,alexnet,0.75,TINYIMAGENET_alexnet_RS_accuracy_kp7500_seed1024,1024,60000,560,42,accuracy,101024,0.45355,1,2.84441035900116,49.75106191635132,10,2.84441035900116,valid,0.4500363867030471,0.5014996718802192,0.45354999999999995,101024
RS,0.46175,389,389,random,TINYIMAGENET,561,main_b1000_tinyimagenet_alexnet_RS_kp75_seed1024,0.75,0.45215,False,0.75,alexnet,0.75,TINYIMAGENET_alexnet_RS_accuracy_kp7500_seed1024,1024,60000,561,42,accuracy,101024,0.45215,1,2.856071230530739,49.702276952564716,10,2.856071230530739,valid,0.4497966057421947,0.5085246416946976,0.45215000000000005,101024
RS,0.46175,389,389,random,TINYIMAGENET,562,main_b1000_tinyimagenet_alexnet_RS_kp75_seed1024,0.75,0.4485,False,0.75,alexnet,0.75,TINYIMAGENET_alexnet_RS_accuracy_kp7500_seed1024,1024,60000,562,42,accuracy,101024,0.4485,1,2.9017416730880736,49.660509280860424,10,2.9017416730880736,valid,0.4428371982222272,0.5121960463862337,0.4485,101024
RS,0.46175,389,389,random,TINYIMAGENET,563,main_b1000_tinyimagenet_alexnet_RS_kp75_seed1024,0.75,0.44525,False,0.75,alexnet,0.75,TINYIMAGENET_alexnet_RS_accuracy_kp7500_seed1024,1024,60000,563,42,accuracy,101024,0.44525,1,2.9023649065971373,49.7232394143939,10,2.9023649065971373,valid,0.4418916133099,0.5026920050105156,0.44525000000000003,101024
RS,0.46175,389,389,random,TINYIMAGENET,564,main_b1000_tinyimagenet_alexnet_RS_kp75_seed1024,0.75,0.444,False,0.75,alexnet,0.75,TINYIMAGENET_alexnet_RS_accuracy_kp7500_seed1024,1024,60000,564,42,accuracy,101024,0.444,1,2.9099845772743227,49.49279906600714,10,2.9099845772743227,valid,0.44315525622849394,0.5103848212995247,0.44400000000000006,101024
RS,0.46175,389,389,random,TINYIMAGENET,565,main_b1000_tinyimagenet_alexnet_RS_kp75_seed1024,0.75,0.44925,False,0.75,alexnet,0.75,TINYIMAGENET_alexnet_RS_accuracy_kp7500_seed1024,1024,60000,565,42,accuracy,101024,0.44925,1,2.8984051481723787,49.354240499436855,10,2.8984051481723787,valid,0.44618104829406646,0.5119387671208036,0.44925,101024
RS,0.46175,389,389,random,TINYIMAGENET,566,main_b1000_tinyimagenet_alexnet_RS_kp75_seed1024,0.75,0.4501,False,0.75,alexnet,0.75,TINYIMAGENET_alexnet_RS_accuracy_kp7500_seed1024,1024,60000,566,42,accuracy,101024,0.4501,1,2.8681093137264253,49.725599482655525,10,2.8681093137264253,valid,0.4481214631661614,0.5054596474000803,0.4501,101024
RS,0.46175,389,389,random,TINYIMAGENET,567,main_b1000_tinyimagenet_alexnet_RS_kp75_seed1024,0.75,0.46165,False,0.75,alexnet,0.75,TINYIMAGENET_alexnet_RS_accuracy_kp7500_seed1024,1024,60000,567,42,accuracy,101024,0.46165,1,2.798495072937012,49.76841372996569,10,2.798495072937012,valid,0.45862648598160016,0.513027245033464,0.4616499999999999,101024
RS,0.46175,389,389,random,TINYIMAGENET,568,main_b1000_tinyimagenet_alexnet_RS_kp75_seed1024,0.75,0.45365,False,0.75,alexnet,0.75,TINYIMAGENET_alexnet_RS_accuracy_kp7500_seed1024,1024,60000,568,42,accuracy,101024,0.45365,1,2.848867990517616,49.726128816604614,10,2.848867990517616,valid,0.451311251969826,0.5057424004263182,0.45365,101024
RS,0.46175,389,389,random,TINYIMAGENET,569,main_b1000_tinyimagenet_alexnet_RS_kp75_seed1024,0.75,0.4484,False,0.75,alexnet,0.75,TINYIMAGENET_alexnet_RS_accuracy_kp7500_seed1024,1024,60000,569,42,accuracy,101024,0.4484,1,2.9112836008548735,49.68334900587797,10,2.9112836008548735,valid,0.44818501596509946,0.5150225823160836,0.44839999999999997,101024
RS,0.46175,389,389,random,TINYIMAGENET,570,main_b1000_tinyimagenet_alexnet_RS_kp75_seed1024,0.75,0.45145,False,0.75,alexnet,0.75,TINYIMAGENET_alexnet_RS_accuracy_kp7500_seed1024,1024,60000,570,42,accuracy,101024,0.45145,1,2.860918737792969,49.62330961227417,10,2.860918737792969,valid,0.450072970419409,0.5140787176728684,0.45145,101024
RS,0.46175,389,389,random,TINYIMAGENET,571,main_b1000_tinyimagenet_alexnet_RS_kp75_seed1024,0.75,0.4524,False,0.75,alexnet,0.75,TINYIMAGENET_alexnet_RS_accuracy_kp7500_seed1024,1024,60000,571,42,accuracy,101024,0.4524,1,2.888418716096878,49.25682990252972,10,2.888418716096878,valid,0.4464716854248831,0.5031122099320811,0.45239999999999997,101024
RS,0.46175,389,389,random,TINYIMAGENET,572,main_b1000_tinyimagenet_alexnet_RS_kp75_seed1024,0.75,0.4462,False,0.75,alexnet,0.75,TINYIMAGENET_alexnet_RS_accuracy_kp7500_seed1024,1024,60000,572,42,accuracy,101024,0.4462,1,2.886765886974335,49.76048067957163,10,2.886765886974335,valid,0.4467896474683174,0.5075616561915286,0.44620000000000004,101024
RS,0.46175,389,389,random,TINYIMAGENET,573,main_b1000_tinyimagenet_alexnet_RS_kp75_seed1024,0.75,0.4465,False,0.75,alexnet,0.75,TINYIMAGENET_alexnet_RS_accuracy_kp7500_seed1024,1024,60000,573,42,accuracy,101024,0.4465,1,2.9001407071113587,49.73418078571558,10,2.9001407071113587,valid,0.44367804858263005,0.5057106461695874,0.4465,101024
RS,0.46175,389,389,random,TINYIMAGENET,574,main_b1000_tinyimagenet_alexnet_RS_kp75_seed1024,0.75,0.44725,False,0.75,alexnet,0.75,TINYIMAGENET_alexnet_RS_accuracy_kp7500_seed1024,1024,60000,574,42,accuracy,101024,0.44725,1,2.8696599884271623,49.76671798527241,10,2.8696599884271623,valid,0.4445917444610105,0.5017542151867517,0.4472499999999999,101024
RS,0.46175,389,389,random,TINYIMAGENET,575,main_b1000_tinyimagenet_alexnet_RS_kp75_seed1024,0.75,0.4463,False,0.75,alexnet,0.75,TINYIMAGENET_alexnet_RS_accuracy_kp7500_seed1024,1024,60000,575,42,accuracy,101024,0.4463,1,2.9103635748386383,49.88844583928585,10,2.9103635748386383,valid,0.4417220702038705,0.5044315551952114,0.44630000000000003,101024
RS,0.46175,389,389,random,TINYIMAGENET,576,main_b1000_tinyimagenet_alexnet_RS_kp75_seed1024,0.75,0.45745,False,0.75,alexnet,0.75,TINYIMAGENET_alexnet_RS_accuracy_kp7500_seed1024,1024,60000,576,42,accuracy,101024,0.45745,1,2.829583298969269,49.77867357432842,10,2.829583298969269,valid,0.45449347273186136,0.5049336329994933,0.45745,101024
RS,0.46175,389,389,random,TINYIMAGENET,577,main_b1000_tinyimagenet_alexnet_RS_kp75_seed1024,0.75,0.45335,False,0.75,alexnet,0.75,TINYIMAGENET_alexnet_RS_accuracy_kp7500_seed1024,1024,60000,577,42,accuracy,101024,0.45335,1,2.862389223909378,49.48585456609726,10,2.862389223909378,valid,0.45144460617758125,0.5071960002647977,0.45335000000000003,101024
RS,0.46175,389,389,random,TINYIMAGENET,578,main_b1000_tinyimagenet_alexnet_RS_kp75_seed1024,0.75,0.45095,False,0.75,alexnet,0.75,TINYIMAGENET_alexnet_RS_accuracy_kp7500_seed1024,1024,60000,578,42,accuracy,101024,0.45095,1,2.8239503376960755,49.463347256183624,10,2.8239503376960755,valid,0.4463689561876466,0.5009631880449865,0.45094999999999996,101024
RS,0.46175,389,389,random,TINYIMAGENET,579,main_b1000_tinyimagenet_alexnet_RS_kp75_seed1024,0.75,0.45035,False,0.75,alexnet,0.75,TINYIMAGENET_alexnet_RS_accuracy_kp7500_seed1024,1024,60000,579,42,accuracy,101024,0.45035,1,2.870187897849083,49.67606160789728,10,2.870187897849083,valid,0.4452192565886459,0.49921742258929314,0.45035,101024
RS,0.46175,389,389,random,TINYIMAGENET,580,main_b1000_tinyimagenet_alexnet_RS_kp75_seed1024,0.75,0.44775,False,0.75,alexnet,0.75,TINYIMAGENET_alexnet_RS_accuracy_kp7500_seed1024,1024,60000,580,42,accuracy,101024,0.44775,1,2.914373135471344,41.2804266884923,10,2.914373135471344,valid,0.4453267554402697,0.5093716786773079,0.44775000000000004,101024
RS,0.46175,389,389,random,TINYIMAGENET,581,main_b1000_tinyimagenet_alexnet_RS_kp75_seed1024,0.75,0.4519,False,0.75,alexnet,0.75,TINYIMAGENET_alexnet_RS_accuracy_kp7500_seed1024,1024,60000,581,42,accuracy,101024,0.4519,1,2.8528027433872225,40.57166118174791,10,2.8528027433872225,valid,0.4467685963950248,0.50775322209815,0.45189999999999997,101024
RS,0.46175,389,389,random,TINYIMAGENET,582,main_b1000_tinyimagenet_alexnet_RS_kp75_seed1024,0.75,0.45475,False,0.75,alexnet,0.75,TINYIMAGENET_alexnet_RS_accuracy_kp7500_seed1024,1024,60000,582,42,accuracy,101024,0.45475,1,2.8980621711730956,40.24242414534092,10,2.8980621711730956,valid,0.45488515853911143,0.513964024211056,0.45474999999999993,101024
RS,0.46175,389,389,random,TINYIMAGENET,583,main_b1000_tinyimagenet_alexnet_RS_kp75_seed1024,0.75,0.4531,False,0.75,alexnet,0.75,TINYIMAGENET_alexnet_RS_accuracy_kp7500_seed1024,1024,60000,583,42,accuracy,101024,0.4531,1,2.8381178336143495,40.74131178110838,10,2.8381178336143495,valid,0.4490797610670787,0.5006475210933756,0.4531,101024
RS,0.46175,389,389,random,TINYIMAGENET,584,main_b1000_tinyimagenet_alexnet_RS_kp75_seed1024,0.75,0.44995,False,0.75,alexnet,0.75,TINYIMAGENET_alexnet_RS_accuracy_kp7500_seed1024,1024,60000,584,42,accuracy,101024,0.44995,1,2.85421291475296,40.76473183184862,10,2.85421291475296,valid,0.4494827937639522,0.5095777712339737,0.44995000000000007,101024
RS,0.46175,389,389,random,TINYIMAGENET,585,main_b1000_tinyimagenet_alexnet_RS_kp75_seed1024,0.75,0.4479,False,0.75,alexnet,0.75,TINYIMAGENET_alexnet_RS_accuracy_kp7500_seed1024,1024,60000,585,42,accuracy,101024,0.4479,1,2.8943364929676054,40.178953409194946,10,2.8943364929676054,valid,0.4467789420730789,0.5097569409181361,0.4479000000000001,101024
RS,0.46175,389,389,random,TINYIMAGENET,586,main_b1000_tinyimagenet_alexnet_RS_kp75_seed1024,0.75,0.45155,False,0.75,alexnet,0.75,TINYIMAGENET_alexnet_RS_accuracy_kp7500_seed1024,1024,60000,586,42,accuracy,101024,0.45155,1,2.884564224636555,40.714679040014744,10,2.884564224636555,valid,0.44854868784985696,0.5123514859138373,0.45155,101024
RS,0.46175,389,389,random,TINYIMAGENET,587,main_b1000_tinyimagenet_alexnet_RS_kp75_seed1024,0.75,0.4502,False,0.75,alexnet,0.75,TINYIMAGENET_alexnet_RS_accuracy_kp7500_seed1024,1024,60000,587,42,accuracy,101024,0.4502,1,2.8267908750534056,40.75674915313721,10,2.8267908750534056,valid,0.44720360640620144,0.49571300223982034,0.45019999999999993,101024
RS,0.4632,588,588,random,TINYIMAGENET,588,main_b1000_tinyimagenet_alexnet_RS_kp75_seed1024,0.75,0.4632,True,0.75,alexnet,0.75,TINYIMAGENET_alexnet_RS_accuracy_kp7500_seed1024,1024,60000,588,42,accuracy,101024,0.4632,1,2.7920861810922624,40.2101484015584,10,2.7920861810922624,valid,0.46021724023416993,0.5086021202529111,0.4632,101024
RS,0.4632,588,588,random,TINYIMAGENET,589,main_b1000_tinyimagenet_alexnet_RS_kp75_seed1024,0.75,0.45035,False,0.75,alexnet,0.75,TINYIMAGENET_alexnet_RS_accuracy_kp7500_seed1024,1024,60000,589,42,accuracy,101024,0.45035,1,2.843396526765823,40.80779594928026,10,2.843396526765823,valid,0.446599227913367,0.5042348333870637,0.45035,101024
RS,0.4632,588,588,random,TINYIMAGENET,590,main_b1000_tinyimagenet_alexnet_RS_kp75_seed1024,0.75,0.447,False,0.75,alexnet,0.75,TINYIMAGENET_alexnet_RS_accuracy_kp7500_seed1024,1024,60000,590,42,accuracy,101024,0.447,1,2.9015359629154207,40.81752795726061,10,2.9015359629154207,valid,0.4442966290178849,0.507858061982022,0.44699999999999995,101024
RS,0.4632,588,588,random,TINYIMAGENET,591,main_b1000_tinyimagenet_alexnet_RS_kp75_seed1024,0.75,0.45605,False,0.75,alexnet,0.75,TINYIMAGENET_alexnet_RS_accuracy_kp7500_seed1024,1024,60000,591,42,accuracy,101024,0.45605,1,2.849897270965576,40.32965585589409,10,2.849897270965576,valid,0.44997565401097633,0.49917721970965884,0.45605000000000007,101024
RS,0.4632,588,588,random,TINYIMAGENET,592,main_b1000_tinyimagenet_alexnet_RS_kp75_seed1024,0.75,0.44655,False,0.75,alexnet,0.75,TINYIMAGENET_alexnet_RS_accuracy_kp7500_seed1024,1024,60000,592,42,accuracy,101024,0.44655,1,2.8755885145902633,40.6607351899147,10,2.8755885145902633,valid,0.44604569676247424,0.5063448652171484,0.44655,101024
RS,0.4632,588,588,random,TINYIMAGENET,593,main_b1000_tinyimagenet_alexnet_RS_kp75_seed1024,0.75,0.44955,False,0.75,alexnet,0.75,TINYIMAGENET_alexnet_RS_accuracy_kp7500_seed1024,1024,60000,593,42,accuracy,101024,0.44955,1,2.865852401256561,42.08392725139856,10,2.865852401256561,valid,0.4474796445605286,0.5001730065851073,0.44955,101024
RS,0.4632,588,588,random,TINYIMAGENET,594,main_b1000_tinyimagenet_alexnet_RS_kp75_seed1024,0.75,0.4502,False,0.75,alexnet,0.75,TINYIMAGENET_alexnet_RS_accuracy_kp7500_seed1024,1024,60000,594,42,accuracy,101024,0.4502,1,2.86226593208313,42.072314508259296,10,2.86226593208313,valid,0.4476758669577761,0.5002791450023722,0.45020000000000004,101024
RS,0.4632,588,588,random,TINYIMAGENET,595,main_b1000_tinyimagenet_alexnet_RS_kp75_seed1024,0.75,0.45315,False,0.75,alexnet,0.75,TINYIMAGENET_alexnet_RS_accuracy_kp7500_seed1024,1024,60000,595,42,accuracy,101024,0.45315,1,2.8641749454021452,42.612626634538174,10,2.8641749454021452,valid,0.4508916976213282,0.5156122980766233,0.45315000000000005,101024
RS,0.4632,588,588,random,TINYIMAGENET,596,main_b1000_tinyimagenet_alexnet_RS_kp75_seed1024,0.75,0.44775,False,0.75,alexnet,0.75,TINYIMAGENET_alexnet_RS_accuracy_kp7500_seed1024,1024,60000,596,42,accuracy,101024,0.44775,1,2.8996156712055208,42.99634397029877,10,2.8996156712055208,valid,0.4443363987336662,0.5075585554478153,0.44775,101024
RS,0.4632,588,588,random,TINYIMAGENET,597,main_b1000_tinyimagenet_alexnet_RS_kp75_seed1024,0.75,0.4546,False,0.75,alexnet,0.75,TINYIMAGENET_alexnet_RS_accuracy_kp7500_seed1024,1024,60000,597,42,accuracy,101024,0.4546,1,2.819255346560478,43.12869664281607,10,2.819255346560478,valid,0.4522812944649808,0.500554562656045,0.4546,101024
RS,0.4632,588,588,random,TINYIMAGENET,598,main_b1000_tinyimagenet_alexnet_RS_kp75_seed1024,0.75,0.45145,False,0.75,alexnet,0.75,TINYIMAGENET_alexnet_RS_accuracy_kp7500_seed1024,1024,60000,598,42,accuracy,101024,0.45145,1,2.86707770318985,42.40997587889433,10,2.86707770318985,valid,0.4482013452103284,0.5035706866195184,0.45144999999999996,101024
RS,0.4632,588,588,random,TINYIMAGENET,599,main_b1000_tinyimagenet_alexnet_RS_kp75_seed1024,0.75,0.45025,False,0.75,alexnet,0.75,TINYIMAGENET_alexnet_RS_accuracy_kp7500_seed1024,1024,60000,599,42,accuracy,101024,0.45025,1,2.900585899353027,42.795188181102276,10,2.900585899353027,valid,0.4456662974957433,0.5081794145990669,0.45025,101024
RS,0.4632,588,588,random,TINYIMAGENET,600,main_b1000_tinyimagenet_alexnet_RS_kp75_seed1024,0.75,0.45155,False,0.75,alexnet,0.75,TINYIMAGENET_alexnet_RS_accuracy_kp7500_seed1024,1024,60000,600,42,accuracy,101024,0.45155,1,2.8317349227905275,42.99928417801857,10,2.8317349227905275,valid,0.4472087666613051,0.5015054193295073,0.45155,101024
RS,0.4632,588,588,random,TINYIMAGENET,601,main_b1000_tinyimagenet_alexnet_RS_kp75_seed1024,0.75,0.4474,False,0.75,alexnet,0.75,TINYIMAGENET_alexnet_RS_accuracy_kp7500_seed1024,1024,60000,601,42,accuracy,101024,0.4474,1,2.8532556991577147,42.68286997824907,10,2.8532556991577147,valid,0.44509335119545385,0.5020611160104032,0.4474,101024
RS,0.4632,588,588,random,TINYIMAGENET,602,main_b1000_tinyimagenet_alexnet_RS_kp75_seed1024,0.75,0.45305,False,0.75,alexnet,0.75,TINYIMAGENET_alexnet_RS_accuracy_kp7500_seed1024,1024,60000,602,42,accuracy,101024,0.45305,1,2.859636507844925,42.6292370557785,10,2.859636507844925,valid,0.44909295889284173,0.5107979417440711,0.45305,101024
RS,0.4632,588,588,random,TINYIMAGENET,603,main_b1000_tinyimagenet_alexnet_RS_kp75_seed1024,0.75,0.4511,False,0.75,alexnet,0.75,TINYIMAGENET_alexnet_RS_accuracy_kp7500_seed1024,1024,60000,603,42,accuracy,101024,0.4511,1,2.8510000856399538,42.948742136359215,10,2.8510000856399538,valid,0.44829692118367703,0.5026477627879801,0.4511,101024
RS,0.4632,588,588,random,TINYIMAGENET,604,main_b1000_tinyimagenet_alexnet_RS_kp75_seed1024,0.75,0.4527,False,0.75,alexnet,0.75,TINYIMAGENET_alexnet_RS_accuracy_kp7500_seed1024,1024,60000,604,42,accuracy,101024,0.4527,1,2.907277109527588,42.98953706026077,10,2.907277109527588,valid,0.447561759322683,0.507966605061773,0.45269999999999994,101024
RS,0.4632,588,588,random,TINYIMAGENET,605,main_b1000_tinyimagenet_alexnet_RS_kp75_seed1024,0.75,0.44565,False,0.75,alexnet,0.75,TINYIMAGENET_alexnet_RS_accuracy_kp7500_seed1024,1024,60000,605,42,accuracy,101024,0.44565,1,2.872174274611473,42.3992016017437,10,2.872174274611473,valid,0.4459447935120581,0.5049023449969853,0.44565,101024
RS,0.4632,588,588,random,TINYIMAGENET,606,main_b1000_tinyimagenet_alexnet_RS_kp75_seed1024,0.75,0.44855,False,0.75,alexnet,0.75,TINYIMAGENET_alexnet_RS_accuracy_kp7500_seed1024,1024,60000,606,42,accuracy,101024,0.44855,1,2.8840458241939544,42.84410762786865,10,2.8840458241939544,valid,0.4441878764601502,0.4959441290800823,0.44855000000000006,101024
RS,0.4632,588,588,random,TINYIMAGENET,607,main_b1000_tinyimagenet_alexnet_RS_kp75_seed1024,0.75,0.4519,False,0.75,alexnet,0.75,TINYIMAGENET_alexnet_RS_accuracy_kp7500_seed1024,1024,60000,607,42,accuracy,101024,0.4519,1,2.87966648311615,43.08567125350237,10,2.87966648311615,valid,0.44933215230070234,0.5049991715617401,0.45189999999999997,101024
RS,0.4632,588,588,random,TINYIMAGENET,608,main_b1000_tinyimagenet_alexnet_RS_kp75_seed1024,0.75,0.4567,False,0.75,alexnet,0.75,TINYIMAGENET_alexnet_RS_accuracy_kp7500_seed1024,1024,60000,608,42,accuracy,101024,0.4567,1,2.815883635044098,42.87636762857437,10,2.815883635044098,valid,0.45664914950565566,0.5087932116294202,0.4567,101024
RS,0.4632,588,588,random,TINYIMAGENET,609,main_b1000_tinyimagenet_alexnet_RS_kp75_seed1024,0.75,0.44955,False,0.75,alexnet,0.75,TINYIMAGENET_alexnet_RS_accuracy_kp7500_seed1024,1024,60000,609,42,accuracy,101024,0.44955,1,2.9000999497130513,42.34927747398615,10,2.9000999497130513,valid,0.44980764470006174,0.508173034082314,0.44955,101024
RS,0.4632,588,588,random,TINYIMAGENET,610,main_b1000_tinyimagenet_alexnet_RS_kp75_seed1024,0.75,0.45905,False,0.75,alexnet,0.75,TINYIMAGENET_alexnet_RS_accuracy_kp7500_seed1024,1024,60000,610,42,accuracy,101024,0.45905,1,2.821500961112976,42.99847340583801,10,2.821500961112976,valid,0.455597541725086,0.5055172227621262,0.45905,101024
RS,0.4632,588,588,random,TINYIMAGENET,611,main_b1000_tinyimagenet_alexnet_RS_kp75_seed1024,0.75,0.45595,False,0.75,alexnet,0.75,TINYIMAGENET_alexnet_RS_accuracy_kp7500_seed1024,1024,60000,611,42,accuracy,101024,0.45595,1,2.8285344586849215,42.7790809571743,10,2.8285344586849215,valid,0.4545108939829959,0.5058704064191223,0.45594999999999997,101024
RS,0.4632,588,588,random,TINYIMAGENET,612,main_b1000_tinyimagenet_alexnet_RS_kp75_seed1024,0.75,0.4486,False,0.75,alexnet,0.75,TINYIMAGENET_alexnet_RS_accuracy_kp7500_seed1024,1024,60000,612,42,accuracy,101024,0.4486,1,2.892454914188385,42.504720985889435,10,2.892454914188385,valid,0.4467936170411408,0.5121402808123221,0.4486,101024
RS,0.4632,588,588,random,TINYIMAGENET,613,main_b1000_tinyimagenet_alexnet_RS_kp75_seed1024,0.75,0.45065,False,0.75,alexnet,0.75,TINYIMAGENET_alexnet_RS_accuracy_kp7500_seed1024,1024,60000,613,42,accuracy,101024,0.45065,1,2.8539487558603285,42.80073303729296,10,2.8539487558603285,valid,0.4487732942162712,0.5056658983329624,0.45065000000000005,101024
RS,0.4632,588,588,random,TINYIMAGENET,614,main_b1000_tinyimagenet_alexnet_RS_kp75_seed1024,0.75,0.4523,False,0.75,alexnet,0.75,TINYIMAGENET_alexnet_RS_accuracy_kp7500_seed1024,1024,60000,614,42,accuracy,101024,0.4523,1,2.857082594203949,45.081162847578526,10,2.857082594203949,valid,0.45005953016050704,0.5069128604700492,0.45230000000000004,101024
RS,0.4632,588,588,random,TINYIMAGENET,615,main_b1000_tinyimagenet_alexnet_RS_kp75_seed1024,0.75,0.4479,False,0.75,alexnet,0.75,TINYIMAGENET_alexnet_RS_accuracy_kp7500_seed1024,1024,60000,615,42,accuracy,101024,0.4479,1,2.9053187473535536,52.87129241973162,10,2.9053187473535536,valid,0.4446786363632679,0.51406741892701,0.44789999999999996,101024
RS,0.4632,588,588,random,TINYIMAGENET,616,main_b1000_tinyimagenet_alexnet_RS_kp75_seed1024,0.75,0.44565,False,0.75,alexnet,0.75,TINYIMAGENET_alexnet_RS_accuracy_kp7500_seed1024,1024,60000,616,42,accuracy,101024,0.44565,1,2.9110049820661543,52.881746493279934,10,2.9110049820661543,valid,0.44231821008137745,0.5041748188614401,0.44565,101024
RS,0.4632,588,588,random,TINYIMAGENET,617,main_b1000_tinyimagenet_alexnet_RS_kp75_seed1024,0.75,0.45585,False,0.75,alexnet,0.75,TINYIMAGENET_alexnet_RS_accuracy_kp7500_seed1024,1024,60000,617,42,accuracy,101024,0.45585,1,2.8355551420688627,52.852103374898434,10,2.8355551420688627,valid,0.45265360333809723,0.50212013188519,0.4558499999999999,101024
RS,0.4632,588,588,random,TINYIMAGENET,618,main_b1000_tinyimagenet_alexnet_RS_kp75_seed1024,0.75,0.45485,False,0.75,alexnet,0.75,TINYIMAGENET_alexnet_RS_accuracy_kp7500_seed1024,1024,60000,618,42,accuracy,101024,0.45485,1,2.8490749032497407,52.42852063477039,10,2.8490749032497407,valid,0.45207347003265824,0.5080721636386185,0.45485,101024
RS,0.4632,588,588,random,TINYIMAGENET,619,main_b1000_tinyimagenet_alexnet_RS_kp75_seed1024,0.75,0.45165,False,0.75,alexnet,0.75,TINYIMAGENET_alexnet_RS_accuracy_kp7500_seed1024,1024,60000,619,42,accuracy,101024,0.45165,1,2.8692819056987764,52.5901398435235,10,2.8692819056987764,valid,0.4463281508429943,0.5009083142008725,0.45165000000000005,101024
RS,0.4632,588,588,random,TINYIMAGENET,620,main_b1000_tinyimagenet_alexnet_RS_kp75_seed1024,0.75,0.44645,False,0.75,alexnet,0.75,TINYIMAGENET_alexnet_RS_accuracy_kp7500_seed1024,1024,60000,620,42,accuracy,101024,0.44645,1,2.9269834247112274,52.79721271246672,10,2.9269834247112274,valid,0.4431328872510917,0.5114137896912876,0.44644999999999996,101024
RS,0.4632,588,588,random,TINYIMAGENET,621,main_b1000_tinyimagenet_alexnet_RS_kp75_seed1024,0.75,0.45085,False,0.75,alexnet,0.75,TINYIMAGENET_alexnet_RS_accuracy_kp7500_seed1024,1024,60000,621,42,accuracy,101024,0.45085,1,2.8462297220230104,52.82914385199547,10,2.8462297220230104,valid,0.4467495334776156,0.5019910034777229,0.45085000000000003,101024
RS,0.4632,588,588,random,TINYIMAGENET,622,main_b1000_tinyimagenet_alexnet_RS_kp75_seed1024,0.75,0.44985,False,0.75,alexnet,0.75,TINYIMAGENET_alexnet_RS_accuracy_kp7500_seed1024,1024,60000,622,42,accuracy,101024,0.44985,1,2.875793963909149,52.882783010602,10,2.875793963909149,valid,0.44530638265532246,0.5047726009690252,0.44984999999999997,101024
RS,0.4632,588,588,random,TINYIMAGENET,623,main_b1000_tinyimagenet_alexnet_RS_kp75_seed1024,0.75,0.4531,False,0.75,alexnet,0.75,TINYIMAGENET_alexnet_RS_accuracy_kp7500_seed1024,1024,60000,623,42,accuracy,101024,0.4531,1,2.8603709766864776,52.90123017132282,10,2.8603709766864776,valid,0.4502445905711312,0.5026644785527926,0.4531,101024
RS,0.4632,588,588,random,TINYIMAGENET,624,main_b1000_tinyimagenet_alexnet_RS_kp75_seed1024,0.75,0.4467,False,0.75,alexnet,0.75,TINYIMAGENET_alexnet_RS_accuracy_kp7500_seed1024,1024,60000,624,42,accuracy,101024,0.4467,1,2.85968472905159,52.84329868108034,10,2.85968472905159,valid,0.44682062220902613,0.503420092945973,0.44670000000000004,101024
RS,0.4632,588,588,random,TINYIMAGENET,625,main_b1000_tinyimagenet_alexnet_RS_kp75_seed1024,0.75,0.45055,False,0.75,alexnet,0.75,TINYIMAGENET_alexnet_RS_accuracy_kp7500_seed1024,1024,60000,625,42,accuracy,101024,0.45055,1,2.8671493628501894,52.87127881497145,10,2.8671493628501894,valid,0.44467414492833895,0.4981187600596653,0.45055,101024
RS,0.4632,588,588,random,TINYIMAGENET,626,main_b1000_tinyimagenet_alexnet_RS_kp75_seed1024,0.75,0.4526,False,0.75,alexnet,0.75,TINYIMAGENET_alexnet_RS_accuracy_kp7500_seed1024,1024,60000,626,42,accuracy,101024,0.4526,1,2.8881208555698397,52.885402999818325,10,2.8881208555698397,valid,0.45230484961252126,0.5144977842922169,0.45260000000000006,101024
RS,0.4632,588,588,random,TINYIMAGENET,627,main_b1000_tinyimagenet_alexnet_RS_kp75_seed1024,0.75,0.4439,False,0.75,alexnet,0.75,TINYIMAGENET_alexnet_RS_accuracy_kp7500_seed1024,1024,60000,627,42,accuracy,101024,0.4439,1,2.9167617641448973,52.88540522009134,10,2.9167617641448973,valid,0.43821773650264517,0.5057542579586768,0.4439,101024
RS,0.4632,588,588,random,TINYIMAGENET,628,main_b1000_tinyimagenet_alexnet_RS_kp75_seed1024,0.75,0.457,False,0.75,alexnet,0.75,TINYIMAGENET_alexnet_RS_accuracy_kp7500_seed1024,1024,60000,628,42,accuracy,101024,0.457,1,2.8169626152992246,52.46236680448055,10,2.8169626152992246,valid,0.45106256368560105,0.5004047901357557,0.457,101024
RS,0.4632,588,588,random,TINYIMAGENET,629,main_b1000_tinyimagenet_alexnet_RS_kp75_seed1024,0.75,0.44705,False,0.75,alexnet,0.75,TINYIMAGENET_alexnet_RS_accuracy_kp7500_seed1024,1024,60000,629,42,accuracy,101024,0.44705,1,2.9035213673591613,52.54091813415289,10,2.9035213673591613,valid,0.44203633591038366,0.505352370413875,0.44705,101024
RS,0.4632,588,588,random,TINYIMAGENET,630,main_b1000_tinyimagenet_alexnet_RS_kp75_seed1024,0.75,0.4505,False,0.75,alexnet,0.75,TINYIMAGENET_alexnet_RS_accuracy_kp7500_seed1024,1024,60000,630,42,accuracy,101024,0.4505,1,2.874129097819328,52.851866476237774,10,2.874129097819328,valid,0.44526470149129677,0.501939417982313,0.45049999999999996,101024
RS,0.4632,588,588,random,TINYIMAGENET,631,main_b1000_tinyimagenet_alexnet_RS_kp75_seed1024,0.75,0.4484,False,0.75,alexnet,0.75,TINYIMAGENET_alexnet_RS_accuracy_kp7500_seed1024,1024,60000,631,42,accuracy,101024,0.4484,1,2.891198727917671,52.86769130080938,10,2.891198727917671,valid,0.4455363057767434,0.5142746113865556,0.4484,101024
RS,0.4632,588,588,random,TINYIMAGENET,632,main_b1000_tinyimagenet_alexnet_RS_kp75_seed1024,0.75,0.45015,False,0.75,alexnet,0.75,TINYIMAGENET_alexnet_RS_accuracy_kp7500_seed1024,1024,60000,632,42,accuracy,101024,0.45015,1,2.8933545827388762,52.83280445635319,10,2.8933545827388762,valid,0.4459426324763095,0.5033028749376064,0.45014999999999994,101024
RS,0.4632,588,588,random,TINYIMAGENET,633,main_b1000_tinyimagenet_alexnet_RS_kp75_seed1024,0.75,0.4526,False,0.75,alexnet,0.75,TINYIMAGENET_alexnet_RS_accuracy_kp7500_seed1024,1024,60000,633,42,accuracy,101024,0.4526,1,2.871271732068062,52.79905463010073,10,2.871271732068062,valid,0.44986926341434164,0.5058728391742777,0.45260000000000006,101024
RS,0.4632,588,588,random,TINYIMAGENET,634,main_b1000_tinyimagenet_alexnet_RS_kp75_seed1024,0.75,0.44825,False,0.75,alexnet,0.75,TINYIMAGENET_alexnet_RS_accuracy_kp7500_seed1024,1024,60000,634,42,accuracy,101024,0.44825,1,2.922790200614929,51.47192809730768,10,2.922790200614929,valid,0.44366270396121044,0.5067230052253131,0.44825000000000004,101024
RS,0.4632,588,588,random,TINYIMAGENET,635,main_b1000_tinyimagenet_alexnet_RS_kp75_seed1024,0.75,0.4507,False,0.75,alexnet,0.75,TINYIMAGENET_alexnet_RS_accuracy_kp7500_seed1024,1024,60000,635,42,accuracy,101024,0.4507,1,2.867327272939682,49.828324139118195,10,2.867327272939682,valid,0.44431099455198564,0.49838656304217016,0.4507,101024
RS,0.4632,588,588,random,TINYIMAGENET,636,main_b1000_tinyimagenet_alexnet_RS_kp75_seed1024,0.75,0.44725,False,0.75,alexnet,0.75,TINYIMAGENET_alexnet_RS_accuracy_kp7500_seed1024,1024,60000,636,42,accuracy,101024,0.44725,1,2.904052936410904,49.61311938613653,10,2.904052936410904,valid,0.44363734522752046,0.5102430526173716,0.44725000000000004,101024
RS,0.4632,588,588,random,TINYIMAGENET,637,main_b1000_tinyimagenet_alexnet_RS_kp75_seed1024,0.75,0.4446,False,0.75,alexnet,0.75,TINYIMAGENET_alexnet_RS_accuracy_kp7500_seed1024,1024,60000,637,42,accuracy,101024,0.4446,1,2.912514694929123,49.314560920000076,10,2.912514694929123,valid,0.44480090388246074,0.5093270695408314,0.4446,101024
RS,0.4632,588,588,random,TINYIMAGENET,638,main_b1000_tinyimagenet_alexnet_RS_kp75_seed1024,0.75,0.45625,False,0.75,alexnet,0.75,TINYIMAGENET_alexnet_RS_accuracy_kp7500_seed1024,1024,60000,638,42,accuracy,101024,0.45625,1,2.815896244311333,49.69171108305454,10,2.815896244311333,valid,0.45461378299804844,0.5105186566697467,0.45625,101024
RS,0.4632,588,588,random,TINYIMAGENET,639,main_b1000_tinyimagenet_alexnet_RS_kp75_seed1024,0.75,0.45285,False,0.75,alexnet,0.75,TINYIMAGENET_alexnet_RS_accuracy_kp7500_seed1024,1024,60000,639,42,accuracy,101024,0.45285,1,2.8504606977462768,49.806550808250904,10,2.8504606977462768,valid,0.4500340438895577,0.5059935615519806,0.45285,101024
RS,0.4632,588,588,random,TINYIMAGENET,640,main_b1000_tinyimagenet_alexnet_RS_kp75_seed1024,0.75,0.4532,False,0.75,alexnet,0.75,TINYIMAGENET_alexnet_RS_accuracy_kp7500_seed1024,1024,60000,640,42,accuracy,101024,0.4532,1,2.8576396309375762,49.81593482196331,10,2.8576396309375762,valid,0.45183107650875487,0.5078439435106952,0.4532,101024
RS,0.4632,588,588,random,TINYIMAGENET,641,main_b1000_tinyimagenet_alexnet_RS_kp75_seed1024,0.75,0.45295,False,0.75,alexnet,0.75,TINYIMAGENET_alexnet_RS_accuracy_kp7500_seed1024,1024,60000,641,42,accuracy,101024,0.45295,1,2.8610499988555906,49.71763664484024,10,2.8610499988555906,valid,0.44953145703120223,0.509935504888596,0.45295,101024
RS,0.4632,588,588,random,TINYIMAGENET,642,main_b1000_tinyimagenet_alexnet_RS_kp75_seed1024,0.75,0.457,False,0.75,alexnet,0.75,TINYIMAGENET_alexnet_RS_accuracy_kp7500_seed1024,1024,60000,642,42,accuracy,101024,0.457,1,2.8144611935138704,49.72551438212395,10,2.8144611935138704,valid,0.45221556776319494,0.5036851158463181,0.457,101024
RS,0.4632,588,588,random,TINYIMAGENET,643,main_b1000_tinyimagenet_alexnet_RS_kp75_seed1024,0.75,0.4465,False,0.75,alexnet,0.75,TINYIMAGENET_alexnet_RS_accuracy_kp7500_seed1024,1024,60000,643,42,accuracy,101024,0.4465,1,2.9112103689193725,49.41919633746147,10,2.9112103689193725,valid,0.44350492074502873,0.5101936663250904,0.44650000000000006,101024
RS,0.4632,588,588,random,TINYIMAGENET,644,main_b1000_tinyimagenet_alexnet_RS_kp75_seed1024,0.75,0.4424,False,0.75,alexnet,0.75,TINYIMAGENET_alexnet_RS_accuracy_kp7500_seed1024,1024,60000,644,42,accuracy,101024,0.4424,1,2.8892625716924667,49.61502601951361,10,2.8892625716924667,valid,0.4408374917554137,0.5045062206001423,0.4424,101024
RS,0.4632,588,588,random,TINYIMAGENET,645,main_b1000_tinyimagenet_alexnet_RS_kp75_seed1024,0.75,0.45045,False,0.75,alexnet,0.75,TINYIMAGENET_alexnet_RS_accuracy_kp7500_seed1024,1024,60000,645,42,accuracy,101024,0.45045,1,2.8880707050800325,49.79752727597952,10,2.8880707050800325,valid,0.4488539292630094,0.5072977115899243,0.45045,101024
RS,0.4632,588,588,random,TINYIMAGENET,646,main_b1000_tinyimagenet_alexnet_RS_kp75_seed1024,0.75,0.44995,False,0.75,alexnet,0.75,TINYIMAGENET_alexnet_RS_accuracy_kp7500_seed1024,1024,60000,646,42,accuracy,101024,0.44995,1,2.8620915954113006,49.834233194589615,10,2.8620915954113006,valid,0.4474986753246158,0.5039963331146727,0.44995000000000007,101024
RS,0.4632,588,588,random,TINYIMAGENET,647,main_b1000_tinyimagenet_alexnet_RS_kp75_seed1024,0.75,0.4541,False,0.75,alexnet,0.75,TINYIMAGENET_alexnet_RS_accuracy_kp7500_seed1024,1024,60000,647,42,accuracy,101024,0.4541,1,2.877466355037689,49.88914819061756,10,2.877466355037689,valid,0.4481228774062585,0.5090517014257403,0.45410000000000006,101024
RS,0.4632,588,588,random,TINYIMAGENET,648,main_b1000_tinyimagenet_alexnet_RS_kp75_seed1024,0.75,0.45415,False,0.75,alexnet,0.75,TINYIMAGENET_alexnet_RS_accuracy_kp7500_seed1024,1024,60000,648,42,accuracy,101024,0.45415,1,2.851475674533844,49.79929454624653,10,2.851475674533844,valid,0.44983272374757116,0.5064814198781861,0.45415000000000005,101024
RS,0.4632,588,588,random,TINYIMAGENET,649,main_b1000_tinyimagenet_alexnet_RS_kp75_seed1024,0.75,0.456,False,0.75,alexnet,0.75,TINYIMAGENET_alexnet_RS_accuracy_kp7500_seed1024,1024,60000,649,42,accuracy,101024,0.456,1,2.809776285982132,49.77982199937105,10,2.809776285982132,valid,0.45560633902307246,0.5090985751606855,0.45599999999999996,101024
RS,0.4632,588,588,random,TINYIMAGENET,650,main_b1000_tinyimagenet_alexnet_RS_kp75_seed1024,0.75,0.44695,False,0.75,alexnet,0.75,TINYIMAGENET_alexnet_RS_accuracy_kp7500_seed1024,1024,60000,650,42,accuracy,101024,0.44695,1,2.889244527053833,49.3384630382061,10,2.889244527053833,valid,0.446325742224944,0.5096533768902332,0.44694999999999996,101024
RS,0.4632,588,588,random,TINYIMAGENET,651,main_b1000_tinyimagenet_alexnet_RS_kp75_seed1024,0.75,0.44775,False,0.75,alexnet,0.75,TINYIMAGENET_alexnet_RS_accuracy_kp7500_seed1024,1024,60000,651,42,accuracy,101024,0.44775,1,2.893021019744873,49.72049771994352,10,2.893021019744873,valid,0.4415591964207279,0.498703428459156,0.44775000000000004,101024
RS,0.4632,588,588,random,TINYIMAGENET,652,main_b1000_tinyimagenet_alexnet_RS_kp75_seed1024,0.75,0.45385,False,0.75,alexnet,0.75,TINYIMAGENET_alexnet_RS_accuracy_kp7500_seed1024,1024,60000,652,42,accuracy,101024,0.45385,1,2.9052729318857193,49.93521549552679,10,2.9052729318857193,valid,0.44880506857839675,0.5113829427451786,0.45385,101024
RS,0.4632,588,588,random,TINYIMAGENET,653,main_b1000_tinyimagenet_alexnet_RS_kp75_seed1024,0.75,0.45285,False,0.75,alexnet,0.75,TINYIMAGENET_alexnet_RS_accuracy_kp7500_seed1024,1024,60000,653,42,accuracy,101024,0.45285,1,2.84682139043808,49.81578367948532,10,2.84682139043808,valid,0.44893313702367893,0.5004188012213903,0.45285,101024
RS,0.4632,588,588,random,TINYIMAGENET,654,main_b1000_tinyimagenet_alexnet_RS_kp75_seed1024,0.75,0.4559,False,0.75,alexnet,0.75,TINYIMAGENET_alexnet_RS_accuracy_kp7500_seed1024,1024,60000,654,42,accuracy,101024,0.4559,1,2.8101513630867005,49.75812844932079,10,2.8101513630867005,valid,0.4566301549574371,0.5073635684268751,0.4559,101024
RS,0.4632,588,588,random,TINYIMAGENET,655,main_b1000_tinyimagenet_alexnet_RS_kp75_seed1024,0.75,0.45015,False,0.75,alexnet,0.75,TINYIMAGENET_alexnet_RS_accuracy_kp7500_seed1024,1024,60000,655,42,accuracy,101024,0.45015,1,2.871067760181427,49.82448177784681,10,2.871067760181427,valid,0.44884724818320904,0.506670432268423,0.45015,101024
RS,0.4632,588,588,random,TINYIMAGENET,656,main_b1000_tinyimagenet_alexnet_RS_kp75_seed1024,0.75,0.45345,False,0.75,alexnet,0.75,TINYIMAGENET_alexnet_RS_accuracy_kp7500_seed1024,1024,60000,656,42,accuracy,101024,0.45345,1,2.8547121351718903,49.63706772774458,10,2.8547121351718903,valid,0.44989028553057325,0.5023474982400387,0.45344999999999996,101024
RS,0.4632,588,588,random,TINYIMAGENET,657,main_b1000_tinyimagenet_alexnet_RS_kp75_seed1024,0.75,0.4565,False,0.75,alexnet,0.75,TINYIMAGENET_alexnet_RS_accuracy_kp7500_seed1024,1024,60000,657,42,accuracy,101024,0.4565,1,2.815805842733383,49.439590349793434,10,2.815805842733383,valid,0.45167423100800547,0.4972559320308803,0.45649999999999996,101024
RS,0.4632,588,588,random,TINYIMAGENET,658,main_b1000_tinyimagenet_alexnet_RS_kp75_seed1024,0.75,0.458,False,0.75,alexnet,0.75,TINYIMAGENET_alexnet_RS_accuracy_kp7500_seed1024,1024,60000,658,42,accuracy,101024,0.458,1,2.828870153045654,49.91461730003357,10,2.828870153045654,valid,0.45589503708052986,0.5039170938921465,0.45799999999999996,101024
RS,0.4632,588,588,random,TINYIMAGENET,659,main_b1000_tinyimagenet_alexnet_RS_kp75_seed1024,0.75,0.45535,False,0.75,alexnet,0.75,TINYIMAGENET_alexnet_RS_accuracy_kp7500_seed1024,1024,60000,659,42,accuracy,101024,0.45535,1,2.8566988395690918,49.88042228668928,10,2.8566988395690918,valid,0.45385844326824276,0.5088157381422036,0.45535,101024
RS,0.4632,588,588,random,TINYIMAGENET,660,main_b1000_tinyimagenet_alexnet_RS_kp75_seed1024,0.75,0.4473,False,0.75,alexnet,0.75,TINYIMAGENET_alexnet_RS_accuracy_kp7500_seed1024,1024,60000,660,42,accuracy,101024,0.4473,1,2.9182330084562302,49.87628749012947,10,2.9182330084562302,valid,0.4456125630922849,0.5210102288264228,0.44730000000000003,101024
RS,0.4632,588,588,random,TINYIMAGENET,661,main_b1000_tinyimagenet_alexnet_RS_kp75_seed1024,0.75,0.4522,False,0.75,alexnet,0.75,TINYIMAGENET_alexnet_RS_accuracy_kp7500_seed1024,1024,60000,661,42,accuracy,101024,0.4522,1,2.8982137617349624,49.91216304153204,10,2.8982137617349624,valid,0.44709770818971095,0.5090703357172524,0.4522,101024
RS,0.4632,588,588,random,TINYIMAGENET,662,main_b1000_tinyimagenet_alexnet_RS_kp75_seed1024,0.75,0.4453,False,0.75,alexnet,0.75,TINYIMAGENET_alexnet_RS_accuracy_kp7500_seed1024,1024,60000,662,42,accuracy,101024,0.4453,1,2.8751969596385956,49.82204372435808,10,2.8751969596385956,valid,0.44355330070183235,0.5042935047620651,0.44530000000000003,101024
RS,0.4632,588,588,random,TINYIMAGENET,663,main_b1000_tinyimagenet_alexnet_RS_kp75_seed1024,0.75,0.45355,False,0.75,alexnet,0.75,TINYIMAGENET_alexnet_RS_accuracy_kp7500_seed1024,1024,60000,663,42,accuracy,101024,0.45355,1,2.848132276105881,49.33397804945707,10,2.848132276105881,valid,0.4515921157979077,0.5116466553284902,0.45355000000000006,101024
RS,0.4632,588,588,random,TINYIMAGENET,664,main_b1000_tinyimagenet_alexnet_RS_kp75_seed1024,0.75,0.4614,False,0.75,alexnet,0.75,TINYIMAGENET_alexnet_RS_accuracy_kp7500_seed1024,1024,60000,664,42,accuracy,101024,0.4614,1,2.820422170639038,49.72882532328367,10,2.820422170639038,valid,0.45703793918427205,0.5049962839619585,0.46140000000000003,101024
RS,0.4632,588,588,random,TINYIMAGENET,665,main_b1000_tinyimagenet_alexnet_RS_kp75_seed1024,0.75,0.4426,False,0.75,alexnet,0.75,TINYIMAGENET_alexnet_RS_accuracy_kp7500_seed1024,1024,60000,665,42,accuracy,101024,0.4426,1,2.9395169885635375,49.83574937283993,10,2.9395169885635375,valid,0.4405979808963453,0.5089335729503733,0.44260000000000005,101024
RS,0.4632,588,588,random,TINYIMAGENET,666,main_b1000_tinyimagenet_alexnet_RS_kp75_seed1024,0.75,0.4517,False,0.75,alexnet,0.75,TINYIMAGENET_alexnet_RS_accuracy_kp7500_seed1024,1024,60000,666,42,accuracy,101024,0.4517,1,2.8268360125303267,49.8133822157979,10,2.8268360125303267,valid,0.45027937259288614,0.5001720731261835,0.4517,101024
RS,0.4632,588,588,random,TINYIMAGENET,667,main_b1000_tinyimagenet_alexnet_RS_kp75_seed1024,0.75,0.44235,False,0.75,alexnet,0.75,TINYIMAGENET_alexnet_RS_accuracy_kp7500_seed1024,1024,60000,667,42,accuracy,101024,0.44235,1,2.8805601951599122,49.85515573620796,10,2.8805601951599122,valid,0.44269821559885975,0.506484182396707,0.44235,101024
RS,0.4632,588,588,random,TINYIMAGENET,668,main_b1000_tinyimagenet_alexnet_RS_kp75_seed1024,0.75,0.44875,False,0.75,alexnet,0.75,TINYIMAGENET_alexnet_RS_accuracy_kp7500_seed1024,1024,60000,668,42,accuracy,101024,0.44875,1,2.897018075990677,49.81827259063721,10,2.897018075990677,valid,0.4457498583845527,0.5073994987691164,0.44875,101024
RS,0.4632,588,588,random,TINYIMAGENET,669,main_b1000_tinyimagenet_alexnet_RS_kp75_seed1024,0.75,0.4592,False,0.75,alexnet,0.75,TINYIMAGENET_alexnet_RS_accuracy_kp7500_seed1024,1024,60000,669,42,accuracy,101024,0.4592,1,2.8507929025411607,49.70902267843485,10,2.8507929025411607,valid,0.4540856195408729,0.5047905751796197,0.4592,101024
RS,0.4632,588,588,random,TINYIMAGENET,670,main_b1000_tinyimagenet_alexnet_RS_kp75_seed1024,0.75,0.44935,False,0.75,alexnet,0.75,TINYIMAGENET_alexnet_RS_accuracy_kp7500_seed1024,1024,60000,670,42,accuracy,101024,0.44935,1,2.8994576645851136,49.36837235838175,10,2.8994576645851136,valid,0.44517190758381175,0.508062734471666,0.44934999999999997,101024
RS,0.4632,588,588,random,TINYIMAGENET,671,main_b1000_tinyimagenet_alexnet_RS_kp75_seed1024,0.75,0.44815,False,0.75,alexnet,0.75,TINYIMAGENET_alexnet_RS_accuracy_kp7500_seed1024,1024,60000,671,42,accuracy,101024,0.44815,1,2.895499688625336,49.83537174016237,10,2.895499688625336,valid,0.4444715846950724,0.5037860718937776,0.44815,101024
RS,0.4632,588,588,random,TINYIMAGENET,672,main_b1000_tinyimagenet_alexnet_RS_kp75_seed1024,0.75,0.45285,False,0.75,alexnet,0.75,TINYIMAGENET_alexnet_RS_accuracy_kp7500_seed1024,1024,60000,672,42,accuracy,101024,0.45285,1,2.883714991235733,49.85111825913191,10,2.883714991235733,valid,0.4516783860816838,0.5146271255088759,0.45285000000000003,101024
RS,0.4632,588,588,random,TINYIMAGENET,673,main_b1000_tinyimagenet_alexnet_RS_kp75_seed1024,0.75,0.44525,False,0.75,alexnet,0.75,TINYIMAGENET_alexnet_RS_accuracy_kp7500_seed1024,1024,60000,673,42,accuracy,101024,0.44525,1,2.899865823960304,49.8079044893384,10,2.899865823960304,valid,0.44240001940559937,0.5072515931222077,0.44525,101024
RS,0.4632,588,588,random,TINYIMAGENET,674,main_b1000_tinyimagenet_alexnet_RS_kp75_seed1024,0.75,0.448,False,0.75,alexnet,0.75,TINYIMAGENET_alexnet_RS_accuracy_kp7500_seed1024,1024,60000,674,42,accuracy,101024,0.448,1,2.9142845044136045,49.8223462626338,10,2.9142845044136045,valid,0.44295651412792736,0.5069090482194831,0.44799999999999995,101024
RS,0.4632,588,588,random,TINYIMAGENET,675,main_b1000_tinyimagenet_alexnet_RS_kp75_seed1024,0.75,0.4481,False,0.75,alexnet,0.75,TINYIMAGENET_alexnet_RS_accuracy_kp7500_seed1024,1024,60000,675,42,accuracy,101024,0.4481,1,2.8398881084918974,50.25781961530447,10,2.8398881084918974,valid,0.44573305402801,0.501704349964975,0.4481,101024
RS,0.4632,588,588,random,TINYIMAGENET,676,main_b1000_tinyimagenet_alexnet_RS_kp75_seed1024,0.75,0.4499,False,0.75,alexnet,0.75,TINYIMAGENET_alexnet_RS_accuracy_kp7500_seed1024,1024,60000,676,42,accuracy,101024,0.4499,1,2.882657785499096,50.162306658923626,10,2.882657785499096,valid,0.44699584391367453,0.5109456548146699,0.4499,101024
RS,0.4632,588,588,random,TINYIMAGENET,677,main_b1000_tinyimagenet_alexnet_RS_kp75_seed1024,0.75,0.4571,False,0.75,alexnet,0.75,TINYIMAGENET_alexnet_RS_accuracy_kp7500_seed1024,1024,60000,677,42,accuracy,101024,0.4571,1,2.8493950505256653,49.55423491448164,10,2.8493950505256653,valid,0.4522893893799699,0.5072713267138999,0.45709999999999995,101024
RS,0.4632,588,588,random,TINYIMAGENET,678,main_b1000_tinyimagenet_alexnet_RS_kp75_seed1024,0.75,0.4456,False,0.75,alexnet,0.75,TINYIMAGENET_alexnet_RS_accuracy_kp7500_seed1024,1024,60000,678,42,accuracy,101024,0.4456,1,2.9193272283792497,49.86395571380854,10,2.9193272283792497,valid,0.44113446801508444,0.5006352932426158,0.4456,101024
RS,0.4632,588,588,random,TINYIMAGENET,679,main_b1000_tinyimagenet_alexnet_RS_kp75_seed1024,0.75,0.44525,False,0.75,alexnet,0.75,TINYIMAGENET_alexnet_RS_accuracy_kp7500_seed1024,1024,60000,679,42,accuracy,101024,0.44525,1,2.957304171562195,49.82864238321781,10,2.957304171562195,valid,0.44069383719533045,0.5090217834103709,0.44525000000000003,101024
RS,0.4632,588,588,random,TINYIMAGENET,680,main_b1000_tinyimagenet_alexnet_RS_kp75_seed1024,0.75,0.453,False,0.75,alexnet,0.75,TINYIMAGENET_alexnet_RS_accuracy_kp7500_seed1024,1024,60000,680,42,accuracy,101024,0.453,1,2.8228879083633425,49.810737036168575,10,2.8228879083633425,valid,0.45176007955374275,0.5001142292791999,0.45299999999999996,101024
RS,0.4632,588,588,random,TINYIMAGENET,681,main_b1000_tinyimagenet_alexnet_RS_kp75_seed1024,0.75,0.45645,False,0.75,alexnet,0.75,TINYIMAGENET_alexnet_RS_accuracy_kp7500_seed1024,1024,60000,681,42,accuracy,101024,0.45645,1,2.8035094613075255,49.831468157470226,10,2.8035094613075255,valid,0.45380144954179774,0.5026721555321647,0.45644999999999997,101024
RS,0.4632,588,588,random,TINYIMAGENET,682,main_b1000_tinyimagenet_alexnet_RS_kp75_seed1024,0.75,0.4591,False,0.75,alexnet,0.75,TINYIMAGENET_alexnet_RS_accuracy_kp7500_seed1024,1024,60000,682,42,accuracy,101024,0.4591,1,2.8262934777259825,50.56846720725298,10,2.8262934777259825,valid,0.45476931618037186,0.5093972513310662,0.45910000000000006,101024
RS,0.4632,588,588,random,TINYIMAGENET,683,main_b1000_tinyimagenet_alexnet_RS_kp75_seed1024,0.75,0.45575,False,0.75,alexnet,0.75,TINYIMAGENET_alexnet_RS_accuracy_kp7500_seed1024,1024,60000,683,42,accuracy,101024,0.45575,1,2.811085548257828,51.249492935836315,10,2.811085548257828,valid,0.4541812715545865,0.5040521777927982,0.45575000000000004,101024
RS,0.4632,588,588,random,TINYIMAGENET,684,main_b1000_tinyimagenet_alexnet_RS_kp75_seed1024,0.75,0.457,False,0.75,alexnet,0.75,TINYIMAGENET_alexnet_RS_accuracy_kp7500_seed1024,1024,60000,684,42,accuracy,101024,0.457,1,2.8035318180561064,52.5029873251915,10,2.8035318180561064,valid,0.45453709472796305,0.5059421410791911,0.45699999999999996,101024
RS,0.4632,588,588,random,TINYIMAGENET,685,main_b1000_tinyimagenet_alexnet_RS_kp75_seed1024,0.75,0.45265,False,0.75,alexnet,0.75,TINYIMAGENET_alexnet_RS_accuracy_kp7500_seed1024,1024,60000,685,42,accuracy,101024,0.45265,1,2.891774828195572,52.605184972286224,10,2.891774828195572,valid,0.4488117899835362,0.5076941304198412,0.45265,101024
RS,0.4632,588,588,random,TINYIMAGENET,686,main_b1000_tinyimagenet_alexnet_RS_kp75_seed1024,0.75,0.4475,False,0.75,alexnet,0.75,TINYIMAGENET_alexnet_RS_accuracy_kp7500_seed1024,1024,60000,686,42,accuracy,101024,0.4475,1,2.923540346765518,52.64925018697977,10,2.923540346765518,valid,0.4435789182653492,0.5044262504464752,0.4475,101024
RS,0.4632,588,588,random,TINYIMAGENET,687,main_b1000_tinyimagenet_alexnet_RS_kp75_seed1024,0.75,0.45365,False,0.75,alexnet,0.75,TINYIMAGENET_alexnet_RS_accuracy_kp7500_seed1024,1024,60000,687,42,accuracy,101024,0.45365,1,2.8921042776107786,52.66790249198675,10,2.8921042776107786,valid,0.4488592865091004,0.5095047875832557,0.45365,101024
RS,0.4632,588,588,random,TINYIMAGENET,688,main_b1000_tinyimagenet_alexnet_RS_kp75_seed1024,0.75,0.4523,False,0.75,alexnet,0.75,TINYIMAGENET_alexnet_RS_accuracy_kp7500_seed1024,1024,60000,688,42,accuracy,101024,0.4523,1,2.826174662876129,52.91611206531525,10,2.826174662876129,valid,0.449282929131803,0.49850112587119966,0.45230000000000004,101024
RS,0.4632,588,588,random,TINYIMAGENET,689,main_b1000_tinyimagenet_alexnet_RS_kp75_seed1024,0.75,0.4406,False,0.75,alexnet,0.75,TINYIMAGENET_alexnet_RS_accuracy_kp7500_seed1024,1024,60000,689,42,accuracy,101024,0.4406,1,2.9254241044044496,52.86341056227684,10,2.9254241044044496,valid,0.43847526188669184,0.5061045171930768,0.44060000000000005,101024
RS,0.4632,588,588,random,TINYIMAGENET,690,main_b1000_tinyimagenet_alexnet_RS_kp75_seed1024,0.75,0.45255,False,0.75,alexnet,0.75,TINYIMAGENET_alexnet_RS_accuracy_kp7500_seed1024,1024,60000,690,42,accuracy,101024,0.45255,1,2.8854838468313218,52.80362055450678,10,2.8854838468313218,valid,0.45061174331253995,0.5196224631484431,0.4525500000000001,101024
RS,0.4632,588,588,random,TINYIMAGENET,691,main_b1000_tinyimagenet_alexnet_RS_kp75_seed1024,0.75,0.45475,False,0.75,alexnet,0.75,TINYIMAGENET_alexnet_RS_accuracy_kp7500_seed1024,1024,60000,691,42,accuracy,101024,0.45475,1,2.853629948234558,52.54184424877167,10,2.853629948234558,valid,0.45297275539087367,0.5103827707842213,0.45475,101024
RS,0.4632,588,588,random,TINYIMAGENET,692,main_b1000_tinyimagenet_alexnet_RS_kp75_seed1024,0.75,0.45145,False,0.75,alexnet,0.75,TINYIMAGENET_alexnet_RS_accuracy_kp7500_seed1024,1024,60000,692,42,accuracy,101024,0.45145,1,2.912884674501419,52.301358468830585,10,2.912884674501419,valid,0.445975767030389,0.5062777314657143,0.45145,101024
RS,0.4632,588,588,random,TINYIMAGENET,693,main_b1000_tinyimagenet_alexnet_RS_kp75_seed1024,0.75,0.45235,False,0.75,alexnet,0.75,TINYIMAGENET_alexnet_RS_accuracy_kp7500_seed1024,1024,60000,693,42,accuracy,101024,0.45235,1,2.8610133777618407,52.624987818300724,10,2.8610133777618407,valid,0.44726029879678497,0.4970838117865932,0.45235,101024
RS,0.4632,588,588,random,TINYIMAGENET,694,main_b1000_tinyimagenet_alexnet_RS_kp75_seed1024,0.75,0.4492,False,0.75,alexnet,0.75,TINYIMAGENET_alexnet_RS_accuracy_kp7500_seed1024,1024,60000,694,42,accuracy,101024,0.4492,1,2.9101157864809037,52.814299292862415,10,2.9101157864809037,valid,0.4484744288489077,0.5121606867864904,0.44920000000000004,101024
RS,0.4632,588,588,random,TINYIMAGENET,695,main_b1000_tinyimagenet_alexnet_RS_kp75_seed1024,0.75,0.45535,False,0.75,alexnet,0.75,TINYIMAGENET_alexnet_RS_accuracy_kp7500_seed1024,1024,60000,695,42,accuracy,101024,0.45535,1,2.868450353527069,52.81030838936567,10,2.868450353527069,valid,0.45418536635181594,0.5173254714253692,0.45535,101024
RS,0.4632,588,588,random,TINYIMAGENET,696,main_b1000_tinyimagenet_alexnet_RS_kp75_seed1024,0.75,0.45285,False,0.75,alexnet,0.75,TINYIMAGENET_alexnet_RS_accuracy_kp7500_seed1024,1024,60000,696,42,accuracy,101024,0.45285,1,2.872479522514343,52.81646431982517,10,2.872479522514343,valid,0.45181168048586123,0.5147605498504588,0.45285,101024
RS,0.4632,588,588,random,TINYIMAGENET,697,main_b1000_tinyimagenet_alexnet_RS_kp75_seed1024,0.75,0.4503,False,0.75,alexnet,0.75,TINYIMAGENET_alexnet_RS_accuracy_kp7500_seed1024,1024,60000,697,42,accuracy,101024,0.4503,1,2.87103442029953,52.736706510186195,10,2.87103442029953,valid,0.448982684080176,0.5059238658343977,0.45030000000000003,101024
RS,0.4632,588,588,random,TINYIMAGENET,698,main_b1000_tinyimagenet_alexnet_RS_kp75_seed1024,0.75,0.4484,False,0.75,alexnet,0.75,TINYIMAGENET_alexnet_RS_accuracy_kp7500_seed1024,1024,60000,698,42,accuracy,101024,0.4484,1,2.8847843759059906,52.8699354454875,10,2.8847843759059906,valid,0.44765579857264626,0.5055772586103487,0.4484,101024
RS,0.4632,588,588,random,TINYIMAGENET,699,main_b1000_tinyimagenet_alexnet_RS_kp75_seed1024,0.75,0.44675,False,0.75,alexnet,0.75,TINYIMAGENET_alexnet_RS_accuracy_kp7500_seed1024,1024,60000,699,42,accuracy,101024,0.44675,1,2.8910343737363817,52.778517447412014,10,2.8910343737363817,valid,0.440424824174855,0.49936495257707997,0.44675,101024
RS,0.4632,588,588,random,TINYIMAGENET,700,main_b1000_tinyimagenet_alexnet_RS_kp75_seed1024,0.75,0.4554,False,0.75,alexnet,0.75,TINYIMAGENET_alexnet_RS_accuracy_kp7500_seed1024,1024,60000,700,42,accuracy,101024,0.4554,1,2.8373864732980727,52.6781210899353,10,2.8373864732980727,valid,0.45209711927573054,0.5069495052153385,0.45539999999999997,101024
RS,0.4632,588,588,random,TINYIMAGENET,701,main_b1000_tinyimagenet_alexnet_RS_kp75_seed1024,0.75,0.4529,False,0.75,alexnet,0.75,TINYIMAGENET_alexnet_RS_accuracy_kp7500_seed1024,1024,60000,701,42,accuracy,101024,0.4529,1,2.840914073038101,52.29084189236164,10,2.840914073038101,valid,0.44977475495783886,0.5038639347026039,0.45289999999999997,101024
RS,0.4632,588,588,random,TINYIMAGENET,702,main_b1000_tinyimagenet_alexnet_RS_kp75_seed1024,0.75,0.45155,False,0.75,alexnet,0.75,TINYIMAGENET_alexnet_RS_accuracy_kp7500_seed1024,1024,60000,702,42,accuracy,101024,0.45155,1,2.8606375754117965,52.55659721791744,10,2.8606375754117965,valid,0.4481570670698236,0.5041666471844528,0.45155,101024
RS,0.4632,588,588,random,TINYIMAGENET,703,main_b1000_tinyimagenet_alexnet_RS_kp75_seed1024,0.75,0.45385,False,0.75,alexnet,0.75,TINYIMAGENET_alexnet_RS_accuracy_kp7500_seed1024,1024,60000,703,42,accuracy,101024,0.45385,1,2.856532564020157,52.78654157370329,10,2.856532564020157,valid,0.4507516556946496,0.5018480892574991,0.45385,101024
RS,0.4632,588,588,random,TINYIMAGENET,704,main_b1000_tinyimagenet_alexnet_RS_kp75_seed1024,0.75,0.4555,False,0.75,alexnet,0.75,TINYIMAGENET_alexnet_RS_accuracy_kp7500_seed1024,1024,60000,704,42,accuracy,101024,0.4555,1,2.831715849971771,52.76478769630194,10,2.831715849971771,valid,0.4518089996388628,0.5002030985567859,0.45549999999999996,101024
RS,0.4632,588,588,random,TINYIMAGENET,705,main_b1000_tinyimagenet_alexnet_RS_kp75_seed1024,0.75,0.4523,False,0.75,alexnet,0.75,TINYIMAGENET_alexnet_RS_accuracy_kp7500_seed1024,1024,60000,705,42,accuracy,101024,0.4523,1,2.8675380814552307,52.72864472121,10,2.8675380814552307,valid,0.44778033455072985,0.5056556629772299,0.4523,101024
RS,0.4632,588,588,random,TINYIMAGENET,706,main_b1000_tinyimagenet_alexnet_RS_kp75_seed1024,0.75,0.4563,False,0.75,alexnet,0.75,TINYIMAGENET_alexnet_RS_accuracy_kp7500_seed1024,1024,60000,706,42,accuracy,101024,0.4563,1,2.8650903782367707,52.74092908203602,10,2.8650903782367707,valid,0.45496182887766096,0.5093472249113666,0.45629999999999993,101024
RS,0.4632,588,588,random,TINYIMAGENET,707,main_b1000_tinyimagenet_alexnet_RS_kp75_seed1024,0.75,0.4542,False,0.75,alexnet,0.75,TINYIMAGENET_alexnet_RS_accuracy_kp7500_seed1024,1024,60000,707,42,accuracy,101024,0.4542,1,2.8439858593463896,52.78744666278362,10,2.8439858593463896,valid,0.4483547455942183,0.5042390189445419,0.4542,101024
RS,0.4632,588,588,random,TINYIMAGENET,708,main_b1000_tinyimagenet_alexnet_RS_kp75_seed1024,0.75,0.45525,False,0.75,alexnet,0.75,TINYIMAGENET_alexnet_RS_accuracy_kp7500_seed1024,1024,60000,708,42,accuracy,101024,0.45525,1,2.8577646136760713,52.83460718393326,10,2.8577646136760713,valid,0.4526856365739784,0.5069855051697538,0.45525000000000004,101024
RS,0.4632,588,588,random,TINYIMAGENET,709,main_b1000_tinyimagenet_alexnet_RS_kp75_seed1024,0.75,0.456,False,0.75,alexnet,0.75,TINYIMAGENET_alexnet_RS_accuracy_kp7500_seed1024,1024,60000,709,42,accuracy,101024,0.456,1,2.8532281762123106,52.769588865339756,10,2.8532281762123106,valid,0.4540583145664388,0.5134721069380312,0.45600000000000007,101024
RS,0.4632,588,588,random,TINYIMAGENET,710,main_b1000_tinyimagenet_alexnet_RS_kp75_seed1024,0.75,0.4527,False,0.75,alexnet,0.75,TINYIMAGENET_alexnet_RS_accuracy_kp7500_seed1024,1024,60000,710,42,accuracy,101024,0.4527,1,2.85897393989563,52.86119844764471,10,2.85897393989563,valid,0.45106334044072405,0.5126720161662716,0.45269999999999994,101024
RS,0.4632,588,588,random,TINYIMAGENET,711,main_b1000_tinyimagenet_alexnet_RS_kp75_seed1024,0.75,0.4483,False,0.75,alexnet,0.75,TINYIMAGENET_alexnet_RS_accuracy_kp7500_seed1024,1024,60000,711,42,accuracy,101024,0.4483,1,2.8952322724461554,52.771017879247665,10,2.8952322724461554,valid,0.4429636070704068,0.5036693001664743,0.4483,101024
RS,0.4632,588,588,random,TINYIMAGENET,712,main_b1000_tinyimagenet_alexnet_RS_kp75_seed1024,0.75,0.45345,False,0.75,alexnet,0.75,TINYIMAGENET_alexnet_RS_accuracy_kp7500_seed1024,1024,60000,712,42,accuracy,101024,0.45345,1,2.8546763370990753,52.608128510415554,10,2.8546763370990753,valid,0.45399069174233964,0.5088630479214731,0.45344999999999996,101024
RS,0.4632,588,588,random,TINYIMAGENET,713,main_b1000_tinyimagenet_alexnet_RS_kp75_seed1024,0.75,0.45205,False,0.75,alexnet,0.75,TINYIMAGENET_alexnet_RS_accuracy_kp7500_seed1024,1024,60000,713,42,accuracy,101024,0.45205,1,2.844305357861519,52.43526457250118,10,2.844305357861519,valid,0.45046715646860747,0.5033119415285184,0.45205000000000006,101024
RS,0.4632,588,588,random,TINYIMAGENET,714,main_b1000_tinyimagenet_alexnet_RS_kp75_seed1024,0.75,0.4446,False,0.75,alexnet,0.75,TINYIMAGENET_alexnet_RS_accuracy_kp7500_seed1024,1024,60000,714,42,accuracy,101024,0.4446,1,2.9025120855808257,52.62050309032202,10,2.9025120855808257,valid,0.4417706652456508,0.5015353269591635,0.44459999999999994,101024
RS,0.4632,588,588,random,TINYIMAGENET,715,main_b1000_tinyimagenet_alexnet_RS_kp75_seed1024,0.75,0.45245,False,0.75,alexnet,0.75,TINYIMAGENET_alexnet_RS_accuracy_kp7500_seed1024,1024,60000,715,42,accuracy,101024,0.45245,1,2.8339150076389314,52.78833511471748,10,2.8339150076389314,valid,0.44935778306915664,0.5047247772870664,0.45245,101024
RS,0.4632,588,588,random,TINYIMAGENET,716,main_b1000_tinyimagenet_alexnet_RS_kp75_seed1024,0.75,0.4561,False,0.75,alexnet,0.75,TINYIMAGENET_alexnet_RS_accuracy_kp7500_seed1024,1024,60000,716,42,accuracy,101024,0.4561,1,2.8337249962329865,52.83054477721453,10,2.8337249962329865,valid,0.4538130418784789,0.5087564146142843,0.4561,101024
RS,0.4632,588,588,random,TINYIMAGENET,717,main_b1000_tinyimagenet_alexnet_RS_kp75_seed1024,0.75,0.4576,False,0.75,alexnet,0.75,TINYIMAGENET_alexnet_RS_accuracy_kp7500_seed1024,1024,60000,717,42,accuracy,101024,0.4576,1,2.835020227313042,52.82889860123396,10,2.835020227313042,valid,0.45526120754653365,0.5077588825397341,0.45760000000000006,101024
RS,0.4632,588,588,random,TINYIMAGENET,718,main_b1000_tinyimagenet_alexnet_RS_kp75_seed1024,0.75,0.44945,False,0.75,alexnet,0.75,TINYIMAGENET_alexnet_RS_accuracy_kp7500_seed1024,1024,60000,718,42,accuracy,101024,0.44945,1,2.883535919523239,52.741208255290985,10,2.883535919523239,valid,0.44763905636533147,0.5125577148783608,0.44945,101024
RS,0.4632,588,588,random,TINYIMAGENET,719,main_b1000_tinyimagenet_alexnet_RS_kp75_seed1024,0.75,0.4578,False,0.75,alexnet,0.75,TINYIMAGENET_alexnet_RS_accuracy_kp7500_seed1024,1024,60000,719,42,accuracy,101024,0.4578,1,2.81736647810936,52.82897651940584,10,2.81736647810936,valid,0.45546375845243964,0.5019450666316836,0.4578,101024
RS,0.4632,588,588,random,TINYIMAGENET,720,main_b1000_tinyimagenet_alexnet_RS_kp75_seed1024,0.75,0.4471,False,0.75,alexnet,0.75,TINYIMAGENET_alexnet_RS_accuracy_kp7500_seed1024,1024,60000,720,42,accuracy,101024,0.4471,1,2.9043168483018875,52.79522858560085,10,2.9043168483018875,valid,0.44596267238760845,0.5076903705843846,0.4471,101024
RS,0.4632,588,588,random,TINYIMAGENET,721,main_b1000_tinyimagenet_alexnet_RS_kp75_seed1024,0.75,0.4489,False,0.75,alexnet,0.75,TINYIMAGENET_alexnet_RS_accuracy_kp7500_seed1024,1024,60000,721,42,accuracy,101024,0.4489,1,2.87628249335289,52.827164344489574,10,2.87628249335289,valid,0.44758685038484886,0.5005835372489165,0.4489,101024
RS,0.4632,588,588,random,TINYIMAGENET,722,main_b1000_tinyimagenet_alexnet_RS_kp75_seed1024,0.75,0.45155,False,0.75,alexnet,0.75,TINYIMAGENET_alexnet_RS_accuracy_kp7500_seed1024,1024,60000,722,42,accuracy,101024,0.45155,1,2.852545621705055,52.78451046347618,10,2.852545621705055,valid,0.44615993956099936,0.5096975817590732,0.45155,101024
RS,0.4632,588,588,random,TINYIMAGENET,723,main_b1000_tinyimagenet_alexnet_RS_kp75_seed1024,0.75,0.4506,False,0.75,alexnet,0.75,TINYIMAGENET_alexnet_RS_accuracy_kp7500_seed1024,1024,60000,723,42,accuracy,101024,0.4506,1,2.873440884399414,52.432798102498055,10,2.873440884399414,valid,0.4466592640654167,0.49957834140508367,0.4506,101024
RS,0.4632,588,588,random,TINYIMAGENET,724,main_b1000_tinyimagenet_alexnet_RS_kp75_seed1024,0.75,0.4531,False,0.75,alexnet,0.75,TINYIMAGENET_alexnet_RS_accuracy_kp7500_seed1024,1024,60000,724,42,accuracy,101024,0.4531,1,2.8457789475917816,52.51446209102869,10,2.8457789475917816,valid,0.4480648319875859,0.5025693220659329,0.4531,101024
RS,0.4632,588,588,random,TINYIMAGENET,725,main_b1000_tinyimagenet_alexnet_RS_kp75_seed1024,0.75,0.4449,False,0.75,alexnet,0.75,TINYIMAGENET_alexnet_RS_accuracy_kp7500_seed1024,1024,60000,725,42,accuracy,101024,0.4449,1,2.914779518699646,52.71028331667185,10,2.914779518699646,valid,0.44371453644931114,0.5099425335966142,0.4449,101024
RS,0.4632,588,588,random,TINYIMAGENET,726,main_b1000_tinyimagenet_alexnet_RS_kp75_seed1024,0.75,0.4558,False,0.75,alexnet,0.75,TINYIMAGENET_alexnet_RS_accuracy_kp7500_seed1024,1024,60000,726,42,accuracy,101024,0.4558,1,2.824577508687973,52.70733419805765,10,2.824577508687973,valid,0.4538579578145507,0.5083281860760956,0.4558,101024
RS,0.4632,588,588,random,TINYIMAGENET,727,main_b1000_tinyimagenet_alexnet_RS_kp75_seed1024,0.75,0.45415,False,0.75,alexnet,0.75,TINYIMAGENET_alexnet_RS_accuracy_kp7500_seed1024,1024,60000,727,42,accuracy,101024,0.45415,1,2.8782811596035955,52.780094124376774,10,2.8782811596035955,valid,0.44825652257225157,0.5050094065668715,0.45415,101024
RS,0.4632,588,588,random,TINYIMAGENET,728,main_b1000_tinyimagenet_alexnet_RS_kp75_seed1024,0.75,0.45215,False,0.75,alexnet,0.75,TINYIMAGENET_alexnet_RS_accuracy_kp7500_seed1024,1024,60000,728,42,accuracy,101024,0.45215,1,2.857360832595825,52.82189855724573,10,2.857360832595825,valid,0.4524167579352345,0.5100869739295031,0.45215000000000005,101024
RS,0.4632,588,588,random,TINYIMAGENET,729,main_b1000_tinyimagenet_alexnet_RS_kp75_seed1024,0.75,0.4506,False,0.75,alexnet,0.75,TINYIMAGENET_alexnet_RS_accuracy_kp7500_seed1024,1024,60000,729,42,accuracy,101024,0.4506,1,2.870703273963928,52.67000327259302,10,2.870703273963928,valid,0.4478321962706521,0.502331243543253,0.4506,101024
RS,0.4632,588,588,random,TINYIMAGENET,730,main_b1000_tinyimagenet_alexnet_RS_kp75_seed1024,0.75,0.4539,False,0.75,alexnet,0.75,TINYIMAGENET_alexnet_RS_accuracy_kp7500_seed1024,1024,60000,730,42,accuracy,101024,0.4539,1,2.848910533165932,52.79626539349556,10,2.848910533165932,valid,0.4502934171018553,0.5049443935211688,0.4539,101024
RS,0.4632,588,588,random,TINYIMAGENET,731,main_b1000_tinyimagenet_alexnet_RS_kp75_seed1024,0.75,0.4465,False,0.75,alexnet,0.75,TINYIMAGENET_alexnet_RS_accuracy_kp7500_seed1024,1024,60000,731,42,accuracy,101024,0.4465,1,2.8811936294555665,52.825797252357006,10,2.8811936294555665,valid,0.44242205711135496,0.5076824180005447,0.4464999999999999,101024
RS,0.4632,588,588,random,TINYIMAGENET,732,main_b1000_tinyimagenet_alexnet_RS_kp75_seed1024,0.75,0.4447,False,0.75,alexnet,0.75,TINYIMAGENET_alexnet_RS_accuracy_kp7500_seed1024,1024,60000,732,42,accuracy,101024,0.4447,1,2.9162456632614138,52.57163683325052,10,2.9162456632614138,valid,0.4442549278290155,0.5076195399227723,0.4447,101024
RS,0.4632,588,588,random,TINYIMAGENET,733,main_b1000_tinyimagenet_alexnet_RS_kp75_seed1024,0.75,0.4576,False,0.75,alexnet,0.75,TINYIMAGENET_alexnet_RS_accuracy_kp7500_seed1024,1024,60000,733,42,accuracy,101024,0.4576,1,2.8595038801193238,52.29663871228695,10,2.8595038801193238,valid,0.45745493530660014,0.510005137857102,0.4576,101024
RS,0.4632,588,588,random,TINYIMAGENET,734,main_b1000_tinyimagenet_alexnet_RS_kp75_seed1024,0.75,0.45335,False,0.75,alexnet,0.75,TINYIMAGENET_alexnet_RS_accuracy_kp7500_seed1024,1024,60000,734,42,accuracy,101024,0.45335,1,2.828529453802109,52.63642621040344,10,2.828529453802109,valid,0.45247234843405904,0.5073430766928976,0.4533499999999999,101024
RS,0.4632,588,588,random,TINYIMAGENET,735,main_b1000_tinyimagenet_alexnet_RS_kp75_seed1024,0.75,0.45485,False,0.75,alexnet,0.75,TINYIMAGENET_alexnet_RS_accuracy_kp7500_seed1024,1024,60000,735,42,accuracy,101024,0.45485,1,2.849840312194824,52.7314490377903,10,2.849840312194824,valid,0.4498358386315615,0.5046409108821007,0.45485,101024
RS,0.4632,588,588,random,TINYIMAGENET,736,main_b1000_tinyimagenet_alexnet_RS_kp75_seed1024,0.75,0.4561,False,0.75,alexnet,0.75,TINYIMAGENET_alexnet_RS_accuracy_kp7500_seed1024,1024,60000,736,42,accuracy,101024,0.4561,1,2.8167578184366224,52.66826491802931,10,2.8167578184366224,valid,0.4503475089338532,0.5013234841407528,0.4561,101024
RS,0.4632,588,588,random,TINYIMAGENET,737,main_b1000_tinyimagenet_alexnet_RS_kp75_seed1024,0.75,0.45495,False,0.75,alexnet,0.75,TINYIMAGENET_alexnet_RS_accuracy_kp7500_seed1024,1024,60000,737,42,accuracy,101024,0.45495,1,2.8131862916946413,52.679066091775894,10,2.8131862916946413,valid,0.45301150687107605,0.5057873942552193,0.45494999999999997,101024
RS,0.4632,588,588,random,TINYIMAGENET,738,main_b1000_tinyimagenet_alexnet_RS_kp75_seed1024,0.75,0.44485,False,0.75,alexnet,0.75,TINYIMAGENET_alexnet_RS_accuracy_kp7500_seed1024,1024,60000,738,42,accuracy,101024,0.44485,1,2.9151126019716265,52.70707304775715,10,2.9151126019716265,valid,0.44608709013324743,0.5084263953509642,0.4448500000000001,101024
RS,0.4632,588,588,random,TINYIMAGENET,739,main_b1000_tinyimagenet_alexnet_RS_kp75_seed1024,0.75,0.45165,False,0.75,alexnet,0.75,TINYIMAGENET_alexnet_RS_accuracy_kp7500_seed1024,1024,60000,739,42,accuracy,101024,0.45165,1,2.8789966683387758,52.744785867631435,10,2.8789966683387758,valid,0.44705071043439,0.5113234143462616,0.45165000000000005,101024
RS,0.4632,588,588,random,TINYIMAGENET,740,main_b1000_tinyimagenet_alexnet_RS_kp75_seed1024,0.75,0.44985,False,0.75,alexnet,0.75,TINYIMAGENET_alexnet_RS_accuracy_kp7500_seed1024,1024,60000,740,42,accuracy,101024,0.44985,1,2.873997878074646,52.73430806398392,10,2.873997878074646,valid,0.447410751293875,0.505422017259301,0.44984999999999997,101024
RS,0.4632,588,588,random,TINYIMAGENET,741,main_b1000_tinyimagenet_alexnet_RS_kp75_seed1024,0.75,0.4495,False,0.75,alexnet,0.75,TINYIMAGENET_alexnet_RS_accuracy_kp7500_seed1024,1024,60000,741,42,accuracy,101024,0.4495,1,2.893686974143982,52.63795164972544,10,2.893686974143982,valid,0.44674686105373373,0.5113031876081781,0.4495,101024
RS,0.4632,588,588,random,TINYIMAGENET,742,main_b1000_tinyimagenet_alexnet_RS_kp75_seed1024,0.75,0.45385,False,0.75,alexnet,0.75,TINYIMAGENET_alexnet_RS_accuracy_kp7500_seed1024,1024,60000,742,42,accuracy,101024,0.45385,1,2.8397229122161867,52.37162987887859,10,2.8397229122161867,valid,0.4503957442698007,0.5032552556921885,0.45385000000000003,101024
RS,0.4632,588,588,random,TINYIMAGENET,743,main_b1000_tinyimagenet_alexnet_RS_kp75_seed1024,0.75,0.44855,False,0.75,alexnet,0.75,TINYIMAGENET_alexnet_RS_accuracy_kp7500_seed1024,1024,60000,743,42,accuracy,101024,0.44855,1,2.8732991168498994,52.58429142832756,10,2.8732991168498994,valid,0.44601369303078076,0.5113253764515241,0.44855000000000006,101024
RS,0.4632,588,588,random,TINYIMAGENET,744,main_b1000_tinyimagenet_alexnet_RS_kp75_seed1024,0.75,0.44865,False,0.75,alexnet,0.75,TINYIMAGENET_alexnet_RS_accuracy_kp7500_seed1024,1024,60000,744,42,accuracy,101024,0.44865,1,2.8915274501800536,52.76033666729927,10,2.8915274501800536,valid,0.448648142784821,0.5105988918091149,0.44865,101024
RS,0.4632,588,588,random,TINYIMAGENET,745,main_b1000_tinyimagenet_alexnet_RS_kp75_seed1024,0.75,0.452,False,0.75,alexnet,0.75,TINYIMAGENET_alexnet_RS_accuracy_kp7500_seed1024,1024,60000,745,42,accuracy,101024,0.452,1,2.8624369781970977,52.762470453977585,10,2.8624369781970977,valid,0.44771746619836206,0.49985164634840756,0.452,101024
RS,0.4632,588,588,random,TINYIMAGENET,746,main_b1000_tinyimagenet_alexnet_RS_kp75_seed1024,0.75,0.45155,False,0.75,alexnet,0.75,TINYIMAGENET_alexnet_RS_accuracy_kp7500_seed1024,1024,60000,746,42,accuracy,101024,0.45155,1,2.8495948420524595,52.70967424660921,10,2.8495948420524595,valid,0.44882647096395817,0.502668465246144,0.45155,101024
RS,0.4632,588,588,random,TINYIMAGENET,747,main_b1000_tinyimagenet_alexnet_RS_kp75_seed1024,0.75,0.44805,False,0.75,alexnet,0.75,TINYIMAGENET_alexnet_RS_accuracy_kp7500_seed1024,1024,60000,747,42,accuracy,101024,0.44805,1,2.881094643568993,52.671692818403244,10,2.881094643568993,valid,0.44597228864122,0.5073916616757359,0.44805,101024
RS,0.4632,588,588,random,TINYIMAGENET,748,main_b1000_tinyimagenet_alexnet_RS_kp75_seed1024,0.75,0.45415,False,0.75,alexnet,0.75,TINYIMAGENET_alexnet_RS_accuracy_kp7500_seed1024,1024,60000,748,42,accuracy,101024,0.45415,1,2.871279016447067,52.74029143154621,10,2.871279016447067,valid,0.45229667868511525,0.5104123388085796,0.45415000000000005,101024
RS,0.4632,588,588,random,TINYIMAGENET,749,main_b1000_tinyimagenet_alexnet_RS_kp75_seed1024,0.75,0.44995,False,0.75,alexnet,0.75,TINYIMAGENET_alexnet_RS_accuracy_kp7500_seed1024,1024,60000,749,42,accuracy,101024,0.44995,1,2.8719000185966492,52.71918123215437,10,2.8719000185966492,valid,0.44748448153706677,0.5051351562057432,0.44995000000000007,101024
RS,0.4632,588,588,random,TINYIMAGENET,750,main_b1000_tinyimagenet_alexnet_RS_kp75_seed1024,0.75,0.45615,False,0.75,alexnet,0.75,TINYIMAGENET_alexnet_RS_accuracy_kp7500_seed1024,1024,60000,750,42,accuracy,101024,0.45615,1,2.848797191286087,52.67047385126352,10,2.848797191286087,valid,0.45359032703085334,0.5147432498014399,0.45614999999999994,101024
RS,0.4632,588,588,random,TINYIMAGENET,751,main_b1000_tinyimagenet_alexnet_RS_kp75_seed1024,0.75,0.4515,False,0.75,alexnet,0.75,TINYIMAGENET_alexnet_RS_accuracy_kp7500_seed1024,1024,60000,751,42,accuracy,101024,0.4515,1,2.8950273668766022,52.18838994204998,10,2.8950273668766022,valid,0.44931659166015053,0.5052140112032059,0.4515,101024
RS,0.4632,588,588,random,TINYIMAGENET,752,main_b1000_tinyimagenet_alexnet_RS_kp75_seed1024,0.75,0.4478,False,0.75,alexnet,0.75,TINYIMAGENET_alexnet_RS_accuracy_kp7500_seed1024,1024,60000,752,42,accuracy,101024,0.4478,1,2.863759032225609,52.666993491351604,10,2.863759032225609,valid,0.4439907958813367,0.4961066606449597,0.44780000000000003,101024
RS,0.4632,588,588,random,TINYIMAGENET,753,main_b1000_tinyimagenet_alexnet_RS_kp75_seed1024,0.75,0.45695,False,0.75,alexnet,0.75,TINYIMAGENET_alexnet_RS_accuracy_kp7500_seed1024,1024,60000,753,42,accuracy,101024,0.45695,1,2.8163314390182497,52.67337506264448,10,2.8163314390182497,valid,0.45334622549163933,0.5072329861417199,0.45695,101024
RS,0.4632,588,588,random,TINYIMAGENET,754,main_b1000_tinyimagenet_alexnet_RS_kp75_seed1024,0.75,0.452,False,0.75,alexnet,0.75,TINYIMAGENET_alexnet_RS_accuracy_kp7500_seed1024,1024,60000,754,42,accuracy,101024,0.452,1,2.8510753558158877,52.727474212646484,10,2.8510753558158877,valid,0.44992549040880264,0.5051919913736357,0.452,101024
RS,0.4632,588,588,random,TINYIMAGENET,755,main_b1000_tinyimagenet_alexnet_RS_kp75_seed1024,0.75,0.44855,False,0.75,alexnet,0.75,TINYIMAGENET_alexnet_RS_accuracy_kp7500_seed1024,1024,60000,755,42,accuracy,101024,0.44855,1,2.8626881582021713,52.75090477615595,10,2.8626881582021713,valid,0.44512899539794704,0.5013061843426243,0.44855000000000006,101024
RS,0.4632,588,588,random,TINYIMAGENET,756,main_b1000_tinyimagenet_alexnet_RS_kp75_seed1024,0.75,0.448,False,0.75,alexnet,0.75,TINYIMAGENET_alexnet_RS_accuracy_kp7500_seed1024,1024,60000,756,42,accuracy,101024,0.448,1,2.89256133030653,52.73542845249176,10,2.89256133030653,valid,0.44671297439474167,0.5073103313516357,0.44799999999999995,101024
RS,0.4632,588,588,random,TINYIMAGENET,757,main_b1000_tinyimagenet_alexnet_RS_kp75_seed1024,0.75,0.45335,False,0.75,alexnet,0.75,TINYIMAGENET_alexnet_RS_accuracy_kp7500_seed1024,1024,60000,757,42,accuracy,101024,0.45335,1,2.8769986872673035,52.77564409375191,10,2.8769986872673035,valid,0.4510292126955902,0.5117975058232264,0.45335000000000003,101024
RS,0.4632,588,588,random,TINYIMAGENET,758,main_b1000_tinyimagenet_alexnet_RS_kp75_seed1024,0.75,0.45255,False,0.75,alexnet,0.75,TINYIMAGENET_alexnet_RS_accuracy_kp7500_seed1024,1024,60000,758,42,accuracy,101024,0.45255,1,2.853337553834915,52.75210474431515,10,2.853337553834915,valid,0.4472554457352774,0.5064122707558038,0.45254999999999995,101024
RS,0.4632,588,588,random,TINYIMAGENET,759,main_b1000_tinyimagenet_alexnet_RS_kp75_seed1024,0.75,0.4488,False,0.75,alexnet,0.75,TINYIMAGENET_alexnet_RS_accuracy_kp7500_seed1024,1024,60000,759,42,accuracy,101024,0.4488,1,2.8842768970012664,52.63290321081877,10,2.8842768970012664,valid,0.44651311628688944,0.5100881686518054,0.44880000000000003,101024
RS,0.4632,588,588,random,TINYIMAGENET,760,main_b1000_tinyimagenet_alexnet_RS_kp75_seed1024,0.75,0.45055,False,0.75,alexnet,0.75,TINYIMAGENET_alexnet_RS_accuracy_kp7500_seed1024,1024,60000,760,42,accuracy,101024,0.45055,1,2.860883405160904,52.38542137295008,10,2.860883405160904,valid,0.45055496333798695,0.5083079503272022,0.45055000000000006,101024
RS,0.4632,588,588,random,TINYIMAGENET,761,main_b1000_tinyimagenet_alexnet_RS_kp75_seed1024,0.75,0.45025,False,0.75,alexnet,0.75,TINYIMAGENET_alexnet_RS_accuracy_kp7500_seed1024,1024,60000,761,42,accuracy,101024,0.45025,1,2.90106842546463,52.504327051341534,10,2.90106842546463,valid,0.44556256793710886,0.5038168403093579,0.45025000000000004,101024
RS,0.4632,588,588,random,TINYIMAGENET,762,main_b1000_tinyimagenet_alexnet_RS_kp75_seed1024,0.75,0.45415,False,0.75,alexnet,0.75,TINYIMAGENET_alexnet_RS_accuracy_kp7500_seed1024,1024,60000,762,42,accuracy,101024,0.45415,1,2.8356797671318055,53.16614508628845,10,2.8356797671318055,valid,0.4502737249837825,0.5006632672150638,0.45415000000000005,101024
RS,0.4632,588,588,random,TINYIMAGENET,763,main_b1000_tinyimagenet_alexnet_RS_kp75_seed1024,0.75,0.4436,False,0.75,alexnet,0.75,TINYIMAGENET_alexnet_RS_accuracy_kp7500_seed1024,1024,60000,763,42,accuracy,101024,0.4436,1,2.9168475775003433,52.786743603646755,10,2.9168475775003433,valid,0.4425053876622779,0.513328384888911,0.4436,101024
RS,0.4632,588,588,random,TINYIMAGENET,764,main_b1000_tinyimagenet_alexnet_RS_kp75_seed1024,0.75,0.4523,False,0.75,alexnet,0.75,TINYIMAGENET_alexnet_RS_accuracy_kp7500_seed1024,1024,60000,764,42,accuracy,101024,0.4523,1,2.8725216053962708,52.8082774952054,10,2.8725216053962708,valid,0.44822782307043857,0.5021382092674372,0.4523,101024
RS,0.4632,588,588,random,TINYIMAGENET,765,main_b1000_tinyimagenet_alexnet_RS_kp75_seed1024,0.75,0.45125,False,0.75,alexnet,0.75,TINYIMAGENET_alexnet_RS_accuracy_kp7500_seed1024,1024,60000,765,42,accuracy,101024,0.45125,1,2.8352683538913728,52.820914417505264,10,2.8352683538913728,valid,0.448169134605894,0.5030234273603927,0.45125,101024
RS,0.4632,588,588,random,TINYIMAGENET,766,main_b1000_tinyimagenet_alexnet_RS_kp75_seed1024,0.75,0.4532,False,0.75,alexnet,0.75,TINYIMAGENET_alexnet_RS_accuracy_kp7500_seed1024,1024,60000,766,42,accuracy,101024,0.4532,1,2.8593134919404983,52.8121487647295,10,2.8593134919404983,valid,0.45125687495702904,0.5086027292660898,0.45319999999999994,101024
RS,0.4632,588,588,random,TINYIMAGENET,767,main_b1000_tinyimagenet_alexnet_RS_kp75_seed1024,0.75,0.44475,False,0.75,alexnet,0.75,TINYIMAGENET_alexnet_RS_accuracy_kp7500_seed1024,1024,60000,767,42,accuracy,101024,0.44475,1,2.9082294944286344,52.78683049976826,10,2.9082294944286344,valid,0.4435268020589216,0.5063524251270898,0.44475000000000003,101024
RS,0.4632,588,588,random,TINYIMAGENET,768,main_b1000_tinyimagenet_alexnet_RS_kp75_seed1024,0.75,0.459,False,0.75,alexnet,0.75,TINYIMAGENET_alexnet_RS_accuracy_kp7500_seed1024,1024,60000,768,42,accuracy,101024,0.459,1,2.8234197193145754,52.80218763649464,10,2.8234197193145754,valid,0.4577737142781968,0.5066759372670946,0.4590000000000001,101024
RS,0.4632,588,588,random,TINYIMAGENET,769,main_b1000_tinyimagenet_alexnet_RS_kp75_seed1024,0.75,0.44995,False,0.75,alexnet,0.75,TINYIMAGENET_alexnet_RS_accuracy_kp7500_seed1024,1024,60000,769,42,accuracy,101024,0.44995,1,2.8875342578411103,52.34209870547056,10,2.8875342578411103,valid,0.44761234484706536,0.5068999426075581,0.44995000000000007,101024
RS,0.4632,588,588,random,TINYIMAGENET,770,main_b1000_tinyimagenet_alexnet_RS_kp75_seed1024,0.75,0.45515,False,0.75,alexnet,0.75,TINYIMAGENET_alexnet_RS_accuracy_kp7500_seed1024,1024,60000,770,42,accuracy,101024,0.45515,1,2.842165237426758,52.49040364474058,10,2.842165237426758,valid,0.4492656933839643,0.503845013756396,0.45515,101024
RS,0.4632,588,588,random,TINYIMAGENET,771,main_b1000_tinyimagenet_alexnet_RS_kp75_seed1024,0.75,0.4442,False,0.75,alexnet,0.75,TINYIMAGENET_alexnet_RS_accuracy_kp7500_seed1024,1024,60000,771,42,accuracy,101024,0.4442,1,2.902751229763031,52.802438631653786,10,2.902751229763031,valid,0.44332875961089724,0.5119530959815387,0.44420000000000004,101024
RS,0.4632,588,588,random,TINYIMAGENET,772,main_b1000_tinyimagenet_alexnet_RS_kp75_seed1024,0.75,0.45625,False,0.75,alexnet,0.75,TINYIMAGENET_alexnet_RS_accuracy_kp7500_seed1024,1024,60000,772,42,accuracy,101024,0.45625,1,2.8026478838205335,52.7913403660059,10,2.8026478838205335,valid,0.4549333137494083,0.5024141192602387,0.45625,101024
RS,0.4632,588,588,random,TINYIMAGENET,773,main_b1000_tinyimagenet_alexnet_RS_kp75_seed1024,0.75,0.43945,False,0.75,alexnet,0.75,TINYIMAGENET_alexnet_RS_accuracy_kp7500_seed1024,1024,60000,773,42,accuracy,101024,0.43945,1,2.963239552760124,52.798953860998154,10,2.963239552760124,valid,0.43744308892487327,0.5126121199971491,0.43945,101024
RS,0.4632,588,588,random,TINYIMAGENET,774,main_b1000_tinyimagenet_alexnet_RS_kp75_seed1024,0.75,0.4485,False,0.75,alexnet,0.75,TINYIMAGENET_alexnet_RS_accuracy_kp7500_seed1024,1024,60000,774,42,accuracy,101024,0.4485,1,2.879326182460785,52.80097300559282,10,2.879326182460785,valid,0.4458522907692153,0.5025227731394368,0.44849999999999995,101024
RS,0.4632,588,588,random,TINYIMAGENET,775,main_b1000_tinyimagenet_alexnet_RS_kp75_seed1024,0.75,0.4522,False,0.75,alexnet,0.75,TINYIMAGENET_alexnet_RS_accuracy_kp7500_seed1024,1024,60000,775,42,accuracy,101024,0.4522,1,2.856007773256302,52.84201120585203,10,2.856007773256302,valid,0.45091601913630497,0.5071935187385859,0.4522,101024
RS,0.4632,588,588,random,TINYIMAGENET,776,main_b1000_tinyimagenet_alexnet_RS_kp75_seed1024,0.75,0.45765,False,0.75,alexnet,0.75,TINYIMAGENET_alexnet_RS_accuracy_kp7500_seed1024,1024,60000,776,42,accuracy,101024,0.45765,1,2.838383989906311,52.76002121716738,10,2.838383989906311,valid,0.45518171044199257,0.5107586840098426,0.45765,101024
RS,0.4632,588,588,random,TINYIMAGENET,777,main_b1000_tinyimagenet_alexnet_RS_kp75_seed1024,0.75,0.45695,False,0.75,alexnet,0.75,TINYIMAGENET_alexnet_RS_accuracy_kp7500_seed1024,1024,60000,777,42,accuracy,101024,0.45695,1,2.8466079442977907,52.7496769875288,10,2.8466079442977907,valid,0.4563886249493497,0.5187036222222327,0.45695,101024
RS,0.4632,588,588,random,TINYIMAGENET,778,main_b1000_tinyimagenet_alexnet_RS_kp75_seed1024,0.75,0.44895,False,0.75,alexnet,0.75,TINYIMAGENET_alexnet_RS_accuracy_kp7500_seed1024,1024,60000,778,42,accuracy,101024,0.44895,1,2.862901799964905,52.650843039155006,10,2.862901799964905,valid,0.444160454761398,0.5032414223914717,0.44895,101024
RS,0.4632,588,588,random,TINYIMAGENET,779,main_b1000_tinyimagenet_alexnet_RS_kp75_seed1024,0.75,0.4507,False,0.75,alexnet,0.75,TINYIMAGENET_alexnet_RS_accuracy_kp7500_seed1024,1024,60000,779,42,accuracy,101024,0.4507,1,2.8484662510871885,52.29667138308287,10,2.8484662510871885,valid,0.44918072983273005,0.505376525297155,0.4507,101024
RS,0.4632,588,588,random,TINYIMAGENET,780,main_b1000_tinyimagenet_alexnet_RS_kp75_seed1024,0.75,0.45295,False,0.75,alexnet,0.75,TINYIMAGENET_alexnet_RS_accuracy_kp7500_seed1024,1024,60000,780,42,accuracy,101024,0.45295,1,2.8567071301460265,52.72397165000439,10,2.8567071301460265,valid,0.45029364800010585,0.5073358552677517,0.45295,101024
RS,0.4632,588,588,random,TINYIMAGENET,781,main_b1000_tinyimagenet_alexnet_RS_kp75_seed1024,0.75,0.4512,False,0.75,alexnet,0.75,TINYIMAGENET_alexnet_RS_accuracy_kp7500_seed1024,1024,60000,781,42,accuracy,101024,0.4512,1,2.89607818775177,52.8333203792572,10,2.89607818775177,valid,0.4464852030261208,0.5154820042536852,0.45120000000000005,101024
RS,0.4632,588,588,random,TINYIMAGENET,782,main_b1000_tinyimagenet_alexnet_RS_kp75_seed1024,0.75,0.45045,False,0.75,alexnet,0.75,TINYIMAGENET_alexnet_RS_accuracy_kp7500_seed1024,1024,60000,782,42,accuracy,101024,0.45045,1,2.9015918872356417,52.84741161763668,10,2.9015918872356417,valid,0.44739793052056576,0.5079326233433206,0.45045,101024
RS,0.4632,588,588,random,TINYIMAGENET,783,main_b1000_tinyimagenet_alexnet_RS_kp75_seed1024,0.75,0.45295,False,0.75,alexnet,0.75,TINYIMAGENET_alexnet_RS_accuracy_kp7500_seed1024,1024,60000,783,42,accuracy,101024,0.45295,1,2.873482334065437,52.7780886143446,10,2.873482334065437,valid,0.45115840858501294,0.5078156877468036,0.45295,101024
RS,0.4632,588,588,random,TINYIMAGENET,784,main_b1000_tinyimagenet_alexnet_RS_kp75_seed1024,0.75,0.4499,False,0.75,alexnet,0.75,TINYIMAGENET_alexnet_RS_accuracy_kp7500_seed1024,1024,60000,784,42,accuracy,101024,0.4499,1,2.8815264258861544,52.81239411234856,10,2.8815264258861544,valid,0.4483459140244666,0.5087681274467684,0.44989999999999997,101024
RS,0.4632,588,588,random,TINYIMAGENET,785,main_b1000_tinyimagenet_alexnet_RS_kp75_seed1024,0.75,0.44865,False,0.75,alexnet,0.75,TINYIMAGENET_alexnet_RS_accuracy_kp7500_seed1024,1024,60000,785,42,accuracy,101024,0.44865,1,2.8841640533208848,52.78061620146036,10,2.8841640533208848,valid,0.4493681707294313,0.5090627813044746,0.44865,101024
RS,0.4632,588,588,random,TINYIMAGENET,786,main_b1000_tinyimagenet_alexnet_RS_kp75_seed1024,0.75,0.44945,False,0.75,alexnet,0.75,TINYIMAGENET_alexnet_RS_accuracy_kp7500_seed1024,1024,60000,786,42,accuracy,101024,0.44945,1,2.9234851699352262,52.78338599205017,10,2.9234851699352262,valid,0.44384973599932936,0.5039897951864127,0.44945000000000007,101024
RS,0.4632,588,588,random,TINYIMAGENET,787,main_b1000_tinyimagenet_alexnet_RS_kp75_seed1024,0.75,0.44545,False,0.75,alexnet,0.75,TINYIMAGENET_alexnet_RS_accuracy_kp7500_seed1024,1024,60000,787,42,accuracy,101024,0.44545,1,2.8837651143074035,52.73572947829962,10,2.8837651143074035,valid,0.445989853863441,0.5047124577851847,0.44545,101024
RS,0.4632,588,588,random,TINYIMAGENET,788,main_b1000_tinyimagenet_alexnet_RS_kp75_seed1024,0.75,0.4484,False,0.75,alexnet,0.75,TINYIMAGENET_alexnet_RS_accuracy_kp7500_seed1024,1024,60000,788,42,accuracy,101024,0.4484,1,2.8820975402355193,54.27257547527552,10,2.8820975402355193,valid,0.4464697472020769,0.5063734599651417,0.4484,101024
RS,0.4632,588,588,random,TINYIMAGENET,789,main_b1000_tinyimagenet_alexnet_RS_kp75_seed1024,0.75,0.44965,False,0.75,alexnet,0.75,TINYIMAGENET_alexnet_RS_accuracy_kp7500_seed1024,1024,60000,789,42,accuracy,101024,0.44965,1,2.847632860660553,52.353834450244904,10,2.847632860660553,valid,0.4504061584306742,0.5145560283332984,0.44965000000000005,101024
RS,0.4632,588,588,random,TINYIMAGENET,790,main_b1000_tinyimagenet_alexnet_RS_kp75_seed1024,0.75,0.44955,False,0.75,alexnet,0.75,TINYIMAGENET_alexnet_RS_accuracy_kp7500_seed1024,1024,60000,790,42,accuracy,101024,0.44955,1,2.898408749008179,52.87723531574011,10,2.898408749008179,valid,0.44476751321605024,0.5011656855058452,0.44955,101024
RS,0.4632,588,588,random,TINYIMAGENET,791,main_b1000_tinyimagenet_alexnet_RS_kp75_seed1024,0.75,0.4529,False,0.75,alexnet,0.75,TINYIMAGENET_alexnet_RS_accuracy_kp7500_seed1024,1024,60000,791,42,accuracy,101024,0.4529,1,2.89611322388649,52.811551600694656,10,2.89611322388649,valid,0.44960766123974527,0.5071703696256818,0.4529000000000001,101024
RS,0.4632,588,588,random,TINYIMAGENET,792,main_b1000_tinyimagenet_alexnet_RS_kp75_seed1024,0.75,0.43795,False,0.75,alexnet,0.75,TINYIMAGENET_alexnet_RS_accuracy_kp7500_seed1024,1024,60000,792,42,accuracy,101024,0.43795,1,2.949028383350372,52.834233507514,10,2.949028383350372,valid,0.4357078989647574,0.5059212874513742,0.43795,101024
RS,0.4632,588,588,random,TINYIMAGENET,793,main_b1000_tinyimagenet_alexnet_RS_kp75_seed1024,0.75,0.4583,False,0.75,alexnet,0.75,TINYIMAGENET_alexnet_RS_accuracy_kp7500_seed1024,1024,60000,793,42,accuracy,101024,0.4583,1,2.82093505320549,52.81400188803673,10,2.82093505320549,valid,0.45510247602538373,0.5061907518406925,0.45830000000000004,101024
RS,0.4632,588,588,random,TINYIMAGENET,794,main_b1000_tinyimagenet_alexnet_RS_kp75_seed1024,0.75,0.45375,False,0.75,alexnet,0.75,TINYIMAGENET_alexnet_RS_accuracy_kp7500_seed1024,1024,60000,794,42,accuracy,101024,0.45375,1,2.867342159843445,52.853205390274525,10,2.867342159843445,valid,0.4489482951613054,0.5113797944282252,0.45375,101024
RS,0.4632,588,588,random,TINYIMAGENET,795,main_b1000_tinyimagenet_alexnet_RS_kp75_seed1024,0.75,0.45685,False,0.75,alexnet,0.75,TINYIMAGENET_alexnet_RS_accuracy_kp7500_seed1024,1024,60000,795,42,accuracy,101024,0.45685,1,2.8167750752449034,52.66658287495375,10,2.8167750752449034,valid,0.4549260069720894,0.5005773406504389,0.45685000000000003,101024
RS,0.4632,588,588,random,TINYIMAGENET,796,main_b1000_tinyimagenet_alexnet_RS_kp75_seed1024,0.75,0.4547,False,0.75,alexnet,0.75,TINYIMAGENET_alexnet_RS_accuracy_kp7500_seed1024,1024,60000,796,42,accuracy,101024,0.4547,1,2.8326415578365327,52.972231931984425,10,2.8326415578365327,valid,0.454033602245736,0.5097740591674441,0.4547,101024
RS,0.4632,588,588,random,TINYIMAGENET,797,main_b1000_tinyimagenet_alexnet_RS_kp75_seed1024,0.75,0.4523,False,0.75,alexnet,0.75,TINYIMAGENET_alexnet_RS_accuracy_kp7500_seed1024,1024,60000,797,42,accuracy,101024,0.4523,1,2.8682631715297697,52.62051724642515,10,2.8682631715297697,valid,0.45196313447651454,0.5188254554448257,0.45230000000000004,101024
RS,0.4632,588,588,random,TINYIMAGENET,798,main_b1000_tinyimagenet_alexnet_RS_kp75_seed1024,0.75,0.44875,False,0.75,alexnet,0.75,TINYIMAGENET_alexnet_RS_accuracy_kp7500_seed1024,1024,60000,798,42,accuracy,101024,0.44875,1,2.8399406702518464,52.44482968002558,10,2.8399406702518464,valid,0.4461682258734351,0.5019657862206338,0.44875,101024
RS,0.4632,588,588,random,TINYIMAGENET,799,main_b1000_tinyimagenet_alexnet_RS_kp75_seed1024,0.75,0.4533,False,0.75,alexnet,0.75,TINYIMAGENET_alexnet_RS_accuracy_kp7500_seed1024,1024,60000,799,42,accuracy,101024,0.4533,1,2.8557813210964205,52.69438657909632,10,2.8557813210964205,valid,0.4524700910529205,0.5073495610702332,0.4533,101024
RS,0.4632,588,588,random,TINYIMAGENET,800,main_b1000_tinyimagenet_alexnet_RS_kp75_seed1024,0.75,0.4546,False,0.75,alexnet,0.75,TINYIMAGENET_alexnet_RS_accuracy_kp7500_seed1024,1024,60000,800,42,accuracy,101024,0.4546,1,2.8563764478445055,52.88472129404545,10,2.8563764478445055,valid,0.45326234598907367,0.5041261392130074,0.4546,101024
RS,0.4632,588,588,random,TINYIMAGENET,801,main_b1000_tinyimagenet_alexnet_RS_kp75_seed1024,0.75,0.4534,False,0.75,alexnet,0.75,TINYIMAGENET_alexnet_RS_accuracy_kp7500_seed1024,1024,60000,801,42,accuracy,101024,0.4534,1,2.8749310154914856,52.82498110830784,10,2.8749310154914856,valid,0.450365634092303,0.5077472212052876,0.45339999999999997,101024
RS,0.4632,588,588,random,TINYIMAGENET,802,main_b1000_tinyimagenet_alexnet_RS_kp75_seed1024,0.75,0.45195,False,0.75,alexnet,0.75,TINYIMAGENET_alexnet_RS_accuracy_kp7500_seed1024,1024,60000,802,42,accuracy,101024,0.45195,1,2.884041841459274,52.45171155035496,10,2.884041841459274,valid,0.4479256482436436,0.5045975783057443,0.4519500000000001,101024
RS,0.4632,588,588,random,TINYIMAGENET,803,main_b1000_tinyimagenet_alexnet_RS_kp75_seed1024,0.75,0.4472,False,0.75,alexnet,0.75,TINYIMAGENET_alexnet_RS_accuracy_kp7500_seed1024,1024,60000,803,42,accuracy,101024,0.4472,1,2.8859251470565797,52.7547794803977,10,2.8859251470565797,valid,0.44255132422653837,0.49895354000791065,0.4472,101024
RS,0.4632,588,588,random,TINYIMAGENET,804,main_b1000_tinyimagenet_alexnet_RS_kp75_seed1024,0.75,0.45195,False,0.75,alexnet,0.75,TINYIMAGENET_alexnet_RS_accuracy_kp7500_seed1024,1024,60000,804,42,accuracy,101024,0.45195,1,2.861418572807312,52.822402104735374,10,2.861418572807312,valid,0.45056313452255525,0.5074692099792516,0.45195,101024
RS,0.4632,588,588,random,TINYIMAGENET,805,main_b1000_tinyimagenet_alexnet_RS_kp75_seed1024,0.75,0.45705,False,0.75,alexnet,0.75,TINYIMAGENET_alexnet_RS_accuracy_kp7500_seed1024,1024,60000,805,42,accuracy,101024,0.45705,1,2.846799594068527,52.75914991647005,10,2.846799594068527,valid,0.45527392620218565,0.5076532573381393,0.45704999999999996,101024
RS,0.4632,588,588,random,TINYIMAGENET,806,main_b1000_tinyimagenet_alexnet_RS_kp75_seed1024,0.75,0.4488,False,0.75,alexnet,0.75,TINYIMAGENET_alexnet_RS_accuracy_kp7500_seed1024,1024,60000,806,42,accuracy,101024,0.4488,1,2.8811520112514497,52.758854284882545,10,2.8811520112514497,valid,0.4469740579953945,0.5107382478143374,0.44880000000000003,101024
RS,0.4632,588,588,random,TINYIMAGENET,807,main_b1000_tinyimagenet_alexnet_RS_kp75_seed1024,0.75,0.45,False,0.75,alexnet,0.75,TINYIMAGENET_alexnet_RS_accuracy_kp7500_seed1024,1024,60000,807,42,accuracy,101024,0.45,1,2.902212075006962,52.237268544733524,10,2.902212075006962,valid,0.4444744251984713,0.5087205018886355,0.45,101024
RS,0.4632,588,588,random,TINYIMAGENET,808,main_b1000_tinyimagenet_alexnet_RS_kp75_seed1024,0.75,0.44305,False,0.75,alexnet,0.75,TINYIMAGENET_alexnet_RS_accuracy_kp7500_seed1024,1024,60000,808,42,accuracy,101024,0.44305,1,2.912990069103241,52.698019810020924,10,2.912990069103241,valid,0.44052155163904705,0.5064393918419604,0.44305,101024
RS,0.4632,588,588,random,TINYIMAGENET,809,main_b1000_tinyimagenet_alexnet_RS_kp75_seed1024,0.75,0.4545,False,0.75,alexnet,0.75,TINYIMAGENET_alexnet_RS_accuracy_kp7500_seed1024,1024,60000,809,42,accuracy,101024,0.4545,1,2.872458286809921,52.82571894675493,10,2.872458286809921,valid,0.45299261238924465,0.5139620282315744,0.4545,101024
RS,0.4632,588,588,random,TINYIMAGENET,810,main_b1000_tinyimagenet_alexnet_RS_kp75_seed1024,0.75,0.4518,False,0.75,alexnet,0.75,TINYIMAGENET_alexnet_RS_accuracy_kp7500_seed1024,1024,60000,810,42,accuracy,101024,0.4518,1,2.8796054765224457,52.66289231926203,10,2.8796054765224457,valid,0.4511837300649151,0.5102732875029439,0.4518000000000001,101024
RS,0.4632,588,588,random,TINYIMAGENET,811,main_b1000_tinyimagenet_alexnet_RS_kp75_seed1024,0.75,0.45095,False,0.75,alexnet,0.75,TINYIMAGENET_alexnet_RS_accuracy_kp7500_seed1024,1024,60000,811,42,accuracy,101024,0.45095,1,2.8302508565425875,52.789356142282486,10,2.8302508565425875,valid,0.4456176783740931,0.49970913954172275,0.45094999999999996,101024
RS,0.4632,588,588,random,TINYIMAGENET,812,main_b1000_tinyimagenet_alexnet_RS_kp75_seed1024,0.75,0.4478,False,0.75,alexnet,0.75,TINYIMAGENET_alexnet_RS_accuracy_kp7500_seed1024,1024,60000,812,42,accuracy,101024,0.4478,1,2.877465370559692,52.82497687637806,10,2.877465370559692,valid,0.4461640605305466,0.5074296788404723,0.44780000000000003,101024
RS,0.4632,588,588,random,TINYIMAGENET,813,main_b1000_tinyimagenet_alexnet_RS_kp75_seed1024,0.75,0.44885,False,0.75,alexnet,0.75,TINYIMAGENET_alexnet_RS_accuracy_kp7500_seed1024,1024,60000,813,42,accuracy,101024,0.44885,1,2.8795393548965453,52.79050029814243,10,2.8795393548965453,valid,0.445138869873436,0.5056286360336323,0.44885,101024
RS,0.4632,588,588,random,TINYIMAGENET,814,main_b1000_tinyimagenet_alexnet_RS_kp75_seed1024,0.75,0.45425,False,0.75,alexnet,0.75,TINYIMAGENET_alexnet_RS_accuracy_kp7500_seed1024,1024,60000,814,42,accuracy,101024,0.45425,1,2.810057028198242,52.59084865450859,10,2.810057028198242,valid,0.4508740295648201,0.5023198417296524,0.45425,101024
RS,0.4632,588,588,random,TINYIMAGENET,815,main_b1000_tinyimagenet_alexnet_RS_kp75_seed1024,0.75,0.45055,False,0.75,alexnet,0.75,TINYIMAGENET_alexnet_RS_accuracy_kp7500_seed1024,1024,60000,815,42,accuracy,101024,0.45055,1,2.8495932252168656,52.740465469658375,10,2.8495932252168656,valid,0.44885929872623775,0.5074265704907667,0.45055,101024
RS,0.4632,588,588,random,TINYIMAGENET,816,main_b1000_tinyimagenet_alexnet_RS_kp75_seed1024,0.75,0.45515,False,0.75,alexnet,0.75,TINYIMAGENET_alexnet_RS_accuracy_kp7500_seed1024,1024,60000,816,42,accuracy,101024,0.45515,1,2.829875182199478,49.61914686113596,10,2.829875182199478,valid,0.45515057150398064,0.5057940859963623,0.45515,101024
RS,0.4632,588,588,random,TINYIMAGENET,817,main_b1000_tinyimagenet_alexnet_RS_kp75_seed1024,0.75,0.44885,False,0.75,alexnet,0.75,TINYIMAGENET_alexnet_RS_accuracy_kp7500_seed1024,1024,60000,817,42,accuracy,101024,0.44885,1,2.9162926794052124,49.63709995895624,10,2.9162926794052124,valid,0.4448547557226014,0.505168041047624,0.44884999999999997,101024
RS,0.4632,588,588,random,TINYIMAGENET,818,main_b1000_tinyimagenet_alexnet_RS_kp75_seed1024,0.75,0.45305,False,0.75,alexnet,0.75,TINYIMAGENET_alexnet_RS_accuracy_kp7500_seed1024,1024,60000,818,42,accuracy,101024,0.45305,1,2.8476612736225126,49.85393851995468,10,2.8476612736225126,valid,0.44900165797411284,0.5034880865893799,0.45305,101024
RS,0.4632,588,588,random,TINYIMAGENET,819,main_b1000_tinyimagenet_alexnet_RS_kp75_seed1024,0.75,0.4478,False,0.75,alexnet,0.75,TINYIMAGENET_alexnet_RS_accuracy_kp7500_seed1024,1024,60000,819,42,accuracy,101024,0.4478,1,2.902402285480499,49.833852395415306,10,2.902402285480499,valid,0.4466866217201544,0.509682077150958,0.44780000000000003,101024
RS,0.4632,588,588,random,TINYIMAGENET,820,main_b1000_tinyimagenet_alexnet_RS_kp75_seed1024,0.75,0.4486,False,0.75,alexnet,0.75,TINYIMAGENET_alexnet_RS_accuracy_kp7500_seed1024,1024,60000,820,42,accuracy,101024,0.4486,1,2.879938078379631,52.228816621005535,10,2.879938078379631,valid,0.4477197353979757,0.5091806993370637,0.4486,101024
RS,0.4632,588,588,random,TINYIMAGENET,821,main_b1000_tinyimagenet_alexnet_RS_kp75_seed1024,0.75,0.44685,False,0.75,alexnet,0.75,TINYIMAGENET_alexnet_RS_accuracy_kp7500_seed1024,1024,60000,821,42,accuracy,101024,0.44685,1,2.8833996758937834,54.49327635765076,10,2.8833996758937834,valid,0.442227004116351,0.5024199557638082,0.44685,101024
RS,0.4632,588,588,random,TINYIMAGENET,822,main_b1000_tinyimagenet_alexnet_RS_kp75_seed1024,0.75,0.45165,False,0.75,alexnet,0.75,TINYIMAGENET_alexnet_RS_accuracy_kp7500_seed1024,1024,60000,822,42,accuracy,101024,0.45165,1,2.842298126220703,53.037323869764805,10,2.842298126220703,valid,0.44999400955996127,0.5076256155532516,0.45165,101024
RS,0.4632,588,588,random,TINYIMAGENET,823,main_b1000_tinyimagenet_alexnet_RS_kp75_seed1024,0.75,0.4495,False,0.75,alexnet,0.75,TINYIMAGENET_alexnet_RS_accuracy_kp7500_seed1024,1024,60000,823,42,accuracy,101024,0.4495,1,2.872619090652466,50.11931639909744,10,2.872619090652466,valid,0.44542556285249874,0.5072986094527312,0.4495,101024
RS,0.4632,588,588,random,TINYIMAGENET,824,main_b1000_tinyimagenet_alexnet_RS_kp75_seed1024,0.75,0.4548,False,0.75,alexnet,0.75,TINYIMAGENET_alexnet_RS_accuracy_kp7500_seed1024,1024,60000,824,42,accuracy,101024,0.4548,1,2.862500670194626,49.61665556579828,10,2.862500670194626,valid,0.45008583317103096,0.508913622891021,0.4548,101024
RS,0.4632,588,588,random,TINYIMAGENET,825,main_b1000_tinyimagenet_alexnet_RS_kp75_seed1024,0.75,0.45,False,0.75,alexnet,0.75,TINYIMAGENET_alexnet_RS_accuracy_kp7500_seed1024,1024,60000,825,42,accuracy,101024,0.45,1,2.879755244398117,49.37778318673372,10,2.879755244398117,valid,0.4450055360878898,0.5074431673820536,0.45,101024
RS,0.4632,588,588,random,TINYIMAGENET,826,main_b1000_tinyimagenet_alexnet_RS_kp75_seed1024,0.75,0.44645,False,0.75,alexnet,0.75,TINYIMAGENET_alexnet_RS_accuracy_kp7500_seed1024,1024,60000,826,42,accuracy,101024,0.44645,1,2.9069644386768343,49.812181286513805,10,2.9069644386768343,valid,0.44342442655009423,0.5100553677754834,0.44645,101024
RS,0.4632,588,588,random,TINYIMAGENET,827,main_b1000_tinyimagenet_alexnet_RS_kp75_seed1024,0.75,0.45715,False,0.75,alexnet,0.75,TINYIMAGENET_alexnet_RS_accuracy_kp7500_seed1024,1024,60000,827,42,accuracy,101024,0.45715,1,2.8371151725292205,49.78921362757683,10,2.8371151725292205,valid,0.45451662879113963,0.5092183845008651,0.45715000000000006,101024
RS,0.4632,588,588,random,TINYIMAGENET,828,main_b1000_tinyimagenet_alexnet_RS_kp75_seed1024,0.75,0.4568,False,0.75,alexnet,0.75,TINYIMAGENET_alexnet_RS_accuracy_kp7500_seed1024,1024,60000,828,42,accuracy,101024,0.4568,1,2.8713589253425598,52.24694211781025,10,2.8713589253425598,valid,0.4525331283804853,0.5126677687602753,0.4568,101024
RS,0.4632,588,588,random,TINYIMAGENET,829,main_b1000_tinyimagenet_alexnet_RS_kp75_seed1024,0.75,0.455,False,0.75,alexnet,0.75,TINYIMAGENET_alexnet_RS_accuracy_kp7500_seed1024,1024,60000,829,42,accuracy,101024,0.455,1,2.8369300667285917,53.921872816979885,10,2.8369300667285917,valid,0.4500660610335309,0.5048962933357515,0.455,101024
RS,0.4632,588,588,random,TINYIMAGENET,830,main_b1000_tinyimagenet_alexnet_RS_kp75_seed1024,0.75,0.45795,False,0.75,alexnet,0.75,TINYIMAGENET_alexnet_RS_accuracy_kp7500_seed1024,1024,60000,830,42,accuracy,101024,0.45795,1,2.853236915540695,54.1990305557847,10,2.853236915540695,valid,0.45266141380612335,0.510091265478408,0.45794999999999997,101024
RS,0.4632,588,588,random,TINYIMAGENET,831,main_b1000_tinyimagenet_alexnet_RS_kp75_seed1024,0.75,0.45115,False,0.75,alexnet,0.75,TINYIMAGENET_alexnet_RS_accuracy_kp7500_seed1024,1024,60000,831,42,accuracy,101024,0.45115,1,2.854602656364441,54.39856059104204,10,2.854602656364441,valid,0.447787815349529,0.5002122392337942,0.45115,101024
RS,0.4632,588,588,random,TINYIMAGENET,832,main_b1000_tinyimagenet_alexnet_RS_kp75_seed1024,0.75,0.4506,False,0.75,alexnet,0.75,TINYIMAGENET_alexnet_RS_accuracy_kp7500_seed1024,1024,60000,832,42,accuracy,101024,0.4506,1,2.8935042662382124,53.96704290062189,10,2.8935042662382124,valid,0.4444465189736735,0.5052694553408075,0.4506,101024
RS,0.4632,588,588,random,TINYIMAGENET,833,main_b1000_tinyimagenet_alexnet_RS_kp75_seed1024,0.75,0.44885,False,0.75,alexnet,0.75,TINYIMAGENET_alexnet_RS_accuracy_kp7500_seed1024,1024,60000,833,42,accuracy,101024,0.44885,1,2.8623890353918076,50.55928688496351,10,2.8623890353918076,valid,0.4496784604964618,0.514969605661083,0.44885,101024
RS,0.4632,588,588,random,TINYIMAGENET,834,main_b1000_tinyimagenet_alexnet_RS_kp75_seed1024,0.75,0.44225,False,0.75,alexnet,0.75,TINYIMAGENET_alexnet_RS_accuracy_kp7500_seed1024,1024,60000,834,42,accuracy,101024,0.44225,1,2.9298425572633744,49.627470560371876,10,2.9298425572633744,valid,0.43793473183993525,0.5037932445680634,0.44225000000000003,101024
RS,0.4632,588,588,random,TINYIMAGENET,835,main_b1000_tinyimagenet_alexnet_RS_kp75_seed1024,0.75,0.4516,False,0.75,alexnet,0.75,TINYIMAGENET_alexnet_RS_accuracy_kp7500_seed1024,1024,60000,835,42,accuracy,101024,0.4516,1,2.8605265214920044,49.836254611611366,10,2.8605265214920044,valid,0.449320680540081,0.5097544380038227,0.45159999999999995,101024
RS,0.4632,588,588,random,TINYIMAGENET,836,main_b1000_tinyimagenet_alexnet_RS_kp75_seed1024,0.75,0.4525,False,0.75,alexnet,0.75,TINYIMAGENET_alexnet_RS_accuracy_kp7500_seed1024,1024,60000,836,42,accuracy,101024,0.4525,1,2.8838517993927,49.74791879206896,10,2.8838517993927,valid,0.4510561623582465,0.5095105629552956,0.4525,101024
RS,0.4632,588,588,random,TINYIMAGENET,837,main_b1000_tinyimagenet_alexnet_RS_kp75_seed1024,0.75,0.4499,False,0.75,alexnet,0.75,TINYIMAGENET_alexnet_RS_accuracy_kp7500_seed1024,1024,60000,837,42,accuracy,101024,0.4499,1,2.847952092599869,49.8083114400506,10,2.847952092599869,valid,0.4453151377220522,0.5019585005476881,0.4499000000000001,101024
RS,0.4632,588,588,random,TINYIMAGENET,838,main_b1000_tinyimagenet_alexnet_RS_kp75_seed1024,0.75,0.447,False,0.75,alexnet,0.75,TINYIMAGENET_alexnet_RS_accuracy_kp7500_seed1024,1024,60000,838,42,accuracy,101024,0.447,1,2.902079838514328,49.850133545696735,10,2.902079838514328,valid,0.4442534252018829,0.5112872660722446,0.447,101024
RS,0.4632,588,588,random,TINYIMAGENET,839,main_b1000_tinyimagenet_alexnet_RS_kp75_seed1024,0.75,0.455,False,0.75,alexnet,0.75,TINYIMAGENET_alexnet_RS_accuracy_kp7500_seed1024,1024,60000,839,42,accuracy,101024,0.455,1,2.804755831336975,49.60598428547382,10,2.804755831336975,valid,0.45155068067225895,0.5014118054505509,0.455,101024
RS,0.4632,588,588,random,TINYIMAGENET,840,main_b1000_tinyimagenet_alexnet_RS_kp75_seed1024,0.75,0.45295,False,0.75,alexnet,0.75,TINYIMAGENET_alexnet_RS_accuracy_kp7500_seed1024,1024,60000,840,42,accuracy,101024,0.45295,1,2.8714270691156387,49.36111380904913,10,2.8714270691156387,valid,0.4496502604160257,0.5111503202314008,0.45295,101024
RS,0.4632,588,588,random,TINYIMAGENET,841,main_b1000_tinyimagenet_alexnet_RS_kp75_seed1024,0.75,0.4512,False,0.75,alexnet,0.75,TINYIMAGENET_alexnet_RS_accuracy_kp7500_seed1024,1024,60000,841,42,accuracy,101024,0.4512,1,2.8614258962631225,49.64974466711283,10,2.8614258962631225,valid,0.4473137257905735,0.5089916796764554,0.4512,101024
RS,0.4632,588,588,random,TINYIMAGENET,842,main_b1000_tinyimagenet_alexnet_RS_kp75_seed1024,0.75,0.45205,False,0.75,alexnet,0.75,TINYIMAGENET_alexnet_RS_accuracy_kp7500_seed1024,1024,60000,842,42,accuracy,101024,0.45205,1,2.835599219274521,52.35885516554117,10,2.835599219274521,valid,0.4467463796278881,0.4960168706480914,0.45205,101024
RS,0.4632,588,588,random,TINYIMAGENET,843,main_b1000_tinyimagenet_alexnet_RS_kp75_seed1024,0.75,0.4467,False,0.75,alexnet,0.75,TINYIMAGENET_alexnet_RS_accuracy_kp7500_seed1024,1024,60000,843,42,accuracy,101024,0.4467,1,2.894661162996292,54.666965156793594,10,2.894661162996292,valid,0.4428468389715063,0.5016815277312606,0.44670000000000004,101024
RS,0.4632,588,588,random,TINYIMAGENET,844,main_b1000_tinyimagenet_alexnet_RS_kp75_seed1024,0.75,0.446,False,0.75,alexnet,0.75,TINYIMAGENET_alexnet_RS_accuracy_kp7500_seed1024,1024,60000,844,42,accuracy,101024,0.446,1,2.9309177352190017,43.19231145083904,10,2.9309177352190017,valid,0.44381824204271925,0.5069438210894597,0.44600000000000006,101024
RS,0.4632,588,588,random,TINYIMAGENET,845,main_b1000_tinyimagenet_alexnet_RS_kp75_seed1024,0.75,0.45945,False,0.75,alexnet,0.75,TINYIMAGENET_alexnet_RS_accuracy_kp7500_seed1024,1024,60000,845,42,accuracy,101024,0.45945,1,2.845231292581558,41.86256242543459,10,2.845231292581558,valid,0.45436044198225667,0.5105498174933877,0.45945,101024
RS,0.4632,588,588,random,TINYIMAGENET,846,main_b1000_tinyimagenet_alexnet_RS_kp75_seed1024,0.75,0.4573,False,0.75,alexnet,0.75,TINYIMAGENET_alexnet_RS_accuracy_kp7500_seed1024,1024,60000,846,42,accuracy,101024,0.4573,1,2.8633784698009492,43.320876479148865,10,2.8633784698009492,valid,0.45670654956515777,0.5120777767030535,0.45730000000000004,101024
RS,0.4632,588,588,random,TINYIMAGENET,847,main_b1000_tinyimagenet_alexnet_RS_kp75_seed1024,0.75,0.44495,False,0.75,alexnet,0.75,TINYIMAGENET_alexnet_RS_accuracy_kp7500_seed1024,1024,60000,847,42,accuracy,101024,0.44495,1,2.8875111933708193,43.89133593440056,10,2.8875111933708193,valid,0.44323401085441305,0.5106908528061738,0.44495000000000007,101024
RS,0.4632,588,588,random,TINYIMAGENET,848,main_b1000_tinyimagenet_alexnet_RS_kp75_seed1024,0.75,0.4516,False,0.75,alexnet,0.75,TINYIMAGENET_alexnet_RS_accuracy_kp7500_seed1024,1024,60000,848,42,accuracy,101024,0.4516,1,2.8350199429512024,43.856212720274925,10,2.8350199429512024,valid,0.44778360840548614,0.5023119727671379,0.45159999999999995,101024
RS,0.4632,588,588,random,TINYIMAGENET,849,main_b1000_tinyimagenet_alexnet_RS_kp75_seed1024,0.75,0.4554,False,0.75,alexnet,0.75,TINYIMAGENET_alexnet_RS_accuracy_kp7500_seed1024,1024,60000,849,42,accuracy,101024,0.4554,1,2.8345949213981627,43.61086914688349,10,2.8345949213981627,valid,0.4516854935563741,0.5021338705425733,0.45539999999999997,101024
RS,0.4632,588,588,random,TINYIMAGENET,850,main_b1000_tinyimagenet_alexnet_RS_kp75_seed1024,0.75,0.4514,False,0.75,alexnet,0.75,TINYIMAGENET_alexnet_RS_accuracy_kp7500_seed1024,1024,60000,850,42,accuracy,101024,0.4514,1,2.8359548731803894,43.77113728225231,10,2.8359548731803894,valid,0.4482078901425405,0.5019931978042949,0.4514,101024
RS,0.4632,588,588,random,TINYIMAGENET,851,main_b1000_tinyimagenet_alexnet_RS_kp75_seed1024,0.75,0.45425,False,0.75,alexnet,0.75,TINYIMAGENET_alexnet_RS_accuracy_kp7500_seed1024,1024,60000,851,42,accuracy,101024,0.45425,1,2.855527316951752,42.271428532898426,10,2.855527316951752,valid,0.4507735010120348,0.5013387705420186,0.45425,101024
RS,0.4632,588,588,random,TINYIMAGENET,852,main_b1000_tinyimagenet_alexnet_RS_kp75_seed1024,0.75,0.4487,False,0.75,alexnet,0.75,TINYIMAGENET_alexnet_RS_accuracy_kp7500_seed1024,1024,60000,852,42,accuracy,101024,0.4487,1,2.897180621480942,40.637409806251526,10,2.897180621480942,valid,0.44782391437405056,0.5076159110156178,0.4487,101024
RS,0.4632,588,588,random,TINYIMAGENET,853,main_b1000_tinyimagenet_alexnet_RS_kp75_seed1024,0.75,0.451,False,0.75,alexnet,0.75,TINYIMAGENET_alexnet_RS_accuracy_kp7500_seed1024,1024,60000,853,42,accuracy,101024,0.451,1,2.8621070402145388,40.74238430708647,10,2.8621070402145388,valid,0.4459340787931271,0.5069296031188185,0.451,101024
RS,0.4632,588,588,random,TINYIMAGENET,854,main_b1000_tinyimagenet_alexnet_RS_kp75_seed1024,0.75,0.45245,False,0.75,alexnet,0.75,TINYIMAGENET_alexnet_RS_accuracy_kp7500_seed1024,1024,60000,854,42,accuracy,101024,0.45245,1,2.868710071492195,40.9101544842124,10,2.868710071492195,valid,0.446908313084936,0.5084796646149203,0.45245,101024
RS,0.4632,588,588,random,TINYIMAGENET,855,main_b1000_tinyimagenet_alexnet_RS_kp75_seed1024,0.75,0.451,False,0.75,alexnet,0.75,TINYIMAGENET_alexnet_RS_accuracy_kp7500_seed1024,1024,60000,855,42,accuracy,101024,0.451,1,2.878371343564987,40.847837157547474,10,2.878371343564987,valid,0.44659063326136833,0.5079969248245729,0.451,101024
RS,0.4632,588,588,random,TINYIMAGENET,856,main_b1000_tinyimagenet_alexnet_RS_kp75_seed1024,0.75,0.4553,False,0.75,alexnet,0.75,TINYIMAGENET_alexnet_RS_accuracy_kp7500_seed1024,1024,60000,856,42,accuracy,101024,0.4553,1,2.841234008693695,40.245112508535385,10,2.841234008693695,valid,0.45202897039466505,0.5007157334447767,0.45530000000000004,101024
RS,0.4632,588,588,random,TINYIMAGENET,857,main_b1000_tinyimagenet_alexnet_RS_kp75_seed1024,0.75,0.45345,False,0.75,alexnet,0.75,TINYIMAGENET_alexnet_RS_accuracy_kp7500_seed1024,1024,60000,857,42,accuracy,101024,0.45345,1,2.853208447933197,42.26600607484579,10,2.853208447933197,valid,0.45219053400227976,0.5098084444332176,0.45344999999999996,101024
RS,0.4632,588,588,random,TINYIMAGENET,858,main_b1000_tinyimagenet_alexnet_RS_kp75_seed1024,0.75,0.45335,False,0.75,alexnet,0.75,TINYIMAGENET_alexnet_RS_accuracy_kp7500_seed1024,1024,60000,858,42,accuracy,101024,0.45335,1,2.846645815849304,43.943681344389915,10,2.846645815849304,valid,0.45061073236553173,0.5036553526404575,0.4533499999999999,101024
RS,0.4632,588,588,random,TINYIMAGENET,859,main_b1000_tinyimagenet_alexnet_RS_kp75_seed1024,0.75,0.4462,False,0.75,alexnet,0.75,TINYIMAGENET_alexnet_RS_accuracy_kp7500_seed1024,1024,60000,859,42,accuracy,101024,0.4462,1,2.938295582848787,43.27453733980656,10,2.938295582848787,valid,0.43932716930471555,0.4962253719073397,0.4462,101024
RS,0.4632,588,588,random,TINYIMAGENET,860,main_b1000_tinyimagenet_alexnet_RS_kp75_seed1024,0.75,0.4507,False,0.75,alexnet,0.75,TINYIMAGENET_alexnet_RS_accuracy_kp7500_seed1024,1024,60000,860,42,accuracy,101024,0.4507,1,2.8469095720767976,44.172996662557125,10,2.8469095720767976,valid,0.4488619403008808,0.5027327628198717,0.4507,101024
RS,0.4632,588,588,random,TINYIMAGENET,861,main_b1000_tinyimagenet_alexnet_RS_kp75_seed1024,0.75,0.4421,False,0.75,alexnet,0.75,TINYIMAGENET_alexnet_RS_accuracy_kp7500_seed1024,1024,60000,861,42,accuracy,101024,0.4421,1,2.9359619429588317,43.67644349485636,10,2.9359619429588317,valid,0.44117212024175606,0.5110453543104335,0.4421,101024
RS,0.4632,588,588,random,TINYIMAGENET,862,main_b1000_tinyimagenet_alexnet_RS_kp75_seed1024,0.75,0.45475,False,0.75,alexnet,0.75,TINYIMAGENET_alexnet_RS_accuracy_kp7500_seed1024,1024,60000,862,42,accuracy,101024,0.45475,1,2.8617743657588957,42.95334258675575,10,2.8617743657588957,valid,0.45667904165405687,0.5183421157613742,0.4547500000000001,101024
RS,0.4632,588,588,random,TINYIMAGENET,863,main_b1000_tinyimagenet_alexnet_RS_kp75_seed1024,0.75,0.45555,False,0.75,alexnet,0.75,TINYIMAGENET_alexnet_RS_accuracy_kp7500_seed1024,1024,60000,863,42,accuracy,101024,0.45555,1,2.8290380303859712,43.11613426357508,10,2.8290380303859712,valid,0.4519072282129281,0.4990835015046182,0.45555000000000007,101024
RS,0.4632,588,588,random,TINYIMAGENET,864,main_b1000_tinyimagenet_alexnet_RS_kp75_seed1024,0.75,0.45335,False,0.75,alexnet,0.75,TINYIMAGENET_alexnet_RS_accuracy_kp7500_seed1024,1024,60000,864,42,accuracy,101024,0.45335,1,2.8524783042907713,54.189574025571346,10,2.8524783042907713,valid,0.45090288767931214,0.50959284766013,0.45335000000000003,101024
RS,0.4632,588,588,random,TINYIMAGENET,865,main_b1000_tinyimagenet_alexnet_RS_kp75_seed1024,0.75,0.45495,False,0.75,alexnet,0.75,TINYIMAGENET_alexnet_RS_accuracy_kp7500_seed1024,1024,60000,865,42,accuracy,101024,0.45495,1,2.8512816399097445,54.22172522544861,10,2.8512816399097445,valid,0.45236734277690843,0.505406974306013,0.45494999999999997,101024
RS,0.4632,588,588,random,TINYIMAGENET,866,main_b1000_tinyimagenet_alexnet_RS_kp75_seed1024,0.75,0.45255,False,0.75,alexnet,0.75,TINYIMAGENET_alexnet_RS_accuracy_kp7500_seed1024,1024,60000,866,42,accuracy,101024,0.45255,1,2.865873640727997,54.06467528641224,10,2.865873640727997,valid,0.44903752551241427,0.5050319218849942,0.45254999999999995,101024
RS,0.4632,588,588,random,TINYIMAGENET,867,main_b1000_tinyimagenet_alexnet_RS_kp75_seed1024,0.75,0.4545,False,0.75,alexnet,0.75,TINYIMAGENET_alexnet_RS_accuracy_kp7500_seed1024,1024,60000,867,42,accuracy,101024,0.4545,1,2.8390837883234026,51.25461985170841,10,2.8390837883234026,valid,0.4489511523854642,0.5048014250814785,0.4545,101024
RS,0.4632,588,588,random,TINYIMAGENET,868,main_b1000_tinyimagenet_alexnet_RS_kp75_seed1024,0.75,0.4477,False,0.75,alexnet,0.75,TINYIMAGENET_alexnet_RS_accuracy_kp7500_seed1024,1024,60000,868,42,accuracy,101024,0.4477,1,2.933716010284424,49.78098404407501,10,2.933716010284424,valid,0.44344522336460135,0.51824160032133,0.44770000000000004,101024
RS,0.4632,588,588,random,TINYIMAGENET,869,main_b1000_tinyimagenet_alexnet_RS_kp75_seed1024,0.75,0.44935,False,0.75,alexnet,0.75,TINYIMAGENET_alexnet_RS_accuracy_kp7500_seed1024,1024,60000,869,42,accuracy,101024,0.44935,1,2.8827414647579195,49.915188781917095,10,2.8827414647579195,valid,0.44681564562885184,0.5126064511726781,0.44934999999999997,101024
RS,0.4632,588,588,random,TINYIMAGENET,870,main_b1000_tinyimagenet_alexnet_RS_kp75_seed1024,0.75,0.45015,False,0.75,alexnet,0.75,TINYIMAGENET_alexnet_RS_accuracy_kp7500_seed1024,1024,60000,870,42,accuracy,101024,0.45015,1,2.8589297932624818,49.29050187021494,10,2.8589297932624818,valid,0.4489059587765729,0.5079747153589284,0.45015,101024
RS,0.4632,588,588,random,TINYIMAGENET,871,main_b1000_tinyimagenet_alexnet_RS_kp75_seed1024,0.75,0.4575,False,0.75,alexnet,0.75,TINYIMAGENET_alexnet_RS_accuracy_kp7500_seed1024,1024,60000,871,42,accuracy,101024,0.4575,1,2.813704761838913,49.590123891830444,10,2.813704761838913,valid,0.45708888313565055,0.5089590010871281,0.4574999999999999,101024
RS,0.4632,588,588,random,TINYIMAGENET,872,main_b1000_tinyimagenet_alexnet_RS_kp75_seed1024,0.75,0.45025,False,0.75,alexnet,0.75,TINYIMAGENET_alexnet_RS_accuracy_kp7500_seed1024,1024,60000,872,42,accuracy,101024,0.45025,1,2.851655279493332,49.788869723677635,10,2.851655279493332,valid,0.44711084995810474,0.5042717164985229,0.45025000000000004,101024
RS,0.4632,588,588,random,TINYIMAGENET,873,main_b1000_tinyimagenet_alexnet_RS_kp75_seed1024,0.75,0.45145,False,0.75,alexnet,0.75,TINYIMAGENET_alexnet_RS_accuracy_kp7500_seed1024,1024,60000,873,42,accuracy,101024,0.45145,1,2.869101729488373,49.91328113526106,10,2.869101729488373,valid,0.45152833803752374,0.5124990676377276,0.45144999999999996,101024
RS,0.4632,588,588,random,TINYIMAGENET,874,main_b1000_tinyimagenet_alexnet_RS_kp75_seed1024,0.75,0.45045,False,0.75,alexnet,0.75,TINYIMAGENET_alexnet_RS_accuracy_kp7500_seed1024,1024,60000,874,42,accuracy,101024,0.45045,1,2.8482402667999267,49.84786184877157,10,2.8482402667999267,valid,0.44781231096402435,0.5050152552608013,0.45045,101024
RS,0.4632,588,588,random,TINYIMAGENET,875,main_b1000_tinyimagenet_alexnet_RS_kp75_seed1024,0.75,0.46045,False,0.75,alexnet,0.75,TINYIMAGENET_alexnet_RS_accuracy_kp7500_seed1024,1024,60000,875,42,accuracy,101024,0.46045,1,2.8221770860671995,49.86214276403189,10,2.8221770860671995,valid,0.45755753026727036,0.508627533220389,0.46045,101024
RS,0.4632,588,588,random,TINYIMAGENET,876,main_b1000_tinyimagenet_alexnet_RS_kp75_seed1024,0.75,0.45265,False,0.75,alexnet,0.75,TINYIMAGENET_alexnet_RS_accuracy_kp7500_seed1024,1024,60000,876,42,accuracy,101024,0.45265,1,2.8864431512355804,49.60879674553871,10,2.8864431512355804,valid,0.4474007715349759,0.5068621295138764,0.45265,101024
RS,0.4632,588,588,random,TINYIMAGENET,877,main_b1000_tinyimagenet_alexnet_RS_kp75_seed1024,0.75,0.4482,False,0.75,alexnet,0.75,TINYIMAGENET_alexnet_RS_accuracy_kp7500_seed1024,1024,60000,877,42,accuracy,101024,0.4482,1,2.8837977578163145,49.396778002381325,10,2.8837977578163145,valid,0.44503778151625545,0.5021142743224827,0.4482,101024
RS,0.4632,588,588,random,TINYIMAGENET,878,main_b1000_tinyimagenet_alexnet_RS_kp75_seed1024,0.75,0.4454,False,0.75,alexnet,0.75,TINYIMAGENET_alexnet_RS_accuracy_kp7500_seed1024,1024,60000,878,42,accuracy,101024,0.4454,1,2.900319882965088,49.766188748180866,10,2.900319882965088,valid,0.44438207905233307,0.5085346988501559,0.4454,101024
RS,0.4632,588,588,random,TINYIMAGENET,879,main_b1000_tinyimagenet_alexnet_RS_kp75_seed1024,0.75,0.44635,False,0.75,alexnet,0.75,TINYIMAGENET_alexnet_RS_accuracy_kp7500_seed1024,1024,60000,879,42,accuracy,101024,0.44635,1,2.923602195239067,49.82014228403568,10,2.923602195239067,valid,0.44395762791703547,0.5097493133822079,0.44634999999999997,101024
RS,0.4632,588,588,random,TINYIMAGENET,880,main_b1000_tinyimagenet_alexnet_RS_kp75_seed1024,0.75,0.44965,False,0.75,alexnet,0.75,TINYIMAGENET_alexnet_RS_accuracy_kp7500_seed1024,1024,60000,880,42,accuracy,101024,0.44965,1,2.888913576364517,49.797347605228424,10,2.888913576364517,valid,0.44711104961317316,0.5068589490757648,0.44965000000000005,101024
RS,0.4632,588,588,random,TINYIMAGENET,881,main_b1000_tinyimagenet_alexnet_RS_kp75_seed1024,0.75,0.45395,False,0.75,alexnet,0.75,TINYIMAGENET_alexnet_RS_accuracy_kp7500_seed1024,1024,60000,881,42,accuracy,101024,0.45395,1,2.882758643603325,49.749220721423626,10,2.882758643603325,valid,0.4495659166160675,0.505644430762858,0.45395,101024
RS,0.4632,588,588,random,TINYIMAGENET,882,main_b1000_tinyimagenet_alexnet_RS_kp75_seed1024,0.75,0.4515,False,0.75,alexnet,0.75,TINYIMAGENET_alexnet_RS_accuracy_kp7500_seed1024,1024,60000,882,42,accuracy,101024,0.4515,1,2.8488043242931367,49.64635095000267,10,2.8488043242931367,valid,0.4494875475645165,0.5042322768644283,0.4515,101024
RS,0.4632,588,588,random,TINYIMAGENET,883,main_b1000_tinyimagenet_alexnet_RS_kp75_seed1024,0.75,0.4495,False,0.75,alexnet,0.75,TINYIMAGENET_alexnet_RS_accuracy_kp7500_seed1024,1024,60000,883,42,accuracy,101024,0.4495,1,2.912580747509003,49.28422502428293,10,2.912580747509003,valid,0.4483622649936514,0.5111437865691354,0.4495,101024
RS,0.4632,588,588,random,TINYIMAGENET,884,main_b1000_tinyimagenet_alexnet_RS_kp75_seed1024,0.75,0.44375,False,0.75,alexnet,0.75,TINYIMAGENET_alexnet_RS_accuracy_kp7500_seed1024,1024,60000,884,42,accuracy,101024,0.44375,1,2.968968747282028,49.74249283969402,10,2.968968747282028,valid,0.4383593912327295,0.51048244413675,0.44375,101024
RS,0.4632,588,588,random,TINYIMAGENET,885,main_b1000_tinyimagenet_alexnet_RS_kp75_seed1024,0.75,0.4533,False,0.75,alexnet,0.75,TINYIMAGENET_alexnet_RS_accuracy_kp7500_seed1024,1024,60000,885,42,accuracy,101024,0.4533,1,2.8563838616371156,50.42978087067604,10,2.8563838616371156,valid,0.4504264949310719,0.5066632388735193,0.45330000000000004,101024
RS,0.4632,588,588,random,TINYIMAGENET,886,main_b1000_tinyimagenet_alexnet_RS_kp75_seed1024,0.75,0.45245,False,0.75,alexnet,0.75,TINYIMAGENET_alexnet_RS_accuracy_kp7500_seed1024,1024,60000,886,42,accuracy,101024,0.45245,1,2.877266871166229,51.81860966980457,10,2.877266871166229,valid,0.44881166719238297,0.49929209552705245,0.45245,101024
RS,0.4632,588,588,random,TINYIMAGENET,887,main_b1000_tinyimagenet_alexnet_RS_kp75_seed1024,0.75,0.45025,False,0.75,alexnet,0.75,TINYIMAGENET_alexnet_RS_accuracy_kp7500_seed1024,1024,60000,887,42,accuracy,101024,0.45025,1,2.8702577235937117,49.863986290991306,10,2.8702577235937117,valid,0.4471409403865174,0.5092153864179505,0.45025,101024
RS,0.4632,588,588,random,TINYIMAGENET,888,main_b1000_tinyimagenet_alexnet_RS_kp75_seed1024,0.75,0.45475,False,0.75,alexnet,0.75,TINYIMAGENET_alexnet_RS_accuracy_kp7500_seed1024,1024,60000,888,42,accuracy,101024,0.45475,1,2.809973418903351,49.683443643152714,10,2.809973418903351,valid,0.4538108840401092,0.5007085395257733,0.4547500000000001,101024
RS,0.4632,588,588,random,TINYIMAGENET,889,main_b1000_tinyimagenet_alexnet_RS_kp75_seed1024,0.75,0.4496,False,0.75,alexnet,0.75,TINYIMAGENET_alexnet_RS_accuracy_kp7500_seed1024,1024,60000,889,42,accuracy,101024,0.4496,1,2.8692913112163545,49.20442186295986,10,2.8692913112163545,valid,0.4469354109556882,0.508035921407732,0.44960000000000006,101024
RS,0.4632,588,588,random,TINYIMAGENET,890,main_b1000_tinyimagenet_alexnet_RS_kp75_seed1024,0.75,0.44645,False,0.75,alexnet,0.75,TINYIMAGENET_alexnet_RS_accuracy_kp7500_seed1024,1024,60000,890,42,accuracy,101024,0.44645,1,2.884342411518097,49.741943813860416,10,2.884342411518097,valid,0.4456744135246335,0.5018014994450549,0.44645,101024
RS,0.4632,588,588,random,TINYIMAGENET,891,main_b1000_tinyimagenet_alexnet_RS_kp75_seed1024,0.75,0.44665,False,0.75,alexnet,0.75,TINYIMAGENET_alexnet_RS_accuracy_kp7500_seed1024,1024,60000,891,42,accuracy,101024,0.44665,1,2.8547673913240432,49.77726490050554,10,2.8547673913240432,valid,0.44533007988085305,0.4936503706394791,0.44665,101024
RS,0.4632,588,588,random,TINYIMAGENET,892,main_b1000_tinyimagenet_alexnet_RS_kp75_seed1024,0.75,0.4492,False,0.75,alexnet,0.75,TINYIMAGENET_alexnet_RS_accuracy_kp7500_seed1024,1024,60000,892,42,accuracy,101024,0.4492,1,2.87714133272171,49.812639482319355,10,2.87714133272171,valid,0.448427545523296,0.5089880766945031,0.44920000000000004,101024
RS,0.4632,588,588,random,TINYIMAGENET,893,main_b1000_tinyimagenet_alexnet_RS_kp75_seed1024,0.75,0.45155,False,0.75,alexnet,0.75,TINYIMAGENET_alexnet_RS_accuracy_kp7500_seed1024,1024,60000,893,42,accuracy,101024,0.45155,1,2.8583354328632353,49.78017292916775,10,2.8583354328632353,valid,0.45006156047512363,0.5116021670430012,0.45155,101024
RS,0.4632,588,588,random,TINYIMAGENET,894,main_b1000_tinyimagenet_alexnet_RS_kp75_seed1024,0.75,0.456,False,0.75,alexnet,0.75,TINYIMAGENET_alexnet_RS_accuracy_kp7500_seed1024,1024,60000,894,42,accuracy,101024,0.456,1,2.8475728229522703,49.67267303913832,10,2.8475728229522703,valid,0.4495300647721674,0.5060390910298369,0.45600000000000007,101024
RS,0.4632,588,588,random,TINYIMAGENET,895,main_b1000_tinyimagenet_alexnet_RS_kp75_seed1024,0.75,0.452,False,0.75,alexnet,0.75,TINYIMAGENET_alexnet_RS_accuracy_kp7500_seed1024,1024,60000,895,42,accuracy,101024,0.452,1,2.839540116262436,49.21397677809,10,2.839540116262436,valid,0.450394374256999,0.5057116744684409,0.452,101024
RS,0.4632,588,588,random,TINYIMAGENET,896,main_b1000_tinyimagenet_alexnet_RS_kp75_seed1024,0.75,0.45075,False,0.75,alexnet,0.75,TINYIMAGENET_alexnet_RS_accuracy_kp7500_seed1024,1024,60000,896,42,accuracy,101024,0.45075,1,2.9176937997341157,51.499540880322456,10,2.9176937997341157,valid,0.45039625876778333,0.5124541717284403,0.45075000000000004,101024
RS,0.4632,588,588,random,TINYIMAGENET,897,main_b1000_tinyimagenet_alexnet_RS_kp75_seed1024,0.75,0.45045,False,0.75,alexnet,0.75,TINYIMAGENET_alexnet_RS_accuracy_kp7500_seed1024,1024,60000,897,42,accuracy,101024,0.45045,1,2.9092676124095918,49.860473580658436,10,2.9092676124095918,valid,0.44793157684724855,0.5092016296393614,0.45045,101024
RS,0.4632,588,588,random,TINYIMAGENET,898,main_b1000_tinyimagenet_alexnet_RS_kp75_seed1024,0.75,0.44625,False,0.75,alexnet,0.75,TINYIMAGENET_alexnet_RS_accuracy_kp7500_seed1024,1024,60000,898,42,accuracy,101024,0.44625,1,2.9167583941459654,52.57189776748419,10,2.9167583941459654,valid,0.4456068696663095,0.5150156923070622,0.44625,101024
RS,0.4632,588,588,random,TINYIMAGENET,899,main_b1000_tinyimagenet_alexnet_RS_kp75_seed1024,0.75,0.45055,False,0.75,alexnet,0.75,TINYIMAGENET_alexnet_RS_accuracy_kp7500_seed1024,1024,60000,899,42,accuracy,101024,0.45055,1,2.8776889419555665,44.42030466347933,10,2.8776889419555665,valid,0.44756310919036496,0.5020628593435947,0.45055000000000006,101024
RS,0.4632,588,588,random,TINYIMAGENET,900,main_b1000_tinyimagenet_alexnet_RS_kp75_seed1024,0.75,0.4538,False,0.75,alexnet,0.75,TINYIMAGENET_alexnet_RS_accuracy_kp7500_seed1024,1024,60000,900,42,accuracy,101024,0.4538,1,2.8401154943943023,43.96628798544407,10,2.8401154943943023,valid,0.4498302046509086,0.5039070934305049,0.4538,101024
RS,0.4632,588,588,random,TINYIMAGENET,901,main_b1000_tinyimagenet_alexnet_RS_kp75_seed1024,0.75,0.45615,False,0.75,alexnet,0.75,TINYIMAGENET_alexnet_RS_accuracy_kp7500_seed1024,1024,60000,901,42,accuracy,101024,0.45615,1,2.8324385642051695,54.22901892662048,10,2.8324385642051695,valid,0.45335429408631406,0.5056686439825195,0.45615,101024
RS,0.4632,588,588,random,TINYIMAGENET,902,main_b1000_tinyimagenet_alexnet_RS_kp75_seed1024,0.75,0.45225,False,0.75,alexnet,0.75,TINYIMAGENET_alexnet_RS_accuracy_kp7500_seed1024,1024,60000,902,42,accuracy,101024,0.45225,1,2.8439988223552706,44.2593232318759,10,2.8439988223552706,valid,0.44855867793021587,0.5020856585657296,0.45225000000000004,101024
RS,0.4632,588,588,random,TINYIMAGENET,903,main_b1000_tinyimagenet_alexnet_RS_kp75_seed1024,0.75,0.4496,False,0.75,alexnet,0.75,TINYIMAGENET_alexnet_RS_accuracy_kp7500_seed1024,1024,60000,903,42,accuracy,101024,0.4496,1,2.9042861351966858,44.12650563567877,10,2.9042861351966858,valid,0.44852369044371165,0.510936367121257,0.4496,101024
RS,0.4632,588,588,random,TINYIMAGENET,904,main_b1000_tinyimagenet_alexnet_RS_kp75_seed1024,0.75,0.44955,False,0.75,alexnet,0.75,TINYIMAGENET_alexnet_RS_accuracy_kp7500_seed1024,1024,60000,904,42,accuracy,101024,0.44955,1,2.8941132784843444,44.21215648949146,10,2.8941132784843444,valid,0.4456817827242605,0.5036133270452544,0.44955,101024
RS,0.4632,588,588,random,TINYIMAGENET,905,main_b1000_tinyimagenet_alexnet_RS_kp75_seed1024,0.75,0.4518,False,0.75,alexnet,0.75,TINYIMAGENET_alexnet_RS_accuracy_kp7500_seed1024,1024,60000,905,42,accuracy,101024,0.4518,1,2.8614058473825454,43.47567491233349,10,2.8614058473825454,valid,0.4498158923549471,0.50595075123754,0.4518000000000001,101024
RS,0.4632,588,588,random,TINYIMAGENET,906,main_b1000_tinyimagenet_alexnet_RS_kp75_seed1024,0.75,0.45265,False,0.75,alexnet,0.75,TINYIMAGENET_alexnet_RS_accuracy_kp7500_seed1024,1024,60000,906,42,accuracy,101024,0.45265,1,2.859014654302597,44.18161103874445,10,2.859014654302597,valid,0.4496880719603773,0.5049477139962986,0.45265,101024
RS,0.4632,588,588,random,TINYIMAGENET,907,main_b1000_tinyimagenet_alexnet_RS_kp75_seed1024,0.75,0.45075,False,0.75,alexnet,0.75,TINYIMAGENET_alexnet_RS_accuracy_kp7500_seed1024,1024,60000,907,42,accuracy,101024,0.45075,1,2.8845863095760347,44.035226203501225,10,2.8845863095760347,valid,0.4491884857390961,0.5109653743828203,0.45075,101024
RS,0.4632,588,588,random,TINYIMAGENET,908,main_b1000_tinyimagenet_alexnet_RS_kp75_seed1024,0.75,0.45505,False,0.75,alexnet,0.75,TINYIMAGENET_alexnet_RS_accuracy_kp7500_seed1024,1024,60000,908,42,accuracy,101024,0.45505,1,2.875282000875473,44.068496994674206,10,2.875282000875473,valid,0.453998812975509,0.5116445384366594,0.45505,101024
RS,0.4632,588,588,random,TINYIMAGENET,909,main_b1000_tinyimagenet_alexnet_RS_kp75_seed1024,0.75,0.4458,False,0.75,alexnet,0.75,TINYIMAGENET_alexnet_RS_accuracy_kp7500_seed1024,1024,60000,909,42,accuracy,101024,0.4458,1,2.9103767980098723,52.28427650779486,10,2.9103767980098723,valid,0.4435376620855757,0.5088448231110967,0.4458,101024
RS,0.4632,588,588,random,TINYIMAGENET,910,main_b1000_tinyimagenet_alexnet_RS_kp75_seed1024,0.75,0.45535,False,0.75,alexnet,0.75,TINYIMAGENET_alexnet_RS_accuracy_kp7500_seed1024,1024,60000,910,42,accuracy,101024,0.45535,1,2.847553265476227,54.26116620749235,10,2.847553265476227,valid,0.45340186731344995,0.5032175816314457,0.45535000000000003,101024
RS,0.4632,588,588,random,TINYIMAGENET,911,main_b1000_tinyimagenet_alexnet_RS_kp75_seed1024,0.75,0.44995,False,0.75,alexnet,0.75,TINYIMAGENET_alexnet_RS_accuracy_kp7500_seed1024,1024,60000,911,42,accuracy,101024,0.44995,1,2.9324115931510923,53.90020315349102,10,2.9324115931510923,valid,0.44641076973635113,0.5104030825760636,0.44994999999999996,101024
RS,0.4632,588,588,random,TINYIMAGENET,912,main_b1000_tinyimagenet_alexnet_RS_kp75_seed1024,0.75,0.4541,False,0.75,alexnet,0.75,TINYIMAGENET_alexnet_RS_accuracy_kp7500_seed1024,1024,60000,912,42,accuracy,101024,0.4541,1,2.849218455028534,54.18797578662634,10,2.849218455028534,valid,0.4487887604061329,0.5026939417430913,0.45409999999999995,101024
RS,0.4632,588,588,random,TINYIMAGENET,913,main_b1000_tinyimagenet_alexnet_RS_kp75_seed1024,0.75,0.4564,False,0.75,alexnet,0.75,TINYIMAGENET_alexnet_RS_accuracy_kp7500_seed1024,1024,60000,913,42,accuracy,101024,0.4564,1,2.816326204395294,53.95030526816845,10,2.816326204395294,valid,0.45257209680473887,0.5093091878608998,0.45640000000000003,101024
RS,0.4632,588,588,random,TINYIMAGENET,914,main_b1000_tinyimagenet_alexnet_RS_kp75_seed1024,0.75,0.4563,False,0.75,alexnet,0.75,TINYIMAGENET_alexnet_RS_accuracy_kp7500_seed1024,1024,60000,914,42,accuracy,101024,0.4563,1,2.8385171657323838,44.047752156853676,10,2.8385171657323838,valid,0.4508952457068008,0.49806979294473036,0.45630000000000004,101024
RS,0.4632,588,588,random,TINYIMAGENET,915,main_b1000_tinyimagenet_alexnet_RS_kp75_seed1024,0.75,0.4555,False,0.75,alexnet,0.75,TINYIMAGENET_alexnet_RS_accuracy_kp7500_seed1024,1024,60000,915,42,accuracy,101024,0.4555,1,2.834572985458374,43.54306598007679,10,2.834572985458374,valid,0.4554610502564448,0.506714407208633,0.45549999999999996,101024
RS,0.4632,588,588,random,TINYIMAGENET,916,main_b1000_tinyimagenet_alexnet_RS_kp75_seed1024,0.75,0.4455,False,0.75,alexnet,0.75,TINYIMAGENET_alexnet_RS_accuracy_kp7500_seed1024,1024,60000,916,42,accuracy,101024,0.4455,1,2.9226571662902834,43.6364758387208,10,2.9226571662902834,valid,0.4422402395034706,0.5094383956541736,0.44549999999999995,101024
RS,0.4632,588,588,random,TINYIMAGENET,917,main_b1000_tinyimagenet_alexnet_RS_kp75_seed1024,0.75,0.45075,False,0.75,alexnet,0.75,TINYIMAGENET_alexnet_RS_accuracy_kp7500_seed1024,1024,60000,917,42,accuracy,101024,0.45075,1,2.878986505174637,43.91997643560171,10,2.878986505174637,valid,0.4502689943444744,0.5130898157923434,0.45075000000000004,101024
RS,0.4632,588,588,random,TINYIMAGENET,918,main_b1000_tinyimagenet_alexnet_RS_kp75_seed1024,0.75,0.4462,False,0.75,alexnet,0.75,TINYIMAGENET_alexnet_RS_accuracy_kp7500_seed1024,1024,60000,918,42,accuracy,101024,0.4462,1,2.916197915029526,44.20003066211939,10,2.916197915029526,valid,0.44033023193721027,0.5014793285056113,0.44620000000000004,101024
RS,0.4632,588,588,random,TINYIMAGENET,919,main_b1000_tinyimagenet_alexnet_RS_kp75_seed1024,0.75,0.4566,False,0.75,alexnet,0.75,TINYIMAGENET_alexnet_RS_accuracy_kp7500_seed1024,1024,60000,919,42,accuracy,101024,0.4566,1,2.8383419677734376,43.46082176268101,10,2.8383419677734376,valid,0.4513194691420309,0.501514212646795,0.45659999999999995,101024
RS,0.4632,588,588,random,TINYIMAGENET,920,main_b1000_tinyimagenet_alexnet_RS_kp75_seed1024,0.75,0.4504,False,0.75,alexnet,0.75,TINYIMAGENET_alexnet_RS_accuracy_kp7500_seed1024,1024,60000,920,42,accuracy,101024,0.4504,1,2.888970546579361,44.08929718285799,10,2.888970546579361,valid,0.4479249539217868,0.5144196188380488,0.4504000000000001,101024
RS,0.4632,588,588,random,TINYIMAGENET,921,main_b1000_tinyimagenet_alexnet_RS_kp75_seed1024,0.75,0.4471,False,0.75,alexnet,0.75,TINYIMAGENET_alexnet_RS_accuracy_kp7500_seed1024,1024,60000,921,42,accuracy,101024,0.4471,1,2.887952634859085,44.01910313218832,10,2.887952634859085,valid,0.4448810475253626,0.5007186151266625,0.4471,101024
RS,0.4632,588,588,random,TINYIMAGENET,922,main_b1000_tinyimagenet_alexnet_RS_kp75_seed1024,0.75,0.45485,False,0.75,alexnet,0.75,TINYIMAGENET_alexnet_RS_accuracy_kp7500_seed1024,1024,60000,922,42,accuracy,101024,0.45485,1,2.8396231312274933,44.04065319150686,10,2.8396231312274933,valid,0.45210308655129233,0.4991504331379379,0.45485,101024
RS,0.4632,588,588,random,TINYIMAGENET,923,main_b1000_tinyimagenet_alexnet_RS_kp75_seed1024,0.75,0.453,False,0.75,alexnet,0.75,TINYIMAGENET_alexnet_RS_accuracy_kp7500_seed1024,1024,60000,923,42,accuracy,101024,0.453,1,2.8553112508535383,44.66852604597807,10,2.8553112508535383,valid,0.4484929483147962,0.506307270370828,0.45299999999999996,101024
RS,0.4632,588,588,random,TINYIMAGENET,924,main_b1000_tinyimagenet_alexnet_RS_kp75_seed1024,0.75,0.45925,False,0.75,alexnet,0.75,TINYIMAGENET_alexnet_RS_accuracy_kp7500_seed1024,1024,60000,924,42,accuracy,101024,0.45925,1,2.816831093215942,53.971067532896996,10,2.816831093215942,valid,0.45646077243776434,0.514175655145566,0.45925,101024
RS,0.4632,588,588,random,TINYIMAGENET,925,main_b1000_tinyimagenet_alexnet_RS_kp75_seed1024,0.75,0.44925,False,0.75,alexnet,0.75,TINYIMAGENET_alexnet_RS_accuracy_kp7500_seed1024,1024,60000,925,42,accuracy,101024,0.44925,1,2.8786449000358583,44.22012910246849,10,2.8786449000358583,valid,0.44706600231942234,0.5052430415514269,0.44925,101024
RS,0.4632,588,588,random,TINYIMAGENET,926,main_b1000_tinyimagenet_alexnet_RS_kp75_seed1024,0.75,0.44935,False,0.75,alexnet,0.75,TINYIMAGENET_alexnet_RS_accuracy_kp7500_seed1024,1024,60000,926,42,accuracy,101024,0.44935,1,2.8687681309223176,44.09469968825579,10,2.8687681309223176,valid,0.4444044733995229,0.5015646317406441,0.44935,101024
RS,0.4632,588,588,random,TINYIMAGENET,927,main_b1000_tinyimagenet_alexnet_RS_kp75_seed1024,0.75,0.4509,False,0.75,alexnet,0.75,TINYIMAGENET_alexnet_RS_accuracy_kp7500_seed1024,1024,60000,927,42,accuracy,101024,0.4509,1,2.915419407749176,43.573064401745796,10,2.915419407749176,valid,0.4496857106550128,0.5197603661223172,0.4509,101024
RS,0.4632,588,588,random,TINYIMAGENET,928,main_b1000_tinyimagenet_alexnet_RS_kp75_seed1024,0.75,0.448,False,0.75,alexnet,0.75,TINYIMAGENET_alexnet_RS_accuracy_kp7500_seed1024,1024,60000,928,42,accuracy,101024,0.448,1,2.912831249833107,44.1352466493845,10,2.912831249833107,valid,0.44481899196701624,0.5092631134292364,0.44799999999999995,101024
RS,0.4632,588,588,random,TINYIMAGENET,929,main_b1000_tinyimagenet_alexnet_RS_kp75_seed1024,0.75,0.4557,False,0.75,alexnet,0.75,TINYIMAGENET_alexnet_RS_accuracy_kp7500_seed1024,1024,60000,929,42,accuracy,101024,0.4557,1,2.8157741343021394,44.250735245645046,10,2.8157741343021394,valid,0.45305031765201237,0.507669252646788,0.4557,101024
RS,0.4632,588,588,random,TINYIMAGENET,930,main_b1000_tinyimagenet_alexnet_RS_kp75_seed1024,0.75,0.44715,False,0.75,alexnet,0.75,TINYIMAGENET_alexnet_RS_accuracy_kp7500_seed1024,1024,60000,930,42,accuracy,101024,0.44715,1,2.8949477046012877,44.03962416946888,10,2.8949477046012877,valid,0.4453175399223765,0.5023883076433951,0.44715000000000005,101024
RS,0.4632,588,588,random,TINYIMAGENET,931,main_b1000_tinyimagenet_alexnet_RS_kp75_seed1024,0.75,0.45145,False,0.75,alexnet,0.75,TINYIMAGENET_alexnet_RS_accuracy_kp7500_seed1024,1024,60000,931,42,accuracy,101024,0.45145,1,2.8734731456279756,43.382724933326244,10,2.8734731456279756,valid,0.45036049432772024,0.5070405754356144,0.45145,101024
RS,0.4632,588,588,random,TINYIMAGENET,932,main_b1000_tinyimagenet_alexnet_RS_kp75_seed1024,0.75,0.44915,False,0.75,alexnet,0.75,TINYIMAGENET_alexnet_RS_accuracy_kp7500_seed1024,1024,60000,932,42,accuracy,101024,0.44915,1,2.8367539370059967,43.92994812875986,10,2.8367539370059967,valid,0.44935519285526004,0.5056645709368952,0.44915000000000005,101024
RS,0.4632,588,588,random,TINYIMAGENET,933,main_b1000_tinyimagenet_alexnet_RS_kp75_seed1024,0.75,0.43925,False,0.75,alexnet,0.75,TINYIMAGENET_alexnet_RS_accuracy_kp7500_seed1024,1024,60000,933,42,accuracy,101024,0.43925,1,2.953957127189636,41.46623831987381,10,2.953957127189636,valid,0.4405361861199974,0.5095067718329709,0.43925,101024
RS,0.4632,588,588,random,TINYIMAGENET,934,main_b1000_tinyimagenet_alexnet_RS_kp75_seed1024,0.75,0.4558,False,0.75,alexnet,0.75,TINYIMAGENET_alexnet_RS_accuracy_kp7500_seed1024,1024,60000,934,42,accuracy,101024,0.4558,1,2.8343029052734376,41.795612171292305,10,2.8343029052734376,valid,0.45227810370897414,0.5042931523003602,0.4558,101024
RS,0.4632,588,588,random,TINYIMAGENET,935,main_b1000_tinyimagenet_alexnet_RS_kp75_seed1024,0.75,0.4514,False,0.75,alexnet,0.75,TINYIMAGENET_alexnet_RS_accuracy_kp7500_seed1024,1024,60000,935,42,accuracy,101024,0.4514,1,2.899418514585495,43.83064096421003,10,2.899418514585495,valid,0.4477103122484681,0.5084413002590601,0.4514,101024
RS,0.4632,588,588,random,TINYIMAGENET,936,main_b1000_tinyimagenet_alexnet_RS_kp75_seed1024,0.75,0.45395,False,0.75,alexnet,0.75,TINYIMAGENET_alexnet_RS_accuracy_kp7500_seed1024,1024,60000,936,42,accuracy,101024,0.45395,1,2.8178546169281007,53.986486449837685,10,2.8178546169281007,valid,0.451802308231652,0.5046904009189176,0.45394999999999996,101024
RS,0.4632,588,588,random,TINYIMAGENET,937,main_b1000_tinyimagenet_alexnet_RS_kp75_seed1024,0.75,0.44835,False,0.75,alexnet,0.75,TINYIMAGENET_alexnet_RS_accuracy_kp7500_seed1024,1024,60000,937,42,accuracy,101024,0.44835,1,2.860839168214798,54.01970221847296,10,2.860839168214798,valid,0.4453069307053347,0.501608682007724,0.44835,101024
RS,0.4632,588,588,random,TINYIMAGENET,938,main_b1000_tinyimagenet_alexnet_RS_kp75_seed1024,0.75,0.4525,False,0.75,alexnet,0.75,TINYIMAGENET_alexnet_RS_accuracy_kp7500_seed1024,1024,60000,938,42,accuracy,101024,0.4525,1,2.8196570241928103,54.105044551193714,10,2.8196570241928103,valid,0.44819563905852633,0.4979972543804315,0.4525,101024
RS,0.4632,588,588,random,TINYIMAGENET,939,main_b1000_tinyimagenet_alexnet_RS_kp75_seed1024,0.75,0.4575,False,0.75,alexnet,0.75,TINYIMAGENET_alexnet_RS_accuracy_kp7500_seed1024,1024,60000,939,42,accuracy,101024,0.4575,1,2.8561505858659744,54.20812660455704,10,2.8561505858659744,valid,0.45069077458874657,0.4984303164298746,0.4575,101024
RS,0.4632,588,588,random,TINYIMAGENET,940,main_b1000_tinyimagenet_alexnet_RS_kp75_seed1024,0.75,0.4535,False,0.75,alexnet,0.75,TINYIMAGENET_alexnet_RS_accuracy_kp7500_seed1024,1024,60000,940,42,accuracy,101024,0.4535,1,2.8600251698970793,43.73829860985279,10,2.8600251698970793,valid,0.4533115860701983,0.5122839043256111,0.4535,101024
RS,0.4632,588,588,random,TINYIMAGENET,941,main_b1000_tinyimagenet_alexnet_RS_kp75_seed1024,0.75,0.45705,False,0.75,alexnet,0.75,TINYIMAGENET_alexnet_RS_accuracy_kp7500_seed1024,1024,60000,941,42,accuracy,101024,0.45705,1,2.867043631669879,52.88687423616648,10,2.867043631669879,valid,0.45332869355425287,0.510004398805853,0.45704999999999996,101024
RS,0.4632,588,588,random,TINYIMAGENET,942,main_b1000_tinyimagenet_alexnet_RS_kp75_seed1024,0.75,0.45375,False,0.75,alexnet,0.75,TINYIMAGENET_alexnet_RS_accuracy_kp7500_seed1024,1024,60000,942,42,accuracy,101024,0.45375,1,2.8573704924583434,44.26599341630936,10,2.8573704924583434,valid,0.45080311666695233,0.5078003605045709,0.45375,101024
RS,0.4632,588,588,random,TINYIMAGENET,943,main_b1000_tinyimagenet_alexnet_RS_kp75_seed1024,0.75,0.4565,False,0.75,alexnet,0.75,TINYIMAGENET_alexnet_RS_accuracy_kp7500_seed1024,1024,60000,943,42,accuracy,101024,0.4565,1,2.825837070560455,44.0546827763319,10,2.825837070560455,valid,0.4551086026840585,0.5111737031836957,0.45649999999999996,101024
RS,0.4632,588,588,random,TINYIMAGENET,944,main_b1000_tinyimagenet_alexnet_RS_kp75_seed1024,0.75,0.45355,False,0.75,alexnet,0.75,TINYIMAGENET_alexnet_RS_accuracy_kp7500_seed1024,1024,60000,944,42,accuracy,101024,0.45355,1,2.8615188652038572,44.006983920931816,10,2.8615188652038572,valid,0.4505230007144222,0.5035757202820748,0.45355000000000006,101024
RS,0.4632,588,588,random,TINYIMAGENET,945,main_b1000_tinyimagenet_alexnet_RS_kp75_seed1024,0.75,0.4507,False,0.75,alexnet,0.75,TINYIMAGENET_alexnet_RS_accuracy_kp7500_seed1024,1024,60000,945,42,accuracy,101024,0.4507,1,2.867953998327255,43.445025593042374,10,2.867953998327255,valid,0.4484009914906439,0.5146057884475891,0.4507,101024
RS,0.4632,588,588,random,TINYIMAGENET,946,main_b1000_tinyimagenet_alexnet_RS_kp75_seed1024,0.75,0.44945,False,0.75,alexnet,0.75,TINYIMAGENET_alexnet_RS_accuracy_kp7500_seed1024,1024,60000,946,42,accuracy,101024,0.44945,1,2.863507748371363,44.124626129865646,10,2.863507748371363,valid,0.4419956220898723,0.5042575143161904,0.44945000000000007,101024
RS,0.4632,588,588,random,TINYIMAGENET,947,main_b1000_tinyimagenet_alexnet_RS_kp75_seed1024,0.75,0.4474,False,0.75,alexnet,0.75,TINYIMAGENET_alexnet_RS_accuracy_kp7500_seed1024,1024,60000,947,42,accuracy,101024,0.4474,1,2.913697418451309,44.14338132739067,10,2.913697418451309,valid,0.4438555403931238,0.512729060975071,0.44739999999999996,101024
RS,0.4632,588,588,random,TINYIMAGENET,948,main_b1000_tinyimagenet_alexnet_RS_kp75_seed1024,0.75,0.45075,False,0.75,alexnet,0.75,TINYIMAGENET_alexnet_RS_accuracy_kp7500_seed1024,1024,60000,948,42,accuracy,101024,0.45075,1,2.8785205214500427,44.10318733006716,10,2.8785205214500427,valid,0.4458293423111248,0.5052226966314433,0.45075000000000004,101024
RS,0.4632,588,588,random,TINYIMAGENET,949,main_b1000_tinyimagenet_alexnet_RS_kp75_seed1024,0.75,0.44305,False,0.75,alexnet,0.75,TINYIMAGENET_alexnet_RS_accuracy_kp7500_seed1024,1024,60000,949,42,accuracy,101024,0.44305,1,2.880273495769501,43.70643685758114,10,2.880273495769501,valid,0.44195150481134077,0.5019186761835394,0.44305,101024
RS,0.4632,588,588,random,TINYIMAGENET,950,main_b1000_tinyimagenet_alexnet_RS_kp75_seed1024,0.75,0.4473,False,0.75,alexnet,0.75,TINYIMAGENET_alexnet_RS_accuracy_kp7500_seed1024,1024,60000,950,42,accuracy,101024,0.4473,1,2.877090268659592,44.09606112539768,10,2.877090268659592,valid,0.4451325090363825,0.499823783256661,0.44730000000000003,101024
RS,0.4632,588,588,random,TINYIMAGENET,951,main_b1000_tinyimagenet_alexnet_RS_kp75_seed1024,0.75,0.4463,False,0.75,alexnet,0.75,TINYIMAGENET_alexnet_RS_accuracy_kp7500_seed1024,1024,60000,951,42,accuracy,101024,0.4463,1,2.8747232263565063,44.19617158919573,10,2.8747232263565063,valid,0.44387490100182025,0.5060800297321949,0.4463,101024
RS,0.4632,588,588,random,TINYIMAGENET,952,main_b1000_tinyimagenet_alexnet_RS_kp75_seed1024,0.75,0.44985,False,0.75,alexnet,0.75,TINYIMAGENET_alexnet_RS_accuracy_kp7500_seed1024,1024,60000,952,42,accuracy,101024,0.44985,1,2.88316279630661,43.67801712453365,10,2.88316279630661,valid,0.4490811679573291,0.5147094876515166,0.44984999999999997,101024
RS,0.4632,588,588,random,TINYIMAGENET,953,main_b1000_tinyimagenet_alexnet_RS_kp75_seed1024,0.75,0.4499,False,0.75,alexnet,0.75,TINYIMAGENET_alexnet_RS_accuracy_kp7500_seed1024,1024,60000,953,42,accuracy,101024,0.4499,1,2.890469106292725,44.00714432448149,10,2.890469106292725,valid,0.44628746155096316,0.5083458456985056,0.4499,101024
RS,0.4632,588,588,random,TINYIMAGENET,954,main_b1000_tinyimagenet_alexnet_RS_kp75_seed1024,0.75,0.4507,False,0.75,alexnet,0.75,TINYIMAGENET_alexnet_RS_accuracy_kp7500_seed1024,1024,60000,954,42,accuracy,101024,0.4507,1,2.851505933380127,44.269048161804676,10,2.851505933380127,valid,0.4476994590054597,0.5098478532213587,0.4507,101024
RS,0.4632,588,588,random,TINYIMAGENET,955,main_b1000_tinyimagenet_alexnet_RS_kp75_seed1024,0.75,0.4543,False,0.75,alexnet,0.75,TINYIMAGENET_alexnet_RS_accuracy_kp7500_seed1024,1024,60000,955,42,accuracy,101024,0.4543,1,2.879399298620224,44.15042436122894,10,2.879399298620224,valid,0.4479506085155313,0.5034497704547475,0.4543000000000001,101024
RS,0.4632,588,588,random,TINYIMAGENET,956,main_b1000_tinyimagenet_alexnet_RS_kp75_seed1024,0.75,0.4499,False,0.75,alexnet,0.75,TINYIMAGENET_alexnet_RS_accuracy_kp7500_seed1024,1024,60000,956,42,accuracy,101024,0.4499,1,2.8790649619579316,43.643420584499836,10,2.8790649619579316,valid,0.4467913712606528,0.5052825249097436,0.4499000000000001,101024
RS,0.4632,588,588,random,TINYIMAGENET,957,main_b1000_tinyimagenet_alexnet_RS_kp75_seed1024,0.75,0.4532,False,0.75,alexnet,0.75,TINYIMAGENET_alexnet_RS_accuracy_kp7500_seed1024,1024,60000,957,42,accuracy,101024,0.4532,1,2.843196300649643,44.11911362409592,10,2.843196300649643,valid,0.45237352024043914,0.5095447071561613,0.4532,101024
RS,0.4632,588,588,random,TINYIMAGENET,958,main_b1000_tinyimagenet_alexnet_RS_kp75_seed1024,0.75,0.45315,False,0.75,alexnet,0.75,TINYIMAGENET_alexnet_RS_accuracy_kp7500_seed1024,1024,60000,958,42,accuracy,101024,0.45315,1,2.878798262214661,44.16933509707451,10,2.878798262214661,valid,0.44830214906364335,0.5052442310996887,0.45315000000000005,101024
RS,0.4632,588,588,random,TINYIMAGENET,959,main_b1000_tinyimagenet_alexnet_RS_kp75_seed1024,0.75,0.4552,False,0.75,alexnet,0.75,TINYIMAGENET_alexnet_RS_accuracy_kp7500_seed1024,1024,60000,959,42,accuracy,101024,0.4552,1,2.8493863475084305,44.12529067695141,10,2.8493863475084305,valid,0.4560861467517006,0.514227972487008,0.45520000000000005,101024
RS,0.4632,588,588,random,TINYIMAGENET,960,main_b1000_tinyimagenet_alexnet_RS_kp75_seed1024,0.75,0.44875,False,0.75,alexnet,0.75,TINYIMAGENET_alexnet_RS_accuracy_kp7500_seed1024,1024,60000,960,42,accuracy,101024,0.44875,1,2.907562453365326,43.66200014203787,10,2.907562453365326,valid,0.444035898682404,0.5100962761921809,0.44875,101024
RS,0.4632,588,588,random,TINYIMAGENET,961,main_b1000_tinyimagenet_alexnet_RS_kp75_seed1024,0.75,0.44315,False,0.75,alexnet,0.75,TINYIMAGENET_alexnet_RS_accuracy_kp7500_seed1024,1024,60000,961,42,accuracy,101024,0.44315,1,2.942790633201599,44.277529053390026,10,2.942790633201599,valid,0.43909461704327446,0.509207294303119,0.44315,101024
RS,0.4632,588,588,random,TINYIMAGENET,962,main_b1000_tinyimagenet_alexnet_RS_kp75_seed1024,0.75,0.46085,False,0.75,alexnet,0.75,TINYIMAGENET_alexnet_RS_accuracy_kp7500_seed1024,1024,60000,962,42,accuracy,101024,0.46085,1,2.83455550904274,44.27454850077629,10,2.83455550904274,valid,0.4579219936228941,0.5038705411500352,0.46085,101024
RS,0.4632,588,588,random,TINYIMAGENET,963,main_b1000_tinyimagenet_alexnet_RS_kp75_seed1024,0.75,0.4539,False,0.75,alexnet,0.75,TINYIMAGENET_alexnet_RS_accuracy_kp7500_seed1024,1024,60000,963,42,accuracy,101024,0.4539,1,2.880550903558731,44.108860820531845,10,2.880550903558731,valid,0.44765658178020545,0.5101041044884442,0.4539,101024
RS,0.4632,588,588,random,TINYIMAGENET,964,main_b1000_tinyimagenet_alexnet_RS_kp75_seed1024,0.75,0.44245,False,0.75,alexnet,0.75,TINYIMAGENET_alexnet_RS_accuracy_kp7500_seed1024,1024,60000,964,42,accuracy,101024,0.44245,1,2.9193784960746765,43.679506719112396,10,2.9193784960746765,valid,0.4388686858838108,0.5056937468501858,0.44244999999999995,101024
RS,0.4632,588,588,random,TINYIMAGENET,965,main_b1000_tinyimagenet_alexnet_RS_kp75_seed1024,0.75,0.44975,False,0.75,alexnet,0.75,TINYIMAGENET_alexnet_RS_accuracy_kp7500_seed1024,1024,60000,965,42,accuracy,101024,0.44975,1,2.827561849975586,44.03224354982376,10,2.827561849975586,valid,0.4481139600730175,0.4998419937368394,0.44975000000000004,101024
RS,0.4632,588,588,random,TINYIMAGENET,966,main_b1000_tinyimagenet_alexnet_RS_kp75_seed1024,0.75,0.4458,False,0.75,alexnet,0.75,TINYIMAGENET_alexnet_RS_accuracy_kp7500_seed1024,1024,60000,966,42,accuracy,101024,0.4458,1,2.9129946931362154,44.17390735447407,10,2.9129946931362154,valid,0.4443170262578057,0.5119329724503848,0.4458,101024
RS,0.4632,588,588,random,TINYIMAGENET,967,main_b1000_tinyimagenet_alexnet_RS_kp75_seed1024,0.75,0.45305,False,0.75,alexnet,0.75,TINYIMAGENET_alexnet_RS_accuracy_kp7500_seed1024,1024,60000,967,42,accuracy,101024,0.45305,1,2.808995352554321,43.67263727635145,10,2.808995352554321,valid,0.4512136362592377,0.5027143910585837,0.45305,101024
RS,0.4632,588,588,random,TINYIMAGENET,968,main_b1000_tinyimagenet_alexnet_RS_kp75_seed1024,0.75,0.4531,False,0.75,alexnet,0.75,TINYIMAGENET_alexnet_RS_accuracy_kp7500_seed1024,1024,60000,968,42,accuracy,101024,0.4531,1,2.8622326820850374,45.27828547358513,10,2.8622326820850374,valid,0.4474684999853308,0.5078446949530979,0.4531,101024
RS,0.4632,588,588,random,TINYIMAGENET,969,main_b1000_tinyimagenet_alexnet_RS_kp75_seed1024,0.75,0.45905,False,0.75,alexnet,0.75,TINYIMAGENET_alexnet_RS_accuracy_kp7500_seed1024,1024,60000,969,42,accuracy,101024,0.45905,1,2.8303899416923524,44.02291091531515,10,2.8303899416923524,valid,0.4526414146956254,0.4994759524516833,0.45905,101024
RS,0.4632,588,588,random,TINYIMAGENET,970,main_b1000_tinyimagenet_alexnet_RS_kp75_seed1024,0.75,0.44805,False,0.75,alexnet,0.75,TINYIMAGENET_alexnet_RS_accuracy_kp7500_seed1024,1024,60000,970,42,accuracy,101024,0.44805,1,2.8953222466468813,44.12099941819906,10,2.8953222466468813,valid,0.44632955076467423,0.5048970068659862,0.44805000000000006,101024
RS,0.4632,588,588,random,TINYIMAGENET,971,main_b1000_tinyimagenet_alexnet_RS_kp75_seed1024,0.75,0.45355,False,0.75,alexnet,0.75,TINYIMAGENET_alexnet_RS_accuracy_kp7500_seed1024,1024,60000,971,42,accuracy,101024,0.45355,1,2.8121055236816406,43.55306922644377,10,2.8121055236816406,valid,0.45093682494642756,0.5020258724974647,0.45355000000000006,101024
RS,0.4632,588,588,random,TINYIMAGENET,972,main_b1000_tinyimagenet_alexnet_RS_kp75_seed1024,0.75,0.45335,False,0.75,alexnet,0.75,TINYIMAGENET_alexnet_RS_accuracy_kp7500_seed1024,1024,60000,972,42,accuracy,101024,0.45335,1,2.872006508588791,44.045871280133724,10,2.872006508588791,valid,0.4501307884213023,0.510403318324891,0.45335000000000003,101024
RS,0.4632,588,588,random,TINYIMAGENET,973,main_b1000_tinyimagenet_alexnet_RS_kp75_seed1024,0.75,0.45105,False,0.75,alexnet,0.75,TINYIMAGENET_alexnet_RS_accuracy_kp7500_seed1024,1024,60000,973,42,accuracy,101024,0.45105,1,2.896649478149414,44.28297749906778,10,2.896649478149414,valid,0.4470160900702767,0.5127390966807718,0.45105000000000006,101024
RS,0.4632,588,588,random,TINYIMAGENET,974,main_b1000_tinyimagenet_alexnet_RS_kp75_seed1024,0.75,0.45895,False,0.75,alexnet,0.75,TINYIMAGENET_alexnet_RS_accuracy_kp7500_seed1024,1024,60000,974,42,accuracy,101024,0.45895,1,2.8498021770477293,44.336653761565685,10,2.8498021770477293,valid,0.4601005438376545,0.5185122447447428,0.45894999999999997,101024
RS,0.4632,588,588,random,TINYIMAGENET,975,main_b1000_tinyimagenet_alexnet_RS_kp75_seed1024,0.75,0.45095,False,0.75,alexnet,0.75,TINYIMAGENET_alexnet_RS_accuracy_kp7500_seed1024,1024,60000,975,42,accuracy,101024,0.45095,1,2.8791640451908114,43.599296256899834,10,2.8791640451908114,valid,0.4473768460744065,0.5086909190633222,0.45094999999999996,101024
RS,0.4632,588,588,random,TINYIMAGENET,976,main_b1000_tinyimagenet_alexnet_RS_kp75_seed1024,0.75,0.4458,False,0.75,alexnet,0.75,TINYIMAGENET_alexnet_RS_accuracy_kp7500_seed1024,1024,60000,976,42,accuracy,101024,0.4458,1,2.8841067636728286,44.0720783919096,10,2.8841067636728286,valid,0.44031560175848855,0.49922039977348914,0.44580000000000003,101024
RS,0.4632,588,588,random,TINYIMAGENET,977,main_b1000_tinyimagenet_alexnet_RS_kp75_seed1024,0.75,0.44775,False,0.75,alexnet,0.75,TINYIMAGENET_alexnet_RS_accuracy_kp7500_seed1024,1024,60000,977,42,accuracy,101024,0.44775,1,2.8955039657115935,44.149491772055626,10,2.8955039657115935,valid,0.4450146456984295,0.5030246187492109,0.44775,101024
RS,0.4632,588,588,random,TINYIMAGENET,978,main_b1000_tinyimagenet_alexnet_RS_kp75_seed1024,0.75,0.44595,False,0.75,alexnet,0.75,TINYIMAGENET_alexnet_RS_accuracy_kp7500_seed1024,1024,60000,978,42,accuracy,101024,0.44595,1,2.901874588894844,50.512650705873966,10,2.901874588894844,valid,0.43990343703356743,0.5065737095978252,0.44595,101024
RS,0.4632,588,588,random,TINYIMAGENET,979,main_b1000_tinyimagenet_alexnet_RS_kp75_seed1024,0.75,0.4522,False,0.75,alexnet,0.75,TINYIMAGENET_alexnet_RS_accuracy_kp7500_seed1024,1024,60000,979,42,accuracy,101024,0.4522,1,2.864568050956726,53.80088700354099,10,2.864568050956726,valid,0.44796216650527576,0.5097932964953862,0.4522,101024
RS,0.4632,588,588,random,TINYIMAGENET,980,main_b1000_tinyimagenet_alexnet_RS_kp75_seed1024,0.75,0.4483,False,0.75,alexnet,0.75,TINYIMAGENET_alexnet_RS_accuracy_kp7500_seed1024,1024,60000,980,42,accuracy,101024,0.4483,1,2.8810167322158815,53.557236671447754,10,2.8810167322158815,valid,0.44896859659980665,0.5180019131434694,0.4483,101024
RS,0.4632,588,588,random,TINYIMAGENET,981,main_b1000_tinyimagenet_alexnet_RS_kp75_seed1024,0.75,0.4497,False,0.75,alexnet,0.75,TINYIMAGENET_alexnet_RS_accuracy_kp7500_seed1024,1024,60000,981,42,accuracy,101024,0.4497,1,2.881993672299385,53.96355327218771,10,2.881993672299385,valid,0.4469429169899291,0.5027020943536609,0.4497,101024
RS,0.4632,588,588,random,TINYIMAGENET,982,main_b1000_tinyimagenet_alexnet_RS_kp75_seed1024,0.75,0.45145,False,0.75,alexnet,0.75,TINYIMAGENET_alexnet_RS_accuracy_kp7500_seed1024,1024,60000,982,42,accuracy,101024,0.45145,1,2.849422788763046,44.01440837979317,10,2.849422788763046,valid,0.4488905006376113,0.5026935429867083,0.45145,101024
RS,0.4632,588,588,random,TINYIMAGENET,983,main_b1000_tinyimagenet_alexnet_RS_kp75_seed1024,0.75,0.45635,False,0.75,alexnet,0.75,TINYIMAGENET_alexnet_RS_accuracy_kp7500_seed1024,1024,60000,983,42,accuracy,101024,0.45635,1,2.812297592020035,42.73182766884565,10,2.812297592020035,valid,0.4570072388451971,0.508957117878248,0.45635,101024
RS,0.4632,588,588,random,TINYIMAGENET,984,main_b1000_tinyimagenet_alexnet_RS_kp75_seed1024,0.75,0.4481,False,0.75,alexnet,0.75,TINYIMAGENET_alexnet_RS_accuracy_kp7500_seed1024,1024,60000,984,42,accuracy,101024,0.4481,1,2.873075429368019,41.050600945949554,10,2.873075429368019,valid,0.44621399700357545,0.5048818463275885,0.4481,101024
RS,0.4632,588,588,random,TINYIMAGENET,985,main_b1000_tinyimagenet_alexnet_RS_kp75_seed1024,0.75,0.4525,False,0.75,alexnet,0.75,TINYIMAGENET_alexnet_RS_accuracy_kp7500_seed1024,1024,60000,985,42,accuracy,101024,0.4525,1,2.8745399842262267,42.84038160741329,10,2.8745399842262267,valid,0.4504837824086813,0.5059878058876339,0.4525,101024
RS,0.4632,588,588,random,TINYIMAGENET,986,main_b1000_tinyimagenet_alexnet_RS_kp75_seed1024,0.75,0.4463,False,0.75,alexnet,0.75,TINYIMAGENET_alexnet_RS_accuracy_kp7500_seed1024,1024,60000,986,42,accuracy,101024,0.4463,1,2.8706655745983123,44.32126457244158,10,2.8706655745983123,valid,0.4454944381505087,0.49890734063419245,0.4463,101024
RS,0.4632,588,588,random,TINYIMAGENET,987,main_b1000_tinyimagenet_alexnet_RS_kp75_seed1024,0.75,0.4484,False,0.75,alexnet,0.75,TINYIMAGENET_alexnet_RS_accuracy_kp7500_seed1024,1024,60000,987,42,accuracy,101024,0.4484,1,2.900444396018982,44.02728310972452,10,2.900444396018982,valid,0.44535412232333166,0.5114489262224404,0.4484,101024
RS,0.4632,588,588,random,TINYIMAGENET,988,main_b1000_tinyimagenet_alexnet_RS_kp75_seed1024,0.75,0.44865,False,0.75,alexnet,0.75,TINYIMAGENET_alexnet_RS_accuracy_kp7500_seed1024,1024,60000,988,42,accuracy,101024,0.44865,1,2.9134213789224623,43.6424406170845,10,2.9134213789224623,valid,0.44440773234832237,0.5095020706966799,0.44865,101024
RS,0.4632,588,588,random,TINYIMAGENET,989,main_b1000_tinyimagenet_alexnet_RS_kp75_seed1024,0.75,0.4513,False,0.75,alexnet,0.75,TINYIMAGENET_alexnet_RS_accuracy_kp7500_seed1024,1024,60000,989,42,accuracy,101024,0.4513,1,2.8542993009090423,43.901548095047474,10,2.8542993009090423,valid,0.4462944473114383,0.4956807172974458,0.45130000000000003,101024
RS,0.4632,588,588,random,TINYIMAGENET,990,main_b1000_tinyimagenet_alexnet_RS_kp75_seed1024,0.75,0.4512,False,0.75,alexnet,0.75,TINYIMAGENET_alexnet_RS_accuracy_kp7500_seed1024,1024,60000,990,42,accuracy,101024,0.4512,1,2.8605559217214584,44.18437347561121,10,2.8605559217214584,valid,0.4477166345018027,0.5065749939517358,0.4512,101024
RS,0.4632,588,588,random,TINYIMAGENET,991,main_b1000_tinyimagenet_alexnet_RS_kp75_seed1024,0.75,0.4532,False,0.75,alexnet,0.75,TINYIMAGENET_alexnet_RS_accuracy_kp7500_seed1024,1024,60000,991,42,accuracy,101024,0.4532,1,2.823203349161148,44.017667308449745,10,2.823203349161148,valid,0.44973894827607125,0.4980689864314444,0.4532,101024
RS,0.4632,588,588,random,TINYIMAGENET,992,main_b1000_tinyimagenet_alexnet_RS_kp75_seed1024,0.75,0.4498,False,0.75,alexnet,0.75,TINYIMAGENET_alexnet_RS_accuracy_kp7500_seed1024,1024,60000,992,42,accuracy,101024,0.4498,1,2.8528068467617036,43.445520259439945,10,2.8528068467617036,valid,0.4478102950313041,0.5042311171732498,0.44980000000000003,101024
RS,0.4632,588,588,random,TINYIMAGENET,993,main_b1000_tinyimagenet_alexnet_RS_kp75_seed1024,0.75,0.4538,False,0.75,alexnet,0.75,TINYIMAGENET_alexnet_RS_accuracy_kp7500_seed1024,1024,60000,993,42,accuracy,101024,0.4538,1,2.859013727903366,44.00428992509842,10,2.859013727903366,valid,0.4511680479238501,0.5080342043701451,0.4538,101024
RS,0.4632,588,588,random,TINYIMAGENET,994,main_b1000_tinyimagenet_alexnet_RS_kp75_seed1024,0.75,0.455,False,0.75,alexnet,0.75,TINYIMAGENET_alexnet_RS_accuracy_kp7500_seed1024,1024,60000,994,42,accuracy,101024,0.455,1,2.809992465543747,43.94355936348438,10,2.809992465543747,valid,0.4526610982625592,0.4992442570441821,0.455,101024
RS,0.4632,588,588,random,TINYIMAGENET,995,main_b1000_tinyimagenet_alexnet_RS_kp75_seed1024,0.75,0.45285,False,0.75,alexnet,0.75,TINYIMAGENET_alexnet_RS_accuracy_kp7500_seed1024,1024,60000,995,42,accuracy,101024,0.45285,1,2.873520470523834,43.77143667638302,10,2.873520470523834,valid,0.4508764076678721,0.5118306728660993,0.45285,101024
RS,0.4632,588,588,random,TINYIMAGENET,996,main_b1000_tinyimagenet_alexnet_RS_kp75_seed1024,0.75,0.45,False,0.75,alexnet,0.75,TINYIMAGENET_alexnet_RS_accuracy_kp7500_seed1024,1024,60000,996,42,accuracy,101024,0.45,1,2.9034837299346923,43.36343742907047,10,2.9034837299346923,valid,0.44613894027209866,0.5139734042004312,0.45,101024
RS,0.4632,588,588,random,TINYIMAGENET,997,main_b1000_tinyimagenet_alexnet_RS_kp75_seed1024,0.75,0.4583,False,0.75,alexnet,0.75,TINYIMAGENET_alexnet_RS_accuracy_kp7500_seed1024,1024,60000,997,42,accuracy,101024,0.4583,1,2.8680003998279573,44.02667725086212,10,2.8680003998279573,valid,0.45389282595153646,0.509357532766958,0.4583,101024
RS,0.4632,588,588,random,TINYIMAGENET,998,main_b1000_tinyimagenet_alexnet_RS_kp75_seed1024,0.75,0.45415,False,0.75,alexnet,0.75,TINYIMAGENET_alexnet_RS_accuracy_kp7500_seed1024,1024,60000,998,42,accuracy,101024,0.45415,1,2.807050983905792,43.962433353066444,10,2.807050983905792,valid,0.4533464311309005,0.5061655580786285,0.45415,101024
RS,0.4632,588,588,random,TINYIMAGENET,999,main_b1000_tinyimagenet_alexnet_RS_kp75_seed1024,0.75,0.4488,False,0.75,alexnet,0.75,TINYIMAGENET_alexnet_RS_accuracy_kp7500_seed1024,1024,60000,999,42,accuracy,101024,0.4488,1,2.900606352853775,43.70809572190046,10,2.900606352853775,valid,0.44617779427569737,0.5116260225640764,0.44880000000000003,101024
RS,0.4632,588,588,random,TINYIMAGENET,1000,main_b1000_tinyimagenet_alexnet_RS_kp75_seed1024,0.75,0.4482,False,0.75,alexnet,0.75,TINYIMAGENET_alexnet_RS_accuracy_kp7500_seed1024,1024,60000,1000,42,accuracy,101024,0.4482,1,2.91031007707119,43.73002865165472,10,2.91031007707119,valid,0.44603577309526377,0.5036988728187566,0.4482,101024
