Algorithm,Best Fitness,Best Found At Evaluation,Best Solution ID,Candidate Type,Crossover Hamming Parent 1,Crossover Hamming Parent 2,Dataset,Evaluation,Experiment Name,Final Percentage,Fitness,Generation,Improved Best,Initial Percentage,Model,Mutation Applied,Mutation Hamming Distance,Mutation Swaps,Offspring Number,Parent 1 Fitness,Parent 1 ID,Parent 1 Index,Parent 2 Fitness,Parent 2 ID,Parent 2 Index,Parent Hamming Distance,Population Slot,Requested Keep Percentage,Run ID,Search Seed,Selected Instances,Solution ID,Split Seed,Target Metric,Training Seed,accuracy,best_epoch,best_validation_loss,candidate_duration_seconds,epochs_trained,evaluation_loss,evaluation_split,f1,precision,recall,training_seed
GEN,0.4061,1,1,initial,,,TINYIMAGENET,1,main_b1000_tinyimagenet_alexnet_GEN_kp10_seed456,0.1,0.4061,0,True,0.1,alexnet,False,0,0,,,,,,,,,1,0.1,TINYIMAGENET_alexnet_GEN_accuracy_kp1000_seed456,456,8000,1,42,accuracy,100456,0.4061,4,3.0048164805412294,14.782273508608341,10,3.0048164805412294,valid,0.40543857303378944,0.4228582712201592,0.4061,100456
GEN,0.41315,2,2,initial,,,TINYIMAGENET,2,main_b1000_tinyimagenet_alexnet_GEN_kp10_seed456,0.1,0.41315,0,True,0.1,alexnet,False,0,0,,,,,,,,,2,0.1,TINYIMAGENET_alexnet_GEN_accuracy_kp1000_seed456,456,8000,2,42,accuracy,100456,0.41315,4,2.9968877130508425,14.272143326699734,10,2.9968877130508425,valid,0.41177167160969674,0.42604127461510105,0.4131500000000001,100456
GEN,0.4187,3,3,initial,,,TINYIMAGENET,3,main_b1000_tinyimagenet_alexnet_GEN_kp10_seed456,0.1,0.4187,0,True,0.1,alexnet,False,0,0,,,,,,,,,3,0.1,TINYIMAGENET_alexnet_GEN_accuracy_kp1000_seed456,456,8000,3,42,accuracy,100456,0.4187,5,2.962819176673889,14.351908266544342,10,2.962819176673889,valid,0.415535802316473,0.424701119391302,0.41869999999999996,100456
GEN,0.4187,3,3,initial,,,TINYIMAGENET,4,main_b1000_tinyimagenet_alexnet_GEN_kp10_seed456,0.1,0.4115,0,False,0.1,alexnet,False,0,0,,,,,,,,,4,0.1,TINYIMAGENET_alexnet_GEN_accuracy_kp1000_seed456,456,8000,4,42,accuracy,100456,0.4115,4,2.9958187740325926,14.156480617821217,10,2.9958187740325926,valid,0.4089936620654692,0.4250597908726172,0.41150000000000003,100456
GEN,0.4187,3,3,initial,,,TINYIMAGENET,5,main_b1000_tinyimagenet_alexnet_GEN_kp10_seed456,0.1,0.41535,0,False,0.1,alexnet,False,0,0,,,,,,,,,5,0.1,TINYIMAGENET_alexnet_GEN_accuracy_kp1000_seed456,456,8000,5,42,accuracy,100456,0.41535,4,2.9705891838073732,14.322638027369976,10,2.9705891838073732,valid,0.4118549515625108,0.42541543143133637,0.41534999999999994,100456
GEN,0.4187,3,3,initial,,,TINYIMAGENET,6,main_b1000_tinyimagenet_alexnet_GEN_kp10_seed456,0.1,0.41415,0,False,0.1,alexnet,False,0,0,,,,,,,,,6,0.1,TINYIMAGENET_alexnet_GEN_accuracy_kp1000_seed456,456,8000,6,42,accuracy,100456,0.41415,4,2.980768573474884,11.337000615894794,10,2.980768573474884,valid,0.410929459706979,0.42624958088635934,0.4141500000000001,100456
GEN,0.4187,3,3,initial,,,TINYIMAGENET,7,main_b1000_tinyimagenet_alexnet_GEN_kp10_seed456,0.1,0.4087,0,False,0.1,alexnet,False,0,0,,,,,,,,,7,0.1,TINYIMAGENET_alexnet_GEN_accuracy_kp1000_seed456,456,8000,7,42,accuracy,100456,0.4087,4,2.9823641222000123,14.297365553677082,10,2.9823641222000123,valid,0.40573243937055653,0.4219461337126921,0.40870000000000006,100456
GEN,0.4187,3,3,initial,,,TINYIMAGENET,8,main_b1000_tinyimagenet_alexnet_GEN_kp10_seed456,0.1,0.40735,0,False,0.1,alexnet,False,0,0,,,,,,,,,8,0.1,TINYIMAGENET_alexnet_GEN_accuracy_kp1000_seed456,456,8000,8,42,accuracy,100456,0.40735,4,3.028704536724091,14.261674128472805,10,3.028704536724091,valid,0.4035553096493356,0.41979839822533066,0.40735,100456
GEN,0.4187,3,3,initial,,,TINYIMAGENET,9,main_b1000_tinyimagenet_alexnet_GEN_kp10_seed456,0.1,0.4083,0,False,0.1,alexnet,False,0,0,,,,,,,,,9,0.1,TINYIMAGENET_alexnet_GEN_accuracy_kp1000_seed456,456,8000,9,42,accuracy,100456,0.4083,4,3.0070160746574404,14.300037883222103,10,3.0070160746574404,valid,0.40587898010121115,0.419488734878856,0.4083,100456
GEN,0.4187,3,3,initial,,,TINYIMAGENET,10,main_b1000_tinyimagenet_alexnet_GEN_kp10_seed456,0.1,0.41225,0,False,0.1,alexnet,False,0,0,,,,,,,,,10,0.1,TINYIMAGENET_alexnet_GEN_accuracy_kp1000_seed456,456,8000,10,42,accuracy,100456,0.41225,5,2.9903076084136964,14.237089805305004,10,2.9903076084136964,valid,0.40807673810212736,0.41533821854389275,0.41224999999999995,100456
GEN,0.4187,3,3,offspring,7194,7200,TINYIMAGENET,11,main_b1000_tinyimagenet_alexnet_GEN_kp10_seed456,0.1,0.41135,1,False,0.1,alexnet,False,0,0,1,0.4187,3,3,0.41535,5,5,14394,2,0.1,TINYIMAGENET_alexnet_GEN_accuracy_kp1000_seed456,456,8000,11,42,accuracy,100456,0.41135,4,2.9888960168838503,14.246047236025333,10,2.9888960168838503,valid,0.4071398497252266,0.4184787695317864,0.41135,100456
GEN,0.4187,3,3,offspring,7200,7194,TINYIMAGENET,12,main_b1000_tinyimagenet_alexnet_GEN_kp10_seed456,0.1,0.41325,1,False,0.1,alexnet,False,0,0,2,0.4187,3,3,0.41535,5,5,14394,3,0.1,TINYIMAGENET_alexnet_GEN_accuracy_kp1000_seed456,456,8000,12,42,accuracy,100456,0.41325,4,2.953464571094513,14.318544447422028,10,2.953464571094513,valid,0.4095202475335945,0.42285339380986287,0.41325,100456
GEN,0.4187,3,3,offspring,7340,7150,TINYIMAGENET,13,main_b1000_tinyimagenet_alexnet_GEN_kp10_seed456,0.1,0.41145,1,False,0.1,alexnet,False,0,0,1,0.4115,4,4,0.41415,6,6,14490,4,0.1,TINYIMAGENET_alexnet_GEN_accuracy_kp1000_seed456,456,8000,13,42,accuracy,100456,0.41145,4,3.005914292526245,14.40025395900011,10,3.005914292526245,valid,0.40809630574407874,0.4227794269048988,0.41145000000000004,100456
GEN,0.4187,3,3,offspring,7150,7340,TINYIMAGENET,14,main_b1000_tinyimagenet_alexnet_GEN_kp10_seed456,0.1,0.41225,1,False,0.1,alexnet,True,800,400,2,0.4115,4,4,0.41415,6,6,14490,5,0.1,TINYIMAGENET_alexnet_GEN_accuracy_kp1000_seed456,456,8000,14,42,accuracy,100456,0.41225,5,2.982459867668152,14.432409226894379,10,2.982459867668152,valid,0.4087640125769115,0.41690539276393396,0.41225,100456
GEN,0.4187,3,3,offspring,7312,7094,TINYIMAGENET,15,main_b1000_tinyimagenet_alexnet_GEN_kp10_seed456,0.1,0.40825,1,False,0.1,alexnet,False,0,0,1,0.41315,2,2,0.4187,3,3,14406,6,0.1,TINYIMAGENET_alexnet_GEN_accuracy_kp1000_seed456,456,8000,15,42,accuracy,100456,0.40825,4,3.011294669818878,11.270779393613338,10,3.011294669818878,valid,0.4046596157741422,0.4163909434097285,0.40825,100456
GEN,0.4187,3,3,offspring,7094,7312,TINYIMAGENET,16,main_b1000_tinyimagenet_alexnet_GEN_kp10_seed456,0.1,0.4158,1,False,0.1,alexnet,False,0,0,2,0.41315,2,2,0.4187,3,3,14406,7,0.1,TINYIMAGENET_alexnet_GEN_accuracy_kp1000_seed456,456,8000,16,42,accuracy,100456,0.4158,4,2.9468586223602293,11.346228018403053,10,2.9468586223602293,valid,0.4138254101827954,0.4259383314985765,0.4158,100456
GEN,0.4187,3,3,offspring,7102,7240,TINYIMAGENET,17,main_b1000_tinyimagenet_alexnet_GEN_kp10_seed456,0.1,0.4161,1,False,0.1,alexnet,False,0,0,1,0.41315,2,2,0.41535,5,5,14342,8,0.1,TINYIMAGENET_alexnet_GEN_accuracy_kp1000_seed456,456,8000,17,42,accuracy,100456,0.4161,4,2.9656736000537873,11.262577302753925,10,2.9656736000537873,valid,0.41277762727679557,0.42601579220449465,0.41609999999999997,100456
GEN,0.4187,3,3,offspring,7240,7102,TINYIMAGENET,18,main_b1000_tinyimagenet_alexnet_GEN_kp10_seed456,0.1,0.41005,1,False,0.1,alexnet,False,0,0,2,0.41315,2,2,0.41535,5,5,14342,9,0.1,TINYIMAGENET_alexnet_GEN_accuracy_kp1000_seed456,456,8000,18,42,accuracy,100456,0.41005,4,2.9975511010169984,11.276068590581417,10,2.9975511010169984,valid,0.4071720513767206,0.41994475173990237,0.41004999999999997,100456
GEN,0.4187,3,3,offspring,7222,7236,TINYIMAGENET,19,main_b1000_tinyimagenet_alexnet_GEN_kp10_seed456,0.1,0.41145,1,False,0.1,alexnet,False,0,0,1,0.41535,5,5,0.41225,10,10,14458,10,0.1,TINYIMAGENET_alexnet_GEN_accuracy_kp1000_seed456,456,8000,19,42,accuracy,100456,0.41145,5,2.98088993973732,11.311641052365303,10,2.98088993973732,valid,0.40937771124826045,0.4207048186366713,0.41145000000000004,100456
GEN,0.4187,3,3,offspring,7268,7174,TINYIMAGENET,20,main_b1000_tinyimagenet_alexnet_GEN_kp10_seed456,0.1,0.41115,2,False,0.1,alexnet,False,0,0,1,0.41225,14,5,0.4161,17,8,14442,2,0.1,TINYIMAGENET_alexnet_GEN_accuracy_kp1000_seed456,456,8000,20,42,accuracy,100456,0.41115,4,2.955036434364319,10.92865514755249,10,2.955036434364319,valid,0.4098692400648966,0.42445157283921453,0.41115000000000007,100456
GEN,0.4187,3,3,offspring,7174,7268,TINYIMAGENET,21,main_b1000_tinyimagenet_alexnet_GEN_kp10_seed456,0.1,0.41135,2,False,0.1,alexnet,False,0,0,2,0.41225,14,5,0.4161,17,8,14442,3,0.1,TINYIMAGENET_alexnet_GEN_accuracy_kp1000_seed456,456,8000,21,42,accuracy,100456,0.41135,4,2.9702337040901186,14.266465067863464,10,2.9702337040901186,valid,0.40905954418183954,0.4212695721668655,0.41135,100456
GEN,0.4187,3,3,offspring,7200,7222,TINYIMAGENET,22,main_b1000_tinyimagenet_alexnet_GEN_kp10_seed456,0.1,0.4144,2,False,0.1,alexnet,False,0,0,1,0.41145,19,10,0.4187,3,1,14422,4,0.1,TINYIMAGENET_alexnet_GEN_accuracy_kp1000_seed456,456,8000,22,42,accuracy,100456,0.4144,4,2.965578005504608,14.137629605829716,10,2.965578005504608,valid,0.4100554874372484,0.4218395502331177,0.4144,100456
GEN,0.4187,3,3,offspring,7222,7200,TINYIMAGENET,23,main_b1000_tinyimagenet_alexnet_GEN_kp10_seed456,0.1,0.4061,2,False,0.1,alexnet,True,800,400,2,0.41145,19,10,0.4187,3,1,14422,5,0.1,TINYIMAGENET_alexnet_GEN_accuracy_kp1000_seed456,456,8000,23,42,accuracy,100456,0.4061,4,3.0108528742790224,14.279481381177902,10,3.0108528742790224,valid,0.40316209503012956,0.41745197965726305,0.4061,100456
GEN,0.4187,3,3,offspring,7370,7052,TINYIMAGENET,24,main_b1000_tinyimagenet_alexnet_GEN_kp10_seed456,0.1,0.4119,2,False,0.1,alexnet,False,0,0,1,0.4187,3,1,0.41145,19,10,14422,6,0.1,TINYIMAGENET_alexnet_GEN_accuracy_kp1000_seed456,456,8000,24,42,accuracy,100456,0.4119,4,2.9604269854545593,14.17645314335823,10,2.9604269854545593,valid,0.40730291592523105,0.42027573418684505,0.4119,100456
GEN,0.4187,3,3,offspring,7052,7370,TINYIMAGENET,25,main_b1000_tinyimagenet_alexnet_GEN_kp10_seed456,0.1,0.41095,2,False,0.1,alexnet,False,0,0,2,0.4187,3,1,0.41145,19,10,14422,7,0.1,TINYIMAGENET_alexnet_GEN_accuracy_kp1000_seed456,456,8000,25,42,accuracy,100456,0.41095,4,2.9957067644119264,11.166271194815636,10,2.9957067644119264,valid,0.40835507593555576,0.42470893563226136,0.41095,100456
GEN,0.4187,3,3,offspring,3668,3532,TINYIMAGENET,26,main_b1000_tinyimagenet_alexnet_GEN_kp10_seed456,0.1,0.41395,2,False,0.1,alexnet,False,0,0,1,0.4187,3,1,0.41325,12,3,7200,8,0.1,TINYIMAGENET_alexnet_GEN_accuracy_kp1000_seed456,456,8000,26,42,accuracy,100456,0.41395,4,2.956400855255127,11.351732924580574,10,2.956400855255127,valid,0.4103894043950572,0.4263972456041115,0.41395,100456
GEN,0.4187,3,3,offspring,3532,3668,TINYIMAGENET,27,main_b1000_tinyimagenet_alexnet_GEN_kp10_seed456,0.1,0.41715,2,False,0.1,alexnet,False,0,0,2,0.4187,3,1,0.41325,12,3,7200,9,0.1,TINYIMAGENET_alexnet_GEN_accuracy_kp1000_seed456,456,8000,27,42,accuracy,100456,0.41715,5,2.96967469329834,11.306157141923904,10,2.96967469329834,valid,0.411649846031551,0.4170757096279254,0.41715,100456
GEN,0.4187,3,3,offspring,5294,5558,TINYIMAGENET,28,main_b1000_tinyimagenet_alexnet_GEN_kp10_seed456,0.1,0.41515,2,False,0.1,alexnet,False,0,0,1,0.4158,16,7,0.41325,12,3,10852,10,0.1,TINYIMAGENET_alexnet_GEN_accuracy_kp1000_seed456,456,8000,28,42,accuracy,100456,0.41515,4,2.986334085607529,14.091274678707123,10,2.986334085607529,valid,0.41173305647844843,0.4244005330113781,0.41515,100456
GEN,0.4187,3,3,offspring,3634,3588,TINYIMAGENET,29,main_b1000_tinyimagenet_alexnet_GEN_kp10_seed456,0.1,0.411,3,False,0.1,alexnet,False,0,0,1,0.4187,3,1,0.4144,22,4,7222,2,0.1,TINYIMAGENET_alexnet_GEN_accuracy_kp1000_seed456,456,8000,29,42,accuracy,100456,0.411,4,2.9877755717277528,14.037081055343151,10,2.9877755717277528,valid,0.40727008683049154,0.4205428530552126,0.41100000000000003,100456
GEN,0.4187,3,3,offspring,3588,3634,TINYIMAGENET,30,main_b1000_tinyimagenet_alexnet_GEN_kp10_seed456,0.1,0.4159,3,False,0.1,alexnet,False,0,0,2,0.4187,3,1,0.4144,22,4,7222,3,0.1,TINYIMAGENET_alexnet_GEN_accuracy_kp1000_seed456,456,8000,30,42,accuracy,100456,0.4159,4,2.9634636240959167,14.097472131252289,10,2.9634636240959167,valid,0.4122706264777364,0.4244280671225001,0.41590000000000005,100456
GEN,0.4187,3,3,offspring,4048,4240,TINYIMAGENET,31,main_b1000_tinyimagenet_alexnet_GEN_kp10_seed456,0.1,0.4152,3,False,0.1,alexnet,False,0,0,1,0.4119,24,6,0.41395,26,8,8288,4,0.1,TINYIMAGENET_alexnet_GEN_accuracy_kp1000_seed456,456,8000,31,42,accuracy,100456,0.4152,4,2.9330167290687563,11.29345365613699,10,2.9330167290687563,valid,0.4125797163906412,0.4236354645956332,0.4152,100456
GEN,0.4187,3,3,offspring,4240,4048,TINYIMAGENET,32,main_b1000_tinyimagenet_alexnet_GEN_kp10_seed456,0.1,0.41495,3,False,0.1,alexnet,False,0,0,2,0.4119,24,6,0.41395,26,8,8288,5,0.1,TINYIMAGENET_alexnet_GEN_accuracy_kp1000_seed456,456,8000,32,42,accuracy,100456,0.41495,4,2.9643265922546385,11.136630147695541,10,2.9643265922546385,valid,0.4122638534136112,0.4271559087771226,0.41495000000000004,100456
GEN,0.4187,3,3,offspring,4976,4988,TINYIMAGENET,33,main_b1000_tinyimagenet_alexnet_GEN_kp10_seed456,0.1,0.4149,3,False,0.1,alexnet,False,0,0,1,0.41515,28,10,0.4144,22,4,9964,6,0.1,TINYIMAGENET_alexnet_GEN_accuracy_kp1000_seed456,456,8000,33,42,accuracy,100456,0.4149,4,2.991076206636429,11.225791409611702,10,2.991076206636429,valid,0.4112552277310224,0.4244795591360844,0.41490000000000005,100456
GEN,0.4187,3,3,offspring,4988,4976,TINYIMAGENET,34,main_b1000_tinyimagenet_alexnet_GEN_kp10_seed456,0.1,0.41255,3,False,0.1,alexnet,False,0,0,2,0.41515,28,10,0.4144,22,4,9964,7,0.1,TINYIMAGENET_alexnet_GEN_accuracy_kp1000_seed456,456,8000,34,42,accuracy,100456,0.41255,4,2.96444566116333,11.183655239641666,10,2.96444566116333,valid,0.40980503433278015,0.4215784635681183,0.41255,100456
GEN,0.4187,3,3,offspring,1762,1770,TINYIMAGENET,35,main_b1000_tinyimagenet_alexnet_GEN_kp10_seed456,0.1,0.4121,3,False,0.1,alexnet,False,0,0,1,0.41715,27,9,0.4187,3,1,3532,8,0.1,TINYIMAGENET_alexnet_GEN_accuracy_kp1000_seed456,456,8000,35,42,accuracy,100456,0.4121,4,2.9597690631866453,11.338080763816833,10,2.9597690631866453,valid,0.407890029043539,0.419858339149438,0.4121,100456
GEN,0.4198,36,36,offspring,1770,1762,TINYIMAGENET,36,main_b1000_tinyimagenet_alexnet_GEN_kp10_seed456,0.1,0.4198,3,True,0.1,alexnet,False,0,0,2,0.41715,27,9,0.4187,3,1,3532,9,0.1,TINYIMAGENET_alexnet_GEN_accuracy_kp1000_seed456,456,8000,36,42,accuracy,100456,0.4198,4,2.94641429772377,11.256528086960316,10,2.94641429772377,valid,0.41569176107235495,0.42587174479160994,0.41979999999999995,100456
GEN,0.4198,36,36,offspring,6700,6858,TINYIMAGENET,37,main_b1000_tinyimagenet_alexnet_GEN_kp10_seed456,0.1,0.41405,3,False,0.1,alexnet,True,800,400,1,0.41715,27,9,0.41135,21,3,13558,10,0.1,TINYIMAGENET_alexnet_GEN_accuracy_kp1000_seed456,456,8000,37,42,accuracy,100456,0.41405,4,2.979499182701111,14.248635523021221,10,2.979499182701111,valid,0.4119613457303983,0.4242449643794921,0.41405000000000003,100456
GEN,0.4198,36,36,offspring,1810,1778,TINYIMAGENET,38,main_b1000_tinyimagenet_alexnet_GEN_kp10_seed456,0.1,0.41645,4,False,0.1,alexnet,True,800,400,1,0.4187,3,1,0.4159,30,3,3588,2,0.1,TINYIMAGENET_alexnet_GEN_accuracy_kp1000_seed456,456,8000,38,42,accuracy,100456,0.41645,4,2.971494532585144,14.146457865834236,10,2.971494532585144,valid,0.4122022830248626,0.42546175187550916,0.41645,100456
GEN,0.4198,36,36,offspring,1778,1810,TINYIMAGENET,39,main_b1000_tinyimagenet_alexnet_GEN_kp10_seed456,0.1,0.4085,4,False,0.1,alexnet,True,800,400,2,0.4187,3,1,0.4159,30,3,3588,3,0.1,TINYIMAGENET_alexnet_GEN_accuracy_kp1000_seed456,456,8000,39,42,accuracy,100456,0.4085,4,2.9733730630874633,14.234619595110416,10,2.9733730630874633,valid,0.4040503011207626,0.4158101639598024,0.40850000000000003,100456
GEN,0.4198,36,36,offspring,3304,3182,TINYIMAGENET,40,main_b1000_tinyimagenet_alexnet_GEN_kp10_seed456,0.1,0.4114,4,False,0.1,alexnet,False,0,0,1,0.4159,30,3,0.41495,32,5,6486,4,0.1,TINYIMAGENET_alexnet_GEN_accuracy_kp1000_seed456,456,8000,40,42,accuracy,100456,0.4114,4,2.9613445592880248,14.246924348175526,10,2.9613445592880248,valid,0.40730547735788436,0.42270395996221777,0.4114,100456
GEN,0.4198,36,36,offspring,3182,3304,TINYIMAGENET,41,main_b1000_tinyimagenet_alexnet_GEN_kp10_seed456,0.1,0.41865,4,False,0.1,alexnet,False,0,0,2,0.4159,30,3,0.41495,32,5,6486,5,0.1,TINYIMAGENET_alexnet_GEN_accuracy_kp1000_seed456,456,8000,41,42,accuracy,100456,0.41865,5,2.9752329334259033,14.186357446014881,10,2.9752329334259033,valid,0.41458710623380524,0.4246887302664347,0.41864999999999997,100456
GEN,0.4198,36,36,offspring,2348,2326,TINYIMAGENET,42,main_b1000_tinyimagenet_alexnet_GEN_kp10_seed456,0.1,0.41425,4,False,0.1,alexnet,False,0,0,1,0.4159,30,3,0.4198,36,9,4674,6,0.1,TINYIMAGENET_alexnet_GEN_accuracy_kp1000_seed456,456,8000,42,42,accuracy,100456,0.41425,5,2.9724253556251528,11.18633284419775,10,2.9724253556251528,valid,0.4102738709904882,0.4178924378126837,0.41424999999999995,100456
GEN,0.4198,36,36,offspring,2326,2348,TINYIMAGENET,43,main_b1000_tinyimagenet_alexnet_GEN_kp10_seed456,0.1,0.41715,4,False,0.1,alexnet,True,800,400,2,0.4159,30,3,0.4198,36,9,4674,7,0.1,TINYIMAGENET_alexnet_GEN_accuracy_kp1000_seed456,456,8000,43,42,accuracy,100456,0.41715,4,2.942532291698456,11.225312605500221,10,2.942532291698456,valid,0.4130294911095499,0.42467891676931613,0.41715,100456
GEN,0.4198,36,36,offspring,870,892,TINYIMAGENET,44,main_b1000_tinyimagenet_alexnet_GEN_kp10_seed456,0.1,0.4154,4,False,0.1,alexnet,False,0,0,1,0.4187,3,1,0.4198,36,9,1762,8,0.1,TINYIMAGENET_alexnet_GEN_accuracy_kp1000_seed456,456,8000,44,42,accuracy,100456,0.4154,4,2.960936363697052,11.242131806910038,10,2.960936363697052,valid,0.4120197987814883,0.4227154536622973,0.4154,100456
GEN,0.4198,36,36,offspring,892,870,TINYIMAGENET,45,main_b1000_tinyimagenet_alexnet_GEN_kp10_seed456,0.1,0.4149,4,False,0.1,alexnet,False,0,0,2,0.4187,3,1,0.4198,36,9,1762,9,0.1,TINYIMAGENET_alexnet_GEN_accuracy_kp1000_seed456,456,8000,45,42,accuracy,100456,0.4149,4,2.967582816886902,11.270938567817211,10,2.967582816886902,valid,0.4105075657460797,0.4212541716711614,0.41490000000000005,100456
GEN,0.4198,36,36,offspring,3076,2974,TINYIMAGENET,46,main_b1000_tinyimagenet_alexnet_GEN_kp10_seed456,0.1,0.41275,4,False,0.1,alexnet,False,0,0,1,0.4149,33,6,0.4159,30,3,6050,10,0.1,TINYIMAGENET_alexnet_GEN_accuracy_kp1000_seed456,456,8000,46,42,accuracy,100456,0.41275,4,2.9708565520763397,11.241912886500359,10,2.9708565520763397,valid,0.40984805712406924,0.42377285889558935,0.41275000000000006,100456
GEN,0.4198,36,36,offspring,2502,2492,TINYIMAGENET,47,main_b1000_tinyimagenet_alexnet_GEN_kp10_seed456,0.1,0.41285,5,False,0.1,alexnet,False,0,0,1,0.41865,41,5,0.41715,43,7,4994,2,0.1,TINYIMAGENET_alexnet_GEN_accuracy_kp1000_seed456,456,8000,47,42,accuracy,100456,0.41285,4,2.9609205422878264,11.073965430259705,10,2.9609205422878264,valid,0.41074857796783903,0.4256954016642448,0.41285000000000005,100456
GEN,0.4198,36,36,offspring,2492,2502,TINYIMAGENET,48,main_b1000_tinyimagenet_alexnet_GEN_kp10_seed456,0.1,0.41895,5,False,0.1,alexnet,False,0,0,2,0.41865,41,5,0.41715,43,7,4994,3,0.1,TINYIMAGENET_alexnet_GEN_accuracy_kp1000_seed456,456,8000,48,42,accuracy,100456,0.41895,4,2.9455470735549927,11.113258011639118,10,2.9455470735549927,valid,0.413995127813084,0.42415725384147235,0.41894999999999993,100456
GEN,0.4198,36,36,offspring,1260,1254,TINYIMAGENET,49,main_b1000_tinyimagenet_alexnet_GEN_kp10_seed456,0.1,0.41555,5,False,0.1,alexnet,False,0,0,1,0.41425,42,6,0.4154,44,8,2514,4,0.1,TINYIMAGENET_alexnet_GEN_accuracy_kp1000_seed456,456,8000,49,42,accuracy,100456,0.41555,4,2.943739582204819,11.271345146000385,10,2.943739582204819,valid,0.4126359719663381,0.4241562462351308,0.41555,100456
GEN,0.4198,36,36,offspring,1254,1260,TINYIMAGENET,50,main_b1000_tinyimagenet_alexnet_GEN_kp10_seed456,0.1,0.4171,5,False,0.1,alexnet,False,0,0,2,0.41425,42,6,0.4154,44,8,2514,5,0.1,TINYIMAGENET_alexnet_GEN_accuracy_kp1000_seed456,456,8000,50,42,accuracy,100456,0.4171,5,2.9711769378662107,11.26004483550787,10,2.9711769378662107,valid,0.41268707745830413,0.4203321357023812,0.4171000000000001,100456
GEN,0.4198,36,36,offspring,2510,2484,TINYIMAGENET,51,main_b1000_tinyimagenet_alexnet_GEN_kp10_seed456,0.1,0.41255,5,False,0.1,alexnet,False,0,0,1,0.41865,41,5,0.41715,43,7,4994,6,0.1,TINYIMAGENET_alexnet_GEN_accuracy_kp1000_seed456,456,8000,51,42,accuracy,100456,0.41255,4,2.9629637164115907,11.213276535272598,10,2.9629637164115907,valid,0.40808333044975487,0.4200400116155798,0.41255000000000003,100456
GEN,0.4198,36,36,offspring,2484,2510,TINYIMAGENET,52,main_b1000_tinyimagenet_alexnet_GEN_kp10_seed456,0.1,0.41355,5,False,0.1,alexnet,False,0,0,2,0.41865,41,5,0.41715,43,7,4994,7,0.1,TINYIMAGENET_alexnet_GEN_accuracy_kp1000_seed456,456,8000,52,42,accuracy,100456,0.41355,4,2.9424219408512116,11.171258054673672,10,2.9424219408512116,valid,0.4105025613331509,0.4250210410249349,0.41355000000000003,100456
GEN,0.4198,36,36,offspring,2574,2484,TINYIMAGENET,53,main_b1000_tinyimagenet_alexnet_GEN_kp10_seed456,0.1,0.4158,5,False,0.1,alexnet,False,0,0,1,0.4154,44,8,0.41865,41,5,5058,8,0.1,TINYIMAGENET_alexnet_GEN_accuracy_kp1000_seed456,456,8000,53,42,accuracy,100456,0.4158,4,2.9461595477104185,11.216840103268623,10,2.9461595477104185,valid,0.4118204740922466,0.4229747196724372,0.4158,100456
GEN,0.4198,36,36,offspring,2484,2574,TINYIMAGENET,54,main_b1000_tinyimagenet_alexnet_GEN_kp10_seed456,0.1,0.4141,5,False,0.1,alexnet,False,0,0,2,0.4154,44,8,0.41865,41,5,5058,9,0.1,TINYIMAGENET_alexnet_GEN_accuracy_kp1000_seed456,456,8000,54,42,accuracy,100456,0.4141,4,2.964308099746704,11.143456064164639,10,2.964308099746704,valid,0.40931548695556386,0.4204130919985122,0.41409999999999997,100456
GEN,0.4198,36,36,offspring,2220,2198,TINYIMAGENET,55,main_b1000_tinyimagenet_alexnet_GEN_kp10_seed456,0.1,0.41055,5,False,0.1,alexnet,False,0,0,1,0.41865,41,5,0.41645,38,2,4418,10,0.1,TINYIMAGENET_alexnet_GEN_accuracy_kp1000_seed456,456,8000,55,42,accuracy,100456,0.41055,4,2.970120760059357,11.19145629554987,10,2.970120760059357,valid,0.4069097542964395,0.42057277503007157,0.41054999999999997,100456
GEN,0.4198,36,36,offspring,804,806,TINYIMAGENET,56,main_b1000_tinyimagenet_alexnet_GEN_kp10_seed456,0.1,0.41335,6,False,0.1,alexnet,False,0,0,1,0.4171,50,5,0.4198,36,1,1610,2,0.1,TINYIMAGENET_alexnet_GEN_accuracy_kp1000_seed456,456,8000,56,42,accuracy,100456,0.41335,4,2.9635683767318723,11.115087248384953,10,2.9635683767318723,valid,0.4089701016602146,0.42246258548529453,0.4133500000000001,100456
GEN,0.4198,36,36,offspring,806,804,TINYIMAGENET,57,main_b1000_tinyimagenet_alexnet_GEN_kp10_seed456,0.1,0.4138,6,False,0.1,alexnet,False,0,0,2,0.4171,50,5,0.4198,36,1,1610,3,0.1,TINYIMAGENET_alexnet_GEN_accuracy_kp1000_seed456,456,8000,57,42,accuracy,100456,0.4138,4,2.9709549787044525,11.103207565844059,10,2.9709549787044525,valid,0.40988522004130457,0.42097217741832893,0.4138,100456
GEN,0.4198,36,36,offspring,2162,2196,TINYIMAGENET,58,main_b1000_tinyimagenet_alexnet_GEN_kp10_seed456,0.1,0.41265,6,False,0.1,alexnet,False,0,0,1,0.4198,36,1,0.41895,48,3,4358,4,0.1,TINYIMAGENET_alexnet_GEN_accuracy_kp1000_seed456,456,8000,58,42,accuracy,100456,0.41265,4,2.9578863673210143,11.258746966719627,10,2.9578863673210143,valid,0.409129594767425,0.42158406179477753,0.41265,100456
GEN,0.4198,36,36,offspring,2196,2162,TINYIMAGENET,59,main_b1000_tinyimagenet_alexnet_GEN_kp10_seed456,0.1,0.4136,6,False,0.1,alexnet,True,800,400,2,0.4198,36,1,0.41895,48,3,4358,5,0.1,TINYIMAGENET_alexnet_GEN_accuracy_kp1000_seed456,456,8000,59,42,accuracy,100456,0.4136,4,2.9845045040130613,11.246669553220272,10,2.9845045040130613,valid,0.4105532270551342,0.4246021567209886,0.41359999999999997,100456
GEN,0.4198,36,36,offspring,1448,1488,TINYIMAGENET,60,main_b1000_tinyimagenet_alexnet_GEN_kp10_seed456,0.1,0.4121,6,False,0.1,alexnet,False,0,0,1,0.41555,49,4,0.4141,54,9,2936,6,0.1,TINYIMAGENET_alexnet_GEN_accuracy_kp1000_seed456,456,8000,60,42,accuracy,100456,0.4121,4,2.96485799369812,11.209068030118942,10,2.96485799369812,valid,0.40818713217262903,0.4227903132720671,0.4121000000000001,100456
GEN,0.4198,36,36,offspring,1488,1448,TINYIMAGENET,61,main_b1000_tinyimagenet_alexnet_GEN_kp10_seed456,0.1,0.419,6,False,0.1,alexnet,False,0,0,2,0.41555,49,4,0.4141,54,9,2936,7,0.1,TINYIMAGENET_alexnet_GEN_accuracy_kp1000_seed456,456,8000,61,42,accuracy,100456,0.419,5,2.956921188020706,11.261876054108143,10,2.956921188020706,valid,0.41427370631452276,0.4207055094203229,0.41900000000000004,100456
GEN,0.4198,36,36,offspring,802,806,TINYIMAGENET,62,main_b1000_tinyimagenet_alexnet_GEN_kp10_seed456,0.1,0.41855,6,False,0.1,alexnet,False,0,0,1,0.4198,36,1,0.41555,49,4,1608,8,0.1,TINYIMAGENET_alexnet_GEN_accuracy_kp1000_seed456,456,8000,62,42,accuracy,100456,0.41855,5,2.968891541147232,11.31049619615078,10,2.968891541147232,valid,0.41462959617454986,0.42218345198310303,0.41855000000000003,100456
GEN,0.4198,36,36,offspring,806,802,TINYIMAGENET,63,main_b1000_tinyimagenet_alexnet_GEN_kp10_seed456,0.1,0.4111,6,False,0.1,alexnet,False,0,0,2,0.4198,36,1,0.41555,49,4,1608,9,0.1,TINYIMAGENET_alexnet_GEN_accuracy_kp1000_seed456,456,8000,63,42,accuracy,100456,0.4111,4,2.9580469974040984,11.219747714698315,10,2.9580469974040984,valid,0.4069377886693503,0.42008592115590704,0.4111,100456
GEN,0.4198,36,36,offspring,1764,1622,TINYIMAGENET,64,main_b1000_tinyimagenet_alexnet_GEN_kp10_seed456,0.1,0.413,6,False,0.1,alexnet,False,0,0,1,0.4141,54,9,0.41895,48,3,3386,10,0.1,TINYIMAGENET_alexnet_GEN_accuracy_kp1000_seed456,456,8000,64,42,accuracy,100456,0.413,4,2.9512487879753113,11.297158345580101,10,2.9512487879753113,valid,0.4107677431047745,0.4278261595906342,0.41300000000000003,100456
GEN,0.4198,36,36,offspring,1864,1888,TINYIMAGENET,65,main_b1000_tinyimagenet_alexnet_GEN_kp10_seed456,0.1,0.41365,7,False,0.1,alexnet,False,0,0,1,0.419,61,7,0.4136,59,5,3752,2,0.1,TINYIMAGENET_alexnet_GEN_accuracy_kp1000_seed456,456,8000,65,42,accuracy,100456,0.41365,4,2.991631950092316,11.217014774680138,10,2.991631950092316,valid,0.4099578187316267,0.42187799244539315,0.41365,100456
GEN,0.4198,36,36,offspring,1888,1864,TINYIMAGENET,66,main_b1000_tinyimagenet_alexnet_GEN_kp10_seed456,0.1,0.41625,7,False,0.1,alexnet,True,800,400,2,0.419,61,7,0.4136,59,5,3752,3,0.1,TINYIMAGENET_alexnet_GEN_accuracy_kp1000_seed456,456,8000,66,42,accuracy,100456,0.41625,4,2.9559021886825563,11.20729111135006,10,2.9559021886825563,valid,0.4124232997370935,0.42389759496256146,0.41625,100456
GEN,0.4198,36,36,offspring,1896,1856,TINYIMAGENET,67,main_b1000_tinyimagenet_alexnet_GEN_kp10_seed456,0.1,0.4154,7,False,0.1,alexnet,False,0,0,1,0.419,61,7,0.4136,59,5,3752,4,0.1,TINYIMAGENET_alexnet_GEN_accuracy_kp1000_seed456,456,8000,67,42,accuracy,100456,0.4154,4,2.971863398885727,11.072001054883003,10,2.971863398885727,valid,0.4108842496206316,0.42172039930477295,0.4154,100456
GEN,0.4198,36,36,offspring,1856,1896,TINYIMAGENET,68,main_b1000_tinyimagenet_alexnet_GEN_kp10_seed456,0.1,0.41315,7,False,0.1,alexnet,False,0,0,2,0.419,61,7,0.4136,59,5,3752,5,0.1,TINYIMAGENET_alexnet_GEN_accuracy_kp1000_seed456,456,8000,68,42,accuracy,100456,0.41315,4,2.9585648844718935,11.295197241008282,10,2.9585648844718935,valid,0.4085771909577039,0.4205243664779428,0.41314999999999996,100456
GEN,0.4198,36,36,offspring,426,376,TINYIMAGENET,69,main_b1000_tinyimagenet_alexnet_GEN_kp10_seed456,0.1,0.4167,7,False,0.1,alexnet,True,800,400,1,0.41855,62,8,0.4198,36,1,802,6,0.1,TINYIMAGENET_alexnet_GEN_accuracy_kp1000_seed456,456,8000,69,42,accuracy,100456,0.4167,4,2.9754458577156067,11.372107930481434,10,2.9754458577156067,valid,0.4114270374228049,0.42469906660673856,0.4167,100456
GEN,0.4198,36,36,offspring,376,426,TINYIMAGENET,70,main_b1000_tinyimagenet_alexnet_GEN_kp10_seed456,0.1,0.41255,7,False,0.1,alexnet,False,0,0,2,0.41855,62,8,0.4198,36,1,802,7,0.1,TINYIMAGENET_alexnet_GEN_accuracy_kp1000_seed456,456,8000,70,42,accuracy,100456,0.41255,4,2.9745150374412535,11.236829899251461,10,2.9745150374412535,valid,0.40785996105469197,0.4189310055757403,0.41255,100456
GEN,0.4198,36,36,offspring,1228,1148,TINYIMAGENET,71,main_b1000_tinyimagenet_alexnet_GEN_kp10_seed456,0.1,0.41395,7,False,0.1,alexnet,False,0,0,1,0.419,61,7,0.4198,36,1,2376,8,0.1,TINYIMAGENET_alexnet_GEN_accuracy_kp1000_seed456,456,8000,71,42,accuracy,100456,0.41395,4,2.9744744578838347,11.168349236249924,10,2.9744744578838347,valid,0.41025090338634274,0.42388635645407113,0.41395000000000004,100456
GEN,0.4198,36,36,offspring,1148,1228,TINYIMAGENET,72,main_b1000_tinyimagenet_alexnet_GEN_kp10_seed456,0.1,0.4114,7,False,0.1,alexnet,True,800,400,2,0.419,61,7,0.4198,36,1,2376,9,0.1,TINYIMAGENET_alexnet_GEN_accuracy_kp1000_seed456,456,8000,72,42,accuracy,100456,0.4114,4,2.9710067733764647,11.231672324240208,10,2.9710067733764647,valid,0.4079710243740239,0.42260660908654246,0.4114,100456
GEN,0.4198,36,36,offspring,1170,1206,TINYIMAGENET,73,main_b1000_tinyimagenet_alexnet_GEN_kp10_seed456,0.1,0.41085,7,False,0.1,alexnet,True,800,400,1,0.419,61,7,0.4198,36,1,2376,10,0.1,TINYIMAGENET_alexnet_GEN_accuracy_kp1000_seed456,456,8000,73,42,accuracy,100456,0.41085,4,2.98254134888649,11.218693159520626,10,2.98254134888649,valid,0.4074552551672416,0.4196318945238868,0.41085,100456
GEN,0.4198,36,36,offspring,606,554,TINYIMAGENET,74,main_b1000_tinyimagenet_alexnet_GEN_kp10_seed456,0.1,0.414,8,False,0.1,alexnet,False,0,0,1,0.4198,36,1,0.4167,69,6,1160,2,0.1,TINYIMAGENET_alexnet_GEN_accuracy_kp1000_seed456,456,8000,74,42,accuracy,100456,0.414,4,2.961008100795746,11.19398494809866,10,2.961008100795746,valid,0.4106055300141226,0.42211799722840654,0.41400000000000003,100456
GEN,0.4198,36,36,offspring,554,606,TINYIMAGENET,75,main_b1000_tinyimagenet_alexnet_GEN_kp10_seed456,0.1,0.41805,8,False,0.1,alexnet,False,0,0,2,0.4198,36,1,0.4167,69,6,1160,3,0.1,TINYIMAGENET_alexnet_GEN_accuracy_kp1000_seed456,456,8000,75,42,accuracy,100456,0.41805,4,2.9476769960403444,11.156840436160564,10,2.9476769960403444,valid,0.4140117703499939,0.4240338915265856,0.41805,100456
GEN,0.4198,36,36,offspring,1442,1496,TINYIMAGENET,76,main_b1000_tinyimagenet_alexnet_GEN_kp10_seed456,0.1,0.4146,8,False,0.1,alexnet,False,0,0,1,0.41625,66,3,0.41395,71,8,2938,4,0.1,TINYIMAGENET_alexnet_GEN_accuracy_kp1000_seed456,456,8000,76,42,accuracy,100456,0.4146,4,2.9531441074848175,11.273134805262089,10,2.9531441074848175,valid,0.41191220373034526,0.4245716308927597,0.4146,100456
GEN,0.4198,36,36,offspring,1496,1442,TINYIMAGENET,77,main_b1000_tinyimagenet_alexnet_GEN_kp10_seed456,0.1,0.414,8,False,0.1,alexnet,True,800,400,2,0.41625,66,3,0.41395,71,8,2938,5,0.1,TINYIMAGENET_alexnet_GEN_accuracy_kp1000_seed456,456,8000,77,42,accuracy,100456,0.414,4,2.955361499118805,11.308962605893612,10,2.955361499118805,valid,0.41036054548480044,0.4228217148814646,0.414,100456
GEN,0.4198,36,36,offspring,594,566,TINYIMAGENET,78,main_b1000_tinyimagenet_alexnet_GEN_kp10_seed456,0.1,0.4156,8,False,0.1,alexnet,False,0,0,1,0.4167,69,6,0.4198,36,1,1160,6,0.1,TINYIMAGENET_alexnet_GEN_accuracy_kp1000_seed456,456,8000,78,42,accuracy,100456,0.4156,4,2.9567689158439636,11.292496487498283,10,2.9567689158439636,valid,0.41158240099631077,0.42327800758155654,0.4156,100456
GEN,0.4209,79,79,offspring,566,594,TINYIMAGENET,79,main_b1000_tinyimagenet_alexnet_GEN_kp10_seed456,0.1,0.4209,8,True,0.1,alexnet,False,0,0,2,0.4167,69,6,0.4198,36,1,1160,7,0.1,TINYIMAGENET_alexnet_GEN_accuracy_kp1000_seed456,456,8000,79,42,accuracy,100456,0.4209,5,2.9722099487304687,11.225919485092163,10,2.9722099487304687,valid,0.4174811673242446,0.42667543180002193,0.42090000000000005,100456
GEN,0.4209,79,79,offspring,1998,1882,TINYIMAGENET,80,main_b1000_tinyimagenet_alexnet_GEN_kp10_seed456,0.1,0.41115,8,False,0.1,alexnet,True,800,400,1,0.4167,69,6,0.41625,66,3,3880,8,0.1,TINYIMAGENET_alexnet_GEN_accuracy_kp1000_seed456,456,8000,80,42,accuracy,100456,0.41115,4,2.9771932880401613,11.281895861029625,10,2.9771932880401613,valid,0.4065984503909775,0.4193947202023921,0.41115,100456
GEN,0.4209,79,79,offspring,1882,1998,TINYIMAGENET,81,main_b1000_tinyimagenet_alexnet_GEN_kp10_seed456,0.1,0.41615,8,False,0.1,alexnet,False,0,0,2,0.4167,69,6,0.41625,66,3,3880,9,0.1,TINYIMAGENET_alexnet_GEN_accuracy_kp1000_seed456,456,8000,81,42,accuracy,100456,0.41615,4,2.9666586139678954,11.16099862754345,10,2.9666586139678954,valid,0.411425279728186,0.42202089873894705,0.41615,100456
GEN,0.4209,79,79,offspring,578,582,TINYIMAGENET,82,main_b1000_tinyimagenet_alexnet_GEN_kp10_seed456,0.1,0.41255,8,False,0.1,alexnet,False,0,0,1,0.4198,36,1,0.4167,69,6,1160,10,0.1,TINYIMAGENET_alexnet_GEN_accuracy_kp1000_seed456,456,8000,82,42,accuracy,100456,0.41255,4,2.966164933347702,11.133358798921108,10,2.966164933347702,valid,0.4085583133641265,0.4211515391257407,0.41255,100456
GEN,0.4209,79,79,offspring,1006,1036,TINYIMAGENET,83,main_b1000_tinyimagenet_alexnet_GEN_kp10_seed456,0.1,0.4178,9,False,0.1,alexnet,False,0,0,1,0.41615,81,9,0.41805,75,3,2042,2,0.1,TINYIMAGENET_alexnet_GEN_accuracy_kp1000_seed456,456,8000,83,42,accuracy,100456,0.4178,4,2.9548330063819885,11.207607731223106,10,2.9548330063819885,valid,0.4139884614953435,0.42642100668622535,0.4178,100456
GEN,0.4209,79,79,offspring,1036,1006,TINYIMAGENET,84,main_b1000_tinyimagenet_alexnet_GEN_kp10_seed456,0.1,0.417,9,False,0.1,alexnet,False,0,0,2,0.41615,81,9,0.41805,75,3,2042,3,0.1,TINYIMAGENET_alexnet_GEN_accuracy_kp1000_seed456,456,8000,84,42,accuracy,100456,0.417,4,2.9786068858146666,11.198567934334278,10,2.9786068858146666,valid,0.4138220740228593,0.4264703041814461,0.41700000000000004,100456
GEN,0.4209,79,79,offspring,284,310,TINYIMAGENET,85,main_b1000_tinyimagenet_alexnet_GEN_kp10_seed456,0.1,0.41575,9,False,0.1,alexnet,False,0,0,1,0.4209,79,7,0.4198,36,1,594,4,0.1,TINYIMAGENET_alexnet_GEN_accuracy_kp1000_seed456,456,8000,85,42,accuracy,100456,0.41575,4,2.972930065584183,11.142513893544674,10,2.972930065584183,valid,0.4121466733444666,0.42386828978985136,0.41575,100456
GEN,0.4209,79,79,offspring,310,284,TINYIMAGENET,86,main_b1000_tinyimagenet_alexnet_GEN_kp10_seed456,0.1,0.4173,9,False,0.1,alexnet,False,0,0,2,0.4209,79,7,0.4198,36,1,594,5,0.1,TINYIMAGENET_alexnet_GEN_accuracy_kp1000_seed456,456,8000,86,42,accuracy,100456,0.4173,4,2.971461863565445,11.274203829467297,10,2.971461863565445,valid,0.41419250336404134,0.42934804956845646,0.41730000000000006,100456
GEN,0.4209,79,79,offspring,268,304,TINYIMAGENET,87,main_b1000_tinyimagenet_alexnet_GEN_kp10_seed456,0.1,0.41845,9,False,0.1,alexnet,False,0,0,1,0.41805,75,3,0.4209,79,7,572,6,0.1,TINYIMAGENET_alexnet_GEN_accuracy_kp1000_seed456,456,8000,87,42,accuracy,100456,0.41845,4,2.9673517619132994,11.259348273277283,10,2.9673517619132994,valid,0.41400181614075804,0.4258262303799451,0.41845,100456
GEN,0.4209,79,79,offspring,304,268,TINYIMAGENET,88,main_b1000_tinyimagenet_alexnet_GEN_kp10_seed456,0.1,0.41245,9,False,0.1,alexnet,False,0,0,2,0.41805,75,3,0.4209,79,7,572,7,0.1,TINYIMAGENET_alexnet_GEN_accuracy_kp1000_seed456,456,8000,88,42,accuracy,100456,0.41245,4,2.975463057041168,11.201211728155613,10,2.975463057041168,valid,0.40913589574638,0.4235951861916587,0.41245000000000004,100456
GEN,0.4209,79,79,offspring,292,280,TINYIMAGENET,89,main_b1000_tinyimagenet_alexnet_GEN_kp10_seed456,0.1,0.41555,9,False,0.1,alexnet,False,0,0,1,0.41805,75,3,0.4209,79,7,572,8,0.1,TINYIMAGENET_alexnet_GEN_accuracy_kp1000_seed456,456,8000,89,42,accuracy,100456,0.41555,4,2.9728026216983796,11.200323261320591,10,2.9728026216983796,valid,0.410598776574205,0.4229378649943796,0.41555,100456
GEN,0.4209,79,79,offspring,280,292,TINYIMAGENET,90,main_b1000_tinyimagenet_alexnet_GEN_kp10_seed456,0.1,0.4133,9,False,0.1,alexnet,False,0,0,2,0.41805,75,3,0.4209,79,7,572,9,0.1,TINYIMAGENET_alexnet_GEN_accuracy_kp1000_seed456,456,8000,90,42,accuracy,100456,0.4133,4,2.9744785033226013,11.260107107460499,10,2.9744785033226013,valid,0.4109350707095558,0.42585740828161234,0.4133,100456
GEN,0.4209,79,79,offspring,1018,1026,TINYIMAGENET,91,main_b1000_tinyimagenet_alexnet_GEN_kp10_seed456,0.1,0.4183,9,False,0.1,alexnet,False,0,0,1,0.41615,81,9,0.4209,79,7,2044,10,0.1,TINYIMAGENET_alexnet_GEN_accuracy_kp1000_seed456,456,8000,91,42,accuracy,100456,0.4183,5,2.98064294962883,11.160472616553307,10,2.98064294962883,valid,0.413959016534622,0.42142826528698263,0.4183,100456
GEN,0.4209,79,79,offspring,168,136,TINYIMAGENET,92,main_b1000_tinyimagenet_alexnet_GEN_kp10_seed456,0.1,0.4169,10,False,0.1,alexnet,True,800,400,1,0.4209,79,1,0.41845,87,6,304,2,0.1,TINYIMAGENET_alexnet_GEN_accuracy_kp1000_seed456,456,8000,92,42,accuracy,100456,0.4169,4,2.967937542629242,11.21209079772234,10,2.967937542629242,valid,0.4122552695228937,0.4242037145540591,0.4169,100456
GEN,0.4209,79,79,offspring,136,168,TINYIMAGENET,93,main_b1000_tinyimagenet_alexnet_GEN_kp10_seed456,0.1,0.4162,10,False,0.1,alexnet,False,0,0,2,0.4209,79,1,0.41845,87,6,304,3,0.1,TINYIMAGENET_alexnet_GEN_accuracy_kp1000_seed456,456,8000,93,42,accuracy,100456,0.4162,4,2.968485800266266,11.22599046677351,10,2.968485800266266,valid,0.4123020977428045,0.4258645529252136,0.41619999999999996,100456
GEN,0.4222,94,94,offspring,152,152,TINYIMAGENET,94,main_b1000_tinyimagenet_alexnet_GEN_kp10_seed456,0.1,0.4222,10,True,0.1,alexnet,False,0,0,1,0.4209,79,1,0.41845,87,6,304,4,0.1,TINYIMAGENET_alexnet_GEN_accuracy_kp1000_seed456,456,8000,94,42,accuracy,100456,0.4222,5,2.9809821265220644,11.278057895600796,10,2.9809821265220644,valid,0.4177929239401799,0.4268405902753403,0.4222000000000001,100456
GEN,0.4222,94,94,offspring,152,152,TINYIMAGENET,95,main_b1000_tinyimagenet_alexnet_GEN_kp10_seed456,0.1,0.4157,10,False,0.1,alexnet,True,800,400,2,0.4209,79,1,0.41845,87,6,304,5,0.1,TINYIMAGENET_alexnet_GEN_accuracy_kp1000_seed456,456,8000,95,42,accuracy,100456,0.4157,4,2.9614651263237,11.26625358313322,10,2.9614651263237,valid,0.41200993985726825,0.4247633690353038,0.4157,100456
GEN,0.4222,94,94,offspring,150,154,TINYIMAGENET,96,main_b1000_tinyimagenet_alexnet_GEN_kp10_seed456,0.1,0.41635,10,False,0.1,alexnet,False,0,0,1,0.41845,87,6,0.4209,79,1,304,6,0.1,TINYIMAGENET_alexnet_GEN_accuracy_kp1000_seed456,456,8000,96,42,accuracy,100456,0.41635,4,2.9603600343227385,11.17449800670147,10,2.9603600343227385,valid,0.4115557858307713,0.42310569847998136,0.41635,100456
GEN,0.4222,94,94,offspring,154,150,TINYIMAGENET,97,main_b1000_tinyimagenet_alexnet_GEN_kp10_seed456,0.1,0.41665,10,False,0.1,alexnet,False,0,0,2,0.41845,87,6,0.4209,79,1,304,7,0.1,TINYIMAGENET_alexnet_GEN_accuracy_kp1000_seed456,456,8000,97,42,accuracy,100456,0.41665,4,2.9656719142913817,11.287554390728474,10,2.9656719142913817,valid,0.41215543101005664,0.42713869576685737,0.41664999999999996,100456
GEN,0.4222,94,94,offspring,1016,1026,TINYIMAGENET,98,main_b1000_tinyimagenet_alexnet_GEN_kp10_seed456,0.1,0.4125,10,False,0.1,alexnet,False,0,0,1,0.417,84,3,0.4178,83,2,2042,8,0.1,TINYIMAGENET_alexnet_GEN_accuracy_kp1000_seed456,456,8000,98,42,accuracy,100456,0.4125,4,2.993673689699173,11.398581504821777,10,2.993673689699173,valid,0.40906095608875837,0.4262144679000868,0.4125,100456
GEN,0.4222,94,94,offspring,1026,1016,TINYIMAGENET,99,main_b1000_tinyimagenet_alexnet_GEN_kp10_seed456,0.1,0.41725,10,False,0.1,alexnet,False,0,0,2,0.417,84,3,0.4178,83,2,2042,9,0.1,TINYIMAGENET_alexnet_GEN_accuracy_kp1000_seed456,456,8000,99,42,accuracy,100456,0.41725,4,2.9598047141075132,11.316946975886822,10,2.9598047141075132,valid,0.41203960950800606,0.4233199466884574,0.41725,100456
GEN,0.4222,94,94,offspring,552,602,TINYIMAGENET,100,main_b1000_tinyimagenet_alexnet_GEN_kp10_seed456,0.1,0.4176,10,False,0.1,alexnet,False,0,0,1,0.41845,87,6,0.417,84,3,1154,10,0.1,TINYIMAGENET_alexnet_GEN_accuracy_kp1000_seed456,456,8000,100,42,accuracy,100456,0.4176,4,2.9696604828834534,11.03628408163786,10,2.9696604828834534,valid,0.4129996554552078,0.424968911914653,0.41759999999999997,100456
GEN,0.4222,94,94,offspring,82,70,TINYIMAGENET,101,main_b1000_tinyimagenet_alexnet_GEN_kp10_seed456,0.1,0.41325,11,False,0.1,alexnet,False,0,0,1,0.4209,79,1,0.4222,94,4,152,2,0.1,TINYIMAGENET_alexnet_GEN_accuracy_kp1000_seed456,456,8000,101,42,accuracy,100456,0.41325,4,2.9740350025177,11.262410700321198,10,2.9740350025177,valid,0.40946740900759465,0.4249047961884337,0.41324999999999995,100456
GEN,0.4222,94,94,offspring,70,82,TINYIMAGENET,102,main_b1000_tinyimagenet_alexnet_GEN_kp10_seed456,0.1,0.41485,11,False,0.1,alexnet,False,0,0,2,0.4209,79,1,0.4222,94,4,152,3,0.1,TINYIMAGENET_alexnet_GEN_accuracy_kp1000_seed456,456,8000,102,42,accuracy,100456,0.41485,4,2.9668766150951384,11.365434475243092,10,2.9668766150951384,valid,0.410802248402577,0.42502574581458036,0.41485,100456
GEN,0.4222,94,94,offspring,640,594,TINYIMAGENET,103,main_b1000_tinyimagenet_alexnet_GEN_kp10_seed456,0.1,0.4185,11,False,0.1,alexnet,False,0,0,1,0.4222,94,4,0.41725,99,9,1234,4,0.1,TINYIMAGENET_alexnet_GEN_accuracy_kp1000_seed456,456,8000,103,42,accuracy,100456,0.4185,4,2.9631838274002074,11.274484544992447,10,2.9631838274002074,valid,0.4141559359457545,0.4262321636835867,0.4184999999999999,100456
GEN,0.4222,94,94,offspring,594,640,TINYIMAGENET,104,main_b1000_tinyimagenet_alexnet_GEN_kp10_seed456,0.1,0.419,11,False,0.1,alexnet,False,0,0,2,0.4222,94,4,0.41725,99,9,1234,5,0.1,TINYIMAGENET_alexnet_GEN_accuracy_kp1000_seed456,456,8000,104,42,accuracy,100456,0.419,5,2.9693458712100984,11.375357381999493,10,2.9693458712100984,valid,0.41524097783294095,0.4229550545127788,0.41900000000000004,100456
GEN,0.4222,94,94,offspring,82,70,TINYIMAGENET,105,main_b1000_tinyimagenet_alexnet_GEN_kp10_seed456,0.1,0.41735,11,False,0.1,alexnet,False,0,0,1,0.4209,79,1,0.4222,94,4,152,6,0.1,TINYIMAGENET_alexnet_GEN_accuracy_kp1000_seed456,456,8000,105,42,accuracy,100456,0.41735,4,2.959952593421936,11.319906547665596,10,2.959952593421936,valid,0.41266724107111813,0.4247501558325716,0.41735,100456
GEN,0.4222,94,94,offspring,70,82,TINYIMAGENET,106,main_b1000_tinyimagenet_alexnet_GEN_kp10_seed456,0.1,0.41905,11,False,0.1,alexnet,False,0,0,2,0.4209,79,1,0.4222,94,4,152,7,0.1,TINYIMAGENET_alexnet_GEN_accuracy_kp1000_seed456,456,8000,106,42,accuracy,100456,0.41905,5,2.983738735437393,11.348787255585194,10,2.983738735437393,valid,0.4153041718262038,0.424712454875765,0.41905000000000003,100456
GEN,0.4222,94,94,offspring,74,78,TINYIMAGENET,107,main_b1000_tinyimagenet_alexnet_GEN_kp10_seed456,0.1,0.4181,11,False,0.1,alexnet,False,0,0,1,0.4222,94,4,0.4209,79,1,152,8,0.1,TINYIMAGENET_alexnet_GEN_accuracy_kp1000_seed456,456,8000,107,42,accuracy,100456,0.4181,4,2.973876259469986,11.243289142847061,10,2.973876259469986,valid,0.4119570201766484,0.4219211728518277,0.4181,100456
GEN,0.4222,94,94,offspring,78,74,TINYIMAGENET,108,main_b1000_tinyimagenet_alexnet_GEN_kp10_seed456,0.1,0.41385,11,False,0.1,alexnet,False,0,0,2,0.4222,94,4,0.4209,79,1,152,9,0.1,TINYIMAGENET_alexnet_GEN_accuracy_kp1000_seed456,456,8000,108,42,accuracy,100456,0.41385,4,2.9767278121471406,11.203638434410095,10,2.9767278121471406,valid,0.41091773105264695,0.42636052182203826,0.41385000000000005,100456
GEN,0.4222,94,94,offspring,66,86,TINYIMAGENET,109,main_b1000_tinyimagenet_alexnet_GEN_kp10_seed456,0.1,0.4161,11,False,0.1,alexnet,False,0,0,1,0.4209,79,1,0.4222,94,4,152,10,0.1,TINYIMAGENET_alexnet_GEN_accuracy_kp1000_seed456,456,8000,109,42,accuracy,100456,0.4161,4,2.9827571935653685,11.248977184295654,10,2.9827571935653685,valid,0.4126701800017575,0.42589247777466055,0.41609999999999997,100456
GEN,0.4222,94,94,offspring,298,296,TINYIMAGENET,110,main_b1000_tinyimagenet_alexnet_GEN_kp10_seed456,0.1,0.41985,12,False,0.1,alexnet,False,0,0,1,0.4222,94,1,0.419,104,5,594,2,0.1,TINYIMAGENET_alexnet_GEN_accuracy_kp1000_seed456,456,8000,110,42,accuracy,100456,0.41985,5,2.9675688743114472,11.243942387402058,10,2.9675688743114472,valid,0.4163084885780271,0.42528596817782477,0.41985,100456
GEN,0.4222,94,94,offspring,296,298,TINYIMAGENET,111,main_b1000_tinyimagenet_alexnet_GEN_kp10_seed456,0.1,0.4138,12,False,0.1,alexnet,False,0,0,2,0.4222,94,1,0.419,104,5,594,3,0.1,TINYIMAGENET_alexnet_GEN_accuracy_kp1000_seed456,456,8000,111,42,accuracy,100456,0.4138,4,2.9635689024925234,11.16045805066824,10,2.9635689024925234,valid,0.409842636450866,0.42288311433454423,0.41379999999999995,100456
GEN,0.4222,94,94,offspring,348,292,TINYIMAGENET,112,main_b1000_tinyimagenet_alexnet_GEN_kp10_seed456,0.1,0.41705,12,False,0.1,alexnet,False,0,0,1,0.4185,103,4,0.4222,94,1,640,4,0.1,TINYIMAGENET_alexnet_GEN_accuracy_kp1000_seed456,456,8000,112,42,accuracy,100456,0.41705,4,2.9574575829982757,11.335210628807545,10,2.9574575829982757,valid,0.4126048308870815,0.4255991678707139,0.41705000000000003,100456
GEN,0.4222,94,94,offspring,292,348,TINYIMAGENET,113,main_b1000_tinyimagenet_alexnet_GEN_kp10_seed456,0.1,0.41725,12,False,0.1,alexnet,False,0,0,2,0.4185,103,4,0.4222,94,1,640,5,0.1,TINYIMAGENET_alexnet_GEN_accuracy_kp1000_seed456,456,8000,113,42,accuracy,100456,0.41725,4,2.9722390409469606,11.266866393387318,10,2.9722390409469606,valid,0.41224358927165766,0.4220587196517026,0.41725,100456
GEN,0.4222,94,94,offspring,330,316,TINYIMAGENET,114,main_b1000_tinyimagenet_alexnet_GEN_kp10_seed456,0.1,0.41755,12,False,0.1,alexnet,False,0,0,1,0.419,104,5,0.41735,105,6,646,6,0.1,TINYIMAGENET_alexnet_GEN_accuracy_kp1000_seed456,456,8000,114,42,accuracy,100456,0.41755,4,2.958216486787796,11.3370725736022,10,2.958216486787796,valid,0.4129858403155076,0.42404641866109144,0.41755000000000003,100456
GEN,0.4222,94,94,offspring,316,330,TINYIMAGENET,115,main_b1000_tinyimagenet_alexnet_GEN_kp10_seed456,0.1,0.41345,12,False,0.1,alexnet,True,800,400,2,0.419,104,5,0.41735,105,6,646,7,0.1,TINYIMAGENET_alexnet_GEN_accuracy_kp1000_seed456,456,8000,115,42,accuracy,100456,0.41345,4,2.962982729625702,11.35950530320406,10,2.962982729625702,valid,0.40989603724767526,0.4235652973401116,0.41345,100456
GEN,0.4222,94,94,offspring,36,34,TINYIMAGENET,116,main_b1000_tinyimagenet_alexnet_GEN_kp10_seed456,0.1,0.42125,12,False,0.1,alexnet,False,0,0,1,0.41905,106,7,0.4181,107,8,70,8,0.1,TINYIMAGENET_alexnet_GEN_accuracy_kp1000_seed456,456,8000,116,42,accuracy,100456,0.42125,5,2.975378838634491,11.232000432908535,10,2.975378838634491,valid,0.4167301836405939,0.424491666833343,0.42125,100456
GEN,0.4222,94,94,offspring,34,36,TINYIMAGENET,117,main_b1000_tinyimagenet_alexnet_GEN_kp10_seed456,0.1,0.4174,12,False,0.1,alexnet,False,0,0,2,0.41905,106,7,0.4181,107,8,70,9,0.1,TINYIMAGENET_alexnet_GEN_accuracy_kp1000_seed456,456,8000,117,42,accuracy,100456,0.4174,4,2.968362047290802,11.12952671200037,10,2.968362047290802,valid,0.4130702893753791,0.42716444926787966,0.41739999999999994,100456
GEN,0.4222,94,94,offspring,340,320,TINYIMAGENET,118,main_b1000_tinyimagenet_alexnet_GEN_kp10_seed456,0.1,0.41675,12,False,0.1,alexnet,False,0,0,1,0.419,104,5,0.41905,106,7,660,10,0.1,TINYIMAGENET_alexnet_GEN_accuracy_kp1000_seed456,456,8000,118,42,accuracy,100456,0.41675,4,2.9596461981773374,11.241708181798458,10,2.9596461981773374,valid,0.41290843307864583,0.4261039302800726,0.41675000000000006,100456
GEN,0.4222,94,94,offspring,328,294,TINYIMAGENET,119,main_b1000_tinyimagenet_alexnet_GEN_kp10_seed456,0.1,0.4142,13,False,0.1,alexnet,False,0,0,1,0.41705,112,4,0.41755,114,6,622,2,0.1,TINYIMAGENET_alexnet_GEN_accuracy_kp1000_seed456,456,8000,119,42,accuracy,100456,0.4142,4,2.968715517616272,11.231366090476513,10,2.968715517616272,valid,0.4113053998764379,0.42592754692638707,0.4142,100456
GEN,0.4222,94,94,offspring,294,328,TINYIMAGENET,120,main_b1000_tinyimagenet_alexnet_GEN_kp10_seed456,0.1,0.4128,13,False,0.1,alexnet,False,0,0,2,0.41705,112,4,0.41755,114,6,622,3,0.1,TINYIMAGENET_alexnet_GEN_accuracy_kp1000_seed456,456,8000,120,42,accuracy,100456,0.4128,4,2.9816712720394136,11.261843837797642,10,2.9816712720394136,valid,0.40873592910459,0.42328182217074195,0.4128,100456
GEN,0.4222,94,94,offspring,176,172,TINYIMAGENET,121,main_b1000_tinyimagenet_alexnet_GEN_kp10_seed456,0.1,0.41985,13,False,0.1,alexnet,False,0,0,1,0.4222,94,1,0.41725,113,5,348,4,0.1,TINYIMAGENET_alexnet_GEN_accuracy_kp1000_seed456,456,8000,121,42,accuracy,100456,0.41985,4,2.957324422454834,14.321148172020912,10,2.957324422454834,valid,0.416094749370758,0.42757725942513103,0.41985,100456
GEN,0.4222,94,94,offspring,172,176,TINYIMAGENET,122,main_b1000_tinyimagenet_alexnet_GEN_kp10_seed456,0.1,0.41585,13,False,0.1,alexnet,False,0,0,2,0.4222,94,1,0.41725,113,5,348,5,0.1,TINYIMAGENET_alexnet_GEN_accuracy_kp1000_seed456,456,8000,122,42,accuracy,100456,0.41585,4,2.97177492017746,11.239431507885456,10,2.97177492017746,valid,0.4118588280636071,0.4227051742225488,0.41585,100456
GEN,0.4222,94,94,offspring,178,154,TINYIMAGENET,123,main_b1000_tinyimagenet_alexnet_GEN_kp10_seed456,0.1,0.4199,13,False,0.1,alexnet,False,0,0,1,0.41755,114,6,0.4222,94,1,332,6,0.1,TINYIMAGENET_alexnet_GEN_accuracy_kp1000_seed456,456,8000,123,42,accuracy,100456,0.4199,4,2.955188510560989,11.234760396182537,10,2.955188510560989,valid,0.41359931031940667,0.4237850693953055,0.4199,100456
GEN,0.4222,94,94,offspring,154,178,TINYIMAGENET,124,main_b1000_tinyimagenet_alexnet_GEN_kp10_seed456,0.1,0.41915,13,False,0.1,alexnet,False,0,0,2,0.41755,114,6,0.4222,94,1,332,7,0.1,TINYIMAGENET_alexnet_GEN_accuracy_kp1000_seed456,456,8000,124,42,accuracy,100456,0.41915,4,2.9597449123382567,11.237629286944866,10,2.9597449123382567,valid,0.41414545560691884,0.4267747430898288,0.41914999999999997,100456
GEN,0.4222,94,94,offspring,192,170,TINYIMAGENET,125,main_b1000_tinyimagenet_alexnet_GEN_kp10_seed456,0.1,0.41745,13,False,0.1,alexnet,False,0,0,1,0.41705,112,4,0.42125,116,8,362,8,0.1,TINYIMAGENET_alexnet_GEN_accuracy_kp1000_seed456,456,8000,125,42,accuracy,100456,0.41745,4,2.9643342257499694,11.24831248819828,10,2.9643342257499694,valid,0.4132501182466602,0.4243886113356924,0.41745000000000004,100456
GEN,0.4222,94,94,offspring,170,192,TINYIMAGENET,126,main_b1000_tinyimagenet_alexnet_GEN_kp10_seed456,0.1,0.41515,13,False,0.1,alexnet,False,0,0,2,0.41705,112,4,0.42125,116,8,362,9,0.1,TINYIMAGENET_alexnet_GEN_accuracy_kp1000_seed456,456,8000,126,42,accuracy,100456,0.41515,4,2.973179852151871,11.148319594562054,10,2.973179852151871,valid,0.40931246092168594,0.4234478031273241,0.41515,100456
GEN,0.4222,94,94,offspring,204,204,TINYIMAGENET,127,main_b1000_tinyimagenet_alexnet_GEN_kp10_seed456,0.1,0.4203,13,False,0.1,alexnet,False,0,0,1,0.41725,113,5,0.42125,116,8,408,10,0.1,TINYIMAGENET_alexnet_GEN_accuracy_kp1000_seed456,456,8000,127,42,accuracy,100456,0.4203,5,2.97298315615654,11.131686620414257,10,2.97298315615654,valid,0.41611672268863387,0.4232390475681422,0.4203,100456
GEN,0.4222,94,94,offspring,176,164,TINYIMAGENET,128,main_b1000_tinyimagenet_alexnet_GEN_kp10_seed456,0.1,0.41725,14,False,0.1,alexnet,False,0,0,1,0.4203,127,10,0.41745,125,8,340,2,0.1,TINYIMAGENET_alexnet_GEN_accuracy_kp1000_seed456,456,8000,128,42,accuracy,100456,0.41725,4,2.9697785646915436,11.204795181751251,10,2.9697785646915436,valid,0.41180405416695437,0.4244027637983567,0.41724999999999995,100456
GEN,0.4222,94,94,offspring,164,176,TINYIMAGENET,129,main_b1000_tinyimagenet_alexnet_GEN_kp10_seed456,0.1,0.4177,14,False,0.1,alexnet,False,0,0,2,0.4203,127,10,0.41745,125,8,340,3,0.1,TINYIMAGENET_alexnet_GEN_accuracy_kp1000_seed456,456,8000,129,42,accuracy,100456,0.4177,4,2.958830327320099,11.238874331116676,10,2.958830327320099,valid,0.4129853817213315,0.4228201908740157,0.41769999999999996,100456
GEN,0.4222,94,94,offspring,82,96,TINYIMAGENET,130,main_b1000_tinyimagenet_alexnet_GEN_kp10_seed456,0.1,0.4172,14,False,0.1,alexnet,False,0,0,1,0.41915,124,7,0.4222,94,1,178,4,0.1,TINYIMAGENET_alexnet_GEN_accuracy_kp1000_seed456,456,8000,130,42,accuracy,100456,0.4172,4,2.958788687133789,11.228332802653313,10,2.958788687133789,valid,0.4112057306375039,0.42369410650253864,0.4172,100456
GEN,0.4222,94,94,offspring,96,82,TINYIMAGENET,131,main_b1000_tinyimagenet_alexnet_GEN_kp10_seed456,0.1,0.4208,14,False,0.1,alexnet,False,0,0,2,0.41915,124,7,0.4222,94,1,178,5,0.1,TINYIMAGENET_alexnet_GEN_accuracy_kp1000_seed456,456,8000,131,42,accuracy,100456,0.4208,5,2.9774568529129026,11.190351463854313,10,2.9774568529129026,valid,0.41585234551836153,0.4245718302508855,0.4208,100456
GEN,0.4222,94,94,offspring,82,72,TINYIMAGENET,132,main_b1000_tinyimagenet_alexnet_GEN_kp10_seed456,0.1,0.4167,14,False,0.1,alexnet,False,0,0,1,0.4222,94,1,0.4199,123,6,154,6,0.1,TINYIMAGENET_alexnet_GEN_accuracy_kp1000_seed456,456,8000,132,42,accuracy,100456,0.4167,4,2.9637843054771422,11.234577871859074,10,2.9637843054771422,valid,0.41299236242888115,0.42796959545218577,0.4167,100456
GEN,0.4222,94,94,offspring,72,82,TINYIMAGENET,133,main_b1000_tinyimagenet_alexnet_GEN_kp10_seed456,0.1,0.41325,14,False,0.1,alexnet,False,0,0,2,0.4222,94,1,0.4199,123,6,154,7,0.1,TINYIMAGENET_alexnet_GEN_accuracy_kp1000_seed456,456,8000,133,42,accuracy,100456,0.41325,4,2.991848239612579,11.301120713353157,10,2.991848239612579,valid,0.4081609447208448,0.42152215737564136,0.41325,100456
GEN,0.4222,94,94,offspring,98,118,TINYIMAGENET,134,main_b1000_tinyimagenet_alexnet_GEN_kp10_seed456,0.1,0.41675,14,False,0.1,alexnet,False,0,0,1,0.4222,94,1,0.4203,127,10,216,8,0.1,TINYIMAGENET_alexnet_GEN_accuracy_kp1000_seed456,456,8000,134,42,accuracy,100456,0.41675,4,2.9733360655784606,14.427402466535568,10,2.9733360655784606,valid,0.41179122525588524,0.424387582076841,0.41674999999999995,100456
GEN,0.4222,94,94,offspring,118,98,TINYIMAGENET,135,main_b1000_tinyimagenet_alexnet_GEN_kp10_seed456,0.1,0.41825,14,False,0.1,alexnet,False,0,0,2,0.4222,94,1,0.4203,127,10,216,9,0.1,TINYIMAGENET_alexnet_GEN_accuracy_kp1000_seed456,456,8000,135,42,accuracy,100456,0.41825,4,2.96557913274765,11.29102635383606,10,2.96557913274765,valid,0.4139760398025739,0.4256648802747432,0.41824999999999996,100456
GEN,0.4222,94,94,offspring,206,140,TINYIMAGENET,136,main_b1000_tinyimagenet_alexnet_GEN_kp10_seed456,0.1,0.41505,14,False,0.1,alexnet,False,0,0,1,0.41515,126,9,0.4199,123,6,346,10,0.1,TINYIMAGENET_alexnet_GEN_accuracy_kp1000_seed456,456,8000,136,42,accuracy,100456,0.41505,4,2.9759156828403475,11.16478367894888,10,2.9759156828403475,valid,0.4114297275822289,0.4253706760018129,0.41505000000000003,100456
GEN,0.4222,94,94,offspring,98,98,TINYIMAGENET,137,main_b1000_tinyimagenet_alexnet_GEN_kp10_seed456,0.1,0.41875,15,False,0.1,alexnet,False,0,0,1,0.4222,94,1,0.41725,128,2,196,2,0.1,TINYIMAGENET_alexnet_GEN_accuracy_kp1000_seed456,456,8000,137,42,accuracy,100456,0.41875,4,2.966136259794235,11.186152778565884,10,2.966136259794235,valid,0.41454024797891587,0.42898599178295216,0.41875,100456
GEN,0.4222,94,94,offspring,98,98,TINYIMAGENET,138,main_b1000_tinyimagenet_alexnet_GEN_kp10_seed456,0.1,0.4169,15,False,0.1,alexnet,False,0,0,2,0.4222,94,1,0.41725,128,2,196,3,0.1,TINYIMAGENET_alexnet_GEN_accuracy_kp1000_seed456,456,8000,138,42,accuracy,100456,0.4169,4,2.960325927400589,11.267825938761234,10,2.960325927400589,valid,0.412952050062079,0.42606807532087204,0.41690000000000005,100456
GEN,0.4222,94,94,offspring,108,102,TINYIMAGENET,139,main_b1000_tinyimagenet_alexnet_GEN_kp10_seed456,0.1,0.4164,15,False,0.1,alexnet,False,0,0,1,0.4172,130,4,0.41825,135,9,210,4,0.1,TINYIMAGENET_alexnet_GEN_accuracy_kp1000_seed456,456,8000,139,42,accuracy,100456,0.4164,4,2.956944313144684,11.318077862262726,10,2.956944313144684,valid,0.41237282464950903,0.42431661084275096,0.4164,100456
GEN,0.4249,140,140,offspring,102,108,TINYIMAGENET,140,main_b1000_tinyimagenet_alexnet_GEN_kp10_seed456,0.1,0.4249,15,True,0.1,alexnet,False,0,0,2,0.4172,130,4,0.41825,135,9,210,5,0.1,TINYIMAGENET_alexnet_GEN_accuracy_kp1000_seed456,456,8000,140,42,accuracy,100456,0.4249,5,2.9738329042434692,11.215342193841934,10,2.9738329042434692,valid,0.42078406574253835,0.4291184456296597,0.4249,100456
GEN,0.4249,140,140,offspring,104,92,TINYIMAGENET,141,main_b1000_tinyimagenet_alexnet_GEN_kp10_seed456,0.1,0.41825,15,False,0.1,alexnet,False,0,0,1,0.41725,128,2,0.4222,94,1,196,6,0.1,TINYIMAGENET_alexnet_GEN_accuracy_kp1000_seed456,456,8000,141,42,accuracy,100456,0.41825,4,2.954462819290161,11.29220250993967,10,2.954462819290161,valid,0.41369937341050644,0.42570028968662227,0.41825,100456
GEN,0.4249,140,140,offspring,92,104,TINYIMAGENET,142,main_b1000_tinyimagenet_alexnet_GEN_kp10_seed456,0.1,0.41785,15,False,0.1,alexnet,True,800,400,2,0.41725,128,2,0.4222,94,1,196,7,0.1,TINYIMAGENET_alexnet_GEN_accuracy_kp1000_seed456,456,8000,142,42,accuracy,100456,0.41785,4,2.983889454507828,11.210470169782639,10,2.983889454507828,valid,0.41406720216199916,0.4280753673781858,0.41784999999999994,100456
GEN,0.4249,140,140,offspring,92,94,TINYIMAGENET,143,main_b1000_tinyimagenet_alexnet_GEN_kp10_seed456,0.1,0.41665,15,False,0.1,alexnet,False,0,0,1,0.4222,94,1,0.4177,129,3,186,8,0.1,TINYIMAGENET_alexnet_GEN_accuracy_kp1000_seed456,456,8000,143,42,accuracy,100456,0.41665,4,2.974524436759949,11.362110324203968,10,2.974524436759949,valid,0.412860532849532,0.426046012017512,0.41664999999999996,100456
GEN,0.4249,140,140,offspring,94,92,TINYIMAGENET,144,main_b1000_tinyimagenet_alexnet_GEN_kp10_seed456,0.1,0.4167,15,False,0.1,alexnet,False,0,0,2,0.4222,94,1,0.4177,129,3,186,9,0.1,TINYIMAGENET_alexnet_GEN_accuracy_kp1000_seed456,456,8000,144,42,accuracy,100456,0.4167,4,2.9762845520973205,11.275774613022804,10,2.9762845520973205,valid,0.41264262632746423,0.42688950243984863,0.4167,100456
GEN,0.4249,140,140,offspring,136,132,TINYIMAGENET,145,main_b1000_tinyimagenet_alexnet_GEN_kp10_seed456,0.1,0.41385,15,False,0.1,alexnet,False,0,0,1,0.4208,131,5,0.4177,129,3,268,10,0.1,TINYIMAGENET_alexnet_GEN_accuracy_kp1000_seed456,456,8000,145,42,accuracy,100456,0.41385,4,2.9673975437164306,11.288968525826931,10,2.9673975437164306,valid,0.4091351222927855,0.42240453512608606,0.41385,100456
GEN,0.4249,140,140,offspring,58,42,TINYIMAGENET,146,main_b1000_tinyimagenet_alexnet_GEN_kp10_seed456,0.1,0.41645,16,False,0.1,alexnet,False,0,0,1,0.4169,138,3,0.41825,141,6,100,2,0.1,TINYIMAGENET_alexnet_GEN_accuracy_kp1000_seed456,456,8000,146,42,accuracy,100456,0.41645,4,2.9796818702220915,11.201465629041195,10,2.9796818702220915,valid,0.4128992723409845,0.4258557885760402,0.41645,100456
GEN,0.4249,140,140,offspring,42,58,TINYIMAGENET,147,main_b1000_tinyimagenet_alexnet_GEN_kp10_seed456,0.1,0.4181,16,False,0.1,alexnet,False,0,0,2,0.4169,138,3,0.41825,141,6,100,3,0.1,TINYIMAGENET_alexnet_GEN_accuracy_kp1000_seed456,456,8000,147,42,accuracy,100456,0.4181,4,2.9628177520275116,11.19040397554636,10,2.9628177520275116,valid,0.41270672380096607,0.4257843784393141,0.4181,100456
GEN,0.4249,140,140,offspring,94,70,TINYIMAGENET,148,main_b1000_tinyimagenet_alexnet_GEN_kp10_seed456,0.1,0.41635,16,False,0.1,alexnet,False,0,0,1,0.41875,137,2,0.4249,140,5,164,4,0.1,TINYIMAGENET_alexnet_GEN_accuracy_kp1000_seed456,456,8000,148,42,accuracy,100456,0.41635,4,2.983976827764511,11.19900493323803,10,2.983976827764511,valid,0.41317112637790315,0.4276925565003296,0.4163499999999999,100456
GEN,0.4249,140,140,offspring,70,94,TINYIMAGENET,149,main_b1000_tinyimagenet_alexnet_GEN_kp10_seed456,0.1,0.41685,16,False,0.1,alexnet,False,0,0,2,0.41875,137,2,0.4249,140,5,164,5,0.1,TINYIMAGENET_alexnet_GEN_accuracy_kp1000_seed456,456,8000,149,42,accuracy,100456,0.41685,4,2.9738720829963685,11.2176858112216,10,2.9738720829963685,valid,0.41206549375668283,0.42562904148288794,0.41685,100456
GEN,0.4249,140,140,offspring,458,504,TINYIMAGENET,150,main_b1000_tinyimagenet_alexnet_GEN_kp10_seed456,0.1,0.4186,16,False,0.1,alexnet,False,0,0,1,0.41785,142,7,0.4249,140,5,962,6,0.1,TINYIMAGENET_alexnet_GEN_accuracy_kp1000_seed456,456,8000,150,42,accuracy,100456,0.4186,5,2.9883254701137543,11.2077124863863,10,2.9883254701137543,valid,0.4138682625409992,0.4243093962997456,0.41859999999999997,100456
GEN,0.4249,140,140,offspring,504,458,TINYIMAGENET,151,main_b1000_tinyimagenet_alexnet_GEN_kp10_seed456,0.1,0.41305,16,False,0.1,alexnet,False,0,0,2,0.41785,142,7,0.4249,140,5,962,7,0.1,TINYIMAGENET_alexnet_GEN_accuracy_kp1000_seed456,456,8000,151,42,accuracy,100456,0.41305,4,2.9820540469169616,11.1351318359375,10,2.9820540469169616,valid,0.40809124226934274,0.42058944611529336,0.41305,100456
GEN,0.4249,140,140,offspring,486,498,TINYIMAGENET,152,main_b1000_tinyimagenet_alexnet_GEN_kp10_seed456,0.1,0.4184,16,False,0.1,alexnet,False,0,0,1,0.41825,141,6,0.41785,142,7,984,8,0.1,TINYIMAGENET_alexnet_GEN_accuracy_kp1000_seed456,456,8000,152,42,accuracy,100456,0.4184,4,2.972015918445587,14.305589012801647,10,2.972015918445587,valid,0.41320694894676274,0.42377137239631224,0.41840000000000005,100456
GEN,0.4249,140,140,offspring,498,486,TINYIMAGENET,153,main_b1000_tinyimagenet_alexnet_GEN_kp10_seed456,0.1,0.4219,16,False,0.1,alexnet,False,0,0,2,0.41825,141,6,0.41785,142,7,984,9,0.1,TINYIMAGENET_alexnet_GEN_accuracy_kp1000_seed456,456,8000,153,42,accuracy,100456,0.4219,5,2.976692223072052,14.36460181325674,10,2.976692223072052,valid,0.41828273236230756,0.42674645199906125,0.4219,100456
GEN,0.4249,140,140,offspring,44,54,TINYIMAGENET,154,main_b1000_tinyimagenet_alexnet_GEN_kp10_seed456,0.1,0.41665,16,False,0.1,alexnet,False,0,0,1,0.4222,94,1,0.41875,137,2,98,10,0.1,TINYIMAGENET_alexnet_GEN_accuracy_kp1000_seed456,456,8000,154,42,accuracy,100456,0.41665,4,2.9786098523139954,14.160110928118229,10,2.9786098523139954,valid,0.41325601988306315,0.4270153521013201,0.4166500000000001,100456
GEN,0.4249,140,140,offspring,270,298,TINYIMAGENET,155,main_b1000_tinyimagenet_alexnet_GEN_kp10_seed456,0.1,0.41615,17,False,0.1,alexnet,True,800,400,1,0.4181,147,3,0.4186,150,6,568,2,0.1,TINYIMAGENET_alexnet_GEN_accuracy_kp1000_seed456,456,8000,155,42,accuracy,100456,0.41615,4,2.97386165933609,14.255208887159824,10,2.97386165933609,valid,0.4120565743595914,0.4239057519352811,0.41615,100456
GEN,0.4249,140,140,offspring,298,270,TINYIMAGENET,156,main_b1000_tinyimagenet_alexnet_GEN_kp10_seed456,0.1,0.41755,17,False,0.1,alexnet,False,0,0,2,0.4181,147,3,0.4186,150,6,568,3,0.1,TINYIMAGENET_alexnet_GEN_accuracy_kp1000_seed456,456,8000,156,42,accuracy,100456,0.41755,4,2.983862346458435,14.191775530576706,10,2.983862346458435,valid,0.41239607869826306,0.4256549874905467,0.41755000000000003,100456
GEN,0.4249,140,140,offspring,260,292,TINYIMAGENET,157,main_b1000_tinyimagenet_alexnet_GEN_kp10_seed456,0.1,0.4158,17,False,0.1,alexnet,False,0,0,1,0.4249,140,1,0.4184,152,8,552,4,0.1,TINYIMAGENET_alexnet_GEN_accuracy_kp1000_seed456,456,8000,157,42,accuracy,100456,0.4158,4,2.9795026401996614,14.23379047960043,10,2.9795026401996614,valid,0.4104018337630415,0.4226948435038214,0.4158,100456
GEN,0.4249,140,140,offspring,292,260,TINYIMAGENET,158,main_b1000_tinyimagenet_alexnet_GEN_kp10_seed456,0.1,0.41265,17,False,0.1,alexnet,False,0,0,2,0.4249,140,1,0.4184,152,8,552,5,0.1,TINYIMAGENET_alexnet_GEN_accuracy_kp1000_seed456,456,8000,158,42,accuracy,100456,0.41265,4,2.982057786846161,14.250324361026287,10,2.982057786846161,valid,0.40746075823244965,0.41964193333781935,0.41265,100456
GEN,0.4249,140,140,offspring,260,260,TINYIMAGENET,159,main_b1000_tinyimagenet_alexnet_GEN_kp10_seed456,0.1,0.4178,17,False,0.1,alexnet,False,0,0,1,0.4186,150,6,0.4219,153,9,520,6,0.1,TINYIMAGENET_alexnet_GEN_accuracy_kp1000_seed456,456,8000,159,42,accuracy,100456,0.4178,4,2.9743487671375273,14.280296958982944,10,2.9743487671375273,valid,0.41469417029054567,0.4298401661302344,0.4178,100456
GEN,0.4249,140,140,offspring,260,260,TINYIMAGENET,160,main_b1000_tinyimagenet_alexnet_GEN_kp10_seed456,0.1,0.41585,17,False,0.1,alexnet,False,0,0,2,0.4186,150,6,0.4219,153,9,520,7,0.1,TINYIMAGENET_alexnet_GEN_accuracy_kp1000_seed456,456,8000,160,42,accuracy,100456,0.41585,4,2.971966743850708,14.152587726712227,10,2.971966743850708,valid,0.4110404994356708,0.4233301224070924,0.41585,100456
GEN,0.4249,140,140,offspring,244,290,TINYIMAGENET,161,main_b1000_tinyimagenet_alexnet_GEN_kp10_seed456,0.1,0.41705,17,False,0.1,alexnet,False,0,0,1,0.4184,152,8,0.4186,150,6,534,8,0.1,TINYIMAGENET_alexnet_GEN_accuracy_kp1000_seed456,456,8000,161,42,accuracy,100456,0.41705,4,2.9694915914535525,14.167132377624512,10,2.9694915914535525,valid,0.41344747317993824,0.42630441285484716,0.41705,100456
GEN,0.4249,140,140,offspring,290,244,TINYIMAGENET,162,main_b1000_tinyimagenet_alexnet_GEN_kp10_seed456,0.1,0.4179,17,False,0.1,alexnet,True,800,400,2,0.4184,152,8,0.4186,150,6,534,9,0.1,TINYIMAGENET_alexnet_GEN_accuracy_kp1000_seed456,456,8000,162,42,accuracy,100456,0.4179,5,2.9840558025836943,11.33071582019329,10,2.9840558025836943,valid,0.4131836743816896,0.4205716060884504,0.4179,100456
GEN,0.4249,140,140,offspring,296,290,TINYIMAGENET,163,main_b1000_tinyimagenet_alexnet_GEN_kp10_seed456,0.1,0.41695,17,False,0.1,alexnet,False,0,0,1,0.4219,153,9,0.4249,140,1,586,10,0.1,TINYIMAGENET_alexnet_GEN_accuracy_kp1000_seed456,456,8000,163,42,accuracy,100456,0.41695,4,2.9717164781570435,11.353674665093422,10,2.9717164781570435,valid,0.41186221852439986,0.4254478282507855,0.4169500000000001,100456
GEN,0.4249,140,140,offspring,630,658,TINYIMAGENET,164,main_b1000_tinyimagenet_alexnet_GEN_kp10_seed456,0.1,0.41515,18,False,0.1,alexnet,False,0,0,1,0.4179,162,9,0.4249,140,1,1288,2,0.1,TINYIMAGENET_alexnet_GEN_accuracy_kp1000_seed456,456,8000,164,42,accuracy,100456,0.41515,4,2.9723519640922547,11.220828637480736,10,2.9723519640922547,valid,0.41302232901325164,0.42981181929698464,0.41515,100456
GEN,0.4249,140,140,offspring,658,630,TINYIMAGENET,165,main_b1000_tinyimagenet_alexnet_GEN_kp10_seed456,0.1,0.415,18,False,0.1,alexnet,False,0,0,2,0.4179,162,9,0.4249,140,1,1288,3,0.1,TINYIMAGENET_alexnet_GEN_accuracy_kp1000_seed456,456,8000,165,42,accuracy,100456,0.415,4,2.980289387750626,11.222540378570557,10,2.980289387750626,valid,0.40927040305022166,0.4226620877634304,0.415,100456
GEN,0.4249,140,140,offspring,288,256,TINYIMAGENET,166,main_b1000_tinyimagenet_alexnet_GEN_kp10_seed456,0.1,0.4197,18,False,0.1,alexnet,False,0,0,1,0.4249,140,1,0.4178,159,6,544,4,0.1,TINYIMAGENET_alexnet_GEN_accuracy_kp1000_seed456,456,8000,166,42,accuracy,100456,0.4197,5,2.974988236665726,11.247264631092548,10,2.974988236665726,valid,0.41780297186806187,0.4283091234711375,0.41969999999999996,100456
GEN,0.4249,140,140,offspring,256,288,TINYIMAGENET,167,main_b1000_tinyimagenet_alexnet_GEN_kp10_seed456,0.1,0.4192,18,False,0.1,alexnet,False,0,0,2,0.4249,140,1,0.4178,159,6,544,5,0.1,TINYIMAGENET_alexnet_GEN_accuracy_kp1000_seed456,456,8000,167,42,accuracy,100456,0.4192,4,2.971826658153534,11.310519121587276,10,2.971826658153534,valid,0.41376156069871073,0.42804311221624386,0.4192000000000001,100456
GEN,0.4249,140,140,offspring,206,208,TINYIMAGENET,168,main_b1000_tinyimagenet_alexnet_GEN_kp10_seed456,0.1,0.4142,18,False,0.1,alexnet,False,0,0,1,0.41755,156,3,0.41705,161,8,414,6,0.1,TINYIMAGENET_alexnet_GEN_accuracy_kp1000_seed456,456,8000,168,42,accuracy,100456,0.4142,4,2.9715462388038634,11.327756009995937,10,2.9715462388038634,valid,0.4103701306710812,0.4249456187262278,0.4142,100456
GEN,0.4249,140,140,offspring,208,206,TINYIMAGENET,169,main_b1000_tinyimagenet_alexnet_GEN_kp10_seed456,0.1,0.42035,18,False,0.1,alexnet,False,0,0,2,0.41755,156,3,0.41705,161,8,414,7,0.1,TINYIMAGENET_alexnet_GEN_accuracy_kp1000_seed456,456,8000,169,42,accuracy,100456,0.42035,5,2.987531838130951,11.282247744500637,10,2.987531838130951,valid,0.4163832712129502,0.42524623346252505,0.42034999999999995,100456
GEN,0.4249,140,140,offspring,660,648,TINYIMAGENET,170,main_b1000_tinyimagenet_alexnet_GEN_kp10_seed456,0.1,0.41585,18,False,0.1,alexnet,False,0,0,1,0.4179,162,9,0.41705,161,8,1308,8,0.1,TINYIMAGENET_alexnet_GEN_accuracy_kp1000_seed456,456,8000,170,42,accuracy,100456,0.41585,4,2.9902181091308595,11.26192306727171,10,2.9902181091308595,valid,0.41244564810007184,0.42643013535815,0.41584999999999994,100456
GEN,0.4249,140,140,offspring,648,660,TINYIMAGENET,171,main_b1000_tinyimagenet_alexnet_GEN_kp10_seed456,0.1,0.4183,18,False,0.1,alexnet,True,800,400,2,0.4179,162,9,0.41705,161,8,1308,9,0.1,TINYIMAGENET_alexnet_GEN_accuracy_kp1000_seed456,456,8000,171,42,accuracy,100456,0.4183,5,2.986983905029297,11.199819043278694,10,2.986983905029297,valid,0.4136929175169066,0.421922414905294,0.4183,100456
GEN,0.4249,140,140,offspring,138,152,TINYIMAGENET,172,main_b1000_tinyimagenet_alexnet_GEN_kp10_seed456,0.1,0.41965,18,False,0.1,alexnet,False,0,0,1,0.41695,163,10,0.4249,140,1,290,10,0.1,TINYIMAGENET_alexnet_GEN_accuracy_kp1000_seed456,456,8000,172,42,accuracy,100456,0.41965,5,2.977809369945526,11.131089314818382,10,2.977809369945526,valid,0.41681654921906686,0.4270164713480494,0.41965,100456
GEN,0.4249,140,140,offspring,236,266,TINYIMAGENET,173,main_b1000_tinyimagenet_alexnet_GEN_kp10_seed456,0.1,0.4174,19,False,0.1,alexnet,False,0,0,1,0.42035,169,7,0.41965,172,10,502,2,0.1,TINYIMAGENET_alexnet_GEN_accuracy_kp1000_seed456,456,8000,173,42,accuracy,100456,0.4174,4,2.9644617187976836,11.317728616297245,10,2.9644617187976836,valid,0.41282727020859694,0.42581486592861517,0.41739999999999994,100456
GEN,0.4249,140,140,offspring,266,236,TINYIMAGENET,174,main_b1000_tinyimagenet_alexnet_GEN_kp10_seed456,0.1,0.41775,19,False,0.1,alexnet,False,0,0,2,0.42035,169,7,0.41965,172,10,502,3,0.1,TINYIMAGENET_alexnet_GEN_accuracy_kp1000_seed456,456,8000,174,42,accuracy,100456,0.41775,4,2.9671226668834687,11.31764017790556,10,2.9671226668834687,valid,0.41339296307998225,0.4258998780962873,0.41775000000000007,100456
GEN,0.4249,140,140,offspring,818,862,TINYIMAGENET,175,main_b1000_tinyimagenet_alexnet_GEN_kp10_seed456,0.1,0.4189,19,False,0.1,alexnet,False,0,0,1,0.4183,171,9,0.4192,167,5,1680,4,0.1,TINYIMAGENET_alexnet_GEN_accuracy_kp1000_seed456,456,8000,175,42,accuracy,100456,0.4189,5,2.9761932149887085,11.36431459337473,10,2.9761932149887085,valid,0.41537851401100256,0.4244927724796776,0.4189,100456
GEN,0.4249,140,140,offspring,862,818,TINYIMAGENET,176,main_b1000_tinyimagenet_alexnet_GEN_kp10_seed456,0.1,0.41565,19,False,0.1,alexnet,True,800,400,2,0.4183,171,9,0.4192,167,5,1680,5,0.1,TINYIMAGENET_alexnet_GEN_accuracy_kp1000_seed456,456,8000,176,42,accuracy,100456,0.41565,4,2.9676938643455504,11.302970305085182,10,2.9676938643455504,valid,0.4105586772771423,0.4237454312249669,0.41564999999999996,100456
GEN,0.4249,140,140,offspring,246,256,TINYIMAGENET,177,main_b1000_tinyimagenet_alexnet_GEN_kp10_seed456,0.1,0.4144,19,False,0.1,alexnet,False,0,0,1,0.42035,169,7,0.41965,172,10,502,6,0.1,TINYIMAGENET_alexnet_GEN_accuracy_kp1000_seed456,456,8000,177,42,accuracy,100456,0.4144,4,2.9919827662467955,11.265503384172916,10,2.9919827662467955,valid,0.41080011274308326,0.42636996361803114,0.41440000000000005,100456
GEN,0.4249,140,140,offspring,256,246,TINYIMAGENET,178,main_b1000_tinyimagenet_alexnet_GEN_kp10_seed456,0.1,0.41465,19,False,0.1,alexnet,False,0,0,2,0.42035,169,7,0.41965,172,10,502,7,0.1,TINYIMAGENET_alexnet_GEN_accuracy_kp1000_seed456,456,8000,178,42,accuracy,100456,0.41465,4,2.9818980540275573,11.236205354332924,10,2.9818980540275573,valid,0.4103211455945332,0.42255468937932245,0.41465,100456
GEN,0.4249,140,140,offspring,206,248,TINYIMAGENET,179,main_b1000_tinyimagenet_alexnet_GEN_kp10_seed456,0.1,0.42155,19,False,0.1,alexnet,False,0,0,1,0.42035,169,7,0.4197,166,4,454,8,0.1,TINYIMAGENET_alexnet_GEN_accuracy_kp1000_seed456,456,8000,179,42,accuracy,100456,0.42155,4,2.955682167863846,10.615947559475899,10,2.955682167863846,valid,0.4163745611041827,0.4270623939368913,0.42155000000000004,100456
GEN,0.4249,140,140,offspring,248,206,TINYIMAGENET,180,main_b1000_tinyimagenet_alexnet_GEN_kp10_seed456,0.1,0.4156,19,False,0.1,alexnet,False,0,0,2,0.42035,169,7,0.4197,166,4,454,9,0.1,TINYIMAGENET_alexnet_GEN_accuracy_kp1000_seed456,456,8000,180,42,accuracy,100456,0.4156,4,2.9874295167922975,13.831726141273975,10,2.9874295167922975,valid,0.41135052619927853,0.42600013391916536,0.4156,100456
GEN,0.4249,140,140,offspring,230,224,TINYIMAGENET,181,main_b1000_tinyimagenet_alexnet_GEN_kp10_seed456,0.1,0.42075,19,False,0.1,alexnet,False,0,0,1,0.4197,166,4,0.42035,169,7,454,10,0.1,TINYIMAGENET_alexnet_GEN_accuracy_kp1000_seed456,456,8000,181,42,accuracy,100456,0.42075,4,2.972324523591995,11.129641197621822,10,2.972324523591995,valid,0.4169165503354853,0.4283374655702282,0.42075,100456
GEN,0.4249,140,140,offspring,510,540,TINYIMAGENET,182,main_b1000_tinyimagenet_alexnet_GEN_kp10_seed456,0.1,0.4162,20,False,0.1,alexnet,False,0,0,1,0.42155,179,8,0.4189,175,4,1050,2,0.1,TINYIMAGENET_alexnet_GEN_accuracy_kp1000_seed456,456,8000,182,42,accuracy,100456,0.4162,4,2.9735099946498873,11.131649374961853,10,2.9735099946498873,valid,0.4124219621755013,0.42572607294169773,0.41620000000000007,100456
GEN,0.4249,140,140,offspring,540,510,TINYIMAGENET,183,main_b1000_tinyimagenet_alexnet_GEN_kp10_seed456,0.1,0.41795,20,False,0.1,alexnet,True,800,400,2,0.42155,179,8,0.4189,175,4,1050,3,0.1,TINYIMAGENET_alexnet_GEN_accuracy_kp1000_seed456,456,8000,183,42,accuracy,100456,0.41795,4,2.9704951223373413,11.15537939965725,10,2.9704951223373413,valid,0.41384150517447155,0.42746195262932274,0.41795000000000004,100456
GEN,0.4249,140,140,offspring,116,112,TINYIMAGENET,184,main_b1000_tinyimagenet_alexnet_GEN_kp10_seed456,0.1,0.4178,20,False,0.1,alexnet,False,0,0,1,0.42155,179,8,0.42075,181,10,228,4,0.1,TINYIMAGENET_alexnet_GEN_accuracy_kp1000_seed456,456,8000,184,42,accuracy,100456,0.4178,4,2.9666415866851805,11.221161797642708,10,2.9666415866851805,valid,0.41340835478683424,0.42640376311699596,0.4178,100456
GEN,0.4249,140,140,offspring,112,116,TINYIMAGENET,185,main_b1000_tinyimagenet_alexnet_GEN_kp10_seed456,0.1,0.4162,20,False,0.1,alexnet,False,0,0,2,0.42155,179,8,0.42075,181,10,228,5,0.1,TINYIMAGENET_alexnet_GEN_accuracy_kp1000_seed456,456,8000,185,42,accuracy,100456,0.4162,4,2.9742607382297517,11.193885363638401,10,2.9742607382297517,valid,0.41138979272920934,0.4221406675879444,0.41619999999999996,100456
GEN,0.4249,140,140,offspring,496,556,TINYIMAGENET,186,main_b1000_tinyimagenet_alexnet_GEN_kp10_seed456,0.1,0.417,20,False,0.1,alexnet,False,0,0,1,0.42075,181,10,0.4189,175,4,1052,6,0.1,TINYIMAGENET_alexnet_GEN_accuracy_kp1000_seed456,456,8000,186,42,accuracy,100456,0.417,4,2.975216209602356,11.219911307096481,10,2.975216209602356,valid,0.4145055569554941,0.4286648109535553,0.41700000000000004,100456
GEN,0.4249,140,140,offspring,556,496,TINYIMAGENET,187,main_b1000_tinyimagenet_alexnet_GEN_kp10_seed456,0.1,0.41965,20,False,0.1,alexnet,False,0,0,2,0.42075,181,10,0.4189,175,4,1052,7,0.1,TINYIMAGENET_alexnet_GEN_accuracy_kp1000_seed456,456,8000,187,42,accuracy,100456,0.41965,4,2.975981307411194,11.273870259523392,10,2.975981307411194,valid,0.4137515882288216,0.42394744460488143,0.41965,100456
GEN,0.4249,140,140,offspring,182,184,TINYIMAGENET,188,main_b1000_tinyimagenet_alexnet_GEN_kp10_seed456,0.1,0.4185,20,False,0.1,alexnet,False,0,0,1,0.4249,140,1,0.42155,179,8,366,8,0.1,TINYIMAGENET_alexnet_GEN_accuracy_kp1000_seed456,456,8000,188,42,accuracy,100456,0.4185,4,2.9603114374160766,11.215570233762264,10,2.9603114374160766,valid,0.41452746150116965,0.428713019981249,0.41850000000000004,100456
GEN,0.4249,140,140,offspring,184,182,TINYIMAGENET,189,main_b1000_tinyimagenet_alexnet_GEN_kp10_seed456,0.1,0.41915,20,False,0.1,alexnet,False,0,0,2,0.4249,140,1,0.42155,179,8,366,9,0.1,TINYIMAGENET_alexnet_GEN_accuracy_kp1000_seed456,456,8000,189,42,accuracy,100456,0.41915,5,2.9882750068187716,11.245960988104343,10,2.9882750068187716,valid,0.414799543427941,0.4242169088073849,0.41914999999999997,100456
GEN,0.4249,140,140,offspring,108,120,TINYIMAGENET,190,main_b1000_tinyimagenet_alexnet_GEN_kp10_seed456,0.1,0.41765,20,False,0.1,alexnet,False,0,0,1,0.42075,181,10,0.42155,179,8,228,10,0.1,TINYIMAGENET_alexnet_GEN_accuracy_kp1000_seed456,456,8000,190,42,accuracy,100456,0.41765,4,2.970790063047409,11.2011743709445,10,2.970790063047409,valid,0.41456177250150184,0.4299402735669514,0.41765,100456
GEN,0.4249,140,140,offspring,688,706,TINYIMAGENET,191,main_b1000_tinyimagenet_alexnet_GEN_kp10_seed456,0.1,0.41525,21,False,0.1,alexnet,False,0,0,1,0.4185,188,8,0.41795,183,3,1394,2,0.1,TINYIMAGENET_alexnet_GEN_accuracy_kp1000_seed456,456,8000,191,42,accuracy,100456,0.41525,4,2.9845611315250395,11.214018940925598,10,2.9845611315250395,valid,0.40991256562855694,0.42354465405485625,0.41525,100456
GEN,0.4249,140,140,offspring,706,688,TINYIMAGENET,192,main_b1000_tinyimagenet_alexnet_GEN_kp10_seed456,0.1,0.4206,21,False,0.1,alexnet,False,0,0,2,0.4185,188,8,0.41795,183,3,1394,3,0.1,TINYIMAGENET_alexnet_GEN_accuracy_kp1000_seed456,456,8000,192,42,accuracy,100456,0.4206,4,2.975764881134033,11.146459572017193,10,2.975764881134033,valid,0.4144176015104821,0.428460138268146,0.42060000000000003,100456
GEN,0.4249,140,140,offspring,638,698,TINYIMAGENET,193,main_b1000_tinyimagenet_alexnet_GEN_kp10_seed456,0.1,0.4168,21,False,0.1,alexnet,True,800,400,1,0.41965,187,7,0.41795,183,3,1336,4,0.1,TINYIMAGENET_alexnet_GEN_accuracy_kp1000_seed456,456,8000,193,42,accuracy,100456,0.4168,4,2.9694838944911957,11.179453425109386,10,2.9694838944911957,valid,0.41183586201758543,0.42409877623817593,0.4168,100456
GEN,0.4249,140,140,offspring,698,638,TINYIMAGENET,194,main_b1000_tinyimagenet_alexnet_GEN_kp10_seed456,0.1,0.4186,21,False,0.1,alexnet,False,0,0,2,0.41965,187,7,0.41795,183,3,1336,5,0.1,TINYIMAGENET_alexnet_GEN_accuracy_kp1000_seed456,456,8000,194,42,accuracy,100456,0.4186,4,2.9823786514759063,11.158302403986454,10,2.9823786514759063,valid,0.4128902162481976,0.42428335013548407,0.41859999999999997,100456
GEN,0.4249,140,140,offspring,338,350,TINYIMAGENET,195,main_b1000_tinyimagenet_alexnet_GEN_kp10_seed456,0.1,0.4199,21,False,0.1,alexnet,False,0,0,1,0.4249,140,1,0.41965,187,7,688,6,0.1,TINYIMAGENET_alexnet_GEN_accuracy_kp1000_seed456,456,8000,195,42,accuracy,100456,0.4199,4,2.950856911993027,11.212262064218521,10,2.950856911993027,valid,0.4157330141810202,0.4255058785886512,0.41989999999999994,100456
GEN,0.4249,140,140,offspring,350,338,TINYIMAGENET,196,main_b1000_tinyimagenet_alexnet_GEN_kp10_seed456,0.1,0.41735,21,False,0.1,alexnet,False,0,0,2,0.4249,140,1,0.41965,187,7,688,7,0.1,TINYIMAGENET_alexnet_GEN_accuracy_kp1000_seed456,456,8000,196,42,accuracy,100456,0.41735,4,2.981034430217743,11.239720329642296,10,2.981034430217743,valid,0.4114516935004965,0.4218754321018542,0.41735,100456
GEN,0.4249,140,140,offspring,96,88,TINYIMAGENET,197,main_b1000_tinyimagenet_alexnet_GEN_kp10_seed456,0.1,0.41475,21,False,0.1,alexnet,False,0,0,1,0.41915,189,9,0.4249,140,1,184,8,0.1,TINYIMAGENET_alexnet_GEN_accuracy_kp1000_seed456,456,8000,197,42,accuracy,100456,0.41475,4,2.979396060371399,11.213762670755386,10,2.979396060371399,valid,0.4111356779454756,0.42379827611721926,0.41474999999999995,100456
GEN,0.4249,140,140,offspring,88,96,TINYIMAGENET,198,main_b1000_tinyimagenet_alexnet_GEN_kp10_seed456,0.1,0.41645,21,False,0.1,alexnet,True,800,400,2,0.41915,189,9,0.4249,140,1,184,9,0.1,TINYIMAGENET_alexnet_GEN_accuracy_kp1000_seed456,456,8000,198,42,accuracy,100456,0.41645,4,2.955725006771088,11.223912850022316,10,2.955725006771088,valid,0.412620043565841,0.4226205551501097,0.41645,100456
GEN,0.4249,140,140,offspring,92,90,TINYIMAGENET,199,main_b1000_tinyimagenet_alexnet_GEN_kp10_seed456,0.1,0.4131,21,False,0.1,alexnet,False,0,0,1,0.4185,188,8,0.4249,140,1,182,10,0.1,TINYIMAGENET_alexnet_GEN_accuracy_kp1000_seed456,456,8000,199,42,accuracy,100456,0.4131,4,2.9686981938362123,11.261040173470974,10,2.9686981938362123,valid,0.40863941356824257,0.42447016099214485,0.4131,100456
GEN,0.4249,140,140,offspring,160,190,TINYIMAGENET,200,main_b1000_tinyimagenet_alexnet_GEN_kp10_seed456,0.1,0.41455,22,False,0.1,alexnet,False,0,0,1,0.4249,140,1,0.41735,196,7,350,2,0.1,TINYIMAGENET_alexnet_GEN_accuracy_kp1000_seed456,456,8000,200,42,accuracy,100456,0.41455,4,2.987034291172028,11.326947130262852,10,2.987034291172028,valid,0.4116047701624392,0.42610846965982263,0.41455,100456
GEN,0.4249,140,140,offspring,190,160,TINYIMAGENET,201,main_b1000_tinyimagenet_alexnet_GEN_kp10_seed456,0.1,0.4172,22,False,0.1,alexnet,False,0,0,2,0.4249,140,1,0.41735,196,7,350,3,0.1,TINYIMAGENET_alexnet_GEN_accuracy_kp1000_seed456,456,8000,201,42,accuracy,100456,0.4172,4,2.9697165305137636,11.33738411962986,10,2.9697165305137636,valid,0.4121243766645074,0.42386628988867286,0.4172,100456
GEN,0.4249,140,140,offspring,168,170,TINYIMAGENET,202,main_b1000_tinyimagenet_alexnet_GEN_kp10_seed456,0.1,0.41975,22,False,0.1,alexnet,False,0,0,1,0.4199,195,6,0.4249,140,1,338,4,0.1,TINYIMAGENET_alexnet_GEN_accuracy_kp1000_seed456,456,8000,202,42,accuracy,100456,0.41975,4,2.966035777759552,11.361243605613708,10,2.966035777759552,valid,0.4139833840157942,0.4246921812786752,0.41975,100456
GEN,0.4249,140,140,offspring,170,168,TINYIMAGENET,203,main_b1000_tinyimagenet_alexnet_GEN_kp10_seed456,0.1,0.41435,22,False,0.1,alexnet,True,800,400,2,0.4199,195,6,0.4249,140,1,338,5,0.1,TINYIMAGENET_alexnet_GEN_accuracy_kp1000_seed456,456,8000,203,42,accuracy,100456,0.41435,4,2.974562064599991,11.224007025361061,10,2.974562064599991,valid,0.40928344442585946,0.42348519776911425,0.41435,100456
GEN,0.4249,140,140,offspring,432,398,TINYIMAGENET,204,main_b1000_tinyimagenet_alexnet_GEN_kp10_seed456,0.1,0.42,22,False,0.1,alexnet,False,0,0,1,0.4206,192,3,0.4249,140,1,830,6,0.1,TINYIMAGENET_alexnet_GEN_accuracy_kp1000_seed456,456,8000,204,42,accuracy,100456,0.42,4,2.9644223564624785,11.153710022568703,10,2.9644223564624785,valid,0.41557019871598927,0.4273998799450914,0.42,100456
GEN,0.4249,140,140,offspring,398,432,TINYIMAGENET,205,main_b1000_tinyimagenet_alexnet_GEN_kp10_seed456,0.1,0.4163,22,False,0.1,alexnet,False,0,0,2,0.4206,192,3,0.4249,140,1,830,7,0.1,TINYIMAGENET_alexnet_GEN_accuracy_kp1000_seed456,456,8000,205,42,accuracy,100456,0.4163,4,2.967851550531387,11.215927578508854,10,2.967851550531387,valid,0.4110021271211501,0.42309095369809585,0.4163,100456
GEN,0.4249,140,140,offspring,180,170,TINYIMAGENET,206,main_b1000_tinyimagenet_alexnet_GEN_kp10_seed456,0.1,0.41565,22,False,0.1,alexnet,False,0,0,1,0.41735,196,7,0.4249,140,1,350,8,0.1,TINYIMAGENET_alexnet_GEN_accuracy_kp1000_seed456,456,8000,206,42,accuracy,100456,0.41565,4,2.978391913700104,11.23635721206665,10,2.978391913700104,valid,0.4109792600731544,0.42555963623668985,0.4156500000000001,100456
GEN,0.4249,140,140,offspring,170,180,TINYIMAGENET,207,main_b1000_tinyimagenet_alexnet_GEN_kp10_seed456,0.1,0.4177,22,False,0.1,alexnet,False,0,0,2,0.41735,196,7,0.4249,140,1,350,9,0.1,TINYIMAGENET_alexnet_GEN_accuracy_kp1000_seed456,456,8000,207,42,accuracy,100456,0.4177,4,2.971232573890686,11.258287139236927,10,2.971232573890686,valid,0.413206463542535,0.42654752953263525,0.41769999999999996,100456
GEN,0.4249,140,140,offspring,456,458,TINYIMAGENET,208,main_b1000_tinyimagenet_alexnet_GEN_kp10_seed456,0.1,0.41605,22,False,0.1,alexnet,True,800,400,1,0.4199,195,6,0.4206,192,3,914,10,0.1,TINYIMAGENET_alexnet_GEN_accuracy_kp1000_seed456,456,8000,208,42,accuracy,100456,0.41605,4,2.9710200026512146,11.318874143064022,10,2.9710200026512146,valid,0.41164605343688954,0.4280602463214516,0.41605000000000003,100456
GEN,0.4249,140,140,offspring,700,662,TINYIMAGENET,209,main_b1000_tinyimagenet_alexnet_GEN_kp10_seed456,0.1,0.41775,23,False,0.1,alexnet,False,0,0,1,0.4249,140,1,0.41605,208,10,1362,2,0.1,TINYIMAGENET_alexnet_GEN_accuracy_kp1000_seed456,456,8000,209,42,accuracy,100456,0.41775,4,2.966642863988876,11.228027522563934,10,2.966642863988876,valid,0.4137361915293696,0.42602610160764015,0.41775,100456
GEN,0.4249,140,140,offspring,662,700,TINYIMAGENET,210,main_b1000_tinyimagenet_alexnet_GEN_kp10_seed456,0.1,0.416,23,False,0.1,alexnet,False,0,0,2,0.4249,140,1,0.41605,208,10,1362,3,0.1,TINYIMAGENET_alexnet_GEN_accuracy_kp1000_seed456,456,8000,210,42,accuracy,100456,0.416,4,2.9567744389533996,11.145408570766449,10,2.9567744389533996,valid,0.4126850957280183,0.4252732103932276,0.41600000000000004,100456
GEN,0.4249,140,140,offspring,70,100,TINYIMAGENET,211,main_b1000_tinyimagenet_alexnet_GEN_kp10_seed456,0.1,0.41535,23,False,0.1,alexnet,False,0,0,1,0.4249,140,1,0.41975,202,4,170,4,0.1,TINYIMAGENET_alexnet_GEN_accuracy_kp1000_seed456,456,8000,211,42,accuracy,100456,0.41535,4,2.9802762341499327,11.315118715167046,10,2.9802762341499327,valid,0.4103828647700164,0.4234465873668947,0.41535000000000005,100456
GEN,0.4249,140,140,offspring,100,70,TINYIMAGENET,212,main_b1000_tinyimagenet_alexnet_GEN_kp10_seed456,0.1,0.41755,23,False,0.1,alexnet,False,0,0,2,0.4249,140,1,0.41975,202,4,170,5,0.1,TINYIMAGENET_alexnet_GEN_accuracy_kp1000_seed456,456,8000,212,42,accuracy,100456,0.41755,4,2.9669231801986693,11.260593958199024,10,2.9669231801986693,valid,0.41218520085439025,0.4262284904750678,0.41755000000000003,100456
GEN,0.4249,140,140,offspring,260,270,TINYIMAGENET,213,main_b1000_tinyimagenet_alexnet_GEN_kp10_seed456,0.1,0.41575,23,False,0.1,alexnet,False,0,0,1,0.42,204,6,0.4177,207,9,530,6,0.1,TINYIMAGENET_alexnet_GEN_accuracy_kp1000_seed456,456,8000,213,42,accuracy,100456,0.41575,4,2.9669687174320223,11.193822637200356,10,2.9669687174320223,valid,0.41193916548877424,0.4244966560344314,0.41575,100456
GEN,0.4249,140,140,offspring,270,260,TINYIMAGENET,214,main_b1000_tinyimagenet_alexnet_GEN_kp10_seed456,0.1,0.4172,23,False,0.1,alexnet,False,0,0,2,0.42,204,6,0.4177,207,9,530,7,0.1,TINYIMAGENET_alexnet_GEN_accuracy_kp1000_seed456,456,8000,214,42,accuracy,100456,0.4172,4,2.9628078124523163,11.289938256144524,10,2.9628078124523163,valid,0.41405379360907774,0.4253168892256427,0.4172,100456
GEN,0.4249,140,140,offspring,278,264,TINYIMAGENET,215,main_b1000_tinyimagenet_alexnet_GEN_kp10_seed456,0.1,0.417,23,False,0.1,alexnet,False,0,0,1,0.4172,201,3,0.42,204,6,542,8,0.1,TINYIMAGENET_alexnet_GEN_accuracy_kp1000_seed456,456,8000,215,42,accuracy,100456,0.417,4,2.9682062227249144,11.143505804240704,10,2.9682062227249144,valid,0.41321578734429154,0.4248037730002695,0.41700000000000004,100456
GEN,0.4249,140,140,offspring,264,278,TINYIMAGENET,216,main_b1000_tinyimagenet_alexnet_GEN_kp10_seed456,0.1,0.41975,23,False,0.1,alexnet,False,0,0,2,0.4172,201,3,0.42,204,6,542,9,0.1,TINYIMAGENET_alexnet_GEN_accuracy_kp1000_seed456,456,8000,216,42,accuracy,100456,0.41975,4,2.9702077990055082,11.227955974638462,10,2.9702077990055082,valid,0.4147467670709781,0.42942934361162133,0.41975000000000007,100456
GEN,0.4249,140,140,offspring,278,252,TINYIMAGENET,217,main_b1000_tinyimagenet_alexnet_GEN_kp10_seed456,0.1,0.4176,23,False,0.1,alexnet,False,0,0,1,0.42,204,6,0.4177,207,9,530,10,0.1,TINYIMAGENET_alexnet_GEN_accuracy_kp1000_seed456,456,8000,217,42,accuracy,100456,0.4176,4,2.963610115480423,11.313518978655338,10,2.963610115480423,valid,0.41201486760129025,0.4236701318546644,0.4176,100456
GEN,0.4249,140,140,offspring,54,46,TINYIMAGENET,218,main_b1000_tinyimagenet_alexnet_GEN_kp10_seed456,0.1,0.41755,24,False,0.1,alexnet,False,0,0,1,0.4249,140,1,0.41755,212,5,100,2,0.1,TINYIMAGENET_alexnet_GEN_accuracy_kp1000_seed456,456,8000,218,42,accuracy,100456,0.41755,4,2.9714959349632264,14.249126061797142,10,2.9714959349632264,valid,0.41302437758676175,0.42624210691034775,0.41755,100456
GEN,0.4249,140,140,offspring,46,54,TINYIMAGENET,219,main_b1000_tinyimagenet_alexnet_GEN_kp10_seed456,0.1,0.41935,24,False,0.1,alexnet,False,0,0,2,0.4249,140,1,0.41755,212,5,100,3,0.1,TINYIMAGENET_alexnet_GEN_accuracy_kp1000_seed456,456,8000,219,42,accuracy,100456,0.41935,5,2.9766141375541686,14.110435336828232,10,2.9766141375541686,valid,0.4150125038247792,0.42473215418347476,0.41934999999999995,100456
GEN,0.4249,140,140,offspring,378,366,TINYIMAGENET,220,main_b1000_tinyimagenet_alexnet_GEN_kp10_seed456,0.1,0.4136,24,False,0.1,alexnet,False,0,0,1,0.41775,209,2,0.41755,212,5,744,4,0.1,TINYIMAGENET_alexnet_GEN_accuracy_kp1000_seed456,456,8000,220,42,accuracy,100456,0.4136,4,2.962603908586502,14.173158437013626,10,2.962603908586502,valid,0.40884024957111165,0.4209694688795909,0.41359999999999997,100456
GEN,0.4249,140,140,offspring,366,378,TINYIMAGENET,221,main_b1000_tinyimagenet_alexnet_GEN_kp10_seed456,0.1,0.4164,24,False,0.1,alexnet,False,0,0,2,0.41775,209,2,0.41755,212,5,744,5,0.1,TINYIMAGENET_alexnet_GEN_accuracy_kp1000_seed456,456,8000,221,42,accuracy,100456,0.4164,4,2.9606536091327667,14.263880349695683,10,2.9606536091327667,valid,0.41223472984067117,0.4260072948526246,0.4164,100456
GEN,0.4249,140,140,offspring,50,50,TINYIMAGENET,222,main_b1000_tinyimagenet_alexnet_GEN_kp10_seed456,0.1,0.41905,24,False,0.1,alexnet,False,0,0,1,0.4249,140,1,0.41755,212,5,100,6,0.1,TINYIMAGENET_alexnet_GEN_accuracy_kp1000_seed456,456,8000,222,42,accuracy,100456,0.41905,5,2.9714246049404145,14.218716837465763,10,2.9714246049404145,valid,0.4141386627704645,0.42145669485393106,0.41905000000000003,100456
GEN,0.4249,140,140,offspring,50,50,TINYIMAGENET,223,main_b1000_tinyimagenet_alexnet_GEN_kp10_seed456,0.1,0.417,24,False,0.1,alexnet,False,0,0,2,0.4249,140,1,0.41755,212,5,100,7,0.1,TINYIMAGENET_alexnet_GEN_accuracy_kp1000_seed456,456,8000,223,42,accuracy,100456,0.417,4,2.964228108024597,14.274924457073212,10,2.964228108024597,valid,0.41271197932207543,0.4269853066525829,0.41700000000000004,100456
GEN,0.4249,140,140,offspring,440,408,TINYIMAGENET,224,main_b1000_tinyimagenet_alexnet_GEN_kp10_seed456,0.1,0.41845,24,False,0.1,alexnet,False,0,0,1,0.4176,217,10,0.41775,209,2,848,8,0.1,TINYIMAGENET_alexnet_GEN_accuracy_kp1000_seed456,456,8000,224,42,accuracy,100456,0.41845,4,2.9730564640045167,14.10329432040453,10,2.9730564640045167,valid,0.41435817395442087,0.4265473481367277,0.41845,100456
GEN,0.4249,140,140,offspring,408,440,TINYIMAGENET,225,main_b1000_tinyimagenet_alexnet_GEN_kp10_seed456,0.1,0.41965,24,False,0.1,alexnet,False,0,0,2,0.4176,217,10,0.41775,209,2,848,9,0.1,TINYIMAGENET_alexnet_GEN_accuracy_kp1000_seed456,456,8000,225,42,accuracy,100456,0.41965,4,2.960604588985443,14.236106619238853,10,2.960604588985443,valid,0.41639118433953703,0.4304417689257267,0.41965,100456
GEN,0.4249,140,140,offspring,144,148,TINYIMAGENET,226,main_b1000_tinyimagenet_alexnet_GEN_kp10_seed456,0.1,0.4166,24,False,0.1,alexnet,False,0,0,1,0.4249,140,1,0.41975,216,9,292,10,0.1,TINYIMAGENET_alexnet_GEN_accuracy_kp1000_seed456,456,8000,226,42,accuracy,100456,0.4166,4,2.952398549079895,14.31631700694561,10,2.952398549079895,valid,0.4123422732680579,0.4251039896844584,0.4166,100456
GEN,0.4249,140,140,offspring,42,58,TINYIMAGENET,227,main_b1000_tinyimagenet_alexnet_GEN_kp10_seed456,0.1,0.41615,25,False,0.1,alexnet,False,0,0,1,0.41905,222,6,0.417,223,7,100,2,0.1,TINYIMAGENET_alexnet_GEN_accuracy_kp1000_seed456,456,8000,227,42,accuracy,100456,0.41615,4,2.9708099209785463,14.13749934732914,10,2.9708099209785463,valid,0.4110735110118089,0.42550479000473956,0.41615,100456
GEN,0.4249,140,140,offspring,58,42,TINYIMAGENET,228,main_b1000_tinyimagenet_alexnet_GEN_kp10_seed456,0.1,0.4147,25,False,0.1,alexnet,False,0,0,2,0.41905,222,6,0.417,223,7,100,3,0.1,TINYIMAGENET_alexnet_GEN_accuracy_kp1000_seed456,456,8000,228,42,accuracy,100456,0.4147,4,2.9789798624515536,13.872623234987259,10,2.9789798624515536,valid,0.41159341851615155,0.4264451542335261,0.4147,100456
GEN,0.4249,140,140,offspring,22,24,TINYIMAGENET,229,main_b1000_tinyimagenet_alexnet_GEN_kp10_seed456,0.1,0.42025,25,False,0.1,alexnet,False,0,0,1,0.41935,219,3,0.4249,140,1,46,4,0.1,TINYIMAGENET_alexnet_GEN_accuracy_kp1000_seed456,456,8000,229,42,accuracy,100456,0.42025,5,2.987611261034012,14.26163824647665,10,2.987611261034012,valid,0.41655323893684454,0.42626470430517116,0.42025000000000007,100456
GEN,0.4249,140,140,offspring,24,22,TINYIMAGENET,230,main_b1000_tinyimagenet_alexnet_GEN_kp10_seed456,0.1,0.42195,25,False,0.1,alexnet,False,0,0,2,0.41935,219,3,0.4249,140,1,46,5,0.1,TINYIMAGENET_alexnet_GEN_accuracy_kp1000_seed456,456,8000,230,42,accuracy,100456,0.42195,5,2.9778824031829836,14.232092246413231,10,2.9778824031829836,valid,0.417351161930077,0.4269313365734941,0.42195,100456
GEN,0.4249,140,140,offspring,20,30,TINYIMAGENET,231,main_b1000_tinyimagenet_alexnet_GEN_kp10_seed456,0.1,0.41955,25,False,0.1,alexnet,False,0,0,1,0.41905,222,6,0.4249,140,1,50,6,0.1,TINYIMAGENET_alexnet_GEN_accuracy_kp1000_seed456,456,8000,231,42,accuracy,100456,0.41955,5,2.9715327044963837,14.358812153339386,10,2.9715327044963837,valid,0.4141960922681367,0.42219537450892586,0.41955000000000003,100456
GEN,0.4249,140,140,offspring,30,20,TINYIMAGENET,232,main_b1000_tinyimagenet_alexnet_GEN_kp10_seed456,0.1,0.4168,25,False,0.1,alexnet,False,0,0,2,0.41905,222,6,0.4249,140,1,50,7,0.1,TINYIMAGENET_alexnet_GEN_accuracy_kp1000_seed456,456,8000,232,42,accuracy,100456,0.4168,4,2.9681800840377806,14.202138066291809,10,2.9681800840377806,valid,0.4122005125025018,0.4264078945512451,0.41680000000000006,100456
GEN,0.4249,140,140,offspring,274,226,TINYIMAGENET,233,main_b1000_tinyimagenet_alexnet_GEN_kp10_seed456,0.1,0.41805,25,False,0.1,alexnet,False,0,0,1,0.41965,225,9,0.41935,219,3,500,8,0.1,TINYIMAGENET_alexnet_GEN_accuracy_kp1000_seed456,456,8000,233,42,accuracy,100456,0.41805,5,2.9877425981521606,14.258750438690186,10,2.9877425981521606,valid,0.4130613493118655,0.422638881757296,0.41805,100456
GEN,0.4249,140,140,offspring,226,274,TINYIMAGENET,234,main_b1000_tinyimagenet_alexnet_GEN_kp10_seed456,0.1,0.41535,25,False,0.1,alexnet,False,0,0,2,0.41965,225,9,0.41935,219,3,500,9,0.1,TINYIMAGENET_alexnet_GEN_accuracy_kp1000_seed456,456,8000,234,42,accuracy,100456,0.41535,4,2.9679585041999816,14.313337840139866,10,2.9679585041999816,valid,0.4107846684830573,0.4248270591372619,0.4153500000000001,100456
GEN,0.4249,140,140,offspring,282,278,TINYIMAGENET,235,main_b1000_tinyimagenet_alexnet_GEN_kp10_seed456,0.1,0.42045,25,False,0.1,alexnet,False,0,0,1,0.41845,224,8,0.4166,226,10,560,10,0.1,TINYIMAGENET_alexnet_GEN_accuracy_kp1000_seed456,456,8000,235,42,accuracy,100456,0.42045,4,2.9544182348251344,14.357365667819977,10,2.9544182348251344,valid,0.41631587282379684,0.42976824513692774,0.42045,100456
GEN,0.4249,140,140,offspring,180,176,TINYIMAGENET,236,main_b1000_tinyimagenet_alexnet_GEN_kp10_seed456,0.1,0.41405,26,False,0.1,alexnet,True,800,400,1,0.42045,235,10,0.41955,231,6,356,2,0.1,TINYIMAGENET_alexnet_GEN_accuracy_kp1000_seed456,456,8000,236,42,accuracy,100456,0.41405,4,2.95776230802536,14.240354031324387,10,2.95776230802536,valid,0.41074422925851795,0.42453367773556067,0.41405000000000003,100456
GEN,0.4249,140,140,offspring,176,180,TINYIMAGENET,237,main_b1000_tinyimagenet_alexnet_GEN_kp10_seed456,0.1,0.4171,26,False,0.1,alexnet,False,0,0,2,0.42045,235,10,0.41955,231,6,356,3,0.1,TINYIMAGENET_alexnet_GEN_accuracy_kp1000_seed456,456,8000,237,42,accuracy,100456,0.4171,4,2.9780909060001375,14.157605342566967,10,2.9780909060001375,valid,0.4123787613781329,0.4259001122536825,0.4171000000000001,100456
GEN,0.4249,140,140,offspring,20,10,TINYIMAGENET,238,main_b1000_tinyimagenet_alexnet_GEN_kp10_seed456,0.1,0.4157,26,False,0.1,alexnet,False,0,0,1,0.41955,231,6,0.4249,140,1,30,4,0.1,TINYIMAGENET_alexnet_GEN_accuracy_kp1000_seed456,456,8000,238,42,accuracy,100456,0.4157,4,2.988959306526184,14.28976558893919,10,2.988959306526184,valid,0.4105914533474235,0.42415842050267194,0.4157,100456
GEN,0.4249,140,140,offspring,10,20,TINYIMAGENET,239,main_b1000_tinyimagenet_alexnet_GEN_kp10_seed456,0.1,0.4155,26,False,0.1,alexnet,False,0,0,2,0.41955,231,6,0.4249,140,1,30,5,0.1,TINYIMAGENET_alexnet_GEN_accuracy_kp1000_seed456,456,8000,239,42,accuracy,100456,0.4155,4,2.9577881543636324,14.364407792687416,10,2.9577881543636324,valid,0.4098858546374744,0.42128990524051946,0.41550000000000004,100456
GEN,0.4249,140,140,offspring,166,168,TINYIMAGENET,240,main_b1000_tinyimagenet_alexnet_GEN_kp10_seed456,0.1,0.4164,26,False,0.1,alexnet,False,0,0,1,0.4249,140,1,0.42045,235,10,334,6,0.1,TINYIMAGENET_alexnet_GEN_accuracy_kp1000_seed456,456,8000,240,42,accuracy,100456,0.4164,4,2.9674022179603576,14.292400501668453,10,2.9674022179603576,valid,0.41161482158759766,0.4259348755515157,0.4164,100456
GEN,0.4249,140,140,offspring,168,166,TINYIMAGENET,241,main_b1000_tinyimagenet_alexnet_GEN_kp10_seed456,0.1,0.4169,26,False,0.1,alexnet,True,800,400,2,0.4249,140,1,0.42045,235,10,334,7,0.1,TINYIMAGENET_alexnet_GEN_accuracy_kp1000_seed456,456,8000,241,42,accuracy,100456,0.4169,4,2.9617488298416137,14.297436997294426,10,2.9617488298416137,valid,0.4131606004663499,0.4236195213812225,0.4169,100456
GEN,0.4249,140,140,offspring,176,174,TINYIMAGENET,242,main_b1000_tinyimagenet_alexnet_GEN_kp10_seed456,0.1,0.41775,26,False,0.1,alexnet,False,0,0,1,0.42195,230,5,0.42045,235,10,350,8,0.1,TINYIMAGENET_alexnet_GEN_accuracy_kp1000_seed456,456,8000,242,42,accuracy,100456,0.41775,4,2.960252313232422,14.376330353319645,10,2.960252313232422,valid,0.4136921525555903,0.42791164783500946,0.41775,100456
GEN,0.4249,140,140,offspring,174,176,TINYIMAGENET,243,main_b1000_tinyimagenet_alexnet_GEN_kp10_seed456,0.1,0.41505,26,False,0.1,alexnet,False,0,0,2,0.42195,230,5,0.42045,235,10,350,9,0.1,TINYIMAGENET_alexnet_GEN_accuracy_kp1000_seed456,456,8000,243,42,accuracy,100456,0.41505,4,2.9675740189552307,14.338358856737614,10,2.9675740189552307,valid,0.41041743918547297,0.42520762494136877,0.41505,100456
GEN,0.4249,140,140,offspring,248,262,TINYIMAGENET,244,main_b1000_tinyimagenet_alexnet_GEN_kp10_seed456,0.1,0.41055,26,False,0.1,alexnet,False,0,0,1,0.42045,235,10,0.41805,233,8,510,10,0.1,TINYIMAGENET_alexnet_GEN_accuracy_kp1000_seed456,456,8000,244,42,accuracy,100456,0.41055,3,2.9547978120803835,14.367547139525414,10,2.9547978120803835,valid,0.40793371320653304,0.428026515857288,0.41054999999999997,100456
GEN,0.4249,140,140,offspring,12,8,TINYIMAGENET,245,main_b1000_tinyimagenet_alexnet_GEN_kp10_seed456,0.1,0.41695,27,False,0.1,alexnet,True,800,400,1,0.4155,239,5,0.4249,140,1,20,2,0.1,TINYIMAGENET_alexnet_GEN_accuracy_kp1000_seed456,456,8000,245,42,accuracy,100456,0.41695,4,2.9773562527656554,14.275511287152767,10,2.9773562527656554,valid,0.41211739436206385,0.4242108234938543,0.41694999999999993,100456
GEN,0.4249,140,140,offspring,8,12,TINYIMAGENET,246,main_b1000_tinyimagenet_alexnet_GEN_kp10_seed456,0.1,0.41455,27,False,0.1,alexnet,False,0,0,2,0.4155,239,5,0.4249,140,1,20,3,0.1,TINYIMAGENET_alexnet_GEN_accuracy_kp1000_seed456,456,8000,246,42,accuracy,100456,0.41455,4,2.976983546543121,14.253246434032917,10,2.976983546543121,valid,0.41152425300924006,0.42614746040261836,0.41455,100456
GEN,0.4249,140,140,offspring,452,512,TINYIMAGENET,247,main_b1000_tinyimagenet_alexnet_GEN_kp10_seed456,0.1,0.41625,27,False,0.1,alexnet,False,0,0,1,0.4169,241,7,0.4249,140,1,964,4,0.1,TINYIMAGENET_alexnet_GEN_accuracy_kp1000_seed456,456,8000,247,42,accuracy,100456,0.41625,4,2.9567773294448854,14.356306158006191,10,2.9567773294448854,valid,0.41244878216989106,0.4244160808747807,0.41625,100456
GEN,0.4249,140,140,offspring,512,452,TINYIMAGENET,248,main_b1000_tinyimagenet_alexnet_GEN_kp10_seed456,0.1,0.4176,27,False,0.1,alexnet,True,800,400,2,0.4169,241,7,0.4249,140,1,964,5,0.1,TINYIMAGENET_alexnet_GEN_accuracy_kp1000_seed456,456,8000,248,42,accuracy,100456,0.4176,4,2.9691279287815093,14.354155100882053,10,2.9691279287815093,valid,0.41155679640382076,0.4213007602816144,0.4176,100456
GEN,0.4249,140,140,offspring,96,90,TINYIMAGENET,249,main_b1000_tinyimagenet_alexnet_GEN_kp10_seed456,0.1,0.41945,27,False,0.1,alexnet,False,0,0,1,0.41775,242,8,0.4249,140,1,186,6,0.1,TINYIMAGENET_alexnet_GEN_accuracy_kp1000_seed456,456,8000,249,42,accuracy,100456,0.41945,4,2.979175302839279,14.267955556511879,10,2.979175302839279,valid,0.4155895008493055,0.43060415058553003,0.41945,100456
GEN,0.4249,140,140,offspring,90,96,TINYIMAGENET,250,main_b1000_tinyimagenet_alexnet_GEN_kp10_seed456,0.1,0.41355,27,False,0.1,alexnet,False,0,0,2,0.41775,242,8,0.4249,140,1,186,7,0.1,TINYIMAGENET_alexnet_GEN_accuracy_kp1000_seed456,456,8000,250,42,accuracy,100456,0.41355,4,2.9633711777687073,14.31665613502264,10,2.9633711777687073,valid,0.4095512444279968,0.42274292705745736,0.41355000000000003,100456
GEN,0.4249,140,140,offspring,502,462,TINYIMAGENET,251,main_b1000_tinyimagenet_alexnet_GEN_kp10_seed456,0.1,0.4183,27,False,0.1,alexnet,False,0,0,1,0.4169,241,7,0.4249,140,1,964,8,0.1,TINYIMAGENET_alexnet_GEN_accuracy_kp1000_seed456,456,8000,251,42,accuracy,100456,0.4183,4,2.9644920480251313,14.334746092557907,10,2.9644920480251313,valid,0.4140856253339482,0.4275891606356542,0.4183,100456
GEN,0.4249,140,140,offspring,462,502,TINYIMAGENET,252,main_b1000_tinyimagenet_alexnet_GEN_kp10_seed456,0.1,0.41905,27,False,0.1,alexnet,False,0,0,2,0.4169,241,7,0.4249,140,1,964,9,0.1,TINYIMAGENET_alexnet_GEN_accuracy_kp1000_seed456,456,8000,252,42,accuracy,100456,0.41905,4,2.95559468793869,14.390749044716358,10,2.95559468793869,valid,0.4143550922851762,0.4280681056181642,0.41905000000000003,100456
GEN,0.4249,140,140,offspring,100,86,TINYIMAGENET,253,main_b1000_tinyimagenet_alexnet_GEN_kp10_seed456,0.1,0.4189,27,False,0.1,alexnet,False,0,0,1,0.41775,242,8,0.4249,140,1,186,10,0.1,TINYIMAGENET_alexnet_GEN_accuracy_kp1000_seed456,456,8000,253,42,accuracy,100456,0.4189,4,2.948643039751053,14.334726750850677,10,2.948643039751053,valid,0.4149275097923049,0.42712550235173447,0.4189,100456
GEN,0.4249,140,140,offspring,242,260,TINYIMAGENET,254,main_b1000_tinyimagenet_alexnet_GEN_kp10_seed456,0.1,0.41695,28,False,0.1,alexnet,False,0,0,1,0.41905,252,9,0.4249,140,1,502,2,0.1,TINYIMAGENET_alexnet_GEN_accuracy_kp1000_seed456,456,8000,254,42,accuracy,100456,0.41695,4,2.9664899888038634,14.24837613850832,10,2.9664899888038634,valid,0.41213366693380576,0.4245492836399066,0.41695,100456
GEN,0.4249,140,140,offspring,260,242,TINYIMAGENET,255,main_b1000_tinyimagenet_alexnet_GEN_kp10_seed456,0.1,0.41755,28,False,0.1,alexnet,False,0,0,2,0.41905,252,9,0.4249,140,1,502,3,0.1,TINYIMAGENET_alexnet_GEN_accuracy_kp1000_seed456,456,8000,255,42,accuracy,100456,0.41755,4,2.963997596359253,14.265078097581863,10,2.963997596359253,valid,0.412828416923293,0.42455491129151585,0.41755,100456
GEN,0.4249,140,140,offspring,286,270,TINYIMAGENET,256,main_b1000_tinyimagenet_alexnet_GEN_kp10_seed456,0.1,0.41745,28,False,0.1,alexnet,False,0,0,1,0.41945,249,6,0.41905,252,9,556,4,0.1,TINYIMAGENET_alexnet_GEN_accuracy_kp1000_seed456,456,8000,256,42,accuracy,100456,0.41745,4,2.9675815280914306,14.361718334257603,10,2.9675815280914306,valid,0.41356105377521246,0.4267592624187654,0.41745000000000004,100456
GEN,0.4249,140,140,offspring,270,286,TINYIMAGENET,257,main_b1000_tinyimagenet_alexnet_GEN_kp10_seed456,0.1,0.4133,28,False,0.1,alexnet,True,800,400,2,0.41945,249,6,0.41905,252,9,556,5,0.1,TINYIMAGENET_alexnet_GEN_accuracy_kp1000_seed456,456,8000,257,42,accuracy,100456,0.4133,4,2.960426895046234,14.370463006198406,10,2.960426895046234,valid,0.4090070522158815,0.42153125413754033,0.4133,100456
GEN,0.4249,140,140,offspring,286,270,TINYIMAGENET,258,main_b1000_tinyimagenet_alexnet_GEN_kp10_seed456,0.1,0.4176,28,False,0.1,alexnet,False,0,0,1,0.41945,249,6,0.41905,252,9,556,6,0.1,TINYIMAGENET_alexnet_GEN_accuracy_kp1000_seed456,456,8000,258,42,accuracy,100456,0.4176,4,2.964091097307205,14.251776807010174,10,2.964091097307205,valid,0.412749856795527,0.4249721388459485,0.4176,100456
GEN,0.4249,140,140,offspring,270,286,TINYIMAGENET,259,main_b1000_tinyimagenet_alexnet_GEN_kp10_seed456,0.1,0.4182,28,False,0.1,alexnet,False,0,0,2,0.41945,249,6,0.41905,252,9,556,7,0.1,TINYIMAGENET_alexnet_GEN_accuracy_kp1000_seed456,456,8000,259,42,accuracy,100456,0.4182,4,2.958612900733948,14.233680792152882,10,2.958612900733948,valid,0.4146948690648648,0.4271019776283711,0.4181999999999999,100456
GEN,0.4249,140,140,offspring,44,46,TINYIMAGENET,260,main_b1000_tinyimagenet_alexnet_GEN_kp10_seed456,0.1,0.41865,28,False,0.1,alexnet,False,0,0,1,0.4249,140,1,0.41945,249,6,90,8,0.1,TINYIMAGENET_alexnet_GEN_accuracy_kp1000_seed456,456,8000,260,42,accuracy,100456,0.41865,4,2.9491720729351045,14.318931676447392,10,2.9491720729351045,valid,0.41356436537163677,0.4233680339074655,0.41865,100456
GEN,0.4249,140,140,offspring,46,44,TINYIMAGENET,261,main_b1000_tinyimagenet_alexnet_GEN_kp10_seed456,0.1,0.4167,28,False,0.1,alexnet,False,0,0,2,0.4249,140,1,0.41945,249,6,90,9,0.1,TINYIMAGENET_alexnet_GEN_accuracy_kp1000_seed456,456,8000,261,42,accuracy,100456,0.4167,4,2.96261271481514,14.205014914274216,10,2.96261271481514,valid,0.4132742488606878,0.4266993203985494,0.41669999999999996,100456
GEN,0.4249,140,140,offspring,268,234,TINYIMAGENET,262,main_b1000_tinyimagenet_alexnet_GEN_kp10_seed456,0.1,0.41905,28,False,0.1,alexnet,False,0,0,1,0.4183,251,8,0.4189,253,10,502,10,0.1,TINYIMAGENET_alexnet_GEN_accuracy_kp1000_seed456,456,8000,262,42,accuracy,100456,0.41905,4,2.962144688415527,14.208507642149925,10,2.962144688415527,valid,0.41380080499700256,0.42527769535032334,0.41905000000000003,100456
GEN,0.4249,140,140,offspring,18,26,TINYIMAGENET,263,main_b1000_tinyimagenet_alexnet_GEN_kp10_seed456,0.1,0.41655,29,False,0.1,alexnet,False,0,0,1,0.41865,260,8,0.4249,140,1,44,2,0.1,TINYIMAGENET_alexnet_GEN_accuracy_kp1000_seed456,456,8000,263,42,accuracy,100456,0.41655,4,2.9496795362472534,14.172935388982296,10,2.9496795362472534,valid,0.41160488120482275,0.42121812437121975,0.41655000000000003,100456
GEN,0.4249,140,140,offspring,26,18,TINYIMAGENET,264,main_b1000_tinyimagenet_alexnet_GEN_kp10_seed456,0.1,0.41555,29,False,0.1,alexnet,False,0,0,2,0.41865,260,8,0.4249,140,1,44,3,0.1,TINYIMAGENET_alexnet_GEN_accuracy_kp1000_seed456,456,8000,264,42,accuracy,100456,0.41555,4,2.971264133119583,14.306964129209518,10,2.971264133119583,valid,0.41168287822262917,0.42641418080555404,0.41555,100456
GEN,0.4249,140,140,offspring,14,30,TINYIMAGENET,265,main_b1000_tinyimagenet_alexnet_GEN_kp10_seed456,0.1,0.415,29,False,0.1,alexnet,False,0,0,1,0.4249,140,1,0.41865,260,8,44,4,0.1,TINYIMAGENET_alexnet_GEN_accuracy_kp1000_seed456,456,8000,265,42,accuracy,100456,0.415,4,2.9783744697093963,14.285537473857403,10,2.9783744697093963,valid,0.41096826046791707,0.42505391729935077,0.415,100456
GEN,0.4249,140,140,offspring,30,14,TINYIMAGENET,266,main_b1000_tinyimagenet_alexnet_GEN_kp10_seed456,0.1,0.4164,29,False,0.1,alexnet,False,0,0,2,0.4249,140,1,0.41865,260,8,44,5,0.1,TINYIMAGENET_alexnet_GEN_accuracy_kp1000_seed456,456,8000,266,42,accuracy,100456,0.4164,4,2.9605157096385954,14.268489956855774,10,2.9605157096385954,valid,0.41249007025202494,0.42414578370629225,0.4164,100456
GEN,0.4249,140,140,offspring,152,128,TINYIMAGENET,267,main_b1000_tinyimagenet_alexnet_GEN_kp10_seed456,0.1,0.41615,29,False,0.1,alexnet,False,0,0,1,0.41755,255,3,0.41865,260,8,280,6,0.1,TINYIMAGENET_alexnet_GEN_accuracy_kp1000_seed456,456,8000,267,42,accuracy,100456,0.41615,4,2.963648812866211,11.228856429457664,10,2.963648812866211,valid,0.4105370802102378,0.42137614340249285,0.41614999999999996,100456
GEN,0.4249,140,140,offspring,128,152,TINYIMAGENET,268,main_b1000_tinyimagenet_alexnet_GEN_kp10_seed456,0.1,0.4173,29,False,0.1,alexnet,False,0,0,2,0.41755,255,3,0.41865,260,8,280,7,0.1,TINYIMAGENET_alexnet_GEN_accuracy_kp1000_seed456,456,8000,268,42,accuracy,100456,0.4173,4,2.9564466855049134,11.307164877653122,10,2.9564466855049134,valid,0.4119871561871429,0.4231419080653687,0.41730000000000006,100456
GEN,0.4249,140,140,offspring,118,124,TINYIMAGENET,269,main_b1000_tinyimagenet_alexnet_GEN_kp10_seed456,0.1,0.41755,29,False,0.1,alexnet,False,0,0,1,0.4249,140,1,0.41755,255,3,242,8,0.1,TINYIMAGENET_alexnet_GEN_accuracy_kp1000_seed456,456,8000,269,42,accuracy,100456,0.41755,4,2.9597818881988527,11.29564356803894,10,2.9597818881988527,valid,0.4133114095311725,0.42712192032869367,0.41755,100456
GEN,0.4249,140,140,offspring,124,118,TINYIMAGENET,270,main_b1000_tinyimagenet_alexnet_GEN_kp10_seed456,0.1,0.41745,29,False,0.1,alexnet,False,0,0,2,0.4249,140,1,0.41755,255,3,242,9,0.1,TINYIMAGENET_alexnet_GEN_accuracy_kp1000_seed456,456,8000,270,42,accuracy,100456,0.41745,4,2.9549943652629853,11.275727450847626,10,2.9549943652629853,valid,0.4128370605126184,0.42323062617811397,0.41745000000000004,100456
GEN,0.4249,140,140,offspring,258,276,TINYIMAGENET,271,main_b1000_tinyimagenet_alexnet_GEN_kp10_seed456,0.1,0.41725,29,False,0.1,alexnet,False,0,0,1,0.41905,262,10,0.41745,256,4,534,10,0.1,TINYIMAGENET_alexnet_GEN_accuracy_kp1000_seed456,456,8000,271,42,accuracy,100456,0.41725,4,2.9587661691188814,11.181030057370663,10,2.9587661691188814,valid,0.4137595753193572,0.4261930957457652,0.41725,100456
GEN,0.4249,140,140,offspring,158,176,TINYIMAGENET,272,main_b1000_tinyimagenet_alexnet_GEN_kp10_seed456,0.1,0.42035,30,False,0.1,alexnet,False,0,0,1,0.41725,271,10,0.4173,268,7,334,2,0.1,TINYIMAGENET_alexnet_GEN_accuracy_kp1000_seed456,456,8000,272,42,accuracy,100456,0.42035,4,2.9476822370052336,11.157308340072632,10,2.9476822370052336,valid,0.41651867821872374,0.428292071732175,0.42034999999999995,100456
GEN,0.4249,140,140,offspring,176,158,TINYIMAGENET,273,main_b1000_tinyimagenet_alexnet_GEN_kp10_seed456,0.1,0.41355,30,False,0.1,alexnet,False,0,0,2,0.41725,271,10,0.4173,268,7,334,3,0.1,TINYIMAGENET_alexnet_GEN_accuracy_kp1000_seed456,456,8000,273,42,accuracy,100456,0.41355,4,2.9663839100837706,11.16958213597536,10,2.9663839100837706,valid,0.40806360309406997,0.4221316489770557,0.41355000000000003,100456
GEN,0.4249,140,140,offspring,54,70,TINYIMAGENET,274,main_b1000_tinyimagenet_alexnet_GEN_kp10_seed456,0.1,0.4151,30,False,0.1,alexnet,False,0,0,1,0.4249,140,1,0.41745,270,9,124,4,0.1,TINYIMAGENET_alexnet_GEN_accuracy_kp1000_seed456,456,8000,274,42,accuracy,100456,0.4151,4,2.9786605344772337,11.205305606126785,10,2.9786605344772337,valid,0.41103365668958636,0.4236749865864253,0.4151,100456
GEN,0.4249,140,140,offspring,70,54,TINYIMAGENET,275,main_b1000_tinyimagenet_alexnet_GEN_kp10_seed456,0.1,0.41625,30,False,0.1,alexnet,False,0,0,2,0.4249,140,1,0.41745,270,9,124,5,0.1,TINYIMAGENET_alexnet_GEN_accuracy_kp1000_seed456,456,8000,275,42,accuracy,100456,0.41625,4,2.9687554468631743,11.217806324362755,10,2.9687554468631743,valid,0.4111227219786822,0.42293383684732627,0.41625,100456
GEN,0.4249,140,140,offspring,68,68,TINYIMAGENET,276,main_b1000_tinyimagenet_alexnet_GEN_kp10_seed456,0.1,0.4173,30,False,0.1,alexnet,False,0,0,1,0.4249,140,1,0.41615,267,6,136,6,0.1,TINYIMAGENET_alexnet_GEN_accuracy_kp1000_seed456,456,8000,276,42,accuracy,100456,0.4173,4,2.951907293319702,11.217564918100834,10,2.951907293319702,valid,0.41239020178309344,0.4242924696217635,0.41730000000000006,100456
GEN,0.4249,140,140,offspring,68,68,TINYIMAGENET,277,main_b1000_tinyimagenet_alexnet_GEN_kp10_seed456,0.1,0.4138,30,False,0.1,alexnet,False,0,0,2,0.4249,140,1,0.41615,267,6,136,7,0.1,TINYIMAGENET_alexnet_GEN_accuracy_kp1000_seed456,456,8000,277,42,accuracy,100456,0.4138,4,2.9765673209667205,11.277163602411747,10,2.9765673209667205,valid,0.41053577458632523,0.42578602436627205,0.4138000000000001,100456
GEN,0.4249,140,140,offspring,156,160,TINYIMAGENET,278,main_b1000_tinyimagenet_alexnet_GEN_kp10_seed456,0.1,0.41705,30,False,0.1,alexnet,False,0,0,1,0.41725,271,10,0.41755,269,8,316,8,0.1,TINYIMAGENET_alexnet_GEN_accuracy_kp1000_seed456,456,8000,278,42,accuracy,100456,0.41705,4,2.9653785212516786,11.267921715974808,10,2.9653785212516786,valid,0.41201417060452855,0.42387055114851285,0.41705,100456
GEN,0.4249,140,140,offspring,160,156,TINYIMAGENET,279,main_b1000_tinyimagenet_alexnet_GEN_kp10_seed456,0.1,0.4178,30,False,0.1,alexnet,True,800,400,2,0.41725,271,10,0.41755,269,8,316,9,0.1,TINYIMAGENET_alexnet_GEN_accuracy_kp1000_seed456,456,8000,279,42,accuracy,100456,0.4178,4,2.944064957332611,11.327588878571987,10,2.944064957332611,valid,0.41348174757917733,0.42307055942664173,0.4178,100456
GEN,0.4249,140,140,offspring,86,64,TINYIMAGENET,280,main_b1000_tinyimagenet_alexnet_GEN_kp10_seed456,0.1,0.4163,30,False,0.1,alexnet,False,0,0,1,0.4173,268,7,0.4249,140,1,150,10,0.1,TINYIMAGENET_alexnet_GEN_accuracy_kp1000_seed456,456,8000,280,42,accuracy,100456,0.4163,4,2.9700538314819336,11.396037258207798,10,2.9700538314819336,valid,0.4121405647649765,0.42662762745135163,0.4163,100456
GEN,0.4249,140,140,offspring,106,110,TINYIMAGENET,281,main_b1000_tinyimagenet_alexnet_GEN_kp10_seed456,0.1,0.42205,31,False,0.1,alexnet,False,0,0,1,0.4249,140,1,0.42035,272,2,216,2,0.1,TINYIMAGENET_alexnet_GEN_accuracy_kp1000_seed456,456,8000,281,42,accuracy,100456,0.42205,5,2.9769509814739226,11.262911535799503,10,2.9769509814739226,valid,0.417445510336334,0.42747335080175985,0.42205,100456
GEN,0.4249,140,140,offspring,110,106,TINYIMAGENET,282,main_b1000_tinyimagenet_alexnet_GEN_kp10_seed456,0.1,0.41855,31,False,0.1,alexnet,False,0,0,2,0.4249,140,1,0.42035,272,2,216,3,0.1,TINYIMAGENET_alexnet_GEN_accuracy_kp1000_seed456,456,8000,282,42,accuracy,100456,0.41855,4,2.965954950428009,11.239445649087429,10,2.965954950428009,valid,0.4151010945162979,0.42682878995727114,0.41855000000000003,100456
GEN,0.4249,140,140,offspring,488,530,TINYIMAGENET,283,main_b1000_tinyimagenet_alexnet_GEN_kp10_seed456,0.1,0.41565,31,False,0.1,alexnet,False,0,0,1,0.4178,279,9,0.42035,272,2,1018,4,0.1,TINYIMAGENET_alexnet_GEN_accuracy_kp1000_seed456,456,8000,283,42,accuracy,100456,0.41565,4,2.954902812051773,11.343637928366661,10,2.954902812051773,valid,0.4115105247892026,0.4234351363560113,0.41564999999999996,100456
GEN,0.4249,140,140,offspring,530,488,TINYIMAGENET,284,main_b1000_tinyimagenet_alexnet_GEN_kp10_seed456,0.1,0.41345,31,False,0.1,alexnet,False,0,0,2,0.4178,279,9,0.42035,272,2,1018,5,0.1,TINYIMAGENET_alexnet_GEN_accuracy_kp1000_seed456,456,8000,284,42,accuracy,100456,0.41345,4,2.961677438735962,11.361350432038307,10,2.961677438735962,valid,0.4100435983658706,0.4227011515811946,0.41345,100456
GEN,0.4249,140,140,offspring,504,490,TINYIMAGENET,285,main_b1000_tinyimagenet_alexnet_GEN_kp10_seed456,0.1,0.4146,31,False,0.1,alexnet,False,0,0,1,0.4178,279,9,0.4249,140,1,994,6,0.1,TINYIMAGENET_alexnet_GEN_accuracy_kp1000_seed456,456,8000,285,42,accuracy,100456,0.4146,4,2.9717401494026183,11.44501967728138,10,2.9717401494026183,valid,0.41157549758718626,0.42605634872504194,0.4145999999999999,100456
GEN,0.4249,140,140,offspring,490,504,TINYIMAGENET,286,main_b1000_tinyimagenet_alexnet_GEN_kp10_seed456,0.1,0.41735,31,False,0.1,alexnet,False,0,0,2,0.4178,279,9,0.4249,140,1,994,7,0.1,TINYIMAGENET_alexnet_GEN_accuracy_kp1000_seed456,456,8000,286,42,accuracy,100456,0.41735,4,2.950184938240051,11.326221980154514,10,2.950184938240051,valid,0.41386945699837036,0.42759307429637156,0.41735,100456
GEN,0.4249,140,140,offspring,28,36,TINYIMAGENET,287,main_b1000_tinyimagenet_alexnet_GEN_kp10_seed456,0.1,0.41725,31,False,0.1,alexnet,True,800,400,1,0.4249,140,1,0.4163,280,10,64,8,0.1,TINYIMAGENET_alexnet_GEN_accuracy_kp1000_seed456,456,8000,287,42,accuracy,100456,0.41725,4,2.9609089029312132,11.289806559681892,10,2.9609089029312132,valid,0.4127672344418427,0.4235725354516539,0.41725,100456
GEN,0.4249,140,140,offspring,36,28,TINYIMAGENET,288,main_b1000_tinyimagenet_alexnet_GEN_kp10_seed456,0.1,0.4144,31,False,0.1,alexnet,False,0,0,2,0.4249,140,1,0.4163,280,10,64,9,0.1,TINYIMAGENET_alexnet_GEN_accuracy_kp1000_seed456,456,8000,288,42,accuracy,100456,0.4144,4,2.9706838501930237,11.174326315522194,10,2.9706838501930237,valid,0.40953969243299104,0.42387584797121336,0.41440000000000005,100456
GEN,0.4249,140,140,offspring,88,110,TINYIMAGENET,289,main_b1000_tinyimagenet_alexnet_GEN_kp10_seed456,0.1,0.4142,31,False,0.1,alexnet,False,0,0,1,0.42035,272,2,0.4163,280,10,198,10,0.1,TINYIMAGENET_alexnet_GEN_accuracy_kp1000_seed456,456,8000,289,42,accuracy,100456,0.4142,4,2.9526109769821165,11.269502744078636,10,2.9526109769821165,valid,0.4103508733031049,0.4222794253401277,0.4142,100456
GEN,0.4249,140,140,offspring,256,248,TINYIMAGENET,290,main_b1000_tinyimagenet_alexnet_GEN_kp10_seed456,0.1,0.4206,32,False,0.1,alexnet,False,0,0,1,0.4249,140,1,0.41735,286,7,504,2,0.1,TINYIMAGENET_alexnet_GEN_accuracy_kp1000_seed456,456,8000,290,42,accuracy,100456,0.4206,5,2.9794336957931518,11.3118861541152,10,2.9794336957931518,valid,0.4150913882687189,0.422413129588752,0.42060000000000003,100456
GEN,0.4249,140,140,offspring,248,256,TINYIMAGENET,291,main_b1000_tinyimagenet_alexnet_GEN_kp10_seed456,0.1,0.4153,32,False,0.1,alexnet,False,0,0,2,0.4249,140,1,0.41735,286,7,504,3,0.1,TINYIMAGENET_alexnet_GEN_accuracy_kp1000_seed456,456,8000,291,42,accuracy,100456,0.4153,4,2.957188894557953,11.255385302007198,10,2.957188894557953,valid,0.41114678153276146,0.4238995568217144,0.4153,100456
GEN,0.4249,140,140,offspring,420,408,TINYIMAGENET,292,main_b1000_tinyimagenet_alexnet_GEN_kp10_seed456,0.1,0.4155,32,False,0.1,alexnet,False,0,0,1,0.4249,140,1,0.41725,287,8,828,4,0.1,TINYIMAGENET_alexnet_GEN_accuracy_kp1000_seed456,456,8000,292,42,accuracy,100456,0.4155,4,2.9817038385391235,11.233363531529903,10,2.9817038385391235,valid,0.41058304256430844,0.4250244997587194,0.4155,100456
GEN,0.4249,140,140,offspring,408,420,TINYIMAGENET,293,main_b1000_tinyimagenet_alexnet_GEN_kp10_seed456,0.1,0.42035,32,False,0.1,alexnet,False,0,0,2,0.4249,140,1,0.41725,287,8,828,5,0.1,TINYIMAGENET_alexnet_GEN_accuracy_kp1000_seed456,456,8000,293,42,accuracy,100456,0.42035,4,2.960190797519684,11.235322430729866,10,2.960190797519684,valid,0.4151013352658432,0.42448769547714077,0.42035000000000006,100456
GEN,0.4249,140,140,offspring,108,108,TINYIMAGENET,294,main_b1000_tinyimagenet_alexnet_GEN_kp10_seed456,0.1,0.4172,32,False,0.1,alexnet,False,0,0,1,0.41855,282,3,0.42205,281,2,216,6,0.1,TINYIMAGENET_alexnet_GEN_accuracy_kp1000_seed456,456,8000,294,42,accuracy,100456,0.4172,4,2.9753234006881715,11.226472489535809,10,2.9753234006881715,valid,0.41249053126312546,0.4250985176450463,0.4172,100456
GEN,0.4249,140,140,offspring,108,108,TINYIMAGENET,295,main_b1000_tinyimagenet_alexnet_GEN_kp10_seed456,0.1,0.4176,32,False,0.1,alexnet,False,0,0,2,0.41855,282,3,0.42205,281,2,216,7,0.1,TINYIMAGENET_alexnet_GEN_accuracy_kp1000_seed456,456,8000,295,42,accuracy,100456,0.4176,4,2.9657673735618593,11.289133585989475,10,2.9657673735618593,valid,0.41315301345308386,0.4238562749986261,0.41759999999999997,100456
GEN,0.4249,140,140,offspring,312,282,TINYIMAGENET,296,main_b1000_tinyimagenet_alexnet_GEN_kp10_seed456,0.1,0.4195,32,False,0.1,alexnet,False,0,0,1,0.41565,283,4,0.42205,281,2,594,8,0.1,TINYIMAGENET_alexnet_GEN_accuracy_kp1000_seed456,456,8000,296,42,accuracy,100456,0.4195,5,2.9788742124557497,14.394624784588814,10,2.9788742124557497,valid,0.4155218026280092,0.4263371704272403,0.41950000000000004,100456
GEN,0.4249,140,140,offspring,282,312,TINYIMAGENET,297,main_b1000_tinyimagenet_alexnet_GEN_kp10_seed456,0.1,0.4146,32,False,0.1,alexnet,True,800,400,2,0.41565,283,4,0.42205,281,2,594,9,0.1,TINYIMAGENET_alexnet_GEN_accuracy_kp1000_seed456,456,8000,297,42,accuracy,100456,0.4146,4,2.95609906373024,14.22475777566433,10,2.95609906373024,valid,0.4093262487615617,0.4224378167962712,0.4145999999999999,100456
GEN,0.4249,140,140,offspring,234,270,TINYIMAGENET,298,main_b1000_tinyimagenet_alexnet_GEN_kp10_seed456,0.1,0.41455,32,False,0.1,alexnet,False,0,0,1,0.41735,286,7,0.4249,140,1,504,10,0.1,TINYIMAGENET_alexnet_GEN_accuracy_kp1000_seed456,456,8000,298,42,accuracy,100456,0.41455,4,2.9752587164402007,11.272698663175106,10,2.9752587164402007,valid,0.410547088410473,0.42362927049632937,0.41455,100456
GEN,0.4249,140,140,offspring,136,120,TINYIMAGENET,299,main_b1000_tinyimagenet_alexnet_GEN_kp10_seed456,0.1,0.417,33,False,0.1,alexnet,False,0,0,1,0.4249,140,1,0.4206,290,2,256,2,0.1,TINYIMAGENET_alexnet_GEN_accuracy_kp1000_seed456,456,8000,299,42,accuracy,100456,0.417,4,2.9676350161075593,11.223494283854961,10,2.9676350161075593,valid,0.412979915827341,0.42622358346139033,0.41700000000000004,100456
GEN,0.4249,140,140,offspring,120,136,TINYIMAGENET,300,main_b1000_tinyimagenet_alexnet_GEN_kp10_seed456,0.1,0.4169,33,False,0.1,alexnet,False,0,0,2,0.4249,140,1,0.4206,290,2,256,3,0.1,TINYIMAGENET_alexnet_GEN_accuracy_kp1000_seed456,456,8000,300,42,accuracy,100456,0.4169,4,2.9608149625778197,11.327484533190727,10,2.9608149625778197,valid,0.41134227416836955,0.4244365493043254,0.4169,100456
GEN,0.4249,140,140,offspring,138,118,TINYIMAGENET,301,main_b1000_tinyimagenet_alexnet_GEN_kp10_seed456,0.1,0.41365,33,False,0.1,alexnet,True,800,400,1,0.4249,140,1,0.4206,290,2,256,4,0.1,TINYIMAGENET_alexnet_GEN_accuracy_kp1000_seed456,456,8000,301,42,accuracy,100456,0.41365,4,2.9596187761306765,11.29418220371008,10,2.9596187761306765,valid,0.40998607049307284,0.4211986160703249,0.41364999999999996,100456
GEN,0.4249,140,140,offspring,118,138,TINYIMAGENET,302,main_b1000_tinyimagenet_alexnet_GEN_kp10_seed456,0.1,0.4168,33,False,0.1,alexnet,False,0,0,2,0.4249,140,1,0.4206,290,2,256,5,0.1,TINYIMAGENET_alexnet_GEN_accuracy_kp1000_seed456,456,8000,302,42,accuracy,100456,0.4168,4,2.9547756253242494,11.317905709147453,10,2.9547756253242494,valid,0.41238353995938953,0.42548071838351587,0.4168,100456
GEN,0.4249,140,140,offspring,320,328,TINYIMAGENET,303,main_b1000_tinyimagenet_alexnet_GEN_kp10_seed456,0.1,0.41795,33,False,0.1,alexnet,False,0,0,1,0.4206,290,2,0.42035,293,5,648,6,0.1,TINYIMAGENET_alexnet_GEN_accuracy_kp1000_seed456,456,8000,303,42,accuracy,100456,0.41795,4,2.9592998381614684,11.222377859055996,10,2.9592998381614684,valid,0.41269527703698045,0.42582049626678853,0.41795000000000004,100456
GEN,0.4249,140,140,offspring,328,320,TINYIMAGENET,304,main_b1000_tinyimagenet_alexnet_GEN_kp10_seed456,0.1,0.4139,33,False,0.1,alexnet,False,0,0,2,0.4206,290,2,0.42035,293,5,648,7,0.1,TINYIMAGENET_alexnet_GEN_accuracy_kp1000_seed456,456,8000,304,42,accuracy,100456,0.4139,4,2.9738078315734864,11.241265341639519,10,2.9738078315734864,valid,0.4084190169567228,0.42019598205777214,0.4139,100456
GEN,0.4249,140,140,offspring,138,118,TINYIMAGENET,305,main_b1000_tinyimagenet_alexnet_GEN_kp10_seed456,0.1,0.4164,33,False,0.1,alexnet,False,0,0,1,0.4206,290,2,0.4249,140,1,256,8,0.1,TINYIMAGENET_alexnet_GEN_accuracy_kp1000_seed456,456,8000,305,42,accuracy,100456,0.4164,4,2.968122506904602,11.307887479662895,10,2.968122506904602,valid,0.412820513863779,0.4277806049555497,0.4164,100456
GEN,0.4249,140,140,offspring,118,138,TINYIMAGENET,306,main_b1000_tinyimagenet_alexnet_GEN_kp10_seed456,0.1,0.41875,33,False,0.1,alexnet,False,0,0,2,0.4206,290,2,0.4249,140,1,256,9,0.1,TINYIMAGENET_alexnet_GEN_accuracy_kp1000_seed456,456,8000,306,42,accuracy,100456,0.41875,4,2.967738245487213,11.281432017683983,10,2.967738245487213,valid,0.412560212454151,0.4251592274197688,0.41875,100456
GEN,0.4249,140,140,offspring,192,188,TINYIMAGENET,307,main_b1000_tinyimagenet_alexnet_GEN_kp10_seed456,0.1,0.41615,33,False,0.1,alexnet,False,0,0,1,0.4249,140,1,0.4195,296,8,380,10,0.1,TINYIMAGENET_alexnet_GEN_accuracy_kp1000_seed456,456,8000,307,42,accuracy,100456,0.41615,4,2.955254849624634,11.372264944016933,10,2.955254849624634,valid,0.4114364574508076,0.4226258944910175,0.41615,100456
GEN,0.4249,140,140,offspring,74,62,TINYIMAGENET,308,main_b1000_tinyimagenet_alexnet_GEN_kp10_seed456,0.1,0.42055,34,False,0.1,alexnet,False,0,0,1,0.417,299,2,0.4249,140,1,136,2,0.1,TINYIMAGENET_alexnet_GEN_accuracy_kp1000_seed456,456,8000,308,42,accuracy,100456,0.42055,5,2.987824957084656,11.220239639282227,10,2.987824957084656,valid,0.41496003425801276,0.42309339105341676,0.42055,100456
GEN,0.4249,140,140,offspring,62,74,TINYIMAGENET,309,main_b1000_tinyimagenet_alexnet_GEN_kp10_seed456,0.1,0.4198,34,False,0.1,alexnet,False,0,0,2,0.417,299,2,0.4249,140,1,136,3,0.1,TINYIMAGENET_alexnet_GEN_accuracy_kp1000_seed456,456,8000,309,42,accuracy,100456,0.4198,5,2.9667320261478425,11.19627883285284,10,2.9667320261478425,valid,0.4163597855220852,0.42461734665654577,0.41979999999999995,100456
GEN,0.4249,140,140,offspring,176,168,TINYIMAGENET,310,main_b1000_tinyimagenet_alexnet_GEN_kp10_seed456,0.1,0.4186,34,False,0.1,alexnet,False,0,0,1,0.4169,300,3,0.41795,303,6,344,4,0.1,TINYIMAGENET_alexnet_GEN_accuracy_kp1000_seed456,456,8000,310,42,accuracy,100456,0.4186,4,2.9611843100070954,11.276054248213768,10,2.9611843100070954,valid,0.41235588854381233,0.42323236654020235,0.41859999999999997,100456
GEN,0.4249,140,140,offspring,168,176,TINYIMAGENET,311,main_b1000_tinyimagenet_alexnet_GEN_kp10_seed456,0.1,0.4219,34,False,0.1,alexnet,False,0,0,2,0.4169,300,3,0.41795,303,6,344,5,0.1,TINYIMAGENET_alexnet_GEN_accuracy_kp1000_seed456,456,8000,311,42,accuracy,100456,0.4219,5,2.962301853656769,11.290231220424175,10,2.962301853656769,valid,0.41724255700009083,0.42421608121978865,0.42190000000000005,100456
GEN,0.4249,140,140,offspring,182,156,TINYIMAGENET,312,main_b1000_tinyimagenet_alexnet_GEN_kp10_seed456,0.1,0.41375,34,False,0.1,alexnet,False,0,0,1,0.41795,303,6,0.4249,140,1,338,6,0.1,TINYIMAGENET_alexnet_GEN_accuracy_kp1000_seed456,456,8000,312,42,accuracy,100456,0.41375,4,2.953610637378693,11.250285014510155,10,2.953610637378693,valid,0.4100546933024556,0.42313923151494054,0.41375,100456
GEN,0.4249,140,140,offspring,156,182,TINYIMAGENET,313,main_b1000_tinyimagenet_alexnet_GEN_kp10_seed456,0.1,0.41635,34,False,0.1,alexnet,True,800,400,2,0.41795,303,6,0.4249,140,1,338,7,0.1,TINYIMAGENET_alexnet_GEN_accuracy_kp1000_seed456,456,8000,313,42,accuracy,100456,0.41635,4,2.9504948484420774,11.224845826625824,10,2.9504948484420774,valid,0.41277563422645996,0.42383767148690027,0.41635000000000005,100456
GEN,0.4249,140,140,offspring,64,74,TINYIMAGENET,314,main_b1000_tinyimagenet_alexnet_GEN_kp10_seed456,0.1,0.4172,34,False,0.1,alexnet,False,0,0,1,0.41875,306,9,0.4249,140,1,138,8,0.1,TINYIMAGENET_alexnet_GEN_accuracy_kp1000_seed456,456,8000,314,42,accuracy,100456,0.4172,4,2.9692635432243346,11.190037444233894,10,2.9692635432243346,valid,0.4130676871944951,0.4279955007099592,0.4172,100456
GEN,0.4249,140,140,offspring,74,64,TINYIMAGENET,315,main_b1000_tinyimagenet_alexnet_GEN_kp10_seed456,0.1,0.41915,34,False,0.1,alexnet,False,0,0,2,0.41875,306,9,0.4249,140,1,138,9,0.1,TINYIMAGENET_alexnet_GEN_accuracy_kp1000_seed456,456,8000,315,42,accuracy,100456,0.41915,5,2.9713594100952148,11.179132491350174,10,2.9713594100952148,valid,0.415056410883125,0.4243626102643401,0.41914999999999997,100456
GEN,0.4249,140,140,offspring,74,62,TINYIMAGENET,316,main_b1000_tinyimagenet_alexnet_GEN_kp10_seed456,0.1,0.4184,34,False,0.1,alexnet,False,0,0,1,0.41875,306,9,0.4169,300,3,136,10,0.1,TINYIMAGENET_alexnet_GEN_accuracy_kp1000_seed456,456,8000,316,42,accuracy,100456,0.4184,4,2.9683793649196626,11.283240914344788,10,2.9683793649196626,valid,0.41370148933868706,0.42700809153473274,0.41840000000000005,100456
GEN,0.4249,140,140,offspring,116,104,TINYIMAGENET,317,main_b1000_tinyimagenet_alexnet_GEN_kp10_seed456,0.1,0.4166,35,False,0.1,alexnet,False,0,0,1,0.4186,310,4,0.4172,314,8,220,2,0.1,TINYIMAGENET_alexnet_GEN_accuracy_kp1000_seed456,456,8000,317,42,accuracy,100456,0.4166,4,2.9620351867198944,11.24828339368105,10,2.9620351867198944,valid,0.41131457530380106,0.42348815470058143,0.4166,100456
GEN,0.4249,140,140,offspring,104,116,TINYIMAGENET,318,main_b1000_tinyimagenet_alexnet_GEN_kp10_seed456,0.1,0.4178,35,False,0.1,alexnet,False,0,0,2,0.4186,310,4,0.4172,314,8,220,3,0.1,TINYIMAGENET_alexnet_GEN_accuracy_kp1000_seed456,456,8000,318,42,accuracy,100456,0.4178,4,2.951330606842041,11.20313909649849,10,2.951330606842041,valid,0.4136557176707325,0.4282720447864338,0.4178,100456
GEN,0.4249,140,140,offspring,136,128,TINYIMAGENET,319,main_b1000_tinyimagenet_alexnet_GEN_kp10_seed456,0.1,0.41485,35,False,0.1,alexnet,False,0,0,1,0.42055,308,2,0.4219,311,5,264,4,0.1,TINYIMAGENET_alexnet_GEN_accuracy_kp1000_seed456,456,8000,319,42,accuracy,100456,0.41485,4,2.961900460624695,11.158753030002117,10,2.961900460624695,valid,0.409313962815161,0.42322041468422456,0.41485,100456
GEN,0.4249,140,140,offspring,128,136,TINYIMAGENET,320,main_b1000_tinyimagenet_alexnet_GEN_kp10_seed456,0.1,0.41675,35,False,0.1,alexnet,False,0,0,2,0.42055,308,2,0.4219,311,5,264,5,0.1,TINYIMAGENET_alexnet_GEN_accuracy_kp1000_seed456,456,8000,320,42,accuracy,100456,0.41675,4,2.9655770018577576,11.182990901172161,10,2.9655770018577576,valid,0.41220405863456383,0.42534720468478227,0.41674999999999995,100456
GEN,0.4249,140,140,offspring,106,114,TINYIMAGENET,321,main_b1000_tinyimagenet_alexnet_GEN_kp10_seed456,0.1,0.4161,35,False,0.1,alexnet,True,800,400,1,0.4186,310,4,0.4249,140,1,220,6,0.1,TINYIMAGENET_alexnet_GEN_accuracy_kp1000_seed456,456,8000,321,42,accuracy,100456,0.4161,4,2.9791973816394806,11.227671757340431,10,2.9791973816394806,valid,0.4124092416320454,0.4284076538512758,0.41609999999999997,100456
GEN,0.4249,140,140,offspring,114,106,TINYIMAGENET,322,main_b1000_tinyimagenet_alexnet_GEN_kp10_seed456,0.1,0.41915,35,False,0.1,alexnet,False,0,0,2,0.4186,310,4,0.4249,140,1,220,7,0.1,TINYIMAGENET_alexnet_GEN_accuracy_kp1000_seed456,456,8000,322,42,accuracy,100456,0.41915,4,2.958850495958328,11.25620923191309,10,2.958850495958328,valid,0.4148811411838737,0.42770232209129944,0.4191500000000001,100456
GEN,0.4249,140,140,offspring,150,114,TINYIMAGENET,323,main_b1000_tinyimagenet_alexnet_GEN_kp10_seed456,0.1,0.41715,35,False,0.1,alexnet,False,0,0,1,0.42055,308,2,0.4219,311,5,264,8,0.1,TINYIMAGENET_alexnet_GEN_accuracy_kp1000_seed456,456,8000,323,42,accuracy,100456,0.41715,4,2.9547035552978516,11.31906957179308,10,2.9547035552978516,valid,0.4132316049842647,0.426064353934371,0.41715,100456
GEN,0.4249,140,140,offspring,114,150,TINYIMAGENET,324,main_b1000_tinyimagenet_alexnet_GEN_kp10_seed456,0.1,0.418,35,False,0.1,alexnet,False,0,0,2,0.42055,308,2,0.4219,311,5,264,9,0.1,TINYIMAGENET_alexnet_GEN_accuracy_kp1000_seed456,456,8000,324,42,accuracy,100456,0.418,4,2.9755236015319824,11.311534158885479,10,2.9755236015319824,valid,0.41321172585004473,0.4275194667978768,0.418,100456
GEN,0.4249,140,140,offspring,30,32,TINYIMAGENET,325,main_b1000_tinyimagenet_alexnet_GEN_kp10_seed456,0.1,0.4125,35,False,0.1,alexnet,False,0,0,1,0.42055,308,2,0.4249,140,1,62,10,0.1,TINYIMAGENET_alexnet_GEN_accuracy_kp1000_seed456,456,8000,325,42,accuracy,100456,0.4125,4,2.9821084189414977,11.258949302136898,10,2.9821084189414977,valid,0.4074110945168512,0.4193929766260186,0.4125,100456
GEN,0.4249,140,140,offspring,106,102,TINYIMAGENET,326,main_b1000_tinyimagenet_alexnet_GEN_kp10_seed456,0.1,0.41645,36,False,0.1,alexnet,False,0,0,1,0.41915,322,7,0.418,324,9,208,2,0.1,TINYIMAGENET_alexnet_GEN_accuracy_kp1000_seed456,456,8000,326,42,accuracy,100456,0.41645,4,2.9652333670139313,11.230408623814583,10,2.9652333670139313,valid,0.4109304998354127,0.42075908685806324,0.41645000000000004,100456
GEN,0.4249,140,140,offspring,102,106,TINYIMAGENET,327,main_b1000_tinyimagenet_alexnet_GEN_kp10_seed456,0.1,0.4173,36,False,0.1,alexnet,True,800,400,2,0.41915,322,7,0.418,324,9,208,3,0.1,TINYIMAGENET_alexnet_GEN_accuracy_kp1000_seed456,456,8000,327,42,accuracy,100456,0.4173,4,2.95694968252182,11.333152823150158,10,2.95694968252182,valid,0.4127993565171615,0.42626265507562294,0.41730000000000006,100456
GEN,0.4249,140,140,offspring,118,112,TINYIMAGENET,328,main_b1000_tinyimagenet_alexnet_GEN_kp10_seed456,0.1,0.41625,36,False,0.1,alexnet,False,0,0,1,0.4178,318,3,0.41675,320,5,230,4,0.1,TINYIMAGENET_alexnet_GEN_accuracy_kp1000_seed456,456,8000,328,42,accuracy,100456,0.41625,4,2.9553790781021116,11.240375757217407,10,2.9553790781021116,valid,0.4117412684600134,0.426024139116885,0.41625,100456
GEN,0.4249,140,140,offspring,112,118,TINYIMAGENET,329,main_b1000_tinyimagenet_alexnet_GEN_kp10_seed456,0.1,0.41445,36,False,0.1,alexnet,False,0,0,2,0.4178,318,3,0.41675,320,5,230,5,0.1,TINYIMAGENET_alexnet_GEN_accuracy_kp1000_seed456,456,8000,329,42,accuracy,100456,0.41445,4,2.9663225252628327,11.389894932508469,10,2.9663225252628327,valid,0.41025466899066176,0.42278607555089437,0.41445,100456
GEN,0.4249,140,140,offspring,108,112,TINYIMAGENET,330,main_b1000_tinyimagenet_alexnet_GEN_kp10_seed456,0.1,0.419,36,False,0.1,alexnet,False,0,0,1,0.4166,317,2,0.4178,318,3,220,6,0.1,TINYIMAGENET_alexnet_GEN_accuracy_kp1000_seed456,456,8000,330,42,accuracy,100456,0.419,5,2.9640998695850374,11.311114624142647,10,2.9640998695850374,valid,0.41430635766222174,0.42187611763467847,0.419,100456
GEN,0.4249,140,140,offspring,112,108,TINYIMAGENET,331,main_b1000_tinyimagenet_alexnet_GEN_kp10_seed456,0.1,0.41385,36,False,0.1,alexnet,False,0,0,2,0.4166,317,2,0.4178,318,3,220,7,0.1,TINYIMAGENET_alexnet_GEN_accuracy_kp1000_seed456,456,8000,331,42,accuracy,100456,0.41385,4,2.9649984549999235,11.208767183125019,10,2.9649984549999235,valid,0.40991035690204547,0.42265616789260085,0.41385000000000005,100456
GEN,0.4249,140,140,offspring,116,110,TINYIMAGENET,332,main_b1000_tinyimagenet_alexnet_GEN_kp10_seed456,0.1,0.4122,36,False,0.1,alexnet,False,0,0,1,0.4166,317,2,0.418,324,9,226,8,0.1,TINYIMAGENET_alexnet_GEN_accuracy_kp1000_seed456,456,8000,332,42,accuracy,100456,0.4122,4,2.9656681861877443,11.265874683856964,10,2.9656681861877443,valid,0.4088759465937993,0.42187453468964753,0.4122,100456
GEN,0.4249,140,140,offspring,110,116,TINYIMAGENET,333,main_b1000_tinyimagenet_alexnet_GEN_kp10_seed456,0.1,0.41835,36,False,0.1,alexnet,False,0,0,2,0.4166,317,2,0.418,324,9,226,9,0.1,TINYIMAGENET_alexnet_GEN_accuracy_kp1000_seed456,456,8000,333,42,accuracy,100456,0.41835,4,2.968197580051422,11.27993842959404,10,2.968197580051422,valid,0.41247704486000614,0.4261220165470696,0.41835,100456
GEN,0.4249,140,140,offspring,72,66,TINYIMAGENET,334,main_b1000_tinyimagenet_alexnet_GEN_kp10_seed456,0.1,0.4141,36,False,0.1,alexnet,True,800,400,1,0.4249,140,1,0.418,324,9,138,10,0.1,TINYIMAGENET_alexnet_GEN_accuracy_kp1000_seed456,456,8000,334,42,accuracy,100456,0.4141,4,2.985600730895996,11.38331538438797,10,2.985600730895996,valid,0.4103878720543516,0.42471272015079486,0.41409999999999997,100456
GEN,0.4249,140,140,offspring,440,520,TINYIMAGENET,335,main_b1000_tinyimagenet_alexnet_GEN_kp10_seed456,0.1,0.41625,37,False,0.1,alexnet,False,0,0,1,0.41445,329,5,0.4173,327,3,960,2,0.1,TINYIMAGENET_alexnet_GEN_accuracy_kp1000_seed456,456,8000,335,42,accuracy,100456,0.41625,4,2.9566696868896485,11.305309891700745,10,2.9566696868896485,valid,0.41292457766460927,0.4260055607823046,0.41625,100456
GEN,0.4249,140,140,offspring,520,440,TINYIMAGENET,336,main_b1000_tinyimagenet_alexnet_GEN_kp10_seed456,0.1,0.41685,37,False,0.1,alexnet,False,0,0,2,0.41445,329,5,0.4173,327,3,960,3,0.1,TINYIMAGENET_alexnet_GEN_accuracy_kp1000_seed456,456,8000,336,42,accuracy,100456,0.41685,4,2.956715483570099,11.308433517813683,10,2.956715483570099,valid,0.4124673687916063,0.4241525135606614,0.41685,100456
GEN,0.4249,140,140,offspring,62,80,TINYIMAGENET,337,main_b1000_tinyimagenet_alexnet_GEN_kp10_seed456,0.1,0.41915,37,False,0.1,alexnet,False,0,0,1,0.419,330,6,0.4249,140,1,142,4,0.1,TINYIMAGENET_alexnet_GEN_accuracy_kp1000_seed456,456,8000,337,42,accuracy,100456,0.41915,4,2.956966927957535,11.328252404928207,10,2.956966927957535,valid,0.41564544899166755,0.4267167387074407,0.41914999999999997,100456
GEN,0.4249,140,140,offspring,80,62,TINYIMAGENET,338,main_b1000_tinyimagenet_alexnet_GEN_kp10_seed456,0.1,0.4189,37,False,0.1,alexnet,False,0,0,2,0.419,330,6,0.4249,140,1,142,5,0.1,TINYIMAGENET_alexnet_GEN_accuracy_kp1000_seed456,456,8000,338,42,accuracy,100456,0.4189,4,2.971619824171066,14.30695477873087,10,2.971619824171066,valid,0.4132918272339788,0.42710064694517846,0.4189,100456
GEN,0.4249,140,140,offspring,84,88,TINYIMAGENET,339,main_b1000_tinyimagenet_alexnet_GEN_kp10_seed456,0.1,0.41645,37,False,0.1,alexnet,False,0,0,1,0.41835,333,9,0.419,330,6,172,6,0.1,TINYIMAGENET_alexnet_GEN_accuracy_kp1000_seed456,456,8000,339,42,accuracy,100456,0.41645,4,2.9588176931858063,14.388096399605274,10,2.9588176931858063,valid,0.41310834369818833,0.4274446887282589,0.41645,100456
GEN,0.4249,140,140,offspring,88,84,TINYIMAGENET,340,main_b1000_tinyimagenet_alexnet_GEN_kp10_seed456,0.1,0.4163,37,False,0.1,alexnet,False,0,0,2,0.41835,333,9,0.419,330,6,172,7,0.1,TINYIMAGENET_alexnet_GEN_accuracy_kp1000_seed456,456,8000,340,42,accuracy,100456,0.4163,4,2.969281714487076,14.312604546546936,10,2.969281714487076,valid,0.41056956330272953,0.42173999478794344,0.4163,100456
GEN,0.4249,140,140,offspring,64,78,TINYIMAGENET,341,main_b1000_tinyimagenet_alexnet_GEN_kp10_seed456,0.1,0.41635,37,False,0.1,alexnet,False,0,0,1,0.419,330,6,0.4249,140,1,142,8,0.1,TINYIMAGENET_alexnet_GEN_accuracy_kp1000_seed456,456,8000,341,42,accuracy,100456,0.41635,4,2.9657393369674683,14.227423749864101,10,2.9657393369674683,valid,0.41286160169423497,0.4269969338830063,0.41635000000000005,100456
GEN,0.4249,140,140,offspring,78,64,TINYIMAGENET,342,main_b1000_tinyimagenet_alexnet_GEN_kp10_seed456,0.1,0.4194,37,False,0.1,alexnet,False,0,0,2,0.419,330,6,0.4249,140,1,142,9,0.1,TINYIMAGENET_alexnet_GEN_accuracy_kp1000_seed456,456,8000,342,42,accuracy,100456,0.4194,4,2.9438030598640443,14.312530890107155,10,2.9438030598640443,valid,0.4146765330361454,0.4240089226703499,0.4194,100456
GEN,0.4249,140,140,offspring,486,422,TINYIMAGENET,343,main_b1000_tinyimagenet_alexnet_GEN_kp10_seed456,0.1,0.41875,37,False,0.1,alexnet,False,0,0,1,0.4173,327,3,0.4249,140,1,908,10,0.1,TINYIMAGENET_alexnet_GEN_accuracy_kp1000_seed456,456,8000,343,42,accuracy,100456,0.41875,4,2.9399820628643036,14.396977663040161,10,2.9399820628643036,valid,0.41368363868159264,0.42530385128690823,0.41875,100456
GEN,0.4249,140,140,offspring,42,38,TINYIMAGENET,344,main_b1000_tinyimagenet_alexnet_GEN_kp10_seed456,0.1,0.4156,38,False,0.1,alexnet,True,800,400,1,0.41915,337,4,0.4249,140,1,80,2,0.1,TINYIMAGENET_alexnet_GEN_accuracy_kp1000_seed456,456,8000,344,42,accuracy,100456,0.4156,4,2.959663216161728,14.246071241796017,10,2.959663216161728,valid,0.40978777350538936,0.4232781558278157,0.4156,100456
GEN,0.4249,140,140,offspring,38,42,TINYIMAGENET,345,main_b1000_tinyimagenet_alexnet_GEN_kp10_seed456,0.1,0.4149,38,False,0.1,alexnet,False,0,0,2,0.41915,337,4,0.4249,140,1,80,3,0.1,TINYIMAGENET_alexnet_GEN_accuracy_kp1000_seed456,456,8000,345,42,accuracy,100456,0.4149,4,2.9687976553916933,14.353445202112198,10,2.9687976553916933,valid,0.4104578134864631,0.42272267320168333,0.41489999999999994,100456
GEN,0.4249,140,140,offspring,306,304,TINYIMAGENET,346,main_b1000_tinyimagenet_alexnet_GEN_kp10_seed456,0.1,0.41605,38,False,0.1,alexnet,True,800,400,1,0.41645,339,6,0.41685,336,3,610,4,0.1,TINYIMAGENET_alexnet_GEN_accuracy_kp1000_seed456,456,8000,346,42,accuracy,100456,0.41605,4,2.9724883904457093,14.442477695643902,10,2.9724883904457093,valid,0.4113028025621479,0.42330397436033146,0.41605000000000003,100456
GEN,0.4249,140,140,offspring,304,306,TINYIMAGENET,347,main_b1000_tinyimagenet_alexnet_GEN_kp10_seed456,0.1,0.4149,38,False,0.1,alexnet,False,0,0,2,0.41645,339,6,0.41685,336,3,610,5,0.1,TINYIMAGENET_alexnet_GEN_accuracy_kp1000_seed456,456,8000,347,42,accuracy,100456,0.4149,4,2.972086869287491,11.413119964301586,10,2.972086869287491,valid,0.41039815998677587,0.42237796195396,0.41489999999999994,100456
GEN,0.4249,140,140,offspring,38,42,TINYIMAGENET,348,main_b1000_tinyimagenet_alexnet_GEN_kp10_seed456,0.1,0.41625,38,False,0.1,alexnet,False,0,0,1,0.41915,337,4,0.4249,140,1,80,6,0.1,TINYIMAGENET_alexnet_GEN_accuracy_kp1000_seed456,456,8000,348,42,accuracy,100456,0.41625,4,2.970866627073288,11.285920597612858,10,2.970866627073288,valid,0.4113667834765664,0.4223170871343311,0.41625,100456
GEN,0.4249,140,140,offspring,42,38,TINYIMAGENET,349,main_b1000_tinyimagenet_alexnet_GEN_kp10_seed456,0.1,0.4163,38,False,0.1,alexnet,False,0,0,2,0.41915,337,4,0.4249,140,1,80,7,0.1,TINYIMAGENET_alexnet_GEN_accuracy_kp1000_seed456,456,8000,349,42,accuracy,100456,0.4163,4,2.9769931540966033,11.204992115497589,10,2.9769931540966033,valid,0.411943803800623,0.4262330806153626,0.4163,100456
GEN,0.4249,140,140,offspring,28,52,TINYIMAGENET,350,main_b1000_tinyimagenet_alexnet_GEN_kp10_seed456,0.1,0.41625,38,False,0.1,alexnet,False,0,0,1,0.41915,337,4,0.4249,140,1,80,8,0.1,TINYIMAGENET_alexnet_GEN_accuracy_kp1000_seed456,456,8000,350,42,accuracy,100456,0.41625,4,2.967702771472931,11.262008599936962,10,2.967702771472931,valid,0.4110354958622423,0.4209445082578296,0.41625,100456
GEN,0.4249,140,140,offspring,52,28,TINYIMAGENET,351,main_b1000_tinyimagenet_alexnet_GEN_kp10_seed456,0.1,0.41515,38,False,0.1,alexnet,False,0,0,2,0.41915,337,4,0.4249,140,1,80,9,0.1,TINYIMAGENET_alexnet_GEN_accuracy_kp1000_seed456,456,8000,351,42,accuracy,100456,0.41515,4,2.972115291786194,11.28708367049694,10,2.972115291786194,valid,0.41144656932701956,0.4266469806503929,0.41515,100456
GEN,0.4249,140,140,offspring,30,36,TINYIMAGENET,352,main_b1000_tinyimagenet_alexnet_GEN_kp10_seed456,0.1,0.4152,38,False,0.1,alexnet,False,0,0,1,0.4189,338,5,0.4194,342,9,66,10,0.1,TINYIMAGENET_alexnet_GEN_accuracy_kp1000_seed456,456,8000,352,42,accuracy,100456,0.4152,4,2.960107703256607,11.31715140491724,10,2.960107703256607,valid,0.4100800545619936,0.4236093515780987,0.41519999999999996,100456
GEN,0.4249,140,140,offspring,26,26,TINYIMAGENET,353,main_b1000_tinyimagenet_alexnet_GEN_kp10_seed456,0.1,0.41615,39,False,0.1,alexnet,True,800,400,1,0.41625,350,8,0.4249,140,1,52,2,0.1,TINYIMAGENET_alexnet_GEN_accuracy_kp1000_seed456,456,8000,353,42,accuracy,100456,0.41615,4,2.940441077327728,11.302611820399761,10,2.940441077327728,valid,0.41306207445696663,0.4239497964787825,0.41614999999999996,100456
GEN,0.4249,140,140,offspring,26,26,TINYIMAGENET,354,main_b1000_tinyimagenet_alexnet_GEN_kp10_seed456,0.1,0.4192,39,False,0.1,alexnet,False,0,0,2,0.41625,350,8,0.4249,140,1,52,3,0.1,TINYIMAGENET_alexnet_GEN_accuracy_kp1000_seed456,456,8000,354,42,accuracy,100456,0.4192,5,2.9705712879180908,11.266011379659176,10,2.9705712879180908,valid,0.4147389321653995,0.4229910011271173,0.41919999999999996,100456
GEN,0.4249,140,140,offspring,12,26,TINYIMAGENET,355,main_b1000_tinyimagenet_alexnet_GEN_kp10_seed456,0.1,0.42025,39,False,0.1,alexnet,False,0,0,1,0.41625,350,8,0.4163,349,7,38,4,0.1,TINYIMAGENET_alexnet_GEN_accuracy_kp1000_seed456,456,8000,355,42,accuracy,100456,0.42025,4,2.9563839228630067,11.241169318556786,10,2.9563839228630067,valid,0.4158306501933398,0.42800981162263596,0.42025,100456
GEN,0.4249,140,140,offspring,26,12,TINYIMAGENET,356,main_b1000_tinyimagenet_alexnet_GEN_kp10_seed456,0.1,0.4209,39,False,0.1,alexnet,False,0,0,2,0.41625,350,8,0.4163,349,7,38,5,0.1,TINYIMAGENET_alexnet_GEN_accuracy_kp1000_seed456,456,8000,356,42,accuracy,100456,0.4209,5,2.98329426445961,11.208382301032543,10,2.98329426445961,valid,0.4162657160228848,0.4243192597419463,0.42089999999999994,100456
GEN,0.4249,140,140,offspring,26,12,TINYIMAGENET,357,main_b1000_tinyimagenet_alexnet_GEN_kp10_seed456,0.1,0.4156,39,False,0.1,alexnet,False,0,0,1,0.41625,348,6,0.41515,351,9,38,6,0.1,TINYIMAGENET_alexnet_GEN_accuracy_kp1000_seed456,456,8000,357,42,accuracy,100456,0.4156,5,2.9755800673007964,11.264973722398281,10,2.9755800673007964,valid,0.41101697720458746,0.4183637668262016,0.41559999999999997,100456
GEN,0.4249,140,140,offspring,12,26,TINYIMAGENET,358,main_b1000_tinyimagenet_alexnet_GEN_kp10_seed456,0.1,0.4182,39,False,0.1,alexnet,False,0,0,2,0.41625,348,6,0.41515,351,9,38,7,0.1,TINYIMAGENET_alexnet_GEN_accuracy_kp1000_seed456,456,8000,358,42,accuracy,100456,0.4182,4,2.9673194829940797,11.2944445759058,10,2.9673194829940797,valid,0.41352677288614004,0.42602748440592164,0.4182,100456
GEN,0.4249,140,140,offspring,22,16,TINYIMAGENET,359,main_b1000_tinyimagenet_alexnet_GEN_kp10_seed456,0.1,0.41705,39,False,0.1,alexnet,False,0,0,1,0.4163,349,7,0.4249,140,1,38,8,0.1,TINYIMAGENET_alexnet_GEN_accuracy_kp1000_seed456,456,8000,359,42,accuracy,100456,0.41705,4,2.9604806587219237,11.199676431715488,10,2.9604806587219237,valid,0.4125723822108474,0.42410539459053853,0.41705,100456
GEN,0.4249,140,140,offspring,16,22,TINYIMAGENET,360,main_b1000_tinyimagenet_alexnet_GEN_kp10_seed456,0.1,0.4171,39,False,0.1,alexnet,False,0,0,2,0.4163,349,7,0.4249,140,1,38,9,0.1,TINYIMAGENET_alexnet_GEN_accuracy_kp1000_seed456,456,8000,360,42,accuracy,100456,0.4171,4,2.9788035418510437,11.17788690328598,10,2.9788035418510437,valid,0.4129876467510229,0.42627374385380834,0.4171,100456
GEN,0.4249,140,140,offspring,568,570,TINYIMAGENET,361,main_b1000_tinyimagenet_alexnet_GEN_kp10_seed456,0.1,0.4172,39,False,0.1,alexnet,False,0,0,1,0.41625,348,6,0.41605,346,4,1138,10,0.1,TINYIMAGENET_alexnet_GEN_accuracy_kp1000_seed456,456,8000,361,42,accuracy,100456,0.4172,4,2.9652878516197205,11.19438150525093,10,2.9652878516197205,valid,0.4126941627697772,0.4232963341942171,0.4172,100456
GEN,0.4249,140,140,offspring,290,304,TINYIMAGENET,362,main_b1000_tinyimagenet_alexnet_GEN_kp10_seed456,0.1,0.42125,40,False,0.1,alexnet,False,0,0,1,0.4172,361,10,0.42025,355,4,594,2,0.1,TINYIMAGENET_alexnet_GEN_accuracy_kp1000_seed456,456,8000,362,42,accuracy,100456,0.42125,5,2.969087624835968,11.277025446295738,10,2.969087624835968,valid,0.4174690820506474,0.42605600967527635,0.42125,100456
GEN,0.4249,140,140,offspring,304,290,TINYIMAGENET,363,main_b1000_tinyimagenet_alexnet_GEN_kp10_seed456,0.1,0.4157,40,False,0.1,alexnet,False,0,0,2,0.4172,361,10,0.42025,355,4,594,3,0.1,TINYIMAGENET_alexnet_GEN_accuracy_kp1000_seed456,456,8000,363,42,accuracy,100456,0.4157,4,2.9686001976966856,11.252062372863293,10,2.9686001976966856,valid,0.4102276794174631,0.4225265075396071,0.41570000000000007,100456
GEN,0.4249,140,140,offspring,12,12,TINYIMAGENET,364,main_b1000_tinyimagenet_alexnet_GEN_kp10_seed456,0.1,0.4214,40,False,0.1,alexnet,False,0,0,1,0.4209,356,5,0.4171,360,9,24,4,0.1,TINYIMAGENET_alexnet_GEN_accuracy_kp1000_seed456,456,8000,364,42,accuracy,100456,0.4214,5,2.9785940666675566,11.25760269165039,10,2.9785940666675566,valid,0.41801432243787706,0.4274605022740063,0.4214,100456
GEN,0.4249,140,140,offspring,12,12,TINYIMAGENET,365,main_b1000_tinyimagenet_alexnet_GEN_kp10_seed456,0.1,0.41635,40,False,0.1,alexnet,True,800,400,2,0.4209,356,5,0.4171,360,9,24,5,0.1,TINYIMAGENET_alexnet_GEN_accuracy_kp1000_seed456,456,8000,365,42,accuracy,100456,0.41635,4,2.954454134464264,11.22944724559784,10,2.954454134464264,valid,0.41247670988570234,0.42453894593829083,0.41635,100456
GEN,0.4249,140,140,offspring,300,284,TINYIMAGENET,366,main_b1000_tinyimagenet_alexnet_GEN_kp10_seed456,0.1,0.41395,40,False,0.1,alexnet,False,0,0,1,0.4249,140,1,0.4172,361,10,584,6,0.1,TINYIMAGENET_alexnet_GEN_accuracy_kp1000_seed456,456,8000,366,42,accuracy,100456,0.41395,4,2.9602867666244506,11.286374896764755,10,2.9602867666244506,valid,0.40923592293240324,0.420223041237212,0.41395,100456
GEN,0.4249,140,140,offspring,284,300,TINYIMAGENET,367,main_b1000_tinyimagenet_alexnet_GEN_kp10_seed456,0.1,0.41455,40,False,0.1,alexnet,True,800,400,2,0.4249,140,1,0.4172,361,10,584,7,0.1,TINYIMAGENET_alexnet_GEN_accuracy_kp1000_seed456,456,8000,367,42,accuracy,100456,0.41455,4,2.9660170063972475,11.256552316248417,10,2.9660170063972475,valid,0.4102361273808727,0.4234259195752966,0.41455,100456
GEN,0.4249,140,140,offspring,18,20,TINYIMAGENET,368,main_b1000_tinyimagenet_alexnet_GEN_kp10_seed456,0.1,0.4142,40,False,0.1,alexnet,True,800,400,1,0.4209,356,5,0.42025,355,4,38,8,0.1,TINYIMAGENET_alexnet_GEN_accuracy_kp1000_seed456,456,8000,368,42,accuracy,100456,0.4142,4,2.9551966022491456,11.252290315926075,10,2.9551966022491456,valid,0.4105349493248805,0.42267504531140554,0.41419999999999996,100456
GEN,0.4249,140,140,offspring,20,18,TINYIMAGENET,369,main_b1000_tinyimagenet_alexnet_GEN_kp10_seed456,0.1,0.42225,40,False,0.1,alexnet,False,0,0,2,0.4209,356,5,0.42025,355,4,38,9,0.1,TINYIMAGENET_alexnet_GEN_accuracy_kp1000_seed456,456,8000,369,42,accuracy,100456,0.42225,5,2.9750895102500916,11.283876836299896,10,2.9750895102500916,valid,0.4180010515438432,0.4278737495718306,0.42225,100456
GEN,0.4249,140,140,offspring,26,26,TINYIMAGENET,370,main_b1000_tinyimagenet_alexnet_GEN_kp10_seed456,0.1,0.4172,40,False,0.1,alexnet,False,0,0,1,0.4249,140,1,0.42025,355,4,52,10,0.1,TINYIMAGENET_alexnet_GEN_accuracy_kp1000_seed456,456,8000,370,42,accuracy,100456,0.4172,4,2.9597742057800294,11.251584433019161,10,2.9597742057800294,valid,0.41248908222294856,0.42369161097568375,0.4172,100456
GEN,0.4249,140,140,offspring,18,12,TINYIMAGENET,371,main_b1000_tinyimagenet_alexnet_GEN_kp10_seed456,0.1,0.4174,41,False,0.1,alexnet,False,0,0,1,0.4249,140,1,0.4214,364,4,30,2,0.1,TINYIMAGENET_alexnet_GEN_accuracy_kp1000_seed456,456,8000,371,42,accuracy,100456,0.4174,4,2.9837376095294954,11.23824467509985,10,2.9837376095294954,valid,0.4140412898994172,0.426922909526588,0.4174,100456
GEN,0.4249,140,140,offspring,12,18,TINYIMAGENET,372,main_b1000_tinyimagenet_alexnet_GEN_kp10_seed456,0.1,0.4229,41,False,0.1,alexnet,False,0,0,2,0.4249,140,1,0.4214,364,4,30,3,0.1,TINYIMAGENET_alexnet_GEN_accuracy_kp1000_seed456,456,8000,372,42,accuracy,100456,0.4229,5,2.9739195658683775,11.20775105804205,10,2.9739195658683775,valid,0.41882835477453734,0.4277732697788635,0.4229,100456
GEN,0.4249,140,140,offspring,160,144,TINYIMAGENET,373,main_b1000_tinyimagenet_alexnet_GEN_kp10_seed456,0.1,0.4146,41,False,0.1,alexnet,False,0,0,1,0.42225,369,9,0.42125,362,2,304,4,0.1,TINYIMAGENET_alexnet_GEN_accuracy_kp1000_seed456,456,8000,373,42,accuracy,100456,0.4146,4,2.95480994720459,11.313894465565681,10,2.95480994720459,valid,0.4097273159473659,0.4212831664610262,0.4146,100456
GEN,0.4249,140,140,offspring,144,160,TINYIMAGENET,374,main_b1000_tinyimagenet_alexnet_GEN_kp10_seed456,0.1,0.4178,41,False,0.1,alexnet,False,0,0,2,0.42225,369,9,0.42125,362,2,304,5,0.1,TINYIMAGENET_alexnet_GEN_accuracy_kp1000_seed456,456,8000,374,42,accuracy,100456,0.4178,4,2.976701621389389,11.337027996778488,10,2.976701621389389,valid,0.4132819035614175,0.426116544249034,0.4178,100456
GEN,0.4249,140,140,offspring,12,12,TINYIMAGENET,375,main_b1000_tinyimagenet_alexnet_GEN_kp10_seed456,0.1,0.42025,41,False,0.1,alexnet,False,0,0,1,0.42225,369,9,0.4214,364,4,24,6,0.1,TINYIMAGENET_alexnet_GEN_accuracy_kp1000_seed456,456,8000,375,42,accuracy,100456,0.42025,5,2.9670318294525146,11.251263342797756,10,2.9670318294525146,valid,0.4159628296075961,0.42311837344330044,0.42025,100456
GEN,0.4249,140,140,offspring,12,12,TINYIMAGENET,376,main_b1000_tinyimagenet_alexnet_GEN_kp10_seed456,0.1,0.4197,41,False,0.1,alexnet,False,0,0,2,0.42225,369,9,0.4214,364,4,24,7,0.1,TINYIMAGENET_alexnet_GEN_accuracy_kp1000_seed456,456,8000,376,42,accuracy,100456,0.4197,4,2.97011082201004,11.213738575577736,10,2.97011082201004,valid,0.414627731776349,0.42940556497280086,0.41969999999999996,100456
GEN,0.4249,140,140,offspring,14,10,TINYIMAGENET,377,main_b1000_tinyimagenet_alexnet_GEN_kp10_seed456,0.1,0.41795,41,False,0.1,alexnet,False,0,0,1,0.42225,369,9,0.4214,364,4,24,8,0.1,TINYIMAGENET_alexnet_GEN_accuracy_kp1000_seed456,456,8000,377,42,accuracy,100456,0.41795,4,2.955946019935608,14.19757179170847,10,2.955946019935608,valid,0.4133035299183859,0.4246069161600387,0.41795000000000004,100456
GEN,0.4249,140,140,offspring,10,14,TINYIMAGENET,378,main_b1000_tinyimagenet_alexnet_GEN_kp10_seed456,0.1,0.41445,41,False,0.1,alexnet,True,800,400,2,0.42225,369,9,0.4214,364,4,24,9,0.1,TINYIMAGENET_alexnet_GEN_accuracy_kp1000_seed456,456,8000,378,42,accuracy,100456,0.41445,4,2.9693711433410646,14.28812025487423,10,2.9693711433410646,valid,0.4112154253803621,0.4245956394477936,0.41445,100456
GEN,0.4249,140,140,offspring,20,28,TINYIMAGENET,379,main_b1000_tinyimagenet_alexnet_GEN_kp10_seed456,0.1,0.4159,41,False,0.1,alexnet,False,0,0,1,0.4249,140,1,0.42225,369,9,48,10,0.1,TINYIMAGENET_alexnet_GEN_accuracy_kp1000_seed456,456,8000,379,42,accuracy,100456,0.4159,4,2.964464311695099,14.311671942472458,10,2.964464311695099,valid,0.41132318645747373,0.42369350308319187,0.41589999999999994,100456
GEN,0.4249,140,140,offspring,8,4,TINYIMAGENET,380,main_b1000_tinyimagenet_alexnet_GEN_kp10_seed456,0.1,0.4161,42,False,0.1,alexnet,False,0,0,1,0.4229,372,3,0.4249,140,1,12,2,0.1,TINYIMAGENET_alexnet_GEN_accuracy_kp1000_seed456,456,8000,380,42,accuracy,100456,0.4161,4,2.97039374499321,13.720677867531776,10,2.97039374499321,valid,0.4120958193904404,0.42632980326034214,0.41609999999999997,100456
GEN,0.4249,140,140,offspring,4,8,TINYIMAGENET,381,main_b1000_tinyimagenet_alexnet_GEN_kp10_seed456,0.1,0.42125,42,False,0.1,alexnet,False,0,0,2,0.4229,372,3,0.4249,140,1,12,3,0.1,TINYIMAGENET_alexnet_GEN_accuracy_kp1000_seed456,456,8000,381,42,accuracy,100456,0.42125,5,2.979162364625931,13.850190699100494,10,2.979162364625931,valid,0.4171852933284901,0.4250740845715734,0.42125,100456
GEN,0.4249,140,140,offspring,8,4,TINYIMAGENET,382,main_b1000_tinyimagenet_alexnet_GEN_kp10_seed456,0.1,0.41785,42,False,0.1,alexnet,False,0,0,1,0.4249,140,1,0.4229,372,3,12,4,0.1,TINYIMAGENET_alexnet_GEN_accuracy_kp1000_seed456,456,8000,382,42,accuracy,100456,0.41785,4,2.974062642097473,14.27122139185667,10,2.974062642097473,valid,0.4144557250007084,0.4279465890847116,0.41784999999999994,100456
GEN,0.4249,140,140,offspring,4,8,TINYIMAGENET,383,main_b1000_tinyimagenet_alexnet_GEN_kp10_seed456,0.1,0.4212,42,False,0.1,alexnet,False,0,0,2,0.4249,140,1,0.4229,372,3,12,5,0.1,TINYIMAGENET_alexnet_GEN_accuracy_kp1000_seed456,456,8000,383,42,accuracy,100456,0.4212,5,2.974219994163513,14.326940082013607,10,2.974219994163513,valid,0.41744979748905464,0.4260147354514182,0.4212,100456
GEN,0.4249,140,140,offspring,8,4,TINYIMAGENET,384,main_b1000_tinyimagenet_alexnet_GEN_kp10_seed456,0.1,0.4178,42,False,0.1,alexnet,False,0,0,1,0.4249,140,1,0.4229,372,3,12,6,0.1,TINYIMAGENET_alexnet_GEN_accuracy_kp1000_seed456,456,8000,384,42,accuracy,100456,0.4178,4,2.9708533445835115,14.314758196473122,10,2.9708533445835115,valid,0.41326292702298223,0.4267200187881464,0.4178,100456
GEN,0.4249,140,140,offspring,4,8,TINYIMAGENET,385,main_b1000_tinyimagenet_alexnet_GEN_kp10_seed456,0.1,0.4161,42,False,0.1,alexnet,False,0,0,2,0.4249,140,1,0.4229,372,3,12,7,0.1,TINYIMAGENET_alexnet_GEN_accuracy_kp1000_seed456,456,8000,385,42,accuracy,100456,0.4161,4,2.9767408831596374,14.221874304115772,10,2.9767408831596374,valid,0.4114443274363994,0.42560576287962326,0.41609999999999997,100456
GEN,0.4249,140,140,offspring,12,10,TINYIMAGENET,386,main_b1000_tinyimagenet_alexnet_GEN_kp10_seed456,0.1,0.42,42,False,0.1,alexnet,False,0,0,1,0.4197,376,7,0.4174,371,2,22,8,0.1,TINYIMAGENET_alexnet_GEN_accuracy_kp1000_seed456,456,8000,386,42,accuracy,100456,0.42,5,2.9765797397136686,14.233057998120785,10,2.9765797397136686,valid,0.4162697421015874,0.42537863709444834,0.42,100456
GEN,0.4249,140,140,offspring,10,12,TINYIMAGENET,387,main_b1000_tinyimagenet_alexnet_GEN_kp10_seed456,0.1,0.419,42,False,0.1,alexnet,False,0,0,2,0.4197,376,7,0.4174,371,2,22,9,0.1,TINYIMAGENET_alexnet_GEN_accuracy_kp1000_seed456,456,8000,387,42,accuracy,100456,0.419,5,2.979223758792877,14.278217874467373,10,2.979223758792877,valid,0.41440331685097204,0.42323327214811046,0.419,100456
GEN,0.4249,140,140,offspring,10,16,TINYIMAGENET,388,main_b1000_tinyimagenet_alexnet_GEN_kp10_seed456,0.1,0.415,42,False,0.1,alexnet,False,0,0,1,0.4229,372,3,0.41795,377,8,26,10,0.1,TINYIMAGENET_alexnet_GEN_accuracy_kp1000_seed456,456,8000,388,42,accuracy,100456,0.415,4,2.97768628988266,14.331724524497986,10,2.97768628988266,valid,0.409013511069943,0.421597241593946,0.415,100456
GEN,0.4249,140,140,offspring,14,10,TINYIMAGENET,389,main_b1000_tinyimagenet_alexnet_GEN_kp10_seed456,0.1,0.4137,43,False,0.1,alexnet,False,0,0,1,0.42,386,8,0.42125,381,3,24,2,0.1,TINYIMAGENET_alexnet_GEN_accuracy_kp1000_seed456,456,8000,389,42,accuracy,100456,0.4137,4,2.9769095824718477,14.31309874355793,10,2.9769095824718477,valid,0.4092718393994657,0.42365000493575505,0.41370000000000007,100456
GEN,0.4249,140,140,offspring,10,14,TINYIMAGENET,390,main_b1000_tinyimagenet_alexnet_GEN_kp10_seed456,0.1,0.41545,43,False,0.1,alexnet,False,0,0,2,0.42,386,8,0.42125,381,3,24,3,0.1,TINYIMAGENET_alexnet_GEN_accuracy_kp1000_seed456,456,8000,390,42,accuracy,100456,0.41545,4,2.969392579507828,14.344278819859028,10,2.969392579507828,valid,0.4108651613227443,0.42390454593300425,0.41545000000000004,100456
GEN,0.4249,140,140,offspring,2,2,TINYIMAGENET,391,main_b1000_tinyimagenet_alexnet_GEN_kp10_seed456,0.1,0.42135,43,False,0.1,alexnet,False,0,0,1,0.4249,140,1,0.4212,383,5,4,4,0.1,TINYIMAGENET_alexnet_GEN_accuracy_kp1000_seed456,456,8000,391,42,accuracy,100456,0.42135,5,2.970287033843994,14.326213575899601,10,2.970287033843994,valid,0.4175726363308764,0.42562734592221785,0.42135,100456
GEN,0.4249,140,140,offspring,2,2,TINYIMAGENET,392,main_b1000_tinyimagenet_alexnet_GEN_kp10_seed456,0.1,0.42475,43,False,0.1,alexnet,False,0,0,2,0.4249,140,1,0.4212,383,5,4,5,0.1,TINYIMAGENET_alexnet_GEN_accuracy_kp1000_seed456,456,8000,392,42,accuracy,100456,0.42475,5,2.9739785602092743,15.035501338541508,10,2.9739785602092743,valid,0.4209000676982413,0.42942525384155794,0.42475,100456
GEN,0.4249,140,140,offspring,6,0,TINYIMAGENET,393,main_b1000_tinyimagenet_alexnet_GEN_kp10_seed456,0.1,0.42125,43,False,0.1,alexnet,False,0,0,1,0.4212,383,5,0.42125,381,3,6,6,0.1,TINYIMAGENET_alexnet_GEN_accuracy_kp1000_seed456,456,8000,393,42,accuracy,100456,0.42125,5,2.979162364625931,14.238021679222584,10,2.979162364625931,valid,0.4171852933284901,0.4250740845715734,0.42125,100456
GEN,0.4249,140,140,offspring,0,6,TINYIMAGENET,394,main_b1000_tinyimagenet_alexnet_GEN_kp10_seed456,0.1,0.4212,43,False,0.1,alexnet,False,0,0,2,0.4212,383,5,0.42125,381,3,6,7,0.1,TINYIMAGENET_alexnet_GEN_accuracy_kp1000_seed456,456,8000,394,42,accuracy,100456,0.4212,5,2.974219994163513,14.169300727546215,10,2.974219994163513,valid,0.41744979748905464,0.4260147354514182,0.4212,100456
GEN,0.4249,140,140,offspring,14,12,TINYIMAGENET,395,main_b1000_tinyimagenet_alexnet_GEN_kp10_seed456,0.1,0.41515,43,False,0.1,alexnet,True,800,400,1,0.42,386,8,0.41785,382,4,26,8,0.1,TINYIMAGENET_alexnet_GEN_accuracy_kp1000_seed456,456,8000,395,42,accuracy,100456,0.41515,4,2.969423813199997,14.270337745547295,10,2.969423813199997,valid,0.41181920776941455,0.42608820576378137,0.41515,100456
GEN,0.4249,140,140,offspring,12,14,TINYIMAGENET,396,main_b1000_tinyimagenet_alexnet_GEN_kp10_seed456,0.1,0.4162,43,False,0.1,alexnet,False,0,0,2,0.42,386,8,0.41785,382,4,26,9,0.1,TINYIMAGENET_alexnet_GEN_accuracy_kp1000_seed456,456,8000,396,42,accuracy,100456,0.4162,4,2.974849034023285,14.256493642926216,10,2.974849034023285,valid,0.41248089591364734,0.42681994099189147,0.41619999999999996,100456
GEN,0.4249,140,140,offspring,4,2,TINYIMAGENET,397,main_b1000_tinyimagenet_alexnet_GEN_kp10_seed456,0.1,0.4163,43,False,0.1,alexnet,True,800,400,1,0.4178,384,6,0.42125,381,3,6,10,0.1,TINYIMAGENET_alexnet_GEN_accuracy_kp1000_seed456,456,8000,397,42,accuracy,100456,0.4163,4,2.952853841352463,14.310139946639538,10,2.952853841352463,valid,0.4117135372337357,0.4233923406030873,0.4163,100456
GEN,0.4249,140,140,offspring,2,0,TINYIMAGENET,398,main_b1000_tinyimagenet_alexnet_GEN_kp10_seed456,0.1,0.4249,44,False,0.1,alexnet,False,0,0,1,0.42475,392,5,0.4249,140,1,2,2,0.1,TINYIMAGENET_alexnet_GEN_accuracy_kp1000_seed456,456,8000,398,42,accuracy,100456,0.4249,5,2.9738329042434692,14.222769618034363,10,2.9738329042434692,valid,0.42078406574253835,0.4291184456296597,0.4249,100456
GEN,0.4249,140,140,offspring,0,2,TINYIMAGENET,399,main_b1000_tinyimagenet_alexnet_GEN_kp10_seed456,0.1,0.41165,44,False,0.1,alexnet,True,800,400,2,0.42475,392,5,0.4249,140,1,2,3,0.1,TINYIMAGENET_alexnet_GEN_accuracy_kp1000_seed456,456,8000,399,42,accuracy,100456,0.41165,4,2.9793686983108523,14.192988641560078,10,2.9793686983108523,valid,0.40706343472385886,0.421207486165259,0.41165,100456
GEN,0.4249,140,140,offspring,2,4,TINYIMAGENET,400,main_b1000_tinyimagenet_alexnet_GEN_kp10_seed456,0.1,0.4202,44,False,0.1,alexnet,False,0,0,1,0.42125,393,6,0.42135,391,4,6,4,0.1,TINYIMAGENET_alexnet_GEN_accuracy_kp1000_seed456,456,8000,400,42,accuracy,100456,0.4202,5,2.969760818815231,14.30768933147192,10,2.969760818815231,valid,0.4163170560372131,0.42534465790652015,0.4202,100456
GEN,0.4249,140,140,offspring,4,2,TINYIMAGENET,401,main_b1000_tinyimagenet_alexnet_GEN_kp10_seed456,0.1,0.42455,44,False,0.1,alexnet,False,0,0,2,0.42125,393,6,0.42135,391,4,6,5,0.1,TINYIMAGENET_alexnet_GEN_accuracy_kp1000_seed456,456,8000,401,42,accuracy,100456,0.42455,5,2.9767426550388336,14.364032082259655,10,2.9767426550388336,valid,0.42044794970325605,0.42885944966128003,0.42455,100456
GEN,0.4249,140,140,offspring,0,2,TINYIMAGENET,402,main_b1000_tinyimagenet_alexnet_GEN_kp10_seed456,0.1,0.42135,44,False,0.1,alexnet,False,0,0,1,0.42135,391,4,0.4249,140,1,2,6,0.1,TINYIMAGENET_alexnet_GEN_accuracy_kp1000_seed456,456,8000,402,42,accuracy,100456,0.42135,5,2.970287033843994,14.290225498378277,10,2.970287033843994,valid,0.4175726363308764,0.42562734592221785,0.42135,100456
GEN,0.4249,140,140,offspring,2,0,TINYIMAGENET,403,main_b1000_tinyimagenet_alexnet_GEN_kp10_seed456,0.1,0.4249,44,False,0.1,alexnet,False,0,0,2,0.42135,391,4,0.4249,140,1,2,7,0.1,TINYIMAGENET_alexnet_GEN_accuracy_kp1000_seed456,456,8000,403,42,accuracy,100456,0.4249,5,2.9738329042434692,14.313062191009521,10,2.9738329042434692,valid,0.42078406574253835,0.4291184456296597,0.4249,100456
GEN,0.4249,140,140,offspring,4,4,TINYIMAGENET,404,main_b1000_tinyimagenet_alexnet_GEN_kp10_seed456,0.1,0.41655,44,False,0.1,alexnet,False,0,0,1,0.42475,392,5,0.42125,393,6,8,8,0.1,TINYIMAGENET_alexnet_GEN_accuracy_kp1000_seed456,456,8000,404,42,accuracy,100456,0.41655,4,2.9766641397953033,14.325487911701202,10,2.9766641397953033,valid,0.4125571682717722,0.42507438466153913,0.41655000000000003,100456
GEN,0.4249,140,140,offspring,4,4,TINYIMAGENET,405,main_b1000_tinyimagenet_alexnet_GEN_kp10_seed456,0.1,0.41975,44,False,0.1,alexnet,False,0,0,2,0.42475,392,5,0.42125,393,6,8,9,0.1,TINYIMAGENET_alexnet_GEN_accuracy_kp1000_seed456,456,8000,405,42,accuracy,100456,0.41975,5,2.9740446445941924,14.3383983746171,10,2.9740446445941924,valid,0.4156974377180223,0.4239409367167376,0.41975,100456
GEN,0.4249,140,140,offspring,4,4,TINYIMAGENET,406,main_b1000_tinyimagenet_alexnet_GEN_kp10_seed456,0.1,0.42315,44,False,0.1,alexnet,False,0,0,1,0.42125,393,6,0.42475,392,5,8,10,0.1,TINYIMAGENET_alexnet_GEN_accuracy_kp1000_seed456,456,8000,406,42,accuracy,100456,0.42315,5,2.971637061548233,11.324545584619045,10,2.971637061548233,valid,0.4192468540525583,0.4274164206311318,0.42314999999999997,100456
GEN,0.4249,140,140,offspring,0,0,TINYIMAGENET,407,main_b1000_tinyimagenet_alexnet_GEN_kp10_seed456,0.1,0.4249,45,False,0.1,alexnet,False,0,0,1,0.4249,140,1,0.4249,398,2,0,2,0.1,TINYIMAGENET_alexnet_GEN_accuracy_kp1000_seed456,456,8000,407,42,accuracy,100456,0.4249,5,2.9738329042434692,11.26519376039505,10,2.9738329042434692,valid,0.42078406574253835,0.4291184456296597,0.4249,100456
GEN,0.4249,140,140,offspring,0,0,TINYIMAGENET,408,main_b1000_tinyimagenet_alexnet_GEN_kp10_seed456,0.1,0.4249,45,False,0.1,alexnet,False,0,0,2,0.4249,140,1,0.4249,398,2,0,3,0.1,TINYIMAGENET_alexnet_GEN_accuracy_kp1000_seed456,456,8000,408,42,accuracy,100456,0.4249,5,2.9738329042434692,11.278467766940594,10,2.9738329042434692,valid,0.42078406574253835,0.4291184456296597,0.4249,100456
GEN,0.4249,140,140,offspring,2,2,TINYIMAGENET,409,main_b1000_tinyimagenet_alexnet_GEN_kp10_seed456,0.1,0.4247,45,False,0.1,alexnet,False,0,0,1,0.4249,398,2,0.42455,401,5,4,4,0.1,TINYIMAGENET_alexnet_GEN_accuracy_kp1000_seed456,456,8000,409,42,accuracy,100456,0.4247,5,2.975201882505417,14.303131677210331,10,2.975201882505417,valid,0.42082314402268006,0.4293030464002717,0.42469999999999997,100456
GEN,0.42495,410,410,offspring,2,2,TINYIMAGENET,410,main_b1000_tinyimagenet_alexnet_GEN_kp10_seed456,0.1,0.42495,45,True,0.1,alexnet,False,0,0,2,0.4249,398,2,0.42455,401,5,4,5,0.1,TINYIMAGENET_alexnet_GEN_accuracy_kp1000_seed456,456,8000,410,42,accuracy,100456,0.42495,5,2.975453580713272,14.245948694646358,10,2.975453580713272,valid,0.4207904563975679,0.4292166727959619,0.42495000000000005,100456
GEN,0.42495,410,410,offspring,0,0,TINYIMAGENET,411,main_b1000_tinyimagenet_alexnet_GEN_kp10_seed456,0.1,0.4249,45,False,0.1,alexnet,False,0,0,1,0.4249,140,1,0.4249,403,7,0,6,0.1,TINYIMAGENET_alexnet_GEN_accuracy_kp1000_seed456,456,8000,411,42,accuracy,100456,0.4249,5,2.9738329042434692,14.218149743974209,10,2.9738329042434692,valid,0.42078406574253835,0.4291184456296597,0.4249,100456
GEN,0.42495,410,410,offspring,0,0,TINYIMAGENET,412,main_b1000_tinyimagenet_alexnet_GEN_kp10_seed456,0.1,0.4249,45,False,0.1,alexnet,False,0,0,2,0.4249,140,1,0.4249,403,7,0,7,0.1,TINYIMAGENET_alexnet_GEN_accuracy_kp1000_seed456,456,8000,412,42,accuracy,100456,0.4249,5,2.9738329042434692,14.12875696271658,10,2.9738329042434692,valid,0.42078406574253835,0.4291184456296597,0.4249,100456
GEN,0.42495,410,410,offspring,0,0,TINYIMAGENET,413,main_b1000_tinyimagenet_alexnet_GEN_kp10_seed456,0.1,0.4249,45,False,0.1,alexnet,False,0,0,1,0.4249,403,7,0.4249,398,2,0,8,0.1,TINYIMAGENET_alexnet_GEN_accuracy_kp1000_seed456,456,8000,413,42,accuracy,100456,0.4249,5,2.9738329042434692,14.329924151301384,10,2.9738329042434692,valid,0.42078406574253835,0.4291184456296597,0.4249,100456
GEN,0.42495,410,410,offspring,0,0,TINYIMAGENET,414,main_b1000_tinyimagenet_alexnet_GEN_kp10_seed456,0.1,0.4249,45,False,0.1,alexnet,False,0,0,2,0.4249,403,7,0.4249,398,2,0,9,0.1,TINYIMAGENET_alexnet_GEN_accuracy_kp1000_seed456,456,8000,414,42,accuracy,100456,0.4249,5,2.9738329042434692,14.354469023644924,10,2.9738329042434692,valid,0.42078406574253835,0.4291184456296597,0.4249,100456
GEN,0.42495,410,410,offspring,0,0,TINYIMAGENET,415,main_b1000_tinyimagenet_alexnet_GEN_kp10_seed456,0.1,0.4249,45,False,0.1,alexnet,False,0,0,1,0.4249,403,7,0.4249,140,1,0,10,0.1,TINYIMAGENET_alexnet_GEN_accuracy_kp1000_seed456,456,8000,415,42,accuracy,100456,0.4249,5,2.9738329042434692,14.340427979826927,10,2.9738329042434692,valid,0.42078406574253835,0.4291184456296597,0.4249,100456
GEN,0.42495,410,410,offspring,2,0,TINYIMAGENET,416,main_b1000_tinyimagenet_alexnet_GEN_kp10_seed456,0.1,0.4249,46,False,0.1,alexnet,False,0,0,1,0.42495,410,5,0.4249,415,10,2,2,0.1,TINYIMAGENET_alexnet_GEN_accuracy_kp1000_seed456,456,8000,416,42,accuracy,100456,0.4249,5,2.9738329042434692,14.310969606041908,10,2.9738329042434692,valid,0.42078406574253835,0.4291184456296597,0.4249,100456
GEN,0.42495,410,410,offspring,0,2,TINYIMAGENET,417,main_b1000_tinyimagenet_alexnet_GEN_kp10_seed456,0.1,0.42495,46,False,0.1,alexnet,False,0,0,2,0.42495,410,5,0.4249,415,10,2,3,0.1,TINYIMAGENET_alexnet_GEN_accuracy_kp1000_seed456,456,8000,417,42,accuracy,100456,0.42495,5,2.975453580713272,14.29564842581749,10,2.975453580713272,valid,0.4207904563975679,0.4292166727959619,0.42495000000000005,100456
GEN,0.42495,410,410,offspring,0,2,TINYIMAGENET,418,main_b1000_tinyimagenet_alexnet_GEN_kp10_seed456,0.1,0.42495,46,False,0.1,alexnet,False,0,0,1,0.42495,410,5,0.4249,407,2,2,4,0.1,TINYIMAGENET_alexnet_GEN_accuracy_kp1000_seed456,456,8000,418,42,accuracy,100456,0.42495,5,2.975453580713272,14.364975214004517,10,2.975453580713272,valid,0.4207904563975679,0.4292166727959619,0.42495000000000005,100456
GEN,0.42495,410,410,offspring,2,0,TINYIMAGENET,419,main_b1000_tinyimagenet_alexnet_GEN_kp10_seed456,0.1,0.4249,46,False,0.1,alexnet,False,0,0,2,0.42495,410,5,0.4249,407,2,2,5,0.1,TINYIMAGENET_alexnet_GEN_accuracy_kp1000_seed456,456,8000,419,42,accuracy,100456,0.4249,5,2.9738329042434692,11.167195975780487,10,2.9738329042434692,valid,0.42078406574253835,0.4291184456296597,0.4249,100456
GEN,0.42495,410,410,offspring,0,0,TINYIMAGENET,420,main_b1000_tinyimagenet_alexnet_GEN_kp10_seed456,0.1,0.41615,46,False,0.1,alexnet,True,800,400,1,0.4249,140,1,0.4249,414,9,0,6,0.1,TINYIMAGENET_alexnet_GEN_accuracy_kp1000_seed456,456,8000,420,42,accuracy,100456,0.41615,4,2.964517606306076,11.157198190689087,10,2.964517606306076,valid,0.4120842869646761,0.42676304070492166,0.41615,100456
GEN,0.42495,410,410,offspring,0,0,TINYIMAGENET,421,main_b1000_tinyimagenet_alexnet_GEN_kp10_seed456,0.1,0.4249,46,False,0.1,alexnet,False,0,0,2,0.4249,140,1,0.4249,414,9,0,7,0.1,TINYIMAGENET_alexnet_GEN_accuracy_kp1000_seed456,456,8000,421,42,accuracy,100456,0.4249,5,2.9738329042434692,11.216590240597725,10,2.9738329042434692,valid,0.42078406574253835,0.4291184456296597,0.4249,100456
GEN,0.42495,410,410,offspring,0,2,TINYIMAGENET,422,main_b1000_tinyimagenet_alexnet_GEN_kp10_seed456,0.1,0.42495,46,False,0.1,alexnet,False,0,0,1,0.42495,410,5,0.4249,414,9,2,8,0.1,TINYIMAGENET_alexnet_GEN_accuracy_kp1000_seed456,456,8000,422,42,accuracy,100456,0.42495,5,2.975453580713272,11.265980824828148,10,2.975453580713272,valid,0.4207904563975679,0.4292166727959619,0.42495000000000005,100456
GEN,0.42495,410,410,offspring,2,0,TINYIMAGENET,423,main_b1000_tinyimagenet_alexnet_GEN_kp10_seed456,0.1,0.4249,46,False,0.1,alexnet,False,0,0,2,0.42495,410,5,0.4249,414,9,2,9,0.1,TINYIMAGENET_alexnet_GEN_accuracy_kp1000_seed456,456,8000,423,42,accuracy,100456,0.4249,5,2.9738329042434692,11.238966174423695,10,2.9738329042434692,valid,0.42078406574253835,0.4291184456296597,0.4249,100456
GEN,0.42495,410,410,offspring,0,0,TINYIMAGENET,424,main_b1000_tinyimagenet_alexnet_GEN_kp10_seed456,0.1,0.4249,46,False,0.1,alexnet,False,0,0,1,0.4249,407,2,0.4249,140,1,0,10,0.1,TINYIMAGENET_alexnet_GEN_accuracy_kp1000_seed456,456,8000,424,42,accuracy,100456,0.4249,5,2.9738329042434692,11.235788024961948,10,2.9738329042434692,valid,0.42078406574253835,0.4291184456296597,0.4249,100456
GEN,0.42495,410,410,offspring,0,0,TINYIMAGENET,425,main_b1000_tinyimagenet_alexnet_GEN_kp10_seed456,0.1,0.42495,47,False,0.1,alexnet,False,0,0,1,0.42495,418,4,0.42495,410,1,0,2,0.1,TINYIMAGENET_alexnet_GEN_accuracy_kp1000_seed456,456,8000,425,42,accuracy,100456,0.42495,5,2.975453580713272,11.179863400757313,10,2.975453580713272,valid,0.4207904563975679,0.4292166727959619,0.42495000000000005,100456
GEN,0.42495,410,410,offspring,0,0,TINYIMAGENET,426,main_b1000_tinyimagenet_alexnet_GEN_kp10_seed456,0.1,0.42495,47,False,0.1,alexnet,False,0,0,2,0.42495,418,4,0.42495,410,1,0,3,0.1,TINYIMAGENET_alexnet_GEN_accuracy_kp1000_seed456,456,8000,426,42,accuracy,100456,0.42495,5,2.975453580713272,11.22027213126421,10,2.975453580713272,valid,0.4207904563975679,0.4292166727959619,0.42495000000000005,100456
GEN,0.42495,410,410,offspring,0,0,TINYIMAGENET,427,main_b1000_tinyimagenet_alexnet_GEN_kp10_seed456,0.1,0.42495,47,False,0.1,alexnet,False,0,0,1,0.42495,410,1,0.42495,422,8,0,4,0.1,TINYIMAGENET_alexnet_GEN_accuracy_kp1000_seed456,456,8000,427,42,accuracy,100456,0.42495,5,2.975453580713272,11.23668859153986,10,2.975453580713272,valid,0.4207904563975679,0.4292166727959619,0.42495000000000005,100456
GEN,0.42495,410,410,offspring,0,0,TINYIMAGENET,428,main_b1000_tinyimagenet_alexnet_GEN_kp10_seed456,0.1,0.42495,47,False,0.1,alexnet,False,0,0,2,0.42495,410,1,0.42495,422,8,0,5,0.1,TINYIMAGENET_alexnet_GEN_accuracy_kp1000_seed456,456,8000,428,42,accuracy,100456,0.42495,5,2.975453580713272,11.307934455573559,10,2.975453580713272,valid,0.4207904563975679,0.4292166727959619,0.42495000000000005,100456
GEN,0.42495,410,410,offspring,0,0,TINYIMAGENET,429,main_b1000_tinyimagenet_alexnet_GEN_kp10_seed456,0.1,0.42495,47,False,0.1,alexnet,False,0,0,1,0.42495,418,4,0.42495,422,8,0,6,0.1,TINYIMAGENET_alexnet_GEN_accuracy_kp1000_seed456,456,8000,429,42,accuracy,100456,0.42495,5,2.975453580713272,11.239981710910797,10,2.975453580713272,valid,0.4207904563975679,0.4292166727959619,0.42495000000000005,100456
GEN,0.42495,410,410,offspring,0,0,TINYIMAGENET,430,main_b1000_tinyimagenet_alexnet_GEN_kp10_seed456,0.1,0.42495,47,False,0.1,alexnet,False,0,0,2,0.42495,418,4,0.42495,422,8,0,7,0.1,TINYIMAGENET_alexnet_GEN_accuracy_kp1000_seed456,456,8000,430,42,accuracy,100456,0.42495,5,2.975453580713272,11.245475724339485,10,2.975453580713272,valid,0.4207904563975679,0.4292166727959619,0.42495000000000005,100456
GEN,0.42495,410,410,offspring,0,0,TINYIMAGENET,431,main_b1000_tinyimagenet_alexnet_GEN_kp10_seed456,0.1,0.42495,47,False,0.1,alexnet,False,0,0,1,0.42495,422,8,0.42495,410,1,0,8,0.1,TINYIMAGENET_alexnet_GEN_accuracy_kp1000_seed456,456,8000,431,42,accuracy,100456,0.42495,5,2.975453580713272,11.199172854423523,10,2.975453580713272,valid,0.4207904563975679,0.4292166727959619,0.42495000000000005,100456
GEN,0.42495,410,410,offspring,0,0,TINYIMAGENET,432,main_b1000_tinyimagenet_alexnet_GEN_kp10_seed456,0.1,0.42495,47,False,0.1,alexnet,False,0,0,2,0.42495,422,8,0.42495,410,1,0,9,0.1,TINYIMAGENET_alexnet_GEN_accuracy_kp1000_seed456,456,8000,432,42,accuracy,100456,0.42495,5,2.975453580713272,11.188263088464737,10,2.975453580713272,valid,0.4207904563975679,0.4292166727959619,0.42495000000000005,100456
GEN,0.42495,410,410,offspring,0,0,TINYIMAGENET,433,main_b1000_tinyimagenet_alexnet_GEN_kp10_seed456,0.1,0.42495,47,False,0.1,alexnet,False,0,0,1,0.42495,418,4,0.42495,410,1,0,10,0.1,TINYIMAGENET_alexnet_GEN_accuracy_kp1000_seed456,456,8000,433,42,accuracy,100456,0.42495,5,2.975453580713272,11.281547665596008,10,2.975453580713272,valid,0.4207904563975679,0.4292166727959619,0.42495000000000005,100456
GEN,0.42495,410,410,offspring,0,0,TINYIMAGENET,434,main_b1000_tinyimagenet_alexnet_GEN_kp10_seed456,0.1,0.42495,48,False,0.1,alexnet,False,0,0,1,0.42495,427,4,0.42495,433,10,0,2,0.1,TINYIMAGENET_alexnet_GEN_accuracy_kp1000_seed456,456,8000,434,42,accuracy,100456,0.42495,5,2.975453580713272,11.318286940455437,10,2.975453580713272,valid,0.4207904563975679,0.4292166727959619,0.42495000000000005,100456
GEN,0.42495,410,410,offspring,0,0,TINYIMAGENET,435,main_b1000_tinyimagenet_alexnet_GEN_kp10_seed456,0.1,0.42495,48,False,0.1,alexnet,False,0,0,2,0.42495,427,4,0.42495,433,10,0,3,0.1,TINYIMAGENET_alexnet_GEN_accuracy_kp1000_seed456,456,8000,435,42,accuracy,100456,0.42495,5,2.975453580713272,11.280199684202671,10,2.975453580713272,valid,0.4207904563975679,0.4292166727959619,0.42495000000000005,100456
GEN,0.42495,410,410,offspring,0,0,TINYIMAGENET,436,main_b1000_tinyimagenet_alexnet_GEN_kp10_seed456,0.1,0.42495,48,False,0.1,alexnet,False,0,0,1,0.42495,431,8,0.42495,429,6,0,4,0.1,TINYIMAGENET_alexnet_GEN_accuracy_kp1000_seed456,456,8000,436,42,accuracy,100456,0.42495,5,2.975453580713272,11.201694428920746,10,2.975453580713272,valid,0.4207904563975679,0.4292166727959619,0.42495000000000005,100456
GEN,0.42495,410,410,offspring,0,0,TINYIMAGENET,437,main_b1000_tinyimagenet_alexnet_GEN_kp10_seed456,0.1,0.42495,48,False,0.1,alexnet,False,0,0,2,0.42495,431,8,0.42495,429,6,0,5,0.1,TINYIMAGENET_alexnet_GEN_accuracy_kp1000_seed456,456,8000,437,42,accuracy,100456,0.42495,5,2.975453580713272,11.256850555539131,10,2.975453580713272,valid,0.4207904563975679,0.4292166727959619,0.42495000000000005,100456
GEN,0.42495,410,410,offspring,0,0,TINYIMAGENET,438,main_b1000_tinyimagenet_alexnet_GEN_kp10_seed456,0.1,0.42495,48,False,0.1,alexnet,False,0,0,1,0.42495,426,3,0.42495,428,5,0,6,0.1,TINYIMAGENET_alexnet_GEN_accuracy_kp1000_seed456,456,8000,438,42,accuracy,100456,0.42495,5,2.975453580713272,11.233363144099712,10,2.975453580713272,valid,0.4207904563975679,0.4292166727959619,0.42495000000000005,100456
GEN,0.42495,410,410,offspring,0,0,TINYIMAGENET,439,main_b1000_tinyimagenet_alexnet_GEN_kp10_seed456,0.1,0.4198,48,False,0.1,alexnet,True,800,400,2,0.42495,426,3,0.42495,428,5,0,7,0.1,TINYIMAGENET_alexnet_GEN_accuracy_kp1000_seed456,456,8000,439,42,accuracy,100456,0.4198,4,2.9496009637355805,11.290000058710575,10,2.9496009637355805,valid,0.41491346073043545,0.426516568610578,0.41980000000000006,100456
GEN,0.42495,410,410,offspring,0,0,TINYIMAGENET,440,main_b1000_tinyimagenet_alexnet_GEN_kp10_seed456,0.1,0.42495,48,False,0.1,alexnet,False,0,0,1,0.42495,410,1,0.42495,431,8,0,8,0.1,TINYIMAGENET_alexnet_GEN_accuracy_kp1000_seed456,456,8000,440,42,accuracy,100456,0.42495,5,2.975453580713272,11.235117800533772,10,2.975453580713272,valid,0.4207904563975679,0.4292166727959619,0.42495000000000005,100456
GEN,0.42495,410,410,offspring,0,0,TINYIMAGENET,441,main_b1000_tinyimagenet_alexnet_GEN_kp10_seed456,0.1,0.42495,48,False,0.1,alexnet,False,0,0,2,0.42495,410,1,0.42495,431,8,0,9,0.1,TINYIMAGENET_alexnet_GEN_accuracy_kp1000_seed456,456,8000,441,42,accuracy,100456,0.42495,5,2.975453580713272,11.24918245524168,10,2.975453580713272,valid,0.4207904563975679,0.4292166727959619,0.42495000000000005,100456
GEN,0.42495,410,410,offspring,0,0,TINYIMAGENET,442,main_b1000_tinyimagenet_alexnet_GEN_kp10_seed456,0.1,0.42495,48,False,0.1,alexnet,False,0,0,1,0.42495,432,9,0.42495,425,2,0,10,0.1,TINYIMAGENET_alexnet_GEN_accuracy_kp1000_seed456,456,8000,442,42,accuracy,100456,0.42495,5,2.975453580713272,11.250579752027988,10,2.975453580713272,valid,0.4207904563975679,0.4292166727959619,0.42495000000000005,100456
GEN,0.42495,410,410,offspring,0,0,TINYIMAGENET,443,main_b1000_tinyimagenet_alexnet_GEN_kp10_seed456,0.1,0.4119,49,False,0.1,alexnet,True,800,400,1,0.42495,410,1,0.42495,438,6,0,2,0.1,TINYIMAGENET_alexnet_GEN_accuracy_kp1000_seed456,456,8000,443,42,accuracy,100456,0.4119,4,2.9789819017410277,11.28950797021389,10,2.9789819017410277,valid,0.407064807584881,0.41897380045356414,0.41190000000000004,100456
GEN,0.42495,410,410,offspring,0,0,TINYIMAGENET,444,main_b1000_tinyimagenet_alexnet_GEN_kp10_seed456,0.1,0.4167,49,False,0.1,alexnet,True,800,400,2,0.42495,410,1,0.42495,438,6,0,3,0.1,TINYIMAGENET_alexnet_GEN_accuracy_kp1000_seed456,456,8000,444,42,accuracy,100456,0.4167,4,2.978570149087906,11.353249981999397,10,2.978570149087906,valid,0.4126292490022017,0.42581830228496415,0.4167,100456
GEN,0.42495,410,410,offspring,0,0,TINYIMAGENET,445,main_b1000_tinyimagenet_alexnet_GEN_kp10_seed456,0.1,0.42495,49,False,0.1,alexnet,False,0,0,1,0.42495,440,8,0.42495,442,10,0,4,0.1,TINYIMAGENET_alexnet_GEN_accuracy_kp1000_seed456,456,8000,445,42,accuracy,100456,0.42495,5,2.975453580713272,11.333771742880344,10,2.975453580713272,valid,0.4207904563975679,0.4292166727959619,0.42495000000000005,100456
GEN,0.42495,410,410,offspring,0,0,TINYIMAGENET,446,main_b1000_tinyimagenet_alexnet_GEN_kp10_seed456,0.1,0.42495,49,False,0.1,alexnet,False,0,0,2,0.42495,440,8,0.42495,442,10,0,5,0.1,TINYIMAGENET_alexnet_GEN_accuracy_kp1000_seed456,456,8000,446,42,accuracy,100456,0.42495,5,2.975453580713272,11.255089677870274,10,2.975453580713272,valid,0.4207904563975679,0.4292166727959619,0.42495000000000005,100456
GEN,0.42495,410,410,offspring,0,0,TINYIMAGENET,447,main_b1000_tinyimagenet_alexnet_GEN_kp10_seed456,0.1,0.42495,49,False,0.1,alexnet,False,0,0,1,0.42495,410,1,0.42495,436,4,0,6,0.1,TINYIMAGENET_alexnet_GEN_accuracy_kp1000_seed456,456,8000,447,42,accuracy,100456,0.42495,5,2.975453580713272,11.201522260904312,10,2.975453580713272,valid,0.4207904563975679,0.4292166727959619,0.42495000000000005,100456
GEN,0.42495,410,410,offspring,0,0,TINYIMAGENET,448,main_b1000_tinyimagenet_alexnet_GEN_kp10_seed456,0.1,0.42495,49,False,0.1,alexnet,False,0,0,2,0.42495,410,1,0.42495,436,4,0,7,0.1,TINYIMAGENET_alexnet_GEN_accuracy_kp1000_seed456,456,8000,448,42,accuracy,100456,0.42495,5,2.975453580713272,11.239070475101471,10,2.975453580713272,valid,0.4207904563975679,0.4292166727959619,0.42495000000000005,100456
GEN,0.42495,410,410,offspring,0,0,TINYIMAGENET,449,main_b1000_tinyimagenet_alexnet_GEN_kp10_seed456,0.1,0.42495,49,False,0.1,alexnet,False,0,0,1,0.42495,410,1,0.42495,440,8,0,8,0.1,TINYIMAGENET_alexnet_GEN_accuracy_kp1000_seed456,456,8000,449,42,accuracy,100456,0.42495,5,2.975453580713272,11.261369831860065,10,2.975453580713272,valid,0.4207904563975679,0.4292166727959619,0.42495000000000005,100456
GEN,0.42495,410,410,offspring,0,0,TINYIMAGENET,450,main_b1000_tinyimagenet_alexnet_GEN_kp10_seed456,0.1,0.42495,49,False,0.1,alexnet,False,0,0,2,0.42495,410,1,0.42495,440,8,0,9,0.1,TINYIMAGENET_alexnet_GEN_accuracy_kp1000_seed456,456,8000,450,42,accuracy,100456,0.42495,5,2.975453580713272,11.208340711891651,10,2.975453580713272,valid,0.4207904563975679,0.4292166727959619,0.42495000000000005,100456
GEN,0.42495,410,410,offspring,0,0,TINYIMAGENET,451,main_b1000_tinyimagenet_alexnet_GEN_kp10_seed456,0.1,0.42495,49,False,0.1,alexnet,False,0,0,1,0.42495,440,8,0.42495,436,4,0,10,0.1,TINYIMAGENET_alexnet_GEN_accuracy_kp1000_seed456,456,8000,451,42,accuracy,100456,0.42495,5,2.975453580713272,11.231197707355022,10,2.975453580713272,valid,0.4207904563975679,0.4292166727959619,0.42495000000000005,100456
GEN,0.42495,410,410,offspring,0,0,TINYIMAGENET,452,main_b1000_tinyimagenet_alexnet_GEN_kp10_seed456,0.1,0.42495,50,False,0.1,alexnet,False,0,0,1,0.42495,447,6,0.42495,450,9,0,2,0.1,TINYIMAGENET_alexnet_GEN_accuracy_kp1000_seed456,456,8000,452,42,accuracy,100456,0.42495,5,2.975453580713272,11.273754924535751,10,2.975453580713272,valid,0.4207904563975679,0.4292166727959619,0.42495000000000005,100456
GEN,0.42495,410,410,offspring,0,0,TINYIMAGENET,453,main_b1000_tinyimagenet_alexnet_GEN_kp10_seed456,0.1,0.42495,50,False,0.1,alexnet,False,0,0,2,0.42495,447,6,0.42495,450,9,0,3,0.1,TINYIMAGENET_alexnet_GEN_accuracy_kp1000_seed456,456,8000,453,42,accuracy,100456,0.42495,5,2.975453580713272,11.294801592826843,10,2.975453580713272,valid,0.4207904563975679,0.4292166727959619,0.42495000000000005,100456
GEN,0.42495,410,410,offspring,0,0,TINYIMAGENET,454,main_b1000_tinyimagenet_alexnet_GEN_kp10_seed456,0.1,0.42495,50,False,0.1,alexnet,False,0,0,1,0.42495,447,6,0.42495,451,10,0,4,0.1,TINYIMAGENET_alexnet_GEN_accuracy_kp1000_seed456,456,8000,454,42,accuracy,100456,0.42495,5,2.975453580713272,11.227367833256721,10,2.975453580713272,valid,0.4207904563975679,0.4292166727959619,0.42495000000000005,100456
GEN,0.42495,410,410,offspring,0,0,TINYIMAGENET,455,main_b1000_tinyimagenet_alexnet_GEN_kp10_seed456,0.1,0.41415,50,False,0.1,alexnet,True,800,400,2,0.42495,447,6,0.42495,451,10,0,5,0.1,TINYIMAGENET_alexnet_GEN_accuracy_kp1000_seed456,456,8000,455,42,accuracy,100456,0.41415,4,2.9836885469436645,11.235235512256622,10,2.9836885469436645,valid,0.4100525017581677,0.42279743680883214,0.41415,100456
GEN,0.42495,410,410,offspring,0,0,TINYIMAGENET,456,main_b1000_tinyimagenet_alexnet_GEN_kp10_seed456,0.1,0.4149,50,False,0.1,alexnet,True,800,400,1,0.42495,446,5,0.42495,410,1,0,6,0.1,TINYIMAGENET_alexnet_GEN_accuracy_kp1000_seed456,456,8000,456,42,accuracy,100456,0.4149,4,2.9642399907112122,11.239765748381615,10,2.9642399907112122,valid,0.4118585068328248,0.4258536330243066,0.41490000000000005,100456
GEN,0.42495,410,410,offspring,0,0,TINYIMAGENET,457,main_b1000_tinyimagenet_alexnet_GEN_kp10_seed456,0.1,0.42495,50,False,0.1,alexnet,False,0,0,2,0.42495,446,5,0.42495,410,1,0,7,0.1,TINYIMAGENET_alexnet_GEN_accuracy_kp1000_seed456,456,8000,457,42,accuracy,100456,0.42495,5,2.975453580713272,11.31996563822031,10,2.975453580713272,valid,0.4207904563975679,0.4292166727959619,0.42495000000000005,100456
GEN,0.42495,410,410,offspring,0,0,TINYIMAGENET,458,main_b1000_tinyimagenet_alexnet_GEN_kp10_seed456,0.1,0.41385,50,False,0.1,alexnet,True,800,400,1,0.42495,445,4,0.42495,451,10,0,8,0.1,TINYIMAGENET_alexnet_GEN_accuracy_kp1000_seed456,456,8000,458,42,accuracy,100456,0.41385,4,2.95286053314209,11.287711016833782,10,2.95286053314209,valid,0.41080288306567087,0.4231875962994217,0.41385,100456
GEN,0.42495,410,410,offspring,0,0,TINYIMAGENET,459,main_b1000_tinyimagenet_alexnet_GEN_kp10_seed456,0.1,0.42495,50,False,0.1,alexnet,False,0,0,2,0.42495,445,4,0.42495,451,10,0,9,0.1,TINYIMAGENET_alexnet_GEN_accuracy_kp1000_seed456,456,8000,459,42,accuracy,100456,0.42495,5,2.975453580713272,11.277169056236744,10,2.975453580713272,valid,0.4207904563975679,0.4292166727959619,0.42495000000000005,100456
GEN,0.42495,410,410,offspring,0,0,TINYIMAGENET,460,main_b1000_tinyimagenet_alexnet_GEN_kp10_seed456,0.1,0.42495,50,False,0.1,alexnet,False,0,0,1,0.42495,447,6,0.42495,450,9,0,10,0.1,TINYIMAGENET_alexnet_GEN_accuracy_kp1000_seed456,456,8000,460,42,accuracy,100456,0.42495,5,2.975453580713272,11.25758945941925,10,2.975453580713272,valid,0.4207904563975679,0.4292166727959619,0.42495000000000005,100456
GEN,0.42495,410,410,offspring,0,0,TINYIMAGENET,461,main_b1000_tinyimagenet_alexnet_GEN_kp10_seed456,0.1,0.42495,51,False,0.1,alexnet,False,0,0,1,0.42495,459,9,0.42495,454,4,0,2,0.1,TINYIMAGENET_alexnet_GEN_accuracy_kp1000_seed456,456,8000,461,42,accuracy,100456,0.42495,5,2.975453580713272,11.26824527233839,10,2.975453580713272,valid,0.4207904563975679,0.4292166727959619,0.42495000000000005,100456
GEN,0.42495,410,410,offspring,0,0,TINYIMAGENET,462,main_b1000_tinyimagenet_alexnet_GEN_kp10_seed456,0.1,0.42495,51,False,0.1,alexnet,False,0,0,2,0.42495,459,9,0.42495,454,4,0,3,0.1,TINYIMAGENET_alexnet_GEN_accuracy_kp1000_seed456,456,8000,462,42,accuracy,100456,0.42495,5,2.975453580713272,11.363012172281742,10,2.975453580713272,valid,0.4207904563975679,0.4292166727959619,0.42495000000000005,100456
GEN,0.42495,410,410,offspring,0,0,TINYIMAGENET,463,main_b1000_tinyimagenet_alexnet_GEN_kp10_seed456,0.1,0.42495,51,False,0.1,alexnet,False,0,0,1,0.42495,410,1,0.42495,454,4,0,4,0.1,TINYIMAGENET_alexnet_GEN_accuracy_kp1000_seed456,456,8000,463,42,accuracy,100456,0.42495,5,2.975453580713272,11.213385455310345,10,2.975453580713272,valid,0.4207904563975679,0.4292166727959619,0.42495000000000005,100456
GEN,0.42495,410,410,offspring,0,0,TINYIMAGENET,464,main_b1000_tinyimagenet_alexnet_GEN_kp10_seed456,0.1,0.42495,51,False,0.1,alexnet,False,0,0,2,0.42495,410,1,0.42495,454,4,0,5,0.1,TINYIMAGENET_alexnet_GEN_accuracy_kp1000_seed456,456,8000,464,42,accuracy,100456,0.42495,5,2.975453580713272,11.168947391211987,10,2.975453580713272,valid,0.4207904563975679,0.4292166727959619,0.42495000000000005,100456
GEN,0.42495,410,410,offspring,0,0,TINYIMAGENET,465,main_b1000_tinyimagenet_alexnet_GEN_kp10_seed456,0.1,0.42495,51,False,0.1,alexnet,False,0,0,1,0.42495,410,1,0.42495,453,3,0,6,0.1,TINYIMAGENET_alexnet_GEN_accuracy_kp1000_seed456,456,8000,465,42,accuracy,100456,0.42495,5,2.975453580713272,11.265706777572632,10,2.975453580713272,valid,0.4207904563975679,0.4292166727959619,0.42495000000000005,100456
GEN,0.42495,410,410,offspring,0,0,TINYIMAGENET,466,main_b1000_tinyimagenet_alexnet_GEN_kp10_seed456,0.1,0.42495,51,False,0.1,alexnet,False,0,0,2,0.42495,410,1,0.42495,453,3,0,7,0.1,TINYIMAGENET_alexnet_GEN_accuracy_kp1000_seed456,456,8000,466,42,accuracy,100456,0.42495,5,2.975453580713272,11.252781853079796,10,2.975453580713272,valid,0.4207904563975679,0.4292166727959619,0.42495000000000005,100456
GEN,0.42495,410,410,offspring,0,0,TINYIMAGENET,467,main_b1000_tinyimagenet_alexnet_GEN_kp10_seed456,0.1,0.42495,51,False,0.1,alexnet,False,0,0,1,0.42495,453,3,0.42495,460,10,0,8,0.1,TINYIMAGENET_alexnet_GEN_accuracy_kp1000_seed456,456,8000,467,42,accuracy,100456,0.42495,5,2.975453580713272,11.27059169858694,10,2.975453580713272,valid,0.4207904563975679,0.4292166727959619,0.42495000000000005,100456
GEN,0.42495,410,410,offspring,0,0,TINYIMAGENET,468,main_b1000_tinyimagenet_alexnet_GEN_kp10_seed456,0.1,0.42495,51,False,0.1,alexnet,False,0,0,2,0.42495,453,3,0.42495,460,10,0,9,0.1,TINYIMAGENET_alexnet_GEN_accuracy_kp1000_seed456,456,8000,468,42,accuracy,100456,0.42495,5,2.975453580713272,11.167544186115265,10,2.975453580713272,valid,0.4207904563975679,0.4292166727959619,0.42495000000000005,100456
GEN,0.42495,410,410,offspring,0,0,TINYIMAGENET,469,main_b1000_tinyimagenet_alexnet_GEN_kp10_seed456,0.1,0.42495,51,False,0.1,alexnet,False,0,0,1,0.42495,410,1,0.42495,452,2,0,10,0.1,TINYIMAGENET_alexnet_GEN_accuracy_kp1000_seed456,456,8000,469,42,accuracy,100456,0.42495,5,2.975453580713272,11.22131984680891,10,2.975453580713272,valid,0.4207904563975679,0.4292166727959619,0.42495000000000005,100456
GEN,0.42495,410,410,offspring,0,0,TINYIMAGENET,470,main_b1000_tinyimagenet_alexnet_GEN_kp10_seed456,0.1,0.42495,52,False,0.1,alexnet,False,0,0,1,0.42495,410,1,0.42495,462,3,0,2,0.1,TINYIMAGENET_alexnet_GEN_accuracy_kp1000_seed456,456,8000,470,42,accuracy,100456,0.42495,5,2.975453580713272,11.302292607724667,10,2.975453580713272,valid,0.4207904563975679,0.4292166727959619,0.42495000000000005,100456
GEN,0.42495,410,410,offspring,0,0,TINYIMAGENET,471,main_b1000_tinyimagenet_alexnet_GEN_kp10_seed456,0.1,0.42495,52,False,0.1,alexnet,False,0,0,2,0.42495,410,1,0.42495,462,3,0,3,0.1,TINYIMAGENET_alexnet_GEN_accuracy_kp1000_seed456,456,8000,471,42,accuracy,100456,0.42495,5,2.975453580713272,11.3254778906703,10,2.975453580713272,valid,0.4207904563975679,0.4292166727959619,0.42495000000000005,100456
GEN,0.42495,410,410,offspring,0,0,TINYIMAGENET,472,main_b1000_tinyimagenet_alexnet_GEN_kp10_seed456,0.1,0.42495,52,False,0.1,alexnet,False,0,0,1,0.42495,463,4,0.42495,410,1,0,4,0.1,TINYIMAGENET_alexnet_GEN_accuracy_kp1000_seed456,456,8000,472,42,accuracy,100456,0.42495,5,2.975453580713272,11.325531795620918,10,2.975453580713272,valid,0.4207904563975679,0.4292166727959619,0.42495000000000005,100456
GEN,0.42495,410,410,offspring,0,0,TINYIMAGENET,473,main_b1000_tinyimagenet_alexnet_GEN_kp10_seed456,0.1,0.42495,52,False,0.1,alexnet,False,0,0,2,0.42495,463,4,0.42495,410,1,0,5,0.1,TINYIMAGENET_alexnet_GEN_accuracy_kp1000_seed456,456,8000,473,42,accuracy,100456,0.42495,5,2.975453580713272,11.287843495607376,10,2.975453580713272,valid,0.4207904563975679,0.4292166727959619,0.42495000000000005,100456
GEN,0.42495,410,410,offspring,0,0,TINYIMAGENET,474,main_b1000_tinyimagenet_alexnet_GEN_kp10_seed456,0.1,0.42495,52,False,0.1,alexnet,False,0,0,1,0.42495,467,8,0.42495,462,3,0,6,0.1,TINYIMAGENET_alexnet_GEN_accuracy_kp1000_seed456,456,8000,474,42,accuracy,100456,0.42495,5,2.975453580713272,11.228606782853603,10,2.975453580713272,valid,0.4207904563975679,0.4292166727959619,0.42495000000000005,100456
GEN,0.42495,410,410,offspring,0,0,TINYIMAGENET,475,main_b1000_tinyimagenet_alexnet_GEN_kp10_seed456,0.1,0.42495,52,False,0.1,alexnet,False,0,0,2,0.42495,467,8,0.42495,462,3,0,7,0.1,TINYIMAGENET_alexnet_GEN_accuracy_kp1000_seed456,456,8000,475,42,accuracy,100456,0.42495,5,2.975453580713272,11.13565482199192,10,2.975453580713272,valid,0.4207904563975679,0.4292166727959619,0.42495000000000005,100456
GEN,0.42495,410,410,offspring,0,0,TINYIMAGENET,476,main_b1000_tinyimagenet_alexnet_GEN_kp10_seed456,0.1,0.42495,52,False,0.1,alexnet,False,0,0,1,0.42495,468,9,0.42495,465,6,0,8,0.1,TINYIMAGENET_alexnet_GEN_accuracy_kp1000_seed456,456,8000,476,42,accuracy,100456,0.42495,5,2.975453580713272,11.24432859569788,10,2.975453580713272,valid,0.4207904563975679,0.4292166727959619,0.42495000000000005,100456
GEN,0.42495,410,410,offspring,0,0,TINYIMAGENET,477,main_b1000_tinyimagenet_alexnet_GEN_kp10_seed456,0.1,0.42495,52,False,0.1,alexnet,False,0,0,2,0.42495,468,9,0.42495,465,6,0,9,0.1,TINYIMAGENET_alexnet_GEN_accuracy_kp1000_seed456,456,8000,477,42,accuracy,100456,0.42495,5,2.975453580713272,11.249675460159779,10,2.975453580713272,valid,0.4207904563975679,0.4292166727959619,0.42495000000000005,100456
GEN,0.42495,410,410,offspring,0,0,TINYIMAGENET,478,main_b1000_tinyimagenet_alexnet_GEN_kp10_seed456,0.1,0.4195,52,False,0.1,alexnet,True,800,400,1,0.42495,469,10,0.42495,463,4,0,10,0.1,TINYIMAGENET_alexnet_GEN_accuracy_kp1000_seed456,456,8000,478,42,accuracy,100456,0.4195,4,2.9483792966365816,11.247463248670101,10,2.9483792966365816,valid,0.4152786546233122,0.4280479357017114,0.4195,100456
GEN,0.42495,410,410,offspring,0,0,TINYIMAGENET,479,main_b1000_tinyimagenet_alexnet_GEN_kp10_seed456,0.1,0.42495,53,False,0.1,alexnet,False,0,0,1,0.42495,410,1,0.42495,475,7,0,2,0.1,TINYIMAGENET_alexnet_GEN_accuracy_kp1000_seed456,456,8000,479,42,accuracy,100456,0.42495,5,2.975453580713272,11.153668344020844,10,2.975453580713272,valid,0.4207904563975679,0.4292166727959619,0.42495000000000005,100456
GEN,0.42495,410,410,offspring,0,0,TINYIMAGENET,480,main_b1000_tinyimagenet_alexnet_GEN_kp10_seed456,0.1,0.4133,53,False,0.1,alexnet,True,800,400,2,0.42495,410,1,0.42495,475,7,0,3,0.1,TINYIMAGENET_alexnet_GEN_accuracy_kp1000_seed456,456,8000,480,42,accuracy,100456,0.4133,4,2.9683384509086608,11.187063813209534,10,2.9683384509086608,valid,0.4101858433940043,0.42399206373295706,0.4133,100456
GEN,0.42495,410,410,offspring,0,0,TINYIMAGENET,481,main_b1000_tinyimagenet_alexnet_GEN_kp10_seed456,0.1,0.42495,53,False,0.1,alexnet,False,0,0,1,0.42495,473,5,0.42495,476,8,0,4,0.1,TINYIMAGENET_alexnet_GEN_accuracy_kp1000_seed456,456,8000,481,42,accuracy,100456,0.42495,5,2.975453580713272,11.279430232942104,10,2.975453580713272,valid,0.4207904563975679,0.4292166727959619,0.42495000000000005,100456
GEN,0.42495,410,410,offspring,0,0,TINYIMAGENET,482,main_b1000_tinyimagenet_alexnet_GEN_kp10_seed456,0.1,0.42495,53,False,0.1,alexnet,False,0,0,2,0.42495,473,5,0.42495,476,8,0,5,0.1,TINYIMAGENET_alexnet_GEN_accuracy_kp1000_seed456,456,8000,482,42,accuracy,100456,0.42495,5,2.975453580713272,11.315052054822445,10,2.975453580713272,valid,0.4207904563975679,0.4292166727959619,0.42495000000000005,100456
GEN,0.42495,410,410,offspring,0,0,TINYIMAGENET,483,main_b1000_tinyimagenet_alexnet_GEN_kp10_seed456,0.1,0.42495,53,False,0.1,alexnet,False,0,0,1,0.42495,473,5,0.42495,410,1,0,6,0.1,TINYIMAGENET_alexnet_GEN_accuracy_kp1000_seed456,456,8000,483,42,accuracy,100456,0.42495,5,2.975453580713272,11.210518181324005,10,2.975453580713272,valid,0.4207904563975679,0.4292166727959619,0.42495000000000005,100456
GEN,0.42495,410,410,offspring,0,0,TINYIMAGENET,484,main_b1000_tinyimagenet_alexnet_GEN_kp10_seed456,0.1,0.42495,53,False,0.1,alexnet,False,0,0,2,0.42495,473,5,0.42495,410,1,0,7,0.1,TINYIMAGENET_alexnet_GEN_accuracy_kp1000_seed456,456,8000,484,42,accuracy,100456,0.42495,5,2.975453580713272,11.17050801962614,10,2.975453580713272,valid,0.4207904563975679,0.4292166727959619,0.42495000000000005,100456
GEN,0.42495,410,410,offspring,0,0,TINYIMAGENET,485,main_b1000_tinyimagenet_alexnet_GEN_kp10_seed456,0.1,0.42495,53,False,0.1,alexnet,False,0,0,1,0.42495,470,2,0.42495,474,6,0,8,0.1,TINYIMAGENET_alexnet_GEN_accuracy_kp1000_seed456,456,8000,485,42,accuracy,100456,0.42495,5,2.975453580713272,11.154860645532608,10,2.975453580713272,valid,0.4207904563975679,0.4292166727959619,0.42495000000000005,100456
GEN,0.42495,410,410,offspring,0,0,TINYIMAGENET,486,main_b1000_tinyimagenet_alexnet_GEN_kp10_seed456,0.1,0.42495,53,False,0.1,alexnet,False,0,0,2,0.42495,470,2,0.42495,474,6,0,9,0.1,TINYIMAGENET_alexnet_GEN_accuracy_kp1000_seed456,456,8000,486,42,accuracy,100456,0.42495,5,2.975453580713272,11.16757457703352,10,2.975453580713272,valid,0.4207904563975679,0.4292166727959619,0.42495000000000005,100456
GEN,0.42495,410,410,offspring,0,0,TINYIMAGENET,487,main_b1000_tinyimagenet_alexnet_GEN_kp10_seed456,0.1,0.42495,53,False,0.1,alexnet,False,0,0,1,0.42495,475,7,0.42495,473,5,0,10,0.1,TINYIMAGENET_alexnet_GEN_accuracy_kp1000_seed456,456,8000,487,42,accuracy,100456,0.42495,5,2.975453580713272,11.200294688344002,10,2.975453580713272,valid,0.4207904563975679,0.4292166727959619,0.42495000000000005,100456
GEN,0.42495,410,410,offspring,0,0,TINYIMAGENET,488,main_b1000_tinyimagenet_alexnet_GEN_kp10_seed456,0.1,0.42495,54,False,0.1,alexnet,False,0,0,1,0.42495,487,10,0.42495,485,8,0,2,0.1,TINYIMAGENET_alexnet_GEN_accuracy_kp1000_seed456,456,8000,488,42,accuracy,100456,0.42495,5,2.975453580713272,11.272056840360165,10,2.975453580713272,valid,0.4207904563975679,0.4292166727959619,0.42495000000000005,100456
GEN,0.42495,410,410,offspring,0,0,TINYIMAGENET,489,main_b1000_tinyimagenet_alexnet_GEN_kp10_seed456,0.1,0.42495,54,False,0.1,alexnet,False,0,0,2,0.42495,487,10,0.42495,485,8,0,3,0.1,TINYIMAGENET_alexnet_GEN_accuracy_kp1000_seed456,456,8000,489,42,accuracy,100456,0.42495,5,2.975453580713272,11.220401220023632,10,2.975453580713272,valid,0.4207904563975679,0.4292166727959619,0.42495000000000005,100456
GEN,0.42495,410,410,offspring,0,0,TINYIMAGENET,490,main_b1000_tinyimagenet_alexnet_GEN_kp10_seed456,0.1,0.42495,54,False,0.1,alexnet,False,0,0,1,0.42495,481,4,0.42495,479,2,0,4,0.1,TINYIMAGENET_alexnet_GEN_accuracy_kp1000_seed456,456,8000,490,42,accuracy,100456,0.42495,5,2.975453580713272,11.19569306820631,10,2.975453580713272,valid,0.4207904563975679,0.4292166727959619,0.42495000000000005,100456
GEN,0.42495,410,410,offspring,0,0,TINYIMAGENET,491,main_b1000_tinyimagenet_alexnet_GEN_kp10_seed456,0.1,0.42495,54,False,0.1,alexnet,False,0,0,2,0.42495,481,4,0.42495,479,2,0,5,0.1,TINYIMAGENET_alexnet_GEN_accuracy_kp1000_seed456,456,8000,491,42,accuracy,100456,0.42495,5,2.975453580713272,14.141431003808975,10,2.975453580713272,valid,0.4207904563975679,0.4292166727959619,0.42495000000000005,100456
GEN,0.42495,410,410,offspring,0,0,TINYIMAGENET,492,main_b1000_tinyimagenet_alexnet_GEN_kp10_seed456,0.1,0.42495,54,False,0.1,alexnet,False,0,0,1,0.42495,410,1,0.42495,481,4,0,6,0.1,TINYIMAGENET_alexnet_GEN_accuracy_kp1000_seed456,456,8000,492,42,accuracy,100456,0.42495,5,2.975453580713272,14.203179679811,10,2.975453580713272,valid,0.4207904563975679,0.4292166727959619,0.42495000000000005,100456
GEN,0.42495,410,410,offspring,0,0,TINYIMAGENET,493,main_b1000_tinyimagenet_alexnet_GEN_kp10_seed456,0.1,0.42495,54,False,0.1,alexnet,False,0,0,2,0.42495,410,1,0.42495,481,4,0,7,0.1,TINYIMAGENET_alexnet_GEN_accuracy_kp1000_seed456,456,8000,493,42,accuracy,100456,0.42495,5,2.975453580713272,14.176986888051033,10,2.975453580713272,valid,0.4207904563975679,0.4292166727959619,0.42495000000000005,100456
GEN,0.42495,410,410,offspring,0,0,TINYIMAGENET,494,main_b1000_tinyimagenet_alexnet_GEN_kp10_seed456,0.1,0.42495,54,False,0.1,alexnet,False,0,0,1,0.42495,487,10,0.42495,410,1,0,8,0.1,TINYIMAGENET_alexnet_GEN_accuracy_kp1000_seed456,456,8000,494,42,accuracy,100456,0.42495,5,2.975453580713272,14.207220546901226,10,2.975453580713272,valid,0.4207904563975679,0.4292166727959619,0.42495000000000005,100456
GEN,0.42495,410,410,offspring,0,0,TINYIMAGENET,495,main_b1000_tinyimagenet_alexnet_GEN_kp10_seed456,0.1,0.42495,54,False,0.1,alexnet,False,0,0,2,0.42495,487,10,0.42495,410,1,0,9,0.1,TINYIMAGENET_alexnet_GEN_accuracy_kp1000_seed456,456,8000,495,42,accuracy,100456,0.42495,5,2.975453580713272,14.223593674600124,10,2.975453580713272,valid,0.4207904563975679,0.4292166727959619,0.42495000000000005,100456
GEN,0.42495,410,410,offspring,0,0,TINYIMAGENET,496,main_b1000_tinyimagenet_alexnet_GEN_kp10_seed456,0.1,0.42495,54,False,0.1,alexnet,False,0,0,1,0.42495,483,6,0.42495,487,10,0,10,0.1,TINYIMAGENET_alexnet_GEN_accuracy_kp1000_seed456,456,8000,496,42,accuracy,100456,0.42495,5,2.975453580713272,14.370307430624962,10,2.975453580713272,valid,0.4207904563975679,0.4292166727959619,0.42495000000000005,100456
GEN,0.42495,410,410,offspring,0,0,TINYIMAGENET,497,main_b1000_tinyimagenet_alexnet_GEN_kp10_seed456,0.1,0.42495,55,False,0.1,alexnet,False,0,0,1,0.42495,496,10,0.42495,490,4,0,2,0.1,TINYIMAGENET_alexnet_GEN_accuracy_kp1000_seed456,456,8000,497,42,accuracy,100456,0.42495,5,2.975453580713272,14.26337419450283,10,2.975453580713272,valid,0.4207904563975679,0.4292166727959619,0.42495000000000005,100456
GEN,0.42495,410,410,offspring,0,0,TINYIMAGENET,498,main_b1000_tinyimagenet_alexnet_GEN_kp10_seed456,0.1,0.42495,55,False,0.1,alexnet,False,0,0,2,0.42495,496,10,0.42495,490,4,0,3,0.1,TINYIMAGENET_alexnet_GEN_accuracy_kp1000_seed456,456,8000,498,42,accuracy,100456,0.42495,5,2.975453580713272,14.323026672005653,10,2.975453580713272,valid,0.4207904563975679,0.4292166727959619,0.42495000000000005,100456
GEN,0.42495,410,410,offspring,0,0,TINYIMAGENET,499,main_b1000_tinyimagenet_alexnet_GEN_kp10_seed456,0.1,0.42495,55,False,0.1,alexnet,False,0,0,1,0.42495,489,3,0.42495,495,9,0,4,0.1,TINYIMAGENET_alexnet_GEN_accuracy_kp1000_seed456,456,8000,499,42,accuracy,100456,0.42495,5,2.975453580713272,14.226417273283005,10,2.975453580713272,valid,0.4207904563975679,0.4292166727959619,0.42495000000000005,100456
GEN,0.42495,410,410,offspring,0,0,TINYIMAGENET,500,main_b1000_tinyimagenet_alexnet_GEN_kp10_seed456,0.1,0.42495,55,False,0.1,alexnet,False,0,0,2,0.42495,489,3,0.42495,495,9,0,5,0.1,TINYIMAGENET_alexnet_GEN_accuracy_kp1000_seed456,456,8000,500,42,accuracy,100456,0.42495,5,2.975453580713272,11.362689971923828,10,2.975453580713272,valid,0.4207904563975679,0.4292166727959619,0.42495000000000005,100456
GEN,0.42495,410,410,offspring,0,0,TINYIMAGENET,501,main_b1000_tinyimagenet_alexnet_GEN_kp10_seed456,0.1,0.42495,55,False,0.1,alexnet,False,0,0,1,0.42495,496,10,0.42495,490,4,0,6,0.1,TINYIMAGENET_alexnet_GEN_accuracy_kp1000_seed456,456,8000,501,42,accuracy,100456,0.42495,5,2.975453580713272,11.392711892724037,10,2.975453580713272,valid,0.4207904563975679,0.4292166727959619,0.42495000000000005,100456
GEN,0.42495,410,410,offspring,0,0,TINYIMAGENET,502,main_b1000_tinyimagenet_alexnet_GEN_kp10_seed456,0.1,0.41705,55,False,0.1,alexnet,True,800,400,2,0.42495,496,10,0.42495,490,4,0,7,0.1,TINYIMAGENET_alexnet_GEN_accuracy_kp1000_seed456,456,8000,502,42,accuracy,100456,0.41705,4,2.970635567140579,11.332767553627491,10,2.970635567140579,valid,0.4121315229368262,0.422504303946967,0.41705,100456
GEN,0.42495,410,410,offspring,0,0,TINYIMAGENET,503,main_b1000_tinyimagenet_alexnet_GEN_kp10_seed456,0.1,0.42495,55,False,0.1,alexnet,False,0,0,1,0.42495,493,7,0.42495,491,5,0,8,0.1,TINYIMAGENET_alexnet_GEN_accuracy_kp1000_seed456,456,8000,503,42,accuracy,100456,0.42495,5,2.975453580713272,11.292236596345901,10,2.975453580713272,valid,0.4207904563975679,0.4292166727959619,0.42495000000000005,100456
GEN,0.42495,410,410,offspring,0,0,TINYIMAGENET,504,main_b1000_tinyimagenet_alexnet_GEN_kp10_seed456,0.1,0.42495,55,False,0.1,alexnet,False,0,0,2,0.42495,493,7,0.42495,491,5,0,9,0.1,TINYIMAGENET_alexnet_GEN_accuracy_kp1000_seed456,456,8000,504,42,accuracy,100456,0.42495,5,2.975453580713272,11.17572744935751,10,2.975453580713272,valid,0.4207904563975679,0.4292166727959619,0.42495000000000005,100456
GEN,0.42495,410,410,offspring,0,0,TINYIMAGENET,505,main_b1000_tinyimagenet_alexnet_GEN_kp10_seed456,0.1,0.42495,55,False,0.1,alexnet,False,0,0,1,0.42495,410,1,0.42495,493,7,0,10,0.1,TINYIMAGENET_alexnet_GEN_accuracy_kp1000_seed456,456,8000,505,42,accuracy,100456,0.42495,5,2.975453580713272,14.202236108481884,10,2.975453580713272,valid,0.4207904563975679,0.4292166727959619,0.42495000000000005,100456
GEN,0.42495,410,410,offspring,0,0,TINYIMAGENET,506,main_b1000_tinyimagenet_alexnet_GEN_kp10_seed456,0.1,0.41805,56,False,0.1,alexnet,True,800,400,1,0.42495,501,6,0.42495,503,8,0,2,0.1,TINYIMAGENET_alexnet_GEN_accuracy_kp1000_seed456,456,8000,506,42,accuracy,100456,0.41805,4,2.9696498416900634,14.30932105332613,10,2.9696498416900634,valid,0.4151580321218637,0.42704387226085044,0.41805,100456
GEN,0.42495,410,410,offspring,0,0,TINYIMAGENET,507,main_b1000_tinyimagenet_alexnet_GEN_kp10_seed456,0.1,0.42495,56,False,0.1,alexnet,False,0,0,2,0.42495,501,6,0.42495,503,8,0,3,0.1,TINYIMAGENET_alexnet_GEN_accuracy_kp1000_seed456,456,8000,507,42,accuracy,100456,0.42495,5,2.975453580713272,14.300496645271778,10,2.975453580713272,valid,0.4207904563975679,0.4292166727959619,0.42495000000000005,100456
GEN,0.42495,410,410,offspring,0,0,TINYIMAGENET,508,main_b1000_tinyimagenet_alexnet_GEN_kp10_seed456,0.1,0.42495,56,False,0.1,alexnet,False,0,0,1,0.42495,497,2,0.42495,505,10,0,4,0.1,TINYIMAGENET_alexnet_GEN_accuracy_kp1000_seed456,456,8000,508,42,accuracy,100456,0.42495,5,2.975453580713272,14.202107049524784,10,2.975453580713272,valid,0.4207904563975679,0.4292166727959619,0.42495000000000005,100456
GEN,0.42495,410,410,offspring,0,0,TINYIMAGENET,509,main_b1000_tinyimagenet_alexnet_GEN_kp10_seed456,0.1,0.42495,56,False,0.1,alexnet,False,0,0,2,0.42495,497,2,0.42495,505,10,0,5,0.1,TINYIMAGENET_alexnet_GEN_accuracy_kp1000_seed456,456,8000,509,42,accuracy,100456,0.42495,5,2.975453580713272,13.771188855171204,10,2.975453580713272,valid,0.4207904563975679,0.4292166727959619,0.42495000000000005,100456
GEN,0.42495,410,410,offspring,0,0,TINYIMAGENET,510,main_b1000_tinyimagenet_alexnet_GEN_kp10_seed456,0.1,0.42495,56,False,0.1,alexnet,False,0,0,1,0.42495,504,9,0.42495,501,6,0,6,0.1,TINYIMAGENET_alexnet_GEN_accuracy_kp1000_seed456,456,8000,510,42,accuracy,100456,0.42495,5,2.975453580713272,29.775643661618233,10,2.975453580713272,valid,0.4207904563975679,0.4292166727959619,0.42495000000000005,100456
GEN,0.42495,410,410,offspring,0,0,TINYIMAGENET,511,main_b1000_tinyimagenet_alexnet_GEN_kp10_seed456,0.1,0.42495,56,False,0.1,alexnet,False,0,0,2,0.42495,504,9,0.42495,501,6,0,7,0.1,TINYIMAGENET_alexnet_GEN_accuracy_kp1000_seed456,456,8000,511,42,accuracy,100456,0.42495,5,2.975453580713272,14.310036957263947,10,2.975453580713272,valid,0.4207904563975679,0.4292166727959619,0.42495000000000005,100456
GEN,0.42495,410,410,offspring,0,0,TINYIMAGENET,512,main_b1000_tinyimagenet_alexnet_GEN_kp10_seed456,0.1,0.42495,56,False,0.1,alexnet,False,0,0,1,0.42495,504,9,0.42495,497,2,0,8,0.1,TINYIMAGENET_alexnet_GEN_accuracy_kp1000_seed456,456,8000,512,42,accuracy,100456,0.42495,5,2.975453580713272,14.27908444404602,10,2.975453580713272,valid,0.4207904563975679,0.4292166727959619,0.42495000000000005,100456
GEN,0.42495,410,410,offspring,0,0,TINYIMAGENET,513,main_b1000_tinyimagenet_alexnet_GEN_kp10_seed456,0.1,0.4139,56,False,0.1,alexnet,True,800,400,2,0.42495,504,9,0.42495,497,2,0,9,0.1,TINYIMAGENET_alexnet_GEN_accuracy_kp1000_seed456,456,8000,513,42,accuracy,100456,0.4139,4,2.9704545444011687,14.252783320844173,10,2.9704545444011687,valid,0.4107604252406083,0.4259981683669314,0.4139,100456
GEN,0.42495,410,410,offspring,0,0,TINYIMAGENET,514,main_b1000_tinyimagenet_alexnet_GEN_kp10_seed456,0.1,0.42495,56,False,0.1,alexnet,False,0,0,1,0.42495,500,5,0.42495,498,3,0,10,0.1,TINYIMAGENET_alexnet_GEN_accuracy_kp1000_seed456,456,8000,514,42,accuracy,100456,0.42495,5,2.975453580713272,14.354100160300732,10,2.975453580713272,valid,0.4207904563975679,0.4292166727959619,0.42495000000000005,100456
GEN,0.42495,410,410,offspring,0,0,TINYIMAGENET,515,main_b1000_tinyimagenet_alexnet_GEN_kp10_seed456,0.1,0.42495,57,False,0.1,alexnet,False,0,0,1,0.42495,507,3,0.42495,510,6,0,2,0.1,TINYIMAGENET_alexnet_GEN_accuracy_kp1000_seed456,456,8000,515,42,accuracy,100456,0.42495,5,2.975453580713272,14.316149517893791,10,2.975453580713272,valid,0.4207904563975679,0.4292166727959619,0.42495000000000005,100456
GEN,0.42495,410,410,offspring,0,0,TINYIMAGENET,516,main_b1000_tinyimagenet_alexnet_GEN_kp10_seed456,0.1,0.42495,57,False,0.1,alexnet,False,0,0,2,0.42495,507,3,0.42495,510,6,0,3,0.1,TINYIMAGENET_alexnet_GEN_accuracy_kp1000_seed456,456,8000,516,42,accuracy,100456,0.42495,5,2.975453580713272,14.331476494669914,10,2.975453580713272,valid,0.4207904563975679,0.4292166727959619,0.42495000000000005,100456
GEN,0.42495,410,410,offspring,0,0,TINYIMAGENET,517,main_b1000_tinyimagenet_alexnet_GEN_kp10_seed456,0.1,0.41335,57,False,0.1,alexnet,True,800,400,1,0.42495,514,10,0.42495,410,1,0,4,0.1,TINYIMAGENET_alexnet_GEN_accuracy_kp1000_seed456,456,8000,517,42,accuracy,100456,0.41335,4,2.9618086712360383,11.309331886470318,10,2.9618086712360383,valid,0.40970613876791334,0.42295257809805975,0.41334999999999994,100456
GEN,0.42495,410,410,offspring,0,0,TINYIMAGENET,518,main_b1000_tinyimagenet_alexnet_GEN_kp10_seed456,0.1,0.42495,57,False,0.1,alexnet,False,0,0,2,0.42495,514,10,0.42495,410,1,0,5,0.1,TINYIMAGENET_alexnet_GEN_accuracy_kp1000_seed456,456,8000,518,42,accuracy,100456,0.42495,5,2.975453580713272,11.307631731033325,10,2.975453580713272,valid,0.4207904563975679,0.4292166727959619,0.42495000000000005,100456
GEN,0.42495,410,410,offspring,0,0,TINYIMAGENET,519,main_b1000_tinyimagenet_alexnet_GEN_kp10_seed456,0.1,0.42495,57,False,0.1,alexnet,False,0,0,1,0.42495,512,8,0.42495,510,6,0,6,0.1,TINYIMAGENET_alexnet_GEN_accuracy_kp1000_seed456,456,8000,519,42,accuracy,100456,0.42495,5,2.975453580713272,11.367937989532948,10,2.975453580713272,valid,0.4207904563975679,0.4292166727959619,0.42495000000000005,100456
GEN,0.42495,410,410,offspring,0,0,TINYIMAGENET,520,main_b1000_tinyimagenet_alexnet_GEN_kp10_seed456,0.1,0.42495,57,False,0.1,alexnet,False,0,0,2,0.42495,512,8,0.42495,510,6,0,7,0.1,TINYIMAGENET_alexnet_GEN_accuracy_kp1000_seed456,456,8000,520,42,accuracy,100456,0.42495,5,2.975453580713272,11.371862396597862,10,2.975453580713272,valid,0.4207904563975679,0.4292166727959619,0.42495000000000005,100456
GEN,0.42495,410,410,offspring,0,0,TINYIMAGENET,521,main_b1000_tinyimagenet_alexnet_GEN_kp10_seed456,0.1,0.42495,57,False,0.1,alexnet,False,0,0,1,0.42495,410,1,0.42495,510,6,0,8,0.1,TINYIMAGENET_alexnet_GEN_accuracy_kp1000_seed456,456,8000,521,42,accuracy,100456,0.42495,5,2.975453580713272,11.345418483018875,10,2.975453580713272,valid,0.4207904563975679,0.4292166727959619,0.42495000000000005,100456
GEN,0.42495,410,410,offspring,0,0,TINYIMAGENET,522,main_b1000_tinyimagenet_alexnet_GEN_kp10_seed456,0.1,0.42495,57,False,0.1,alexnet,False,0,0,2,0.42495,410,1,0.42495,510,6,0,9,0.1,TINYIMAGENET_alexnet_GEN_accuracy_kp1000_seed456,456,8000,522,42,accuracy,100456,0.42495,5,2.975453580713272,11.260091163218021,10,2.975453580713272,valid,0.4207904563975679,0.4292166727959619,0.42495000000000005,100456
GEN,0.42495,410,410,offspring,0,0,TINYIMAGENET,523,main_b1000_tinyimagenet_alexnet_GEN_kp10_seed456,0.1,0.42495,57,False,0.1,alexnet,False,0,0,1,0.42495,510,6,0.42495,410,1,0,10,0.1,TINYIMAGENET_alexnet_GEN_accuracy_kp1000_seed456,456,8000,523,42,accuracy,100456,0.42495,5,2.975453580713272,11.229727037250996,10,2.975453580713272,valid,0.4207904563975679,0.4292166727959619,0.42495000000000005,100456
GEN,0.42495,410,410,offspring,0,0,TINYIMAGENET,524,main_b1000_tinyimagenet_alexnet_GEN_kp10_seed456,0.1,0.42495,58,False,0.1,alexnet,False,0,0,1,0.42495,515,2,0.42495,523,10,0,2,0.1,TINYIMAGENET_alexnet_GEN_accuracy_kp1000_seed456,456,8000,524,42,accuracy,100456,0.42495,5,2.975453580713272,11.238817550241947,10,2.975453580713272,valid,0.4207904563975679,0.4292166727959619,0.42495000000000005,100456
GEN,0.42495,410,410,offspring,0,0,TINYIMAGENET,525,main_b1000_tinyimagenet_alexnet_GEN_kp10_seed456,0.1,0.42495,58,False,0.1,alexnet,False,0,0,2,0.42495,515,2,0.42495,523,10,0,3,0.1,TINYIMAGENET_alexnet_GEN_accuracy_kp1000_seed456,456,8000,525,42,accuracy,100456,0.42495,5,2.975453580713272,11.304302394390106,10,2.975453580713272,valid,0.4207904563975679,0.4292166727959619,0.42495000000000005,100456
GEN,0.42495,410,410,offspring,0,0,TINYIMAGENET,526,main_b1000_tinyimagenet_alexnet_GEN_kp10_seed456,0.1,0.42495,58,False,0.1,alexnet,False,0,0,1,0.42495,522,9,0.42495,523,10,0,4,0.1,TINYIMAGENET_alexnet_GEN_accuracy_kp1000_seed456,456,8000,526,42,accuracy,100456,0.42495,5,2.975453580713272,11.363997779786587,10,2.975453580713272,valid,0.4207904563975679,0.4292166727959619,0.42495000000000005,100456
GEN,0.42495,410,410,offspring,0,0,TINYIMAGENET,527,main_b1000_tinyimagenet_alexnet_GEN_kp10_seed456,0.1,0.42495,58,False,0.1,alexnet,False,0,0,2,0.42495,522,9,0.42495,523,10,0,5,0.1,TINYIMAGENET_alexnet_GEN_accuracy_kp1000_seed456,456,8000,527,42,accuracy,100456,0.42495,5,2.975453580713272,11.386882558465004,10,2.975453580713272,valid,0.4207904563975679,0.4292166727959619,0.42495000000000005,100456
GEN,0.42495,410,410,offspring,0,0,TINYIMAGENET,528,main_b1000_tinyimagenet_alexnet_GEN_kp10_seed456,0.1,0.42495,58,False,0.1,alexnet,False,0,0,1,0.42495,410,1,0.42495,522,9,0,6,0.1,TINYIMAGENET_alexnet_GEN_accuracy_kp1000_seed456,456,8000,528,42,accuracy,100456,0.42495,5,2.975453580713272,11.352660827338696,10,2.975453580713272,valid,0.4207904563975679,0.4292166727959619,0.42495000000000005,100456
GEN,0.42495,410,410,offspring,0,0,TINYIMAGENET,529,main_b1000_tinyimagenet_alexnet_GEN_kp10_seed456,0.1,0.42495,58,False,0.1,alexnet,False,0,0,2,0.42495,410,1,0.42495,522,9,0,7,0.1,TINYIMAGENET_alexnet_GEN_accuracy_kp1000_seed456,456,8000,529,42,accuracy,100456,0.42495,5,2.975453580713272,11.355323314666748,10,2.975453580713272,valid,0.4207904563975679,0.4292166727959619,0.42495000000000005,100456
GEN,0.42495,410,410,offspring,0,0,TINYIMAGENET,530,main_b1000_tinyimagenet_alexnet_GEN_kp10_seed456,0.1,0.42495,58,False,0.1,alexnet,False,0,0,1,0.42495,519,6,0.42495,520,7,0,8,0.1,TINYIMAGENET_alexnet_GEN_accuracy_kp1000_seed456,456,8000,530,42,accuracy,100456,0.42495,5,2.975453580713272,11.423497453331947,10,2.975453580713272,valid,0.4207904563975679,0.4292166727959619,0.42495000000000005,100456
GEN,0.42495,410,410,offspring,0,0,TINYIMAGENET,531,main_b1000_tinyimagenet_alexnet_GEN_kp10_seed456,0.1,0.42495,58,False,0.1,alexnet,False,0,0,2,0.42495,519,6,0.42495,520,7,0,9,0.1,TINYIMAGENET_alexnet_GEN_accuracy_kp1000_seed456,456,8000,531,42,accuracy,100456,0.42495,5,2.975453580713272,11.421043120324612,10,2.975453580713272,valid,0.4207904563975679,0.4292166727959619,0.42495000000000005,100456
GEN,0.42495,410,410,offspring,0,0,TINYIMAGENET,532,main_b1000_tinyimagenet_alexnet_GEN_kp10_seed456,0.1,0.42495,58,False,0.1,alexnet,False,0,0,1,0.42495,523,10,0.42495,519,6,0,10,0.1,TINYIMAGENET_alexnet_GEN_accuracy_kp1000_seed456,456,8000,532,42,accuracy,100456,0.42495,5,2.975453580713272,11.03240855038166,10,2.975453580713272,valid,0.4207904563975679,0.4292166727959619,0.42495000000000005,100456
GEN,0.42495,410,410,offspring,0,0,TINYIMAGENET,533,main_b1000_tinyimagenet_alexnet_GEN_kp10_seed456,0.1,0.42495,59,False,0.1,alexnet,False,0,0,1,0.42495,532,10,0.42495,528,6,0,2,0.1,TINYIMAGENET_alexnet_GEN_accuracy_kp1000_seed456,456,8000,533,42,accuracy,100456,0.42495,5,2.975453580713272,14.215477034449577,10,2.975453580713272,valid,0.4207904563975679,0.4292166727959619,0.42495000000000005,100456
GEN,0.42495,410,410,offspring,0,0,TINYIMAGENET,534,main_b1000_tinyimagenet_alexnet_GEN_kp10_seed456,0.1,0.41855,59,False,0.1,alexnet,True,800,400,2,0.42495,532,10,0.42495,528,6,0,3,0.1,TINYIMAGENET_alexnet_GEN_accuracy_kp1000_seed456,456,8000,534,42,accuracy,100456,0.41855,4,2.964353797864914,14.256633751094341,10,2.964353797864914,valid,0.4131588475340465,0.4248418747793154,0.41855000000000003,100456
GEN,0.42495,410,410,offspring,0,0,TINYIMAGENET,535,main_b1000_tinyimagenet_alexnet_GEN_kp10_seed456,0.1,0.42495,59,False,0.1,alexnet,False,0,0,1,0.42495,528,6,0.42495,529,7,0,4,0.1,TINYIMAGENET_alexnet_GEN_accuracy_kp1000_seed456,456,8000,535,42,accuracy,100456,0.42495,5,2.975453580713272,14.316111363470554,10,2.975453580713272,valid,0.4207904563975679,0.4292166727959619,0.42495000000000005,100456
GEN,0.42495,410,410,offspring,0,0,TINYIMAGENET,536,main_b1000_tinyimagenet_alexnet_GEN_kp10_seed456,0.1,0.42495,59,False,0.1,alexnet,False,0,0,2,0.42495,528,6,0.42495,529,7,0,5,0.1,TINYIMAGENET_alexnet_GEN_accuracy_kp1000_seed456,456,8000,536,42,accuracy,100456,0.42495,5,2.975453580713272,14.361572839319706,10,2.975453580713272,valid,0.4207904563975679,0.4292166727959619,0.42495000000000005,100456
GEN,0.42495,410,410,offspring,0,0,TINYIMAGENET,537,main_b1000_tinyimagenet_alexnet_GEN_kp10_seed456,0.1,0.42495,59,False,0.1,alexnet,False,0,0,1,0.42495,531,9,0.42495,527,5,0,6,0.1,TINYIMAGENET_alexnet_GEN_accuracy_kp1000_seed456,456,8000,537,42,accuracy,100456,0.42495,5,2.975453580713272,14.241596959531307,10,2.975453580713272,valid,0.4207904563975679,0.4292166727959619,0.42495000000000005,100456
GEN,0.42495,410,410,offspring,0,0,TINYIMAGENET,538,main_b1000_tinyimagenet_alexnet_GEN_kp10_seed456,0.1,0.42495,59,False,0.1,alexnet,False,0,0,2,0.42495,531,9,0.42495,527,5,0,7,0.1,TINYIMAGENET_alexnet_GEN_accuracy_kp1000_seed456,456,8000,538,42,accuracy,100456,0.42495,5,2.975453580713272,14.203583039343357,10,2.975453580713272,valid,0.4207904563975679,0.4292166727959619,0.42495000000000005,100456
GEN,0.42495,410,410,offspring,0,0,TINYIMAGENET,539,main_b1000_tinyimagenet_alexnet_GEN_kp10_seed456,0.1,0.42495,59,False,0.1,alexnet,False,0,0,1,0.42495,410,1,0.42495,530,8,0,8,0.1,TINYIMAGENET_alexnet_GEN_accuracy_kp1000_seed456,456,8000,539,42,accuracy,100456,0.42495,5,2.975453580713272,14.327783845365047,10,2.975453580713272,valid,0.4207904563975679,0.4292166727959619,0.42495000000000005,100456
GEN,0.42495,410,410,offspring,0,0,TINYIMAGENET,540,main_b1000_tinyimagenet_alexnet_GEN_kp10_seed456,0.1,0.42495,59,False,0.1,alexnet,False,0,0,2,0.42495,410,1,0.42495,530,8,0,9,0.1,TINYIMAGENET_alexnet_GEN_accuracy_kp1000_seed456,456,8000,540,42,accuracy,100456,0.42495,5,2.975453580713272,14.255990251898766,10,2.975453580713272,valid,0.4207904563975679,0.4292166727959619,0.42495000000000005,100456
GEN,0.42495,410,410,offspring,0,0,TINYIMAGENET,541,main_b1000_tinyimagenet_alexnet_GEN_kp10_seed456,0.1,0.42495,59,False,0.1,alexnet,False,0,0,1,0.42495,525,3,0.42495,526,4,0,10,0.1,TINYIMAGENET_alexnet_GEN_accuracy_kp1000_seed456,456,8000,541,42,accuracy,100456,0.42495,5,2.975453580713272,14.18304642289877,10,2.975453580713272,valid,0.4207904563975679,0.4292166727959619,0.42495000000000005,100456
GEN,0.42495,410,410,offspring,0,0,TINYIMAGENET,542,main_b1000_tinyimagenet_alexnet_GEN_kp10_seed456,0.1,0.42495,60,False,0.1,alexnet,False,0,0,1,0.42495,538,7,0.42495,535,4,0,2,0.1,TINYIMAGENET_alexnet_GEN_accuracy_kp1000_seed456,456,8000,542,42,accuracy,100456,0.42495,5,2.975453580713272,14.23975658416748,10,2.975453580713272,valid,0.4207904563975679,0.4292166727959619,0.42495000000000005,100456
GEN,0.42495,410,410,offspring,0,0,TINYIMAGENET,543,main_b1000_tinyimagenet_alexnet_GEN_kp10_seed456,0.1,0.42495,60,False,0.1,alexnet,False,0,0,2,0.42495,538,7,0.42495,535,4,0,3,0.1,TINYIMAGENET_alexnet_GEN_accuracy_kp1000_seed456,456,8000,543,42,accuracy,100456,0.42495,5,2.975453580713272,14.220366045832634,10,2.975453580713272,valid,0.4207904563975679,0.4292166727959619,0.42495000000000005,100456
GEN,0.42495,410,410,offspring,0,0,TINYIMAGENET,544,main_b1000_tinyimagenet_alexnet_GEN_kp10_seed456,0.1,0.42495,60,False,0.1,alexnet,False,0,0,1,0.42495,535,4,0.42495,538,7,0,4,0.1,TINYIMAGENET_alexnet_GEN_accuracy_kp1000_seed456,456,8000,544,42,accuracy,100456,0.42495,5,2.975453580713272,14.275718435645103,10,2.975453580713272,valid,0.4207904563975679,0.4292166727959619,0.42495000000000005,100456
GEN,0.42495,410,410,offspring,0,0,TINYIMAGENET,545,main_b1000_tinyimagenet_alexnet_GEN_kp10_seed456,0.1,0.42495,60,False,0.1,alexnet,False,0,0,2,0.42495,535,4,0.42495,538,7,0,5,0.1,TINYIMAGENET_alexnet_GEN_accuracy_kp1000_seed456,456,8000,545,42,accuracy,100456,0.42495,5,2.975453580713272,14.264178685843945,10,2.975453580713272,valid,0.4207904563975679,0.4292166727959619,0.42495000000000005,100456
GEN,0.42495,410,410,offspring,0,0,TINYIMAGENET,546,main_b1000_tinyimagenet_alexnet_GEN_kp10_seed456,0.1,0.42495,60,False,0.1,alexnet,False,0,0,1,0.42495,535,4,0.42495,537,6,0,6,0.1,TINYIMAGENET_alexnet_GEN_accuracy_kp1000_seed456,456,8000,546,42,accuracy,100456,0.42495,5,2.975453580713272,14.159018188714981,10,2.975453580713272,valid,0.4207904563975679,0.4292166727959619,0.42495000000000005,100456
GEN,0.42495,410,410,offspring,0,0,TINYIMAGENET,547,main_b1000_tinyimagenet_alexnet_GEN_kp10_seed456,0.1,0.42495,60,False,0.1,alexnet,False,0,0,2,0.42495,535,4,0.42495,537,6,0,7,0.1,TINYIMAGENET_alexnet_GEN_accuracy_kp1000_seed456,456,8000,547,42,accuracy,100456,0.42495,5,2.975453580713272,14.231780298054218,10,2.975453580713272,valid,0.4207904563975679,0.4292166727959619,0.42495000000000005,100456
GEN,0.42495,410,410,offspring,0,0,TINYIMAGENET,548,main_b1000_tinyimagenet_alexnet_GEN_kp10_seed456,0.1,0.42495,60,False,0.1,alexnet,False,0,0,1,0.42495,410,1,0.42495,537,6,0,8,0.1,TINYIMAGENET_alexnet_GEN_accuracy_kp1000_seed456,456,8000,548,42,accuracy,100456,0.42495,5,2.975453580713272,14.434405162930489,10,2.975453580713272,valid,0.4207904563975679,0.4292166727959619,0.42495000000000005,100456
GEN,0.42495,410,410,offspring,0,0,TINYIMAGENET,549,main_b1000_tinyimagenet_alexnet_GEN_kp10_seed456,0.1,0.42495,60,False,0.1,alexnet,False,0,0,2,0.42495,410,1,0.42495,537,6,0,9,0.1,TINYIMAGENET_alexnet_GEN_accuracy_kp1000_seed456,456,8000,549,42,accuracy,100456,0.42495,5,2.975453580713272,14.368978776037693,10,2.975453580713272,valid,0.4207904563975679,0.4292166727959619,0.42495000000000005,100456
GEN,0.42495,410,410,offspring,0,0,TINYIMAGENET,550,main_b1000_tinyimagenet_alexnet_GEN_kp10_seed456,0.1,0.41505,60,False,0.1,alexnet,True,800,400,1,0.42495,535,4,0.42495,540,9,0,10,0.1,TINYIMAGENET_alexnet_GEN_accuracy_kp1000_seed456,456,8000,550,42,accuracy,100456,0.41505,4,2.978468773555756,14.238136410713196,10,2.978468773555756,valid,0.41019989138459373,0.42209683164595274,0.41505000000000003,100456
GEN,0.42495,410,410,offspring,0,0,TINYIMAGENET,551,main_b1000_tinyimagenet_alexnet_GEN_kp10_seed456,0.1,0.42495,61,False,0.1,alexnet,False,0,0,1,0.42495,547,7,0.42495,546,6,0,2,0.1,TINYIMAGENET_alexnet_GEN_accuracy_kp1000_seed456,456,8000,551,42,accuracy,100456,0.42495,5,2.975453580713272,14.262198373675346,10,2.975453580713272,valid,0.4207904563975679,0.4292166727959619,0.42495000000000005,100456
GEN,0.42495,410,410,offspring,0,0,TINYIMAGENET,552,main_b1000_tinyimagenet_alexnet_GEN_kp10_seed456,0.1,0.42495,61,False,0.1,alexnet,False,0,0,2,0.42495,547,7,0.42495,546,6,0,3,0.1,TINYIMAGENET_alexnet_GEN_accuracy_kp1000_seed456,456,8000,552,42,accuracy,100456,0.42495,5,2.975453580713272,14.259129479527473,10,2.975453580713272,valid,0.4207904563975679,0.4292166727959619,0.42495000000000005,100456
GEN,0.42495,410,410,offspring,0,0,TINYIMAGENET,553,main_b1000_tinyimagenet_alexnet_GEN_kp10_seed456,0.1,0.42495,61,False,0.1,alexnet,False,0,0,1,0.42495,549,9,0.42495,546,6,0,4,0.1,TINYIMAGENET_alexnet_GEN_accuracy_kp1000_seed456,456,8000,553,42,accuracy,100456,0.42495,5,2.975453580713272,14.265688858926296,10,2.975453580713272,valid,0.4207904563975679,0.4292166727959619,0.42495000000000005,100456
GEN,0.42495,410,410,offspring,0,0,TINYIMAGENET,554,main_b1000_tinyimagenet_alexnet_GEN_kp10_seed456,0.1,0.4144,61,False,0.1,alexnet,True,800,400,2,0.42495,549,9,0.42495,546,6,0,5,0.1,TINYIMAGENET_alexnet_GEN_accuracy_kp1000_seed456,456,8000,554,42,accuracy,100456,0.4144,4,2.9821128293037416,14.275129616260529,10,2.9821128293037416,valid,0.40999221268690306,0.4240202679616171,0.4144,100456
GEN,0.42495,410,410,offspring,0,0,TINYIMAGENET,555,main_b1000_tinyimagenet_alexnet_GEN_kp10_seed456,0.1,0.42495,61,False,0.1,alexnet,False,0,0,1,0.42495,543,3,0.42495,549,9,0,6,0.1,TINYIMAGENET_alexnet_GEN_accuracy_kp1000_seed456,456,8000,555,42,accuracy,100456,0.42495,5,2.975453580713272,14.250388607382774,10,2.975453580713272,valid,0.4207904563975679,0.4292166727959619,0.42495000000000005,100456
GEN,0.42495,410,410,offspring,0,0,TINYIMAGENET,556,main_b1000_tinyimagenet_alexnet_GEN_kp10_seed456,0.1,0.42495,61,False,0.1,alexnet,False,0,0,2,0.42495,543,3,0.42495,549,9,0,7,0.1,TINYIMAGENET_alexnet_GEN_accuracy_kp1000_seed456,456,8000,556,42,accuracy,100456,0.42495,5,2.975453580713272,14.364189952611923,10,2.975453580713272,valid,0.4207904563975679,0.4292166727959619,0.42495000000000005,100456
GEN,0.42495,410,410,offspring,0,0,TINYIMAGENET,557,main_b1000_tinyimagenet_alexnet_GEN_kp10_seed456,0.1,0.42495,61,False,0.1,alexnet,False,0,0,1,0.42495,548,8,0.42495,543,3,0,8,0.1,TINYIMAGENET_alexnet_GEN_accuracy_kp1000_seed456,456,8000,557,42,accuracy,100456,0.42495,5,2.975453580713272,14.309303030371666,10,2.975453580713272,valid,0.4207904563975679,0.4292166727959619,0.42495000000000005,100456
GEN,0.42495,410,410,offspring,0,0,TINYIMAGENET,558,main_b1000_tinyimagenet_alexnet_GEN_kp10_seed456,0.1,0.42495,61,False,0.1,alexnet,False,0,0,2,0.42495,548,8,0.42495,543,3,0,9,0.1,TINYIMAGENET_alexnet_GEN_accuracy_kp1000_seed456,456,8000,558,42,accuracy,100456,0.42495,5,2.975453580713272,14.378525592386723,10,2.975453580713272,valid,0.4207904563975679,0.4292166727959619,0.42495000000000005,100456
GEN,0.42495,410,410,offspring,0,0,TINYIMAGENET,559,main_b1000_tinyimagenet_alexnet_GEN_kp10_seed456,0.1,0.42495,61,False,0.1,alexnet,False,0,0,1,0.42495,410,1,0.42495,542,2,0,10,0.1,TINYIMAGENET_alexnet_GEN_accuracy_kp1000_seed456,456,8000,559,42,accuracy,100456,0.42495,5,2.975453580713272,11.29854990541935,10,2.975453580713272,valid,0.4207904563975679,0.4292166727959619,0.42495000000000005,100456
GEN,0.42495,410,410,offspring,0,0,TINYIMAGENET,560,main_b1000_tinyimagenet_alexnet_GEN_kp10_seed456,0.1,0.42495,62,False,0.1,alexnet,False,0,0,1,0.42495,556,7,0.42495,553,4,0,2,0.1,TINYIMAGENET_alexnet_GEN_accuracy_kp1000_seed456,456,8000,560,42,accuracy,100456,0.42495,5,2.975453580713272,11.213909156620502,10,2.975453580713272,valid,0.4207904563975679,0.4292166727959619,0.42495000000000005,100456
GEN,0.42495,410,410,offspring,0,0,TINYIMAGENET,561,main_b1000_tinyimagenet_alexnet_GEN_kp10_seed456,0.1,0.42495,62,False,0.1,alexnet,False,0,0,2,0.42495,556,7,0.42495,553,4,0,3,0.1,TINYIMAGENET_alexnet_GEN_accuracy_kp1000_seed456,456,8000,561,42,accuracy,100456,0.42495,5,2.975453580713272,11.274065099656582,10,2.975453580713272,valid,0.4207904563975679,0.4292166727959619,0.42495000000000005,100456
GEN,0.42495,410,410,offspring,0,0,TINYIMAGENET,562,main_b1000_tinyimagenet_alexnet_GEN_kp10_seed456,0.1,0.42495,62,False,0.1,alexnet,False,0,0,1,0.42495,551,2,0.42495,552,3,0,4,0.1,TINYIMAGENET_alexnet_GEN_accuracy_kp1000_seed456,456,8000,562,42,accuracy,100456,0.42495,5,2.975453580713272,11.231557868421078,10,2.975453580713272,valid,0.4207904563975679,0.4292166727959619,0.42495000000000005,100456
GEN,0.42495,410,410,offspring,0,0,TINYIMAGENET,563,main_b1000_tinyimagenet_alexnet_GEN_kp10_seed456,0.1,0.42495,62,False,0.1,alexnet,False,0,0,2,0.42495,551,2,0.42495,552,3,0,5,0.1,TINYIMAGENET_alexnet_GEN_accuracy_kp1000_seed456,456,8000,563,42,accuracy,100456,0.42495,5,2.975453580713272,10.875551760196686,10,2.975453580713272,valid,0.4207904563975679,0.4292166727959619,0.42495000000000005,100456
GEN,0.42495,410,410,offspring,0,0,TINYIMAGENET,564,main_b1000_tinyimagenet_alexnet_GEN_kp10_seed456,0.1,0.41675,62,False,0.1,alexnet,True,800,400,1,0.42495,558,9,0.42495,552,3,0,6,0.1,TINYIMAGENET_alexnet_GEN_accuracy_kp1000_seed456,456,8000,564,42,accuracy,100456,0.41675,4,2.967118350696564,34.76084887236357,10,2.967118350696564,valid,0.4124269350324657,0.4253542934365079,0.41674999999999995,100456
GEN,0.42495,410,410,offspring,0,0,TINYIMAGENET,565,main_b1000_tinyimagenet_alexnet_GEN_kp10_seed456,0.1,0.42495,62,False,0.1,alexnet,False,0,0,2,0.42495,558,9,0.42495,552,3,0,7,0.1,TINYIMAGENET_alexnet_GEN_accuracy_kp1000_seed456,456,8000,565,42,accuracy,100456,0.42495,5,2.975453580713272,14.225269183516502,10,2.975453580713272,valid,0.4207904563975679,0.4292166727959619,0.42495000000000005,100456
GEN,0.42495,410,410,offspring,0,0,TINYIMAGENET,566,main_b1000_tinyimagenet_alexnet_GEN_kp10_seed456,0.1,0.42495,62,False,0.1,alexnet,False,0,0,1,0.42495,556,7,0.42495,558,9,0,8,0.1,TINYIMAGENET_alexnet_GEN_accuracy_kp1000_seed456,456,8000,566,42,accuracy,100456,0.42495,5,2.975453580713272,14.25926911085844,10,2.975453580713272,valid,0.4207904563975679,0.4292166727959619,0.42495000000000005,100456
GEN,0.42495,410,410,offspring,0,0,TINYIMAGENET,567,main_b1000_tinyimagenet_alexnet_GEN_kp10_seed456,0.1,0.42495,62,False,0.1,alexnet,False,0,0,2,0.42495,556,7,0.42495,558,9,0,9,0.1,TINYIMAGENET_alexnet_GEN_accuracy_kp1000_seed456,456,8000,567,42,accuracy,100456,0.42495,5,2.975453580713272,14.28879651427269,10,2.975453580713272,valid,0.4207904563975679,0.4292166727959619,0.42495000000000005,100456
GEN,0.42495,410,410,offspring,0,0,TINYIMAGENET,568,main_b1000_tinyimagenet_alexnet_GEN_kp10_seed456,0.1,0.42495,62,False,0.1,alexnet,False,0,0,1,0.42495,557,8,0.42495,553,4,0,10,0.1,TINYIMAGENET_alexnet_GEN_accuracy_kp1000_seed456,456,8000,568,42,accuracy,100456,0.42495,5,2.975453580713272,14.168737031519413,10,2.975453580713272,valid,0.4207904563975679,0.4292166727959619,0.42495000000000005,100456
GEN,0.42495,410,410,offspring,0,0,TINYIMAGENET,569,main_b1000_tinyimagenet_alexnet_GEN_kp10_seed456,0.1,0.42495,63,False,0.1,alexnet,False,0,0,1,0.42495,567,9,0.42495,560,2,0,2,0.1,TINYIMAGENET_alexnet_GEN_accuracy_kp1000_seed456,456,8000,569,42,accuracy,100456,0.42495,5,2.975453580713272,14.20388101786375,10,2.975453580713272,valid,0.4207904563975679,0.4292166727959619,0.42495000000000005,100456
GEN,0.42495,410,410,offspring,0,0,TINYIMAGENET,570,main_b1000_tinyimagenet_alexnet_GEN_kp10_seed456,0.1,0.42495,63,False,0.1,alexnet,False,0,0,2,0.42495,567,9,0.42495,560,2,0,3,0.1,TINYIMAGENET_alexnet_GEN_accuracy_kp1000_seed456,456,8000,570,42,accuracy,100456,0.42495,5,2.975453580713272,14.225403778254986,10,2.975453580713272,valid,0.4207904563975679,0.4292166727959619,0.42495000000000005,100456
GEN,0.42495,410,410,offspring,0,0,TINYIMAGENET,571,main_b1000_tinyimagenet_alexnet_GEN_kp10_seed456,0.1,0.42495,63,False,0.1,alexnet,False,0,0,1,0.42495,566,8,0.42495,568,10,0,4,0.1,TINYIMAGENET_alexnet_GEN_accuracy_kp1000_seed456,456,8000,571,42,accuracy,100456,0.42495,5,2.975453580713272,11.273446999490261,10,2.975453580713272,valid,0.4207904563975679,0.4292166727959619,0.42495000000000005,100456
GEN,0.42495,410,410,offspring,0,0,TINYIMAGENET,572,main_b1000_tinyimagenet_alexnet_GEN_kp10_seed456,0.1,0.42495,63,False,0.1,alexnet,False,0,0,2,0.42495,566,8,0.42495,568,10,0,5,0.1,TINYIMAGENET_alexnet_GEN_accuracy_kp1000_seed456,456,8000,572,42,accuracy,100456,0.42495,5,2.975453580713272,11.395241260528564,10,2.975453580713272,valid,0.4207904563975679,0.4292166727959619,0.42495000000000005,100456
GEN,0.42495,410,410,offspring,0,0,TINYIMAGENET,573,main_b1000_tinyimagenet_alexnet_GEN_kp10_seed456,0.1,0.42495,63,False,0.1,alexnet,False,0,0,1,0.42495,560,2,0.42495,562,4,0,6,0.1,TINYIMAGENET_alexnet_GEN_accuracy_kp1000_seed456,456,8000,573,42,accuracy,100456,0.42495,5,2.975453580713272,11.274267420172691,10,2.975453580713272,valid,0.4207904563975679,0.4292166727959619,0.42495000000000005,100456
GEN,0.42495,410,410,offspring,0,0,TINYIMAGENET,574,main_b1000_tinyimagenet_alexnet_GEN_kp10_seed456,0.1,0.4144,63,False,0.1,alexnet,True,800,400,2,0.42495,560,2,0.42495,562,4,0,7,0.1,TINYIMAGENET_alexnet_GEN_accuracy_kp1000_seed456,456,8000,574,42,accuracy,100456,0.4144,4,2.9768914036750793,11.24895852804184,10,2.9768914036750793,valid,0.4097521590656143,0.42137238923627907,0.4144,100456
GEN,0.42495,410,410,offspring,0,0,TINYIMAGENET,575,main_b1000_tinyimagenet_alexnet_GEN_kp10_seed456,0.1,0.42495,63,False,0.1,alexnet,False,0,0,1,0.42495,567,9,0.42495,410,1,0,8,0.1,TINYIMAGENET_alexnet_GEN_accuracy_kp1000_seed456,456,8000,575,42,accuracy,100456,0.42495,5,2.975453580713272,11.271441020071507,10,2.975453580713272,valid,0.4207904563975679,0.4292166727959619,0.42495000000000005,100456
GEN,0.42495,410,410,offspring,0,0,TINYIMAGENET,576,main_b1000_tinyimagenet_alexnet_GEN_kp10_seed456,0.1,0.42495,63,False,0.1,alexnet,False,0,0,2,0.42495,567,9,0.42495,410,1,0,9,0.1,TINYIMAGENET_alexnet_GEN_accuracy_kp1000_seed456,456,8000,576,42,accuracy,100456,0.42495,5,2.975453580713272,11.313098020851612,10,2.975453580713272,valid,0.4207904563975679,0.4292166727959619,0.42495000000000005,100456
GEN,0.42495,410,410,offspring,0,0,TINYIMAGENET,577,main_b1000_tinyimagenet_alexnet_GEN_kp10_seed456,0.1,0.42495,63,False,0.1,alexnet,False,0,0,1,0.42495,565,7,0.42495,567,9,0,10,0.1,TINYIMAGENET_alexnet_GEN_accuracy_kp1000_seed456,456,8000,577,42,accuracy,100456,0.42495,5,2.975453580713272,11.270747736096382,10,2.975453580713272,valid,0.4207904563975679,0.4292166727959619,0.42495000000000005,100456
GEN,0.42495,410,410,offspring,0,0,TINYIMAGENET,578,main_b1000_tinyimagenet_alexnet_GEN_kp10_seed456,0.1,0.42495,64,False,0.1,alexnet,False,0,0,1,0.42495,576,9,0.42495,410,1,0,2,0.1,TINYIMAGENET_alexnet_GEN_accuracy_kp1000_seed456,456,8000,578,42,accuracy,100456,0.42495,5,2.975453580713272,11.211542196571827,10,2.975453580713272,valid,0.4207904563975679,0.4292166727959619,0.42495000000000005,100456
GEN,0.42495,410,410,offspring,0,0,TINYIMAGENET,579,main_b1000_tinyimagenet_alexnet_GEN_kp10_seed456,0.1,0.42495,64,False,0.1,alexnet,False,0,0,2,0.42495,576,9,0.42495,410,1,0,3,0.1,TINYIMAGENET_alexnet_GEN_accuracy_kp1000_seed456,456,8000,579,42,accuracy,100456,0.42495,5,2.975453580713272,11.238655909895897,10,2.975453580713272,valid,0.4207904563975679,0.4292166727959619,0.42495000000000005,100456
GEN,0.42495,410,410,offspring,0,0,TINYIMAGENET,580,main_b1000_tinyimagenet_alexnet_GEN_kp10_seed456,0.1,0.4167,64,False,0.1,alexnet,True,800,400,1,0.42495,570,3,0.42495,573,6,0,4,0.1,TINYIMAGENET_alexnet_GEN_accuracy_kp1000_seed456,456,8000,580,42,accuracy,100456,0.4167,4,2.9627713913440705,11.276113279163837,10,2.9627713913440705,valid,0.41287370208571034,0.42494374655677886,0.4167,100456
GEN,0.42495,410,410,offspring,0,0,TINYIMAGENET,581,main_b1000_tinyimagenet_alexnet_GEN_kp10_seed456,0.1,0.42495,64,False,0.1,alexnet,False,0,0,2,0.42495,570,3,0.42495,573,6,0,5,0.1,TINYIMAGENET_alexnet_GEN_accuracy_kp1000_seed456,456,8000,581,42,accuracy,100456,0.42495,5,2.975453580713272,11.282308749854565,10,2.975453580713272,valid,0.4207904563975679,0.4292166727959619,0.42495000000000005,100456
GEN,0.42495,410,410,offspring,0,0,TINYIMAGENET,582,main_b1000_tinyimagenet_alexnet_GEN_kp10_seed456,0.1,0.42495,64,False,0.1,alexnet,False,0,0,1,0.42495,570,3,0.42495,573,6,0,6,0.1,TINYIMAGENET_alexnet_GEN_accuracy_kp1000_seed456,456,8000,582,42,accuracy,100456,0.42495,5,2.975453580713272,11.33239684253931,10,2.975453580713272,valid,0.4207904563975679,0.4292166727959619,0.42495000000000005,100456
GEN,0.42495,410,410,offspring,0,0,TINYIMAGENET,583,main_b1000_tinyimagenet_alexnet_GEN_kp10_seed456,0.1,0.42495,64,False,0.1,alexnet,False,0,0,2,0.42495,570,3,0.42495,573,6,0,7,0.1,TINYIMAGENET_alexnet_GEN_accuracy_kp1000_seed456,456,8000,583,42,accuracy,100456,0.42495,5,2.975453580713272,11.277867518365383,10,2.975453580713272,valid,0.4207904563975679,0.4292166727959619,0.42495000000000005,100456
GEN,0.42495,410,410,offspring,0,0,TINYIMAGENET,584,main_b1000_tinyimagenet_alexnet_GEN_kp10_seed456,0.1,0.42495,64,False,0.1,alexnet,False,0,0,1,0.42495,571,4,0.42495,577,10,0,8,0.1,TINYIMAGENET_alexnet_GEN_accuracy_kp1000_seed456,456,8000,584,42,accuracy,100456,0.42495,5,2.975453580713272,11.233209624886513,10,2.975453580713272,valid,0.4207904563975679,0.4292166727959619,0.42495000000000005,100456
GEN,0.42495,410,410,offspring,0,0,TINYIMAGENET,585,main_b1000_tinyimagenet_alexnet_GEN_kp10_seed456,0.1,0.42495,64,False,0.1,alexnet,False,0,0,2,0.42495,571,4,0.42495,577,10,0,9,0.1,TINYIMAGENET_alexnet_GEN_accuracy_kp1000_seed456,456,8000,585,42,accuracy,100456,0.42495,5,2.975453580713272,11.220273330807686,10,2.975453580713272,valid,0.4207904563975679,0.4292166727959619,0.42495000000000005,100456
GEN,0.42495,410,410,offspring,0,0,TINYIMAGENET,586,main_b1000_tinyimagenet_alexnet_GEN_kp10_seed456,0.1,0.42495,64,False,0.1,alexnet,False,0,0,1,0.42495,577,10,0.42495,569,2,0,10,0.1,TINYIMAGENET_alexnet_GEN_accuracy_kp1000_seed456,456,8000,586,42,accuracy,100456,0.42495,5,2.975453580713272,11.351999320089817,10,2.975453580713272,valid,0.4207904563975679,0.4292166727959619,0.42495000000000005,100456
GEN,0.42495,410,410,offspring,0,0,TINYIMAGENET,587,main_b1000_tinyimagenet_alexnet_GEN_kp10_seed456,0.1,0.42495,65,False,0.1,alexnet,False,0,0,1,0.42495,581,5,0.42495,586,10,0,2,0.1,TINYIMAGENET_alexnet_GEN_accuracy_kp1000_seed456,456,8000,587,42,accuracy,100456,0.42495,5,2.975453580713272,11.331320501863956,10,2.975453580713272,valid,0.4207904563975679,0.4292166727959619,0.42495000000000005,100456
GEN,0.42495,410,410,offspring,0,0,TINYIMAGENET,588,main_b1000_tinyimagenet_alexnet_GEN_kp10_seed456,0.1,0.42495,65,False,0.1,alexnet,False,0,0,2,0.42495,581,5,0.42495,586,10,0,3,0.1,TINYIMAGENET_alexnet_GEN_accuracy_kp1000_seed456,456,8000,588,42,accuracy,100456,0.42495,5,2.975453580713272,11.34633006900549,10,2.975453580713272,valid,0.4207904563975679,0.4292166727959619,0.42495000000000005,100456
GEN,0.42495,410,410,offspring,0,0,TINYIMAGENET,589,main_b1000_tinyimagenet_alexnet_GEN_kp10_seed456,0.1,0.41725,65,False,0.1,alexnet,True,800,400,1,0.42495,581,5,0.42495,579,3,0,4,0.1,TINYIMAGENET_alexnet_GEN_accuracy_kp1000_seed456,456,8000,589,42,accuracy,100456,0.41725,4,2.9500526505947113,11.265611603856087,10,2.9500526505947113,valid,0.4133958181550147,0.4270766223218119,0.41724999999999995,100456
GEN,0.42495,410,410,offspring,0,0,TINYIMAGENET,590,main_b1000_tinyimagenet_alexnet_GEN_kp10_seed456,0.1,0.42495,65,False,0.1,alexnet,False,0,0,2,0.42495,581,5,0.42495,579,3,0,5,0.1,TINYIMAGENET_alexnet_GEN_accuracy_kp1000_seed456,456,8000,590,42,accuracy,100456,0.42495,5,2.975453580713272,11.263769455254078,10,2.975453580713272,valid,0.4207904563975679,0.4292166727959619,0.42495000000000005,100456
GEN,0.42495,410,410,offspring,0,0,TINYIMAGENET,591,main_b1000_tinyimagenet_alexnet_GEN_kp10_seed456,0.1,0.42495,65,False,0.1,alexnet,False,0,0,1,0.42495,583,7,0.42495,578,2,0,6,0.1,TINYIMAGENET_alexnet_GEN_accuracy_kp1000_seed456,456,8000,591,42,accuracy,100456,0.42495,5,2.975453580713272,11.281453378498554,10,2.975453580713272,valid,0.4207904563975679,0.4292166727959619,0.42495000000000005,100456
GEN,0.42495,410,410,offspring,0,0,TINYIMAGENET,592,main_b1000_tinyimagenet_alexnet_GEN_kp10_seed456,0.1,0.42495,65,False,0.1,alexnet,False,0,0,2,0.42495,583,7,0.42495,578,2,0,7,0.1,TINYIMAGENET_alexnet_GEN_accuracy_kp1000_seed456,456,8000,592,42,accuracy,100456,0.42495,5,2.975453580713272,11.261708199977875,10,2.975453580713272,valid,0.4207904563975679,0.4292166727959619,0.42495000000000005,100456
GEN,0.42495,410,410,offspring,0,0,TINYIMAGENET,593,main_b1000_tinyimagenet_alexnet_GEN_kp10_seed456,0.1,0.42495,65,False,0.1,alexnet,False,0,0,1,0.42495,582,6,0.42495,584,8,0,8,0.1,TINYIMAGENET_alexnet_GEN_accuracy_kp1000_seed456,456,8000,593,42,accuracy,100456,0.42495,5,2.975453580713272,11.320919007062912,10,2.975453580713272,valid,0.4207904563975679,0.4292166727959619,0.42495000000000005,100456
GEN,0.42495,410,410,offspring,0,0,TINYIMAGENET,594,main_b1000_tinyimagenet_alexnet_GEN_kp10_seed456,0.1,0.42495,65,False,0.1,alexnet,False,0,0,2,0.42495,582,6,0.42495,584,8,0,9,0.1,TINYIMAGENET_alexnet_GEN_accuracy_kp1000_seed456,456,8000,594,42,accuracy,100456,0.42495,5,2.975453580713272,11.287863291800022,10,2.975453580713272,valid,0.4207904563975679,0.4292166727959619,0.42495000000000005,100456
GEN,0.42495,410,410,offspring,0,0,TINYIMAGENET,595,main_b1000_tinyimagenet_alexnet_GEN_kp10_seed456,0.1,0.42495,65,False,0.1,alexnet,False,0,0,1,0.42495,410,1,0.42495,578,2,0,10,0.1,TINYIMAGENET_alexnet_GEN_accuracy_kp1000_seed456,456,8000,595,42,accuracy,100456,0.42495,5,2.975453580713272,11.22073794156313,10,2.975453580713272,valid,0.4207904563975679,0.4292166727959619,0.42495000000000005,100456
GEN,0.42495,410,410,offspring,0,0,TINYIMAGENET,596,main_b1000_tinyimagenet_alexnet_GEN_kp10_seed456,0.1,0.42495,66,False,0.1,alexnet,False,0,0,1,0.42495,592,7,0.42495,590,5,0,2,0.1,TINYIMAGENET_alexnet_GEN_accuracy_kp1000_seed456,456,8000,596,42,accuracy,100456,0.42495,5,2.975453580713272,14.125217519700527,10,2.975453580713272,valid,0.4207904563975679,0.4292166727959619,0.42495000000000005,100456
GEN,0.42495,410,410,offspring,0,0,TINYIMAGENET,597,main_b1000_tinyimagenet_alexnet_GEN_kp10_seed456,0.1,0.42495,66,False,0.1,alexnet,False,0,0,2,0.42495,592,7,0.42495,590,5,0,3,0.1,TINYIMAGENET_alexnet_GEN_accuracy_kp1000_seed456,456,8000,597,42,accuracy,100456,0.42495,5,2.975453580713272,14.248475030064583,10,2.975453580713272,valid,0.4207904563975679,0.4292166727959619,0.42495000000000005,100456
GEN,0.42495,410,410,offspring,0,0,TINYIMAGENET,598,main_b1000_tinyimagenet_alexnet_GEN_kp10_seed456,0.1,0.42495,66,False,0.1,alexnet,False,0,0,1,0.42495,592,7,0.42495,591,6,0,4,0.1,TINYIMAGENET_alexnet_GEN_accuracy_kp1000_seed456,456,8000,598,42,accuracy,100456,0.42495,5,2.975453580713272,14.234495386481285,10,2.975453580713272,valid,0.4207904563975679,0.4292166727959619,0.42495000000000005,100456
GEN,0.42495,410,410,offspring,0,0,TINYIMAGENET,599,main_b1000_tinyimagenet_alexnet_GEN_kp10_seed456,0.1,0.42495,66,False,0.1,alexnet,False,0,0,2,0.42495,592,7,0.42495,591,6,0,5,0.1,TINYIMAGENET_alexnet_GEN_accuracy_kp1000_seed456,456,8000,599,42,accuracy,100456,0.42495,5,2.975453580713272,14.148684434592724,10,2.975453580713272,valid,0.4207904563975679,0.4292166727959619,0.42495000000000005,100456
GEN,0.42495,410,410,offspring,0,0,TINYIMAGENET,600,main_b1000_tinyimagenet_alexnet_GEN_kp10_seed456,0.1,0.42495,66,False,0.1,alexnet,False,0,0,1,0.42495,588,3,0.42495,593,8,0,6,0.1,TINYIMAGENET_alexnet_GEN_accuracy_kp1000_seed456,456,8000,600,42,accuracy,100456,0.42495,5,2.975453580713272,14.118744045495987,10,2.975453580713272,valid,0.4207904563975679,0.4292166727959619,0.42495000000000005,100456
GEN,0.42495,410,410,offspring,0,0,TINYIMAGENET,601,main_b1000_tinyimagenet_alexnet_GEN_kp10_seed456,0.1,0.42495,66,False,0.1,alexnet,False,0,0,2,0.42495,588,3,0.42495,593,8,0,7,0.1,TINYIMAGENET_alexnet_GEN_accuracy_kp1000_seed456,456,8000,601,42,accuracy,100456,0.42495,5,2.975453580713272,14.21616306900978,10,2.975453580713272,valid,0.4207904563975679,0.4292166727959619,0.42495000000000005,100456
GEN,0.42495,410,410,offspring,0,0,TINYIMAGENET,602,main_b1000_tinyimagenet_alexnet_GEN_kp10_seed456,0.1,0.42495,66,False,0.1,alexnet,False,0,0,1,0.42495,592,7,0.42495,594,9,0,8,0.1,TINYIMAGENET_alexnet_GEN_accuracy_kp1000_seed456,456,8000,602,42,accuracy,100456,0.42495,5,2.975453580713272,14.201107248663902,10,2.975453580713272,valid,0.4207904563975679,0.4292166727959619,0.42495000000000005,100456
GEN,0.42495,410,410,offspring,0,0,TINYIMAGENET,603,main_b1000_tinyimagenet_alexnet_GEN_kp10_seed456,0.1,0.42495,66,False,0.1,alexnet,False,0,0,2,0.42495,592,7,0.42495,594,9,0,9,0.1,TINYIMAGENET_alexnet_GEN_accuracy_kp1000_seed456,456,8000,603,42,accuracy,100456,0.42495,5,2.975453580713272,14.198220930993557,10,2.975453580713272,valid,0.4207904563975679,0.4292166727959619,0.42495000000000005,100456
GEN,0.42495,410,410,offspring,0,0,TINYIMAGENET,604,main_b1000_tinyimagenet_alexnet_GEN_kp10_seed456,0.1,0.42495,66,False,0.1,alexnet,False,0,0,1,0.42495,410,1,0.42495,593,8,0,10,0.1,TINYIMAGENET_alexnet_GEN_accuracy_kp1000_seed456,456,8000,604,42,accuracy,100456,0.42495,5,2.975453580713272,14.157059334218502,10,2.975453580713272,valid,0.4207904563975679,0.4292166727959619,0.42495000000000005,100456
GEN,0.42495,410,410,offspring,0,0,TINYIMAGENET,605,main_b1000_tinyimagenet_alexnet_GEN_kp10_seed456,0.1,0.42495,67,False,0.1,alexnet,False,0,0,1,0.42495,602,8,0.42495,596,2,0,2,0.1,TINYIMAGENET_alexnet_GEN_accuracy_kp1000_seed456,456,8000,605,42,accuracy,100456,0.42495,5,2.975453580713272,14.220762729644775,10,2.975453580713272,valid,0.4207904563975679,0.4292166727959619,0.42495000000000005,100456
GEN,0.42495,410,410,offspring,0,0,TINYIMAGENET,606,main_b1000_tinyimagenet_alexnet_GEN_kp10_seed456,0.1,0.42495,67,False,0.1,alexnet,False,0,0,2,0.42495,602,8,0.42495,596,2,0,3,0.1,TINYIMAGENET_alexnet_GEN_accuracy_kp1000_seed456,456,8000,606,42,accuracy,100456,0.42495,5,2.975453580713272,11.416756674647331,10,2.975453580713272,valid,0.4207904563975679,0.4292166727959619,0.42495000000000005,100456
GEN,0.42495,410,410,offspring,0,0,TINYIMAGENET,607,main_b1000_tinyimagenet_alexnet_GEN_kp10_seed456,0.1,0.42495,67,False,0.1,alexnet,False,0,0,1,0.42495,602,8,0.42495,596,2,0,4,0.1,TINYIMAGENET_alexnet_GEN_accuracy_kp1000_seed456,456,8000,607,42,accuracy,100456,0.42495,5,2.975453580713272,11.290137223899364,10,2.975453580713272,valid,0.4207904563975679,0.4292166727959619,0.42495000000000005,100456
GEN,0.42495,410,410,offspring,0,0,TINYIMAGENET,608,main_b1000_tinyimagenet_alexnet_GEN_kp10_seed456,0.1,0.42495,67,False,0.1,alexnet,False,0,0,2,0.42495,602,8,0.42495,596,2,0,5,0.1,TINYIMAGENET_alexnet_GEN_accuracy_kp1000_seed456,456,8000,608,42,accuracy,100456,0.42495,5,2.975453580713272,11.24765970557928,10,2.975453580713272,valid,0.4207904563975679,0.4292166727959619,0.42495000000000005,100456
GEN,0.42495,410,410,offspring,0,0,TINYIMAGENET,609,main_b1000_tinyimagenet_alexnet_GEN_kp10_seed456,0.1,0.42495,67,False,0.1,alexnet,False,0,0,1,0.42495,598,4,0.42495,596,2,0,6,0.1,TINYIMAGENET_alexnet_GEN_accuracy_kp1000_seed456,456,8000,609,42,accuracy,100456,0.42495,5,2.975453580713272,14.133806638419628,10,2.975453580713272,valid,0.4207904563975679,0.4292166727959619,0.42495000000000005,100456
GEN,0.42495,410,410,offspring,0,0,TINYIMAGENET,610,main_b1000_tinyimagenet_alexnet_GEN_kp10_seed456,0.1,0.42495,67,False,0.1,alexnet,False,0,0,2,0.42495,598,4,0.42495,596,2,0,7,0.1,TINYIMAGENET_alexnet_GEN_accuracy_kp1000_seed456,456,8000,610,42,accuracy,100456,0.42495,5,2.975453580713272,14.204613387584686,10,2.975453580713272,valid,0.4207904563975679,0.4292166727959619,0.42495000000000005,100456
GEN,0.42495,410,410,offspring,0,0,TINYIMAGENET,611,main_b1000_tinyimagenet_alexnet_GEN_kp10_seed456,0.1,0.4137,67,False,0.1,alexnet,True,800,400,1,0.42495,597,3,0.42495,596,2,0,8,0.1,TINYIMAGENET_alexnet_GEN_accuracy_kp1000_seed456,456,8000,611,42,accuracy,100456,0.4137,4,3.000032677650452,14.252378441393375,10,3.000032677650452,valid,0.40812086006211984,0.4224021189742275,0.41370000000000007,100456
GEN,0.42495,410,410,offspring,0,0,TINYIMAGENET,612,main_b1000_tinyimagenet_alexnet_GEN_kp10_seed456,0.1,0.42495,67,False,0.1,alexnet,False,0,0,2,0.42495,597,3,0.42495,596,2,0,9,0.1,TINYIMAGENET_alexnet_GEN_accuracy_kp1000_seed456,456,8000,612,42,accuracy,100456,0.42495,5,2.975453580713272,14.197464637458324,10,2.975453580713272,valid,0.4207904563975679,0.4292166727959619,0.42495000000000005,100456
GEN,0.42495,410,410,offspring,0,0,TINYIMAGENET,613,main_b1000_tinyimagenet_alexnet_GEN_kp10_seed456,0.1,0.42495,67,False,0.1,alexnet,False,0,0,1,0.42495,598,4,0.42495,603,9,0,10,0.1,TINYIMAGENET_alexnet_GEN_accuracy_kp1000_seed456,456,8000,613,42,accuracy,100456,0.42495,5,2.975453580713272,14.147830948233604,10,2.975453580713272,valid,0.4207904563975679,0.4292166727959619,0.42495000000000005,100456
GEN,0.42495,410,410,offspring,0,0,TINYIMAGENET,614,main_b1000_tinyimagenet_alexnet_GEN_kp10_seed456,0.1,0.42495,68,False,0.1,alexnet,False,0,0,1,0.42495,410,1,0.42495,613,10,0,2,0.1,TINYIMAGENET_alexnet_GEN_accuracy_kp1000_seed456,456,8000,614,42,accuracy,100456,0.42495,5,2.975453580713272,11.255158051848412,10,2.975453580713272,valid,0.4207904563975679,0.4292166727959619,0.42495000000000005,100456
GEN,0.42495,410,410,offspring,0,0,TINYIMAGENET,615,main_b1000_tinyimagenet_alexnet_GEN_kp10_seed456,0.1,0.42495,68,False,0.1,alexnet,False,0,0,2,0.42495,410,1,0.42495,613,10,0,3,0.1,TINYIMAGENET_alexnet_GEN_accuracy_kp1000_seed456,456,8000,615,42,accuracy,100456,0.42495,5,2.975453580713272,11.269622400403023,10,2.975453580713272,valid,0.4207904563975679,0.4292166727959619,0.42495000000000005,100456
GEN,0.42495,410,410,offspring,0,0,TINYIMAGENET,616,main_b1000_tinyimagenet_alexnet_GEN_kp10_seed456,0.1,0.42495,68,False,0.1,alexnet,False,0,0,1,0.42495,609,6,0.42495,608,5,0,4,0.1,TINYIMAGENET_alexnet_GEN_accuracy_kp1000_seed456,456,8000,616,42,accuracy,100456,0.42495,5,2.975453580713272,11.254597686231136,10,2.975453580713272,valid,0.4207904563975679,0.4292166727959619,0.42495000000000005,100456
GEN,0.42495,410,410,offspring,0,0,TINYIMAGENET,617,main_b1000_tinyimagenet_alexnet_GEN_kp10_seed456,0.1,0.42495,68,False,0.1,alexnet,False,0,0,2,0.42495,609,6,0.42495,608,5,0,5,0.1,TINYIMAGENET_alexnet_GEN_accuracy_kp1000_seed456,456,8000,617,42,accuracy,100456,0.42495,5,2.975453580713272,11.265013925731182,10,2.975453580713272,valid,0.4207904563975679,0.4292166727959619,0.42495000000000005,100456
GEN,0.42495,410,410,offspring,0,0,TINYIMAGENET,618,main_b1000_tinyimagenet_alexnet_GEN_kp10_seed456,0.1,0.42495,68,False,0.1,alexnet,False,0,0,1,0.42495,410,1,0.42495,605,2,0,6,0.1,TINYIMAGENET_alexnet_GEN_accuracy_kp1000_seed456,456,8000,618,42,accuracy,100456,0.42495,5,2.975453580713272,11.196238726377487,10,2.975453580713272,valid,0.4207904563975679,0.4292166727959619,0.42495000000000005,100456
GEN,0.42495,410,410,offspring,0,0,TINYIMAGENET,619,main_b1000_tinyimagenet_alexnet_GEN_kp10_seed456,0.1,0.42495,68,False,0.1,alexnet,False,0,0,2,0.42495,410,1,0.42495,605,2,0,7,0.1,TINYIMAGENET_alexnet_GEN_accuracy_kp1000_seed456,456,8000,619,42,accuracy,100456,0.42495,5,2.975453580713272,11.200142040848732,10,2.975453580713272,valid,0.4207904563975679,0.4292166727959619,0.42495000000000005,100456
GEN,0.42495,410,410,offspring,0,0,TINYIMAGENET,620,main_b1000_tinyimagenet_alexnet_GEN_kp10_seed456,0.1,0.41585,68,False,0.1,alexnet,True,800,400,1,0.42495,605,2,0.42495,410,1,0,8,0.1,TINYIMAGENET_alexnet_GEN_accuracy_kp1000_seed456,456,8000,620,42,accuracy,100456,0.41585,4,2.97828287653923,11.304830521345139,10,2.97828287653923,valid,0.4102522254986705,0.42463973227619617,0.41585,100456
GEN,0.42495,410,410,offspring,0,0,TINYIMAGENET,621,main_b1000_tinyimagenet_alexnet_GEN_kp10_seed456,0.1,0.42495,68,False,0.1,alexnet,False,0,0,2,0.42495,605,2,0.42495,410,1,0,9,0.1,TINYIMAGENET_alexnet_GEN_accuracy_kp1000_seed456,456,8000,621,42,accuracy,100456,0.42495,5,2.975453580713272,11.28358069807291,10,2.975453580713272,valid,0.4207904563975679,0.4292166727959619,0.42495000000000005,100456
GEN,0.42495,410,410,offspring,0,0,TINYIMAGENET,622,main_b1000_tinyimagenet_alexnet_GEN_kp10_seed456,0.1,0.42495,68,False,0.1,alexnet,False,0,0,1,0.42495,610,7,0.42495,607,4,0,10,0.1,TINYIMAGENET_alexnet_GEN_accuracy_kp1000_seed456,456,8000,622,42,accuracy,100456,0.42495,5,2.975453580713272,11.305116884410381,10,2.975453580713272,valid,0.4207904563975679,0.4292166727959619,0.42495000000000005,100456
GEN,0.42495,410,410,offspring,0,0,TINYIMAGENET,623,main_b1000_tinyimagenet_alexnet_GEN_kp10_seed456,0.1,0.42495,69,False,0.1,alexnet,False,0,0,1,0.42495,615,3,0.42495,614,2,0,2,0.1,TINYIMAGENET_alexnet_GEN_accuracy_kp1000_seed456,456,8000,623,42,accuracy,100456,0.42495,5,2.975453580713272,11.165423229336739,10,2.975453580713272,valid,0.4207904563975679,0.4292166727959619,0.42495000000000005,100456
GEN,0.42495,410,410,offspring,0,0,TINYIMAGENET,624,main_b1000_tinyimagenet_alexnet_GEN_kp10_seed456,0.1,0.4162,69,False,0.1,alexnet,True,800,400,2,0.42495,615,3,0.42495,614,2,0,3,0.1,TINYIMAGENET_alexnet_GEN_accuracy_kp1000_seed456,456,8000,624,42,accuracy,100456,0.4162,5,2.9709325463294984,12.407214798033237,10,2.9709325463294984,valid,0.4125287495286723,0.42223425849656765,0.41619999999999996,100456
GEN,0.42495,410,410,offspring,0,0,TINYIMAGENET,625,main_b1000_tinyimagenet_alexnet_GEN_kp10_seed456,0.1,0.42495,69,False,0.1,alexnet,False,0,0,1,0.42495,619,7,0.42495,618,6,0,4,0.1,TINYIMAGENET_alexnet_GEN_accuracy_kp1000_seed456,456,8000,625,42,accuracy,100456,0.42495,5,2.975453580713272,11.272197760641575,10,2.975453580713272,valid,0.4207904563975679,0.4292166727959619,0.42495000000000005,100456
GEN,0.42495,410,410,offspring,0,0,TINYIMAGENET,626,main_b1000_tinyimagenet_alexnet_GEN_kp10_seed456,0.1,0.42495,69,False,0.1,alexnet,False,0,0,2,0.42495,619,7,0.42495,618,6,0,5,0.1,TINYIMAGENET_alexnet_GEN_accuracy_kp1000_seed456,456,8000,626,42,accuracy,100456,0.42495,5,2.975453580713272,11.313558667898178,10,2.975453580713272,valid,0.4207904563975679,0.4292166727959619,0.42495000000000005,100456
GEN,0.42495,410,410,offspring,0,0,TINYIMAGENET,627,main_b1000_tinyimagenet_alexnet_GEN_kp10_seed456,0.1,0.42495,69,False,0.1,alexnet,False,0,0,1,0.42495,410,1,0.42495,617,5,0,6,0.1,TINYIMAGENET_alexnet_GEN_accuracy_kp1000_seed456,456,8000,627,42,accuracy,100456,0.42495,5,2.975453580713272,11.335125409066677,10,2.975453580713272,valid,0.4207904563975679,0.4292166727959619,0.42495000000000005,100456
GEN,0.42495,410,410,offspring,0,0,TINYIMAGENET,628,main_b1000_tinyimagenet_alexnet_GEN_kp10_seed456,0.1,0.42495,69,False,0.1,alexnet,False,0,0,2,0.42495,410,1,0.42495,617,5,0,7,0.1,TINYIMAGENET_alexnet_GEN_accuracy_kp1000_seed456,456,8000,628,42,accuracy,100456,0.42495,5,2.975453580713272,11.25121933966875,10,2.975453580713272,valid,0.4207904563975679,0.4292166727959619,0.42495000000000005,100456
GEN,0.42495,410,410,offspring,0,0,TINYIMAGENET,629,main_b1000_tinyimagenet_alexnet_GEN_kp10_seed456,0.1,0.42495,69,False,0.1,alexnet,False,0,0,1,0.42495,616,4,0.42495,621,9,0,8,0.1,TINYIMAGENET_alexnet_GEN_accuracy_kp1000_seed456,456,8000,629,42,accuracy,100456,0.42495,5,2.975453580713272,11.224638879299164,10,2.975453580713272,valid,0.4207904563975679,0.4292166727959619,0.42495000000000005,100456
GEN,0.42495,410,410,offspring,0,0,TINYIMAGENET,630,main_b1000_tinyimagenet_alexnet_GEN_kp10_seed456,0.1,0.42495,69,False,0.1,alexnet,False,0,0,2,0.42495,616,4,0.42495,621,9,0,9,0.1,TINYIMAGENET_alexnet_GEN_accuracy_kp1000_seed456,456,8000,630,42,accuracy,100456,0.42495,5,2.975453580713272,11.258872404694557,10,2.975453580713272,valid,0.4207904563975679,0.4292166727959619,0.42495000000000005,100456
GEN,0.42495,410,410,offspring,0,0,TINYIMAGENET,631,main_b1000_tinyimagenet_alexnet_GEN_kp10_seed456,0.1,0.42495,69,False,0.1,alexnet,False,0,0,1,0.42495,618,6,0.42495,410,1,0,10,0.1,TINYIMAGENET_alexnet_GEN_accuracy_kp1000_seed456,456,8000,631,42,accuracy,100456,0.42495,5,2.975453580713272,11.310210898518562,10,2.975453580713272,valid,0.4207904563975679,0.4292166727959619,0.42495000000000005,100456
GEN,0.42495,410,410,offspring,0,0,TINYIMAGENET,632,main_b1000_tinyimagenet_alexnet_GEN_kp10_seed456,0.1,0.42495,70,False,0.1,alexnet,False,0,0,1,0.42495,630,9,0.42495,623,2,0,2,0.1,TINYIMAGENET_alexnet_GEN_accuracy_kp1000_seed456,456,8000,632,42,accuracy,100456,0.42495,5,2.975453580713272,11.31581511348486,10,2.975453580713272,valid,0.4207904563975679,0.4292166727959619,0.42495000000000005,100456
GEN,0.42495,410,410,offspring,0,0,TINYIMAGENET,633,main_b1000_tinyimagenet_alexnet_GEN_kp10_seed456,0.1,0.42495,70,False,0.1,alexnet,False,0,0,2,0.42495,630,9,0.42495,623,2,0,3,0.1,TINYIMAGENET_alexnet_GEN_accuracy_kp1000_seed456,456,8000,633,42,accuracy,100456,0.42495,5,2.975453580713272,11.274567924439907,10,2.975453580713272,valid,0.4207904563975679,0.4292166727959619,0.42495000000000005,100456
GEN,0.42495,410,410,offspring,0,0,TINYIMAGENET,634,main_b1000_tinyimagenet_alexnet_GEN_kp10_seed456,0.1,0.42495,70,False,0.1,alexnet,False,0,0,1,0.42495,626,5,0.42495,410,1,0,4,0.1,TINYIMAGENET_alexnet_GEN_accuracy_kp1000_seed456,456,8000,634,42,accuracy,100456,0.42495,5,2.975453580713272,11.254999831318855,10,2.975453580713272,valid,0.4207904563975679,0.4292166727959619,0.42495000000000005,100456
GEN,0.42495,410,410,offspring,0,0,TINYIMAGENET,635,main_b1000_tinyimagenet_alexnet_GEN_kp10_seed456,0.1,0.42495,70,False,0.1,alexnet,False,0,0,2,0.42495,626,5,0.42495,410,1,0,5,0.1,TINYIMAGENET_alexnet_GEN_accuracy_kp1000_seed456,456,8000,635,42,accuracy,100456,0.42495,5,2.975453580713272,11.240544460713863,10,2.975453580713272,valid,0.4207904563975679,0.4292166727959619,0.42495000000000005,100456
GEN,0.42495,410,410,offspring,0,0,TINYIMAGENET,636,main_b1000_tinyimagenet_alexnet_GEN_kp10_seed456,0.1,0.42495,70,False,0.1,alexnet,False,0,0,1,0.42495,623,2,0.42495,629,8,0,6,0.1,TINYIMAGENET_alexnet_GEN_accuracy_kp1000_seed456,456,8000,636,42,accuracy,100456,0.42495,5,2.975453580713272,11.323709078133106,10,2.975453580713272,valid,0.4207904563975679,0.4292166727959619,0.42495000000000005,100456
GEN,0.42495,410,410,offspring,0,0,TINYIMAGENET,637,main_b1000_tinyimagenet_alexnet_GEN_kp10_seed456,0.1,0.42495,70,False,0.1,alexnet,False,0,0,2,0.42495,623,2,0.42495,629,8,0,7,0.1,TINYIMAGENET_alexnet_GEN_accuracy_kp1000_seed456,456,8000,637,42,accuracy,100456,0.42495,5,2.975453580713272,11.31157010793686,10,2.975453580713272,valid,0.4207904563975679,0.4292166727959619,0.42495000000000005,100456
GEN,0.42495,410,410,offspring,0,0,TINYIMAGENET,638,main_b1000_tinyimagenet_alexnet_GEN_kp10_seed456,0.1,0.42495,70,False,0.1,alexnet,False,0,0,1,0.42495,630,9,0.42495,631,10,0,8,0.1,TINYIMAGENET_alexnet_GEN_accuracy_kp1000_seed456,456,8000,638,42,accuracy,100456,0.42495,5,2.975453580713272,11.292535364627838,10,2.975453580713272,valid,0.4207904563975679,0.4292166727959619,0.42495000000000005,100456
GEN,0.42495,410,410,offspring,0,0,TINYIMAGENET,639,main_b1000_tinyimagenet_alexnet_GEN_kp10_seed456,0.1,0.42495,70,False,0.1,alexnet,False,0,0,2,0.42495,630,9,0.42495,631,10,0,9,0.1,TINYIMAGENET_alexnet_GEN_accuracy_kp1000_seed456,456,8000,639,42,accuracy,100456,0.42495,5,2.975453580713272,11.24473062157631,10,2.975453580713272,valid,0.4207904563975679,0.4292166727959619,0.42495000000000005,100456
GEN,0.42495,410,410,offspring,0,0,TINYIMAGENET,640,main_b1000_tinyimagenet_alexnet_GEN_kp10_seed456,0.1,0.42495,70,False,0.1,alexnet,False,0,0,1,0.42495,630,9,0.42495,627,6,0,10,0.1,TINYIMAGENET_alexnet_GEN_accuracy_kp1000_seed456,456,8000,640,42,accuracy,100456,0.42495,5,2.975453580713272,11.314920015633106,10,2.975453580713272,valid,0.4207904563975679,0.4292166727959619,0.42495000000000005,100456
GEN,0.42495,410,410,offspring,0,0,TINYIMAGENET,641,main_b1000_tinyimagenet_alexnet_GEN_kp10_seed456,0.1,0.41685,71,False,0.1,alexnet,True,800,400,1,0.42495,635,5,0.42495,639,9,0,2,0.1,TINYIMAGENET_alexnet_GEN_accuracy_kp1000_seed456,456,8000,641,42,accuracy,100456,0.41685,4,2.9615681227684023,11.286105327308178,10,2.9615681227684023,valid,0.4144175500827994,0.4271584760334221,0.41685,100456
GEN,0.42495,410,410,offspring,0,0,TINYIMAGENET,642,main_b1000_tinyimagenet_alexnet_GEN_kp10_seed456,0.1,0.42495,71,False,0.1,alexnet,False,0,0,2,0.42495,635,5,0.42495,639,9,0,3,0.1,TINYIMAGENET_alexnet_GEN_accuracy_kp1000_seed456,456,8000,642,42,accuracy,100456,0.42495,5,2.975453580713272,11.274768427014351,10,2.975453580713272,valid,0.4207904563975679,0.4292166727959619,0.42495000000000005,100456
GEN,0.42495,410,410,offspring,0,0,TINYIMAGENET,643,main_b1000_tinyimagenet_alexnet_GEN_kp10_seed456,0.1,0.42495,71,False,0.1,alexnet,False,0,0,1,0.42495,638,8,0.42495,636,6,0,4,0.1,TINYIMAGENET_alexnet_GEN_accuracy_kp1000_seed456,456,8000,643,42,accuracy,100456,0.42495,5,2.975453580713272,11.360520780086517,10,2.975453580713272,valid,0.4207904563975679,0.4292166727959619,0.42495000000000005,100456
GEN,0.42495,410,410,offspring,0,0,TINYIMAGENET,644,main_b1000_tinyimagenet_alexnet_GEN_kp10_seed456,0.1,0.42495,71,False,0.1,alexnet,False,0,0,2,0.42495,638,8,0.42495,636,6,0,5,0.1,TINYIMAGENET_alexnet_GEN_accuracy_kp1000_seed456,456,8000,644,42,accuracy,100456,0.42495,5,2.975453580713272,11.314739793539047,10,2.975453580713272,valid,0.4207904563975679,0.4292166727959619,0.42495000000000005,100456
GEN,0.42495,410,410,offspring,0,0,TINYIMAGENET,645,main_b1000_tinyimagenet_alexnet_GEN_kp10_seed456,0.1,0.42495,71,False,0.1,alexnet,False,0,0,1,0.42495,632,2,0.42495,636,6,0,6,0.1,TINYIMAGENET_alexnet_GEN_accuracy_kp1000_seed456,456,8000,645,42,accuracy,100456,0.42495,5,2.975453580713272,11.29552524536848,10,2.975453580713272,valid,0.4207904563975679,0.4292166727959619,0.42495000000000005,100456
GEN,0.42495,410,410,offspring,0,0,TINYIMAGENET,646,main_b1000_tinyimagenet_alexnet_GEN_kp10_seed456,0.1,0.42495,71,False,0.1,alexnet,False,0,0,2,0.42495,632,2,0.42495,636,6,0,7,0.1,TINYIMAGENET_alexnet_GEN_accuracy_kp1000_seed456,456,8000,646,42,accuracy,100456,0.42495,5,2.975453580713272,14.192046776413918,10,2.975453580713272,valid,0.4207904563975679,0.4292166727959619,0.42495000000000005,100456
GEN,0.42495,410,410,offspring,0,0,TINYIMAGENET,647,main_b1000_tinyimagenet_alexnet_GEN_kp10_seed456,0.1,0.41685,71,False,0.1,alexnet,True,800,400,1,0.42495,410,1,0.42495,635,5,0,8,0.1,TINYIMAGENET_alexnet_GEN_accuracy_kp1000_seed456,456,8000,647,42,accuracy,100456,0.41685,4,2.962805698108673,11.268544122576714,10,2.962805698108673,valid,0.41302833744494505,0.4247712064349014,0.41685,100456
GEN,0.42495,410,410,offspring,0,0,TINYIMAGENET,648,main_b1000_tinyimagenet_alexnet_GEN_kp10_seed456,0.1,0.42495,71,False,0.1,alexnet,False,0,0,2,0.42495,410,1,0.42495,635,5,0,9,0.1,TINYIMAGENET_alexnet_GEN_accuracy_kp1000_seed456,456,8000,648,42,accuracy,100456,0.42495,5,2.975453580713272,11.33591316640377,10,2.975453580713272,valid,0.4207904563975679,0.4292166727959619,0.42495000000000005,100456
GEN,0.42495,410,410,offspring,0,0,TINYIMAGENET,649,main_b1000_tinyimagenet_alexnet_GEN_kp10_seed456,0.1,0.42495,71,False,0.1,alexnet,False,0,0,1,0.42495,637,7,0.42495,638,8,0,10,0.1,TINYIMAGENET_alexnet_GEN_accuracy_kp1000_seed456,456,8000,649,42,accuracy,100456,0.42495,5,2.975453580713272,11.257584556937218,10,2.975453580713272,valid,0.4207904563975679,0.4292166727959619,0.42495000000000005,100456
GEN,0.42495,410,410,offspring,0,0,TINYIMAGENET,650,main_b1000_tinyimagenet_alexnet_GEN_kp10_seed456,0.1,0.42495,72,False,0.1,alexnet,False,0,0,1,0.42495,642,3,0.42495,643,4,0,2,0.1,TINYIMAGENET_alexnet_GEN_accuracy_kp1000_seed456,456,8000,650,42,accuracy,100456,0.42495,5,2.975453580713272,11.222509205341339,10,2.975453580713272,valid,0.4207904563975679,0.4292166727959619,0.42495000000000005,100456
GEN,0.42495,410,410,offspring,0,0,TINYIMAGENET,651,main_b1000_tinyimagenet_alexnet_GEN_kp10_seed456,0.1,0.42495,72,False,0.1,alexnet,False,0,0,2,0.42495,642,3,0.42495,643,4,0,3,0.1,TINYIMAGENET_alexnet_GEN_accuracy_kp1000_seed456,456,8000,651,42,accuracy,100456,0.42495,5,2.975453580713272,11.230251349508762,10,2.975453580713272,valid,0.4207904563975679,0.4292166727959619,0.42495000000000005,100456
GEN,0.42495,410,410,offspring,0,0,TINYIMAGENET,652,main_b1000_tinyimagenet_alexnet_GEN_kp10_seed456,0.1,0.42495,72,False,0.1,alexnet,False,0,0,1,0.42495,643,4,0.42495,410,1,0,4,0.1,TINYIMAGENET_alexnet_GEN_accuracy_kp1000_seed456,456,8000,652,42,accuracy,100456,0.42495,5,2.975453580713272,11.32416682690382,10,2.975453580713272,valid,0.4207904563975679,0.4292166727959619,0.42495000000000005,100456
GEN,0.42495,410,410,offspring,0,0,TINYIMAGENET,653,main_b1000_tinyimagenet_alexnet_GEN_kp10_seed456,0.1,0.42495,72,False,0.1,alexnet,False,0,0,2,0.42495,643,4,0.42495,410,1,0,5,0.1,TINYIMAGENET_alexnet_GEN_accuracy_kp1000_seed456,456,8000,653,42,accuracy,100456,0.42495,5,2.975453580713272,11.319426283240318,10,2.975453580713272,valid,0.4207904563975679,0.4292166727959619,0.42495000000000005,100456
GEN,0.42495,410,410,offspring,0,0,TINYIMAGENET,654,main_b1000_tinyimagenet_alexnet_GEN_kp10_seed456,0.1,0.42495,72,False,0.1,alexnet,False,0,0,1,0.42495,646,7,0.42495,649,10,0,6,0.1,TINYIMAGENET_alexnet_GEN_accuracy_kp1000_seed456,456,8000,654,42,accuracy,100456,0.42495,5,2.975453580713272,11.316292881965637,10,2.975453580713272,valid,0.4207904563975679,0.4292166727959619,0.42495000000000005,100456
GEN,0.42495,410,410,offspring,0,0,TINYIMAGENET,655,main_b1000_tinyimagenet_alexnet_GEN_kp10_seed456,0.1,0.42495,72,False,0.1,alexnet,False,0,0,2,0.42495,646,7,0.42495,649,10,0,7,0.1,TINYIMAGENET_alexnet_GEN_accuracy_kp1000_seed456,456,8000,655,42,accuracy,100456,0.42495,5,2.975453580713272,11.22359374910593,10,2.975453580713272,valid,0.4207904563975679,0.4292166727959619,0.42495000000000005,100456
GEN,0.42495,410,410,offspring,0,0,TINYIMAGENET,656,main_b1000_tinyimagenet_alexnet_GEN_kp10_seed456,0.1,0.42495,72,False,0.1,alexnet,False,0,0,1,0.42495,643,4,0.42495,410,1,0,8,0.1,TINYIMAGENET_alexnet_GEN_accuracy_kp1000_seed456,456,8000,656,42,accuracy,100456,0.42495,5,2.975453580713272,11.241722486913204,10,2.975453580713272,valid,0.4207904563975679,0.4292166727959619,0.42495000000000005,100456
GEN,0.42495,410,410,offspring,0,0,TINYIMAGENET,657,main_b1000_tinyimagenet_alexnet_GEN_kp10_seed456,0.1,0.42495,72,False,0.1,alexnet,False,0,0,2,0.42495,643,4,0.42495,410,1,0,9,0.1,TINYIMAGENET_alexnet_GEN_accuracy_kp1000_seed456,456,8000,657,42,accuracy,100456,0.42495,5,2.975453580713272,14.225376479327679,10,2.975453580713272,valid,0.4207904563975679,0.4292166727959619,0.42495000000000005,100456
GEN,0.42495,410,410,offspring,0,0,TINYIMAGENET,658,main_b1000_tinyimagenet_alexnet_GEN_kp10_seed456,0.1,0.42495,72,False,0.1,alexnet,False,0,0,1,0.42495,644,5,0.42495,410,1,0,10,0.1,TINYIMAGENET_alexnet_GEN_accuracy_kp1000_seed456,456,8000,658,42,accuracy,100456,0.42495,5,2.975453580713272,14.218463316559792,10,2.975453580713272,valid,0.4207904563975679,0.4292166727959619,0.42495000000000005,100456
GEN,0.42495,410,410,offspring,0,0,TINYIMAGENET,659,main_b1000_tinyimagenet_alexnet_GEN_kp10_seed456,0.1,0.42495,73,False,0.1,alexnet,False,0,0,1,0.42495,651,3,0.42495,655,7,0,2,0.1,TINYIMAGENET_alexnet_GEN_accuracy_kp1000_seed456,456,8000,659,42,accuracy,100456,0.42495,5,2.975453580713272,14.211587183177471,10,2.975453580713272,valid,0.4207904563975679,0.4292166727959619,0.42495000000000005,100456
GEN,0.42495,410,410,offspring,0,0,TINYIMAGENET,660,main_b1000_tinyimagenet_alexnet_GEN_kp10_seed456,0.1,0.42495,73,False,0.1,alexnet,False,0,0,2,0.42495,651,3,0.42495,655,7,0,3,0.1,TINYIMAGENET_alexnet_GEN_accuracy_kp1000_seed456,456,8000,660,42,accuracy,100456,0.42495,5,2.975453580713272,14.206806190311909,10,2.975453580713272,valid,0.4207904563975679,0.4292166727959619,0.42495000000000005,100456
GEN,0.42495,410,410,offspring,0,0,TINYIMAGENET,661,main_b1000_tinyimagenet_alexnet_GEN_kp10_seed456,0.1,0.42495,73,False,0.1,alexnet,False,0,0,1,0.42495,654,6,0.42495,410,1,0,4,0.1,TINYIMAGENET_alexnet_GEN_accuracy_kp1000_seed456,456,8000,661,42,accuracy,100456,0.42495,5,2.975453580713272,11.266818016767502,10,2.975453580713272,valid,0.4207904563975679,0.4292166727959619,0.42495000000000005,100456
GEN,0.42495,410,410,offspring,0,0,TINYIMAGENET,662,main_b1000_tinyimagenet_alexnet_GEN_kp10_seed456,0.1,0.42495,73,False,0.1,alexnet,False,0,0,2,0.42495,654,6,0.42495,410,1,0,5,0.1,TINYIMAGENET_alexnet_GEN_accuracy_kp1000_seed456,456,8000,662,42,accuracy,100456,0.42495,5,2.975453580713272,11.297994524240494,10,2.975453580713272,valid,0.4207904563975679,0.4292166727959619,0.42495000000000005,100456
GEN,0.42495,410,410,offspring,0,0,TINYIMAGENET,663,main_b1000_tinyimagenet_alexnet_GEN_kp10_seed456,0.1,0.42495,73,False,0.1,alexnet,False,0,0,1,0.42495,653,5,0.42495,651,3,0,6,0.1,TINYIMAGENET_alexnet_GEN_accuracy_kp1000_seed456,456,8000,663,42,accuracy,100456,0.42495,5,2.975453580713272,11.305513001978397,10,2.975453580713272,valid,0.4207904563975679,0.4292166727959619,0.42495000000000005,100456
GEN,0.42495,410,410,offspring,0,0,TINYIMAGENET,664,main_b1000_tinyimagenet_alexnet_GEN_kp10_seed456,0.1,0.42495,73,False,0.1,alexnet,False,0,0,2,0.42495,653,5,0.42495,651,3,0,7,0.1,TINYIMAGENET_alexnet_GEN_accuracy_kp1000_seed456,456,8000,664,42,accuracy,100456,0.42495,5,2.975453580713272,11.296120464801788,10,2.975453580713272,valid,0.4207904563975679,0.4292166727959619,0.42495000000000005,100456
GEN,0.42495,410,410,offspring,0,0,TINYIMAGENET,665,main_b1000_tinyimagenet_alexnet_GEN_kp10_seed456,0.1,0.42495,73,False,0.1,alexnet,False,0,0,1,0.42495,410,1,0.42495,652,4,0,8,0.1,TINYIMAGENET_alexnet_GEN_accuracy_kp1000_seed456,456,8000,665,42,accuracy,100456,0.42495,5,2.975453580713272,11.239022955298424,10,2.975453580713272,valid,0.4207904563975679,0.4292166727959619,0.42495000000000005,100456
GEN,0.42495,410,410,offspring,0,0,TINYIMAGENET,666,main_b1000_tinyimagenet_alexnet_GEN_kp10_seed456,0.1,0.42495,73,False,0.1,alexnet,False,0,0,2,0.42495,410,1,0.42495,652,4,0,9,0.1,TINYIMAGENET_alexnet_GEN_accuracy_kp1000_seed456,456,8000,666,42,accuracy,100456,0.42495,5,2.975453580713272,14.137915976345539,10,2.975453580713272,valid,0.4207904563975679,0.4292166727959619,0.42495000000000005,100456
GEN,0.42495,410,410,offspring,0,0,TINYIMAGENET,667,main_b1000_tinyimagenet_alexnet_GEN_kp10_seed456,0.1,0.42495,73,False,0.1,alexnet,False,0,0,1,0.42495,410,1,0.42495,652,4,0,10,0.1,TINYIMAGENET_alexnet_GEN_accuracy_kp1000_seed456,456,8000,667,42,accuracy,100456,0.42495,5,2.975453580713272,14.263185791671276,10,2.975453580713272,valid,0.4207904563975679,0.4292166727959619,0.42495000000000005,100456
GEN,0.42495,410,410,offspring,0,0,TINYIMAGENET,668,main_b1000_tinyimagenet_alexnet_GEN_kp10_seed456,0.1,0.42495,74,False,0.1,alexnet,False,0,0,1,0.42495,663,6,0.42495,659,2,0,2,0.1,TINYIMAGENET_alexnet_GEN_accuracy_kp1000_seed456,456,8000,668,42,accuracy,100456,0.42495,5,2.975453580713272,11.309853807091713,10,2.975453580713272,valid,0.4207904563975679,0.4292166727959619,0.42495000000000005,100456
GEN,0.42495,410,410,offspring,0,0,TINYIMAGENET,669,main_b1000_tinyimagenet_alexnet_GEN_kp10_seed456,0.1,0.42495,74,False,0.1,alexnet,False,0,0,2,0.42495,663,6,0.42495,659,2,0,3,0.1,TINYIMAGENET_alexnet_GEN_accuracy_kp1000_seed456,456,8000,669,42,accuracy,100456,0.42495,5,2.975453580713272,11.27967482805252,10,2.975453580713272,valid,0.4207904563975679,0.4292166727959619,0.42495000000000005,100456
GEN,0.42495,410,410,offspring,0,0,TINYIMAGENET,670,main_b1000_tinyimagenet_alexnet_GEN_kp10_seed456,0.1,0.42495,74,False,0.1,alexnet,False,0,0,1,0.42495,659,2,0.42495,666,9,0,4,0.1,TINYIMAGENET_alexnet_GEN_accuracy_kp1000_seed456,456,8000,670,42,accuracy,100456,0.42495,5,2.975453580713272,11.228201292455196,10,2.975453580713272,valid,0.4207904563975679,0.4292166727959619,0.42495000000000005,100456
GEN,0.42495,410,410,offspring,0,0,TINYIMAGENET,671,main_b1000_tinyimagenet_alexnet_GEN_kp10_seed456,0.1,0.42495,74,False,0.1,alexnet,False,0,0,2,0.42495,659,2,0.42495,666,9,0,5,0.1,TINYIMAGENET_alexnet_GEN_accuracy_kp1000_seed456,456,8000,671,42,accuracy,100456,0.42495,5,2.975453580713272,14.16859396547079,10,2.975453580713272,valid,0.4207904563975679,0.4292166727959619,0.42495000000000005,100456
GEN,0.42495,410,410,offspring,0,0,TINYIMAGENET,672,main_b1000_tinyimagenet_alexnet_GEN_kp10_seed456,0.1,0.42495,74,False,0.1,alexnet,False,0,0,1,0.42495,666,9,0.42495,663,6,0,6,0.1,TINYIMAGENET_alexnet_GEN_accuracy_kp1000_seed456,456,8000,672,42,accuracy,100456,0.42495,5,2.975453580713272,14.256172135472298,10,2.975453580713272,valid,0.4207904563975679,0.4292166727959619,0.42495000000000005,100456
GEN,0.42495,410,410,offspring,0,0,TINYIMAGENET,673,main_b1000_tinyimagenet_alexnet_GEN_kp10_seed456,0.1,0.42495,74,False,0.1,alexnet,False,0,0,2,0.42495,666,9,0.42495,663,6,0,7,0.1,TINYIMAGENET_alexnet_GEN_accuracy_kp1000_seed456,456,8000,673,42,accuracy,100456,0.42495,5,2.975453580713272,14.270847462117672,10,2.975453580713272,valid,0.4207904563975679,0.4292166727959619,0.42495000000000005,100456
GEN,0.42495,410,410,offspring,0,0,TINYIMAGENET,674,main_b1000_tinyimagenet_alexnet_GEN_kp10_seed456,0.1,0.42495,74,False,0.1,alexnet,False,0,0,1,0.42495,661,4,0.42495,660,3,0,8,0.1,TINYIMAGENET_alexnet_GEN_accuracy_kp1000_seed456,456,8000,674,42,accuracy,100456,0.42495,5,2.975453580713272,14.185174465179443,10,2.975453580713272,valid,0.4207904563975679,0.4292166727959619,0.42495000000000005,100456
GEN,0.42495,410,410,offspring,0,0,TINYIMAGENET,675,main_b1000_tinyimagenet_alexnet_GEN_kp10_seed456,0.1,0.41525,74,False,0.1,alexnet,True,800,400,2,0.42495,661,4,0.42495,660,3,0,9,0.1,TINYIMAGENET_alexnet_GEN_accuracy_kp1000_seed456,456,8000,675,42,accuracy,100456,0.41525,4,2.9579058392524717,14.148016206920147,10,2.9579058392524717,valid,0.41278084236116924,0.4246525321577784,0.41525000000000006,100456
GEN,0.42495,410,410,offspring,0,0,TINYIMAGENET,676,main_b1000_tinyimagenet_alexnet_GEN_kp10_seed456,0.1,0.42495,74,False,0.1,alexnet,False,0,0,1,0.42495,659,2,0.42495,660,3,0,10,0.1,TINYIMAGENET_alexnet_GEN_accuracy_kp1000_seed456,456,8000,676,42,accuracy,100456,0.42495,5,2.975453580713272,14.262360125780106,10,2.975453580713272,valid,0.4207904563975679,0.4292166727959619,0.42495000000000005,100456
GEN,0.42495,410,410,offspring,0,0,TINYIMAGENET,677,main_b1000_tinyimagenet_alexnet_GEN_kp10_seed456,0.1,0.42495,75,False,0.1,alexnet,False,0,0,1,0.42495,672,6,0.42495,410,1,0,2,0.1,TINYIMAGENET_alexnet_GEN_accuracy_kp1000_seed456,456,8000,677,42,accuracy,100456,0.42495,5,2.975453580713272,14.27880971878767,10,2.975453580713272,valid,0.4207904563975679,0.4292166727959619,0.42495000000000005,100456
GEN,0.42495,410,410,offspring,0,0,TINYIMAGENET,678,main_b1000_tinyimagenet_alexnet_GEN_kp10_seed456,0.1,0.414,75,False,0.1,alexnet,True,800,400,2,0.42495,672,6,0.42495,410,1,0,3,0.1,TINYIMAGENET_alexnet_GEN_accuracy_kp1000_seed456,456,8000,678,42,accuracy,100456,0.414,4,2.9727407366752625,11.225986160337925,10,2.9727407366752625,valid,0.41062823473765375,0.42300102658984273,0.414,100456
GEN,0.42495,410,410,offspring,0,0,TINYIMAGENET,679,main_b1000_tinyimagenet_alexnet_GEN_kp10_seed456,0.1,0.42495,75,False,0.1,alexnet,False,0,0,1,0.42495,676,10,0.42495,670,4,0,4,0.1,TINYIMAGENET_alexnet_GEN_accuracy_kp1000_seed456,456,8000,679,42,accuracy,100456,0.42495,5,2.975453580713272,11.208316341042519,10,2.975453580713272,valid,0.4207904563975679,0.4292166727959619,0.42495000000000005,100456
GEN,0.42495,410,410,offspring,0,0,TINYIMAGENET,680,main_b1000_tinyimagenet_alexnet_GEN_kp10_seed456,0.1,0.42495,75,False,0.1,alexnet,False,0,0,2,0.42495,676,10,0.42495,670,4,0,5,0.1,TINYIMAGENET_alexnet_GEN_accuracy_kp1000_seed456,456,8000,680,42,accuracy,100456,0.42495,5,2.975453580713272,11.19874019920826,10,2.975453580713272,valid,0.4207904563975679,0.4292166727959619,0.42495000000000005,100456
GEN,0.42495,410,410,offspring,0,0,TINYIMAGENET,681,main_b1000_tinyimagenet_alexnet_GEN_kp10_seed456,0.1,0.42495,75,False,0.1,alexnet,False,0,0,1,0.42495,671,5,0.42495,669,3,0,6,0.1,TINYIMAGENET_alexnet_GEN_accuracy_kp1000_seed456,456,8000,681,42,accuracy,100456,0.42495,5,2.975453580713272,11.263405427336693,10,2.975453580713272,valid,0.4207904563975679,0.4292166727959619,0.42495000000000005,100456
GEN,0.42495,410,410,offspring,0,0,TINYIMAGENET,682,main_b1000_tinyimagenet_alexnet_GEN_kp10_seed456,0.1,0.42495,75,False,0.1,alexnet,False,0,0,2,0.42495,671,5,0.42495,669,3,0,7,0.1,TINYIMAGENET_alexnet_GEN_accuracy_kp1000_seed456,456,8000,682,42,accuracy,100456,0.42495,5,2.975453580713272,11.290129974484444,10,2.975453580713272,valid,0.4207904563975679,0.4292166727959619,0.42495000000000005,100456
GEN,0.42495,410,410,offspring,0,0,TINYIMAGENET,683,main_b1000_tinyimagenet_alexnet_GEN_kp10_seed456,0.1,0.42495,75,False,0.1,alexnet,False,0,0,1,0.42495,671,5,0.42495,668,2,0,8,0.1,TINYIMAGENET_alexnet_GEN_accuracy_kp1000_seed456,456,8000,683,42,accuracy,100456,0.42495,5,2.975453580713272,11.177497781813145,10,2.975453580713272,valid,0.4207904563975679,0.4292166727959619,0.42495000000000005,100456
GEN,0.42495,410,410,offspring,0,0,TINYIMAGENET,684,main_b1000_tinyimagenet_alexnet_GEN_kp10_seed456,0.1,0.42495,75,False,0.1,alexnet,False,0,0,2,0.42495,671,5,0.42495,668,2,0,9,0.1,TINYIMAGENET_alexnet_GEN_accuracy_kp1000_seed456,456,8000,684,42,accuracy,100456,0.42495,5,2.975453580713272,11.115872785449028,10,2.975453580713272,valid,0.4207904563975679,0.4292166727959619,0.42495000000000005,100456
GEN,0.42495,410,410,offspring,0,0,TINYIMAGENET,685,main_b1000_tinyimagenet_alexnet_GEN_kp10_seed456,0.1,0.42495,75,False,0.1,alexnet,False,0,0,1,0.42495,410,1,0.42495,676,10,0,10,0.1,TINYIMAGENET_alexnet_GEN_accuracy_kp1000_seed456,456,8000,685,42,accuracy,100456,0.42495,5,2.975453580713272,11.309787943959236,10,2.975453580713272,valid,0.4207904563975679,0.4292166727959619,0.42495000000000005,100456
GEN,0.42495,410,410,offspring,0,0,TINYIMAGENET,686,main_b1000_tinyimagenet_alexnet_GEN_kp10_seed456,0.1,0.42495,76,False,0.1,alexnet,False,0,0,1,0.42495,683,8,0.42495,677,2,0,2,0.1,TINYIMAGENET_alexnet_GEN_accuracy_kp1000_seed456,456,8000,686,42,accuracy,100456,0.42495,5,2.975453580713272,11.28354348987341,10,2.975453580713272,valid,0.4207904563975679,0.4292166727959619,0.42495000000000005,100456
GEN,0.42495,410,410,offspring,0,0,TINYIMAGENET,687,main_b1000_tinyimagenet_alexnet_GEN_kp10_seed456,0.1,0.42495,76,False,0.1,alexnet,False,0,0,2,0.42495,683,8,0.42495,677,2,0,3,0.1,TINYIMAGENET_alexnet_GEN_accuracy_kp1000_seed456,456,8000,687,42,accuracy,100456,0.42495,5,2.975453580713272,11.274823971092701,10,2.975453580713272,valid,0.4207904563975679,0.4292166727959619,0.42495000000000005,100456
GEN,0.42495,410,410,offspring,0,0,TINYIMAGENET,688,main_b1000_tinyimagenet_alexnet_GEN_kp10_seed456,0.1,0.42495,76,False,0.1,alexnet,False,0,0,1,0.42495,677,2,0.42495,682,7,0,4,0.1,TINYIMAGENET_alexnet_GEN_accuracy_kp1000_seed456,456,8000,688,42,accuracy,100456,0.42495,5,2.975453580713272,11.27022721618414,10,2.975453580713272,valid,0.4207904563975679,0.4292166727959619,0.42495000000000005,100456
GEN,0.42495,410,410,offspring,0,0,TINYIMAGENET,689,main_b1000_tinyimagenet_alexnet_GEN_kp10_seed456,0.1,0.42495,76,False,0.1,alexnet,False,0,0,2,0.42495,677,2,0.42495,682,7,0,5,0.1,TINYIMAGENET_alexnet_GEN_accuracy_kp1000_seed456,456,8000,689,42,accuracy,100456,0.42495,5,2.975453580713272,12.475790910422802,10,2.975453580713272,valid,0.4207904563975679,0.4292166727959619,0.42495000000000005,100456
GEN,0.42495,410,410,offspring,0,0,TINYIMAGENET,690,main_b1000_tinyimagenet_alexnet_GEN_kp10_seed456,0.1,0.42495,76,False,0.1,alexnet,False,0,0,1,0.42495,685,10,0.42495,681,6,0,6,0.1,TINYIMAGENET_alexnet_GEN_accuracy_kp1000_seed456,456,8000,690,42,accuracy,100456,0.42495,5,2.975453580713272,14.105334401130676,10,2.975453580713272,valid,0.4207904563975679,0.4292166727959619,0.42495000000000005,100456
GEN,0.42495,410,410,offspring,0,0,TINYIMAGENET,691,main_b1000_tinyimagenet_alexnet_GEN_kp10_seed456,0.1,0.42495,76,False,0.1,alexnet,False,0,0,2,0.42495,685,10,0.42495,681,6,0,7,0.1,TINYIMAGENET_alexnet_GEN_accuracy_kp1000_seed456,456,8000,691,42,accuracy,100456,0.42495,5,2.975453580713272,14.183654345571995,10,2.975453580713272,valid,0.4207904563975679,0.4292166727959619,0.42495000000000005,100456
GEN,0.42495,410,410,offspring,0,0,TINYIMAGENET,692,main_b1000_tinyimagenet_alexnet_GEN_kp10_seed456,0.1,0.42495,76,False,0.1,alexnet,False,0,0,1,0.42495,685,10,0.42495,680,5,0,8,0.1,TINYIMAGENET_alexnet_GEN_accuracy_kp1000_seed456,456,8000,692,42,accuracy,100456,0.42495,5,2.975453580713272,14.192778572440147,10,2.975453580713272,valid,0.4207904563975679,0.4292166727959619,0.42495000000000005,100456
GEN,0.42495,410,410,offspring,0,0,TINYIMAGENET,693,main_b1000_tinyimagenet_alexnet_GEN_kp10_seed456,0.1,0.42495,76,False,0.1,alexnet,False,0,0,2,0.42495,685,10,0.42495,680,5,0,9,0.1,TINYIMAGENET_alexnet_GEN_accuracy_kp1000_seed456,456,8000,693,42,accuracy,100456,0.42495,5,2.975453580713272,14.210604101419449,10,2.975453580713272,valid,0.4207904563975679,0.4292166727959619,0.42495000000000005,100456
GEN,0.42495,410,410,offspring,0,0,TINYIMAGENET,694,main_b1000_tinyimagenet_alexnet_GEN_kp10_seed456,0.1,0.42495,76,False,0.1,alexnet,False,0,0,1,0.42495,680,5,0.42495,685,10,0,10,0.1,TINYIMAGENET_alexnet_GEN_accuracy_kp1000_seed456,456,8000,694,42,accuracy,100456,0.42495,5,2.975453580713272,14.180223561823368,10,2.975453580713272,valid,0.4207904563975679,0.4292166727959619,0.42495000000000005,100456
GEN,0.42495,410,410,offspring,0,0,TINYIMAGENET,695,main_b1000_tinyimagenet_alexnet_GEN_kp10_seed456,0.1,0.42495,77,False,0.1,alexnet,False,0,0,1,0.42495,686,2,0.42495,693,9,0,2,0.1,TINYIMAGENET_alexnet_GEN_accuracy_kp1000_seed456,456,8000,695,42,accuracy,100456,0.42495,5,2.975453580713272,14.187929287552834,10,2.975453580713272,valid,0.4207904563975679,0.4292166727959619,0.42495000000000005,100456
GEN,0.42495,410,410,offspring,0,0,TINYIMAGENET,696,main_b1000_tinyimagenet_alexnet_GEN_kp10_seed456,0.1,0.42495,77,False,0.1,alexnet,False,0,0,2,0.42495,686,2,0.42495,693,9,0,3,0.1,TINYIMAGENET_alexnet_GEN_accuracy_kp1000_seed456,456,8000,696,42,accuracy,100456,0.42495,5,2.975453580713272,14.364933855831623,10,2.975453580713272,valid,0.4207904563975679,0.4292166727959619,0.42495000000000005,100456
GEN,0.42495,410,410,offspring,0,0,TINYIMAGENET,697,main_b1000_tinyimagenet_alexnet_GEN_kp10_seed456,0.1,0.42495,77,False,0.1,alexnet,False,0,0,1,0.42495,694,10,0.42495,686,2,0,4,0.1,TINYIMAGENET_alexnet_GEN_accuracy_kp1000_seed456,456,8000,697,42,accuracy,100456,0.42495,5,2.975453580713272,14.298746846616268,10,2.975453580713272,valid,0.4207904563975679,0.4292166727959619,0.42495000000000005,100456
GEN,0.42495,410,410,offspring,0,0,TINYIMAGENET,698,main_b1000_tinyimagenet_alexnet_GEN_kp10_seed456,0.1,0.4176,77,False,0.1,alexnet,True,800,400,2,0.42495,694,10,0.42495,686,2,0,5,0.1,TINYIMAGENET_alexnet_GEN_accuracy_kp1000_seed456,456,8000,698,42,accuracy,100456,0.4176,4,2.945064135169983,14.250655360519886,10,2.945064135169983,valid,0.4131382767256932,0.4237211413407478,0.41759999999999997,100456
GEN,0.42495,410,410,offspring,0,0,TINYIMAGENET,699,main_b1000_tinyimagenet_alexnet_GEN_kp10_seed456,0.1,0.42495,77,False,0.1,alexnet,False,0,0,1,0.42495,690,6,0.42495,692,8,0,6,0.1,TINYIMAGENET_alexnet_GEN_accuracy_kp1000_seed456,456,8000,699,42,accuracy,100456,0.42495,5,2.975453580713272,14.236046329140663,10,2.975453580713272,valid,0.4207904563975679,0.4292166727959619,0.42495000000000005,100456
GEN,0.42495,410,410,offspring,0,0,TINYIMAGENET,700,main_b1000_tinyimagenet_alexnet_GEN_kp10_seed456,0.1,0.42495,77,False,0.1,alexnet,False,0,0,2,0.42495,690,6,0.42495,692,8,0,7,0.1,TINYIMAGENET_alexnet_GEN_accuracy_kp1000_seed456,456,8000,700,42,accuracy,100456,0.42495,5,2.975453580713272,14.339461788535118,10,2.975453580713272,valid,0.4207904563975679,0.4292166727959619,0.42495000000000005,100456
GEN,0.42495,410,410,offspring,0,0,TINYIMAGENET,701,main_b1000_tinyimagenet_alexnet_GEN_kp10_seed456,0.1,0.42495,77,False,0.1,alexnet,False,0,0,1,0.42495,694,10,0.42495,691,7,0,8,0.1,TINYIMAGENET_alexnet_GEN_accuracy_kp1000_seed456,456,8000,701,42,accuracy,100456,0.42495,5,2.975453580713272,14.363808251917362,10,2.975453580713272,valid,0.4207904563975679,0.4292166727959619,0.42495000000000005,100456
GEN,0.42495,410,410,offspring,0,0,TINYIMAGENET,702,main_b1000_tinyimagenet_alexnet_GEN_kp10_seed456,0.1,0.4186,77,False,0.1,alexnet,True,800,400,2,0.42495,694,10,0.42495,691,7,0,9,0.1,TINYIMAGENET_alexnet_GEN_accuracy_kp1000_seed456,456,8000,702,42,accuracy,100456,0.4186,4,2.965501777267456,14.259241536259651,10,2.965501777267456,valid,0.41389365532461836,0.42769910379665205,0.41859999999999997,100456
GEN,0.42495,410,410,offspring,0,0,TINYIMAGENET,703,main_b1000_tinyimagenet_alexnet_GEN_kp10_seed456,0.1,0.42495,77,False,0.1,alexnet,False,0,0,1,0.42495,689,5,0.42495,410,1,0,10,0.1,TINYIMAGENET_alexnet_GEN_accuracy_kp1000_seed456,456,8000,703,42,accuracy,100456,0.42495,5,2.975453580713272,14.269949048757553,10,2.975453580713272,valid,0.4207904563975679,0.4292166727959619,0.42495000000000005,100456
GEN,0.42495,410,410,offspring,0,0,TINYIMAGENET,704,main_b1000_tinyimagenet_alexnet_GEN_kp10_seed456,0.1,0.42495,78,False,0.1,alexnet,False,0,0,1,0.42495,695,2,0.42495,697,4,0,2,0.1,TINYIMAGENET_alexnet_GEN_accuracy_kp1000_seed456,456,8000,704,42,accuracy,100456,0.42495,5,2.975453580713272,14.301907755434513,10,2.975453580713272,valid,0.4207904563975679,0.4292166727959619,0.42495000000000005,100456
GEN,0.42495,410,410,offspring,0,0,TINYIMAGENET,705,main_b1000_tinyimagenet_alexnet_GEN_kp10_seed456,0.1,0.42495,78,False,0.1,alexnet,False,0,0,2,0.42495,695,2,0.42495,697,4,0,3,0.1,TINYIMAGENET_alexnet_GEN_accuracy_kp1000_seed456,456,8000,705,42,accuracy,100456,0.42495,5,2.975453580713272,14.35956597328186,10,2.975453580713272,valid,0.4207904563975679,0.4292166727959619,0.42495000000000005,100456
GEN,0.42495,410,410,offspring,0,0,TINYIMAGENET,706,main_b1000_tinyimagenet_alexnet_GEN_kp10_seed456,0.1,0.42495,78,False,0.1,alexnet,False,0,0,1,0.42495,699,6,0.42495,697,4,0,4,0.1,TINYIMAGENET_alexnet_GEN_accuracy_kp1000_seed456,456,8000,706,42,accuracy,100456,0.42495,5,2.975453580713272,14.287200905382633,10,2.975453580713272,valid,0.4207904563975679,0.4292166727959619,0.42495000000000005,100456
GEN,0.42495,410,410,offspring,0,0,TINYIMAGENET,707,main_b1000_tinyimagenet_alexnet_GEN_kp10_seed456,0.1,0.42495,78,False,0.1,alexnet,False,0,0,2,0.42495,699,6,0.42495,697,4,0,5,0.1,TINYIMAGENET_alexnet_GEN_accuracy_kp1000_seed456,456,8000,707,42,accuracy,100456,0.42495,5,2.975453580713272,11.175644174218178,10,2.975453580713272,valid,0.4207904563975679,0.4292166727959619,0.42495000000000005,100456
GEN,0.42495,410,410,offspring,0,0,TINYIMAGENET,708,main_b1000_tinyimagenet_alexnet_GEN_kp10_seed456,0.1,0.42495,78,False,0.1,alexnet,False,0,0,1,0.42495,703,10,0.42495,695,2,0,6,0.1,TINYIMAGENET_alexnet_GEN_accuracy_kp1000_seed456,456,8000,708,42,accuracy,100456,0.42495,5,2.975453580713272,11.155126795172691,10,2.975453580713272,valid,0.4207904563975679,0.4292166727959619,0.42495000000000005,100456
GEN,0.42495,410,410,offspring,0,0,TINYIMAGENET,709,main_b1000_tinyimagenet_alexnet_GEN_kp10_seed456,0.1,0.42495,78,False,0.1,alexnet,False,0,0,2,0.42495,703,10,0.42495,695,2,0,7,0.1,TINYIMAGENET_alexnet_GEN_accuracy_kp1000_seed456,456,8000,709,42,accuracy,100456,0.42495,5,2.975453580713272,10.731581456959248,10,2.975453580713272,valid,0.4207904563975679,0.4292166727959619,0.42495000000000005,100456
GEN,0.42495,410,410,offspring,0,0,TINYIMAGENET,710,main_b1000_tinyimagenet_alexnet_GEN_kp10_seed456,0.1,0.42495,78,False,0.1,alexnet,False,0,0,1,0.42495,703,10,0.42495,700,7,0,8,0.1,TINYIMAGENET_alexnet_GEN_accuracy_kp1000_seed456,456,8000,710,42,accuracy,100456,0.42495,5,2.975453580713272,10.925192199647427,10,2.975453580713272,valid,0.4207904563975679,0.4292166727959619,0.42495000000000005,100456
GEN,0.42495,410,410,offspring,0,0,TINYIMAGENET,711,main_b1000_tinyimagenet_alexnet_GEN_kp10_seed456,0.1,0.419,78,False,0.1,alexnet,True,800,400,2,0.42495,703,10,0.42495,700,7,0,9,0.1,TINYIMAGENET_alexnet_GEN_accuracy_kp1000_seed456,456,8000,711,42,accuracy,100456,0.419,4,2.962487446975708,10.576071672141552,10,2.962487446975708,valid,0.41472635300606525,0.4278043539690505,0.41900000000000004,100456
GEN,0.42495,410,410,offspring,0,0,TINYIMAGENET,712,main_b1000_tinyimagenet_alexnet_GEN_kp10_seed456,0.1,0.42495,78,False,0.1,alexnet,False,0,0,1,0.42495,695,2,0.42495,700,7,0,10,0.1,TINYIMAGENET_alexnet_GEN_accuracy_kp1000_seed456,456,8000,712,42,accuracy,100456,0.42495,5,2.975453580713272,10.51660756021738,10,2.975453580713272,valid,0.4207904563975679,0.4292166727959619,0.42495000000000005,100456
GEN,0.42495,410,410,offspring,0,0,TINYIMAGENET,713,main_b1000_tinyimagenet_alexnet_GEN_kp10_seed456,0.1,0.42495,79,False,0.1,alexnet,False,0,0,1,0.42495,710,8,0.42495,708,6,0,2,0.1,TINYIMAGENET_alexnet_GEN_accuracy_kp1000_seed456,456,8000,713,42,accuracy,100456,0.42495,5,2.975453580713272,10.509387202560902,10,2.975453580713272,valid,0.4207904563975679,0.4292166727959619,0.42495000000000005,100456
GEN,0.42495,410,410,offspring,0,0,TINYIMAGENET,714,main_b1000_tinyimagenet_alexnet_GEN_kp10_seed456,0.1,0.42495,79,False,0.1,alexnet,False,0,0,2,0.42495,710,8,0.42495,708,6,0,3,0.1,TINYIMAGENET_alexnet_GEN_accuracy_kp1000_seed456,456,8000,714,42,accuracy,100456,0.42495,5,2.975453580713272,10.627044193446636,10,2.975453580713272,valid,0.4207904563975679,0.4292166727959619,0.42495000000000005,100456
GEN,0.42495,410,410,offspring,0,0,TINYIMAGENET,715,main_b1000_tinyimagenet_alexnet_GEN_kp10_seed456,0.1,0.42495,79,False,0.1,alexnet,False,0,0,1,0.42495,707,5,0.42495,712,10,0,4,0.1,TINYIMAGENET_alexnet_GEN_accuracy_kp1000_seed456,456,8000,715,42,accuracy,100456,0.42495,5,2.975453580713272,10.620583906769753,10,2.975453580713272,valid,0.4207904563975679,0.4292166727959619,0.42495000000000005,100456
GEN,0.42495,410,410,offspring,0,0,TINYIMAGENET,716,main_b1000_tinyimagenet_alexnet_GEN_kp10_seed456,0.1,0.42495,79,False,0.1,alexnet,False,0,0,2,0.42495,707,5,0.42495,712,10,0,5,0.1,TINYIMAGENET_alexnet_GEN_accuracy_kp1000_seed456,456,8000,716,42,accuracy,100456,0.42495,5,2.975453580713272,10.591830521821976,10,2.975453580713272,valid,0.4207904563975679,0.4292166727959619,0.42495000000000005,100456
GEN,0.42495,410,410,offspring,0,0,TINYIMAGENET,717,main_b1000_tinyimagenet_alexnet_GEN_kp10_seed456,0.1,0.42495,79,False,0.1,alexnet,False,0,0,1,0.42495,410,1,0.42495,709,7,0,6,0.1,TINYIMAGENET_alexnet_GEN_accuracy_kp1000_seed456,456,8000,717,42,accuracy,100456,0.42495,5,2.975453580713272,10.54597643762827,10,2.975453580713272,valid,0.4207904563975679,0.4292166727959619,0.42495000000000005,100456
GEN,0.42495,410,410,offspring,0,0,TINYIMAGENET,718,main_b1000_tinyimagenet_alexnet_GEN_kp10_seed456,0.1,0.42495,79,False,0.1,alexnet,False,0,0,2,0.42495,410,1,0.42495,709,7,0,7,0.1,TINYIMAGENET_alexnet_GEN_accuracy_kp1000_seed456,456,8000,718,42,accuracy,100456,0.42495,5,2.975453580713272,10.521221578121185,10,2.975453580713272,valid,0.4207904563975679,0.4292166727959619,0.42495000000000005,100456
GEN,0.42495,410,410,offspring,0,0,TINYIMAGENET,719,main_b1000_tinyimagenet_alexnet_GEN_kp10_seed456,0.1,0.42495,79,False,0.1,alexnet,False,0,0,1,0.42495,710,8,0.42495,706,4,0,8,0.1,TINYIMAGENET_alexnet_GEN_accuracy_kp1000_seed456,456,8000,719,42,accuracy,100456,0.42495,5,2.975453580713272,10.540359407663345,10,2.975453580713272,valid,0.4207904563975679,0.4292166727959619,0.42495000000000005,100456
GEN,0.42495,410,410,offspring,0,0,TINYIMAGENET,720,main_b1000_tinyimagenet_alexnet_GEN_kp10_seed456,0.1,0.42495,79,False,0.1,alexnet,False,0,0,2,0.42495,710,8,0.42495,706,4,0,9,0.1,TINYIMAGENET_alexnet_GEN_accuracy_kp1000_seed456,456,8000,720,42,accuracy,100456,0.42495,5,2.975453580713272,10.762168899178505,10,2.975453580713272,valid,0.4207904563975679,0.4292166727959619,0.42495000000000005,100456
GEN,0.42495,410,410,offspring,0,0,TINYIMAGENET,721,main_b1000_tinyimagenet_alexnet_GEN_kp10_seed456,0.1,0.42495,79,False,0.1,alexnet,False,0,0,1,0.42495,710,8,0.42495,709,7,0,10,0.1,TINYIMAGENET_alexnet_GEN_accuracy_kp1000_seed456,456,8000,721,42,accuracy,100456,0.42495,5,2.975453580713272,11.019430287182331,10,2.975453580713272,valid,0.4207904563975679,0.4292166727959619,0.42495000000000005,100456
GEN,0.42495,410,410,offspring,0,0,TINYIMAGENET,722,main_b1000_tinyimagenet_alexnet_GEN_kp10_seed456,0.1,0.41305,80,False,0.1,alexnet,True,800,400,1,0.42495,718,7,0.42495,713,2,0,2,0.1,TINYIMAGENET_alexnet_GEN_accuracy_kp1000_seed456,456,8000,722,42,accuracy,100456,0.41305,4,2.960329373073578,11.032216757535934,10,2.960329373073578,valid,0.4095432016507901,0.4214132254547534,0.4130500000000001,100456
GEN,0.42495,410,410,offspring,0,0,TINYIMAGENET,723,main_b1000_tinyimagenet_alexnet_GEN_kp10_seed456,0.1,0.4097,80,False,0.1,alexnet,True,800,400,2,0.42495,718,7,0.42495,713,2,0,3,0.1,TINYIMAGENET_alexnet_GEN_accuracy_kp1000_seed456,456,8000,723,42,accuracy,100456,0.4097,4,2.9768513731479644,10.975475437939167,10,2.9768513731479644,valid,0.4052736764621704,0.4204770045761972,0.4097,100456
GEN,0.42495,410,410,offspring,0,0,TINYIMAGENET,724,main_b1000_tinyimagenet_alexnet_GEN_kp10_seed456,0.1,0.41255,80,False,0.1,alexnet,True,800,400,1,0.42495,721,10,0.42495,410,1,0,4,0.1,TINYIMAGENET_alexnet_GEN_accuracy_kp1000_seed456,456,8000,724,42,accuracy,100456,0.41255,4,2.981432010650635,10.910239070653915,10,2.981432010650635,valid,0.40904290292834317,0.4215436632348137,0.41255,100456
GEN,0.42495,410,410,offspring,0,0,TINYIMAGENET,725,main_b1000_tinyimagenet_alexnet_GEN_kp10_seed456,0.1,0.42495,80,False,0.1,alexnet,False,0,0,2,0.42495,721,10,0.42495,410,1,0,5,0.1,TINYIMAGENET_alexnet_GEN_accuracy_kp1000_seed456,456,8000,725,42,accuracy,100456,0.42495,5,2.975453580713272,11.03125324100256,10,2.975453580713272,valid,0.4207904563975679,0.4292166727959619,0.42495000000000005,100456
GEN,0.42495,410,410,offspring,0,0,TINYIMAGENET,726,main_b1000_tinyimagenet_alexnet_GEN_kp10_seed456,0.1,0.42495,80,False,0.1,alexnet,False,0,0,1,0.42495,716,5,0.42495,714,3,0,6,0.1,TINYIMAGENET_alexnet_GEN_accuracy_kp1000_seed456,456,8000,726,42,accuracy,100456,0.42495,5,2.975453580713272,10.65826640278101,10,2.975453580713272,valid,0.4207904563975679,0.4292166727959619,0.42495000000000005,100456
GEN,0.42495,410,410,offspring,0,0,TINYIMAGENET,727,main_b1000_tinyimagenet_alexnet_GEN_kp10_seed456,0.1,0.42495,80,False,0.1,alexnet,False,0,0,2,0.42495,716,5,0.42495,714,3,0,7,0.1,TINYIMAGENET_alexnet_GEN_accuracy_kp1000_seed456,456,8000,727,42,accuracy,100456,0.42495,5,2.975453580713272,10.773577362298965,10,2.975453580713272,valid,0.4207904563975679,0.4292166727959619,0.42495000000000005,100456
GEN,0.42495,410,410,offspring,0,0,TINYIMAGENET,728,main_b1000_tinyimagenet_alexnet_GEN_kp10_seed456,0.1,0.42495,80,False,0.1,alexnet,False,0,0,1,0.42495,721,10,0.42495,719,8,0,8,0.1,TINYIMAGENET_alexnet_GEN_accuracy_kp1000_seed456,456,8000,728,42,accuracy,100456,0.42495,5,2.975453580713272,10.569734461605549,10,2.975453580713272,valid,0.4207904563975679,0.4292166727959619,0.42495000000000005,100456
GEN,0.42495,410,410,offspring,0,0,TINYIMAGENET,729,main_b1000_tinyimagenet_alexnet_GEN_kp10_seed456,0.1,0.42495,80,False,0.1,alexnet,False,0,0,2,0.42495,721,10,0.42495,719,8,0,9,0.1,TINYIMAGENET_alexnet_GEN_accuracy_kp1000_seed456,456,8000,729,42,accuracy,100456,0.42495,5,2.975453580713272,10.513185247778893,10,2.975453580713272,valid,0.4207904563975679,0.4292166727959619,0.42495000000000005,100456
GEN,0.42495,410,410,offspring,0,0,TINYIMAGENET,730,main_b1000_tinyimagenet_alexnet_GEN_kp10_seed456,0.1,0.42495,80,False,0.1,alexnet,False,0,0,1,0.42495,719,8,0.42495,716,5,0,10,0.1,TINYIMAGENET_alexnet_GEN_accuracy_kp1000_seed456,456,8000,730,42,accuracy,100456,0.42495,5,2.975453580713272,10.645952232182026,10,2.975453580713272,valid,0.4207904563975679,0.4292166727959619,0.42495000000000005,100456
GEN,0.42495,410,410,offspring,0,0,TINYIMAGENET,731,main_b1000_tinyimagenet_alexnet_GEN_kp10_seed456,0.1,0.42495,81,False,0.1,alexnet,False,0,0,1,0.42495,726,6,0.42495,730,10,0,2,0.1,TINYIMAGENET_alexnet_GEN_accuracy_kp1000_seed456,456,8000,731,42,accuracy,100456,0.42495,5,2.975453580713272,11.08587958663702,10,2.975453580713272,valid,0.4207904563975679,0.4292166727959619,0.42495000000000005,100456
GEN,0.42495,410,410,offspring,0,0,TINYIMAGENET,732,main_b1000_tinyimagenet_alexnet_GEN_kp10_seed456,0.1,0.42495,81,False,0.1,alexnet,False,0,0,2,0.42495,726,6,0.42495,730,10,0,3,0.1,TINYIMAGENET_alexnet_GEN_accuracy_kp1000_seed456,456,8000,732,42,accuracy,100456,0.42495,5,2.975453580713272,11.09812492877245,10,2.975453580713272,valid,0.4207904563975679,0.4292166727959619,0.42495000000000005,100456
GEN,0.42495,410,410,offspring,0,0,TINYIMAGENET,733,main_b1000_tinyimagenet_alexnet_GEN_kp10_seed456,0.1,0.42495,81,False,0.1,alexnet,False,0,0,1,0.42495,725,5,0.42495,410,1,0,4,0.1,TINYIMAGENET_alexnet_GEN_accuracy_kp1000_seed456,456,8000,733,42,accuracy,100456,0.42495,5,2.975453580713272,11.062382712960243,10,2.975453580713272,valid,0.4207904563975679,0.4292166727959619,0.42495000000000005,100456
GEN,0.42495,410,410,offspring,0,0,TINYIMAGENET,734,main_b1000_tinyimagenet_alexnet_GEN_kp10_seed456,0.1,0.42495,81,False,0.1,alexnet,False,0,0,2,0.42495,725,5,0.42495,410,1,0,5,0.1,TINYIMAGENET_alexnet_GEN_accuracy_kp1000_seed456,456,8000,734,42,accuracy,100456,0.42495,5,2.975453580713272,11.073396816849709,10,2.975453580713272,valid,0.4207904563975679,0.4292166727959619,0.42495000000000005,100456
GEN,0.42495,410,410,offspring,0,0,TINYIMAGENET,735,main_b1000_tinyimagenet_alexnet_GEN_kp10_seed456,0.1,0.42495,81,False,0.1,alexnet,False,0,0,1,0.42495,730,10,0.42495,725,5,0,6,0.1,TINYIMAGENET_alexnet_GEN_accuracy_kp1000_seed456,456,8000,735,42,accuracy,100456,0.42495,5,2.975453580713272,10.989979974925518,10,2.975453580713272,valid,0.4207904563975679,0.4292166727959619,0.42495000000000005,100456
GEN,0.42495,410,410,offspring,0,0,TINYIMAGENET,736,main_b1000_tinyimagenet_alexnet_GEN_kp10_seed456,0.1,0.42495,81,False,0.1,alexnet,False,0,0,2,0.42495,730,10,0.42495,725,5,0,7,0.1,TINYIMAGENET_alexnet_GEN_accuracy_kp1000_seed456,456,8000,736,42,accuracy,100456,0.42495,5,2.975453580713272,11.05796879529953,10,2.975453580713272,valid,0.4207904563975679,0.4292166727959619,0.42495000000000005,100456
GEN,0.42495,410,410,offspring,0,0,TINYIMAGENET,737,main_b1000_tinyimagenet_alexnet_GEN_kp10_seed456,0.1,0.42495,81,False,0.1,alexnet,False,0,0,1,0.42495,730,10,0.42495,410,1,0,8,0.1,TINYIMAGENET_alexnet_GEN_accuracy_kp1000_seed456,456,8000,737,42,accuracy,100456,0.42495,5,2.975453580713272,11.097030587494373,10,2.975453580713272,valid,0.4207904563975679,0.4292166727959619,0.42495000000000005,100456
GEN,0.42495,410,410,offspring,0,0,TINYIMAGENET,738,main_b1000_tinyimagenet_alexnet_GEN_kp10_seed456,0.1,0.42495,81,False,0.1,alexnet,False,0,0,2,0.42495,730,10,0.42495,410,1,0,9,0.1,TINYIMAGENET_alexnet_GEN_accuracy_kp1000_seed456,456,8000,738,42,accuracy,100456,0.42495,5,2.975453580713272,11.092556953430176,10,2.975453580713272,valid,0.4207904563975679,0.4292166727959619,0.42495000000000005,100456
GEN,0.42495,410,410,offspring,0,0,TINYIMAGENET,739,main_b1000_tinyimagenet_alexnet_GEN_kp10_seed456,0.1,0.42495,81,False,0.1,alexnet,False,0,0,1,0.42495,727,7,0.42495,729,9,0,10,0.1,TINYIMAGENET_alexnet_GEN_accuracy_kp1000_seed456,456,8000,739,42,accuracy,100456,0.42495,5,2.975453580713272,11.120663724839687,10,2.975453580713272,valid,0.4207904563975679,0.4292166727959619,0.42495000000000005,100456
GEN,0.42495,410,410,offspring,0,0,TINYIMAGENET,740,main_b1000_tinyimagenet_alexnet_GEN_kp10_seed456,0.1,0.42495,82,False,0.1,alexnet,False,0,0,1,0.42495,738,9,0.42495,735,6,0,2,0.1,TINYIMAGENET_alexnet_GEN_accuracy_kp1000_seed456,456,8000,740,42,accuracy,100456,0.42495,5,2.975453580713272,11.112793549895287,10,2.975453580713272,valid,0.4207904563975679,0.4292166727959619,0.42495000000000005,100456
GEN,0.42495,410,410,offspring,0,0,TINYIMAGENET,741,main_b1000_tinyimagenet_alexnet_GEN_kp10_seed456,0.1,0.42495,82,False,0.1,alexnet,False,0,0,2,0.42495,738,9,0.42495,735,6,0,3,0.1,TINYIMAGENET_alexnet_GEN_accuracy_kp1000_seed456,456,8000,741,42,accuracy,100456,0.42495,5,2.975453580713272,11.034826196730137,10,2.975453580713272,valid,0.4207904563975679,0.4292166727959619,0.42495000000000005,100456
GEN,0.42495,410,410,offspring,0,0,TINYIMAGENET,742,main_b1000_tinyimagenet_alexnet_GEN_kp10_seed456,0.1,0.42495,82,False,0.1,alexnet,False,0,0,1,0.42495,739,10,0.42495,738,9,0,4,0.1,TINYIMAGENET_alexnet_GEN_accuracy_kp1000_seed456,456,8000,742,42,accuracy,100456,0.42495,5,2.975453580713272,11.082672342658043,10,2.975453580713272,valid,0.4207904563975679,0.4292166727959619,0.42495000000000005,100456
GEN,0.42495,410,410,offspring,0,0,TINYIMAGENET,743,main_b1000_tinyimagenet_alexnet_GEN_kp10_seed456,0.1,0.42495,82,False,0.1,alexnet,False,0,0,2,0.42495,739,10,0.42495,738,9,0,5,0.1,TINYIMAGENET_alexnet_GEN_accuracy_kp1000_seed456,456,8000,743,42,accuracy,100456,0.42495,5,2.975453580713272,11.145880095660686,10,2.975453580713272,valid,0.4207904563975679,0.4292166727959619,0.42495000000000005,100456
GEN,0.42495,410,410,offspring,0,0,TINYIMAGENET,744,main_b1000_tinyimagenet_alexnet_GEN_kp10_seed456,0.1,0.42495,82,False,0.1,alexnet,False,0,0,1,0.42495,734,5,0.42495,736,7,0,6,0.1,TINYIMAGENET_alexnet_GEN_accuracy_kp1000_seed456,456,8000,744,42,accuracy,100456,0.42495,5,2.975453580713272,11.148636750876904,10,2.975453580713272,valid,0.4207904563975679,0.4292166727959619,0.42495000000000005,100456
GEN,0.42495,410,410,offspring,0,0,TINYIMAGENET,745,main_b1000_tinyimagenet_alexnet_GEN_kp10_seed456,0.1,0.42495,82,False,0.1,alexnet,False,0,0,2,0.42495,734,5,0.42495,736,7,0,7,0.1,TINYIMAGENET_alexnet_GEN_accuracy_kp1000_seed456,456,8000,745,42,accuracy,100456,0.42495,5,2.975453580713272,10.818889424204826,10,2.975453580713272,valid,0.4207904563975679,0.4292166727959619,0.42495000000000005,100456
GEN,0.42495,410,410,offspring,0,0,TINYIMAGENET,746,main_b1000_tinyimagenet_alexnet_GEN_kp10_seed456,0.1,0.42495,82,False,0.1,alexnet,False,0,0,1,0.42495,734,5,0.42495,736,7,0,8,0.1,TINYIMAGENET_alexnet_GEN_accuracy_kp1000_seed456,456,8000,746,42,accuracy,100456,0.42495,5,2.975453580713272,10.935507602989674,10,2.975453580713272,valid,0.4207904563975679,0.4292166727959619,0.42495000000000005,100456
GEN,0.42495,410,410,offspring,0,0,TINYIMAGENET,747,main_b1000_tinyimagenet_alexnet_GEN_kp10_seed456,0.1,0.42495,82,False,0.1,alexnet,False,0,0,2,0.42495,734,5,0.42495,736,7,0,9,0.1,TINYIMAGENET_alexnet_GEN_accuracy_kp1000_seed456,456,8000,747,42,accuracy,100456,0.42495,5,2.975453580713272,10.836402043700218,10,2.975453580713272,valid,0.4207904563975679,0.4292166727959619,0.42495000000000005,100456
GEN,0.42495,410,410,offspring,0,0,TINYIMAGENET,748,main_b1000_tinyimagenet_alexnet_GEN_kp10_seed456,0.1,0.42495,82,False,0.1,alexnet,False,0,0,1,0.42495,739,10,0.42495,733,4,0,10,0.1,TINYIMAGENET_alexnet_GEN_accuracy_kp1000_seed456,456,8000,748,42,accuracy,100456,0.42495,5,2.975453580713272,10.642197236418724,10,2.975453580713272,valid,0.4207904563975679,0.4292166727959619,0.42495000000000005,100456
GEN,0.42495,410,410,offspring,0,0,TINYIMAGENET,749,main_b1000_tinyimagenet_alexnet_GEN_kp10_seed456,0.1,0.41435,83,False,0.1,alexnet,True,800,400,1,0.42495,740,2,0.42495,745,7,0,2,0.1,TINYIMAGENET_alexnet_GEN_accuracy_kp1000_seed456,456,8000,749,42,accuracy,100456,0.41435,4,2.9832060715675355,10.567103423178196,10,2.9832060715675355,valid,0.4096453194525928,0.42500519167172096,0.41435,100456
GEN,0.42495,410,410,offspring,0,0,TINYIMAGENET,750,main_b1000_tinyimagenet_alexnet_GEN_kp10_seed456,0.1,0.42495,83,False,0.1,alexnet,False,0,0,2,0.42495,740,2,0.42495,745,7,0,3,0.1,TINYIMAGENET_alexnet_GEN_accuracy_kp1000_seed456,456,8000,750,42,accuracy,100456,0.42495,5,2.975453580713272,10.761607177555561,10,2.975453580713272,valid,0.4207904563975679,0.4292166727959619,0.42495000000000005,100456
GEN,0.42495,410,410,offspring,0,0,TINYIMAGENET,751,main_b1000_tinyimagenet_alexnet_GEN_kp10_seed456,0.1,0.42495,83,False,0.1,alexnet,False,0,0,1,0.42495,744,6,0.42495,743,5,0,4,0.1,TINYIMAGENET_alexnet_GEN_accuracy_kp1000_seed456,456,8000,751,42,accuracy,100456,0.42495,5,2.975453580713272,10.637460552155972,10,2.975453580713272,valid,0.4207904563975679,0.4292166727959619,0.42495000000000005,100456
GEN,0.42495,410,410,offspring,0,0,TINYIMAGENET,752,main_b1000_tinyimagenet_alexnet_GEN_kp10_seed456,0.1,0.42495,83,False,0.1,alexnet,False,0,0,2,0.42495,744,6,0.42495,743,5,0,5,0.1,TINYIMAGENET_alexnet_GEN_accuracy_kp1000_seed456,456,8000,752,42,accuracy,100456,0.42495,5,2.975453580713272,10.882905945181847,10,2.975453580713272,valid,0.4207904563975679,0.4292166727959619,0.42495000000000005,100456
GEN,0.42495,410,410,offspring,0,0,TINYIMAGENET,753,main_b1000_tinyimagenet_alexnet_GEN_kp10_seed456,0.1,0.42495,83,False,0.1,alexnet,False,0,0,1,0.42495,410,1,0.42495,748,10,0,6,0.1,TINYIMAGENET_alexnet_GEN_accuracy_kp1000_seed456,456,8000,753,42,accuracy,100456,0.42495,5,2.975453580713272,10.900559730827808,10,2.975453580713272,valid,0.4207904563975679,0.4292166727959619,0.42495000000000005,100456
GEN,0.42495,410,410,offspring,0,0,TINYIMAGENET,754,main_b1000_tinyimagenet_alexnet_GEN_kp10_seed456,0.1,0.42495,83,False,0.1,alexnet,False,0,0,2,0.42495,410,1,0.42495,748,10,0,7,0.1,TINYIMAGENET_alexnet_GEN_accuracy_kp1000_seed456,456,8000,754,42,accuracy,100456,0.42495,5,2.975453580713272,11.006488241255283,10,2.975453580713272,valid,0.4207904563975679,0.4292166727959619,0.42495000000000005,100456
GEN,0.42495,410,410,offspring,0,0,TINYIMAGENET,755,main_b1000_tinyimagenet_alexnet_GEN_kp10_seed456,0.1,0.42495,83,False,0.1,alexnet,False,0,0,1,0.42495,740,2,0.42495,410,1,0,8,0.1,TINYIMAGENET_alexnet_GEN_accuracy_kp1000_seed456,456,8000,755,42,accuracy,100456,0.42495,5,2.975453580713272,11.25519298762083,10,2.975453580713272,valid,0.4207904563975679,0.4292166727959619,0.42495000000000005,100456
GEN,0.42495,410,410,offspring,0,0,TINYIMAGENET,756,main_b1000_tinyimagenet_alexnet_GEN_kp10_seed456,0.1,0.42495,83,False,0.1,alexnet,False,0,0,2,0.42495,740,2,0.42495,410,1,0,9,0.1,TINYIMAGENET_alexnet_GEN_accuracy_kp1000_seed456,456,8000,756,42,accuracy,100456,0.42495,5,2.975453580713272,11.277571327984333,10,2.975453580713272,valid,0.4207904563975679,0.4292166727959619,0.42495000000000005,100456
GEN,0.42495,410,410,offspring,0,0,TINYIMAGENET,757,main_b1000_tinyimagenet_alexnet_GEN_kp10_seed456,0.1,0.42495,83,False,0.1,alexnet,False,0,0,1,0.42495,742,4,0.42495,745,7,0,10,0.1,TINYIMAGENET_alexnet_GEN_accuracy_kp1000_seed456,456,8000,757,42,accuracy,100456,0.42495,5,2.975453580713272,11.09550229460001,10,2.975453580713272,valid,0.4207904563975679,0.4292166727959619,0.42495000000000005,100456
GEN,0.42495,410,410,offspring,0,0,TINYIMAGENET,758,main_b1000_tinyimagenet_alexnet_GEN_kp10_seed456,0.1,0.42495,84,False,0.1,alexnet,False,0,0,1,0.42495,751,4,0.42495,754,7,0,2,0.1,TINYIMAGENET_alexnet_GEN_accuracy_kp1000_seed456,456,8000,758,42,accuracy,100456,0.42495,5,2.975453580713272,11.199846155941486,10,2.975453580713272,valid,0.4207904563975679,0.4292166727959619,0.42495000000000005,100456
GEN,0.42495,410,410,offspring,0,0,TINYIMAGENET,759,main_b1000_tinyimagenet_alexnet_GEN_kp10_seed456,0.1,0.42495,84,False,0.1,alexnet,False,0,0,2,0.42495,751,4,0.42495,754,7,0,3,0.1,TINYIMAGENET_alexnet_GEN_accuracy_kp1000_seed456,456,8000,759,42,accuracy,100456,0.42495,5,2.975453580713272,11.244937516748905,10,2.975453580713272,valid,0.4207904563975679,0.4292166727959619,0.42495000000000005,100456
GEN,0.42495,410,410,offspring,0,0,TINYIMAGENET,760,main_b1000_tinyimagenet_alexnet_GEN_kp10_seed456,0.1,0.42495,84,False,0.1,alexnet,False,0,0,1,0.42495,756,9,0.42495,750,3,0,4,0.1,TINYIMAGENET_alexnet_GEN_accuracy_kp1000_seed456,456,8000,760,42,accuracy,100456,0.42495,5,2.975453580713272,11.153490252792835,10,2.975453580713272,valid,0.4207904563975679,0.4292166727959619,0.42495000000000005,100456
GEN,0.42495,410,410,offspring,0,0,TINYIMAGENET,761,main_b1000_tinyimagenet_alexnet_GEN_kp10_seed456,0.1,0.4176,84,False,0.1,alexnet,True,800,400,2,0.42495,756,9,0.42495,750,3,0,5,0.1,TINYIMAGENET_alexnet_GEN_accuracy_kp1000_seed456,456,8000,761,42,accuracy,100456,0.4176,4,2.971604810142517,11.219425827264786,10,2.971604810142517,valid,0.4148741162958811,0.43055457446519996,0.4176,100456
GEN,0.42495,410,410,offspring,0,0,TINYIMAGENET,762,main_b1000_tinyimagenet_alexnet_GEN_kp10_seed456,0.1,0.41365,84,False,0.1,alexnet,True,800,400,1,0.42495,754,7,0.42495,751,4,0,6,0.1,TINYIMAGENET_alexnet_GEN_accuracy_kp1000_seed456,456,8000,762,42,accuracy,100456,0.41365,4,2.976937312269211,11.156404487788677,10,2.976937312269211,valid,0.41078607661589805,0.425383099486428,0.41365,100456
GEN,0.42495,410,410,offspring,0,0,TINYIMAGENET,763,main_b1000_tinyimagenet_alexnet_GEN_kp10_seed456,0.1,0.4183,84,False,0.1,alexnet,True,800,400,2,0.42495,754,7,0.42495,751,4,0,7,0.1,TINYIMAGENET_alexnet_GEN_accuracy_kp1000_seed456,456,8000,763,42,accuracy,100456,0.4183,4,2.9711420753002167,11.236394174396992,10,2.9711420753002167,valid,0.4138326990331774,0.42505985255708884,0.4183,100456
GEN,0.42495,410,410,offspring,0,0,TINYIMAGENET,764,main_b1000_tinyimagenet_alexnet_GEN_kp10_seed456,0.1,0.42495,84,False,0.1,alexnet,False,0,0,1,0.42495,410,1,0.42495,750,3,0,8,0.1,TINYIMAGENET_alexnet_GEN_accuracy_kp1000_seed456,456,8000,764,42,accuracy,100456,0.42495,5,2.975453580713272,11.278840720653534,10,2.975453580713272,valid,0.4207904563975679,0.4292166727959619,0.42495000000000005,100456
GEN,0.42495,410,410,offspring,0,0,TINYIMAGENET,765,main_b1000_tinyimagenet_alexnet_GEN_kp10_seed456,0.1,0.42495,84,False,0.1,alexnet,False,0,0,2,0.42495,410,1,0.42495,750,3,0,9,0.1,TINYIMAGENET_alexnet_GEN_accuracy_kp1000_seed456,456,8000,765,42,accuracy,100456,0.42495,5,2.975453580713272,11.28606554120779,10,2.975453580713272,valid,0.4207904563975679,0.4292166727959619,0.42495000000000005,100456
GEN,0.42495,410,410,offspring,0,0,TINYIMAGENET,766,main_b1000_tinyimagenet_alexnet_GEN_kp10_seed456,0.1,0.42495,84,False,0.1,alexnet,False,0,0,1,0.42495,752,5,0.42495,754,7,0,10,0.1,TINYIMAGENET_alexnet_GEN_accuracy_kp1000_seed456,456,8000,766,42,accuracy,100456,0.42495,5,2.975453580713272,10.949356518685818,10,2.975453580713272,valid,0.4207904563975679,0.4292166727959619,0.42495000000000005,100456
GEN,0.42495,410,410,offspring,0,0,TINYIMAGENET,767,main_b1000_tinyimagenet_alexnet_GEN_kp10_seed456,0.1,0.42495,85,False,0.1,alexnet,False,0,0,1,0.42495,410,1,0.42495,766,10,0,2,0.1,TINYIMAGENET_alexnet_GEN_accuracy_kp1000_seed456,456,8000,767,42,accuracy,100456,0.42495,5,2.975453580713272,10.557713449001312,10,2.975453580713272,valid,0.4207904563975679,0.4292166727959619,0.42495000000000005,100456
GEN,0.42495,410,410,offspring,0,0,TINYIMAGENET,768,main_b1000_tinyimagenet_alexnet_GEN_kp10_seed456,0.1,0.42495,85,False,0.1,alexnet,False,0,0,2,0.42495,410,1,0.42495,766,10,0,3,0.1,TINYIMAGENET_alexnet_GEN_accuracy_kp1000_seed456,456,8000,768,42,accuracy,100456,0.42495,5,2.975453580713272,10.579916283488274,10,2.975453580713272,valid,0.4207904563975679,0.4292166727959619,0.42495000000000005,100456
GEN,0.42495,410,410,offspring,0,0,TINYIMAGENET,769,main_b1000_tinyimagenet_alexnet_GEN_kp10_seed456,0.1,0.42495,85,False,0.1,alexnet,False,0,0,1,0.42495,758,2,0.42495,765,9,0,4,0.1,TINYIMAGENET_alexnet_GEN_accuracy_kp1000_seed456,456,8000,769,42,accuracy,100456,0.42495,5,2.975453580713272,10.559948213398457,10,2.975453580713272,valid,0.4207904563975679,0.4292166727959619,0.42495000000000005,100456
GEN,0.42495,410,410,offspring,0,0,TINYIMAGENET,770,main_b1000_tinyimagenet_alexnet_GEN_kp10_seed456,0.1,0.42495,85,False,0.1,alexnet,False,0,0,2,0.42495,758,2,0.42495,765,9,0,5,0.1,TINYIMAGENET_alexnet_GEN_accuracy_kp1000_seed456,456,8000,770,42,accuracy,100456,0.42495,5,2.975453580713272,11.106973215937614,10,2.975453580713272,valid,0.4207904563975679,0.4292166727959619,0.42495000000000005,100456
GEN,0.42495,410,410,offspring,0,0,TINYIMAGENET,771,main_b1000_tinyimagenet_alexnet_GEN_kp10_seed456,0.1,0.42495,85,False,0.1,alexnet,False,0,0,1,0.42495,410,1,0.42495,758,2,0,6,0.1,TINYIMAGENET_alexnet_GEN_accuracy_kp1000_seed456,456,8000,771,42,accuracy,100456,0.42495,5,2.975453580713272,11.034996427595615,10,2.975453580713272,valid,0.4207904563975679,0.4292166727959619,0.42495000000000005,100456
GEN,0.42495,410,410,offspring,0,0,TINYIMAGENET,772,main_b1000_tinyimagenet_alexnet_GEN_kp10_seed456,0.1,0.4144,85,False,0.1,alexnet,True,800,400,2,0.42495,410,1,0.42495,758,2,0,7,0.1,TINYIMAGENET_alexnet_GEN_accuracy_kp1000_seed456,456,8000,772,42,accuracy,100456,0.4144,4,2.980425197696686,11.340776115655899,10,2.980425197696686,valid,0.41232536846616497,0.4275851053264765,0.4144,100456
GEN,0.42495,410,410,offspring,0,0,TINYIMAGENET,773,main_b1000_tinyimagenet_alexnet_GEN_kp10_seed456,0.1,0.42495,85,False,0.1,alexnet,False,0,0,1,0.42495,758,2,0.42495,410,1,0,8,0.1,TINYIMAGENET_alexnet_GEN_accuracy_kp1000_seed456,456,8000,773,42,accuracy,100456,0.42495,5,2.975453580713272,11.166285924613476,10,2.975453580713272,valid,0.4207904563975679,0.4292166727959619,0.42495000000000005,100456
GEN,0.42495,410,410,offspring,0,0,TINYIMAGENET,774,main_b1000_tinyimagenet_alexnet_GEN_kp10_seed456,0.1,0.41565,85,False,0.1,alexnet,True,800,400,2,0.42495,758,2,0.42495,410,1,0,9,0.1,TINYIMAGENET_alexnet_GEN_accuracy_kp1000_seed456,456,8000,774,42,accuracy,100456,0.41565,4,2.9679337611198426,11.204442970454693,10,2.9679337611198426,valid,0.4120463185138918,0.4249614333004272,0.41564999999999996,100456
GEN,0.42495,410,410,offspring,0,0,TINYIMAGENET,775,main_b1000_tinyimagenet_alexnet_GEN_kp10_seed456,0.1,0.42495,85,False,0.1,alexnet,False,0,0,1,0.42495,765,9,0.42495,759,3,0,10,0.1,TINYIMAGENET_alexnet_GEN_accuracy_kp1000_seed456,456,8000,775,42,accuracy,100456,0.42495,5,2.975453580713272,11.156759209930897,10,2.975453580713272,valid,0.4207904563975679,0.4292166727959619,0.42495000000000005,100456
GEN,0.42495,410,410,offspring,0,0,TINYIMAGENET,776,main_b1000_tinyimagenet_alexnet_GEN_kp10_seed456,0.1,0.42495,86,False,0.1,alexnet,False,0,0,1,0.42495,770,5,0.42495,773,8,0,2,0.1,TINYIMAGENET_alexnet_GEN_accuracy_kp1000_seed456,456,8000,776,42,accuracy,100456,0.42495,5,2.975453580713272,11.17421655356884,10,2.975453580713272,valid,0.4207904563975679,0.4292166727959619,0.42495000000000005,100456
GEN,0.42495,410,410,offspring,0,0,TINYIMAGENET,777,main_b1000_tinyimagenet_alexnet_GEN_kp10_seed456,0.1,0.42495,86,False,0.1,alexnet,False,0,0,2,0.42495,770,5,0.42495,773,8,0,3,0.1,TINYIMAGENET_alexnet_GEN_accuracy_kp1000_seed456,456,8000,777,42,accuracy,100456,0.42495,5,2.975453580713272,11.205954901874065,10,2.975453580713272,valid,0.4207904563975679,0.4292166727959619,0.42495000000000005,100456
GEN,0.42495,410,410,offspring,0,0,TINYIMAGENET,778,main_b1000_tinyimagenet_alexnet_GEN_kp10_seed456,0.1,0.42495,86,False,0.1,alexnet,False,0,0,1,0.42495,768,3,0.42495,410,1,0,4,0.1,TINYIMAGENET_alexnet_GEN_accuracy_kp1000_seed456,456,8000,778,42,accuracy,100456,0.42495,5,2.975453580713272,11.195916675031185,10,2.975453580713272,valid,0.4207904563975679,0.4292166727959619,0.42495000000000005,100456
GEN,0.42495,410,410,offspring,0,0,TINYIMAGENET,779,main_b1000_tinyimagenet_alexnet_GEN_kp10_seed456,0.1,0.42495,86,False,0.1,alexnet,False,0,0,2,0.42495,768,3,0.42495,410,1,0,5,0.1,TINYIMAGENET_alexnet_GEN_accuracy_kp1000_seed456,456,8000,779,42,accuracy,100456,0.42495,5,2.975453580713272,13.428159698843956,10,2.975453580713272,valid,0.4207904563975679,0.4292166727959619,0.42495000000000005,100456
GEN,0.42495,410,410,offspring,0,0,TINYIMAGENET,780,main_b1000_tinyimagenet_alexnet_GEN_kp10_seed456,0.1,0.42495,86,False,0.1,alexnet,False,0,0,1,0.42495,773,8,0.42495,767,2,0,6,0.1,TINYIMAGENET_alexnet_GEN_accuracy_kp1000_seed456,456,8000,780,42,accuracy,100456,0.42495,5,2.975453580713272,14.067094162106514,10,2.975453580713272,valid,0.4207904563975679,0.4292166727959619,0.42495000000000005,100456
GEN,0.42495,410,410,offspring,0,0,TINYIMAGENET,781,main_b1000_tinyimagenet_alexnet_GEN_kp10_seed456,0.1,0.42495,86,False,0.1,alexnet,False,0,0,2,0.42495,773,8,0.42495,767,2,0,7,0.1,TINYIMAGENET_alexnet_GEN_accuracy_kp1000_seed456,456,8000,781,42,accuracy,100456,0.42495,5,2.975453580713272,14.00997880846262,10,2.975453580713272,valid,0.4207904563975679,0.4292166727959619,0.42495000000000005,100456
GEN,0.42495,410,410,offspring,0,0,TINYIMAGENET,782,main_b1000_tinyimagenet_alexnet_GEN_kp10_seed456,0.1,0.42495,86,False,0.1,alexnet,False,0,0,1,0.42495,773,8,0.42495,767,2,0,8,0.1,TINYIMAGENET_alexnet_GEN_accuracy_kp1000_seed456,456,8000,782,42,accuracy,100456,0.42495,5,2.975453580713272,14.128159426152706,10,2.975453580713272,valid,0.4207904563975679,0.4292166727959619,0.42495000000000005,100456
GEN,0.42495,410,410,offspring,0,0,TINYIMAGENET,783,main_b1000_tinyimagenet_alexnet_GEN_kp10_seed456,0.1,0.42495,86,False,0.1,alexnet,False,0,0,2,0.42495,773,8,0.42495,767,2,0,9,0.1,TINYIMAGENET_alexnet_GEN_accuracy_kp1000_seed456,456,8000,783,42,accuracy,100456,0.42495,5,2.975453580713272,13.979837246239185,10,2.975453580713272,valid,0.4207904563975679,0.4292166727959619,0.42495000000000005,100456
GEN,0.42495,410,410,offspring,0,0,TINYIMAGENET,784,main_b1000_tinyimagenet_alexnet_GEN_kp10_seed456,0.1,0.42495,86,False,0.1,alexnet,False,0,0,1,0.42495,770,5,0.42495,775,10,0,10,0.1,TINYIMAGENET_alexnet_GEN_accuracy_kp1000_seed456,456,8000,784,42,accuracy,100456,0.42495,5,2.975453580713272,13.953430615365505,10,2.975453580713272,valid,0.4207904563975679,0.4292166727959619,0.42495000000000005,100456
GEN,0.42495,410,410,offspring,0,0,TINYIMAGENET,785,main_b1000_tinyimagenet_alexnet_GEN_kp10_seed456,0.1,0.42495,87,False,0.1,alexnet,False,0,0,1,0.42495,780,6,0.42495,781,7,0,2,0.1,TINYIMAGENET_alexnet_GEN_accuracy_kp1000_seed456,456,8000,785,42,accuracy,100456,0.42495,5,2.975453580713272,14.171607464551926,10,2.975453580713272,valid,0.4207904563975679,0.4292166727959619,0.42495000000000005,100456
GEN,0.42495,410,410,offspring,0,0,TINYIMAGENET,786,main_b1000_tinyimagenet_alexnet_GEN_kp10_seed456,0.1,0.41785,87,False,0.1,alexnet,True,800,400,2,0.42495,780,6,0.42495,781,7,0,3,0.1,TINYIMAGENET_alexnet_GEN_accuracy_kp1000_seed456,456,8000,786,42,accuracy,100456,0.41785,4,2.9767947385787963,14.060461401939392,10,2.9767947385787963,valid,0.4144843594998467,0.42847930989691896,0.41784999999999994,100456
GEN,0.42495,410,410,offspring,0,0,TINYIMAGENET,787,main_b1000_tinyimagenet_alexnet_GEN_kp10_seed456,0.1,0.42495,87,False,0.1,alexnet,False,0,0,1,0.42495,410,1,0.42495,778,4,0,4,0.1,TINYIMAGENET_alexnet_GEN_accuracy_kp1000_seed456,456,8000,787,42,accuracy,100456,0.42495,5,2.975453580713272,14.02838446199894,10,2.975453580713272,valid,0.4207904563975679,0.4292166727959619,0.42495000000000005,100456
GEN,0.42495,410,410,offspring,0,0,TINYIMAGENET,788,main_b1000_tinyimagenet_alexnet_GEN_kp10_seed456,0.1,0.4128,87,False,0.1,alexnet,True,800,400,2,0.42495,410,1,0.42495,778,4,0,5,0.1,TINYIMAGENET_alexnet_GEN_accuracy_kp1000_seed456,456,8000,788,42,accuracy,100456,0.4128,4,2.9722605165958407,13.926491007208824,10,2.9722605165958407,valid,0.40915924050911195,0.42509155465695975,0.4128,100456
GEN,0.42495,410,410,offspring,0,0,TINYIMAGENET,789,main_b1000_tinyimagenet_alexnet_GEN_kp10_seed456,0.1,0.42495,87,False,0.1,alexnet,False,0,0,1,0.42495,784,10,0.42495,410,1,0,6,0.1,TINYIMAGENET_alexnet_GEN_accuracy_kp1000_seed456,456,8000,789,42,accuracy,100456,0.42495,5,2.975453580713272,13.784640371799469,10,2.975453580713272,valid,0.4207904563975679,0.4292166727959619,0.42495000000000005,100456
GEN,0.42495,410,410,offspring,0,0,TINYIMAGENET,790,main_b1000_tinyimagenet_alexnet_GEN_kp10_seed456,0.1,0.42495,87,False,0.1,alexnet,False,0,0,2,0.42495,784,10,0.42495,410,1,0,7,0.1,TINYIMAGENET_alexnet_GEN_accuracy_kp1000_seed456,456,8000,790,42,accuracy,100456,0.42495,5,2.975453580713272,14.02886313199997,10,2.975453580713272,valid,0.4207904563975679,0.4292166727959619,0.42495000000000005,100456
GEN,0.42495,410,410,offspring,0,0,TINYIMAGENET,791,main_b1000_tinyimagenet_alexnet_GEN_kp10_seed456,0.1,0.42495,87,False,0.1,alexnet,False,0,0,1,0.42495,783,9,0.42495,777,3,0,8,0.1,TINYIMAGENET_alexnet_GEN_accuracy_kp1000_seed456,456,8000,791,42,accuracy,100456,0.42495,5,2.975453580713272,14.19232377409935,10,2.975453580713272,valid,0.4207904563975679,0.4292166727959619,0.42495000000000005,100456
GEN,0.42495,410,410,offspring,0,0,TINYIMAGENET,792,main_b1000_tinyimagenet_alexnet_GEN_kp10_seed456,0.1,0.42495,87,False,0.1,alexnet,False,0,0,2,0.42495,783,9,0.42495,777,3,0,9,0.1,TINYIMAGENET_alexnet_GEN_accuracy_kp1000_seed456,456,8000,792,42,accuracy,100456,0.42495,5,2.975453580713272,13.975454069674015,10,2.975453580713272,valid,0.4207904563975679,0.4292166727959619,0.42495000000000005,100456
GEN,0.42495,410,410,offspring,0,0,TINYIMAGENET,793,main_b1000_tinyimagenet_alexnet_GEN_kp10_seed456,0.1,0.4182,87,False,0.1,alexnet,True,800,400,1,0.42495,780,6,0.42495,779,5,0,10,0.1,TINYIMAGENET_alexnet_GEN_accuracy_kp1000_seed456,456,8000,793,42,accuracy,100456,0.4182,4,2.962323793888092,13.961415149271488,10,2.962323793888092,valid,0.4127915260297321,0.42421354374758885,0.41820000000000007,100456
GEN,0.42495,410,410,offspring,0,0,TINYIMAGENET,794,main_b1000_tinyimagenet_alexnet_GEN_kp10_seed456,0.1,0.42495,88,False,0.1,alexnet,False,0,0,1,0.42495,410,1,0.42495,789,6,0,2,0.1,TINYIMAGENET_alexnet_GEN_accuracy_kp1000_seed456,456,8000,794,42,accuracy,100456,0.42495,5,2.975453580713272,13.391629993915558,10,2.975453580713272,valid,0.4207904563975679,0.4292166727959619,0.42495000000000005,100456
GEN,0.42495,410,410,offspring,0,0,TINYIMAGENET,795,main_b1000_tinyimagenet_alexnet_GEN_kp10_seed456,0.1,0.42495,88,False,0.1,alexnet,False,0,0,2,0.42495,410,1,0.42495,789,6,0,3,0.1,TINYIMAGENET_alexnet_GEN_accuracy_kp1000_seed456,456,8000,795,42,accuracy,100456,0.42495,5,2.975453580713272,14.104418396949768,10,2.975453580713272,valid,0.4207904563975679,0.4292166727959619,0.42495000000000005,100456
GEN,0.42495,410,410,offspring,0,0,TINYIMAGENET,796,main_b1000_tinyimagenet_alexnet_GEN_kp10_seed456,0.1,0.42495,88,False,0.1,alexnet,False,0,0,1,0.42495,410,1,0.42495,785,2,0,4,0.1,TINYIMAGENET_alexnet_GEN_accuracy_kp1000_seed456,456,8000,796,42,accuracy,100456,0.42495,5,2.975453580713272,14.078260719776154,10,2.975453580713272,valid,0.4207904563975679,0.4292166727959619,0.42495000000000005,100456
GEN,0.42495,410,410,offspring,0,0,TINYIMAGENET,797,main_b1000_tinyimagenet_alexnet_GEN_kp10_seed456,0.1,0.42495,88,False,0.1,alexnet,False,0,0,2,0.42495,410,1,0.42495,785,2,0,5,0.1,TINYIMAGENET_alexnet_GEN_accuracy_kp1000_seed456,456,8000,797,42,accuracy,100456,0.42495,5,2.975453580713272,14.011684492230415,10,2.975453580713272,valid,0.4207904563975679,0.4292166727959619,0.42495000000000005,100456
GEN,0.42495,410,410,offspring,0,0,TINYIMAGENET,798,main_b1000_tinyimagenet_alexnet_GEN_kp10_seed456,0.1,0.42495,88,False,0.1,alexnet,False,0,0,1,0.42495,787,4,0.42495,792,9,0,6,0.1,TINYIMAGENET_alexnet_GEN_accuracy_kp1000_seed456,456,8000,798,42,accuracy,100456,0.42495,5,2.975453580713272,14.004061333835125,10,2.975453580713272,valid,0.4207904563975679,0.4292166727959619,0.42495000000000005,100456
GEN,0.42495,410,410,offspring,0,0,TINYIMAGENET,799,main_b1000_tinyimagenet_alexnet_GEN_kp10_seed456,0.1,0.42495,88,False,0.1,alexnet,False,0,0,2,0.42495,787,4,0.42495,792,9,0,7,0.1,TINYIMAGENET_alexnet_GEN_accuracy_kp1000_seed456,456,8000,799,42,accuracy,100456,0.42495,5,2.975453580713272,14.080234356224537,10,2.975453580713272,valid,0.4207904563975679,0.4292166727959619,0.42495000000000005,100456
GEN,0.42495,410,410,offspring,0,0,TINYIMAGENET,800,main_b1000_tinyimagenet_alexnet_GEN_kp10_seed456,0.1,0.42495,88,False,0.1,alexnet,False,0,0,1,0.42495,787,4,0.42495,791,8,0,8,0.1,TINYIMAGENET_alexnet_GEN_accuracy_kp1000_seed456,456,8000,800,42,accuracy,100456,0.42495,5,2.975453580713272,13.891448765993118,10,2.975453580713272,valid,0.4207904563975679,0.4292166727959619,0.42495000000000005,100456
GEN,0.42495,410,410,offspring,0,0,TINYIMAGENET,801,main_b1000_tinyimagenet_alexnet_GEN_kp10_seed456,0.1,0.42495,88,False,0.1,alexnet,False,0,0,2,0.42495,787,4,0.42495,791,8,0,9,0.1,TINYIMAGENET_alexnet_GEN_accuracy_kp1000_seed456,456,8000,801,42,accuracy,100456,0.42495,5,2.975453580713272,14.01506020128727,10,2.975453580713272,valid,0.4207904563975679,0.4292166727959619,0.42495000000000005,100456
GEN,0.42495,410,410,offspring,0,0,TINYIMAGENET,802,main_b1000_tinyimagenet_alexnet_GEN_kp10_seed456,0.1,0.42495,88,False,0.1,alexnet,False,0,0,1,0.42495,790,7,0.42495,410,1,0,10,0.1,TINYIMAGENET_alexnet_GEN_accuracy_kp1000_seed456,456,8000,802,42,accuracy,100456,0.42495,5,2.975453580713272,14.097263388335705,10,2.975453580713272,valid,0.4207904563975679,0.4292166727959619,0.42495000000000005,100456
GEN,0.42495,410,410,offspring,0,0,TINYIMAGENET,803,main_b1000_tinyimagenet_alexnet_GEN_kp10_seed456,0.1,0.42495,89,False,0.1,alexnet,False,0,0,1,0.42495,795,3,0.42495,797,5,0,2,0.1,TINYIMAGENET_alexnet_GEN_accuracy_kp1000_seed456,456,8000,803,42,accuracy,100456,0.42495,5,2.975453580713272,14.074752002954483,10,2.975453580713272,valid,0.4207904563975679,0.4292166727959619,0.42495000000000005,100456
GEN,0.42495,410,410,offspring,0,0,TINYIMAGENET,804,main_b1000_tinyimagenet_alexnet_GEN_kp10_seed456,0.1,0.42495,89,False,0.1,alexnet,False,0,0,2,0.42495,795,3,0.42495,797,5,0,3,0.1,TINYIMAGENET_alexnet_GEN_accuracy_kp1000_seed456,456,8000,804,42,accuracy,100456,0.42495,5,2.975453580713272,13.905079439282417,10,2.975453580713272,valid,0.4207904563975679,0.4292166727959619,0.42495000000000005,100456
GEN,0.42495,410,410,offspring,0,0,TINYIMAGENET,805,main_b1000_tinyimagenet_alexnet_GEN_kp10_seed456,0.1,0.42495,89,False,0.1,alexnet,False,0,0,1,0.42495,798,6,0.42495,797,5,0,4,0.1,TINYIMAGENET_alexnet_GEN_accuracy_kp1000_seed456,456,8000,805,42,accuracy,100456,0.42495,5,2.975453580713272,13.716876164078712,10,2.975453580713272,valid,0.4207904563975679,0.4292166727959619,0.42495000000000005,100456
GEN,0.42495,410,410,offspring,0,0,TINYIMAGENET,806,main_b1000_tinyimagenet_alexnet_GEN_kp10_seed456,0.1,0.42495,89,False,0.1,alexnet,False,0,0,2,0.42495,798,6,0.42495,797,5,0,5,0.1,TINYIMAGENET_alexnet_GEN_accuracy_kp1000_seed456,456,8000,806,42,accuracy,100456,0.42495,5,2.975453580713272,13.798645831644535,10,2.975453580713272,valid,0.4207904563975679,0.4292166727959619,0.42495000000000005,100456
GEN,0.42495,410,410,offspring,0,0,TINYIMAGENET,807,main_b1000_tinyimagenet_alexnet_GEN_kp10_seed456,0.1,0.42495,89,False,0.1,alexnet,False,0,0,1,0.42495,795,3,0.42495,794,2,0,6,0.1,TINYIMAGENET_alexnet_GEN_accuracy_kp1000_seed456,456,8000,807,42,accuracy,100456,0.42495,5,2.975453580713272,13.676495932042599,10,2.975453580713272,valid,0.4207904563975679,0.4292166727959619,0.42495000000000005,100456
GEN,0.42495,410,410,offspring,0,0,TINYIMAGENET,808,main_b1000_tinyimagenet_alexnet_GEN_kp10_seed456,0.1,0.42495,89,False,0.1,alexnet,False,0,0,2,0.42495,795,3,0.42495,794,2,0,7,0.1,TINYIMAGENET_alexnet_GEN_accuracy_kp1000_seed456,456,8000,808,42,accuracy,100456,0.42495,5,2.975453580713272,13.640685558319092,10,2.975453580713272,valid,0.4207904563975679,0.4292166727959619,0.42495000000000005,100456
GEN,0.42495,410,410,offspring,0,0,TINYIMAGENET,809,main_b1000_tinyimagenet_alexnet_GEN_kp10_seed456,0.1,0.42495,89,False,0.1,alexnet,False,0,0,1,0.42495,795,3,0.42495,800,8,0,8,0.1,TINYIMAGENET_alexnet_GEN_accuracy_kp1000_seed456,456,8000,809,42,accuracy,100456,0.42495,5,2.975453580713272,14.038236379623413,10,2.975453580713272,valid,0.4207904563975679,0.4292166727959619,0.42495000000000005,100456
GEN,0.42495,410,410,offspring,0,0,TINYIMAGENET,810,main_b1000_tinyimagenet_alexnet_GEN_kp10_seed456,0.1,0.42495,89,False,0.1,alexnet,False,0,0,2,0.42495,795,3,0.42495,800,8,0,9,0.1,TINYIMAGENET_alexnet_GEN_accuracy_kp1000_seed456,456,8000,810,42,accuracy,100456,0.42495,5,2.975453580713272,14.221005834639072,10,2.975453580713272,valid,0.4207904563975679,0.4292166727959619,0.42495000000000005,100456
GEN,0.42495,410,410,offspring,0,0,TINYIMAGENET,811,main_b1000_tinyimagenet_alexnet_GEN_kp10_seed456,0.1,0.42495,89,False,0.1,alexnet,False,0,0,1,0.42495,410,1,0.42495,796,4,0,10,0.1,TINYIMAGENET_alexnet_GEN_accuracy_kp1000_seed456,456,8000,811,42,accuracy,100456,0.42495,5,2.975453580713272,14.198936849832535,10,2.975453580713272,valid,0.4207904563975679,0.4292166727959619,0.42495000000000005,100456
GEN,0.42495,410,410,offspring,0,0,TINYIMAGENET,812,main_b1000_tinyimagenet_alexnet_GEN_kp10_seed456,0.1,0.41695,90,False,0.1,alexnet,True,800,400,1,0.42495,810,9,0.42495,806,5,0,2,0.1,TINYIMAGENET_alexnet_GEN_accuracy_kp1000_seed456,456,8000,812,42,accuracy,100456,0.41695,4,2.9634441177368163,14.14689365774393,10,2.9634441177368163,valid,0.41380545652495754,0.42491096625427366,0.41695,100456
GEN,0.42495,410,410,offspring,0,0,TINYIMAGENET,813,main_b1000_tinyimagenet_alexnet_GEN_kp10_seed456,0.1,0.42495,90,False,0.1,alexnet,False,0,0,2,0.42495,810,9,0.42495,806,5,0,3,0.1,TINYIMAGENET_alexnet_GEN_accuracy_kp1000_seed456,456,8000,813,42,accuracy,100456,0.42495,5,2.975453580713272,14.090325206518173,10,2.975453580713272,valid,0.4207904563975679,0.4292166727959619,0.42495000000000005,100456
GEN,0.42495,410,410,offspring,0,0,TINYIMAGENET,814,main_b1000_tinyimagenet_alexnet_GEN_kp10_seed456,0.1,0.42495,90,False,0.1,alexnet,False,0,0,1,0.42495,804,3,0.42495,810,9,0,4,0.1,TINYIMAGENET_alexnet_GEN_accuracy_kp1000_seed456,456,8000,814,42,accuracy,100456,0.42495,5,2.975453580713272,14.02794773131609,10,2.975453580713272,valid,0.4207904563975679,0.4292166727959619,0.42495000000000005,100456
GEN,0.42495,410,410,offspring,0,0,TINYIMAGENET,815,main_b1000_tinyimagenet_alexnet_GEN_kp10_seed456,0.1,0.42495,90,False,0.1,alexnet,False,0,0,2,0.42495,804,3,0.42495,810,9,0,5,0.1,TINYIMAGENET_alexnet_GEN_accuracy_kp1000_seed456,456,8000,815,42,accuracy,100456,0.42495,5,2.975453580713272,13.994289569556713,10,2.975453580713272,valid,0.4207904563975679,0.4292166727959619,0.42495000000000005,100456
GEN,0.42495,410,410,offspring,0,0,TINYIMAGENET,816,main_b1000_tinyimagenet_alexnet_GEN_kp10_seed456,0.1,0.42495,90,False,0.1,alexnet,False,0,0,1,0.42495,803,2,0.42495,807,6,0,6,0.1,TINYIMAGENET_alexnet_GEN_accuracy_kp1000_seed456,456,8000,816,42,accuracy,100456,0.42495,5,2.975453580713272,14.009476527571678,10,2.975453580713272,valid,0.4207904563975679,0.4292166727959619,0.42495000000000005,100456
GEN,0.42495,410,410,offspring,0,0,TINYIMAGENET,817,main_b1000_tinyimagenet_alexnet_GEN_kp10_seed456,0.1,0.42495,90,False,0.1,alexnet,False,0,0,2,0.42495,803,2,0.42495,807,6,0,7,0.1,TINYIMAGENET_alexnet_GEN_accuracy_kp1000_seed456,456,8000,817,42,accuracy,100456,0.42495,5,2.975453580713272,14.011931486427784,10,2.975453580713272,valid,0.4207904563975679,0.4292166727959619,0.42495000000000005,100456
GEN,0.42495,410,410,offspring,0,0,TINYIMAGENET,818,main_b1000_tinyimagenet_alexnet_GEN_kp10_seed456,0.1,0.42495,90,False,0.1,alexnet,False,0,0,1,0.42495,805,4,0.42495,806,5,0,8,0.1,TINYIMAGENET_alexnet_GEN_accuracy_kp1000_seed456,456,8000,818,42,accuracy,100456,0.42495,5,2.975453580713272,14.020609773695469,10,2.975453580713272,valid,0.4207904563975679,0.4292166727959619,0.42495000000000005,100456
GEN,0.42495,410,410,offspring,0,0,TINYIMAGENET,819,main_b1000_tinyimagenet_alexnet_GEN_kp10_seed456,0.1,0.42495,90,False,0.1,alexnet,False,0,0,2,0.42495,805,4,0.42495,806,5,0,9,0.1,TINYIMAGENET_alexnet_GEN_accuracy_kp1000_seed456,456,8000,819,42,accuracy,100456,0.42495,5,2.975453580713272,13.926898390054703,10,2.975453580713272,valid,0.4207904563975679,0.4292166727959619,0.42495000000000005,100456
GEN,0.42495,410,410,offspring,0,0,TINYIMAGENET,820,main_b1000_tinyimagenet_alexnet_GEN_kp10_seed456,0.1,0.42495,90,False,0.1,alexnet,False,0,0,1,0.42495,808,7,0.42495,809,8,0,10,0.1,TINYIMAGENET_alexnet_GEN_accuracy_kp1000_seed456,456,8000,820,42,accuracy,100456,0.42495,5,2.975453580713272,14.022933945059776,10,2.975453580713272,valid,0.4207904563975679,0.4292166727959619,0.42495000000000005,100456
GEN,0.42495,410,410,offspring,0,0,TINYIMAGENET,821,main_b1000_tinyimagenet_alexnet_GEN_kp10_seed456,0.1,0.42495,91,False,0.1,alexnet,False,0,0,1,0.42495,819,9,0.42495,813,3,0,2,0.1,TINYIMAGENET_alexnet_GEN_accuracy_kp1000_seed456,456,8000,821,42,accuracy,100456,0.42495,5,2.975453580713272,14.000667952001095,10,2.975453580713272,valid,0.4207904563975679,0.4292166727959619,0.42495000000000005,100456
GEN,0.42495,410,410,offspring,0,0,TINYIMAGENET,822,main_b1000_tinyimagenet_alexnet_GEN_kp10_seed456,0.1,0.42495,91,False,0.1,alexnet,False,0,0,2,0.42495,819,9,0.42495,813,3,0,3,0.1,TINYIMAGENET_alexnet_GEN_accuracy_kp1000_seed456,456,8000,822,42,accuracy,100456,0.42495,5,2.975453580713272,14.012836568057537,10,2.975453580713272,valid,0.4207904563975679,0.4292166727959619,0.42495000000000005,100456
GEN,0.42495,410,410,offspring,0,0,TINYIMAGENET,823,main_b1000_tinyimagenet_alexnet_GEN_kp10_seed456,0.1,0.42495,91,False,0.1,alexnet,False,0,0,1,0.42495,813,3,0.42495,816,6,0,4,0.1,TINYIMAGENET_alexnet_GEN_accuracy_kp1000_seed456,456,8000,823,42,accuracy,100456,0.42495,5,2.975453580713272,14.037727773189545,10,2.975453580713272,valid,0.4207904563975679,0.4292166727959619,0.42495000000000005,100456
GEN,0.42495,410,410,offspring,0,0,TINYIMAGENET,824,main_b1000_tinyimagenet_alexnet_GEN_kp10_seed456,0.1,0.42495,91,False,0.1,alexnet,False,0,0,2,0.42495,813,3,0.42495,816,6,0,5,0.1,TINYIMAGENET_alexnet_GEN_accuracy_kp1000_seed456,456,8000,824,42,accuracy,100456,0.42495,5,2.975453580713272,13.931509830057621,10,2.975453580713272,valid,0.4207904563975679,0.4292166727959619,0.42495000000000005,100456
GEN,0.42495,410,410,offspring,0,0,TINYIMAGENET,825,main_b1000_tinyimagenet_alexnet_GEN_kp10_seed456,0.1,0.42495,91,False,0.1,alexnet,False,0,0,1,0.42495,819,9,0.42495,820,10,0,6,0.1,TINYIMAGENET_alexnet_GEN_accuracy_kp1000_seed456,456,8000,825,42,accuracy,100456,0.42495,5,2.975453580713272,13.952735751867294,10,2.975453580713272,valid,0.4207904563975679,0.4292166727959619,0.42495000000000005,100456
GEN,0.42495,410,410,offspring,0,0,TINYIMAGENET,826,main_b1000_tinyimagenet_alexnet_GEN_kp10_seed456,0.1,0.42495,91,False,0.1,alexnet,False,0,0,2,0.42495,819,9,0.42495,820,10,0,7,0.1,TINYIMAGENET_alexnet_GEN_accuracy_kp1000_seed456,456,8000,826,42,accuracy,100456,0.42495,5,2.975453580713272,14.158570036292076,10,2.975453580713272,valid,0.4207904563975679,0.4292166727959619,0.42495000000000005,100456
GEN,0.42495,410,410,offspring,0,0,TINYIMAGENET,827,main_b1000_tinyimagenet_alexnet_GEN_kp10_seed456,0.1,0.42495,91,False,0.1,alexnet,False,0,0,1,0.42495,410,1,0.42495,816,6,0,8,0.1,TINYIMAGENET_alexnet_GEN_accuracy_kp1000_seed456,456,8000,827,42,accuracy,100456,0.42495,5,2.975453580713272,14.149831883609295,10,2.975453580713272,valid,0.4207904563975679,0.4292166727959619,0.42495000000000005,100456
GEN,0.42495,410,410,offspring,0,0,TINYIMAGENET,828,main_b1000_tinyimagenet_alexnet_GEN_kp10_seed456,0.1,0.42495,91,False,0.1,alexnet,False,0,0,2,0.42495,410,1,0.42495,816,6,0,9,0.1,TINYIMAGENET_alexnet_GEN_accuracy_kp1000_seed456,456,8000,828,42,accuracy,100456,0.42495,5,2.975453580713272,14.06165013462305,10,2.975453580713272,valid,0.4207904563975679,0.4292166727959619,0.42495000000000005,100456
GEN,0.42495,410,410,offspring,0,0,TINYIMAGENET,829,main_b1000_tinyimagenet_alexnet_GEN_kp10_seed456,0.1,0.42495,91,False,0.1,alexnet,False,0,0,1,0.42495,815,5,0.42495,816,6,0,10,0.1,TINYIMAGENET_alexnet_GEN_accuracy_kp1000_seed456,456,8000,829,42,accuracy,100456,0.42495,5,2.975453580713272,14.176119945943356,10,2.975453580713272,valid,0.4207904563975679,0.4292166727959619,0.42495000000000005,100456
GEN,0.42495,410,410,offspring,0,0,TINYIMAGENET,830,main_b1000_tinyimagenet_alexnet_GEN_kp10_seed456,0.1,0.42495,92,False,0.1,alexnet,False,0,0,1,0.42495,823,4,0.42495,821,2,0,2,0.1,TINYIMAGENET_alexnet_GEN_accuracy_kp1000_seed456,456,8000,830,42,accuracy,100456,0.42495,5,2.975453580713272,14.14545039087534,10,2.975453580713272,valid,0.4207904563975679,0.4292166727959619,0.42495000000000005,100456
GEN,0.42495,410,410,offspring,0,0,TINYIMAGENET,831,main_b1000_tinyimagenet_alexnet_GEN_kp10_seed456,0.1,0.42495,92,False,0.1,alexnet,False,0,0,2,0.42495,823,4,0.42495,821,2,0,3,0.1,TINYIMAGENET_alexnet_GEN_accuracy_kp1000_seed456,456,8000,831,42,accuracy,100456,0.42495,5,2.975453580713272,14.125800758600235,10,2.975453580713272,valid,0.4207904563975679,0.4292166727959619,0.42495000000000005,100456
GEN,0.42495,410,410,offspring,0,0,TINYIMAGENET,832,main_b1000_tinyimagenet_alexnet_GEN_kp10_seed456,0.1,0.41915,92,False,0.1,alexnet,True,800,400,1,0.42495,824,5,0.42495,821,2,0,4,0.1,TINYIMAGENET_alexnet_GEN_accuracy_kp1000_seed456,456,8000,832,42,accuracy,100456,0.41915,5,2.969574577331543,14.16035570204258,10,2.969574577331543,valid,0.4152609694506129,0.42224949961470776,0.4191499999999999,100456
GEN,0.42495,410,410,offspring,0,0,TINYIMAGENET,833,main_b1000_tinyimagenet_alexnet_GEN_kp10_seed456,0.1,0.42495,92,False,0.1,alexnet,False,0,0,2,0.42495,824,5,0.42495,821,2,0,5,0.1,TINYIMAGENET_alexnet_GEN_accuracy_kp1000_seed456,456,8000,833,42,accuracy,100456,0.42495,5,2.975453580713272,14.020783089101315,10,2.975453580713272,valid,0.4207904563975679,0.4292166727959619,0.42495000000000005,100456
GEN,0.42495,410,410,offspring,0,0,TINYIMAGENET,834,main_b1000_tinyimagenet_alexnet_GEN_kp10_seed456,0.1,0.42495,92,False,0.1,alexnet,False,0,0,1,0.42495,827,8,0.42495,829,10,0,6,0.1,TINYIMAGENET_alexnet_GEN_accuracy_kp1000_seed456,456,8000,834,42,accuracy,100456,0.42495,5,2.975453580713272,14.238615244626999,10,2.975453580713272,valid,0.4207904563975679,0.4292166727959619,0.42495000000000005,100456
GEN,0.42495,410,410,offspring,0,0,TINYIMAGENET,835,main_b1000_tinyimagenet_alexnet_GEN_kp10_seed456,0.1,0.42495,92,False,0.1,alexnet,False,0,0,2,0.42495,827,8,0.42495,829,10,0,7,0.1,TINYIMAGENET_alexnet_GEN_accuracy_kp1000_seed456,456,8000,835,42,accuracy,100456,0.42495,5,2.975453580713272,14.171867229044437,10,2.975453580713272,valid,0.4207904563975679,0.4292166727959619,0.42495000000000005,100456
GEN,0.42495,410,410,offspring,0,0,TINYIMAGENET,836,main_b1000_tinyimagenet_alexnet_GEN_kp10_seed456,0.1,0.42495,92,False,0.1,alexnet,False,0,0,1,0.42495,828,9,0.42495,826,7,0,8,0.1,TINYIMAGENET_alexnet_GEN_accuracy_kp1000_seed456,456,8000,836,42,accuracy,100456,0.42495,5,2.975453580713272,14.2478067278862,10,2.975453580713272,valid,0.4207904563975679,0.4292166727959619,0.42495000000000005,100456
GEN,0.42495,410,410,offspring,0,0,TINYIMAGENET,837,main_b1000_tinyimagenet_alexnet_GEN_kp10_seed456,0.1,0.42495,92,False,0.1,alexnet,False,0,0,2,0.42495,828,9,0.42495,826,7,0,9,0.1,TINYIMAGENET_alexnet_GEN_accuracy_kp1000_seed456,456,8000,837,42,accuracy,100456,0.42495,5,2.975453580713272,14.098540619015694,10,2.975453580713272,valid,0.4207904563975679,0.4292166727959619,0.42495000000000005,100456
GEN,0.42495,410,410,offspring,0,0,TINYIMAGENET,838,main_b1000_tinyimagenet_alexnet_GEN_kp10_seed456,0.1,0.42495,92,False,0.1,alexnet,False,0,0,1,0.42495,826,7,0.42495,827,8,0,10,0.1,TINYIMAGENET_alexnet_GEN_accuracy_kp1000_seed456,456,8000,838,42,accuracy,100456,0.42495,5,2.975453580713272,14.181681640446186,10,2.975453580713272,valid,0.4207904563975679,0.4292166727959619,0.42495000000000005,100456
GEN,0.42495,410,410,offspring,0,0,TINYIMAGENET,839,main_b1000_tinyimagenet_alexnet_GEN_kp10_seed456,0.1,0.42495,93,False,0.1,alexnet,False,0,0,1,0.42495,836,8,0.42495,831,3,0,2,0.1,TINYIMAGENET_alexnet_GEN_accuracy_kp1000_seed456,456,8000,839,42,accuracy,100456,0.42495,5,2.975453580713272,14.177679799497128,10,2.975453580713272,valid,0.4207904563975679,0.4292166727959619,0.42495000000000005,100456
GEN,0.42495,410,410,offspring,0,0,TINYIMAGENET,840,main_b1000_tinyimagenet_alexnet_GEN_kp10_seed456,0.1,0.42495,93,False,0.1,alexnet,False,0,0,2,0.42495,836,8,0.42495,831,3,0,3,0.1,TINYIMAGENET_alexnet_GEN_accuracy_kp1000_seed456,456,8000,840,42,accuracy,100456,0.42495,5,2.975453580713272,14.152766697108746,10,2.975453580713272,valid,0.4207904563975679,0.4292166727959619,0.42495000000000005,100456
GEN,0.42495,410,410,offspring,0,0,TINYIMAGENET,841,main_b1000_tinyimagenet_alexnet_GEN_kp10_seed456,0.1,0.42495,93,False,0.1,alexnet,False,0,0,1,0.42495,836,8,0.42495,837,9,0,4,0.1,TINYIMAGENET_alexnet_GEN_accuracy_kp1000_seed456,456,8000,841,42,accuracy,100456,0.42495,5,2.975453580713272,14.18014582246542,10,2.975453580713272,valid,0.4207904563975679,0.4292166727959619,0.42495000000000005,100456
GEN,0.42495,410,410,offspring,0,0,TINYIMAGENET,842,main_b1000_tinyimagenet_alexnet_GEN_kp10_seed456,0.1,0.42495,93,False,0.1,alexnet,False,0,0,2,0.42495,836,8,0.42495,837,9,0,5,0.1,TINYIMAGENET_alexnet_GEN_accuracy_kp1000_seed456,456,8000,842,42,accuracy,100456,0.42495,5,2.975453580713272,14.13479184359312,10,2.975453580713272,valid,0.4207904563975679,0.4292166727959619,0.42495000000000005,100456
GEN,0.42495,410,410,offspring,0,0,TINYIMAGENET,843,main_b1000_tinyimagenet_alexnet_GEN_kp10_seed456,0.1,0.42495,93,False,0.1,alexnet,False,0,0,1,0.42495,838,10,0.42495,837,9,0,6,0.1,TINYIMAGENET_alexnet_GEN_accuracy_kp1000_seed456,456,8000,843,42,accuracy,100456,0.42495,5,2.975453580713272,14.315210796892643,10,2.975453580713272,valid,0.4207904563975679,0.4292166727959619,0.42495000000000005,100456
GEN,0.42495,410,410,offspring,0,0,TINYIMAGENET,844,main_b1000_tinyimagenet_alexnet_GEN_kp10_seed456,0.1,0.42495,93,False,0.1,alexnet,False,0,0,2,0.42495,838,10,0.42495,837,9,0,7,0.1,TINYIMAGENET_alexnet_GEN_accuracy_kp1000_seed456,456,8000,844,42,accuracy,100456,0.42495,5,2.975453580713272,14.172849148511887,10,2.975453580713272,valid,0.4207904563975679,0.4292166727959619,0.42495000000000005,100456
GEN,0.42495,410,410,offspring,0,0,TINYIMAGENET,845,main_b1000_tinyimagenet_alexnet_GEN_kp10_seed456,0.1,0.42495,93,False,0.1,alexnet,False,0,0,1,0.42495,830,2,0.42495,831,3,0,8,0.1,TINYIMAGENET_alexnet_GEN_accuracy_kp1000_seed456,456,8000,845,42,accuracy,100456,0.42495,5,2.975453580713272,14.190866507589817,10,2.975453580713272,valid,0.4207904563975679,0.4292166727959619,0.42495000000000005,100456
GEN,0.42495,410,410,offspring,0,0,TINYIMAGENET,846,main_b1000_tinyimagenet_alexnet_GEN_kp10_seed456,0.1,0.42495,93,False,0.1,alexnet,False,0,0,2,0.42495,830,2,0.42495,831,3,0,9,0.1,TINYIMAGENET_alexnet_GEN_accuracy_kp1000_seed456,456,8000,846,42,accuracy,100456,0.42495,5,2.975453580713272,14.148021012544632,10,2.975453580713272,valid,0.4207904563975679,0.4292166727959619,0.42495000000000005,100456
GEN,0.42495,410,410,offspring,0,0,TINYIMAGENET,847,main_b1000_tinyimagenet_alexnet_GEN_kp10_seed456,0.1,0.42495,93,False,0.1,alexnet,False,0,0,1,0.42495,837,9,0.42495,830,2,0,10,0.1,TINYIMAGENET_alexnet_GEN_accuracy_kp1000_seed456,456,8000,847,42,accuracy,100456,0.42495,5,2.975453580713272,13.670291781425476,10,2.975453580713272,valid,0.4207904563975679,0.4292166727959619,0.42495000000000005,100456
GEN,0.42495,410,410,offspring,0,0,TINYIMAGENET,848,main_b1000_tinyimagenet_alexnet_GEN_kp10_seed456,0.1,0.42495,94,False,0.1,alexnet,False,0,0,1,0.42495,844,7,0.42495,845,8,0,2,0.1,TINYIMAGENET_alexnet_GEN_accuracy_kp1000_seed456,456,8000,848,42,accuracy,100456,0.42495,5,2.975453580713272,14.245408423244953,10,2.975453580713272,valid,0.4207904563975679,0.4292166727959619,0.42495000000000005,100456
GEN,0.42495,410,410,offspring,0,0,TINYIMAGENET,849,main_b1000_tinyimagenet_alexnet_GEN_kp10_seed456,0.1,0.42495,94,False,0.1,alexnet,False,0,0,2,0.42495,844,7,0.42495,845,8,0,3,0.1,TINYIMAGENET_alexnet_GEN_accuracy_kp1000_seed456,456,8000,849,42,accuracy,100456,0.42495,5,2.975453580713272,14.13909162580967,10,2.975453580713272,valid,0.4207904563975679,0.4292166727959619,0.42495000000000005,100456
GEN,0.42495,410,410,offspring,0,0,TINYIMAGENET,850,main_b1000_tinyimagenet_alexnet_GEN_kp10_seed456,0.1,0.42495,94,False,0.1,alexnet,False,0,0,1,0.42495,843,6,0.42495,846,9,0,4,0.1,TINYIMAGENET_alexnet_GEN_accuracy_kp1000_seed456,456,8000,850,42,accuracy,100456,0.42495,5,2.975453580713272,14.308416433632374,10,2.975453580713272,valid,0.4207904563975679,0.4292166727959619,0.42495000000000005,100456
GEN,0.42495,410,410,offspring,0,0,TINYIMAGENET,851,main_b1000_tinyimagenet_alexnet_GEN_kp10_seed456,0.1,0.42495,94,False,0.1,alexnet,False,0,0,2,0.42495,843,6,0.42495,846,9,0,5,0.1,TINYIMAGENET_alexnet_GEN_accuracy_kp1000_seed456,456,8000,851,42,accuracy,100456,0.42495,5,2.975453580713272,14.242138363420963,10,2.975453580713272,valid,0.4207904563975679,0.4292166727959619,0.42495000000000005,100456
GEN,0.42495,410,410,offspring,0,0,TINYIMAGENET,852,main_b1000_tinyimagenet_alexnet_GEN_kp10_seed456,0.1,0.42495,94,False,0.1,alexnet,False,0,0,1,0.42495,839,2,0.42495,840,3,0,6,0.1,TINYIMAGENET_alexnet_GEN_accuracy_kp1000_seed456,456,8000,852,42,accuracy,100456,0.42495,5,2.975453580713272,14.290631771087646,10,2.975453580713272,valid,0.4207904563975679,0.4292166727959619,0.42495000000000005,100456
GEN,0.42495,410,410,offspring,0,0,TINYIMAGENET,853,main_b1000_tinyimagenet_alexnet_GEN_kp10_seed456,0.1,0.42495,94,False,0.1,alexnet,False,0,0,2,0.42495,839,2,0.42495,840,3,0,7,0.1,TINYIMAGENET_alexnet_GEN_accuracy_kp1000_seed456,456,8000,853,42,accuracy,100456,0.42495,5,2.975453580713272,14.178095698356628,10,2.975453580713272,valid,0.4207904563975679,0.4292166727959619,0.42495000000000005,100456
GEN,0.42495,410,410,offspring,0,0,TINYIMAGENET,854,main_b1000_tinyimagenet_alexnet_GEN_kp10_seed456,0.1,0.42495,94,False,0.1,alexnet,False,0,0,1,0.42495,844,7,0.42495,839,2,0,8,0.1,TINYIMAGENET_alexnet_GEN_accuracy_kp1000_seed456,456,8000,854,42,accuracy,100456,0.42495,5,2.975453580713272,14.234048537909985,10,2.975453580713272,valid,0.4207904563975679,0.4292166727959619,0.42495000000000005,100456
GEN,0.42495,410,410,offspring,0,0,TINYIMAGENET,855,main_b1000_tinyimagenet_alexnet_GEN_kp10_seed456,0.1,0.42495,94,False,0.1,alexnet,False,0,0,2,0.42495,844,7,0.42495,839,2,0,9,0.1,TINYIMAGENET_alexnet_GEN_accuracy_kp1000_seed456,456,8000,855,42,accuracy,100456,0.42495,5,2.975453580713272,14.231501013040543,10,2.975453580713272,valid,0.4207904563975679,0.4292166727959619,0.42495000000000005,100456
GEN,0.42495,410,410,offspring,0,0,TINYIMAGENET,856,main_b1000_tinyimagenet_alexnet_GEN_kp10_seed456,0.1,0.42495,94,False,0.1,alexnet,False,0,0,1,0.42495,840,3,0.42495,841,4,0,10,0.1,TINYIMAGENET_alexnet_GEN_accuracy_kp1000_seed456,456,8000,856,42,accuracy,100456,0.42495,5,2.975453580713272,14.286073096096516,10,2.975453580713272,valid,0.4207904563975679,0.4292166727959619,0.42495000000000005,100456
GEN,0.42495,410,410,offspring,0,0,TINYIMAGENET,857,main_b1000_tinyimagenet_alexnet_GEN_kp10_seed456,0.1,0.42495,95,False,0.1,alexnet,False,0,0,1,0.42495,851,5,0.42495,849,3,0,2,0.1,TINYIMAGENET_alexnet_GEN_accuracy_kp1000_seed456,456,8000,857,42,accuracy,100456,0.42495,5,2.975453580713272,14.167856968939304,10,2.975453580713272,valid,0.4207904563975679,0.4292166727959619,0.42495000000000005,100456
GEN,0.42495,410,410,offspring,0,0,TINYIMAGENET,858,main_b1000_tinyimagenet_alexnet_GEN_kp10_seed456,0.1,0.42495,95,False,0.1,alexnet,False,0,0,2,0.42495,851,5,0.42495,849,3,0,3,0.1,TINYIMAGENET_alexnet_GEN_accuracy_kp1000_seed456,456,8000,858,42,accuracy,100456,0.42495,5,2.975453580713272,14.199447758495808,10,2.975453580713272,valid,0.4207904563975679,0.4292166727959619,0.42495000000000005,100456
GEN,0.42495,410,410,offspring,0,0,TINYIMAGENET,859,main_b1000_tinyimagenet_alexnet_GEN_kp10_seed456,0.1,0.42495,95,False,0.1,alexnet,False,0,0,1,0.42495,853,7,0.42495,854,8,0,4,0.1,TINYIMAGENET_alexnet_GEN_accuracy_kp1000_seed456,456,8000,859,42,accuracy,100456,0.42495,5,2.975453580713272,14.085368037223816,10,2.975453580713272,valid,0.4207904563975679,0.4292166727959619,0.42495000000000005,100456
GEN,0.42495,410,410,offspring,0,0,TINYIMAGENET,860,main_b1000_tinyimagenet_alexnet_GEN_kp10_seed456,0.1,0.42495,95,False,0.1,alexnet,False,0,0,2,0.42495,853,7,0.42495,854,8,0,5,0.1,TINYIMAGENET_alexnet_GEN_accuracy_kp1000_seed456,456,8000,860,42,accuracy,100456,0.42495,5,2.975453580713272,13.959739923477173,10,2.975453580713272,valid,0.4207904563975679,0.4292166727959619,0.42495000000000005,100456
GEN,0.42495,410,410,offspring,0,0,TINYIMAGENET,861,main_b1000_tinyimagenet_alexnet_GEN_kp10_seed456,0.1,0.42495,95,False,0.1,alexnet,False,0,0,1,0.42495,853,7,0.42495,410,1,0,6,0.1,TINYIMAGENET_alexnet_GEN_accuracy_kp1000_seed456,456,8000,861,42,accuracy,100456,0.42495,5,2.975453580713272,13.75097867846489,10,2.975453580713272,valid,0.4207904563975679,0.4292166727959619,0.42495000000000005,100456
GEN,0.42495,410,410,offspring,0,0,TINYIMAGENET,862,main_b1000_tinyimagenet_alexnet_GEN_kp10_seed456,0.1,0.42495,95,False,0.1,alexnet,False,0,0,2,0.42495,853,7,0.42495,410,1,0,7,0.1,TINYIMAGENET_alexnet_GEN_accuracy_kp1000_seed456,456,8000,862,42,accuracy,100456,0.42495,5,2.975453580713272,13.669000960886478,10,2.975453580713272,valid,0.4207904563975679,0.4292166727959619,0.42495000000000005,100456
GEN,0.42495,410,410,offspring,0,0,TINYIMAGENET,863,main_b1000_tinyimagenet_alexnet_GEN_kp10_seed456,0.1,0.42495,95,False,0.1,alexnet,False,0,0,1,0.42495,848,2,0.42495,853,7,0,8,0.1,TINYIMAGENET_alexnet_GEN_accuracy_kp1000_seed456,456,8000,863,42,accuracy,100456,0.42495,5,2.975453580713272,13.99226026982069,10,2.975453580713272,valid,0.4207904563975679,0.4292166727959619,0.42495000000000005,100456
GEN,0.42495,410,410,offspring,0,0,TINYIMAGENET,864,main_b1000_tinyimagenet_alexnet_GEN_kp10_seed456,0.1,0.4161,95,False,0.1,alexnet,True,800,400,2,0.42495,848,2,0.42495,853,7,0,9,0.1,TINYIMAGENET_alexnet_GEN_accuracy_kp1000_seed456,456,8000,864,42,accuracy,100456,0.4161,4,2.964873571109772,13.865407720208168,10,2.964873571109772,valid,0.4126313728721748,0.4257291797673996,0.4161000000000001,100456
GEN,0.42495,410,410,offspring,0,0,TINYIMAGENET,865,main_b1000_tinyimagenet_alexnet_GEN_kp10_seed456,0.1,0.42495,95,False,0.1,alexnet,False,0,0,1,0.42495,853,7,0.42495,855,9,0,10,0.1,TINYIMAGENET_alexnet_GEN_accuracy_kp1000_seed456,456,8000,865,42,accuracy,100456,0.42495,5,2.975453580713272,10.995683684945107,10,2.975453580713272,valid,0.4207904563975679,0.4292166727959619,0.42495000000000005,100456
GEN,0.42495,410,410,offspring,0,0,TINYIMAGENET,866,main_b1000_tinyimagenet_alexnet_GEN_kp10_seed456,0.1,0.42495,96,False,0.1,alexnet,False,0,0,1,0.42495,857,2,0.42495,859,4,0,2,0.1,TINYIMAGENET_alexnet_GEN_accuracy_kp1000_seed456,456,8000,866,42,accuracy,100456,0.42495,5,2.975453580713272,11.177953273057938,10,2.975453580713272,valid,0.4207904563975679,0.4292166727959619,0.42495000000000005,100456
GEN,0.42495,410,410,offspring,0,0,TINYIMAGENET,867,main_b1000_tinyimagenet_alexnet_GEN_kp10_seed456,0.1,0.42495,96,False,0.1,alexnet,False,0,0,2,0.42495,857,2,0.42495,859,4,0,3,0.1,TINYIMAGENET_alexnet_GEN_accuracy_kp1000_seed456,456,8000,867,42,accuracy,100456,0.42495,5,2.975453580713272,11.154919818043709,10,2.975453580713272,valid,0.4207904563975679,0.4292166727959619,0.42495000000000005,100456
GEN,0.42495,410,410,offspring,0,0,TINYIMAGENET,868,main_b1000_tinyimagenet_alexnet_GEN_kp10_seed456,0.1,0.42495,96,False,0.1,alexnet,False,0,0,1,0.42495,862,7,0.42495,859,4,0,4,0.1,TINYIMAGENET_alexnet_GEN_accuracy_kp1000_seed456,456,8000,868,42,accuracy,100456,0.42495,5,2.975453580713272,11.129662737250328,10,2.975453580713272,valid,0.4207904563975679,0.4292166727959619,0.42495000000000005,100456
GEN,0.42495,410,410,offspring,0,0,TINYIMAGENET,869,main_b1000_tinyimagenet_alexnet_GEN_kp10_seed456,0.1,0.41695,96,False,0.1,alexnet,True,800,400,2,0.42495,862,7,0.42495,859,4,0,5,0.1,TINYIMAGENET_alexnet_GEN_accuracy_kp1000_seed456,456,8000,869,42,accuracy,100456,0.41695,4,2.965201049518585,11.222097761929035,10,2.965201049518585,valid,0.4127183468340529,0.4236014250232514,0.41694999999999993,100456
GEN,0.42495,410,410,offspring,0,0,TINYIMAGENET,870,main_b1000_tinyimagenet_alexnet_GEN_kp10_seed456,0.1,0.42495,96,False,0.1,alexnet,False,0,0,1,0.42495,861,6,0.42495,859,4,0,6,0.1,TINYIMAGENET_alexnet_GEN_accuracy_kp1000_seed456,456,8000,870,42,accuracy,100456,0.42495,5,2.975453580713272,11.20653872936964,10,2.975453580713272,valid,0.4207904563975679,0.4292166727959619,0.42495000000000005,100456
GEN,0.42495,410,410,offspring,0,0,TINYIMAGENET,871,main_b1000_tinyimagenet_alexnet_GEN_kp10_seed456,0.1,0.42495,96,False,0.1,alexnet,False,0,0,2,0.42495,861,6,0.42495,859,4,0,7,0.1,TINYIMAGENET_alexnet_GEN_accuracy_kp1000_seed456,456,8000,871,42,accuracy,100456,0.42495,5,2.975453580713272,11.286469839513302,10,2.975453580713272,valid,0.4207904563975679,0.4292166727959619,0.42495000000000005,100456
GEN,0.42495,410,410,offspring,0,0,TINYIMAGENET,872,main_b1000_tinyimagenet_alexnet_GEN_kp10_seed456,0.1,0.42495,96,False,0.1,alexnet,False,0,0,1,0.42495,861,6,0.42495,858,3,0,8,0.1,TINYIMAGENET_alexnet_GEN_accuracy_kp1000_seed456,456,8000,872,42,accuracy,100456,0.42495,5,2.975453580713272,11.305741637945175,10,2.975453580713272,valid,0.4207904563975679,0.4292166727959619,0.42495000000000005,100456
GEN,0.42495,410,410,offspring,0,0,TINYIMAGENET,873,main_b1000_tinyimagenet_alexnet_GEN_kp10_seed456,0.1,0.42495,96,False,0.1,alexnet,False,0,0,2,0.42495,861,6,0.42495,858,3,0,9,0.1,TINYIMAGENET_alexnet_GEN_accuracy_kp1000_seed456,456,8000,873,42,accuracy,100456,0.42495,5,2.975453580713272,11.24426033347845,10,2.975453580713272,valid,0.4207904563975679,0.4292166727959619,0.42495000000000005,100456
GEN,0.42495,410,410,offspring,0,0,TINYIMAGENET,874,main_b1000_tinyimagenet_alexnet_GEN_kp10_seed456,0.1,0.42495,96,False,0.1,alexnet,False,0,0,1,0.42495,862,7,0.42495,859,4,0,10,0.1,TINYIMAGENET_alexnet_GEN_accuracy_kp1000_seed456,456,8000,874,42,accuracy,100456,0.42495,5,2.975453580713272,11.213297553360462,10,2.975453580713272,valid,0.4207904563975679,0.4292166727959619,0.42495000000000005,100456
GEN,0.42495,410,410,offspring,0,0,TINYIMAGENET,875,main_b1000_tinyimagenet_alexnet_GEN_kp10_seed456,0.1,0.42495,97,False,0.1,alexnet,False,0,0,1,0.42495,868,4,0.42495,870,6,0,2,0.1,TINYIMAGENET_alexnet_GEN_accuracy_kp1000_seed456,456,8000,875,42,accuracy,100456,0.42495,5,2.975453580713272,11.12522329390049,10,2.975453580713272,valid,0.4207904563975679,0.4292166727959619,0.42495000000000005,100456
GEN,0.42495,410,410,offspring,0,0,TINYIMAGENET,876,main_b1000_tinyimagenet_alexnet_GEN_kp10_seed456,0.1,0.42495,97,False,0.1,alexnet,False,0,0,2,0.42495,868,4,0.42495,870,6,0,3,0.1,TINYIMAGENET_alexnet_GEN_accuracy_kp1000_seed456,456,8000,876,42,accuracy,100456,0.42495,5,2.975453580713272,11.183863125741482,10,2.975453580713272,valid,0.4207904563975679,0.4292166727959619,0.42495000000000005,100456
GEN,0.42495,410,410,offspring,0,0,TINYIMAGENET,877,main_b1000_tinyimagenet_alexnet_GEN_kp10_seed456,0.1,0.42495,97,False,0.1,alexnet,False,0,0,1,0.42495,866,2,0.42495,873,9,0,4,0.1,TINYIMAGENET_alexnet_GEN_accuracy_kp1000_seed456,456,8000,877,42,accuracy,100456,0.42495,5,2.975453580713272,11.304253950715065,10,2.975453580713272,valid,0.4207904563975679,0.4292166727959619,0.42495000000000005,100456
GEN,0.42495,410,410,offspring,0,0,TINYIMAGENET,878,main_b1000_tinyimagenet_alexnet_GEN_kp10_seed456,0.1,0.42495,97,False,0.1,alexnet,False,0,0,2,0.42495,866,2,0.42495,873,9,0,5,0.1,TINYIMAGENET_alexnet_GEN_accuracy_kp1000_seed456,456,8000,878,42,accuracy,100456,0.42495,5,2.975453580713272,11.21260642260313,10,2.975453580713272,valid,0.4207904563975679,0.4292166727959619,0.42495000000000005,100456
GEN,0.42495,410,410,offspring,0,0,TINYIMAGENET,879,main_b1000_tinyimagenet_alexnet_GEN_kp10_seed456,0.1,0.42495,97,False,0.1,alexnet,False,0,0,1,0.42495,866,2,0.42495,873,9,0,6,0.1,TINYIMAGENET_alexnet_GEN_accuracy_kp1000_seed456,456,8000,879,42,accuracy,100456,0.42495,5,2.975453580713272,11.147873617708683,10,2.975453580713272,valid,0.4207904563975679,0.4292166727959619,0.42495000000000005,100456
GEN,0.42495,410,410,offspring,0,0,TINYIMAGENET,880,main_b1000_tinyimagenet_alexnet_GEN_kp10_seed456,0.1,0.42495,97,False,0.1,alexnet,False,0,0,2,0.42495,866,2,0.42495,873,9,0,7,0.1,TINYIMAGENET_alexnet_GEN_accuracy_kp1000_seed456,456,8000,880,42,accuracy,100456,0.42495,5,2.975453580713272,11.20024462044239,10,2.975453580713272,valid,0.4207904563975679,0.4292166727959619,0.42495000000000005,100456
GEN,0.42495,410,410,offspring,0,0,TINYIMAGENET,881,main_b1000_tinyimagenet_alexnet_GEN_kp10_seed456,0.1,0.42495,97,False,0.1,alexnet,False,0,0,1,0.42495,866,2,0.42495,872,8,0,8,0.1,TINYIMAGENET_alexnet_GEN_accuracy_kp1000_seed456,456,8000,881,42,accuracy,100456,0.42495,5,2.975453580713272,11.336688667535782,10,2.975453580713272,valid,0.4207904563975679,0.4292166727959619,0.42495000000000005,100456
GEN,0.42495,410,410,offspring,0,0,TINYIMAGENET,882,main_b1000_tinyimagenet_alexnet_GEN_kp10_seed456,0.1,0.42495,97,False,0.1,alexnet,False,0,0,2,0.42495,866,2,0.42495,872,8,0,9,0.1,TINYIMAGENET_alexnet_GEN_accuracy_kp1000_seed456,456,8000,882,42,accuracy,100456,0.42495,5,2.975453580713272,11.178155153989792,10,2.975453580713272,valid,0.4207904563975679,0.4292166727959619,0.42495000000000005,100456
GEN,0.42495,410,410,offspring,0,0,TINYIMAGENET,883,main_b1000_tinyimagenet_alexnet_GEN_kp10_seed456,0.1,0.42495,97,False,0.1,alexnet,False,0,0,1,0.42495,873,9,0.42495,866,2,0,10,0.1,TINYIMAGENET_alexnet_GEN_accuracy_kp1000_seed456,456,8000,883,42,accuracy,100456,0.42495,5,2.975453580713272,11.243970856070518,10,2.975453580713272,valid,0.4207904563975679,0.4292166727959619,0.42495000000000005,100456
GEN,0.42495,410,410,offspring,0,0,TINYIMAGENET,884,main_b1000_tinyimagenet_alexnet_GEN_kp10_seed456,0.1,0.42495,98,False,0.1,alexnet,False,0,0,1,0.42495,876,3,0.42495,879,6,0,2,0.1,TINYIMAGENET_alexnet_GEN_accuracy_kp1000_seed456,456,8000,884,42,accuracy,100456,0.42495,5,2.975453580713272,11.202691100537777,10,2.975453580713272,valid,0.4207904563975679,0.4292166727959619,0.42495000000000005,100456
GEN,0.42495,410,410,offspring,0,0,TINYIMAGENET,885,main_b1000_tinyimagenet_alexnet_GEN_kp10_seed456,0.1,0.42495,98,False,0.1,alexnet,False,0,0,2,0.42495,876,3,0.42495,879,6,0,3,0.1,TINYIMAGENET_alexnet_GEN_accuracy_kp1000_seed456,456,8000,885,42,accuracy,100456,0.42495,5,2.975453580713272,11.257016442716122,10,2.975453580713272,valid,0.4207904563975679,0.4292166727959619,0.42495000000000005,100456
GEN,0.42495,410,410,offspring,0,0,TINYIMAGENET,886,main_b1000_tinyimagenet_alexnet_GEN_kp10_seed456,0.1,0.42495,98,False,0.1,alexnet,False,0,0,1,0.42495,880,7,0.42495,881,8,0,4,0.1,TINYIMAGENET_alexnet_GEN_accuracy_kp1000_seed456,456,8000,886,42,accuracy,100456,0.42495,5,2.975453580713272,11.255771480500698,10,2.975453580713272,valid,0.4207904563975679,0.4292166727959619,0.42495000000000005,100456
GEN,0.42495,410,410,offspring,0,0,TINYIMAGENET,887,main_b1000_tinyimagenet_alexnet_GEN_kp10_seed456,0.1,0.42495,98,False,0.1,alexnet,False,0,0,2,0.42495,880,7,0.42495,881,8,0,5,0.1,TINYIMAGENET_alexnet_GEN_accuracy_kp1000_seed456,456,8000,887,42,accuracy,100456,0.42495,5,2.975453580713272,11.316902682185173,10,2.975453580713272,valid,0.4207904563975679,0.4292166727959619,0.42495000000000005,100456
GEN,0.42495,410,410,offspring,0,0,TINYIMAGENET,888,main_b1000_tinyimagenet_alexnet_GEN_kp10_seed456,0.1,0.42495,98,False,0.1,alexnet,False,0,0,1,0.42495,879,6,0.42495,876,3,0,6,0.1,TINYIMAGENET_alexnet_GEN_accuracy_kp1000_seed456,456,8000,888,42,accuracy,100456,0.42495,5,2.975453580713272,11.305976651608944,10,2.975453580713272,valid,0.4207904563975679,0.4292166727959619,0.42495000000000005,100456
GEN,0.42495,410,410,offspring,0,0,TINYIMAGENET,889,main_b1000_tinyimagenet_alexnet_GEN_kp10_seed456,0.1,0.42495,98,False,0.1,alexnet,False,0,0,2,0.42495,879,6,0.42495,876,3,0,7,0.1,TINYIMAGENET_alexnet_GEN_accuracy_kp1000_seed456,456,8000,889,42,accuracy,100456,0.42495,5,2.975453580713272,11.249061986804008,10,2.975453580713272,valid,0.4207904563975679,0.4292166727959619,0.42495000000000005,100456
GEN,0.42495,410,410,offspring,0,0,TINYIMAGENET,890,main_b1000_tinyimagenet_alexnet_GEN_kp10_seed456,0.1,0.42495,98,False,0.1,alexnet,False,0,0,1,0.42495,410,1,0.42495,878,5,0,8,0.1,TINYIMAGENET_alexnet_GEN_accuracy_kp1000_seed456,456,8000,890,42,accuracy,100456,0.42495,5,2.975453580713272,11.242175631225109,10,2.975453580713272,valid,0.4207904563975679,0.4292166727959619,0.42495000000000005,100456
GEN,0.42495,410,410,offspring,0,0,TINYIMAGENET,891,main_b1000_tinyimagenet_alexnet_GEN_kp10_seed456,0.1,0.42495,98,False,0.1,alexnet,False,0,0,2,0.42495,410,1,0.42495,878,5,0,9,0.1,TINYIMAGENET_alexnet_GEN_accuracy_kp1000_seed456,456,8000,891,42,accuracy,100456,0.42495,5,2.975453580713272,11.207672119140625,10,2.975453580713272,valid,0.4207904563975679,0.4292166727959619,0.42495000000000005,100456
GEN,0.42495,410,410,offspring,0,0,TINYIMAGENET,892,main_b1000_tinyimagenet_alexnet_GEN_kp10_seed456,0.1,0.42495,98,False,0.1,alexnet,False,0,0,1,0.42495,876,3,0.42495,410,1,0,10,0.1,TINYIMAGENET_alexnet_GEN_accuracy_kp1000_seed456,456,8000,892,42,accuracy,100456,0.42495,5,2.975453580713272,11.188080243766308,10,2.975453580713272,valid,0.4207904563975679,0.4292166727959619,0.42495000000000005,100456
GEN,0.42495,410,410,offspring,0,0,TINYIMAGENET,893,main_b1000_tinyimagenet_alexnet_GEN_kp10_seed456,0.1,0.42495,99,False,0.1,alexnet,False,0,0,1,0.42495,885,3,0.42495,891,9,0,2,0.1,TINYIMAGENET_alexnet_GEN_accuracy_kp1000_seed456,456,8000,893,42,accuracy,100456,0.42495,5,2.975453580713272,11.255144946277142,10,2.975453580713272,valid,0.4207904563975679,0.4292166727959619,0.42495000000000005,100456
GEN,0.42495,410,410,offspring,0,0,TINYIMAGENET,894,main_b1000_tinyimagenet_alexnet_GEN_kp10_seed456,0.1,0.42495,99,False,0.1,alexnet,False,0,0,2,0.42495,885,3,0.42495,891,9,0,3,0.1,TINYIMAGENET_alexnet_GEN_accuracy_kp1000_seed456,456,8000,894,42,accuracy,100456,0.42495,5,2.975453580713272,11.27455697208643,10,2.975453580713272,valid,0.4207904563975679,0.4292166727959619,0.42495000000000005,100456
GEN,0.42495,410,410,offspring,0,0,TINYIMAGENET,895,main_b1000_tinyimagenet_alexnet_GEN_kp10_seed456,0.1,0.42495,99,False,0.1,alexnet,False,0,0,1,0.42495,889,7,0.42495,885,3,0,4,0.1,TINYIMAGENET_alexnet_GEN_accuracy_kp1000_seed456,456,8000,895,42,accuracy,100456,0.42495,5,2.975453580713272,11.279013015329838,10,2.975453580713272,valid,0.4207904563975679,0.4292166727959619,0.42495000000000005,100456
GEN,0.42495,410,410,offspring,0,0,TINYIMAGENET,896,main_b1000_tinyimagenet_alexnet_GEN_kp10_seed456,0.1,0.42495,99,False,0.1,alexnet,False,0,0,2,0.42495,889,7,0.42495,885,3,0,5,0.1,TINYIMAGENET_alexnet_GEN_accuracy_kp1000_seed456,456,8000,896,42,accuracy,100456,0.42495,5,2.975453580713272,11.202125661075115,10,2.975453580713272,valid,0.4207904563975679,0.4292166727959619,0.42495000000000005,100456
GEN,0.42495,410,410,offspring,0,0,TINYIMAGENET,897,main_b1000_tinyimagenet_alexnet_GEN_kp10_seed456,0.1,0.42495,99,False,0.1,alexnet,False,0,0,1,0.42495,886,4,0.42495,884,2,0,6,0.1,TINYIMAGENET_alexnet_GEN_accuracy_kp1000_seed456,456,8000,897,42,accuracy,100456,0.42495,5,2.975453580713272,11.30433864891529,10,2.975453580713272,valid,0.4207904563975679,0.4292166727959619,0.42495000000000005,100456
GEN,0.42495,410,410,offspring,0,0,TINYIMAGENET,898,main_b1000_tinyimagenet_alexnet_GEN_kp10_seed456,0.1,0.42495,99,False,0.1,alexnet,False,0,0,2,0.42495,886,4,0.42495,884,2,0,7,0.1,TINYIMAGENET_alexnet_GEN_accuracy_kp1000_seed456,456,8000,898,42,accuracy,100456,0.42495,5,2.975453580713272,11.2422706335783,10,2.975453580713272,valid,0.4207904563975679,0.4292166727959619,0.42495000000000005,100456
GEN,0.42495,410,410,offspring,0,0,TINYIMAGENET,899,main_b1000_tinyimagenet_alexnet_GEN_kp10_seed456,0.1,0.42495,99,False,0.1,alexnet,False,0,0,1,0.42495,887,5,0.42495,889,7,0,8,0.1,TINYIMAGENET_alexnet_GEN_accuracy_kp1000_seed456,456,8000,899,42,accuracy,100456,0.42495,5,2.975453580713272,11.292902871966362,10,2.975453580713272,valid,0.4207904563975679,0.4292166727959619,0.42495000000000005,100456
GEN,0.42495,410,410,offspring,0,0,TINYIMAGENET,900,main_b1000_tinyimagenet_alexnet_GEN_kp10_seed456,0.1,0.42495,99,False,0.1,alexnet,False,0,0,2,0.42495,887,5,0.42495,889,7,0,9,0.1,TINYIMAGENET_alexnet_GEN_accuracy_kp1000_seed456,456,8000,900,42,accuracy,100456,0.42495,5,2.975453580713272,11.258137315511703,10,2.975453580713272,valid,0.4207904563975679,0.4292166727959619,0.42495000000000005,100456
GEN,0.42495,410,410,offspring,0,0,TINYIMAGENET,901,main_b1000_tinyimagenet_alexnet_GEN_kp10_seed456,0.1,0.42495,99,False,0.1,alexnet,False,0,0,1,0.42495,410,1,0.42495,892,10,0,10,0.1,TINYIMAGENET_alexnet_GEN_accuracy_kp1000_seed456,456,8000,901,42,accuracy,100456,0.42495,5,2.975453580713272,11.221609383821487,10,2.975453580713272,valid,0.4207904563975679,0.4292166727959619,0.42495000000000005,100456
GEN,0.42495,410,410,offspring,0,0,TINYIMAGENET,902,main_b1000_tinyimagenet_alexnet_GEN_kp10_seed456,0.1,0.42495,100,False,0.1,alexnet,False,0,0,1,0.42495,900,9,0.42495,410,1,0,2,0.1,TINYIMAGENET_alexnet_GEN_accuracy_kp1000_seed456,456,8000,902,42,accuracy,100456,0.42495,5,2.975453580713272,11.262015104293823,10,2.975453580713272,valid,0.4207904563975679,0.4292166727959619,0.42495000000000005,100456
GEN,0.42495,410,410,offspring,0,0,TINYIMAGENET,903,main_b1000_tinyimagenet_alexnet_GEN_kp10_seed456,0.1,0.42495,100,False,0.1,alexnet,False,0,0,2,0.42495,900,9,0.42495,410,1,0,3,0.1,TINYIMAGENET_alexnet_GEN_accuracy_kp1000_seed456,456,8000,903,42,accuracy,100456,0.42495,5,2.975453580713272,11.206366285681725,10,2.975453580713272,valid,0.4207904563975679,0.4292166727959619,0.42495000000000005,100456
GEN,0.42495,410,410,offspring,0,0,TINYIMAGENET,904,main_b1000_tinyimagenet_alexnet_GEN_kp10_seed456,0.1,0.42495,100,False,0.1,alexnet,False,0,0,1,0.42495,901,10,0.42495,897,6,0,4,0.1,TINYIMAGENET_alexnet_GEN_accuracy_kp1000_seed456,456,8000,904,42,accuracy,100456,0.42495,5,2.975453580713272,11.214804761111736,10,2.975453580713272,valid,0.4207904563975679,0.4292166727959619,0.42495000000000005,100456
GEN,0.42495,410,410,offspring,0,0,TINYIMAGENET,905,main_b1000_tinyimagenet_alexnet_GEN_kp10_seed456,0.1,0.42495,100,False,0.1,alexnet,False,0,0,2,0.42495,901,10,0.42495,897,6,0,5,0.1,TINYIMAGENET_alexnet_GEN_accuracy_kp1000_seed456,456,8000,905,42,accuracy,100456,0.42495,5,2.975453580713272,11.092422530055046,10,2.975453580713272,valid,0.4207904563975679,0.4292166727959619,0.42495000000000005,100456
GEN,0.42495,410,410,offspring,0,0,TINYIMAGENET,906,main_b1000_tinyimagenet_alexnet_GEN_kp10_seed456,0.1,0.42495,100,False,0.1,alexnet,False,0,0,1,0.42495,896,5,0.42495,901,10,0,6,0.1,TINYIMAGENET_alexnet_GEN_accuracy_kp1000_seed456,456,8000,906,42,accuracy,100456,0.42495,5,2.975453580713272,11.002933762967587,10,2.975453580713272,valid,0.4207904563975679,0.4292166727959619,0.42495000000000005,100456
GEN,0.42495,410,410,offspring,0,0,TINYIMAGENET,907,main_b1000_tinyimagenet_alexnet_GEN_kp10_seed456,0.1,0.4191,100,False,0.1,alexnet,True,800,400,2,0.42495,896,5,0.42495,901,10,0,7,0.1,TINYIMAGENET_alexnet_GEN_accuracy_kp1000_seed456,456,8000,907,42,accuracy,100456,0.4191,4,2.961241392803192,11.076321803033352,10,2.961241392803192,valid,0.41456712612669067,0.4255979695995745,0.41910000000000003,100456
GEN,0.42495,410,410,offspring,0,0,TINYIMAGENET,908,main_b1000_tinyimagenet_alexnet_GEN_kp10_seed456,0.1,0.42495,100,False,0.1,alexnet,False,0,0,1,0.42495,899,8,0.42495,895,4,0,8,0.1,TINYIMAGENET_alexnet_GEN_accuracy_kp1000_seed456,456,8000,908,42,accuracy,100456,0.42495,5,2.975453580713272,11.294422000646591,10,2.975453580713272,valid,0.4207904563975679,0.4292166727959619,0.42495000000000005,100456
GEN,0.42495,410,410,offspring,0,0,TINYIMAGENET,909,main_b1000_tinyimagenet_alexnet_GEN_kp10_seed456,0.1,0.42495,100,False,0.1,alexnet,False,0,0,2,0.42495,899,8,0.42495,895,4,0,9,0.1,TINYIMAGENET_alexnet_GEN_accuracy_kp1000_seed456,456,8000,909,42,accuracy,100456,0.42495,5,2.975453580713272,11.291126355528831,10,2.975453580713272,valid,0.4207904563975679,0.4292166727959619,0.42495000000000005,100456
GEN,0.42495,410,410,offspring,0,0,TINYIMAGENET,910,main_b1000_tinyimagenet_alexnet_GEN_kp10_seed456,0.1,0.42495,100,False,0.1,alexnet,False,0,0,1,0.42495,899,8,0.42495,898,7,0,10,0.1,TINYIMAGENET_alexnet_GEN_accuracy_kp1000_seed456,456,8000,910,42,accuracy,100456,0.42495,5,2.975453580713272,11.210624024271965,10,2.975453580713272,valid,0.4207904563975679,0.4292166727959619,0.42495000000000005,100456
GEN,0.42495,410,410,offspring,0,0,TINYIMAGENET,911,main_b1000_tinyimagenet_alexnet_GEN_kp10_seed456,0.1,0.42495,101,False,0.1,alexnet,False,0,0,1,0.42495,909,9,0.42495,903,3,0,2,0.1,TINYIMAGENET_alexnet_GEN_accuracy_kp1000_seed456,456,8000,911,42,accuracy,100456,0.42495,5,2.975453580713272,13.746507413685322,10,2.975453580713272,valid,0.4207904563975679,0.4292166727959619,0.42495000000000005,100456
GEN,0.42495,410,410,offspring,0,0,TINYIMAGENET,912,main_b1000_tinyimagenet_alexnet_GEN_kp10_seed456,0.1,0.42495,101,False,0.1,alexnet,False,0,0,2,0.42495,909,9,0.42495,903,3,0,3,0.1,TINYIMAGENET_alexnet_GEN_accuracy_kp1000_seed456,456,8000,912,42,accuracy,100456,0.42495,5,2.975453580713272,13.967980779707432,10,2.975453580713272,valid,0.4207904563975679,0.4292166727959619,0.42495000000000005,100456
GEN,0.42495,410,410,offspring,0,0,TINYIMAGENET,913,main_b1000_tinyimagenet_alexnet_GEN_kp10_seed456,0.1,0.42495,101,False,0.1,alexnet,False,0,0,1,0.42495,910,10,0.42495,902,2,0,4,0.1,TINYIMAGENET_alexnet_GEN_accuracy_kp1000_seed456,456,8000,913,42,accuracy,100456,0.42495,5,2.975453580713272,14.055736511945724,10,2.975453580713272,valid,0.4207904563975679,0.4292166727959619,0.42495000000000005,100456
GEN,0.42495,410,410,offspring,0,0,TINYIMAGENET,914,main_b1000_tinyimagenet_alexnet_GEN_kp10_seed456,0.1,0.42495,101,False,0.1,alexnet,False,0,0,2,0.42495,910,10,0.42495,902,2,0,5,0.1,TINYIMAGENET_alexnet_GEN_accuracy_kp1000_seed456,456,8000,914,42,accuracy,100456,0.42495,5,2.975453580713272,14.196761317551136,10,2.975453580713272,valid,0.4207904563975679,0.4292166727959619,0.42495000000000005,100456
GEN,0.42495,410,410,offspring,0,0,TINYIMAGENET,915,main_b1000_tinyimagenet_alexnet_GEN_kp10_seed456,0.1,0.42495,101,False,0.1,alexnet,False,0,0,1,0.42495,908,8,0.42495,904,4,0,6,0.1,TINYIMAGENET_alexnet_GEN_accuracy_kp1000_seed456,456,8000,915,42,accuracy,100456,0.42495,5,2.975453580713272,14.108590006828308,10,2.975453580713272,valid,0.4207904563975679,0.4292166727959619,0.42495000000000005,100456
GEN,0.42495,410,410,offspring,0,0,TINYIMAGENET,916,main_b1000_tinyimagenet_alexnet_GEN_kp10_seed456,0.1,0.42495,101,False,0.1,alexnet,False,0,0,2,0.42495,908,8,0.42495,904,4,0,7,0.1,TINYIMAGENET_alexnet_GEN_accuracy_kp1000_seed456,456,8000,916,42,accuracy,100456,0.42495,5,2.975453580713272,14.096301920711994,10,2.975453580713272,valid,0.4207904563975679,0.4292166727959619,0.42495000000000005,100456
GEN,0.42495,410,410,offspring,0,0,TINYIMAGENET,917,main_b1000_tinyimagenet_alexnet_GEN_kp10_seed456,0.1,0.42495,101,False,0.1,alexnet,False,0,0,1,0.42495,902,2,0.42495,903,3,0,8,0.1,TINYIMAGENET_alexnet_GEN_accuracy_kp1000_seed456,456,8000,917,42,accuracy,100456,0.42495,5,2.975453580713272,14.198405899107456,10,2.975453580713272,valid,0.4207904563975679,0.4292166727959619,0.42495000000000005,100456
GEN,0.42495,410,410,offspring,0,0,TINYIMAGENET,918,main_b1000_tinyimagenet_alexnet_GEN_kp10_seed456,0.1,0.42495,101,False,0.1,alexnet,False,0,0,2,0.42495,902,2,0.42495,903,3,0,9,0.1,TINYIMAGENET_alexnet_GEN_accuracy_kp1000_seed456,456,8000,918,42,accuracy,100456,0.42495,5,2.975453580713272,14.219645142555237,10,2.975453580713272,valid,0.4207904563975679,0.4292166727959619,0.42495000000000005,100456
GEN,0.42495,410,410,offspring,0,0,TINYIMAGENET,919,main_b1000_tinyimagenet_alexnet_GEN_kp10_seed456,0.1,0.42495,101,False,0.1,alexnet,False,0,0,1,0.42495,905,5,0.42495,909,9,0,10,0.1,TINYIMAGENET_alexnet_GEN_accuracy_kp1000_seed456,456,8000,919,42,accuracy,100456,0.42495,5,2.975453580713272,14.146751552820206,10,2.975453580713272,valid,0.4207904563975679,0.4292166727959619,0.42495000000000005,100456
GEN,0.42495,410,410,offspring,0,0,TINYIMAGENET,920,main_b1000_tinyimagenet_alexnet_GEN_kp10_seed456,0.1,0.42495,102,False,0.1,alexnet,False,0,0,1,0.42495,913,4,0.42495,410,1,0,2,0.1,TINYIMAGENET_alexnet_GEN_accuracy_kp1000_seed456,456,8000,920,42,accuracy,100456,0.42495,5,2.975453580713272,13.999945662915707,10,2.975453580713272,valid,0.4207904563975679,0.4292166727959619,0.42495000000000005,100456
GEN,0.42495,410,410,offspring,0,0,TINYIMAGENET,921,main_b1000_tinyimagenet_alexnet_GEN_kp10_seed456,0.1,0.42495,102,False,0.1,alexnet,False,0,0,2,0.42495,913,4,0.42495,410,1,0,3,0.1,TINYIMAGENET_alexnet_GEN_accuracy_kp1000_seed456,456,8000,921,42,accuracy,100456,0.42495,5,2.975453580713272,14.054806366562843,10,2.975453580713272,valid,0.4207904563975679,0.4292166727959619,0.42495000000000005,100456
GEN,0.42495,410,410,offspring,0,0,TINYIMAGENET,922,main_b1000_tinyimagenet_alexnet_GEN_kp10_seed456,0.1,0.42495,102,False,0.1,alexnet,False,0,0,1,0.42495,410,1,0.42495,912,3,0,4,0.1,TINYIMAGENET_alexnet_GEN_accuracy_kp1000_seed456,456,8000,922,42,accuracy,100456,0.42495,5,2.975453580713272,13.999638386070728,10,2.975453580713272,valid,0.4207904563975679,0.4292166727959619,0.42495000000000005,100456
GEN,0.42495,410,410,offspring,0,0,TINYIMAGENET,923,main_b1000_tinyimagenet_alexnet_GEN_kp10_seed456,0.1,0.42495,102,False,0.1,alexnet,False,0,0,2,0.42495,410,1,0.42495,912,3,0,5,0.1,TINYIMAGENET_alexnet_GEN_accuracy_kp1000_seed456,456,8000,923,42,accuracy,100456,0.42495,5,2.975453580713272,14.15126958489418,10,2.975453580713272,valid,0.4207904563975679,0.4292166727959619,0.42495000000000005,100456
GEN,0.42495,410,410,offspring,0,0,TINYIMAGENET,924,main_b1000_tinyimagenet_alexnet_GEN_kp10_seed456,0.1,0.42495,102,False,0.1,alexnet,False,0,0,1,0.42495,918,9,0.42495,912,3,0,6,0.1,TINYIMAGENET_alexnet_GEN_accuracy_kp1000_seed456,456,8000,924,42,accuracy,100456,0.42495,5,2.975453580713272,14.079469375312328,10,2.975453580713272,valid,0.4207904563975679,0.4292166727959619,0.42495000000000005,100456
GEN,0.42495,410,410,offspring,0,0,TINYIMAGENET,925,main_b1000_tinyimagenet_alexnet_GEN_kp10_seed456,0.1,0.42495,102,False,0.1,alexnet,False,0,0,2,0.42495,918,9,0.42495,912,3,0,7,0.1,TINYIMAGENET_alexnet_GEN_accuracy_kp1000_seed456,456,8000,925,42,accuracy,100456,0.42495,5,2.975453580713272,13.860591113567352,10,2.975453580713272,valid,0.4207904563975679,0.4292166727959619,0.42495000000000005,100456
GEN,0.42495,410,410,offspring,0,0,TINYIMAGENET,926,main_b1000_tinyimagenet_alexnet_GEN_kp10_seed456,0.1,0.42495,102,False,0.1,alexnet,False,0,0,1,0.42495,918,9,0.42495,912,3,0,8,0.1,TINYIMAGENET_alexnet_GEN_accuracy_kp1000_seed456,456,8000,926,42,accuracy,100456,0.42495,5,2.975453580713272,13.771198436617851,10,2.975453580713272,valid,0.4207904563975679,0.4292166727959619,0.42495000000000005,100456
GEN,0.42495,410,410,offspring,0,0,TINYIMAGENET,927,main_b1000_tinyimagenet_alexnet_GEN_kp10_seed456,0.1,0.42495,102,False,0.1,alexnet,False,0,0,2,0.42495,918,9,0.42495,912,3,0,9,0.1,TINYIMAGENET_alexnet_GEN_accuracy_kp1000_seed456,456,8000,927,42,accuracy,100456,0.42495,5,2.975453580713272,13.699216842651367,10,2.975453580713272,valid,0.4207904563975679,0.4292166727959619,0.42495000000000005,100456
GEN,0.42495,410,410,offspring,0,0,TINYIMAGENET,928,main_b1000_tinyimagenet_alexnet_GEN_kp10_seed456,0.1,0.42495,102,False,0.1,alexnet,False,0,0,1,0.42495,919,10,0.42495,918,9,0,10,0.1,TINYIMAGENET_alexnet_GEN_accuracy_kp1000_seed456,456,8000,928,42,accuracy,100456,0.42495,5,2.975453580713272,13.511562824249268,10,2.975453580713272,valid,0.4207904563975679,0.4292166727959619,0.42495000000000005,100456
GEN,0.42495,410,410,offspring,0,0,TINYIMAGENET,929,main_b1000_tinyimagenet_alexnet_GEN_kp10_seed456,0.1,0.42495,103,False,0.1,alexnet,False,0,0,1,0.42495,924,6,0.42495,923,5,0,2,0.1,TINYIMAGENET_alexnet_GEN_accuracy_kp1000_seed456,456,8000,929,42,accuracy,100456,0.42495,5,2.975453580713272,13.278052426874638,10,2.975453580713272,valid,0.4207904563975679,0.4292166727959619,0.42495000000000005,100456
GEN,0.42495,410,410,offspring,0,0,TINYIMAGENET,930,main_b1000_tinyimagenet_alexnet_GEN_kp10_seed456,0.1,0.42495,103,False,0.1,alexnet,False,0,0,2,0.42495,924,6,0.42495,923,5,0,3,0.1,TINYIMAGENET_alexnet_GEN_accuracy_kp1000_seed456,456,8000,930,42,accuracy,100456,0.42495,5,2.975453580713272,19.306758657097816,10,2.975453580713272,valid,0.4207904563975679,0.4292166727959619,0.42495000000000005,100456
GEN,0.42495,410,410,offspring,0,0,TINYIMAGENET,931,main_b1000_tinyimagenet_alexnet_GEN_kp10_seed456,0.1,0.42495,103,False,0.1,alexnet,False,0,0,1,0.42495,925,7,0.42495,926,8,0,4,0.1,TINYIMAGENET_alexnet_GEN_accuracy_kp1000_seed456,456,8000,931,42,accuracy,100456,0.42495,5,2.975453580713272,14.001761227846146,10,2.975453580713272,valid,0.4207904563975679,0.4292166727959619,0.42495000000000005,100456
GEN,0.42495,410,410,offspring,0,0,TINYIMAGENET,932,main_b1000_tinyimagenet_alexnet_GEN_kp10_seed456,0.1,0.42495,103,False,0.1,alexnet,False,0,0,2,0.42495,925,7,0.42495,926,8,0,5,0.1,TINYIMAGENET_alexnet_GEN_accuracy_kp1000_seed456,456,8000,932,42,accuracy,100456,0.42495,5,2.975453580713272,13.974260710179806,10,2.975453580713272,valid,0.4207904563975679,0.4292166727959619,0.42495000000000005,100456
GEN,0.42495,410,410,offspring,0,0,TINYIMAGENET,933,main_b1000_tinyimagenet_alexnet_GEN_kp10_seed456,0.1,0.42495,103,False,0.1,alexnet,False,0,0,1,0.42495,921,3,0.42495,925,7,0,6,0.1,TINYIMAGENET_alexnet_GEN_accuracy_kp1000_seed456,456,8000,933,42,accuracy,100456,0.42495,5,2.975453580713272,13.971924252808094,10,2.975453580713272,valid,0.4207904563975679,0.4292166727959619,0.42495000000000005,100456
GEN,0.42495,410,410,offspring,0,0,TINYIMAGENET,934,main_b1000_tinyimagenet_alexnet_GEN_kp10_seed456,0.1,0.42495,103,False,0.1,alexnet,False,0,0,2,0.42495,921,3,0.42495,925,7,0,7,0.1,TINYIMAGENET_alexnet_GEN_accuracy_kp1000_seed456,456,8000,934,42,accuracy,100456,0.42495,5,2.975453580713272,14.102621398866177,10,2.975453580713272,valid,0.4207904563975679,0.4292166727959619,0.42495000000000005,100456
GEN,0.42495,410,410,offspring,0,0,TINYIMAGENET,935,main_b1000_tinyimagenet_alexnet_GEN_kp10_seed456,0.1,0.42495,103,False,0.1,alexnet,False,0,0,1,0.42495,922,4,0.42495,923,5,0,8,0.1,TINYIMAGENET_alexnet_GEN_accuracy_kp1000_seed456,456,8000,935,42,accuracy,100456,0.42495,5,2.975453580713272,14.231792859733105,10,2.975453580713272,valid,0.4207904563975679,0.4292166727959619,0.42495000000000005,100456
GEN,0.42495,410,410,offspring,0,0,TINYIMAGENET,936,main_b1000_tinyimagenet_alexnet_GEN_kp10_seed456,0.1,0.41625,103,False,0.1,alexnet,True,800,400,2,0.42495,922,4,0.42495,923,5,0,9,0.1,TINYIMAGENET_alexnet_GEN_accuracy_kp1000_seed456,456,8000,936,42,accuracy,100456,0.41625,4,2.963485202884674,14.188596293330193,10,2.963485202884674,valid,0.4121708939254991,0.42556393373792345,0.41625,100456
GEN,0.42495,410,410,offspring,0,0,TINYIMAGENET,937,main_b1000_tinyimagenet_alexnet_GEN_kp10_seed456,0.1,0.42495,103,False,0.1,alexnet,False,0,0,1,0.42495,924,6,0.42495,922,4,0,10,0.1,TINYIMAGENET_alexnet_GEN_accuracy_kp1000_seed456,456,8000,937,42,accuracy,100456,0.42495,5,2.975453580713272,14.020156860351562,10,2.975453580713272,valid,0.4207904563975679,0.4292166727959619,0.42495000000000005,100456
GEN,0.42495,410,410,offspring,0,0,TINYIMAGENET,938,main_b1000_tinyimagenet_alexnet_GEN_kp10_seed456,0.1,0.42495,104,False,0.1,alexnet,False,0,0,1,0.42495,937,10,0.42495,930,3,0,2,0.1,TINYIMAGENET_alexnet_GEN_accuracy_kp1000_seed456,456,8000,938,42,accuracy,100456,0.42495,5,2.975453580713272,13.962571427226067,10,2.975453580713272,valid,0.4207904563975679,0.4292166727959619,0.42495000000000005,100456
GEN,0.42495,410,410,offspring,0,0,TINYIMAGENET,939,main_b1000_tinyimagenet_alexnet_GEN_kp10_seed456,0.1,0.42495,104,False,0.1,alexnet,False,0,0,2,0.42495,937,10,0.42495,930,3,0,3,0.1,TINYIMAGENET_alexnet_GEN_accuracy_kp1000_seed456,456,8000,939,42,accuracy,100456,0.42495,5,2.975453580713272,14.094581991434097,10,2.975453580713272,valid,0.4207904563975679,0.4292166727959619,0.42495000000000005,100456
GEN,0.42495,410,410,offspring,0,0,TINYIMAGENET,940,main_b1000_tinyimagenet_alexnet_GEN_kp10_seed456,0.1,0.42495,104,False,0.1,alexnet,False,0,0,1,0.42495,935,8,0.42495,932,5,0,4,0.1,TINYIMAGENET_alexnet_GEN_accuracy_kp1000_seed456,456,8000,940,42,accuracy,100456,0.42495,5,2.975453580713272,13.952912747859955,10,2.975453580713272,valid,0.4207904563975679,0.4292166727959619,0.42495000000000005,100456
GEN,0.42495,410,410,offspring,0,0,TINYIMAGENET,941,main_b1000_tinyimagenet_alexnet_GEN_kp10_seed456,0.1,0.42495,104,False,0.1,alexnet,False,0,0,2,0.42495,935,8,0.42495,932,5,0,5,0.1,TINYIMAGENET_alexnet_GEN_accuracy_kp1000_seed456,456,8000,941,42,accuracy,100456,0.42495,5,2.975453580713272,13.939893797039986,10,2.975453580713272,valid,0.4207904563975679,0.4292166727959619,0.42495000000000005,100456
GEN,0.42495,410,410,offspring,0,0,TINYIMAGENET,942,main_b1000_tinyimagenet_alexnet_GEN_kp10_seed456,0.1,0.42495,104,False,0.1,alexnet,False,0,0,1,0.42495,931,4,0.42495,410,1,0,6,0.1,TINYIMAGENET_alexnet_GEN_accuracy_kp1000_seed456,456,8000,942,42,accuracy,100456,0.42495,5,2.975453580713272,13.919294603168964,10,2.975453580713272,valid,0.4207904563975679,0.4292166727959619,0.42495000000000005,100456
GEN,0.42495,410,410,offspring,0,0,TINYIMAGENET,943,main_b1000_tinyimagenet_alexnet_GEN_kp10_seed456,0.1,0.42495,104,False,0.1,alexnet,False,0,0,2,0.42495,931,4,0.42495,410,1,0,7,0.1,TINYIMAGENET_alexnet_GEN_accuracy_kp1000_seed456,456,8000,943,42,accuracy,100456,0.42495,5,2.975453580713272,13.975349843502045,10,2.975453580713272,valid,0.4207904563975679,0.4292166727959619,0.42495000000000005,100456
GEN,0.42495,410,410,offspring,0,0,TINYIMAGENET,944,main_b1000_tinyimagenet_alexnet_GEN_kp10_seed456,0.1,0.42495,104,False,0.1,alexnet,False,0,0,1,0.42495,937,10,0.42495,932,5,0,8,0.1,TINYIMAGENET_alexnet_GEN_accuracy_kp1000_seed456,456,8000,944,42,accuracy,100456,0.42495,5,2.975453580713272,13.986902825534344,10,2.975453580713272,valid,0.4207904563975679,0.4292166727959619,0.42495000000000005,100456
GEN,0.42495,410,410,offspring,0,0,TINYIMAGENET,945,main_b1000_tinyimagenet_alexnet_GEN_kp10_seed456,0.1,0.42495,104,False,0.1,alexnet,False,0,0,2,0.42495,937,10,0.42495,932,5,0,9,0.1,TINYIMAGENET_alexnet_GEN_accuracy_kp1000_seed456,456,8000,945,42,accuracy,100456,0.42495,5,2.975453580713272,13.896255813539028,10,2.975453580713272,valid,0.4207904563975679,0.4292166727959619,0.42495000000000005,100456
GEN,0.42495,410,410,offspring,0,0,TINYIMAGENET,946,main_b1000_tinyimagenet_alexnet_GEN_kp10_seed456,0.1,0.42495,104,False,0.1,alexnet,False,0,0,1,0.42495,930,3,0.42495,933,6,0,10,0.1,TINYIMAGENET_alexnet_GEN_accuracy_kp1000_seed456,456,8000,946,42,accuracy,100456,0.42495,5,2.975453580713272,13.868562631309032,10,2.975453580713272,valid,0.4207904563975679,0.4292166727959619,0.42495000000000005,100456
GEN,0.42495,410,410,offspring,0,0,TINYIMAGENET,947,main_b1000_tinyimagenet_alexnet_GEN_kp10_seed456,0.1,0.42495,105,False,0.1,alexnet,False,0,0,1,0.42495,940,4,0.42495,945,9,0,2,0.1,TINYIMAGENET_alexnet_GEN_accuracy_kp1000_seed456,456,8000,947,42,accuracy,100456,0.42495,5,2.975453580713272,13.907848298549652,10,2.975453580713272,valid,0.4207904563975679,0.4292166727959619,0.42495000000000005,100456
GEN,0.42495,410,410,offspring,0,0,TINYIMAGENET,948,main_b1000_tinyimagenet_alexnet_GEN_kp10_seed456,0.1,0.4161,105,False,0.1,alexnet,True,800,400,2,0.42495,940,4,0.42495,945,9,0,3,0.1,TINYIMAGENET_alexnet_GEN_accuracy_kp1000_seed456,456,8000,948,42,accuracy,100456,0.4161,4,2.97087110042572,14.069549433887005,10,2.97087110042572,valid,0.4131703199520686,0.4269794322188371,0.41609999999999997,100456
GEN,0.42495,410,410,offspring,0,0,TINYIMAGENET,949,main_b1000_tinyimagenet_alexnet_GEN_kp10_seed456,0.1,0.42495,105,False,0.1,alexnet,False,0,0,1,0.42495,946,10,0.42495,941,5,0,4,0.1,TINYIMAGENET_alexnet_GEN_accuracy_kp1000_seed456,456,8000,949,42,accuracy,100456,0.42495,5,2.975453580713272,14.022124767303467,10,2.975453580713272,valid,0.4207904563975679,0.4292166727959619,0.42495000000000005,100456
GEN,0.42495,410,410,offspring,0,0,TINYIMAGENET,950,main_b1000_tinyimagenet_alexnet_GEN_kp10_seed456,0.1,0.42495,105,False,0.1,alexnet,False,0,0,2,0.42495,946,10,0.42495,941,5,0,5,0.1,TINYIMAGENET_alexnet_GEN_accuracy_kp1000_seed456,456,8000,950,42,accuracy,100456,0.42495,5,2.975453580713272,13.914187163114548,10,2.975453580713272,valid,0.4207904563975679,0.4292166727959619,0.42495000000000005,100456
GEN,0.42495,410,410,offspring,0,0,TINYIMAGENET,951,main_b1000_tinyimagenet_alexnet_GEN_kp10_seed456,0.1,0.42495,105,False,0.1,alexnet,False,0,0,1,0.42495,942,6,0.42495,941,5,0,6,0.1,TINYIMAGENET_alexnet_GEN_accuracy_kp1000_seed456,456,8000,951,42,accuracy,100456,0.42495,5,2.975453580713272,13.987441837787628,10,2.975453580713272,valid,0.4207904563975679,0.4292166727959619,0.42495000000000005,100456
GEN,0.42495,410,410,offspring,0,0,TINYIMAGENET,952,main_b1000_tinyimagenet_alexnet_GEN_kp10_seed456,0.1,0.42495,105,False,0.1,alexnet,False,0,0,2,0.42495,942,6,0.42495,941,5,0,7,0.1,TINYIMAGENET_alexnet_GEN_accuracy_kp1000_seed456,456,8000,952,42,accuracy,100456,0.42495,5,2.975453580713272,13.96595761924982,10,2.975453580713272,valid,0.4207904563975679,0.4292166727959619,0.42495000000000005,100456
GEN,0.42495,410,410,offspring,0,0,TINYIMAGENET,953,main_b1000_tinyimagenet_alexnet_GEN_kp10_seed456,0.1,0.42495,105,False,0.1,alexnet,False,0,0,1,0.42495,940,4,0.42495,938,2,0,8,0.1,TINYIMAGENET_alexnet_GEN_accuracy_kp1000_seed456,456,8000,953,42,accuracy,100456,0.42495,5,2.975453580713272,13.987882032990456,10,2.975453580713272,valid,0.4207904563975679,0.4292166727959619,0.42495000000000005,100456
GEN,0.42495,410,410,offspring,0,0,TINYIMAGENET,954,main_b1000_tinyimagenet_alexnet_GEN_kp10_seed456,0.1,0.41235,105,False,0.1,alexnet,True,800,400,2,0.42495,940,4,0.42495,938,2,0,9,0.1,TINYIMAGENET_alexnet_GEN_accuracy_kp1000_seed456,456,8000,954,42,accuracy,100456,0.41235,4,2.9833587835311888,13.97105535119772,10,2.9833587835311888,valid,0.4099353739361344,0.4273370829098968,0.41235,100456
GEN,0.42495,410,410,offspring,0,0,TINYIMAGENET,955,main_b1000_tinyimagenet_alexnet_GEN_kp10_seed456,0.1,0.42495,105,False,0.1,alexnet,False,0,0,1,0.42495,939,3,0.42495,945,9,0,10,0.1,TINYIMAGENET_alexnet_GEN_accuracy_kp1000_seed456,456,8000,955,42,accuracy,100456,0.42495,5,2.975453580713272,13.98494577407837,10,2.975453580713272,valid,0.4207904563975679,0.4292166727959619,0.42495000000000005,100456
GEN,0.42495,410,410,offspring,0,0,TINYIMAGENET,956,main_b1000_tinyimagenet_alexnet_GEN_kp10_seed456,0.1,0.42495,106,False,0.1,alexnet,False,0,0,1,0.42495,947,2,0.42495,955,10,0,2,0.1,TINYIMAGENET_alexnet_GEN_accuracy_kp1000_seed456,456,8000,956,42,accuracy,100456,0.42495,5,2.975453580713272,13.928725816309452,10,2.975453580713272,valid,0.4207904563975679,0.4292166727959619,0.42495000000000005,100456
GEN,0.42495,410,410,offspring,0,0,TINYIMAGENET,957,main_b1000_tinyimagenet_alexnet_GEN_kp10_seed456,0.1,0.42495,106,False,0.1,alexnet,False,0,0,2,0.42495,947,2,0.42495,955,10,0,3,0.1,TINYIMAGENET_alexnet_GEN_accuracy_kp1000_seed456,456,8000,957,42,accuracy,100456,0.42495,5,2.975453580713272,13.822914369404316,10,2.975453580713272,valid,0.4207904563975679,0.4292166727959619,0.42495000000000005,100456
GEN,0.42495,410,410,offspring,0,0,TINYIMAGENET,958,main_b1000_tinyimagenet_alexnet_GEN_kp10_seed456,0.1,0.42495,106,False,0.1,alexnet,False,0,0,1,0.42495,953,8,0.42495,950,5,0,4,0.1,TINYIMAGENET_alexnet_GEN_accuracy_kp1000_seed456,456,8000,958,42,accuracy,100456,0.42495,5,2.975453580713272,13.984769344329834,10,2.975453580713272,valid,0.4207904563975679,0.4292166727959619,0.42495000000000005,100456
GEN,0.42495,410,410,offspring,0,0,TINYIMAGENET,959,main_b1000_tinyimagenet_alexnet_GEN_kp10_seed456,0.1,0.42495,106,False,0.1,alexnet,False,0,0,2,0.42495,953,8,0.42495,950,5,0,5,0.1,TINYIMAGENET_alexnet_GEN_accuracy_kp1000_seed456,456,8000,959,42,accuracy,100456,0.42495,5,2.975453580713272,14.037428967654705,10,2.975453580713272,valid,0.4207904563975679,0.4292166727959619,0.42495000000000005,100456
GEN,0.42495,410,410,offspring,0,0,TINYIMAGENET,960,main_b1000_tinyimagenet_alexnet_GEN_kp10_seed456,0.1,0.42495,106,False,0.1,alexnet,False,0,0,1,0.42495,951,6,0.42495,953,8,0,6,0.1,TINYIMAGENET_alexnet_GEN_accuracy_kp1000_seed456,456,8000,960,42,accuracy,100456,0.42495,5,2.975453580713272,13.98663728684187,10,2.975453580713272,valid,0.4207904563975679,0.4292166727959619,0.42495000000000005,100456
GEN,0.42495,410,410,offspring,0,0,TINYIMAGENET,961,main_b1000_tinyimagenet_alexnet_GEN_kp10_seed456,0.1,0.42495,106,False,0.1,alexnet,False,0,0,2,0.42495,951,6,0.42495,953,8,0,7,0.1,TINYIMAGENET_alexnet_GEN_accuracy_kp1000_seed456,456,8000,961,42,accuracy,100456,0.42495,5,2.975453580713272,14.122955568134785,10,2.975453580713272,valid,0.4207904563975679,0.4292166727959619,0.42495000000000005,100456
GEN,0.42495,410,410,offspring,0,0,TINYIMAGENET,962,main_b1000_tinyimagenet_alexnet_GEN_kp10_seed456,0.1,0.42495,106,False,0.1,alexnet,False,0,0,1,0.42495,410,1,0.42495,953,8,0,8,0.1,TINYIMAGENET_alexnet_GEN_accuracy_kp1000_seed456,456,8000,962,42,accuracy,100456,0.42495,5,2.975453580713272,14.14950131624937,10,2.975453580713272,valid,0.4207904563975679,0.4292166727959619,0.42495000000000005,100456
GEN,0.42495,410,410,offspring,0,0,TINYIMAGENET,963,main_b1000_tinyimagenet_alexnet_GEN_kp10_seed456,0.1,0.42495,106,False,0.1,alexnet,False,0,0,2,0.42495,410,1,0.42495,953,8,0,9,0.1,TINYIMAGENET_alexnet_GEN_accuracy_kp1000_seed456,456,8000,963,42,accuracy,100456,0.42495,5,2.975453580713272,14.05822767317295,10,2.975453580713272,valid,0.4207904563975679,0.4292166727959619,0.42495000000000005,100456
GEN,0.42495,410,410,offspring,0,0,TINYIMAGENET,964,main_b1000_tinyimagenet_alexnet_GEN_kp10_seed456,0.1,0.42495,106,False,0.1,alexnet,False,0,0,1,0.42495,949,4,0.42495,953,8,0,10,0.1,TINYIMAGENET_alexnet_GEN_accuracy_kp1000_seed456,456,8000,964,42,accuracy,100456,0.42495,5,2.975453580713272,14.026652589440346,10,2.975453580713272,valid,0.4207904563975679,0.4292166727959619,0.42495000000000005,100456
GEN,0.42495,410,410,offspring,0,0,TINYIMAGENET,965,main_b1000_tinyimagenet_alexnet_GEN_kp10_seed456,0.1,0.42495,107,False,0.1,alexnet,False,0,0,1,0.42495,961,7,0.42495,962,8,0,2,0.1,TINYIMAGENET_alexnet_GEN_accuracy_kp1000_seed456,456,8000,965,42,accuracy,100456,0.42495,5,2.975453580713272,14.144966565072536,10,2.975453580713272,valid,0.4207904563975679,0.4292166727959619,0.42495000000000005,100456
GEN,0.42495,410,410,offspring,0,0,TINYIMAGENET,966,main_b1000_tinyimagenet_alexnet_GEN_kp10_seed456,0.1,0.42495,107,False,0.1,alexnet,False,0,0,2,0.42495,961,7,0.42495,962,8,0,3,0.1,TINYIMAGENET_alexnet_GEN_accuracy_kp1000_seed456,456,8000,966,42,accuracy,100456,0.42495,5,2.975453580713272,14.103850901126862,10,2.975453580713272,valid,0.4207904563975679,0.4292166727959619,0.42495000000000005,100456
GEN,0.42495,410,410,offspring,0,0,TINYIMAGENET,967,main_b1000_tinyimagenet_alexnet_GEN_kp10_seed456,0.1,0.42495,107,False,0.1,alexnet,False,0,0,1,0.42495,960,6,0.42495,958,4,0,4,0.1,TINYIMAGENET_alexnet_GEN_accuracy_kp1000_seed456,456,8000,967,42,accuracy,100456,0.42495,5,2.975453580713272,14.08867360651493,10,2.975453580713272,valid,0.4207904563975679,0.4292166727959619,0.42495000000000005,100456
GEN,0.42495,410,410,offspring,0,0,TINYIMAGENET,968,main_b1000_tinyimagenet_alexnet_GEN_kp10_seed456,0.1,0.42495,107,False,0.1,alexnet,False,0,0,2,0.42495,960,6,0.42495,958,4,0,5,0.1,TINYIMAGENET_alexnet_GEN_accuracy_kp1000_seed456,456,8000,968,42,accuracy,100456,0.42495,5,2.975453580713272,14.005237735807896,10,2.975453580713272,valid,0.4207904563975679,0.4292166727959619,0.42495000000000005,100456
GEN,0.42495,410,410,offspring,0,0,TINYIMAGENET,969,main_b1000_tinyimagenet_alexnet_GEN_kp10_seed456,0.1,0.4141,107,False,0.1,alexnet,True,800,400,1,0.42495,958,4,0.42495,963,9,0,6,0.1,TINYIMAGENET_alexnet_GEN_accuracy_kp1000_seed456,456,8000,969,42,accuracy,100456,0.4141,4,2.9569483553886413,13.979846894741058,10,2.9569483553886413,valid,0.4121159941309853,0.4260597964227702,0.4141,100456
GEN,0.42495,410,410,offspring,0,0,TINYIMAGENET,970,main_b1000_tinyimagenet_alexnet_GEN_kp10_seed456,0.1,0.42495,107,False,0.1,alexnet,False,0,0,2,0.42495,958,4,0.42495,963,9,0,7,0.1,TINYIMAGENET_alexnet_GEN_accuracy_kp1000_seed456,456,8000,970,42,accuracy,100456,0.42495,5,2.975453580713272,14.00725319236517,10,2.975453580713272,valid,0.4207904563975679,0.4292166727959619,0.42495000000000005,100456
GEN,0.42495,410,410,offspring,0,0,TINYIMAGENET,971,main_b1000_tinyimagenet_alexnet_GEN_kp10_seed456,0.1,0.42495,107,False,0.1,alexnet,False,0,0,1,0.42495,410,1,0.42495,957,3,0,8,0.1,TINYIMAGENET_alexnet_GEN_accuracy_kp1000_seed456,456,8000,971,42,accuracy,100456,0.42495,5,2.975453580713272,14.029529646039009,10,2.975453580713272,valid,0.4207904563975679,0.4292166727959619,0.42495000000000005,100456
GEN,0.42495,410,410,offspring,0,0,TINYIMAGENET,972,main_b1000_tinyimagenet_alexnet_GEN_kp10_seed456,0.1,0.42495,107,False,0.1,alexnet,False,0,0,2,0.42495,410,1,0.42495,957,3,0,9,0.1,TINYIMAGENET_alexnet_GEN_accuracy_kp1000_seed456,456,8000,972,42,accuracy,100456,0.42495,5,2.975453580713272,13.953536450862885,10,2.975453580713272,valid,0.4207904563975679,0.4292166727959619,0.42495000000000005,100456
GEN,0.42495,410,410,offspring,0,0,TINYIMAGENET,973,main_b1000_tinyimagenet_alexnet_GEN_kp10_seed456,0.1,0.42495,107,False,0.1,alexnet,False,0,0,1,0.42495,960,6,0.42495,410,1,0,10,0.1,TINYIMAGENET_alexnet_GEN_accuracy_kp1000_seed456,456,8000,973,42,accuracy,100456,0.42495,5,2.975453580713272,14.086788728833199,10,2.975453580713272,valid,0.4207904563975679,0.4292166727959619,0.42495000000000005,100456
GEN,0.42495,410,410,offspring,0,0,TINYIMAGENET,974,main_b1000_tinyimagenet_alexnet_GEN_kp10_seed456,0.1,0.42495,108,False,0.1,alexnet,False,0,0,1,0.42495,965,2,0.42495,973,10,0,2,0.1,TINYIMAGENET_alexnet_GEN_accuracy_kp1000_seed456,456,8000,974,42,accuracy,100456,0.42495,5,2.975453580713272,14.278435036540031,10,2.975453580713272,valid,0.4207904563975679,0.4292166727959619,0.42495000000000005,100456
GEN,0.42495,410,410,offspring,0,0,TINYIMAGENET,975,main_b1000_tinyimagenet_alexnet_GEN_kp10_seed456,0.1,0.42495,108,False,0.1,alexnet,False,0,0,2,0.42495,965,2,0.42495,973,10,0,3,0.1,TINYIMAGENET_alexnet_GEN_accuracy_kp1000_seed456,456,8000,975,42,accuracy,100456,0.42495,5,2.975453580713272,14.25252777338028,10,2.975453580713272,valid,0.4207904563975679,0.4292166727959619,0.42495000000000005,100456
GEN,0.42495,410,410,offspring,0,0,TINYIMAGENET,976,main_b1000_tinyimagenet_alexnet_GEN_kp10_seed456,0.1,0.41565,108,False,0.1,alexnet,True,800,400,1,0.42495,972,9,0.42495,966,3,0,4,0.1,TINYIMAGENET_alexnet_GEN_accuracy_kp1000_seed456,456,8000,976,42,accuracy,100456,0.41565,4,2.979734127521515,14.184807613492012,10,2.979734127521515,valid,0.4104118070540438,0.4251422868209114,0.41564999999999996,100456
GEN,0.42495,410,410,offspring,0,0,TINYIMAGENET,977,main_b1000_tinyimagenet_alexnet_GEN_kp10_seed456,0.1,0.42495,108,False,0.1,alexnet,False,0,0,2,0.42495,972,9,0.42495,966,3,0,5,0.1,TINYIMAGENET_alexnet_GEN_accuracy_kp1000_seed456,456,8000,977,42,accuracy,100456,0.42495,5,2.975453580713272,14.196243897080421,10,2.975453580713272,valid,0.4207904563975679,0.4292166727959619,0.42495000000000005,100456
GEN,0.42495,410,410,offspring,0,0,TINYIMAGENET,978,main_b1000_tinyimagenet_alexnet_GEN_kp10_seed456,0.1,0.42495,108,False,0.1,alexnet,False,0,0,1,0.42495,410,1,0.42495,971,8,0,6,0.1,TINYIMAGENET_alexnet_GEN_accuracy_kp1000_seed456,456,8000,978,42,accuracy,100456,0.42495,5,2.975453580713272,14.200626388192177,10,2.975453580713272,valid,0.4207904563975679,0.4292166727959619,0.42495000000000005,100456
GEN,0.42495,410,410,offspring,0,0,TINYIMAGENET,979,main_b1000_tinyimagenet_alexnet_GEN_kp10_seed456,0.1,0.42495,108,False,0.1,alexnet,False,0,0,2,0.42495,410,1,0.42495,971,8,0,7,0.1,TINYIMAGENET_alexnet_GEN_accuracy_kp1000_seed456,456,8000,979,42,accuracy,100456,0.42495,5,2.975453580713272,14.21191856265068,10,2.975453580713272,valid,0.4207904563975679,0.4292166727959619,0.42495000000000005,100456
GEN,0.42495,410,410,offspring,0,0,TINYIMAGENET,980,main_b1000_tinyimagenet_alexnet_GEN_kp10_seed456,0.1,0.42495,108,False,0.1,alexnet,False,0,0,1,0.42495,971,8,0.42495,965,2,0,8,0.1,TINYIMAGENET_alexnet_GEN_accuracy_kp1000_seed456,456,8000,980,42,accuracy,100456,0.42495,5,2.975453580713272,14.157989650964737,10,2.975453580713272,valid,0.4207904563975679,0.4292166727959619,0.42495000000000005,100456
GEN,0.42495,410,410,offspring,0,0,TINYIMAGENET,981,main_b1000_tinyimagenet_alexnet_GEN_kp10_seed456,0.1,0.42495,108,False,0.1,alexnet,False,0,0,2,0.42495,971,8,0.42495,965,2,0,9,0.1,TINYIMAGENET_alexnet_GEN_accuracy_kp1000_seed456,456,8000,981,42,accuracy,100456,0.42495,5,2.975453580713272,14.148059979081154,10,2.975453580713272,valid,0.4207904563975679,0.4292166727959619,0.42495000000000005,100456
GEN,0.42495,410,410,offspring,0,0,TINYIMAGENET,982,main_b1000_tinyimagenet_alexnet_GEN_kp10_seed456,0.1,0.42495,108,False,0.1,alexnet,False,0,0,1,0.42495,966,3,0.42495,972,9,0,10,0.1,TINYIMAGENET_alexnet_GEN_accuracy_kp1000_seed456,456,8000,982,42,accuracy,100456,0.42495,5,2.975453580713272,13.6319280564785,10,2.975453580713272,valid,0.4207904563975679,0.4292166727959619,0.42495000000000005,100456
GEN,0.42495,410,410,offspring,0,0,TINYIMAGENET,983,main_b1000_tinyimagenet_alexnet_GEN_kp10_seed456,0.1,0.42495,109,False,0.1,alexnet,False,0,0,1,0.42495,975,3,0.42495,974,2,0,2,0.1,TINYIMAGENET_alexnet_GEN_accuracy_kp1000_seed456,456,8000,983,42,accuracy,100456,0.42495,5,2.975453580713272,13.801273360848427,10,2.975453580713272,valid,0.4207904563975679,0.4292166727959619,0.42495000000000005,100456
GEN,0.42495,410,410,offspring,0,0,TINYIMAGENET,984,main_b1000_tinyimagenet_alexnet_GEN_kp10_seed456,0.1,0.42495,109,False,0.1,alexnet,False,0,0,2,0.42495,975,3,0.42495,974,2,0,3,0.1,TINYIMAGENET_alexnet_GEN_accuracy_kp1000_seed456,456,8000,984,42,accuracy,100456,0.42495,5,2.975453580713272,13.414923168718815,10,2.975453580713272,valid,0.4207904563975679,0.4292166727959619,0.42495000000000005,100456
GEN,0.42495,410,410,offspring,0,0,TINYIMAGENET,985,main_b1000_tinyimagenet_alexnet_GEN_kp10_seed456,0.1,0.42495,109,False,0.1,alexnet,False,0,0,1,0.42495,410,1,0.42495,974,2,0,4,0.1,TINYIMAGENET_alexnet_GEN_accuracy_kp1000_seed456,456,8000,985,42,accuracy,100456,0.42495,5,2.975453580713272,13.234815396368504,10,2.975453580713272,valid,0.4207904563975679,0.4292166727959619,0.42495000000000005,100456
GEN,0.42495,410,410,offspring,0,0,TINYIMAGENET,986,main_b1000_tinyimagenet_alexnet_GEN_kp10_seed456,0.1,0.42495,109,False,0.1,alexnet,False,0,0,2,0.42495,410,1,0.42495,974,2,0,5,0.1,TINYIMAGENET_alexnet_GEN_accuracy_kp1000_seed456,456,8000,986,42,accuracy,100456,0.42495,5,2.975453580713272,13.259113736450672,10,2.975453580713272,valid,0.4207904563975679,0.4292166727959619,0.42495000000000005,100456
GEN,0.42495,410,410,offspring,0,0,TINYIMAGENET,987,main_b1000_tinyimagenet_alexnet_GEN_kp10_seed456,0.1,0.42495,109,False,0.1,alexnet,False,0,0,1,0.42495,977,5,0.42495,979,7,0,6,0.1,TINYIMAGENET_alexnet_GEN_accuracy_kp1000_seed456,456,8000,987,42,accuracy,100456,0.42495,5,2.975453580713272,24.178747177124023,10,2.975453580713272,valid,0.4207904563975679,0.4292166727959619,0.42495000000000005,100456
GEN,0.42495,410,410,offspring,0,0,TINYIMAGENET,988,main_b1000_tinyimagenet_alexnet_GEN_kp10_seed456,0.1,0.41375,109,False,0.1,alexnet,True,800,400,2,0.42495,977,5,0.42495,979,7,0,7,0.1,TINYIMAGENET_alexnet_GEN_accuracy_kp1000_seed456,456,8000,988,42,accuracy,100456,0.41375,4,2.9821364862918855,14.00035211443901,10,2.9821364862918855,valid,0.40908980380626425,0.4226669413308599,0.41375,100456
GEN,0.42495,410,410,offspring,0,0,TINYIMAGENET,989,main_b1000_tinyimagenet_alexnet_GEN_kp10_seed456,0.1,0.42495,109,False,0.1,alexnet,False,0,0,1,0.42495,977,5,0.42495,975,3,0,8,0.1,TINYIMAGENET_alexnet_GEN_accuracy_kp1000_seed456,456,8000,989,42,accuracy,100456,0.42495,5,2.975453580713272,13.970576256513596,10,2.975453580713272,valid,0.4207904563975679,0.4292166727959619,0.42495000000000005,100456
GEN,0.42495,410,410,offspring,0,0,TINYIMAGENET,990,main_b1000_tinyimagenet_alexnet_GEN_kp10_seed456,0.1,0.42495,109,False,0.1,alexnet,False,0,0,2,0.42495,977,5,0.42495,975,3,0,9,0.1,TINYIMAGENET_alexnet_GEN_accuracy_kp1000_seed456,456,8000,990,42,accuracy,100456,0.42495,5,2.975453580713272,14.047074176371098,10,2.975453580713272,valid,0.4207904563975679,0.4292166727959619,0.42495000000000005,100456
GEN,0.42495,410,410,offspring,0,0,TINYIMAGENET,991,main_b1000_tinyimagenet_alexnet_GEN_kp10_seed456,0.1,0.42495,109,False,0.1,alexnet,False,0,0,1,0.42495,974,2,0.42495,977,5,0,10,0.1,TINYIMAGENET_alexnet_GEN_accuracy_kp1000_seed456,456,8000,991,42,accuracy,100456,0.42495,5,2.975453580713272,14.082034185528755,10,2.975453580713272,valid,0.4207904563975679,0.4292166727959619,0.42495000000000005,100456
GEN,0.42495,410,410,offspring,0,0,TINYIMAGENET,992,main_b1000_tinyimagenet_alexnet_GEN_kp10_seed456,0.1,0.41845,110,False,0.1,alexnet,True,800,400,1,0.42495,410,1,0.42495,984,3,0,2,0.1,TINYIMAGENET_alexnet_GEN_accuracy_kp1000_seed456,456,8000,992,42,accuracy,100456,0.41845,4,2.963180132436752,14.238318517804146,10,2.963180132436752,valid,0.41329738600519633,0.4231141763210736,0.41845,100456
GEN,0.42495,410,410,offspring,0,0,TINYIMAGENET,993,main_b1000_tinyimagenet_alexnet_GEN_kp10_seed456,0.1,0.42495,110,False,0.1,alexnet,False,0,0,2,0.42495,410,1,0.42495,984,3,0,3,0.1,TINYIMAGENET_alexnet_GEN_accuracy_kp1000_seed456,456,8000,993,42,accuracy,100456,0.42495,5,2.975453580713272,14.026212006807327,10,2.975453580713272,valid,0.4207904563975679,0.4292166727959619,0.42495000000000005,100456
GEN,0.42495,410,410,offspring,0,0,TINYIMAGENET,994,main_b1000_tinyimagenet_alexnet_GEN_kp10_seed456,0.1,0.4151,110,False,0.1,alexnet,True,800,400,1,0.42495,410,1,0.42495,983,2,0,4,0.1,TINYIMAGENET_alexnet_GEN_accuracy_kp1000_seed456,456,8000,994,42,accuracy,100456,0.4151,4,2.9593270977020265,14.030025102198124,10,2.9593270977020265,valid,0.412012586784921,0.4258209199413251,0.4151,100456
GEN,0.42495,410,410,offspring,0,0,TINYIMAGENET,995,main_b1000_tinyimagenet_alexnet_GEN_kp10_seed456,0.1,0.42495,110,False,0.1,alexnet,False,0,0,2,0.42495,410,1,0.42495,983,2,0,5,0.1,TINYIMAGENET_alexnet_GEN_accuracy_kp1000_seed456,456,8000,995,42,accuracy,100456,0.42495,5,2.975453580713272,14.013064458966255,10,2.975453580713272,valid,0.4207904563975679,0.4292166727959619,0.42495000000000005,100456
GEN,0.42495,410,410,offspring,0,0,TINYIMAGENET,996,main_b1000_tinyimagenet_alexnet_GEN_kp10_seed456,0.1,0.42495,110,False,0.1,alexnet,False,0,0,1,0.42495,991,10,0.42495,985,4,0,6,0.1,TINYIMAGENET_alexnet_GEN_accuracy_kp1000_seed456,456,8000,996,42,accuracy,100456,0.42495,5,2.975453580713272,14.042023189365864,10,2.975453580713272,valid,0.4207904563975679,0.4292166727959619,0.42495000000000005,100456
GEN,0.42495,410,410,offspring,0,0,TINYIMAGENET,997,main_b1000_tinyimagenet_alexnet_GEN_kp10_seed456,0.1,0.42495,110,False,0.1,alexnet,False,0,0,2,0.42495,991,10,0.42495,985,4,0,7,0.1,TINYIMAGENET_alexnet_GEN_accuracy_kp1000_seed456,456,8000,997,42,accuracy,100456,0.42495,5,2.975453580713272,14.182849690318108,10,2.975453580713272,valid,0.4207904563975679,0.4292166727959619,0.42495000000000005,100456
GEN,0.42495,410,410,offspring,0,0,TINYIMAGENET,998,main_b1000_tinyimagenet_alexnet_GEN_kp10_seed456,0.1,0.42495,110,False,0.1,alexnet,False,0,0,1,0.42495,990,9,0.42495,987,6,0,8,0.1,TINYIMAGENET_alexnet_GEN_accuracy_kp1000_seed456,456,8000,998,42,accuracy,100456,0.42495,5,2.975453580713272,14.119072072207928,10,2.975453580713272,valid,0.4207904563975679,0.4292166727959619,0.42495000000000005,100456
GEN,0.42495,410,410,offspring,0,0,TINYIMAGENET,999,main_b1000_tinyimagenet_alexnet_GEN_kp10_seed456,0.1,0.41255,110,False,0.1,alexnet,True,800,400,2,0.42495,990,9,0.42495,987,6,0,9,0.1,TINYIMAGENET_alexnet_GEN_accuracy_kp1000_seed456,456,8000,999,42,accuracy,100456,0.41255,4,2.9593401114463807,14.16302777081728,10,2.9593401114463807,valid,0.40846351859842883,0.41843138993448437,0.41255000000000003,100456
GEN,0.42495,410,410,offspring,0,0,TINYIMAGENET,1000,main_b1000_tinyimagenet_alexnet_GEN_kp10_seed456,0.1,0.42495,110,False,0.1,alexnet,False,0,0,1,0.42495,989,8,0.42495,986,5,0,10,0.1,TINYIMAGENET_alexnet_GEN_accuracy_kp1000_seed456,456,8000,1000,42,accuracy,100456,0.42495,5,2.975453580713272,13.92261429131031,10,2.975453580713272,valid,0.4207904563975679,0.4292166727959619,0.42495000000000005,100456
